query_id,strategy,bucket,latency_ms,recall_at_10,repetition
0,SQL_FIRST,"[0.00,0.05)",7.650375,1.0,0
0,VECTOR_FIRST_HNSW,"[0.00,0.05)",23.701875,0.3,0
0,HNSW_HYBRID,"[0.00,0.05)",8.32075,1.0,0
0,IVFFLAT_HYBRID,"[0.00,0.05)",7.623167,1.0,0
0,SQL_FIRST,"[0.00,0.05)",7.552125,1.0,1
0,VECTOR_FIRST_HNSW,"[0.00,0.05)",22.966833,0.3,1
0,HNSW_HYBRID,"[0.00,0.05)",8.394625,1.0,1
0,IVFFLAT_HYBRID,"[0.00,0.05)",7.739208,1.0,1
0,SQL_FIRST,"[0.00,0.05)",7.928917,1.0,2
0,VECTOR_FIRST_HNSW,"[0.00,0.05)",23.501042,0.3,2
0,HNSW_HYBRID,"[0.00,0.05)",8.644583,1.0,2
0,IVFFLAT_HYBRID,"[0.00,0.05)",7.763208,1.0,2
0,SQL_FIRST,"[0.00,0.05)",7.86975,1.0,3
0,VECTOR_FIRST_HNSW,"[0.00,0.05)",23.197375,0.3,3
0,HNSW_HYBRID,"[0.00,0.05)",8.618917,1.0,3
0,IVFFLAT_HYBRID,"[0.00,0.05)",7.475375,1.0,3
0,SQL_FIRST,"[0.00,0.05)",7.856417,1.0,4
0,VECTOR_FIRST_HNSW,"[0.00,0.05)",23.009792,0.3,4
0,HNSW_HYBRID,"[0.00,0.05)",8.585625,1.0,4
0,IVFFLAT_HYBRID,"[0.00,0.05)",7.57825,1.0,4
1,SQL_FIRST,"[0.00,0.05)",9.221083,1.0,0
1,VECTOR_FIRST_HNSW,"[0.00,0.05)",22.955458,0.4,0
1,HNSW_HYBRID,"[0.00,0.05)",9.386334,1.0,0
1,IVFFLAT_HYBRID,"[0.00,0.05)",9.377167,1.0,0
1,SQL_FIRST,"[0.00,0.05)",8.9605,1.0,1
1,VECTOR_FIRST_HNSW,"[0.00,0.05)",23.063125,0.4,1
1,HNSW_HYBRID,"[0.00,0.05)",9.20875,1.0,1
1,IVFFLAT_HYBRID,"[0.00,0.05)",9.341459,1.0,1
1,SQL_FIRST,"[0.00,0.05)",8.857917,1.0,2
1,VECTOR_FIRST_HNSW,"[0.00,0.05)",22.948834,0.4,2
1,HNSW_HYBRID,"[0.00,0.05)",9.381042,1.0,2
1,IVFFLAT_HYBRID,"[0.00,0.05)",9.0055,1.0,2
1,SQL_FIRST,"[0.00,0.05)",8.796625,1.0,3
1,VECTOR_FIRST_HNSW,"[0.00,0.05)",23.028875,0.4,3
1,HNSW_HYBRID,"[0.00,0.05)",9.410416,1.0,3
1,IVFFLAT_HYBRID,"[0.00,0.05)",9.146584,1.0,3
1,SQL_FIRST,"[0.00,0.05)",8.939292,1.0,4
1,VECTOR_FIRST_HNSW,"[0.00,0.05)",23.24875,0.4,4
1,HNSW_HYBRID,"[0.00,0.05)",9.236125,1.0,4
1,IVFFLAT_HYBRID,"[0.00,0.05)",8.626417,1.0,4
3,SQL_FIRST,"[0.00,0.05)",5.194875,1.0,0
3,VECTOR_FIRST_HNSW,"[0.00,0.05)",23.002542,0.0,0
3,HNSW_HYBRID,"[0.00,0.05)",5.804,1.0,0
3,IVFFLAT_HYBRID,"[0.00,0.05)",5.24825,1.0,0
3,SQL_FIRST,"[0.00,0.05)",5.445208,1.0,1
3,VECTOR_FIRST_HNSW,"[0.00,0.05)",22.896875,0.0,1
3,HNSW_HYBRID,"[0.00,0.05)",5.72425,1.0,1
3,IVFFLAT_HYBRID,"[0.00,0.05)",5.225541,1.0,1
3,SQL_FIRST,"[0.00,0.05)",5.173083,1.0,2
3,VECTOR_FIRST_HNSW,"[0.00,0.05)",22.9335,0.0,2
3,HNSW_HYBRID,"[0.00,0.05)",5.776708,1.0,2
3,IVFFLAT_HYBRID,"[0.00,0.05)",5.114833,1.0,2
3,SQL_FIRST,"[0.00,0.05)",5.24275,1.0,3
3,VECTOR_FIRST_HNSW,"[0.00,0.05)",23.022,0.0,3
3,HNSW_HYBRID,"[0.00,0.05)",5.762042,1.0,3
3,IVFFLAT_HYBRID,"[0.00,0.05)",5.451042,1.0,3
3,SQL_FIRST,"[0.00,0.05)",5.219125,1.0,4
3,VECTOR_FIRST_HNSW,"[0.00,0.05)",22.876667,0.0,4
3,HNSW_HYBRID,"[0.00,0.05)",5.852875,1.0,4
3,IVFFLAT_HYBRID,"[0.00,0.05)",5.191083,1.0,4
6,SQL_FIRST,"[0.00,0.05)",6.465875,1.0,0
6,VECTOR_FIRST_HNSW,"[0.00,0.05)",23.090625,0.2,0
6,HNSW_HYBRID,"[0.00,0.05)",7.158375,1.0,0
6,IVFFLAT_HYBRID,"[0.00,0.05)",7.015792,1.0,0
6,SQL_FIRST,"[0.00,0.05)",6.525375,1.0,1
6,VECTOR_FIRST_HNSW,"[0.00,0.05)",22.8335,0.2,1
6,HNSW_HYBRID,"[0.00,0.05)",7.273334,1.0,1
6,IVFFLAT_HYBRID,"[0.00,0.05)",6.638042,1.0,1
6,SQL_FIRST,"[0.00,0.05)",6.622417,1.0,2
6,VECTOR_FIRST_HNSW,"[0.00,0.05)",23.194875,0.2,2
6,HNSW_HYBRID,"[0.00,0.05)",7.319417,1.0,2
6,IVFFLAT_HYBRID,"[0.00,0.05)",6.619042,1.0,2
6,SQL_FIRST,"[0.00,0.05)",6.750167,1.0,3
6,VECTOR_FIRST_HNSW,"[0.00,0.05)",22.909958,0.2,3
6,HNSW_HYBRID,"[0.00,0.05)",7.570666,1.0,3
6,IVFFLAT_HYBRID,"[0.00,0.05)",8.158875,1.0,3
6,SQL_FIRST,"[0.00,0.05)",6.8315,1.0,4
6,VECTOR_FIRST_HNSW,"[0.00,0.05)",22.857792,0.2,4
6,HNSW_HYBRID,"[0.00,0.05)",7.381166,1.0,4
6,IVFFLAT_HYBRID,"[0.00,0.05)",6.6625,1.0,4
7,SQL_FIRST,"[0.00,0.05)",7.574375,1.0,0
7,VECTOR_FIRST_HNSW,"[0.00,0.05)",23.271375,0.3,0
7,HNSW_HYBRID,"[0.00,0.05)",8.004083,1.0,0
7,IVFFLAT_HYBRID,"[0.00,0.05)",7.561041,1.0,0
7,SQL_FIRST,"[0.00,0.05)",8.098584,1.0,1
7,VECTOR_FIRST_HNSW,"[0.00,0.05)",23.249375,0.3,1
7,HNSW_HYBRID,"[0.00,0.05)",8.054584,1.0,1
7,IVFFLAT_HYBRID,"[0.00,0.05)",7.228667,1.0,1
7,SQL_FIRST,"[0.00,0.05)",7.6725,1.0,2
7,VECTOR_FIRST_HNSW,"[0.00,0.05)",22.966042,0.3,2
7,HNSW_HYBRID,"[0.00,0.05)",8.336292,1.0,2
7,IVFFLAT_HYBRID,"[0.00,0.05)",7.419458,1.0,2
7,SQL_FIRST,"[0.00,0.05)",7.341875,1.0,3
7,VECTOR_FIRST_HNSW,"[0.00,0.05)",23.102792,0.3,3
7,HNSW_HYBRID,"[0.00,0.05)",8.208625,1.0,3
7,IVFFLAT_HYBRID,"[0.00,0.05)",7.271709,1.0,3
7,SQL_FIRST,"[0.00,0.05)",7.414958,1.0,4
7,VECTOR_FIRST_HNSW,"[0.00,0.05)",22.993375,0.3,4
7,HNSW_HYBRID,"[0.00,0.05)",8.124875,1.0,4
7,IVFFLAT_HYBRID,"[0.00,0.05)",7.513833,1.0,4
8,SQL_FIRST,"[0.00,0.05)",4.59175,1.0,0
8,VECTOR_FIRST_HNSW,"[0.00,0.05)",23.092125,0.0,0
8,HNSW_HYBRID,"[0.00,0.05)",5.104,1.0,0
8,IVFFLAT_HYBRID,"[0.00,0.05)",4.526958,1.0,0
8,SQL_FIRST,"[0.00,0.05)",4.504917,1.0,1
8,VECTOR_FIRST_HNSW,"[0.00,0.05)",24.613583,0.0,1
8,HNSW_HYBRID,"[0.00,0.05)",5.167791,1.0,1
8,IVFFLAT_HYBRID,"[0.00,0.05)",6.131833,1.0,1
8,SQL_FIRST,"[0.00,0.05)",5.010583,1.0,2
8,VECTOR_FIRST_HNSW,"[0.00,0.05)",23.558209,0.0,2
8,HNSW_HYBRID,"[0.00,0.05)",5.160458,1.0,2
8,IVFFLAT_HYBRID,"[0.00,0.05)",4.748667,1.0,2
8,SQL_FIRST,"[0.00,0.05)",4.7145,1.0,3
8,VECTOR_FIRST_HNSW,"[0.00,0.05)",22.88175,0.0,3
8,HNSW_HYBRID,"[0.00,0.05)",5.212333,1.0,3
8,IVFFLAT_HYBRID,"[0.00,0.05)",4.582458,1.0,3
8,SQL_FIRST,"[0.00,0.05)",4.615667,1.0,4
8,VECTOR_FIRST_HNSW,"[0.00,0.05)",23.063125,0.0,4
8,HNSW_HYBRID,"[0.00,0.05)",5.079083,1.0,4
8,IVFFLAT_HYBRID,"[0.00,0.05)",4.663958,1.0,4
9,SQL_FIRST,"[0.00,0.05)",9.076125,1.0,0
9,VECTOR_FIRST_HNSW,"[0.00,0.05)",23.011458,0.6,0
9,HNSW_HYBRID,"[0.00,0.05)",9.316041,1.0,0
9,IVFFLAT_HYBRID,"[0.00,0.05)",9.366166,1.0,0
9,SQL_FIRST,"[0.00,0.05)",8.8285,1.0,1
9,VECTOR_FIRST_HNSW,"[0.00,0.05)",22.971917,0.6,1
9,HNSW_HYBRID,"[0.00,0.05)",9.210209,1.0,1
9,IVFFLAT_HYBRID,"[0.00,0.05)",9.20825,1.0,1
9,SQL_FIRST,"[0.00,0.05)",8.827375,1.0,2
9,VECTOR_FIRST_HNSW,"[0.00,0.05)",23.023542,0.6,2
9,HNSW_HYBRID,"[0.00,0.05)",9.185958,1.0,2
9,IVFFLAT_HYBRID,"[0.00,0.05)",8.769208,1.0,2
9,SQL_FIRST,"[0.00,0.05)",8.809208,1.0,3
9,VECTOR_FIRST_HNSW,"[0.00,0.05)",23.02625,0.6,3
9,HNSW_HYBRID,"[0.00,0.05)",9.302667,1.0,3
9,IVFFLAT_HYBRID,"[0.00,0.05)",9.003584,1.0,3
9,SQL_FIRST,"[0.00,0.05)",8.860542,1.0,4
9,VECTOR_FIRST_HNSW,"[0.00,0.05)",22.9525,0.6,4
9,HNSW_HYBRID,"[0.00,0.05)",9.260542,1.0,4
9,IVFFLAT_HYBRID,"[0.00,0.05)",8.75775,1.0,4
10,SQL_FIRST,"[0.00,0.05)",9.724958,1.0,0
10,VECTOR_FIRST_HNSW,"[0.00,0.05)",23.068708,0.4,0
10,HNSW_HYBRID,"[0.00,0.05)",9.886416,1.0,0
10,IVFFLAT_HYBRID,"[0.00,0.05)",9.977916,1.0,0
10,SQL_FIRST,"[0.00,0.05)",9.534,1.0,1
10,VECTOR_FIRST_HNSW,"[0.00,0.05)",23.000584,0.4,1
10,HNSW_HYBRID,"[0.00,0.05)",9.929833,1.0,1
10,IVFFLAT_HYBRID,"[0.00,0.05)",9.6425,1.0,1
10,SQL_FIRST,"[0.00,0.05)",9.761416,1.0,2
10,VECTOR_FIRST_HNSW,"[0.00,0.05)",22.987875,0.4,2
10,HNSW_HYBRID,"[0.00,0.05)",10.388958,1.0,2
10,IVFFLAT_HYBRID,"[0.00,0.05)",9.602083,1.0,2
10,SQL_FIRST,"[0.00,0.05)",9.538583,1.0,3
10,VECTOR_FIRST_HNSW,"[0.00,0.05)",23.126583,0.4,3
10,HNSW_HYBRID,"[0.00,0.05)",10.025708,1.0,3
10,IVFFLAT_HYBRID,"[0.00,0.05)",9.66625,1.0,3
10,SQL_FIRST,"[0.00,0.05)",9.779792,1.0,4
10,VECTOR_FIRST_HNSW,"[0.00,0.05)",22.871167,0.4,4
10,HNSW_HYBRID,"[0.00,0.05)",10.114833,1.0,4
10,IVFFLAT_HYBRID,"[0.00,0.05)",10.019416,1.0,4
12,SQL_FIRST,"[0.00,0.05)",7.323458,1.0,0
12,VECTOR_FIRST_HNSW,"[0.00,0.05)",23.059291,0.4,0
12,HNSW_HYBRID,"[0.00,0.05)",7.87025,1.0,0
12,IVFFLAT_HYBRID,"[0.00,0.05)",7.289583,1.0,0
12,SQL_FIRST,"[0.00,0.05)",7.175709,1.0,1
12,VECTOR_FIRST_HNSW,"[0.00,0.05)",22.899084,0.4,1
12,HNSW_HYBRID,"[0.00,0.05)",7.90325,1.0,1
12,IVFFLAT_HYBRID,"[0.00,0.05)",7.141417,1.0,1
12,SQL_FIRST,"[0.00,0.05)",7.488333,1.0,2
12,VECTOR_FIRST_HNSW,"[0.00,0.05)",22.908333,0.4,2
12,HNSW_HYBRID,"[0.00,0.05)",8.088208,1.0,2
12,IVFFLAT_HYBRID,"[0.00,0.05)",7.261916,1.0,2
12,SQL_FIRST,"[0.00,0.05)",7.218625,1.0,3
12,VECTOR_FIRST_HNSW,"[0.00,0.05)",22.733334,0.4,3
12,HNSW_HYBRID,"[0.00,0.05)",8.058625,1.0,3
12,IVFFLAT_HYBRID,"[0.00,0.05)",7.278541,1.0,3
12,SQL_FIRST,"[0.00,0.05)",7.17975,1.0,4
12,VECTOR_FIRST_HNSW,"[0.00,0.05)",22.839625,0.4,4
12,HNSW_HYBRID,"[0.00,0.05)",7.691625,1.0,4
12,IVFFLAT_HYBRID,"[0.00,0.05)",7.395167,1.0,4
13,SQL_FIRST,"[0.00,0.05)",10.287125,1.0,0
13,VECTOR_FIRST_HNSW,"[0.00,0.05)",22.945291,0.3,0
13,HNSW_HYBRID,"[0.00,0.05)",10.747917,1.0,0
13,IVFFLAT_HYBRID,"[0.00,0.05)",10.241542,1.0,0
13,SQL_FIRST,"[0.00,0.05)",9.907,1.0,1
13,VECTOR_FIRST_HNSW,"[0.00,0.05)",23.324834,0.3,1
13,HNSW_HYBRID,"[0.00,0.05)",10.559125,1.0,1
13,IVFFLAT_HYBRID,"[0.00,0.05)",10.418833,1.0,1
13,SQL_FIRST,"[0.00,0.05)",10.314375,1.0,2
13,VECTOR_FIRST_HNSW,"[0.00,0.05)",22.924916,0.3,2
13,HNSW_HYBRID,"[0.00,0.05)",10.707375,1.0,2
13,IVFFLAT_HYBRID,"[0.00,0.05)",10.179042,1.0,2
13,SQL_FIRST,"[0.00,0.05)",10.398917,1.0,3
13,VECTOR_FIRST_HNSW,"[0.00,0.05)",23.267417,0.3,3
13,HNSW_HYBRID,"[0.00,0.05)",10.620625,1.0,3
13,IVFFLAT_HYBRID,"[0.00,0.05)",10.213042,1.0,3
13,SQL_FIRST,"[0.00,0.05)",10.34775,1.0,4
13,VECTOR_FIRST_HNSW,"[0.00,0.05)",24.032542,0.3,4
13,HNSW_HYBRID,"[0.00,0.05)",10.781875,1.0,4
13,IVFFLAT_HYBRID,"[0.00,0.05)",10.258042,1.0,4
16,SQL_FIRST,"[0.00,0.05)",10.643458,1.0,0
16,VECTOR_FIRST_HNSW,"[0.00,0.05)",22.973958,0.3,0
16,HNSW_HYBRID,"[0.00,0.05)",11.061917,1.0,0
16,IVFFLAT_HYBRID,"[0.00,0.05)",10.600042,1.0,0
16,SQL_FIRST,"[0.00,0.05)",10.836875,1.0,1
16,VECTOR_FIRST_HNSW,"[0.00,0.05)",22.881542,0.3,1
16,HNSW_HYBRID,"[0.00,0.05)",11.248916,1.0,1
16,IVFFLAT_HYBRID,"[0.00,0.05)",10.615292,1.0,1
16,SQL_FIRST,"[0.00,0.05)",10.235583,1.0,2
16,VECTOR_FIRST_HNSW,"[0.00,0.05)",23.018917,0.3,2
16,HNSW_HYBRID,"[0.00,0.05)",11.148833,1.0,2
16,IVFFLAT_HYBRID,"[0.00,0.05)",11.09375,1.0,2
16,SQL_FIRST,"[0.00,0.05)",10.614708,1.0,3
16,VECTOR_FIRST_HNSW,"[0.00,0.05)",23.040584,0.3,3
16,HNSW_HYBRID,"[0.00,0.05)",11.221875,1.0,3
16,IVFFLAT_HYBRID,"[0.00,0.05)",12.620875,1.0,3
16,SQL_FIRST,"[0.00,0.05)",11.683875,1.0,4
16,VECTOR_FIRST_HNSW,"[0.00,0.05)",27.894458,0.3,4
16,HNSW_HYBRID,"[0.00,0.05)",11.218458,1.0,4
16,IVFFLAT_HYBRID,"[0.00,0.05)",11.055834,1.0,4
18,SQL_FIRST,"[0.00,0.05)",9.484375,1.0,0
18,VECTOR_FIRST_HNSW,"[0.00,0.05)",22.895208,0.3,0
18,HNSW_HYBRID,"[0.00,0.05)",10.479292,1.0,0
18,IVFFLAT_HYBRID,"[0.00,0.05)",9.730625,1.0,0
18,SQL_FIRST,"[0.00,0.05)",9.487833,1.0,1
18,VECTOR_FIRST_HNSW,"[0.00,0.05)",23.044417,0.3,1
18,HNSW_HYBRID,"[0.00,0.05)",10.257834,1.0,1
18,IVFFLAT_HYBRID,"[0.00,0.05)",9.609292,1.0,1
18,SQL_FIRST,"[0.00,0.05)",9.87375,1.0,2
18,VECTOR_FIRST_HNSW,"[0.00,0.05)",22.952833,0.3,2
18,HNSW_HYBRID,"[0.00,0.05)",10.2745,1.0,2
18,IVFFLAT_HYBRID,"[0.00,0.05)",9.798791,1.0,2
18,SQL_FIRST,"[0.00,0.05)",9.557917,1.0,3
18,VECTOR_FIRST_HNSW,"[0.00,0.05)",22.944625,0.3,3
18,HNSW_HYBRID,"[0.00,0.05)",10.116291,1.0,3
18,IVFFLAT_HYBRID,"[0.00,0.05)",9.980208,1.0,3
18,SQL_FIRST,"[0.00,0.05)",9.70925,1.0,4
18,VECTOR_FIRST_HNSW,"[0.00,0.05)",22.972583,0.3,4
18,HNSW_HYBRID,"[0.00,0.05)",10.390292,1.0,4
18,IVFFLAT_HYBRID,"[0.00,0.05)",9.782666,1.0,4
20,SQL_FIRST,"[0.00,0.05)",10.654875,1.0,0
20,VECTOR_FIRST_HNSW,"[0.00,0.05)",23.604042,0.3,0
20,HNSW_HYBRID,"[0.00,0.05)",11.157833,1.0,0
20,IVFFLAT_HYBRID,"[0.00,0.05)",11.019125,1.0,0
20,SQL_FIRST,"[0.00,0.05)",10.811417,1.0,1
20,VECTOR_FIRST_HNSW,"[0.00,0.05)",23.025125,0.3,1
20,HNSW_HYBRID,"[0.00,0.05)",11.281,1.0,1
20,IVFFLAT_HYBRID,"[0.00,0.05)",11.224208,1.0,1
20,SQL_FIRST,"[0.00,0.05)",10.904167,1.0,2
20,VECTOR_FIRST_HNSW,"[0.00,0.05)",23.022833,0.3,2
20,HNSW_HYBRID,"[0.00,0.05)",11.213833,1.0,2
20,IVFFLAT_HYBRID,"[0.00,0.05)",12.214958,1.0,2
20,SQL_FIRST,"[0.00,0.05)",11.520625,1.0,3
20,VECTOR_FIRST_HNSW,"[0.00,0.05)",28.492375,0.3,3
20,HNSW_HYBRID,"[0.00,0.05)",11.754083,1.0,3
20,IVFFLAT_HYBRID,"[0.00,0.05)",10.7085,1.0,3
20,SQL_FIRST,"[0.00,0.05)",10.980083,1.0,4
20,VECTOR_FIRST_HNSW,"[0.00,0.05)",22.985875,0.3,4
20,HNSW_HYBRID,"[0.00,0.05)",11.284,1.0,4
20,IVFFLAT_HYBRID,"[0.00,0.05)",10.856375,1.0,4
21,SQL_FIRST,"[0.00,0.05)",9.405,1.0,0
21,VECTOR_FIRST_HNSW,"[0.00,0.05)",22.934834,0.6,0
21,HNSW_HYBRID,"[0.00,0.05)",9.693958,1.0,0
21,IVFFLAT_HYBRID,"[0.00,0.05)",9.28375,1.0,0
21,SQL_FIRST,"[0.00,0.05)",9.728542,1.0,1
21,VECTOR_FIRST_HNSW,"[0.00,0.05)",23.014625,0.6,1
21,HNSW_HYBRID,"[0.00,0.05)",9.89625,1.0,1
21,IVFFLAT_HYBRID,"[0.00,0.05)",9.1105,1.0,1
21,SQL_FIRST,"[0.00,0.05)",9.60025,1.0,2
21,VECTOR_FIRST_HNSW,"[0.00,0.05)",22.975,0.6,2
21,HNSW_HYBRID,"[0.00,0.05)",9.629084,1.0,2
21,IVFFLAT_HYBRID,"[0.00,0.05)",9.146958,1.0,2
21,SQL_FIRST,"[0.00,0.05)",9.244458,1.0,3
21,VECTOR_FIRST_HNSW,"[0.00,0.05)",23.207875,0.6,3
21,HNSW_HYBRID,"[0.00,0.05)",9.802625,1.0,3
21,IVFFLAT_HYBRID,"[0.00,0.05)",9.270541,1.0,3
21,SQL_FIRST,"[0.00,0.05)",8.835625,1.0,4
21,VECTOR_FIRST_HNSW,"[0.00,0.05)",23.027,0.6,4
21,HNSW_HYBRID,"[0.00,0.05)",9.759084,1.0,4
21,IVFFLAT_HYBRID,"[0.00,0.05)",9.52125,1.0,4
24,SQL_FIRST,"[0.00,0.05)",9.550833,1.0,0
24,VECTOR_FIRST_HNSW,"[0.00,0.05)",22.988959,0.4,0
24,HNSW_HYBRID,"[0.00,0.05)",9.917375,1.0,0
24,IVFFLAT_HYBRID,"[0.00,0.05)",9.23775,1.0,0
24,SQL_FIRST,"[0.00,0.05)",9.18725,1.0,1
24,VECTOR_FIRST_HNSW,"[0.00,0.05)",23.387416,0.4,1
24,HNSW_HYBRID,"[0.00,0.05)",9.476666,1.0,1
24,IVFFLAT_HYBRID,"[0.00,0.05)",9.213083,1.0,1
24,SQL_FIRST,"[0.00,0.05)",9.265458,1.0,2
24,VECTOR_FIRST_HNSW,"[0.00,0.05)",23.091958,0.4,2
24,HNSW_HYBRID,"[0.00,0.05)",9.626708,1.0,2
24,IVFFLAT_HYBRID,"[0.00,0.05)",9.2585,1.0,2
24,SQL_FIRST,"[0.00,0.05)",8.908334,1.0,3
24,VECTOR_FIRST_HNSW,"[0.00,0.05)",23.039542,0.4,3
24,HNSW_HYBRID,"[0.00,0.05)",9.636708,1.0,3
24,IVFFLAT_HYBRID,"[0.00,0.05)",9.492292,1.0,3
24,SQL_FIRST,"[0.00,0.05)",9.254042,1.0,4
24,VECTOR_FIRST_HNSW,"[0.00,0.05)",22.995708,0.4,4
24,HNSW_HYBRID,"[0.00,0.05)",9.639709,1.0,4
24,IVFFLAT_HYBRID,"[0.00,0.05)",9.126083,1.0,4
29,SQL_FIRST,"[0.00,0.05)",8.369083,1.0,0
29,VECTOR_FIRST_HNSW,"[0.00,0.05)",22.913541,0.3,0
29,HNSW_HYBRID,"[0.00,0.05)",8.7565,1.0,0
29,IVFFLAT_HYBRID,"[0.00,0.05)",7.879958,1.0,0
29,SQL_FIRST,"[0.00,0.05)",8.467167,1.0,1
29,VECTOR_FIRST_HNSW,"[0.00,0.05)",22.9765,0.3,1
29,HNSW_HYBRID,"[0.00,0.05)",8.937125,1.0,1
29,IVFFLAT_HYBRID,"[0.00,0.05)",8.571292,1.0,1
29,SQL_FIRST,"[0.00,0.05)",8.503875,1.0,2
29,VECTOR_FIRST_HNSW,"[0.00,0.05)",22.915708,0.3,2
29,HNSW_HYBRID,"[0.00,0.05)",8.80925,1.0,2
29,IVFFLAT_HYBRID,"[0.00,0.05)",8.229917,1.0,2
29,SQL_FIRST,"[0.00,0.05)",8.344417,1.0,3
29,VECTOR_FIRST_HNSW,"[0.00,0.05)",22.817708,0.3,3
29,HNSW_HYBRID,"[0.00,0.05)",8.831,1.0,3
29,IVFFLAT_HYBRID,"[0.00,0.05)",8.392083,1.0,3
29,SQL_FIRST,"[0.00,0.05)",8.181625,1.0,4
29,VECTOR_FIRST_HNSW,"[0.00,0.05)",23.117,0.3,4
29,HNSW_HYBRID,"[0.00,0.05)",8.726792,1.0,4
29,IVFFLAT_HYBRID,"[0.00,0.05)",7.927709,1.0,4
32,SQL_FIRST,"[0.00,0.05)",4.264208,1.0,0
32,VECTOR_FIRST_HNSW,"[0.00,0.05)",23.300958,0.0,0
32,HNSW_HYBRID,"[0.00,0.05)",4.805416,1.0,0
32,IVFFLAT_HYBRID,"[0.00,0.05)",4.339,1.0,0
32,SQL_FIRST,"[0.00,0.05)",4.241083,1.0,1
32,VECTOR_FIRST_HNSW,"[0.00,0.05)",22.99925,0.0,1
32,HNSW_HYBRID,"[0.00,0.05)",4.708917,1.0,1
32,IVFFLAT_HYBRID,"[0.00,0.05)",4.32775,1.0,1
32,SQL_FIRST,"[0.00,0.05)",4.362792,1.0,2
32,VECTOR_FIRST_HNSW,"[0.00,0.05)",23.021417,0.0,2
32,HNSW_HYBRID,"[0.00,0.05)",4.74875,1.0,2
32,IVFFLAT_HYBRID,"[0.00,0.05)",4.320542,1.0,2
32,SQL_FIRST,"[0.00,0.05)",4.3395,1.0,3
32,VECTOR_FIRST_HNSW,"[0.00,0.05)",22.994708,0.0,3
32,HNSW_HYBRID,"[0.00,0.05)",4.881875,1.0,3
32,IVFFLAT_HYBRID,"[0.00,0.05)",4.298334,1.0,3
32,SQL_FIRST,"[0.00,0.05)",4.310167,1.0,4
32,VECTOR_FIRST_HNSW,"[0.00,0.05)",22.872833,0.0,4
32,HNSW_HYBRID,"[0.00,0.05)",4.781125,1.0,4
32,IVFFLAT_HYBRID,"[0.00,0.05)",4.32275,1.0,4
36,SQL_FIRST,"[0.00,0.05)",7.048834,1.0,0
36,VECTOR_FIRST_HNSW,"[0.00,0.05)",23.088292,0.0,0
36,HNSW_HYBRID,"[0.00,0.05)",7.267792,1.0,0
36,IVFFLAT_HYBRID,"[0.00,0.05)",6.605625,1.0,0
36,SQL_FIRST,"[0.00,0.05)",6.503625,1.0,1
36,VECTOR_FIRST_HNSW,"[0.00,0.05)",22.954542,0.0,1
36,HNSW_HYBRID,"[0.00,0.05)",7.34825,1.0,1
36,IVFFLAT_HYBRID,"[0.00,0.05)",6.889333,1.0,1
36,SQL_FIRST,"[0.00,0.05)",6.842,1.0,2
36,VECTOR_FIRST_HNSW,"[0.00,0.05)",23.007833,0.0,2
36,HNSW_HYBRID,"[0.00,0.05)",7.412333,1.0,2
36,IVFFLAT_HYBRID,"[0.00,0.05)",6.575334,1.0,2
36,SQL_FIRST,"[0.00,0.05)",6.768167,1.0,3
36,VECTOR_FIRST_HNSW,"[0.00,0.05)",29.083833,0.0,3
36,HNSW_HYBRID,"[0.00,0.05)",7.364167,1.0,3
36,IVFFLAT_HYBRID,"[0.00,0.05)",6.567375,1.0,3
36,SQL_FIRST,"[0.00,0.05)",7.093167,1.0,4
36,VECTOR_FIRST_HNSW,"[0.00,0.05)",22.903709,0.0,4
36,HNSW_HYBRID,"[0.00,0.05)",7.403541,1.0,4
36,IVFFLAT_HYBRID,"[0.00,0.05)",6.641042,1.0,4
38,SQL_FIRST,"[0.00,0.05)",7.344667,1.0,0
38,VECTOR_FIRST_HNSW,"[0.00,0.05)",23.447583,0.1,0
38,HNSW_HYBRID,"[0.00,0.05)",8.08525,1.0,0
38,IVFFLAT_HYBRID,"[0.00,0.05)",7.485125,1.0,0
38,SQL_FIRST,"[0.00,0.05)",7.159334,1.0,1
38,VECTOR_FIRST_HNSW,"[0.00,0.05)",23.064875,0.1,1
38,HNSW_HYBRID,"[0.00,0.05)",7.944958,1.0,1
38,IVFFLAT_HYBRID,"[0.00,0.05)",7.359958,1.0,1
38,SQL_FIRST,"[0.00,0.05)",7.202583,1.0,2
38,VECTOR_FIRST_HNSW,"[0.00,0.05)",22.962708,0.1,2
38,HNSW_HYBRID,"[0.00,0.05)",8.01275,1.0,2
38,IVFFLAT_HYBRID,"[0.00,0.05)",7.502958,1.0,2
38,SQL_FIRST,"[0.00,0.05)",7.396666,1.0,3
38,VECTOR_FIRST_HNSW,"[0.00,0.05)",22.924875,0.1,3
38,HNSW_HYBRID,"[0.00,0.05)",8.050833,1.0,3
38,IVFFLAT_HYBRID,"[0.00,0.05)",7.3125,1.0,3
38,SQL_FIRST,"[0.00,0.05)",7.23475,1.0,4
38,VECTOR_FIRST_HNSW,"[0.00,0.05)",22.874833,0.1,4
38,HNSW_HYBRID,"[0.00,0.05)",7.990667,1.0,4
38,IVFFLAT_HYBRID,"[0.00,0.05)",7.21075,1.0,4
39,SQL_FIRST,"[0.00,0.05)",9.005,1.0,0
39,VECTOR_FIRST_HNSW,"[0.00,0.05)",23.054667,0.5,0
39,HNSW_HYBRID,"[0.00,0.05)",9.656833,1.0,0
39,IVFFLAT_HYBRID,"[0.00,0.05)",10.09775,1.0,0
39,SQL_FIRST,"[0.00,0.05)",9.4225,1.0,1
39,VECTOR_FIRST_HNSW,"[0.00,0.05)",22.973334,0.5,1
39,HNSW_HYBRID,"[0.00,0.05)",9.543959,1.0,1
39,IVFFLAT_HYBRID,"[0.00,0.05)",9.300125,1.0,1
39,SQL_FIRST,"[0.00,0.05)",9.318042,1.0,2
39,VECTOR_FIRST_HNSW,"[0.00,0.05)",23.018333,0.5,2
39,HNSW_HYBRID,"[0.00,0.05)",9.717958,1.0,2
39,IVFFLAT_HYBRID,"[0.00,0.05)",9.382083,1.0,2
39,SQL_FIRST,"[0.00,0.05)",9.794041,1.0,3
39,VECTOR_FIRST_HNSW,"[0.00,0.05)",22.999959,0.5,3
39,HNSW_HYBRID,"[0.00,0.05)",9.647542,1.0,3
39,IVFFLAT_HYBRID,"[0.00,0.05)",9.158417,1.0,3
39,SQL_FIRST,"[0.00,0.05)",9.480125,1.0,4
39,VECTOR_FIRST_HNSW,"[0.00,0.05)",22.964334,0.5,4
39,HNSW_HYBRID,"[0.00,0.05)",9.706708,1.0,4
39,IVFFLAT_HYBRID,"[0.00,0.05)",9.266,1.0,4
41,SQL_FIRST,"[0.00,0.05)",6.705833,1.0,0
41,VECTOR_FIRST_HNSW,"[0.00,0.05)",22.9675,0.1,0
41,HNSW_HYBRID,"[0.00,0.05)",7.262541,1.0,0
41,IVFFLAT_HYBRID,"[0.00,0.05)",6.628375,1.0,0
41,SQL_FIRST,"[0.00,0.05)",6.552041,1.0,1
41,VECTOR_FIRST_HNSW,"[0.00,0.05)",22.946916,0.1,1
41,HNSW_HYBRID,"[0.00,0.05)",7.115084,1.0,1
41,IVFFLAT_HYBRID,"[0.00,0.05)",6.465208,1.0,1
41,SQL_FIRST,"[0.00,0.05)",6.330625,1.0,2
41,VECTOR_FIRST_HNSW,"[0.00,0.05)",23.001375,0.1,2
41,HNSW_HYBRID,"[0.00,0.05)",7.1205,1.0,2
41,IVFFLAT_HYBRID,"[0.00,0.05)",6.512917,1.0,2
41,SQL_FIRST,"[0.00,0.05)",6.86875,1.0,3
41,VECTOR_FIRST_HNSW,"[0.00,0.05)",22.971958,0.1,3
41,HNSW_HYBRID,"[0.00,0.05)",7.14125,1.0,3
41,IVFFLAT_HYBRID,"[0.00,0.05)",6.389791,1.0,3
41,SQL_FIRST,"[0.00,0.05)",6.52175,1.0,4
41,VECTOR_FIRST_HNSW,"[0.00,0.05)",23.526125,0.1,4
41,HNSW_HYBRID,"[0.00,0.05)",7.132667,1.0,4
41,IVFFLAT_HYBRID,"[0.00,0.05)",6.388375,1.0,4
43,SQL_FIRST,"[0.00,0.05)",9.142,1.0,0
43,VECTOR_FIRST_HNSW,"[0.00,0.05)",23.01725,0.5,0
43,HNSW_HYBRID,"[0.00,0.05)",9.168916,1.0,0
43,IVFFLAT_HYBRID,"[0.00,0.05)",8.688792,1.0,0
43,SQL_FIRST,"[0.00,0.05)",9.133959,1.0,1
43,VECTOR_FIRST_HNSW,"[0.00,0.05)",23.037709,0.5,1
43,HNSW_HYBRID,"[0.00,0.05)",9.547667,1.0,1
43,IVFFLAT_HYBRID,"[0.00,0.05)",9.112709,1.0,1
43,SQL_FIRST,"[0.00,0.05)",8.694083,1.0,2
43,VECTOR_FIRST_HNSW,"[0.00,0.05)",23.084042,0.5,2
43,HNSW_HYBRID,"[0.00,0.05)",9.269792,1.0,2
43,IVFFLAT_HYBRID,"[0.00,0.05)",8.590959,1.0,2
43,SQL_FIRST,"[0.00,0.05)",8.994875,1.0,3
43,VECTOR_FIRST_HNSW,"[0.00,0.05)",23.077542,0.5,3
43,HNSW_HYBRID,"[0.00,0.05)",9.327417,1.0,3
43,IVFFLAT_HYBRID,"[0.00,0.05)",8.706083,1.0,3
43,SQL_FIRST,"[0.00,0.05)",9.178375,1.0,4
43,VECTOR_FIRST_HNSW,"[0.00,0.05)",22.986125,0.5,4
43,HNSW_HYBRID,"[0.00,0.05)",9.207459,1.0,4
43,IVFFLAT_HYBRID,"[0.00,0.05)",9.140042,1.0,4
44,SQL_FIRST,"[0.00,0.05)",9.511209,1.0,0
44,VECTOR_FIRST_HNSW,"[0.00,0.05)",23.004792,0.8,0
44,HNSW_HYBRID,"[0.00,0.05)",9.898875,1.0,0
44,IVFFLAT_HYBRID,"[0.00,0.05)",9.428542,1.0,0
44,SQL_FIRST,"[0.00,0.05)",9.364583,1.0,1
44,VECTOR_FIRST_HNSW,"[0.00,0.05)",23.095125,0.8,1
44,HNSW_HYBRID,"[0.00,0.05)",9.887125,1.0,1
44,IVFFLAT_HYBRID,"[0.00,0.05)",9.14025,1.0,1
44,SQL_FIRST,"[0.00,0.05)",9.527542,1.0,2
44,VECTOR_FIRST_HNSW,"[0.00,0.05)",23.326625,0.8,2
44,HNSW_HYBRID,"[0.00,0.05)",9.730125,1.0,2
44,IVFFLAT_HYBRID,"[0.00,0.05)",9.490375,1.0,2
44,SQL_FIRST,"[0.00,0.05)",9.314833,1.0,3
44,VECTOR_FIRST_HNSW,"[0.00,0.05)",22.95025,0.8,3
44,HNSW_HYBRID,"[0.00,0.05)",9.699,1.0,3
44,IVFFLAT_HYBRID,"[0.00,0.05)",10.044041,1.0,3
44,SQL_FIRST,"[0.00,0.05)",9.614375,1.0,4
44,VECTOR_FIRST_HNSW,"[0.00,0.05)",23.050709,0.8,4
44,HNSW_HYBRID,"[0.00,0.05)",9.8,1.0,4
44,IVFFLAT_HYBRID,"[0.00,0.05)",9.424334,1.0,4
45,SQL_FIRST,"[0.00,0.05)",8.821583,1.0,0
45,VECTOR_FIRST_HNSW,"[0.00,0.05)",22.993708,0.2,0
45,HNSW_HYBRID,"[0.00,0.05)",9.312916,1.0,0
45,IVFFLAT_HYBRID,"[0.00,0.05)",9.336542,1.0,0
45,SQL_FIRST,"[0.00,0.05)",8.710917,1.0,1
45,VECTOR_FIRST_HNSW,"[0.00,0.05)",25.594959,0.2,1
45,HNSW_HYBRID,"[0.00,0.05)",9.436083,1.0,1
45,IVFFLAT_HYBRID,"[0.00,0.05)",8.975333,1.0,1
45,SQL_FIRST,"[0.00,0.05)",8.456375,1.0,2
45,VECTOR_FIRST_HNSW,"[0.00,0.05)",23.029292,0.2,2
45,HNSW_HYBRID,"[0.00,0.05)",9.305583,1.0,2
45,IVFFLAT_HYBRID,"[0.00,0.05)",8.8635,1.0,2
45,SQL_FIRST,"[0.00,0.05)",8.63,1.0,3
45,VECTOR_FIRST_HNSW,"[0.00,0.05)",22.984875,0.2,3
45,HNSW_HYBRID,"[0.00,0.05)",9.257292,1.0,3
45,IVFFLAT_HYBRID,"[0.00,0.05)",8.648291,1.0,3
45,SQL_FIRST,"[0.00,0.05)",8.689875,1.0,4
45,VECTOR_FIRST_HNSW,"[0.00,0.05)",23.136958,0.2,4
45,HNSW_HYBRID,"[0.00,0.05)",9.219167,1.0,4
45,IVFFLAT_HYBRID,"[0.00,0.05)",8.697083,1.0,4
46,SQL_FIRST,"[0.00,0.05)",8.662292,1.0,0
46,VECTOR_FIRST_HNSW,"[0.00,0.05)",23.333583,0.1,0
46,HNSW_HYBRID,"[0.00,0.05)",9.15775,1.0,0
46,IVFFLAT_HYBRID,"[0.00,0.05)",8.205583,1.0,0
46,SQL_FIRST,"[0.00,0.05)",8.296042,1.0,1
46,VECTOR_FIRST_HNSW,"[0.00,0.05)",23.021791,0.1,1
46,HNSW_HYBRID,"[0.00,0.05)",8.978542,1.0,1
46,IVFFLAT_HYBRID,"[0.00,0.05)",8.226041,1.0,1
46,SQL_FIRST,"[0.00,0.05)",8.596542,1.0,2
46,VECTOR_FIRST_HNSW,"[0.00,0.05)",23.135417,0.1,2
46,HNSW_HYBRID,"[0.00,0.05)",9.023375,1.0,2
46,IVFFLAT_HYBRID,"[0.00,0.05)",8.2805,1.0,2
46,SQL_FIRST,"[0.00,0.05)",8.300958,1.0,3
46,VECTOR_FIRST_HNSW,"[0.00,0.05)",29.754833,0.1,3
46,HNSW_HYBRID,"[0.00,0.05)",9.580375,1.0,3
46,IVFFLAT_HYBRID,"[0.00,0.05)",8.611291,1.0,3
46,SQL_FIRST,"[0.00,0.05)",8.268666,1.0,4
46,VECTOR_FIRST_HNSW,"[0.00,0.05)",23.530708,0.1,4
46,HNSW_HYBRID,"[0.00,0.05)",8.904625,1.0,4
46,IVFFLAT_HYBRID,"[0.00,0.05)",8.356583,1.0,4
47,SQL_FIRST,"[0.00,0.05)",10.777125,1.0,0
47,VECTOR_FIRST_HNSW,"[0.00,0.05)",23.013916,0.3,0
47,HNSW_HYBRID,"[0.00,0.05)",11.077,1.0,0
47,IVFFLAT_HYBRID,"[0.00,0.05)",11.055542,1.0,0
47,SQL_FIRST,"[0.00,0.05)",10.593417,1.0,1
47,VECTOR_FIRST_HNSW,"[0.00,0.05)",23.015292,0.3,1
47,HNSW_HYBRID,"[0.00,0.05)",11.175958,1.0,1
47,IVFFLAT_HYBRID,"[0.00,0.05)",10.521458,1.0,1
47,SQL_FIRST,"[0.00,0.05)",10.852417,1.0,2
47,VECTOR_FIRST_HNSW,"[0.00,0.05)",22.968875,0.3,2
47,HNSW_HYBRID,"[0.00,0.05)",11.084791,1.0,2
47,IVFFLAT_HYBRID,"[0.00,0.05)",10.533583,1.0,2
47,SQL_FIRST,"[0.00,0.05)",10.979916,1.0,3
47,VECTOR_FIRST_HNSW,"[0.00,0.05)",23.065541,0.3,3
47,HNSW_HYBRID,"[0.00,0.05)",11.017,1.0,3
47,IVFFLAT_HYBRID,"[0.00,0.05)",10.7695,1.0,3
47,SQL_FIRST,"[0.00,0.05)",11.038458,1.0,4
47,VECTOR_FIRST_HNSW,"[0.00,0.05)",23.117292,0.3,4
47,HNSW_HYBRID,"[0.00,0.05)",11.127292,1.0,4
47,IVFFLAT_HYBRID,"[0.00,0.05)",10.833125,1.0,4
50,SQL_FIRST,"[0.00,0.05)",8.695458,1.0,0
50,VECTOR_FIRST_HNSW,"[0.00,0.05)",22.963792,0.3,0
50,HNSW_HYBRID,"[0.00,0.05)",9.616625,1.0,0
50,IVFFLAT_HYBRID,"[0.00,0.05)",9.310417,1.0,0
50,SQL_FIRST,"[0.00,0.05)",9.212,1.0,1
50,VECTOR_FIRST_HNSW,"[0.00,0.05)",23.450625,0.3,1
50,HNSW_HYBRID,"[0.00,0.05)",9.600125,1.0,1
50,IVFFLAT_HYBRID,"[0.00,0.05)",8.966125,1.0,1
50,SQL_FIRST,"[0.00,0.05)",9.60925,1.0,2
50,VECTOR_FIRST_HNSW,"[0.00,0.05)",23.002542,0.3,2
50,HNSW_HYBRID,"[0.00,0.05)",9.790083,1.0,2
50,IVFFLAT_HYBRID,"[0.00,0.05)",9.103791,1.0,2
50,SQL_FIRST,"[0.00,0.05)",9.104,1.0,3
50,VECTOR_FIRST_HNSW,"[0.00,0.05)",23.293084,0.3,3
50,HNSW_HYBRID,"[0.00,0.05)",9.604292,1.0,3
50,IVFFLAT_HYBRID,"[0.00,0.05)",9.362542,1.0,3
50,SQL_FIRST,"[0.00,0.05)",8.972625,1.0,4
50,VECTOR_FIRST_HNSW,"[0.00,0.05)",22.972792,0.3,4
50,HNSW_HYBRID,"[0.00,0.05)",9.801125,1.0,4
50,IVFFLAT_HYBRID,"[0.00,0.05)",9.656,1.0,4
52,SQL_FIRST,"[0.00,0.05)",6.426625,1.0,0
52,VECTOR_FIRST_HNSW,"[0.00,0.05)",22.937833,0.1,0
52,HNSW_HYBRID,"[0.00,0.05)",6.913458,1.0,0
52,IVFFLAT_HYBRID,"[0.00,0.05)",6.251417,1.0,0
52,SQL_FIRST,"[0.00,0.05)",6.2125,1.0,1
52,VECTOR_FIRST_HNSW,"[0.00,0.05)",22.975833,0.1,1
52,HNSW_HYBRID,"[0.00,0.05)",6.81125,1.0,1
52,IVFFLAT_HYBRID,"[0.00,0.05)",6.200042,1.0,1
52,SQL_FIRST,"[0.00,0.05)",6.070792,1.0,2
52,VECTOR_FIRST_HNSW,"[0.00,0.05)",23.07575,0.1,2
52,HNSW_HYBRID,"[0.00,0.05)",6.74425,1.0,2
52,IVFFLAT_HYBRID,"[0.00,0.05)",6.149917,1.0,2
52,SQL_FIRST,"[0.00,0.05)",6.373125,1.0,3
52,VECTOR_FIRST_HNSW,"[0.00,0.05)",22.865334,0.1,3
52,HNSW_HYBRID,"[0.00,0.05)",6.895375,1.0,3
52,IVFFLAT_HYBRID,"[0.00,0.05)",6.320083,1.0,3
52,SQL_FIRST,"[0.00,0.05)",6.395458,1.0,4
52,VECTOR_FIRST_HNSW,"[0.00,0.05)",23.210292,0.1,4
52,HNSW_HYBRID,"[0.00,0.05)",6.787959,1.0,4
52,IVFFLAT_HYBRID,"[0.00,0.05)",6.262083,1.0,4
55,SQL_FIRST,"[0.00,0.05)",8.984625,1.0,0
55,VECTOR_FIRST_HNSW,"[0.00,0.05)",22.988,0.4,0
55,HNSW_HYBRID,"[0.00,0.05)",9.84625,1.0,0
55,IVFFLAT_HYBRID,"[0.00,0.05)",9.441542,1.0,0
55,SQL_FIRST,"[0.00,0.05)",9.758333,1.0,1
55,VECTOR_FIRST_HNSW,"[0.00,0.05)",29.819834,0.4,1
55,HNSW_HYBRID,"[0.00,0.05)",9.7685,1.0,1
55,IVFFLAT_HYBRID,"[0.00,0.05)",9.774375,1.0,1
55,SQL_FIRST,"[0.00,0.05)",9.633667,1.0,2
55,VECTOR_FIRST_HNSW,"[0.00,0.05)",23.860792,0.4,2
55,HNSW_HYBRID,"[0.00,0.05)",9.910667,1.0,2
55,IVFFLAT_HYBRID,"[0.00,0.05)",9.682375,1.0,2
55,SQL_FIRST,"[0.00,0.05)",9.598291,1.0,3
55,VECTOR_FIRST_HNSW,"[0.00,0.05)",23.096208,0.4,3
55,HNSW_HYBRID,"[0.00,0.05)",9.982333,1.0,3
55,IVFFLAT_HYBRID,"[0.00,0.05)",9.386875,1.0,3
55,SQL_FIRST,"[0.00,0.05)",9.746167,1.0,4
55,VECTOR_FIRST_HNSW,"[0.00,0.05)",23.109,0.4,4
55,HNSW_HYBRID,"[0.00,0.05)",9.884083,1.0,4
55,IVFFLAT_HYBRID,"[0.00,0.05)",9.701292,1.0,4
56,SQL_FIRST,"[0.00,0.05)",9.485458,1.0,0
56,VECTOR_FIRST_HNSW,"[0.00,0.05)",23.127041,0.3,0
56,HNSW_HYBRID,"[0.00,0.05)",9.607666,1.0,0
56,IVFFLAT_HYBRID,"[0.00,0.05)",9.429541,1.0,0
56,SQL_FIRST,"[0.00,0.05)",9.882083,1.0,1
56,VECTOR_FIRST_HNSW,"[0.00,0.05)",22.976625,0.3,1
56,HNSW_HYBRID,"[0.00,0.05)",9.74125,1.0,1
56,IVFFLAT_HYBRID,"[0.00,0.05)",9.563458,1.0,1
56,SQL_FIRST,"[0.00,0.05)",9.902708,1.0,2
56,VECTOR_FIRST_HNSW,"[0.00,0.05)",23.832,0.3,2
56,HNSW_HYBRID,"[0.00,0.05)",9.345166,1.0,2
56,IVFFLAT_HYBRID,"[0.00,0.05)",9.017375,1.0,2
56,SQL_FIRST,"[0.00,0.05)",8.979083,1.0,3
56,VECTOR_FIRST_HNSW,"[0.00,0.05)",22.967916,0.3,3
56,HNSW_HYBRID,"[0.00,0.05)",9.407583,1.0,3
56,IVFFLAT_HYBRID,"[0.00,0.05)",9.162958,1.0,3
56,SQL_FIRST,"[0.00,0.05)",8.9195,1.0,4
56,VECTOR_FIRST_HNSW,"[0.00,0.05)",23.286041,0.3,4
56,HNSW_HYBRID,"[0.00,0.05)",9.33,1.0,4
56,IVFFLAT_HYBRID,"[0.00,0.05)",9.332833,1.0,4
58,SQL_FIRST,"[0.00,0.05)",7.805125,1.0,0
58,VECTOR_FIRST_HNSW,"[0.00,0.05)",23.275708,0.2,0
58,HNSW_HYBRID,"[0.00,0.05)",8.689292,1.0,0
58,IVFFLAT_HYBRID,"[0.00,0.05)",8.139834,1.0,0
58,SQL_FIRST,"[0.00,0.05)",7.763875,1.0,1
58,VECTOR_FIRST_HNSW,"[0.00,0.05)",23.00825,0.2,1
58,HNSW_HYBRID,"[0.00,0.05)",8.513375,1.0,1
58,IVFFLAT_HYBRID,"[0.00,0.05)",7.861791,1.0,1
58,SQL_FIRST,"[0.00,0.05)",7.742583,1.0,2
58,VECTOR_FIRST_HNSW,"[0.00,0.05)",23.114334,0.2,2
58,HNSW_HYBRID,"[0.00,0.05)",8.5585,1.0,2
58,IVFFLAT_HYBRID,"[0.00,0.05)",8.2245,1.0,2
58,SQL_FIRST,"[0.00,0.05)",7.832042,1.0,3
58,VECTOR_FIRST_HNSW,"[0.00,0.05)",22.9935,0.2,3
58,HNSW_HYBRID,"[0.00,0.05)",8.624584,1.0,3
58,IVFFLAT_HYBRID,"[0.00,0.05)",8.084625,1.0,3
58,SQL_FIRST,"[0.00,0.05)",7.859,1.0,4
58,VECTOR_FIRST_HNSW,"[0.00,0.05)",22.895709,0.2,4
58,HNSW_HYBRID,"[0.00,0.05)",8.51375,1.0,4
58,IVFFLAT_HYBRID,"[0.00,0.05)",8.354625,1.0,4
59,SQL_FIRST,"[0.00,0.05)",11.285125,1.0,0
59,VECTOR_FIRST_HNSW,"[0.00,0.05)",22.889375,0.3,0
59,HNSW_HYBRID,"[0.00,0.05)",11.288291,1.0,0
59,IVFFLAT_HYBRID,"[0.00,0.05)",10.896417,1.0,0
59,SQL_FIRST,"[0.00,0.05)",10.850709,1.0,1
59,VECTOR_FIRST_HNSW,"[0.00,0.05)",22.948291,0.3,1
59,HNSW_HYBRID,"[0.00,0.05)",11.310375,1.0,1
59,IVFFLAT_HYBRID,"[0.00,0.05)",11.902,1.0,1
59,SQL_FIRST,"[0.00,0.05)",12.215416,1.0,2
59,VECTOR_FIRST_HNSW,"[0.00,0.05)",23.583459,0.3,2
59,HNSW_HYBRID,"[0.00,0.05)",11.1965,1.0,2
59,IVFFLAT_HYBRID,"[0.00,0.05)",11.050917,1.0,2
59,SQL_FIRST,"[0.00,0.05)",10.944375,1.0,3
59,VECTOR_FIRST_HNSW,"[0.00,0.05)",23.087541,0.3,3
59,HNSW_HYBRID,"[0.00,0.05)",11.31425,1.0,3
59,IVFFLAT_HYBRID,"[0.00,0.05)",10.91375,1.0,3
59,SQL_FIRST,"[0.00,0.05)",10.948041,1.0,4
59,VECTOR_FIRST_HNSW,"[0.00,0.05)",22.992459,0.3,4
59,HNSW_HYBRID,"[0.00,0.05)",11.299208,1.0,4
59,IVFFLAT_HYBRID,"[0.00,0.05)",10.857042,1.0,4
61,SQL_FIRST,"[0.00,0.05)",4.540791,1.0,0
61,VECTOR_FIRST_HNSW,"[0.00,0.05)",23.027458,0.0,0
61,HNSW_HYBRID,"[0.00,0.05)",5.004084,1.0,0
61,IVFFLAT_HYBRID,"[0.00,0.05)",4.664041,1.0,0
61,SQL_FIRST,"[0.00,0.05)",4.5465,1.0,1
61,VECTOR_FIRST_HNSW,"[0.00,0.05)",22.95,0.0,1
61,HNSW_HYBRID,"[0.00,0.05)",5.10875,1.0,1
61,IVFFLAT_HYBRID,"[0.00,0.05)",4.565833,1.0,1
61,SQL_FIRST,"[0.00,0.05)",4.484,1.0,2
61,VECTOR_FIRST_HNSW,"[0.00,0.05)",22.94725,0.0,2
61,HNSW_HYBRID,"[0.00,0.05)",5.079291,1.0,2
61,IVFFLAT_HYBRID,"[0.00,0.05)",5.018,1.0,2
61,SQL_FIRST,"[0.00,0.05)",4.859958,1.0,3
61,VECTOR_FIRST_HNSW,"[0.00,0.05)",22.851375,0.0,3
61,HNSW_HYBRID,"[0.00,0.05)",4.970792,1.0,3
61,IVFFLAT_HYBRID,"[0.00,0.05)",4.509625,1.0,3
61,SQL_FIRST,"[0.00,0.05)",4.428709,1.0,4
61,VECTOR_FIRST_HNSW,"[0.00,0.05)",23.059375,0.0,4
61,HNSW_HYBRID,"[0.00,0.05)",4.999875,1.0,4
61,IVFFLAT_HYBRID,"[0.00,0.05)",4.485042,1.0,4
64,SQL_FIRST,"[0.00,0.05)",10.149208,1.0,0
64,VECTOR_FIRST_HNSW,"[0.00,0.05)",24.262042,0.6,0
64,HNSW_HYBRID,"[0.00,0.05)",9.463083,1.0,0
64,IVFFLAT_HYBRID,"[0.00,0.05)",9.113875,1.0,0
64,SQL_FIRST,"[0.00,0.05)",9.101208,1.0,1
64,VECTOR_FIRST_HNSW,"[0.00,0.05)",23.07325,0.6,1
64,HNSW_HYBRID,"[0.00,0.05)",9.795417,1.0,1
64,IVFFLAT_HYBRID,"[0.00,0.05)",9.040458,1.0,1
64,SQL_FIRST,"[0.00,0.05)",9.033125,1.0,2
64,VECTOR_FIRST_HNSW,"[0.00,0.05)",23.256958,0.6,2
64,HNSW_HYBRID,"[0.00,0.05)",9.234958,1.0,2
64,IVFFLAT_HYBRID,"[0.00,0.05)",9.324958,1.0,2
64,SQL_FIRST,"[0.00,0.05)",9.074125,1.0,3
64,VECTOR_FIRST_HNSW,"[0.00,0.05)",23.0515,0.6,3
64,HNSW_HYBRID,"[0.00,0.05)",9.497916,1.0,3
64,IVFFLAT_HYBRID,"[0.00,0.05)",9.001375,1.0,3
64,SQL_FIRST,"[0.00,0.05)",8.973,1.0,4
64,VECTOR_FIRST_HNSW,"[0.00,0.05)",23.035,0.6,4
64,HNSW_HYBRID,"[0.00,0.05)",9.5335,1.0,4
64,IVFFLAT_HYBRID,"[0.00,0.05)",9.344042,1.0,4
68,SQL_FIRST,"[0.00,0.05)",8.675833,1.0,0
68,VECTOR_FIRST_HNSW,"[0.00,0.05)",22.918792,0.4,0
68,HNSW_HYBRID,"[0.00,0.05)",9.123958,1.0,0
68,IVFFLAT_HYBRID,"[0.00,0.05)",8.133333,1.0,0
68,SQL_FIRST,"[0.00,0.05)",8.204084,1.0,1
68,VECTOR_FIRST_HNSW,"[0.00,0.05)",23.001417,0.4,1
68,HNSW_HYBRID,"[0.00,0.05)",8.963084,1.0,1
68,IVFFLAT_HYBRID,"[0.00,0.05)",8.050709,1.0,1
68,SQL_FIRST,"[0.00,0.05)",8.994292,1.0,2
68,VECTOR_FIRST_HNSW,"[0.00,0.05)",23.37925,0.4,2
68,HNSW_HYBRID,"[0.00,0.05)",8.905917,1.0,2
68,IVFFLAT_HYBRID,"[0.00,0.05)",8.998625,1.0,2
68,SQL_FIRST,"[0.00,0.05)",8.754125,1.0,3
68,VECTOR_FIRST_HNSW,"[0.00,0.05)",23.062209,0.4,3
68,HNSW_HYBRID,"[0.00,0.05)",8.940916,1.0,3
68,IVFFLAT_HYBRID,"[0.00,0.05)",8.156291,1.0,3
68,SQL_FIRST,"[0.00,0.05)",8.334458,1.0,4
68,VECTOR_FIRST_HNSW,"[0.00,0.05)",23.112042,0.4,4
68,HNSW_HYBRID,"[0.00,0.05)",8.984833,1.0,4
68,IVFFLAT_HYBRID,"[0.00,0.05)",8.277667,1.0,4
70,SQL_FIRST,"[0.00,0.05)",10.438083,1.0,0
70,VECTOR_FIRST_HNSW,"[0.00,0.05)",23.000167,0.3,0
70,HNSW_HYBRID,"[0.00,0.05)",10.609375,1.0,0
70,IVFFLAT_HYBRID,"[0.00,0.05)",9.951875,1.0,0
70,SQL_FIRST,"[0.00,0.05)",10.22525,1.0,1
70,VECTOR_FIRST_HNSW,"[0.00,0.05)",22.965041,0.3,1
70,HNSW_HYBRID,"[0.00,0.05)",10.63425,1.0,1
70,IVFFLAT_HYBRID,"[0.00,0.05)",10.11975,1.0,1
70,SQL_FIRST,"[0.00,0.05)",9.967208,1.0,2
70,VECTOR_FIRST_HNSW,"[0.00,0.05)",23.003833,0.3,2
70,HNSW_HYBRID,"[0.00,0.05)",10.57975,1.0,2
70,IVFFLAT_HYBRID,"[0.00,0.05)",10.296583,1.0,2
70,SQL_FIRST,"[0.00,0.05)",10.589375,1.0,3
70,VECTOR_FIRST_HNSW,"[0.00,0.05)",22.893875,0.3,3
70,HNSW_HYBRID,"[0.00,0.05)",10.611291,1.0,3
70,IVFFLAT_HYBRID,"[0.00,0.05)",9.876334,1.0,3
70,SQL_FIRST,"[0.00,0.05)",10.26025,1.0,4
70,VECTOR_FIRST_HNSW,"[0.00,0.05)",22.969792,0.3,4
70,HNSW_HYBRID,"[0.00,0.05)",10.473333,1.0,4
70,IVFFLAT_HYBRID,"[0.00,0.05)",10.177833,1.0,4
76,SQL_FIRST,"[0.00,0.05)",9.563833,1.0,0
76,VECTOR_FIRST_HNSW,"[0.00,0.05)",23.037333,0.5,0
76,HNSW_HYBRID,"[0.00,0.05)",9.829625,1.0,0
76,IVFFLAT_HYBRID,"[0.00,0.05)",9.178792,1.0,0
76,SQL_FIRST,"[0.00,0.05)",9.827125,1.0,1
76,VECTOR_FIRST_HNSW,"[0.00,0.05)",22.975,0.5,1
76,HNSW_HYBRID,"[0.00,0.05)",10.017583,1.0,1
76,IVFFLAT_HYBRID,"[0.00,0.05)",9.859459,1.0,1
76,SQL_FIRST,"[0.00,0.05)",9.216667,1.0,2
76,VECTOR_FIRST_HNSW,"[0.00,0.05)",23.029583,0.5,2
76,HNSW_HYBRID,"[0.00,0.05)",9.788375,1.0,2
76,IVFFLAT_HYBRID,"[0.00,0.05)",9.74275,1.0,2
76,SQL_FIRST,"[0.00,0.05)",9.633625,1.0,3
76,VECTOR_FIRST_HNSW,"[0.00,0.05)",23.028167,0.5,3
76,HNSW_HYBRID,"[0.00,0.05)",9.671834,1.0,3
76,IVFFLAT_HYBRID,"[0.00,0.05)",9.711834,1.0,3
76,SQL_FIRST,"[0.00,0.05)",9.557459,1.0,4
76,VECTOR_FIRST_HNSW,"[0.00,0.05)",23.159834,0.5,4
76,HNSW_HYBRID,"[0.00,0.05)",9.794834,1.0,4
76,IVFFLAT_HYBRID,"[0.00,0.05)",9.457375,1.0,4
78,SQL_FIRST,"[0.00,0.05)",4.875709,1.0,0
78,VECTOR_FIRST_HNSW,"[0.00,0.05)",22.974667,0.0,0
78,HNSW_HYBRID,"[0.00,0.05)",5.450625,1.0,0
78,IVFFLAT_HYBRID,"[0.00,0.05)",4.930875,1.0,0
78,SQL_FIRST,"[0.00,0.05)",4.860458,1.0,1
78,VECTOR_FIRST_HNSW,"[0.00,0.05)",27.0965,0.0,1
78,HNSW_HYBRID,"[0.00,0.05)",5.536875,1.0,1
78,IVFFLAT_HYBRID,"[0.00,0.05)",5.019042,1.0,1
78,SQL_FIRST,"[0.00,0.05)",4.78525,1.0,2
78,VECTOR_FIRST_HNSW,"[0.00,0.05)",23.079209,0.0,2
78,HNSW_HYBRID,"[0.00,0.05)",5.470209,1.0,2
78,IVFFLAT_HYBRID,"[0.00,0.05)",4.882,1.0,2
78,SQL_FIRST,"[0.00,0.05)",4.90025,1.0,3
78,VECTOR_FIRST_HNSW,"[0.00,0.05)",23.070708,0.0,3
78,HNSW_HYBRID,"[0.00,0.05)",5.379208,1.0,3
78,IVFFLAT_HYBRID,"[0.00,0.05)",4.890917,1.0,3
78,SQL_FIRST,"[0.00,0.05)",4.829292,1.0,4
78,VECTOR_FIRST_HNSW,"[0.00,0.05)",23.01375,0.0,4
78,HNSW_HYBRID,"[0.00,0.05)",5.550125,1.0,4
78,IVFFLAT_HYBRID,"[0.00,0.05)",4.888292,1.0,4
79,SQL_FIRST,"[0.00,0.05)",10.265958,1.0,0
79,VECTOR_FIRST_HNSW,"[0.00,0.05)",22.942416,0.3,0
79,HNSW_HYBRID,"[0.00,0.05)",10.83575,1.0,0
79,IVFFLAT_HYBRID,"[0.00,0.05)",10.721458,1.0,0
79,SQL_FIRST,"[0.00,0.05)",10.886208,1.0,1
79,VECTOR_FIRST_HNSW,"[0.00,0.05)",22.956625,0.3,1
79,HNSW_HYBRID,"[0.00,0.05)",10.836583,1.0,1
79,IVFFLAT_HYBRID,"[0.00,0.05)",10.389417,1.0,1
79,SQL_FIRST,"[0.00,0.05)",11.047917,1.0,2
79,VECTOR_FIRST_HNSW,"[0.00,0.05)",24.162042,0.3,2
79,HNSW_HYBRID,"[0.00,0.05)",10.898792,1.0,2
79,IVFFLAT_HYBRID,"[0.00,0.05)",10.335542,1.0,2
79,SQL_FIRST,"[0.00,0.05)",10.1805,1.0,3
79,VECTOR_FIRST_HNSW,"[0.00,0.05)",23.14975,0.3,3
79,HNSW_HYBRID,"[0.00,0.05)",10.787375,1.0,3
79,IVFFLAT_HYBRID,"[0.00,0.05)",10.469292,1.0,3
79,SQL_FIRST,"[0.00,0.05)",10.343,1.0,4
79,VECTOR_FIRST_HNSW,"[0.00,0.05)",23.357166,0.3,4
79,HNSW_HYBRID,"[0.00,0.05)",10.915875,1.0,4
79,IVFFLAT_HYBRID,"[0.00,0.05)",10.368042,1.0,4
81,SQL_FIRST,"[0.00,0.05)",11.02075,1.0,0
81,VECTOR_FIRST_HNSW,"[0.00,0.05)",22.987292,0.1,0
81,HNSW_HYBRID,"[0.00,0.05)",11.297625,1.0,0
81,IVFFLAT_HYBRID,"[0.00,0.05)",10.793375,1.0,0
81,SQL_FIRST,"[0.00,0.05)",10.446083,1.0,1
81,VECTOR_FIRST_HNSW,"[0.00,0.05)",23.117542,0.1,1
81,HNSW_HYBRID,"[0.00,0.05)",11.2205,1.0,1
81,IVFFLAT_HYBRID,"[0.00,0.05)",10.962833,1.0,1
81,SQL_FIRST,"[0.00,0.05)",10.827166,1.0,2
81,VECTOR_FIRST_HNSW,"[0.00,0.05)",22.92975,0.1,2
81,HNSW_HYBRID,"[0.00,0.05)",11.368417,1.0,2
81,IVFFLAT_HYBRID,"[0.00,0.05)",11.011125,1.0,2
81,SQL_FIRST,"[0.00,0.05)",10.648333,1.0,3
81,VECTOR_FIRST_HNSW,"[0.00,0.05)",22.97475,0.1,3
81,HNSW_HYBRID,"[0.00,0.05)",11.217458,1.0,3
81,IVFFLAT_HYBRID,"[0.00,0.05)",10.758375,1.0,3
81,SQL_FIRST,"[0.00,0.05)",11.102375,1.0,4
81,VECTOR_FIRST_HNSW,"[0.00,0.05)",23.721209,0.1,4
81,HNSW_HYBRID,"[0.00,0.05)",11.2385,1.0,4
81,IVFFLAT_HYBRID,"[0.00,0.05)",10.899667,1.0,4
83,SQL_FIRST,"[0.00,0.05)",6.277541,1.0,0
83,VECTOR_FIRST_HNSW,"[0.00,0.05)",23.215416,0.1,0
83,HNSW_HYBRID,"[0.00,0.05)",6.763958,1.0,0
83,IVFFLAT_HYBRID,"[0.00,0.05)",6.198125,1.0,0
83,SQL_FIRST,"[0.00,0.05)",5.923416,1.0,1
83,VECTOR_FIRST_HNSW,"[0.00,0.05)",23.025083,0.1,1
83,HNSW_HYBRID,"[0.00,0.05)",6.767333,1.0,1
83,IVFFLAT_HYBRID,"[0.00,0.05)",6.099875,1.0,1
83,SQL_FIRST,"[0.00,0.05)",6.087958,1.0,2
83,VECTOR_FIRST_HNSW,"[0.00,0.05)",23.064958,0.1,2
83,HNSW_HYBRID,"[0.00,0.05)",6.811417,1.0,2
83,IVFFLAT_HYBRID,"[0.00,0.05)",6.050584,1.0,2
83,SQL_FIRST,"[0.00,0.05)",6.140292,1.0,3
83,VECTOR_FIRST_HNSW,"[0.00,0.05)",22.969375,0.1,3
83,HNSW_HYBRID,"[0.00,0.05)",6.749416,1.0,3
83,IVFFLAT_HYBRID,"[0.00,0.05)",6.301708,1.0,3
83,SQL_FIRST,"[0.00,0.05)",5.986916,1.0,4
83,VECTOR_FIRST_HNSW,"[0.00,0.05)",23.422834,0.1,4
83,HNSW_HYBRID,"[0.00,0.05)",6.695,1.0,4
83,IVFFLAT_HYBRID,"[0.00,0.05)",6.039792,1.0,4
84,SQL_FIRST,"[0.00,0.05)",9.166958,1.0,0
84,VECTOR_FIRST_HNSW,"[0.00,0.05)",23.080042,0.5,0
84,HNSW_HYBRID,"[0.00,0.05)",9.504542,1.0,0
84,IVFFLAT_HYBRID,"[0.00,0.05)",9.039209,1.0,0
84,SQL_FIRST,"[0.00,0.05)",8.82475,1.0,1
84,VECTOR_FIRST_HNSW,"[0.00,0.05)",22.841292,0.5,1
84,HNSW_HYBRID,"[0.00,0.05)",9.566541,1.0,1
84,IVFFLAT_HYBRID,"[0.00,0.05)",9.547125,1.0,1
84,SQL_FIRST,"[0.00,0.05)",8.944208,1.0,2
84,VECTOR_FIRST_HNSW,"[0.00,0.05)",23.031333,0.5,2
84,HNSW_HYBRID,"[0.00,0.05)",9.470209,1.0,2
84,IVFFLAT_HYBRID,"[0.00,0.05)",9.007542,1.0,2
84,SQL_FIRST,"[0.00,0.05)",9.724167,1.0,3
84,VECTOR_FIRST_HNSW,"[0.00,0.05)",22.932375,0.5,3
84,HNSW_HYBRID,"[0.00,0.05)",9.425042,1.0,3
84,IVFFLAT_HYBRID,"[0.00,0.05)",8.737083,1.0,3
84,SQL_FIRST,"[0.00,0.05)",9.327416,1.0,4
84,VECTOR_FIRST_HNSW,"[0.00,0.05)",22.982958,0.5,4
84,HNSW_HYBRID,"[0.00,0.05)",9.65225,1.0,4
84,IVFFLAT_HYBRID,"[0.00,0.05)",8.660958,1.0,4
86,SQL_FIRST,"[0.00,0.05)",8.5335,1.0,0
86,VECTOR_FIRST_HNSW,"[0.00,0.05)",23.018459,0.1,0
86,HNSW_HYBRID,"[0.00,0.05)",9.040417,1.0,0
86,IVFFLAT_HYBRID,"[0.00,0.05)",8.366583,1.0,0
86,SQL_FIRST,"[0.00,0.05)",8.230708,1.0,1
86,VECTOR_FIRST_HNSW,"[0.00,0.05)",22.959166,0.1,1
86,HNSW_HYBRID,"[0.00,0.05)",8.948208,1.0,1
86,IVFFLAT_HYBRID,"[0.00,0.05)",8.628208,1.0,1
86,SQL_FIRST,"[0.00,0.05)",8.401042,1.0,2
86,VECTOR_FIRST_HNSW,"[0.00,0.05)",22.917708,0.1,2
86,HNSW_HYBRID,"[0.00,0.05)",8.91175,1.0,2
86,IVFFLAT_HYBRID,"[0.00,0.05)",8.467458,1.0,2
86,SQL_FIRST,"[0.00,0.05)",8.312458,1.0,3
86,VECTOR_FIRST_HNSW,"[0.00,0.05)",23.009958,0.1,3
86,HNSW_HYBRID,"[0.00,0.05)",8.871834,1.0,3
86,IVFFLAT_HYBRID,"[0.00,0.05)",8.619625,1.0,3
86,SQL_FIRST,"[0.00,0.05)",8.482791,1.0,4
86,VECTOR_FIRST_HNSW,"[0.00,0.05)",23.05025,0.1,4
86,HNSW_HYBRID,"[0.00,0.05)",8.981083,1.0,4
86,IVFFLAT_HYBRID,"[0.00,0.05)",8.406291,1.0,4
88,SQL_FIRST,"[0.00,0.05)",4.826917,1.0,0
88,VECTOR_FIRST_HNSW,"[0.00,0.05)",23.284291,0.0,0
88,HNSW_HYBRID,"[0.00,0.05)",5.156334,1.0,0
88,IVFFLAT_HYBRID,"[0.00,0.05)",4.825917,1.0,0
88,SQL_FIRST,"[0.00,0.05)",5.154084,1.0,1
88,VECTOR_FIRST_HNSW,"[0.00,0.05)",22.946,0.0,1
88,HNSW_HYBRID,"[0.00,0.05)",5.418125,1.0,1
88,IVFFLAT_HYBRID,"[0.00,0.05)",4.846625,1.0,1
88,SQL_FIRST,"[0.00,0.05)",4.72275,1.0,2
88,VECTOR_FIRST_HNSW,"[0.00,0.05)",23.424917,0.0,2
88,HNSW_HYBRID,"[0.00,0.05)",5.212875,1.0,2
88,IVFFLAT_HYBRID,"[0.00,0.05)",5.259417,1.0,2
88,SQL_FIRST,"[0.00,0.05)",4.719875,1.0,3
88,VECTOR_FIRST_HNSW,"[0.00,0.05)",22.902417,0.0,3
88,HNSW_HYBRID,"[0.00,0.05)",5.255709,1.0,3
88,IVFFLAT_HYBRID,"[0.00,0.05)",4.797375,1.0,3
88,SQL_FIRST,"[0.00,0.05)",4.777417,1.0,4
88,VECTOR_FIRST_HNSW,"[0.00,0.05)",23.411083,0.0,4
88,HNSW_HYBRID,"[0.00,0.05)",5.264,1.0,4
88,IVFFLAT_HYBRID,"[0.00,0.05)",4.689667,1.0,4
90,SQL_FIRST,"[0.00,0.05)",8.859334,1.0,0
90,VECTOR_FIRST_HNSW,"[0.00,0.05)",23.026958,0.2,0
90,HNSW_HYBRID,"[0.00,0.05)",9.469584,1.0,0
90,IVFFLAT_HYBRID,"[0.00,0.05)",8.776417,1.0,0
90,SQL_FIRST,"[0.00,0.05)",8.866875,1.0,1
90,VECTOR_FIRST_HNSW,"[0.00,0.05)",22.933917,0.2,1
90,HNSW_HYBRID,"[0.00,0.05)",9.529625,1.0,1
90,IVFFLAT_HYBRID,"[0.00,0.05)",8.918166,1.0,1
90,SQL_FIRST,"[0.00,0.05)",8.780792,1.0,2
90,VECTOR_FIRST_HNSW,"[0.00,0.05)",23.15225,0.2,2
90,HNSW_HYBRID,"[0.00,0.05)",9.428459,1.0,2
90,IVFFLAT_HYBRID,"[0.00,0.05)",9.186,1.0,2
90,SQL_FIRST,"[0.00,0.05)",8.723292,1.0,3
90,VECTOR_FIRST_HNSW,"[0.00,0.05)",23.038833,0.2,3
90,HNSW_HYBRID,"[0.00,0.05)",9.462917,1.0,3
90,IVFFLAT_HYBRID,"[0.00,0.05)",8.917709,1.0,3
90,SQL_FIRST,"[0.00,0.05)",8.779584,1.0,4
90,VECTOR_FIRST_HNSW,"[0.00,0.05)",22.89325,0.2,4
90,HNSW_HYBRID,"[0.00,0.05)",9.327208,1.0,4
90,IVFFLAT_HYBRID,"[0.00,0.05)",9.024334,1.0,4
93,SQL_FIRST,"[0.00,0.05)",6.234167,1.0,0
93,VECTOR_FIRST_HNSW,"[0.00,0.05)",22.837666,0.3,0
93,HNSW_HYBRID,"[0.00,0.05)",6.926916,1.0,0
93,IVFFLAT_HYBRID,"[0.00,0.05)",6.303416,1.0,0
93,SQL_FIRST,"[0.00,0.05)",6.494083,1.0,1
93,VECTOR_FIRST_HNSW,"[0.00,0.05)",23.371125,0.3,1
93,HNSW_HYBRID,"[0.00,0.05)",7.114041,1.0,1
93,IVFFLAT_HYBRID,"[0.00,0.05)",6.267334,1.0,1
93,SQL_FIRST,"[0.00,0.05)",6.235542,1.0,2
93,VECTOR_FIRST_HNSW,"[0.00,0.05)",22.953791,0.3,2
93,HNSW_HYBRID,"[0.00,0.05)",6.928917,1.0,2
93,IVFFLAT_HYBRID,"[0.00,0.05)",6.398458,1.0,2
93,SQL_FIRST,"[0.00,0.05)",7.10025,1.0,3
93,VECTOR_FIRST_HNSW,"[0.00,0.05)",24.299834,0.3,3
93,HNSW_HYBRID,"[0.00,0.05)",6.879125,1.0,3
93,IVFFLAT_HYBRID,"[0.00,0.05)",6.318334,1.0,3
93,SQL_FIRST,"[0.00,0.05)",6.963708,1.0,4
93,VECTOR_FIRST_HNSW,"[0.00,0.05)",23.154541,0.3,4
93,HNSW_HYBRID,"[0.00,0.05)",6.934958,1.0,4
93,IVFFLAT_HYBRID,"[0.00,0.05)",6.209,1.0,4
94,SQL_FIRST,"[0.00,0.05)",9.3355,1.0,0
94,VECTOR_FIRST_HNSW,"[0.00,0.05)",22.94875,0.4,0
94,HNSW_HYBRID,"[0.00,0.05)",9.682625,1.0,0
94,IVFFLAT_HYBRID,"[0.00,0.05)",9.239666,1.0,0
94,SQL_FIRST,"[0.00,0.05)",8.910417,1.0,1
94,VECTOR_FIRST_HNSW,"[0.00,0.05)",23.016917,0.4,1
94,HNSW_HYBRID,"[0.00,0.05)",9.686334,1.0,1
94,IVFFLAT_HYBRID,"[0.00,0.05)",9.585333,1.0,1
94,SQL_FIRST,"[0.00,0.05)",9.135708,1.0,2
94,VECTOR_FIRST_HNSW,"[0.00,0.05)",23.042833,0.4,2
94,HNSW_HYBRID,"[0.00,0.05)",9.680667,1.0,2
94,IVFFLAT_HYBRID,"[0.00,0.05)",9.179125,1.0,2
94,SQL_FIRST,"[0.00,0.05)",9.370459,1.0,3
94,VECTOR_FIRST_HNSW,"[0.00,0.05)",23.012208,0.4,3
94,HNSW_HYBRID,"[0.00,0.05)",9.697416,1.0,3
94,IVFFLAT_HYBRID,"[0.00,0.05)",9.675083,1.0,3
94,SQL_FIRST,"[0.00,0.05)",9.243,1.0,4
94,VECTOR_FIRST_HNSW,"[0.00,0.05)",23.237917,0.4,4
94,HNSW_HYBRID,"[0.00,0.05)",9.721083,1.0,4
94,IVFFLAT_HYBRID,"[0.00,0.05)",9.368417,1.0,4
95,SQL_FIRST,"[0.00,0.05)",4.201958,1.0,0
95,VECTOR_FIRST_HNSW,"[0.00,0.05)",23.327625,0.0,0
95,HNSW_HYBRID,"[0.00,0.05)",4.628208,1.0,0
95,IVFFLAT_HYBRID,"[0.00,0.05)",4.213875,1.0,0
95,SQL_FIRST,"[0.00,0.05)",4.206958,1.0,1
95,VECTOR_FIRST_HNSW,"[0.00,0.05)",22.985709,0.0,1
95,HNSW_HYBRID,"[0.00,0.05)",4.736833,1.0,1
95,IVFFLAT_HYBRID,"[0.00,0.05)",4.348916,1.0,1
95,SQL_FIRST,"[0.00,0.05)",4.257958,1.0,2
95,VECTOR_FIRST_HNSW,"[0.00,0.05)",22.838541,0.0,2
95,HNSW_HYBRID,"[0.00,0.05)",5.327041,1.0,2
95,IVFFLAT_HYBRID,"[0.00,0.05)",4.235667,1.0,2
95,SQL_FIRST,"[0.00,0.05)",4.443125,1.0,3
95,VECTOR_FIRST_HNSW,"[0.00,0.05)",22.957709,0.0,3
95,HNSW_HYBRID,"[0.00,0.05)",4.801333,1.0,3
95,IVFFLAT_HYBRID,"[0.00,0.05)",4.252,1.0,3
95,SQL_FIRST,"[0.00,0.05)",4.257417,1.0,4
95,VECTOR_FIRST_HNSW,"[0.00,0.05)",22.936916,0.0,4
95,HNSW_HYBRID,"[0.00,0.05)",4.722292,1.0,4
95,IVFFLAT_HYBRID,"[0.00,0.05)",4.228583,1.0,4
96,SQL_FIRST,"[0.00,0.05)",9.038208,1.0,0
96,VECTOR_FIRST_HNSW,"[0.00,0.05)",22.995959,0.4,0
96,HNSW_HYBRID,"[0.00,0.05)",9.41175,1.0,0
96,IVFFLAT_HYBRID,"[0.00,0.05)",9.135667,1.0,0
96,SQL_FIRST,"[0.00,0.05)",9.383541,1.0,1
96,VECTOR_FIRST_HNSW,"[0.00,0.05)",22.944667,0.4,1
96,HNSW_HYBRID,"[0.00,0.05)",9.447875,1.0,1
96,IVFFLAT_HYBRID,"[0.00,0.05)",9.0425,1.0,1
96,SQL_FIRST,"[0.00,0.05)",8.78825,1.0,2
96,VECTOR_FIRST_HNSW,"[0.00,0.05)",23.061209,0.4,2
96,HNSW_HYBRID,"[0.00,0.05)",9.528209,1.0,2
96,IVFFLAT_HYBRID,"[0.00,0.05)",9.376667,1.0,2
96,SQL_FIRST,"[0.00,0.05)",8.911417,1.0,3
96,VECTOR_FIRST_HNSW,"[0.00,0.05)",22.876958,0.4,3
96,HNSW_HYBRID,"[0.00,0.05)",9.318375,1.0,3
96,IVFFLAT_HYBRID,"[0.00,0.05)",8.984958,1.0,3
96,SQL_FIRST,"[0.00,0.05)",9.411875,1.0,4
96,VECTOR_FIRST_HNSW,"[0.00,0.05)",23.098542,0.4,4
96,HNSW_HYBRID,"[0.00,0.05)",9.622583,1.0,4
96,IVFFLAT_HYBRID,"[0.00,0.05)",9.043708,1.0,4
97,SQL_FIRST,"[0.00,0.05)",8.94725,1.0,0
97,VECTOR_FIRST_HNSW,"[0.00,0.05)",23.023084,0.0,0
97,HNSW_HYBRID,"[0.00,0.05)",9.447958,1.0,0
97,IVFFLAT_HYBRID,"[0.00,0.05)",8.996917,1.0,0
97,SQL_FIRST,"[0.00,0.05)",8.891042,1.0,1
97,VECTOR_FIRST_HNSW,"[0.00,0.05)",23.120834,0.0,1
97,HNSW_HYBRID,"[0.00,0.05)",9.581709,1.0,1
97,IVFFLAT_HYBRID,"[0.00,0.05)",9.601041,1.0,1
97,SQL_FIRST,"[0.00,0.05)",8.857167,1.0,2
97,VECTOR_FIRST_HNSW,"[0.00,0.05)",22.992,0.0,2
97,HNSW_HYBRID,"[0.00,0.05)",9.337667,1.0,2
97,IVFFLAT_HYBRID,"[0.00,0.05)",8.88475,1.0,2
97,SQL_FIRST,"[0.00,0.05)",8.830666,1.0,3
97,VECTOR_FIRST_HNSW,"[0.00,0.05)",23.031666,0.0,3
97,HNSW_HYBRID,"[0.00,0.05)",9.192291,1.0,3
97,IVFFLAT_HYBRID,"[0.00,0.05)",8.979,1.0,3
97,SQL_FIRST,"[0.00,0.05)",9.115959,1.0,4
97,VECTOR_FIRST_HNSW,"[0.00,0.05)",23.0385,0.0,4
97,HNSW_HYBRID,"[0.00,0.05)",9.415458,1.0,4
97,IVFFLAT_HYBRID,"[0.00,0.05)",8.804416,1.0,4
98,SQL_FIRST,"[0.00,0.05)",9.1735,1.0,0
98,VECTOR_FIRST_HNSW,"[0.00,0.05)",23.21825,0.1,0
98,HNSW_HYBRID,"[0.00,0.05)",9.61125,1.0,0
98,IVFFLAT_HYBRID,"[0.00,0.05)",9.451625,1.0,0
98,SQL_FIRST,"[0.00,0.05)",9.320417,1.0,1
98,VECTOR_FIRST_HNSW,"[0.00,0.05)",22.977083,0.1,1
98,HNSW_HYBRID,"[0.00,0.05)",9.840459,1.0,1
98,IVFFLAT_HYBRID,"[0.00,0.05)",9.652125,1.0,1
98,SQL_FIRST,"[0.00,0.05)",9.443542,1.0,2
98,VECTOR_FIRST_HNSW,"[0.00,0.05)",23.606458,0.1,2
98,HNSW_HYBRID,"[0.00,0.05)",9.543084,1.0,2
98,IVFFLAT_HYBRID,"[0.00,0.05)",9.106458,1.0,2
98,SQL_FIRST,"[0.00,0.05)",9.296125,1.0,3
98,VECTOR_FIRST_HNSW,"[0.00,0.05)",23.172916,0.1,3
98,HNSW_HYBRID,"[0.00,0.05)",9.727958,1.0,3
98,IVFFLAT_HYBRID,"[0.00,0.05)",9.605,1.0,3
98,SQL_FIRST,"[0.00,0.05)",9.784375,1.0,4
98,VECTOR_FIRST_HNSW,"[0.00,0.05)",22.942208,0.1,4
98,HNSW_HYBRID,"[0.00,0.05)",9.9635,1.0,4
98,IVFFLAT_HYBRID,"[0.00,0.05)",9.30025,1.0,4
100,SQL_FIRST,"[0.00,0.05)",5.142667,1.0,0
100,VECTOR_FIRST_HNSW,"[0.00,0.05)",22.886833,0.1,0
100,HNSW_HYBRID,"[0.00,0.05)",5.636584,1.0,0
100,IVFFLAT_HYBRID,"[0.00,0.05)",5.211125,1.0,0
100,SQL_FIRST,"[0.00,0.05)",5.167208,1.0,1
100,VECTOR_FIRST_HNSW,"[0.00,0.05)",22.919125,0.1,1
100,HNSW_HYBRID,"[0.00,0.05)",5.866,1.0,1
100,IVFFLAT_HYBRID,"[0.00,0.05)",5.232791,1.0,1
100,SQL_FIRST,"[0.00,0.05)",5.047084,1.0,2
100,VECTOR_FIRST_HNSW,"[0.00,0.05)",22.909417,0.1,2
100,HNSW_HYBRID,"[0.00,0.05)",5.712,1.0,2
100,IVFFLAT_HYBRID,"[0.00,0.05)",5.158459,1.0,2
100,SQL_FIRST,"[0.00,0.05)",5.058875,1.0,3
100,VECTOR_FIRST_HNSW,"[0.00,0.05)",22.841833,0.1,3
100,HNSW_HYBRID,"[0.00,0.05)",5.676667,1.0,3
100,IVFFLAT_HYBRID,"[0.00,0.05)",5.083208,1.0,3
100,SQL_FIRST,"[0.00,0.05)",4.991542,1.0,4
100,VECTOR_FIRST_HNSW,"[0.00,0.05)",26.451417,0.1,4
100,HNSW_HYBRID,"[0.00,0.05)",5.884833,1.0,4
100,IVFFLAT_HYBRID,"[0.00,0.05)",5.274917,1.0,4
101,SQL_FIRST,"[0.00,0.05)",8.954792,1.0,0
101,VECTOR_FIRST_HNSW,"[0.00,0.05)",23.04775,0.6,0
101,HNSW_HYBRID,"[0.00,0.05)",9.306667,1.0,0
101,IVFFLAT_HYBRID,"[0.00,0.05)",9.462959,1.0,0
101,SQL_FIRST,"[0.00,0.05)",9.143584,1.0,1
101,VECTOR_FIRST_HNSW,"[0.00,0.05)",23.271917,0.6,1
101,HNSW_HYBRID,"[0.00,0.05)",9.520708,1.0,1
101,IVFFLAT_HYBRID,"[0.00,0.05)",8.8945,1.0,1
101,SQL_FIRST,"[0.00,0.05)",9.04725,1.0,2
101,VECTOR_FIRST_HNSW,"[0.00,0.05)",23.013875,0.6,2
101,HNSW_HYBRID,"[0.00,0.05)",9.704042,1.0,2
101,IVFFLAT_HYBRID,"[0.00,0.05)",9.116625,1.0,2
101,SQL_FIRST,"[0.00,0.05)",9.029125,1.0,3
101,VECTOR_FIRST_HNSW,"[0.00,0.05)",23.333459,0.6,3
101,HNSW_HYBRID,"[0.00,0.05)",9.359666,1.0,3
101,IVFFLAT_HYBRID,"[0.00,0.05)",8.939333,1.0,3
101,SQL_FIRST,"[0.00,0.05)",9.467375,1.0,4
101,VECTOR_FIRST_HNSW,"[0.00,0.05)",23.4415,0.6,4
101,HNSW_HYBRID,"[0.00,0.05)",9.851625,1.0,4
101,IVFFLAT_HYBRID,"[0.00,0.05)",9.208916,1.0,4
105,SQL_FIRST,"[0.00,0.05)",9.1345,1.0,0
105,VECTOR_FIRST_HNSW,"[0.00,0.05)",23.287458,0.4,0
105,HNSW_HYBRID,"[0.00,0.05)",9.510708,1.0,0
105,IVFFLAT_HYBRID,"[0.00,0.05)",9.047958,1.0,0
105,SQL_FIRST,"[0.00,0.05)",9.212208,1.0,1
105,VECTOR_FIRST_HNSW,"[0.00,0.05)",23.038333,0.4,1
105,HNSW_HYBRID,"[0.00,0.05)",9.833708,1.0,1
105,IVFFLAT_HYBRID,"[0.00,0.05)",9.099541,1.0,1
105,SQL_FIRST,"[0.00,0.05)",9.121083,1.0,2
105,VECTOR_FIRST_HNSW,"[0.00,0.05)",22.965208,0.4,2
105,HNSW_HYBRID,"[0.00,0.05)",9.524834,1.0,2
105,IVFFLAT_HYBRID,"[0.00,0.05)",9.605916,1.0,2
105,SQL_FIRST,"[0.00,0.05)",9.191791,1.0,3
105,VECTOR_FIRST_HNSW,"[0.00,0.05)",22.96375,0.4,3
105,HNSW_HYBRID,"[0.00,0.05)",9.629708,1.0,3
105,IVFFLAT_HYBRID,"[0.00,0.05)",9.28025,1.0,3
105,SQL_FIRST,"[0.00,0.05)",9.076333,1.0,4
105,VECTOR_FIRST_HNSW,"[0.00,0.05)",23.0635,0.4,4
105,HNSW_HYBRID,"[0.00,0.05)",9.474084,1.0,4
105,IVFFLAT_HYBRID,"[0.00,0.05)",9.420291,1.0,4
106,SQL_FIRST,"[0.00,0.05)",8.936667,1.0,0
106,VECTOR_FIRST_HNSW,"[0.00,0.05)",23.122792,0.4,0
106,HNSW_HYBRID,"[0.00,0.05)",9.563042,1.0,0
106,IVFFLAT_HYBRID,"[0.00,0.05)",8.968166,1.0,0
106,SQL_FIRST,"[0.00,0.05)",9.630458,1.0,1
106,VECTOR_FIRST_HNSW,"[0.00,0.05)",22.892416,0.4,1
106,HNSW_HYBRID,"[0.00,0.05)",9.495583,1.0,1
106,IVFFLAT_HYBRID,"[0.00,0.05)",9.084792,1.0,1
106,SQL_FIRST,"[0.00,0.05)",9.334709,1.0,2
106,VECTOR_FIRST_HNSW,"[0.00,0.05)",23.033666,0.4,2
106,HNSW_HYBRID,"[0.00,0.05)",9.489833,1.0,2
106,IVFFLAT_HYBRID,"[0.00,0.05)",8.69275,1.0,2
106,SQL_FIRST,"[0.00,0.05)",9.0435,1.0,3
106,VECTOR_FIRST_HNSW,"[0.00,0.05)",23.71,0.4,3
106,HNSW_HYBRID,"[0.00,0.05)",9.371459,1.0,3
106,IVFFLAT_HYBRID,"[0.00,0.05)",9.214084,1.0,3
106,SQL_FIRST,"[0.00,0.05)",8.9995,1.0,4
106,VECTOR_FIRST_HNSW,"[0.00,0.05)",23.231542,0.4,4
106,HNSW_HYBRID,"[0.00,0.05)",9.536917,1.0,4
106,IVFFLAT_HYBRID,"[0.00,0.05)",8.982917,1.0,4
107,SQL_FIRST,"[0.00,0.05)",5.496625,1.0,0
107,VECTOR_FIRST_HNSW,"[0.00,0.05)",22.949416,0.1,0
107,HNSW_HYBRID,"[0.00,0.05)",6.095167,1.0,0
107,IVFFLAT_HYBRID,"[0.00,0.05)",5.649625,1.0,0
107,SQL_FIRST,"[0.00,0.05)",5.363375,1.0,1
107,VECTOR_FIRST_HNSW,"[0.00,0.05)",23.054459,0.1,1
107,HNSW_HYBRID,"[0.00,0.05)",5.884042,1.0,1
107,IVFFLAT_HYBRID,"[0.00,0.05)",5.38925,1.0,1
107,SQL_FIRST,"[0.00,0.05)",5.3185,1.0,2
107,VECTOR_FIRST_HNSW,"[0.00,0.05)",22.9355,0.1,2
107,HNSW_HYBRID,"[0.00,0.05)",6.044334,1.0,2
107,IVFFLAT_HYBRID,"[0.00,0.05)",5.481959,1.0,2
107,SQL_FIRST,"[0.00,0.05)",5.397166,1.0,3
107,VECTOR_FIRST_HNSW,"[0.00,0.05)",22.879583,0.1,3
107,HNSW_HYBRID,"[0.00,0.05)",5.970542,1.0,3
107,IVFFLAT_HYBRID,"[0.00,0.05)",5.474834,1.0,3
107,SQL_FIRST,"[0.00,0.05)",5.418667,1.0,4
107,VECTOR_FIRST_HNSW,"[0.00,0.05)",22.914417,0.1,4
107,HNSW_HYBRID,"[0.00,0.05)",6.090083,1.0,4
107,IVFFLAT_HYBRID,"[0.00,0.05)",5.51475,1.0,4
108,SQL_FIRST,"[0.00,0.05)",4.450958,1.0,0
108,VECTOR_FIRST_HNSW,"[0.00,0.05)",22.8425,0.1,0
108,HNSW_HYBRID,"[0.00,0.05)",5.183583,1.0,0
108,IVFFLAT_HYBRID,"[0.00,0.05)",4.640458,1.0,0
108,SQL_FIRST,"[0.00,0.05)",4.524459,1.0,1
108,VECTOR_FIRST_HNSW,"[0.00,0.05)",22.9045,0.1,1
108,HNSW_HYBRID,"[0.00,0.05)",4.936917,1.0,1
108,IVFFLAT_HYBRID,"[0.00,0.05)",4.526959,1.0,1
108,SQL_FIRST,"[0.00,0.05)",4.491625,1.0,2
108,VECTOR_FIRST_HNSW,"[0.00,0.05)",23.076167,0.1,2
108,HNSW_HYBRID,"[0.00,0.05)",4.97225,1.0,2
108,IVFFLAT_HYBRID,"[0.00,0.05)",4.46025,1.0,2
108,SQL_FIRST,"[0.00,0.05)",4.650625,1.0,3
108,VECTOR_FIRST_HNSW,"[0.00,0.05)",22.837875,0.1,3
108,HNSW_HYBRID,"[0.00,0.05)",5.140833,1.0,3
108,IVFFLAT_HYBRID,"[0.00,0.05)",4.651917,1.0,3
108,SQL_FIRST,"[0.00,0.05)",4.45925,1.0,4
108,VECTOR_FIRST_HNSW,"[0.00,0.05)",22.887958,0.1,4
108,HNSW_HYBRID,"[0.00,0.05)",5.091833,1.0,4
108,IVFFLAT_HYBRID,"[0.00,0.05)",4.554125,1.0,4
109,SQL_FIRST,"[0.00,0.05)",9.152917,1.0,0
109,VECTOR_FIRST_HNSW,"[0.00,0.05)",22.978667,0.4,0
109,HNSW_HYBRID,"[0.00,0.05)",9.570459,1.0,0
109,IVFFLAT_HYBRID,"[0.00,0.05)",8.649041,1.0,0
109,SQL_FIRST,"[0.00,0.05)",8.787375,1.0,1
109,VECTOR_FIRST_HNSW,"[0.00,0.05)",23.444084,0.4,1
109,HNSW_HYBRID,"[0.00,0.05)",9.438708,1.0,1
109,IVFFLAT_HYBRID,"[0.00,0.05)",9.067125,1.0,1
109,SQL_FIRST,"[0.00,0.05)",8.881125,1.0,2
109,VECTOR_FIRST_HNSW,"[0.00,0.05)",22.932208,0.4,2
109,HNSW_HYBRID,"[0.00,0.05)",9.17125,1.0,2
109,IVFFLAT_HYBRID,"[0.00,0.05)",8.937875,1.0,2
109,SQL_FIRST,"[0.00,0.05)",8.889667,1.0,3
109,VECTOR_FIRST_HNSW,"[0.00,0.05)",22.9855,0.4,3
109,HNSW_HYBRID,"[0.00,0.05)",9.161041,1.0,3
109,IVFFLAT_HYBRID,"[0.00,0.05)",9.150375,1.0,3
109,SQL_FIRST,"[0.00,0.05)",8.73125,1.0,4
109,VECTOR_FIRST_HNSW,"[0.00,0.05)",23.342292,0.4,4
109,HNSW_HYBRID,"[0.00,0.05)",9.169208,1.0,4
109,IVFFLAT_HYBRID,"[0.00,0.05)",8.766833,1.0,4
110,SQL_FIRST,"[0.00,0.05)",10.344625,1.0,0
110,VECTOR_FIRST_HNSW,"[0.00,0.05)",23.107792,0.2,0
110,HNSW_HYBRID,"[0.00,0.05)",10.38675,1.0,0
110,IVFFLAT_HYBRID,"[0.00,0.05)",9.9155,1.0,0
110,SQL_FIRST,"[0.00,0.05)",9.928875,1.0,1
110,VECTOR_FIRST_HNSW,"[0.00,0.05)",22.968625,0.2,1
110,HNSW_HYBRID,"[0.00,0.05)",10.454875,1.0,1
110,IVFFLAT_HYBRID,"[0.00,0.05)",9.831875,1.0,1
110,SQL_FIRST,"[0.00,0.05)",10.086666,1.0,2
110,VECTOR_FIRST_HNSW,"[0.00,0.05)",23.103875,0.2,2
110,HNSW_HYBRID,"[0.00,0.05)",10.434375,1.0,2
110,IVFFLAT_HYBRID,"[0.00,0.05)",9.792625,1.0,2
110,SQL_FIRST,"[0.00,0.05)",9.9015,1.0,3
110,VECTOR_FIRST_HNSW,"[0.00,0.05)",22.971,0.2,3
110,HNSW_HYBRID,"[0.00,0.05)",10.377166,1.0,3
110,IVFFLAT_HYBRID,"[0.00,0.05)",9.8445,1.0,3
110,SQL_FIRST,"[0.00,0.05)",10.11125,1.0,4
110,VECTOR_FIRST_HNSW,"[0.00,0.05)",23.026083,0.2,4
110,HNSW_HYBRID,"[0.00,0.05)",10.444208,1.0,4
110,IVFFLAT_HYBRID,"[0.00,0.05)",9.824584,1.0,4
111,SQL_FIRST,"[0.00,0.05)",6.584042,1.0,0
111,VECTOR_FIRST_HNSW,"[0.00,0.05)",22.990083,0.3,0
111,HNSW_HYBRID,"[0.00,0.05)",7.246167,1.0,0
111,IVFFLAT_HYBRID,"[0.00,0.05)",6.362667,1.0,0
111,SQL_FIRST,"[0.00,0.05)",6.510708,1.0,1
111,VECTOR_FIRST_HNSW,"[0.00,0.05)",22.989084,0.3,1
111,HNSW_HYBRID,"[0.00,0.05)",7.152917,1.0,1
111,IVFFLAT_HYBRID,"[0.00,0.05)",6.476208,1.0,1
111,SQL_FIRST,"[0.00,0.05)",6.47425,1.0,2
111,VECTOR_FIRST_HNSW,"[0.00,0.05)",23.014917,0.3,2
111,HNSW_HYBRID,"[0.00,0.05)",7.096458,1.0,2
111,IVFFLAT_HYBRID,"[0.00,0.05)",7.1875,1.0,2
111,SQL_FIRST,"[0.00,0.05)",6.528917,1.0,3
111,VECTOR_FIRST_HNSW,"[0.00,0.05)",22.920125,0.3,3
111,HNSW_HYBRID,"[0.00,0.05)",7.03425,1.0,3
111,IVFFLAT_HYBRID,"[0.00,0.05)",6.571625,1.0,3
111,SQL_FIRST,"[0.00,0.05)",6.422292,1.0,4
111,VECTOR_FIRST_HNSW,"[0.00,0.05)",23.046959,0.3,4
111,HNSW_HYBRID,"[0.00,0.05)",7.110709,1.0,4
111,IVFFLAT_HYBRID,"[0.00,0.05)",6.853375,1.0,4
112,SQL_FIRST,"[0.00,0.05)",11.491,1.0,0
112,VECTOR_FIRST_HNSW,"[0.00,0.05)",23.489375,0.3,0
112,HNSW_HYBRID,"[0.00,0.05)",9.601458,1.0,0
112,IVFFLAT_HYBRID,"[0.00,0.05)",9.818625,1.0,0
112,SQL_FIRST,"[0.00,0.05)",9.008208,1.0,1
112,VECTOR_FIRST_HNSW,"[0.00,0.05)",23.003833,0.3,1
112,HNSW_HYBRID,"[0.00,0.05)",9.867334,1.0,1
112,IVFFLAT_HYBRID,"[0.00,0.05)",9.211208,1.0,1
112,SQL_FIRST,"[0.00,0.05)",8.896125,1.0,2
112,VECTOR_FIRST_HNSW,"[0.00,0.05)",22.969041,0.3,2
112,HNSW_HYBRID,"[0.00,0.05)",9.309458,1.0,2
112,IVFFLAT_HYBRID,"[0.00,0.05)",8.95125,1.0,2
112,SQL_FIRST,"[0.00,0.05)",9.126708,1.0,3
112,VECTOR_FIRST_HNSW,"[0.00,0.05)",23.081875,0.3,3
112,HNSW_HYBRID,"[0.00,0.05)",9.383208,1.0,3
112,IVFFLAT_HYBRID,"[0.00,0.05)",8.983375,1.0,3
112,SQL_FIRST,"[0.00,0.05)",9.481792,1.0,4
112,VECTOR_FIRST_HNSW,"[0.00,0.05)",23.234709,0.3,4
112,HNSW_HYBRID,"[0.00,0.05)",9.625084,1.0,4
112,IVFFLAT_HYBRID,"[0.00,0.05)",8.858625,1.0,4
114,SQL_FIRST,"[0.00,0.05)",9.323917,1.0,0
114,VECTOR_FIRST_HNSW,"[0.00,0.05)",23.111167,0.3,0
114,HNSW_HYBRID,"[0.00,0.05)",9.689208,1.0,0
114,IVFFLAT_HYBRID,"[0.00,0.05)",9.246625,1.0,0
114,SQL_FIRST,"[0.00,0.05)",9.177459,1.0,1
114,VECTOR_FIRST_HNSW,"[0.00,0.05)",23.59175,0.3,1
114,HNSW_HYBRID,"[0.00,0.05)",9.859,1.0,1
114,IVFFLAT_HYBRID,"[0.00,0.05)",9.308542,1.0,1
114,SQL_FIRST,"[0.00,0.05)",9.173542,1.0,2
114,VECTOR_FIRST_HNSW,"[0.00,0.05)",22.9435,0.3,2
114,HNSW_HYBRID,"[0.00,0.05)",9.684917,1.0,2
114,IVFFLAT_HYBRID,"[0.00,0.05)",9.35,1.0,2
114,SQL_FIRST,"[0.00,0.05)",9.511375,1.0,3
114,VECTOR_FIRST_HNSW,"[0.00,0.05)",23.037917,0.3,3
114,HNSW_HYBRID,"[0.00,0.05)",9.840417,1.0,3
114,IVFFLAT_HYBRID,"[0.00,0.05)",9.188042,1.0,3
114,SQL_FIRST,"[0.00,0.05)",9.123042,1.0,4
114,VECTOR_FIRST_HNSW,"[0.00,0.05)",22.980917,0.3,4
114,HNSW_HYBRID,"[0.00,0.05)",10.048917,1.0,4
114,IVFFLAT_HYBRID,"[0.00,0.05)",9.868792,1.0,4
116,SQL_FIRST,"[0.00,0.05)",8.230958,1.0,0
116,VECTOR_FIRST_HNSW,"[0.00,0.05)",22.985541,0.0,0
116,HNSW_HYBRID,"[0.00,0.05)",8.806667,1.0,0
116,IVFFLAT_HYBRID,"[0.00,0.05)",8.627917,1.0,0
116,SQL_FIRST,"[0.00,0.05)",8.165917,1.0,1
116,VECTOR_FIRST_HNSW,"[0.00,0.05)",23.127,0.0,1
116,HNSW_HYBRID,"[0.00,0.05)",8.794792,1.0,1
116,IVFFLAT_HYBRID,"[0.00,0.05)",8.133333,1.0,1
116,SQL_FIRST,"[0.00,0.05)",7.906208,1.0,2
116,VECTOR_FIRST_HNSW,"[0.00,0.05)",23.294041,0.0,2
116,HNSW_HYBRID,"[0.00,0.05)",8.748958,1.0,2
116,IVFFLAT_HYBRID,"[0.00,0.05)",8.486875,1.0,2
116,SQL_FIRST,"[0.00,0.05)",8.070792,1.0,3
116,VECTOR_FIRST_HNSW,"[0.00,0.05)",22.927084,0.0,3
116,HNSW_HYBRID,"[0.00,0.05)",8.900708,1.0,3
116,IVFFLAT_HYBRID,"[0.00,0.05)",8.330291,1.0,3
116,SQL_FIRST,"[0.00,0.05)",8.262834,1.0,4
116,VECTOR_FIRST_HNSW,"[0.00,0.05)",22.987834,0.0,4
116,HNSW_HYBRID,"[0.00,0.05)",8.76375,1.0,4
116,IVFFLAT_HYBRID,"[0.00,0.05)",8.447042,1.0,4
119,SQL_FIRST,"[0.00,0.05)",9.259958,1.0,0
119,VECTOR_FIRST_HNSW,"[0.00,0.05)",23.006,0.8,0
119,HNSW_HYBRID,"[0.00,0.05)",9.810417,1.0,0
119,IVFFLAT_HYBRID,"[0.00,0.05)",9.181959,1.0,0
119,SQL_FIRST,"[0.00,0.05)",9.625292,1.0,1
119,VECTOR_FIRST_HNSW,"[0.00,0.05)",23.844791,0.8,1
119,HNSW_HYBRID,"[0.00,0.05)",10.662167,1.0,1
119,IVFFLAT_HYBRID,"[0.00,0.05)",9.245,1.0,1
119,SQL_FIRST,"[0.00,0.05)",9.1775,1.0,2
119,VECTOR_FIRST_HNSW,"[0.00,0.05)",23.03075,0.8,2
119,HNSW_HYBRID,"[0.00,0.05)",9.849209,1.0,2
119,IVFFLAT_HYBRID,"[0.00,0.05)",9.643208,1.0,2
119,SQL_FIRST,"[0.00,0.05)",9.3995,1.0,3
119,VECTOR_FIRST_HNSW,"[0.00,0.05)",22.944875,0.8,3
119,HNSW_HYBRID,"[0.00,0.05)",9.330125,1.0,3
119,IVFFLAT_HYBRID,"[0.00,0.05)",9.545792,1.0,3
119,SQL_FIRST,"[0.00,0.05)",9.248,1.0,4
119,VECTOR_FIRST_HNSW,"[0.00,0.05)",23.02025,0.8,4
119,HNSW_HYBRID,"[0.00,0.05)",9.657916,1.0,4
119,IVFFLAT_HYBRID,"[0.00,0.05)",9.1935,1.0,4
121,SQL_FIRST,"[0.00,0.05)",5.73975,1.0,0
121,VECTOR_FIRST_HNSW,"[0.00,0.05)",22.997375,0.0,0
121,HNSW_HYBRID,"[0.00,0.05)",6.228667,1.0,0
121,IVFFLAT_HYBRID,"[0.00,0.05)",6.332292,1.0,0
121,SQL_FIRST,"[0.00,0.05)",5.697792,1.0,1
121,VECTOR_FIRST_HNSW,"[0.00,0.05)",22.90625,0.0,1
121,HNSW_HYBRID,"[0.00,0.05)",6.3375,1.0,1
121,IVFFLAT_HYBRID,"[0.00,0.05)",5.623209,1.0,1
121,SQL_FIRST,"[0.00,0.05)",5.588833,1.0,2
121,VECTOR_FIRST_HNSW,"[0.00,0.05)",22.9335,0.0,2
121,HNSW_HYBRID,"[0.00,0.05)",6.340292,1.0,2
121,IVFFLAT_HYBRID,"[0.00,0.05)",5.800959,1.0,2
121,SQL_FIRST,"[0.00,0.05)",5.80175,1.0,3
121,VECTOR_FIRST_HNSW,"[0.00,0.05)",23.252375,0.0,3
121,HNSW_HYBRID,"[0.00,0.05)",6.347166,1.0,3
121,IVFFLAT_HYBRID,"[0.00,0.05)",5.654084,1.0,3
121,SQL_FIRST,"[0.00,0.05)",5.769333,1.0,4
121,VECTOR_FIRST_HNSW,"[0.00,0.05)",23.105167,0.0,4
121,HNSW_HYBRID,"[0.00,0.05)",6.518,1.0,4
121,IVFFLAT_HYBRID,"[0.00,0.05)",5.856625,1.0,4
124,SQL_FIRST,"[0.00,0.05)",10.931125,1.0,0
124,VECTOR_FIRST_HNSW,"[0.00,0.05)",23.586125,0.2,0
124,HNSW_HYBRID,"[0.00,0.05)",11.212708,1.0,0
124,IVFFLAT_HYBRID,"[0.00,0.05)",11.095625,1.0,0
124,SQL_FIRST,"[0.00,0.05)",10.954417,1.0,1
124,VECTOR_FIRST_HNSW,"[0.00,0.05)",23.016916,0.2,1
124,HNSW_HYBRID,"[0.00,0.05)",11.34075,1.0,1
124,IVFFLAT_HYBRID,"[0.00,0.05)",11.195625,1.0,1
124,SQL_FIRST,"[0.00,0.05)",11.317459,1.0,2
124,VECTOR_FIRST_HNSW,"[0.00,0.05)",22.997708,0.2,2
124,HNSW_HYBRID,"[0.00,0.05)",11.597375,1.0,2
124,IVFFLAT_HYBRID,"[0.00,0.05)",10.913666,1.0,2
124,SQL_FIRST,"[0.00,0.05)",11.321375,1.0,3
124,VECTOR_FIRST_HNSW,"[0.00,0.05)",23.094917,0.2,3
124,HNSW_HYBRID,"[0.00,0.05)",11.538958,1.0,3
124,IVFFLAT_HYBRID,"[0.00,0.05)",12.085,1.0,3
124,SQL_FIRST,"[0.00,0.05)",10.883625,1.0,4
124,VECTOR_FIRST_HNSW,"[0.00,0.05)",23.669208,0.2,4
124,HNSW_HYBRID,"[0.00,0.05)",11.490709,1.0,4
124,IVFFLAT_HYBRID,"[0.00,0.05)",11.164709,1.0,4
128,SQL_FIRST,"[0.00,0.05)",7.089333,1.0,0
128,VECTOR_FIRST_HNSW,"[0.00,0.05)",22.925709,0.0,0
128,HNSW_HYBRID,"[0.00,0.05)",8.091875,1.0,0
128,IVFFLAT_HYBRID,"[0.00,0.05)",7.626875,1.0,0
128,SQL_FIRST,"[0.00,0.05)",7.213208,1.0,1
128,VECTOR_FIRST_HNSW,"[0.00,0.05)",22.946041,0.0,1
128,HNSW_HYBRID,"[0.00,0.05)",7.871458,1.0,1
128,IVFFLAT_HYBRID,"[0.00,0.05)",7.501084,1.0,1
128,SQL_FIRST,"[0.00,0.05)",7.376416,1.0,2
128,VECTOR_FIRST_HNSW,"[0.00,0.05)",23.548542,0.0,2
128,HNSW_HYBRID,"[0.00,0.05)",7.885458,1.0,2
128,IVFFLAT_HYBRID,"[0.00,0.05)",7.399,1.0,2
128,SQL_FIRST,"[0.00,0.05)",7.421083,1.0,3
128,VECTOR_FIRST_HNSW,"[0.00,0.05)",22.9725,0.0,3
128,HNSW_HYBRID,"[0.00,0.05)",8.013333,1.0,3
128,IVFFLAT_HYBRID,"[0.00,0.05)",7.390875,1.0,3
128,SQL_FIRST,"[0.00,0.05)",7.635041,1.0,4
128,VECTOR_FIRST_HNSW,"[0.00,0.05)",22.931208,0.0,4
128,HNSW_HYBRID,"[0.00,0.05)",8.082041,1.0,4
128,IVFFLAT_HYBRID,"[0.00,0.05)",7.370792,1.0,4
129,SQL_FIRST,"[0.00,0.05)",9.856959,1.0,0
129,VECTOR_FIRST_HNSW,"[0.00,0.05)",23.332583,0.6,0
129,HNSW_HYBRID,"[0.00,0.05)",9.548042,1.0,0
129,IVFFLAT_HYBRID,"[0.00,0.05)",9.643166,1.0,0
129,SQL_FIRST,"[0.00,0.05)",9.202042,1.0,1
129,VECTOR_FIRST_HNSW,"[0.00,0.05)",23.105917,0.6,1
129,HNSW_HYBRID,"[0.00,0.05)",9.63,1.0,1
129,IVFFLAT_HYBRID,"[0.00,0.05)",9.31025,1.0,1
129,SQL_FIRST,"[0.00,0.05)",9.074042,1.0,2
129,VECTOR_FIRST_HNSW,"[0.00,0.05)",23.030375,0.6,2
129,HNSW_HYBRID,"[0.00,0.05)",9.830583,1.0,2
129,IVFFLAT_HYBRID,"[0.00,0.05)",9.291583,1.0,2
129,SQL_FIRST,"[0.00,0.05)",9.312792,1.0,3
129,VECTOR_FIRST_HNSW,"[0.00,0.05)",23.276833,0.6,3
129,HNSW_HYBRID,"[0.00,0.05)",9.692958,1.0,3
129,IVFFLAT_HYBRID,"[0.00,0.05)",9.311958,1.0,3
129,SQL_FIRST,"[0.00,0.05)",9.606,1.0,4
129,VECTOR_FIRST_HNSW,"[0.00,0.05)",23.136834,0.6,4
129,HNSW_HYBRID,"[0.00,0.05)",9.679084,1.0,4
129,IVFFLAT_HYBRID,"[0.00,0.05)",9.444334,1.0,4
130,SQL_FIRST,"[0.00,0.05)",11.038083,1.0,0
130,VECTOR_FIRST_HNSW,"[0.00,0.05)",23.524667,0.3,0
130,HNSW_HYBRID,"[0.00,0.05)",11.348625,1.0,0
130,IVFFLAT_HYBRID,"[0.00,0.05)",11.216583,1.0,0
130,SQL_FIRST,"[0.00,0.05)",10.909458,1.0,1
130,VECTOR_FIRST_HNSW,"[0.00,0.05)",23.028625,0.3,1
130,HNSW_HYBRID,"[0.00,0.05)",11.803167,1.0,1
130,IVFFLAT_HYBRID,"[0.00,0.05)",11.174833,1.0,1
130,SQL_FIRST,"[0.00,0.05)",11.2105,1.0,2
130,VECTOR_FIRST_HNSW,"[0.00,0.05)",23.062458,0.3,2
130,HNSW_HYBRID,"[0.00,0.05)",11.358333,1.0,2
130,IVFFLAT_HYBRID,"[0.00,0.05)",11.135625,1.0,2
130,SQL_FIRST,"[0.00,0.05)",10.831666,1.0,3
130,VECTOR_FIRST_HNSW,"[0.00,0.05)",23.167708,0.3,3
130,HNSW_HYBRID,"[0.00,0.05)",11.839542,1.0,3
130,IVFFLAT_HYBRID,"[0.00,0.05)",11.164792,1.0,3
130,SQL_FIRST,"[0.00,0.05)",10.925625,1.0,4
130,VECTOR_FIRST_HNSW,"[0.00,0.05)",23.066416,0.3,4
130,HNSW_HYBRID,"[0.00,0.05)",11.378792,1.0,4
130,IVFFLAT_HYBRID,"[0.00,0.05)",11.422709,1.0,4
131,SQL_FIRST,"[0.00,0.05)",6.988666,1.0,0
131,VECTOR_FIRST_HNSW,"[0.00,0.05)",22.927,0.0,0
131,HNSW_HYBRID,"[0.00,0.05)",7.681417,1.0,0
131,IVFFLAT_HYBRID,"[0.00,0.05)",7.219708,1.0,0
131,SQL_FIRST,"[0.00,0.05)",7.406292,1.0,1
131,VECTOR_FIRST_HNSW,"[0.00,0.05)",22.854125,0.0,1
131,HNSW_HYBRID,"[0.00,0.05)",7.703458,1.0,1
131,IVFFLAT_HYBRID,"[0.00,0.05)",7.099334,1.0,1
131,SQL_FIRST,"[0.00,0.05)",6.986667,1.0,2
131,VECTOR_FIRST_HNSW,"[0.00,0.05)",22.929375,0.0,2
131,HNSW_HYBRID,"[0.00,0.05)",7.729959,1.0,2
131,IVFFLAT_HYBRID,"[0.00,0.05)",6.910375,1.0,2
131,SQL_FIRST,"[0.00,0.05)",7.250541,1.0,3
131,VECTOR_FIRST_HNSW,"[0.00,0.05)",22.985459,0.0,3
131,HNSW_HYBRID,"[0.00,0.05)",7.717792,1.0,3
131,IVFFLAT_HYBRID,"[0.00,0.05)",7.061542,1.0,3
131,SQL_FIRST,"[0.00,0.05)",6.806792,1.0,4
131,VECTOR_FIRST_HNSW,"[0.00,0.05)",22.958667,0.0,4
131,HNSW_HYBRID,"[0.00,0.05)",7.879042,1.0,4
131,IVFFLAT_HYBRID,"[0.00,0.05)",7.103542,1.0,4
133,SQL_FIRST,"[0.00,0.05)",5.572292,1.0,0
133,VECTOR_FIRST_HNSW,"[0.00,0.05)",23.431792,0.0,0
133,HNSW_HYBRID,"[0.00,0.05)",6.032667,1.0,0
133,IVFFLAT_HYBRID,"[0.00,0.05)",5.534041,1.0,0
133,SQL_FIRST,"[0.00,0.05)",5.353042,1.0,1
133,VECTOR_FIRST_HNSW,"[0.00,0.05)",23.071667,0.0,1
133,HNSW_HYBRID,"[0.00,0.05)",5.958458,1.0,1
133,IVFFLAT_HYBRID,"[0.00,0.05)",5.379792,1.0,1
133,SQL_FIRST,"[0.00,0.05)",5.41525,1.0,2
133,VECTOR_FIRST_HNSW,"[0.00,0.05)",22.955458,0.0,2
133,HNSW_HYBRID,"[0.00,0.05)",6.072459,1.0,2
133,IVFFLAT_HYBRID,"[0.00,0.05)",5.42375,1.0,2
133,SQL_FIRST,"[0.00,0.05)",5.565292,1.0,3
133,VECTOR_FIRST_HNSW,"[0.00,0.05)",32.144542,0.0,3
133,HNSW_HYBRID,"[0.00,0.05)",6.245417,1.0,3
133,IVFFLAT_HYBRID,"[0.00,0.05)",6.122833,1.0,3
133,SQL_FIRST,"[0.00,0.05)",6.120625,1.0,4
133,VECTOR_FIRST_HNSW,"[0.00,0.05)",23.305,0.0,4
133,HNSW_HYBRID,"[0.00,0.05)",5.991334,1.0,4
133,IVFFLAT_HYBRID,"[0.00,0.05)",5.530625,1.0,4
134,SQL_FIRST,"[0.00,0.05)",8.857959,1.0,0
134,VECTOR_FIRST_HNSW,"[0.00,0.05)",23.024792,0.3,0
134,HNSW_HYBRID,"[0.00,0.05)",9.792292,1.0,0
134,IVFFLAT_HYBRID,"[0.00,0.05)",9.285084,1.0,0
134,SQL_FIRST,"[0.00,0.05)",9.071917,1.0,1
134,VECTOR_FIRST_HNSW,"[0.00,0.05)",23.069,0.3,1
134,HNSW_HYBRID,"[0.00,0.05)",9.581125,1.0,1
134,IVFFLAT_HYBRID,"[0.00,0.05)",8.989209,1.0,1
134,SQL_FIRST,"[0.00,0.05)",9.07325,1.0,2
134,VECTOR_FIRST_HNSW,"[0.00,0.05)",23.016916,0.3,2
134,HNSW_HYBRID,"[0.00,0.05)",9.62025,1.0,2
134,IVFFLAT_HYBRID,"[0.00,0.05)",8.882166,1.0,2
134,SQL_FIRST,"[0.00,0.05)",9.352458,1.0,3
134,VECTOR_FIRST_HNSW,"[0.00,0.05)",22.873375,0.3,3
134,HNSW_HYBRID,"[0.00,0.05)",9.538042,1.0,3
134,IVFFLAT_HYBRID,"[0.00,0.05)",9.687958,1.0,3
134,SQL_FIRST,"[0.00,0.05)",9.103958,1.0,4
134,VECTOR_FIRST_HNSW,"[0.00,0.05)",26.757875,0.3,4
134,HNSW_HYBRID,"[0.00,0.05)",9.604125,1.0,4
134,IVFFLAT_HYBRID,"[0.00,0.05)",9.305291,1.0,4
136,SQL_FIRST,"[0.00,0.05)",9.028292,1.0,0
136,VECTOR_FIRST_HNSW,"[0.00,0.05)",22.943291,0.2,0
136,HNSW_HYBRID,"[0.00,0.05)",9.333875,1.0,0
136,IVFFLAT_HYBRID,"[0.00,0.05)",9.003833,1.0,0
136,SQL_FIRST,"[0.00,0.05)",8.862041,1.0,1
136,VECTOR_FIRST_HNSW,"[0.00,0.05)",23.1445,0.2,1
136,HNSW_HYBRID,"[0.00,0.05)",9.07175,1.0,1
136,IVFFLAT_HYBRID,"[0.00,0.05)",8.389625,1.0,1
136,SQL_FIRST,"[0.00,0.05)",9.139833,1.0,2
136,VECTOR_FIRST_HNSW,"[0.00,0.05)",23.072792,0.2,2
136,HNSW_HYBRID,"[0.00,0.05)",9.592125,1.0,2
136,IVFFLAT_HYBRID,"[0.00,0.05)",8.800458,1.0,2
136,SQL_FIRST,"[0.00,0.05)",8.678959,1.0,3
136,VECTOR_FIRST_HNSW,"[0.00,0.05)",22.894208,0.2,3
136,HNSW_HYBRID,"[0.00,0.05)",9.417167,1.0,3
136,IVFFLAT_HYBRID,"[0.00,0.05)",9.029042,1.0,3
136,SQL_FIRST,"[0.00,0.05)",8.988583,1.0,4
136,VECTOR_FIRST_HNSW,"[0.00,0.05)",22.8835,0.2,4
136,HNSW_HYBRID,"[0.00,0.05)",9.232417,1.0,4
136,IVFFLAT_HYBRID,"[0.00,0.05)",9.279709,1.0,4
137,SQL_FIRST,"[0.00,0.05)",8.047958,1.0,0
137,VECTOR_FIRST_HNSW,"[0.00,0.05)",23.071583,0.2,0
137,HNSW_HYBRID,"[0.00,0.05)",8.864333,1.0,0
137,IVFFLAT_HYBRID,"[0.00,0.05)",8.353625,1.0,0
137,SQL_FIRST,"[0.00,0.05)",8.332917,1.0,1
137,VECTOR_FIRST_HNSW,"[0.00,0.05)",22.863125,0.2,1
137,HNSW_HYBRID,"[0.00,0.05)",8.902416,1.0,1
137,IVFFLAT_HYBRID,"[0.00,0.05)",9.008041,1.0,1
137,SQL_FIRST,"[0.00,0.05)",8.770209,1.0,2
137,VECTOR_FIRST_HNSW,"[0.00,0.05)",22.986,0.2,2
137,HNSW_HYBRID,"[0.00,0.05)",9.015709,1.0,2
137,IVFFLAT_HYBRID,"[0.00,0.05)",8.650459,1.0,2
137,SQL_FIRST,"[0.00,0.05)",8.23475,1.0,3
137,VECTOR_FIRST_HNSW,"[0.00,0.05)",23.030625,0.2,3
137,HNSW_HYBRID,"[0.00,0.05)",8.853792,1.0,3
137,IVFFLAT_HYBRID,"[0.00,0.05)",8.425333,1.0,3
137,SQL_FIRST,"[0.00,0.05)",8.075,1.0,4
137,VECTOR_FIRST_HNSW,"[0.00,0.05)",23.014542,0.2,4
137,HNSW_HYBRID,"[0.00,0.05)",9.16825,1.0,4
137,IVFFLAT_HYBRID,"[0.00,0.05)",9.669875,1.0,4
138,SQL_FIRST,"[0.00,0.05)",8.629583,1.0,0
138,VECTOR_FIRST_HNSW,"[0.00,0.05)",22.995167,0.2,0
138,HNSW_HYBRID,"[0.00,0.05)",9.270209,1.0,0
138,IVFFLAT_HYBRID,"[0.00,0.05)",8.847458,1.0,0
138,SQL_FIRST,"[0.00,0.05)",9.201875,1.0,1
138,VECTOR_FIRST_HNSW,"[0.00,0.05)",23.01525,0.2,1
138,HNSW_HYBRID,"[0.00,0.05)",9.334541,1.0,1
138,IVFFLAT_HYBRID,"[0.00,0.05)",8.746958,1.0,1
138,SQL_FIRST,"[0.00,0.05)",8.577667,1.0,2
138,VECTOR_FIRST_HNSW,"[0.00,0.05)",23.018791,0.2,2
138,HNSW_HYBRID,"[0.00,0.05)",9.149459,1.0,2
138,IVFFLAT_HYBRID,"[0.00,0.05)",8.561042,1.0,2
138,SQL_FIRST,"[0.00,0.05)",8.783292,1.0,3
138,VECTOR_FIRST_HNSW,"[0.00,0.05)",23.568625,0.2,3
138,HNSW_HYBRID,"[0.00,0.05)",9.134958,1.0,3
138,IVFFLAT_HYBRID,"[0.00,0.05)",8.663417,1.0,3
138,SQL_FIRST,"[0.00,0.05)",8.547084,1.0,4
138,VECTOR_FIRST_HNSW,"[0.00,0.05)",23.099625,0.2,4
138,HNSW_HYBRID,"[0.00,0.05)",9.16,1.0,4
138,IVFFLAT_HYBRID,"[0.00,0.05)",9.234583,1.0,4
139,SQL_FIRST,"[0.00,0.05)",10.888792,1.0,0
139,VECTOR_FIRST_HNSW,"[0.00,0.05)",22.878875,0.3,0
139,HNSW_HYBRID,"[0.00,0.05)",10.867375,1.0,0
139,IVFFLAT_HYBRID,"[0.00,0.05)",10.246209,1.0,0
139,SQL_FIRST,"[0.00,0.05)",10.365834,1.0,1
139,VECTOR_FIRST_HNSW,"[0.00,0.05)",23.517708,0.3,1
139,HNSW_HYBRID,"[0.00,0.05)",10.724708,1.0,1
139,IVFFLAT_HYBRID,"[0.00,0.05)",10.561792,1.0,1
139,SQL_FIRST,"[0.00,0.05)",10.447666,1.0,2
139,VECTOR_FIRST_HNSW,"[0.00,0.05)",23.028417,0.3,2
139,HNSW_HYBRID,"[0.00,0.05)",10.83625,1.0,2
139,IVFFLAT_HYBRID,"[0.00,0.05)",10.390458,1.0,2
139,SQL_FIRST,"[0.00,0.05)",10.365125,1.0,3
139,VECTOR_FIRST_HNSW,"[0.00,0.05)",23.826083,0.3,3
139,HNSW_HYBRID,"[0.00,0.05)",10.856792,1.0,3
139,IVFFLAT_HYBRID,"[0.00,0.05)",10.211958,1.0,3
139,SQL_FIRST,"[0.00,0.05)",10.292833,1.0,4
139,VECTOR_FIRST_HNSW,"[0.00,0.05)",23.057833,0.3,4
139,HNSW_HYBRID,"[0.00,0.05)",10.992291,1.0,4
139,IVFFLAT_HYBRID,"[0.00,0.05)",10.412375,1.0,4
142,SQL_FIRST,"[0.00,0.05)",11.269625,1.0,0
142,VECTOR_FIRST_HNSW,"[0.00,0.05)",23.3945,0.6,0
142,HNSW_HYBRID,"[0.00,0.05)",11.507625,1.0,0
142,IVFFLAT_HYBRID,"[0.00,0.05)",11.149916,1.0,0
142,SQL_FIRST,"[0.00,0.05)",11.173541,1.0,1
142,VECTOR_FIRST_HNSW,"[0.00,0.05)",23.036042,0.6,1
142,HNSW_HYBRID,"[0.00,0.05)",11.616417,1.0,1
142,IVFFLAT_HYBRID,"[0.00,0.05)",11.695375,1.0,1
142,SQL_FIRST,"[0.00,0.05)",11.71025,1.0,2
142,VECTOR_FIRST_HNSW,"[0.00,0.05)",22.9175,0.6,2
142,HNSW_HYBRID,"[0.00,0.05)",11.624667,1.0,2
142,IVFFLAT_HYBRID,"[0.00,0.05)",11.344458,1.0,2
142,SQL_FIRST,"[0.00,0.05)",11.194375,1.0,3
142,VECTOR_FIRST_HNSW,"[0.00,0.05)",23.563958,0.6,3
142,HNSW_HYBRID,"[0.00,0.05)",11.495542,1.0,3
142,IVFFLAT_HYBRID,"[0.00,0.05)",11.166542,1.0,3
142,SQL_FIRST,"[0.00,0.05)",11.113208,1.0,4
142,VECTOR_FIRST_HNSW,"[0.00,0.05)",23.025541,0.6,4
142,HNSW_HYBRID,"[0.00,0.05)",11.71975,1.0,4
142,IVFFLAT_HYBRID,"[0.00,0.05)",11.409167,1.0,4
146,SQL_FIRST,"[0.00,0.05)",7.976042,1.0,0
146,VECTOR_FIRST_HNSW,"[0.00,0.05)",23.048625,0.2,0
146,HNSW_HYBRID,"[0.00,0.05)",8.553708,1.0,0
146,IVFFLAT_HYBRID,"[0.00,0.05)",8.900708,1.0,0
146,SQL_FIRST,"[0.00,0.05)",8.079791,1.0,1
146,VECTOR_FIRST_HNSW,"[0.00,0.05)",23.034709,0.2,1
146,HNSW_HYBRID,"[0.00,0.05)",8.654375,1.0,1
146,IVFFLAT_HYBRID,"[0.00,0.05)",8.031459,1.0,1
146,SQL_FIRST,"[0.00,0.05)",7.931791,1.0,2
146,VECTOR_FIRST_HNSW,"[0.00,0.05)",22.910458,0.2,2
146,HNSW_HYBRID,"[0.00,0.05)",8.499959,1.0,2
146,IVFFLAT_HYBRID,"[0.00,0.05)",8.153708,1.0,2
146,SQL_FIRST,"[0.00,0.05)",8.056417,1.0,3
146,VECTOR_FIRST_HNSW,"[0.00,0.05)",23.055208,0.2,3
146,HNSW_HYBRID,"[0.00,0.05)",8.589208,1.0,3
146,IVFFLAT_HYBRID,"[0.00,0.05)",8.011208,1.0,3
146,SQL_FIRST,"[0.00,0.05)",7.879417,1.0,4
146,VECTOR_FIRST_HNSW,"[0.00,0.05)",23.501667,0.2,4
146,HNSW_HYBRID,"[0.00,0.05)",8.632375,1.0,4
146,IVFFLAT_HYBRID,"[0.00,0.05)",8.22975,1.0,4
149,SQL_FIRST,"[0.00,0.05)",8.621292,1.0,0
149,VECTOR_FIRST_HNSW,"[0.00,0.05)",22.906584,0.5,0
149,HNSW_HYBRID,"[0.00,0.05)",9.008,1.0,0
149,IVFFLAT_HYBRID,"[0.00,0.05)",8.97975,1.0,0
149,SQL_FIRST,"[0.00,0.05)",8.299292,1.0,1
149,VECTOR_FIRST_HNSW,"[0.00,0.05)",22.950875,0.5,1
149,HNSW_HYBRID,"[0.00,0.05)",9.172708,1.0,1
149,IVFFLAT_HYBRID,"[0.00,0.05)",8.607625,1.0,1
149,SQL_FIRST,"[0.00,0.05)",8.625875,1.0,2
149,VECTOR_FIRST_HNSW,"[0.00,0.05)",22.977291,0.5,2
149,HNSW_HYBRID,"[0.00,0.05)",9.201541,1.0,2
149,IVFFLAT_HYBRID,"[0.00,0.05)",8.784125,1.0,2
149,SQL_FIRST,"[0.00,0.05)",9.044458,1.0,3
149,VECTOR_FIRST_HNSW,"[0.00,0.05)",23.156708,0.5,3
149,HNSW_HYBRID,"[0.00,0.05)",9.317125,1.0,3
149,IVFFLAT_HYBRID,"[0.00,0.05)",8.740375,1.0,3
149,SQL_FIRST,"[0.00,0.05)",9.1705,1.0,4
149,VECTOR_FIRST_HNSW,"[0.00,0.05)",23.287041,0.5,4
149,HNSW_HYBRID,"[0.00,0.05)",9.505667,1.0,4
149,IVFFLAT_HYBRID,"[0.00,0.05)",8.693333,1.0,4
150,SQL_FIRST,"[0.00,0.05)",4.645334,1.0,0
150,VECTOR_FIRST_HNSW,"[0.00,0.05)",22.889542,0.1,0
150,HNSW_HYBRID,"[0.00,0.05)",5.222291,1.0,0
150,IVFFLAT_HYBRID,"[0.00,0.05)",4.747709,1.0,0
150,SQL_FIRST,"[0.00,0.05)",4.675625,1.0,1
150,VECTOR_FIRST_HNSW,"[0.00,0.05)",22.958375,0.1,1
150,HNSW_HYBRID,"[0.00,0.05)",5.297625,1.0,1
150,IVFFLAT_HYBRID,"[0.00,0.05)",4.849542,1.0,1
150,SQL_FIRST,"[0.00,0.05)",4.817125,1.0,2
150,VECTOR_FIRST_HNSW,"[0.00,0.05)",22.862583,0.1,2
150,HNSW_HYBRID,"[0.00,0.05)",5.3145,1.0,2
150,IVFFLAT_HYBRID,"[0.00,0.05)",4.791334,1.0,2
150,SQL_FIRST,"[0.00,0.05)",4.729875,1.0,3
150,VECTOR_FIRST_HNSW,"[0.00,0.05)",22.966666,0.1,3
150,HNSW_HYBRID,"[0.00,0.05)",5.239667,1.0,3
150,IVFFLAT_HYBRID,"[0.00,0.05)",4.9775,1.0,3
150,SQL_FIRST,"[0.00,0.05)",4.851458,1.0,4
150,VECTOR_FIRST_HNSW,"[0.00,0.05)",24.555042,0.1,4
150,HNSW_HYBRID,"[0.00,0.05)",5.271708,1.0,4
150,IVFFLAT_HYBRID,"[0.00,0.05)",4.67275,1.0,4
151,SQL_FIRST,"[0.00,0.05)",9.4115,1.0,0
151,VECTOR_FIRST_HNSW,"[0.00,0.05)",23.052459,0.5,0
151,HNSW_HYBRID,"[0.00,0.05)",9.792875,1.0,0
151,IVFFLAT_HYBRID,"[0.00,0.05)",9.216584,1.0,0
151,SQL_FIRST,"[0.00,0.05)",9.67925,1.0,1
151,VECTOR_FIRST_HNSW,"[0.00,0.05)",23.261125,0.5,1
151,HNSW_HYBRID,"[0.00,0.05)",9.829042,1.0,1
151,IVFFLAT_HYBRID,"[0.00,0.05)",9.52925,1.0,1
151,SQL_FIRST,"[0.00,0.05)",9.392958,1.0,2
151,VECTOR_FIRST_HNSW,"[0.00,0.05)",22.922708,0.5,2
151,HNSW_HYBRID,"[0.00,0.05)",9.691,1.0,2
151,IVFFLAT_HYBRID,"[0.00,0.05)",9.824875,1.0,2
151,SQL_FIRST,"[0.00,0.05)",9.157292,1.0,3
151,VECTOR_FIRST_HNSW,"[0.00,0.05)",23.107208,0.5,3
151,HNSW_HYBRID,"[0.00,0.05)",10.463667,1.0,3
151,IVFFLAT_HYBRID,"[0.00,0.05)",10.252959,1.0,3
151,SQL_FIRST,"[0.00,0.05)",9.331042,1.0,4
151,VECTOR_FIRST_HNSW,"[0.00,0.05)",23.633084,0.5,4
151,HNSW_HYBRID,"[0.00,0.05)",10.042458,1.0,4
151,IVFFLAT_HYBRID,"[0.00,0.05)",9.2945,1.0,4
153,SQL_FIRST,"[0.00,0.05)",7.557,1.0,0
153,VECTOR_FIRST_HNSW,"[0.00,0.05)",23.016042,0.3,0
153,HNSW_HYBRID,"[0.00,0.05)",8.149875,1.0,0
153,IVFFLAT_HYBRID,"[0.00,0.05)",7.488334,1.0,0
153,SQL_FIRST,"[0.00,0.05)",7.349459,1.0,1
153,VECTOR_FIRST_HNSW,"[0.00,0.05)",23.083834,0.3,1
153,HNSW_HYBRID,"[0.00,0.05)",8.034792,1.0,1
153,IVFFLAT_HYBRID,"[0.00,0.05)",7.383583,1.0,1
153,SQL_FIRST,"[0.00,0.05)",7.190958,1.0,2
153,VECTOR_FIRST_HNSW,"[0.00,0.05)",23.249125,0.3,2
153,HNSW_HYBRID,"[0.00,0.05)",8.23125,1.0,2
153,IVFFLAT_HYBRID,"[0.00,0.05)",7.899167,1.0,2
153,SQL_FIRST,"[0.00,0.05)",7.261,1.0,3
153,VECTOR_FIRST_HNSW,"[0.00,0.05)",22.968083,0.3,3
153,HNSW_HYBRID,"[0.00,0.05)",8.177125,1.0,3
153,IVFFLAT_HYBRID,"[0.00,0.05)",7.419041,1.0,3
153,SQL_FIRST,"[0.00,0.05)",7.259417,1.0,4
153,VECTOR_FIRST_HNSW,"[0.00,0.05)",22.980791,0.3,4
153,HNSW_HYBRID,"[0.00,0.05)",8.04775,1.0,4
153,IVFFLAT_HYBRID,"[0.00,0.05)",7.479584,1.0,4
154,SQL_FIRST,"[0.00,0.05)",8.656625,1.0,0
154,VECTOR_FIRST_HNSW,"[0.00,0.05)",22.979542,0.3,0
154,HNSW_HYBRID,"[0.00,0.05)",9.44925,1.0,0
154,IVFFLAT_HYBRID,"[0.00,0.05)",9.500084,1.0,0
154,SQL_FIRST,"[0.00,0.05)",9.484042,1.0,1
154,VECTOR_FIRST_HNSW,"[0.00,0.05)",22.994417,0.3,1
154,HNSW_HYBRID,"[0.00,0.05)",9.520916,1.0,1
154,IVFFLAT_HYBRID,"[0.00,0.05)",8.879,1.0,1
154,SQL_FIRST,"[0.00,0.05)",9.136458,1.0,2
154,VECTOR_FIRST_HNSW,"[0.00,0.05)",22.94825,0.3,2
154,HNSW_HYBRID,"[0.00,0.05)",9.495875,1.0,2
154,IVFFLAT_HYBRID,"[0.00,0.05)",9.022292,1.0,2
154,SQL_FIRST,"[0.00,0.05)",9.192292,1.0,3
154,VECTOR_FIRST_HNSW,"[0.00,0.05)",23.000583,0.3,3
154,HNSW_HYBRID,"[0.00,0.05)",9.39575,1.0,3
154,IVFFLAT_HYBRID,"[0.00,0.05)",8.7675,1.0,3
154,SQL_FIRST,"[0.00,0.05)",9.286791,1.0,4
154,VECTOR_FIRST_HNSW,"[0.00,0.05)",23.040583,0.3,4
154,HNSW_HYBRID,"[0.00,0.05)",9.66475,1.0,4
154,IVFFLAT_HYBRID,"[0.00,0.05)",9.106875,1.0,4
155,SQL_FIRST,"[0.00,0.05)",7.580958,1.0,0
155,VECTOR_FIRST_HNSW,"[0.00,0.05)",22.90225,0.1,0
155,HNSW_HYBRID,"[0.00,0.05)",8.007042,1.0,0
155,IVFFLAT_HYBRID,"[0.00,0.05)",7.427,1.0,0
155,SQL_FIRST,"[0.00,0.05)",7.777292,1.0,1
155,VECTOR_FIRST_HNSW,"[0.00,0.05)",23.014625,0.1,1
155,HNSW_HYBRID,"[0.00,0.05)",7.9665,1.0,1
155,IVFFLAT_HYBRID,"[0.00,0.05)",7.231167,1.0,1
155,SQL_FIRST,"[0.00,0.05)",7.734333,1.0,2
155,VECTOR_FIRST_HNSW,"[0.00,0.05)",22.883541,0.1,2
155,HNSW_HYBRID,"[0.00,0.05)",8.185875,1.0,2
155,IVFFLAT_HYBRID,"[0.00,0.05)",7.359709,1.0,2
155,SQL_FIRST,"[0.00,0.05)",7.297083,1.0,3
155,VECTOR_FIRST_HNSW,"[0.00,0.05)",22.973333,0.1,3
155,HNSW_HYBRID,"[0.00,0.05)",8.078667,1.0,3
155,IVFFLAT_HYBRID,"[0.00,0.05)",7.376292,1.0,3
155,SQL_FIRST,"[0.00,0.05)",7.884875,1.0,4
155,VECTOR_FIRST_HNSW,"[0.00,0.05)",23.0385,0.1,4
155,HNSW_HYBRID,"[0.00,0.05)",7.897875,1.0,4
155,IVFFLAT_HYBRID,"[0.00,0.05)",7.480042,1.0,4
156,SQL_FIRST,"[0.00,0.05)",1.323,1.0,0
156,VECTOR_FIRST_HNSW,"[0.00,0.05)",23.286375,0.0,0
156,HNSW_HYBRID,"[0.00,0.05)",1.690167,1.0,0
156,IVFFLAT_HYBRID,"[0.00,0.05)",1.35025,1.0,0
156,SQL_FIRST,"[0.00,0.05)",1.361333,1.0,1
156,VECTOR_FIRST_HNSW,"[0.00,0.05)",23.061125,0.0,1
156,HNSW_HYBRID,"[0.00,0.05)",1.640208,1.0,1
156,IVFFLAT_HYBRID,"[0.00,0.05)",1.338042,1.0,1
156,SQL_FIRST,"[0.00,0.05)",1.298459,1.0,2
156,VECTOR_FIRST_HNSW,"[0.00,0.05)",22.885333,0.0,2
156,HNSW_HYBRID,"[0.00,0.05)",1.630625,1.0,2
156,IVFFLAT_HYBRID,"[0.00,0.05)",1.358792,1.0,2
156,SQL_FIRST,"[0.00,0.05)",1.354167,1.0,3
156,VECTOR_FIRST_HNSW,"[0.00,0.05)",22.810041,0.0,3
156,HNSW_HYBRID,"[0.00,0.05)",1.736583,1.0,3
156,IVFFLAT_HYBRID,"[0.00,0.05)",1.290791,1.0,3
156,SQL_FIRST,"[0.00,0.05)",1.31725,1.0,4
156,VECTOR_FIRST_HNSW,"[0.00,0.05)",22.885375,0.0,4
156,HNSW_HYBRID,"[0.00,0.05)",1.651333,1.0,4
156,IVFFLAT_HYBRID,"[0.00,0.05)",1.30775,1.0,4
157,SQL_FIRST,"[0.00,0.05)",9.19025,1.0,0
157,VECTOR_FIRST_HNSW,"[0.00,0.05)",23.032792,0.3,0
157,HNSW_HYBRID,"[0.00,0.05)",9.753958,1.0,0
157,IVFFLAT_HYBRID,"[0.00,0.05)",9.234666,1.0,0
157,SQL_FIRST,"[0.00,0.05)",9.226666,1.0,1
157,VECTOR_FIRST_HNSW,"[0.00,0.05)",23.345084,0.3,1
157,HNSW_HYBRID,"[0.00,0.05)",9.619334,1.0,1
157,IVFFLAT_HYBRID,"[0.00,0.05)",9.161333,1.0,1
157,SQL_FIRST,"[0.00,0.05)",9.29325,1.0,2
157,VECTOR_FIRST_HNSW,"[0.00,0.05)",23.736417,0.3,2
157,HNSW_HYBRID,"[0.00,0.05)",9.5785,1.0,2
157,IVFFLAT_HYBRID,"[0.00,0.05)",9.157208,1.0,2
157,SQL_FIRST,"[0.00,0.05)",9.709958,1.0,3
157,VECTOR_FIRST_HNSW,"[0.00,0.05)",23.009458,0.3,3
157,HNSW_HYBRID,"[0.00,0.05)",10.047542,1.0,3
157,IVFFLAT_HYBRID,"[0.00,0.05)",9.34925,1.0,3
157,SQL_FIRST,"[0.00,0.05)",9.176458,1.0,4
157,VECTOR_FIRST_HNSW,"[0.00,0.05)",24.3415,0.3,4
157,HNSW_HYBRID,"[0.00,0.05)",9.757458,1.0,4
157,IVFFLAT_HYBRID,"[0.00,0.05)",9.737208,1.0,4
161,SQL_FIRST,"[0.00,0.05)",9.185042,1.0,0
161,VECTOR_FIRST_HNSW,"[0.00,0.05)",23.029417,0.3,0
161,HNSW_HYBRID,"[0.00,0.05)",9.547958,1.0,0
161,IVFFLAT_HYBRID,"[0.00,0.05)",9.1645,1.0,0
161,SQL_FIRST,"[0.00,0.05)",9.247458,1.0,1
161,VECTOR_FIRST_HNSW,"[0.00,0.05)",23.001875,0.3,1
161,HNSW_HYBRID,"[0.00,0.05)",9.471167,1.0,1
161,IVFFLAT_HYBRID,"[0.00,0.05)",8.82525,1.0,1
161,SQL_FIRST,"[0.00,0.05)",9.307083,1.0,2
161,VECTOR_FIRST_HNSW,"[0.00,0.05)",23.349,0.3,2
161,HNSW_HYBRID,"[0.00,0.05)",9.723708,1.0,2
161,IVFFLAT_HYBRID,"[0.00,0.05)",9.066917,1.0,2
161,SQL_FIRST,"[0.00,0.05)",9.001625,1.0,3
161,VECTOR_FIRST_HNSW,"[0.00,0.05)",22.99525,0.3,3
161,HNSW_HYBRID,"[0.00,0.05)",9.613334,1.0,3
161,IVFFLAT_HYBRID,"[0.00,0.05)",9.87275,1.0,3
161,SQL_FIRST,"[0.00,0.05)",9.224458,1.0,4
161,VECTOR_FIRST_HNSW,"[0.00,0.05)",23.00125,0.3,4
161,HNSW_HYBRID,"[0.00,0.05)",9.445333,1.0,4
161,IVFFLAT_HYBRID,"[0.00,0.05)",9.215875,1.0,4
162,SQL_FIRST,"[0.00,0.05)",9.017375,1.0,0
162,VECTOR_FIRST_HNSW,"[0.00,0.05)",22.979916,0.9,0
162,HNSW_HYBRID,"[0.00,0.05)",9.417583,1.0,0
162,IVFFLAT_HYBRID,"[0.00,0.05)",8.820667,1.0,0
162,SQL_FIRST,"[0.00,0.05)",9.388667,1.0,1
162,VECTOR_FIRST_HNSW,"[0.00,0.05)",23.01275,0.9,1
162,HNSW_HYBRID,"[0.00,0.05)",9.639458,1.0,1
162,IVFFLAT_HYBRID,"[0.00,0.05)",8.969334,1.0,1
162,SQL_FIRST,"[0.00,0.05)",8.877709,1.0,2
162,VECTOR_FIRST_HNSW,"[0.00,0.05)",22.950542,0.9,2
162,HNSW_HYBRID,"[0.00,0.05)",9.512208,1.0,2
162,IVFFLAT_HYBRID,"[0.00,0.05)",9.344166,1.0,2
162,SQL_FIRST,"[0.00,0.05)",9.0155,1.0,3
162,VECTOR_FIRST_HNSW,"[0.00,0.05)",23.10275,0.9,3
162,HNSW_HYBRID,"[0.00,0.05)",9.386584,1.0,3
162,IVFFLAT_HYBRID,"[0.00,0.05)",8.906,1.0,3
162,SQL_FIRST,"[0.00,0.05)",8.832917,1.0,4
162,VECTOR_FIRST_HNSW,"[0.00,0.05)",23.359583,0.9,4
162,HNSW_HYBRID,"[0.00,0.05)",9.161959,1.0,4
162,IVFFLAT_HYBRID,"[0.00,0.05)",9.266958,1.0,4
164,SQL_FIRST,"[0.00,0.05)",9.589417,1.0,0
164,VECTOR_FIRST_HNSW,"[0.00,0.05)",23.177666,1.0,0
164,HNSW_HYBRID,"[0.00,0.05)",9.796625,1.0,0
164,IVFFLAT_HYBRID,"[0.00,0.05)",9.236291,1.0,0
164,SQL_FIRST,"[0.00,0.05)",9.162375,1.0,1
164,VECTOR_FIRST_HNSW,"[0.00,0.05)",23.028709,1.0,1
164,HNSW_HYBRID,"[0.00,0.05)",9.794834,1.0,1
164,IVFFLAT_HYBRID,"[0.00,0.05)",9.505917,1.0,1
164,SQL_FIRST,"[0.00,0.05)",9.242417,1.0,2
164,VECTOR_FIRST_HNSW,"[0.00,0.05)",22.931125,1.0,2
164,HNSW_HYBRID,"[0.00,0.05)",9.477458,1.0,2
164,IVFFLAT_HYBRID,"[0.00,0.05)",9.362292,1.0,2
164,SQL_FIRST,"[0.00,0.05)",9.362042,1.0,3
164,VECTOR_FIRST_HNSW,"[0.00,0.05)",22.954041,1.0,3
164,HNSW_HYBRID,"[0.00,0.05)",9.568458,1.0,3
164,IVFFLAT_HYBRID,"[0.00,0.05)",9.488958,1.0,3
164,SQL_FIRST,"[0.00,0.05)",9.3865,1.0,4
164,VECTOR_FIRST_HNSW,"[0.00,0.05)",23.163833,1.0,4
164,HNSW_HYBRID,"[0.00,0.05)",9.63025,1.0,4
164,IVFFLAT_HYBRID,"[0.00,0.05)",9.016,1.0,4
165,SQL_FIRST,"[0.00,0.05)",10.363541,1.0,0
165,VECTOR_FIRST_HNSW,"[0.00,0.05)",22.9285,0.2,0
165,HNSW_HYBRID,"[0.00,0.05)",10.9345,1.0,0
165,IVFFLAT_HYBRID,"[0.00,0.05)",10.657833,1.0,0
165,SQL_FIRST,"[0.00,0.05)",11.075,1.0,1
165,VECTOR_FIRST_HNSW,"[0.00,0.05)",22.998417,0.2,1
165,HNSW_HYBRID,"[0.00,0.05)",11.01975,1.0,1
165,IVFFLAT_HYBRID,"[0.00,0.05)",10.565708,1.0,1
165,SQL_FIRST,"[0.00,0.05)",10.481375,1.0,2
165,VECTOR_FIRST_HNSW,"[0.00,0.05)",23.00975,0.2,2
165,HNSW_HYBRID,"[0.00,0.05)",10.820416,1.0,2
165,IVFFLAT_HYBRID,"[0.00,0.05)",10.613917,1.0,2
165,SQL_FIRST,"[0.00,0.05)",10.676167,1.0,3
165,VECTOR_FIRST_HNSW,"[0.00,0.05)",23.05075,0.2,3
165,HNSW_HYBRID,"[0.00,0.05)",11.096333,1.0,3
165,IVFFLAT_HYBRID,"[0.00,0.05)",10.599375,1.0,3
165,SQL_FIRST,"[0.00,0.05)",11.094875,1.0,4
165,VECTOR_FIRST_HNSW,"[0.00,0.05)",23.074958,0.2,4
165,HNSW_HYBRID,"[0.00,0.05)",10.945334,1.0,4
165,IVFFLAT_HYBRID,"[0.00,0.05)",10.77025,1.0,4
167,SQL_FIRST,"[0.00,0.05)",10.405667,1.0,0
167,VECTOR_FIRST_HNSW,"[0.00,0.05)",22.982708,0.4,0
167,HNSW_HYBRID,"[0.00,0.05)",10.800208,1.0,0
167,IVFFLAT_HYBRID,"[0.00,0.05)",10.243334,1.0,0
167,SQL_FIRST,"[0.00,0.05)",10.002084,1.0,1
167,VECTOR_FIRST_HNSW,"[0.00,0.05)",22.854791,0.4,1
167,HNSW_HYBRID,"[0.00,0.05)",10.872291,1.0,1
167,IVFFLAT_HYBRID,"[0.00,0.05)",10.34525,1.0,1
167,SQL_FIRST,"[0.00,0.05)",10.22675,1.0,2
167,VECTOR_FIRST_HNSW,"[0.00,0.05)",23.059875,0.4,2
167,HNSW_HYBRID,"[0.00,0.05)",10.66675,1.0,2
167,IVFFLAT_HYBRID,"[0.00,0.05)",10.259,1.0,2
167,SQL_FIRST,"[0.00,0.05)",10.394416,1.0,3
167,VECTOR_FIRST_HNSW,"[0.00,0.05)",22.85775,0.4,3
167,HNSW_HYBRID,"[0.00,0.05)",10.7545,1.0,3
167,IVFFLAT_HYBRID,"[0.00,0.05)",10.360375,1.0,3
167,SQL_FIRST,"[0.00,0.05)",10.232917,1.0,4
167,VECTOR_FIRST_HNSW,"[0.00,0.05)",23.760042,0.4,4
167,HNSW_HYBRID,"[0.00,0.05)",10.743583,1.0,4
167,IVFFLAT_HYBRID,"[0.00,0.05)",10.302542,1.0,4
169,SQL_FIRST,"[0.00,0.05)",8.250542,1.0,0
169,VECTOR_FIRST_HNSW,"[0.00,0.05)",23.0305,0.1,0
169,HNSW_HYBRID,"[0.00,0.05)",8.917875,1.0,0
169,IVFFLAT_HYBRID,"[0.00,0.05)",8.079125,1.0,0
169,SQL_FIRST,"[0.00,0.05)",7.886291,1.0,1
169,VECTOR_FIRST_HNSW,"[0.00,0.05)",22.904417,0.1,1
169,HNSW_HYBRID,"[0.00,0.05)",8.709333,1.0,1
169,IVFFLAT_HYBRID,"[0.00,0.05)",8.517584,1.0,1
169,SQL_FIRST,"[0.00,0.05)",8.518625,1.0,2
169,VECTOR_FIRST_HNSW,"[0.00,0.05)",24.213875,0.1,2
169,HNSW_HYBRID,"[0.00,0.05)",8.764625,1.0,2
169,IVFFLAT_HYBRID,"[0.00,0.05)",7.944791,1.0,2
169,SQL_FIRST,"[0.00,0.05)",7.826333,1.0,3
169,VECTOR_FIRST_HNSW,"[0.00,0.05)",23.074291,0.1,3
169,HNSW_HYBRID,"[0.00,0.05)",8.64825,1.0,3
169,IVFFLAT_HYBRID,"[0.00,0.05)",7.886833,1.0,3
169,SQL_FIRST,"[0.00,0.05)",8.259458,1.0,4
169,VECTOR_FIRST_HNSW,"[0.00,0.05)",23.185625,0.1,4
169,HNSW_HYBRID,"[0.00,0.05)",8.901583,1.0,4
169,IVFFLAT_HYBRID,"[0.00,0.05)",8.223375,1.0,4
170,SQL_FIRST,"[0.00,0.05)",9.611542,1.0,0
170,VECTOR_FIRST_HNSW,"[0.00,0.05)",23.074042,0.2,0
170,HNSW_HYBRID,"[0.00,0.05)",10.328125,1.0,0
170,IVFFLAT_HYBRID,"[0.00,0.05)",9.83175,1.0,0
170,SQL_FIRST,"[0.00,0.05)",9.902291,1.0,1
170,VECTOR_FIRST_HNSW,"[0.00,0.05)",22.951292,0.2,1
170,HNSW_HYBRID,"[0.00,0.05)",10.208458,1.0,1
170,IVFFLAT_HYBRID,"[0.00,0.05)",9.41775,1.0,1
170,SQL_FIRST,"[0.00,0.05)",9.580416,1.0,2
170,VECTOR_FIRST_HNSW,"[0.00,0.05)",23.351916,0.2,2
170,HNSW_HYBRID,"[0.00,0.05)",10.057292,1.0,2
170,IVFFLAT_HYBRID,"[0.00,0.05)",9.33625,1.0,2
170,SQL_FIRST,"[0.00,0.05)",9.737834,1.0,3
170,VECTOR_FIRST_HNSW,"[0.00,0.05)",23.032583,0.2,3
170,HNSW_HYBRID,"[0.00,0.05)",10.210292,1.0,3
170,IVFFLAT_HYBRID,"[0.00,0.05)",10.177334,1.0,3
170,SQL_FIRST,"[0.00,0.05)",9.689208,1.0,4
170,VECTOR_FIRST_HNSW,"[0.00,0.05)",23.003667,0.2,4
170,HNSW_HYBRID,"[0.00,0.05)",10.439375,1.0,4
170,IVFFLAT_HYBRID,"[0.00,0.05)",9.860417,1.0,4
171,SQL_FIRST,"[0.00,0.05)",7.9675,1.0,0
171,VECTOR_FIRST_HNSW,"[0.00,0.05)",22.95675,0.0,0
171,HNSW_HYBRID,"[0.00,0.05)",8.456833,1.0,0
171,IVFFLAT_HYBRID,"[0.00,0.05)",7.805833,1.0,0
171,SQL_FIRST,"[0.00,0.05)",7.789125,1.0,1
171,VECTOR_FIRST_HNSW,"[0.00,0.05)",23.029916,0.0,1
171,HNSW_HYBRID,"[0.00,0.05)",8.366458,1.0,1
171,IVFFLAT_HYBRID,"[0.00,0.05)",7.595833,1.0,1
171,SQL_FIRST,"[0.00,0.05)",7.49925,1.0,2
171,VECTOR_FIRST_HNSW,"[0.00,0.05)",22.985542,0.0,2
171,HNSW_HYBRID,"[0.00,0.05)",8.341875,1.0,2
171,IVFFLAT_HYBRID,"[0.00,0.05)",7.92125,1.0,2
171,SQL_FIRST,"[0.00,0.05)",7.568709,1.0,3
171,VECTOR_FIRST_HNSW,"[0.00,0.05)",22.9535,0.0,3
171,HNSW_HYBRID,"[0.00,0.05)",8.360167,1.0,3
171,IVFFLAT_HYBRID,"[0.00,0.05)",8.214042,1.0,3
171,SQL_FIRST,"[0.00,0.05)",8.018125,1.0,4
171,VECTOR_FIRST_HNSW,"[0.00,0.05)",22.92625,0.0,4
171,HNSW_HYBRID,"[0.00,0.05)",8.171833,1.0,4
171,IVFFLAT_HYBRID,"[0.00,0.05)",7.88775,1.0,4
173,SQL_FIRST,"[0.00,0.05)",9.405875,1.0,0
173,VECTOR_FIRST_HNSW,"[0.00,0.05)",22.915667,0.2,0
173,HNSW_HYBRID,"[0.00,0.05)",10.222292,1.0,0
173,IVFFLAT_HYBRID,"[0.00,0.05)",9.2055,1.0,0
173,SQL_FIRST,"[0.00,0.05)",9.148792,1.0,1
173,VECTOR_FIRST_HNSW,"[0.00,0.05)",22.980292,0.2,1
173,HNSW_HYBRID,"[0.00,0.05)",9.8285,1.0,1
173,IVFFLAT_HYBRID,"[0.00,0.05)",9.233583,1.0,1
173,SQL_FIRST,"[0.00,0.05)",9.316625,1.0,2
173,VECTOR_FIRST_HNSW,"[0.00,0.05)",23.418208,0.2,2
173,HNSW_HYBRID,"[0.00,0.05)",9.763459,1.0,2
173,IVFFLAT_HYBRID,"[0.00,0.05)",9.088208,1.0,2
173,SQL_FIRST,"[0.00,0.05)",9.1665,1.0,3
173,VECTOR_FIRST_HNSW,"[0.00,0.05)",25.180625,0.2,3
173,HNSW_HYBRID,"[0.00,0.05)",9.590542,1.0,3
173,IVFFLAT_HYBRID,"[0.00,0.05)",9.437,1.0,3
173,SQL_FIRST,"[0.00,0.05)",9.194417,1.0,4
173,VECTOR_FIRST_HNSW,"[0.00,0.05)",23.503792,0.2,4
173,HNSW_HYBRID,"[0.00,0.05)",9.736667,1.0,4
173,IVFFLAT_HYBRID,"[0.00,0.05)",9.050709,1.0,4
175,SQL_FIRST,"[0.00,0.05)",8.791125,1.0,0
175,VECTOR_FIRST_HNSW,"[0.00,0.05)",22.956333,0.3,0
175,HNSW_HYBRID,"[0.00,0.05)",9.69975,1.0,0
175,IVFFLAT_HYBRID,"[0.00,0.05)",9.130333,1.0,0
175,SQL_FIRST,"[0.00,0.05)",9.237584,1.0,1
175,VECTOR_FIRST_HNSW,"[0.00,0.05)",22.874625,0.3,1
175,HNSW_HYBRID,"[0.00,0.05)",9.349916,1.0,1
175,IVFFLAT_HYBRID,"[0.00,0.05)",8.84475,1.0,1
175,SQL_FIRST,"[0.00,0.05)",8.731375,1.0,2
175,VECTOR_FIRST_HNSW,"[0.00,0.05)",23.041833,0.3,2
175,HNSW_HYBRID,"[0.00,0.05)",9.313834,1.0,2
175,IVFFLAT_HYBRID,"[0.00,0.05)",9.26075,1.0,2
175,SQL_FIRST,"[0.00,0.05)",8.746667,1.0,3
175,VECTOR_FIRST_HNSW,"[0.00,0.05)",23.008417,0.3,3
175,HNSW_HYBRID,"[0.00,0.05)",9.365667,1.0,3
175,IVFFLAT_HYBRID,"[0.00,0.05)",8.75825,1.0,3
175,SQL_FIRST,"[0.00,0.05)",8.790833,1.0,4
175,VECTOR_FIRST_HNSW,"[0.00,0.05)",22.952791,0.3,4
175,HNSW_HYBRID,"[0.00,0.05)",9.348708,1.0,4
175,IVFFLAT_HYBRID,"[0.00,0.05)",9.392375,1.0,4
178,SQL_FIRST,"[0.00,0.05)",10.122833,1.0,0
178,VECTOR_FIRST_HNSW,"[0.00,0.05)",23.120375,0.5,0
178,HNSW_HYBRID,"[0.00,0.05)",9.891917,1.0,0
178,IVFFLAT_HYBRID,"[0.00,0.05)",9.133625,1.0,0
178,SQL_FIRST,"[0.00,0.05)",9.760792,1.0,1
178,VECTOR_FIRST_HNSW,"[0.00,0.05)",23.023458,0.5,1
178,HNSW_HYBRID,"[0.00,0.05)",10.100542,1.0,1
178,IVFFLAT_HYBRID,"[0.00,0.05)",9.567458,1.0,1
178,SQL_FIRST,"[0.00,0.05)",9.167708,1.0,2
178,VECTOR_FIRST_HNSW,"[0.00,0.05)",22.911875,0.5,2
178,HNSW_HYBRID,"[0.00,0.05)",10.129792,1.0,2
178,IVFFLAT_HYBRID,"[0.00,0.05)",9.645916,1.0,2
178,SQL_FIRST,"[0.00,0.05)",9.46175,1.0,3
178,VECTOR_FIRST_HNSW,"[0.00,0.05)",22.971958,0.5,3
178,HNSW_HYBRID,"[0.00,0.05)",10.114417,1.0,3
178,IVFFLAT_HYBRID,"[0.00,0.05)",9.482541,1.0,3
178,SQL_FIRST,"[0.00,0.05)",9.828292,1.0,4
178,VECTOR_FIRST_HNSW,"[0.00,0.05)",22.885667,0.5,4
178,HNSW_HYBRID,"[0.00,0.05)",10.123958,1.0,4
178,IVFFLAT_HYBRID,"[0.00,0.05)",9.664416,1.0,4
179,SQL_FIRST,"[0.00,0.05)",10.713875,1.0,0
179,VECTOR_FIRST_HNSW,"[0.00,0.05)",22.994708,0.2,0
179,HNSW_HYBRID,"[0.00,0.05)",10.780792,1.0,0
179,IVFFLAT_HYBRID,"[0.00,0.05)",10.0525,1.0,0
179,SQL_FIRST,"[0.00,0.05)",10.593167,1.0,1
179,VECTOR_FIRST_HNSW,"[0.00,0.05)",23.05075,0.2,1
179,HNSW_HYBRID,"[0.00,0.05)",10.926625,1.0,1
179,IVFFLAT_HYBRID,"[0.00,0.05)",10.282209,1.0,1
179,SQL_FIRST,"[0.00,0.05)",10.01525,1.0,2
179,VECTOR_FIRST_HNSW,"[0.00,0.05)",23.532708,0.2,2
179,HNSW_HYBRID,"[0.00,0.05)",11.094042,1.0,2
179,IVFFLAT_HYBRID,"[0.00,0.05)",10.355959,1.0,2
179,SQL_FIRST,"[0.00,0.05)",10.321916,1.0,3
179,VECTOR_FIRST_HNSW,"[0.00,0.05)",23.003,0.2,3
179,HNSW_HYBRID,"[0.00,0.05)",10.951,1.0,3
179,IVFFLAT_HYBRID,"[0.00,0.05)",10.662667,1.0,3
179,SQL_FIRST,"[0.00,0.05)",10.909959,1.0,4
179,VECTOR_FIRST_HNSW,"[0.00,0.05)",23.0955,0.2,4
179,HNSW_HYBRID,"[0.00,0.05)",10.929833,1.0,4
179,IVFFLAT_HYBRID,"[0.00,0.05)",10.46325,1.0,4
182,SQL_FIRST,"[0.00,0.05)",6.352625,1.0,0
182,VECTOR_FIRST_HNSW,"[0.00,0.05)",23.062584,0.1,0
182,HNSW_HYBRID,"[0.00,0.05)",7.025042,1.0,0
182,IVFFLAT_HYBRID,"[0.00,0.05)",7.072875,1.0,0
182,SQL_FIRST,"[0.00,0.05)",6.4045,1.0,1
182,VECTOR_FIRST_HNSW,"[0.00,0.05)",22.950541,0.1,1
182,HNSW_HYBRID,"[0.00,0.05)",7.107791,1.0,1
182,IVFFLAT_HYBRID,"[0.00,0.05)",6.509208,1.0,1
182,SQL_FIRST,"[0.00,0.05)",6.749792,1.0,2
182,VECTOR_FIRST_HNSW,"[0.00,0.05)",22.848833,0.1,2
182,HNSW_HYBRID,"[0.00,0.05)",7.083792,1.0,2
182,IVFFLAT_HYBRID,"[0.00,0.05)",7.788958,1.0,2
182,SQL_FIRST,"[0.00,0.05)",6.436708,1.0,3
182,VECTOR_FIRST_HNSW,"[0.00,0.05)",23.001666,0.1,3
182,HNSW_HYBRID,"[0.00,0.05)",7.016,1.0,3
182,IVFFLAT_HYBRID,"[0.00,0.05)",6.449583,1.0,3
182,SQL_FIRST,"[0.00,0.05)",6.276625,1.0,4
182,VECTOR_FIRST_HNSW,"[0.00,0.05)",22.933375,0.1,4
182,HNSW_HYBRID,"[0.00,0.05)",7.153,1.0,4
182,IVFFLAT_HYBRID,"[0.00,0.05)",6.382791,1.0,4
183,SQL_FIRST,"[0.00,0.05)",9.112459,1.0,0
183,VECTOR_FIRST_HNSW,"[0.00,0.05)",22.858333,0.4,0
183,HNSW_HYBRID,"[0.00,0.05)",9.571083,1.0,0
183,IVFFLAT_HYBRID,"[0.00,0.05)",9.69425,1.0,0
183,SQL_FIRST,"[0.00,0.05)",9.416,1.0,1
183,VECTOR_FIRST_HNSW,"[0.00,0.05)",24.205916,0.4,1
183,HNSW_HYBRID,"[0.00,0.05)",9.549625,1.0,1
183,IVFFLAT_HYBRID,"[0.00,0.05)",8.88175,1.0,1
183,SQL_FIRST,"[0.00,0.05)",9.143584,1.0,2
183,VECTOR_FIRST_HNSW,"[0.00,0.05)",23.126625,0.4,2
183,HNSW_HYBRID,"[0.00,0.05)",9.807875,1.0,2
183,IVFFLAT_HYBRID,"[0.00,0.05)",9.684542,1.0,2
183,SQL_FIRST,"[0.00,0.05)",9.2855,1.0,3
183,VECTOR_FIRST_HNSW,"[0.00,0.05)",22.990083,0.4,3
183,HNSW_HYBRID,"[0.00,0.05)",9.735084,1.0,3
183,IVFFLAT_HYBRID,"[0.00,0.05)",9.077709,1.0,3
183,SQL_FIRST,"[0.00,0.05)",9.571958,1.0,4
183,VECTOR_FIRST_HNSW,"[0.00,0.05)",22.942209,0.4,4
183,HNSW_HYBRID,"[0.00,0.05)",9.671208,1.0,4
183,IVFFLAT_HYBRID,"[0.00,0.05)",9.4265,1.0,4
186,SQL_FIRST,"[0.00,0.05)",9.219042,1.0,0
186,VECTOR_FIRST_HNSW,"[0.00,0.05)",22.991375,0.5,0
186,HNSW_HYBRID,"[0.00,0.05)",9.523833,1.0,0
186,IVFFLAT_HYBRID,"[0.00,0.05)",8.915834,1.0,0
186,SQL_FIRST,"[0.00,0.05)",9.248833,1.0,1
186,VECTOR_FIRST_HNSW,"[0.00,0.05)",23.060875,0.5,1
186,HNSW_HYBRID,"[0.00,0.05)",9.686291,1.0,1
186,IVFFLAT_HYBRID,"[0.00,0.05)",9.139667,1.0,1
186,SQL_FIRST,"[0.00,0.05)",9.02425,1.0,2
186,VECTOR_FIRST_HNSW,"[0.00,0.05)",23.268208,0.5,2
186,HNSW_HYBRID,"[0.00,0.05)",9.796584,1.0,2
186,IVFFLAT_HYBRID,"[0.00,0.05)",9.243333,1.0,2
186,SQL_FIRST,"[0.00,0.05)",9.433542,1.0,3
186,VECTOR_FIRST_HNSW,"[0.00,0.05)",22.927375,0.5,3
186,HNSW_HYBRID,"[0.00,0.05)",10.389708,1.0,3
186,IVFFLAT_HYBRID,"[0.00,0.05)",9.29525,1.0,3
186,SQL_FIRST,"[0.00,0.05)",9.242166,1.0,4
186,VECTOR_FIRST_HNSW,"[0.00,0.05)",23.00975,0.5,4
186,HNSW_HYBRID,"[0.00,0.05)",9.411334,1.0,4
186,IVFFLAT_HYBRID,"[0.00,0.05)",9.63675,1.0,4
187,SQL_FIRST,"[0.00,0.05)",5.390125,1.0,0
187,VECTOR_FIRST_HNSW,"[0.00,0.05)",22.864084,0.0,0
187,HNSW_HYBRID,"[0.00,0.05)",6.163708,1.0,0
187,IVFFLAT_HYBRID,"[0.00,0.05)",5.535917,1.0,0
187,SQL_FIRST,"[0.00,0.05)",5.441459,1.0,1
187,VECTOR_FIRST_HNSW,"[0.00,0.05)",23.216833,0.0,1
187,HNSW_HYBRID,"[0.00,0.05)",6.0065,1.0,1
187,IVFFLAT_HYBRID,"[0.00,0.05)",5.445458,1.0,1
187,SQL_FIRST,"[0.00,0.05)",5.5875,1.0,2
187,VECTOR_FIRST_HNSW,"[0.00,0.05)",24.117166,0.0,2
187,HNSW_HYBRID,"[0.00,0.05)",6.066041,1.0,2
187,IVFFLAT_HYBRID,"[0.00,0.05)",5.500125,1.0,2
187,SQL_FIRST,"[0.00,0.05)",5.36175,1.0,3
187,VECTOR_FIRST_HNSW,"[0.00,0.05)",22.873,0.0,3
187,HNSW_HYBRID,"[0.00,0.05)",6.302208,1.0,3
187,IVFFLAT_HYBRID,"[0.00,0.05)",5.569417,1.0,3
187,SQL_FIRST,"[0.00,0.05)",5.466917,1.0,4
187,VECTOR_FIRST_HNSW,"[0.00,0.05)",23.03625,0.0,4
187,HNSW_HYBRID,"[0.00,0.05)",6.074834,1.0,4
187,IVFFLAT_HYBRID,"[0.00,0.05)",5.414208,1.0,4
188,SQL_FIRST,"[0.00,0.05)",7.25475,1.0,0
188,VECTOR_FIRST_HNSW,"[0.00,0.05)",22.874375,0.3,0
188,HNSW_HYBRID,"[0.00,0.05)",8.073166,1.0,0
188,IVFFLAT_HYBRID,"[0.00,0.05)",7.565916,1.0,0
188,SQL_FIRST,"[0.00,0.05)",7.275458,1.0,1
188,VECTOR_FIRST_HNSW,"[0.00,0.05)",22.986541,0.3,1
188,HNSW_HYBRID,"[0.00,0.05)",8.024667,1.0,1
188,IVFFLAT_HYBRID,"[0.00,0.05)",7.54125,1.0,1
188,SQL_FIRST,"[0.00,0.05)",7.67325,1.0,2
188,VECTOR_FIRST_HNSW,"[0.00,0.05)",23.694667,0.3,2
188,HNSW_HYBRID,"[0.00,0.05)",8.156125,1.0,2
188,IVFFLAT_HYBRID,"[0.00,0.05)",7.361916,1.0,2
188,SQL_FIRST,"[0.00,0.05)",7.252334,1.0,3
188,VECTOR_FIRST_HNSW,"[0.00,0.05)",24.042541,0.3,3
188,HNSW_HYBRID,"[0.00,0.05)",8.328125,1.0,3
188,IVFFLAT_HYBRID,"[0.00,0.05)",7.731833,1.0,3
188,SQL_FIRST,"[0.00,0.05)",7.624125,1.0,4
188,VECTOR_FIRST_HNSW,"[0.00,0.05)",22.850083,0.3,4
188,HNSW_HYBRID,"[0.00,0.05)",8.397291,1.0,4
188,IVFFLAT_HYBRID,"[0.00,0.05)",7.429958,1.0,4
189,SQL_FIRST,"[0.00,0.05)",8.450667,1.0,0
189,VECTOR_FIRST_HNSW,"[0.00,0.05)",22.976334,0.1,0
189,HNSW_HYBRID,"[0.00,0.05)",9.174708,1.0,0
189,IVFFLAT_HYBRID,"[0.00,0.05)",8.326291,1.0,0
189,SQL_FIRST,"[0.00,0.05)",8.08275,1.0,1
189,VECTOR_FIRST_HNSW,"[0.00,0.05)",22.975625,0.1,1
189,HNSW_HYBRID,"[0.00,0.05)",9.088125,1.0,1
189,IVFFLAT_HYBRID,"[0.00,0.05)",8.699667,1.0,1
189,SQL_FIRST,"[0.00,0.05)",8.489167,1.0,2
189,VECTOR_FIRST_HNSW,"[0.00,0.05)",22.878666,0.1,2
189,HNSW_HYBRID,"[0.00,0.05)",9.054042,1.0,2
189,IVFFLAT_HYBRID,"[0.00,0.05)",9.011541,1.0,2
189,SQL_FIRST,"[0.00,0.05)",8.442667,1.0,3
189,VECTOR_FIRST_HNSW,"[0.00,0.05)",23.005666,0.1,3
189,HNSW_HYBRID,"[0.00,0.05)",8.904584,1.0,3
189,IVFFLAT_HYBRID,"[0.00,0.05)",8.820084,1.0,3
189,SQL_FIRST,"[0.00,0.05)",8.305834,1.0,4
189,VECTOR_FIRST_HNSW,"[0.00,0.05)",22.991375,0.1,4
189,HNSW_HYBRID,"[0.00,0.05)",9.049541,1.0,4
189,IVFFLAT_HYBRID,"[0.00,0.05)",8.306792,1.0,4
195,SQL_FIRST,"[0.00,0.05)",8.618167,1.0,0
195,VECTOR_FIRST_HNSW,"[0.00,0.05)",23.01375,0.5,0
195,HNSW_HYBRID,"[0.00,0.05)",9.36925,1.0,0
195,IVFFLAT_HYBRID,"[0.00,0.05)",9.339416,1.0,0
195,SQL_FIRST,"[0.00,0.05)",9.067208,1.0,1
195,VECTOR_FIRST_HNSW,"[0.00,0.05)",22.911167,0.5,1
195,HNSW_HYBRID,"[0.00,0.05)",9.425959,1.0,1
195,IVFFLAT_HYBRID,"[0.00,0.05)",8.875042,1.0,1
195,SQL_FIRST,"[0.00,0.05)",8.887916,1.0,2
195,VECTOR_FIRST_HNSW,"[0.00,0.05)",22.883834,0.5,2
195,HNSW_HYBRID,"[0.00,0.05)",9.240208,1.0,2
195,IVFFLAT_HYBRID,"[0.00,0.05)",8.407083,1.0,2
195,SQL_FIRST,"[0.00,0.05)",9.122584,1.0,3
195,VECTOR_FIRST_HNSW,"[0.00,0.05)",23.757667,0.5,3
195,HNSW_HYBRID,"[0.00,0.05)",9.591791,1.0,3
195,IVFFLAT_HYBRID,"[0.00,0.05)",8.783333,1.0,3
195,SQL_FIRST,"[0.00,0.05)",8.49775,1.0,4
195,VECTOR_FIRST_HNSW,"[0.00,0.05)",23.328833,0.5,4
195,HNSW_HYBRID,"[0.00,0.05)",9.310875,1.0,4
195,IVFFLAT_HYBRID,"[0.00,0.05)",9.099667,1.0,4
196,SQL_FIRST,"[0.00,0.05)",7.72425,1.0,0
196,VECTOR_FIRST_HNSW,"[0.00,0.05)",22.920208,0.2,0
196,HNSW_HYBRID,"[0.00,0.05)",8.144459,1.0,0
196,IVFFLAT_HYBRID,"[0.00,0.05)",7.75875,1.0,0
196,SQL_FIRST,"[0.00,0.05)",7.913708,1.0,1
196,VECTOR_FIRST_HNSW,"[0.00,0.05)",22.976083,0.2,1
196,HNSW_HYBRID,"[0.00,0.05)",8.291625,1.0,1
196,IVFFLAT_HYBRID,"[0.00,0.05)",7.772792,1.0,1
196,SQL_FIRST,"[0.00,0.05)",7.382334,1.0,2
196,VECTOR_FIRST_HNSW,"[0.00,0.05)",22.939875,0.2,2
196,HNSW_HYBRID,"[0.00,0.05)",8.273667,1.0,2
196,IVFFLAT_HYBRID,"[0.00,0.05)",7.546708,1.0,2
196,SQL_FIRST,"[0.00,0.05)",7.875625,1.0,3
196,VECTOR_FIRST_HNSW,"[0.00,0.05)",22.92525,0.2,3
196,HNSW_HYBRID,"[0.00,0.05)",8.429917,1.0,3
196,IVFFLAT_HYBRID,"[0.00,0.05)",7.729417,1.0,3
196,SQL_FIRST,"[0.00,0.05)",7.681083,1.0,4
196,VECTOR_FIRST_HNSW,"[0.00,0.05)",22.948209,0.2,4
196,HNSW_HYBRID,"[0.00,0.05)",8.247833,1.0,4
196,IVFFLAT_HYBRID,"[0.00,0.05)",7.53575,1.0,4
197,SQL_FIRST,"[0.00,0.05)",7.057042,1.0,0
197,VECTOR_FIRST_HNSW,"[0.00,0.05)",23.037667,0.1,0
197,HNSW_HYBRID,"[0.00,0.05)",7.915584,1.0,0
197,IVFFLAT_HYBRID,"[0.00,0.05)",7.390791,1.0,0
197,SQL_FIRST,"[0.00,0.05)",7.17525,1.0,1
197,VECTOR_FIRST_HNSW,"[0.00,0.05)",22.939583,0.1,1
197,HNSW_HYBRID,"[0.00,0.05)",8.064791,1.0,1
197,IVFFLAT_HYBRID,"[0.00,0.05)",7.524708,1.0,1
197,SQL_FIRST,"[0.00,0.05)",7.246583,1.0,2
197,VECTOR_FIRST_HNSW,"[0.00,0.05)",23.426458,0.1,2
197,HNSW_HYBRID,"[0.00,0.05)",7.911542,1.0,2
197,IVFFLAT_HYBRID,"[0.00,0.05)",7.158791,1.0,2
197,SQL_FIRST,"[0.00,0.05)",7.030375,1.0,3
197,VECTOR_FIRST_HNSW,"[0.00,0.05)",23.025042,0.1,3
197,HNSW_HYBRID,"[0.00,0.05)",7.846916,1.0,3
197,IVFFLAT_HYBRID,"[0.00,0.05)",7.871292,1.0,3
197,SQL_FIRST,"[0.00,0.05)",7.651,1.0,4
197,VECTOR_FIRST_HNSW,"[0.00,0.05)",22.854667,0.1,4
197,HNSW_HYBRID,"[0.00,0.05)",9.275083,1.0,4
197,IVFFLAT_HYBRID,"[0.00,0.05)",7.400666,1.0,4
198,SQL_FIRST,"[0.00,0.05)",6.510708,1.0,0
198,VECTOR_FIRST_HNSW,"[0.00,0.05)",23.314833,0.1,0
198,HNSW_HYBRID,"[0.00,0.05)",6.7565,1.0,0
198,IVFFLAT_HYBRID,"[0.00,0.05)",6.27575,1.0,0
198,SQL_FIRST,"[0.00,0.05)",6.018292,1.0,1
198,VECTOR_FIRST_HNSW,"[0.00,0.05)",22.831042,0.1,1
198,HNSW_HYBRID,"[0.00,0.05)",6.757625,1.0,1
198,IVFFLAT_HYBRID,"[0.00,0.05)",6.083,1.0,1
198,SQL_FIRST,"[0.00,0.05)",6.10675,1.0,2
198,VECTOR_FIRST_HNSW,"[0.00,0.05)",23.010792,0.1,2
198,HNSW_HYBRID,"[0.00,0.05)",6.76525,1.0,2
198,IVFFLAT_HYBRID,"[0.00,0.05)",6.025583,1.0,2
198,SQL_FIRST,"[0.00,0.05)",5.938458,1.0,3
198,VECTOR_FIRST_HNSW,"[0.00,0.05)",22.9555,0.1,3
198,HNSW_HYBRID,"[0.00,0.05)",6.978916,1.0,3
198,IVFFLAT_HYBRID,"[0.00,0.05)",6.379125,1.0,3
198,SQL_FIRST,"[0.00,0.05)",6.072292,1.0,4
198,VECTOR_FIRST_HNSW,"[0.00,0.05)",23.325875,0.1,4
198,HNSW_HYBRID,"[0.00,0.05)",6.724917,1.0,4
198,IVFFLAT_HYBRID,"[0.00,0.05)",5.944416,1.0,4
205,SQL_FIRST,"[0.00,0.05)",1.538125,1.0,0
205,VECTOR_FIRST_HNSW,"[0.00,0.05)",22.809208,0.0,0
205,HNSW_HYBRID,"[0.00,0.05)",3.330125,1.0,0
205,IVFFLAT_HYBRID,"[0.00,0.05)",1.642,1.0,0
205,SQL_FIRST,"[0.00,0.05)",1.6205,1.0,1
205,VECTOR_FIRST_HNSW,"[0.00,0.05)",22.944375,0.0,1
205,HNSW_HYBRID,"[0.00,0.05)",2.09325,1.0,1
205,IVFFLAT_HYBRID,"[0.00,0.05)",1.627375,1.0,1
205,SQL_FIRST,"[0.00,0.05)",1.629458,1.0,2
205,VECTOR_FIRST_HNSW,"[0.00,0.05)",22.845875,0.0,2
205,HNSW_HYBRID,"[0.00,0.05)",2.057458,1.0,2
205,IVFFLAT_HYBRID,"[0.00,0.05)",1.650917,1.0,2
205,SQL_FIRST,"[0.00,0.05)",1.628,1.0,3
205,VECTOR_FIRST_HNSW,"[0.00,0.05)",23.291792,0.0,3
205,HNSW_HYBRID,"[0.00,0.05)",1.942959,1.0,3
205,IVFFLAT_HYBRID,"[0.00,0.05)",1.676875,1.0,3
205,SQL_FIRST,"[0.00,0.05)",1.702375,1.0,4
205,VECTOR_FIRST_HNSW,"[0.00,0.05)",24.554875,0.0,4
205,HNSW_HYBRID,"[0.00,0.05)",2.015542,1.0,4
205,IVFFLAT_HYBRID,"[0.00,0.05)",1.640708,1.0,4
207,SQL_FIRST,"[0.00,0.05)",4.432458,1.0,0
207,VECTOR_FIRST_HNSW,"[0.00,0.05)",22.984708,0.2,0
207,HNSW_HYBRID,"[0.00,0.05)",4.838375,1.0,0
207,IVFFLAT_HYBRID,"[0.00,0.05)",4.750875,1.0,0
207,SQL_FIRST,"[0.00,0.05)",4.800083,1.0,1
207,VECTOR_FIRST_HNSW,"[0.00,0.05)",25.551,0.2,1
207,HNSW_HYBRID,"[0.00,0.05)",4.682084,1.0,1
207,IVFFLAT_HYBRID,"[0.00,0.05)",4.277084,1.0,1
207,SQL_FIRST,"[0.00,0.05)",4.23825,1.0,2
207,VECTOR_FIRST_HNSW,"[0.00,0.05)",23.45375,0.2,2
207,HNSW_HYBRID,"[0.00,0.05)",4.832583,1.0,2
207,IVFFLAT_HYBRID,"[0.00,0.05)",4.422,1.0,2
207,SQL_FIRST,"[0.00,0.05)",4.365709,1.0,3
207,VECTOR_FIRST_HNSW,"[0.00,0.05)",22.919875,0.2,3
207,HNSW_HYBRID,"[0.00,0.05)",4.688333,1.0,3
207,IVFFLAT_HYBRID,"[0.00,0.05)",4.291958,1.0,3
207,SQL_FIRST,"[0.00,0.05)",4.30925,1.0,4
207,VECTOR_FIRST_HNSW,"[0.00,0.05)",22.889709,0.2,4
207,HNSW_HYBRID,"[0.00,0.05)",4.811375,1.0,4
207,IVFFLAT_HYBRID,"[0.00,0.05)",4.340125,1.0,4
209,SQL_FIRST,"[0.00,0.05)",9.997375,1.0,0
209,VECTOR_FIRST_HNSW,"[0.00,0.05)",23.011583,0.6,0
209,HNSW_HYBRID,"[0.00,0.05)",9.551791,1.0,0
209,IVFFLAT_HYBRID,"[0.00,0.05)",9.604041,1.0,0
209,SQL_FIRST,"[0.00,0.05)",9.444708,1.0,1
209,VECTOR_FIRST_HNSW,"[0.00,0.05)",23.154167,0.6,1
209,HNSW_HYBRID,"[0.00,0.05)",9.461459,1.0,1
209,IVFFLAT_HYBRID,"[0.00,0.05)",8.919417,1.0,1
209,SQL_FIRST,"[0.00,0.05)",9.430875,1.0,2
209,VECTOR_FIRST_HNSW,"[0.00,0.05)",22.979084,0.6,2
209,HNSW_HYBRID,"[0.00,0.05)",9.867792,1.0,2
209,IVFFLAT_HYBRID,"[0.00,0.05)",9.209125,1.0,2
209,SQL_FIRST,"[0.00,0.05)",8.981667,1.0,3
209,VECTOR_FIRST_HNSW,"[0.00,0.05)",23.024625,0.6,3
209,HNSW_HYBRID,"[0.00,0.05)",9.678333,1.0,3
209,IVFFLAT_HYBRID,"[0.00,0.05)",9.260792,1.0,3
209,SQL_FIRST,"[0.00,0.05)",9.687041,1.0,4
209,VECTOR_FIRST_HNSW,"[0.00,0.05)",22.940458,0.6,4
209,HNSW_HYBRID,"[0.00,0.05)",9.701542,1.0,4
209,IVFFLAT_HYBRID,"[0.00,0.05)",9.322125,1.0,4
210,SQL_FIRST,"[0.00,0.05)",9.09575,1.0,0
210,VECTOR_FIRST_HNSW,"[0.00,0.05)",22.973458,0.5,0
210,HNSW_HYBRID,"[0.00,0.05)",9.483541,1.0,0
210,IVFFLAT_HYBRID,"[0.00,0.05)",8.846042,1.0,0
210,SQL_FIRST,"[0.00,0.05)",8.923792,1.0,1
210,VECTOR_FIRST_HNSW,"[0.00,0.05)",23.342917,0.5,1
210,HNSW_HYBRID,"[0.00,0.05)",9.774833,1.0,1
210,IVFFLAT_HYBRID,"[0.00,0.05)",9.029292,1.0,1
210,SQL_FIRST,"[0.00,0.05)",9.096958,1.0,2
210,VECTOR_FIRST_HNSW,"[0.00,0.05)",23.01075,0.5,2
210,HNSW_HYBRID,"[0.00,0.05)",9.714292,1.0,2
210,IVFFLAT_HYBRID,"[0.00,0.05)",8.978625,1.0,2
210,SQL_FIRST,"[0.00,0.05)",9.436709,1.0,3
210,VECTOR_FIRST_HNSW,"[0.00,0.05)",22.937875,0.5,3
210,HNSW_HYBRID,"[0.00,0.05)",9.601625,1.0,3
210,IVFFLAT_HYBRID,"[0.00,0.05)",9.359667,1.0,3
210,SQL_FIRST,"[0.00,0.05)",9.112625,1.0,4
210,VECTOR_FIRST_HNSW,"[0.00,0.05)",23.0415,0.5,4
210,HNSW_HYBRID,"[0.00,0.05)",9.501209,1.0,4
210,IVFFLAT_HYBRID,"[0.00,0.05)",9.649917,1.0,4
212,SQL_FIRST,"[0.00,0.05)",9.672583,1.0,0
212,VECTOR_FIRST_HNSW,"[0.00,0.05)",23.063167,0.4,0
212,HNSW_HYBRID,"[0.00,0.05)",10.070417,1.0,0
212,IVFFLAT_HYBRID,"[0.00,0.05)",9.359583,1.0,0
212,SQL_FIRST,"[0.00,0.05)",9.126292,1.0,1
212,VECTOR_FIRST_HNSW,"[0.00,0.05)",23.013709,0.4,1
212,HNSW_HYBRID,"[0.00,0.05)",9.992791,1.0,1
212,IVFFLAT_HYBRID,"[0.00,0.05)",9.647292,1.0,1
212,SQL_FIRST,"[0.00,0.05)",9.371833,1.0,2
212,VECTOR_FIRST_HNSW,"[0.00,0.05)",22.927875,0.4,2
212,HNSW_HYBRID,"[0.00,0.05)",9.984708,1.0,2
212,IVFFLAT_HYBRID,"[0.00,0.05)",9.465791,1.0,2
212,SQL_FIRST,"[0.00,0.05)",10.099625,1.0,3
212,VECTOR_FIRST_HNSW,"[0.00,0.05)",23.148625,0.4,3
212,HNSW_HYBRID,"[0.00,0.05)",9.894125,1.0,3
212,IVFFLAT_HYBRID,"[0.00,0.05)",9.373167,1.0,3
212,SQL_FIRST,"[0.00,0.05)",9.559292,1.0,4
212,VECTOR_FIRST_HNSW,"[0.00,0.05)",23.064875,0.4,4
212,HNSW_HYBRID,"[0.00,0.05)",9.905375,1.0,4
212,IVFFLAT_HYBRID,"[0.00,0.05)",9.087625,1.0,4
213,SQL_FIRST,"[0.00,0.05)",8.529875,1.0,0
213,VECTOR_FIRST_HNSW,"[0.00,0.05)",23.006583,0.3,0
213,HNSW_HYBRID,"[0.00,0.05)",9.317792,1.0,0
213,IVFFLAT_HYBRID,"[0.00,0.05)",9.374583,1.0,0
213,SQL_FIRST,"[0.00,0.05)",8.637167,1.0,1
213,VECTOR_FIRST_HNSW,"[0.00,0.05)",22.908125,0.3,1
213,HNSW_HYBRID,"[0.00,0.05)",9.149375,1.0,1
213,IVFFLAT_HYBRID,"[0.00,0.05)",8.837334,1.0,1
213,SQL_FIRST,"[0.00,0.05)",8.595458,1.0,2
213,VECTOR_FIRST_HNSW,"[0.00,0.05)",22.980333,0.3,2
213,HNSW_HYBRID,"[0.00,0.05)",8.977792,1.0,2
213,IVFFLAT_HYBRID,"[0.00,0.05)",9.10025,1.0,2
213,SQL_FIRST,"[0.00,0.05)",9.446458,1.0,3
213,VECTOR_FIRST_HNSW,"[0.00,0.05)",22.894875,0.3,3
213,HNSW_HYBRID,"[0.00,0.05)",9.0875,1.0,3
213,IVFFLAT_HYBRID,"[0.00,0.05)",8.32975,1.0,3
213,SQL_FIRST,"[0.00,0.05)",8.622958,1.0,4
213,VECTOR_FIRST_HNSW,"[0.00,0.05)",23.022834,0.3,4
213,HNSW_HYBRID,"[0.00,0.05)",9.345833,1.0,4
213,IVFFLAT_HYBRID,"[0.00,0.05)",8.772167,1.0,4
219,SQL_FIRST,"[0.00,0.05)",9.561125,1.0,0
219,VECTOR_FIRST_HNSW,"[0.00,0.05)",23.833209,0.2,0
219,HNSW_HYBRID,"[0.00,0.05)",9.39775,1.0,0
219,IVFFLAT_HYBRID,"[0.00,0.05)",8.927458,1.0,0
219,SQL_FIRST,"[0.00,0.05)",8.759083,1.0,1
219,VECTOR_FIRST_HNSW,"[0.00,0.05)",23.57425,0.2,1
219,HNSW_HYBRID,"[0.00,0.05)",9.022458,1.0,1
219,IVFFLAT_HYBRID,"[0.00,0.05)",8.806458,1.0,1
219,SQL_FIRST,"[0.00,0.05)",8.824084,1.0,2
219,VECTOR_FIRST_HNSW,"[0.00,0.05)",23.268542,0.2,2
219,HNSW_HYBRID,"[0.00,0.05)",9.270459,1.0,2
219,IVFFLAT_HYBRID,"[0.00,0.05)",8.888792,1.0,2
219,SQL_FIRST,"[0.00,0.05)",8.438667,1.0,3
219,VECTOR_FIRST_HNSW,"[0.00,0.05)",23.244375,0.2,3
219,HNSW_HYBRID,"[0.00,0.05)",9.326875,1.0,3
219,IVFFLAT_HYBRID,"[0.00,0.05)",9.218334,1.0,3
219,SQL_FIRST,"[0.00,0.05)",8.657167,1.0,4
219,VECTOR_FIRST_HNSW,"[0.00,0.05)",22.983375,0.2,4
219,HNSW_HYBRID,"[0.00,0.05)",9.181042,1.0,4
219,IVFFLAT_HYBRID,"[0.00,0.05)",8.907416,1.0,4
221,SQL_FIRST,"[0.00,0.05)",6.414,1.0,0
221,VECTOR_FIRST_HNSW,"[0.00,0.05)",22.905959,0.2,0
221,HNSW_HYBRID,"[0.00,0.05)",7.081125,1.0,0
221,IVFFLAT_HYBRID,"[0.00,0.05)",6.290041,1.0,0
221,SQL_FIRST,"[0.00,0.05)",6.2475,1.0,1
221,VECTOR_FIRST_HNSW,"[0.00,0.05)",23.093667,0.2,1
221,HNSW_HYBRID,"[0.00,0.05)",7.314292,1.0,1
221,IVFFLAT_HYBRID,"[0.00,0.05)",6.387083,1.0,1
221,SQL_FIRST,"[0.00,0.05)",6.275792,1.0,2
221,VECTOR_FIRST_HNSW,"[0.00,0.05)",22.954416,0.2,2
221,HNSW_HYBRID,"[0.00,0.05)",6.948041,1.0,2
221,IVFFLAT_HYBRID,"[0.00,0.05)",6.646916,1.0,2
221,SQL_FIRST,"[0.00,0.05)",6.361458,1.0,3
221,VECTOR_FIRST_HNSW,"[0.00,0.05)",22.954875,0.2,3
221,HNSW_HYBRID,"[0.00,0.05)",7.047375,1.0,3
221,IVFFLAT_HYBRID,"[0.00,0.05)",6.368,1.0,3
221,SQL_FIRST,"[0.00,0.05)",6.2065,1.0,4
221,VECTOR_FIRST_HNSW,"[0.00,0.05)",22.791458,0.2,4
221,HNSW_HYBRID,"[0.00,0.05)",7.26875,1.0,4
221,IVFFLAT_HYBRID,"[0.00,0.05)",6.332375,1.0,4
223,SQL_FIRST,"[0.00,0.05)",9.05975,1.0,0
223,VECTOR_FIRST_HNSW,"[0.00,0.05)",23.365583,0.5,0
223,HNSW_HYBRID,"[0.00,0.05)",9.343958,1.0,0
223,IVFFLAT_HYBRID,"[0.00,0.05)",8.747041,1.0,0
223,SQL_FIRST,"[0.00,0.05)",9.483667,1.0,1
223,VECTOR_FIRST_HNSW,"[0.00,0.05)",24.074458,0.5,1
223,HNSW_HYBRID,"[0.00,0.05)",9.426708,1.0,1
223,IVFFLAT_HYBRID,"[0.00,0.05)",8.927416,1.0,1
223,SQL_FIRST,"[0.00,0.05)",8.58775,1.0,2
223,VECTOR_FIRST_HNSW,"[0.00,0.05)",23.53,0.5,2
223,HNSW_HYBRID,"[0.00,0.05)",9.696292,1.0,2
223,IVFFLAT_HYBRID,"[0.00,0.05)",10.325333,1.0,2
223,SQL_FIRST,"[0.00,0.05)",9.817666,1.0,3
223,VECTOR_FIRST_HNSW,"[0.00,0.05)",25.017042,0.5,3
223,HNSW_HYBRID,"[0.00,0.05)",9.435833,1.0,3
223,IVFFLAT_HYBRID,"[0.00,0.05)",9.021458,1.0,3
223,SQL_FIRST,"[0.00,0.05)",9.256625,1.0,4
223,VECTOR_FIRST_HNSW,"[0.00,0.05)",23.04875,0.5,4
223,HNSW_HYBRID,"[0.00,0.05)",9.6245,1.0,4
223,IVFFLAT_HYBRID,"[0.00,0.05)",9.293333,1.0,4
227,SQL_FIRST,"[0.00,0.05)",4.280208,1.0,0
227,VECTOR_FIRST_HNSW,"[0.00,0.05)",22.875916,0.1,0
227,HNSW_HYBRID,"[0.00,0.05)",4.825541,1.0,0
227,IVFFLAT_HYBRID,"[0.00,0.05)",4.264125,1.0,0
227,SQL_FIRST,"[0.00,0.05)",4.450125,1.0,1
227,VECTOR_FIRST_HNSW,"[0.00,0.05)",22.893667,0.1,1
227,HNSW_HYBRID,"[0.00,0.05)",4.681791,1.0,1
227,IVFFLAT_HYBRID,"[0.00,0.05)",4.3,1.0,1
227,SQL_FIRST,"[0.00,0.05)",4.31525,1.0,2
227,VECTOR_FIRST_HNSW,"[0.00,0.05)",22.915834,0.1,2
227,HNSW_HYBRID,"[0.00,0.05)",4.674417,1.0,2
227,IVFFLAT_HYBRID,"[0.00,0.05)",4.303875,1.0,2
227,SQL_FIRST,"[0.00,0.05)",4.426583,1.0,3
227,VECTOR_FIRST_HNSW,"[0.00,0.05)",22.820875,0.1,3
227,HNSW_HYBRID,"[0.00,0.05)",4.704417,1.0,3
227,IVFFLAT_HYBRID,"[0.00,0.05)",4.391042,1.0,3
227,SQL_FIRST,"[0.00,0.05)",4.334084,1.0,4
227,VECTOR_FIRST_HNSW,"[0.00,0.05)",23.323542,0.1,4
227,HNSW_HYBRID,"[0.00,0.05)",4.78325,1.0,4
227,IVFFLAT_HYBRID,"[0.00,0.05)",4.238875,1.0,4
228,SQL_FIRST,"[0.00,0.05)",9.457125,1.0,0
228,VECTOR_FIRST_HNSW,"[0.00,0.05)",23.310708,0.6,0
228,HNSW_HYBRID,"[0.00,0.05)",9.622875,1.0,0
228,IVFFLAT_HYBRID,"[0.00,0.05)",9.133416,1.0,0
228,SQL_FIRST,"[0.00,0.05)",9.112834,1.0,1
228,VECTOR_FIRST_HNSW,"[0.00,0.05)",23.032833,0.6,1
228,HNSW_HYBRID,"[0.00,0.05)",9.19825,1.0,1
228,IVFFLAT_HYBRID,"[0.00,0.05)",9.121459,1.0,1
228,SQL_FIRST,"[0.00,0.05)",9.178583,1.0,2
228,VECTOR_FIRST_HNSW,"[0.00,0.05)",23.005,0.6,2
228,HNSW_HYBRID,"[0.00,0.05)",9.319792,1.0,2
228,IVFFLAT_HYBRID,"[0.00,0.05)",8.779042,1.0,2
228,SQL_FIRST,"[0.00,0.05)",8.633334,1.0,3
228,VECTOR_FIRST_HNSW,"[0.00,0.05)",22.99775,0.6,3
228,HNSW_HYBRID,"[0.00,0.05)",9.382666,1.0,3
228,IVFFLAT_HYBRID,"[0.00,0.05)",9.398417,1.0,3
228,SQL_FIRST,"[0.00,0.05)",8.902334,1.0,4
228,VECTOR_FIRST_HNSW,"[0.00,0.05)",22.985583,0.6,4
228,HNSW_HYBRID,"[0.00,0.05)",9.453334,1.0,4
228,IVFFLAT_HYBRID,"[0.00,0.05)",8.997166,1.0,4
229,SQL_FIRST,"[0.00,0.05)",5.705458,1.0,0
229,VECTOR_FIRST_HNSW,"[0.00,0.05)",23.335166,0.2,0
229,HNSW_HYBRID,"[0.00,0.05)",6.227542,1.0,0
229,IVFFLAT_HYBRID,"[0.00,0.05)",5.560083,1.0,0
229,SQL_FIRST,"[0.00,0.05)",5.5395,1.0,1
229,VECTOR_FIRST_HNSW,"[0.00,0.05)",22.861792,0.2,1
229,HNSW_HYBRID,"[0.00,0.05)",6.23725,1.0,1
229,IVFFLAT_HYBRID,"[0.00,0.05)",5.685542,1.0,1
229,SQL_FIRST,"[0.00,0.05)",5.607125,1.0,2
229,VECTOR_FIRST_HNSW,"[0.00,0.05)",22.84,0.2,2
229,HNSW_HYBRID,"[0.00,0.05)",6.128209,1.0,2
229,IVFFLAT_HYBRID,"[0.00,0.05)",5.59,1.0,2
229,SQL_FIRST,"[0.00,0.05)",5.722083,1.0,3
229,VECTOR_FIRST_HNSW,"[0.00,0.05)",23.122584,0.2,3
229,HNSW_HYBRID,"[0.00,0.05)",6.272,1.0,3
229,IVFFLAT_HYBRID,"[0.00,0.05)",5.824,1.0,3
229,SQL_FIRST,"[0.00,0.05)",5.557459,1.0,4
229,VECTOR_FIRST_HNSW,"[0.00,0.05)",22.876334,0.2,4
229,HNSW_HYBRID,"[0.00,0.05)",6.272125,1.0,4
229,IVFFLAT_HYBRID,"[0.00,0.05)",5.6095,1.0,4
230,SQL_FIRST,"[0.00,0.05)",9.332333,1.0,0
230,VECTOR_FIRST_HNSW,"[0.00,0.05)",23.406042,0.4,0
230,HNSW_HYBRID,"[0.00,0.05)",9.549625,1.0,0
230,IVFFLAT_HYBRID,"[0.00,0.05)",9.10325,1.0,0
230,SQL_FIRST,"[0.00,0.05)",8.875334,1.0,1
230,VECTOR_FIRST_HNSW,"[0.00,0.05)",23.655875,0.4,1
230,HNSW_HYBRID,"[0.00,0.05)",9.657167,1.0,1
230,IVFFLAT_HYBRID,"[0.00,0.05)",9.613958,1.0,1
230,SQL_FIRST,"[0.00,0.05)",9.278209,1.0,2
230,VECTOR_FIRST_HNSW,"[0.00,0.05)",23.057291,0.4,2
230,HNSW_HYBRID,"[0.00,0.05)",9.843958,1.0,2
230,IVFFLAT_HYBRID,"[0.00,0.05)",9.379875,1.0,2
230,SQL_FIRST,"[0.00,0.05)",9.607542,1.0,3
230,VECTOR_FIRST_HNSW,"[0.00,0.05)",22.930417,0.4,3
230,HNSW_HYBRID,"[0.00,0.05)",9.968875,1.0,3
230,IVFFLAT_HYBRID,"[0.00,0.05)",9.210125,1.0,3
230,SQL_FIRST,"[0.00,0.05)",9.317167,1.0,4
230,VECTOR_FIRST_HNSW,"[0.00,0.05)",23.078042,0.4,4
230,HNSW_HYBRID,"[0.00,0.05)",9.500333,1.0,4
230,IVFFLAT_HYBRID,"[0.00,0.05)",9.23975,1.0,4
232,SQL_FIRST,"[0.00,0.05)",11.014542,1.0,0
232,VECTOR_FIRST_HNSW,"[0.00,0.05)",25.900334,0.2,0
232,HNSW_HYBRID,"[0.00,0.05)",11.203,1.0,0
232,IVFFLAT_HYBRID,"[0.00,0.05)",10.551875,1.0,0
232,SQL_FIRST,"[0.00,0.05)",10.698375,1.0,1
232,VECTOR_FIRST_HNSW,"[0.00,0.05)",22.968334,0.2,1
232,HNSW_HYBRID,"[0.00,0.05)",11.355625,1.0,1
232,IVFFLAT_HYBRID,"[0.00,0.05)",10.841083,1.0,1
232,SQL_FIRST,"[0.00,0.05)",10.472459,1.0,2
232,VECTOR_FIRST_HNSW,"[0.00,0.05)",22.975584,0.2,2
232,HNSW_HYBRID,"[0.00,0.05)",11.187791,1.0,2
232,IVFFLAT_HYBRID,"[0.00,0.05)",11.328042,1.0,2
232,SQL_FIRST,"[0.00,0.05)",10.719666,1.0,3
232,VECTOR_FIRST_HNSW,"[0.00,0.05)",22.99875,0.2,3
232,HNSW_HYBRID,"[0.00,0.05)",11.0175,1.0,3
232,IVFFLAT_HYBRID,"[0.00,0.05)",10.587417,1.0,3
232,SQL_FIRST,"[0.00,0.05)",10.940125,1.0,4
232,VECTOR_FIRST_HNSW,"[0.00,0.05)",22.93325,0.2,4
232,HNSW_HYBRID,"[0.00,0.05)",11.145875,1.0,4
232,IVFFLAT_HYBRID,"[0.00,0.05)",11.169583,1.0,4
233,SQL_FIRST,"[0.00,0.05)",9.388042,1.0,0
233,VECTOR_FIRST_HNSW,"[0.00,0.05)",23.0715,0.4,0
233,HNSW_HYBRID,"[0.00,0.05)",9.698292,1.0,0
233,IVFFLAT_HYBRID,"[0.00,0.05)",9.025083,1.0,0
233,SQL_FIRST,"[0.00,0.05)",9.412291,1.0,1
233,VECTOR_FIRST_HNSW,"[0.00,0.05)",23.056583,0.4,1
233,HNSW_HYBRID,"[0.00,0.05)",10.021167,1.0,1
233,IVFFLAT_HYBRID,"[0.00,0.05)",9.354,1.0,1
233,SQL_FIRST,"[0.00,0.05)",9.2535,1.0,2
233,VECTOR_FIRST_HNSW,"[0.00,0.05)",22.908084,0.4,2
233,HNSW_HYBRID,"[0.00,0.05)",9.947167,1.0,2
233,IVFFLAT_HYBRID,"[0.00,0.05)",9.610917,1.0,2
233,SQL_FIRST,"[0.00,0.05)",9.273083,1.0,3
233,VECTOR_FIRST_HNSW,"[0.00,0.05)",22.984209,0.4,3
233,HNSW_HYBRID,"[0.00,0.05)",9.675042,1.0,3
233,IVFFLAT_HYBRID,"[0.00,0.05)",9.411125,1.0,3
233,SQL_FIRST,"[0.00,0.05)",9.37275,1.0,4
233,VECTOR_FIRST_HNSW,"[0.00,0.05)",23.0015,0.4,4
233,HNSW_HYBRID,"[0.00,0.05)",9.505209,1.0,4
233,IVFFLAT_HYBRID,"[0.00,0.05)",9.718541,1.0,4
234,SQL_FIRST,"[0.00,0.05)",8.8325,1.0,0
234,VECTOR_FIRST_HNSW,"[0.00,0.05)",23.068292,0.6,0
234,HNSW_HYBRID,"[0.00,0.05)",9.933208,1.0,0
234,IVFFLAT_HYBRID,"[0.00,0.05)",9.292458,1.0,0
234,SQL_FIRST,"[0.00,0.05)",8.74625,1.0,1
234,VECTOR_FIRST_HNSW,"[0.00,0.05)",23.427792,0.6,1
234,HNSW_HYBRID,"[0.00,0.05)",9.782291,1.0,1
234,IVFFLAT_HYBRID,"[0.00,0.05)",8.647167,1.0,1
234,SQL_FIRST,"[0.00,0.05)",9.076416,1.0,2
234,VECTOR_FIRST_HNSW,"[0.00,0.05)",22.949292,0.6,2
234,HNSW_HYBRID,"[0.00,0.05)",9.364,1.0,2
234,IVFFLAT_HYBRID,"[0.00,0.05)",8.9295,1.0,2
234,SQL_FIRST,"[0.00,0.05)",9.508666,1.0,3
234,VECTOR_FIRST_HNSW,"[0.00,0.05)",23.208167,0.6,3
234,HNSW_HYBRID,"[0.00,0.05)",9.165625,1.0,3
234,IVFFLAT_HYBRID,"[0.00,0.05)",9.083417,1.0,3
234,SQL_FIRST,"[0.00,0.05)",8.68525,1.0,4
234,VECTOR_FIRST_HNSW,"[0.00,0.05)",23.141,0.6,4
234,HNSW_HYBRID,"[0.00,0.05)",9.0685,1.0,4
234,IVFFLAT_HYBRID,"[0.00,0.05)",8.460666,1.0,4
236,SQL_FIRST,"[0.00,0.05)",7.558834,1.0,0
236,VECTOR_FIRST_HNSW,"[0.00,0.05)",22.881292,0.3,0
236,HNSW_HYBRID,"[0.00,0.05)",8.505583,1.0,0
236,IVFFLAT_HYBRID,"[0.00,0.05)",8.26325,1.0,0
236,SQL_FIRST,"[0.00,0.05)",7.723292,1.0,1
236,VECTOR_FIRST_HNSW,"[0.00,0.05)",22.98,0.3,1
236,HNSW_HYBRID,"[0.00,0.05)",8.189834,1.0,1
236,IVFFLAT_HYBRID,"[0.00,0.05)",7.910542,1.0,1
236,SQL_FIRST,"[0.00,0.05)",7.793541,1.0,2
236,VECTOR_FIRST_HNSW,"[0.00,0.05)",23.114584,0.3,2
236,HNSW_HYBRID,"[0.00,0.05)",8.3905,1.0,2
236,IVFFLAT_HYBRID,"[0.00,0.05)",7.606917,1.0,2
236,SQL_FIRST,"[0.00,0.05)",7.401666,1.0,3
236,VECTOR_FIRST_HNSW,"[0.00,0.05)",22.857625,0.3,3
236,HNSW_HYBRID,"[0.00,0.05)",8.4075,1.0,3
236,IVFFLAT_HYBRID,"[0.00,0.05)",7.708583,1.0,3
236,SQL_FIRST,"[0.00,0.05)",7.783875,1.0,4
236,VECTOR_FIRST_HNSW,"[0.00,0.05)",22.828834,0.3,4
236,HNSW_HYBRID,"[0.00,0.05)",8.400291,1.0,4
236,IVFFLAT_HYBRID,"[0.00,0.05)",7.60925,1.0,4
237,SQL_FIRST,"[0.00,0.05)",3.671125,1.0,0
237,VECTOR_FIRST_HNSW,"[0.00,0.05)",22.879,0.0,0
237,HNSW_HYBRID,"[0.00,0.05)",4.052167,1.0,0
237,IVFFLAT_HYBRID,"[0.00,0.05)",3.701334,1.0,0
237,SQL_FIRST,"[0.00,0.05)",3.686291,1.0,1
237,VECTOR_FIRST_HNSW,"[0.00,0.05)",22.902708,0.0,1
237,HNSW_HYBRID,"[0.00,0.05)",4.022458,1.0,1
237,IVFFLAT_HYBRID,"[0.00,0.05)",3.684583,1.0,1
237,SQL_FIRST,"[0.00,0.05)",3.685084,1.0,2
237,VECTOR_FIRST_HNSW,"[0.00,0.05)",23.300416,0.0,2
237,HNSW_HYBRID,"[0.00,0.05)",4.018417,1.0,2
237,IVFFLAT_HYBRID,"[0.00,0.05)",3.629958,1.0,2
237,SQL_FIRST,"[0.00,0.05)",3.632791,1.0,3
237,VECTOR_FIRST_HNSW,"[0.00,0.05)",22.871708,0.0,3
237,HNSW_HYBRID,"[0.00,0.05)",4.027041,1.0,3
237,IVFFLAT_HYBRID,"[0.00,0.05)",3.650375,1.0,3
237,SQL_FIRST,"[0.00,0.05)",3.77,1.0,4
237,VECTOR_FIRST_HNSW,"[0.00,0.05)",22.982792,0.0,4
237,HNSW_HYBRID,"[0.00,0.05)",3.992458,1.0,4
237,IVFFLAT_HYBRID,"[0.00,0.05)",3.663458,1.0,4
238,SQL_FIRST,"[0.00,0.05)",9.315834,1.0,0
238,VECTOR_FIRST_HNSW,"[0.00,0.05)",23.021292,0.5,0
238,HNSW_HYBRID,"[0.00,0.05)",9.503875,1.0,0
238,IVFFLAT_HYBRID,"[0.00,0.05)",9.575208,1.0,0
238,SQL_FIRST,"[0.00,0.05)",9.158875,1.0,1
238,VECTOR_FIRST_HNSW,"[0.00,0.05)",23.461375,0.5,1
238,HNSW_HYBRID,"[0.00,0.05)",9.550875,1.0,1
238,IVFFLAT_HYBRID,"[0.00,0.05)",9.039583,1.0,1
238,SQL_FIRST,"[0.00,0.05)",9.307542,1.0,2
238,VECTOR_FIRST_HNSW,"[0.00,0.05)",23.036541,0.5,2
238,HNSW_HYBRID,"[0.00,0.05)",9.914334,1.0,2
238,IVFFLAT_HYBRID,"[0.00,0.05)",9.131708,1.0,2
238,SQL_FIRST,"[0.00,0.05)",8.96525,1.0,3
238,VECTOR_FIRST_HNSW,"[0.00,0.05)",22.901958,0.5,3
238,HNSW_HYBRID,"[0.00,0.05)",9.918625,1.0,3
238,IVFFLAT_HYBRID,"[0.00,0.05)",9.673708,1.0,3
238,SQL_FIRST,"[0.00,0.05)",9.598167,1.0,4
238,VECTOR_FIRST_HNSW,"[0.00,0.05)",22.844667,0.5,4
238,HNSW_HYBRID,"[0.00,0.05)",9.68025,1.0,4
238,IVFFLAT_HYBRID,"[0.00,0.05)",9.323166,1.0,4
240,SQL_FIRST,"[0.00,0.05)",1.295375,1.0,0
240,VECTOR_FIRST_HNSW,"[0.00,0.05)",22.849542,0.0,0
240,HNSW_HYBRID,"[0.00,0.05)",1.483667,1.0,0
240,IVFFLAT_HYBRID,"[0.00,0.05)",1.256084,1.0,0
240,SQL_FIRST,"[0.00,0.05)",1.267792,1.0,1
240,VECTOR_FIRST_HNSW,"[0.00,0.05)",23.061667,0.0,1
240,HNSW_HYBRID,"[0.00,0.05)",1.514875,1.0,1
240,IVFFLAT_HYBRID,"[0.00,0.05)",1.220792,1.0,1
240,SQL_FIRST,"[0.00,0.05)",1.203541,1.0,2
240,VECTOR_FIRST_HNSW,"[0.00,0.05)",22.60075,0.0,2
240,HNSW_HYBRID,"[0.00,0.05)",1.487125,1.0,2
240,IVFFLAT_HYBRID,"[0.00,0.05)",1.242459,1.0,2
240,SQL_FIRST,"[0.00,0.05)",1.353667,1.0,3
240,VECTOR_FIRST_HNSW,"[0.00,0.05)",22.923041,0.0,3
240,HNSW_HYBRID,"[0.00,0.05)",1.452917,1.0,3
240,IVFFLAT_HYBRID,"[0.00,0.05)",1.224166,1.0,3
240,SQL_FIRST,"[0.00,0.05)",1.2375,1.0,4
240,VECTOR_FIRST_HNSW,"[0.00,0.05)",22.779167,0.0,4
240,HNSW_HYBRID,"[0.00,0.05)",1.512667,1.0,4
240,IVFFLAT_HYBRID,"[0.00,0.05)",1.282875,1.0,4
243,SQL_FIRST,"[0.00,0.05)",9.324041,1.0,0
243,VECTOR_FIRST_HNSW,"[0.00,0.05)",23.004458,0.3,0
243,HNSW_HYBRID,"[0.00,0.05)",9.865875,1.0,0
243,IVFFLAT_HYBRID,"[0.00,0.05)",9.729208,1.0,0
243,SQL_FIRST,"[0.00,0.05)",9.636708,1.0,1
243,VECTOR_FIRST_HNSW,"[0.00,0.05)",23.029792,0.3,1
243,HNSW_HYBRID,"[0.00,0.05)",9.991625,1.0,1
243,IVFFLAT_HYBRID,"[0.00,0.05)",9.951208,1.0,1
243,SQL_FIRST,"[0.00,0.05)",10.253,1.0,2
243,VECTOR_FIRST_HNSW,"[0.00,0.05)",23.490375,0.3,2
243,HNSW_HYBRID,"[0.00,0.05)",9.796875,1.0,2
243,IVFFLAT_HYBRID,"[0.00,0.05)",9.88175,1.0,2
243,SQL_FIRST,"[0.00,0.05)",9.8935,1.0,3
243,VECTOR_FIRST_HNSW,"[0.00,0.05)",23.174875,0.3,3
243,HNSW_HYBRID,"[0.00,0.05)",9.955125,1.0,3
243,IVFFLAT_HYBRID,"[0.00,0.05)",9.627833,1.0,3
243,SQL_FIRST,"[0.00,0.05)",9.973916,1.0,4
243,VECTOR_FIRST_HNSW,"[0.00,0.05)",23.892584,0.3,4
243,HNSW_HYBRID,"[0.00,0.05)",9.928625,1.0,4
243,IVFFLAT_HYBRID,"[0.00,0.05)",9.687125,1.0,4
254,SQL_FIRST,"[0.00,0.05)",6.603375,1.0,0
254,VECTOR_FIRST_HNSW,"[0.00,0.05)",22.956083,0.1,0
254,HNSW_HYBRID,"[0.00,0.05)",6.468584,1.0,0
254,IVFFLAT_HYBRID,"[0.00,0.05)",6.00025,1.0,0
254,SQL_FIRST,"[0.00,0.05)",5.868208,1.0,1
254,VECTOR_FIRST_HNSW,"[0.00,0.05)",23.045042,0.1,1
254,HNSW_HYBRID,"[0.00,0.05)",6.385791,1.0,1
254,IVFFLAT_HYBRID,"[0.00,0.05)",6.076292,1.0,1
254,SQL_FIRST,"[0.00,0.05)",5.974375,1.0,2
254,VECTOR_FIRST_HNSW,"[0.00,0.05)",23.865625,0.1,2
254,HNSW_HYBRID,"[0.00,0.05)",6.637792,1.0,2
254,IVFFLAT_HYBRID,"[0.00,0.05)",6.409708,1.0,2
254,SQL_FIRST,"[0.00,0.05)",6.628041,1.0,3
254,VECTOR_FIRST_HNSW,"[0.00,0.05)",22.957583,0.1,3
254,HNSW_HYBRID,"[0.00,0.05)",6.373584,1.0,3
254,IVFFLAT_HYBRID,"[0.00,0.05)",6.970125,1.0,3
254,SQL_FIRST,"[0.00,0.05)",5.7085,1.0,4
254,VECTOR_FIRST_HNSW,"[0.00,0.05)",23.031875,0.1,4
254,HNSW_HYBRID,"[0.00,0.05)",6.244125,1.0,4
254,IVFFLAT_HYBRID,"[0.00,0.05)",5.752834,1.0,4
255,SQL_FIRST,"[0.00,0.05)",8.289292,1.0,0
255,VECTOR_FIRST_HNSW,"[0.00,0.05)",22.801958,0.2,0
255,HNSW_HYBRID,"[0.00,0.05)",8.879583,1.0,0
255,IVFFLAT_HYBRID,"[0.00,0.05)",8.834125,1.0,0
255,SQL_FIRST,"[0.00,0.05)",8.269084,1.0,1
255,VECTOR_FIRST_HNSW,"[0.00,0.05)",22.99875,0.2,1
255,HNSW_HYBRID,"[0.00,0.05)",8.706916,1.0,1
255,IVFFLAT_HYBRID,"[0.00,0.05)",8.479125,1.0,1
255,SQL_FIRST,"[0.00,0.05)",8.219708,1.0,2
255,VECTOR_FIRST_HNSW,"[0.00,0.05)",23.053167,0.2,2
255,HNSW_HYBRID,"[0.00,0.05)",8.819,1.0,2
255,IVFFLAT_HYBRID,"[0.00,0.05)",8.324542,1.0,2
255,SQL_FIRST,"[0.00,0.05)",7.858917,1.0,3
255,VECTOR_FIRST_HNSW,"[0.00,0.05)",23.007042,0.2,3
255,HNSW_HYBRID,"[0.00,0.05)",9.025791,1.0,3
255,IVFFLAT_HYBRID,"[0.00,0.05)",8.987667,1.0,3
255,SQL_FIRST,"[0.00,0.05)",8.631541,1.0,4
255,VECTOR_FIRST_HNSW,"[0.00,0.05)",22.990917,0.2,4
255,HNSW_HYBRID,"[0.00,0.05)",8.931208,1.0,4
255,IVFFLAT_HYBRID,"[0.00,0.05)",8.271625,1.0,4
257,SQL_FIRST,"[0.00,0.05)",9.809375,1.0,0
257,VECTOR_FIRST_HNSW,"[0.00,0.05)",22.968958,0.5,0
257,HNSW_HYBRID,"[0.00,0.05)",9.26175,1.0,0
257,IVFFLAT_HYBRID,"[0.00,0.05)",8.568417,1.0,0
257,SQL_FIRST,"[0.00,0.05)",9.074625,1.0,1
257,VECTOR_FIRST_HNSW,"[0.00,0.05)",23.685958,0.5,1
257,HNSW_HYBRID,"[0.00,0.05)",9.561708,1.0,1
257,IVFFLAT_HYBRID,"[0.00,0.05)",8.594167,1.0,1
257,SQL_FIRST,"[0.00,0.05)",8.732917,1.0,2
257,VECTOR_FIRST_HNSW,"[0.00,0.05)",23.174791,0.5,2
257,HNSW_HYBRID,"[0.00,0.05)",9.424083,1.0,2
257,IVFFLAT_HYBRID,"[0.00,0.05)",8.868125,1.0,2
257,SQL_FIRST,"[0.00,0.05)",9.089292,1.0,3
257,VECTOR_FIRST_HNSW,"[0.00,0.05)",22.909667,0.5,3
257,HNSW_HYBRID,"[0.00,0.05)",9.50175,1.0,3
257,IVFFLAT_HYBRID,"[0.00,0.05)",9.023375,1.0,3
257,SQL_FIRST,"[0.00,0.05)",8.850333,1.0,4
257,VECTOR_FIRST_HNSW,"[0.00,0.05)",22.969083,0.5,4
257,HNSW_HYBRID,"[0.00,0.05)",9.133958,1.0,4
257,IVFFLAT_HYBRID,"[0.00,0.05)",9.173625,1.0,4
258,SQL_FIRST,"[0.00,0.05)",10.463,1.0,0
258,VECTOR_FIRST_HNSW,"[0.00,0.05)",22.905166,0.2,0
258,HNSW_HYBRID,"[0.00,0.05)",10.648417,1.0,0
258,IVFFLAT_HYBRID,"[0.00,0.05)",10.061292,1.0,0
258,SQL_FIRST,"[0.00,0.05)",9.836959,1.0,1
258,VECTOR_FIRST_HNSW,"[0.00,0.05)",23.227417,0.2,1
258,HNSW_HYBRID,"[0.00,0.05)",10.525125,1.0,1
258,IVFFLAT_HYBRID,"[0.00,0.05)",10.230166,1.0,1
258,SQL_FIRST,"[0.00,0.05)",9.907333,1.0,2
258,VECTOR_FIRST_HNSW,"[0.00,0.05)",22.963166,0.2,2
258,HNSW_HYBRID,"[0.00,0.05)",10.636833,1.0,2
258,IVFFLAT_HYBRID,"[0.00,0.05)",10.070709,1.0,2
258,SQL_FIRST,"[0.00,0.05)",10.327042,1.0,3
258,VECTOR_FIRST_HNSW,"[0.00,0.05)",23.473292,0.2,3
258,HNSW_HYBRID,"[0.00,0.05)",10.619541,1.0,3
258,IVFFLAT_HYBRID,"[0.00,0.05)",10.04425,1.0,3
258,SQL_FIRST,"[0.00,0.05)",10.037,1.0,4
258,VECTOR_FIRST_HNSW,"[0.00,0.05)",23.015833,0.2,4
258,HNSW_HYBRID,"[0.00,0.05)",10.484958,1.0,4
258,IVFFLAT_HYBRID,"[0.00,0.05)",10.764584,1.0,4
259,SQL_FIRST,"[0.00,0.05)",10.999209,1.0,0
259,VECTOR_FIRST_HNSW,"[0.00,0.05)",23.097916,0.3,0
259,HNSW_HYBRID,"[0.00,0.05)",10.311042,1.0,0
259,IVFFLAT_HYBRID,"[0.00,0.05)",9.78825,1.0,0
259,SQL_FIRST,"[0.00,0.05)",9.394541,1.0,1
259,VECTOR_FIRST_HNSW,"[0.00,0.05)",22.994792,0.3,1
259,HNSW_HYBRID,"[0.00,0.05)",10.220792,1.0,1
259,IVFFLAT_HYBRID,"[0.00,0.05)",9.879958,1.0,1
259,SQL_FIRST,"[0.00,0.05)",9.733333,1.0,2
259,VECTOR_FIRST_HNSW,"[0.00,0.05)",23.018209,0.3,2
259,HNSW_HYBRID,"[0.00,0.05)",10.203333,1.0,2
259,IVFFLAT_HYBRID,"[0.00,0.05)",10.539167,1.0,2
259,SQL_FIRST,"[0.00,0.05)",10.278583,1.0,3
259,VECTOR_FIRST_HNSW,"[0.00,0.05)",22.815833,0.3,3
259,HNSW_HYBRID,"[0.00,0.05)",10.398625,1.0,3
259,IVFFLAT_HYBRID,"[0.00,0.05)",9.848833,1.0,3
259,SQL_FIRST,"[0.00,0.05)",9.692167,1.0,4
259,VECTOR_FIRST_HNSW,"[0.00,0.05)",22.976709,0.3,4
259,HNSW_HYBRID,"[0.00,0.05)",10.186708,1.0,4
259,IVFFLAT_HYBRID,"[0.00,0.05)",10.013791,1.0,4
260,SQL_FIRST,"[0.00,0.05)",8.539,1.0,0
260,VECTOR_FIRST_HNSW,"[0.00,0.05)",23.049584,0.2,0
260,HNSW_HYBRID,"[0.00,0.05)",9.394542,1.0,0
260,IVFFLAT_HYBRID,"[0.00,0.05)",8.930041,1.0,0
260,SQL_FIRST,"[0.00,0.05)",9.486667,1.0,1
260,VECTOR_FIRST_HNSW,"[0.00,0.05)",23.050042,0.2,1
260,HNSW_HYBRID,"[0.00,0.05)",9.273791,1.0,1
260,IVFFLAT_HYBRID,"[0.00,0.05)",8.781791,1.0,1
260,SQL_FIRST,"[0.00,0.05)",9.327125,1.0,2
260,VECTOR_FIRST_HNSW,"[0.00,0.05)",22.862916,0.2,2
260,HNSW_HYBRID,"[0.00,0.05)",9.621042,1.0,2
260,IVFFLAT_HYBRID,"[0.00,0.05)",8.880208,1.0,2
260,SQL_FIRST,"[0.00,0.05)",8.769708,1.0,3
260,VECTOR_FIRST_HNSW,"[0.00,0.05)",23.098916,0.2,3
260,HNSW_HYBRID,"[0.00,0.05)",9.123917,1.0,3
260,IVFFLAT_HYBRID,"[0.00,0.05)",8.462459,1.0,3
260,SQL_FIRST,"[0.00,0.05)",9.0275,1.0,4
260,VECTOR_FIRST_HNSW,"[0.00,0.05)",23.045458,0.2,4
260,HNSW_HYBRID,"[0.00,0.05)",9.298666,1.0,4
260,IVFFLAT_HYBRID,"[0.00,0.05)",8.838042,1.0,4
262,SQL_FIRST,"[0.00,0.05)",7.367333,1.0,0
262,VECTOR_FIRST_HNSW,"[0.00,0.05)",22.769542,0.1,0
262,HNSW_HYBRID,"[0.00,0.05)",7.999584,1.0,0
262,IVFFLAT_HYBRID,"[0.00,0.05)",7.797417,1.0,0
262,SQL_FIRST,"[0.00,0.05)",7.370334,1.0,1
262,VECTOR_FIRST_HNSW,"[0.00,0.05)",23.068334,0.1,1
262,HNSW_HYBRID,"[0.00,0.05)",7.903917,1.0,1
262,IVFFLAT_HYBRID,"[0.00,0.05)",7.248791,1.0,1
262,SQL_FIRST,"[0.00,0.05)",7.683709,1.0,2
262,VECTOR_FIRST_HNSW,"[0.00,0.05)",23.047042,0.1,2
262,HNSW_HYBRID,"[0.00,0.05)",8.173792,1.0,2
262,IVFFLAT_HYBRID,"[0.00,0.05)",7.404708,1.0,2
262,SQL_FIRST,"[0.00,0.05)",7.2555,1.0,3
262,VECTOR_FIRST_HNSW,"[0.00,0.05)",22.840709,0.1,3
262,HNSW_HYBRID,"[0.00,0.05)",7.934167,1.0,3
262,IVFFLAT_HYBRID,"[0.00,0.05)",7.555167,1.0,3
262,SQL_FIRST,"[0.00,0.05)",7.653334,1.0,4
262,VECTOR_FIRST_HNSW,"[0.00,0.05)",22.958834,0.1,4
262,HNSW_HYBRID,"[0.00,0.05)",7.870291,1.0,4
262,IVFFLAT_HYBRID,"[0.00,0.05)",8.878,1.0,4
265,SQL_FIRST,"[0.00,0.05)",9.184792,1.0,0
265,VECTOR_FIRST_HNSW,"[0.00,0.05)",23.002792,0.2,0
265,HNSW_HYBRID,"[0.00,0.05)",9.58225,1.0,0
265,IVFFLAT_HYBRID,"[0.00,0.05)",8.660875,1.0,0
265,SQL_FIRST,"[0.00,0.05)",8.60925,1.0,1
265,VECTOR_FIRST_HNSW,"[0.00,0.05)",22.979292,0.2,1
265,HNSW_HYBRID,"[0.00,0.05)",9.278667,1.0,1
265,IVFFLAT_HYBRID,"[0.00,0.05)",8.737834,1.0,1
265,SQL_FIRST,"[0.00,0.05)",9.061375,1.0,2
265,VECTOR_FIRST_HNSW,"[0.00,0.05)",22.974292,0.2,2
265,HNSW_HYBRID,"[0.00,0.05)",9.323958,1.0,2
265,IVFFLAT_HYBRID,"[0.00,0.05)",8.74775,1.0,2
265,SQL_FIRST,"[0.00,0.05)",8.694167,1.0,3
265,VECTOR_FIRST_HNSW,"[0.00,0.05)",22.969583,0.2,3
265,HNSW_HYBRID,"[0.00,0.05)",8.998375,1.0,3
265,IVFFLAT_HYBRID,"[0.00,0.05)",8.645625,1.0,3
265,SQL_FIRST,"[0.00,0.05)",8.77775,1.0,4
265,VECTOR_FIRST_HNSW,"[0.00,0.05)",23.003,0.2,4
265,HNSW_HYBRID,"[0.00,0.05)",9.620083,1.0,4
265,IVFFLAT_HYBRID,"[0.00,0.05)",8.787875,1.0,4
266,SQL_FIRST,"[0.00,0.05)",9.983667,1.0,0
266,VECTOR_FIRST_HNSW,"[0.00,0.05)",23.316625,0.3,0
266,HNSW_HYBRID,"[0.00,0.05)",10.102583,1.0,0
266,IVFFLAT_HYBRID,"[0.00,0.05)",9.877167,1.0,0
266,SQL_FIRST,"[0.00,0.05)",9.545541,1.0,1
266,VECTOR_FIRST_HNSW,"[0.00,0.05)",22.919042,0.3,1
266,HNSW_HYBRID,"[0.00,0.05)",9.704583,1.0,1
266,IVFFLAT_HYBRID,"[0.00,0.05)",9.459709,1.0,1
266,SQL_FIRST,"[0.00,0.05)",9.562125,1.0,2
266,VECTOR_FIRST_HNSW,"[0.00,0.05)",22.973958,0.3,2
266,HNSW_HYBRID,"[0.00,0.05)",9.363833,1.0,2
266,IVFFLAT_HYBRID,"[0.00,0.05)",9.486875,1.0,2
266,SQL_FIRST,"[0.00,0.05)",9.225209,1.0,3
266,VECTOR_FIRST_HNSW,"[0.00,0.05)",23.811584,0.3,3
266,HNSW_HYBRID,"[0.00,0.05)",9.536375,1.0,3
266,IVFFLAT_HYBRID,"[0.00,0.05)",9.120125,1.0,3
266,SQL_FIRST,"[0.00,0.05)",10.304834,1.0,4
266,VECTOR_FIRST_HNSW,"[0.00,0.05)",23.887833,0.3,4
266,HNSW_HYBRID,"[0.00,0.05)",9.690458,1.0,4
266,IVFFLAT_HYBRID,"[0.00,0.05)",8.90775,1.0,4
267,SQL_FIRST,"[0.00,0.05)",6.36425,1.0,0
267,VECTOR_FIRST_HNSW,"[0.00,0.05)",23.01375,0.0,0
267,HNSW_HYBRID,"[0.00,0.05)",6.922375,1.0,0
267,IVFFLAT_HYBRID,"[0.00,0.05)",6.611709,1.0,0
267,SQL_FIRST,"[0.00,0.05)",6.304,1.0,1
267,VECTOR_FIRST_HNSW,"[0.00,0.05)",23.003042,0.0,1
267,HNSW_HYBRID,"[0.00,0.05)",7.02075,1.0,1
267,IVFFLAT_HYBRID,"[0.00,0.05)",6.414375,1.0,1
267,SQL_FIRST,"[0.00,0.05)",6.235042,1.0,2
267,VECTOR_FIRST_HNSW,"[0.00,0.05)",23.007917,0.0,2
267,HNSW_HYBRID,"[0.00,0.05)",7.004375,1.0,2
267,IVFFLAT_HYBRID,"[0.00,0.05)",6.356917,1.0,2
267,SQL_FIRST,"[0.00,0.05)",6.42025,1.0,3
267,VECTOR_FIRST_HNSW,"[0.00,0.05)",22.90575,0.0,3
267,HNSW_HYBRID,"[0.00,0.05)",6.991084,1.0,3
267,IVFFLAT_HYBRID,"[0.00,0.05)",6.506958,1.0,3
267,SQL_FIRST,"[0.00,0.05)",6.199917,1.0,4
267,VECTOR_FIRST_HNSW,"[0.00,0.05)",23.671458,0.0,4
267,HNSW_HYBRID,"[0.00,0.05)",6.907833,1.0,4
267,IVFFLAT_HYBRID,"[0.00,0.05)",6.364125,1.0,4
268,SQL_FIRST,"[0.00,0.05)",6.721375,1.0,0
268,VECTOR_FIRST_HNSW,"[0.00,0.05)",22.850167,0.0,0
268,HNSW_HYBRID,"[0.00,0.05)",7.101917,1.0,0
268,IVFFLAT_HYBRID,"[0.00,0.05)",6.579,1.0,0
268,SQL_FIRST,"[0.00,0.05)",6.369125,1.0,1
268,VECTOR_FIRST_HNSW,"[0.00,0.05)",23.71075,0.0,1
268,HNSW_HYBRID,"[0.00,0.05)",6.986542,1.0,1
268,IVFFLAT_HYBRID,"[0.00,0.05)",6.463708,1.0,1
268,SQL_FIRST,"[0.00,0.05)",6.299875,1.0,2
268,VECTOR_FIRST_HNSW,"[0.00,0.05)",23.07325,0.0,2
268,HNSW_HYBRID,"[0.00,0.05)",7.057083,1.0,2
268,IVFFLAT_HYBRID,"[0.00,0.05)",6.358333,1.0,2
268,SQL_FIRST,"[0.00,0.05)",6.587625,1.0,3
268,VECTOR_FIRST_HNSW,"[0.00,0.05)",23.00525,0.0,3
268,HNSW_HYBRID,"[0.00,0.05)",7.228083,1.0,3
268,IVFFLAT_HYBRID,"[0.00,0.05)",6.702458,1.0,3
268,SQL_FIRST,"[0.00,0.05)",6.405834,1.0,4
268,VECTOR_FIRST_HNSW,"[0.00,0.05)",23.094667,0.0,4
268,HNSW_HYBRID,"[0.00,0.05)",6.993875,1.0,4
268,IVFFLAT_HYBRID,"[0.00,0.05)",6.430792,1.0,4
272,SQL_FIRST,"[0.00,0.05)",6.299209,1.0,0
272,VECTOR_FIRST_HNSW,"[0.00,0.05)",22.980375,0.2,0
272,HNSW_HYBRID,"[0.00,0.05)",6.9275,1.0,0
272,IVFFLAT_HYBRID,"[0.00,0.05)",6.315625,1.0,0
272,SQL_FIRST,"[0.00,0.05)",6.180708,1.0,1
272,VECTOR_FIRST_HNSW,"[0.00,0.05)",23.083916,0.2,1
272,HNSW_HYBRID,"[0.00,0.05)",6.699125,1.0,1
272,IVFFLAT_HYBRID,"[0.00,0.05)",6.187875,1.0,1
272,SQL_FIRST,"[0.00,0.05)",5.989834,1.0,2
272,VECTOR_FIRST_HNSW,"[0.00,0.05)",22.884958,0.2,2
272,HNSW_HYBRID,"[0.00,0.05)",6.827667,1.0,2
272,IVFFLAT_HYBRID,"[0.00,0.05)",6.1215,1.0,2
272,SQL_FIRST,"[0.00,0.05)",6.401791,1.0,3
272,VECTOR_FIRST_HNSW,"[0.00,0.05)",22.888833,0.2,3
272,HNSW_HYBRID,"[0.00,0.05)",6.92325,1.0,3
272,IVFFLAT_HYBRID,"[0.00,0.05)",6.269666,1.0,3
272,SQL_FIRST,"[0.00,0.05)",6.502459,1.0,4
272,VECTOR_FIRST_HNSW,"[0.00,0.05)",22.943834,0.2,4
272,HNSW_HYBRID,"[0.00,0.05)",7.075458,1.0,4
272,IVFFLAT_HYBRID,"[0.00,0.05)",6.138917,1.0,4
275,SQL_FIRST,"[0.00,0.05)",9.214375,1.0,0
275,VECTOR_FIRST_HNSW,"[0.00,0.05)",23.048208,0.3,0
275,HNSW_HYBRID,"[0.00,0.05)",9.767583,1.0,0
275,IVFFLAT_HYBRID,"[0.00,0.05)",9.470084,1.0,0
275,SQL_FIRST,"[0.00,0.05)",9.934041,1.0,1
275,VECTOR_FIRST_HNSW,"[0.00,0.05)",23.295375,0.3,1
275,HNSW_HYBRID,"[0.00,0.05)",9.856459,1.0,1
275,IVFFLAT_HYBRID,"[0.00,0.05)",9.434541,1.0,1
275,SQL_FIRST,"[0.00,0.05)",9.255042,1.0,2
275,VECTOR_FIRST_HNSW,"[0.00,0.05)",23.1095,0.3,2
275,HNSW_HYBRID,"[0.00,0.05)",9.464583,1.0,2
275,IVFFLAT_HYBRID,"[0.00,0.05)",9.448416,1.0,2
275,SQL_FIRST,"[0.00,0.05)",9.297833,1.0,3
275,VECTOR_FIRST_HNSW,"[0.00,0.05)",23.01375,0.3,3
275,HNSW_HYBRID,"[0.00,0.05)",9.680584,1.0,3
275,IVFFLAT_HYBRID,"[0.00,0.05)",9.145292,1.0,3
275,SQL_FIRST,"[0.00,0.05)",8.905791,1.0,4
275,VECTOR_FIRST_HNSW,"[0.00,0.05)",23.248583,0.3,4
275,HNSW_HYBRID,"[0.00,0.05)",9.6235,1.0,4
275,IVFFLAT_HYBRID,"[0.00,0.05)",9.622125,1.0,4
277,SQL_FIRST,"[0.00,0.05)",3.821833,1.0,0
277,VECTOR_FIRST_HNSW,"[0.00,0.05)",22.955708,0.0,0
277,HNSW_HYBRID,"[0.00,0.05)",4.100458,1.0,0
277,IVFFLAT_HYBRID,"[0.00,0.05)",3.814417,1.0,0
277,SQL_FIRST,"[0.00,0.05)",3.7465,1.0,1
277,VECTOR_FIRST_HNSW,"[0.00,0.05)",22.930708,0.0,1
277,HNSW_HYBRID,"[0.00,0.05)",4.132292,1.0,1
277,IVFFLAT_HYBRID,"[0.00,0.05)",3.8405,1.0,1
277,SQL_FIRST,"[0.00,0.05)",3.770084,1.0,2
277,VECTOR_FIRST_HNSW,"[0.00,0.05)",22.860375,0.0,2
277,HNSW_HYBRID,"[0.00,0.05)",4.117958,1.0,2
277,IVFFLAT_HYBRID,"[0.00,0.05)",3.764542,1.0,2
277,SQL_FIRST,"[0.00,0.05)",3.753958,1.0,3
277,VECTOR_FIRST_HNSW,"[0.00,0.05)",22.872459,0.0,3
277,HNSW_HYBRID,"[0.00,0.05)",4.238542,1.0,3
277,IVFFLAT_HYBRID,"[0.00,0.05)",3.944708,1.0,3
277,SQL_FIRST,"[0.00,0.05)",3.827,1.0,4
277,VECTOR_FIRST_HNSW,"[0.00,0.05)",22.98075,0.0,4
277,HNSW_HYBRID,"[0.00,0.05)",4.056459,1.0,4
277,IVFFLAT_HYBRID,"[0.00,0.05)",3.775667,1.0,4
281,SQL_FIRST,"[0.00,0.05)",9.164375,1.0,0
281,VECTOR_FIRST_HNSW,"[0.00,0.05)",23.112542,0.2,0
281,HNSW_HYBRID,"[0.00,0.05)",9.949583,1.0,0
281,IVFFLAT_HYBRID,"[0.00,0.05)",10.213917,1.0,0
281,SQL_FIRST,"[0.00,0.05)",9.699083,1.0,1
281,VECTOR_FIRST_HNSW,"[0.00,0.05)",22.953875,0.2,1
281,HNSW_HYBRID,"[0.00,0.05)",9.924375,1.0,1
281,IVFFLAT_HYBRID,"[0.00,0.05)",9.411167,1.0,1
281,SQL_FIRST,"[0.00,0.05)",9.534333,1.0,2
281,VECTOR_FIRST_HNSW,"[0.00,0.05)",23.55825,0.2,2
281,HNSW_HYBRID,"[0.00,0.05)",10.07625,1.0,2
281,IVFFLAT_HYBRID,"[0.00,0.05)",9.398666,1.0,2
281,SQL_FIRST,"[0.00,0.05)",9.431375,1.0,3
281,VECTOR_FIRST_HNSW,"[0.00,0.05)",23.103959,0.2,3
281,HNSW_HYBRID,"[0.00,0.05)",9.834084,1.0,3
281,IVFFLAT_HYBRID,"[0.00,0.05)",8.994833,1.0,3
281,SQL_FIRST,"[0.00,0.05)",10.364625,1.0,4
281,VECTOR_FIRST_HNSW,"[0.00,0.05)",23.746833,0.2,4
281,HNSW_HYBRID,"[0.00,0.05)",9.956625,1.0,4
281,IVFFLAT_HYBRID,"[0.00,0.05)",9.544125,1.0,4
282,SQL_FIRST,"[0.00,0.05)",9.251458,1.0,0
282,VECTOR_FIRST_HNSW,"[0.00,0.05)",22.949083,0.4,0
282,HNSW_HYBRID,"[0.00,0.05)",9.635833,1.0,0
282,IVFFLAT_HYBRID,"[0.00,0.05)",9.246541,1.0,0
282,SQL_FIRST,"[0.00,0.05)",9.541167,1.0,1
282,VECTOR_FIRST_HNSW,"[0.00,0.05)",22.909375,0.4,1
282,HNSW_HYBRID,"[0.00,0.05)",9.909792,1.0,1
282,IVFFLAT_HYBRID,"[0.00,0.05)",9.056542,1.0,1
282,SQL_FIRST,"[0.00,0.05)",9.704041,1.0,2
282,VECTOR_FIRST_HNSW,"[0.00,0.05)",22.991834,0.4,2
282,HNSW_HYBRID,"[0.00,0.05)",9.321917,1.0,2
282,IVFFLAT_HYBRID,"[0.00,0.05)",8.987583,1.0,2
282,SQL_FIRST,"[0.00,0.05)",9.206291,1.0,3
282,VECTOR_FIRST_HNSW,"[0.00,0.05)",23.018208,0.4,3
282,HNSW_HYBRID,"[0.00,0.05)",9.536084,1.0,3
282,IVFFLAT_HYBRID,"[0.00,0.05)",8.984458,1.0,3
282,SQL_FIRST,"[0.00,0.05)",9.125042,1.0,4
282,VECTOR_FIRST_HNSW,"[0.00,0.05)",23.364708,0.4,4
282,HNSW_HYBRID,"[0.00,0.05)",9.626542,1.0,4
282,IVFFLAT_HYBRID,"[0.00,0.05)",9.686541,1.0,4
284,SQL_FIRST,"[0.00,0.05)",8.980917,1.0,0
284,VECTOR_FIRST_HNSW,"[0.00,0.05)",22.752208,0.5,0
284,HNSW_HYBRID,"[0.00,0.05)",9.817542,1.0,0
284,IVFFLAT_HYBRID,"[0.00,0.05)",10.010958,1.0,0
284,SQL_FIRST,"[0.00,0.05)",8.935334,1.0,1
284,VECTOR_FIRST_HNSW,"[0.00,0.05)",23.083584,0.5,1
284,HNSW_HYBRID,"[0.00,0.05)",9.205708,1.0,1
284,IVFFLAT_HYBRID,"[0.00,0.05)",8.477083,1.0,1
284,SQL_FIRST,"[0.00,0.05)",9.230875,1.0,2
284,VECTOR_FIRST_HNSW,"[0.00,0.05)",22.982166,0.5,2
284,HNSW_HYBRID,"[0.00,0.05)",9.542833,1.0,2
284,IVFFLAT_HYBRID,"[0.00,0.05)",8.848083,1.0,2
284,SQL_FIRST,"[0.00,0.05)",8.505917,1.0,3
284,VECTOR_FIRST_HNSW,"[0.00,0.05)",22.910709,0.5,3
284,HNSW_HYBRID,"[0.00,0.05)",9.270209,1.0,3
284,IVFFLAT_HYBRID,"[0.00,0.05)",8.941166,1.0,3
284,SQL_FIRST,"[0.00,0.05)",8.825542,1.0,4
284,VECTOR_FIRST_HNSW,"[0.00,0.05)",22.789375,0.5,4
284,HNSW_HYBRID,"[0.00,0.05)",9.230084,1.0,4
284,IVFFLAT_HYBRID,"[0.00,0.05)",8.952584,1.0,4
287,SQL_FIRST,"[0.00,0.05)",1.556083,1.0,0
287,VECTOR_FIRST_HNSW,"[0.00,0.05)",22.765,0.0,0
287,HNSW_HYBRID,"[0.00,0.05)",1.9175,1.0,0
287,IVFFLAT_HYBRID,"[0.00,0.05)",1.72425,1.0,0
287,SQL_FIRST,"[0.00,0.05)",1.534167,1.0,1
287,VECTOR_FIRST_HNSW,"[0.00,0.05)",22.928958,0.0,1
287,HNSW_HYBRID,"[0.00,0.05)",1.953125,1.0,1
287,IVFFLAT_HYBRID,"[0.00,0.05)",1.544625,1.0,1
287,SQL_FIRST,"[0.00,0.05)",1.531459,1.0,2
287,VECTOR_FIRST_HNSW,"[0.00,0.05)",22.8535,0.0,2
287,HNSW_HYBRID,"[0.00,0.05)",2.003917,1.0,2
287,IVFFLAT_HYBRID,"[0.00,0.05)",1.66475,1.0,2
287,SQL_FIRST,"[0.00,0.05)",1.546916,1.0,3
287,VECTOR_FIRST_HNSW,"[0.00,0.05)",22.812917,0.0,3
287,HNSW_HYBRID,"[0.00,0.05)",2.014458,1.0,3
287,IVFFLAT_HYBRID,"[0.00,0.05)",1.65325,1.0,3
287,SQL_FIRST,"[0.00,0.05)",1.588542,1.0,4
287,VECTOR_FIRST_HNSW,"[0.00,0.05)",22.825625,0.0,4
287,HNSW_HYBRID,"[0.00,0.05)",1.95375,1.0,4
287,IVFFLAT_HYBRID,"[0.00,0.05)",1.578166,1.0,4
294,SQL_FIRST,"[0.00,0.05)",8.340125,1.0,0
294,VECTOR_FIRST_HNSW,"[0.00,0.05)",23.025333,0.3,0
294,HNSW_HYBRID,"[0.00,0.05)",9.207375,1.0,0
294,IVFFLAT_HYBRID,"[0.00,0.05)",9.070708,1.0,0
294,SQL_FIRST,"[0.00,0.05)",9.169792,1.0,1
294,VECTOR_FIRST_HNSW,"[0.00,0.05)",22.918417,0.3,1
294,HNSW_HYBRID,"[0.00,0.05)",9.12625,1.0,1
294,IVFFLAT_HYBRID,"[0.00,0.05)",8.774708,1.0,1
294,SQL_FIRST,"[0.00,0.05)",8.684625,1.0,2
294,VECTOR_FIRST_HNSW,"[0.00,0.05)",23.097292,0.3,2
294,HNSW_HYBRID,"[0.00,0.05)",9.025875,1.0,2
294,IVFFLAT_HYBRID,"[0.00,0.05)",10.063375,1.0,2
294,SQL_FIRST,"[0.00,0.05)",8.827958,1.0,3
294,VECTOR_FIRST_HNSW,"[0.00,0.05)",23.588292,0.3,3
294,HNSW_HYBRID,"[0.00,0.05)",9.182667,1.0,3
294,IVFFLAT_HYBRID,"[0.00,0.05)",8.521959,1.0,3
294,SQL_FIRST,"[0.00,0.05)",8.847583,1.0,4
294,VECTOR_FIRST_HNSW,"[0.00,0.05)",22.994041,0.3,4
294,HNSW_HYBRID,"[0.00,0.05)",9.245833,1.0,4
294,IVFFLAT_HYBRID,"[0.00,0.05)",8.77475,1.0,4
295,SQL_FIRST,"[0.00,0.05)",9.564,1.0,0
295,VECTOR_FIRST_HNSW,"[0.00,0.05)",22.854542,0.4,0
295,HNSW_HYBRID,"[0.00,0.05)",9.789,1.0,0
295,IVFFLAT_HYBRID,"[0.00,0.05)",9.764166,1.0,0
295,SQL_FIRST,"[0.00,0.05)",9.66825,1.0,1
295,VECTOR_FIRST_HNSW,"[0.00,0.05)",22.925083,0.4,1
295,HNSW_HYBRID,"[0.00,0.05)",9.442042,1.0,1
295,IVFFLAT_HYBRID,"[0.00,0.05)",9.677875,1.0,1
295,SQL_FIRST,"[0.00,0.05)",9.174708,1.0,2
295,VECTOR_FIRST_HNSW,"[0.00,0.05)",22.994833,0.4,2
295,HNSW_HYBRID,"[0.00,0.05)",9.911541,1.0,2
295,IVFFLAT_HYBRID,"[0.00,0.05)",9.198583,1.0,2
295,SQL_FIRST,"[0.00,0.05)",9.474542,1.0,3
295,VECTOR_FIRST_HNSW,"[0.00,0.05)",23.076875,0.4,3
295,HNSW_HYBRID,"[0.00,0.05)",10.062792,1.0,3
295,IVFFLAT_HYBRID,"[0.00,0.05)",9.143083,1.0,3
295,SQL_FIRST,"[0.00,0.05)",8.998584,1.0,4
295,VECTOR_FIRST_HNSW,"[0.00,0.05)",23.0145,0.4,4
295,HNSW_HYBRID,"[0.00,0.05)",9.738541,1.0,4
295,IVFFLAT_HYBRID,"[0.00,0.05)",9.342,1.0,4
296,SQL_FIRST,"[0.00,0.05)",9.556541,1.0,0
296,VECTOR_FIRST_HNSW,"[0.00,0.05)",22.960042,0.2,0
296,HNSW_HYBRID,"[0.00,0.05)",9.636333,1.0,0
296,IVFFLAT_HYBRID,"[0.00,0.05)",9.867833,1.0,0
296,SQL_FIRST,"[0.00,0.05)",9.984334,1.0,1
296,VECTOR_FIRST_HNSW,"[0.00,0.05)",22.954834,0.2,1
296,HNSW_HYBRID,"[0.00,0.05)",9.752792,1.0,1
296,IVFFLAT_HYBRID,"[0.00,0.05)",9.077834,1.0,1
296,SQL_FIRST,"[0.00,0.05)",9.862541,1.0,2
296,VECTOR_FIRST_HNSW,"[0.00,0.05)",22.959084,0.2,2
296,HNSW_HYBRID,"[0.00,0.05)",10.153917,1.0,2
296,IVFFLAT_HYBRID,"[0.00,0.05)",9.538708,1.0,2
296,SQL_FIRST,"[0.00,0.05)",9.168458,1.0,3
296,VECTOR_FIRST_HNSW,"[0.00,0.05)",22.972417,0.2,3
296,HNSW_HYBRID,"[0.00,0.05)",9.926417,1.0,3
296,IVFFLAT_HYBRID,"[0.00,0.05)",9.795333,1.0,3
296,SQL_FIRST,"[0.00,0.05)",9.47425,1.0,4
296,VECTOR_FIRST_HNSW,"[0.00,0.05)",22.960833,0.2,4
296,HNSW_HYBRID,"[0.00,0.05)",9.895208,1.0,4
296,IVFFLAT_HYBRID,"[0.00,0.05)",9.890125,1.0,4
298,SQL_FIRST,"[0.00,0.05)",8.609833,1.0,0
298,VECTOR_FIRST_HNSW,"[0.00,0.05)",23.083833,0.2,0
298,HNSW_HYBRID,"[0.00,0.05)",9.146292,1.0,0
298,IVFFLAT_HYBRID,"[0.00,0.05)",8.378208,1.0,0
298,SQL_FIRST,"[0.00,0.05)",8.849208,1.0,1
298,VECTOR_FIRST_HNSW,"[0.00,0.05)",23.568083,0.2,1
298,HNSW_HYBRID,"[0.00,0.05)",9.302959,1.0,1
298,IVFFLAT_HYBRID,"[0.00,0.05)",8.481667,1.0,1
298,SQL_FIRST,"[0.00,0.05)",8.378875,1.0,2
298,VECTOR_FIRST_HNSW,"[0.00,0.05)",23.006,0.2,2
298,HNSW_HYBRID,"[0.00,0.05)",9.225667,1.0,2
298,IVFFLAT_HYBRID,"[0.00,0.05)",8.516666,1.0,2
298,SQL_FIRST,"[0.00,0.05)",8.907625,1.0,3
298,VECTOR_FIRST_HNSW,"[0.00,0.05)",23.007667,0.2,3
298,HNSW_HYBRID,"[0.00,0.05)",9.301334,1.0,3
298,IVFFLAT_HYBRID,"[0.00,0.05)",8.667708,1.0,3
298,SQL_FIRST,"[0.00,0.05)",8.589334,1.0,4
298,VECTOR_FIRST_HNSW,"[0.00,0.05)",23.052333,0.2,4
298,HNSW_HYBRID,"[0.00,0.05)",9.063125,1.0,4
298,IVFFLAT_HYBRID,"[0.00,0.05)",8.478833,1.0,4
301,SQL_FIRST,"[0.00,0.05)",11.123375,1.0,0
301,VECTOR_FIRST_HNSW,"[0.00,0.05)",22.992792,0.3,0
301,HNSW_HYBRID,"[0.00,0.05)",11.388292,1.0,0
301,IVFFLAT_HYBRID,"[0.00,0.05)",10.731583,1.0,0
301,SQL_FIRST,"[0.00,0.05)",10.418875,1.0,1
301,VECTOR_FIRST_HNSW,"[0.00,0.05)",23.026583,0.3,1
301,HNSW_HYBRID,"[0.00,0.05)",11.211166,1.0,1
301,IVFFLAT_HYBRID,"[0.00,0.05)",10.906917,1.0,1
301,SQL_FIRST,"[0.00,0.05)",10.71975,1.0,2
301,VECTOR_FIRST_HNSW,"[0.00,0.05)",22.995666,0.3,2
301,HNSW_HYBRID,"[0.00,0.05)",11.434375,1.0,2
301,IVFFLAT_HYBRID,"[0.00,0.05)",10.942958,1.0,2
301,SQL_FIRST,"[0.00,0.05)",10.709166,1.0,3
301,VECTOR_FIRST_HNSW,"[0.00,0.05)",22.901333,0.3,3
301,HNSW_HYBRID,"[0.00,0.05)",11.250125,1.0,3
301,IVFFLAT_HYBRID,"[0.00,0.05)",10.902916,1.0,3
301,SQL_FIRST,"[0.00,0.05)",11.122458,1.0,4
301,VECTOR_FIRST_HNSW,"[0.00,0.05)",22.952625,0.3,4
301,HNSW_HYBRID,"[0.00,0.05)",12.503417,1.0,4
301,IVFFLAT_HYBRID,"[0.00,0.05)",11.273334,1.0,4
302,SQL_FIRST,"[0.00,0.05)",4.157958,1.0,0
302,VECTOR_FIRST_HNSW,"[0.00,0.05)",22.81875,0.0,0
302,HNSW_HYBRID,"[0.00,0.05)",4.584084,1.0,0
302,IVFFLAT_HYBRID,"[0.00,0.05)",4.115917,1.0,0
302,SQL_FIRST,"[0.00,0.05)",4.501459,1.0,1
302,VECTOR_FIRST_HNSW,"[0.00,0.05)",23.474625,0.0,1
302,HNSW_HYBRID,"[0.00,0.05)",4.723625,1.0,1
302,IVFFLAT_HYBRID,"[0.00,0.05)",4.780583,1.0,1
302,SQL_FIRST,"[0.00,0.05)",4.926125,1.0,2
302,VECTOR_FIRST_HNSW,"[0.00,0.05)",23.083166,0.0,2
302,HNSW_HYBRID,"[0.00,0.05)",4.524833,1.0,2
302,IVFFLAT_HYBRID,"[0.00,0.05)",4.203834,1.0,2
302,SQL_FIRST,"[0.00,0.05)",4.137416,1.0,3
302,VECTOR_FIRST_HNSW,"[0.00,0.05)",22.922417,0.0,3
302,HNSW_HYBRID,"[0.00,0.05)",4.535916,1.0,3
302,IVFFLAT_HYBRID,"[0.00,0.05)",4.172583,1.0,3
302,SQL_FIRST,"[0.00,0.05)",4.164875,1.0,4
302,VECTOR_FIRST_HNSW,"[0.00,0.05)",23.225667,0.0,4
302,HNSW_HYBRID,"[0.00,0.05)",4.603166,1.0,4
302,IVFFLAT_HYBRID,"[0.00,0.05)",4.135666,1.0,4
303,SQL_FIRST,"[0.00,0.05)",9.20075,1.0,0
303,VECTOR_FIRST_HNSW,"[0.00,0.05)",22.915583,0.5,0
303,HNSW_HYBRID,"[0.00,0.05)",9.666792,1.0,0
303,IVFFLAT_HYBRID,"[0.00,0.05)",9.76875,1.0,0
303,SQL_FIRST,"[0.00,0.05)",9.289666,1.0,1
303,VECTOR_FIRST_HNSW,"[0.00,0.05)",23.046125,0.5,1
303,HNSW_HYBRID,"[0.00,0.05)",9.595,1.0,1
303,IVFFLAT_HYBRID,"[0.00,0.05)",9.242958,1.0,1
303,SQL_FIRST,"[0.00,0.05)",9.363916,1.0,2
303,VECTOR_FIRST_HNSW,"[0.00,0.05)",23.867375,0.5,2
303,HNSW_HYBRID,"[0.00,0.05)",9.751042,1.0,2
303,IVFFLAT_HYBRID,"[0.00,0.05)",9.097084,1.0,2
303,SQL_FIRST,"[0.00,0.05)",9.109584,1.0,3
303,VECTOR_FIRST_HNSW,"[0.00,0.05)",22.993917,0.5,3
303,HNSW_HYBRID,"[0.00,0.05)",9.7215,1.0,3
303,IVFFLAT_HYBRID,"[0.00,0.05)",9.26325,1.0,3
303,SQL_FIRST,"[0.00,0.05)",9.809958,1.0,4
303,VECTOR_FIRST_HNSW,"[0.00,0.05)",22.88375,0.5,4
303,HNSW_HYBRID,"[0.00,0.05)",10.1185,1.0,4
303,IVFFLAT_HYBRID,"[0.00,0.05)",9.399416,1.0,4
304,SQL_FIRST,"[0.00,0.05)",9.930917,1.0,0
304,VECTOR_FIRST_HNSW,"[0.00,0.05)",23.155,0.3,0
304,HNSW_HYBRID,"[0.00,0.05)",10.249792,1.0,0
304,IVFFLAT_HYBRID,"[0.00,0.05)",9.854417,1.0,0
304,SQL_FIRST,"[0.00,0.05)",10.253958,1.0,1
304,VECTOR_FIRST_HNSW,"[0.00,0.05)",22.9715,0.3,1
304,HNSW_HYBRID,"[0.00,0.05)",10.34325,1.0,1
304,IVFFLAT_HYBRID,"[0.00,0.05)",10.059667,1.0,1
304,SQL_FIRST,"[0.00,0.05)",10.256,1.0,2
304,VECTOR_FIRST_HNSW,"[0.00,0.05)",23.027625,0.3,2
304,HNSW_HYBRID,"[0.00,0.05)",10.418292,1.0,2
304,IVFFLAT_HYBRID,"[0.00,0.05)",10.174208,1.0,2
304,SQL_FIRST,"[0.00,0.05)",9.684,1.0,3
304,VECTOR_FIRST_HNSW,"[0.00,0.05)",23.88075,0.3,3
304,HNSW_HYBRID,"[0.00,0.05)",10.444292,1.0,3
304,IVFFLAT_HYBRID,"[0.00,0.05)",9.863209,1.0,3
304,SQL_FIRST,"[0.00,0.05)",10.096333,1.0,4
304,VECTOR_FIRST_HNSW,"[0.00,0.05)",22.910292,0.3,4
304,HNSW_HYBRID,"[0.00,0.05)",10.417625,1.0,4
304,IVFFLAT_HYBRID,"[0.00,0.05)",10.024291,1.0,4
310,SQL_FIRST,"[0.00,0.05)",10.074958,1.0,0
310,VECTOR_FIRST_HNSW,"[0.00,0.05)",23.029125,0.6,0
310,HNSW_HYBRID,"[0.00,0.05)",9.841667,1.0,0
310,IVFFLAT_HYBRID,"[0.00,0.05)",9.405125,1.0,0
310,SQL_FIRST,"[0.00,0.05)",9.950708,1.0,1
310,VECTOR_FIRST_HNSW,"[0.00,0.05)",22.979416,0.6,1
310,HNSW_HYBRID,"[0.00,0.05)",9.989208,1.0,1
310,IVFFLAT_HYBRID,"[0.00,0.05)",9.37975,1.0,1
310,SQL_FIRST,"[0.00,0.05)",9.4435,1.0,2
310,VECTOR_FIRST_HNSW,"[0.00,0.05)",23.140375,0.6,2
310,HNSW_HYBRID,"[0.00,0.05)",9.857625,1.0,2
310,IVFFLAT_HYBRID,"[0.00,0.05)",9.661542,1.0,2
310,SQL_FIRST,"[0.00,0.05)",9.251125,1.0,3
310,VECTOR_FIRST_HNSW,"[0.00,0.05)",22.931834,0.6,3
310,HNSW_HYBRID,"[0.00,0.05)",10.039041,1.0,3
310,IVFFLAT_HYBRID,"[0.00,0.05)",9.806791,1.0,3
310,SQL_FIRST,"[0.00,0.05)",9.475375,1.0,4
310,VECTOR_FIRST_HNSW,"[0.00,0.05)",23.010084,0.6,4
310,HNSW_HYBRID,"[0.00,0.05)",9.89575,1.0,4
310,IVFFLAT_HYBRID,"[0.00,0.05)",9.469125,1.0,4
312,SQL_FIRST,"[0.00,0.05)",4.037459,1.0,0
312,VECTOR_FIRST_HNSW,"[0.00,0.05)",23.103333,0.0,0
312,HNSW_HYBRID,"[0.00,0.05)",4.34275,1.0,0
312,IVFFLAT_HYBRID,"[0.00,0.05)",4.012167,1.0,0
312,SQL_FIRST,"[0.00,0.05)",4.04675,1.0,1
312,VECTOR_FIRST_HNSW,"[0.00,0.05)",23.641875,0.0,1
312,HNSW_HYBRID,"[0.00,0.05)",4.47975,1.0,1
312,IVFFLAT_HYBRID,"[0.00,0.05)",4.031125,1.0,1
312,SQL_FIRST,"[0.00,0.05)",4.039916,1.0,2
312,VECTOR_FIRST_HNSW,"[0.00,0.05)",23.112584,0.0,2
312,HNSW_HYBRID,"[0.00,0.05)",4.44125,1.0,2
312,IVFFLAT_HYBRID,"[0.00,0.05)",4.056791,1.0,2
312,SQL_FIRST,"[0.00,0.05)",4.0585,1.0,3
312,VECTOR_FIRST_HNSW,"[0.00,0.05)",22.831417,0.0,3
312,HNSW_HYBRID,"[0.00,0.05)",4.458333,1.0,3
312,IVFFLAT_HYBRID,"[0.00,0.05)",4.081042,1.0,3
312,SQL_FIRST,"[0.00,0.05)",4.139459,1.0,4
312,VECTOR_FIRST_HNSW,"[0.00,0.05)",22.965542,0.0,4
312,HNSW_HYBRID,"[0.00,0.05)",4.395,1.0,4
312,IVFFLAT_HYBRID,"[0.00,0.05)",4.171041,1.0,4
313,SQL_FIRST,"[0.00,0.05)",7.722583,1.0,0
313,VECTOR_FIRST_HNSW,"[0.00,0.05)",22.961833,0.2,0
313,HNSW_HYBRID,"[0.00,0.05)",7.852542,1.0,0
313,IVFFLAT_HYBRID,"[0.00,0.05)",7.077416,1.0,0
313,SQL_FIRST,"[0.00,0.05)",7.503708,1.0,1
313,VECTOR_FIRST_HNSW,"[0.00,0.05)",22.937208,0.2,1
313,HNSW_HYBRID,"[0.00,0.05)",8.179542,1.0,1
313,IVFFLAT_HYBRID,"[0.00,0.05)",7.188958,1.0,1
313,SQL_FIRST,"[0.00,0.05)",7.053625,1.0,2
313,VECTOR_FIRST_HNSW,"[0.00,0.05)",22.937583,0.2,2
313,HNSW_HYBRID,"[0.00,0.05)",8.190834,1.0,2
313,IVFFLAT_HYBRID,"[0.00,0.05)",7.246917,1.0,2
313,SQL_FIRST,"[0.00,0.05)",7.072917,1.0,3
313,VECTOR_FIRST_HNSW,"[0.00,0.05)",22.964667,0.2,3
313,HNSW_HYBRID,"[0.00,0.05)",7.872917,1.0,3
313,IVFFLAT_HYBRID,"[0.00,0.05)",7.412291,1.0,3
313,SQL_FIRST,"[0.00,0.05)",7.1685,1.0,4
313,VECTOR_FIRST_HNSW,"[0.00,0.05)",23.405625,0.2,4
313,HNSW_HYBRID,"[0.00,0.05)",7.761083,1.0,4
313,IVFFLAT_HYBRID,"[0.00,0.05)",7.279166,1.0,4
314,SQL_FIRST,"[0.00,0.05)",1.469541,1.0,0
314,VECTOR_FIRST_HNSW,"[0.00,0.05)",24.594083,0.0,0
314,HNSW_HYBRID,"[0.00,0.05)",1.872708,1.0,0
314,IVFFLAT_HYBRID,"[0.00,0.05)",1.553292,1.0,0
314,SQL_FIRST,"[0.00,0.05)",1.499333,1.0,1
314,VECTOR_FIRST_HNSW,"[0.00,0.05)",23.270708,0.0,1
314,HNSW_HYBRID,"[0.00,0.05)",2.031542,1.0,1
314,IVFFLAT_HYBRID,"[0.00,0.05)",1.436917,1.0,1
314,SQL_FIRST,"[0.00,0.05)",1.438333,1.0,2
314,VECTOR_FIRST_HNSW,"[0.00,0.05)",22.829792,0.0,2
314,HNSW_HYBRID,"[0.00,0.05)",1.803792,1.0,2
314,IVFFLAT_HYBRID,"[0.00,0.05)",1.5015,1.0,2
314,SQL_FIRST,"[0.00,0.05)",1.49025,1.0,3
314,VECTOR_FIRST_HNSW,"[0.00,0.05)",22.813416,0.0,3
314,HNSW_HYBRID,"[0.00,0.05)",1.923833,1.0,3
314,IVFFLAT_HYBRID,"[0.00,0.05)",1.476625,1.0,3
314,SQL_FIRST,"[0.00,0.05)",1.42625,1.0,4
314,VECTOR_FIRST_HNSW,"[0.00,0.05)",22.792709,0.0,4
314,HNSW_HYBRID,"[0.00,0.05)",1.780334,1.0,4
314,IVFFLAT_HYBRID,"[0.00,0.05)",1.483625,1.0,4
315,SQL_FIRST,"[0.00,0.05)",8.22775,1.0,0
315,VECTOR_FIRST_HNSW,"[0.00,0.05)",22.8675,0.2,0
315,HNSW_HYBRID,"[0.00,0.05)",8.960458,1.0,0
315,IVFFLAT_HYBRID,"[0.00,0.05)",8.526667,1.0,0
315,SQL_FIRST,"[0.00,0.05)",8.473542,1.0,1
315,VECTOR_FIRST_HNSW,"[0.00,0.05)",23.423375,0.2,1
315,HNSW_HYBRID,"[0.00,0.05)",8.826917,1.0,1
315,IVFFLAT_HYBRID,"[0.00,0.05)",8.169916,1.0,1
315,SQL_FIRST,"[0.00,0.05)",8.199792,1.0,2
315,VECTOR_FIRST_HNSW,"[0.00,0.05)",22.967292,0.2,2
315,HNSW_HYBRID,"[0.00,0.05)",8.871334,1.0,2
315,IVFFLAT_HYBRID,"[0.00,0.05)",8.495542,1.0,2
315,SQL_FIRST,"[0.00,0.05)",8.441042,1.0,3
315,VECTOR_FIRST_HNSW,"[0.00,0.05)",22.986167,0.2,3
315,HNSW_HYBRID,"[0.00,0.05)",8.95725,1.0,3
315,IVFFLAT_HYBRID,"[0.00,0.05)",8.349417,1.0,3
315,SQL_FIRST,"[0.00,0.05)",8.322417,1.0,4
315,VECTOR_FIRST_HNSW,"[0.00,0.05)",24.757375,0.2,4
315,HNSW_HYBRID,"[0.00,0.05)",9.039666,1.0,4
315,IVFFLAT_HYBRID,"[0.00,0.05)",8.635792,1.0,4
316,SQL_FIRST,"[0.00,0.05)",6.811875,1.0,0
316,VECTOR_FIRST_HNSW,"[0.00,0.05)",26.247042,0.1,0
316,HNSW_HYBRID,"[0.00,0.05)",7.355125,1.0,0
316,IVFFLAT_HYBRID,"[0.00,0.05)",7.010875,1.0,0
316,SQL_FIRST,"[0.00,0.05)",6.683041,1.0,1
316,VECTOR_FIRST_HNSW,"[0.00,0.05)",23.635,0.1,1
316,HNSW_HYBRID,"[0.00,0.05)",7.420625,1.0,1
316,IVFFLAT_HYBRID,"[0.00,0.05)",6.664792,1.0,1
316,SQL_FIRST,"[0.00,0.05)",6.76025,1.0,2
316,VECTOR_FIRST_HNSW,"[0.00,0.05)",22.951417,0.1,2
316,HNSW_HYBRID,"[0.00,0.05)",7.351,1.0,2
316,IVFFLAT_HYBRID,"[0.00,0.05)",6.722417,1.0,2
316,SQL_FIRST,"[0.00,0.05)",6.859792,1.0,3
316,VECTOR_FIRST_HNSW,"[0.00,0.05)",23.120833,0.1,3
316,HNSW_HYBRID,"[0.00,0.05)",7.426334,1.0,3
316,IVFFLAT_HYBRID,"[0.00,0.05)",6.859208,1.0,3
316,SQL_FIRST,"[0.00,0.05)",6.609167,1.0,4
316,VECTOR_FIRST_HNSW,"[0.00,0.05)",22.926417,0.1,4
316,HNSW_HYBRID,"[0.00,0.05)",7.260334,1.0,4
316,IVFFLAT_HYBRID,"[0.00,0.05)",6.78325,1.0,4
318,SQL_FIRST,"[0.00,0.05)",9.735417,1.0,0
318,VECTOR_FIRST_HNSW,"[0.00,0.05)",23.01375,0.2,0
318,HNSW_HYBRID,"[0.00,0.05)",9.352792,1.0,0
318,IVFFLAT_HYBRID,"[0.00,0.05)",8.882792,1.0,0
318,SQL_FIRST,"[0.00,0.05)",9.3705,1.0,1
318,VECTOR_FIRST_HNSW,"[0.00,0.05)",22.961209,0.2,1
318,HNSW_HYBRID,"[0.00,0.05)",9.871666,1.0,1
318,IVFFLAT_HYBRID,"[0.00,0.05)",8.848417,1.0,1
318,SQL_FIRST,"[0.00,0.05)",9.079291,1.0,2
318,VECTOR_FIRST_HNSW,"[0.00,0.05)",22.919,0.2,2
318,HNSW_HYBRID,"[0.00,0.05)",9.934292,1.0,2
318,IVFFLAT_HYBRID,"[0.00,0.05)",9.195084,1.0,2
318,SQL_FIRST,"[0.00,0.05)",9.066875,1.0,3
318,VECTOR_FIRST_HNSW,"[0.00,0.05)",23.028583,0.2,3
318,HNSW_HYBRID,"[0.00,0.05)",9.635709,1.0,3
318,IVFFLAT_HYBRID,"[0.00,0.05)",9.317042,1.0,3
318,SQL_FIRST,"[0.00,0.05)",9.414416,1.0,4
318,VECTOR_FIRST_HNSW,"[0.00,0.05)",22.984375,0.2,4
318,HNSW_HYBRID,"[0.00,0.05)",9.503542,1.0,4
318,IVFFLAT_HYBRID,"[0.00,0.05)",9.605,1.0,4
320,SQL_FIRST,"[0.00,0.05)",10.275583,1.0,0
320,VECTOR_FIRST_HNSW,"[0.00,0.05)",22.977584,0.1,0
320,HNSW_HYBRID,"[0.00,0.05)",10.220541,1.0,0
320,IVFFLAT_HYBRID,"[0.00,0.05)",9.551833,1.0,0
320,SQL_FIRST,"[0.00,0.05)",9.423708,1.0,1
320,VECTOR_FIRST_HNSW,"[0.00,0.05)",23.004833,0.1,1
320,HNSW_HYBRID,"[0.00,0.05)",10.218166,1.0,1
320,IVFFLAT_HYBRID,"[0.00,0.05)",10.012625,1.0,1
320,SQL_FIRST,"[0.00,0.05)",9.31475,1.0,2
320,VECTOR_FIRST_HNSW,"[0.00,0.05)",22.976292,0.1,2
320,HNSW_HYBRID,"[0.00,0.05)",10.158833,1.0,2
320,IVFFLAT_HYBRID,"[0.00,0.05)",10.12875,1.0,2
320,SQL_FIRST,"[0.00,0.05)",10.02875,1.0,3
320,VECTOR_FIRST_HNSW,"[0.00,0.05)",22.925791,0.1,3
320,HNSW_HYBRID,"[0.00,0.05)",10.328417,1.0,3
320,IVFFLAT_HYBRID,"[0.00,0.05)",9.519916,1.0,3
320,SQL_FIRST,"[0.00,0.05)",9.35225,1.0,4
320,VECTOR_FIRST_HNSW,"[0.00,0.05)",22.92875,0.1,4
320,HNSW_HYBRID,"[0.00,0.05)",10.096417,1.0,4
320,IVFFLAT_HYBRID,"[0.00,0.05)",9.663708,1.0,4
322,SQL_FIRST,"[0.00,0.05)",6.926958,1.0,0
322,VECTOR_FIRST_HNSW,"[0.00,0.05)",22.935333,0.3,0
322,HNSW_HYBRID,"[0.00,0.05)",7.719708,1.0,0
322,IVFFLAT_HYBRID,"[0.00,0.05)",6.904125,1.0,0
322,SQL_FIRST,"[0.00,0.05)",7.108542,1.0,1
322,VECTOR_FIRST_HNSW,"[0.00,0.05)",22.954,0.3,1
322,HNSW_HYBRID,"[0.00,0.05)",7.770541,1.0,1
322,IVFFLAT_HYBRID,"[0.00,0.05)",7.115583,1.0,1
322,SQL_FIRST,"[0.00,0.05)",6.993375,1.0,2
322,VECTOR_FIRST_HNSW,"[0.00,0.05)",23.613708,0.3,2
322,HNSW_HYBRID,"[0.00,0.05)",7.551792,1.0,2
322,IVFFLAT_HYBRID,"[0.00,0.05)",6.971542,1.0,2
322,SQL_FIRST,"[0.00,0.05)",6.9705,1.0,3
322,VECTOR_FIRST_HNSW,"[0.00,0.05)",23.044458,0.3,3
322,HNSW_HYBRID,"[0.00,0.05)",7.579542,1.0,3
322,IVFFLAT_HYBRID,"[0.00,0.05)",7.090584,1.0,3
322,SQL_FIRST,"[0.00,0.05)",7.079166,1.0,4
322,VECTOR_FIRST_HNSW,"[0.00,0.05)",23.311084,0.3,4
322,HNSW_HYBRID,"[0.00,0.05)",7.64025,1.0,4
322,IVFFLAT_HYBRID,"[0.00,0.05)",7.047,1.0,4
324,SQL_FIRST,"[0.00,0.05)",5.816208,1.0,0
324,VECTOR_FIRST_HNSW,"[0.00,0.05)",22.983125,0.1,0
324,HNSW_HYBRID,"[0.00,0.05)",6.453375,1.0,0
324,IVFFLAT_HYBRID,"[0.00,0.05)",6.099292,1.0,0
324,SQL_FIRST,"[0.00,0.05)",5.856584,1.0,1
324,VECTOR_FIRST_HNSW,"[0.00,0.05)",22.881875,0.1,1
324,HNSW_HYBRID,"[0.00,0.05)",6.447375,1.0,1
324,IVFFLAT_HYBRID,"[0.00,0.05)",5.846916,1.0,1
324,SQL_FIRST,"[0.00,0.05)",5.815666,1.0,2
324,VECTOR_FIRST_HNSW,"[0.00,0.05)",23.095916,0.1,2
324,HNSW_HYBRID,"[0.00,0.05)",6.414042,1.0,2
324,IVFFLAT_HYBRID,"[0.00,0.05)",6.000375,1.0,2
324,SQL_FIRST,"[0.00,0.05)",5.741167,1.0,3
324,VECTOR_FIRST_HNSW,"[0.00,0.05)",23.216042,0.1,3
324,HNSW_HYBRID,"[0.00,0.05)",6.667541,1.0,3
324,IVFFLAT_HYBRID,"[0.00,0.05)",6.182042,1.0,3
324,SQL_FIRST,"[0.00,0.05)",5.966417,1.0,4
324,VECTOR_FIRST_HNSW,"[0.00,0.05)",22.874458,0.1,4
324,HNSW_HYBRID,"[0.00,0.05)",6.579417,1.0,4
324,IVFFLAT_HYBRID,"[0.00,0.05)",5.917917,1.0,4
326,SQL_FIRST,"[0.00,0.05)",4.856083,1.0,0
326,VECTOR_FIRST_HNSW,"[0.00,0.05)",23.371875,0.0,0
326,HNSW_HYBRID,"[0.00,0.05)",5.436709,1.0,0
326,IVFFLAT_HYBRID,"[0.00,0.05)",4.878334,1.0,0
326,SQL_FIRST,"[0.00,0.05)",4.848625,1.0,1
326,VECTOR_FIRST_HNSW,"[0.00,0.05)",22.876666,0.0,1
326,HNSW_HYBRID,"[0.00,0.05)",5.473875,1.0,1
326,IVFFLAT_HYBRID,"[0.00,0.05)",4.908125,1.0,1
326,SQL_FIRST,"[0.00,0.05)",5.031375,1.0,2
326,VECTOR_FIRST_HNSW,"[0.00,0.05)",22.847959,0.0,2
326,HNSW_HYBRID,"[0.00,0.05)",5.68475,1.0,2
326,IVFFLAT_HYBRID,"[0.00,0.05)",5.083917,1.0,2
326,SQL_FIRST,"[0.00,0.05)",4.831041,1.0,3
326,VECTOR_FIRST_HNSW,"[0.00,0.05)",22.855083,0.0,3
326,HNSW_HYBRID,"[0.00,0.05)",5.587667,1.0,3
326,IVFFLAT_HYBRID,"[0.00,0.05)",4.900875,1.0,3
326,SQL_FIRST,"[0.00,0.05)",4.901125,1.0,4
326,VECTOR_FIRST_HNSW,"[0.00,0.05)",22.884292,0.0,4
326,HNSW_HYBRID,"[0.00,0.05)",5.36825,1.0,4
326,IVFFLAT_HYBRID,"[0.00,0.05)",5.449542,1.0,4
327,SQL_FIRST,"[0.00,0.05)",8.657,1.0,0
327,VECTOR_FIRST_HNSW,"[0.00,0.05)",23.051208,0.2,0
327,HNSW_HYBRID,"[0.00,0.05)",9.526208,1.0,0
327,IVFFLAT_HYBRID,"[0.00,0.05)",9.099625,1.0,0
327,SQL_FIRST,"[0.00,0.05)",9.033,1.0,1
327,VECTOR_FIRST_HNSW,"[0.00,0.05)",22.895792,0.2,1
327,HNSW_HYBRID,"[0.00,0.05)",9.498417,1.0,1
327,IVFFLAT_HYBRID,"[0.00,0.05)",9.285209,1.0,1
327,SQL_FIRST,"[0.00,0.05)",9.060375,1.0,2
327,VECTOR_FIRST_HNSW,"[0.00,0.05)",23.122833,0.2,2
327,HNSW_HYBRID,"[0.00,0.05)",9.874292,1.0,2
327,IVFFLAT_HYBRID,"[0.00,0.05)",10.747625,1.0,2
327,SQL_FIRST,"[0.00,0.05)",9.374334,1.0,3
327,VECTOR_FIRST_HNSW,"[0.00,0.05)",23.291334,0.2,3
327,HNSW_HYBRID,"[0.00,0.05)",9.459625,1.0,3
327,IVFFLAT_HYBRID,"[0.00,0.05)",8.832584,1.0,3
327,SQL_FIRST,"[0.00,0.05)",8.968875,1.0,4
327,VECTOR_FIRST_HNSW,"[0.00,0.05)",22.974542,0.2,4
327,HNSW_HYBRID,"[0.00,0.05)",9.539083,1.0,4
327,IVFFLAT_HYBRID,"[0.00,0.05)",9.903292,1.0,4
329,SQL_FIRST,"[0.00,0.05)",6.232334,1.0,0
329,VECTOR_FIRST_HNSW,"[0.00,0.05)",23.180709,0.2,0
329,HNSW_HYBRID,"[0.00,0.05)",6.792709,1.0,0
329,IVFFLAT_HYBRID,"[0.00,0.05)",6.078792,1.0,0
329,SQL_FIRST,"[0.00,0.05)",6.124042,1.0,1
329,VECTOR_FIRST_HNSW,"[0.00,0.05)",22.966709,0.2,1
329,HNSW_HYBRID,"[0.00,0.05)",7.024708,1.0,1
329,IVFFLAT_HYBRID,"[0.00,0.05)",6.951709,1.0,1
329,SQL_FIRST,"[0.00,0.05)",7.301125,1.0,2
329,VECTOR_FIRST_HNSW,"[0.00,0.05)",24.406542,0.2,2
329,HNSW_HYBRID,"[0.00,0.05)",6.765292,1.0,2
329,IVFFLAT_HYBRID,"[0.00,0.05)",6.215375,1.0,2
329,SQL_FIRST,"[0.00,0.05)",6.21125,1.0,3
329,VECTOR_FIRST_HNSW,"[0.00,0.05)",22.997125,0.2,3
329,HNSW_HYBRID,"[0.00,0.05)",6.853375,1.0,3
329,IVFFLAT_HYBRID,"[0.00,0.05)",6.636,1.0,3
329,SQL_FIRST,"[0.00,0.05)",6.098459,1.0,4
329,VECTOR_FIRST_HNSW,"[0.00,0.05)",23.036583,0.2,4
329,HNSW_HYBRID,"[0.00,0.05)",6.9195,1.0,4
329,IVFFLAT_HYBRID,"[0.00,0.05)",6.5575,1.0,4
331,SQL_FIRST,"[0.00,0.05)",11.059792,1.0,0
331,VECTOR_FIRST_HNSW,"[0.00,0.05)",22.921542,0.5,0
331,HNSW_HYBRID,"[0.00,0.05)",10.890292,1.0,0
331,IVFFLAT_HYBRID,"[0.00,0.05)",10.601625,1.0,0
331,SQL_FIRST,"[0.00,0.05)",10.430959,1.0,1
331,VECTOR_FIRST_HNSW,"[0.00,0.05)",22.981875,0.5,1
331,HNSW_HYBRID,"[0.00,0.05)",10.920166,1.0,1
331,IVFFLAT_HYBRID,"[0.00,0.05)",10.585625,1.0,1
331,SQL_FIRST,"[0.00,0.05)",10.907375,1.0,2
331,VECTOR_FIRST_HNSW,"[0.00,0.05)",23.051792,0.5,2
331,HNSW_HYBRID,"[0.00,0.05)",10.796416,1.0,2
331,IVFFLAT_HYBRID,"[0.00,0.05)",10.725458,1.0,2
331,SQL_FIRST,"[0.00,0.05)",10.825625,1.0,3
331,VECTOR_FIRST_HNSW,"[0.00,0.05)",23.019792,0.5,3
331,HNSW_HYBRID,"[0.00,0.05)",10.806084,1.0,3
331,IVFFLAT_HYBRID,"[0.00,0.05)",10.419792,1.0,3
331,SQL_FIRST,"[0.00,0.05)",10.399958,1.0,4
331,VECTOR_FIRST_HNSW,"[0.00,0.05)",23.397833,0.5,4
331,HNSW_HYBRID,"[0.00,0.05)",11.023958,1.0,4
331,IVFFLAT_HYBRID,"[0.00,0.05)",10.344959,1.0,4
332,SQL_FIRST,"[0.00,0.05)",8.958917,1.0,0
332,VECTOR_FIRST_HNSW,"[0.00,0.05)",22.922125,0.6,0
332,HNSW_HYBRID,"[0.00,0.05)",9.519041,1.0,0
332,IVFFLAT_HYBRID,"[0.00,0.05)",9.214875,1.0,0
332,SQL_FIRST,"[0.00,0.05)",9.060666,1.0,1
332,VECTOR_FIRST_HNSW,"[0.00,0.05)",23.037583,0.6,1
332,HNSW_HYBRID,"[0.00,0.05)",9.64425,1.0,1
332,IVFFLAT_HYBRID,"[0.00,0.05)",9.543917,1.0,1
332,SQL_FIRST,"[0.00,0.05)",9.087917,1.0,2
332,VECTOR_FIRST_HNSW,"[0.00,0.05)",23.033416,0.6,2
332,HNSW_HYBRID,"[0.00,0.05)",9.27725,1.0,2
332,IVFFLAT_HYBRID,"[0.00,0.05)",8.660209,1.0,2
332,SQL_FIRST,"[0.00,0.05)",9.176416,1.0,3
332,VECTOR_FIRST_HNSW,"[0.00,0.05)",23.062667,0.6,3
332,HNSW_HYBRID,"[0.00,0.05)",9.734208,1.0,3
332,IVFFLAT_HYBRID,"[0.00,0.05)",9.163084,1.0,3
332,SQL_FIRST,"[0.00,0.05)",9.098417,1.0,4
332,VECTOR_FIRST_HNSW,"[0.00,0.05)",23.002792,0.6,4
332,HNSW_HYBRID,"[0.00,0.05)",9.602542,1.0,4
332,IVFFLAT_HYBRID,"[0.00,0.05)",8.683583,1.0,4
333,SQL_FIRST,"[0.00,0.05)",9.419292,1.0,0
333,VECTOR_FIRST_HNSW,"[0.00,0.05)",23.623167,0.2,0
333,HNSW_HYBRID,"[0.00,0.05)",9.453125,1.0,0
333,IVFFLAT_HYBRID,"[0.00,0.05)",9.542458,1.0,0
333,SQL_FIRST,"[0.00,0.05)",8.927583,1.0,1
333,VECTOR_FIRST_HNSW,"[0.00,0.05)",23.299792,0.2,1
333,HNSW_HYBRID,"[0.00,0.05)",9.29025,1.0,1
333,IVFFLAT_HYBRID,"[0.00,0.05)",8.8665,1.0,1
333,SQL_FIRST,"[0.00,0.05)",9.134875,1.0,2
333,VECTOR_FIRST_HNSW,"[0.00,0.05)",23.358792,0.2,2
333,HNSW_HYBRID,"[0.00,0.05)",9.459166,1.0,2
333,IVFFLAT_HYBRID,"[0.00,0.05)",8.754459,1.0,2
333,SQL_FIRST,"[0.00,0.05)",8.984708,1.0,3
333,VECTOR_FIRST_HNSW,"[0.00,0.05)",23.038625,0.2,3
333,HNSW_HYBRID,"[0.00,0.05)",9.468167,1.0,3
333,IVFFLAT_HYBRID,"[0.00,0.05)",9.251,1.0,3
333,SQL_FIRST,"[0.00,0.05)",9.566125,1.0,4
333,VECTOR_FIRST_HNSW,"[0.00,0.05)",22.930875,0.2,4
333,HNSW_HYBRID,"[0.00,0.05)",9.600334,1.0,4
333,IVFFLAT_HYBRID,"[0.00,0.05)",9.02675,1.0,4
334,SQL_FIRST,"[0.00,0.05)",4.779041,1.0,0
334,VECTOR_FIRST_HNSW,"[0.00,0.05)",23.003458,0.1,0
334,HNSW_HYBRID,"[0.00,0.05)",5.330333,1.0,0
334,IVFFLAT_HYBRID,"[0.00,0.05)",4.790166,1.0,0
334,SQL_FIRST,"[0.00,0.05)",4.882,1.0,1
334,VECTOR_FIRST_HNSW,"[0.00,0.05)",22.902166,0.1,1
334,HNSW_HYBRID,"[0.00,0.05)",5.300292,1.0,1
334,IVFFLAT_HYBRID,"[0.00,0.05)",4.9805,1.0,1
334,SQL_FIRST,"[0.00,0.05)",4.926708,1.0,2
334,VECTOR_FIRST_HNSW,"[0.00,0.05)",23.132,0.1,2
334,HNSW_HYBRID,"[0.00,0.05)",5.613875,1.0,2
334,IVFFLAT_HYBRID,"[0.00,0.05)",4.935458,1.0,2
334,SQL_FIRST,"[0.00,0.05)",4.85475,1.0,3
334,VECTOR_FIRST_HNSW,"[0.00,0.05)",22.844375,0.1,3
334,HNSW_HYBRID,"[0.00,0.05)",5.317292,1.0,3
334,IVFFLAT_HYBRID,"[0.00,0.05)",4.929417,1.0,3
334,SQL_FIRST,"[0.00,0.05)",4.858709,1.0,4
334,VECTOR_FIRST_HNSW,"[0.00,0.05)",22.956,0.1,4
334,HNSW_HYBRID,"[0.00,0.05)",5.467,1.0,4
334,IVFFLAT_HYBRID,"[0.00,0.05)",4.8655,1.0,4
336,SQL_FIRST,"[0.00,0.05)",1.484625,1.0,0
336,VECTOR_FIRST_HNSW,"[0.00,0.05)",22.867542,0.0,0
336,HNSW_HYBRID,"[0.00,0.05)",1.878958,1.0,0
336,IVFFLAT_HYBRID,"[0.00,0.05)",1.542709,1.0,0
336,SQL_FIRST,"[0.00,0.05)",1.529875,1.0,1
336,VECTOR_FIRST_HNSW,"[0.00,0.05)",22.961583,0.0,1
336,HNSW_HYBRID,"[0.00,0.05)",1.848833,1.0,1
336,IVFFLAT_HYBRID,"[0.00,0.05)",1.531125,1.0,1
336,SQL_FIRST,"[0.00,0.05)",1.542333,1.0,2
336,VECTOR_FIRST_HNSW,"[0.00,0.05)",22.905375,0.0,2
336,HNSW_HYBRID,"[0.00,0.05)",1.882792,1.0,2
336,IVFFLAT_HYBRID,"[0.00,0.05)",1.520084,1.0,2
336,SQL_FIRST,"[0.00,0.05)",1.496666,1.0,3
336,VECTOR_FIRST_HNSW,"[0.00,0.05)",22.76575,0.0,3
336,HNSW_HYBRID,"[0.00,0.05)",1.941542,1.0,3
336,IVFFLAT_HYBRID,"[0.00,0.05)",1.614209,1.0,3
336,SQL_FIRST,"[0.00,0.05)",1.449709,1.0,4
336,VECTOR_FIRST_HNSW,"[0.00,0.05)",22.891917,0.0,4
336,HNSW_HYBRID,"[0.00,0.05)",1.958166,1.0,4
336,IVFFLAT_HYBRID,"[0.00,0.05)",1.542917,1.0,4
338,SQL_FIRST,"[0.00,0.05)",10.086416,1.0,0
338,VECTOR_FIRST_HNSW,"[0.00,0.05)",22.98875,0.5,0
338,HNSW_HYBRID,"[0.00,0.05)",9.992208,1.0,0
338,IVFFLAT_HYBRID,"[0.00,0.05)",9.542583,1.0,0
338,SQL_FIRST,"[0.00,0.05)",9.486292,1.0,1
338,VECTOR_FIRST_HNSW,"[0.00,0.05)",23.0005,0.5,1
338,HNSW_HYBRID,"[0.00,0.05)",9.969209,1.0,1
338,IVFFLAT_HYBRID,"[0.00,0.05)",9.641208,1.0,1
338,SQL_FIRST,"[0.00,0.05)",9.782916,1.0,2
338,VECTOR_FIRST_HNSW,"[0.00,0.05)",22.925125,0.5,2
338,HNSW_HYBRID,"[0.00,0.05)",9.876333,1.0,2
338,IVFFLAT_HYBRID,"[0.00,0.05)",9.659334,1.0,2
338,SQL_FIRST,"[0.00,0.05)",9.712041,1.0,3
338,VECTOR_FIRST_HNSW,"[0.00,0.05)",22.995917,0.5,3
338,HNSW_HYBRID,"[0.00,0.05)",9.818417,1.0,3
338,IVFFLAT_HYBRID,"[0.00,0.05)",9.793667,1.0,3
338,SQL_FIRST,"[0.00,0.05)",9.164625,1.0,4
338,VECTOR_FIRST_HNSW,"[0.00,0.05)",23.024083,0.5,4
338,HNSW_HYBRID,"[0.00,0.05)",9.825917,1.0,4
338,IVFFLAT_HYBRID,"[0.00,0.05)",9.357583,1.0,4
343,SQL_FIRST,"[0.00,0.05)",9.794208,1.0,0
343,VECTOR_FIRST_HNSW,"[0.00,0.05)",22.967208,0.7,0
343,HNSW_HYBRID,"[0.00,0.05)",9.745667,1.0,0
343,IVFFLAT_HYBRID,"[0.00,0.05)",9.69,1.0,0
343,SQL_FIRST,"[0.00,0.05)",9.464834,1.0,1
343,VECTOR_FIRST_HNSW,"[0.00,0.05)",23.080792,0.7,1
343,HNSW_HYBRID,"[0.00,0.05)",9.693625,1.0,1
343,IVFFLAT_HYBRID,"[0.00,0.05)",9.287916,1.0,1
343,SQL_FIRST,"[0.00,0.05)",9.845375,1.0,2
343,VECTOR_FIRST_HNSW,"[0.00,0.05)",22.965584,0.7,2
343,HNSW_HYBRID,"[0.00,0.05)",9.779083,1.0,2
343,IVFFLAT_HYBRID,"[0.00,0.05)",9.140791,1.0,2
343,SQL_FIRST,"[0.00,0.05)",9.37375,1.0,3
343,VECTOR_FIRST_HNSW,"[0.00,0.05)",22.955458,0.7,3
343,HNSW_HYBRID,"[0.00,0.05)",9.803875,1.0,3
343,IVFFLAT_HYBRID,"[0.00,0.05)",10.262416,1.0,3
343,SQL_FIRST,"[0.00,0.05)",10.5715,1.0,4
343,VECTOR_FIRST_HNSW,"[0.00,0.05)",22.949958,0.7,4
343,HNSW_HYBRID,"[0.00,0.05)",10.077042,1.0,4
343,IVFFLAT_HYBRID,"[0.00,0.05)",9.444459,1.0,4
344,SQL_FIRST,"[0.00,0.05)",9.294666,1.0,0
344,VECTOR_FIRST_HNSW,"[0.00,0.05)",23.053375,0.6,0
344,HNSW_HYBRID,"[0.00,0.05)",9.425791,1.0,0
344,IVFFLAT_HYBRID,"[0.00,0.05)",9.173334,1.0,0
344,SQL_FIRST,"[0.00,0.05)",9.361041,1.0,1
344,VECTOR_FIRST_HNSW,"[0.00,0.05)",23.020667,0.6,1
344,HNSW_HYBRID,"[0.00,0.05)",9.849958,1.0,1
344,IVFFLAT_HYBRID,"[0.00,0.05)",9.065834,1.0,1
344,SQL_FIRST,"[0.00,0.05)",9.035375,1.0,2
344,VECTOR_FIRST_HNSW,"[0.00,0.05)",23.056291,0.6,2
344,HNSW_HYBRID,"[0.00,0.05)",9.652917,1.0,2
344,IVFFLAT_HYBRID,"[0.00,0.05)",9.205958,1.0,2
344,SQL_FIRST,"[0.00,0.05)",9.3135,1.0,3
344,VECTOR_FIRST_HNSW,"[0.00,0.05)",22.921417,0.6,3
344,HNSW_HYBRID,"[0.00,0.05)",9.683083,1.0,3
344,IVFFLAT_HYBRID,"[0.00,0.05)",9.263541,1.0,3
344,SQL_FIRST,"[0.00,0.05)",9.700917,1.0,4
344,VECTOR_FIRST_HNSW,"[0.00,0.05)",22.974333,0.6,4
344,HNSW_HYBRID,"[0.00,0.05)",9.636084,1.0,4
344,IVFFLAT_HYBRID,"[0.00,0.05)",9.673625,1.0,4
345,SQL_FIRST,"[0.00,0.05)",9.908583,1.0,0
345,VECTOR_FIRST_HNSW,"[0.00,0.05)",22.998208,0.8,0
345,HNSW_HYBRID,"[0.00,0.05)",9.8255,1.0,0
345,IVFFLAT_HYBRID,"[0.00,0.05)",8.9525,1.0,0
345,SQL_FIRST,"[0.00,0.05)",9.179208,1.0,1
345,VECTOR_FIRST_HNSW,"[0.00,0.05)",23.029208,0.8,1
345,HNSW_HYBRID,"[0.00,0.05)",9.944708,1.0,1
345,IVFFLAT_HYBRID,"[0.00,0.05)",9.838875,1.0,1
345,SQL_FIRST,"[0.00,0.05)",9.05075,1.0,2
345,VECTOR_FIRST_HNSW,"[0.00,0.05)",22.9755,0.8,2
345,HNSW_HYBRID,"[0.00,0.05)",9.651917,1.0,2
345,IVFFLAT_HYBRID,"[0.00,0.05)",9.373167,1.0,2
345,SQL_FIRST,"[0.00,0.05)",8.956708,1.0,3
345,VECTOR_FIRST_HNSW,"[0.00,0.05)",22.882334,0.8,3
345,HNSW_HYBRID,"[0.00,0.05)",9.529792,1.0,3
345,IVFFLAT_HYBRID,"[0.00,0.05)",9.971333,1.0,3
345,SQL_FIRST,"[0.00,0.05)",9.511583,1.0,4
345,VECTOR_FIRST_HNSW,"[0.00,0.05)",23.000167,0.8,4
345,HNSW_HYBRID,"[0.00,0.05)",9.659875,1.0,4
345,IVFFLAT_HYBRID,"[0.00,0.05)",9.101791,1.0,4
348,SQL_FIRST,"[0.00,0.05)",9.430167,1.0,0
348,VECTOR_FIRST_HNSW,"[0.00,0.05)",23.025167,0.0,0
348,HNSW_HYBRID,"[0.00,0.05)",9.975458,1.0,0
348,IVFFLAT_HYBRID,"[0.00,0.05)",9.652459,1.0,0
348,SQL_FIRST,"[0.00,0.05)",9.466667,1.0,1
348,VECTOR_FIRST_HNSW,"[0.00,0.05)",22.989084,0.0,1
348,HNSW_HYBRID,"[0.00,0.05)",9.980833,1.0,1
348,IVFFLAT_HYBRID,"[0.00,0.05)",10.052666,1.0,1
348,SQL_FIRST,"[0.00,0.05)",10.153625,1.0,2
348,VECTOR_FIRST_HNSW,"[0.00,0.05)",22.966,0.0,2
348,HNSW_HYBRID,"[0.00,0.05)",9.9625,1.0,2
348,IVFFLAT_HYBRID,"[0.00,0.05)",9.569375,1.0,2
348,SQL_FIRST,"[0.00,0.05)",9.600417,1.0,3
348,VECTOR_FIRST_HNSW,"[0.00,0.05)",22.94825,0.0,3
348,HNSW_HYBRID,"[0.00,0.05)",9.92525,1.0,3
348,IVFFLAT_HYBRID,"[0.00,0.05)",9.923208,1.0,3
348,SQL_FIRST,"[0.00,0.05)",9.822417,1.0,4
348,VECTOR_FIRST_HNSW,"[0.00,0.05)",23.014417,0.0,4
348,HNSW_HYBRID,"[0.00,0.05)",9.941125,1.0,4
348,IVFFLAT_HYBRID,"[0.00,0.05)",9.492375,1.0,4
349,SQL_FIRST,"[0.00,0.05)",11.266084,1.0,0
349,VECTOR_FIRST_HNSW,"[0.00,0.05)",23.078417,0.1,0
349,HNSW_HYBRID,"[0.00,0.05)",11.534417,1.0,0
349,IVFFLAT_HYBRID,"[0.00,0.05)",11.254,1.0,0
349,SQL_FIRST,"[0.00,0.05)",11.315958,1.0,1
349,VECTOR_FIRST_HNSW,"[0.00,0.05)",22.984625,0.1,1
349,HNSW_HYBRID,"[0.00,0.05)",11.530459,1.0,1
349,IVFFLAT_HYBRID,"[0.00,0.05)",11.102333,1.0,1
349,SQL_FIRST,"[0.00,0.05)",11.161834,1.0,2
349,VECTOR_FIRST_HNSW,"[0.00,0.05)",23.054333,0.1,2
349,HNSW_HYBRID,"[0.00,0.05)",11.736417,1.0,2
349,IVFFLAT_HYBRID,"[0.00,0.05)",11.141375,1.0,2
349,SQL_FIRST,"[0.00,0.05)",11.414625,1.0,3
349,VECTOR_FIRST_HNSW,"[0.00,0.05)",23.137125,0.1,3
349,HNSW_HYBRID,"[0.00,0.05)",11.695583,1.0,3
349,IVFFLAT_HYBRID,"[0.00,0.05)",11.340792,1.0,3
349,SQL_FIRST,"[0.00,0.05)",11.163542,1.0,4
349,VECTOR_FIRST_HNSW,"[0.00,0.05)",22.8345,0.1,4
349,HNSW_HYBRID,"[0.00,0.05)",11.573542,1.0,4
349,IVFFLAT_HYBRID,"[0.00,0.05)",11.688541,1.0,4
351,SQL_FIRST,"[0.00,0.05)",6.665416,1.0,0
351,VECTOR_FIRST_HNSW,"[0.00,0.05)",23.02075,0.0,0
351,HNSW_HYBRID,"[0.00,0.05)",7.383,1.0,0
351,IVFFLAT_HYBRID,"[0.00,0.05)",7.076083,1.0,0
351,SQL_FIRST,"[0.00,0.05)",6.843458,1.0,1
351,VECTOR_FIRST_HNSW,"[0.00,0.05)",22.836833,0.0,1
351,HNSW_HYBRID,"[0.00,0.05)",7.733625,1.0,1
351,IVFFLAT_HYBRID,"[0.00,0.05)",7.234875,1.0,1
351,SQL_FIRST,"[0.00,0.05)",6.821334,1.0,2
351,VECTOR_FIRST_HNSW,"[0.00,0.05)",22.911375,0.0,2
351,HNSW_HYBRID,"[0.00,0.05)",7.486958,1.0,2
351,IVFFLAT_HYBRID,"[0.00,0.05)",6.80675,1.0,2
351,SQL_FIRST,"[0.00,0.05)",7.155833,1.0,3
351,VECTOR_FIRST_HNSW,"[0.00,0.05)",23.035625,0.0,3
351,HNSW_HYBRID,"[0.00,0.05)",7.805709,1.0,3
351,IVFFLAT_HYBRID,"[0.00,0.05)",7.097875,1.0,3
351,SQL_FIRST,"[0.00,0.05)",6.712375,1.0,4
351,VECTOR_FIRST_HNSW,"[0.00,0.05)",22.98525,0.0,4
351,HNSW_HYBRID,"[0.00,0.05)",7.43275,1.0,4
351,IVFFLAT_HYBRID,"[0.00,0.05)",6.834042,1.0,4
352,SQL_FIRST,"[0.00,0.05)",7.730875,1.0,0
352,VECTOR_FIRST_HNSW,"[0.00,0.05)",23.103667,0.2,0
352,HNSW_HYBRID,"[0.00,0.05)",8.304333,1.0,0
352,IVFFLAT_HYBRID,"[0.00,0.05)",7.661292,1.0,0
352,SQL_FIRST,"[0.00,0.05)",7.719125,1.0,1
352,VECTOR_FIRST_HNSW,"[0.00,0.05)",22.988,0.2,1
352,HNSW_HYBRID,"[0.00,0.05)",8.345417,1.0,1
352,IVFFLAT_HYBRID,"[0.00,0.05)",7.79775,1.0,1
352,SQL_FIRST,"[0.00,0.05)",7.858625,1.0,2
352,VECTOR_FIRST_HNSW,"[0.00,0.05)",22.8975,0.2,2
352,HNSW_HYBRID,"[0.00,0.05)",8.475666,1.0,2
352,IVFFLAT_HYBRID,"[0.00,0.05)",7.879375,1.0,2
352,SQL_FIRST,"[0.00,0.05)",7.688,1.0,3
352,VECTOR_FIRST_HNSW,"[0.00,0.05)",22.922542,0.2,3
352,HNSW_HYBRID,"[0.00,0.05)",8.4525,1.0,3
352,IVFFLAT_HYBRID,"[0.00,0.05)",7.695167,1.0,3
352,SQL_FIRST,"[0.00,0.05)",8.484959,1.0,4
352,VECTOR_FIRST_HNSW,"[0.00,0.05)",23.739042,0.2,4
352,HNSW_HYBRID,"[0.00,0.05)",8.356458,1.0,4
352,IVFFLAT_HYBRID,"[0.00,0.05)",7.940041,1.0,4
353,SQL_FIRST,"[0.00,0.05)",8.814166,1.0,0
353,VECTOR_FIRST_HNSW,"[0.00,0.05)",22.895916,0.4,0
353,HNSW_HYBRID,"[0.00,0.05)",9.496625,1.0,0
353,IVFFLAT_HYBRID,"[0.00,0.05)",9.125292,1.0,0
353,SQL_FIRST,"[0.00,0.05)",9.117875,1.0,1
353,VECTOR_FIRST_HNSW,"[0.00,0.05)",23.024583,0.4,1
353,HNSW_HYBRID,"[0.00,0.05)",9.458958,1.0,1
353,IVFFLAT_HYBRID,"[0.00,0.05)",9.279,1.0,1
353,SQL_FIRST,"[0.00,0.05)",9.945125,1.0,2
353,VECTOR_FIRST_HNSW,"[0.00,0.05)",24.10225,0.4,2
353,HNSW_HYBRID,"[0.00,0.05)",9.278541,1.0,2
353,IVFFLAT_HYBRID,"[0.00,0.05)",9.170667,1.0,2
353,SQL_FIRST,"[0.00,0.05)",9.595167,1.0,3
353,VECTOR_FIRST_HNSW,"[0.00,0.05)",23.002959,0.4,3
353,HNSW_HYBRID,"[0.00,0.05)",9.713167,1.0,3
353,IVFFLAT_HYBRID,"[0.00,0.05)",8.924792,1.0,3
353,SQL_FIRST,"[0.00,0.05)",9.370583,1.0,4
353,VECTOR_FIRST_HNSW,"[0.00,0.05)",23.087083,0.4,4
353,HNSW_HYBRID,"[0.00,0.05)",9.541375,1.0,4
353,IVFFLAT_HYBRID,"[0.00,0.05)",9.437667,1.0,4
354,SQL_FIRST,"[0.00,0.05)",10.708709,1.0,0
354,VECTOR_FIRST_HNSW,"[0.00,0.05)",22.941875,0.5,0
354,HNSW_HYBRID,"[0.00,0.05)",10.97825,1.0,0
354,IVFFLAT_HYBRID,"[0.00,0.05)",10.591166,1.0,0
354,SQL_FIRST,"[0.00,0.05)",10.450417,1.0,1
354,VECTOR_FIRST_HNSW,"[0.00,0.05)",23.01225,0.5,1
354,HNSW_HYBRID,"[0.00,0.05)",10.884709,1.0,1
354,IVFFLAT_HYBRID,"[0.00,0.05)",10.656916,1.0,1
354,SQL_FIRST,"[0.00,0.05)",11.15125,1.0,2
354,VECTOR_FIRST_HNSW,"[0.00,0.05)",23.279083,0.5,2
354,HNSW_HYBRID,"[0.00,0.05)",10.9455,1.0,2
354,IVFFLAT_HYBRID,"[0.00,0.05)",10.67175,1.0,2
354,SQL_FIRST,"[0.00,0.05)",10.529083,1.0,3
354,VECTOR_FIRST_HNSW,"[0.00,0.05)",23.071375,0.5,3
354,HNSW_HYBRID,"[0.00,0.05)",10.838125,1.0,3
354,IVFFLAT_HYBRID,"[0.00,0.05)",10.474042,1.0,3
354,SQL_FIRST,"[0.00,0.05)",10.76925,1.0,4
354,VECTOR_FIRST_HNSW,"[0.00,0.05)",23.337166,0.5,4
354,HNSW_HYBRID,"[0.00,0.05)",11.115708,1.0,4
354,IVFFLAT_HYBRID,"[0.00,0.05)",10.235041,1.0,4
355,SQL_FIRST,"[0.00,0.05)",8.66125,1.0,0
355,VECTOR_FIRST_HNSW,"[0.00,0.05)",22.951708,0.8,0
355,HNSW_HYBRID,"[0.00,0.05)",9.472625,1.0,0
355,IVFFLAT_HYBRID,"[0.00,0.05)",9.121,1.0,0
355,SQL_FIRST,"[0.00,0.05)",8.766542,1.0,1
355,VECTOR_FIRST_HNSW,"[0.00,0.05)",22.949458,0.8,1
355,HNSW_HYBRID,"[0.00,0.05)",9.407125,1.0,1
355,IVFFLAT_HYBRID,"[0.00,0.05)",9.608833,1.0,1
355,SQL_FIRST,"[0.00,0.05)",9.049542,1.0,2
355,VECTOR_FIRST_HNSW,"[0.00,0.05)",22.892667,0.8,2
355,HNSW_HYBRID,"[0.00,0.05)",9.429875,1.0,2
355,IVFFLAT_HYBRID,"[0.00,0.05)",8.855416,1.0,2
355,SQL_FIRST,"[0.00,0.05)",9.10075,1.0,3
355,VECTOR_FIRST_HNSW,"[0.00,0.05)",22.891583,0.8,3
355,HNSW_HYBRID,"[0.00,0.05)",9.701792,1.0,3
355,IVFFLAT_HYBRID,"[0.00,0.05)",8.763166,1.0,3
355,SQL_FIRST,"[0.00,0.05)",8.733375,1.0,4
355,VECTOR_FIRST_HNSW,"[0.00,0.05)",23.095167,0.8,4
355,HNSW_HYBRID,"[0.00,0.05)",9.420125,1.0,4
355,IVFFLAT_HYBRID,"[0.00,0.05)",8.982458,1.0,4
356,SQL_FIRST,"[0.00,0.05)",9.692458,1.0,0
356,VECTOR_FIRST_HNSW,"[0.00,0.05)",23.023125,0.7,0
356,HNSW_HYBRID,"[0.00,0.05)",9.401833,1.0,0
356,IVFFLAT_HYBRID,"[0.00,0.05)",9.449,1.0,0
356,SQL_FIRST,"[0.00,0.05)",9.684584,1.0,1
356,VECTOR_FIRST_HNSW,"[0.00,0.05)",22.958875,0.7,1
356,HNSW_HYBRID,"[0.00,0.05)",9.641417,1.0,1
356,IVFFLAT_HYBRID,"[0.00,0.05)",9.1965,1.0,1
356,SQL_FIRST,"[0.00,0.05)",9.348084,1.0,2
356,VECTOR_FIRST_HNSW,"[0.00,0.05)",23.288959,0.7,2
356,HNSW_HYBRID,"[0.00,0.05)",9.659042,1.0,2
356,IVFFLAT_HYBRID,"[0.00,0.05)",8.88025,1.0,2
356,SQL_FIRST,"[0.00,0.05)",9.079292,1.0,3
356,VECTOR_FIRST_HNSW,"[0.00,0.05)",23.032667,0.7,3
356,HNSW_HYBRID,"[0.00,0.05)",9.56475,1.0,3
356,IVFFLAT_HYBRID,"[0.00,0.05)",9.477209,1.0,3
356,SQL_FIRST,"[0.00,0.05)",9.46,1.0,4
356,VECTOR_FIRST_HNSW,"[0.00,0.05)",22.914666,0.7,4
356,HNSW_HYBRID,"[0.00,0.05)",9.720125,1.0,4
356,IVFFLAT_HYBRID,"[0.00,0.05)",9.27975,1.0,4
360,SQL_FIRST,"[0.00,0.05)",5.324125,1.0,0
360,VECTOR_FIRST_HNSW,"[0.00,0.05)",22.925583,0.0,0
360,HNSW_HYBRID,"[0.00,0.05)",5.876,1.0,0
360,IVFFLAT_HYBRID,"[0.00,0.05)",5.382125,1.0,0
360,SQL_FIRST,"[0.00,0.05)",5.380334,1.0,1
360,VECTOR_FIRST_HNSW,"[0.00,0.05)",22.841542,0.0,1
360,HNSW_HYBRID,"[0.00,0.05)",6.100958,1.0,1
360,IVFFLAT_HYBRID,"[0.00,0.05)",5.404792,1.0,1
360,SQL_FIRST,"[0.00,0.05)",5.314625,1.0,2
360,VECTOR_FIRST_HNSW,"[0.00,0.05)",22.919208,0.0,2
360,HNSW_HYBRID,"[0.00,0.05)",5.836958,1.0,2
360,IVFFLAT_HYBRID,"[0.00,0.05)",5.309792,1.0,2
360,SQL_FIRST,"[0.00,0.05)",5.291041,1.0,3
360,VECTOR_FIRST_HNSW,"[0.00,0.05)",22.913875,0.0,3
360,HNSW_HYBRID,"[0.00,0.05)",5.968917,1.0,3
360,IVFFLAT_HYBRID,"[0.00,0.05)",5.29625,1.0,3
360,SQL_FIRST,"[0.00,0.05)",5.213042,1.0,4
360,VECTOR_FIRST_HNSW,"[0.00,0.05)",22.775708,0.0,4
360,HNSW_HYBRID,"[0.00,0.05)",5.844333,1.0,4
360,IVFFLAT_HYBRID,"[0.00,0.05)",5.361166,1.0,4
362,SQL_FIRST,"[0.00,0.05)",6.135833,1.0,0
362,VECTOR_FIRST_HNSW,"[0.00,0.05)",22.929875,0.0,0
362,HNSW_HYBRID,"[0.00,0.05)",6.891542,1.0,0
362,IVFFLAT_HYBRID,"[0.00,0.05)",6.153125,1.0,0
362,SQL_FIRST,"[0.00,0.05)",6.067,1.0,1
362,VECTOR_FIRST_HNSW,"[0.00,0.05)",22.853541,0.0,1
362,HNSW_HYBRID,"[0.00,0.05)",6.815792,1.0,1
362,IVFFLAT_HYBRID,"[0.00,0.05)",6.238833,1.0,1
362,SQL_FIRST,"[0.00,0.05)",6.646375,1.0,2
362,VECTOR_FIRST_HNSW,"[0.00,0.05)",22.82725,0.0,2
362,HNSW_HYBRID,"[0.00,0.05)",6.944166,1.0,2
362,IVFFLAT_HYBRID,"[0.00,0.05)",6.139,1.0,2
362,SQL_FIRST,"[0.00,0.05)",6.120416,1.0,3
362,VECTOR_FIRST_HNSW,"[0.00,0.05)",23.034625,0.0,3
362,HNSW_HYBRID,"[0.00,0.05)",7.005583,1.0,3
362,IVFFLAT_HYBRID,"[0.00,0.05)",6.240084,1.0,3
362,SQL_FIRST,"[0.00,0.05)",6.240667,1.0,4
362,VECTOR_FIRST_HNSW,"[0.00,0.05)",22.851125,0.0,4
362,HNSW_HYBRID,"[0.00,0.05)",6.910166,1.0,4
362,IVFFLAT_HYBRID,"[0.00,0.05)",6.223458,1.0,4
365,SQL_FIRST,"[0.00,0.05)",6.810541,1.0,0
365,VECTOR_FIRST_HNSW,"[0.00,0.05)",22.899958,0.0,0
365,HNSW_HYBRID,"[0.00,0.05)",7.161167,1.0,0
365,IVFFLAT_HYBRID,"[0.00,0.05)",6.447666,1.0,0
365,SQL_FIRST,"[0.00,0.05)",6.389084,1.0,1
365,VECTOR_FIRST_HNSW,"[0.00,0.05)",22.803625,0.0,1
365,HNSW_HYBRID,"[0.00,0.05)",7.13475,1.0,1
365,IVFFLAT_HYBRID,"[0.00,0.05)",6.791875,1.0,1
365,SQL_FIRST,"[0.00,0.05)",7.129125,1.0,2
365,VECTOR_FIRST_HNSW,"[0.00,0.05)",22.985792,0.0,2
365,HNSW_HYBRID,"[0.00,0.05)",7.153167,1.0,2
365,IVFFLAT_HYBRID,"[0.00,0.05)",6.389833,1.0,2
365,SQL_FIRST,"[0.00,0.05)",6.380459,1.0,3
365,VECTOR_FIRST_HNSW,"[0.00,0.05)",22.993167,0.0,3
365,HNSW_HYBRID,"[0.00,0.05)",7.176667,1.0,3
365,IVFFLAT_HYBRID,"[0.00,0.05)",6.464083,1.0,3
365,SQL_FIRST,"[0.00,0.05)",6.359959,1.0,4
365,VECTOR_FIRST_HNSW,"[0.00,0.05)",22.85425,0.0,4
365,HNSW_HYBRID,"[0.00,0.05)",7.063791,1.0,4
365,IVFFLAT_HYBRID,"[0.00,0.05)",6.827,1.0,4
366,SQL_FIRST,"[0.00,0.05)",9.455166,1.0,0
366,VECTOR_FIRST_HNSW,"[0.00,0.05)",23.095958,0.7,0
366,HNSW_HYBRID,"[0.00,0.05)",9.949875,1.0,0
366,IVFFLAT_HYBRID,"[0.00,0.05)",9.444125,1.0,0
366,SQL_FIRST,"[0.00,0.05)",9.374166,1.0,1
366,VECTOR_FIRST_HNSW,"[0.00,0.05)",23.307125,0.7,1
366,HNSW_HYBRID,"[0.00,0.05)",9.793875,1.0,1
366,IVFFLAT_HYBRID,"[0.00,0.05)",9.357875,1.0,1
366,SQL_FIRST,"[0.00,0.05)",9.327167,1.0,2
366,VECTOR_FIRST_HNSW,"[0.00,0.05)",23.003,0.7,2
366,HNSW_HYBRID,"[0.00,0.05)",9.8775,1.0,2
366,IVFFLAT_HYBRID,"[0.00,0.05)",11.982875,1.0,2
366,SQL_FIRST,"[0.00,0.05)",10.610334,1.0,3
366,VECTOR_FIRST_HNSW,"[0.00,0.05)",22.879833,0.7,3
366,HNSW_HYBRID,"[0.00,0.05)",9.78175,1.0,3
366,IVFFLAT_HYBRID,"[0.00,0.05)",9.735208,1.0,3
366,SQL_FIRST,"[0.00,0.05)",9.517875,1.0,4
366,VECTOR_FIRST_HNSW,"[0.00,0.05)",23.001125,0.7,4
366,HNSW_HYBRID,"[0.00,0.05)",9.857084,1.0,4
366,IVFFLAT_HYBRID,"[0.00,0.05)",9.574583,1.0,4
368,SQL_FIRST,"[0.00,0.05)",9.274917,1.0,0
368,VECTOR_FIRST_HNSW,"[0.00,0.05)",22.96025,0.4,0
368,HNSW_HYBRID,"[0.00,0.05)",9.69925,1.0,0
368,IVFFLAT_HYBRID,"[0.00,0.05)",9.557791,1.0,0
368,SQL_FIRST,"[0.00,0.05)",9.099458,1.0,1
368,VECTOR_FIRST_HNSW,"[0.00,0.05)",23.135917,0.4,1
368,HNSW_HYBRID,"[0.00,0.05)",9.654708,1.0,1
368,IVFFLAT_HYBRID,"[0.00,0.05)",9.375667,1.0,1
368,SQL_FIRST,"[0.00,0.05)",9.449792,1.0,2
368,VECTOR_FIRST_HNSW,"[0.00,0.05)",23.027041,0.4,2
368,HNSW_HYBRID,"[0.00,0.05)",9.829208,1.0,2
368,IVFFLAT_HYBRID,"[0.00,0.05)",9.48675,1.0,2
368,SQL_FIRST,"[0.00,0.05)",9.693333,1.0,3
368,VECTOR_FIRST_HNSW,"[0.00,0.05)",22.949083,0.4,3
368,HNSW_HYBRID,"[0.00,0.05)",9.49275,1.0,3
368,IVFFLAT_HYBRID,"[0.00,0.05)",9.335625,1.0,3
368,SQL_FIRST,"[0.00,0.05)",9.698417,1.0,4
368,VECTOR_FIRST_HNSW,"[0.00,0.05)",22.948958,0.4,4
368,HNSW_HYBRID,"[0.00,0.05)",9.670875,1.0,4
368,IVFFLAT_HYBRID,"[0.00,0.05)",9.281125,1.0,4
369,SQL_FIRST,"[0.00,0.05)",9.01925,1.0,0
369,VECTOR_FIRST_HNSW,"[0.00,0.05)",23.097708,0.4,0
369,HNSW_HYBRID,"[0.00,0.05)",9.811791,1.0,0
369,IVFFLAT_HYBRID,"[0.00,0.05)",9.699667,1.0,0
369,SQL_FIRST,"[0.00,0.05)",9.73525,1.0,1
369,VECTOR_FIRST_HNSW,"[0.00,0.05)",22.998084,0.4,1
369,HNSW_HYBRID,"[0.00,0.05)",10.089833,1.0,1
369,IVFFLAT_HYBRID,"[0.00,0.05)",9.259042,1.0,1
369,SQL_FIRST,"[0.00,0.05)",9.356583,1.0,2
369,VECTOR_FIRST_HNSW,"[0.00,0.05)",22.928333,0.4,2
369,HNSW_HYBRID,"[0.00,0.05)",9.654667,1.0,2
369,IVFFLAT_HYBRID,"[0.00,0.05)",9.742458,1.0,2
369,SQL_FIRST,"[0.00,0.05)",9.721584,1.0,3
369,VECTOR_FIRST_HNSW,"[0.00,0.05)",22.877291,0.4,3
369,HNSW_HYBRID,"[0.00,0.05)",9.6265,1.0,3
369,IVFFLAT_HYBRID,"[0.00,0.05)",9.338,1.0,3
369,SQL_FIRST,"[0.00,0.05)",9.186791,1.0,4
369,VECTOR_FIRST_HNSW,"[0.00,0.05)",23.023125,0.4,4
369,HNSW_HYBRID,"[0.00,0.05)",9.749792,1.0,4
369,IVFFLAT_HYBRID,"[0.00,0.05)",9.496792,1.0,4
371,SQL_FIRST,"[0.00,0.05)",9.176208,1.0,0
371,VECTOR_FIRST_HNSW,"[0.00,0.05)",22.876542,0.5,0
371,HNSW_HYBRID,"[0.00,0.05)",9.480916,1.0,0
371,IVFFLAT_HYBRID,"[0.00,0.05)",9.013291,1.0,0
371,SQL_FIRST,"[0.00,0.05)",9.380917,1.0,1
371,VECTOR_FIRST_HNSW,"[0.00,0.05)",22.975833,0.5,1
371,HNSW_HYBRID,"[0.00,0.05)",9.351875,1.0,1
371,IVFFLAT_HYBRID,"[0.00,0.05)",8.712875,1.0,1
371,SQL_FIRST,"[0.00,0.05)",9.285875,1.0,2
371,VECTOR_FIRST_HNSW,"[0.00,0.05)",23.015042,0.5,2
371,HNSW_HYBRID,"[0.00,0.05)",9.477709,1.0,2
371,IVFFLAT_HYBRID,"[0.00,0.05)",8.649625,1.0,2
371,SQL_FIRST,"[0.00,0.05)",8.796208,1.0,3
371,VECTOR_FIRST_HNSW,"[0.00,0.05)",23.341958,0.5,3
371,HNSW_HYBRID,"[0.00,0.05)",9.44625,1.0,3
371,IVFFLAT_HYBRID,"[0.00,0.05)",9.076084,1.0,3
371,SQL_FIRST,"[0.00,0.05)",8.812416,1.0,4
371,VECTOR_FIRST_HNSW,"[0.00,0.05)",23.11075,0.5,4
371,HNSW_HYBRID,"[0.00,0.05)",9.342875,1.0,4
371,IVFFLAT_HYBRID,"[0.00,0.05)",9.053584,1.0,4
373,SQL_FIRST,"[0.00,0.05)",1.505333,1.0,0
373,VECTOR_FIRST_HNSW,"[0.00,0.05)",22.91125,0.0,0
373,HNSW_HYBRID,"[0.00,0.05)",1.940083,1.0,0
373,IVFFLAT_HYBRID,"[0.00,0.05)",1.6055,1.0,0
373,SQL_FIRST,"[0.00,0.05)",1.521125,1.0,1
373,VECTOR_FIRST_HNSW,"[0.00,0.05)",22.850458,0.0,1
373,HNSW_HYBRID,"[0.00,0.05)",1.895792,1.0,1
373,IVFFLAT_HYBRID,"[0.00,0.05)",1.554458,1.0,1
373,SQL_FIRST,"[0.00,0.05)",1.558042,1.0,2
373,VECTOR_FIRST_HNSW,"[0.00,0.05)",23.143333,0.0,2
373,HNSW_HYBRID,"[0.00,0.05)",1.905833,1.0,2
373,IVFFLAT_HYBRID,"[0.00,0.05)",1.539792,1.0,2
373,SQL_FIRST,"[0.00,0.05)",1.775417,1.0,3
373,VECTOR_FIRST_HNSW,"[0.00,0.05)",23.040042,0.0,3
373,HNSW_HYBRID,"[0.00,0.05)",1.969875,1.0,3
373,IVFFLAT_HYBRID,"[0.00,0.05)",1.568125,1.0,3
373,SQL_FIRST,"[0.00,0.05)",1.531917,1.0,4
373,VECTOR_FIRST_HNSW,"[0.00,0.05)",22.801917,0.0,4
373,HNSW_HYBRID,"[0.00,0.05)",1.913917,1.0,4
373,IVFFLAT_HYBRID,"[0.00,0.05)",1.584583,1.0,4
380,SQL_FIRST,"[0.00,0.05)",9.097458,1.0,0
380,VECTOR_FIRST_HNSW,"[0.00,0.05)",23.018417,0.6,0
380,HNSW_HYBRID,"[0.00,0.05)",9.69325,1.0,0
380,IVFFLAT_HYBRID,"[0.00,0.05)",9.558708,1.0,0
380,SQL_FIRST,"[0.00,0.05)",9.226459,1.0,1
380,VECTOR_FIRST_HNSW,"[0.00,0.05)",22.958666,0.6,1
380,HNSW_HYBRID,"[0.00,0.05)",9.575875,1.0,1
380,IVFFLAT_HYBRID,"[0.00,0.05)",9.784666,1.0,1
380,SQL_FIRST,"[0.00,0.05)",9.642958,1.0,2
380,VECTOR_FIRST_HNSW,"[0.00,0.05)",22.916459,0.6,2
380,HNSW_HYBRID,"[0.00,0.05)",9.970458,1.0,2
380,IVFFLAT_HYBRID,"[0.00,0.05)",9.248625,1.0,2
380,SQL_FIRST,"[0.00,0.05)",9.226875,1.0,3
380,VECTOR_FIRST_HNSW,"[0.00,0.05)",22.961208,0.6,3
380,HNSW_HYBRID,"[0.00,0.05)",9.447084,1.0,3
380,IVFFLAT_HYBRID,"[0.00,0.05)",9.368583,1.0,3
380,SQL_FIRST,"[0.00,0.05)",9.703291,1.0,4
380,VECTOR_FIRST_HNSW,"[0.00,0.05)",22.984417,0.6,4
380,HNSW_HYBRID,"[0.00,0.05)",9.418042,1.0,4
380,IVFFLAT_HYBRID,"[0.00,0.05)",9.353125,1.0,4
382,SQL_FIRST,"[0.00,0.05)",8.57975,1.0,0
382,VECTOR_FIRST_HNSW,"[0.00,0.05)",23.3,0.1,0
382,HNSW_HYBRID,"[0.00,0.05)",9.340667,1.0,0
382,IVFFLAT_HYBRID,"[0.00,0.05)",8.679333,1.0,0
382,SQL_FIRST,"[0.00,0.05)",8.681292,1.0,1
382,VECTOR_FIRST_HNSW,"[0.00,0.05)",23.236083,0.1,1
382,HNSW_HYBRID,"[0.00,0.05)",9.295375,1.0,1
382,IVFFLAT_HYBRID,"[0.00,0.05)",8.751375,1.0,1
382,SQL_FIRST,"[0.00,0.05)",8.697041,1.0,2
382,VECTOR_FIRST_HNSW,"[0.00,0.05)",22.940916,0.1,2
382,HNSW_HYBRID,"[0.00,0.05)",9.30825,1.0,2
382,IVFFLAT_HYBRID,"[0.00,0.05)",8.600166,1.0,2
382,SQL_FIRST,"[0.00,0.05)",9.034583,1.0,3
382,VECTOR_FIRST_HNSW,"[0.00,0.05)",22.967542,0.1,3
382,HNSW_HYBRID,"[0.00,0.05)",9.382125,1.0,3
382,IVFFLAT_HYBRID,"[0.00,0.05)",8.422167,1.0,3
382,SQL_FIRST,"[0.00,0.05)",9.751834,1.0,4
382,VECTOR_FIRST_HNSW,"[0.00,0.05)",22.980458,0.1,4
382,HNSW_HYBRID,"[0.00,0.05)",9.225834,1.0,4
382,IVFFLAT_HYBRID,"[0.00,0.05)",8.657708,1.0,4
385,SQL_FIRST,"[0.00,0.05)",4.606083,1.0,0
385,VECTOR_FIRST_HNSW,"[0.00,0.05)",23.682042,0.2,0
385,HNSW_HYBRID,"[0.00,0.05)",5.080375,1.0,0
385,IVFFLAT_HYBRID,"[0.00,0.05)",4.584292,1.0,0
385,SQL_FIRST,"[0.00,0.05)",4.615792,1.0,1
385,VECTOR_FIRST_HNSW,"[0.00,0.05)",23.04475,0.2,1
385,HNSW_HYBRID,"[0.00,0.05)",5.091333,1.0,1
385,IVFFLAT_HYBRID,"[0.00,0.05)",4.653917,1.0,1
385,SQL_FIRST,"[0.00,0.05)",4.57675,1.0,2
385,VECTOR_FIRST_HNSW,"[0.00,0.05)",22.931709,0.2,2
385,HNSW_HYBRID,"[0.00,0.05)",5.155833,1.0,2
385,IVFFLAT_HYBRID,"[0.00,0.05)",4.547125,1.0,2
385,SQL_FIRST,"[0.00,0.05)",4.550833,1.0,3
385,VECTOR_FIRST_HNSW,"[0.00,0.05)",23.452834,0.2,3
385,HNSW_HYBRID,"[0.00,0.05)",5.106042,1.0,3
385,IVFFLAT_HYBRID,"[0.00,0.05)",4.5975,1.0,3
385,SQL_FIRST,"[0.00,0.05)",4.730209,1.0,4
385,VECTOR_FIRST_HNSW,"[0.00,0.05)",22.904167,0.2,4
385,HNSW_HYBRID,"[0.00,0.05)",5.163875,1.0,4
385,IVFFLAT_HYBRID,"[0.00,0.05)",4.92,1.0,4
388,SQL_FIRST,"[0.00,0.05)",5.906083,1.0,0
388,VECTOR_FIRST_HNSW,"[0.00,0.05)",23.293542,0.1,0
388,HNSW_HYBRID,"[0.00,0.05)",6.716667,1.0,0
388,IVFFLAT_HYBRID,"[0.00,0.05)",6.038583,1.0,0
388,SQL_FIRST,"[0.00,0.05)",6.083208,1.0,1
388,VECTOR_FIRST_HNSW,"[0.00,0.05)",23.507125,0.1,1
388,HNSW_HYBRID,"[0.00,0.05)",6.81225,1.0,1
388,IVFFLAT_HYBRID,"[0.00,0.05)",6.3455,1.0,1
388,SQL_FIRST,"[0.00,0.05)",5.999334,1.0,2
388,VECTOR_FIRST_HNSW,"[0.00,0.05)",23.176083,0.1,2
388,HNSW_HYBRID,"[0.00,0.05)",6.659708,1.0,2
388,IVFFLAT_HYBRID,"[0.00,0.05)",6.074916,1.0,2
388,SQL_FIRST,"[0.00,0.05)",6.050833,1.0,3
388,VECTOR_FIRST_HNSW,"[0.00,0.05)",23.031,0.1,3
388,HNSW_HYBRID,"[0.00,0.05)",6.720166,1.0,3
388,IVFFLAT_HYBRID,"[0.00,0.05)",6.08075,1.0,3
388,SQL_FIRST,"[0.00,0.05)",6.006167,1.0,4
388,VECTOR_FIRST_HNSW,"[0.00,0.05)",22.931542,0.1,4
388,HNSW_HYBRID,"[0.00,0.05)",6.750959,1.0,4
388,IVFFLAT_HYBRID,"[0.00,0.05)",6.388209,1.0,4
389,SQL_FIRST,"[0.00,0.05)",9.243,1.0,0
389,VECTOR_FIRST_HNSW,"[0.00,0.05)",22.917958,0.5,0
389,HNSW_HYBRID,"[0.00,0.05)",10.12825,1.0,0
389,IVFFLAT_HYBRID,"[0.00,0.05)",9.2895,1.0,0
389,SQL_FIRST,"[0.00,0.05)",8.976709,1.0,1
389,VECTOR_FIRST_HNSW,"[0.00,0.05)",23.026708,0.5,1
389,HNSW_HYBRID,"[0.00,0.05)",9.748709,1.0,1
389,IVFFLAT_HYBRID,"[0.00,0.05)",9.266042,1.0,1
389,SQL_FIRST,"[0.00,0.05)",9.581083,1.0,2
389,VECTOR_FIRST_HNSW,"[0.00,0.05)",22.944583,0.5,2
389,HNSW_HYBRID,"[0.00,0.05)",9.74875,1.0,2
389,IVFFLAT_HYBRID,"[0.00,0.05)",9.809916,1.0,2
389,SQL_FIRST,"[0.00,0.05)",9.589167,1.0,3
389,VECTOR_FIRST_HNSW,"[0.00,0.05)",23.584042,0.5,3
389,HNSW_HYBRID,"[0.00,0.05)",9.49525,1.0,3
389,IVFFLAT_HYBRID,"[0.00,0.05)",9.747208,1.0,3
389,SQL_FIRST,"[0.00,0.05)",9.24825,1.0,4
389,VECTOR_FIRST_HNSW,"[0.00,0.05)",23.001166,0.5,4
389,HNSW_HYBRID,"[0.00,0.05)",9.399583,1.0,4
389,IVFFLAT_HYBRID,"[0.00,0.05)",9.166,1.0,4
390,SQL_FIRST,"[0.00,0.05)",6.470125,1.0,0
390,VECTOR_FIRST_HNSW,"[0.00,0.05)",23.158,0.1,0
390,HNSW_HYBRID,"[0.00,0.05)",7.283167,1.0,0
390,IVFFLAT_HYBRID,"[0.00,0.05)",6.7495,1.0,0
390,SQL_FIRST,"[0.00,0.05)",6.488625,1.0,1
390,VECTOR_FIRST_HNSW,"[0.00,0.05)",22.953791,0.1,1
390,HNSW_HYBRID,"[0.00,0.05)",7.33425,1.0,1
390,IVFFLAT_HYBRID,"[0.00,0.05)",7.254958,1.0,1
390,SQL_FIRST,"[0.00,0.05)",7.07875,1.0,2
390,VECTOR_FIRST_HNSW,"[0.00,0.05)",22.942708,0.1,2
390,HNSW_HYBRID,"[0.00,0.05)",7.3505,1.0,2
390,IVFFLAT_HYBRID,"[0.00,0.05)",6.681792,1.0,2
390,SQL_FIRST,"[0.00,0.05)",6.437708,1.0,3
390,VECTOR_FIRST_HNSW,"[0.00,0.05)",22.898083,0.1,3
390,HNSW_HYBRID,"[0.00,0.05)",7.2935,1.0,3
390,IVFFLAT_HYBRID,"[0.00,0.05)",6.569458,1.0,3
390,SQL_FIRST,"[0.00,0.05)",6.5435,1.0,4
390,VECTOR_FIRST_HNSW,"[0.00,0.05)",22.938666,0.1,4
390,HNSW_HYBRID,"[0.00,0.05)",7.230959,1.0,4
390,IVFFLAT_HYBRID,"[0.00,0.05)",6.474875,1.0,4
393,SQL_FIRST,"[0.00,0.05)",8.871542,1.0,0
393,VECTOR_FIRST_HNSW,"[0.00,0.05)",23.106834,0.2,0
393,HNSW_HYBRID,"[0.00,0.05)",9.338125,1.0,0
393,IVFFLAT_HYBRID,"[0.00,0.05)",9.269541,1.0,0
393,SQL_FIRST,"[0.00,0.05)",8.61975,1.0,1
393,VECTOR_FIRST_HNSW,"[0.00,0.05)",22.916292,0.2,1
393,HNSW_HYBRID,"[0.00,0.05)",9.529542,1.0,1
393,IVFFLAT_HYBRID,"[0.00,0.05)",9.059708,1.0,1
393,SQL_FIRST,"[0.00,0.05)",8.864333,1.0,2
393,VECTOR_FIRST_HNSW,"[0.00,0.05)",22.974,0.2,2
393,HNSW_HYBRID,"[0.00,0.05)",9.367833,1.0,2
393,IVFFLAT_HYBRID,"[0.00,0.05)",9.199541,1.0,2
393,SQL_FIRST,"[0.00,0.05)",9.090875,1.0,3
393,VECTOR_FIRST_HNSW,"[0.00,0.05)",23.0595,0.2,3
393,HNSW_HYBRID,"[0.00,0.05)",9.347292,1.0,3
393,IVFFLAT_HYBRID,"[0.00,0.05)",8.848125,1.0,3
393,SQL_FIRST,"[0.00,0.05)",9.244333,1.0,4
393,VECTOR_FIRST_HNSW,"[0.00,0.05)",22.921833,0.2,4
393,HNSW_HYBRID,"[0.00,0.05)",9.706667,1.0,4
393,IVFFLAT_HYBRID,"[0.00,0.05)",8.743375,1.0,4
395,SQL_FIRST,"[0.00,0.05)",9.887958,1.0,0
395,VECTOR_FIRST_HNSW,"[0.00,0.05)",23.075667,0.1,0
395,HNSW_HYBRID,"[0.00,0.05)",10.627083,1.0,0
395,IVFFLAT_HYBRID,"[0.00,0.05)",10.011583,1.0,0
395,SQL_FIRST,"[0.00,0.05)",10.323166,1.0,1
395,VECTOR_FIRST_HNSW,"[0.00,0.05)",22.855792,0.1,1
395,HNSW_HYBRID,"[0.00,0.05)",10.825291,1.0,1
395,IVFFLAT_HYBRID,"[0.00,0.05)",10.017916,1.0,1
395,SQL_FIRST,"[0.00,0.05)",10.220292,1.0,2
395,VECTOR_FIRST_HNSW,"[0.00,0.05)",23.139667,0.1,2
395,HNSW_HYBRID,"[0.00,0.05)",10.531042,1.0,2
395,IVFFLAT_HYBRID,"[0.00,0.05)",10.352792,1.0,2
395,SQL_FIRST,"[0.00,0.05)",10.277375,1.0,3
395,VECTOR_FIRST_HNSW,"[0.00,0.05)",23.051125,0.1,3
395,HNSW_HYBRID,"[0.00,0.05)",10.564083,1.0,3
395,IVFFLAT_HYBRID,"[0.00,0.05)",10.029542,1.0,3
395,SQL_FIRST,"[0.00,0.05)",10.44275,1.0,4
395,VECTOR_FIRST_HNSW,"[0.00,0.05)",23.026,0.1,4
395,HNSW_HYBRID,"[0.00,0.05)",10.765208,1.0,4
395,IVFFLAT_HYBRID,"[0.00,0.05)",9.797667,1.0,4
398,SQL_FIRST,"[0.00,0.05)",4.984833,1.0,0
398,VECTOR_FIRST_HNSW,"[0.00,0.05)",23.017542,0.1,0
398,HNSW_HYBRID,"[0.00,0.05)",5.487541,1.0,0
398,IVFFLAT_HYBRID,"[0.00,0.05)",5.02675,1.0,0
398,SQL_FIRST,"[0.00,0.05)",5.132458,1.0,1
398,VECTOR_FIRST_HNSW,"[0.00,0.05)",22.903042,0.1,1
398,HNSW_HYBRID,"[0.00,0.05)",5.55325,1.0,1
398,IVFFLAT_HYBRID,"[0.00,0.05)",5.090875,1.0,1
398,SQL_FIRST,"[0.00,0.05)",4.92,1.0,2
398,VECTOR_FIRST_HNSW,"[0.00,0.05)",23.048167,0.1,2
398,HNSW_HYBRID,"[0.00,0.05)",5.626875,1.0,2
398,IVFFLAT_HYBRID,"[0.00,0.05)",5.004459,1.0,2
398,SQL_FIRST,"[0.00,0.05)",4.971708,1.0,3
398,VECTOR_FIRST_HNSW,"[0.00,0.05)",22.867042,0.1,3
398,HNSW_HYBRID,"[0.00,0.05)",5.503125,1.0,3
398,IVFFLAT_HYBRID,"[0.00,0.05)",5.033417,1.0,3
398,SQL_FIRST,"[0.00,0.05)",5.155458,1.0,4
398,VECTOR_FIRST_HNSW,"[0.00,0.05)",23.546167,0.1,4
398,HNSW_HYBRID,"[0.00,0.05)",5.527125,1.0,4
398,IVFFLAT_HYBRID,"[0.00,0.05)",4.958,1.0,4
399,SQL_FIRST,"[0.00,0.05)",9.141334,1.0,0
399,VECTOR_FIRST_HNSW,"[0.00,0.05)",22.918583,0.2,0
399,HNSW_HYBRID,"[0.00,0.05)",9.433,1.0,0
399,IVFFLAT_HYBRID,"[0.00,0.05)",9.105792,1.0,0
399,SQL_FIRST,"[0.00,0.05)",9.056167,1.0,1
399,VECTOR_FIRST_HNSW,"[0.00,0.05)",23.04425,0.2,1
399,HNSW_HYBRID,"[0.00,0.05)",9.487208,1.0,1
399,IVFFLAT_HYBRID,"[0.00,0.05)",9.055542,1.0,1
399,SQL_FIRST,"[0.00,0.05)",8.987333,1.0,2
399,VECTOR_FIRST_HNSW,"[0.00,0.05)",23.246667,0.2,2
399,HNSW_HYBRID,"[0.00,0.05)",9.694958,1.0,2
399,IVFFLAT_HYBRID,"[0.00,0.05)",9.350083,1.0,2
399,SQL_FIRST,"[0.00,0.05)",8.871917,1.0,3
399,VECTOR_FIRST_HNSW,"[0.00,0.05)",23.006666,0.2,3
399,HNSW_HYBRID,"[0.00,0.05)",9.517541,1.0,3
399,IVFFLAT_HYBRID,"[0.00,0.05)",8.968541,1.0,3
399,SQL_FIRST,"[0.00,0.05)",9.289,1.0,4
399,VECTOR_FIRST_HNSW,"[0.00,0.05)",22.822084,0.2,4
399,HNSW_HYBRID,"[0.00,0.05)",9.866834,1.0,4
399,IVFFLAT_HYBRID,"[0.00,0.05)",9.545292,1.0,4
400,SQL_FIRST,"[0.00,0.05)",9.796792,1.0,0
400,VECTOR_FIRST_HNSW,"[0.00,0.05)",24.0635,0.1,0
400,HNSW_HYBRID,"[0.00,0.05)",9.468834,1.0,0
400,IVFFLAT_HYBRID,"[0.00,0.05)",8.850833,1.0,0
400,SQL_FIRST,"[0.00,0.05)",8.932167,1.0,1
400,VECTOR_FIRST_HNSW,"[0.00,0.05)",23.092042,0.1,1
400,HNSW_HYBRID,"[0.00,0.05)",9.695792,1.0,1
400,IVFFLAT_HYBRID,"[0.00,0.05)",9.293708,1.0,1
400,SQL_FIRST,"[0.00,0.05)",9.041791,1.0,2
400,VECTOR_FIRST_HNSW,"[0.00,0.05)",23.312167,0.1,2
400,HNSW_HYBRID,"[0.00,0.05)",9.736792,1.0,2
400,IVFFLAT_HYBRID,"[0.00,0.05)",8.979667,1.0,2
400,SQL_FIRST,"[0.00,0.05)",9.208208,1.0,3
400,VECTOR_FIRST_HNSW,"[0.00,0.05)",22.9125,0.1,3
400,HNSW_HYBRID,"[0.00,0.05)",9.751083,1.0,3
400,IVFFLAT_HYBRID,"[0.00,0.05)",9.137792,1.0,3
400,SQL_FIRST,"[0.00,0.05)",9.081708,1.0,4
400,VECTOR_FIRST_HNSW,"[0.00,0.05)",22.97225,0.1,4
400,HNSW_HYBRID,"[0.00,0.05)",9.571084,1.0,4
400,IVFFLAT_HYBRID,"[0.00,0.05)",8.994375,1.0,4
401,SQL_FIRST,"[0.00,0.05)",8.586542,1.0,0
401,VECTOR_FIRST_HNSW,"[0.00,0.05)",23.057834,0.3,0
401,HNSW_HYBRID,"[0.00,0.05)",9.319709,1.0,0
401,IVFFLAT_HYBRID,"[0.00,0.05)",9.526041,1.0,0
401,SQL_FIRST,"[0.00,0.05)",8.406916,1.0,1
401,VECTOR_FIRST_HNSW,"[0.00,0.05)",23.021083,0.3,1
401,HNSW_HYBRID,"[0.00,0.05)",9.115708,1.0,1
401,IVFFLAT_HYBRID,"[0.00,0.05)",8.777583,1.0,1
401,SQL_FIRST,"[0.00,0.05)",8.573791,1.0,2
401,VECTOR_FIRST_HNSW,"[0.00,0.05)",22.937167,0.3,2
401,HNSW_HYBRID,"[0.00,0.05)",9.075083,1.0,2
401,IVFFLAT_HYBRID,"[0.00,0.05)",9.412542,1.0,2
401,SQL_FIRST,"[0.00,0.05)",8.76775,1.0,3
401,VECTOR_FIRST_HNSW,"[0.00,0.05)",23.029834,0.3,3
401,HNSW_HYBRID,"[0.00,0.05)",8.952625,1.0,3
401,IVFFLAT_HYBRID,"[0.00,0.05)",8.585291,1.0,3
401,SQL_FIRST,"[0.00,0.05)",8.689042,1.0,4
401,VECTOR_FIRST_HNSW,"[0.00,0.05)",23.590459,0.3,4
401,HNSW_HYBRID,"[0.00,0.05)",9.34125,1.0,4
401,IVFFLAT_HYBRID,"[0.00,0.05)",8.667,1.0,4
403,SQL_FIRST,"[0.00,0.05)",6.158916,1.0,0
403,VECTOR_FIRST_HNSW,"[0.00,0.05)",22.793584,0.2,0
403,HNSW_HYBRID,"[0.00,0.05)",7.044833,1.0,0
403,IVFFLAT_HYBRID,"[0.00,0.05)",6.206375,1.0,0
403,SQL_FIRST,"[0.00,0.05)",6.401625,1.0,1
403,VECTOR_FIRST_HNSW,"[0.00,0.05)",22.857542,0.2,1
403,HNSW_HYBRID,"[0.00,0.05)",7.096541,1.0,1
403,IVFFLAT_HYBRID,"[0.00,0.05)",6.2755,1.0,1
403,SQL_FIRST,"[0.00,0.05)",6.131875,1.0,2
403,VECTOR_FIRST_HNSW,"[0.00,0.05)",23.057708,0.2,2
403,HNSW_HYBRID,"[0.00,0.05)",6.833583,1.0,2
403,IVFFLAT_HYBRID,"[0.00,0.05)",6.3615,1.0,2
403,SQL_FIRST,"[0.00,0.05)",6.220416,1.0,3
403,VECTOR_FIRST_HNSW,"[0.00,0.05)",22.994834,0.2,3
403,HNSW_HYBRID,"[0.00,0.05)",6.887667,1.0,3
403,IVFFLAT_HYBRID,"[0.00,0.05)",6.280917,1.0,3
403,SQL_FIRST,"[0.00,0.05)",6.46075,1.0,4
403,VECTOR_FIRST_HNSW,"[0.00,0.05)",22.916791,0.2,4
403,HNSW_HYBRID,"[0.00,0.05)",7.062541,1.0,4
403,IVFFLAT_HYBRID,"[0.00,0.05)",6.279041,1.0,4
404,SQL_FIRST,"[0.00,0.05)",6.813708,1.0,0
404,VECTOR_FIRST_HNSW,"[0.00,0.05)",22.96175,0.1,0
404,HNSW_HYBRID,"[0.00,0.05)",7.579917,1.0,0
404,IVFFLAT_HYBRID,"[0.00,0.05)",7.290042,1.0,0
404,SQL_FIRST,"[0.00,0.05)",6.813583,1.0,1
404,VECTOR_FIRST_HNSW,"[0.00,0.05)",22.959958,0.1,1
404,HNSW_HYBRID,"[0.00,0.05)",7.516584,1.0,1
404,IVFFLAT_HYBRID,"[0.00,0.05)",6.779208,1.0,1
404,SQL_FIRST,"[0.00,0.05)",6.814666,1.0,2
404,VECTOR_FIRST_HNSW,"[0.00,0.05)",23.00575,0.1,2
404,HNSW_HYBRID,"[0.00,0.05)",7.688042,1.0,2
404,IVFFLAT_HYBRID,"[0.00,0.05)",6.780083,1.0,2
404,SQL_FIRST,"[0.00,0.05)",7.201459,1.0,3
404,VECTOR_FIRST_HNSW,"[0.00,0.05)",22.785875,0.1,3
404,HNSW_HYBRID,"[0.00,0.05)",7.708959,1.0,3
404,IVFFLAT_HYBRID,"[0.00,0.05)",7.067167,1.0,3
404,SQL_FIRST,"[0.00,0.05)",7.005333,1.0,4
404,VECTOR_FIRST_HNSW,"[0.00,0.05)",23.15625,0.1,4
404,HNSW_HYBRID,"[0.00,0.05)",7.500792,1.0,4
404,IVFFLAT_HYBRID,"[0.00,0.05)",6.910292,1.0,4
408,SQL_FIRST,"[0.00,0.05)",9.249875,1.0,0
408,VECTOR_FIRST_HNSW,"[0.00,0.05)",23.37925,0.4,0
408,HNSW_HYBRID,"[0.00,0.05)",9.856958,1.0,0
408,IVFFLAT_HYBRID,"[0.00,0.05)",9.499458,1.0,0
408,SQL_FIRST,"[0.00,0.05)",9.6925,1.0,1
408,VECTOR_FIRST_HNSW,"[0.00,0.05)",23.027292,0.4,1
408,HNSW_HYBRID,"[0.00,0.05)",10.017375,1.0,1
408,IVFFLAT_HYBRID,"[0.00,0.05)",9.392541,1.0,1
408,SQL_FIRST,"[0.00,0.05)",9.511125,1.0,2
408,VECTOR_FIRST_HNSW,"[0.00,0.05)",22.945208,0.4,2
408,HNSW_HYBRID,"[0.00,0.05)",9.841459,1.0,2
408,IVFFLAT_HYBRID,"[0.00,0.05)",9.90275,1.0,2
408,SQL_FIRST,"[0.00,0.05)",10.155084,1.0,3
408,VECTOR_FIRST_HNSW,"[0.00,0.05)",22.850292,0.4,3
408,HNSW_HYBRID,"[0.00,0.05)",9.849875,1.0,3
408,IVFFLAT_HYBRID,"[0.00,0.05)",9.249209,1.0,3
408,SQL_FIRST,"[0.00,0.05)",9.838666,1.0,4
408,VECTOR_FIRST_HNSW,"[0.00,0.05)",23.265708,0.4,4
408,HNSW_HYBRID,"[0.00,0.05)",10.06425,1.0,4
408,IVFFLAT_HYBRID,"[0.00,0.05)",9.218875,1.0,4
409,SQL_FIRST,"[0.00,0.05)",8.345375,1.0,0
409,VECTOR_FIRST_HNSW,"[0.00,0.05)",23.069875,0.3,0
409,HNSW_HYBRID,"[0.00,0.05)",8.727833,1.0,0
409,IVFFLAT_HYBRID,"[0.00,0.05)",8.232917,1.0,0
409,SQL_FIRST,"[0.00,0.05)",8.193583,1.0,1
409,VECTOR_FIRST_HNSW,"[0.00,0.05)",22.895292,0.3,1
409,HNSW_HYBRID,"[0.00,0.05)",8.880417,1.0,1
409,IVFFLAT_HYBRID,"[0.00,0.05)",8.33025,1.0,1
409,SQL_FIRST,"[0.00,0.05)",8.734667,1.0,2
409,VECTOR_FIRST_HNSW,"[0.00,0.05)",23.325958,0.3,2
409,HNSW_HYBRID,"[0.00,0.05)",8.776625,1.0,2
409,IVFFLAT_HYBRID,"[0.00,0.05)",8.328875,1.0,2
409,SQL_FIRST,"[0.00,0.05)",8.349125,1.0,3
409,VECTOR_FIRST_HNSW,"[0.00,0.05)",23.035166,0.3,3
409,HNSW_HYBRID,"[0.00,0.05)",8.866125,1.0,3
409,IVFFLAT_HYBRID,"[0.00,0.05)",8.326125,1.0,3
409,SQL_FIRST,"[0.00,0.05)",7.968334,1.0,4
409,VECTOR_FIRST_HNSW,"[0.00,0.05)",23.339,0.3,4
409,HNSW_HYBRID,"[0.00,0.05)",8.763083,1.0,4
409,IVFFLAT_HYBRID,"[0.00,0.05)",8.47725,1.0,4
411,SQL_FIRST,"[0.00,0.05)",8.545292,1.0,0
411,VECTOR_FIRST_HNSW,"[0.00,0.05)",23.022833,0.2,0
411,HNSW_HYBRID,"[0.00,0.05)",9.069125,1.0,0
411,IVFFLAT_HYBRID,"[0.00,0.05)",8.8025,1.0,0
411,SQL_FIRST,"[0.00,0.05)",8.577083,1.0,1
411,VECTOR_FIRST_HNSW,"[0.00,0.05)",22.951625,0.2,1
411,HNSW_HYBRID,"[0.00,0.05)",9.229959,1.0,1
411,IVFFLAT_HYBRID,"[0.00,0.05)",8.590542,1.0,1
411,SQL_FIRST,"[0.00,0.05)",8.452625,1.0,2
411,VECTOR_FIRST_HNSW,"[0.00,0.05)",22.94875,0.2,2
411,HNSW_HYBRID,"[0.00,0.05)",9.086459,1.0,2
411,IVFFLAT_HYBRID,"[0.00,0.05)",8.763084,1.0,2
411,SQL_FIRST,"[0.00,0.05)",9.039042,1.0,3
411,VECTOR_FIRST_HNSW,"[0.00,0.05)",22.941958,0.2,3
411,HNSW_HYBRID,"[0.00,0.05)",9.233167,1.0,3
411,IVFFLAT_HYBRID,"[0.00,0.05)",8.68975,1.0,3
411,SQL_FIRST,"[0.00,0.05)",8.813958,1.0,4
411,VECTOR_FIRST_HNSW,"[0.00,0.05)",23.074542,0.2,4
411,HNSW_HYBRID,"[0.00,0.05)",9.251583,1.0,4
411,IVFFLAT_HYBRID,"[0.00,0.05)",8.574833,1.0,4
422,SQL_FIRST,"[0.00,0.05)",9.363375,1.0,0
422,VECTOR_FIRST_HNSW,"[0.00,0.05)",24.626917,0.4,0
422,HNSW_HYBRID,"[0.00,0.05)",9.642583,1.0,0
422,IVFFLAT_HYBRID,"[0.00,0.05)",9.266208,1.0,0
422,SQL_FIRST,"[0.00,0.05)",8.870084,1.0,1
422,VECTOR_FIRST_HNSW,"[0.00,0.05)",23.016292,0.4,1
422,HNSW_HYBRID,"[0.00,0.05)",9.349292,1.0,1
422,IVFFLAT_HYBRID,"[0.00,0.05)",9.4045,1.0,1
422,SQL_FIRST,"[0.00,0.05)",8.888917,1.0,2
422,VECTOR_FIRST_HNSW,"[0.00,0.05)",23.030417,0.4,2
422,HNSW_HYBRID,"[0.00,0.05)",9.447666,1.0,2
422,IVFFLAT_HYBRID,"[0.00,0.05)",8.994541,1.0,2
422,SQL_FIRST,"[0.00,0.05)",8.816834,1.0,3
422,VECTOR_FIRST_HNSW,"[0.00,0.05)",23.032,0.4,3
422,HNSW_HYBRID,"[0.00,0.05)",9.169917,1.0,3
422,IVFFLAT_HYBRID,"[0.00,0.05)",9.11675,1.0,3
422,SQL_FIRST,"[0.00,0.05)",9.143,1.0,4
422,VECTOR_FIRST_HNSW,"[0.00,0.05)",22.967375,0.4,4
422,HNSW_HYBRID,"[0.00,0.05)",9.543125,1.0,4
422,IVFFLAT_HYBRID,"[0.00,0.05)",8.91675,1.0,4
426,SQL_FIRST,"[0.00,0.05)",9.29125,1.0,0
426,VECTOR_FIRST_HNSW,"[0.00,0.05)",22.9735,0.6,0
426,HNSW_HYBRID,"[0.00,0.05)",9.826458,1.0,0
426,IVFFLAT_HYBRID,"[0.00,0.05)",9.820083,1.0,0
426,SQL_FIRST,"[0.00,0.05)",9.827209,1.0,1
426,VECTOR_FIRST_HNSW,"[0.00,0.05)",23.327,0.6,1
426,HNSW_HYBRID,"[0.00,0.05)",9.860708,1.0,1
426,IVFFLAT_HYBRID,"[0.00,0.05)",9.362916,1.0,1
426,SQL_FIRST,"[0.00,0.05)",9.280666,1.0,2
426,VECTOR_FIRST_HNSW,"[0.00,0.05)",23.010042,0.6,2
426,HNSW_HYBRID,"[0.00,0.05)",9.887459,1.0,2
426,IVFFLAT_HYBRID,"[0.00,0.05)",9.458834,1.0,2
426,SQL_FIRST,"[0.00,0.05)",9.547458,1.0,3
426,VECTOR_FIRST_HNSW,"[0.00,0.05)",23.875417,0.6,3
426,HNSW_HYBRID,"[0.00,0.05)",9.822958,1.0,3
426,IVFFLAT_HYBRID,"[0.00,0.05)",9.088125,1.0,3
426,SQL_FIRST,"[0.00,0.05)",9.662917,1.0,4
426,VECTOR_FIRST_HNSW,"[0.00,0.05)",23.065375,0.6,4
426,HNSW_HYBRID,"[0.00,0.05)",9.945458,1.0,4
426,IVFFLAT_HYBRID,"[0.00,0.05)",9.487,1.0,4
427,SQL_FIRST,"[0.00,0.05)",6.881833,1.0,0
427,VECTOR_FIRST_HNSW,"[0.00,0.05)",23.083791,0.4,0
427,HNSW_HYBRID,"[0.00,0.05)",7.593417,1.0,0
427,IVFFLAT_HYBRID,"[0.00,0.05)",7.082542,1.0,0
427,SQL_FIRST,"[0.00,0.05)",6.933833,1.0,1
427,VECTOR_FIRST_HNSW,"[0.00,0.05)",23.096709,0.4,1
427,HNSW_HYBRID,"[0.00,0.05)",7.424333,1.0,1
427,IVFFLAT_HYBRID,"[0.00,0.05)",6.590875,1.0,1
427,SQL_FIRST,"[0.00,0.05)",6.535,1.0,2
427,VECTOR_FIRST_HNSW,"[0.00,0.05)",22.916709,0.4,2
427,HNSW_HYBRID,"[0.00,0.05)",7.345125,1.0,2
427,IVFFLAT_HYBRID,"[0.00,0.05)",6.955375,1.0,2
427,SQL_FIRST,"[0.00,0.05)",6.729666,1.0,3
427,VECTOR_FIRST_HNSW,"[0.00,0.05)",22.807292,0.4,3
427,HNSW_HYBRID,"[0.00,0.05)",7.477958,1.0,3
427,IVFFLAT_HYBRID,"[0.00,0.05)",6.700792,1.0,3
427,SQL_FIRST,"[0.00,0.05)",6.63875,1.0,4
427,VECTOR_FIRST_HNSW,"[0.00,0.05)",22.978834,0.4,4
427,HNSW_HYBRID,"[0.00,0.05)",7.467583,1.0,4
427,IVFFLAT_HYBRID,"[0.00,0.05)",6.699667,1.0,4
428,SQL_FIRST,"[0.00,0.05)",9.18625,1.0,0
428,VECTOR_FIRST_HNSW,"[0.00,0.05)",22.985792,0.2,0
428,HNSW_HYBRID,"[0.00,0.05)",9.239917,1.0,0
428,IVFFLAT_HYBRID,"[0.00,0.05)",8.703625,1.0,0
428,SQL_FIRST,"[0.00,0.05)",9.04675,1.0,1
428,VECTOR_FIRST_HNSW,"[0.00,0.05)",23.039541,0.2,1
428,HNSW_HYBRID,"[0.00,0.05)",9.44425,1.0,1
428,IVFFLAT_HYBRID,"[0.00,0.05)",8.766875,1.0,1
428,SQL_FIRST,"[0.00,0.05)",9.001542,1.0,2
428,VECTOR_FIRST_HNSW,"[0.00,0.05)",23.13425,0.2,2
428,HNSW_HYBRID,"[0.00,0.05)",9.186541,1.0,2
428,IVFFLAT_HYBRID,"[0.00,0.05)",9.225667,1.0,2
428,SQL_FIRST,"[0.00,0.05)",8.791792,1.0,3
428,VECTOR_FIRST_HNSW,"[0.00,0.05)",23.210833,0.2,3
428,HNSW_HYBRID,"[0.00,0.05)",9.266084,1.0,3
428,IVFFLAT_HYBRID,"[0.00,0.05)",8.91475,1.0,3
428,SQL_FIRST,"[0.00,0.05)",8.442542,1.0,4
428,VECTOR_FIRST_HNSW,"[0.00,0.05)",22.933208,0.2,4
428,HNSW_HYBRID,"[0.00,0.05)",9.291542,1.0,4
428,IVFFLAT_HYBRID,"[0.00,0.05)",9.302167,1.0,4
431,SQL_FIRST,"[0.00,0.05)",6.666458,1.0,0
431,VECTOR_FIRST_HNSW,"[0.00,0.05)",22.946584,0.2,0
431,HNSW_HYBRID,"[0.00,0.05)",7.351416,1.0,0
431,IVFFLAT_HYBRID,"[0.00,0.05)",6.860542,1.0,0
431,SQL_FIRST,"[0.00,0.05)",6.838541,1.0,1
431,VECTOR_FIRST_HNSW,"[0.00,0.05)",22.914917,0.2,1
431,HNSW_HYBRID,"[0.00,0.05)",7.642792,1.0,1
431,IVFFLAT_HYBRID,"[0.00,0.05)",6.650625,1.0,1
431,SQL_FIRST,"[0.00,0.05)",6.723709,1.0,2
431,VECTOR_FIRST_HNSW,"[0.00,0.05)",22.984042,0.2,2
431,HNSW_HYBRID,"[0.00,0.05)",7.25825,1.0,2
431,IVFFLAT_HYBRID,"[0.00,0.05)",6.605084,1.0,2
431,SQL_FIRST,"[0.00,0.05)",6.601625,1.0,3
431,VECTOR_FIRST_HNSW,"[0.00,0.05)",22.999041,0.2,3
431,HNSW_HYBRID,"[0.00,0.05)",7.275375,1.0,3
431,IVFFLAT_HYBRID,"[0.00,0.05)",7.02775,1.0,3
431,SQL_FIRST,"[0.00,0.05)",6.942458,1.0,4
431,VECTOR_FIRST_HNSW,"[0.00,0.05)",22.927125,0.2,4
431,HNSW_HYBRID,"[0.00,0.05)",7.317625,1.0,4
431,IVFFLAT_HYBRID,"[0.00,0.05)",6.785833,1.0,4
433,SQL_FIRST,"[0.00,0.05)",6.542125,1.0,0
433,VECTOR_FIRST_HNSW,"[0.00,0.05)",22.964958,0.0,0
433,HNSW_HYBRID,"[0.00,0.05)",6.557125,1.0,0
433,IVFFLAT_HYBRID,"[0.00,0.05)",6.1885,1.0,0
433,SQL_FIRST,"[0.00,0.05)",5.973708,1.0,1
433,VECTOR_FIRST_HNSW,"[0.00,0.05)",23.182583,0.0,1
433,HNSW_HYBRID,"[0.00,0.05)",6.599625,1.0,1
433,IVFFLAT_HYBRID,"[0.00,0.05)",6.001083,1.0,1
433,SQL_FIRST,"[0.00,0.05)",5.931625,1.0,2
433,VECTOR_FIRST_HNSW,"[0.00,0.05)",23.029208,0.0,2
433,HNSW_HYBRID,"[0.00,0.05)",6.719083,1.0,2
433,IVFFLAT_HYBRID,"[0.00,0.05)",6.026959,1.0,2
433,SQL_FIRST,"[0.00,0.05)",5.964625,1.0,3
433,VECTOR_FIRST_HNSW,"[0.00,0.05)",23.343625,0.0,3
433,HNSW_HYBRID,"[0.00,0.05)",6.652334,1.0,3
433,IVFFLAT_HYBRID,"[0.00,0.05)",6.248041,1.0,3
433,SQL_FIRST,"[0.00,0.05)",6.259791,1.0,4
433,VECTOR_FIRST_HNSW,"[0.00,0.05)",22.81425,0.0,4
433,HNSW_HYBRID,"[0.00,0.05)",7.820834,1.0,4
433,IVFFLAT_HYBRID,"[0.00,0.05)",5.996167,1.0,4
434,SQL_FIRST,"[0.00,0.05)",7.985792,1.0,0
434,VECTOR_FIRST_HNSW,"[0.00,0.05)",22.888583,0.3,0
434,HNSW_HYBRID,"[0.00,0.05)",8.545875,1.0,0
434,IVFFLAT_HYBRID,"[0.00,0.05)",7.638417,1.0,0
434,SQL_FIRST,"[0.00,0.05)",7.768541,1.0,1
434,VECTOR_FIRST_HNSW,"[0.00,0.05)",22.904167,0.3,1
434,HNSW_HYBRID,"[0.00,0.05)",8.455291,1.0,1
434,IVFFLAT_HYBRID,"[0.00,0.05)",7.646042,1.0,1
434,SQL_FIRST,"[0.00,0.05)",7.950292,1.0,2
434,VECTOR_FIRST_HNSW,"[0.00,0.05)",22.919416,0.3,2
434,HNSW_HYBRID,"[0.00,0.05)",8.506042,1.0,2
434,IVFFLAT_HYBRID,"[0.00,0.05)",8.014667,1.0,2
434,SQL_FIRST,"[0.00,0.05)",7.905333,1.0,3
434,VECTOR_FIRST_HNSW,"[0.00,0.05)",22.959583,0.3,3
434,HNSW_HYBRID,"[0.00,0.05)",8.684583,1.0,3
434,IVFFLAT_HYBRID,"[0.00,0.05)",7.829291,1.0,3
434,SQL_FIRST,"[0.00,0.05)",7.936084,1.0,4
434,VECTOR_FIRST_HNSW,"[0.00,0.05)",23.33375,0.3,4
434,HNSW_HYBRID,"[0.00,0.05)",8.582208,1.0,4
434,IVFFLAT_HYBRID,"[0.00,0.05)",7.921084,1.0,4
439,SQL_FIRST,"[0.00,0.05)",5.197625,1.0,0
439,VECTOR_FIRST_HNSW,"[0.00,0.05)",22.8685,0.1,0
439,HNSW_HYBRID,"[0.00,0.05)",5.847916,1.0,0
439,IVFFLAT_HYBRID,"[0.00,0.05)",5.188375,1.0,0
439,SQL_FIRST,"[0.00,0.05)",5.068584,1.0,1
439,VECTOR_FIRST_HNSW,"[0.00,0.05)",22.935083,0.1,1
439,HNSW_HYBRID,"[0.00,0.05)",5.640958,1.0,1
439,IVFFLAT_HYBRID,"[0.00,0.05)",5.164917,1.0,1
439,SQL_FIRST,"[0.00,0.05)",5.280875,1.0,2
439,VECTOR_FIRST_HNSW,"[0.00,0.05)",23.968541,0.1,2
439,HNSW_HYBRID,"[0.00,0.05)",5.708209,1.0,2
439,IVFFLAT_HYBRID,"[0.00,0.05)",5.347084,1.0,2
439,SQL_FIRST,"[0.00,0.05)",5.118334,1.0,3
439,VECTOR_FIRST_HNSW,"[0.00,0.05)",23.243125,0.1,3
439,HNSW_HYBRID,"[0.00,0.05)",5.679,1.0,3
439,IVFFLAT_HYBRID,"[0.00,0.05)",5.151209,1.0,3
439,SQL_FIRST,"[0.00,0.05)",5.144375,1.0,4
439,VECTOR_FIRST_HNSW,"[0.00,0.05)",22.936584,0.1,4
439,HNSW_HYBRID,"[0.00,0.05)",5.728,1.0,4
439,IVFFLAT_HYBRID,"[0.00,0.05)",5.188833,1.0,4
441,SQL_FIRST,"[0.00,0.05)",9.083708,1.0,0
441,VECTOR_FIRST_HNSW,"[0.00,0.05)",23.02475,0.2,0
441,HNSW_HYBRID,"[0.00,0.05)",9.503333,1.0,0
441,IVFFLAT_HYBRID,"[0.00,0.05)",9.073875,1.0,0
441,SQL_FIRST,"[0.00,0.05)",9.488042,1.0,1
441,VECTOR_FIRST_HNSW,"[0.00,0.05)",22.90625,0.2,1
441,HNSW_HYBRID,"[0.00,0.05)",9.751334,1.0,1
441,IVFFLAT_HYBRID,"[0.00,0.05)",9.030375,1.0,1
441,SQL_FIRST,"[0.00,0.05)",9.064042,1.0,2
441,VECTOR_FIRST_HNSW,"[0.00,0.05)",22.829167,0.2,2
441,HNSW_HYBRID,"[0.00,0.05)",9.614917,1.0,2
441,IVFFLAT_HYBRID,"[0.00,0.05)",9.127084,1.0,2
441,SQL_FIRST,"[0.00,0.05)",9.216,1.0,3
441,VECTOR_FIRST_HNSW,"[0.00,0.05)",23.031458,0.2,3
441,HNSW_HYBRID,"[0.00,0.05)",9.562583,1.0,3
441,IVFFLAT_HYBRID,"[0.00,0.05)",9.69825,1.0,3
441,SQL_FIRST,"[0.00,0.05)",8.748666,1.0,4
441,VECTOR_FIRST_HNSW,"[0.00,0.05)",23.024834,0.2,4
441,HNSW_HYBRID,"[0.00,0.05)",9.544959,1.0,4
441,IVFFLAT_HYBRID,"[0.00,0.05)",9.497084,1.0,4
443,SQL_FIRST,"[0.00,0.05)",10.797625,1.0,0
443,VECTOR_FIRST_HNSW,"[0.00,0.05)",22.986708,0.3,0
443,HNSW_HYBRID,"[0.00,0.05)",11.0855,1.0,0
443,IVFFLAT_HYBRID,"[0.00,0.05)",10.632334,1.0,0
443,SQL_FIRST,"[0.00,0.05)",11.076916,1.0,1
443,VECTOR_FIRST_HNSW,"[0.00,0.05)",22.981,0.3,1
443,HNSW_HYBRID,"[0.00,0.05)",10.917375,1.0,1
443,IVFFLAT_HYBRID,"[0.00,0.05)",10.781709,1.0,1
443,SQL_FIRST,"[0.00,0.05)",10.607292,1.0,2
443,VECTOR_FIRST_HNSW,"[0.00,0.05)",23.00825,0.3,2
443,HNSW_HYBRID,"[0.00,0.05)",11.045875,1.0,2
443,IVFFLAT_HYBRID,"[0.00,0.05)",10.660416,1.0,2
443,SQL_FIRST,"[0.00,0.05)",10.887208,1.0,3
443,VECTOR_FIRST_HNSW,"[0.00,0.05)",23.028459,0.3,3
443,HNSW_HYBRID,"[0.00,0.05)",11.035542,1.0,3
443,IVFFLAT_HYBRID,"[0.00,0.05)",10.441458,1.0,3
443,SQL_FIRST,"[0.00,0.05)",10.823625,1.0,4
443,VECTOR_FIRST_HNSW,"[0.00,0.05)",22.96825,0.3,4
443,HNSW_HYBRID,"[0.00,0.05)",11.076417,1.0,4
443,IVFFLAT_HYBRID,"[0.00,0.05)",10.726042,1.0,4
448,SQL_FIRST,"[0.00,0.05)",4.560792,1.0,0
448,VECTOR_FIRST_HNSW,"[0.00,0.05)",22.860875,0.0,0
448,HNSW_HYBRID,"[0.00,0.05)",5.036917,1.0,0
448,IVFFLAT_HYBRID,"[0.00,0.05)",4.585291,1.0,0
448,SQL_FIRST,"[0.00,0.05)",4.651458,1.0,1
448,VECTOR_FIRST_HNSW,"[0.00,0.05)",22.870708,0.0,1
448,HNSW_HYBRID,"[0.00,0.05)",5.156167,1.0,1
448,IVFFLAT_HYBRID,"[0.00,0.05)",4.755125,1.0,1
448,SQL_FIRST,"[0.00,0.05)",4.718333,1.0,2
448,VECTOR_FIRST_HNSW,"[0.00,0.05)",23.282625,0.0,2
448,HNSW_HYBRID,"[0.00,0.05)",5.248541,1.0,2
448,IVFFLAT_HYBRID,"[0.00,0.05)",4.688708,1.0,2
448,SQL_FIRST,"[0.00,0.05)",4.649542,1.0,3
448,VECTOR_FIRST_HNSW,"[0.00,0.05)",23.058917,0.0,3
448,HNSW_HYBRID,"[0.00,0.05)",5.17125,1.0,3
448,IVFFLAT_HYBRID,"[0.00,0.05)",4.646208,1.0,3
448,SQL_FIRST,"[0.00,0.05)",4.630542,1.0,4
448,VECTOR_FIRST_HNSW,"[0.00,0.05)",22.868083,0.0,4
448,HNSW_HYBRID,"[0.00,0.05)",5.118958,1.0,4
448,IVFFLAT_HYBRID,"[0.00,0.05)",4.74175,1.0,4
449,SQL_FIRST,"[0.00,0.05)",8.025667,1.0,0
449,VECTOR_FIRST_HNSW,"[0.00,0.05)",23.274791,0.2,0
449,HNSW_HYBRID,"[0.00,0.05)",8.746,1.0,0
449,IVFFLAT_HYBRID,"[0.00,0.05)",8.428125,1.0,0
449,SQL_FIRST,"[0.00,0.05)",7.763375,1.0,1
449,VECTOR_FIRST_HNSW,"[0.00,0.05)",22.880208,0.2,1
449,HNSW_HYBRID,"[0.00,0.05)",8.457583,1.0,1
449,IVFFLAT_HYBRID,"[0.00,0.05)",8.218166,1.0,1
449,SQL_FIRST,"[0.00,0.05)",7.984083,1.0,2
449,VECTOR_FIRST_HNSW,"[0.00,0.05)",22.823042,0.2,2
449,HNSW_HYBRID,"[0.00,0.05)",8.725417,1.0,2
449,IVFFLAT_HYBRID,"[0.00,0.05)",7.992917,1.0,2
449,SQL_FIRST,"[0.00,0.05)",7.777042,1.0,3
449,VECTOR_FIRST_HNSW,"[0.00,0.05)",22.94475,0.2,3
449,HNSW_HYBRID,"[0.00,0.05)",8.5305,1.0,3
449,IVFFLAT_HYBRID,"[0.00,0.05)",8.046375,1.0,3
449,SQL_FIRST,"[0.00,0.05)",7.980708,1.0,4
449,VECTOR_FIRST_HNSW,"[0.00,0.05)",22.879042,0.2,4
449,HNSW_HYBRID,"[0.00,0.05)",8.529667,1.0,4
449,IVFFLAT_HYBRID,"[0.00,0.05)",7.900916,1.0,4
451,SQL_FIRST,"[0.00,0.05)",10.183208,1.0,0
451,VECTOR_FIRST_HNSW,"[0.00,0.05)",22.934667,0.2,0
451,HNSW_HYBRID,"[0.00,0.05)",10.586625,1.0,0
451,IVFFLAT_HYBRID,"[0.00,0.05)",9.991333,1.0,0
451,SQL_FIRST,"[0.00,0.05)",10.234208,1.0,1
451,VECTOR_FIRST_HNSW,"[0.00,0.05)",23.496083,0.2,1
451,HNSW_HYBRID,"[0.00,0.05)",10.567833,1.0,1
451,IVFFLAT_HYBRID,"[0.00,0.05)",10.08125,1.0,1
451,SQL_FIRST,"[0.00,0.05)",9.975834,1.0,2
451,VECTOR_FIRST_HNSW,"[0.00,0.05)",22.997958,0.2,2
451,HNSW_HYBRID,"[0.00,0.05)",10.455417,1.0,2
451,IVFFLAT_HYBRID,"[0.00,0.05)",10.269458,1.0,2
451,SQL_FIRST,"[0.00,0.05)",10.956084,1.0,3
451,VECTOR_FIRST_HNSW,"[0.00,0.05)",22.939375,0.2,3
451,HNSW_HYBRID,"[0.00,0.05)",10.538958,1.0,3
451,IVFFLAT_HYBRID,"[0.00,0.05)",9.886834,1.0,3
451,SQL_FIRST,"[0.00,0.05)",10.228,1.0,4
451,VECTOR_FIRST_HNSW,"[0.00,0.05)",22.90575,0.2,4
451,HNSW_HYBRID,"[0.00,0.05)",10.839209,1.0,4
451,IVFFLAT_HYBRID,"[0.00,0.05)",10.277209,1.0,4
453,SQL_FIRST,"[0.00,0.05)",6.375416,1.0,0
453,VECTOR_FIRST_HNSW,"[0.00,0.05)",22.909541,0.3,0
453,HNSW_HYBRID,"[0.00,0.05)",6.853,1.0,0
453,IVFFLAT_HYBRID,"[0.00,0.05)",6.243875,1.0,0
453,SQL_FIRST,"[0.00,0.05)",6.081042,1.0,1
453,VECTOR_FIRST_HNSW,"[0.00,0.05)",23.542667,0.3,1
453,HNSW_HYBRID,"[0.00,0.05)",6.696708,1.0,1
453,IVFFLAT_HYBRID,"[0.00,0.05)",6.113959,1.0,1
453,SQL_FIRST,"[0.00,0.05)",6.01175,1.0,2
453,VECTOR_FIRST_HNSW,"[0.00,0.05)",22.86975,0.3,2
453,HNSW_HYBRID,"[0.00,0.05)",6.792875,1.0,2
453,IVFFLAT_HYBRID,"[0.00,0.05)",6.071167,1.0,2
453,SQL_FIRST,"[0.00,0.05)",6.286125,1.0,3
453,VECTOR_FIRST_HNSW,"[0.00,0.05)",23.03275,0.3,3
453,HNSW_HYBRID,"[0.00,0.05)",6.734,1.0,3
453,IVFFLAT_HYBRID,"[0.00,0.05)",6.329166,1.0,3
453,SQL_FIRST,"[0.00,0.05)",6.029625,1.0,4
453,VECTOR_FIRST_HNSW,"[0.00,0.05)",22.970666,0.3,4
453,HNSW_HYBRID,"[0.00,0.05)",6.787958,1.0,4
453,IVFFLAT_HYBRID,"[0.00,0.05)",6.111542,1.0,4
454,SQL_FIRST,"[0.00,0.05)",7.860042,1.0,0
454,VECTOR_FIRST_HNSW,"[0.00,0.05)",23.098375,0.1,0
454,HNSW_HYBRID,"[0.00,0.05)",8.399583,1.0,0
454,IVFFLAT_HYBRID,"[0.00,0.05)",7.723583,1.0,0
454,SQL_FIRST,"[0.00,0.05)",7.689667,1.0,1
454,VECTOR_FIRST_HNSW,"[0.00,0.05)",22.906417,0.1,1
454,HNSW_HYBRID,"[0.00,0.05)",8.417083,1.0,1
454,IVFFLAT_HYBRID,"[0.00,0.05)",7.571084,1.0,1
454,SQL_FIRST,"[0.00,0.05)",7.97825,1.0,2
454,VECTOR_FIRST_HNSW,"[0.00,0.05)",23.478,0.1,2
454,HNSW_HYBRID,"[0.00,0.05)",8.40625,1.0,2
454,IVFFLAT_HYBRID,"[0.00,0.05)",7.724875,1.0,2
454,SQL_FIRST,"[0.00,0.05)",7.738166,1.0,3
454,VECTOR_FIRST_HNSW,"[0.00,0.05)",23.03175,0.1,3
454,HNSW_HYBRID,"[0.00,0.05)",10.286917,1.0,3
454,IVFFLAT_HYBRID,"[0.00,0.05)",9.496833,1.0,3
454,SQL_FIRST,"[0.00,0.05)",8.287792,1.0,4
454,VECTOR_FIRST_HNSW,"[0.00,0.05)",26.196583,0.1,4
454,HNSW_HYBRID,"[0.00,0.05)",8.410334,1.0,4
454,IVFFLAT_HYBRID,"[0.00,0.05)",7.853916,1.0,4
457,SQL_FIRST,"[0.00,0.05)",9.205292,1.0,0
457,VECTOR_FIRST_HNSW,"[0.00,0.05)",22.979708,0.7,0
457,HNSW_HYBRID,"[0.00,0.05)",9.247792,1.0,0
457,IVFFLAT_HYBRID,"[0.00,0.05)",8.962209,1.0,0
457,SQL_FIRST,"[0.00,0.05)",8.963375,1.0,1
457,VECTOR_FIRST_HNSW,"[0.00,0.05)",23.054833,0.7,1
457,HNSW_HYBRID,"[0.00,0.05)",9.552417,1.0,1
457,IVFFLAT_HYBRID,"[0.00,0.05)",9.583625,1.0,1
457,SQL_FIRST,"[0.00,0.05)",9.182916,1.0,2
457,VECTOR_FIRST_HNSW,"[0.00,0.05)",22.908375,0.7,2
457,HNSW_HYBRID,"[0.00,0.05)",9.428875,1.0,2
457,IVFFLAT_HYBRID,"[0.00,0.05)",8.937792,1.0,2
457,SQL_FIRST,"[0.00,0.05)",9.32475,1.0,3
457,VECTOR_FIRST_HNSW,"[0.00,0.05)",22.989542,0.7,3
457,HNSW_HYBRID,"[0.00,0.05)",9.698417,1.0,3
457,IVFFLAT_HYBRID,"[0.00,0.05)",8.829875,1.0,3
457,SQL_FIRST,"[0.00,0.05)",8.917208,1.0,4
457,VECTOR_FIRST_HNSW,"[0.00,0.05)",23.362,0.7,4
457,HNSW_HYBRID,"[0.00,0.05)",9.343666,1.0,4
457,IVFFLAT_HYBRID,"[0.00,0.05)",8.779583,1.0,4
461,SQL_FIRST,"[0.00,0.05)",9.462125,1.0,0
461,VECTOR_FIRST_HNSW,"[0.00,0.05)",23.254416,0.1,0
461,HNSW_HYBRID,"[0.00,0.05)",10.180708,1.0,0
461,IVFFLAT_HYBRID,"[0.00,0.05)",9.613417,1.0,0
461,SQL_FIRST,"[0.00,0.05)",9.548625,1.0,1
461,VECTOR_FIRST_HNSW,"[0.00,0.05)",22.966875,0.1,1
461,HNSW_HYBRID,"[0.00,0.05)",10.052791,1.0,1
461,IVFFLAT_HYBRID,"[0.00,0.05)",9.909291,1.0,1
461,SQL_FIRST,"[0.00,0.05)",10.121208,1.0,2
461,VECTOR_FIRST_HNSW,"[0.00,0.05)",23.01925,0.1,2
461,HNSW_HYBRID,"[0.00,0.05)",10.071209,1.0,2
461,IVFFLAT_HYBRID,"[0.00,0.05)",9.618833,1.0,2
461,SQL_FIRST,"[0.00,0.05)",9.494292,1.0,3
461,VECTOR_FIRST_HNSW,"[0.00,0.05)",22.942625,0.1,3
461,HNSW_HYBRID,"[0.00,0.05)",10.194291,1.0,3
461,IVFFLAT_HYBRID,"[0.00,0.05)",9.698541,1.0,3
461,SQL_FIRST,"[0.00,0.05)",10.083792,1.0,4
461,VECTOR_FIRST_HNSW,"[0.00,0.05)",23.100792,0.1,4
461,HNSW_HYBRID,"[0.00,0.05)",10.148292,1.0,4
461,IVFFLAT_HYBRID,"[0.00,0.05)",9.46325,1.0,4
463,SQL_FIRST,"[0.00,0.05)",8.713416,1.0,0
463,VECTOR_FIRST_HNSW,"[0.00,0.05)",22.941291,0.1,0
463,HNSW_HYBRID,"[0.00,0.05)",9.143125,1.0,0
463,IVFFLAT_HYBRID,"[0.00,0.05)",8.485958,1.0,0
463,SQL_FIRST,"[0.00,0.05)",8.930125,1.0,1
463,VECTOR_FIRST_HNSW,"[0.00,0.05)",23.008125,0.1,1
463,HNSW_HYBRID,"[0.00,0.05)",9.318,1.0,1
463,IVFFLAT_HYBRID,"[0.00,0.05)",8.661584,1.0,1
463,SQL_FIRST,"[0.00,0.05)",8.6185,1.0,2
463,VECTOR_FIRST_HNSW,"[0.00,0.05)",22.951708,0.1,2
463,HNSW_HYBRID,"[0.00,0.05)",9.282334,1.0,2
463,IVFFLAT_HYBRID,"[0.00,0.05)",9.036667,1.0,2
463,SQL_FIRST,"[0.00,0.05)",8.759917,1.0,3
463,VECTOR_FIRST_HNSW,"[0.00,0.05)",23.104459,0.1,3
463,HNSW_HYBRID,"[0.00,0.05)",9.174959,1.0,3
463,IVFFLAT_HYBRID,"[0.00,0.05)",8.719625,1.0,3
463,SQL_FIRST,"[0.00,0.05)",8.597333,1.0,4
463,VECTOR_FIRST_HNSW,"[0.00,0.05)",22.916416,0.1,4
463,HNSW_HYBRID,"[0.00,0.05)",9.114334,1.0,4
463,IVFFLAT_HYBRID,"[0.00,0.05)",9.81175,1.0,4
465,SQL_FIRST,"[0.00,0.05)",9.384583,1.0,0
465,VECTOR_FIRST_HNSW,"[0.00,0.05)",23.224833,0.5,0
465,HNSW_HYBRID,"[0.00,0.05)",9.092167,1.0,0
465,IVFFLAT_HYBRID,"[0.00,0.05)",8.576709,1.0,0
465,SQL_FIRST,"[0.00,0.05)",8.609666,1.0,1
465,VECTOR_FIRST_HNSW,"[0.00,0.05)",23.032625,0.5,1
465,HNSW_HYBRID,"[0.00,0.05)",9.298708,1.0,1
465,IVFFLAT_HYBRID,"[0.00,0.05)",8.655834,1.0,1
465,SQL_FIRST,"[0.00,0.05)",9.104166,1.0,2
465,VECTOR_FIRST_HNSW,"[0.00,0.05)",23.174167,0.5,2
465,HNSW_HYBRID,"[0.00,0.05)",9.396291,1.0,2
465,IVFFLAT_HYBRID,"[0.00,0.05)",9.012792,1.0,2
465,SQL_FIRST,"[0.00,0.05)",8.665583,1.0,3
465,VECTOR_FIRST_HNSW,"[0.00,0.05)",22.88225,0.5,3
465,HNSW_HYBRID,"[0.00,0.05)",9.118541,1.0,3
465,IVFFLAT_HYBRID,"[0.00,0.05)",8.586458,1.0,3
465,SQL_FIRST,"[0.00,0.05)",8.896625,1.0,4
465,VECTOR_FIRST_HNSW,"[0.00,0.05)",22.912625,0.5,4
465,HNSW_HYBRID,"[0.00,0.05)",9.269792,1.0,4
465,IVFFLAT_HYBRID,"[0.00,0.05)",8.570291,1.0,4
466,SQL_FIRST,"[0.00,0.05)",8.537,1.0,0
466,VECTOR_FIRST_HNSW,"[0.00,0.05)",22.954208,0.3,0
466,HNSW_HYBRID,"[0.00,0.05)",8.895625,1.0,0
466,IVFFLAT_HYBRID,"[0.00,0.05)",8.298917,1.0,0
466,SQL_FIRST,"[0.00,0.05)",8.01725,1.0,1
466,VECTOR_FIRST_HNSW,"[0.00,0.05)",22.927791,0.3,1
466,HNSW_HYBRID,"[0.00,0.05)",8.969042,1.0,1
466,IVFFLAT_HYBRID,"[0.00,0.05)",8.77775,1.0,1
466,SQL_FIRST,"[0.00,0.05)",8.744208,1.0,2
466,VECTOR_FIRST_HNSW,"[0.00,0.05)",23.109125,0.3,2
466,HNSW_HYBRID,"[0.00,0.05)",9.131791,1.0,2
466,IVFFLAT_HYBRID,"[0.00,0.05)",9.044959,1.0,2
466,SQL_FIRST,"[0.00,0.05)",9.086209,1.0,3
466,VECTOR_FIRST_HNSW,"[0.00,0.05)",23.189625,0.3,3
466,HNSW_HYBRID,"[0.00,0.05)",8.986209,1.0,3
466,IVFFLAT_HYBRID,"[0.00,0.05)",9.038209,1.0,3
466,SQL_FIRST,"[0.00,0.05)",8.975041,1.0,4
466,VECTOR_FIRST_HNSW,"[0.00,0.05)",24.037542,0.3,4
466,HNSW_HYBRID,"[0.00,0.05)",9.440042,1.0,4
466,IVFFLAT_HYBRID,"[0.00,0.05)",8.803083,1.0,4
468,SQL_FIRST,"[0.00,0.05)",9.245583,1.0,0
468,VECTOR_FIRST_HNSW,"[0.00,0.05)",24.137458,0.6,0
468,HNSW_HYBRID,"[0.00,0.05)",9.548458,1.0,0
468,IVFFLAT_HYBRID,"[0.00,0.05)",9.269291,1.0,0
468,SQL_FIRST,"[0.00,0.05)",9.368125,1.0,1
468,VECTOR_FIRST_HNSW,"[0.00,0.05)",23.031875,0.6,1
468,HNSW_HYBRID,"[0.00,0.05)",9.343459,1.0,1
468,IVFFLAT_HYBRID,"[0.00,0.05)",9.228792,1.0,1
468,SQL_FIRST,"[0.00,0.05)",9.204125,1.0,2
468,VECTOR_FIRST_HNSW,"[0.00,0.05)",23.223959,0.6,2
468,HNSW_HYBRID,"[0.00,0.05)",9.274458,1.0,2
468,IVFFLAT_HYBRID,"[0.00,0.05)",9.525125,1.0,2
468,SQL_FIRST,"[0.00,0.05)",9.580166,1.0,3
468,VECTOR_FIRST_HNSW,"[0.00,0.05)",23.240625,0.6,3
468,HNSW_HYBRID,"[0.00,0.05)",9.251125,1.0,3
468,IVFFLAT_HYBRID,"[0.00,0.05)",8.623875,1.0,3
468,SQL_FIRST,"[0.00,0.05)",8.85825,1.0,4
468,VECTOR_FIRST_HNSW,"[0.00,0.05)",23.028541,0.6,4
468,HNSW_HYBRID,"[0.00,0.05)",9.367167,1.0,4
468,IVFFLAT_HYBRID,"[0.00,0.05)",8.841292,1.0,4
469,SQL_FIRST,"[0.00,0.05)",9.19475,1.0,0
469,VECTOR_FIRST_HNSW,"[0.00,0.05)",22.913292,0.2,0
469,HNSW_HYBRID,"[0.00,0.05)",9.566625,1.0,0
469,IVFFLAT_HYBRID,"[0.00,0.05)",8.923792,1.0,0
469,SQL_FIRST,"[0.00,0.05)",9.232667,1.0,1
469,VECTOR_FIRST_HNSW,"[0.00,0.05)",23.104125,0.2,1
469,HNSW_HYBRID,"[0.00,0.05)",9.276833,1.0,1
469,IVFFLAT_HYBRID,"[0.00,0.05)",9.204584,1.0,1
469,SQL_FIRST,"[0.00,0.05)",10.02325,1.0,2
469,VECTOR_FIRST_HNSW,"[0.00,0.05)",24.058917,0.2,2
469,HNSW_HYBRID,"[0.00,0.05)",9.345917,1.0,2
469,IVFFLAT_HYBRID,"[0.00,0.05)",9.052792,1.0,2
469,SQL_FIRST,"[0.00,0.05)",8.780541,1.0,3
469,VECTOR_FIRST_HNSW,"[0.00,0.05)",23.130125,0.2,3
469,HNSW_HYBRID,"[0.00,0.05)",9.621792,1.0,3
469,IVFFLAT_HYBRID,"[0.00,0.05)",9.806625,1.0,3
469,SQL_FIRST,"[0.00,0.05)",9.290208,1.0,4
469,VECTOR_FIRST_HNSW,"[0.00,0.05)",22.893209,0.2,4
469,HNSW_HYBRID,"[0.00,0.05)",9.637417,1.0,4
469,IVFFLAT_HYBRID,"[0.00,0.05)",8.908917,1.0,4
470,SQL_FIRST,"[0.00,0.05)",1.585459,1.0,0
470,VECTOR_FIRST_HNSW,"[0.00,0.05)",22.983375,0.0,0
470,HNSW_HYBRID,"[0.00,0.05)",2.001166,1.0,0
470,IVFFLAT_HYBRID,"[0.00,0.05)",1.632292,1.0,0
470,SQL_FIRST,"[0.00,0.05)",1.611583,1.0,1
470,VECTOR_FIRST_HNSW,"[0.00,0.05)",22.9715,0.0,1
470,HNSW_HYBRID,"[0.00,0.05)",2.038584,1.0,1
470,IVFFLAT_HYBRID,"[0.00,0.05)",1.630292,1.0,1
470,SQL_FIRST,"[0.00,0.05)",1.602416,1.0,2
470,VECTOR_FIRST_HNSW,"[0.00,0.05)",22.83275,0.0,2
470,HNSW_HYBRID,"[0.00,0.05)",1.998875,1.0,2
470,IVFFLAT_HYBRID,"[0.00,0.05)",1.6625,1.0,2
470,SQL_FIRST,"[0.00,0.05)",1.618875,1.0,3
470,VECTOR_FIRST_HNSW,"[0.00,0.05)",22.936916,0.0,3
470,HNSW_HYBRID,"[0.00,0.05)",2.003584,1.0,3
470,IVFFLAT_HYBRID,"[0.00,0.05)",1.609375,1.0,3
470,SQL_FIRST,"[0.00,0.05)",1.580541,1.0,4
470,VECTOR_FIRST_HNSW,"[0.00,0.05)",22.804833,0.0,4
470,HNSW_HYBRID,"[0.00,0.05)",1.981666,1.0,4
470,IVFFLAT_HYBRID,"[0.00,0.05)",1.627375,1.0,4
471,SQL_FIRST,"[0.00,0.05)",7.812875,1.0,0
471,VECTOR_FIRST_HNSW,"[0.00,0.05)",22.908292,0.4,0
471,HNSW_HYBRID,"[0.00,0.05)",8.289417,1.0,0
471,IVFFLAT_HYBRID,"[0.00,0.05)",7.723708,1.0,0
471,SQL_FIRST,"[0.00,0.05)",7.64675,1.0,1
471,VECTOR_FIRST_HNSW,"[0.00,0.05)",22.844792,0.4,1
471,HNSW_HYBRID,"[0.00,0.05)",8.292917,1.0,1
471,IVFFLAT_HYBRID,"[0.00,0.05)",8.069875,1.0,1
471,SQL_FIRST,"[0.00,0.05)",7.729708,1.0,2
471,VECTOR_FIRST_HNSW,"[0.00,0.05)",23.380708,0.4,2
471,HNSW_HYBRID,"[0.00,0.05)",8.214958,1.0,2
471,IVFFLAT_HYBRID,"[0.00,0.05)",7.788292,1.0,2
471,SQL_FIRST,"[0.00,0.05)",7.465083,1.0,3
471,VECTOR_FIRST_HNSW,"[0.00,0.05)",23.034125,0.4,3
471,HNSW_HYBRID,"[0.00,0.05)",8.501458,1.0,3
471,IVFFLAT_HYBRID,"[0.00,0.05)",7.75775,1.0,3
471,SQL_FIRST,"[0.00,0.05)",7.409708,1.0,4
471,VECTOR_FIRST_HNSW,"[0.00,0.05)",22.998083,0.4,4
471,HNSW_HYBRID,"[0.00,0.05)",8.334,1.0,4
471,IVFFLAT_HYBRID,"[0.00,0.05)",8.078625,1.0,4
476,SQL_FIRST,"[0.00,0.05)",9.819125,1.0,0
476,VECTOR_FIRST_HNSW,"[0.00,0.05)",23.165583,0.2,0
476,HNSW_HYBRID,"[0.00,0.05)",10.194084,1.0,0
476,IVFFLAT_HYBRID,"[0.00,0.05)",9.717292,1.0,0
476,SQL_FIRST,"[0.00,0.05)",9.77125,1.0,1
476,VECTOR_FIRST_HNSW,"[0.00,0.05)",23.100709,0.2,1
476,HNSW_HYBRID,"[0.00,0.05)",10.161292,1.0,1
476,IVFFLAT_HYBRID,"[0.00,0.05)",9.866583,1.0,1
476,SQL_FIRST,"[0.00,0.05)",9.759583,1.0,2
476,VECTOR_FIRST_HNSW,"[0.00,0.05)",23.243666,0.2,2
476,HNSW_HYBRID,"[0.00,0.05)",10.647542,1.0,2
476,IVFFLAT_HYBRID,"[0.00,0.05)",10.843041,1.0,2
476,SQL_FIRST,"[0.00,0.05)",10.582542,1.0,3
476,VECTOR_FIRST_HNSW,"[0.00,0.05)",23.018875,0.2,3
476,HNSW_HYBRID,"[0.00,0.05)",10.35175,1.0,3
476,IVFFLAT_HYBRID,"[0.00,0.05)",10.2545,1.0,3
476,SQL_FIRST,"[0.00,0.05)",9.963541,1.0,4
476,VECTOR_FIRST_HNSW,"[0.00,0.05)",22.921041,0.2,4
476,HNSW_HYBRID,"[0.00,0.05)",10.198542,1.0,4
476,IVFFLAT_HYBRID,"[0.00,0.05)",9.866542,1.0,4
477,SQL_FIRST,"[0.00,0.05)",8.038333,1.0,0
477,VECTOR_FIRST_HNSW,"[0.00,0.05)",23.01575,0.1,0
477,HNSW_HYBRID,"[0.00,0.05)",8.498042,1.0,0
477,IVFFLAT_HYBRID,"[0.00,0.05)",7.792292,1.0,0
477,SQL_FIRST,"[0.00,0.05)",7.97325,1.0,1
477,VECTOR_FIRST_HNSW,"[0.00,0.05)",23.02975,0.1,1
477,HNSW_HYBRID,"[0.00,0.05)",8.861959,1.0,1
477,IVFFLAT_HYBRID,"[0.00,0.05)",8.737833,1.0,1
477,SQL_FIRST,"[0.00,0.05)",7.863833,1.0,2
477,VECTOR_FIRST_HNSW,"[0.00,0.05)",22.8915,0.1,2
477,HNSW_HYBRID,"[0.00,0.05)",8.47875,1.0,2
477,IVFFLAT_HYBRID,"[0.00,0.05)",7.85075,1.0,2
477,SQL_FIRST,"[0.00,0.05)",7.99675,1.0,3
477,VECTOR_FIRST_HNSW,"[0.00,0.05)",22.869708,0.1,3
477,HNSW_HYBRID,"[0.00,0.05)",8.815667,1.0,3
477,IVFFLAT_HYBRID,"[0.00,0.05)",8.196041,1.0,3
477,SQL_FIRST,"[0.00,0.05)",7.749583,1.0,4
477,VECTOR_FIRST_HNSW,"[0.00,0.05)",23.028666,0.1,4
477,HNSW_HYBRID,"[0.00,0.05)",8.528917,1.0,4
477,IVFFLAT_HYBRID,"[0.00,0.05)",7.772833,1.0,4
480,SQL_FIRST,"[0.00,0.05)",6.635042,1.0,0
480,VECTOR_FIRST_HNSW,"[0.00,0.05)",22.93075,0.2,0
480,HNSW_HYBRID,"[0.00,0.05)",7.32175,1.0,0
480,IVFFLAT_HYBRID,"[0.00,0.05)",6.605792,1.0,0
480,SQL_FIRST,"[0.00,0.05)",6.538,1.0,1
480,VECTOR_FIRST_HNSW,"[0.00,0.05)",22.948417,0.2,1
480,HNSW_HYBRID,"[0.00,0.05)",7.344459,1.0,1
480,IVFFLAT_HYBRID,"[0.00,0.05)",6.942709,1.0,1
480,SQL_FIRST,"[0.00,0.05)",6.741209,1.0,2
480,VECTOR_FIRST_HNSW,"[0.00,0.05)",22.986458,0.2,2
480,HNSW_HYBRID,"[0.00,0.05)",7.365125,1.0,2
480,IVFFLAT_HYBRID,"[0.00,0.05)",6.707,1.0,2
480,SQL_FIRST,"[0.00,0.05)",7.097709,1.0,3
480,VECTOR_FIRST_HNSW,"[0.00,0.05)",22.994292,0.2,3
480,HNSW_HYBRID,"[0.00,0.05)",7.306292,1.0,3
480,IVFFLAT_HYBRID,"[0.00,0.05)",6.670125,1.0,3
480,SQL_FIRST,"[0.00,0.05)",6.819583,1.0,4
480,VECTOR_FIRST_HNSW,"[0.00,0.05)",22.968084,0.2,4
480,HNSW_HYBRID,"[0.00,0.05)",7.357333,1.0,4
480,IVFFLAT_HYBRID,"[0.00,0.05)",6.839,1.0,4
482,SQL_FIRST,"[0.00,0.05)",9.158625,1.0,0
482,VECTOR_FIRST_HNSW,"[0.00,0.05)",22.930125,0.4,0
482,HNSW_HYBRID,"[0.00,0.05)",9.903625,1.0,0
482,IVFFLAT_HYBRID,"[0.00,0.05)",9.218333,1.0,0
482,SQL_FIRST,"[0.00,0.05)",8.945833,1.0,1
482,VECTOR_FIRST_HNSW,"[0.00,0.05)",22.93625,0.4,1
482,HNSW_HYBRID,"[0.00,0.05)",9.32125,1.0,1
482,IVFFLAT_HYBRID,"[0.00,0.05)",8.773959,1.0,1
482,SQL_FIRST,"[0.00,0.05)",9.22325,1.0,2
482,VECTOR_FIRST_HNSW,"[0.00,0.05)",23.027416,0.4,2
482,HNSW_HYBRID,"[0.00,0.05)",9.475041,1.0,2
482,IVFFLAT_HYBRID,"[0.00,0.05)",9.165708,1.0,2
482,SQL_FIRST,"[0.00,0.05)",8.999125,1.0,3
482,VECTOR_FIRST_HNSW,"[0.00,0.05)",22.8545,0.4,3
482,HNSW_HYBRID,"[0.00,0.05)",9.261916,1.0,3
482,IVFFLAT_HYBRID,"[0.00,0.05)",9.248833,1.0,3
482,SQL_FIRST,"[0.00,0.05)",8.821041,1.0,4
482,VECTOR_FIRST_HNSW,"[0.00,0.05)",23.066333,0.4,4
482,HNSW_HYBRID,"[0.00,0.05)",9.345792,1.0,4
482,IVFFLAT_HYBRID,"[0.00,0.05)",8.961625,1.0,4
484,SQL_FIRST,"[0.00,0.05)",9.591458,1.0,0
484,VECTOR_FIRST_HNSW,"[0.00,0.05)",22.919417,0.6,0
484,HNSW_HYBRID,"[0.00,0.05)",9.758458,1.0,0
484,IVFFLAT_HYBRID,"[0.00,0.05)",9.409042,1.0,0
484,SQL_FIRST,"[0.00,0.05)",9.679875,1.0,1
484,VECTOR_FIRST_HNSW,"[0.00,0.05)",23.376083,0.6,1
484,HNSW_HYBRID,"[0.00,0.05)",9.748625,1.0,1
484,IVFFLAT_HYBRID,"[0.00,0.05)",9.32575,1.0,1
484,SQL_FIRST,"[0.00,0.05)",9.270958,1.0,2
484,VECTOR_FIRST_HNSW,"[0.00,0.05)",23.047375,0.6,2
484,HNSW_HYBRID,"[0.00,0.05)",9.532125,1.0,2
484,IVFFLAT_HYBRID,"[0.00,0.05)",9.761084,1.0,2
484,SQL_FIRST,"[0.00,0.05)",9.353416,1.0,3
484,VECTOR_FIRST_HNSW,"[0.00,0.05)",23.719625,0.6,3
484,HNSW_HYBRID,"[0.00,0.05)",9.816292,1.0,3
484,IVFFLAT_HYBRID,"[0.00,0.05)",9.310084,1.0,3
484,SQL_FIRST,"[0.00,0.05)",10.078042,1.0,4
484,VECTOR_FIRST_HNSW,"[0.00,0.05)",23.951375,0.6,4
484,HNSW_HYBRID,"[0.00,0.05)",10.056792,1.0,4
484,IVFFLAT_HYBRID,"[0.00,0.05)",9.296167,1.0,4
485,SQL_FIRST,"[0.00,0.05)",8.0425,1.0,0
485,VECTOR_FIRST_HNSW,"[0.00,0.05)",22.960083,0.4,0
485,HNSW_HYBRID,"[0.00,0.05)",8.643291,1.0,0
485,IVFFLAT_HYBRID,"[0.00,0.05)",8.242875,1.0,0
485,SQL_FIRST,"[0.00,0.05)",8.089541,1.0,1
485,VECTOR_FIRST_HNSW,"[0.00,0.05)",23.109917,0.4,1
485,HNSW_HYBRID,"[0.00,0.05)",8.435292,1.0,1
485,IVFFLAT_HYBRID,"[0.00,0.05)",7.541166,1.0,1
485,SQL_FIRST,"[0.00,0.05)",8.175542,1.0,2
485,VECTOR_FIRST_HNSW,"[0.00,0.05)",22.981708,0.4,2
485,HNSW_HYBRID,"[0.00,0.05)",8.639708,1.0,2
485,IVFFLAT_HYBRID,"[0.00,0.05)",7.82475,1.0,2
485,SQL_FIRST,"[0.00,0.05)",7.780208,1.0,3
485,VECTOR_FIRST_HNSW,"[0.00,0.05)",22.97975,0.4,3
485,HNSW_HYBRID,"[0.00,0.05)",8.450875,1.0,3
485,IVFFLAT_HYBRID,"[0.00,0.05)",7.735917,1.0,3
485,SQL_FIRST,"[0.00,0.05)",7.8835,1.0,4
485,VECTOR_FIRST_HNSW,"[0.00,0.05)",22.988209,0.4,4
485,HNSW_HYBRID,"[0.00,0.05)",8.504416,1.0,4
485,IVFFLAT_HYBRID,"[0.00,0.05)",7.827084,1.0,4
489,SQL_FIRST,"[0.00,0.05)",10.841334,1.0,0
489,VECTOR_FIRST_HNSW,"[0.00,0.05)",22.960834,0.4,0
489,HNSW_HYBRID,"[0.00,0.05)",11.285,1.0,0
489,IVFFLAT_HYBRID,"[0.00,0.05)",10.844458,1.0,0
489,SQL_FIRST,"[0.00,0.05)",11.148834,1.0,1
489,VECTOR_FIRST_HNSW,"[0.00,0.05)",23.395917,0.4,1
489,HNSW_HYBRID,"[0.00,0.05)",11.239084,1.0,1
489,IVFFLAT_HYBRID,"[0.00,0.05)",10.843584,1.0,1
489,SQL_FIRST,"[0.00,0.05)",10.634167,1.0,2
489,VECTOR_FIRST_HNSW,"[0.00,0.05)",22.957125,0.4,2
489,HNSW_HYBRID,"[0.00,0.05)",11.270583,1.0,2
489,IVFFLAT_HYBRID,"[0.00,0.05)",11.368667,1.0,2
489,SQL_FIRST,"[0.00,0.05)",11.014791,1.0,3
489,VECTOR_FIRST_HNSW,"[0.00,0.05)",23.070333,0.4,3
489,HNSW_HYBRID,"[0.00,0.05)",11.263541,1.0,3
489,IVFFLAT_HYBRID,"[0.00,0.05)",10.998083,1.0,3
489,SQL_FIRST,"[0.00,0.05)",10.91075,1.0,4
489,VECTOR_FIRST_HNSW,"[0.00,0.05)",23.099541,0.4,4
489,HNSW_HYBRID,"[0.00,0.05)",11.28525,1.0,4
489,IVFFLAT_HYBRID,"[0.00,0.05)",11.230917,1.0,4
490,SQL_FIRST,"[0.00,0.05)",4.186792,1.0,0
490,VECTOR_FIRST_HNSW,"[0.00,0.05)",22.892625,0.0,0
490,HNSW_HYBRID,"[0.00,0.05)",4.448541,1.0,0
490,IVFFLAT_HYBRID,"[0.00,0.05)",4.198958,1.0,0
490,SQL_FIRST,"[0.00,0.05)",4.110792,1.0,1
490,VECTOR_FIRST_HNSW,"[0.00,0.05)",22.885666,0.0,1
490,HNSW_HYBRID,"[0.00,0.05)",4.499542,1.0,1
490,IVFFLAT_HYBRID,"[0.00,0.05)",4.128166,1.0,1
490,SQL_FIRST,"[0.00,0.05)",4.10925,1.0,2
490,VECTOR_FIRST_HNSW,"[0.00,0.05)",22.829542,0.0,2
490,HNSW_HYBRID,"[0.00,0.05)",4.557917,1.0,2
490,IVFFLAT_HYBRID,"[0.00,0.05)",4.118167,1.0,2
490,SQL_FIRST,"[0.00,0.05)",4.063083,1.0,3
490,VECTOR_FIRST_HNSW,"[0.00,0.05)",22.931333,0.0,3
490,HNSW_HYBRID,"[0.00,0.05)",4.45825,1.0,3
490,IVFFLAT_HYBRID,"[0.00,0.05)",4.115042,1.0,3
490,SQL_FIRST,"[0.00,0.05)",4.175792,1.0,4
490,VECTOR_FIRST_HNSW,"[0.00,0.05)",22.945917,0.0,4
490,HNSW_HYBRID,"[0.00,0.05)",4.40725,1.0,4
490,IVFFLAT_HYBRID,"[0.00,0.05)",4.092042,1.0,4
491,SQL_FIRST,"[0.00,0.05)",10.039291,1.0,0
491,VECTOR_FIRST_HNSW,"[0.00,0.05)",22.862958,0.7,0
491,HNSW_HYBRID,"[0.00,0.05)",9.891667,1.0,0
491,IVFFLAT_HYBRID,"[0.00,0.05)",9.427417,1.0,0
491,SQL_FIRST,"[0.00,0.05)",9.361083,1.0,1
491,VECTOR_FIRST_HNSW,"[0.00,0.05)",23.068,0.7,1
491,HNSW_HYBRID,"[0.00,0.05)",9.732542,1.0,1
491,IVFFLAT_HYBRID,"[0.00,0.05)",9.030166,1.0,1
491,SQL_FIRST,"[0.00,0.05)",9.09625,1.0,2
491,VECTOR_FIRST_HNSW,"[0.00,0.05)",23.185541,0.7,2
491,HNSW_HYBRID,"[0.00,0.05)",9.662041,1.0,2
491,IVFFLAT_HYBRID,"[0.00,0.05)",9.029417,1.0,2
491,SQL_FIRST,"[0.00,0.05)",9.463125,1.0,3
491,VECTOR_FIRST_HNSW,"[0.00,0.05)",22.841416,0.7,3
491,HNSW_HYBRID,"[0.00,0.05)",9.959208,1.0,3
491,IVFFLAT_HYBRID,"[0.00,0.05)",9.19025,1.0,3
491,SQL_FIRST,"[0.00,0.05)",9.033958,1.0,4
491,VECTOR_FIRST_HNSW,"[0.00,0.05)",23.368375,0.7,4
491,HNSW_HYBRID,"[0.00,0.05)",9.472334,1.0,4
491,IVFFLAT_HYBRID,"[0.00,0.05)",9.417833,1.0,4
492,SQL_FIRST,"[0.00,0.05)",7.959709,1.0,0
492,VECTOR_FIRST_HNSW,"[0.00,0.05)",23.020875,0.3,0
492,HNSW_HYBRID,"[0.00,0.05)",8.6375,1.0,0
492,IVFFLAT_HYBRID,"[0.00,0.05)",8.367417,1.0,0
492,SQL_FIRST,"[0.00,0.05)",8.104,1.0,1
492,VECTOR_FIRST_HNSW,"[0.00,0.05)",23.031375,0.3,1
492,HNSW_HYBRID,"[0.00,0.05)",8.748667,1.0,1
492,IVFFLAT_HYBRID,"[0.00,0.05)",8.108291,1.0,1
492,SQL_FIRST,"[0.00,0.05)",7.925333,1.0,2
492,VECTOR_FIRST_HNSW,"[0.00,0.05)",22.882583,0.3,2
492,HNSW_HYBRID,"[0.00,0.05)",8.760375,1.0,2
492,IVFFLAT_HYBRID,"[0.00,0.05)",8.4095,1.0,2
492,SQL_FIRST,"[0.00,0.05)",8.095709,1.0,3
492,VECTOR_FIRST_HNSW,"[0.00,0.05)",23.39125,0.3,3
492,HNSW_HYBRID,"[0.00,0.05)",8.7975,1.0,3
492,IVFFLAT_HYBRID,"[0.00,0.05)",8.193666,1.0,3
492,SQL_FIRST,"[0.00,0.05)",7.999875,1.0,4
492,VECTOR_FIRST_HNSW,"[0.00,0.05)",22.995875,0.3,4
492,HNSW_HYBRID,"[0.00,0.05)",8.678334,1.0,4
492,IVFFLAT_HYBRID,"[0.00,0.05)",8.394167,1.0,4
493,SQL_FIRST,"[0.00,0.05)",7.033042,1.0,0
493,VECTOR_FIRST_HNSW,"[0.00,0.05)",22.97225,0.2,0
493,HNSW_HYBRID,"[0.00,0.05)",7.763667,1.0,0
493,IVFFLAT_HYBRID,"[0.00,0.05)",7.175541,1.0,0
493,SQL_FIRST,"[0.00,0.05)",7.1895,1.0,1
493,VECTOR_FIRST_HNSW,"[0.00,0.05)",23.414125,0.2,1
493,HNSW_HYBRID,"[0.00,0.05)",7.834833,1.0,1
493,IVFFLAT_HYBRID,"[0.00,0.05)",7.061667,1.0,1
493,SQL_FIRST,"[0.00,0.05)",7.058708,1.0,2
493,VECTOR_FIRST_HNSW,"[0.00,0.05)",22.877708,0.2,2
493,HNSW_HYBRID,"[0.00,0.05)",7.66775,1.0,2
493,IVFFLAT_HYBRID,"[0.00,0.05)",6.91125,1.0,2
493,SQL_FIRST,"[0.00,0.05)",7.0645,1.0,3
493,VECTOR_FIRST_HNSW,"[0.00,0.05)",23.136458,0.2,3
493,HNSW_HYBRID,"[0.00,0.05)",7.669125,1.0,3
493,IVFFLAT_HYBRID,"[0.00,0.05)",7.271166,1.0,3
493,SQL_FIRST,"[0.00,0.05)",6.974375,1.0,4
493,VECTOR_FIRST_HNSW,"[0.00,0.05)",22.988708,0.2,4
493,HNSW_HYBRID,"[0.00,0.05)",7.780209,1.0,4
493,IVFFLAT_HYBRID,"[0.00,0.05)",7.161834,1.0,4
495,SQL_FIRST,"[0.00,0.05)",10.824167,1.0,0
495,VECTOR_FIRST_HNSW,"[0.00,0.05)",23.004292,0.3,0
495,HNSW_HYBRID,"[0.00,0.05)",11.152917,1.0,0
495,IVFFLAT_HYBRID,"[0.00,0.05)",11.067875,1.0,0
495,SQL_FIRST,"[0.00,0.05)",10.973792,1.0,1
495,VECTOR_FIRST_HNSW,"[0.00,0.05)",22.958833,0.3,1
495,HNSW_HYBRID,"[0.00,0.05)",11.606458,1.0,1
495,IVFFLAT_HYBRID,"[0.00,0.05)",10.748333,1.0,1
495,SQL_FIRST,"[0.00,0.05)",10.929542,1.0,2
495,VECTOR_FIRST_HNSW,"[0.00,0.05)",22.922625,0.3,2
495,HNSW_HYBRID,"[0.00,0.05)",11.299458,1.0,2
495,IVFFLAT_HYBRID,"[0.00,0.05)",10.744583,1.0,2
495,SQL_FIRST,"[0.00,0.05)",10.739,1.0,3
495,VECTOR_FIRST_HNSW,"[0.00,0.05)",22.933125,0.3,3
495,HNSW_HYBRID,"[0.00,0.05)",11.251459,1.0,3
495,IVFFLAT_HYBRID,"[0.00,0.05)",10.99975,1.0,3
495,SQL_FIRST,"[0.00,0.05)",10.588125,1.0,4
495,VECTOR_FIRST_HNSW,"[0.00,0.05)",24.036333,0.3,4
495,HNSW_HYBRID,"[0.00,0.05)",11.09525,1.0,4
495,IVFFLAT_HYBRID,"[0.00,0.05)",11.260166,1.0,4
496,SQL_FIRST,"[0.00,0.05)",8.0375,1.0,0
496,VECTOR_FIRST_HNSW,"[0.00,0.05)",22.9595,0.2,0
496,HNSW_HYBRID,"[0.00,0.05)",8.911833,1.0,0
496,IVFFLAT_HYBRID,"[0.00,0.05)",8.495625,1.0,0
496,SQL_FIRST,"[0.00,0.05)",8.677542,1.0,1
496,VECTOR_FIRST_HNSW,"[0.00,0.05)",22.969333,0.2,1
496,HNSW_HYBRID,"[0.00,0.05)",8.82675,1.0,1
496,IVFFLAT_HYBRID,"[0.00,0.05)",8.231084,1.0,1
496,SQL_FIRST,"[0.00,0.05)",7.950625,1.0,2
496,VECTOR_FIRST_HNSW,"[0.00,0.05)",22.941625,0.2,2
496,HNSW_HYBRID,"[0.00,0.05)",8.86275,1.0,2
496,IVFFLAT_HYBRID,"[0.00,0.05)",8.505292,1.0,2
496,SQL_FIRST,"[0.00,0.05)",8.281917,1.0,3
496,VECTOR_FIRST_HNSW,"[0.00,0.05)",23.002667,0.2,3
496,HNSW_HYBRID,"[0.00,0.05)",8.781709,1.0,3
496,IVFFLAT_HYBRID,"[0.00,0.05)",8.223084,1.0,3
496,SQL_FIRST,"[0.00,0.05)",8.046416,1.0,4
496,VECTOR_FIRST_HNSW,"[0.00,0.05)",22.925625,0.2,4
496,HNSW_HYBRID,"[0.00,0.05)",8.853667,1.0,4
496,IVFFLAT_HYBRID,"[0.00,0.05)",8.611833,1.0,4
497,SQL_FIRST,"[0.00,0.05)",9.489667,1.0,0
497,VECTOR_FIRST_HNSW,"[0.00,0.05)",22.9905,0.2,0
497,HNSW_HYBRID,"[0.00,0.05)",9.97125,1.0,0
497,IVFFLAT_HYBRID,"[0.00,0.05)",9.350042,1.0,0
497,SQL_FIRST,"[0.00,0.05)",9.3875,1.0,1
497,VECTOR_FIRST_HNSW,"[0.00,0.05)",22.953875,0.2,1
497,HNSW_HYBRID,"[0.00,0.05)",9.717042,1.0,1
497,IVFFLAT_HYBRID,"[0.00,0.05)",9.621584,1.0,1
497,SQL_FIRST,"[0.00,0.05)",9.692208,1.0,2
497,VECTOR_FIRST_HNSW,"[0.00,0.05)",23.062625,0.2,2
497,HNSW_HYBRID,"[0.00,0.05)",9.821042,1.0,2
497,IVFFLAT_HYBRID,"[0.00,0.05)",9.471167,1.0,2
497,SQL_FIRST,"[0.00,0.05)",9.77775,1.0,3
497,VECTOR_FIRST_HNSW,"[0.00,0.05)",23.41075,0.2,3
497,HNSW_HYBRID,"[0.00,0.05)",9.725875,1.0,3
497,IVFFLAT_HYBRID,"[0.00,0.05)",9.726583,1.0,3
497,SQL_FIRST,"[0.00,0.05)",9.459625,1.0,4
497,VECTOR_FIRST_HNSW,"[0.00,0.05)",23.008667,0.2,4
497,HNSW_HYBRID,"[0.00,0.05)",9.773416,1.0,4
497,IVFFLAT_HYBRID,"[0.00,0.05)",9.341084,1.0,4
498,SQL_FIRST,"[0.00,0.05)",8.604042,1.0,0
498,VECTOR_FIRST_HNSW,"[0.00,0.05)",22.990625,0.2,0
498,HNSW_HYBRID,"[0.00,0.05)",9.228458,1.0,0
498,IVFFLAT_HYBRID,"[0.00,0.05)",8.675958,1.0,0
498,SQL_FIRST,"[0.00,0.05)",8.803792,1.0,1
498,VECTOR_FIRST_HNSW,"[0.00,0.05)",22.976875,0.2,1
498,HNSW_HYBRID,"[0.00,0.05)",9.20375,1.0,1
498,IVFFLAT_HYBRID,"[0.00,0.05)",8.668916,1.0,1
498,SQL_FIRST,"[0.00,0.05)",8.561666,1.0,2
498,VECTOR_FIRST_HNSW,"[0.00,0.05)",23.193333,0.2,2
498,HNSW_HYBRID,"[0.00,0.05)",9.0035,1.0,2
498,IVFFLAT_HYBRID,"[0.00,0.05)",8.589458,1.0,2
498,SQL_FIRST,"[0.00,0.05)",8.766958,1.0,3
498,VECTOR_FIRST_HNSW,"[0.00,0.05)",22.993333,0.2,3
498,HNSW_HYBRID,"[0.00,0.05)",9.245875,1.0,3
498,IVFFLAT_HYBRID,"[0.00,0.05)",9.206,1.0,3
498,SQL_FIRST,"[0.00,0.05)",8.739334,1.0,4
498,VECTOR_FIRST_HNSW,"[0.00,0.05)",23.065959,0.2,4
498,HNSW_HYBRID,"[0.00,0.05)",9.139125,1.0,4
498,IVFFLAT_HYBRID,"[0.00,0.05)",8.966,1.0,4
499,SQL_FIRST,"[0.00,0.05)",11.209,1.0,0
499,VECTOR_FIRST_HNSW,"[0.00,0.05)",25.603,0.3,0
499,HNSW_HYBRID,"[0.00,0.05)",10.992625,1.0,0
499,IVFFLAT_HYBRID,"[0.00,0.05)",10.976541,1.0,0
499,SQL_FIRST,"[0.00,0.05)",10.951708,1.0,1
499,VECTOR_FIRST_HNSW,"[0.00,0.05)",23.142208,0.3,1
499,HNSW_HYBRID,"[0.00,0.05)",11.340458,1.0,1
499,IVFFLAT_HYBRID,"[0.00,0.05)",10.668709,1.0,1
499,SQL_FIRST,"[0.00,0.05)",10.5975,1.0,2
499,VECTOR_FIRST_HNSW,"[0.00,0.05)",23.002416,0.3,2
499,HNSW_HYBRID,"[0.00,0.05)",10.919291,1.0,2
499,IVFFLAT_HYBRID,"[0.00,0.05)",10.843584,1.0,2
499,SQL_FIRST,"[0.00,0.05)",10.772125,1.0,3
499,VECTOR_FIRST_HNSW,"[0.00,0.05)",23.6015,0.3,3
499,HNSW_HYBRID,"[0.00,0.05)",11.006709,1.0,3
499,IVFFLAT_HYBRID,"[0.00,0.05)",10.381208,1.0,3
499,SQL_FIRST,"[0.00,0.05)",10.7865,1.0,4
499,VECTOR_FIRST_HNSW,"[0.00,0.05)",22.975333,0.3,4
499,HNSW_HYBRID,"[0.00,0.05)",11.141542,1.0,4
499,IVFFLAT_HYBRID,"[0.00,0.05)",10.696292,1.0,4
