query_id,strategy,bucket,latency_ms,recall_at_10,repetition
0,SQL_FIRST,"[0.00,0.05)",7.749333,1.0,0
0,VECTOR_FIRST_HNSW,"[0.00,0.05)",23.47225,0.3,0
0,HNSW_HYBRID,"[0.00,0.05)",8.478292,1.0,0
0,IVFFLAT_HYBRID,"[0.00,0.05)",7.695542,1.0,0
0,SQL_FIRST,"[0.00,0.05)",8.172042,1.0,1
0,VECTOR_FIRST_HNSW,"[0.00,0.05)",23.6795,0.3,1
0,HNSW_HYBRID,"[0.00,0.05)",8.6015,1.0,1
0,IVFFLAT_HYBRID,"[0.00,0.05)",7.771541,1.0,1
0,SQL_FIRST,"[0.00,0.05)",8.018292,1.0,2
0,VECTOR_FIRST_HNSW,"[0.00,0.05)",23.196791,0.3,2
0,HNSW_HYBRID,"[0.00,0.05)",8.412375,1.0,2
0,IVFFLAT_HYBRID,"[0.00,0.05)",7.642125,1.0,2
0,SQL_FIRST,"[0.00,0.05)",7.815666,1.0,3
0,VECTOR_FIRST_HNSW,"[0.00,0.05)",23.085542,0.3,3
0,HNSW_HYBRID,"[0.00,0.05)",8.550666,1.0,3
0,IVFFLAT_HYBRID,"[0.00,0.05)",7.833042,1.0,3
0,SQL_FIRST,"[0.00,0.05)",7.833542,1.0,4
0,VECTOR_FIRST_HNSW,"[0.00,0.05)",23.002417,0.3,4
0,HNSW_HYBRID,"[0.00,0.05)",8.500458,1.0,4
0,IVFFLAT_HYBRID,"[0.00,0.05)",7.820334,1.0,4
1,SQL_FIRST,"[0.00,0.05)",8.988125,1.0,0
1,VECTOR_FIRST_HNSW,"[0.00,0.05)",22.995083,0.4,0
1,HNSW_HYBRID,"[0.00,0.05)",9.397625,1.0,0
1,IVFFLAT_HYBRID,"[0.00,0.05)",8.811917,1.0,0
1,SQL_FIRST,"[0.00,0.05)",9.371625,1.0,1
1,VECTOR_FIRST_HNSW,"[0.00,0.05)",23.016917,0.4,1
1,HNSW_HYBRID,"[0.00,0.05)",9.3975,1.0,1
1,IVFFLAT_HYBRID,"[0.00,0.05)",8.979917,1.0,1
1,SQL_FIRST,"[0.00,0.05)",8.655166,1.0,2
1,VECTOR_FIRST_HNSW,"[0.00,0.05)",22.956083,0.4,2
1,HNSW_HYBRID,"[0.00,0.05)",9.329708,1.0,2
1,IVFFLAT_HYBRID,"[0.00,0.05)",9.095167,1.0,2
1,SQL_FIRST,"[0.00,0.05)",8.900875,1.0,3
1,VECTOR_FIRST_HNSW,"[0.00,0.05)",24.034875,0.4,3
1,HNSW_HYBRID,"[0.00,0.05)",9.333792,1.0,3
1,IVFFLAT_HYBRID,"[0.00,0.05)",8.690958,1.0,3
1,SQL_FIRST,"[0.00,0.05)",8.391375,1.0,4
1,VECTOR_FIRST_HNSW,"[0.00,0.05)",23.006958,0.4,4
1,HNSW_HYBRID,"[0.00,0.05)",9.314167,1.0,4
1,IVFFLAT_HYBRID,"[0.00,0.05)",9.322042,1.0,4
3,SQL_FIRST,"[0.00,0.05)",5.385541,1.0,0
3,VECTOR_FIRST_HNSW,"[0.00,0.05)",23.17575,0.0,0
3,HNSW_HYBRID,"[0.00,0.05)",5.76725,1.0,0
3,IVFFLAT_HYBRID,"[0.00,0.05)",5.4645,1.0,0
3,SQL_FIRST,"[0.00,0.05)",5.247375,1.0,1
3,VECTOR_FIRST_HNSW,"[0.00,0.05)",23.269917,0.0,1
3,HNSW_HYBRID,"[0.00,0.05)",5.678667,1.0,1
3,IVFFLAT_HYBRID,"[0.00,0.05)",5.175167,1.0,1
3,SQL_FIRST,"[0.00,0.05)",5.328208,1.0,2
3,VECTOR_FIRST_HNSW,"[0.00,0.05)",22.915125,0.0,2
3,HNSW_HYBRID,"[0.00,0.05)",5.843084,1.0,2
3,IVFFLAT_HYBRID,"[0.00,0.05)",5.287375,1.0,2
3,SQL_FIRST,"[0.00,0.05)",5.131875,1.0,3
3,VECTOR_FIRST_HNSW,"[0.00,0.05)",22.948,0.0,3
3,HNSW_HYBRID,"[0.00,0.05)",5.719084,1.0,3
3,IVFFLAT_HYBRID,"[0.00,0.05)",5.133875,1.0,3
3,SQL_FIRST,"[0.00,0.05)",5.205833,1.0,4
3,VECTOR_FIRST_HNSW,"[0.00,0.05)",22.879167,0.0,4
3,HNSW_HYBRID,"[0.00,0.05)",5.768125,1.0,4
3,IVFFLAT_HYBRID,"[0.00,0.05)",5.207625,1.0,4
6,SQL_FIRST,"[0.00,0.05)",6.750917,1.0,0
6,VECTOR_FIRST_HNSW,"[0.00,0.05)",22.932041,0.2,0
6,HNSW_HYBRID,"[0.00,0.05)",7.272458,1.0,0
6,IVFFLAT_HYBRID,"[0.00,0.05)",6.539125,1.0,0
6,SQL_FIRST,"[0.00,0.05)",6.556292,1.0,1
6,VECTOR_FIRST_HNSW,"[0.00,0.05)",22.946084,0.2,1
6,HNSW_HYBRID,"[0.00,0.05)",7.310083,1.0,1
6,IVFFLAT_HYBRID,"[0.00,0.05)",6.562208,1.0,1
6,SQL_FIRST,"[0.00,0.05)",6.587625,1.0,2
6,VECTOR_FIRST_HNSW,"[0.00,0.05)",23.082042,0.2,2
6,HNSW_HYBRID,"[0.00,0.05)",7.28725,1.0,2
6,IVFFLAT_HYBRID,"[0.00,0.05)",6.84325,1.0,2
6,SQL_FIRST,"[0.00,0.05)",6.5175,1.0,3
6,VECTOR_FIRST_HNSW,"[0.00,0.05)",23.445334,0.2,3
6,HNSW_HYBRID,"[0.00,0.05)",7.25725,1.0,3
6,IVFFLAT_HYBRID,"[0.00,0.05)",6.668208,1.0,3
6,SQL_FIRST,"[0.00,0.05)",6.454125,1.0,4
6,VECTOR_FIRST_HNSW,"[0.00,0.05)",22.979708,0.2,4
6,HNSW_HYBRID,"[0.00,0.05)",7.262875,1.0,4
6,IVFFLAT_HYBRID,"[0.00,0.05)",6.528917,1.0,4
7,SQL_FIRST,"[0.00,0.05)",8.091625,1.0,0
7,VECTOR_FIRST_HNSW,"[0.00,0.05)",24.383584,0.3,0
7,HNSW_HYBRID,"[0.00,0.05)",8.22575,1.0,0
7,IVFFLAT_HYBRID,"[0.00,0.05)",7.65775,1.0,0
7,SQL_FIRST,"[0.00,0.05)",7.795709,1.0,1
7,VECTOR_FIRST_HNSW,"[0.00,0.05)",22.990958,0.3,1
7,HNSW_HYBRID,"[0.00,0.05)",8.244833,1.0,1
7,IVFFLAT_HYBRID,"[0.00,0.05)",7.569583,1.0,1
7,SQL_FIRST,"[0.00,0.05)",7.567459,1.0,2
7,VECTOR_FIRST_HNSW,"[0.00,0.05)",23.251083,0.3,2
7,HNSW_HYBRID,"[0.00,0.05)",8.18025,1.0,2
7,IVFFLAT_HYBRID,"[0.00,0.05)",7.458458,1.0,2
7,SQL_FIRST,"[0.00,0.05)",7.504625,1.0,3
7,VECTOR_FIRST_HNSW,"[0.00,0.05)",23.127625,0.3,3
7,HNSW_HYBRID,"[0.00,0.05)",7.94175,1.0,3
7,IVFFLAT_HYBRID,"[0.00,0.05)",7.668959,1.0,3
7,SQL_FIRST,"[0.00,0.05)",7.379959,1.0,4
7,VECTOR_FIRST_HNSW,"[0.00,0.05)",22.936375,0.3,4
7,HNSW_HYBRID,"[0.00,0.05)",8.136916,1.0,4
7,IVFFLAT_HYBRID,"[0.00,0.05)",7.468375,1.0,4
8,SQL_FIRST,"[0.00,0.05)",4.669,1.0,0
8,VECTOR_FIRST_HNSW,"[0.00,0.05)",22.938459,0.0,0
8,HNSW_HYBRID,"[0.00,0.05)",5.174625,1.0,0
8,IVFFLAT_HYBRID,"[0.00,0.05)",4.640542,1.0,0
8,SQL_FIRST,"[0.00,0.05)",4.714792,1.0,1
8,VECTOR_FIRST_HNSW,"[0.00,0.05)",22.888708,0.0,1
8,HNSW_HYBRID,"[0.00,0.05)",5.202542,1.0,1
8,IVFFLAT_HYBRID,"[0.00,0.05)",4.674167,1.0,1
8,SQL_FIRST,"[0.00,0.05)",4.571,1.0,2
8,VECTOR_FIRST_HNSW,"[0.00,0.05)",22.798583,0.0,2
8,HNSW_HYBRID,"[0.00,0.05)",5.060417,1.0,2
8,IVFFLAT_HYBRID,"[0.00,0.05)",4.613416,1.0,2
8,SQL_FIRST,"[0.00,0.05)",4.644875,1.0,3
8,VECTOR_FIRST_HNSW,"[0.00,0.05)",22.9535,0.0,3
8,HNSW_HYBRID,"[0.00,0.05)",5.040333,1.0,3
8,IVFFLAT_HYBRID,"[0.00,0.05)",4.613833,1.0,3
8,SQL_FIRST,"[0.00,0.05)",4.552584,1.0,4
8,VECTOR_FIRST_HNSW,"[0.00,0.05)",22.875542,0.0,4
8,HNSW_HYBRID,"[0.00,0.05)",5.189667,1.0,4
8,IVFFLAT_HYBRID,"[0.00,0.05)",4.598708,1.0,4
9,SQL_FIRST,"[0.00,0.05)",9.305583,1.0,0
9,VECTOR_FIRST_HNSW,"[0.00,0.05)",23.020666,0.6,0
9,HNSW_HYBRID,"[0.00,0.05)",9.641709,1.0,0
9,IVFFLAT_HYBRID,"[0.00,0.05)",8.988167,1.0,0
9,SQL_FIRST,"[0.00,0.05)",9.310084,1.0,1
9,VECTOR_FIRST_HNSW,"[0.00,0.05)",22.880417,0.6,1
9,HNSW_HYBRID,"[0.00,0.05)",9.5885,1.0,1
9,IVFFLAT_HYBRID,"[0.00,0.05)",8.760083,1.0,1
9,SQL_FIRST,"[0.00,0.05)",8.77375,1.0,2
9,VECTOR_FIRST_HNSW,"[0.00,0.05)",22.967875,0.6,2
9,HNSW_HYBRID,"[0.00,0.05)",9.306,1.0,2
9,IVFFLAT_HYBRID,"[0.00,0.05)",8.801917,1.0,2
9,SQL_FIRST,"[0.00,0.05)",8.968125,1.0,3
9,VECTOR_FIRST_HNSW,"[0.00,0.05)",23.275792,0.6,3
9,HNSW_HYBRID,"[0.00,0.05)",9.31425,1.0,3
9,IVFFLAT_HYBRID,"[0.00,0.05)",9.069042,1.0,3
9,SQL_FIRST,"[0.00,0.05)",8.837791,1.0,4
9,VECTOR_FIRST_HNSW,"[0.00,0.05)",22.888125,0.6,4
9,HNSW_HYBRID,"[0.00,0.05)",9.291708,1.0,4
9,IVFFLAT_HYBRID,"[0.00,0.05)",9.231375,1.0,4
10,SQL_FIRST,"[0.00,0.05)",9.879417,1.0,0
10,VECTOR_FIRST_HNSW,"[0.00,0.05)",22.873166,0.4,0
10,HNSW_HYBRID,"[0.00,0.05)",10.253834,1.0,0
10,IVFFLAT_HYBRID,"[0.00,0.05)",9.398208,1.0,0
10,SQL_FIRST,"[0.00,0.05)",9.677791,1.0,1
10,VECTOR_FIRST_HNSW,"[0.00,0.05)",24.203333,0.4,1
10,HNSW_HYBRID,"[0.00,0.05)",10.113667,1.0,1
10,IVFFLAT_HYBRID,"[0.00,0.05)",10.029916,1.0,1
10,SQL_FIRST,"[0.00,0.05)",9.563541,1.0,2
10,VECTOR_FIRST_HNSW,"[0.00,0.05)",23.12325,0.4,2
10,HNSW_HYBRID,"[0.00,0.05)",9.98575,1.0,2
10,IVFFLAT_HYBRID,"[0.00,0.05)",9.649375,1.0,2
10,SQL_FIRST,"[0.00,0.05)",9.674875,1.0,3
10,VECTOR_FIRST_HNSW,"[0.00,0.05)",23.114958,0.4,3
10,HNSW_HYBRID,"[0.00,0.05)",9.908334,1.0,3
10,IVFFLAT_HYBRID,"[0.00,0.05)",10.048583,1.0,3
10,SQL_FIRST,"[0.00,0.05)",9.99675,1.0,4
10,VECTOR_FIRST_HNSW,"[0.00,0.05)",25.071375,0.4,4
10,HNSW_HYBRID,"[0.00,0.05)",9.891125,1.0,4
10,IVFFLAT_HYBRID,"[0.00,0.05)",9.758875,1.0,4
12,SQL_FIRST,"[0.00,0.05)",7.1685,1.0,0
12,VECTOR_FIRST_HNSW,"[0.00,0.05)",22.922334,0.4,0
12,HNSW_HYBRID,"[0.00,0.05)",7.914459,1.0,0
12,IVFFLAT_HYBRID,"[0.00,0.05)",7.07625,1.0,0
12,SQL_FIRST,"[0.00,0.05)",7.420542,1.0,1
12,VECTOR_FIRST_HNSW,"[0.00,0.05)",22.919333,0.4,1
12,HNSW_HYBRID,"[0.00,0.05)",8.086416,1.0,1
12,IVFFLAT_HYBRID,"[0.00,0.05)",7.299458,1.0,1
12,SQL_FIRST,"[0.00,0.05)",7.273584,1.0,2
12,VECTOR_FIRST_HNSW,"[0.00,0.05)",23.067917,0.4,2
12,HNSW_HYBRID,"[0.00,0.05)",7.999875,1.0,2
12,IVFFLAT_HYBRID,"[0.00,0.05)",7.185625,1.0,2
12,SQL_FIRST,"[0.00,0.05)",7.31825,1.0,3
12,VECTOR_FIRST_HNSW,"[0.00,0.05)",22.896959,0.4,3
12,HNSW_HYBRID,"[0.00,0.05)",7.945792,1.0,3
12,IVFFLAT_HYBRID,"[0.00,0.05)",7.37025,1.0,3
12,SQL_FIRST,"[0.00,0.05)",7.210917,1.0,4
12,VECTOR_FIRST_HNSW,"[0.00,0.05)",23.012375,0.4,4
12,HNSW_HYBRID,"[0.00,0.05)",7.914917,1.0,4
12,IVFFLAT_HYBRID,"[0.00,0.05)",7.329791,1.0,4
13,SQL_FIRST,"[0.00,0.05)",10.1795,1.0,0
13,VECTOR_FIRST_HNSW,"[0.00,0.05)",23.2555,0.3,0
13,HNSW_HYBRID,"[0.00,0.05)",10.631459,1.0,0
13,IVFFLAT_HYBRID,"[0.00,0.05)",10.394917,1.0,0
13,SQL_FIRST,"[0.00,0.05)",10.117333,1.0,1
13,VECTOR_FIRST_HNSW,"[0.00,0.05)",23.106,0.3,1
13,HNSW_HYBRID,"[0.00,0.05)",10.775167,1.0,1
13,IVFFLAT_HYBRID,"[0.00,0.05)",10.001916,1.0,1
13,SQL_FIRST,"[0.00,0.05)",10.285458,1.0,2
13,VECTOR_FIRST_HNSW,"[0.00,0.05)",23.890458,0.3,2
13,HNSW_HYBRID,"[0.00,0.05)",10.883666,1.0,2
13,IVFFLAT_HYBRID,"[0.00,0.05)",10.727667,1.0,2
13,SQL_FIRST,"[0.00,0.05)",10.329292,1.0,3
13,VECTOR_FIRST_HNSW,"[0.00,0.05)",22.964125,0.3,3
13,HNSW_HYBRID,"[0.00,0.05)",10.598042,1.0,3
13,IVFFLAT_HYBRID,"[0.00,0.05)",10.497542,1.0,3
13,SQL_FIRST,"[0.00,0.05)",10.13175,1.0,4
13,VECTOR_FIRST_HNSW,"[0.00,0.05)",23.104708,0.3,4
13,HNSW_HYBRID,"[0.00,0.05)",10.682166,1.0,4
13,IVFFLAT_HYBRID,"[0.00,0.05)",10.141167,1.0,4
16,SQL_FIRST,"[0.00,0.05)",10.645917,1.0,0
16,VECTOR_FIRST_HNSW,"[0.00,0.05)",22.942958,0.3,0
16,HNSW_HYBRID,"[0.00,0.05)",11.206166,1.0,0
16,IVFFLAT_HYBRID,"[0.00,0.05)",10.568208,1.0,0
16,SQL_FIRST,"[0.00,0.05)",10.677958,1.0,1
16,VECTOR_FIRST_HNSW,"[0.00,0.05)",22.969667,0.3,1
16,HNSW_HYBRID,"[0.00,0.05)",11.00475,1.0,1
16,IVFFLAT_HYBRID,"[0.00,0.05)",10.66325,1.0,1
16,SQL_FIRST,"[0.00,0.05)",10.589292,1.0,2
16,VECTOR_FIRST_HNSW,"[0.00,0.05)",23.007083,0.3,2
16,HNSW_HYBRID,"[0.00,0.05)",11.068667,1.0,2
16,IVFFLAT_HYBRID,"[0.00,0.05)",10.728041,1.0,2
16,SQL_FIRST,"[0.00,0.05)",11.025792,1.0,3
16,VECTOR_FIRST_HNSW,"[0.00,0.05)",22.826792,0.3,3
16,HNSW_HYBRID,"[0.00,0.05)",11.37925,1.0,3
16,IVFFLAT_HYBRID,"[0.00,0.05)",11.248833,1.0,3
16,SQL_FIRST,"[0.00,0.05)",10.535,1.0,4
16,VECTOR_FIRST_HNSW,"[0.00,0.05)",23.046667,0.3,4
16,HNSW_HYBRID,"[0.00,0.05)",11.017375,1.0,4
16,IVFFLAT_HYBRID,"[0.00,0.05)",10.708916,1.0,4
18,SQL_FIRST,"[0.00,0.05)",9.891875,1.0,0
18,VECTOR_FIRST_HNSW,"[0.00,0.05)",23.365833,0.3,0
18,HNSW_HYBRID,"[0.00,0.05)",10.162375,1.0,0
18,IVFFLAT_HYBRID,"[0.00,0.05)",9.661208,1.0,0
18,SQL_FIRST,"[0.00,0.05)",9.482834,1.0,1
18,VECTOR_FIRST_HNSW,"[0.00,0.05)",22.994417,0.3,1
18,HNSW_HYBRID,"[0.00,0.05)",10.214875,1.0,1
18,IVFFLAT_HYBRID,"[0.00,0.05)",9.789459,1.0,1
18,SQL_FIRST,"[0.00,0.05)",9.644167,1.0,2
18,VECTOR_FIRST_HNSW,"[0.00,0.05)",23.044167,0.3,2
18,HNSW_HYBRID,"[0.00,0.05)",10.263916,1.0,2
18,IVFFLAT_HYBRID,"[0.00,0.05)",9.600375,1.0,2
18,SQL_FIRST,"[0.00,0.05)",9.889583,1.0,3
18,VECTOR_FIRST_HNSW,"[0.00,0.05)",22.889291,0.3,3
18,HNSW_HYBRID,"[0.00,0.05)",10.250708,1.0,3
18,IVFFLAT_HYBRID,"[0.00,0.05)",9.741375,1.0,3
18,SQL_FIRST,"[0.00,0.05)",9.651375,1.0,4
18,VECTOR_FIRST_HNSW,"[0.00,0.05)",22.939417,0.3,4
18,HNSW_HYBRID,"[0.00,0.05)",10.162125,1.0,4
18,IVFFLAT_HYBRID,"[0.00,0.05)",10.025625,1.0,4
20,SQL_FIRST,"[0.00,0.05)",10.914291,1.0,0
20,VECTOR_FIRST_HNSW,"[0.00,0.05)",22.93025,0.3,0
20,HNSW_HYBRID,"[0.00,0.05)",11.220916,1.0,0
20,IVFFLAT_HYBRID,"[0.00,0.05)",10.794875,1.0,0
20,SQL_FIRST,"[0.00,0.05)",10.864542,1.0,1
20,VECTOR_FIRST_HNSW,"[0.00,0.05)",23.617917,0.3,1
20,HNSW_HYBRID,"[0.00,0.05)",11.463208,1.0,1
20,IVFFLAT_HYBRID,"[0.00,0.05)",10.809667,1.0,1
20,SQL_FIRST,"[0.00,0.05)",10.860167,1.0,2
20,VECTOR_FIRST_HNSW,"[0.00,0.05)",23.027583,0.3,2
20,HNSW_HYBRID,"[0.00,0.05)",11.09,1.0,2
20,IVFFLAT_HYBRID,"[0.00,0.05)",11.483666,1.0,2
20,SQL_FIRST,"[0.00,0.05)",11.379958,1.0,3
20,VECTOR_FIRST_HNSW,"[0.00,0.05)",23.074292,0.3,3
20,HNSW_HYBRID,"[0.00,0.05)",11.311375,1.0,3
20,IVFFLAT_HYBRID,"[0.00,0.05)",10.999167,1.0,3
20,SQL_FIRST,"[0.00,0.05)",10.951917,1.0,4
20,VECTOR_FIRST_HNSW,"[0.00,0.05)",22.984083,0.3,4
20,HNSW_HYBRID,"[0.00,0.05)",11.238917,1.0,4
20,IVFFLAT_HYBRID,"[0.00,0.05)",10.804542,1.0,4
21,SQL_FIRST,"[0.00,0.05)",9.283667,1.0,0
21,VECTOR_FIRST_HNSW,"[0.00,0.05)",23.062459,0.6,0
21,HNSW_HYBRID,"[0.00,0.05)",9.663584,1.0,0
21,IVFFLAT_HYBRID,"[0.00,0.05)",9.174208,1.0,0
21,SQL_FIRST,"[0.00,0.05)",10.099167,1.0,1
21,VECTOR_FIRST_HNSW,"[0.00,0.05)",23.481042,0.6,1
21,HNSW_HYBRID,"[0.00,0.05)",9.753667,1.0,1
21,IVFFLAT_HYBRID,"[0.00,0.05)",9.4095,1.0,1
21,SQL_FIRST,"[0.00,0.05)",9.223792,1.0,2
21,VECTOR_FIRST_HNSW,"[0.00,0.05)",23.116458,0.6,2
21,HNSW_HYBRID,"[0.00,0.05)",9.5255,1.0,2
21,IVFFLAT_HYBRID,"[0.00,0.05)",9.639166,1.0,2
21,SQL_FIRST,"[0.00,0.05)",9.482958,1.0,3
21,VECTOR_FIRST_HNSW,"[0.00,0.05)",25.245167,0.6,3
21,HNSW_HYBRID,"[0.00,0.05)",10.599292,1.0,3
21,IVFFLAT_HYBRID,"[0.00,0.05)",13.636833,1.0,3
21,SQL_FIRST,"[0.00,0.05)",10.468125,1.0,4
21,VECTOR_FIRST_HNSW,"[0.00,0.05)",25.248167,0.6,4
21,HNSW_HYBRID,"[0.00,0.05)",9.732333,1.0,4
21,IVFFLAT_HYBRID,"[0.00,0.05)",9.341208,1.0,4
24,SQL_FIRST,"[0.00,0.05)",9.686333,1.0,0
24,VECTOR_FIRST_HNSW,"[0.00,0.05)",23.152708,0.4,0
24,HNSW_HYBRID,"[0.00,0.05)",9.624041,1.0,0
24,IVFFLAT_HYBRID,"[0.00,0.05)",9.571625,1.0,0
24,SQL_FIRST,"[0.00,0.05)",10.011041,1.0,1
24,VECTOR_FIRST_HNSW,"[0.00,0.05)",23.10625,0.4,1
24,HNSW_HYBRID,"[0.00,0.05)",9.6525,1.0,1
24,IVFFLAT_HYBRID,"[0.00,0.05)",9.256917,1.0,1
24,SQL_FIRST,"[0.00,0.05)",9.072625,1.0,2
24,VECTOR_FIRST_HNSW,"[0.00,0.05)",23.001583,0.4,2
24,HNSW_HYBRID,"[0.00,0.05)",9.500667,1.0,2
24,IVFFLAT_HYBRID,"[0.00,0.05)",9.69725,1.0,2
24,SQL_FIRST,"[0.00,0.05)",9.047167,1.0,3
24,VECTOR_FIRST_HNSW,"[0.00,0.05)",23.074042,0.4,3
24,HNSW_HYBRID,"[0.00,0.05)",9.549125,1.0,3
24,IVFFLAT_HYBRID,"[0.00,0.05)",9.207958,1.0,3
24,SQL_FIRST,"[0.00,0.05)",9.216917,1.0,4
24,VECTOR_FIRST_HNSW,"[0.00,0.05)",22.997083,0.4,4
24,HNSW_HYBRID,"[0.00,0.05)",9.657292,1.0,4
24,IVFFLAT_HYBRID,"[0.00,0.05)",9.353,1.0,4
29,SQL_FIRST,"[0.00,0.05)",8.490167,1.0,0
29,VECTOR_FIRST_HNSW,"[0.00,0.05)",23.048708,0.3,0
29,HNSW_HYBRID,"[0.00,0.05)",9.02325,1.0,0
29,IVFFLAT_HYBRID,"[0.00,0.05)",8.103333,1.0,0
29,SQL_FIRST,"[0.00,0.05)",8.179041,1.0,1
29,VECTOR_FIRST_HNSW,"[0.00,0.05)",23.066042,0.3,1
29,HNSW_HYBRID,"[0.00,0.05)",8.788083,1.0,1
29,IVFFLAT_HYBRID,"[0.00,0.05)",8.007833,1.0,1
29,SQL_FIRST,"[0.00,0.05)",8.342625,1.0,2
29,VECTOR_FIRST_HNSW,"[0.00,0.05)",22.843584,0.3,2
29,HNSW_HYBRID,"[0.00,0.05)",9.024208,1.0,2
29,IVFFLAT_HYBRID,"[0.00,0.05)",8.048875,1.0,2
29,SQL_FIRST,"[0.00,0.05)",8.013959,1.0,3
29,VECTOR_FIRST_HNSW,"[0.00,0.05)",22.933917,0.3,3
29,HNSW_HYBRID,"[0.00,0.05)",8.712916,1.0,3
29,IVFFLAT_HYBRID,"[0.00,0.05)",8.046125,1.0,3
29,SQL_FIRST,"[0.00,0.05)",8.472959,1.0,4
29,VECTOR_FIRST_HNSW,"[0.00,0.05)",23.040917,0.3,4
29,HNSW_HYBRID,"[0.00,0.05)",8.91225,1.0,4
29,IVFFLAT_HYBRID,"[0.00,0.05)",8.77125,1.0,4
32,SQL_FIRST,"[0.00,0.05)",4.213083,1.0,0
32,VECTOR_FIRST_HNSW,"[0.00,0.05)",22.956792,0.0,0
32,HNSW_HYBRID,"[0.00,0.05)",4.815542,1.0,0
32,IVFFLAT_HYBRID,"[0.00,0.05)",4.268291,1.0,0
32,SQL_FIRST,"[0.00,0.05)",4.260208,1.0,1
32,VECTOR_FIRST_HNSW,"[0.00,0.05)",22.927958,0.0,1
32,HNSW_HYBRID,"[0.00,0.05)",4.800042,1.0,1
32,IVFFLAT_HYBRID,"[0.00,0.05)",4.328666,1.0,1
32,SQL_FIRST,"[0.00,0.05)",4.36075,1.0,2
32,VECTOR_FIRST_HNSW,"[0.00,0.05)",22.913,0.0,2
32,HNSW_HYBRID,"[0.00,0.05)",4.780208,1.0,2
32,IVFFLAT_HYBRID,"[0.00,0.05)",4.424334,1.0,2
32,SQL_FIRST,"[0.00,0.05)",4.378125,1.0,3
32,VECTOR_FIRST_HNSW,"[0.00,0.05)",22.967083,0.0,3
32,HNSW_HYBRID,"[0.00,0.05)",4.872167,1.0,3
32,IVFFLAT_HYBRID,"[0.00,0.05)",4.390291,1.0,3
32,SQL_FIRST,"[0.00,0.05)",4.324375,1.0,4
32,VECTOR_FIRST_HNSW,"[0.00,0.05)",22.981,0.0,4
32,HNSW_HYBRID,"[0.00,0.05)",4.765459,1.0,4
32,IVFFLAT_HYBRID,"[0.00,0.05)",4.350083,1.0,4
36,SQL_FIRST,"[0.00,0.05)",6.508083,1.0,0
36,VECTOR_FIRST_HNSW,"[0.00,0.05)",23.012792,0.0,0
36,HNSW_HYBRID,"[0.00,0.05)",7.248583,1.0,0
36,IVFFLAT_HYBRID,"[0.00,0.05)",7.018292,1.0,0
36,SQL_FIRST,"[0.00,0.05)",6.640458,1.0,1
36,VECTOR_FIRST_HNSW,"[0.00,0.05)",22.937917,0.0,1
36,HNSW_HYBRID,"[0.00,0.05)",7.391209,1.0,1
36,IVFFLAT_HYBRID,"[0.00,0.05)",6.643958,1.0,1
36,SQL_FIRST,"[0.00,0.05)",6.607167,1.0,2
36,VECTOR_FIRST_HNSW,"[0.00,0.05)",22.971625,0.0,2
36,HNSW_HYBRID,"[0.00,0.05)",7.277792,1.0,2
36,IVFFLAT_HYBRID,"[0.00,0.05)",6.51625,1.0,2
36,SQL_FIRST,"[0.00,0.05)",6.6665,1.0,3
36,VECTOR_FIRST_HNSW,"[0.00,0.05)",23.715208,0.0,3
36,HNSW_HYBRID,"[0.00,0.05)",7.323625,1.0,3
36,IVFFLAT_HYBRID,"[0.00,0.05)",6.800167,1.0,3
36,SQL_FIRST,"[0.00,0.05)",6.459334,1.0,4
36,VECTOR_FIRST_HNSW,"[0.00,0.05)",23.008417,0.0,4
36,HNSW_HYBRID,"[0.00,0.05)",7.342209,1.0,4
36,IVFFLAT_HYBRID,"[0.00,0.05)",6.652167,1.0,4
38,SQL_FIRST,"[0.00,0.05)",7.28675,1.0,0
38,VECTOR_FIRST_HNSW,"[0.00,0.05)",23.501708,0.1,0
38,HNSW_HYBRID,"[0.00,0.05)",7.983458,1.0,0
38,IVFFLAT_HYBRID,"[0.00,0.05)",7.631625,1.0,0
38,SQL_FIRST,"[0.00,0.05)",7.446792,1.0,1
38,VECTOR_FIRST_HNSW,"[0.00,0.05)",23.033292,0.1,1
38,HNSW_HYBRID,"[0.00,0.05)",7.93975,1.0,1
38,IVFFLAT_HYBRID,"[0.00,0.05)",7.073083,1.0,1
38,SQL_FIRST,"[0.00,0.05)",7.612709,1.0,2
38,VECTOR_FIRST_HNSW,"[0.00,0.05)",22.959667,0.1,2
38,HNSW_HYBRID,"[0.00,0.05)",8.221292,1.0,2
38,IVFFLAT_HYBRID,"[0.00,0.05)",7.310167,1.0,2
38,SQL_FIRST,"[0.00,0.05)",7.254667,1.0,3
38,VECTOR_FIRST_HNSW,"[0.00,0.05)",22.875375,0.1,3
38,HNSW_HYBRID,"[0.00,0.05)",7.984958,1.0,3
38,IVFFLAT_HYBRID,"[0.00,0.05)",7.237042,1.0,3
38,SQL_FIRST,"[0.00,0.05)",7.465917,1.0,4
38,VECTOR_FIRST_HNSW,"[0.00,0.05)",22.998375,0.1,4
38,HNSW_HYBRID,"[0.00,0.05)",7.940375,1.0,4
38,IVFFLAT_HYBRID,"[0.00,0.05)",7.536916,1.0,4
39,SQL_FIRST,"[0.00,0.05)",9.508709,1.0,0
39,VECTOR_FIRST_HNSW,"[0.00,0.05)",22.880917,0.5,0
39,HNSW_HYBRID,"[0.00,0.05)",9.851083,1.0,0
39,IVFFLAT_HYBRID,"[0.00,0.05)",9.377375,1.0,0
39,SQL_FIRST,"[0.00,0.05)",9.148,1.0,1
39,VECTOR_FIRST_HNSW,"[0.00,0.05)",22.942291,0.5,1
39,HNSW_HYBRID,"[0.00,0.05)",9.5945,1.0,1
39,IVFFLAT_HYBRID,"[0.00,0.05)",9.398834,1.0,1
39,SQL_FIRST,"[0.00,0.05)",9.489542,1.0,2
39,VECTOR_FIRST_HNSW,"[0.00,0.05)",22.915125,0.5,2
39,HNSW_HYBRID,"[0.00,0.05)",9.697125,1.0,2
39,IVFFLAT_HYBRID,"[0.00,0.05)",9.35875,1.0,2
39,SQL_FIRST,"[0.00,0.05)",9.117791,1.0,3
39,VECTOR_FIRST_HNSW,"[0.00,0.05)",22.958459,0.5,3
39,HNSW_HYBRID,"[0.00,0.05)",9.818583,1.0,3
39,IVFFLAT_HYBRID,"[0.00,0.05)",9.520666,1.0,3
39,SQL_FIRST,"[0.00,0.05)",9.700917,1.0,4
39,VECTOR_FIRST_HNSW,"[0.00,0.05)",23.0435,0.5,4
39,HNSW_HYBRID,"[0.00,0.05)",10.244792,1.0,4
39,IVFFLAT_HYBRID,"[0.00,0.05)",9.415292,1.0,4
41,SQL_FIRST,"[0.00,0.05)",6.386208,1.0,0
41,VECTOR_FIRST_HNSW,"[0.00,0.05)",23.007833,0.1,0
41,HNSW_HYBRID,"[0.00,0.05)",7.131792,1.0,0
41,IVFFLAT_HYBRID,"[0.00,0.05)",6.518208,1.0,0
41,SQL_FIRST,"[0.00,0.05)",6.337667,1.0,1
41,VECTOR_FIRST_HNSW,"[0.00,0.05)",23.132083,0.1,1
41,HNSW_HYBRID,"[0.00,0.05)",7.049917,1.0,1
41,IVFFLAT_HYBRID,"[0.00,0.05)",6.406209,1.0,1
41,SQL_FIRST,"[0.00,0.05)",6.618417,1.0,2
41,VECTOR_FIRST_HNSW,"[0.00,0.05)",22.908333,0.1,2
41,HNSW_HYBRID,"[0.00,0.05)",7.255833,1.0,2
41,IVFFLAT_HYBRID,"[0.00,0.05)",6.444542,1.0,2
41,SQL_FIRST,"[0.00,0.05)",6.416959,1.0,3
41,VECTOR_FIRST_HNSW,"[0.00,0.05)",22.894542,0.1,3
41,HNSW_HYBRID,"[0.00,0.05)",6.965209,1.0,3
41,IVFFLAT_HYBRID,"[0.00,0.05)",6.390375,1.0,3
41,SQL_FIRST,"[0.00,0.05)",6.340541,1.0,4
41,VECTOR_FIRST_HNSW,"[0.00,0.05)",22.932541,0.1,4
41,HNSW_HYBRID,"[0.00,0.05)",7.08975,1.0,4
41,IVFFLAT_HYBRID,"[0.00,0.05)",6.491125,1.0,4
43,SQL_FIRST,"[0.00,0.05)",10.044042,1.0,0
43,VECTOR_FIRST_HNSW,"[0.00,0.05)",22.923125,0.5,0
43,HNSW_HYBRID,"[0.00,0.05)",9.121458,1.0,0
43,IVFFLAT_HYBRID,"[0.00,0.05)",9.326708,1.0,0
43,SQL_FIRST,"[0.00,0.05)",8.786375,1.0,1
43,VECTOR_FIRST_HNSW,"[0.00,0.05)",23.038459,0.5,1
43,HNSW_HYBRID,"[0.00,0.05)",9.262209,1.0,1
43,IVFFLAT_HYBRID,"[0.00,0.05)",8.7725,1.0,1
43,SQL_FIRST,"[0.00,0.05)",8.837125,1.0,2
43,VECTOR_FIRST_HNSW,"[0.00,0.05)",23.049542,0.5,2
43,HNSW_HYBRID,"[0.00,0.05)",9.610542,1.0,2
43,IVFFLAT_HYBRID,"[0.00,0.05)",8.918167,1.0,2
43,SQL_FIRST,"[0.00,0.05)",9.227417,1.0,3
43,VECTOR_FIRST_HNSW,"[0.00,0.05)",22.940625,0.5,3
43,HNSW_HYBRID,"[0.00,0.05)",9.505292,1.0,3
43,IVFFLAT_HYBRID,"[0.00,0.05)",8.837625,1.0,3
43,SQL_FIRST,"[0.00,0.05)",9.117291,1.0,4
43,VECTOR_FIRST_HNSW,"[0.00,0.05)",22.897291,0.5,4
43,HNSW_HYBRID,"[0.00,0.05)",9.465333,1.0,4
43,IVFFLAT_HYBRID,"[0.00,0.05)",8.656083,1.0,4
44,SQL_FIRST,"[0.00,0.05)",9.446375,1.0,0
44,VECTOR_FIRST_HNSW,"[0.00,0.05)",22.998292,0.8,0
44,HNSW_HYBRID,"[0.00,0.05)",9.779792,1.0,0
44,IVFFLAT_HYBRID,"[0.00,0.05)",9.364,1.0,0
44,SQL_FIRST,"[0.00,0.05)",9.500333,1.0,1
44,VECTOR_FIRST_HNSW,"[0.00,0.05)",23.034459,0.8,1
44,HNSW_HYBRID,"[0.00,0.05)",9.935542,1.0,1
44,IVFFLAT_HYBRID,"[0.00,0.05)",9.307208,1.0,1
44,SQL_FIRST,"[0.00,0.05)",9.430708,1.0,2
44,VECTOR_FIRST_HNSW,"[0.00,0.05)",23.092666,0.8,2
44,HNSW_HYBRID,"[0.00,0.05)",9.866375,1.0,2
44,IVFFLAT_HYBRID,"[0.00,0.05)",9.344209,1.0,2
44,SQL_FIRST,"[0.00,0.05)",9.580541,1.0,3
44,VECTOR_FIRST_HNSW,"[0.00,0.05)",23.0215,0.8,3
44,HNSW_HYBRID,"[0.00,0.05)",9.881792,1.0,3
44,IVFFLAT_HYBRID,"[0.00,0.05)",9.51675,1.0,3
44,SQL_FIRST,"[0.00,0.05)",9.330208,1.0,4
44,VECTOR_FIRST_HNSW,"[0.00,0.05)",22.974417,0.8,4
44,HNSW_HYBRID,"[0.00,0.05)",9.641917,1.0,4
44,IVFFLAT_HYBRID,"[0.00,0.05)",9.813,1.0,4
45,SQL_FIRST,"[0.00,0.05)",9.079625,1.0,0
45,VECTOR_FIRST_HNSW,"[0.00,0.05)",22.911292,0.2,0
45,HNSW_HYBRID,"[0.00,0.05)",9.653417,1.0,0
45,IVFFLAT_HYBRID,"[0.00,0.05)",9.150584,1.0,0
45,SQL_FIRST,"[0.00,0.05)",8.928291,1.0,1
45,VECTOR_FIRST_HNSW,"[0.00,0.05)",23.014,0.2,1
45,HNSW_HYBRID,"[0.00,0.05)",9.53025,1.0,1
45,IVFFLAT_HYBRID,"[0.00,0.05)",8.862666,1.0,1
45,SQL_FIRST,"[0.00,0.05)",8.837459,1.0,2
45,VECTOR_FIRST_HNSW,"[0.00,0.05)",22.929917,0.2,2
45,HNSW_HYBRID,"[0.00,0.05)",9.361791,1.0,2
45,IVFFLAT_HYBRID,"[0.00,0.05)",8.67725,1.0,2
45,SQL_FIRST,"[0.00,0.05)",8.557291,1.0,3
45,VECTOR_FIRST_HNSW,"[0.00,0.05)",23.086833,0.2,3
45,HNSW_HYBRID,"[0.00,0.05)",9.257333,1.0,3
45,IVFFLAT_HYBRID,"[0.00,0.05)",8.842542,1.0,3
45,SQL_FIRST,"[0.00,0.05)",8.737459,1.0,4
45,VECTOR_FIRST_HNSW,"[0.00,0.05)",22.951958,0.2,4
45,HNSW_HYBRID,"[0.00,0.05)",9.341375,1.0,4
45,IVFFLAT_HYBRID,"[0.00,0.05)",8.687042,1.0,4
46,SQL_FIRST,"[0.00,0.05)",8.265208,1.0,0
46,VECTOR_FIRST_HNSW,"[0.00,0.05)",22.890083,0.1,0
46,HNSW_HYBRID,"[0.00,0.05)",8.936208,1.0,0
46,IVFFLAT_HYBRID,"[0.00,0.05)",9.015292,1.0,0
46,SQL_FIRST,"[0.00,0.05)",8.436334,1.0,1
46,VECTOR_FIRST_HNSW,"[0.00,0.05)",22.934334,0.1,1
46,HNSW_HYBRID,"[0.00,0.05)",8.944042,1.0,1
46,IVFFLAT_HYBRID,"[0.00,0.05)",8.515791,1.0,1
46,SQL_FIRST,"[0.00,0.05)",8.274834,1.0,2
46,VECTOR_FIRST_HNSW,"[0.00,0.05)",23.004333,0.1,2
46,HNSW_HYBRID,"[0.00,0.05)",8.850041,1.0,2
46,IVFFLAT_HYBRID,"[0.00,0.05)",8.721459,1.0,2
46,SQL_FIRST,"[0.00,0.05)",8.6335,1.0,3
46,VECTOR_FIRST_HNSW,"[0.00,0.05)",23.106125,0.1,3
46,HNSW_HYBRID,"[0.00,0.05)",8.959417,1.0,3
46,IVFFLAT_HYBRID,"[0.00,0.05)",8.528583,1.0,3
46,SQL_FIRST,"[0.00,0.05)",8.316125,1.0,4
46,VECTOR_FIRST_HNSW,"[0.00,0.05)",22.950833,0.1,4
46,HNSW_HYBRID,"[0.00,0.05)",8.9805,1.0,4
46,IVFFLAT_HYBRID,"[0.00,0.05)",8.309208,1.0,4
47,SQL_FIRST,"[0.00,0.05)",10.743958,1.0,0
47,VECTOR_FIRST_HNSW,"[0.00,0.05)",22.976875,0.3,0
47,HNSW_HYBRID,"[0.00,0.05)",11.034542,1.0,0
47,IVFFLAT_HYBRID,"[0.00,0.05)",10.763,1.0,0
47,SQL_FIRST,"[0.00,0.05)",10.597667,1.0,1
47,VECTOR_FIRST_HNSW,"[0.00,0.05)",22.994834,0.3,1
47,HNSW_HYBRID,"[0.00,0.05)",11.118084,1.0,1
47,IVFFLAT_HYBRID,"[0.00,0.05)",10.571125,1.0,1
47,SQL_FIRST,"[0.00,0.05)",10.788166,1.0,2
47,VECTOR_FIRST_HNSW,"[0.00,0.05)",22.908416,0.3,2
47,HNSW_HYBRID,"[0.00,0.05)",11.137458,1.0,2
47,IVFFLAT_HYBRID,"[0.00,0.05)",10.6735,1.0,2
47,SQL_FIRST,"[0.00,0.05)",10.795625,1.0,3
47,VECTOR_FIRST_HNSW,"[0.00,0.05)",22.9485,0.3,3
47,HNSW_HYBRID,"[0.00,0.05)",11.348708,1.0,3
47,IVFFLAT_HYBRID,"[0.00,0.05)",10.532083,1.0,3
47,SQL_FIRST,"[0.00,0.05)",10.648125,1.0,4
47,VECTOR_FIRST_HNSW,"[0.00,0.05)",23.144666,0.3,4
47,HNSW_HYBRID,"[0.00,0.05)",11.058625,1.0,4
47,IVFFLAT_HYBRID,"[0.00,0.05)",10.788541,1.0,4
50,SQL_FIRST,"[0.00,0.05)",9.489042,1.0,0
50,VECTOR_FIRST_HNSW,"[0.00,0.05)",22.95025,0.3,0
50,HNSW_HYBRID,"[0.00,0.05)",9.791709,1.0,0
50,IVFFLAT_HYBRID,"[0.00,0.05)",9.661167,1.0,0
50,SQL_FIRST,"[0.00,0.05)",9.537208,1.0,1
50,VECTOR_FIRST_HNSW,"[0.00,0.05)",23.110666,0.3,1
50,HNSW_HYBRID,"[0.00,0.05)",9.918792,1.0,1
50,IVFFLAT_HYBRID,"[0.00,0.05)",9.787959,1.0,1
50,SQL_FIRST,"[0.00,0.05)",9.71375,1.0,2
50,VECTOR_FIRST_HNSW,"[0.00,0.05)",23.918292,0.3,2
50,HNSW_HYBRID,"[0.00,0.05)",10.359792,1.0,2
50,IVFFLAT_HYBRID,"[0.00,0.05)",9.967833,1.0,2
50,SQL_FIRST,"[0.00,0.05)",9.746625,1.0,3
50,VECTOR_FIRST_HNSW,"[0.00,0.05)",23.985458,0.3,3
50,HNSW_HYBRID,"[0.00,0.05)",10.095708,1.0,3
50,IVFFLAT_HYBRID,"[0.00,0.05)",9.449458,1.0,3
50,SQL_FIRST,"[0.00,0.05)",9.561583,1.0,4
50,VECTOR_FIRST_HNSW,"[0.00,0.05)",23.147291,0.3,4
50,HNSW_HYBRID,"[0.00,0.05)",9.743334,1.0,4
50,IVFFLAT_HYBRID,"[0.00,0.05)",9.598083,1.0,4
52,SQL_FIRST,"[0.00,0.05)",6.6375,1.0,0
52,VECTOR_FIRST_HNSW,"[0.00,0.05)",23.164708,0.1,0
52,HNSW_HYBRID,"[0.00,0.05)",6.913583,1.0,0
52,IVFFLAT_HYBRID,"[0.00,0.05)",6.487208,1.0,0
52,SQL_FIRST,"[0.00,0.05)",6.345541,1.0,1
52,VECTOR_FIRST_HNSW,"[0.00,0.05)",23.349167,0.1,1
52,HNSW_HYBRID,"[0.00,0.05)",6.815083,1.0,1
52,IVFFLAT_HYBRID,"[0.00,0.05)",6.70825,1.0,1
52,SQL_FIRST,"[0.00,0.05)",6.579834,1.0,2
52,VECTOR_FIRST_HNSW,"[0.00,0.05)",23.213333,0.1,2
52,HNSW_HYBRID,"[0.00,0.05)",6.887833,1.0,2
52,IVFFLAT_HYBRID,"[0.00,0.05)",6.706917,1.0,2
52,SQL_FIRST,"[0.00,0.05)",6.274,1.0,3
52,VECTOR_FIRST_HNSW,"[0.00,0.05)",22.923875,0.1,3
52,HNSW_HYBRID,"[0.00,0.05)",6.834792,1.0,3
52,IVFFLAT_HYBRID,"[0.00,0.05)",6.186416,1.0,3
52,SQL_FIRST,"[0.00,0.05)",6.175333,1.0,4
52,VECTOR_FIRST_HNSW,"[0.00,0.05)",24.575709,0.1,4
52,HNSW_HYBRID,"[0.00,0.05)",6.822333,1.0,4
52,IVFFLAT_HYBRID,"[0.00,0.05)",6.3735,1.0,4
55,SQL_FIRST,"[0.00,0.05)",9.144459,1.0,0
55,VECTOR_FIRST_HNSW,"[0.00,0.05)",23.321583,0.4,0
55,HNSW_HYBRID,"[0.00,0.05)",9.601542,1.0,0
55,IVFFLAT_HYBRID,"[0.00,0.05)",9.016417,1.0,0
55,SQL_FIRST,"[0.00,0.05)",9.12875,1.0,1
55,VECTOR_FIRST_HNSW,"[0.00,0.05)",23.330083,0.4,1
55,HNSW_HYBRID,"[0.00,0.05)",9.91775,1.0,1
55,IVFFLAT_HYBRID,"[0.00,0.05)",9.377792,1.0,1
55,SQL_FIRST,"[0.00,0.05)",9.567792,1.0,2
55,VECTOR_FIRST_HNSW,"[0.00,0.05)",23.402,0.4,2
55,HNSW_HYBRID,"[0.00,0.05)",9.636625,1.0,2
55,IVFFLAT_HYBRID,"[0.00,0.05)",9.177791,1.0,2
55,SQL_FIRST,"[0.00,0.05)",9.124,1.0,3
55,VECTOR_FIRST_HNSW,"[0.00,0.05)",23.027709,0.4,3
55,HNSW_HYBRID,"[0.00,0.05)",9.448209,1.0,3
55,IVFFLAT_HYBRID,"[0.00,0.05)",9.597458,1.0,3
55,SQL_FIRST,"[0.00,0.05)",9.104125,1.0,4
55,VECTOR_FIRST_HNSW,"[0.00,0.05)",23.067875,0.4,4
55,HNSW_HYBRID,"[0.00,0.05)",9.506458,1.0,4
55,IVFFLAT_HYBRID,"[0.00,0.05)",9.13525,1.0,4
56,SQL_FIRST,"[0.00,0.05)",9.078542,1.0,0
56,VECTOR_FIRST_HNSW,"[0.00,0.05)",22.9435,0.3,0
56,HNSW_HYBRID,"[0.00,0.05)",9.397291,1.0,0
56,IVFFLAT_HYBRID,"[0.00,0.05)",8.826958,1.0,0
56,SQL_FIRST,"[0.00,0.05)",9.35725,1.0,1
56,VECTOR_FIRST_HNSW,"[0.00,0.05)",22.907625,0.3,1
56,HNSW_HYBRID,"[0.00,0.05)",9.675125,1.0,1
56,IVFFLAT_HYBRID,"[0.00,0.05)",9.026708,1.0,1
56,SQL_FIRST,"[0.00,0.05)",8.9705,1.0,2
56,VECTOR_FIRST_HNSW,"[0.00,0.05)",23.014667,0.3,2
56,HNSW_HYBRID,"[0.00,0.05)",9.452708,1.0,2
56,IVFFLAT_HYBRID,"[0.00,0.05)",9.329542,1.0,2
56,SQL_FIRST,"[0.00,0.05)",8.961041,1.0,3
56,VECTOR_FIRST_HNSW,"[0.00,0.05)",23.221291,0.3,3
56,HNSW_HYBRID,"[0.00,0.05)",9.438625,1.0,3
56,IVFFLAT_HYBRID,"[0.00,0.05)",8.860083,1.0,3
56,SQL_FIRST,"[0.00,0.05)",8.888375,1.0,4
56,VECTOR_FIRST_HNSW,"[0.00,0.05)",23.019917,0.3,4
56,HNSW_HYBRID,"[0.00,0.05)",9.466791,1.0,4
56,IVFFLAT_HYBRID,"[0.00,0.05)",9.115542,1.0,4
58,SQL_FIRST,"[0.00,0.05)",8.534,1.0,0
58,VECTOR_FIRST_HNSW,"[0.00,0.05)",23.833791,0.2,0
58,HNSW_HYBRID,"[0.00,0.05)",8.774167,1.0,0
58,IVFFLAT_HYBRID,"[0.00,0.05)",8.100208,1.0,0
58,SQL_FIRST,"[0.00,0.05)",8.063708,1.0,1
58,VECTOR_FIRST_HNSW,"[0.00,0.05)",23.197166,0.2,1
58,HNSW_HYBRID,"[0.00,0.05)",8.597166,1.0,1
58,IVFFLAT_HYBRID,"[0.00,0.05)",7.76075,1.0,1
58,SQL_FIRST,"[0.00,0.05)",8.133792,1.0,2
58,VECTOR_FIRST_HNSW,"[0.00,0.05)",23.032083,0.2,2
58,HNSW_HYBRID,"[0.00,0.05)",8.828458,1.0,2
58,IVFFLAT_HYBRID,"[0.00,0.05)",8.098042,1.0,2
58,SQL_FIRST,"[0.00,0.05)",8.086333,1.0,3
58,VECTOR_FIRST_HNSW,"[0.00,0.05)",23.077042,0.2,3
58,HNSW_HYBRID,"[0.00,0.05)",8.550958,1.0,3
58,IVFFLAT_HYBRID,"[0.00,0.05)",7.953375,1.0,3
58,SQL_FIRST,"[0.00,0.05)",8.096583,1.0,4
58,VECTOR_FIRST_HNSW,"[0.00,0.05)",22.975333,0.2,4
58,HNSW_HYBRID,"[0.00,0.05)",8.678208,1.0,4
58,IVFFLAT_HYBRID,"[0.00,0.05)",8.103084,1.0,4
59,SQL_FIRST,"[0.00,0.05)",11.138958,1.0,0
59,VECTOR_FIRST_HNSW,"[0.00,0.05)",23.159,0.3,0
59,HNSW_HYBRID,"[0.00,0.05)",11.45225,1.0,0
59,IVFFLAT_HYBRID,"[0.00,0.05)",11.155542,1.0,0
59,SQL_FIRST,"[0.00,0.05)",11.262834,1.0,1
59,VECTOR_FIRST_HNSW,"[0.00,0.05)",23.024417,0.3,1
59,HNSW_HYBRID,"[0.00,0.05)",11.192833,1.0,1
59,IVFFLAT_HYBRID,"[0.00,0.05)",10.918541,1.0,1
59,SQL_FIRST,"[0.00,0.05)",10.816958,1.0,2
59,VECTOR_FIRST_HNSW,"[0.00,0.05)",23.136166,0.3,2
59,HNSW_HYBRID,"[0.00,0.05)",11.332083,1.0,2
59,IVFFLAT_HYBRID,"[0.00,0.05)",10.93975,1.0,2
59,SQL_FIRST,"[0.00,0.05)",10.753042,1.0,3
59,VECTOR_FIRST_HNSW,"[0.00,0.05)",23.596625,0.3,3
59,HNSW_HYBRID,"[0.00,0.05)",11.191125,1.0,3
59,IVFFLAT_HYBRID,"[0.00,0.05)",11.195042,1.0,3
59,SQL_FIRST,"[0.00,0.05)",11.124042,1.0,4
59,VECTOR_FIRST_HNSW,"[0.00,0.05)",22.990167,0.3,4
59,HNSW_HYBRID,"[0.00,0.05)",11.265458,1.0,4
59,IVFFLAT_HYBRID,"[0.00,0.05)",10.763875,1.0,4
61,SQL_FIRST,"[0.00,0.05)",4.499,1.0,0
61,VECTOR_FIRST_HNSW,"[0.00,0.05)",22.870958,0.0,0
61,HNSW_HYBRID,"[0.00,0.05)",5.103417,1.0,0
61,IVFFLAT_HYBRID,"[0.00,0.05)",4.533208,1.0,0
61,SQL_FIRST,"[0.00,0.05)",4.445,1.0,1
61,VECTOR_FIRST_HNSW,"[0.00,0.05)",22.971208,0.0,1
61,HNSW_HYBRID,"[0.00,0.05)",4.937792,1.0,1
61,IVFFLAT_HYBRID,"[0.00,0.05)",4.5285,1.0,1
61,SQL_FIRST,"[0.00,0.05)",4.55075,1.0,2
61,VECTOR_FIRST_HNSW,"[0.00,0.05)",22.91325,0.0,2
61,HNSW_HYBRID,"[0.00,0.05)",5.083375,1.0,2
61,IVFFLAT_HYBRID,"[0.00,0.05)",4.554625,1.0,2
61,SQL_FIRST,"[0.00,0.05)",4.516917,1.0,3
61,VECTOR_FIRST_HNSW,"[0.00,0.05)",22.888791,0.0,3
61,HNSW_HYBRID,"[0.00,0.05)",4.995542,1.0,3
61,IVFFLAT_HYBRID,"[0.00,0.05)",4.539917,1.0,3
61,SQL_FIRST,"[0.00,0.05)",4.492333,1.0,4
61,VECTOR_FIRST_HNSW,"[0.00,0.05)",22.918292,0.0,4
61,HNSW_HYBRID,"[0.00,0.05)",5.159209,1.0,4
61,IVFFLAT_HYBRID,"[0.00,0.05)",4.595875,1.0,4
64,SQL_FIRST,"[0.00,0.05)",8.857083,1.0,0
64,VECTOR_FIRST_HNSW,"[0.00,0.05)",23.057292,0.6,0
64,HNSW_HYBRID,"[0.00,0.05)",9.496542,1.0,0
64,IVFFLAT_HYBRID,"[0.00,0.05)",9.859625,1.0,0
64,SQL_FIRST,"[0.00,0.05)",9.055041,1.0,1
64,VECTOR_FIRST_HNSW,"[0.00,0.05)",23.038167,0.6,1
64,HNSW_HYBRID,"[0.00,0.05)",9.546083,1.0,1
64,IVFFLAT_HYBRID,"[0.00,0.05)",9.05075,1.0,1
64,SQL_FIRST,"[0.00,0.05)",9.162042,1.0,2
64,VECTOR_FIRST_HNSW,"[0.00,0.05)",22.929833,0.6,2
64,HNSW_HYBRID,"[0.00,0.05)",9.656916,1.0,2
64,IVFFLAT_HYBRID,"[0.00,0.05)",9.327667,1.0,2
64,SQL_FIRST,"[0.00,0.05)",9.404208,1.0,3
64,VECTOR_FIRST_HNSW,"[0.00,0.05)",23.009292,0.6,3
64,HNSW_HYBRID,"[0.00,0.05)",9.423167,1.0,3
64,IVFFLAT_HYBRID,"[0.00,0.05)",9.171666,1.0,3
64,SQL_FIRST,"[0.00,0.05)",11.254,1.0,4
64,VECTOR_FIRST_HNSW,"[0.00,0.05)",23.139833,0.6,4
64,HNSW_HYBRID,"[0.00,0.05)",9.67675,1.0,4
64,IVFFLAT_HYBRID,"[0.00,0.05)",9.316792,1.0,4
68,SQL_FIRST,"[0.00,0.05)",8.242084,1.0,0
68,VECTOR_FIRST_HNSW,"[0.00,0.05)",22.952584,0.4,0
68,HNSW_HYBRID,"[0.00,0.05)",8.925375,1.0,0
68,IVFFLAT_HYBRID,"[0.00,0.05)",8.340541,1.0,0
68,SQL_FIRST,"[0.00,0.05)",7.995333,1.0,1
68,VECTOR_FIRST_HNSW,"[0.00,0.05)",23.004,0.4,1
68,HNSW_HYBRID,"[0.00,0.05)",8.985583,1.0,1
68,IVFFLAT_HYBRID,"[0.00,0.05)",8.605375,1.0,1
68,SQL_FIRST,"[0.00,0.05)",8.199541,1.0,2
68,VECTOR_FIRST_HNSW,"[0.00,0.05)",23.18625,0.4,2
68,HNSW_HYBRID,"[0.00,0.05)",8.896708,1.0,2
68,IVFFLAT_HYBRID,"[0.00,0.05)",8.201875,1.0,2
68,SQL_FIRST,"[0.00,0.05)",8.078375,1.0,3
68,VECTOR_FIRST_HNSW,"[0.00,0.05)",22.931959,0.4,3
68,HNSW_HYBRID,"[0.00,0.05)",8.941041,1.0,3
68,IVFFLAT_HYBRID,"[0.00,0.05)",8.526083,1.0,3
68,SQL_FIRST,"[0.00,0.05)",9.5755,1.0,4
68,VECTOR_FIRST_HNSW,"[0.00,0.05)",24.361542,0.4,4
68,HNSW_HYBRID,"[0.00,0.05)",8.772875,1.0,4
68,IVFFLAT_HYBRID,"[0.00,0.05)",8.119625,1.0,4
70,SQL_FIRST,"[0.00,0.05)",10.074292,1.0,0
70,VECTOR_FIRST_HNSW,"[0.00,0.05)",22.944083,0.3,0
70,HNSW_HYBRID,"[0.00,0.05)",10.441791,1.0,0
70,IVFFLAT_HYBRID,"[0.00,0.05)",10.895208,1.0,0
70,SQL_FIRST,"[0.00,0.05)",10.458041,1.0,1
70,VECTOR_FIRST_HNSW,"[0.00,0.05)",23.148541,0.3,1
70,HNSW_HYBRID,"[0.00,0.05)",10.63475,1.0,1
70,IVFFLAT_HYBRID,"[0.00,0.05)",10.44975,1.0,1
70,SQL_FIRST,"[0.00,0.05)",10.486875,1.0,2
70,VECTOR_FIRST_HNSW,"[0.00,0.05)",22.985292,0.3,2
70,HNSW_HYBRID,"[0.00,0.05)",10.746458,1.0,2
70,IVFFLAT_HYBRID,"[0.00,0.05)",10.133958,1.0,2
70,SQL_FIRST,"[0.00,0.05)",10.057542,1.0,3
70,VECTOR_FIRST_HNSW,"[0.00,0.05)",23.020041,0.3,3
70,HNSW_HYBRID,"[0.00,0.05)",10.561792,1.0,3
70,IVFFLAT_HYBRID,"[0.00,0.05)",10.329584,1.0,3
70,SQL_FIRST,"[0.00,0.05)",10.026167,1.0,4
70,VECTOR_FIRST_HNSW,"[0.00,0.05)",23.020042,0.3,4
70,HNSW_HYBRID,"[0.00,0.05)",10.569209,1.0,4
70,IVFFLAT_HYBRID,"[0.00,0.05)",9.920166,1.0,4
76,SQL_FIRST,"[0.00,0.05)",9.354542,1.0,0
76,VECTOR_FIRST_HNSW,"[0.00,0.05)",23.121792,0.5,0
76,HNSW_HYBRID,"[0.00,0.05)",9.741667,1.0,0
76,IVFFLAT_HYBRID,"[0.00,0.05)",9.76575,1.0,0
76,SQL_FIRST,"[0.00,0.05)",9.408833,1.0,1
76,VECTOR_FIRST_HNSW,"[0.00,0.05)",23.02725,0.5,1
76,HNSW_HYBRID,"[0.00,0.05)",9.825209,1.0,1
76,IVFFLAT_HYBRID,"[0.00,0.05)",9.330209,1.0,1
76,SQL_FIRST,"[0.00,0.05)",9.529792,1.0,2
76,VECTOR_FIRST_HNSW,"[0.00,0.05)",22.839417,0.5,2
76,HNSW_HYBRID,"[0.00,0.05)",9.791666,1.0,2
76,IVFFLAT_HYBRID,"[0.00,0.05)",9.753292,1.0,2
76,SQL_FIRST,"[0.00,0.05)",9.659209,1.0,3
76,VECTOR_FIRST_HNSW,"[0.00,0.05)",22.815292,0.5,3
76,HNSW_HYBRID,"[0.00,0.05)",9.83425,1.0,3
76,IVFFLAT_HYBRID,"[0.00,0.05)",9.301834,1.0,3
76,SQL_FIRST,"[0.00,0.05)",9.689666,1.0,4
76,VECTOR_FIRST_HNSW,"[0.00,0.05)",22.931375,0.5,4
76,HNSW_HYBRID,"[0.00,0.05)",9.647708,1.0,4
76,IVFFLAT_HYBRID,"[0.00,0.05)",9.749042,1.0,4
78,SQL_FIRST,"[0.00,0.05)",5.097542,1.0,0
78,VECTOR_FIRST_HNSW,"[0.00,0.05)",23.005,0.0,0
78,HNSW_HYBRID,"[0.00,0.05)",5.436542,1.0,0
78,IVFFLAT_HYBRID,"[0.00,0.05)",4.963584,1.0,0
78,SQL_FIRST,"[0.00,0.05)",4.981375,1.0,1
78,VECTOR_FIRST_HNSW,"[0.00,0.05)",22.796833,0.0,1
78,HNSW_HYBRID,"[0.00,0.05)",5.514625,1.0,1
78,IVFFLAT_HYBRID,"[0.00,0.05)",4.967792,1.0,1
78,SQL_FIRST,"[0.00,0.05)",4.816959,1.0,2
78,VECTOR_FIRST_HNSW,"[0.00,0.05)",22.911375,0.0,2
78,HNSW_HYBRID,"[0.00,0.05)",5.380916,1.0,2
78,IVFFLAT_HYBRID,"[0.00,0.05)",4.877042,1.0,2
78,SQL_FIRST,"[0.00,0.05)",4.930875,1.0,3
78,VECTOR_FIRST_HNSW,"[0.00,0.05)",22.960041,0.0,3
78,HNSW_HYBRID,"[0.00,0.05)",5.466916,1.0,3
78,IVFFLAT_HYBRID,"[0.00,0.05)",4.864458,1.0,3
78,SQL_FIRST,"[0.00,0.05)",4.866959,1.0,4
78,VECTOR_FIRST_HNSW,"[0.00,0.05)",22.876667,0.0,4
78,HNSW_HYBRID,"[0.00,0.05)",5.409083,1.0,4
78,IVFFLAT_HYBRID,"[0.00,0.05)",4.903083,1.0,4
79,SQL_FIRST,"[0.00,0.05)",10.2925,1.0,0
79,VECTOR_FIRST_HNSW,"[0.00,0.05)",23.518417,0.3,0
79,HNSW_HYBRID,"[0.00,0.05)",11.067042,1.0,0
79,IVFFLAT_HYBRID,"[0.00,0.05)",10.335375,1.0,0
79,SQL_FIRST,"[0.00,0.05)",10.362958,1.0,1
79,VECTOR_FIRST_HNSW,"[0.00,0.05)",22.986917,0.3,1
79,HNSW_HYBRID,"[0.00,0.05)",10.825083,1.0,1
79,IVFFLAT_HYBRID,"[0.00,0.05)",10.243875,1.0,1
79,SQL_FIRST,"[0.00,0.05)",10.441417,1.0,2
79,VECTOR_FIRST_HNSW,"[0.00,0.05)",22.923167,0.3,2
79,HNSW_HYBRID,"[0.00,0.05)",10.912708,1.0,2
79,IVFFLAT_HYBRID,"[0.00,0.05)",10.383875,1.0,2
79,SQL_FIRST,"[0.00,0.05)",10.393875,1.0,3
79,VECTOR_FIRST_HNSW,"[0.00,0.05)",23.047125,0.3,3
79,HNSW_HYBRID,"[0.00,0.05)",10.85825,1.0,3
79,IVFFLAT_HYBRID,"[0.00,0.05)",10.62275,1.0,3
79,SQL_FIRST,"[0.00,0.05)",10.885084,1.0,4
79,VECTOR_FIRST_HNSW,"[0.00,0.05)",22.958416,0.3,4
79,HNSW_HYBRID,"[0.00,0.05)",11.022583,1.0,4
79,IVFFLAT_HYBRID,"[0.00,0.05)",10.810125,1.0,4
81,SQL_FIRST,"[0.00,0.05)",10.917,1.0,0
81,VECTOR_FIRST_HNSW,"[0.00,0.05)",22.907625,0.1,0
81,HNSW_HYBRID,"[0.00,0.05)",11.211709,1.0,0
81,IVFFLAT_HYBRID,"[0.00,0.05)",10.881709,1.0,0
81,SQL_FIRST,"[0.00,0.05)",10.65975,1.0,1
81,VECTOR_FIRST_HNSW,"[0.00,0.05)",23.037084,0.1,1
81,HNSW_HYBRID,"[0.00,0.05)",11.203916,1.0,1
81,IVFFLAT_HYBRID,"[0.00,0.05)",10.861709,1.0,1
81,SQL_FIRST,"[0.00,0.05)",10.748417,1.0,2
81,VECTOR_FIRST_HNSW,"[0.00,0.05)",22.985834,0.1,2
81,HNSW_HYBRID,"[0.00,0.05)",11.241083,1.0,2
81,IVFFLAT_HYBRID,"[0.00,0.05)",11.116667,1.0,2
81,SQL_FIRST,"[0.00,0.05)",10.823708,1.0,3
81,VECTOR_FIRST_HNSW,"[0.00,0.05)",22.985542,0.1,3
81,HNSW_HYBRID,"[0.00,0.05)",11.251375,1.0,3
81,IVFFLAT_HYBRID,"[0.00,0.05)",10.583125,1.0,3
81,SQL_FIRST,"[0.00,0.05)",11.059584,1.0,4
81,VECTOR_FIRST_HNSW,"[0.00,0.05)",23.2545,0.1,4
81,HNSW_HYBRID,"[0.00,0.05)",11.215125,1.0,4
81,IVFFLAT_HYBRID,"[0.00,0.05)",10.796041,1.0,4
83,SQL_FIRST,"[0.00,0.05)",6.244959,1.0,0
83,VECTOR_FIRST_HNSW,"[0.00,0.05)",22.936583,0.1,0
83,HNSW_HYBRID,"[0.00,0.05)",6.811959,1.0,0
83,IVFFLAT_HYBRID,"[0.00,0.05)",6.226542,1.0,0
83,SQL_FIRST,"[0.00,0.05)",6.000541,1.0,1
83,VECTOR_FIRST_HNSW,"[0.00,0.05)",23.139334,0.1,1
83,HNSW_HYBRID,"[0.00,0.05)",6.601,1.0,1
83,IVFFLAT_HYBRID,"[0.00,0.05)",6.130667,1.0,1
83,SQL_FIRST,"[0.00,0.05)",6.290334,1.0,2
83,VECTOR_FIRST_HNSW,"[0.00,0.05)",24.190125,0.1,2
83,HNSW_HYBRID,"[0.00,0.05)",6.661583,1.0,2
83,IVFFLAT_HYBRID,"[0.00,0.05)",6.150791,1.0,2
83,SQL_FIRST,"[0.00,0.05)",6.851916,1.0,3
83,VECTOR_FIRST_HNSW,"[0.00,0.05)",22.976458,0.1,3
83,HNSW_HYBRID,"[0.00,0.05)",6.797583,1.0,3
83,IVFFLAT_HYBRID,"[0.00,0.05)",6.2725,1.0,3
83,SQL_FIRST,"[0.00,0.05)",6.026542,1.0,4
83,VECTOR_FIRST_HNSW,"[0.00,0.05)",22.927917,0.1,4
83,HNSW_HYBRID,"[0.00,0.05)",6.664375,1.0,4
83,IVFFLAT_HYBRID,"[0.00,0.05)",6.123042,1.0,4
84,SQL_FIRST,"[0.00,0.05)",8.886875,1.0,0
84,VECTOR_FIRST_HNSW,"[0.00,0.05)",22.957167,0.5,0
84,HNSW_HYBRID,"[0.00,0.05)",9.498125,1.0,0
84,IVFFLAT_HYBRID,"[0.00,0.05)",8.924875,1.0,0
84,SQL_FIRST,"[0.00,0.05)",8.697,1.0,1
84,VECTOR_FIRST_HNSW,"[0.00,0.05)",22.9725,0.5,1
84,HNSW_HYBRID,"[0.00,0.05)",9.406792,1.0,1
84,IVFFLAT_HYBRID,"[0.00,0.05)",9.208291,1.0,1
84,SQL_FIRST,"[0.00,0.05)",9.127334,1.0,2
84,VECTOR_FIRST_HNSW,"[0.00,0.05)",22.888875,0.5,2
84,HNSW_HYBRID,"[0.00,0.05)",9.491917,1.0,2
84,IVFFLAT_HYBRID,"[0.00,0.05)",8.841416,1.0,2
84,SQL_FIRST,"[0.00,0.05)",9.238708,1.0,3
84,VECTOR_FIRST_HNSW,"[0.00,0.05)",24.312917,0.5,3
84,HNSW_HYBRID,"[0.00,0.05)",9.626125,1.0,3
84,IVFFLAT_HYBRID,"[0.00,0.05)",8.848459,1.0,3
84,SQL_FIRST,"[0.00,0.05)",8.945166,1.0,4
84,VECTOR_FIRST_HNSW,"[0.00,0.05)",23.54775,0.5,4
84,HNSW_HYBRID,"[0.00,0.05)",9.378208,1.0,4
84,IVFFLAT_HYBRID,"[0.00,0.05)",9.096375,1.0,4
86,SQL_FIRST,"[0.00,0.05)",8.638708,1.0,0
86,VECTOR_FIRST_HNSW,"[0.00,0.05)",23.485,0.1,0
86,HNSW_HYBRID,"[0.00,0.05)",8.948958,1.0,0
86,IVFFLAT_HYBRID,"[0.00,0.05)",8.805875,1.0,0
86,SQL_FIRST,"[0.00,0.05)",8.157875,1.0,1
86,VECTOR_FIRST_HNSW,"[0.00,0.05)",22.967833,0.1,1
86,HNSW_HYBRID,"[0.00,0.05)",9.032417,1.0,1
86,IVFFLAT_HYBRID,"[0.00,0.05)",8.409834,1.0,1
86,SQL_FIRST,"[0.00,0.05)",8.328833,1.0,2
86,VECTOR_FIRST_HNSW,"[0.00,0.05)",23.021625,0.1,2
86,HNSW_HYBRID,"[0.00,0.05)",9.025625,1.0,2
86,IVFFLAT_HYBRID,"[0.00,0.05)",8.665167,1.0,2
86,SQL_FIRST,"[0.00,0.05)",8.467125,1.0,3
86,VECTOR_FIRST_HNSW,"[0.00,0.05)",23.018084,0.1,3
86,HNSW_HYBRID,"[0.00,0.05)",9.026792,1.0,3
86,IVFFLAT_HYBRID,"[0.00,0.05)",8.404,1.0,3
86,SQL_FIRST,"[0.00,0.05)",8.172708,1.0,4
86,VECTOR_FIRST_HNSW,"[0.00,0.05)",23.046292,0.1,4
86,HNSW_HYBRID,"[0.00,0.05)",9.03225,1.0,4
86,IVFFLAT_HYBRID,"[0.00,0.05)",8.551,1.0,4
88,SQL_FIRST,"[0.00,0.05)",4.733042,1.0,0
88,VECTOR_FIRST_HNSW,"[0.00,0.05)",22.950291,0.0,0
88,HNSW_HYBRID,"[0.00,0.05)",5.288625,1.0,0
88,IVFFLAT_HYBRID,"[0.00,0.05)",4.7325,1.0,0
88,SQL_FIRST,"[0.00,0.05)",4.783709,1.0,1
88,VECTOR_FIRST_HNSW,"[0.00,0.05)",23.028958,0.0,1
88,HNSW_HYBRID,"[0.00,0.05)",5.231875,1.0,1
88,IVFFLAT_HYBRID,"[0.00,0.05)",4.766666,1.0,1
88,SQL_FIRST,"[0.00,0.05)",4.80425,1.0,2
88,VECTOR_FIRST_HNSW,"[0.00,0.05)",22.95925,0.0,2
88,HNSW_HYBRID,"[0.00,0.05)",5.223667,1.0,2
88,IVFFLAT_HYBRID,"[0.00,0.05)",4.859041,1.0,2
88,SQL_FIRST,"[0.00,0.05)",4.784792,1.0,3
88,VECTOR_FIRST_HNSW,"[0.00,0.05)",23.144375,0.0,3
88,HNSW_HYBRID,"[0.00,0.05)",5.502334,1.0,3
88,IVFFLAT_HYBRID,"[0.00,0.05)",5.001125,1.0,3
88,SQL_FIRST,"[0.00,0.05)",4.659459,1.0,4
88,VECTOR_FIRST_HNSW,"[0.00,0.05)",22.998,0.0,4
88,HNSW_HYBRID,"[0.00,0.05)",5.234917,1.0,4
88,IVFFLAT_HYBRID,"[0.00,0.05)",4.690083,1.0,4
90,SQL_FIRST,"[0.00,0.05)",9.067417,1.0,0
90,VECTOR_FIRST_HNSW,"[0.00,0.05)",23.529083,0.2,0
90,HNSW_HYBRID,"[0.00,0.05)",9.692334,1.0,0
90,IVFFLAT_HYBRID,"[0.00,0.05)",9.316791,1.0,0
90,SQL_FIRST,"[0.00,0.05)",8.52075,1.0,1
90,VECTOR_FIRST_HNSW,"[0.00,0.05)",23.087875,0.2,1
90,HNSW_HYBRID,"[0.00,0.05)",9.396708,1.0,1
90,IVFFLAT_HYBRID,"[0.00,0.05)",9.202209,1.0,1
90,SQL_FIRST,"[0.00,0.05)",8.741959,1.0,2
90,VECTOR_FIRST_HNSW,"[0.00,0.05)",23.080417,0.2,2
90,HNSW_HYBRID,"[0.00,0.05)",9.482958,1.0,2
90,IVFFLAT_HYBRID,"[0.00,0.05)",8.846792,1.0,2
90,SQL_FIRST,"[0.00,0.05)",8.8145,1.0,3
90,VECTOR_FIRST_HNSW,"[0.00,0.05)",23.052583,0.2,3
90,HNSW_HYBRID,"[0.00,0.05)",9.5315,1.0,3
90,IVFFLAT_HYBRID,"[0.00,0.05)",8.953625,1.0,3
90,SQL_FIRST,"[0.00,0.05)",8.883459,1.0,4
90,VECTOR_FIRST_HNSW,"[0.00,0.05)",23.114541,0.2,4
90,HNSW_HYBRID,"[0.00,0.05)",9.614666,1.0,4
90,IVFFLAT_HYBRID,"[0.00,0.05)",8.832375,1.0,4
93,SQL_FIRST,"[0.00,0.05)",6.249625,1.0,0
93,VECTOR_FIRST_HNSW,"[0.00,0.05)",22.933375,0.3,0
93,HNSW_HYBRID,"[0.00,0.05)",6.932542,1.0,0
93,IVFFLAT_HYBRID,"[0.00,0.05)",6.3105,1.0,0
93,SQL_FIRST,"[0.00,0.05)",6.16175,1.0,1
93,VECTOR_FIRST_HNSW,"[0.00,0.05)",22.995958,0.3,1
93,HNSW_HYBRID,"[0.00,0.05)",7.01125,1.0,1
93,IVFFLAT_HYBRID,"[0.00,0.05)",6.208375,1.0,1
93,SQL_FIRST,"[0.00,0.05)",6.573333,1.0,2
93,VECTOR_FIRST_HNSW,"[0.00,0.05)",23.097875,0.3,2
93,HNSW_HYBRID,"[0.00,0.05)",7.065666,1.0,2
93,IVFFLAT_HYBRID,"[0.00,0.05)",6.437083,1.0,2
93,SQL_FIRST,"[0.00,0.05)",6.180917,1.0,3
93,VECTOR_FIRST_HNSW,"[0.00,0.05)",22.934292,0.3,3
93,HNSW_HYBRID,"[0.00,0.05)",6.928042,1.0,3
93,IVFFLAT_HYBRID,"[0.00,0.05)",6.415792,1.0,3
93,SQL_FIRST,"[0.00,0.05)",6.271833,1.0,4
93,VECTOR_FIRST_HNSW,"[0.00,0.05)",22.959916,0.3,4
93,HNSW_HYBRID,"[0.00,0.05)",6.846166,1.0,4
93,IVFFLAT_HYBRID,"[0.00,0.05)",6.153625,1.0,4
94,SQL_FIRST,"[0.00,0.05)",9.612,1.0,0
94,VECTOR_FIRST_HNSW,"[0.00,0.05)",23.026375,0.4,0
94,HNSW_HYBRID,"[0.00,0.05)",9.554125,1.0,0
94,IVFFLAT_HYBRID,"[0.00,0.05)",9.689917,1.0,0
94,SQL_FIRST,"[0.00,0.05)",9.04925,1.0,1
94,VECTOR_FIRST_HNSW,"[0.00,0.05)",23.029084,0.4,1
94,HNSW_HYBRID,"[0.00,0.05)",9.609708,1.0,1
94,IVFFLAT_HYBRID,"[0.00,0.05)",9.127167,1.0,1
94,SQL_FIRST,"[0.00,0.05)",9.232333,1.0,2
94,VECTOR_FIRST_HNSW,"[0.00,0.05)",23.002708,0.4,2
94,HNSW_HYBRID,"[0.00,0.05)",9.654375,1.0,2
94,IVFFLAT_HYBRID,"[0.00,0.05)",9.270209,1.0,2
94,SQL_FIRST,"[0.00,0.05)",9.271625,1.0,3
94,VECTOR_FIRST_HNSW,"[0.00,0.05)",23.08775,0.4,3
94,HNSW_HYBRID,"[0.00,0.05)",9.668375,1.0,3
94,IVFFLAT_HYBRID,"[0.00,0.05)",9.1095,1.0,3
94,SQL_FIRST,"[0.00,0.05)",9.533958,1.0,4
94,VECTOR_FIRST_HNSW,"[0.00,0.05)",22.958334,0.4,4
94,HNSW_HYBRID,"[0.00,0.05)",9.870417,1.0,4
94,IVFFLAT_HYBRID,"[0.00,0.05)",9.237167,1.0,4
95,SQL_FIRST,"[0.00,0.05)",4.23225,1.0,0
95,VECTOR_FIRST_HNSW,"[0.00,0.05)",22.944292,0.0,0
95,HNSW_HYBRID,"[0.00,0.05)",4.74975,1.0,0
95,IVFFLAT_HYBRID,"[0.00,0.05)",4.315209,1.0,0
95,SQL_FIRST,"[0.00,0.05)",4.241875,1.0,1
95,VECTOR_FIRST_HNSW,"[0.00,0.05)",23.029083,0.0,1
95,HNSW_HYBRID,"[0.00,0.05)",4.719417,1.0,1
95,IVFFLAT_HYBRID,"[0.00,0.05)",4.299625,1.0,1
95,SQL_FIRST,"[0.00,0.05)",4.3315,1.0,2
95,VECTOR_FIRST_HNSW,"[0.00,0.05)",23.358167,0.0,2
95,HNSW_HYBRID,"[0.00,0.05)",4.700166,1.0,2
95,IVFFLAT_HYBRID,"[0.00,0.05)",4.343417,1.0,2
95,SQL_FIRST,"[0.00,0.05)",4.2135,1.0,3
95,VECTOR_FIRST_HNSW,"[0.00,0.05)",22.953209,0.0,3
95,HNSW_HYBRID,"[0.00,0.05)",4.751,1.0,3
95,IVFFLAT_HYBRID,"[0.00,0.05)",4.295417,1.0,3
95,SQL_FIRST,"[0.00,0.05)",4.238291,1.0,4
95,VECTOR_FIRST_HNSW,"[0.00,0.05)",23.055375,0.0,4
95,HNSW_HYBRID,"[0.00,0.05)",4.73425,1.0,4
95,IVFFLAT_HYBRID,"[0.00,0.05)",4.195709,1.0,4
96,SQL_FIRST,"[0.00,0.05)",9.027625,1.0,0
96,VECTOR_FIRST_HNSW,"[0.00,0.05)",22.90475,0.4,0
96,HNSW_HYBRID,"[0.00,0.05)",9.453083,1.0,0
96,IVFFLAT_HYBRID,"[0.00,0.05)",9.074625,1.0,0
96,SQL_FIRST,"[0.00,0.05)",8.915792,1.0,1
96,VECTOR_FIRST_HNSW,"[0.00,0.05)",22.963083,0.4,1
96,HNSW_HYBRID,"[0.00,0.05)",9.304834,1.0,1
96,IVFFLAT_HYBRID,"[0.00,0.05)",9.396833,1.0,1
96,SQL_FIRST,"[0.00,0.05)",8.943917,1.0,2
96,VECTOR_FIRST_HNSW,"[0.00,0.05)",23.079416,0.4,2
96,HNSW_HYBRID,"[0.00,0.05)",9.342708,1.0,2
96,IVFFLAT_HYBRID,"[0.00,0.05)",8.97,1.0,2
96,SQL_FIRST,"[0.00,0.05)",8.884417,1.0,3
96,VECTOR_FIRST_HNSW,"[0.00,0.05)",23.026625,0.4,3
96,HNSW_HYBRID,"[0.00,0.05)",9.592084,1.0,3
96,IVFFLAT_HYBRID,"[0.00,0.05)",8.995083,1.0,3
96,SQL_FIRST,"[0.00,0.05)",9.065833,1.0,4
96,VECTOR_FIRST_HNSW,"[0.00,0.05)",22.935333,0.4,4
96,HNSW_HYBRID,"[0.00,0.05)",9.492625,1.0,4
96,IVFFLAT_HYBRID,"[0.00,0.05)",8.906,1.0,4
97,SQL_FIRST,"[0.00,0.05)",9.077792,1.0,0
97,VECTOR_FIRST_HNSW,"[0.00,0.05)",22.953209,0.0,0
97,HNSW_HYBRID,"[0.00,0.05)",9.49025,1.0,0
97,IVFFLAT_HYBRID,"[0.00,0.05)",9.469208,1.0,0
97,SQL_FIRST,"[0.00,0.05)",8.856375,1.0,1
97,VECTOR_FIRST_HNSW,"[0.00,0.05)",23.010125,0.0,1
97,HNSW_HYBRID,"[0.00,0.05)",9.3945,1.0,1
97,IVFFLAT_HYBRID,"[0.00,0.05)",8.988,1.0,1
97,SQL_FIRST,"[0.00,0.05)",9.057333,1.0,2
97,VECTOR_FIRST_HNSW,"[0.00,0.05)",23.023291,0.0,2
97,HNSW_HYBRID,"[0.00,0.05)",9.513375,1.0,2
97,IVFFLAT_HYBRID,"[0.00,0.05)",9.192125,1.0,2
97,SQL_FIRST,"[0.00,0.05)",9.586125,1.0,3
97,VECTOR_FIRST_HNSW,"[0.00,0.05)",23.088667,0.0,3
97,HNSW_HYBRID,"[0.00,0.05)",9.318792,1.0,3
97,IVFFLAT_HYBRID,"[0.00,0.05)",9.363583,1.0,3
97,SQL_FIRST,"[0.00,0.05)",9.330709,1.0,4
97,VECTOR_FIRST_HNSW,"[0.00,0.05)",22.934084,0.0,4
97,HNSW_HYBRID,"[0.00,0.05)",9.690791,1.0,4
97,IVFFLAT_HYBRID,"[0.00,0.05)",9.025666,1.0,4
98,SQL_FIRST,"[0.00,0.05)",9.108667,1.0,0
98,VECTOR_FIRST_HNSW,"[0.00,0.05)",23.086292,0.1,0
98,HNSW_HYBRID,"[0.00,0.05)",9.671583,1.0,0
98,IVFFLAT_HYBRID,"[0.00,0.05)",9.341083,1.0,0
98,SQL_FIRST,"[0.00,0.05)",9.240166,1.0,1
98,VECTOR_FIRST_HNSW,"[0.00,0.05)",23.073667,0.1,1
98,HNSW_HYBRID,"[0.00,0.05)",9.696125,1.0,1
98,IVFFLAT_HYBRID,"[0.00,0.05)",9.346125,1.0,1
98,SQL_FIRST,"[0.00,0.05)",9.511083,1.0,2
98,VECTOR_FIRST_HNSW,"[0.00,0.05)",23.081708,0.1,2
98,HNSW_HYBRID,"[0.00,0.05)",9.721,1.0,2
98,IVFFLAT_HYBRID,"[0.00,0.05)",9.375916,1.0,2
98,SQL_FIRST,"[0.00,0.05)",9.776333,1.0,3
98,VECTOR_FIRST_HNSW,"[0.00,0.05)",22.785875,0.1,3
98,HNSW_HYBRID,"[0.00,0.05)",9.854791,1.0,3
98,IVFFLAT_HYBRID,"[0.00,0.05)",9.246666,1.0,3
98,SQL_FIRST,"[0.00,0.05)",9.230833,1.0,4
98,VECTOR_FIRST_HNSW,"[0.00,0.05)",22.928209,0.1,4
98,HNSW_HYBRID,"[0.00,0.05)",9.651417,1.0,4
98,IVFFLAT_HYBRID,"[0.00,0.05)",10.037333,1.0,4
100,SQL_FIRST,"[0.00,0.05)",5.170625,1.0,0
100,VECTOR_FIRST_HNSW,"[0.00,0.05)",22.801125,0.1,0
100,HNSW_HYBRID,"[0.00,0.05)",5.664041,1.0,0
100,IVFFLAT_HYBRID,"[0.00,0.05)",5.143084,1.0,0
100,SQL_FIRST,"[0.00,0.05)",5.025375,1.0,1
100,VECTOR_FIRST_HNSW,"[0.00,0.05)",23.155,0.1,1
100,HNSW_HYBRID,"[0.00,0.05)",5.686083,1.0,1
100,IVFFLAT_HYBRID,"[0.00,0.05)",5.297541,1.0,1
100,SQL_FIRST,"[0.00,0.05)",5.235875,1.0,2
100,VECTOR_FIRST_HNSW,"[0.00,0.05)",23.675791,0.1,2
100,HNSW_HYBRID,"[0.00,0.05)",5.643125,1.0,2
100,IVFFLAT_HYBRID,"[0.00,0.05)",5.212459,1.0,2
100,SQL_FIRST,"[0.00,0.05)",5.199875,1.0,3
100,VECTOR_FIRST_HNSW,"[0.00,0.05)",22.915208,0.1,3
100,HNSW_HYBRID,"[0.00,0.05)",5.905083,1.0,3
100,IVFFLAT_HYBRID,"[0.00,0.05)",5.179459,1.0,3
100,SQL_FIRST,"[0.00,0.05)",5.066,1.0,4
100,VECTOR_FIRST_HNSW,"[0.00,0.05)",22.975917,0.1,4
100,HNSW_HYBRID,"[0.00,0.05)",5.664667,1.0,4
100,IVFFLAT_HYBRID,"[0.00,0.05)",5.129667,1.0,4
101,SQL_FIRST,"[0.00,0.05)",9.068167,1.0,0
101,VECTOR_FIRST_HNSW,"[0.00,0.05)",22.974458,0.6,0
101,HNSW_HYBRID,"[0.00,0.05)",9.513,1.0,0
101,IVFFLAT_HYBRID,"[0.00,0.05)",9.27575,1.0,0
101,SQL_FIRST,"[0.00,0.05)",8.965333,1.0,1
101,VECTOR_FIRST_HNSW,"[0.00,0.05)",22.9245,0.6,1
101,HNSW_HYBRID,"[0.00,0.05)",9.315209,1.0,1
101,IVFFLAT_HYBRID,"[0.00,0.05)",8.934834,1.0,1
101,SQL_FIRST,"[0.00,0.05)",9.06225,1.0,2
101,VECTOR_FIRST_HNSW,"[0.00,0.05)",23.053042,0.6,2
101,HNSW_HYBRID,"[0.00,0.05)",9.506667,1.0,2
101,IVFFLAT_HYBRID,"[0.00,0.05)",8.942958,1.0,2
101,SQL_FIRST,"[0.00,0.05)",9.54925,1.0,3
101,VECTOR_FIRST_HNSW,"[0.00,0.05)",22.943083,0.6,3
101,HNSW_HYBRID,"[0.00,0.05)",9.701584,1.0,3
101,IVFFLAT_HYBRID,"[0.00,0.05)",9.131875,1.0,3
101,SQL_FIRST,"[0.00,0.05)",9.046959,1.0,4
101,VECTOR_FIRST_HNSW,"[0.00,0.05)",23.476625,0.6,4
101,HNSW_HYBRID,"[0.00,0.05)",9.324625,1.0,4
101,IVFFLAT_HYBRID,"[0.00,0.05)",9.09575,1.0,4
105,SQL_FIRST,"[0.00,0.05)",8.627625,1.0,0
105,VECTOR_FIRST_HNSW,"[0.00,0.05)",24.003583,0.4,0
105,HNSW_HYBRID,"[0.00,0.05)",9.698208,1.0,0
105,IVFFLAT_HYBRID,"[0.00,0.05)",9.350291,1.0,0
105,SQL_FIRST,"[0.00,0.05)",9.226916,1.0,1
105,VECTOR_FIRST_HNSW,"[0.00,0.05)",23.7205,0.4,1
105,HNSW_HYBRID,"[0.00,0.05)",9.741667,1.0,1
105,IVFFLAT_HYBRID,"[0.00,0.05)",9.152125,1.0,1
105,SQL_FIRST,"[0.00,0.05)",9.012833,1.0,2
105,VECTOR_FIRST_HNSW,"[0.00,0.05)",22.989083,0.4,2
105,HNSW_HYBRID,"[0.00,0.05)",9.677792,1.0,2
105,IVFFLAT_HYBRID,"[0.00,0.05)",9.184458,1.0,2
105,SQL_FIRST,"[0.00,0.05)",9.436542,1.0,3
105,VECTOR_FIRST_HNSW,"[0.00,0.05)",23.01125,0.4,3
105,HNSW_HYBRID,"[0.00,0.05)",9.553125,1.0,3
105,IVFFLAT_HYBRID,"[0.00,0.05)",9.987542,1.0,3
105,SQL_FIRST,"[0.00,0.05)",9.19025,1.0,4
105,VECTOR_FIRST_HNSW,"[0.00,0.05)",22.980375,0.4,4
105,HNSW_HYBRID,"[0.00,0.05)",9.454875,1.0,4
105,IVFFLAT_HYBRID,"[0.00,0.05)",9.42125,1.0,4
106,SQL_FIRST,"[0.00,0.05)",8.9995,1.0,0
106,VECTOR_FIRST_HNSW,"[0.00,0.05)",22.966666,0.4,0
106,HNSW_HYBRID,"[0.00,0.05)",9.843875,1.0,0
106,IVFFLAT_HYBRID,"[0.00,0.05)",8.996292,1.0,0
106,SQL_FIRST,"[0.00,0.05)",9.018708,1.0,1
106,VECTOR_FIRST_HNSW,"[0.00,0.05)",22.93025,0.4,1
106,HNSW_HYBRID,"[0.00,0.05)",9.343542,1.0,1
106,IVFFLAT_HYBRID,"[0.00,0.05)",8.899708,1.0,1
106,SQL_FIRST,"[0.00,0.05)",9.365166,1.0,2
106,VECTOR_FIRST_HNSW,"[0.00,0.05)",23.248208,0.4,2
106,HNSW_HYBRID,"[0.00,0.05)",9.377041,1.0,2
106,IVFFLAT_HYBRID,"[0.00,0.05)",9.237625,1.0,2
106,SQL_FIRST,"[0.00,0.05)",8.972541,1.0,3
106,VECTOR_FIRST_HNSW,"[0.00,0.05)",23.029958,0.4,3
106,HNSW_HYBRID,"[0.00,0.05)",9.399084,1.0,3
106,IVFFLAT_HYBRID,"[0.00,0.05)",9.280125,1.0,3
106,SQL_FIRST,"[0.00,0.05)",8.670667,1.0,4
106,VECTOR_FIRST_HNSW,"[0.00,0.05)",23.849459,0.4,4
106,HNSW_HYBRID,"[0.00,0.05)",9.741833,1.0,4
106,IVFFLAT_HYBRID,"[0.00,0.05)",9.409625,1.0,4
107,SQL_FIRST,"[0.00,0.05)",5.445125,1.0,0
107,VECTOR_FIRST_HNSW,"[0.00,0.05)",22.858291,0.1,0
107,HNSW_HYBRID,"[0.00,0.05)",6.144625,1.0,0
107,IVFFLAT_HYBRID,"[0.00,0.05)",5.4425,1.0,0
107,SQL_FIRST,"[0.00,0.05)",6.06275,1.0,1
107,VECTOR_FIRST_HNSW,"[0.00,0.05)",23.07775,0.1,1
107,HNSW_HYBRID,"[0.00,0.05)",5.94075,1.0,1
107,IVFFLAT_HYBRID,"[0.00,0.05)",5.413875,1.0,1
107,SQL_FIRST,"[0.00,0.05)",5.364875,1.0,2
107,VECTOR_FIRST_HNSW,"[0.00,0.05)",22.906708,0.1,2
107,HNSW_HYBRID,"[0.00,0.05)",6.011375,1.0,2
107,IVFFLAT_HYBRID,"[0.00,0.05)",5.4175,1.0,2
107,SQL_FIRST,"[0.00,0.05)",5.374334,1.0,3
107,VECTOR_FIRST_HNSW,"[0.00,0.05)",22.853334,0.1,3
107,HNSW_HYBRID,"[0.00,0.05)",5.9345,1.0,3
107,IVFFLAT_HYBRID,"[0.00,0.05)",5.446583,1.0,3
107,SQL_FIRST,"[0.00,0.05)",5.429083,1.0,4
107,VECTOR_FIRST_HNSW,"[0.00,0.05)",22.939958,0.1,4
107,HNSW_HYBRID,"[0.00,0.05)",6.171375,1.0,4
107,IVFFLAT_HYBRID,"[0.00,0.05)",5.457084,1.0,4
108,SQL_FIRST,"[0.00,0.05)",4.475833,1.0,0
108,VECTOR_FIRST_HNSW,"[0.00,0.05)",22.854125,0.1,0
108,HNSW_HYBRID,"[0.00,0.05)",5.003917,1.0,0
108,IVFFLAT_HYBRID,"[0.00,0.05)",4.721958,1.0,0
108,SQL_FIRST,"[0.00,0.05)",4.96825,1.0,1
108,VECTOR_FIRST_HNSW,"[0.00,0.05)",23.717333,0.1,1
108,HNSW_HYBRID,"[0.00,0.05)",4.915208,1.0,1
108,IVFFLAT_HYBRID,"[0.00,0.05)",4.404083,1.0,1
108,SQL_FIRST,"[0.00,0.05)",4.397291,1.0,2
108,VECTOR_FIRST_HNSW,"[0.00,0.05)",23.036792,0.1,2
108,HNSW_HYBRID,"[0.00,0.05)",5.009,1.0,2
108,IVFFLAT_HYBRID,"[0.00,0.05)",4.494417,1.0,2
108,SQL_FIRST,"[0.00,0.05)",4.5795,1.0,3
108,VECTOR_FIRST_HNSW,"[0.00,0.05)",23.052125,0.1,3
108,HNSW_HYBRID,"[0.00,0.05)",5.080625,1.0,3
108,IVFFLAT_HYBRID,"[0.00,0.05)",4.62575,1.0,3
108,SQL_FIRST,"[0.00,0.05)",4.488041,1.0,4
108,VECTOR_FIRST_HNSW,"[0.00,0.05)",22.826708,0.1,4
108,HNSW_HYBRID,"[0.00,0.05)",5.035542,1.0,4
108,IVFFLAT_HYBRID,"[0.00,0.05)",4.499,1.0,4
109,SQL_FIRST,"[0.00,0.05)",9.102584,1.0,0
109,VECTOR_FIRST_HNSW,"[0.00,0.05)",23.33825,0.4,0
109,HNSW_HYBRID,"[0.00,0.05)",9.399792,1.0,0
109,IVFFLAT_HYBRID,"[0.00,0.05)",8.8195,1.0,0
109,SQL_FIRST,"[0.00,0.05)",8.686542,1.0,1
109,VECTOR_FIRST_HNSW,"[0.00,0.05)",23.009375,0.4,1
109,HNSW_HYBRID,"[0.00,0.05)",9.252375,1.0,1
109,IVFFLAT_HYBRID,"[0.00,0.05)",9.039417,1.0,1
109,SQL_FIRST,"[0.00,0.05)",8.760791,1.0,2
109,VECTOR_FIRST_HNSW,"[0.00,0.05)",22.88975,0.4,2
109,HNSW_HYBRID,"[0.00,0.05)",9.294333,1.0,2
109,IVFFLAT_HYBRID,"[0.00,0.05)",8.859833,1.0,2
109,SQL_FIRST,"[0.00,0.05)",9.017625,1.0,3
109,VECTOR_FIRST_HNSW,"[0.00,0.05)",23.085125,0.4,3
109,HNSW_HYBRID,"[0.00,0.05)",9.04475,1.0,3
109,IVFFLAT_HYBRID,"[0.00,0.05)",9.163041,1.0,3
109,SQL_FIRST,"[0.00,0.05)",8.801917,1.0,4
109,VECTOR_FIRST_HNSW,"[0.00,0.05)",23.062584,0.4,4
109,HNSW_HYBRID,"[0.00,0.05)",9.336625,1.0,4
109,IVFFLAT_HYBRID,"[0.00,0.05)",8.73825,1.0,4
110,SQL_FIRST,"[0.00,0.05)",9.74875,1.0,0
110,VECTOR_FIRST_HNSW,"[0.00,0.05)",22.962375,0.2,0
110,HNSW_HYBRID,"[0.00,0.05)",10.455042,1.0,0
110,IVFFLAT_HYBRID,"[0.00,0.05)",10.243166,1.0,0
110,SQL_FIRST,"[0.00,0.05)",9.763833,1.0,1
110,VECTOR_FIRST_HNSW,"[0.00,0.05)",23.453334,0.2,1
110,HNSW_HYBRID,"[0.00,0.05)",10.482166,1.0,1
110,IVFFLAT_HYBRID,"[0.00,0.05)",9.851625,1.0,1
110,SQL_FIRST,"[0.00,0.05)",10.17225,1.0,2
110,VECTOR_FIRST_HNSW,"[0.00,0.05)",22.875541,0.2,2
110,HNSW_HYBRID,"[0.00,0.05)",10.672833,1.0,2
110,IVFFLAT_HYBRID,"[0.00,0.05)",10.03,1.0,2
110,SQL_FIRST,"[0.00,0.05)",10.3015,1.0,3
110,VECTOR_FIRST_HNSW,"[0.00,0.05)",23.623083,0.2,3
110,HNSW_HYBRID,"[0.00,0.05)",10.218417,1.0,3
110,IVFFLAT_HYBRID,"[0.00,0.05)",10.219083,1.0,3
110,SQL_FIRST,"[0.00,0.05)",10.011666,1.0,4
110,VECTOR_FIRST_HNSW,"[0.00,0.05)",23.594375,0.2,4
110,HNSW_HYBRID,"[0.00,0.05)",10.316458,1.0,4
110,IVFFLAT_HYBRID,"[0.00,0.05)",9.855125,1.0,4
111,SQL_FIRST,"[0.00,0.05)",6.534833,1.0,0
111,VECTOR_FIRST_HNSW,"[0.00,0.05)",22.942541,0.3,0
111,HNSW_HYBRID,"[0.00,0.05)",7.121083,1.0,0
111,IVFFLAT_HYBRID,"[0.00,0.05)",6.550417,1.0,0
111,SQL_FIRST,"[0.00,0.05)",6.355875,1.0,1
111,VECTOR_FIRST_HNSW,"[0.00,0.05)",22.925916,0.3,1
111,HNSW_HYBRID,"[0.00,0.05)",7.056041,1.0,1
111,IVFFLAT_HYBRID,"[0.00,0.05)",6.33525,1.0,1
111,SQL_FIRST,"[0.00,0.05)",6.597542,1.0,2
111,VECTOR_FIRST_HNSW,"[0.00,0.05)",22.896416,0.3,2
111,HNSW_HYBRID,"[0.00,0.05)",7.548166,1.0,2
111,IVFFLAT_HYBRID,"[0.00,0.05)",6.595791,1.0,2
111,SQL_FIRST,"[0.00,0.05)",6.414875,1.0,3
111,VECTOR_FIRST_HNSW,"[0.00,0.05)",22.980542,0.3,3
111,HNSW_HYBRID,"[0.00,0.05)",7.140167,1.0,3
111,IVFFLAT_HYBRID,"[0.00,0.05)",6.541875,1.0,3
111,SQL_FIRST,"[0.00,0.05)",6.47,1.0,4
111,VECTOR_FIRST_HNSW,"[0.00,0.05)",22.991042,0.3,4
111,HNSW_HYBRID,"[0.00,0.05)",7.060375,1.0,4
111,IVFFLAT_HYBRID,"[0.00,0.05)",6.340041,1.0,4
112,SQL_FIRST,"[0.00,0.05)",9.365083,1.0,0
112,VECTOR_FIRST_HNSW,"[0.00,0.05)",24.057167,0.3,0
112,HNSW_HYBRID,"[0.00,0.05)",9.456459,1.0,0
112,IVFFLAT_HYBRID,"[0.00,0.05)",9.541292,1.0,0
112,SQL_FIRST,"[0.00,0.05)",8.838333,1.0,1
112,VECTOR_FIRST_HNSW,"[0.00,0.05)",23.091958,0.3,1
112,HNSW_HYBRID,"[0.00,0.05)",9.835833,1.0,1
112,IVFFLAT_HYBRID,"[0.00,0.05)",9.193875,1.0,1
112,SQL_FIRST,"[0.00,0.05)",9.747167,1.0,2
112,VECTOR_FIRST_HNSW,"[0.00,0.05)",23.017541,0.3,2
112,HNSW_HYBRID,"[0.00,0.05)",9.493375,1.0,2
112,IVFFLAT_HYBRID,"[0.00,0.05)",9.11275,1.0,2
112,SQL_FIRST,"[0.00,0.05)",9.334375,1.0,3
112,VECTOR_FIRST_HNSW,"[0.00,0.05)",23.097,0.3,3
112,HNSW_HYBRID,"[0.00,0.05)",9.395542,1.0,3
112,IVFFLAT_HYBRID,"[0.00,0.05)",8.823,1.0,3
112,SQL_FIRST,"[0.00,0.05)",9.157708,1.0,4
112,VECTOR_FIRST_HNSW,"[0.00,0.05)",22.958041,0.3,4
112,HNSW_HYBRID,"[0.00,0.05)",9.995833,1.0,4
112,IVFFLAT_HYBRID,"[0.00,0.05)",9.148708,1.0,4
114,SQL_FIRST,"[0.00,0.05)",9.147167,1.0,0
114,VECTOR_FIRST_HNSW,"[0.00,0.05)",23.025292,0.3,0
114,HNSW_HYBRID,"[0.00,0.05)",9.800625,1.0,0
114,IVFFLAT_HYBRID,"[0.00,0.05)",9.248584,1.0,0
114,SQL_FIRST,"[0.00,0.05)",9.4385,1.0,1
114,VECTOR_FIRST_HNSW,"[0.00,0.05)",23.48275,0.3,1
114,HNSW_HYBRID,"[0.00,0.05)",9.920417,1.0,1
114,IVFFLAT_HYBRID,"[0.00,0.05)",9.460291,1.0,1
114,SQL_FIRST,"[0.00,0.05)",9.641167,1.0,2
114,VECTOR_FIRST_HNSW,"[0.00,0.05)",23.122917,0.3,2
114,HNSW_HYBRID,"[0.00,0.05)",9.813833,1.0,2
114,IVFFLAT_HYBRID,"[0.00,0.05)",9.258083,1.0,2
114,SQL_FIRST,"[0.00,0.05)",9.316083,1.0,3
114,VECTOR_FIRST_HNSW,"[0.00,0.05)",23.089916,0.3,3
114,HNSW_HYBRID,"[0.00,0.05)",9.799667,1.0,3
114,IVFFLAT_HYBRID,"[0.00,0.05)",9.253875,1.0,3
114,SQL_FIRST,"[0.00,0.05)",9.660792,1.0,4
114,VECTOR_FIRST_HNSW,"[0.00,0.05)",22.9895,0.3,4
114,HNSW_HYBRID,"[0.00,0.05)",9.728375,1.0,4
114,IVFFLAT_HYBRID,"[0.00,0.05)",9.458542,1.0,4
116,SQL_FIRST,"[0.00,0.05)",8.877542,1.0,0
116,VECTOR_FIRST_HNSW,"[0.00,0.05)",23.167708,0.0,0
116,HNSW_HYBRID,"[0.00,0.05)",8.8545,1.0,0
116,IVFFLAT_HYBRID,"[0.00,0.05)",8.268167,1.0,0
116,SQL_FIRST,"[0.00,0.05)",8.7625,1.0,1
116,VECTOR_FIRST_HNSW,"[0.00,0.05)",23.75,0.0,1
116,HNSW_HYBRID,"[0.00,0.05)",8.807792,1.0,1
116,IVFFLAT_HYBRID,"[0.00,0.05)",8.161417,1.0,1
116,SQL_FIRST,"[0.00,0.05)",8.489833,1.0,2
116,VECTOR_FIRST_HNSW,"[0.00,0.05)",23.126541,0.0,2
116,HNSW_HYBRID,"[0.00,0.05)",9.23675,1.0,2
116,IVFFLAT_HYBRID,"[0.00,0.05)",8.923583,1.0,2
116,SQL_FIRST,"[0.00,0.05)",8.535959,1.0,3
116,VECTOR_FIRST_HNSW,"[0.00,0.05)",23.012916,0.0,3
116,HNSW_HYBRID,"[0.00,0.05)",8.833916,1.0,3
116,IVFFLAT_HYBRID,"[0.00,0.05)",8.696541,1.0,3
116,SQL_FIRST,"[0.00,0.05)",10.652125,1.0,4
116,VECTOR_FIRST_HNSW,"[0.00,0.05)",23.098708,0.0,4
116,HNSW_HYBRID,"[0.00,0.05)",8.828125,1.0,4
116,IVFFLAT_HYBRID,"[0.00,0.05)",8.222042,1.0,4
119,SQL_FIRST,"[0.00,0.05)",9.191458,1.0,0
119,VECTOR_FIRST_HNSW,"[0.00,0.05)",23.064125,0.8,0
119,HNSW_HYBRID,"[0.00,0.05)",9.526833,1.0,0
119,IVFFLAT_HYBRID,"[0.00,0.05)",10.165458,1.0,0
119,SQL_FIRST,"[0.00,0.05)",10.45,1.0,1
119,VECTOR_FIRST_HNSW,"[0.00,0.05)",23.089792,0.8,1
119,HNSW_HYBRID,"[0.00,0.05)",9.627375,1.0,1
119,IVFFLAT_HYBRID,"[0.00,0.05)",9.455042,1.0,1
119,SQL_FIRST,"[0.00,0.05)",9.724542,1.0,2
119,VECTOR_FIRST_HNSW,"[0.00,0.05)",23.234917,0.8,2
119,HNSW_HYBRID,"[0.00,0.05)",9.746375,1.0,2
119,IVFFLAT_HYBRID,"[0.00,0.05)",10.366958,1.0,2
119,SQL_FIRST,"[0.00,0.05)",10.953083,1.0,3
119,VECTOR_FIRST_HNSW,"[0.00,0.05)",22.890125,0.8,3
119,HNSW_HYBRID,"[0.00,0.05)",9.366667,1.0,3
119,IVFFLAT_HYBRID,"[0.00,0.05)",9.495583,1.0,3
119,SQL_FIRST,"[0.00,0.05)",9.717917,1.0,4
119,VECTOR_FIRST_HNSW,"[0.00,0.05)",23.7515,0.8,4
119,HNSW_HYBRID,"[0.00,0.05)",9.475125,1.0,4
119,IVFFLAT_HYBRID,"[0.00,0.05)",9.622209,1.0,4
121,SQL_FIRST,"[0.00,0.05)",5.643208,1.0,0
121,VECTOR_FIRST_HNSW,"[0.00,0.05)",22.93225,0.0,0
121,HNSW_HYBRID,"[0.00,0.05)",6.313708,1.0,0
121,IVFFLAT_HYBRID,"[0.00,0.05)",5.664584,1.0,0
121,SQL_FIRST,"[0.00,0.05)",5.750375,1.0,1
121,VECTOR_FIRST_HNSW,"[0.00,0.05)",22.975042,0.0,1
121,HNSW_HYBRID,"[0.00,0.05)",6.259041,1.0,1
121,IVFFLAT_HYBRID,"[0.00,0.05)",5.81825,1.0,1
121,SQL_FIRST,"[0.00,0.05)",6.019791,1.0,2
121,VECTOR_FIRST_HNSW,"[0.00,0.05)",25.209459,0.0,2
121,HNSW_HYBRID,"[0.00,0.05)",6.455042,1.0,2
121,IVFFLAT_HYBRID,"[0.00,0.05)",5.733833,1.0,2
121,SQL_FIRST,"[0.00,0.05)",5.596542,1.0,3
121,VECTOR_FIRST_HNSW,"[0.00,0.05)",22.87825,0.0,3
121,HNSW_HYBRID,"[0.00,0.05)",6.174708,1.0,3
121,IVFFLAT_HYBRID,"[0.00,0.05)",5.707542,1.0,3
121,SQL_FIRST,"[0.00,0.05)",5.574959,1.0,4
121,VECTOR_FIRST_HNSW,"[0.00,0.05)",22.875125,0.0,4
121,HNSW_HYBRID,"[0.00,0.05)",6.197084,1.0,4
121,IVFFLAT_HYBRID,"[0.00,0.05)",5.560458,1.0,4
124,SQL_FIRST,"[0.00,0.05)",10.936792,1.0,0
124,VECTOR_FIRST_HNSW,"[0.00,0.05)",23.057042,0.2,0
124,HNSW_HYBRID,"[0.00,0.05)",11.39425,1.0,0
124,IVFFLAT_HYBRID,"[0.00,0.05)",11.152208,1.0,0
124,SQL_FIRST,"[0.00,0.05)",10.932959,1.0,1
124,VECTOR_FIRST_HNSW,"[0.00,0.05)",23.139375,0.2,1
124,HNSW_HYBRID,"[0.00,0.05)",11.264416,1.0,1
124,IVFFLAT_HYBRID,"[0.00,0.05)",11.141292,1.0,1
124,SQL_FIRST,"[0.00,0.05)",10.881709,1.0,2
124,VECTOR_FIRST_HNSW,"[0.00,0.05)",23.356666,0.2,2
124,HNSW_HYBRID,"[0.00,0.05)",11.536166,1.0,2
124,IVFFLAT_HYBRID,"[0.00,0.05)",11.004125,1.0,2
124,SQL_FIRST,"[0.00,0.05)",11.507917,1.0,3
124,VECTOR_FIRST_HNSW,"[0.00,0.05)",23.016625,0.2,3
124,HNSW_HYBRID,"[0.00,0.05)",11.60875,1.0,3
124,IVFFLAT_HYBRID,"[0.00,0.05)",11.515417,1.0,3
124,SQL_FIRST,"[0.00,0.05)",11.075708,1.0,4
124,VECTOR_FIRST_HNSW,"[0.00,0.05)",23.029584,0.2,4
124,HNSW_HYBRID,"[0.00,0.05)",11.508417,1.0,4
124,IVFFLAT_HYBRID,"[0.00,0.05)",11.083959,1.0,4
128,SQL_FIRST,"[0.00,0.05)",7.50025,1.0,0
128,VECTOR_FIRST_HNSW,"[0.00,0.05)",22.98675,0.0,0
128,HNSW_HYBRID,"[0.00,0.05)",8.224917,1.0,0
128,IVFFLAT_HYBRID,"[0.00,0.05)",7.262167,1.0,0
128,SQL_FIRST,"[0.00,0.05)",7.467625,1.0,1
128,VECTOR_FIRST_HNSW,"[0.00,0.05)",22.986709,0.0,1
128,HNSW_HYBRID,"[0.00,0.05)",8.076125,1.0,1
128,IVFFLAT_HYBRID,"[0.00,0.05)",7.266958,1.0,1
128,SQL_FIRST,"[0.00,0.05)",7.404875,1.0,2
128,VECTOR_FIRST_HNSW,"[0.00,0.05)",23.029708,0.0,2
128,HNSW_HYBRID,"[0.00,0.05)",8.000667,1.0,2
128,IVFFLAT_HYBRID,"[0.00,0.05)",7.390625,1.0,2
128,SQL_FIRST,"[0.00,0.05)",7.323417,1.0,3
128,VECTOR_FIRST_HNSW,"[0.00,0.05)",23.001667,0.0,3
128,HNSW_HYBRID,"[0.00,0.05)",8.054666,1.0,3
128,IVFFLAT_HYBRID,"[0.00,0.05)",7.404375,1.0,3
128,SQL_FIRST,"[0.00,0.05)",7.178208,1.0,4
128,VECTOR_FIRST_HNSW,"[0.00,0.05)",23.002708,0.0,4
128,HNSW_HYBRID,"[0.00,0.05)",7.993375,1.0,4
128,IVFFLAT_HYBRID,"[0.00,0.05)",7.738708,1.0,4
129,SQL_FIRST,"[0.00,0.05)",9.50525,1.0,0
129,VECTOR_FIRST_HNSW,"[0.00,0.05)",23.021875,0.6,0
129,HNSW_HYBRID,"[0.00,0.05)",9.796,1.0,0
129,IVFFLAT_HYBRID,"[0.00,0.05)",9.421291,1.0,0
129,SQL_FIRST,"[0.00,0.05)",11.15075,1.0,1
129,VECTOR_FIRST_HNSW,"[0.00,0.05)",34.043416,0.6,1
129,HNSW_HYBRID,"[0.00,0.05)",15.160708,1.0,1
129,IVFFLAT_HYBRID,"[0.00,0.05)",15.891666,1.0,1
129,SQL_FIRST,"[0.00,0.05)",14.317417,1.0,2
129,VECTOR_FIRST_HNSW,"[0.00,0.05)",37.52075,0.6,2
129,HNSW_HYBRID,"[0.00,0.05)",10.677417,1.0,2
129,IVFFLAT_HYBRID,"[0.00,0.05)",9.748542,1.0,2
129,SQL_FIRST,"[0.00,0.05)",9.855583,1.0,3
129,VECTOR_FIRST_HNSW,"[0.00,0.05)",23.219541,0.6,3
129,HNSW_HYBRID,"[0.00,0.05)",9.826375,1.0,3
129,IVFFLAT_HYBRID,"[0.00,0.05)",9.742458,1.0,3
129,SQL_FIRST,"[0.00,0.05)",9.528708,1.0,4
129,VECTOR_FIRST_HNSW,"[0.00,0.05)",23.07025,0.6,4
129,HNSW_HYBRID,"[0.00,0.05)",9.4235,1.0,4
129,IVFFLAT_HYBRID,"[0.00,0.05)",9.4885,1.0,4
130,SQL_FIRST,"[0.00,0.05)",12.048,1.0,0
130,VECTOR_FIRST_HNSW,"[0.00,0.05)",22.988542,0.3,0
130,HNSW_HYBRID,"[0.00,0.05)",11.451,1.0,0
130,IVFFLAT_HYBRID,"[0.00,0.05)",11.061583,1.0,0
130,SQL_FIRST,"[0.00,0.05)",11.0915,1.0,1
130,VECTOR_FIRST_HNSW,"[0.00,0.05)",23.003125,0.3,1
130,HNSW_HYBRID,"[0.00,0.05)",11.782583,1.0,1
130,IVFFLAT_HYBRID,"[0.00,0.05)",11.996375,1.0,1
130,SQL_FIRST,"[0.00,0.05)",12.014042,1.0,2
130,VECTOR_FIRST_HNSW,"[0.00,0.05)",23.261,0.3,2
130,HNSW_HYBRID,"[0.00,0.05)",11.44375,1.0,2
130,IVFFLAT_HYBRID,"[0.00,0.05)",11.208666,1.0,2
130,SQL_FIRST,"[0.00,0.05)",11.168542,1.0,3
130,VECTOR_FIRST_HNSW,"[0.00,0.05)",26.656208,0.3,3
130,HNSW_HYBRID,"[0.00,0.05)",12.081708,1.0,3
130,IVFFLAT_HYBRID,"[0.00,0.05)",11.60175,1.0,3
130,SQL_FIRST,"[0.00,0.05)",11.279792,1.0,4
130,VECTOR_FIRST_HNSW,"[0.00,0.05)",23.121875,0.3,4
130,HNSW_HYBRID,"[0.00,0.05)",11.756208,1.0,4
130,IVFFLAT_HYBRID,"[0.00,0.05)",11.322,1.0,4
131,SQL_FIRST,"[0.00,0.05)",7.307875,1.0,0
131,VECTOR_FIRST_HNSW,"[0.00,0.05)",23.020583,0.0,0
131,HNSW_HYBRID,"[0.00,0.05)",7.6915,1.0,0
131,IVFFLAT_HYBRID,"[0.00,0.05)",7.1435,1.0,0
131,SQL_FIRST,"[0.00,0.05)",7.098125,1.0,1
131,VECTOR_FIRST_HNSW,"[0.00,0.05)",23.073334,0.0,1
131,HNSW_HYBRID,"[0.00,0.05)",7.705834,1.0,1
131,IVFFLAT_HYBRID,"[0.00,0.05)",7.297333,1.0,1
131,SQL_FIRST,"[0.00,0.05)",7.336958,1.0,2
131,VECTOR_FIRST_HNSW,"[0.00,0.05)",23.607,0.0,2
131,HNSW_HYBRID,"[0.00,0.05)",7.978125,1.0,2
131,IVFFLAT_HYBRID,"[0.00,0.05)",8.218917,1.0,2
131,SQL_FIRST,"[0.00,0.05)",7.346792,1.0,3
131,VECTOR_FIRST_HNSW,"[0.00,0.05)",23.183959,0.0,3
131,HNSW_HYBRID,"[0.00,0.05)",7.640375,1.0,3
131,IVFFLAT_HYBRID,"[0.00,0.05)",7.433333,1.0,3
131,SQL_FIRST,"[0.00,0.05)",7.389708,1.0,4
131,VECTOR_FIRST_HNSW,"[0.00,0.05)",23.282917,0.0,4
131,HNSW_HYBRID,"[0.00,0.05)",7.680625,1.0,4
131,IVFFLAT_HYBRID,"[0.00,0.05)",7.413209,1.0,4
133,SQL_FIRST,"[0.00,0.05)",5.477625,1.0,0
133,VECTOR_FIRST_HNSW,"[0.00,0.05)",23.149292,0.0,0
133,HNSW_HYBRID,"[0.00,0.05)",5.914459,1.0,0
133,IVFFLAT_HYBRID,"[0.00,0.05)",5.561459,1.0,0
133,SQL_FIRST,"[0.00,0.05)",5.418583,1.0,1
133,VECTOR_FIRST_HNSW,"[0.00,0.05)",22.983333,0.0,1
133,HNSW_HYBRID,"[0.00,0.05)",6.33275,1.0,1
133,IVFFLAT_HYBRID,"[0.00,0.05)",5.493375,1.0,1
133,SQL_FIRST,"[0.00,0.05)",5.456041,1.0,2
133,VECTOR_FIRST_HNSW,"[0.00,0.05)",22.998792,0.0,2
133,HNSW_HYBRID,"[0.00,0.05)",6.026583,1.0,2
133,IVFFLAT_HYBRID,"[0.00,0.05)",5.677458,1.0,2
133,SQL_FIRST,"[0.00,0.05)",5.594542,1.0,3
133,VECTOR_FIRST_HNSW,"[0.00,0.05)",23.211584,0.0,3
133,HNSW_HYBRID,"[0.00,0.05)",5.891667,1.0,3
133,IVFFLAT_HYBRID,"[0.00,0.05)",5.288292,1.0,3
133,SQL_FIRST,"[0.00,0.05)",5.450584,1.0,4
133,VECTOR_FIRST_HNSW,"[0.00,0.05)",23.268333,0.0,4
133,HNSW_HYBRID,"[0.00,0.05)",5.9815,1.0,4
133,IVFFLAT_HYBRID,"[0.00,0.05)",5.515458,1.0,4
134,SQL_FIRST,"[0.00,0.05)",9.122667,1.0,0
134,VECTOR_FIRST_HNSW,"[0.00,0.05)",22.99775,0.3,0
134,HNSW_HYBRID,"[0.00,0.05)",9.5925,1.0,0
134,IVFFLAT_HYBRID,"[0.00,0.05)",9.127792,1.0,0
134,SQL_FIRST,"[0.00,0.05)",9.089542,1.0,1
134,VECTOR_FIRST_HNSW,"[0.00,0.05)",23.04425,0.3,1
134,HNSW_HYBRID,"[0.00,0.05)",9.592625,1.0,1
134,IVFFLAT_HYBRID,"[0.00,0.05)",8.856333,1.0,1
134,SQL_FIRST,"[0.00,0.05)",9.188375,1.0,2
134,VECTOR_FIRST_HNSW,"[0.00,0.05)",22.998334,0.3,2
134,HNSW_HYBRID,"[0.00,0.05)",9.670708,1.0,2
134,IVFFLAT_HYBRID,"[0.00,0.05)",9.040708,1.0,2
134,SQL_FIRST,"[0.00,0.05)",8.738958,1.0,3
134,VECTOR_FIRST_HNSW,"[0.00,0.05)",23.056709,0.3,3
134,HNSW_HYBRID,"[0.00,0.05)",9.644125,1.0,3
134,IVFFLAT_HYBRID,"[0.00,0.05)",9.227083,1.0,3
134,SQL_FIRST,"[0.00,0.05)",9.095709,1.0,4
134,VECTOR_FIRST_HNSW,"[0.00,0.05)",22.907042,0.3,4
134,HNSW_HYBRID,"[0.00,0.05)",9.8775,1.0,4
134,IVFFLAT_HYBRID,"[0.00,0.05)",9.074459,1.0,4
136,SQL_FIRST,"[0.00,0.05)",8.614458,1.0,0
136,VECTOR_FIRST_HNSW,"[0.00,0.05)",22.898417,0.2,0
136,HNSW_HYBRID,"[0.00,0.05)",9.275917,1.0,0
136,IVFFLAT_HYBRID,"[0.00,0.05)",8.712292,1.0,0
136,SQL_FIRST,"[0.00,0.05)",8.741,1.0,1
136,VECTOR_FIRST_HNSW,"[0.00,0.05)",23.591084,0.2,1
136,HNSW_HYBRID,"[0.00,0.05)",10.01575,1.0,1
136,IVFFLAT_HYBRID,"[0.00,0.05)",8.986792,1.0,1
136,SQL_FIRST,"[0.00,0.05)",8.858875,1.0,2
136,VECTOR_FIRST_HNSW,"[0.00,0.05)",23.039583,0.2,2
136,HNSW_HYBRID,"[0.00,0.05)",9.410583,1.0,2
136,IVFFLAT_HYBRID,"[0.00,0.05)",9.431333,1.0,2
136,SQL_FIRST,"[0.00,0.05)",9.27275,1.0,3
136,VECTOR_FIRST_HNSW,"[0.00,0.05)",22.907167,0.2,3
136,HNSW_HYBRID,"[0.00,0.05)",9.481625,1.0,3
136,IVFFLAT_HYBRID,"[0.00,0.05)",9.026208,1.0,3
136,SQL_FIRST,"[0.00,0.05)",8.761792,1.0,4
136,VECTOR_FIRST_HNSW,"[0.00,0.05)",23.000667,0.2,4
136,HNSW_HYBRID,"[0.00,0.05)",9.116167,1.0,4
136,IVFFLAT_HYBRID,"[0.00,0.05)",9.071459,1.0,4
137,SQL_FIRST,"[0.00,0.05)",8.139375,1.0,0
137,VECTOR_FIRST_HNSW,"[0.00,0.05)",22.999916,0.2,0
137,HNSW_HYBRID,"[0.00,0.05)",8.892041,1.0,0
137,IVFFLAT_HYBRID,"[0.00,0.05)",8.506417,1.0,0
137,SQL_FIRST,"[0.00,0.05)",8.241625,1.0,1
137,VECTOR_FIRST_HNSW,"[0.00,0.05)",22.976125,0.2,1
137,HNSW_HYBRID,"[0.00,0.05)",9.067084,1.0,1
137,IVFFLAT_HYBRID,"[0.00,0.05)",8.413,1.0,1
137,SQL_FIRST,"[0.00,0.05)",8.223958,1.0,2
137,VECTOR_FIRST_HNSW,"[0.00,0.05)",23.011,0.2,2
137,HNSW_HYBRID,"[0.00,0.05)",8.810625,1.0,2
137,IVFFLAT_HYBRID,"[0.00,0.05)",8.3915,1.0,2
137,SQL_FIRST,"[0.00,0.05)",8.018,1.0,3
137,VECTOR_FIRST_HNSW,"[0.00,0.05)",22.960208,0.2,3
137,HNSW_HYBRID,"[0.00,0.05)",9.272875,1.0,3
137,IVFFLAT_HYBRID,"[0.00,0.05)",8.684792,1.0,3
137,SQL_FIRST,"[0.00,0.05)",8.123958,1.0,4
137,VECTOR_FIRST_HNSW,"[0.00,0.05)",23.018666,0.2,4
137,HNSW_HYBRID,"[0.00,0.05)",8.885792,1.0,4
137,IVFFLAT_HYBRID,"[0.00,0.05)",8.46625,1.0,4
138,SQL_FIRST,"[0.00,0.05)",9.638,1.0,0
138,VECTOR_FIRST_HNSW,"[0.00,0.05)",23.067416,0.2,0
138,HNSW_HYBRID,"[0.00,0.05)",9.406708,1.0,0
138,IVFFLAT_HYBRID,"[0.00,0.05)",9.185417,1.0,0
138,SQL_FIRST,"[0.00,0.05)",8.798833,1.0,1
138,VECTOR_FIRST_HNSW,"[0.00,0.05)",23.222,0.2,1
138,HNSW_HYBRID,"[0.00,0.05)",9.241042,1.0,1
138,IVFFLAT_HYBRID,"[0.00,0.05)",8.443375,1.0,1
138,SQL_FIRST,"[0.00,0.05)",8.688541,1.0,2
138,VECTOR_FIRST_HNSW,"[0.00,0.05)",23.024125,0.2,2
138,HNSW_HYBRID,"[0.00,0.05)",9.229042,1.0,2
138,IVFFLAT_HYBRID,"[0.00,0.05)",8.773667,1.0,2
138,SQL_FIRST,"[0.00,0.05)",8.5945,1.0,3
138,VECTOR_FIRST_HNSW,"[0.00,0.05)",22.845209,0.2,3
138,HNSW_HYBRID,"[0.00,0.05)",9.279958,1.0,3
138,IVFFLAT_HYBRID,"[0.00,0.05)",8.979375,1.0,3
138,SQL_FIRST,"[0.00,0.05)",8.719125,1.0,4
138,VECTOR_FIRST_HNSW,"[0.00,0.05)",22.834167,0.2,4
138,HNSW_HYBRID,"[0.00,0.05)",9.205125,1.0,4
138,IVFFLAT_HYBRID,"[0.00,0.05)",8.8225,1.0,4
139,SQL_FIRST,"[0.00,0.05)",10.314291,1.0,0
139,VECTOR_FIRST_HNSW,"[0.00,0.05)",22.922875,0.3,0
139,HNSW_HYBRID,"[0.00,0.05)",10.805458,1.0,0
139,IVFFLAT_HYBRID,"[0.00,0.05)",10.363708,1.0,0
139,SQL_FIRST,"[0.00,0.05)",10.475542,1.0,1
139,VECTOR_FIRST_HNSW,"[0.00,0.05)",24.551083,0.3,1
139,HNSW_HYBRID,"[0.00,0.05)",10.785375,1.0,1
139,IVFFLAT_HYBRID,"[0.00,0.05)",10.746375,1.0,1
139,SQL_FIRST,"[0.00,0.05)",10.805208,1.0,2
139,VECTOR_FIRST_HNSW,"[0.00,0.05)",22.931166,0.3,2
139,HNSW_HYBRID,"[0.00,0.05)",11.04725,1.0,2
139,IVFFLAT_HYBRID,"[0.00,0.05)",10.435042,1.0,2
139,SQL_FIRST,"[0.00,0.05)",10.200583,1.0,3
139,VECTOR_FIRST_HNSW,"[0.00,0.05)",23.486083,0.3,3
139,HNSW_HYBRID,"[0.00,0.05)",11.212959,1.0,3
139,IVFFLAT_HYBRID,"[0.00,0.05)",10.66275,1.0,3
139,SQL_FIRST,"[0.00,0.05)",10.234792,1.0,4
139,VECTOR_FIRST_HNSW,"[0.00,0.05)",23.305541,0.3,4
139,HNSW_HYBRID,"[0.00,0.05)",11.216,1.0,4
139,IVFFLAT_HYBRID,"[0.00,0.05)",10.478375,1.0,4
142,SQL_FIRST,"[0.00,0.05)",11.648334,1.0,0
142,VECTOR_FIRST_HNSW,"[0.00,0.05)",22.880458,0.6,0
142,HNSW_HYBRID,"[0.00,0.05)",11.892708,1.0,0
142,IVFFLAT_HYBRID,"[0.00,0.05)",11.285125,1.0,0
142,SQL_FIRST,"[0.00,0.05)",11.064542,1.0,1
142,VECTOR_FIRST_HNSW,"[0.00,0.05)",23.035125,0.6,1
142,HNSW_HYBRID,"[0.00,0.05)",11.448458,1.0,1
142,IVFFLAT_HYBRID,"[0.00,0.05)",11.336917,1.0,1
142,SQL_FIRST,"[0.00,0.05)",11.226833,1.0,2
142,VECTOR_FIRST_HNSW,"[0.00,0.05)",22.973708,0.6,2
142,HNSW_HYBRID,"[0.00,0.05)",11.479709,1.0,2
142,IVFFLAT_HYBRID,"[0.00,0.05)",11.348708,1.0,2
142,SQL_FIRST,"[0.00,0.05)",11.009334,1.0,3
142,VECTOR_FIRST_HNSW,"[0.00,0.05)",23.074917,0.6,3
142,HNSW_HYBRID,"[0.00,0.05)",12.36775,1.0,3
142,IVFFLAT_HYBRID,"[0.00,0.05)",12.516875,1.0,3
142,SQL_FIRST,"[0.00,0.05)",11.257542,1.0,4
142,VECTOR_FIRST_HNSW,"[0.00,0.05)",23.470542,0.6,4
142,HNSW_HYBRID,"[0.00,0.05)",11.461209,1.0,4
142,IVFFLAT_HYBRID,"[0.00,0.05)",11.231333,1.0,4
146,SQL_FIRST,"[0.00,0.05)",8.235834,1.0,0
146,VECTOR_FIRST_HNSW,"[0.00,0.05)",23.143333,0.2,0
146,HNSW_HYBRID,"[0.00,0.05)",9.093,1.0,0
146,IVFFLAT_HYBRID,"[0.00,0.05)",8.233833,1.0,0
146,SQL_FIRST,"[0.00,0.05)",8.622458,1.0,1
146,VECTOR_FIRST_HNSW,"[0.00,0.05)",22.901292,0.2,1
146,HNSW_HYBRID,"[0.00,0.05)",8.49725,1.0,1
146,IVFFLAT_HYBRID,"[0.00,0.05)",8.026208,1.0,1
146,SQL_FIRST,"[0.00,0.05)",8.129333,1.0,2
146,VECTOR_FIRST_HNSW,"[0.00,0.05)",23.538625,0.2,2
146,HNSW_HYBRID,"[0.00,0.05)",8.608417,1.0,2
146,IVFFLAT_HYBRID,"[0.00,0.05)",7.887666,1.0,2
146,SQL_FIRST,"[0.00,0.05)",7.609959,1.0,3
146,VECTOR_FIRST_HNSW,"[0.00,0.05)",22.932708,0.2,3
146,HNSW_HYBRID,"[0.00,0.05)",8.646292,1.0,3
146,IVFFLAT_HYBRID,"[0.00,0.05)",8.169042,1.0,3
146,SQL_FIRST,"[0.00,0.05)",7.803833,1.0,4
146,VECTOR_FIRST_HNSW,"[0.00,0.05)",22.957625,0.2,4
146,HNSW_HYBRID,"[0.00,0.05)",8.62275,1.0,4
146,IVFFLAT_HYBRID,"[0.00,0.05)",8.01925,1.0,4
149,SQL_FIRST,"[0.00,0.05)",8.885042,1.0,0
149,VECTOR_FIRST_HNSW,"[0.00,0.05)",22.98175,0.5,0
149,HNSW_HYBRID,"[0.00,0.05)",9.185667,1.0,0
149,IVFFLAT_HYBRID,"[0.00,0.05)",8.61625,1.0,0
149,SQL_FIRST,"[0.00,0.05)",8.703541,1.0,1
149,VECTOR_FIRST_HNSW,"[0.00,0.05)",23.033459,0.5,1
149,HNSW_HYBRID,"[0.00,0.05)",9.405584,1.0,1
149,IVFFLAT_HYBRID,"[0.00,0.05)",8.75875,1.0,1
149,SQL_FIRST,"[0.00,0.05)",8.6975,1.0,2
149,VECTOR_FIRST_HNSW,"[0.00,0.05)",25.636542,0.5,2
149,HNSW_HYBRID,"[0.00,0.05)",9.25425,1.0,2
149,IVFFLAT_HYBRID,"[0.00,0.05)",8.770958,1.0,2
149,SQL_FIRST,"[0.00,0.05)",8.716625,1.0,3
149,VECTOR_FIRST_HNSW,"[0.00,0.05)",23.386458,0.5,3
149,HNSW_HYBRID,"[0.00,0.05)",8.9555,1.0,3
149,IVFFLAT_HYBRID,"[0.00,0.05)",8.684084,1.0,3
149,SQL_FIRST,"[0.00,0.05)",8.618583,1.0,4
149,VECTOR_FIRST_HNSW,"[0.00,0.05)",22.971417,0.5,4
149,HNSW_HYBRID,"[0.00,0.05)",9.113291,1.0,4
149,IVFFLAT_HYBRID,"[0.00,0.05)",9.072834,1.0,4
150,SQL_FIRST,"[0.00,0.05)",4.704667,1.0,0
150,VECTOR_FIRST_HNSW,"[0.00,0.05)",22.944292,0.1,0
150,HNSW_HYBRID,"[0.00,0.05)",5.154875,1.0,0
150,IVFFLAT_HYBRID,"[0.00,0.05)",4.746292,1.0,0
150,SQL_FIRST,"[0.00,0.05)",4.908458,1.0,1
150,VECTOR_FIRST_HNSW,"[0.00,0.05)",23.017291,0.1,1
150,HNSW_HYBRID,"[0.00,0.05)",5.206292,1.0,1
150,IVFFLAT_HYBRID,"[0.00,0.05)",4.661,1.0,1
150,SQL_FIRST,"[0.00,0.05)",4.646375,1.0,2
150,VECTOR_FIRST_HNSW,"[0.00,0.05)",22.879875,0.1,2
150,HNSW_HYBRID,"[0.00,0.05)",5.243916,1.0,2
150,IVFFLAT_HYBRID,"[0.00,0.05)",4.673125,1.0,2
150,SQL_FIRST,"[0.00,0.05)",4.784708,1.0,3
150,VECTOR_FIRST_HNSW,"[0.00,0.05)",22.977833,0.1,3
150,HNSW_HYBRID,"[0.00,0.05)",5.140834,1.0,3
150,IVFFLAT_HYBRID,"[0.00,0.05)",4.808042,1.0,3
150,SQL_FIRST,"[0.00,0.05)",4.730917,1.0,4
150,VECTOR_FIRST_HNSW,"[0.00,0.05)",23.3305,0.1,4
150,HNSW_HYBRID,"[0.00,0.05)",5.434042,1.0,4
150,IVFFLAT_HYBRID,"[0.00,0.05)",4.764417,1.0,4
151,SQL_FIRST,"[0.00,0.05)",9.963417,1.0,0
151,VECTOR_FIRST_HNSW,"[0.00,0.05)",22.942041,0.5,0
151,HNSW_HYBRID,"[0.00,0.05)",9.776166,1.0,0
151,IVFFLAT_HYBRID,"[0.00,0.05)",9.506958,1.0,0
151,SQL_FIRST,"[0.00,0.05)",9.545583,1.0,1
151,VECTOR_FIRST_HNSW,"[0.00,0.05)",23.001292,0.5,1
151,HNSW_HYBRID,"[0.00,0.05)",9.678583,1.0,1
151,IVFFLAT_HYBRID,"[0.00,0.05)",9.651208,1.0,1
151,SQL_FIRST,"[0.00,0.05)",9.042583,1.0,2
151,VECTOR_FIRST_HNSW,"[0.00,0.05)",23.049083,0.5,2
151,HNSW_HYBRID,"[0.00,0.05)",9.910541,1.0,2
151,IVFFLAT_HYBRID,"[0.00,0.05)",9.514583,1.0,2
151,SQL_FIRST,"[0.00,0.05)",9.30375,1.0,3
151,VECTOR_FIRST_HNSW,"[0.00,0.05)",23.052875,0.5,3
151,HNSW_HYBRID,"[0.00,0.05)",9.829708,1.0,3
151,IVFFLAT_HYBRID,"[0.00,0.05)",9.407,1.0,3
151,SQL_FIRST,"[0.00,0.05)",9.352125,1.0,4
151,VECTOR_FIRST_HNSW,"[0.00,0.05)",22.890292,0.5,4
151,HNSW_HYBRID,"[0.00,0.05)",9.811041,1.0,4
151,IVFFLAT_HYBRID,"[0.00,0.05)",9.832958,1.0,4
153,SQL_FIRST,"[0.00,0.05)",7.84475,1.0,0
153,VECTOR_FIRST_HNSW,"[0.00,0.05)",22.988208,0.3,0
153,HNSW_HYBRID,"[0.00,0.05)",7.998833,1.0,0
153,IVFFLAT_HYBRID,"[0.00,0.05)",7.172667,1.0,0
153,SQL_FIRST,"[0.00,0.05)",7.677917,1.0,1
153,VECTOR_FIRST_HNSW,"[0.00,0.05)",22.948,0.3,1
153,HNSW_HYBRID,"[0.00,0.05)",8.182459,1.0,1
153,IVFFLAT_HYBRID,"[0.00,0.05)",7.439584,1.0,1
153,SQL_FIRST,"[0.00,0.05)",7.321375,1.0,2
153,VECTOR_FIRST_HNSW,"[0.00,0.05)",22.9025,0.3,2
153,HNSW_HYBRID,"[0.00,0.05)",8.124333,1.0,2
153,IVFFLAT_HYBRID,"[0.00,0.05)",7.361958,1.0,2
153,SQL_FIRST,"[0.00,0.05)",7.565042,1.0,3
153,VECTOR_FIRST_HNSW,"[0.00,0.05)",23.068875,0.3,3
153,HNSW_HYBRID,"[0.00,0.05)",8.001292,1.0,3
153,IVFFLAT_HYBRID,"[0.00,0.05)",7.618458,1.0,3
153,SQL_FIRST,"[0.00,0.05)",7.285458,1.0,4
153,VECTOR_FIRST_HNSW,"[0.00,0.05)",22.977334,0.3,4
153,HNSW_HYBRID,"[0.00,0.05)",7.994542,1.0,4
153,IVFFLAT_HYBRID,"[0.00,0.05)",7.433625,1.0,4
154,SQL_FIRST,"[0.00,0.05)",8.953,1.0,0
154,VECTOR_FIRST_HNSW,"[0.00,0.05)",23.048167,0.3,0
154,HNSW_HYBRID,"[0.00,0.05)",9.523292,1.0,0
154,IVFFLAT_HYBRID,"[0.00,0.05)",9.0045,1.0,0
154,SQL_FIRST,"[0.00,0.05)",9.524791,1.0,1
154,VECTOR_FIRST_HNSW,"[0.00,0.05)",23.578666,0.3,1
154,HNSW_HYBRID,"[0.00,0.05)",9.570917,1.0,1
154,IVFFLAT_HYBRID,"[0.00,0.05)",9.155834,1.0,1
154,SQL_FIRST,"[0.00,0.05)",9.027209,1.0,2
154,VECTOR_FIRST_HNSW,"[0.00,0.05)",22.999,0.3,2
154,HNSW_HYBRID,"[0.00,0.05)",9.295542,1.0,2
154,IVFFLAT_HYBRID,"[0.00,0.05)",8.874292,1.0,2
154,SQL_FIRST,"[0.00,0.05)",8.816959,1.0,3
154,VECTOR_FIRST_HNSW,"[0.00,0.05)",23.936542,0.3,3
154,HNSW_HYBRID,"[0.00,0.05)",9.710792,1.0,3
154,IVFFLAT_HYBRID,"[0.00,0.05)",9.017125,1.0,3
154,SQL_FIRST,"[0.00,0.05)",8.885,1.0,4
154,VECTOR_FIRST_HNSW,"[0.00,0.05)",23.239625,0.3,4
154,HNSW_HYBRID,"[0.00,0.05)",9.502625,1.0,4
154,IVFFLAT_HYBRID,"[0.00,0.05)",9.357417,1.0,4
155,SQL_FIRST,"[0.00,0.05)",7.28,1.0,0
155,VECTOR_FIRST_HNSW,"[0.00,0.05)",22.880042,0.1,0
155,HNSW_HYBRID,"[0.00,0.05)",7.869208,1.0,0
155,IVFFLAT_HYBRID,"[0.00,0.05)",7.773792,1.0,0
155,SQL_FIRST,"[0.00,0.05)",7.40575,1.0,1
155,VECTOR_FIRST_HNSW,"[0.00,0.05)",23.391083,0.1,1
155,HNSW_HYBRID,"[0.00,0.05)",8.376042,1.0,1
155,IVFFLAT_HYBRID,"[0.00,0.05)",7.914375,1.0,1
155,SQL_FIRST,"[0.00,0.05)",7.2345,1.0,2
155,VECTOR_FIRST_HNSW,"[0.00,0.05)",22.973625,0.1,2
155,HNSW_HYBRID,"[0.00,0.05)",8.074667,1.0,2
155,IVFFLAT_HYBRID,"[0.00,0.05)",7.299917,1.0,2
155,SQL_FIRST,"[0.00,0.05)",7.506416,1.0,3
155,VECTOR_FIRST_HNSW,"[0.00,0.05)",22.901875,0.1,3
155,HNSW_HYBRID,"[0.00,0.05)",8.073375,1.0,3
155,IVFFLAT_HYBRID,"[0.00,0.05)",7.197125,1.0,3
155,SQL_FIRST,"[0.00,0.05)",7.368375,1.0,4
155,VECTOR_FIRST_HNSW,"[0.00,0.05)",23.812459,0.1,4
155,HNSW_HYBRID,"[0.00,0.05)",8.466209,1.0,4
155,IVFFLAT_HYBRID,"[0.00,0.05)",7.180709,1.0,4
156,SQL_FIRST,"[0.00,0.05)",1.250834,1.0,0
156,VECTOR_FIRST_HNSW,"[0.00,0.05)",23.312333,0.0,0
156,HNSW_HYBRID,"[0.00,0.05)",2.582208,1.0,0
156,IVFFLAT_HYBRID,"[0.00,0.05)",1.601042,1.0,0
156,SQL_FIRST,"[0.00,0.05)",1.28425,1.0,1
156,VECTOR_FIRST_HNSW,"[0.00,0.05)",23.061167,0.0,1
156,HNSW_HYBRID,"[0.00,0.05)",1.540375,1.0,1
156,IVFFLAT_HYBRID,"[0.00,0.05)",1.375083,1.0,1
156,SQL_FIRST,"[0.00,0.05)",1.323209,1.0,2
156,VECTOR_FIRST_HNSW,"[0.00,0.05)",22.84325,0.0,2
156,HNSW_HYBRID,"[0.00,0.05)",1.588666,1.0,2
156,IVFFLAT_HYBRID,"[0.00,0.05)",1.35675,1.0,2
156,SQL_FIRST,"[0.00,0.05)",1.316042,1.0,3
156,VECTOR_FIRST_HNSW,"[0.00,0.05)",22.859291,0.0,3
156,HNSW_HYBRID,"[0.00,0.05)",1.578208,1.0,3
156,IVFFLAT_HYBRID,"[0.00,0.05)",1.274583,1.0,3
156,SQL_FIRST,"[0.00,0.05)",1.273709,1.0,4
156,VECTOR_FIRST_HNSW,"[0.00,0.05)",23.7395,0.0,4
156,HNSW_HYBRID,"[0.00,0.05)",1.595625,1.0,4
156,IVFFLAT_HYBRID,"[0.00,0.05)",1.331333,1.0,4
157,SQL_FIRST,"[0.00,0.05)",9.548084,1.0,0
157,VECTOR_FIRST_HNSW,"[0.00,0.05)",23.005,0.3,0
157,HNSW_HYBRID,"[0.00,0.05)",9.726042,1.0,0
157,IVFFLAT_HYBRID,"[0.00,0.05)",9.321833,1.0,0
157,SQL_FIRST,"[0.00,0.05)",9.284542,1.0,1
157,VECTOR_FIRST_HNSW,"[0.00,0.05)",22.981541,0.3,1
157,HNSW_HYBRID,"[0.00,0.05)",9.651959,1.0,1
157,IVFFLAT_HYBRID,"[0.00,0.05)",8.940542,1.0,1
157,SQL_FIRST,"[0.00,0.05)",9.581708,1.0,2
157,VECTOR_FIRST_HNSW,"[0.00,0.05)",23.099,0.3,2
157,HNSW_HYBRID,"[0.00,0.05)",9.754041,1.0,2
157,IVFFLAT_HYBRID,"[0.00,0.05)",9.309834,1.0,2
157,SQL_FIRST,"[0.00,0.05)",9.020458,1.0,3
157,VECTOR_FIRST_HNSW,"[0.00,0.05)",22.932,0.3,3
157,HNSW_HYBRID,"[0.00,0.05)",9.6815,1.0,3
157,IVFFLAT_HYBRID,"[0.00,0.05)",9.802417,1.0,3
157,SQL_FIRST,"[0.00,0.05)",9.216209,1.0,4
157,VECTOR_FIRST_HNSW,"[0.00,0.05)",23.141167,0.3,4
157,HNSW_HYBRID,"[0.00,0.05)",9.764291,1.0,4
157,IVFFLAT_HYBRID,"[0.00,0.05)",9.314208,1.0,4
161,SQL_FIRST,"[0.00,0.05)",9.843667,1.0,0
161,VECTOR_FIRST_HNSW,"[0.00,0.05)",23.486958,0.3,0
161,HNSW_HYBRID,"[0.00,0.05)",9.476958,1.0,0
161,IVFFLAT_HYBRID,"[0.00,0.05)",9.084167,1.0,0
161,SQL_FIRST,"[0.00,0.05)",9.474625,1.0,1
161,VECTOR_FIRST_HNSW,"[0.00,0.05)",22.954625,0.3,1
161,HNSW_HYBRID,"[0.00,0.05)",9.509792,1.0,1
161,IVFFLAT_HYBRID,"[0.00,0.05)",9.080375,1.0,1
161,SQL_FIRST,"[0.00,0.05)",8.675917,1.0,2
161,VECTOR_FIRST_HNSW,"[0.00,0.05)",23.411333,0.3,2
161,HNSW_HYBRID,"[0.00,0.05)",9.972375,1.0,2
161,IVFFLAT_HYBRID,"[0.00,0.05)",9.938167,1.0,2
161,SQL_FIRST,"[0.00,0.05)",9.263042,1.0,3
161,VECTOR_FIRST_HNSW,"[0.00,0.05)",22.9725,0.3,3
161,HNSW_HYBRID,"[0.00,0.05)",9.567541,1.0,3
161,IVFFLAT_HYBRID,"[0.00,0.05)",9.434833,1.0,3
161,SQL_FIRST,"[0.00,0.05)",9.707792,1.0,4
161,VECTOR_FIRST_HNSW,"[0.00,0.05)",22.933125,0.3,4
161,HNSW_HYBRID,"[0.00,0.05)",9.656416,1.0,4
161,IVFFLAT_HYBRID,"[0.00,0.05)",9.208959,1.0,4
162,SQL_FIRST,"[0.00,0.05)",8.85825,1.0,0
162,VECTOR_FIRST_HNSW,"[0.00,0.05)",23.014459,0.9,0
162,HNSW_HYBRID,"[0.00,0.05)",9.434792,1.0,0
162,IVFFLAT_HYBRID,"[0.00,0.05)",8.989375,1.0,0
162,SQL_FIRST,"[0.00,0.05)",8.802833,1.0,1
162,VECTOR_FIRST_HNSW,"[0.00,0.05)",22.948708,0.9,1
162,HNSW_HYBRID,"[0.00,0.05)",9.351041,1.0,1
162,IVFFLAT_HYBRID,"[0.00,0.05)",9.338417,1.0,1
162,SQL_FIRST,"[0.00,0.05)",8.813084,1.0,2
162,VECTOR_FIRST_HNSW,"[0.00,0.05)",22.877584,0.9,2
162,HNSW_HYBRID,"[0.00,0.05)",9.5115,1.0,2
162,IVFFLAT_HYBRID,"[0.00,0.05)",9.134875,1.0,2
162,SQL_FIRST,"[0.00,0.05)",8.889916,1.0,3
162,VECTOR_FIRST_HNSW,"[0.00,0.05)",23.012625,0.9,3
162,HNSW_HYBRID,"[0.00,0.05)",9.233209,1.0,3
162,IVFFLAT_HYBRID,"[0.00,0.05)",9.020583,1.0,3
162,SQL_FIRST,"[0.00,0.05)",9.070125,1.0,4
162,VECTOR_FIRST_HNSW,"[0.00,0.05)",25.29375,0.9,4
162,HNSW_HYBRID,"[0.00,0.05)",9.456333,1.0,4
162,IVFFLAT_HYBRID,"[0.00,0.05)",8.711541,1.0,4
164,SQL_FIRST,"[0.00,0.05)",8.965208,1.0,0
164,VECTOR_FIRST_HNSW,"[0.00,0.05)",23.368125,1.0,0
164,HNSW_HYBRID,"[0.00,0.05)",9.95425,1.0,0
164,IVFFLAT_HYBRID,"[0.00,0.05)",9.882584,1.0,0
164,SQL_FIRST,"[0.00,0.05)",9.096125,1.0,1
164,VECTOR_FIRST_HNSW,"[0.00,0.05)",23.021709,1.0,1
164,HNSW_HYBRID,"[0.00,0.05)",9.434,1.0,1
164,IVFFLAT_HYBRID,"[0.00,0.05)",9.692417,1.0,1
164,SQL_FIRST,"[0.00,0.05)",9.56975,1.0,2
164,VECTOR_FIRST_HNSW,"[0.00,0.05)",23.049084,1.0,2
164,HNSW_HYBRID,"[0.00,0.05)",9.566667,1.0,2
164,IVFFLAT_HYBRID,"[0.00,0.05)",9.404875,1.0,2
164,SQL_FIRST,"[0.00,0.05)",9.416666,1.0,3
164,VECTOR_FIRST_HNSW,"[0.00,0.05)",23.015834,1.0,3
164,HNSW_HYBRID,"[0.00,0.05)",9.656667,1.0,3
164,IVFFLAT_HYBRID,"[0.00,0.05)",8.87825,1.0,3
164,SQL_FIRST,"[0.00,0.05)",9.513166,1.0,4
164,VECTOR_FIRST_HNSW,"[0.00,0.05)",22.949125,1.0,4
164,HNSW_HYBRID,"[0.00,0.05)",9.813083,1.0,4
164,IVFFLAT_HYBRID,"[0.00,0.05)",9.198458,1.0,4
165,SQL_FIRST,"[0.00,0.05)",10.538208,1.0,0
165,VECTOR_FIRST_HNSW,"[0.00,0.05)",22.912875,0.2,0
165,HNSW_HYBRID,"[0.00,0.05)",11.012125,1.0,0
165,IVFFLAT_HYBRID,"[0.00,0.05)",10.460875,1.0,0
165,SQL_FIRST,"[0.00,0.05)",10.58075,1.0,1
165,VECTOR_FIRST_HNSW,"[0.00,0.05)",23.05125,0.2,1
165,HNSW_HYBRID,"[0.00,0.05)",10.870291,1.0,1
165,IVFFLAT_HYBRID,"[0.00,0.05)",10.57375,1.0,1
165,SQL_FIRST,"[0.00,0.05)",10.633584,1.0,2
165,VECTOR_FIRST_HNSW,"[0.00,0.05)",22.952083,0.2,2
165,HNSW_HYBRID,"[0.00,0.05)",11.134,1.0,2
165,IVFFLAT_HYBRID,"[0.00,0.05)",10.588,1.0,2
165,SQL_FIRST,"[0.00,0.05)",10.527167,1.0,3
165,VECTOR_FIRST_HNSW,"[0.00,0.05)",23.317625,0.2,3
165,HNSW_HYBRID,"[0.00,0.05)",10.849791,1.0,3
165,IVFFLAT_HYBRID,"[0.00,0.05)",10.833875,1.0,3
165,SQL_FIRST,"[0.00,0.05)",10.637916,1.0,4
165,VECTOR_FIRST_HNSW,"[0.00,0.05)",23.884125,0.2,4
165,HNSW_HYBRID,"[0.00,0.05)",11.097167,1.0,4
165,IVFFLAT_HYBRID,"[0.00,0.05)",10.3185,1.0,4
167,SQL_FIRST,"[0.00,0.05)",10.13975,1.0,0
167,VECTOR_FIRST_HNSW,"[0.00,0.05)",22.947667,0.4,0
167,HNSW_HYBRID,"[0.00,0.05)",10.646916,1.0,0
167,IVFFLAT_HYBRID,"[0.00,0.05)",10.367459,1.0,0
167,SQL_FIRST,"[0.00,0.05)",10.187667,1.0,1
167,VECTOR_FIRST_HNSW,"[0.00,0.05)",22.843,0.4,1
167,HNSW_HYBRID,"[0.00,0.05)",10.821458,1.0,1
167,IVFFLAT_HYBRID,"[0.00,0.05)",10.267542,1.0,1
167,SQL_FIRST,"[0.00,0.05)",10.371208,1.0,2
167,VECTOR_FIRST_HNSW,"[0.00,0.05)",22.960958,0.4,2
167,HNSW_HYBRID,"[0.00,0.05)",10.683958,1.0,2
167,IVFFLAT_HYBRID,"[0.00,0.05)",10.326791,1.0,2
167,SQL_FIRST,"[0.00,0.05)",10.175375,1.0,3
167,VECTOR_FIRST_HNSW,"[0.00,0.05)",22.917292,0.4,3
167,HNSW_HYBRID,"[0.00,0.05)",10.624667,1.0,3
167,IVFFLAT_HYBRID,"[0.00,0.05)",10.427666,1.0,3
167,SQL_FIRST,"[0.00,0.05)",10.233042,1.0,4
167,VECTOR_FIRST_HNSW,"[0.00,0.05)",24.334125,0.4,4
167,HNSW_HYBRID,"[0.00,0.05)",10.646334,1.0,4
167,IVFFLAT_HYBRID,"[0.00,0.05)",10.166417,1.0,4
169,SQL_FIRST,"[0.00,0.05)",8.22225,1.0,0
169,VECTOR_FIRST_HNSW,"[0.00,0.05)",22.920208,0.1,0
169,HNSW_HYBRID,"[0.00,0.05)",8.662459,1.0,0
169,IVFFLAT_HYBRID,"[0.00,0.05)",8.103959,1.0,0
169,SQL_FIRST,"[0.00,0.05)",8.134166,1.0,1
169,VECTOR_FIRST_HNSW,"[0.00,0.05)",22.916375,0.1,1
169,HNSW_HYBRID,"[0.00,0.05)",8.570209,1.0,1
169,IVFFLAT_HYBRID,"[0.00,0.05)",8.30375,1.0,1
169,SQL_FIRST,"[0.00,0.05)",8.392833,1.0,2
169,VECTOR_FIRST_HNSW,"[0.00,0.05)",23.695584,0.1,2
169,HNSW_HYBRID,"[0.00,0.05)",8.542917,1.0,2
169,IVFFLAT_HYBRID,"[0.00,0.05)",8.009542,1.0,2
169,SQL_FIRST,"[0.00,0.05)",8.579584,1.0,3
169,VECTOR_FIRST_HNSW,"[0.00,0.05)",23.278625,0.1,3
169,HNSW_HYBRID,"[0.00,0.05)",8.6275,1.0,3
169,IVFFLAT_HYBRID,"[0.00,0.05)",7.993917,1.0,3
169,SQL_FIRST,"[0.00,0.05)",7.801542,1.0,4
169,VECTOR_FIRST_HNSW,"[0.00,0.05)",22.980208,0.1,4
169,HNSW_HYBRID,"[0.00,0.05)",8.616625,1.0,4
169,IVFFLAT_HYBRID,"[0.00,0.05)",8.034625,1.0,4
170,SQL_FIRST,"[0.00,0.05)",9.655042,1.0,0
170,VECTOR_FIRST_HNSW,"[0.00,0.05)",23.0345,0.2,0
170,HNSW_HYBRID,"[0.00,0.05)",10.165208,1.0,0
170,IVFFLAT_HYBRID,"[0.00,0.05)",9.759916,1.0,0
170,SQL_FIRST,"[0.00,0.05)",9.56775,1.0,1
170,VECTOR_FIRST_HNSW,"[0.00,0.05)",23.013542,0.2,1
170,HNSW_HYBRID,"[0.00,0.05)",10.13975,1.0,1
170,IVFFLAT_HYBRID,"[0.00,0.05)",9.258625,1.0,1
170,SQL_FIRST,"[0.00,0.05)",10.146708,1.0,2
170,VECTOR_FIRST_HNSW,"[0.00,0.05)",23.045125,0.2,2
170,HNSW_HYBRID,"[0.00,0.05)",10.524,1.0,2
170,IVFFLAT_HYBRID,"[0.00,0.05)",9.775875,1.0,2
170,SQL_FIRST,"[0.00,0.05)",9.527625,1.0,3
170,VECTOR_FIRST_HNSW,"[0.00,0.05)",22.919792,0.2,3
170,HNSW_HYBRID,"[0.00,0.05)",10.215875,1.0,3
170,IVFFLAT_HYBRID,"[0.00,0.05)",9.750625,1.0,3
170,SQL_FIRST,"[0.00,0.05)",9.580417,1.0,4
170,VECTOR_FIRST_HNSW,"[0.00,0.05)",22.969834,0.2,4
170,HNSW_HYBRID,"[0.00,0.05)",10.136833,1.0,4
170,IVFFLAT_HYBRID,"[0.00,0.05)",9.509916,1.0,4
171,SQL_FIRST,"[0.00,0.05)",8.378667,1.0,0
171,VECTOR_FIRST_HNSW,"[0.00,0.05)",23.47475,0.0,0
171,HNSW_HYBRID,"[0.00,0.05)",8.480875,1.0,0
171,IVFFLAT_HYBRID,"[0.00,0.05)",7.667542,1.0,0
171,SQL_FIRST,"[0.00,0.05)",7.943708,1.0,1
171,VECTOR_FIRST_HNSW,"[0.00,0.05)",23.355166,0.0,1
171,HNSW_HYBRID,"[0.00,0.05)",8.593292,1.0,1
171,IVFFLAT_HYBRID,"[0.00,0.05)",7.662875,1.0,1
171,SQL_FIRST,"[0.00,0.05)",7.68,1.0,2
171,VECTOR_FIRST_HNSW,"[0.00,0.05)",22.925917,0.0,2
171,HNSW_HYBRID,"[0.00,0.05)",8.376958,1.0,2
171,IVFFLAT_HYBRID,"[0.00,0.05)",7.732375,1.0,2
171,SQL_FIRST,"[0.00,0.05)",7.662583,1.0,3
171,VECTOR_FIRST_HNSW,"[0.00,0.05)",22.909792,0.0,3
171,HNSW_HYBRID,"[0.00,0.05)",8.358583,1.0,3
171,IVFFLAT_HYBRID,"[0.00,0.05)",7.725125,1.0,3
171,SQL_FIRST,"[0.00,0.05)",7.621666,1.0,4
171,VECTOR_FIRST_HNSW,"[0.00,0.05)",23.497375,0.0,4
171,HNSW_HYBRID,"[0.00,0.05)",8.288625,1.0,4
171,IVFFLAT_HYBRID,"[0.00,0.05)",7.64675,1.0,4
173,SQL_FIRST,"[0.00,0.05)",9.104916,1.0,0
173,VECTOR_FIRST_HNSW,"[0.00,0.05)",22.917209,0.2,0
173,HNSW_HYBRID,"[0.00,0.05)",9.811334,1.0,0
173,IVFFLAT_HYBRID,"[0.00,0.05)",9.121833,1.0,0
173,SQL_FIRST,"[0.00,0.05)",9.302292,1.0,1
173,VECTOR_FIRST_HNSW,"[0.00,0.05)",22.825791,0.2,1
173,HNSW_HYBRID,"[0.00,0.05)",9.817667,1.0,1
173,IVFFLAT_HYBRID,"[0.00,0.05)",9.121625,1.0,1
173,SQL_FIRST,"[0.00,0.05)",9.083209,1.0,2
173,VECTOR_FIRST_HNSW,"[0.00,0.05)",23.539958,0.2,2
173,HNSW_HYBRID,"[0.00,0.05)",9.694417,1.0,2
173,IVFFLAT_HYBRID,"[0.00,0.05)",9.469041,1.0,2
173,SQL_FIRST,"[0.00,0.05)",9.133,1.0,3
173,VECTOR_FIRST_HNSW,"[0.00,0.05)",22.967791,0.2,3
173,HNSW_HYBRID,"[0.00,0.05)",9.743208,1.0,3
173,IVFFLAT_HYBRID,"[0.00,0.05)",9.102042,1.0,3
173,SQL_FIRST,"[0.00,0.05)",9.033041,1.0,4
173,VECTOR_FIRST_HNSW,"[0.00,0.05)",22.970875,0.2,4
173,HNSW_HYBRID,"[0.00,0.05)",10.048834,1.0,4
173,IVFFLAT_HYBRID,"[0.00,0.05)",9.457458,1.0,4
175,SQL_FIRST,"[0.00,0.05)",8.970375,1.0,0
175,VECTOR_FIRST_HNSW,"[0.00,0.05)",22.941,0.3,0
175,HNSW_HYBRID,"[0.00,0.05)",9.393625,1.0,0
175,IVFFLAT_HYBRID,"[0.00,0.05)",8.8715,1.0,0
175,SQL_FIRST,"[0.00,0.05)",8.783334,1.0,1
175,VECTOR_FIRST_HNSW,"[0.00,0.05)",22.985375,0.3,1
175,HNSW_HYBRID,"[0.00,0.05)",9.36625,1.0,1
175,IVFFLAT_HYBRID,"[0.00,0.05)",8.905917,1.0,1
175,SQL_FIRST,"[0.00,0.05)",8.807584,1.0,2
175,VECTOR_FIRST_HNSW,"[0.00,0.05)",23.088417,0.3,2
175,HNSW_HYBRID,"[0.00,0.05)",9.399333,1.0,2
175,IVFFLAT_HYBRID,"[0.00,0.05)",8.812375,1.0,2
175,SQL_FIRST,"[0.00,0.05)",8.528667,1.0,3
175,VECTOR_FIRST_HNSW,"[0.00,0.05)",23.975375,0.3,3
175,HNSW_HYBRID,"[0.00,0.05)",9.475542,1.0,3
175,IVFFLAT_HYBRID,"[0.00,0.05)",9.052333,1.0,3
175,SQL_FIRST,"[0.00,0.05)",8.9255,1.0,4
175,VECTOR_FIRST_HNSW,"[0.00,0.05)",23.091416,0.3,4
175,HNSW_HYBRID,"[0.00,0.05)",9.406959,1.0,4
175,IVFFLAT_HYBRID,"[0.00,0.05)",8.729333,1.0,4
178,SQL_FIRST,"[0.00,0.05)",9.567375,1.0,0
178,VECTOR_FIRST_HNSW,"[0.00,0.05)",23.114958,0.5,0
178,HNSW_HYBRID,"[0.00,0.05)",9.975916,1.0,0
178,IVFFLAT_HYBRID,"[0.00,0.05)",9.697917,1.0,0
178,SQL_FIRST,"[0.00,0.05)",9.565458,1.0,1
178,VECTOR_FIRST_HNSW,"[0.00,0.05)",23.026792,0.5,1
178,HNSW_HYBRID,"[0.00,0.05)",10.217709,1.0,1
178,IVFFLAT_HYBRID,"[0.00,0.05)",10.18725,1.0,1
178,SQL_FIRST,"[0.00,0.05)",9.563083,1.0,2
178,VECTOR_FIRST_HNSW,"[0.00,0.05)",22.924125,0.5,2
178,HNSW_HYBRID,"[0.00,0.05)",10.489375,1.0,2
178,IVFFLAT_HYBRID,"[0.00,0.05)",9.900208,1.0,2
178,SQL_FIRST,"[0.00,0.05)",9.427208,1.0,3
178,VECTOR_FIRST_HNSW,"[0.00,0.05)",22.976667,0.5,3
178,HNSW_HYBRID,"[0.00,0.05)",10.320292,1.0,3
178,IVFFLAT_HYBRID,"[0.00,0.05)",9.829083,1.0,3
178,SQL_FIRST,"[0.00,0.05)",9.634,1.0,4
178,VECTOR_FIRST_HNSW,"[0.00,0.05)",27.5565,0.5,4
178,HNSW_HYBRID,"[0.00,0.05)",10.31775,1.0,4
178,IVFFLAT_HYBRID,"[0.00,0.05)",9.556709,1.0,4
179,SQL_FIRST,"[0.00,0.05)",10.436125,1.0,0
179,VECTOR_FIRST_HNSW,"[0.00,0.05)",22.979625,0.2,0
179,HNSW_HYBRID,"[0.00,0.05)",10.765,1.0,0
179,IVFFLAT_HYBRID,"[0.00,0.05)",10.532625,1.0,0
179,SQL_FIRST,"[0.00,0.05)",10.485166,1.0,1
179,VECTOR_FIRST_HNSW,"[0.00,0.05)",22.97225,0.2,1
179,HNSW_HYBRID,"[0.00,0.05)",10.8595,1.0,1
179,IVFFLAT_HYBRID,"[0.00,0.05)",10.346333,1.0,1
179,SQL_FIRST,"[0.00,0.05)",10.589417,1.0,2
179,VECTOR_FIRST_HNSW,"[0.00,0.05)",23.0875,0.2,2
179,HNSW_HYBRID,"[0.00,0.05)",11.810458,1.0,2
179,IVFFLAT_HYBRID,"[0.00,0.05)",10.509625,1.0,2
179,SQL_FIRST,"[0.00,0.05)",10.108,1.0,3
179,VECTOR_FIRST_HNSW,"[0.00,0.05)",22.94675,0.2,3
179,HNSW_HYBRID,"[0.00,0.05)",10.886125,1.0,3
179,IVFFLAT_HYBRID,"[0.00,0.05)",10.549291,1.0,3
179,SQL_FIRST,"[0.00,0.05)",10.803208,1.0,4
179,VECTOR_FIRST_HNSW,"[0.00,0.05)",22.977875,0.2,4
179,HNSW_HYBRID,"[0.00,0.05)",10.975,1.0,4
179,IVFFLAT_HYBRID,"[0.00,0.05)",10.622542,1.0,4
182,SQL_FIRST,"[0.00,0.05)",6.365917,1.0,0
182,VECTOR_FIRST_HNSW,"[0.00,0.05)",24.026709,0.1,0
182,HNSW_HYBRID,"[0.00,0.05)",7.0575,1.0,0
182,IVFFLAT_HYBRID,"[0.00,0.05)",6.283,1.0,0
182,SQL_FIRST,"[0.00,0.05)",6.262458,1.0,1
182,VECTOR_FIRST_HNSW,"[0.00,0.05)",23.193875,0.1,1
182,HNSW_HYBRID,"[0.00,0.05)",7.195083,1.0,1
182,IVFFLAT_HYBRID,"[0.00,0.05)",6.65575,1.0,1
182,SQL_FIRST,"[0.00,0.05)",6.379625,1.0,2
182,VECTOR_FIRST_HNSW,"[0.00,0.05)",22.839416,0.1,2
182,HNSW_HYBRID,"[0.00,0.05)",6.992375,1.0,2
182,IVFFLAT_HYBRID,"[0.00,0.05)",6.315125,1.0,2
182,SQL_FIRST,"[0.00,0.05)",6.4235,1.0,3
182,VECTOR_FIRST_HNSW,"[0.00,0.05)",23.052542,0.1,3
182,HNSW_HYBRID,"[0.00,0.05)",7.100583,1.0,3
182,IVFFLAT_HYBRID,"[0.00,0.05)",6.390125,1.0,3
182,SQL_FIRST,"[0.00,0.05)",6.373834,1.0,4
182,VECTOR_FIRST_HNSW,"[0.00,0.05)",22.98025,0.1,4
182,HNSW_HYBRID,"[0.00,0.05)",7.02725,1.0,4
182,IVFFLAT_HYBRID,"[0.00,0.05)",6.636542,1.0,4
183,SQL_FIRST,"[0.00,0.05)",9.541875,1.0,0
183,VECTOR_FIRST_HNSW,"[0.00,0.05)",22.963,0.4,0
183,HNSW_HYBRID,"[0.00,0.05)",9.850583,1.0,0
183,IVFFLAT_HYBRID,"[0.00,0.05)",9.358875,1.0,0
183,SQL_FIRST,"[0.00,0.05)",9.261167,1.0,1
183,VECTOR_FIRST_HNSW,"[0.00,0.05)",23.065084,0.4,1
183,HNSW_HYBRID,"[0.00,0.05)",9.498041,1.0,1
183,IVFFLAT_HYBRID,"[0.00,0.05)",9.357084,1.0,1
183,SQL_FIRST,"[0.00,0.05)",9.292041,1.0,2
183,VECTOR_FIRST_HNSW,"[0.00,0.05)",22.9795,0.4,2
183,HNSW_HYBRID,"[0.00,0.05)",9.777625,1.0,2
183,IVFFLAT_HYBRID,"[0.00,0.05)",9.673,1.0,2
183,SQL_FIRST,"[0.00,0.05)",9.855584,1.0,3
183,VECTOR_FIRST_HNSW,"[0.00,0.05)",22.82975,0.4,3
183,HNSW_HYBRID,"[0.00,0.05)",9.648875,1.0,3
183,IVFFLAT_HYBRID,"[0.00,0.05)",9.68025,1.0,3
183,SQL_FIRST,"[0.00,0.05)",9.22325,1.0,4
183,VECTOR_FIRST_HNSW,"[0.00,0.05)",22.905416,0.4,4
183,HNSW_HYBRID,"[0.00,0.05)",9.993333,1.0,4
183,IVFFLAT_HYBRID,"[0.00,0.05)",9.76075,1.0,4
186,SQL_FIRST,"[0.00,0.05)",9.50325,1.0,0
186,VECTOR_FIRST_HNSW,"[0.00,0.05)",23.035042,0.5,0
186,HNSW_HYBRID,"[0.00,0.05)",9.597667,1.0,0
186,IVFFLAT_HYBRID,"[0.00,0.05)",9.082334,1.0,0
186,SQL_FIRST,"[0.00,0.05)",9.193041,1.0,1
186,VECTOR_FIRST_HNSW,"[0.00,0.05)",23.707708,0.5,1
186,HNSW_HYBRID,"[0.00,0.05)",9.626709,1.0,1
186,IVFFLAT_HYBRID,"[0.00,0.05)",9.144416,1.0,1
186,SQL_FIRST,"[0.00,0.05)",8.832375,1.0,2
186,VECTOR_FIRST_HNSW,"[0.00,0.05)",23.007709,0.5,2
186,HNSW_HYBRID,"[0.00,0.05)",9.66475,1.0,2
186,IVFFLAT_HYBRID,"[0.00,0.05)",9.5025,1.0,2
186,SQL_FIRST,"[0.00,0.05)",9.171,1.0,3
186,VECTOR_FIRST_HNSW,"[0.00,0.05)",22.929834,0.5,3
186,HNSW_HYBRID,"[0.00,0.05)",9.504958,1.0,3
186,IVFFLAT_HYBRID,"[0.00,0.05)",9.239833,1.0,3
186,SQL_FIRST,"[0.00,0.05)",9.604375,1.0,4
186,VECTOR_FIRST_HNSW,"[0.00,0.05)",22.893209,0.5,4
186,HNSW_HYBRID,"[0.00,0.05)",9.713375,1.0,4
186,IVFFLAT_HYBRID,"[0.00,0.05)",9.211417,1.0,4
187,SQL_FIRST,"[0.00,0.05)",5.385792,1.0,0
187,VECTOR_FIRST_HNSW,"[0.00,0.05)",23.164708,0.0,0
187,HNSW_HYBRID,"[0.00,0.05)",6.232542,1.0,0
187,IVFFLAT_HYBRID,"[0.00,0.05)",5.483709,1.0,0
187,SQL_FIRST,"[0.00,0.05)",5.562875,1.0,1
187,VECTOR_FIRST_HNSW,"[0.00,0.05)",23.299667,0.0,1
187,HNSW_HYBRID,"[0.00,0.05)",6.185166,1.0,1
187,IVFFLAT_HYBRID,"[0.00,0.05)",5.525166,1.0,1
187,SQL_FIRST,"[0.00,0.05)",5.355875,1.0,2
187,VECTOR_FIRST_HNSW,"[0.00,0.05)",22.933709,0.0,2
187,HNSW_HYBRID,"[0.00,0.05)",6.087208,1.0,2
187,IVFFLAT_HYBRID,"[0.00,0.05)",5.540958,1.0,2
187,SQL_FIRST,"[0.00,0.05)",5.395042,1.0,3
187,VECTOR_FIRST_HNSW,"[0.00,0.05)",22.853625,0.0,3
187,HNSW_HYBRID,"[0.00,0.05)",6.224542,1.0,3
187,IVFFLAT_HYBRID,"[0.00,0.05)",5.556417,1.0,3
187,SQL_FIRST,"[0.00,0.05)",5.390292,1.0,4
187,VECTOR_FIRST_HNSW,"[0.00,0.05)",23.46075,0.0,4
187,HNSW_HYBRID,"[0.00,0.05)",5.992375,1.0,4
187,IVFFLAT_HYBRID,"[0.00,0.05)",5.419833,1.0,4
188,SQL_FIRST,"[0.00,0.05)",7.38525,1.0,0
188,VECTOR_FIRST_HNSW,"[0.00,0.05)",22.98325,0.3,0
188,HNSW_HYBRID,"[0.00,0.05)",8.140083,1.0,0
188,IVFFLAT_HYBRID,"[0.00,0.05)",7.404,1.0,0
188,SQL_FIRST,"[0.00,0.05)",7.743708,1.0,1
188,VECTOR_FIRST_HNSW,"[0.00,0.05)",22.960875,0.3,1
188,HNSW_HYBRID,"[0.00,0.05)",8.316584,1.0,1
188,IVFFLAT_HYBRID,"[0.00,0.05)",7.460375,1.0,1
188,SQL_FIRST,"[0.00,0.05)",7.521833,1.0,2
188,VECTOR_FIRST_HNSW,"[0.00,0.05)",22.96225,0.3,2
188,HNSW_HYBRID,"[0.00,0.05)",8.101917,1.0,2
188,IVFFLAT_HYBRID,"[0.00,0.05)",7.420375,1.0,2
188,SQL_FIRST,"[0.00,0.05)",7.435375,1.0,3
188,VECTOR_FIRST_HNSW,"[0.00,0.05)",23.003458,0.3,3
188,HNSW_HYBRID,"[0.00,0.05)",8.132542,1.0,3
188,IVFFLAT_HYBRID,"[0.00,0.05)",7.628792,1.0,3
188,SQL_FIRST,"[0.00,0.05)",7.227833,1.0,4
188,VECTOR_FIRST_HNSW,"[0.00,0.05)",22.90275,0.3,4
188,HNSW_HYBRID,"[0.00,0.05)",8.158791,1.0,4
188,IVFFLAT_HYBRID,"[0.00,0.05)",7.53725,1.0,4
189,SQL_FIRST,"[0.00,0.05)",8.126625,1.0,0
189,VECTOR_FIRST_HNSW,"[0.00,0.05)",22.9205,0.1,0
189,HNSW_HYBRID,"[0.00,0.05)",9.242209,1.0,0
189,IVFFLAT_HYBRID,"[0.00,0.05)",8.784084,1.0,0
189,SQL_FIRST,"[0.00,0.05)",8.237125,1.0,1
189,VECTOR_FIRST_HNSW,"[0.00,0.05)",23.108125,0.1,1
189,HNSW_HYBRID,"[0.00,0.05)",8.999792,1.0,1
189,IVFFLAT_HYBRID,"[0.00,0.05)",8.61275,1.0,1
189,SQL_FIRST,"[0.00,0.05)",8.408833,1.0,2
189,VECTOR_FIRST_HNSW,"[0.00,0.05)",22.850208,0.1,2
189,HNSW_HYBRID,"[0.00,0.05)",9.099916,1.0,2
189,IVFFLAT_HYBRID,"[0.00,0.05)",8.608208,1.0,2
189,SQL_FIRST,"[0.00,0.05)",9.126292,1.0,3
189,VECTOR_FIRST_HNSW,"[0.00,0.05)",23.580375,0.1,3
189,HNSW_HYBRID,"[0.00,0.05)",9.1275,1.0,3
189,IVFFLAT_HYBRID,"[0.00,0.05)",8.689042,1.0,3
189,SQL_FIRST,"[0.00,0.05)",8.919417,1.0,4
189,VECTOR_FIRST_HNSW,"[0.00,0.05)",22.957792,0.1,4
189,HNSW_HYBRID,"[0.00,0.05)",9.078458,1.0,4
189,IVFFLAT_HYBRID,"[0.00,0.05)",8.293958,1.0,4
195,SQL_FIRST,"[0.00,0.05)",8.746792,1.0,0
195,VECTOR_FIRST_HNSW,"[0.00,0.05)",23.028166,0.5,0
195,HNSW_HYBRID,"[0.00,0.05)",9.356208,1.0,0
195,IVFFLAT_HYBRID,"[0.00,0.05)",9.006416,1.0,0
195,SQL_FIRST,"[0.00,0.05)",8.776166,1.0,1
195,VECTOR_FIRST_HNSW,"[0.00,0.05)",22.883,0.5,1
195,HNSW_HYBRID,"[0.00,0.05)",9.281958,1.0,1
195,IVFFLAT_HYBRID,"[0.00,0.05)",8.889708,1.0,1
195,SQL_FIRST,"[0.00,0.05)",8.720916,1.0,2
195,VECTOR_FIRST_HNSW,"[0.00,0.05)",22.940791,0.5,2
195,HNSW_HYBRID,"[0.00,0.05)",9.127666,1.0,2
195,IVFFLAT_HYBRID,"[0.00,0.05)",9.164958,1.0,2
195,SQL_FIRST,"[0.00,0.05)",8.551458,1.0,3
195,VECTOR_FIRST_HNSW,"[0.00,0.05)",24.025625,0.5,3
195,HNSW_HYBRID,"[0.00,0.05)",9.96425,1.0,3
195,IVFFLAT_HYBRID,"[0.00,0.05)",8.821708,1.0,3
195,SQL_FIRST,"[0.00,0.05)",8.578958,1.0,4
195,VECTOR_FIRST_HNSW,"[0.00,0.05)",24.995959,0.5,4
195,HNSW_HYBRID,"[0.00,0.05)",9.474542,1.0,4
195,IVFFLAT_HYBRID,"[0.00,0.05)",8.924417,1.0,4
196,SQL_FIRST,"[0.00,0.05)",7.854584,1.0,0
196,VECTOR_FIRST_HNSW,"[0.00,0.05)",22.9195,0.2,0
196,HNSW_HYBRID,"[0.00,0.05)",8.371417,1.0,0
196,IVFFLAT_HYBRID,"[0.00,0.05)",7.7525,1.0,0
196,SQL_FIRST,"[0.00,0.05)",7.507541,1.0,1
196,VECTOR_FIRST_HNSW,"[0.00,0.05)",24.006,0.2,1
196,HNSW_HYBRID,"[0.00,0.05)",8.275666,1.0,1
196,IVFFLAT_HYBRID,"[0.00,0.05)",7.420208,1.0,1
196,SQL_FIRST,"[0.00,0.05)",7.551209,1.0,2
196,VECTOR_FIRST_HNSW,"[0.00,0.05)",23.407125,0.2,2
196,HNSW_HYBRID,"[0.00,0.05)",8.256667,1.0,2
196,IVFFLAT_HYBRID,"[0.00,0.05)",7.705125,1.0,2
196,SQL_FIRST,"[0.00,0.05)",7.541417,1.0,3
196,VECTOR_FIRST_HNSW,"[0.00,0.05)",22.8995,0.2,3
196,HNSW_HYBRID,"[0.00,0.05)",8.208167,1.0,3
196,IVFFLAT_HYBRID,"[0.00,0.05)",7.704375,1.0,3
196,SQL_FIRST,"[0.00,0.05)",7.773125,1.0,4
196,VECTOR_FIRST_HNSW,"[0.00,0.05)",22.933291,0.2,4
196,HNSW_HYBRID,"[0.00,0.05)",8.178834,1.0,4
196,IVFFLAT_HYBRID,"[0.00,0.05)",7.924417,1.0,4
197,SQL_FIRST,"[0.00,0.05)",7.087209,1.0,0
197,VECTOR_FIRST_HNSW,"[0.00,0.05)",22.931125,0.1,0
197,HNSW_HYBRID,"[0.00,0.05)",7.926,1.0,0
197,IVFFLAT_HYBRID,"[0.00,0.05)",7.442667,1.0,0
197,SQL_FIRST,"[0.00,0.05)",7.351833,1.0,1
197,VECTOR_FIRST_HNSW,"[0.00,0.05)",22.873833,0.1,1
197,HNSW_HYBRID,"[0.00,0.05)",7.818792,1.0,1
197,IVFFLAT_HYBRID,"[0.00,0.05)",7.29475,1.0,1
197,SQL_FIRST,"[0.00,0.05)",7.252084,1.0,2
197,VECTOR_FIRST_HNSW,"[0.00,0.05)",23.093084,0.1,2
197,HNSW_HYBRID,"[0.00,0.05)",7.978209,1.0,2
197,IVFFLAT_HYBRID,"[0.00,0.05)",7.117791,1.0,2
197,SQL_FIRST,"[0.00,0.05)",7.534041,1.0,3
197,VECTOR_FIRST_HNSW,"[0.00,0.05)",22.952083,0.1,3
197,HNSW_HYBRID,"[0.00,0.05)",7.984291,1.0,3
197,IVFFLAT_HYBRID,"[0.00,0.05)",7.337625,1.0,3
197,SQL_FIRST,"[0.00,0.05)",7.23325,1.0,4
197,VECTOR_FIRST_HNSW,"[0.00,0.05)",23.271334,0.1,4
197,HNSW_HYBRID,"[0.00,0.05)",8.003667,1.0,4
197,IVFFLAT_HYBRID,"[0.00,0.05)",7.276666,1.0,4
198,SQL_FIRST,"[0.00,0.05)",6.132916,1.0,0
198,VECTOR_FIRST_HNSW,"[0.00,0.05)",24.524292,0.1,0
198,HNSW_HYBRID,"[0.00,0.05)",6.856542,1.0,0
198,IVFFLAT_HYBRID,"[0.00,0.05)",6.391417,1.0,0
198,SQL_FIRST,"[0.00,0.05)",6.013417,1.0,1
198,VECTOR_FIRST_HNSW,"[0.00,0.05)",22.834958,0.1,1
198,HNSW_HYBRID,"[0.00,0.05)",6.81875,1.0,1
198,IVFFLAT_HYBRID,"[0.00,0.05)",6.142375,1.0,1
198,SQL_FIRST,"[0.00,0.05)",6.096542,1.0,2
198,VECTOR_FIRST_HNSW,"[0.00,0.05)",24.130084,0.1,2
198,HNSW_HYBRID,"[0.00,0.05)",7.180125,1.0,2
198,IVFFLAT_HYBRID,"[0.00,0.05)",6.876916,1.0,2
198,SQL_FIRST,"[0.00,0.05)",7.630709,1.0,3
198,VECTOR_FIRST_HNSW,"[0.00,0.05)",40.568958,0.1,3
198,HNSW_HYBRID,"[0.00,0.05)",8.392541,1.0,3
198,IVFFLAT_HYBRID,"[0.00,0.05)",7.514125,1.0,3
198,SQL_FIRST,"[0.00,0.05)",7.18075,1.0,4
198,VECTOR_FIRST_HNSW,"[0.00,0.05)",29.934209,0.1,4
198,HNSW_HYBRID,"[0.00,0.05)",7.540709,1.0,4
198,IVFFLAT_HYBRID,"[0.00,0.05)",8.463791,1.0,4
205,SQL_FIRST,"[0.00,0.05)",2.53675,1.0,0
205,VECTOR_FIRST_HNSW,"[0.00,0.05)",26.388959,0.0,0
205,HNSW_HYBRID,"[0.00,0.05)",2.057958,1.0,0
205,IVFFLAT_HYBRID,"[0.00,0.05)",1.780958,1.0,0
205,SQL_FIRST,"[0.00,0.05)",1.913209,1.0,1
205,VECTOR_FIRST_HNSW,"[0.00,0.05)",32.5335,0.0,1
205,HNSW_HYBRID,"[0.00,0.05)",2.325833,1.0,1
205,IVFFLAT_HYBRID,"[0.00,0.05)",1.789125,1.0,1
205,SQL_FIRST,"[0.00,0.05)",1.615708,1.0,2
205,VECTOR_FIRST_HNSW,"[0.00,0.05)",24.241625,0.0,2
205,HNSW_HYBRID,"[0.00,0.05)",2.073208,1.0,2
205,IVFFLAT_HYBRID,"[0.00,0.05)",1.630167,1.0,2
205,SQL_FIRST,"[0.00,0.05)",1.621375,1.0,3
205,VECTOR_FIRST_HNSW,"[0.00,0.05)",23.360834,0.0,3
205,HNSW_HYBRID,"[0.00,0.05)",2.914625,1.0,3
205,IVFFLAT_HYBRID,"[0.00,0.05)",2.139542,1.0,3
205,SQL_FIRST,"[0.00,0.05)",1.837209,1.0,4
205,VECTOR_FIRST_HNSW,"[0.00,0.05)",24.299458,0.0,4
205,HNSW_HYBRID,"[0.00,0.05)",2.135833,1.0,4
205,IVFFLAT_HYBRID,"[0.00,0.05)",1.859959,1.0,4
207,SQL_FIRST,"[0.00,0.05)",4.465541,1.0,0
207,VECTOR_FIRST_HNSW,"[0.00,0.05)",22.741875,0.2,0
207,HNSW_HYBRID,"[0.00,0.05)",4.624042,1.0,0
207,IVFFLAT_HYBRID,"[0.00,0.05)",4.582792,1.0,0
207,SQL_FIRST,"[0.00,0.05)",4.3065,1.0,1
207,VECTOR_FIRST_HNSW,"[0.00,0.05)",23.422625,0.2,1
207,HNSW_HYBRID,"[0.00,0.05)",4.695125,1.0,1
207,IVFFLAT_HYBRID,"[0.00,0.05)",4.297333,1.0,1
207,SQL_FIRST,"[0.00,0.05)",4.310333,1.0,2
207,VECTOR_FIRST_HNSW,"[0.00,0.05)",22.66475,0.2,2
207,HNSW_HYBRID,"[0.00,0.05)",4.905,1.0,2
207,IVFFLAT_HYBRID,"[0.00,0.05)",4.374667,1.0,2
207,SQL_FIRST,"[0.00,0.05)",4.276333,1.0,3
207,VECTOR_FIRST_HNSW,"[0.00,0.05)",24.757958,0.2,3
207,HNSW_HYBRID,"[0.00,0.05)",4.686583,1.0,3
207,IVFFLAT_HYBRID,"[0.00,0.05)",4.255417,1.0,3
207,SQL_FIRST,"[0.00,0.05)",4.240417,1.0,4
207,VECTOR_FIRST_HNSW,"[0.00,0.05)",22.953792,0.2,4
207,HNSW_HYBRID,"[0.00,0.05)",4.77725,1.0,4
207,IVFFLAT_HYBRID,"[0.00,0.05)",4.555,1.0,4
209,SQL_FIRST,"[0.00,0.05)",9.307375,1.0,0
209,VECTOR_FIRST_HNSW,"[0.00,0.05)",23.097584,0.6,0
209,HNSW_HYBRID,"[0.00,0.05)",9.897291,1.0,0
209,IVFFLAT_HYBRID,"[0.00,0.05)",9.20025,1.0,0
209,SQL_FIRST,"[0.00,0.05)",8.860333,1.0,1
209,VECTOR_FIRST_HNSW,"[0.00,0.05)",23.058209,0.6,1
209,HNSW_HYBRID,"[0.00,0.05)",9.517125,1.0,1
209,IVFFLAT_HYBRID,"[0.00,0.05)",9.37875,1.0,1
209,SQL_FIRST,"[0.00,0.05)",8.985583,1.0,2
209,VECTOR_FIRST_HNSW,"[0.00,0.05)",23.024041,0.6,2
209,HNSW_HYBRID,"[0.00,0.05)",9.743708,1.0,2
209,IVFFLAT_HYBRID,"[0.00,0.05)",9.267083,1.0,2
209,SQL_FIRST,"[0.00,0.05)",9.625458,1.0,3
209,VECTOR_FIRST_HNSW,"[0.00,0.05)",22.877,0.6,3
209,HNSW_HYBRID,"[0.00,0.05)",9.918167,1.0,3
209,IVFFLAT_HYBRID,"[0.00,0.05)",9.126542,1.0,3
209,SQL_FIRST,"[0.00,0.05)",9.59225,1.0,4
209,VECTOR_FIRST_HNSW,"[0.00,0.05)",23.149041,0.6,4
209,HNSW_HYBRID,"[0.00,0.05)",9.398083,1.0,4
209,IVFFLAT_HYBRID,"[0.00,0.05)",9.0895,1.0,4
210,SQL_FIRST,"[0.00,0.05)",9.018375,1.0,0
210,VECTOR_FIRST_HNSW,"[0.00,0.05)",23.690417,0.5,0
210,HNSW_HYBRID,"[0.00,0.05)",9.874916,1.0,0
210,IVFFLAT_HYBRID,"[0.00,0.05)",9.282833,1.0,0
210,SQL_FIRST,"[0.00,0.05)",9.015083,1.0,1
210,VECTOR_FIRST_HNSW,"[0.00,0.05)",23.436792,0.5,1
210,HNSW_HYBRID,"[0.00,0.05)",9.9565,1.0,1
210,IVFFLAT_HYBRID,"[0.00,0.05)",9.23675,1.0,1
210,SQL_FIRST,"[0.00,0.05)",9.603625,1.0,2
210,VECTOR_FIRST_HNSW,"[0.00,0.05)",23.377125,0.5,2
210,HNSW_HYBRID,"[0.00,0.05)",10.3105,1.0,2
210,IVFFLAT_HYBRID,"[0.00,0.05)",9.511459,1.0,2
210,SQL_FIRST,"[0.00,0.05)",9.195125,1.0,3
210,VECTOR_FIRST_HNSW,"[0.00,0.05)",22.842416,0.5,3
210,HNSW_HYBRID,"[0.00,0.05)",9.224042,1.0,3
210,IVFFLAT_HYBRID,"[0.00,0.05)",9.33,1.0,3
210,SQL_FIRST,"[0.00,0.05)",9.154334,1.0,4
210,VECTOR_FIRST_HNSW,"[0.00,0.05)",23.110417,0.5,4
210,HNSW_HYBRID,"[0.00,0.05)",9.486708,1.0,4
210,IVFFLAT_HYBRID,"[0.00,0.05)",9.045292,1.0,4
212,SQL_FIRST,"[0.00,0.05)",9.278625,1.0,0
212,VECTOR_FIRST_HNSW,"[0.00,0.05)",22.90425,0.4,0
212,HNSW_HYBRID,"[0.00,0.05)",10.433334,1.0,0
212,IVFFLAT_HYBRID,"[0.00,0.05)",10.562291,1.0,0
212,SQL_FIRST,"[0.00,0.05)",9.583917,1.0,1
212,VECTOR_FIRST_HNSW,"[0.00,0.05)",22.8565,0.4,1
212,HNSW_HYBRID,"[0.00,0.05)",9.901208,1.0,1
212,IVFFLAT_HYBRID,"[0.00,0.05)",9.470042,1.0,1
212,SQL_FIRST,"[0.00,0.05)",9.328875,1.0,2
212,VECTOR_FIRST_HNSW,"[0.00,0.05)",23.334583,0.4,2
212,HNSW_HYBRID,"[0.00,0.05)",9.846667,1.0,2
212,IVFFLAT_HYBRID,"[0.00,0.05)",9.864709,1.0,2
212,SQL_FIRST,"[0.00,0.05)",9.437667,1.0,3
212,VECTOR_FIRST_HNSW,"[0.00,0.05)",23.167166,0.4,3
212,HNSW_HYBRID,"[0.00,0.05)",9.897459,1.0,3
212,IVFFLAT_HYBRID,"[0.00,0.05)",9.117,1.0,3
212,SQL_FIRST,"[0.00,0.05)",9.311375,1.0,4
212,VECTOR_FIRST_HNSW,"[0.00,0.05)",23.465334,0.4,4
212,HNSW_HYBRID,"[0.00,0.05)",10.335833,1.0,4
212,IVFFLAT_HYBRID,"[0.00,0.05)",9.639417,1.0,4
213,SQL_FIRST,"[0.00,0.05)",8.969792,1.0,0
213,VECTOR_FIRST_HNSW,"[0.00,0.05)",22.856875,0.3,0
213,HNSW_HYBRID,"[0.00,0.05)",9.466334,1.0,0
213,IVFFLAT_HYBRID,"[0.00,0.05)",8.828667,1.0,0
213,SQL_FIRST,"[0.00,0.05)",8.679792,1.0,1
213,VECTOR_FIRST_HNSW,"[0.00,0.05)",23.155167,0.3,1
213,HNSW_HYBRID,"[0.00,0.05)",8.877917,1.0,1
213,IVFFLAT_HYBRID,"[0.00,0.05)",8.481542,1.0,1
213,SQL_FIRST,"[0.00,0.05)",8.74875,1.0,2
213,VECTOR_FIRST_HNSW,"[0.00,0.05)",22.97175,0.3,2
213,HNSW_HYBRID,"[0.00,0.05)",9.037125,1.0,2
213,IVFFLAT_HYBRID,"[0.00,0.05)",8.475833,1.0,2
213,SQL_FIRST,"[0.00,0.05)",8.281583,1.0,3
213,VECTOR_FIRST_HNSW,"[0.00,0.05)",23.069458,0.3,3
213,HNSW_HYBRID,"[0.00,0.05)",9.263541,1.0,3
213,IVFFLAT_HYBRID,"[0.00,0.05)",9.118375,1.0,3
213,SQL_FIRST,"[0.00,0.05)",8.657375,1.0,4
213,VECTOR_FIRST_HNSW,"[0.00,0.05)",22.958333,0.3,4
213,HNSW_HYBRID,"[0.00,0.05)",9.154083,1.0,4
213,IVFFLAT_HYBRID,"[0.00,0.05)",8.79,1.0,4
219,SQL_FIRST,"[0.00,0.05)",8.938666,1.0,0
219,VECTOR_FIRST_HNSW,"[0.00,0.05)",23.465334,0.2,0
219,HNSW_HYBRID,"[0.00,0.05)",9.240167,1.0,0
219,IVFFLAT_HYBRID,"[0.00,0.05)",8.4505,1.0,0
219,SQL_FIRST,"[0.00,0.05)",9.27825,1.0,1
219,VECTOR_FIRST_HNSW,"[0.00,0.05)",22.954084,0.2,1
219,HNSW_HYBRID,"[0.00,0.05)",9.684042,1.0,1
219,IVFFLAT_HYBRID,"[0.00,0.05)",8.726625,1.0,1
219,SQL_FIRST,"[0.00,0.05)",8.644542,1.0,2
219,VECTOR_FIRST_HNSW,"[0.00,0.05)",23.2785,0.2,2
219,HNSW_HYBRID,"[0.00,0.05)",9.541708,1.0,2
219,IVFFLAT_HYBRID,"[0.00,0.05)",9.201791,1.0,2
219,SQL_FIRST,"[0.00,0.05)",8.891375,1.0,3
219,VECTOR_FIRST_HNSW,"[0.00,0.05)",22.921458,0.2,3
219,HNSW_HYBRID,"[0.00,0.05)",9.410334,1.0,3
219,IVFFLAT_HYBRID,"[0.00,0.05)",8.901791,1.0,3
219,SQL_FIRST,"[0.00,0.05)",9.246917,1.0,4
219,VECTOR_FIRST_HNSW,"[0.00,0.05)",23.020083,0.2,4
219,HNSW_HYBRID,"[0.00,0.05)",9.025583,1.0,4
219,IVFFLAT_HYBRID,"[0.00,0.05)",9.311375,1.0,4
221,SQL_FIRST,"[0.00,0.05)",6.225333,1.0,0
221,VECTOR_FIRST_HNSW,"[0.00,0.05)",22.927209,0.2,0
221,HNSW_HYBRID,"[0.00,0.05)",7.029209,1.0,0
221,IVFFLAT_HYBRID,"[0.00,0.05)",6.338458,1.0,0
221,SQL_FIRST,"[0.00,0.05)",6.39825,1.0,1
221,VECTOR_FIRST_HNSW,"[0.00,0.05)",22.938708,0.2,1
221,HNSW_HYBRID,"[0.00,0.05)",6.89675,1.0,1
221,IVFFLAT_HYBRID,"[0.00,0.05)",6.629208,1.0,1
221,SQL_FIRST,"[0.00,0.05)",6.305625,1.0,2
221,VECTOR_FIRST_HNSW,"[0.00,0.05)",22.942417,0.2,2
221,HNSW_HYBRID,"[0.00,0.05)",7.0505,1.0,2
221,IVFFLAT_HYBRID,"[0.00,0.05)",6.324458,1.0,2
221,SQL_FIRST,"[0.00,0.05)",6.204125,1.0,3
221,VECTOR_FIRST_HNSW,"[0.00,0.05)",22.989917,0.2,3
221,HNSW_HYBRID,"[0.00,0.05)",7.005667,1.0,3
221,IVFFLAT_HYBRID,"[0.00,0.05)",6.3875,1.0,3
221,SQL_FIRST,"[0.00,0.05)",6.336333,1.0,4
221,VECTOR_FIRST_HNSW,"[0.00,0.05)",22.868166,0.2,4
221,HNSW_HYBRID,"[0.00,0.05)",7.019625,1.0,4
221,IVFFLAT_HYBRID,"[0.00,0.05)",6.5985,1.0,4
223,SQL_FIRST,"[0.00,0.05)",9.214125,1.0,0
223,VECTOR_FIRST_HNSW,"[0.00,0.05)",23.0345,0.5,0
223,HNSW_HYBRID,"[0.00,0.05)",9.688708,1.0,0
223,IVFFLAT_HYBRID,"[0.00,0.05)",8.847958,1.0,0
223,SQL_FIRST,"[0.00,0.05)",8.67625,1.0,1
223,VECTOR_FIRST_HNSW,"[0.00,0.05)",23.186708,0.5,1
223,HNSW_HYBRID,"[0.00,0.05)",9.772375,1.0,1
223,IVFFLAT_HYBRID,"[0.00,0.05)",9.474875,1.0,1
223,SQL_FIRST,"[0.00,0.05)",9.423541,1.0,2
223,VECTOR_FIRST_HNSW,"[0.00,0.05)",22.915417,0.5,2
223,HNSW_HYBRID,"[0.00,0.05)",9.376667,1.0,2
223,IVFFLAT_HYBRID,"[0.00,0.05)",9.659375,1.0,2
223,SQL_FIRST,"[0.00,0.05)",9.153542,1.0,3
223,VECTOR_FIRST_HNSW,"[0.00,0.05)",23.129792,0.5,3
223,HNSW_HYBRID,"[0.00,0.05)",9.315958,1.0,3
223,IVFFLAT_HYBRID,"[0.00,0.05)",9.443084,1.0,3
223,SQL_FIRST,"[0.00,0.05)",9.03025,1.0,4
223,VECTOR_FIRST_HNSW,"[0.00,0.05)",23.020666,0.5,4
223,HNSW_HYBRID,"[0.00,0.05)",9.248292,1.0,4
223,IVFFLAT_HYBRID,"[0.00,0.05)",8.615667,1.0,4
227,SQL_FIRST,"[0.00,0.05)",4.302208,1.0,0
227,VECTOR_FIRST_HNSW,"[0.00,0.05)",22.897083,0.1,0
227,HNSW_HYBRID,"[0.00,0.05)",4.722542,1.0,0
227,IVFFLAT_HYBRID,"[0.00,0.05)",4.354542,1.0,0
227,SQL_FIRST,"[0.00,0.05)",4.368167,1.0,1
227,VECTOR_FIRST_HNSW,"[0.00,0.05)",22.930708,0.1,1
227,HNSW_HYBRID,"[0.00,0.05)",4.770458,1.0,1
227,IVFFLAT_HYBRID,"[0.00,0.05)",4.432042,1.0,1
227,SQL_FIRST,"[0.00,0.05)",4.225667,1.0,2
227,VECTOR_FIRST_HNSW,"[0.00,0.05)",22.740333,0.1,2
227,HNSW_HYBRID,"[0.00,0.05)",4.841458,1.0,2
227,IVFFLAT_HYBRID,"[0.00,0.05)",4.243459,1.0,2
227,SQL_FIRST,"[0.00,0.05)",4.254042,1.0,3
227,VECTOR_FIRST_HNSW,"[0.00,0.05)",24.096833,0.1,3
227,HNSW_HYBRID,"[0.00,0.05)",4.747625,1.0,3
227,IVFFLAT_HYBRID,"[0.00,0.05)",4.285542,1.0,3
227,SQL_FIRST,"[0.00,0.05)",4.251958,1.0,4
227,VECTOR_FIRST_HNSW,"[0.00,0.05)",22.911375,0.1,4
227,HNSW_HYBRID,"[0.00,0.05)",4.7945,1.0,4
227,IVFFLAT_HYBRID,"[0.00,0.05)",4.326375,1.0,4
228,SQL_FIRST,"[0.00,0.05)",8.980083,1.0,0
228,VECTOR_FIRST_HNSW,"[0.00,0.05)",23.12425,0.6,0
228,HNSW_HYBRID,"[0.00,0.05)",9.387417,1.0,0
228,IVFFLAT_HYBRID,"[0.00,0.05)",8.59375,1.0,0
228,SQL_FIRST,"[0.00,0.05)",9.775416,1.0,1
228,VECTOR_FIRST_HNSW,"[0.00,0.05)",24.274958,0.6,1
228,HNSW_HYBRID,"[0.00,0.05)",9.671375,1.0,1
228,IVFFLAT_HYBRID,"[0.00,0.05)",8.897792,1.0,1
228,SQL_FIRST,"[0.00,0.05)",8.696625,1.0,2
228,VECTOR_FIRST_HNSW,"[0.00,0.05)",22.957333,0.6,2
228,HNSW_HYBRID,"[0.00,0.05)",9.6085,1.0,2
228,IVFFLAT_HYBRID,"[0.00,0.05)",9.178875,1.0,2
228,SQL_FIRST,"[0.00,0.05)",9.113375,1.0,3
228,VECTOR_FIRST_HNSW,"[0.00,0.05)",22.816209,0.6,3
228,HNSW_HYBRID,"[0.00,0.05)",9.535084,1.0,3
228,IVFFLAT_HYBRID,"[0.00,0.05)",8.981625,1.0,3
228,SQL_FIRST,"[0.00,0.05)",8.879208,1.0,4
228,VECTOR_FIRST_HNSW,"[0.00,0.05)",22.919292,0.6,4
228,HNSW_HYBRID,"[0.00,0.05)",9.325125,1.0,4
228,IVFFLAT_HYBRID,"[0.00,0.05)",9.337125,1.0,4
229,SQL_FIRST,"[0.00,0.05)",5.520875,1.0,0
229,VECTOR_FIRST_HNSW,"[0.00,0.05)",22.934833,0.2,0
229,HNSW_HYBRID,"[0.00,0.05)",6.292875,1.0,0
229,IVFFLAT_HYBRID,"[0.00,0.05)",5.575875,1.0,0
229,SQL_FIRST,"[0.00,0.05)",5.551708,1.0,1
229,VECTOR_FIRST_HNSW,"[0.00,0.05)",23.023208,0.2,1
229,HNSW_HYBRID,"[0.00,0.05)",6.149083,1.0,1
229,IVFFLAT_HYBRID,"[0.00,0.05)",5.523083,1.0,1
229,SQL_FIRST,"[0.00,0.05)",5.65475,1.0,2
229,VECTOR_FIRST_HNSW,"[0.00,0.05)",24.273125,0.2,2
229,HNSW_HYBRID,"[0.00,0.05)",6.194916,1.0,2
229,IVFFLAT_HYBRID,"[0.00,0.05)",5.6545,1.0,2
229,SQL_FIRST,"[0.00,0.05)",5.457459,1.0,3
229,VECTOR_FIRST_HNSW,"[0.00,0.05)",22.862417,0.2,3
229,HNSW_HYBRID,"[0.00,0.05)",6.129459,1.0,3
229,IVFFLAT_HYBRID,"[0.00,0.05)",5.66375,1.0,3
229,SQL_FIRST,"[0.00,0.05)",5.601625,1.0,4
229,VECTOR_FIRST_HNSW,"[0.00,0.05)",23.541541,0.2,4
229,HNSW_HYBRID,"[0.00,0.05)",6.255875,1.0,4
229,IVFFLAT_HYBRID,"[0.00,0.05)",5.641709,1.0,4
230,SQL_FIRST,"[0.00,0.05)",9.185792,1.0,0
230,VECTOR_FIRST_HNSW,"[0.00,0.05)",23.983334,0.4,0
230,HNSW_HYBRID,"[0.00,0.05)",9.816708,1.0,0
230,IVFFLAT_HYBRID,"[0.00,0.05)",9.420125,1.0,0
230,SQL_FIRST,"[0.00,0.05)",9.2465,1.0,1
230,VECTOR_FIRST_HNSW,"[0.00,0.05)",22.878625,0.4,1
230,HNSW_HYBRID,"[0.00,0.05)",9.690541,1.0,1
230,IVFFLAT_HYBRID,"[0.00,0.05)",9.413958,1.0,1
230,SQL_FIRST,"[0.00,0.05)",9.902167,1.0,2
230,VECTOR_FIRST_HNSW,"[0.00,0.05)",23.020084,0.4,2
230,HNSW_HYBRID,"[0.00,0.05)",9.484917,1.0,2
230,IVFFLAT_HYBRID,"[0.00,0.05)",9.71875,1.0,2
230,SQL_FIRST,"[0.00,0.05)",9.480542,1.0,3
230,VECTOR_FIRST_HNSW,"[0.00,0.05)",23.057833,0.4,3
230,HNSW_HYBRID,"[0.00,0.05)",9.531958,1.0,3
230,IVFFLAT_HYBRID,"[0.00,0.05)",9.382791,1.0,3
230,SQL_FIRST,"[0.00,0.05)",9.700875,1.0,4
230,VECTOR_FIRST_HNSW,"[0.00,0.05)",22.970375,0.4,4
230,HNSW_HYBRID,"[0.00,0.05)",9.957834,1.0,4
230,IVFFLAT_HYBRID,"[0.00,0.05)",9.21125,1.0,4
232,SQL_FIRST,"[0.00,0.05)",10.531417,1.0,0
232,VECTOR_FIRST_HNSW,"[0.00,0.05)",23.003875,0.2,0
232,HNSW_HYBRID,"[0.00,0.05)",11.248166,1.0,0
232,IVFFLAT_HYBRID,"[0.00,0.05)",10.626917,1.0,0
232,SQL_FIRST,"[0.00,0.05)",10.830166,1.0,1
232,VECTOR_FIRST_HNSW,"[0.00,0.05)",22.827917,0.2,1
232,HNSW_HYBRID,"[0.00,0.05)",11.069792,1.0,1
232,IVFFLAT_HYBRID,"[0.00,0.05)",10.689334,1.0,1
232,SQL_FIRST,"[0.00,0.05)",10.68025,1.0,2
232,VECTOR_FIRST_HNSW,"[0.00,0.05)",23.134042,0.2,2
232,HNSW_HYBRID,"[0.00,0.05)",11.240791,1.0,2
232,IVFFLAT_HYBRID,"[0.00,0.05)",10.711167,1.0,2
232,SQL_FIRST,"[0.00,0.05)",10.711042,1.0,3
232,VECTOR_FIRST_HNSW,"[0.00,0.05)",23.040416,0.2,3
232,HNSW_HYBRID,"[0.00,0.05)",10.997209,1.0,3
232,IVFFLAT_HYBRID,"[0.00,0.05)",11.083042,1.0,3
232,SQL_FIRST,"[0.00,0.05)",11.091875,1.0,4
232,VECTOR_FIRST_HNSW,"[0.00,0.05)",23.185125,0.2,4
232,HNSW_HYBRID,"[0.00,0.05)",10.981542,1.0,4
232,IVFFLAT_HYBRID,"[0.00,0.05)",10.286333,1.0,4
233,SQL_FIRST,"[0.00,0.05)",8.937375,1.0,0
233,VECTOR_FIRST_HNSW,"[0.00,0.05)",23.049875,0.4,0
233,HNSW_HYBRID,"[0.00,0.05)",9.767625,1.0,0
233,IVFFLAT_HYBRID,"[0.00,0.05)",9.617584,1.0,0
233,SQL_FIRST,"[0.00,0.05)",9.2915,1.0,1
233,VECTOR_FIRST_HNSW,"[0.00,0.05)",23.001625,0.4,1
233,HNSW_HYBRID,"[0.00,0.05)",9.876625,1.0,1
233,IVFFLAT_HYBRID,"[0.00,0.05)",9.521583,1.0,1
233,SQL_FIRST,"[0.00,0.05)",9.560875,1.0,2
233,VECTOR_FIRST_HNSW,"[0.00,0.05)",22.968125,0.4,2
233,HNSW_HYBRID,"[0.00,0.05)",11.318292,1.0,2
233,IVFFLAT_HYBRID,"[0.00,0.05)",9.421375,1.0,2
233,SQL_FIRST,"[0.00,0.05)",9.407042,1.0,3
233,VECTOR_FIRST_HNSW,"[0.00,0.05)",22.956833,0.4,3
233,HNSW_HYBRID,"[0.00,0.05)",9.579291,1.0,3
233,IVFFLAT_HYBRID,"[0.00,0.05)",9.229459,1.0,3
233,SQL_FIRST,"[0.00,0.05)",9.511375,1.0,4
233,VECTOR_FIRST_HNSW,"[0.00,0.05)",23.000584,0.4,4
233,HNSW_HYBRID,"[0.00,0.05)",9.680375,1.0,4
233,IVFFLAT_HYBRID,"[0.00,0.05)",9.198709,1.0,4
234,SQL_FIRST,"[0.00,0.05)",8.533458,1.0,0
234,VECTOR_FIRST_HNSW,"[0.00,0.05)",22.920167,0.6,0
234,HNSW_HYBRID,"[0.00,0.05)",9.489125,1.0,0
234,IVFFLAT_HYBRID,"[0.00,0.05)",8.921958,1.0,0
234,SQL_FIRST,"[0.00,0.05)",8.613958,1.0,1
234,VECTOR_FIRST_HNSW,"[0.00,0.05)",22.957917,0.6,1
234,HNSW_HYBRID,"[0.00,0.05)",9.431,1.0,1
234,IVFFLAT_HYBRID,"[0.00,0.05)",8.823,1.0,1
234,SQL_FIRST,"[0.00,0.05)",9.250042,1.0,2
234,VECTOR_FIRST_HNSW,"[0.00,0.05)",23.123666,0.6,2
234,HNSW_HYBRID,"[0.00,0.05)",9.234625,1.0,2
234,IVFFLAT_HYBRID,"[0.00,0.05)",8.623666,1.0,2
234,SQL_FIRST,"[0.00,0.05)",9.104875,1.0,3
234,VECTOR_FIRST_HNSW,"[0.00,0.05)",23.579625,0.6,3
234,HNSW_HYBRID,"[0.00,0.05)",9.478708,1.0,3
234,IVFFLAT_HYBRID,"[0.00,0.05)",8.382292,1.0,3
234,SQL_FIRST,"[0.00,0.05)",8.396,1.0,4
234,VECTOR_FIRST_HNSW,"[0.00,0.05)",22.962875,0.6,4
234,HNSW_HYBRID,"[0.00,0.05)",9.275916,1.0,4
234,IVFFLAT_HYBRID,"[0.00,0.05)",8.745917,1.0,4
236,SQL_FIRST,"[0.00,0.05)",7.697291,1.0,0
236,VECTOR_FIRST_HNSW,"[0.00,0.05)",22.940917,0.3,0
236,HNSW_HYBRID,"[0.00,0.05)",8.391666,1.0,0
236,IVFFLAT_HYBRID,"[0.00,0.05)",7.585541,1.0,0
236,SQL_FIRST,"[0.00,0.05)",8.659,1.0,1
236,VECTOR_FIRST_HNSW,"[0.00,0.05)",23.036834,0.3,1
236,HNSW_HYBRID,"[0.00,0.05)",8.435959,1.0,1
236,IVFFLAT_HYBRID,"[0.00,0.05)",7.945208,1.0,1
236,SQL_FIRST,"[0.00,0.05)",9.648291,1.0,2
236,VECTOR_FIRST_HNSW,"[0.00,0.05)",22.90975,0.3,2
236,HNSW_HYBRID,"[0.00,0.05)",8.371917,1.0,2
236,IVFFLAT_HYBRID,"[0.00,0.05)",7.618208,1.0,2
236,SQL_FIRST,"[0.00,0.05)",7.787375,1.0,3
236,VECTOR_FIRST_HNSW,"[0.00,0.05)",22.837125,0.3,3
236,HNSW_HYBRID,"[0.00,0.05)",8.592333,1.0,3
236,IVFFLAT_HYBRID,"[0.00,0.05)",7.638958,1.0,3
236,SQL_FIRST,"[0.00,0.05)",7.74075,1.0,4
236,VECTOR_FIRST_HNSW,"[0.00,0.05)",23.219958,0.3,4
236,HNSW_HYBRID,"[0.00,0.05)",8.243708,1.0,4
236,IVFFLAT_HYBRID,"[0.00,0.05)",7.550083,1.0,4
237,SQL_FIRST,"[0.00,0.05)",3.774042,1.0,0
237,VECTOR_FIRST_HNSW,"[0.00,0.05)",22.811917,0.0,0
237,HNSW_HYBRID,"[0.00,0.05)",4.108083,1.0,0
237,IVFFLAT_HYBRID,"[0.00,0.05)",3.695667,1.0,0
237,SQL_FIRST,"[0.00,0.05)",4.106666,1.0,1
237,VECTOR_FIRST_HNSW,"[0.00,0.05)",24.399666,0.0,1
237,HNSW_HYBRID,"[0.00,0.05)",4.120042,1.0,1
237,IVFFLAT_HYBRID,"[0.00,0.05)",3.691125,1.0,1
237,SQL_FIRST,"[0.00,0.05)",3.565333,1.0,2
237,VECTOR_FIRST_HNSW,"[0.00,0.05)",22.83825,0.0,2
237,HNSW_HYBRID,"[0.00,0.05)",4.10725,1.0,2
237,IVFFLAT_HYBRID,"[0.00,0.05)",3.828125,1.0,2
237,SQL_FIRST,"[0.00,0.05)",4.207292,1.0,3
237,VECTOR_FIRST_HNSW,"[0.00,0.05)",24.230167,0.0,3
237,HNSW_HYBRID,"[0.00,0.05)",4.0695,1.0,3
237,IVFFLAT_HYBRID,"[0.00,0.05)",3.716292,1.0,3
237,SQL_FIRST,"[0.00,0.05)",3.790208,1.0,4
237,VECTOR_FIRST_HNSW,"[0.00,0.05)",23.120958,0.0,4
237,HNSW_HYBRID,"[0.00,0.05)",4.126125,1.0,4
237,IVFFLAT_HYBRID,"[0.00,0.05)",3.75225,1.0,4
238,SQL_FIRST,"[0.00,0.05)",9.53875,1.0,0
238,VECTOR_FIRST_HNSW,"[0.00,0.05)",23.164625,0.5,0
238,HNSW_HYBRID,"[0.00,0.05)",9.772458,1.0,0
238,IVFFLAT_HYBRID,"[0.00,0.05)",9.715458,1.0,0
238,SQL_FIRST,"[0.00,0.05)",9.862875,1.0,1
238,VECTOR_FIRST_HNSW,"[0.00,0.05)",23.202,0.5,1
238,HNSW_HYBRID,"[0.00,0.05)",10.077167,1.0,1
238,IVFFLAT_HYBRID,"[0.00,0.05)",9.609666,1.0,1
238,SQL_FIRST,"[0.00,0.05)",9.621708,1.0,2
238,VECTOR_FIRST_HNSW,"[0.00,0.05)",26.654459,0.5,2
238,HNSW_HYBRID,"[0.00,0.05)",9.949667,1.0,2
238,IVFFLAT_HYBRID,"[0.00,0.05)",10.180291,1.0,2
238,SQL_FIRST,"[0.00,0.05)",9.620459,1.0,3
238,VECTOR_FIRST_HNSW,"[0.00,0.05)",23.109166,0.5,3
238,HNSW_HYBRID,"[0.00,0.05)",10.10625,1.0,3
238,IVFFLAT_HYBRID,"[0.00,0.05)",10.10375,1.0,3
238,SQL_FIRST,"[0.00,0.05)",10.62925,1.0,4
238,VECTOR_FIRST_HNSW,"[0.00,0.05)",23.204167,0.5,4
238,HNSW_HYBRID,"[0.00,0.05)",9.881042,1.0,4
238,IVFFLAT_HYBRID,"[0.00,0.05)",9.277375,1.0,4
240,SQL_FIRST,"[0.00,0.05)",1.266042,1.0,0
240,VECTOR_FIRST_HNSW,"[0.00,0.05)",22.706875,0.0,0
240,HNSW_HYBRID,"[0.00,0.05)",1.5045,1.0,0
240,IVFFLAT_HYBRID,"[0.00,0.05)",1.237625,1.0,0
240,SQL_FIRST,"[0.00,0.05)",1.2045,1.0,1
240,VECTOR_FIRST_HNSW,"[0.00,0.05)",24.213708,0.0,1
240,HNSW_HYBRID,"[0.00,0.05)",1.637417,1.0,1
240,IVFFLAT_HYBRID,"[0.00,0.05)",1.359583,1.0,1
240,SQL_FIRST,"[0.00,0.05)",1.260792,1.0,2
240,VECTOR_FIRST_HNSW,"[0.00,0.05)",22.845167,0.0,2
240,HNSW_HYBRID,"[0.00,0.05)",1.488833,1.0,2
240,IVFFLAT_HYBRID,"[0.00,0.05)",1.247334,1.0,2
240,SQL_FIRST,"[0.00,0.05)",1.233,1.0,3
240,VECTOR_FIRST_HNSW,"[0.00,0.05)",23.378041,0.0,3
240,HNSW_HYBRID,"[0.00,0.05)",1.438334,1.0,3
240,IVFFLAT_HYBRID,"[0.00,0.05)",1.222583,1.0,3
240,SQL_FIRST,"[0.00,0.05)",1.226083,1.0,4
240,VECTOR_FIRST_HNSW,"[0.00,0.05)",22.739667,0.0,4
240,HNSW_HYBRID,"[0.00,0.05)",1.526417,1.0,4
240,IVFFLAT_HYBRID,"[0.00,0.05)",1.27925,1.0,4
243,SQL_FIRST,"[0.00,0.05)",9.343583,1.0,0
243,VECTOR_FIRST_HNSW,"[0.00,0.05)",23.012209,0.3,0
243,HNSW_HYBRID,"[0.00,0.05)",9.894959,1.0,0
243,IVFFLAT_HYBRID,"[0.00,0.05)",9.381875,1.0,0
243,SQL_FIRST,"[0.00,0.05)",9.920542,1.0,1
243,VECTOR_FIRST_HNSW,"[0.00,0.05)",22.809042,0.3,1
243,HNSW_HYBRID,"[0.00,0.05)",10.093,1.0,1
243,IVFFLAT_HYBRID,"[0.00,0.05)",9.461,1.0,1
243,SQL_FIRST,"[0.00,0.05)",9.420292,1.0,2
243,VECTOR_FIRST_HNSW,"[0.00,0.05)",22.916833,0.3,2
243,HNSW_HYBRID,"[0.00,0.05)",10.170208,1.0,2
243,IVFFLAT_HYBRID,"[0.00,0.05)",10.53925,1.0,2
243,SQL_FIRST,"[0.00,0.05)",10.007958,1.0,3
243,VECTOR_FIRST_HNSW,"[0.00,0.05)",22.99475,0.3,3
243,HNSW_HYBRID,"[0.00,0.05)",9.537375,1.0,3
243,IVFFLAT_HYBRID,"[0.00,0.05)",9.096792,1.0,3
243,SQL_FIRST,"[0.00,0.05)",8.960542,1.0,4
243,VECTOR_FIRST_HNSW,"[0.00,0.05)",22.934666,0.3,4
243,HNSW_HYBRID,"[0.00,0.05)",9.897333,1.0,4
243,IVFFLAT_HYBRID,"[0.00,0.05)",9.723125,1.0,4
254,SQL_FIRST,"[0.00,0.05)",5.717833,1.0,0
254,VECTOR_FIRST_HNSW,"[0.00,0.05)",22.96425,0.1,0
254,HNSW_HYBRID,"[0.00,0.05)",6.272625,1.0,0
254,IVFFLAT_HYBRID,"[0.00,0.05)",5.651667,1.0,0
254,SQL_FIRST,"[0.00,0.05)",5.858209,1.0,1
254,VECTOR_FIRST_HNSW,"[0.00,0.05)",24.017875,0.1,1
254,HNSW_HYBRID,"[0.00,0.05)",6.476291,1.0,1
254,IVFFLAT_HYBRID,"[0.00,0.05)",6.151,1.0,1
254,SQL_FIRST,"[0.00,0.05)",5.628459,1.0,2
254,VECTOR_FIRST_HNSW,"[0.00,0.05)",22.985375,0.1,2
254,HNSW_HYBRID,"[0.00,0.05)",6.358042,1.0,2
254,IVFFLAT_HYBRID,"[0.00,0.05)",5.721416,1.0,2
254,SQL_FIRST,"[0.00,0.05)",6.091834,1.0,3
254,VECTOR_FIRST_HNSW,"[0.00,0.05)",22.952709,0.1,3
254,HNSW_HYBRID,"[0.00,0.05)",6.292208,1.0,3
254,IVFFLAT_HYBRID,"[0.00,0.05)",5.923708,1.0,3
254,SQL_FIRST,"[0.00,0.05)",5.624125,1.0,4
254,VECTOR_FIRST_HNSW,"[0.00,0.05)",22.968875,0.1,4
254,HNSW_HYBRID,"[0.00,0.05)",6.40775,1.0,4
254,IVFFLAT_HYBRID,"[0.00,0.05)",5.8115,1.0,4
255,SQL_FIRST,"[0.00,0.05)",8.124792,1.0,0
255,VECTOR_FIRST_HNSW,"[0.00,0.05)",22.951792,0.2,0
255,HNSW_HYBRID,"[0.00,0.05)",8.729667,1.0,0
255,IVFFLAT_HYBRID,"[0.00,0.05)",8.589625,1.0,0
255,SQL_FIRST,"[0.00,0.05)",8.3305,1.0,1
255,VECTOR_FIRST_HNSW,"[0.00,0.05)",23.204833,0.2,1
255,HNSW_HYBRID,"[0.00,0.05)",8.82175,1.0,1
255,IVFFLAT_HYBRID,"[0.00,0.05)",8.224292,1.0,1
255,SQL_FIRST,"[0.00,0.05)",7.924666,1.0,2
255,VECTOR_FIRST_HNSW,"[0.00,0.05)",23.048875,0.2,2
255,HNSW_HYBRID,"[0.00,0.05)",8.846833,1.0,2
255,IVFFLAT_HYBRID,"[0.00,0.05)",8.675042,1.0,2
255,SQL_FIRST,"[0.00,0.05)",8.224458,1.0,3
255,VECTOR_FIRST_HNSW,"[0.00,0.05)",22.980292,0.2,3
255,HNSW_HYBRID,"[0.00,0.05)",9.134334,1.0,3
255,IVFFLAT_HYBRID,"[0.00,0.05)",9.2995,1.0,3
255,SQL_FIRST,"[0.00,0.05)",9.234125,1.0,4
255,VECTOR_FIRST_HNSW,"[0.00,0.05)",24.062208,0.2,4
255,HNSW_HYBRID,"[0.00,0.05)",9.663459,1.0,4
255,IVFFLAT_HYBRID,"[0.00,0.05)",9.125375,1.0,4
257,SQL_FIRST,"[0.00,0.05)",9.689375,1.0,0
257,VECTOR_FIRST_HNSW,"[0.00,0.05)",23.562792,0.5,0
257,HNSW_HYBRID,"[0.00,0.05)",9.39025,1.0,0
257,IVFFLAT_HYBRID,"[0.00,0.05)",8.984875,1.0,0
257,SQL_FIRST,"[0.00,0.05)",9.087458,1.0,1
257,VECTOR_FIRST_HNSW,"[0.00,0.05)",23.76675,0.5,1
257,HNSW_HYBRID,"[0.00,0.05)",10.152125,1.0,1
257,IVFFLAT_HYBRID,"[0.00,0.05)",9.65925,1.0,1
257,SQL_FIRST,"[0.00,0.05)",9.057916,1.0,2
257,VECTOR_FIRST_HNSW,"[0.00,0.05)",23.422167,0.5,2
257,HNSW_HYBRID,"[0.00,0.05)",9.351209,1.0,2
257,IVFFLAT_HYBRID,"[0.00,0.05)",9.070834,1.0,2
257,SQL_FIRST,"[0.00,0.05)",9.118542,1.0,3
257,VECTOR_FIRST_HNSW,"[0.00,0.05)",22.903625,0.5,3
257,HNSW_HYBRID,"[0.00,0.05)",9.4815,1.0,3
257,IVFFLAT_HYBRID,"[0.00,0.05)",9.027375,1.0,3
257,SQL_FIRST,"[0.00,0.05)",9.091083,1.0,4
257,VECTOR_FIRST_HNSW,"[0.00,0.05)",22.976334,0.5,4
257,HNSW_HYBRID,"[0.00,0.05)",9.203875,1.0,4
257,IVFFLAT_HYBRID,"[0.00,0.05)",9.149333,1.0,4
258,SQL_FIRST,"[0.00,0.05)",9.718042,1.0,0
258,VECTOR_FIRST_HNSW,"[0.00,0.05)",22.979792,0.2,0
258,HNSW_HYBRID,"[0.00,0.05)",10.487167,1.0,0
258,IVFFLAT_HYBRID,"[0.00,0.05)",10.161458,1.0,0
258,SQL_FIRST,"[0.00,0.05)",10.031042,1.0,1
258,VECTOR_FIRST_HNSW,"[0.00,0.05)",22.969375,0.2,1
258,HNSW_HYBRID,"[0.00,0.05)",10.674625,1.0,1
258,IVFFLAT_HYBRID,"[0.00,0.05)",10.062208,1.0,1
258,SQL_FIRST,"[0.00,0.05)",10.558917,1.0,2
258,VECTOR_FIRST_HNSW,"[0.00,0.05)",23.00125,0.2,2
258,HNSW_HYBRID,"[0.00,0.05)",10.605167,1.0,2
258,IVFFLAT_HYBRID,"[0.00,0.05)",10.101167,1.0,2
258,SQL_FIRST,"[0.00,0.05)",9.9155,1.0,3
258,VECTOR_FIRST_HNSW,"[0.00,0.05)",22.94925,0.2,3
258,HNSW_HYBRID,"[0.00,0.05)",10.682667,1.0,3
258,IVFFLAT_HYBRID,"[0.00,0.05)",10.447542,1.0,3
258,SQL_FIRST,"[0.00,0.05)",10.740625,1.0,4
258,VECTOR_FIRST_HNSW,"[0.00,0.05)",23.034709,0.2,4
258,HNSW_HYBRID,"[0.00,0.05)",10.4495,1.0,4
258,IVFFLAT_HYBRID,"[0.00,0.05)",10.10225,1.0,4
259,SQL_FIRST,"[0.00,0.05)",9.657583,1.0,0
259,VECTOR_FIRST_HNSW,"[0.00,0.05)",23.028625,0.3,0
259,HNSW_HYBRID,"[0.00,0.05)",10.472209,1.0,0
259,IVFFLAT_HYBRID,"[0.00,0.05)",9.916375,1.0,0
259,SQL_FIRST,"[0.00,0.05)",10.322291,1.0,1
259,VECTOR_FIRST_HNSW,"[0.00,0.05)",23.528333,0.3,1
259,HNSW_HYBRID,"[0.00,0.05)",10.287833,1.0,1
259,IVFFLAT_HYBRID,"[0.00,0.05)",9.859583,1.0,1
259,SQL_FIRST,"[0.00,0.05)",9.732958,1.0,2
259,VECTOR_FIRST_HNSW,"[0.00,0.05)",22.907584,0.3,2
259,HNSW_HYBRID,"[0.00,0.05)",10.275583,1.0,2
259,IVFFLAT_HYBRID,"[0.00,0.05)",9.958042,1.0,2
259,SQL_FIRST,"[0.00,0.05)",9.642041,1.0,3
259,VECTOR_FIRST_HNSW,"[0.00,0.05)",23.049917,0.3,3
259,HNSW_HYBRID,"[0.00,0.05)",10.827125,1.0,3
259,IVFFLAT_HYBRID,"[0.00,0.05)",11.413708,1.0,3
259,SQL_FIRST,"[0.00,0.05)",10.157875,1.0,4
259,VECTOR_FIRST_HNSW,"[0.00,0.05)",22.878834,0.3,4
259,HNSW_HYBRID,"[0.00,0.05)",10.118875,1.0,4
259,IVFFLAT_HYBRID,"[0.00,0.05)",9.514167,1.0,4
260,SQL_FIRST,"[0.00,0.05)",8.68375,1.0,0
260,VECTOR_FIRST_HNSW,"[0.00,0.05)",23.095167,0.2,0
260,HNSW_HYBRID,"[0.00,0.05)",9.339833,1.0,0
260,IVFFLAT_HYBRID,"[0.00,0.05)",8.992292,1.0,0
260,SQL_FIRST,"[0.00,0.05)",8.791209,1.0,1
260,VECTOR_FIRST_HNSW,"[0.00,0.05)",24.007375,0.2,1
260,HNSW_HYBRID,"[0.00,0.05)",17.404625,1.0,1
260,IVFFLAT_HYBRID,"[0.00,0.05)",14.491125,1.0,1
260,SQL_FIRST,"[0.00,0.05)",12.009166,1.0,2
260,VECTOR_FIRST_HNSW,"[0.00,0.05)",34.532166,0.2,2
260,HNSW_HYBRID,"[0.00,0.05)",10.840166,1.0,2
260,IVFFLAT_HYBRID,"[0.00,0.05)",11.056917,1.0,2
260,SQL_FIRST,"[0.00,0.05)",10.611375,1.0,3
260,VECTOR_FIRST_HNSW,"[0.00,0.05)",65.352667,0.2,3
260,HNSW_HYBRID,"[0.00,0.05)",12.270625,1.0,3
260,IVFFLAT_HYBRID,"[0.00,0.05)",10.500166,1.0,3
260,SQL_FIRST,"[0.00,0.05)",10.1435,1.0,4
260,VECTOR_FIRST_HNSW,"[0.00,0.05)",23.384042,0.2,4
260,HNSW_HYBRID,"[0.00,0.05)",10.85375,1.0,4
260,IVFFLAT_HYBRID,"[0.00,0.05)",9.56875,1.0,4
262,SQL_FIRST,"[0.00,0.05)",7.517708,1.0,0
262,VECTOR_FIRST_HNSW,"[0.00,0.05)",22.841875,0.1,0
262,HNSW_HYBRID,"[0.00,0.05)",7.852208,1.0,0
262,IVFFLAT_HYBRID,"[0.00,0.05)",7.460834,1.0,0
262,SQL_FIRST,"[0.00,0.05)",7.354167,1.0,1
262,VECTOR_FIRST_HNSW,"[0.00,0.05)",22.767917,0.1,1
262,HNSW_HYBRID,"[0.00,0.05)",7.876666,1.0,1
262,IVFFLAT_HYBRID,"[0.00,0.05)",7.376958,1.0,1
262,SQL_FIRST,"[0.00,0.05)",7.358917,1.0,2
262,VECTOR_FIRST_HNSW,"[0.00,0.05)",22.930209,0.1,2
262,HNSW_HYBRID,"[0.00,0.05)",7.953,1.0,2
262,IVFFLAT_HYBRID,"[0.00,0.05)",7.665584,1.0,2
262,SQL_FIRST,"[0.00,0.05)",7.141459,1.0,3
262,VECTOR_FIRST_HNSW,"[0.00,0.05)",22.96375,0.1,3
262,HNSW_HYBRID,"[0.00,0.05)",7.959166,1.0,3
262,IVFFLAT_HYBRID,"[0.00,0.05)",7.528875,1.0,3
262,SQL_FIRST,"[0.00,0.05)",7.530792,1.0,4
262,VECTOR_FIRST_HNSW,"[0.00,0.05)",22.801625,0.1,4
262,HNSW_HYBRID,"[0.00,0.05)",8.227833,1.0,4
262,IVFFLAT_HYBRID,"[0.00,0.05)",7.990833,1.0,4
265,SQL_FIRST,"[0.00,0.05)",8.843458,1.0,0
265,VECTOR_FIRST_HNSW,"[0.00,0.05)",23.807334,0.2,0
265,HNSW_HYBRID,"[0.00,0.05)",9.221167,1.0,0
265,IVFFLAT_HYBRID,"[0.00,0.05)",8.623625,1.0,0
265,SQL_FIRST,"[0.00,0.05)",8.360083,1.0,1
265,VECTOR_FIRST_HNSW,"[0.00,0.05)",23.123042,0.2,1
265,HNSW_HYBRID,"[0.00,0.05)",9.290375,1.0,1
265,IVFFLAT_HYBRID,"[0.00,0.05)",9.256167,1.0,1
265,SQL_FIRST,"[0.00,0.05)",8.767917,1.0,2
265,VECTOR_FIRST_HNSW,"[0.00,0.05)",22.946,0.2,2
265,HNSW_HYBRID,"[0.00,0.05)",9.215791,1.0,2
265,IVFFLAT_HYBRID,"[0.00,0.05)",8.795375,1.0,2
265,SQL_FIRST,"[0.00,0.05)",8.82575,1.0,3
265,VECTOR_FIRST_HNSW,"[0.00,0.05)",22.951208,0.2,3
265,HNSW_HYBRID,"[0.00,0.05)",9.562958,1.0,3
265,IVFFLAT_HYBRID,"[0.00,0.05)",9.048125,1.0,3
265,SQL_FIRST,"[0.00,0.05)",9.3685,1.0,4
265,VECTOR_FIRST_HNSW,"[0.00,0.05)",23.059083,0.2,4
265,HNSW_HYBRID,"[0.00,0.05)",9.238292,1.0,4
265,IVFFLAT_HYBRID,"[0.00,0.05)",8.690417,1.0,4
266,SQL_FIRST,"[0.00,0.05)",8.797792,1.0,0
266,VECTOR_FIRST_HNSW,"[0.00,0.05)",24.422,0.3,0
266,HNSW_HYBRID,"[0.00,0.05)",9.754916,1.0,0
266,IVFFLAT_HYBRID,"[0.00,0.05)",9.755959,1.0,0
266,SQL_FIRST,"[0.00,0.05)",9.062458,1.0,1
266,VECTOR_FIRST_HNSW,"[0.00,0.05)",23.014791,0.3,1
266,HNSW_HYBRID,"[0.00,0.05)",9.653,1.0,1
266,IVFFLAT_HYBRID,"[0.00,0.05)",10.080166,1.0,1
266,SQL_FIRST,"[0.00,0.05)",10.158875,1.0,2
266,VECTOR_FIRST_HNSW,"[0.00,0.05)",23.573292,0.3,2
266,HNSW_HYBRID,"[0.00,0.05)",10.1565,1.0,2
266,IVFFLAT_HYBRID,"[0.00,0.05)",9.856667,1.0,2
266,SQL_FIRST,"[0.00,0.05)",9.625,1.0,3
266,VECTOR_FIRST_HNSW,"[0.00,0.05)",23.233667,0.3,3
266,HNSW_HYBRID,"[0.00,0.05)",9.371459,1.0,3
266,IVFFLAT_HYBRID,"[0.00,0.05)",8.772834,1.0,3
266,SQL_FIRST,"[0.00,0.05)",9.496541,1.0,4
266,VECTOR_FIRST_HNSW,"[0.00,0.05)",23.298709,0.3,4
266,HNSW_HYBRID,"[0.00,0.05)",9.745,1.0,4
266,IVFFLAT_HYBRID,"[0.00,0.05)",9.189,1.0,4
267,SQL_FIRST,"[0.00,0.05)",6.553834,1.0,0
267,VECTOR_FIRST_HNSW,"[0.00,0.05)",22.93025,0.0,0
267,HNSW_HYBRID,"[0.00,0.05)",7.14425,1.0,0
267,IVFFLAT_HYBRID,"[0.00,0.05)",6.477667,1.0,0
267,SQL_FIRST,"[0.00,0.05)",7.058958,1.0,1
267,VECTOR_FIRST_HNSW,"[0.00,0.05)",22.994291,0.0,1
267,HNSW_HYBRID,"[0.00,0.05)",6.960792,1.0,1
267,IVFFLAT_HYBRID,"[0.00,0.05)",6.345542,1.0,1
267,SQL_FIRST,"[0.00,0.05)",6.171834,1.0,2
267,VECTOR_FIRST_HNSW,"[0.00,0.05)",22.842542,0.0,2
267,HNSW_HYBRID,"[0.00,0.05)",7.027958,1.0,2
267,IVFFLAT_HYBRID,"[0.00,0.05)",6.579459,1.0,2
267,SQL_FIRST,"[0.00,0.05)",6.487791,1.0,3
267,VECTOR_FIRST_HNSW,"[0.00,0.05)",22.788,0.0,3
267,HNSW_HYBRID,"[0.00,0.05)",7.057625,1.0,3
267,IVFFLAT_HYBRID,"[0.00,0.05)",6.39575,1.0,3
267,SQL_FIRST,"[0.00,0.05)",6.409208,1.0,4
267,VECTOR_FIRST_HNSW,"[0.00,0.05)",22.958834,0.0,4
267,HNSW_HYBRID,"[0.00,0.05)",6.962834,1.0,4
267,IVFFLAT_HYBRID,"[0.00,0.05)",6.322208,1.0,4
268,SQL_FIRST,"[0.00,0.05)",6.594125,1.0,0
268,VECTOR_FIRST_HNSW,"[0.00,0.05)",22.930167,0.0,0
268,HNSW_HYBRID,"[0.00,0.05)",7.104958,1.0,0
268,IVFFLAT_HYBRID,"[0.00,0.05)",6.463458,1.0,0
268,SQL_FIRST,"[0.00,0.05)",6.549292,1.0,1
268,VECTOR_FIRST_HNSW,"[0.00,0.05)",23.036584,0.0,1
268,HNSW_HYBRID,"[0.00,0.05)",7.028625,1.0,1
268,IVFFLAT_HYBRID,"[0.00,0.05)",6.387125,1.0,1
268,SQL_FIRST,"[0.00,0.05)",6.590666,1.0,2
268,VECTOR_FIRST_HNSW,"[0.00,0.05)",23.709875,0.0,2
268,HNSW_HYBRID,"[0.00,0.05)",7.314917,1.0,2
268,IVFFLAT_HYBRID,"[0.00,0.05)",6.882209,1.0,2
268,SQL_FIRST,"[0.00,0.05)",6.397625,1.0,3
268,VECTOR_FIRST_HNSW,"[0.00,0.05)",23.300709,0.0,3
268,HNSW_HYBRID,"[0.00,0.05)",7.283584,1.0,3
268,IVFFLAT_HYBRID,"[0.00,0.05)",7.262583,1.0,3
268,SQL_FIRST,"[0.00,0.05)",6.766792,1.0,4
268,VECTOR_FIRST_HNSW,"[0.00,0.05)",23.016417,0.0,4
268,HNSW_HYBRID,"[0.00,0.05)",7.042042,1.0,4
268,IVFFLAT_HYBRID,"[0.00,0.05)",6.464917,1.0,4
272,SQL_FIRST,"[0.00,0.05)",6.101833,1.0,0
272,VECTOR_FIRST_HNSW,"[0.00,0.05)",22.923208,0.2,0
272,HNSW_HYBRID,"[0.00,0.05)",7.007417,1.0,0
272,IVFFLAT_HYBRID,"[0.00,0.05)",6.44825,1.0,0
272,SQL_FIRST,"[0.00,0.05)",6.144,1.0,1
272,VECTOR_FIRST_HNSW,"[0.00,0.05)",23.027375,0.2,1
272,HNSW_HYBRID,"[0.00,0.05)",6.797833,1.0,1
272,IVFFLAT_HYBRID,"[0.00,0.05)",6.175875,1.0,1
272,SQL_FIRST,"[0.00,0.05)",6.247875,1.0,2
272,VECTOR_FIRST_HNSW,"[0.00,0.05)",22.985375,0.2,2
272,HNSW_HYBRID,"[0.00,0.05)",6.793083,1.0,2
272,IVFFLAT_HYBRID,"[0.00,0.05)",6.362208,1.0,2
272,SQL_FIRST,"[0.00,0.05)",6.09175,1.0,3
272,VECTOR_FIRST_HNSW,"[0.00,0.05)",23.599375,0.2,3
272,HNSW_HYBRID,"[0.00,0.05)",7.174958,1.0,3
272,IVFFLAT_HYBRID,"[0.00,0.05)",6.223208,1.0,3
272,SQL_FIRST,"[0.00,0.05)",6.047417,1.0,4
272,VECTOR_FIRST_HNSW,"[0.00,0.05)",22.9515,0.2,4
272,HNSW_HYBRID,"[0.00,0.05)",6.788375,1.0,4
272,IVFFLAT_HYBRID,"[0.00,0.05)",6.062625,1.0,4
275,SQL_FIRST,"[0.00,0.05)",9.371542,1.0,0
275,VECTOR_FIRST_HNSW,"[0.00,0.05)",23.074583,0.3,0
275,HNSW_HYBRID,"[0.00,0.05)",9.779125,1.0,0
275,IVFFLAT_HYBRID,"[0.00,0.05)",9.367333,1.0,0
275,SQL_FIRST,"[0.00,0.05)",9.137791,1.0,1
275,VECTOR_FIRST_HNSW,"[0.00,0.05)",22.9915,0.3,1
275,HNSW_HYBRID,"[0.00,0.05)",9.925709,1.0,1
275,IVFFLAT_HYBRID,"[0.00,0.05)",9.72575,1.0,1
275,SQL_FIRST,"[0.00,0.05)",9.625375,1.0,2
275,VECTOR_FIRST_HNSW,"[0.00,0.05)",22.9955,0.3,2
275,HNSW_HYBRID,"[0.00,0.05)",9.676917,1.0,2
275,IVFFLAT_HYBRID,"[0.00,0.05)",9.474666,1.0,2
275,SQL_FIRST,"[0.00,0.05)",9.954667,1.0,3
275,VECTOR_FIRST_HNSW,"[0.00,0.05)",22.936417,0.3,3
275,HNSW_HYBRID,"[0.00,0.05)",9.521417,1.0,3
275,IVFFLAT_HYBRID,"[0.00,0.05)",9.035125,1.0,3
275,SQL_FIRST,"[0.00,0.05)",9.752208,1.0,4
275,VECTOR_FIRST_HNSW,"[0.00,0.05)",22.993083,0.3,4
275,HNSW_HYBRID,"[0.00,0.05)",10.002625,1.0,4
275,IVFFLAT_HYBRID,"[0.00,0.05)",9.341875,1.0,4
277,SQL_FIRST,"[0.00,0.05)",3.767291,1.0,0
277,VECTOR_FIRST_HNSW,"[0.00,0.05)",22.9205,0.0,0
277,HNSW_HYBRID,"[0.00,0.05)",4.134416,1.0,0
277,IVFFLAT_HYBRID,"[0.00,0.05)",3.817417,1.0,0
277,SQL_FIRST,"[0.00,0.05)",3.809417,1.0,1
277,VECTOR_FIRST_HNSW,"[0.00,0.05)",22.977666,0.0,1
277,HNSW_HYBRID,"[0.00,0.05)",4.106041,1.0,1
277,IVFFLAT_HYBRID,"[0.00,0.05)",3.7775,1.0,1
277,SQL_FIRST,"[0.00,0.05)",3.79,1.0,2
277,VECTOR_FIRST_HNSW,"[0.00,0.05)",22.867,0.0,2
277,HNSW_HYBRID,"[0.00,0.05)",4.110958,1.0,2
277,IVFFLAT_HYBRID,"[0.00,0.05)",3.785833,1.0,2
277,SQL_FIRST,"[0.00,0.05)",3.847625,1.0,3
277,VECTOR_FIRST_HNSW,"[0.00,0.05)",22.93625,0.0,3
277,HNSW_HYBRID,"[0.00,0.05)",4.097666,1.0,3
277,IVFFLAT_HYBRID,"[0.00,0.05)",3.847708,1.0,3
277,SQL_FIRST,"[0.00,0.05)",3.848416,1.0,4
277,VECTOR_FIRST_HNSW,"[0.00,0.05)",22.753125,0.0,4
277,HNSW_HYBRID,"[0.00,0.05)",4.211791,1.0,4
277,IVFFLAT_HYBRID,"[0.00,0.05)",3.858791,1.0,4
281,SQL_FIRST,"[0.00,0.05)",9.681375,1.0,0
281,VECTOR_FIRST_HNSW,"[0.00,0.05)",22.974708,0.2,0
281,HNSW_HYBRID,"[0.00,0.05)",10.2835,1.0,0
281,IVFFLAT_HYBRID,"[0.00,0.05)",9.401292,1.0,0
281,SQL_FIRST,"[0.00,0.05)",9.351125,1.0,1
281,VECTOR_FIRST_HNSW,"[0.00,0.05)",23.424583,0.2,1
281,HNSW_HYBRID,"[0.00,0.05)",10.255,1.0,1
281,IVFFLAT_HYBRID,"[0.00,0.05)",9.724958,1.0,1
281,SQL_FIRST,"[0.00,0.05)",9.310667,1.0,2
281,VECTOR_FIRST_HNSW,"[0.00,0.05)",22.899833,0.2,2
281,HNSW_HYBRID,"[0.00,0.05)",9.864917,1.0,2
281,IVFFLAT_HYBRID,"[0.00,0.05)",9.464292,1.0,2
281,SQL_FIRST,"[0.00,0.05)",10.0765,1.0,3
281,VECTOR_FIRST_HNSW,"[0.00,0.05)",23.173125,0.2,3
281,HNSW_HYBRID,"[0.00,0.05)",10.060125,1.0,3
281,IVFFLAT_HYBRID,"[0.00,0.05)",10.231334,1.0,3
281,SQL_FIRST,"[0.00,0.05)",9.730916,1.0,4
281,VECTOR_FIRST_HNSW,"[0.00,0.05)",22.962417,0.2,4
281,HNSW_HYBRID,"[0.00,0.05)",9.779459,1.0,4
281,IVFFLAT_HYBRID,"[0.00,0.05)",9.508333,1.0,4
282,SQL_FIRST,"[0.00,0.05)",8.757208,1.0,0
282,VECTOR_FIRST_HNSW,"[0.00,0.05)",22.951125,0.4,0
282,HNSW_HYBRID,"[0.00,0.05)",9.609125,1.0,0
282,IVFFLAT_HYBRID,"[0.00,0.05)",9.598125,1.0,0
282,SQL_FIRST,"[0.00,0.05)",9.065458,1.0,1
282,VECTOR_FIRST_HNSW,"[0.00,0.05)",24.220291,0.4,1
282,HNSW_HYBRID,"[0.00,0.05)",9.582625,1.0,1
282,IVFFLAT_HYBRID,"[0.00,0.05)",9.31325,1.0,1
282,SQL_FIRST,"[0.00,0.05)",9.363833,1.0,2
282,VECTOR_FIRST_HNSW,"[0.00,0.05)",23.037375,0.4,2
282,HNSW_HYBRID,"[0.00,0.05)",10.00975,1.0,2
282,IVFFLAT_HYBRID,"[0.00,0.05)",9.062584,1.0,2
282,SQL_FIRST,"[0.00,0.05)",9.161042,1.0,3
282,VECTOR_FIRST_HNSW,"[0.00,0.05)",23.039333,0.4,3
282,HNSW_HYBRID,"[0.00,0.05)",9.464458,1.0,3
282,IVFFLAT_HYBRID,"[0.00,0.05)",8.763667,1.0,3
282,SQL_FIRST,"[0.00,0.05)",9.48725,1.0,4
282,VECTOR_FIRST_HNSW,"[0.00,0.05)",23.375916,0.4,4
282,HNSW_HYBRID,"[0.00,0.05)",9.7225,1.0,4
282,IVFFLAT_HYBRID,"[0.00,0.05)",9.708167,1.0,4
284,SQL_FIRST,"[0.00,0.05)",8.523583,1.0,0
284,VECTOR_FIRST_HNSW,"[0.00,0.05)",22.879,0.5,0
284,HNSW_HYBRID,"[0.00,0.05)",9.558208,1.0,0
284,IVFFLAT_HYBRID,"[0.00,0.05)",8.830125,1.0,0
284,SQL_FIRST,"[0.00,0.05)",8.863792,1.0,1
284,VECTOR_FIRST_HNSW,"[0.00,0.05)",23.066417,0.5,1
284,HNSW_HYBRID,"[0.00,0.05)",9.36675,1.0,1
284,IVFFLAT_HYBRID,"[0.00,0.05)",8.958541,1.0,1
284,SQL_FIRST,"[0.00,0.05)",9.031041,1.0,2
284,VECTOR_FIRST_HNSW,"[0.00,0.05)",23.043125,0.5,2
284,HNSW_HYBRID,"[0.00,0.05)",9.08525,1.0,2
284,IVFFLAT_HYBRID,"[0.00,0.05)",8.350334,1.0,2
284,SQL_FIRST,"[0.00,0.05)",9.282,1.0,3
284,VECTOR_FIRST_HNSW,"[0.00,0.05)",22.9575,0.5,3
284,HNSW_HYBRID,"[0.00,0.05)",9.559833,1.0,3
284,IVFFLAT_HYBRID,"[0.00,0.05)",8.733334,1.0,3
284,SQL_FIRST,"[0.00,0.05)",8.697583,1.0,4
284,VECTOR_FIRST_HNSW,"[0.00,0.05)",23.055375,0.5,4
284,HNSW_HYBRID,"[0.00,0.05)",9.259167,1.0,4
284,IVFFLAT_HYBRID,"[0.00,0.05)",8.787125,1.0,4
287,SQL_FIRST,"[0.00,0.05)",1.599292,1.0,0
287,VECTOR_FIRST_HNSW,"[0.00,0.05)",22.893458,0.0,0
287,HNSW_HYBRID,"[0.00,0.05)",2.050667,1.0,0
287,IVFFLAT_HYBRID,"[0.00,0.05)",1.625292,1.0,0
287,SQL_FIRST,"[0.00,0.05)",1.646125,1.0,1
287,VECTOR_FIRST_HNSW,"[0.00,0.05)",22.832125,0.0,1
287,HNSW_HYBRID,"[0.00,0.05)",1.962,1.0,1
287,IVFFLAT_HYBRID,"[0.00,0.05)",1.594167,1.0,1
287,SQL_FIRST,"[0.00,0.05)",1.610875,1.0,2
287,VECTOR_FIRST_HNSW,"[0.00,0.05)",22.979834,0.0,2
287,HNSW_HYBRID,"[0.00,0.05)",1.945541,1.0,2
287,IVFFLAT_HYBRID,"[0.00,0.05)",1.595917,1.0,2
287,SQL_FIRST,"[0.00,0.05)",1.551125,1.0,3
287,VECTOR_FIRST_HNSW,"[0.00,0.05)",23.514125,0.0,3
287,HNSW_HYBRID,"[0.00,0.05)",1.958375,1.0,3
287,IVFFLAT_HYBRID,"[0.00,0.05)",1.5625,1.0,3
287,SQL_FIRST,"[0.00,0.05)",1.537667,1.0,4
287,VECTOR_FIRST_HNSW,"[0.00,0.05)",22.938459,0.0,4
287,HNSW_HYBRID,"[0.00,0.05)",1.961083,1.0,4
287,IVFFLAT_HYBRID,"[0.00,0.05)",1.603417,1.0,4
294,SQL_FIRST,"[0.00,0.05)",9.223875,1.0,0
294,VECTOR_FIRST_HNSW,"[0.00,0.05)",23.4975,0.3,0
294,HNSW_HYBRID,"[0.00,0.05)",9.454625,1.0,0
294,IVFFLAT_HYBRID,"[0.00,0.05)",8.733791,1.0,0
294,SQL_FIRST,"[0.00,0.05)",8.52825,1.0,1
294,VECTOR_FIRST_HNSW,"[0.00,0.05)",23.66375,0.3,1
294,HNSW_HYBRID,"[0.00,0.05)",9.200166,1.0,1
294,IVFFLAT_HYBRID,"[0.00,0.05)",9.16525,1.0,1
294,SQL_FIRST,"[0.00,0.05)",8.416958,1.0,2
294,VECTOR_FIRST_HNSW,"[0.00,0.05)",22.999416,0.3,2
294,HNSW_HYBRID,"[0.00,0.05)",9.142959,1.0,2
294,IVFFLAT_HYBRID,"[0.00,0.05)",8.920375,1.0,2
294,SQL_FIRST,"[0.00,0.05)",8.828917,1.0,3
294,VECTOR_FIRST_HNSW,"[0.00,0.05)",22.937667,0.3,3
294,HNSW_HYBRID,"[0.00,0.05)",9.055083,1.0,3
294,IVFFLAT_HYBRID,"[0.00,0.05)",9.10525,1.0,3
294,SQL_FIRST,"[0.00,0.05)",9.0915,1.0,4
294,VECTOR_FIRST_HNSW,"[0.00,0.05)",23.059875,0.3,4
294,HNSW_HYBRID,"[0.00,0.05)",9.069209,1.0,4
294,IVFFLAT_HYBRID,"[0.00,0.05)",8.594042,1.0,4
295,SQL_FIRST,"[0.00,0.05)",9.875625,1.0,0
295,VECTOR_FIRST_HNSW,"[0.00,0.05)",24.25275,0.4,0
295,HNSW_HYBRID,"[0.00,0.05)",9.970667,1.0,0
295,IVFFLAT_HYBRID,"[0.00,0.05)",9.906208,1.0,0
295,SQL_FIRST,"[0.00,0.05)",9.417625,1.0,1
295,VECTOR_FIRST_HNSW,"[0.00,0.05)",22.929417,0.4,1
295,HNSW_HYBRID,"[0.00,0.05)",9.772958,1.0,1
295,IVFFLAT_HYBRID,"[0.00,0.05)",9.470334,1.0,1
295,SQL_FIRST,"[0.00,0.05)",9.288041,1.0,2
295,VECTOR_FIRST_HNSW,"[0.00,0.05)",22.971917,0.4,2
295,HNSW_HYBRID,"[0.00,0.05)",9.813167,1.0,2
295,IVFFLAT_HYBRID,"[0.00,0.05)",9.322667,1.0,2
295,SQL_FIRST,"[0.00,0.05)",9.489375,1.0,3
295,VECTOR_FIRST_HNSW,"[0.00,0.05)",22.996791,0.4,3
295,HNSW_HYBRID,"[0.00,0.05)",9.600167,1.0,3
295,IVFFLAT_HYBRID,"[0.00,0.05)",8.973875,1.0,3
295,SQL_FIRST,"[0.00,0.05)",9.728083,1.0,4
295,VECTOR_FIRST_HNSW,"[0.00,0.05)",24.063625,0.4,4
295,HNSW_HYBRID,"[0.00,0.05)",9.860584,1.0,4
295,IVFFLAT_HYBRID,"[0.00,0.05)",9.233625,1.0,4
296,SQL_FIRST,"[0.00,0.05)",9.290792,1.0,0
296,VECTOR_FIRST_HNSW,"[0.00,0.05)",23.001,0.2,0
296,HNSW_HYBRID,"[0.00,0.05)",11.25525,1.0,0
296,IVFFLAT_HYBRID,"[0.00,0.05)",9.691625,1.0,0
296,SQL_FIRST,"[0.00,0.05)",10.006666,1.0,1
296,VECTOR_FIRST_HNSW,"[0.00,0.05)",22.886916,0.2,1
296,HNSW_HYBRID,"[0.00,0.05)",10.119959,1.0,1
296,IVFFLAT_HYBRID,"[0.00,0.05)",9.541667,1.0,1
296,SQL_FIRST,"[0.00,0.05)",9.506959,1.0,2
296,VECTOR_FIRST_HNSW,"[0.00,0.05)",22.99625,0.2,2
296,HNSW_HYBRID,"[0.00,0.05)",9.607458,1.0,2
296,IVFFLAT_HYBRID,"[0.00,0.05)",9.847333,1.0,2
296,SQL_FIRST,"[0.00,0.05)",9.534,1.0,3
296,VECTOR_FIRST_HNSW,"[0.00,0.05)",23.060584,0.2,3
296,HNSW_HYBRID,"[0.00,0.05)",9.786375,1.0,3
296,IVFFLAT_HYBRID,"[0.00,0.05)",9.178125,1.0,3
296,SQL_FIRST,"[0.00,0.05)",9.262583,1.0,4
296,VECTOR_FIRST_HNSW,"[0.00,0.05)",23.050333,0.2,4
296,HNSW_HYBRID,"[0.00,0.05)",9.943209,1.0,4
296,IVFFLAT_HYBRID,"[0.00,0.05)",9.481791,1.0,4
298,SQL_FIRST,"[0.00,0.05)",8.933292,1.0,0
298,VECTOR_FIRST_HNSW,"[0.00,0.05)",22.923584,0.2,0
298,HNSW_HYBRID,"[0.00,0.05)",9.185791,1.0,0
298,IVFFLAT_HYBRID,"[0.00,0.05)",8.958542,1.0,0
298,SQL_FIRST,"[0.00,0.05)",8.598917,1.0,1
298,VECTOR_FIRST_HNSW,"[0.00,0.05)",23.075208,0.2,1
298,HNSW_HYBRID,"[0.00,0.05)",9.111959,1.0,1
298,IVFFLAT_HYBRID,"[0.00,0.05)",8.899958,1.0,1
298,SQL_FIRST,"[0.00,0.05)",8.964833,1.0,2
298,VECTOR_FIRST_HNSW,"[0.00,0.05)",24.210542,0.2,2
298,HNSW_HYBRID,"[0.00,0.05)",9.061,1.0,2
298,IVFFLAT_HYBRID,"[0.00,0.05)",8.372542,1.0,2
298,SQL_FIRST,"[0.00,0.05)",8.190291,1.0,3
298,VECTOR_FIRST_HNSW,"[0.00,0.05)",23.048792,0.2,3
298,HNSW_HYBRID,"[0.00,0.05)",9.435917,1.0,3
298,IVFFLAT_HYBRID,"[0.00,0.05)",9.130833,1.0,3
298,SQL_FIRST,"[0.00,0.05)",8.504792,1.0,4
298,VECTOR_FIRST_HNSW,"[0.00,0.05)",22.966334,0.2,4
298,HNSW_HYBRID,"[0.00,0.05)",9.157458,1.0,4
298,IVFFLAT_HYBRID,"[0.00,0.05)",8.640333,1.0,4
301,SQL_FIRST,"[0.00,0.05)",10.844,1.0,0
301,VECTOR_FIRST_HNSW,"[0.00,0.05)",22.933,0.3,0
301,HNSW_HYBRID,"[0.00,0.05)",11.022625,1.0,0
301,IVFFLAT_HYBRID,"[0.00,0.05)",11.145041,1.0,0
301,SQL_FIRST,"[0.00,0.05)",10.987083,1.0,1
301,VECTOR_FIRST_HNSW,"[0.00,0.05)",23.094541,0.3,1
301,HNSW_HYBRID,"[0.00,0.05)",11.121167,1.0,1
301,IVFFLAT_HYBRID,"[0.00,0.05)",10.798209,1.0,1
301,SQL_FIRST,"[0.00,0.05)",10.886167,1.0,2
301,VECTOR_FIRST_HNSW,"[0.00,0.05)",22.946208,0.3,2
301,HNSW_HYBRID,"[0.00,0.05)",11.151083,1.0,2
301,IVFFLAT_HYBRID,"[0.00,0.05)",11.145292,1.0,2
301,SQL_FIRST,"[0.00,0.05)",12.804042,1.0,3
301,VECTOR_FIRST_HNSW,"[0.00,0.05)",22.992167,0.3,3
301,HNSW_HYBRID,"[0.00,0.05)",11.394625,1.0,3
301,IVFFLAT_HYBRID,"[0.00,0.05)",10.944916,1.0,3
301,SQL_FIRST,"[0.00,0.05)",10.589416,1.0,4
301,VECTOR_FIRST_HNSW,"[0.00,0.05)",23.062542,0.3,4
301,HNSW_HYBRID,"[0.00,0.05)",11.208084,1.0,4
301,IVFFLAT_HYBRID,"[0.00,0.05)",11.101166,1.0,4
302,SQL_FIRST,"[0.00,0.05)",4.395042,1.0,0
302,VECTOR_FIRST_HNSW,"[0.00,0.05)",23.36975,0.0,0
302,HNSW_HYBRID,"[0.00,0.05)",4.502792,1.0,0
302,IVFFLAT_HYBRID,"[0.00,0.05)",4.133666,1.0,0
302,SQL_FIRST,"[0.00,0.05)",4.073708,1.0,1
302,VECTOR_FIRST_HNSW,"[0.00,0.05)",22.882459,0.0,1
302,HNSW_HYBRID,"[0.00,0.05)",4.763209,1.0,1
302,IVFFLAT_HYBRID,"[0.00,0.05)",4.150459,1.0,1
302,SQL_FIRST,"[0.00,0.05)",4.238958,1.0,2
302,VECTOR_FIRST_HNSW,"[0.00,0.05)",23.098584,0.0,2
302,HNSW_HYBRID,"[0.00,0.05)",4.582541,1.0,2
302,IVFFLAT_HYBRID,"[0.00,0.05)",4.174,1.0,2
302,SQL_FIRST,"[0.00,0.05)",4.143625,1.0,3
302,VECTOR_FIRST_HNSW,"[0.00,0.05)",22.991208,0.0,3
302,HNSW_HYBRID,"[0.00,0.05)",4.69675,1.0,3
302,IVFFLAT_HYBRID,"[0.00,0.05)",4.157334,1.0,3
302,SQL_FIRST,"[0.00,0.05)",4.207791,1.0,4
302,VECTOR_FIRST_HNSW,"[0.00,0.05)",22.914,0.0,4
302,HNSW_HYBRID,"[0.00,0.05)",4.584167,1.0,4
302,IVFFLAT_HYBRID,"[0.00,0.05)",4.22825,1.0,4
303,SQL_FIRST,"[0.00,0.05)",8.912417,1.0,0
303,VECTOR_FIRST_HNSW,"[0.00,0.05)",22.962625,0.5,0
303,HNSW_HYBRID,"[0.00,0.05)",9.869417,1.0,0
303,IVFFLAT_HYBRID,"[0.00,0.05)",9.716959,1.0,0
303,SQL_FIRST,"[0.00,0.05)",9.296875,1.0,1
303,VECTOR_FIRST_HNSW,"[0.00,0.05)",22.967167,0.5,1
303,HNSW_HYBRID,"[0.00,0.05)",9.776209,1.0,1
303,IVFFLAT_HYBRID,"[0.00,0.05)",9.239542,1.0,1
303,SQL_FIRST,"[0.00,0.05)",9.706417,1.0,2
303,VECTOR_FIRST_HNSW,"[0.00,0.05)",22.827375,0.5,2
303,HNSW_HYBRID,"[0.00,0.05)",10.003209,1.0,2
303,IVFFLAT_HYBRID,"[0.00,0.05)",9.186292,1.0,2
303,SQL_FIRST,"[0.00,0.05)",9.359083,1.0,3
303,VECTOR_FIRST_HNSW,"[0.00,0.05)",23.201834,0.5,3
303,HNSW_HYBRID,"[0.00,0.05)",9.496125,1.0,3
303,IVFFLAT_HYBRID,"[0.00,0.05)",9.062125,1.0,3
303,SQL_FIRST,"[0.00,0.05)",9.551208,1.0,4
303,VECTOR_FIRST_HNSW,"[0.00,0.05)",23.153333,0.5,4
303,HNSW_HYBRID,"[0.00,0.05)",9.686792,1.0,4
303,IVFFLAT_HYBRID,"[0.00,0.05)",9.17525,1.0,4
304,SQL_FIRST,"[0.00,0.05)",9.719542,1.0,0
304,VECTOR_FIRST_HNSW,"[0.00,0.05)",23.415667,0.3,0
304,HNSW_HYBRID,"[0.00,0.05)",10.65075,1.0,0
304,IVFFLAT_HYBRID,"[0.00,0.05)",10.247291,1.0,0
304,SQL_FIRST,"[0.00,0.05)",9.925584,1.0,1
304,VECTOR_FIRST_HNSW,"[0.00,0.05)",22.92825,0.3,1
304,HNSW_HYBRID,"[0.00,0.05)",10.370916,1.0,1
304,IVFFLAT_HYBRID,"[0.00,0.05)",9.930083,1.0,1
304,SQL_FIRST,"[0.00,0.05)",9.950917,1.0,2
304,VECTOR_FIRST_HNSW,"[0.00,0.05)",22.992333,0.3,2
304,HNSW_HYBRID,"[0.00,0.05)",10.516458,1.0,2
304,IVFFLAT_HYBRID,"[0.00,0.05)",10.005417,1.0,2
304,SQL_FIRST,"[0.00,0.05)",9.95425,1.0,3
304,VECTOR_FIRST_HNSW,"[0.00,0.05)",23.547167,0.3,3
304,HNSW_HYBRID,"[0.00,0.05)",10.844375,1.0,3
304,IVFFLAT_HYBRID,"[0.00,0.05)",10.15775,1.0,3
304,SQL_FIRST,"[0.00,0.05)",9.964291,1.0,4
304,VECTOR_FIRST_HNSW,"[0.00,0.05)",23.092834,0.3,4
304,HNSW_HYBRID,"[0.00,0.05)",10.286083,1.0,4
304,IVFFLAT_HYBRID,"[0.00,0.05)",10.64575,1.0,4
310,SQL_FIRST,"[0.00,0.05)",9.2755,1.0,0
310,VECTOR_FIRST_HNSW,"[0.00,0.05)",23.054625,0.6,0
310,HNSW_HYBRID,"[0.00,0.05)",10.008,1.0,0
310,IVFFLAT_HYBRID,"[0.00,0.05)",9.456042,1.0,0
310,SQL_FIRST,"[0.00,0.05)",10.141458,1.0,1
310,VECTOR_FIRST_HNSW,"[0.00,0.05)",23.105083,0.6,1
310,HNSW_HYBRID,"[0.00,0.05)",9.941541,1.0,1
310,IVFFLAT_HYBRID,"[0.00,0.05)",9.604333,1.0,1
310,SQL_FIRST,"[0.00,0.05)",9.486959,1.0,2
310,VECTOR_FIRST_HNSW,"[0.00,0.05)",22.896958,0.6,2
310,HNSW_HYBRID,"[0.00,0.05)",9.582,1.0,2
310,IVFFLAT_HYBRID,"[0.00,0.05)",9.850792,1.0,2
310,SQL_FIRST,"[0.00,0.05)",9.714083,1.0,3
310,VECTOR_FIRST_HNSW,"[0.00,0.05)",23.704208,0.6,3
310,HNSW_HYBRID,"[0.00,0.05)",9.762625,1.0,3
310,IVFFLAT_HYBRID,"[0.00,0.05)",9.335375,1.0,3
310,SQL_FIRST,"[0.00,0.05)",9.848458,1.0,4
310,VECTOR_FIRST_HNSW,"[0.00,0.05)",23.466417,0.6,4
310,HNSW_HYBRID,"[0.00,0.05)",10.075667,1.0,4
310,IVFFLAT_HYBRID,"[0.00,0.05)",9.276625,1.0,4
312,SQL_FIRST,"[0.00,0.05)",4.1575,1.0,0
312,VECTOR_FIRST_HNSW,"[0.00,0.05)",22.976125,0.0,0
312,HNSW_HYBRID,"[0.00,0.05)",4.457458,1.0,0
312,IVFFLAT_HYBRID,"[0.00,0.05)",4.0305,1.0,0
312,SQL_FIRST,"[0.00,0.05)",4.007459,1.0,1
312,VECTOR_FIRST_HNSW,"[0.00,0.05)",22.986917,0.0,1
312,HNSW_HYBRID,"[0.00,0.05)",4.448459,1.0,1
312,IVFFLAT_HYBRID,"[0.00,0.05)",4.034458,1.0,1
312,SQL_FIRST,"[0.00,0.05)",4.016625,1.0,2
312,VECTOR_FIRST_HNSW,"[0.00,0.05)",22.846125,0.0,2
312,HNSW_HYBRID,"[0.00,0.05)",4.478875,1.0,2
312,IVFFLAT_HYBRID,"[0.00,0.05)",4.010583,1.0,2
312,SQL_FIRST,"[0.00,0.05)",4.166292,1.0,3
312,VECTOR_FIRST_HNSW,"[0.00,0.05)",22.932917,0.0,3
312,HNSW_HYBRID,"[0.00,0.05)",4.413542,1.0,3
312,IVFFLAT_HYBRID,"[0.00,0.05)",4.144042,1.0,3
312,SQL_FIRST,"[0.00,0.05)",4.038375,1.0,4
312,VECTOR_FIRST_HNSW,"[0.00,0.05)",22.752625,0.0,4
312,HNSW_HYBRID,"[0.00,0.05)",4.531,1.0,4
312,IVFFLAT_HYBRID,"[0.00,0.05)",4.057083,1.0,4
313,SQL_FIRST,"[0.00,0.05)",7.059,1.0,0
313,VECTOR_FIRST_HNSW,"[0.00,0.05)",22.857625,0.2,0
313,HNSW_HYBRID,"[0.00,0.05)",7.964,1.0,0
313,IVFFLAT_HYBRID,"[0.00,0.05)",7.541125,1.0,0
313,SQL_FIRST,"[0.00,0.05)",7.55825,1.0,1
313,VECTOR_FIRST_HNSW,"[0.00,0.05)",22.855458,0.2,1
313,HNSW_HYBRID,"[0.00,0.05)",7.948083,1.0,1
313,IVFFLAT_HYBRID,"[0.00,0.05)",7.154,1.0,1
313,SQL_FIRST,"[0.00,0.05)",7.080583,1.0,2
313,VECTOR_FIRST_HNSW,"[0.00,0.05)",22.971166,0.2,2
313,HNSW_HYBRID,"[0.00,0.05)",7.894375,1.0,2
313,IVFFLAT_HYBRID,"[0.00,0.05)",6.991333,1.0,2
313,SQL_FIRST,"[0.00,0.05)",7.506125,1.0,3
313,VECTOR_FIRST_HNSW,"[0.00,0.05)",23.562125,0.2,3
313,HNSW_HYBRID,"[0.00,0.05)",8.185959,1.0,3
313,IVFFLAT_HYBRID,"[0.00,0.05)",7.602166,1.0,3
313,SQL_FIRST,"[0.00,0.05)",7.128042,1.0,4
313,VECTOR_FIRST_HNSW,"[0.00,0.05)",23.0185,0.2,4
313,HNSW_HYBRID,"[0.00,0.05)",8.137959,1.0,4
313,IVFFLAT_HYBRID,"[0.00,0.05)",7.728416,1.0,4
314,SQL_FIRST,"[0.00,0.05)",1.473458,1.0,0
314,VECTOR_FIRST_HNSW,"[0.00,0.05)",22.766667,0.0,0
314,HNSW_HYBRID,"[0.00,0.05)",1.788125,1.0,0
314,IVFFLAT_HYBRID,"[0.00,0.05)",1.553542,1.0,0
314,SQL_FIRST,"[0.00,0.05)",1.4895,1.0,1
314,VECTOR_FIRST_HNSW,"[0.00,0.05)",22.941708,0.0,1
314,HNSW_HYBRID,"[0.00,0.05)",1.814125,1.0,1
314,IVFFLAT_HYBRID,"[0.00,0.05)",1.477791,1.0,1
314,SQL_FIRST,"[0.00,0.05)",1.50375,1.0,2
314,VECTOR_FIRST_HNSW,"[0.00,0.05)",22.73025,0.0,2
314,HNSW_HYBRID,"[0.00,0.05)",1.859,1.0,2
314,IVFFLAT_HYBRID,"[0.00,0.05)",1.5115,1.0,2
314,SQL_FIRST,"[0.00,0.05)",1.485333,1.0,3
314,VECTOR_FIRST_HNSW,"[0.00,0.05)",22.936958,0.0,3
314,HNSW_HYBRID,"[0.00,0.05)",1.87975,1.0,3
314,IVFFLAT_HYBRID,"[0.00,0.05)",1.466208,1.0,3
314,SQL_FIRST,"[0.00,0.05)",1.431459,1.0,4
314,VECTOR_FIRST_HNSW,"[0.00,0.05)",22.810292,0.0,4
314,HNSW_HYBRID,"[0.00,0.05)",1.841875,1.0,4
314,IVFFLAT_HYBRID,"[0.00,0.05)",1.506875,1.0,4
315,SQL_FIRST,"[0.00,0.05)",8.019334,1.0,0
315,VECTOR_FIRST_HNSW,"[0.00,0.05)",22.972334,0.2,0
315,HNSW_HYBRID,"[0.00,0.05)",8.995541,1.0,0
315,IVFFLAT_HYBRID,"[0.00,0.05)",8.822208,1.0,0
315,SQL_FIRST,"[0.00,0.05)",8.219041,1.0,1
315,VECTOR_FIRST_HNSW,"[0.00,0.05)",22.974792,0.2,1
315,HNSW_HYBRID,"[0.00,0.05)",9.021542,1.0,1
315,IVFFLAT_HYBRID,"[0.00,0.05)",8.334916,1.0,1
315,SQL_FIRST,"[0.00,0.05)",8.270708,1.0,2
315,VECTOR_FIRST_HNSW,"[0.00,0.05)",23.328667,0.2,2
315,HNSW_HYBRID,"[0.00,0.05)",8.870417,1.0,2
315,IVFFLAT_HYBRID,"[0.00,0.05)",8.596917,1.0,2
315,SQL_FIRST,"[0.00,0.05)",8.191917,1.0,3
315,VECTOR_FIRST_HNSW,"[0.00,0.05)",22.930291,0.2,3
315,HNSW_HYBRID,"[0.00,0.05)",8.98625,1.0,3
315,IVFFLAT_HYBRID,"[0.00,0.05)",8.240166,1.0,3
315,SQL_FIRST,"[0.00,0.05)",8.8465,1.0,4
315,VECTOR_FIRST_HNSW,"[0.00,0.05)",24.154042,0.2,4
315,HNSW_HYBRID,"[0.00,0.05)",8.963125,1.0,4
315,IVFFLAT_HYBRID,"[0.00,0.05)",8.440958,1.0,4
316,SQL_FIRST,"[0.00,0.05)",7.043834,1.0,0
316,VECTOR_FIRST_HNSW,"[0.00,0.05)",23.211958,0.1,0
316,HNSW_HYBRID,"[0.00,0.05)",7.297583,1.0,0
316,IVFFLAT_HYBRID,"[0.00,0.05)",6.762,1.0,0
316,SQL_FIRST,"[0.00,0.05)",7.358334,1.0,1
316,VECTOR_FIRST_HNSW,"[0.00,0.05)",22.953792,0.1,1
316,HNSW_HYBRID,"[0.00,0.05)",7.494,1.0,1
316,IVFFLAT_HYBRID,"[0.00,0.05)",6.614791,1.0,1
316,SQL_FIRST,"[0.00,0.05)",6.610542,1.0,2
316,VECTOR_FIRST_HNSW,"[0.00,0.05)",22.977625,0.1,2
316,HNSW_HYBRID,"[0.00,0.05)",7.43175,1.0,2
316,IVFFLAT_HYBRID,"[0.00,0.05)",6.7775,1.0,2
316,SQL_FIRST,"[0.00,0.05)",6.8815,1.0,3
316,VECTOR_FIRST_HNSW,"[0.00,0.05)",22.910583,0.1,3
316,HNSW_HYBRID,"[0.00,0.05)",7.29775,1.0,3
316,IVFFLAT_HYBRID,"[0.00,0.05)",7.004375,1.0,3
316,SQL_FIRST,"[0.00,0.05)",6.65925,1.0,4
316,VECTOR_FIRST_HNSW,"[0.00,0.05)",23.017625,0.1,4
316,HNSW_HYBRID,"[0.00,0.05)",7.329958,1.0,4
316,IVFFLAT_HYBRID,"[0.00,0.05)",6.653542,1.0,4
318,SQL_FIRST,"[0.00,0.05)",8.812167,1.0,0
318,VECTOR_FIRST_HNSW,"[0.00,0.05)",22.893334,0.2,0
318,HNSW_HYBRID,"[0.00,0.05)",9.434542,1.0,0
318,IVFFLAT_HYBRID,"[0.00,0.05)",9.220291,1.0,0
318,SQL_FIRST,"[0.00,0.05)",9.215125,1.0,1
318,VECTOR_FIRST_HNSW,"[0.00,0.05)",23.167667,0.2,1
318,HNSW_HYBRID,"[0.00,0.05)",9.465541,1.0,1
318,IVFFLAT_HYBRID,"[0.00,0.05)",9.191334,1.0,1
318,SQL_FIRST,"[0.00,0.05)",9.275208,1.0,2
318,VECTOR_FIRST_HNSW,"[0.00,0.05)",22.960625,0.2,2
318,HNSW_HYBRID,"[0.00,0.05)",9.460792,1.0,2
318,IVFFLAT_HYBRID,"[0.00,0.05)",8.991459,1.0,2
318,SQL_FIRST,"[0.00,0.05)",9.911959,1.0,3
318,VECTOR_FIRST_HNSW,"[0.00,0.05)",24.054125,0.2,3
318,HNSW_HYBRID,"[0.00,0.05)",9.658125,1.0,3
318,IVFFLAT_HYBRID,"[0.00,0.05)",8.92875,1.0,3
318,SQL_FIRST,"[0.00,0.05)",8.712542,1.0,4
318,VECTOR_FIRST_HNSW,"[0.00,0.05)",23.099958,0.2,4
318,HNSW_HYBRID,"[0.00,0.05)",9.826167,1.0,4
318,IVFFLAT_HYBRID,"[0.00,0.05)",9.93925,1.0,4
320,SQL_FIRST,"[0.00,0.05)",9.872834,1.0,0
320,VECTOR_FIRST_HNSW,"[0.00,0.05)",22.980792,0.1,0
320,HNSW_HYBRID,"[0.00,0.05)",10.423125,1.0,0
320,IVFFLAT_HYBRID,"[0.00,0.05)",10.121542,1.0,0
320,SQL_FIRST,"[0.00,0.05)",9.5775,1.0,1
320,VECTOR_FIRST_HNSW,"[0.00,0.05)",23.004833,0.1,1
320,HNSW_HYBRID,"[0.00,0.05)",10.0185,1.0,1
320,IVFFLAT_HYBRID,"[0.00,0.05)",9.692667,1.0,1
320,SQL_FIRST,"[0.00,0.05)",9.597584,1.0,2
320,VECTOR_FIRST_HNSW,"[0.00,0.05)",23.028417,0.1,2
320,HNSW_HYBRID,"[0.00,0.05)",10.086042,1.0,2
320,IVFFLAT_HYBRID,"[0.00,0.05)",10.712042,1.0,2
320,SQL_FIRST,"[0.00,0.05)",10.282292,1.0,3
320,VECTOR_FIRST_HNSW,"[0.00,0.05)",22.90575,0.1,3
320,HNSW_HYBRID,"[0.00,0.05)",10.350458,1.0,3
320,IVFFLAT_HYBRID,"[0.00,0.05)",9.660958,1.0,3
320,SQL_FIRST,"[0.00,0.05)",9.561375,1.0,4
320,VECTOR_FIRST_HNSW,"[0.00,0.05)",23.053875,0.1,4
320,HNSW_HYBRID,"[0.00,0.05)",10.1615,1.0,4
320,IVFFLAT_HYBRID,"[0.00,0.05)",10.32125,1.0,4
322,SQL_FIRST,"[0.00,0.05)",6.952541,1.0,0
322,VECTOR_FIRST_HNSW,"[0.00,0.05)",23.003458,0.3,0
322,HNSW_HYBRID,"[0.00,0.05)",7.608375,1.0,0
322,IVFFLAT_HYBRID,"[0.00,0.05)",6.788375,1.0,0
322,SQL_FIRST,"[0.00,0.05)",7.157916,1.0,1
322,VECTOR_FIRST_HNSW,"[0.00,0.05)",23.750375,0.3,1
322,HNSW_HYBRID,"[0.00,0.05)",8.25275,1.0,1
322,IVFFLAT_HYBRID,"[0.00,0.05)",9.094667,1.0,1
322,SQL_FIRST,"[0.00,0.05)",7.654333,1.0,2
322,VECTOR_FIRST_HNSW,"[0.00,0.05)",23.297542,0.3,2
322,HNSW_HYBRID,"[0.00,0.05)",7.831584,1.0,2
322,IVFFLAT_HYBRID,"[0.00,0.05)",7.412209,1.0,2
322,SQL_FIRST,"[0.00,0.05)",6.957167,1.0,3
322,VECTOR_FIRST_HNSW,"[0.00,0.05)",22.991166,0.3,3
322,HNSW_HYBRID,"[0.00,0.05)",7.536416,1.0,3
322,IVFFLAT_HYBRID,"[0.00,0.05)",7.200417,1.0,3
322,SQL_FIRST,"[0.00,0.05)",6.951375,1.0,4
322,VECTOR_FIRST_HNSW,"[0.00,0.05)",22.97375,0.3,4
322,HNSW_HYBRID,"[0.00,0.05)",7.591333,1.0,4
322,IVFFLAT_HYBRID,"[0.00,0.05)",6.946708,1.0,4
324,SQL_FIRST,"[0.00,0.05)",5.939708,1.0,0
324,VECTOR_FIRST_HNSW,"[0.00,0.05)",22.801416,0.1,0
324,HNSW_HYBRID,"[0.00,0.05)",6.421084,1.0,0
324,IVFFLAT_HYBRID,"[0.00,0.05)",5.815083,1.0,0
324,SQL_FIRST,"[0.00,0.05)",5.768458,1.0,1
324,VECTOR_FIRST_HNSW,"[0.00,0.05)",23.132917,0.1,1
324,HNSW_HYBRID,"[0.00,0.05)",6.417917,1.0,1
324,IVFFLAT_HYBRID,"[0.00,0.05)",5.720208,1.0,1
324,SQL_FIRST,"[0.00,0.05)",5.9175,1.0,2
324,VECTOR_FIRST_HNSW,"[0.00,0.05)",22.866792,0.1,2
324,HNSW_HYBRID,"[0.00,0.05)",6.521208,1.0,2
324,IVFFLAT_HYBRID,"[0.00,0.05)",5.929667,1.0,2
324,SQL_FIRST,"[0.00,0.05)",5.790667,1.0,3
324,VECTOR_FIRST_HNSW,"[0.00,0.05)",23.032458,0.1,3
324,HNSW_HYBRID,"[0.00,0.05)",6.404542,1.0,3
324,IVFFLAT_HYBRID,"[0.00,0.05)",5.865208,1.0,3
324,SQL_FIRST,"[0.00,0.05)",5.865625,1.0,4
324,VECTOR_FIRST_HNSW,"[0.00,0.05)",22.7845,0.1,4
324,HNSW_HYBRID,"[0.00,0.05)",6.454917,1.0,4
324,IVFFLAT_HYBRID,"[0.00,0.05)",6.460459,1.0,4
326,SQL_FIRST,"[0.00,0.05)",4.996167,1.0,0
326,VECTOR_FIRST_HNSW,"[0.00,0.05)",23.000291,0.0,0
326,HNSW_HYBRID,"[0.00,0.05)",5.609958,1.0,0
326,IVFFLAT_HYBRID,"[0.00,0.05)",4.931583,1.0,0
326,SQL_FIRST,"[0.00,0.05)",5.195916,1.0,1
326,VECTOR_FIRST_HNSW,"[0.00,0.05)",23.657583,0.0,1
326,HNSW_HYBRID,"[0.00,0.05)",5.402625,1.0,1
326,IVFFLAT_HYBRID,"[0.00,0.05)",4.872416,1.0,1
326,SQL_FIRST,"[0.00,0.05)",4.789,1.0,2
326,VECTOR_FIRST_HNSW,"[0.00,0.05)",22.949792,0.0,2
326,HNSW_HYBRID,"[0.00,0.05)",5.512125,1.0,2
326,IVFFLAT_HYBRID,"[0.00,0.05)",4.945833,1.0,2
326,SQL_FIRST,"[0.00,0.05)",4.860125,1.0,3
326,VECTOR_FIRST_HNSW,"[0.00,0.05)",22.849125,0.0,3
326,HNSW_HYBRID,"[0.00,0.05)",5.471458,1.0,3
326,IVFFLAT_HYBRID,"[0.00,0.05)",5.155166,1.0,3
326,SQL_FIRST,"[0.00,0.05)",5.039792,1.0,4
326,VECTOR_FIRST_HNSW,"[0.00,0.05)",22.973833,0.0,4
326,HNSW_HYBRID,"[0.00,0.05)",5.401417,1.0,4
326,IVFFLAT_HYBRID,"[0.00,0.05)",4.978125,1.0,4
327,SQL_FIRST,"[0.00,0.05)",8.767125,1.0,0
327,VECTOR_FIRST_HNSW,"[0.00,0.05)",22.929791,0.2,0
327,HNSW_HYBRID,"[0.00,0.05)",9.351375,1.0,0
327,IVFFLAT_HYBRID,"[0.00,0.05)",9.321916,1.0,0
327,SQL_FIRST,"[0.00,0.05)",8.691708,1.0,1
327,VECTOR_FIRST_HNSW,"[0.00,0.05)",23.007584,0.2,1
327,HNSW_HYBRID,"[0.00,0.05)",9.584125,1.0,1
327,IVFFLAT_HYBRID,"[0.00,0.05)",9.097208,1.0,1
327,SQL_FIRST,"[0.00,0.05)",9.088208,1.0,2
327,VECTOR_FIRST_HNSW,"[0.00,0.05)",22.9455,0.2,2
327,HNSW_HYBRID,"[0.00,0.05)",9.636583,1.0,2
327,IVFFLAT_HYBRID,"[0.00,0.05)",8.933375,1.0,2
327,SQL_FIRST,"[0.00,0.05)",9.06225,1.0,3
327,VECTOR_FIRST_HNSW,"[0.00,0.05)",22.881583,0.2,3
327,HNSW_HYBRID,"[0.00,0.05)",9.446209,1.0,3
327,IVFFLAT_HYBRID,"[0.00,0.05)",8.876417,1.0,3
327,SQL_FIRST,"[0.00,0.05)",9.259541,1.0,4
327,VECTOR_FIRST_HNSW,"[0.00,0.05)",23.0735,0.2,4
327,HNSW_HYBRID,"[0.00,0.05)",9.519125,1.0,4
327,IVFFLAT_HYBRID,"[0.00,0.05)",8.995208,1.0,4
329,SQL_FIRST,"[0.00,0.05)",6.329167,1.0,0
329,VECTOR_FIRST_HNSW,"[0.00,0.05)",23.267708,0.2,0
329,HNSW_HYBRID,"[0.00,0.05)",6.944042,1.0,0
329,IVFFLAT_HYBRID,"[0.00,0.05)",6.760291,1.0,0
329,SQL_FIRST,"[0.00,0.05)",6.102708,1.0,1
329,VECTOR_FIRST_HNSW,"[0.00,0.05)",23.119916,0.2,1
329,HNSW_HYBRID,"[0.00,0.05)",6.763167,1.0,1
329,IVFFLAT_HYBRID,"[0.00,0.05)",6.1905,1.0,1
329,SQL_FIRST,"[0.00,0.05)",6.191458,1.0,2
329,VECTOR_FIRST_HNSW,"[0.00,0.05)",23.315709,0.2,2
329,HNSW_HYBRID,"[0.00,0.05)",6.894292,1.0,2
329,IVFFLAT_HYBRID,"[0.00,0.05)",6.152708,1.0,2
329,SQL_FIRST,"[0.00,0.05)",6.2685,1.0,3
329,VECTOR_FIRST_HNSW,"[0.00,0.05)",22.909667,0.2,3
329,HNSW_HYBRID,"[0.00,0.05)",6.951792,1.0,3
329,IVFFLAT_HYBRID,"[0.00,0.05)",6.521583,1.0,3
329,SQL_FIRST,"[0.00,0.05)",6.140125,1.0,4
329,VECTOR_FIRST_HNSW,"[0.00,0.05)",23.127208,0.2,4
329,HNSW_HYBRID,"[0.00,0.05)",6.828041,1.0,4
329,IVFFLAT_HYBRID,"[0.00,0.05)",6.170875,1.0,4
331,SQL_FIRST,"[0.00,0.05)",10.442875,1.0,0
331,VECTOR_FIRST_HNSW,"[0.00,0.05)",22.975875,0.5,0
331,HNSW_HYBRID,"[0.00,0.05)",11.050125,1.0,0
331,IVFFLAT_HYBRID,"[0.00,0.05)",10.40675,1.0,0
331,SQL_FIRST,"[0.00,0.05)",10.429125,1.0,1
331,VECTOR_FIRST_HNSW,"[0.00,0.05)",22.898042,0.5,1
331,HNSW_HYBRID,"[0.00,0.05)",11.939458,1.0,1
331,IVFFLAT_HYBRID,"[0.00,0.05)",10.497,1.0,1
331,SQL_FIRST,"[0.00,0.05)",10.409875,1.0,2
331,VECTOR_FIRST_HNSW,"[0.00,0.05)",22.93225,0.5,2
331,HNSW_HYBRID,"[0.00,0.05)",11.017042,1.0,2
331,IVFFLAT_HYBRID,"[0.00,0.05)",10.548334,1.0,2
331,SQL_FIRST,"[0.00,0.05)",10.877083,1.0,3
331,VECTOR_FIRST_HNSW,"[0.00,0.05)",23.041083,0.5,3
331,HNSW_HYBRID,"[0.00,0.05)",10.858875,1.0,3
331,IVFFLAT_HYBRID,"[0.00,0.05)",10.904958,1.0,3
331,SQL_FIRST,"[0.00,0.05)",10.449958,1.0,4
331,VECTOR_FIRST_HNSW,"[0.00,0.05)",22.966833,0.5,4
331,HNSW_HYBRID,"[0.00,0.05)",10.891541,1.0,4
331,IVFFLAT_HYBRID,"[0.00,0.05)",10.505458,1.0,4
332,SQL_FIRST,"[0.00,0.05)",8.989792,1.0,0
332,VECTOR_FIRST_HNSW,"[0.00,0.05)",22.894791,0.6,0
332,HNSW_HYBRID,"[0.00,0.05)",9.698333,1.0,0
332,IVFFLAT_HYBRID,"[0.00,0.05)",9.58375,1.0,0
332,SQL_FIRST,"[0.00,0.05)",9.065333,1.0,1
332,VECTOR_FIRST_HNSW,"[0.00,0.05)",23.405959,0.6,1
332,HNSW_HYBRID,"[0.00,0.05)",9.4235,1.0,1
332,IVFFLAT_HYBRID,"[0.00,0.05)",9.220041,1.0,1
332,SQL_FIRST,"[0.00,0.05)",8.930209,1.0,2
332,VECTOR_FIRST_HNSW,"[0.00,0.05)",22.876458,0.6,2
332,HNSW_HYBRID,"[0.00,0.05)",9.423833,1.0,2
332,IVFFLAT_HYBRID,"[0.00,0.05)",9.475667,1.0,2
332,SQL_FIRST,"[0.00,0.05)",8.930292,1.0,3
332,VECTOR_FIRST_HNSW,"[0.00,0.05)",22.98525,0.6,3
332,HNSW_HYBRID,"[0.00,0.05)",9.493791,1.0,3
332,IVFFLAT_HYBRID,"[0.00,0.05)",8.99025,1.0,3
332,SQL_FIRST,"[0.00,0.05)",9.282208,1.0,4
332,VECTOR_FIRST_HNSW,"[0.00,0.05)",23.098792,0.6,4
332,HNSW_HYBRID,"[0.00,0.05)",10.700917,1.0,4
332,IVFFLAT_HYBRID,"[0.00,0.05)",9.244,1.0,4
333,SQL_FIRST,"[0.00,0.05)",9.175416,1.0,0
333,VECTOR_FIRST_HNSW,"[0.00,0.05)",24.947375,0.2,0
333,HNSW_HYBRID,"[0.00,0.05)",9.473333,1.0,0
333,IVFFLAT_HYBRID,"[0.00,0.05)",9.64025,1.0,0
333,SQL_FIRST,"[0.00,0.05)",9.419167,1.0,1
333,VECTOR_FIRST_HNSW,"[0.00,0.05)",22.951,0.2,1
333,HNSW_HYBRID,"[0.00,0.05)",9.285334,1.0,1
333,IVFFLAT_HYBRID,"[0.00,0.05)",9.356292,1.0,1
333,SQL_FIRST,"[0.00,0.05)",8.969166,1.0,2
333,VECTOR_FIRST_HNSW,"[0.00,0.05)",23.007333,0.2,2
333,HNSW_HYBRID,"[0.00,0.05)",9.218375,1.0,2
333,IVFFLAT_HYBRID,"[0.00,0.05)",9.460334,1.0,2
333,SQL_FIRST,"[0.00,0.05)",9.47775,1.0,3
333,VECTOR_FIRST_HNSW,"[0.00,0.05)",23.007916,0.2,3
333,HNSW_HYBRID,"[0.00,0.05)",9.393625,1.0,3
333,IVFFLAT_HYBRID,"[0.00,0.05)",9.037958,1.0,3
333,SQL_FIRST,"[0.00,0.05)",8.965542,1.0,4
333,VECTOR_FIRST_HNSW,"[0.00,0.05)",22.951792,0.2,4
333,HNSW_HYBRID,"[0.00,0.05)",9.585333,1.0,4
333,IVFFLAT_HYBRID,"[0.00,0.05)",9.297042,1.0,4
334,SQL_FIRST,"[0.00,0.05)",5.321834,1.0,0
334,VECTOR_FIRST_HNSW,"[0.00,0.05)",22.905042,0.1,0
334,HNSW_HYBRID,"[0.00,0.05)",5.306125,1.0,0
334,IVFFLAT_HYBRID,"[0.00,0.05)",4.773333,1.0,0
334,SQL_FIRST,"[0.00,0.05)",4.810958,1.0,1
334,VECTOR_FIRST_HNSW,"[0.00,0.05)",22.966208,0.1,1
334,HNSW_HYBRID,"[0.00,0.05)",5.314209,1.0,1
334,IVFFLAT_HYBRID,"[0.00,0.05)",4.8815,1.0,1
334,SQL_FIRST,"[0.00,0.05)",4.870708,1.0,2
334,VECTOR_FIRST_HNSW,"[0.00,0.05)",22.911542,0.1,2
334,HNSW_HYBRID,"[0.00,0.05)",5.358917,1.0,2
334,IVFFLAT_HYBRID,"[0.00,0.05)",4.895583,1.0,2
334,SQL_FIRST,"[0.00,0.05)",4.861625,1.0,3
334,VECTOR_FIRST_HNSW,"[0.00,0.05)",23.01525,0.1,3
334,HNSW_HYBRID,"[0.00,0.05)",5.32025,1.0,3
334,IVFFLAT_HYBRID,"[0.00,0.05)",4.898208,1.0,3
334,SQL_FIRST,"[0.00,0.05)",4.876834,1.0,4
334,VECTOR_FIRST_HNSW,"[0.00,0.05)",22.824,0.1,4
334,HNSW_HYBRID,"[0.00,0.05)",5.480166,1.0,4
334,IVFFLAT_HYBRID,"[0.00,0.05)",5.0095,1.0,4
336,SQL_FIRST,"[0.00,0.05)",1.527042,1.0,0
336,VECTOR_FIRST_HNSW,"[0.00,0.05)",22.712833,0.0,0
336,HNSW_HYBRID,"[0.00,0.05)",1.964958,1.0,0
336,IVFFLAT_HYBRID,"[0.00,0.05)",1.614833,1.0,0
336,SQL_FIRST,"[0.00,0.05)",1.488292,1.0,1
336,VECTOR_FIRST_HNSW,"[0.00,0.05)",23.605625,0.0,1
336,HNSW_HYBRID,"[0.00,0.05)",1.823833,1.0,1
336,IVFFLAT_HYBRID,"[0.00,0.05)",1.445291,1.0,1
336,SQL_FIRST,"[0.00,0.05)",1.461,1.0,2
336,VECTOR_FIRST_HNSW,"[0.00,0.05)",22.810083,0.0,2
336,HNSW_HYBRID,"[0.00,0.05)",1.853833,1.0,2
336,IVFFLAT_HYBRID,"[0.00,0.05)",1.467209,1.0,2
336,SQL_FIRST,"[0.00,0.05)",1.472916,1.0,3
336,VECTOR_FIRST_HNSW,"[0.00,0.05)",22.868833,0.0,3
336,HNSW_HYBRID,"[0.00,0.05)",1.84425,1.0,3
336,IVFFLAT_HYBRID,"[0.00,0.05)",1.488,1.0,3
336,SQL_FIRST,"[0.00,0.05)",1.453666,1.0,4
336,VECTOR_FIRST_HNSW,"[0.00,0.05)",22.810542,0.0,4
336,HNSW_HYBRID,"[0.00,0.05)",2.030125,1.0,4
336,IVFFLAT_HYBRID,"[0.00,0.05)",1.527333,1.0,4
338,SQL_FIRST,"[0.00,0.05)",9.341458,1.0,0
338,VECTOR_FIRST_HNSW,"[0.00,0.05)",22.975583,0.5,0
338,HNSW_HYBRID,"[0.00,0.05)",9.889917,1.0,0
338,IVFFLAT_HYBRID,"[0.00,0.05)",9.902458,1.0,0
338,SQL_FIRST,"[0.00,0.05)",10.026375,1.0,1
338,VECTOR_FIRST_HNSW,"[0.00,0.05)",22.893083,0.5,1
338,HNSW_HYBRID,"[0.00,0.05)",10.109541,1.0,1
338,IVFFLAT_HYBRID,"[0.00,0.05)",9.360916,1.0,1
338,SQL_FIRST,"[0.00,0.05)",9.529333,1.0,2
338,VECTOR_FIRST_HNSW,"[0.00,0.05)",24.378834,0.5,2
338,HNSW_HYBRID,"[0.00,0.05)",9.737458,1.0,2
338,IVFFLAT_HYBRID,"[0.00,0.05)",9.752125,1.0,2
338,SQL_FIRST,"[0.00,0.05)",9.490292,1.0,3
338,VECTOR_FIRST_HNSW,"[0.00,0.05)",23.005334,0.5,3
338,HNSW_HYBRID,"[0.00,0.05)",9.684208,1.0,3
338,IVFFLAT_HYBRID,"[0.00,0.05)",9.391959,1.0,3
338,SQL_FIRST,"[0.00,0.05)",9.371209,1.0,4
338,VECTOR_FIRST_HNSW,"[0.00,0.05)",23.002,0.5,4
338,HNSW_HYBRID,"[0.00,0.05)",9.907625,1.0,4
338,IVFFLAT_HYBRID,"[0.00,0.05)",9.258792,1.0,4
343,SQL_FIRST,"[0.00,0.05)",9.484125,1.0,0
343,VECTOR_FIRST_HNSW,"[0.00,0.05)",22.994792,0.7,0
343,HNSW_HYBRID,"[0.00,0.05)",9.89275,1.0,0
343,IVFFLAT_HYBRID,"[0.00,0.05)",9.444667,1.0,0
343,SQL_FIRST,"[0.00,0.05)",9.850917,1.0,1
343,VECTOR_FIRST_HNSW,"[0.00,0.05)",23.016541,0.7,1
343,HNSW_HYBRID,"[0.00,0.05)",9.69075,1.0,1
343,IVFFLAT_HYBRID,"[0.00,0.05)",9.798583,1.0,1
343,SQL_FIRST,"[0.00,0.05)",9.446541,1.0,2
343,VECTOR_FIRST_HNSW,"[0.00,0.05)",22.964625,0.7,2
343,HNSW_HYBRID,"[0.00,0.05)",9.917041,1.0,2
343,IVFFLAT_HYBRID,"[0.00,0.05)",9.46275,1.0,2
343,SQL_FIRST,"[0.00,0.05)",10.009417,1.0,3
343,VECTOR_FIRST_HNSW,"[0.00,0.05)",23.331916,0.7,3
343,HNSW_HYBRID,"[0.00,0.05)",9.975208,1.0,3
343,IVFFLAT_HYBRID,"[0.00,0.05)",9.25275,1.0,3
343,SQL_FIRST,"[0.00,0.05)",9.308,1.0,4
343,VECTOR_FIRST_HNSW,"[0.00,0.05)",23.011334,0.7,4
343,HNSW_HYBRID,"[0.00,0.05)",9.663667,1.0,4
343,IVFFLAT_HYBRID,"[0.00,0.05)",9.124042,1.0,4
344,SQL_FIRST,"[0.00,0.05)",9.189833,1.0,0
344,VECTOR_FIRST_HNSW,"[0.00,0.05)",22.978084,0.6,0
344,HNSW_HYBRID,"[0.00,0.05)",9.5215,1.0,0
344,IVFFLAT_HYBRID,"[0.00,0.05)",9.647,1.0,0
344,SQL_FIRST,"[0.00,0.05)",9.229833,1.0,1
344,VECTOR_FIRST_HNSW,"[0.00,0.05)",22.986542,0.6,1
344,HNSW_HYBRID,"[0.00,0.05)",9.457041,1.0,1
344,IVFFLAT_HYBRID,"[0.00,0.05)",9.162125,1.0,1
344,SQL_FIRST,"[0.00,0.05)",9.217875,1.0,2
344,VECTOR_FIRST_HNSW,"[0.00,0.05)",23.064916,0.6,2
344,HNSW_HYBRID,"[0.00,0.05)",9.682875,1.0,2
344,IVFFLAT_HYBRID,"[0.00,0.05)",8.970083,1.0,2
344,SQL_FIRST,"[0.00,0.05)",9.094041,1.0,3
344,VECTOR_FIRST_HNSW,"[0.00,0.05)",23.372292,0.6,3
344,HNSW_HYBRID,"[0.00,0.05)",10.063625,1.0,3
344,IVFFLAT_HYBRID,"[0.00,0.05)",10.451334,1.0,3
344,SQL_FIRST,"[0.00,0.05)",9.638959,1.0,4
344,VECTOR_FIRST_HNSW,"[0.00,0.05)",24.159084,0.6,4
344,HNSW_HYBRID,"[0.00,0.05)",9.642292,1.0,4
344,IVFFLAT_HYBRID,"[0.00,0.05)",9.453625,1.0,4
345,SQL_FIRST,"[0.00,0.05)",9.31725,1.0,0
345,VECTOR_FIRST_HNSW,"[0.00,0.05)",22.978958,0.8,0
345,HNSW_HYBRID,"[0.00,0.05)",9.444625,1.0,0
345,IVFFLAT_HYBRID,"[0.00,0.05)",9.598375,1.0,0
345,SQL_FIRST,"[0.00,0.05)",9.709333,1.0,1
345,VECTOR_FIRST_HNSW,"[0.00,0.05)",23.028959,0.8,1
345,HNSW_HYBRID,"[0.00,0.05)",9.8525,1.0,1
345,IVFFLAT_HYBRID,"[0.00,0.05)",9.888208,1.0,1
345,SQL_FIRST,"[0.00,0.05)",9.324667,1.0,2
345,VECTOR_FIRST_HNSW,"[0.00,0.05)",22.989042,0.8,2
345,HNSW_HYBRID,"[0.00,0.05)",9.839708,1.0,2
345,IVFFLAT_HYBRID,"[0.00,0.05)",9.793042,1.0,2
345,SQL_FIRST,"[0.00,0.05)",8.904541,1.0,3
345,VECTOR_FIRST_HNSW,"[0.00,0.05)",23.007417,0.8,3
345,HNSW_HYBRID,"[0.00,0.05)",9.778041,1.0,3
345,IVFFLAT_HYBRID,"[0.00,0.05)",9.227,1.0,3
345,SQL_FIRST,"[0.00,0.05)",9.02225,1.0,4
345,VECTOR_FIRST_HNSW,"[0.00,0.05)",22.972083,0.8,4
345,HNSW_HYBRID,"[0.00,0.05)",9.744875,1.0,4
345,IVFFLAT_HYBRID,"[0.00,0.05)",9.265833,1.0,4
348,SQL_FIRST,"[0.00,0.05)",9.559291,1.0,0
348,VECTOR_FIRST_HNSW,"[0.00,0.05)",23.832459,0.0,0
348,HNSW_HYBRID,"[0.00,0.05)",10.009833,1.0,0
348,IVFFLAT_HYBRID,"[0.00,0.05)",9.532959,1.0,0
348,SQL_FIRST,"[0.00,0.05)",9.551083,1.0,1
348,VECTOR_FIRST_HNSW,"[0.00,0.05)",22.977458,0.0,1
348,HNSW_HYBRID,"[0.00,0.05)",9.987292,1.0,1
348,IVFFLAT_HYBRID,"[0.00,0.05)",9.615833,1.0,1
348,SQL_FIRST,"[0.00,0.05)",9.481833,1.0,2
348,VECTOR_FIRST_HNSW,"[0.00,0.05)",23.120875,0.0,2
348,HNSW_HYBRID,"[0.00,0.05)",10.148625,1.0,2
348,IVFFLAT_HYBRID,"[0.00,0.05)",9.965666,1.0,2
348,SQL_FIRST,"[0.00,0.05)",9.634666,1.0,3
348,VECTOR_FIRST_HNSW,"[0.00,0.05)",23.059875,0.0,3
348,HNSW_HYBRID,"[0.00,0.05)",10.057375,1.0,3
348,IVFFLAT_HYBRID,"[0.00,0.05)",9.587542,1.0,3
348,SQL_FIRST,"[0.00,0.05)",9.308375,1.0,4
348,VECTOR_FIRST_HNSW,"[0.00,0.05)",22.901333,0.0,4
348,HNSW_HYBRID,"[0.00,0.05)",10.1075,1.0,4
348,IVFFLAT_HYBRID,"[0.00,0.05)",10.652292,1.0,4
349,SQL_FIRST,"[0.00,0.05)",11.311541,1.0,0
349,VECTOR_FIRST_HNSW,"[0.00,0.05)",23.5515,0.1,0
349,HNSW_HYBRID,"[0.00,0.05)",11.488417,1.0,0
349,IVFFLAT_HYBRID,"[0.00,0.05)",11.300792,1.0,0
349,SQL_FIRST,"[0.00,0.05)",11.8315,1.0,1
349,VECTOR_FIRST_HNSW,"[0.00,0.05)",23.012625,0.1,1
349,HNSW_HYBRID,"[0.00,0.05)",11.484833,1.0,1
349,IVFFLAT_HYBRID,"[0.00,0.05)",11.112709,1.0,1
349,SQL_FIRST,"[0.00,0.05)",10.995625,1.0,2
349,VECTOR_FIRST_HNSW,"[0.00,0.05)",22.997792,0.1,2
349,HNSW_HYBRID,"[0.00,0.05)",11.573417,1.0,2
349,IVFFLAT_HYBRID,"[0.00,0.05)",11.084916,1.0,2
349,SQL_FIRST,"[0.00,0.05)",11.151625,1.0,3
349,VECTOR_FIRST_HNSW,"[0.00,0.05)",23.023875,0.1,3
349,HNSW_HYBRID,"[0.00,0.05)",11.506416,1.0,3
349,IVFFLAT_HYBRID,"[0.00,0.05)",11.336542,1.0,3
349,SQL_FIRST,"[0.00,0.05)",11.15375,1.0,4
349,VECTOR_FIRST_HNSW,"[0.00,0.05)",22.938459,0.1,4
349,HNSW_HYBRID,"[0.00,0.05)",11.643166,1.0,4
349,IVFFLAT_HYBRID,"[0.00,0.05)",11.058291,1.0,4
351,SQL_FIRST,"[0.00,0.05)",6.910375,1.0,0
351,VECTOR_FIRST_HNSW,"[0.00,0.05)",22.986,0.0,0
351,HNSW_HYBRID,"[0.00,0.05)",7.491916,1.0,0
351,IVFFLAT_HYBRID,"[0.00,0.05)",6.74,1.0,0
351,SQL_FIRST,"[0.00,0.05)",6.689875,1.0,1
351,VECTOR_FIRST_HNSW,"[0.00,0.05)",22.942584,0.0,1
351,HNSW_HYBRID,"[0.00,0.05)",7.427333,1.0,1
351,IVFFLAT_HYBRID,"[0.00,0.05)",6.895708,1.0,1
351,SQL_FIRST,"[0.00,0.05)",6.854916,1.0,2
351,VECTOR_FIRST_HNSW,"[0.00,0.05)",23.35525,0.0,2
351,HNSW_HYBRID,"[0.00,0.05)",7.730584,1.0,2
351,IVFFLAT_HYBRID,"[0.00,0.05)",6.937041,1.0,2
351,SQL_FIRST,"[0.00,0.05)",6.891958,1.0,3
351,VECTOR_FIRST_HNSW,"[0.00,0.05)",22.993875,0.0,3
351,HNSW_HYBRID,"[0.00,0.05)",7.514791,1.0,3
351,IVFFLAT_HYBRID,"[0.00,0.05)",6.7125,1.0,3
351,SQL_FIRST,"[0.00,0.05)",6.811625,1.0,4
351,VECTOR_FIRST_HNSW,"[0.00,0.05)",23.455291,0.0,4
351,HNSW_HYBRID,"[0.00,0.05)",7.40275,1.0,4
351,IVFFLAT_HYBRID,"[0.00,0.05)",6.960708,1.0,4
352,SQL_FIRST,"[0.00,0.05)",7.651042,1.0,0
352,VECTOR_FIRST_HNSW,"[0.00,0.05)",22.853125,0.2,0
352,HNSW_HYBRID,"[0.00,0.05)",8.319958,1.0,0
352,IVFFLAT_HYBRID,"[0.00,0.05)",7.995875,1.0,0
352,SQL_FIRST,"[0.00,0.05)",7.559584,1.0,1
352,VECTOR_FIRST_HNSW,"[0.00,0.05)",23.072416,0.2,1
352,HNSW_HYBRID,"[0.00,0.05)",8.319625,1.0,1
352,IVFFLAT_HYBRID,"[0.00,0.05)",7.870125,1.0,1
352,SQL_FIRST,"[0.00,0.05)",7.637333,1.0,2
352,VECTOR_FIRST_HNSW,"[0.00,0.05)",22.922584,0.2,2
352,HNSW_HYBRID,"[0.00,0.05)",8.419125,1.0,2
352,IVFFLAT_HYBRID,"[0.00,0.05)",8.107583,1.0,2
352,SQL_FIRST,"[0.00,0.05)",7.790959,1.0,3
352,VECTOR_FIRST_HNSW,"[0.00,0.05)",22.879584,0.2,3
352,HNSW_HYBRID,"[0.00,0.05)",8.421917,1.0,3
352,IVFFLAT_HYBRID,"[0.00,0.05)",7.91575,1.0,3
352,SQL_FIRST,"[0.00,0.05)",7.768834,1.0,4
352,VECTOR_FIRST_HNSW,"[0.00,0.05)",22.828459,0.2,4
352,HNSW_HYBRID,"[0.00,0.05)",8.367792,1.0,4
352,IVFFLAT_HYBRID,"[0.00,0.05)",7.8765,1.0,4
353,SQL_FIRST,"[0.00,0.05)",9.037708,1.0,0
353,VECTOR_FIRST_HNSW,"[0.00,0.05)",23.017875,0.4,0
353,HNSW_HYBRID,"[0.00,0.05)",9.468583,1.0,0
353,IVFFLAT_HYBRID,"[0.00,0.05)",9.19925,1.0,0
353,SQL_FIRST,"[0.00,0.05)",9.442792,1.0,1
353,VECTOR_FIRST_HNSW,"[0.00,0.05)",23.495459,0.4,1
353,HNSW_HYBRID,"[0.00,0.05)",9.6895,1.0,1
353,IVFFLAT_HYBRID,"[0.00,0.05)",9.164083,1.0,1
353,SQL_FIRST,"[0.00,0.05)",9.498083,1.0,2
353,VECTOR_FIRST_HNSW,"[0.00,0.05)",22.916125,0.4,2
353,HNSW_HYBRID,"[0.00,0.05)",9.947375,1.0,2
353,IVFFLAT_HYBRID,"[0.00,0.05)",9.587,1.0,2
353,SQL_FIRST,"[0.00,0.05)",9.352708,1.0,3
353,VECTOR_FIRST_HNSW,"[0.00,0.05)",22.961958,0.4,3
353,HNSW_HYBRID,"[0.00,0.05)",9.439958,1.0,3
353,IVFFLAT_HYBRID,"[0.00,0.05)",9.164167,1.0,3
353,SQL_FIRST,"[0.00,0.05)",9.168583,1.0,4
353,VECTOR_FIRST_HNSW,"[0.00,0.05)",23.019833,0.4,4
353,HNSW_HYBRID,"[0.00,0.05)",9.323917,1.0,4
353,IVFFLAT_HYBRID,"[0.00,0.05)",9.112958,1.0,4
354,SQL_FIRST,"[0.00,0.05)",10.507292,1.0,0
354,VECTOR_FIRST_HNSW,"[0.00,0.05)",23.116084,0.5,0
354,HNSW_HYBRID,"[0.00,0.05)",11.0095,1.0,0
354,IVFFLAT_HYBRID,"[0.00,0.05)",10.644375,1.0,0
354,SQL_FIRST,"[0.00,0.05)",10.516333,1.0,1
354,VECTOR_FIRST_HNSW,"[0.00,0.05)",23.169583,0.5,1
354,HNSW_HYBRID,"[0.00,0.05)",10.9605,1.0,1
354,IVFFLAT_HYBRID,"[0.00,0.05)",10.516083,1.0,1
354,SQL_FIRST,"[0.00,0.05)",10.828458,1.0,2
354,VECTOR_FIRST_HNSW,"[0.00,0.05)",22.910666,0.5,2
354,HNSW_HYBRID,"[0.00,0.05)",11.047708,1.0,2
354,IVFFLAT_HYBRID,"[0.00,0.05)",11.15525,1.0,2
354,SQL_FIRST,"[0.00,0.05)",10.776125,1.0,3
354,VECTOR_FIRST_HNSW,"[0.00,0.05)",23.018083,0.5,3
354,HNSW_HYBRID,"[0.00,0.05)",10.945459,1.0,3
354,IVFFLAT_HYBRID,"[0.00,0.05)",10.618791,1.0,3
354,SQL_FIRST,"[0.00,0.05)",10.593833,1.0,4
354,VECTOR_FIRST_HNSW,"[0.00,0.05)",22.943041,0.5,4
354,HNSW_HYBRID,"[0.00,0.05)",11.032625,1.0,4
354,IVFFLAT_HYBRID,"[0.00,0.05)",11.075041,1.0,4
355,SQL_FIRST,"[0.00,0.05)",8.871333,1.0,0
355,VECTOR_FIRST_HNSW,"[0.00,0.05)",23.588916,0.8,0
355,HNSW_HYBRID,"[0.00,0.05)",9.283916,1.0,0
355,IVFFLAT_HYBRID,"[0.00,0.05)",9.316,1.0,0
355,SQL_FIRST,"[0.00,0.05)",8.918291,1.0,1
355,VECTOR_FIRST_HNSW,"[0.00,0.05)",22.995083,0.8,1
355,HNSW_HYBRID,"[0.00,0.05)",9.476542,1.0,1
355,IVFFLAT_HYBRID,"[0.00,0.05)",8.985333,1.0,1
355,SQL_FIRST,"[0.00,0.05)",8.857042,1.0,2
355,VECTOR_FIRST_HNSW,"[0.00,0.05)",23.104125,0.8,2
355,HNSW_HYBRID,"[0.00,0.05)",9.528458,1.0,2
355,IVFFLAT_HYBRID,"[0.00,0.05)",8.947958,1.0,2
355,SQL_FIRST,"[0.00,0.05)",8.994625,1.0,3
355,VECTOR_FIRST_HNSW,"[0.00,0.05)",24.539333,0.8,3
355,HNSW_HYBRID,"[0.00,0.05)",9.368542,1.0,3
355,IVFFLAT_HYBRID,"[0.00,0.05)",8.917625,1.0,3
355,SQL_FIRST,"[0.00,0.05)",9.291708,1.0,4
355,VECTOR_FIRST_HNSW,"[0.00,0.05)",24.617041,0.8,4
355,HNSW_HYBRID,"[0.00,0.05)",9.405667,1.0,4
355,IVFFLAT_HYBRID,"[0.00,0.05)",8.943291,1.0,4
356,SQL_FIRST,"[0.00,0.05)",8.691958,1.0,0
356,VECTOR_FIRST_HNSW,"[0.00,0.05)",23.114167,0.7,0
356,HNSW_HYBRID,"[0.00,0.05)",10.436292,1.0,0
356,IVFFLAT_HYBRID,"[0.00,0.05)",9.556667,1.0,0
356,SQL_FIRST,"[0.00,0.05)",9.247541,1.0,1
356,VECTOR_FIRST_HNSW,"[0.00,0.05)",23.040333,0.7,1
356,HNSW_HYBRID,"[0.00,0.05)",9.815208,1.0,1
356,IVFFLAT_HYBRID,"[0.00,0.05)",9.285958,1.0,1
356,SQL_FIRST,"[0.00,0.05)",9.223417,1.0,2
356,VECTOR_FIRST_HNSW,"[0.00,0.05)",22.91275,0.7,2
356,HNSW_HYBRID,"[0.00,0.05)",9.7105,1.0,2
356,IVFFLAT_HYBRID,"[0.00,0.05)",9.020333,1.0,2
356,SQL_FIRST,"[0.00,0.05)",9.740125,1.0,3
356,VECTOR_FIRST_HNSW,"[0.00,0.05)",22.921084,0.7,3
356,HNSW_HYBRID,"[0.00,0.05)",9.507709,1.0,3
356,IVFFLAT_HYBRID,"[0.00,0.05)",8.840917,1.0,3
356,SQL_FIRST,"[0.00,0.05)",8.999792,1.0,4
356,VECTOR_FIRST_HNSW,"[0.00,0.05)",23.508334,0.7,4
356,HNSW_HYBRID,"[0.00,0.05)",9.615958,1.0,4
356,IVFFLAT_HYBRID,"[0.00,0.05)",9.366667,1.0,4
360,SQL_FIRST,"[0.00,0.05)",5.312125,1.0,0
360,VECTOR_FIRST_HNSW,"[0.00,0.05)",22.9275,0.0,0
360,HNSW_HYBRID,"[0.00,0.05)",5.872917,1.0,0
360,IVFFLAT_HYBRID,"[0.00,0.05)",5.337375,1.0,0
360,SQL_FIRST,"[0.00,0.05)",5.357792,1.0,1
360,VECTOR_FIRST_HNSW,"[0.00,0.05)",23.060667,0.0,1
360,HNSW_HYBRID,"[0.00,0.05)",5.848042,1.0,1
360,IVFFLAT_HYBRID,"[0.00,0.05)",5.321959,1.0,1
360,SQL_FIRST,"[0.00,0.05)",5.430417,1.0,2
360,VECTOR_FIRST_HNSW,"[0.00,0.05)",22.7975,0.0,2
360,HNSW_HYBRID,"[0.00,0.05)",5.874,1.0,2
360,IVFFLAT_HYBRID,"[0.00,0.05)",5.474167,1.0,2
360,SQL_FIRST,"[0.00,0.05)",5.332875,1.0,3
360,VECTOR_FIRST_HNSW,"[0.00,0.05)",22.908792,0.0,3
360,HNSW_HYBRID,"[0.00,0.05)",5.858334,1.0,3
360,IVFFLAT_HYBRID,"[0.00,0.05)",5.301375,1.0,3
360,SQL_FIRST,"[0.00,0.05)",5.317208,1.0,4
360,VECTOR_FIRST_HNSW,"[0.00,0.05)",22.851625,0.0,4
360,HNSW_HYBRID,"[0.00,0.05)",5.914875,1.0,4
360,IVFFLAT_HYBRID,"[0.00,0.05)",5.399208,1.0,4
362,SQL_FIRST,"[0.00,0.05)",6.319125,1.0,0
362,VECTOR_FIRST_HNSW,"[0.00,0.05)",23.47925,0.0,0
362,HNSW_HYBRID,"[0.00,0.05)",6.79225,1.0,0
362,IVFFLAT_HYBRID,"[0.00,0.05)",6.105333,1.0,0
362,SQL_FIRST,"[0.00,0.05)",6.132458,1.0,1
362,VECTOR_FIRST_HNSW,"[0.00,0.05)",22.990708,0.0,1
362,HNSW_HYBRID,"[0.00,0.05)",6.903,1.0,1
362,IVFFLAT_HYBRID,"[0.00,0.05)",6.176667,1.0,1
362,SQL_FIRST,"[0.00,0.05)",6.123375,1.0,2
362,VECTOR_FIRST_HNSW,"[0.00,0.05)",22.922458,0.0,2
362,HNSW_HYBRID,"[0.00,0.05)",6.799875,1.0,2
362,IVFFLAT_HYBRID,"[0.00,0.05)",6.247959,1.0,2
362,SQL_FIRST,"[0.00,0.05)",6.375875,1.0,3
362,VECTOR_FIRST_HNSW,"[0.00,0.05)",23.759541,0.0,3
362,HNSW_HYBRID,"[0.00,0.05)",7.14575,1.0,3
362,IVFFLAT_HYBRID,"[0.00,0.05)",6.217375,1.0,3
362,SQL_FIRST,"[0.00,0.05)",6.132042,1.0,4
362,VECTOR_FIRST_HNSW,"[0.00,0.05)",23.053625,0.0,4
362,HNSW_HYBRID,"[0.00,0.05)",6.818792,1.0,4
362,IVFFLAT_HYBRID,"[0.00,0.05)",6.429917,1.0,4
365,SQL_FIRST,"[0.00,0.05)",6.617584,1.0,0
365,VECTOR_FIRST_HNSW,"[0.00,0.05)",22.872458,0.0,0
365,HNSW_HYBRID,"[0.00,0.05)",7.184,1.0,0
365,IVFFLAT_HYBRID,"[0.00,0.05)",6.445833,1.0,0
365,SQL_FIRST,"[0.00,0.05)",6.517292,1.0,1
365,VECTOR_FIRST_HNSW,"[0.00,0.05)",23.811166,0.0,1
365,HNSW_HYBRID,"[0.00,0.05)",7.298917,1.0,1
365,IVFFLAT_HYBRID,"[0.00,0.05)",6.513792,1.0,1
365,SQL_FIRST,"[0.00,0.05)",6.338416,1.0,2
365,VECTOR_FIRST_HNSW,"[0.00,0.05)",23.001167,0.0,2
365,HNSW_HYBRID,"[0.00,0.05)",7.0795,1.0,2
365,IVFFLAT_HYBRID,"[0.00,0.05)",6.836042,1.0,2
365,SQL_FIRST,"[0.00,0.05)",6.577167,1.0,3
365,VECTOR_FIRST_HNSW,"[0.00,0.05)",23.051875,0.0,3
365,HNSW_HYBRID,"[0.00,0.05)",7.145,1.0,3
365,IVFFLAT_HYBRID,"[0.00,0.05)",6.4195,1.0,3
365,SQL_FIRST,"[0.00,0.05)",6.512625,1.0,4
365,VECTOR_FIRST_HNSW,"[0.00,0.05)",22.985416,0.0,4
365,HNSW_HYBRID,"[0.00,0.05)",7.146417,1.0,4
365,IVFFLAT_HYBRID,"[0.00,0.05)",6.653125,1.0,4
366,SQL_FIRST,"[0.00,0.05)",9.886334,1.0,0
366,VECTOR_FIRST_HNSW,"[0.00,0.05)",23.014167,0.7,0
366,HNSW_HYBRID,"[0.00,0.05)",9.737666,1.0,0
366,IVFFLAT_HYBRID,"[0.00,0.05)",10.280959,1.0,0
366,SQL_FIRST,"[0.00,0.05)",9.470416,1.0,1
366,VECTOR_FIRST_HNSW,"[0.00,0.05)",23.066125,0.7,1
366,HNSW_HYBRID,"[0.00,0.05)",10.033834,1.0,1
366,IVFFLAT_HYBRID,"[0.00,0.05)",9.348125,1.0,1
366,SQL_FIRST,"[0.00,0.05)",9.885416,1.0,2
366,VECTOR_FIRST_HNSW,"[0.00,0.05)",23.209167,0.7,2
366,HNSW_HYBRID,"[0.00,0.05)",9.7045,1.0,2
366,IVFFLAT_HYBRID,"[0.00,0.05)",9.178083,1.0,2
366,SQL_FIRST,"[0.00,0.05)",9.445541,1.0,3
366,VECTOR_FIRST_HNSW,"[0.00,0.05)",22.991416,0.7,3
366,HNSW_HYBRID,"[0.00,0.05)",9.737125,1.0,3
366,IVFFLAT_HYBRID,"[0.00,0.05)",10.011791,1.0,3
366,SQL_FIRST,"[0.00,0.05)",9.732084,1.0,4
366,VECTOR_FIRST_HNSW,"[0.00,0.05)",22.981292,0.7,4
366,HNSW_HYBRID,"[0.00,0.05)",9.930667,1.0,4
366,IVFFLAT_HYBRID,"[0.00,0.05)",9.50025,1.0,4
368,SQL_FIRST,"[0.00,0.05)",9.364667,1.0,0
368,VECTOR_FIRST_HNSW,"[0.00,0.05)",22.959125,0.4,0
368,HNSW_HYBRID,"[0.00,0.05)",9.586834,1.0,0
368,IVFFLAT_HYBRID,"[0.00,0.05)",9.235209,1.0,0
368,SQL_FIRST,"[0.00,0.05)",9.465792,1.0,1
368,VECTOR_FIRST_HNSW,"[0.00,0.05)",23.016417,0.4,1
368,HNSW_HYBRID,"[0.00,0.05)",9.984583,1.0,1
368,IVFFLAT_HYBRID,"[0.00,0.05)",9.244042,1.0,1
368,SQL_FIRST,"[0.00,0.05)",9.226,1.0,2
368,VECTOR_FIRST_HNSW,"[0.00,0.05)",23.106791,0.4,2
368,HNSW_HYBRID,"[0.00,0.05)",9.832458,1.0,2
368,IVFFLAT_HYBRID,"[0.00,0.05)",9.303666,1.0,2
368,SQL_FIRST,"[0.00,0.05)",9.111666,1.0,3
368,VECTOR_FIRST_HNSW,"[0.00,0.05)",23.144459,0.4,3
368,HNSW_HYBRID,"[0.00,0.05)",10.044333,1.0,3
368,IVFFLAT_HYBRID,"[0.00,0.05)",9.685666,1.0,3
368,SQL_FIRST,"[0.00,0.05)",9.111917,1.0,4
368,VECTOR_FIRST_HNSW,"[0.00,0.05)",23.170041,0.4,4
368,HNSW_HYBRID,"[0.00,0.05)",10.063334,1.0,4
368,IVFFLAT_HYBRID,"[0.00,0.05)",9.500542,1.0,4
369,SQL_FIRST,"[0.00,0.05)",9.817333,1.0,0
369,VECTOR_FIRST_HNSW,"[0.00,0.05)",23.700458,0.4,0
369,HNSW_HYBRID,"[0.00,0.05)",10.155417,1.0,0
369,IVFFLAT_HYBRID,"[0.00,0.05)",10.056375,1.0,0
369,SQL_FIRST,"[0.00,0.05)",10.175542,1.0,1
369,VECTOR_FIRST_HNSW,"[0.00,0.05)",28.926958,0.4,1
369,HNSW_HYBRID,"[0.00,0.05)",9.754583,1.0,1
369,IVFFLAT_HYBRID,"[0.00,0.05)",9.36375,1.0,1
369,SQL_FIRST,"[0.00,0.05)",9.236167,1.0,2
369,VECTOR_FIRST_HNSW,"[0.00,0.05)",23.038084,0.4,2
369,HNSW_HYBRID,"[0.00,0.05)",9.65325,1.0,2
369,IVFFLAT_HYBRID,"[0.00,0.05)",9.395666,1.0,2
369,SQL_FIRST,"[0.00,0.05)",9.18925,1.0,3
369,VECTOR_FIRST_HNSW,"[0.00,0.05)",22.88525,0.4,3
369,HNSW_HYBRID,"[0.00,0.05)",9.6525,1.0,3
369,IVFFLAT_HYBRID,"[0.00,0.05)",9.289,1.0,3
369,SQL_FIRST,"[0.00,0.05)",9.29775,1.0,4
369,VECTOR_FIRST_HNSW,"[0.00,0.05)",22.880542,0.4,4
369,HNSW_HYBRID,"[0.00,0.05)",9.754459,1.0,4
369,IVFFLAT_HYBRID,"[0.00,0.05)",9.667541,1.0,4
371,SQL_FIRST,"[0.00,0.05)",10.062334,1.0,0
371,VECTOR_FIRST_HNSW,"[0.00,0.05)",22.991583,0.5,0
371,HNSW_HYBRID,"[0.00,0.05)",9.417459,1.0,0
371,IVFFLAT_HYBRID,"[0.00,0.05)",8.869458,1.0,0
371,SQL_FIRST,"[0.00,0.05)",9.732084,1.0,1
371,VECTOR_FIRST_HNSW,"[0.00,0.05)",23.9555,0.5,1
371,HNSW_HYBRID,"[0.00,0.05)",9.741166,1.0,1
371,IVFFLAT_HYBRID,"[0.00,0.05)",9.282625,1.0,1
371,SQL_FIRST,"[0.00,0.05)",8.829292,1.0,2
371,VECTOR_FIRST_HNSW,"[0.00,0.05)",23.034375,0.5,2
371,HNSW_HYBRID,"[0.00,0.05)",9.347,1.0,2
371,IVFFLAT_HYBRID,"[0.00,0.05)",8.982583,1.0,2
371,SQL_FIRST,"[0.00,0.05)",8.756375,1.0,3
371,VECTOR_FIRST_HNSW,"[0.00,0.05)",23.368542,0.5,3
371,HNSW_HYBRID,"[0.00,0.05)",9.697791,1.0,3
371,IVFFLAT_HYBRID,"[0.00,0.05)",9.671958,1.0,3
371,SQL_FIRST,"[0.00,0.05)",9.174709,1.0,4
371,VECTOR_FIRST_HNSW,"[0.00,0.05)",23.102875,0.5,4
371,HNSW_HYBRID,"[0.00,0.05)",9.297458,1.0,4
371,IVFFLAT_HYBRID,"[0.00,0.05)",8.786375,1.0,4
373,SQL_FIRST,"[0.00,0.05)",1.509,1.0,0
373,VECTOR_FIRST_HNSW,"[0.00,0.05)",22.939708,0.0,0
373,HNSW_HYBRID,"[0.00,0.05)",1.910416,1.0,0
373,IVFFLAT_HYBRID,"[0.00,0.05)",1.568875,1.0,0
373,SQL_FIRST,"[0.00,0.05)",1.608625,1.0,1
373,VECTOR_FIRST_HNSW,"[0.00,0.05)",22.9575,0.0,1
373,HNSW_HYBRID,"[0.00,0.05)",2.0315,1.0,1
373,IVFFLAT_HYBRID,"[0.00,0.05)",1.595375,1.0,1
373,SQL_FIRST,"[0.00,0.05)",1.62975,1.0,2
373,VECTOR_FIRST_HNSW,"[0.00,0.05)",22.8165,0.0,2
373,HNSW_HYBRID,"[0.00,0.05)",1.927417,1.0,2
373,IVFFLAT_HYBRID,"[0.00,0.05)",1.648458,1.0,2
373,SQL_FIRST,"[0.00,0.05)",1.619708,1.0,3
373,VECTOR_FIRST_HNSW,"[0.00,0.05)",22.961833,0.0,3
373,HNSW_HYBRID,"[0.00,0.05)",1.932,1.0,3
373,IVFFLAT_HYBRID,"[0.00,0.05)",1.525833,1.0,3
373,SQL_FIRST,"[0.00,0.05)",1.527375,1.0,4
373,VECTOR_FIRST_HNSW,"[0.00,0.05)",22.932708,0.0,4
373,HNSW_HYBRID,"[0.00,0.05)",1.908583,1.0,4
373,IVFFLAT_HYBRID,"[0.00,0.05)",1.534792,1.0,4
380,SQL_FIRST,"[0.00,0.05)",9.365833,1.0,0
380,VECTOR_FIRST_HNSW,"[0.00,0.05)",22.993708,0.6,0
380,HNSW_HYBRID,"[0.00,0.05)",10.119167,1.0,0
380,IVFFLAT_HYBRID,"[0.00,0.05)",9.142334,1.0,0
380,SQL_FIRST,"[0.00,0.05)",9.251,1.0,1
380,VECTOR_FIRST_HNSW,"[0.00,0.05)",23.261917,0.6,1
380,HNSW_HYBRID,"[0.00,0.05)",9.814458,1.0,1
380,IVFFLAT_HYBRID,"[0.00,0.05)",9.412875,1.0,1
380,SQL_FIRST,"[0.00,0.05)",9.390042,1.0,2
380,VECTOR_FIRST_HNSW,"[0.00,0.05)",23.895208,0.6,2
380,HNSW_HYBRID,"[0.00,0.05)",9.647584,1.0,2
380,IVFFLAT_HYBRID,"[0.00,0.05)",9.209875,1.0,2
380,SQL_FIRST,"[0.00,0.05)",9.08675,1.0,3
380,VECTOR_FIRST_HNSW,"[0.00,0.05)",22.957959,0.6,3
380,HNSW_HYBRID,"[0.00,0.05)",9.426708,1.0,3
380,IVFFLAT_HYBRID,"[0.00,0.05)",9.417458,1.0,3
380,SQL_FIRST,"[0.00,0.05)",9.053875,1.0,4
380,VECTOR_FIRST_HNSW,"[0.00,0.05)",24.193542,0.6,4
380,HNSW_HYBRID,"[0.00,0.05)",10.144083,1.0,4
380,IVFFLAT_HYBRID,"[0.00,0.05)",9.475625,1.0,4
382,SQL_FIRST,"[0.00,0.05)",9.191459,1.0,0
382,VECTOR_FIRST_HNSW,"[0.00,0.05)",23.018792,0.1,0
382,HNSW_HYBRID,"[0.00,0.05)",9.2065,1.0,0
382,IVFFLAT_HYBRID,"[0.00,0.05)",8.762375,1.0,0
382,SQL_FIRST,"[0.00,0.05)",8.757042,1.0,1
382,VECTOR_FIRST_HNSW,"[0.00,0.05)",23.010125,0.1,1
382,HNSW_HYBRID,"[0.00,0.05)",9.217334,1.0,1
382,IVFFLAT_HYBRID,"[0.00,0.05)",8.510625,1.0,1
382,SQL_FIRST,"[0.00,0.05)",8.616666,1.0,2
382,VECTOR_FIRST_HNSW,"[0.00,0.05)",23.066416,0.1,2
382,HNSW_HYBRID,"[0.00,0.05)",9.297583,1.0,2
382,IVFFLAT_HYBRID,"[0.00,0.05)",8.970542,1.0,2
382,SQL_FIRST,"[0.00,0.05)",8.577083,1.0,3
382,VECTOR_FIRST_HNSW,"[0.00,0.05)",22.975458,0.1,3
382,HNSW_HYBRID,"[0.00,0.05)",9.243458,1.0,3
382,IVFFLAT_HYBRID,"[0.00,0.05)",8.723167,1.0,3
382,SQL_FIRST,"[0.00,0.05)",8.57575,1.0,4
382,VECTOR_FIRST_HNSW,"[0.00,0.05)",23.419625,0.1,4
382,HNSW_HYBRID,"[0.00,0.05)",9.246167,1.0,4
382,IVFFLAT_HYBRID,"[0.00,0.05)",8.796708,1.0,4
385,SQL_FIRST,"[0.00,0.05)",4.602375,1.0,0
385,VECTOR_FIRST_HNSW,"[0.00,0.05)",23.0795,0.2,0
385,HNSW_HYBRID,"[0.00,0.05)",5.131458,1.0,0
385,IVFFLAT_HYBRID,"[0.00,0.05)",4.838917,1.0,0
385,SQL_FIRST,"[0.00,0.05)",4.575583,1.0,1
385,VECTOR_FIRST_HNSW,"[0.00,0.05)",22.871042,0.2,1
385,HNSW_HYBRID,"[0.00,0.05)",5.10025,1.0,1
385,IVFFLAT_HYBRID,"[0.00,0.05)",4.67225,1.0,1
385,SQL_FIRST,"[0.00,0.05)",4.655916,1.0,2
385,VECTOR_FIRST_HNSW,"[0.00,0.05)",22.953917,0.2,2
385,HNSW_HYBRID,"[0.00,0.05)",5.12075,1.0,2
385,IVFFLAT_HYBRID,"[0.00,0.05)",4.656791,1.0,2
385,SQL_FIRST,"[0.00,0.05)",4.750875,1.0,3
385,VECTOR_FIRST_HNSW,"[0.00,0.05)",22.861417,0.2,3
385,HNSW_HYBRID,"[0.00,0.05)",5.319708,1.0,3
385,IVFFLAT_HYBRID,"[0.00,0.05)",5.699083,1.0,3
385,SQL_FIRST,"[0.00,0.05)",4.555792,1.0,4
385,VECTOR_FIRST_HNSW,"[0.00,0.05)",22.918125,0.2,4
385,HNSW_HYBRID,"[0.00,0.05)",5.088833,1.0,4
385,IVFFLAT_HYBRID,"[0.00,0.05)",4.647792,1.0,4
388,SQL_FIRST,"[0.00,0.05)",6.23375,1.0,0
388,VECTOR_FIRST_HNSW,"[0.00,0.05)",22.853834,0.1,0
388,HNSW_HYBRID,"[0.00,0.05)",6.620417,1.0,0
388,IVFFLAT_HYBRID,"[0.00,0.05)",6.074167,1.0,0
388,SQL_FIRST,"[0.00,0.05)",6.246625,1.0,1
388,VECTOR_FIRST_HNSW,"[0.00,0.05)",22.851083,0.1,1
388,HNSW_HYBRID,"[0.00,0.05)",6.807,1.0,1
388,IVFFLAT_HYBRID,"[0.00,0.05)",6.023166,1.0,1
388,SQL_FIRST,"[0.00,0.05)",6.037375,1.0,2
388,VECTOR_FIRST_HNSW,"[0.00,0.05)",22.838625,0.1,2
388,HNSW_HYBRID,"[0.00,0.05)",6.800208,1.0,2
388,IVFFLAT_HYBRID,"[0.00,0.05)",6.196792,1.0,2
388,SQL_FIRST,"[0.00,0.05)",6.000709,1.0,3
388,VECTOR_FIRST_HNSW,"[0.00,0.05)",22.862625,0.1,3
388,HNSW_HYBRID,"[0.00,0.05)",6.679125,1.0,3
388,IVFFLAT_HYBRID,"[0.00,0.05)",5.983583,1.0,3
388,SQL_FIRST,"[0.00,0.05)",6.329833,1.0,4
388,VECTOR_FIRST_HNSW,"[0.00,0.05)",22.819458,0.1,4
388,HNSW_HYBRID,"[0.00,0.05)",6.710417,1.0,4
388,IVFFLAT_HYBRID,"[0.00,0.05)",6.188125,1.0,4
389,SQL_FIRST,"[0.00,0.05)",9.566834,1.0,0
389,VECTOR_FIRST_HNSW,"[0.00,0.05)",23.373,0.5,0
389,HNSW_HYBRID,"[0.00,0.05)",9.954667,1.0,0
389,IVFFLAT_HYBRID,"[0.00,0.05)",9.336958,1.0,0
389,SQL_FIRST,"[0.00,0.05)",9.150083,1.0,1
389,VECTOR_FIRST_HNSW,"[0.00,0.05)",23.132459,0.5,1
389,HNSW_HYBRID,"[0.00,0.05)",9.600459,1.0,1
389,IVFFLAT_HYBRID,"[0.00,0.05)",9.558125,1.0,1
389,SQL_FIRST,"[0.00,0.05)",9.441083,1.0,2
389,VECTOR_FIRST_HNSW,"[0.00,0.05)",23.356417,0.5,2
389,HNSW_HYBRID,"[0.00,0.05)",9.984625,1.0,2
389,IVFFLAT_HYBRID,"[0.00,0.05)",9.455208,1.0,2
389,SQL_FIRST,"[0.00,0.05)",9.629833,1.0,3
389,VECTOR_FIRST_HNSW,"[0.00,0.05)",23.150709,0.5,3
389,HNSW_HYBRID,"[0.00,0.05)",9.729042,1.0,3
389,IVFFLAT_HYBRID,"[0.00,0.05)",9.150667,1.0,3
389,SQL_FIRST,"[0.00,0.05)",9.274041,1.0,4
389,VECTOR_FIRST_HNSW,"[0.00,0.05)",22.987542,0.5,4
389,HNSW_HYBRID,"[0.00,0.05)",9.5535,1.0,4
389,IVFFLAT_HYBRID,"[0.00,0.05)",10.002458,1.0,4
390,SQL_FIRST,"[0.00,0.05)",6.805333,1.0,0
390,VECTOR_FIRST_HNSW,"[0.00,0.05)",23.023292,0.1,0
390,HNSW_HYBRID,"[0.00,0.05)",7.373208,1.0,0
390,IVFFLAT_HYBRID,"[0.00,0.05)",6.741625,1.0,0
390,SQL_FIRST,"[0.00,0.05)",6.511042,1.0,1
390,VECTOR_FIRST_HNSW,"[0.00,0.05)",22.978166,0.1,1
390,HNSW_HYBRID,"[0.00,0.05)",7.286875,1.0,1
390,IVFFLAT_HYBRID,"[0.00,0.05)",6.7105,1.0,1
390,SQL_FIRST,"[0.00,0.05)",6.628625,1.0,2
390,VECTOR_FIRST_HNSW,"[0.00,0.05)",22.882125,0.1,2
390,HNSW_HYBRID,"[0.00,0.05)",7.331042,1.0,2
390,IVFFLAT_HYBRID,"[0.00,0.05)",7.513541,1.0,2
390,SQL_FIRST,"[0.00,0.05)",8.049875,1.0,3
390,VECTOR_FIRST_HNSW,"[0.00,0.05)",22.886583,0.1,3
390,HNSW_HYBRID,"[0.00,0.05)",7.132708,1.0,3
390,IVFFLAT_HYBRID,"[0.00,0.05)",6.433417,1.0,3
390,SQL_FIRST,"[0.00,0.05)",6.540709,1.0,4
390,VECTOR_FIRST_HNSW,"[0.00,0.05)",22.958208,0.1,4
390,HNSW_HYBRID,"[0.00,0.05)",7.2645,1.0,4
390,IVFFLAT_HYBRID,"[0.00,0.05)",6.874208,1.0,4
393,SQL_FIRST,"[0.00,0.05)",8.995041,1.0,0
393,VECTOR_FIRST_HNSW,"[0.00,0.05)",22.947084,0.2,0
393,HNSW_HYBRID,"[0.00,0.05)",9.465333,1.0,0
393,IVFFLAT_HYBRID,"[0.00,0.05)",9.122125,1.0,0
393,SQL_FIRST,"[0.00,0.05)",9.037708,1.0,1
393,VECTOR_FIRST_HNSW,"[0.00,0.05)",22.924417,0.2,1
393,HNSW_HYBRID,"[0.00,0.05)",9.690542,1.0,1
393,IVFFLAT_HYBRID,"[0.00,0.05)",9.028833,1.0,1
393,SQL_FIRST,"[0.00,0.05)",9.785084,1.0,2
393,VECTOR_FIRST_HNSW,"[0.00,0.05)",23.222166,0.2,2
393,HNSW_HYBRID,"[0.00,0.05)",9.481375,1.0,2
393,IVFFLAT_HYBRID,"[0.00,0.05)",8.576583,1.0,2
393,SQL_FIRST,"[0.00,0.05)",8.778125,1.0,3
393,VECTOR_FIRST_HNSW,"[0.00,0.05)",23.2735,0.2,3
393,HNSW_HYBRID,"[0.00,0.05)",9.480875,1.0,3
393,IVFFLAT_HYBRID,"[0.00,0.05)",8.939,1.0,3
393,SQL_FIRST,"[0.00,0.05)",8.926959,1.0,4
393,VECTOR_FIRST_HNSW,"[0.00,0.05)",22.943333,0.2,4
393,HNSW_HYBRID,"[0.00,0.05)",9.323625,1.0,4
393,IVFFLAT_HYBRID,"[0.00,0.05)",8.968625,1.0,4
395,SQL_FIRST,"[0.00,0.05)",10.144,1.0,0
395,VECTOR_FIRST_HNSW,"[0.00,0.05)",22.998667,0.1,0
395,HNSW_HYBRID,"[0.00,0.05)",10.555208,1.0,0
395,IVFFLAT_HYBRID,"[0.00,0.05)",10.129417,1.0,0
395,SQL_FIRST,"[0.00,0.05)",10.273875,1.0,1
395,VECTOR_FIRST_HNSW,"[0.00,0.05)",22.907375,0.1,1
395,HNSW_HYBRID,"[0.00,0.05)",10.421125,1.0,1
395,IVFFLAT_HYBRID,"[0.00,0.05)",10.001209,1.0,1
395,SQL_FIRST,"[0.00,0.05)",9.978125,1.0,2
395,VECTOR_FIRST_HNSW,"[0.00,0.05)",22.903584,0.1,2
395,HNSW_HYBRID,"[0.00,0.05)",10.542709,1.0,2
395,IVFFLAT_HYBRID,"[0.00,0.05)",10.620625,1.0,2
395,SQL_FIRST,"[0.00,0.05)",10.351083,1.0,3
395,VECTOR_FIRST_HNSW,"[0.00,0.05)",23.088292,0.1,3
395,HNSW_HYBRID,"[0.00,0.05)",10.456083,1.0,3
395,IVFFLAT_HYBRID,"[0.00,0.05)",9.724875,1.0,3
395,SQL_FIRST,"[0.00,0.05)",10.207791,1.0,4
395,VECTOR_FIRST_HNSW,"[0.00,0.05)",22.981,0.1,4
395,HNSW_HYBRID,"[0.00,0.05)",10.581417,1.0,4
395,IVFFLAT_HYBRID,"[0.00,0.05)",10.114208,1.0,4
398,SQL_FIRST,"[0.00,0.05)",5.14325,1.0,0
398,VECTOR_FIRST_HNSW,"[0.00,0.05)",23.71425,0.1,0
398,HNSW_HYBRID,"[0.00,0.05)",5.473333,1.0,0
398,IVFFLAT_HYBRID,"[0.00,0.05)",5.225583,1.0,0
398,SQL_FIRST,"[0.00,0.05)",4.905917,1.0,1
398,VECTOR_FIRST_HNSW,"[0.00,0.05)",22.813333,0.1,1
398,HNSW_HYBRID,"[0.00,0.05)",5.55825,1.0,1
398,IVFFLAT_HYBRID,"[0.00,0.05)",5.023875,1.0,1
398,SQL_FIRST,"[0.00,0.05)",5.148375,1.0,2
398,VECTOR_FIRST_HNSW,"[0.00,0.05)",23.096916,0.1,2
398,HNSW_HYBRID,"[0.00,0.05)",5.506125,1.0,2
398,IVFFLAT_HYBRID,"[0.00,0.05)",4.965875,1.0,2
398,SQL_FIRST,"[0.00,0.05)",4.951791,1.0,3
398,VECTOR_FIRST_HNSW,"[0.00,0.05)",22.946083,0.1,3
398,HNSW_HYBRID,"[0.00,0.05)",5.560417,1.0,3
398,IVFFLAT_HYBRID,"[0.00,0.05)",4.973625,1.0,3
398,SQL_FIRST,"[0.00,0.05)",4.909416,1.0,4
398,VECTOR_FIRST_HNSW,"[0.00,0.05)",22.832166,0.1,4
398,HNSW_HYBRID,"[0.00,0.05)",5.528833,1.0,4
398,IVFFLAT_HYBRID,"[0.00,0.05)",4.919167,1.0,4
399,SQL_FIRST,"[0.00,0.05)",9.081458,1.0,0
399,VECTOR_FIRST_HNSW,"[0.00,0.05)",22.907334,0.2,0
399,HNSW_HYBRID,"[0.00,0.05)",9.493792,1.0,0
399,IVFFLAT_HYBRID,"[0.00,0.05)",9.132958,1.0,0
399,SQL_FIRST,"[0.00,0.05)",8.922833,1.0,1
399,VECTOR_FIRST_HNSW,"[0.00,0.05)",22.991458,0.2,1
399,HNSW_HYBRID,"[0.00,0.05)",9.464042,1.0,1
399,IVFFLAT_HYBRID,"[0.00,0.05)",9.12275,1.0,1
399,SQL_FIRST,"[0.00,0.05)",9.559583,1.0,2
399,VECTOR_FIRST_HNSW,"[0.00,0.05)",22.969875,0.2,2
399,HNSW_HYBRID,"[0.00,0.05)",9.505167,1.0,2
399,IVFFLAT_HYBRID,"[0.00,0.05)",9.358375,1.0,2
399,SQL_FIRST,"[0.00,0.05)",9.604,1.0,3
399,VECTOR_FIRST_HNSW,"[0.00,0.05)",22.927209,0.2,3
399,HNSW_HYBRID,"[0.00,0.05)",9.489125,1.0,3
399,IVFFLAT_HYBRID,"[0.00,0.05)",8.958375,1.0,3
399,SQL_FIRST,"[0.00,0.05)",9.484459,1.0,4
399,VECTOR_FIRST_HNSW,"[0.00,0.05)",22.868792,0.2,4
399,HNSW_HYBRID,"[0.00,0.05)",9.635792,1.0,4
399,IVFFLAT_HYBRID,"[0.00,0.05)",8.896625,1.0,4
400,SQL_FIRST,"[0.00,0.05)",8.911667,1.0,0
400,VECTOR_FIRST_HNSW,"[0.00,0.05)",23.035708,0.1,0
400,HNSW_HYBRID,"[0.00,0.05)",9.74625,1.0,0
400,IVFFLAT_HYBRID,"[0.00,0.05)",9.473625,1.0,0
400,SQL_FIRST,"[0.00,0.05)",8.757584,1.0,1
400,VECTOR_FIRST_HNSW,"[0.00,0.05)",22.862,0.1,1
400,HNSW_HYBRID,"[0.00,0.05)",9.629334,1.0,1
400,IVFFLAT_HYBRID,"[0.00,0.05)",9.205959,1.0,1
400,SQL_FIRST,"[0.00,0.05)",9.040791,1.0,2
400,VECTOR_FIRST_HNSW,"[0.00,0.05)",23.043584,0.1,2
400,HNSW_HYBRID,"[0.00,0.05)",9.580958,1.0,2
400,IVFFLAT_HYBRID,"[0.00,0.05)",8.998208,1.0,2
400,SQL_FIRST,"[0.00,0.05)",9.25325,1.0,3
400,VECTOR_FIRST_HNSW,"[0.00,0.05)",22.962791,0.1,3
400,HNSW_HYBRID,"[0.00,0.05)",9.841209,1.0,3
400,IVFFLAT_HYBRID,"[0.00,0.05)",8.874625,1.0,3
400,SQL_FIRST,"[0.00,0.05)",8.944833,1.0,4
400,VECTOR_FIRST_HNSW,"[0.00,0.05)",23.056041,0.1,4
400,HNSW_HYBRID,"[0.00,0.05)",9.645709,1.0,4
400,IVFFLAT_HYBRID,"[0.00,0.05)",8.906709,1.0,4
401,SQL_FIRST,"[0.00,0.05)",8.56525,1.0,0
401,VECTOR_FIRST_HNSW,"[0.00,0.05)",22.9085,0.3,0
401,HNSW_HYBRID,"[0.00,0.05)",9.166333,1.0,0
401,IVFFLAT_HYBRID,"[0.00,0.05)",9.126666,1.0,0
401,SQL_FIRST,"[0.00,0.05)",8.729333,1.0,1
401,VECTOR_FIRST_HNSW,"[0.00,0.05)",22.93225,0.3,1
401,HNSW_HYBRID,"[0.00,0.05)",9.053208,1.0,1
401,IVFFLAT_HYBRID,"[0.00,0.05)",8.641542,1.0,1
401,SQL_FIRST,"[0.00,0.05)",8.471292,1.0,2
401,VECTOR_FIRST_HNSW,"[0.00,0.05)",22.911833,0.3,2
401,HNSW_HYBRID,"[0.00,0.05)",9.126459,1.0,2
401,IVFFLAT_HYBRID,"[0.00,0.05)",9.00875,1.0,2
401,SQL_FIRST,"[0.00,0.05)",8.266917,1.0,3
401,VECTOR_FIRST_HNSW,"[0.00,0.05)",23.805584,0.3,3
401,HNSW_HYBRID,"[0.00,0.05)",9.393959,1.0,3
401,IVFFLAT_HYBRID,"[0.00,0.05)",9.538583,1.0,3
401,SQL_FIRST,"[0.00,0.05)",9.011,1.0,4
401,VECTOR_FIRST_HNSW,"[0.00,0.05)",22.905875,0.3,4
401,HNSW_HYBRID,"[0.00,0.05)",9.191625,1.0,4
401,IVFFLAT_HYBRID,"[0.00,0.05)",8.719416,1.0,4
403,SQL_FIRST,"[0.00,0.05)",6.104,1.0,0
403,VECTOR_FIRST_HNSW,"[0.00,0.05)",23.00925,0.2,0
403,HNSW_HYBRID,"[0.00,0.05)",6.917708,1.0,0
403,IVFFLAT_HYBRID,"[0.00,0.05)",6.333875,1.0,0
403,SQL_FIRST,"[0.00,0.05)",6.331,1.0,1
403,VECTOR_FIRST_HNSW,"[0.00,0.05)",22.885709,0.2,1
403,HNSW_HYBRID,"[0.00,0.05)",7.240334,1.0,1
403,IVFFLAT_HYBRID,"[0.00,0.05)",6.230458,1.0,1
403,SQL_FIRST,"[0.00,0.05)",6.219709,1.0,2
403,VECTOR_FIRST_HNSW,"[0.00,0.05)",22.874334,0.2,2
403,HNSW_HYBRID,"[0.00,0.05)",6.915625,1.0,2
403,IVFFLAT_HYBRID,"[0.00,0.05)",6.201125,1.0,2
403,SQL_FIRST,"[0.00,0.05)",6.184167,1.0,3
403,VECTOR_FIRST_HNSW,"[0.00,0.05)",24.656084,0.2,3
403,HNSW_HYBRID,"[0.00,0.05)",6.921041,1.0,3
403,IVFFLAT_HYBRID,"[0.00,0.05)",6.240083,1.0,3
403,SQL_FIRST,"[0.00,0.05)",6.252666,1.0,4
403,VECTOR_FIRST_HNSW,"[0.00,0.05)",22.845958,0.2,4
403,HNSW_HYBRID,"[0.00,0.05)",6.971542,1.0,4
403,IVFFLAT_HYBRID,"[0.00,0.05)",6.234708,1.0,4
404,SQL_FIRST,"[0.00,0.05)",6.871792,1.0,0
404,VECTOR_FIRST_HNSW,"[0.00,0.05)",23.259875,0.1,0
404,HNSW_HYBRID,"[0.00,0.05)",7.544958,1.0,0
404,IVFFLAT_HYBRID,"[0.00,0.05)",7.059334,1.0,0
404,SQL_FIRST,"[0.00,0.05)",6.66425,1.0,1
404,VECTOR_FIRST_HNSW,"[0.00,0.05)",22.871041,0.1,1
404,HNSW_HYBRID,"[0.00,0.05)",7.576458,1.0,1
404,IVFFLAT_HYBRID,"[0.00,0.05)",6.999959,1.0,1
404,SQL_FIRST,"[0.00,0.05)",6.786333,1.0,2
404,VECTOR_FIRST_HNSW,"[0.00,0.05)",23.272084,0.1,2
404,HNSW_HYBRID,"[0.00,0.05)",7.542167,1.0,2
404,IVFFLAT_HYBRID,"[0.00,0.05)",7.313,1.0,2
404,SQL_FIRST,"[0.00,0.05)",7.155958,1.0,3
404,VECTOR_FIRST_HNSW,"[0.00,0.05)",22.987625,0.1,3
404,HNSW_HYBRID,"[0.00,0.05)",7.749417,1.0,3
404,IVFFLAT_HYBRID,"[0.00,0.05)",6.911583,1.0,3
404,SQL_FIRST,"[0.00,0.05)",6.894667,1.0,4
404,VECTOR_FIRST_HNSW,"[0.00,0.05)",22.910083,0.1,4
404,HNSW_HYBRID,"[0.00,0.05)",7.526083,1.0,4
404,IVFFLAT_HYBRID,"[0.00,0.05)",7.337125,1.0,4
408,SQL_FIRST,"[0.00,0.05)",9.671625,1.0,0
408,VECTOR_FIRST_HNSW,"[0.00,0.05)",22.934958,0.4,0
408,HNSW_HYBRID,"[0.00,0.05)",9.804416,1.0,0
408,IVFFLAT_HYBRID,"[0.00,0.05)",9.49825,1.0,0
408,SQL_FIRST,"[0.00,0.05)",9.682625,1.0,1
408,VECTOR_FIRST_HNSW,"[0.00,0.05)",23.057,0.4,1
408,HNSW_HYBRID,"[0.00,0.05)",9.646041,1.0,1
408,IVFFLAT_HYBRID,"[0.00,0.05)",9.482209,1.0,1
408,SQL_FIRST,"[0.00,0.05)",9.387042,1.0,2
408,VECTOR_FIRST_HNSW,"[0.00,0.05)",24.036625,0.4,2
408,HNSW_HYBRID,"[0.00,0.05)",9.929625,1.0,2
408,IVFFLAT_HYBRID,"[0.00,0.05)",9.466333,1.0,2
408,SQL_FIRST,"[0.00,0.05)",9.210042,1.0,3
408,VECTOR_FIRST_HNSW,"[0.00,0.05)",23.013292,0.4,3
408,HNSW_HYBRID,"[0.00,0.05)",9.714833,1.0,3
408,IVFFLAT_HYBRID,"[0.00,0.05)",9.246333,1.0,3
408,SQL_FIRST,"[0.00,0.05)",9.767875,1.0,4
408,VECTOR_FIRST_HNSW,"[0.00,0.05)",24.151917,0.4,4
408,HNSW_HYBRID,"[0.00,0.05)",10.09825,1.0,4
408,IVFFLAT_HYBRID,"[0.00,0.05)",9.493666,1.0,4
409,SQL_FIRST,"[0.00,0.05)",8.231083,1.0,0
409,VECTOR_FIRST_HNSW,"[0.00,0.05)",23.064917,0.3,0
409,HNSW_HYBRID,"[0.00,0.05)",8.891125,1.0,0
409,IVFFLAT_HYBRID,"[0.00,0.05)",8.4785,1.0,0
409,SQL_FIRST,"[0.00,0.05)",8.188791,1.0,1
409,VECTOR_FIRST_HNSW,"[0.00,0.05)",23.453958,0.3,1
409,HNSW_HYBRID,"[0.00,0.05)",8.836167,1.0,1
409,IVFFLAT_HYBRID,"[0.00,0.05)",8.478125,1.0,1
409,SQL_FIRST,"[0.00,0.05)",8.091625,1.0,2
409,VECTOR_FIRST_HNSW,"[0.00,0.05)",23.104541,0.3,2
409,HNSW_HYBRID,"[0.00,0.05)",8.848125,1.0,2
409,IVFFLAT_HYBRID,"[0.00,0.05)",8.271583,1.0,2
409,SQL_FIRST,"[0.00,0.05)",8.805958,1.0,3
409,VECTOR_FIRST_HNSW,"[0.00,0.05)",22.943625,0.3,3
409,HNSW_HYBRID,"[0.00,0.05)",8.789792,1.0,3
409,IVFFLAT_HYBRID,"[0.00,0.05)",8.686,1.0,3
409,SQL_FIRST,"[0.00,0.05)",8.176042,1.0,4
409,VECTOR_FIRST_HNSW,"[0.00,0.05)",22.960333,0.3,4
409,HNSW_HYBRID,"[0.00,0.05)",8.83875,1.0,4
409,IVFFLAT_HYBRID,"[0.00,0.05)",8.237834,1.0,4
411,SQL_FIRST,"[0.00,0.05)",8.406459,1.0,0
411,VECTOR_FIRST_HNSW,"[0.00,0.05)",22.9235,0.2,0
411,HNSW_HYBRID,"[0.00,0.05)",9.207291,1.0,0
411,IVFFLAT_HYBRID,"[0.00,0.05)",8.559875,1.0,0
411,SQL_FIRST,"[0.00,0.05)",8.569209,1.0,1
411,VECTOR_FIRST_HNSW,"[0.00,0.05)",22.843291,0.2,1
411,HNSW_HYBRID,"[0.00,0.05)",9.205,1.0,1
411,IVFFLAT_HYBRID,"[0.00,0.05)",8.737333,1.0,1
411,SQL_FIRST,"[0.00,0.05)",8.664959,1.0,2
411,VECTOR_FIRST_HNSW,"[0.00,0.05)",22.927833,0.2,2
411,HNSW_HYBRID,"[0.00,0.05)",9.249542,1.0,2
411,IVFFLAT_HYBRID,"[0.00,0.05)",8.512666,1.0,2
411,SQL_FIRST,"[0.00,0.05)",8.936833,1.0,3
411,VECTOR_FIRST_HNSW,"[0.00,0.05)",23.418291,0.2,3
411,HNSW_HYBRID,"[0.00,0.05)",9.305583,1.0,3
411,IVFFLAT_HYBRID,"[0.00,0.05)",8.560792,1.0,3
411,SQL_FIRST,"[0.00,0.05)",8.524417,1.0,4
411,VECTOR_FIRST_HNSW,"[0.00,0.05)",22.986083,0.2,4
411,HNSW_HYBRID,"[0.00,0.05)",9.20125,1.0,4
411,IVFFLAT_HYBRID,"[0.00,0.05)",8.370791,1.0,4
422,SQL_FIRST,"[0.00,0.05)",8.892,1.0,0
422,VECTOR_FIRST_HNSW,"[0.00,0.05)",22.954166,0.4,0
422,HNSW_HYBRID,"[0.00,0.05)",9.454541,1.0,0
422,IVFFLAT_HYBRID,"[0.00,0.05)",9.544916,1.0,0
422,SQL_FIRST,"[0.00,0.05)",9.166375,1.0,1
422,VECTOR_FIRST_HNSW,"[0.00,0.05)",23.210583,0.4,1
422,HNSW_HYBRID,"[0.00,0.05)",9.4095,1.0,1
422,IVFFLAT_HYBRID,"[0.00,0.05)",8.871458,1.0,1
422,SQL_FIRST,"[0.00,0.05)",8.975709,1.0,2
422,VECTOR_FIRST_HNSW,"[0.00,0.05)",22.964167,0.4,2
422,HNSW_HYBRID,"[0.00,0.05)",9.549416,1.0,2
422,IVFFLAT_HYBRID,"[0.00,0.05)",8.959209,1.0,2
422,SQL_FIRST,"[0.00,0.05)",9.135,1.0,3
422,VECTOR_FIRST_HNSW,"[0.00,0.05)",23.002167,0.4,3
422,HNSW_HYBRID,"[0.00,0.05)",9.561625,1.0,3
422,IVFFLAT_HYBRID,"[0.00,0.05)",8.850292,1.0,3
422,SQL_FIRST,"[0.00,0.05)",9.334333,1.0,4
422,VECTOR_FIRST_HNSW,"[0.00,0.05)",22.864583,0.4,4
422,HNSW_HYBRID,"[0.00,0.05)",9.724875,1.0,4
422,IVFFLAT_HYBRID,"[0.00,0.05)",9.056,1.0,4
426,SQL_FIRST,"[0.00,0.05)",9.37575,1.0,0
426,VECTOR_FIRST_HNSW,"[0.00,0.05)",25.512166,0.6,0
426,HNSW_HYBRID,"[0.00,0.05)",9.723458,1.0,0
426,IVFFLAT_HYBRID,"[0.00,0.05)",9.511042,1.0,0
426,SQL_FIRST,"[0.00,0.05)",9.932958,1.0,1
426,VECTOR_FIRST_HNSW,"[0.00,0.05)",23.649625,0.6,1
426,HNSW_HYBRID,"[0.00,0.05)",9.939083,1.0,1
426,IVFFLAT_HYBRID,"[0.00,0.05)",9.385083,1.0,1
426,SQL_FIRST,"[0.00,0.05)",9.51525,1.0,2
426,VECTOR_FIRST_HNSW,"[0.00,0.05)",22.949375,0.6,2
426,HNSW_HYBRID,"[0.00,0.05)",9.966375,1.0,2
426,IVFFLAT_HYBRID,"[0.00,0.05)",9.892708,1.0,2
426,SQL_FIRST,"[0.00,0.05)",9.191208,1.0,3
426,VECTOR_FIRST_HNSW,"[0.00,0.05)",23.5755,0.6,3
426,HNSW_HYBRID,"[0.00,0.05)",9.917916,1.0,3
426,IVFFLAT_HYBRID,"[0.00,0.05)",9.494833,1.0,3
426,SQL_FIRST,"[0.00,0.05)",9.36,1.0,4
426,VECTOR_FIRST_HNSW,"[0.00,0.05)",23.030416,0.6,4
426,HNSW_HYBRID,"[0.00,0.05)",10.015708,1.0,4
426,IVFFLAT_HYBRID,"[0.00,0.05)",9.688833,1.0,4
427,SQL_FIRST,"[0.00,0.05)",6.846959,1.0,0
427,VECTOR_FIRST_HNSW,"[0.00,0.05)",23.695333,0.4,0
427,HNSW_HYBRID,"[0.00,0.05)",7.434209,1.0,0
427,IVFFLAT_HYBRID,"[0.00,0.05)",6.9095,1.0,0
427,SQL_FIRST,"[0.00,0.05)",6.665792,1.0,1
427,VECTOR_FIRST_HNSW,"[0.00,0.05)",22.941042,0.4,1
427,HNSW_HYBRID,"[0.00,0.05)",7.407083,1.0,1
427,IVFFLAT_HYBRID,"[0.00,0.05)",6.774,1.0,1
427,SQL_FIRST,"[0.00,0.05)",6.625,1.0,2
427,VECTOR_FIRST_HNSW,"[0.00,0.05)",22.944291,0.4,2
427,HNSW_HYBRID,"[0.00,0.05)",7.416625,1.0,2
427,IVFFLAT_HYBRID,"[0.00,0.05)",6.811417,1.0,2
427,SQL_FIRST,"[0.00,0.05)",7.541416,1.0,3
427,VECTOR_FIRST_HNSW,"[0.00,0.05)",26.217,0.4,3
427,HNSW_HYBRID,"[0.00,0.05)",7.279167,1.0,3
427,IVFFLAT_HYBRID,"[0.00,0.05)",6.635709,1.0,3
427,SQL_FIRST,"[0.00,0.05)",6.76325,1.0,4
427,VECTOR_FIRST_HNSW,"[0.00,0.05)",23.049333,0.4,4
427,HNSW_HYBRID,"[0.00,0.05)",7.436667,1.0,4
427,IVFFLAT_HYBRID,"[0.00,0.05)",6.696458,1.0,4
428,SQL_FIRST,"[0.00,0.05)",9.224792,1.0,0
428,VECTOR_FIRST_HNSW,"[0.00,0.05)",23.182125,0.2,0
428,HNSW_HYBRID,"[0.00,0.05)",9.378,1.0,0
428,IVFFLAT_HYBRID,"[0.00,0.05)",8.89175,1.0,0
428,SQL_FIRST,"[0.00,0.05)",9.267667,1.0,1
428,VECTOR_FIRST_HNSW,"[0.00,0.05)",22.935834,0.2,1
428,HNSW_HYBRID,"[0.00,0.05)",9.664458,1.0,1
428,IVFFLAT_HYBRID,"[0.00,0.05)",8.619958,1.0,1
428,SQL_FIRST,"[0.00,0.05)",8.767583,1.0,2
428,VECTOR_FIRST_HNSW,"[0.00,0.05)",24.428625,0.2,2
428,HNSW_HYBRID,"[0.00,0.05)",9.284375,1.0,2
428,IVFFLAT_HYBRID,"[0.00,0.05)",8.831083,1.0,2
428,SQL_FIRST,"[0.00,0.05)",8.825042,1.0,3
428,VECTOR_FIRST_HNSW,"[0.00,0.05)",23.042292,0.2,3
428,HNSW_HYBRID,"[0.00,0.05)",9.406875,1.0,3
428,IVFFLAT_HYBRID,"[0.00,0.05)",9.630375,1.0,3
428,SQL_FIRST,"[0.00,0.05)",9.319834,1.0,4
428,VECTOR_FIRST_HNSW,"[0.00,0.05)",22.9395,0.2,4
428,HNSW_HYBRID,"[0.00,0.05)",9.291291,1.0,4
428,IVFFLAT_HYBRID,"[0.00,0.05)",9.792792,1.0,4
431,SQL_FIRST,"[0.00,0.05)",7.521958,1.0,0
431,VECTOR_FIRST_HNSW,"[0.00,0.05)",23.351583,0.2,0
431,HNSW_HYBRID,"[0.00,0.05)",7.606334,1.0,0
431,IVFFLAT_HYBRID,"[0.00,0.05)",7.656458,1.0,0
431,SQL_FIRST,"[0.00,0.05)",7.456375,1.0,1
431,VECTOR_FIRST_HNSW,"[0.00,0.05)",23.373458,0.2,1
431,HNSW_HYBRID,"[0.00,0.05)",7.668625,1.0,1
431,IVFFLAT_HYBRID,"[0.00,0.05)",7.60025,1.0,1
431,SQL_FIRST,"[0.00,0.05)",7.300709,1.0,2
431,VECTOR_FIRST_HNSW,"[0.00,0.05)",23.281875,0.2,2
431,HNSW_HYBRID,"[0.00,0.05)",7.443875,1.0,2
431,IVFFLAT_HYBRID,"[0.00,0.05)",6.699625,1.0,2
431,SQL_FIRST,"[0.00,0.05)",6.975375,1.0,3
431,VECTOR_FIRST_HNSW,"[0.00,0.05)",23.097667,0.2,3
431,HNSW_HYBRID,"[0.00,0.05)",7.532834,1.0,3
431,IVFFLAT_HYBRID,"[0.00,0.05)",6.924667,1.0,3
431,SQL_FIRST,"[0.00,0.05)",6.688167,1.0,4
431,VECTOR_FIRST_HNSW,"[0.00,0.05)",22.917917,0.2,4
431,HNSW_HYBRID,"[0.00,0.05)",7.391375,1.0,4
431,IVFFLAT_HYBRID,"[0.00,0.05)",7.125708,1.0,4
433,SQL_FIRST,"[0.00,0.05)",6.125041,1.0,0
433,VECTOR_FIRST_HNSW,"[0.00,0.05)",22.886167,0.0,0
433,HNSW_HYBRID,"[0.00,0.05)",6.660125,1.0,0
433,IVFFLAT_HYBRID,"[0.00,0.05)",6.365291,1.0,0
433,SQL_FIRST,"[0.00,0.05)",6.199292,1.0,1
433,VECTOR_FIRST_HNSW,"[0.00,0.05)",23.843125,0.0,1
433,HNSW_HYBRID,"[0.00,0.05)",6.652625,1.0,1
433,IVFFLAT_HYBRID,"[0.00,0.05)",6.394291,1.0,1
433,SQL_FIRST,"[0.00,0.05)",5.943292,1.0,2
433,VECTOR_FIRST_HNSW,"[0.00,0.05)",22.90025,0.0,2
433,HNSW_HYBRID,"[0.00,0.05)",6.612709,1.0,2
433,IVFFLAT_HYBRID,"[0.00,0.05)",6.102792,1.0,2
433,SQL_FIRST,"[0.00,0.05)",6.106708,1.0,3
433,VECTOR_FIRST_HNSW,"[0.00,0.05)",23.638917,0.0,3
433,HNSW_HYBRID,"[0.00,0.05)",6.759792,1.0,3
433,IVFFLAT_HYBRID,"[0.00,0.05)",5.970375,1.0,3
433,SQL_FIRST,"[0.00,0.05)",5.964792,1.0,4
433,VECTOR_FIRST_HNSW,"[0.00,0.05)",23.046875,0.0,4
433,HNSW_HYBRID,"[0.00,0.05)",6.616791,1.0,4
433,IVFFLAT_HYBRID,"[0.00,0.05)",6.046959,1.0,4
434,SQL_FIRST,"[0.00,0.05)",7.860917,1.0,0
434,VECTOR_FIRST_HNSW,"[0.00,0.05)",22.917208,0.3,0
434,HNSW_HYBRID,"[0.00,0.05)",8.397625,1.0,0
434,IVFFLAT_HYBRID,"[0.00,0.05)",7.923958,1.0,0
434,SQL_FIRST,"[0.00,0.05)",7.680416,1.0,1
434,VECTOR_FIRST_HNSW,"[0.00,0.05)",22.925041,0.3,1
434,HNSW_HYBRID,"[0.00,0.05)",8.425708,1.0,1
434,IVFFLAT_HYBRID,"[0.00,0.05)",8.116541,1.0,1
434,SQL_FIRST,"[0.00,0.05)",7.8965,1.0,2
434,VECTOR_FIRST_HNSW,"[0.00,0.05)",22.919292,0.3,2
434,HNSW_HYBRID,"[0.00,0.05)",8.648916,1.0,2
434,IVFFLAT_HYBRID,"[0.00,0.05)",7.907959,1.0,2
434,SQL_FIRST,"[0.00,0.05)",7.700583,1.0,3
434,VECTOR_FIRST_HNSW,"[0.00,0.05)",22.832208,0.3,3
434,HNSW_HYBRID,"[0.00,0.05)",8.361875,1.0,3
434,IVFFLAT_HYBRID,"[0.00,0.05)",7.918041,1.0,3
434,SQL_FIRST,"[0.00,0.05)",7.946333,1.0,4
434,VECTOR_FIRST_HNSW,"[0.00,0.05)",23.565125,0.3,4
434,HNSW_HYBRID,"[0.00,0.05)",8.359542,1.0,4
434,IVFFLAT_HYBRID,"[0.00,0.05)",7.8385,1.0,4
439,SQL_FIRST,"[0.00,0.05)",5.149375,1.0,0
439,VECTOR_FIRST_HNSW,"[0.00,0.05)",23.398541,0.1,0
439,HNSW_HYBRID,"[0.00,0.05)",5.640792,1.0,0
439,IVFFLAT_HYBRID,"[0.00,0.05)",5.682667,1.0,0
439,SQL_FIRST,"[0.00,0.05)",5.284791,1.0,1
439,VECTOR_FIRST_HNSW,"[0.00,0.05)",22.932875,0.1,1
439,HNSW_HYBRID,"[0.00,0.05)",5.737209,1.0,1
439,IVFFLAT_HYBRID,"[0.00,0.05)",5.226208,1.0,1
439,SQL_FIRST,"[0.00,0.05)",5.091375,1.0,2
439,VECTOR_FIRST_HNSW,"[0.00,0.05)",22.862958,0.1,2
439,HNSW_HYBRID,"[0.00,0.05)",5.9865,1.0,2
439,IVFFLAT_HYBRID,"[0.00,0.05)",5.391583,1.0,2
439,SQL_FIRST,"[0.00,0.05)",5.360791,1.0,3
439,VECTOR_FIRST_HNSW,"[0.00,0.05)",23.092375,0.1,3
439,HNSW_HYBRID,"[0.00,0.05)",5.754291,1.0,3
439,IVFFLAT_HYBRID,"[0.00,0.05)",5.215583,1.0,3
439,SQL_FIRST,"[0.00,0.05)",5.118417,1.0,4
439,VECTOR_FIRST_HNSW,"[0.00,0.05)",22.966917,0.1,4
439,HNSW_HYBRID,"[0.00,0.05)",5.696917,1.0,4
439,IVFFLAT_HYBRID,"[0.00,0.05)",5.096125,1.0,4
441,SQL_FIRST,"[0.00,0.05)",9.20525,1.0,0
441,VECTOR_FIRST_HNSW,"[0.00,0.05)",25.338625,0.2,0
441,HNSW_HYBRID,"[0.00,0.05)",9.432083,1.0,0
441,IVFFLAT_HYBRID,"[0.00,0.05)",9.529416,1.0,0
441,SQL_FIRST,"[0.00,0.05)",9.053459,1.0,1
441,VECTOR_FIRST_HNSW,"[0.00,0.05)",23.006167,0.2,1
441,HNSW_HYBRID,"[0.00,0.05)",9.442375,1.0,1
441,IVFFLAT_HYBRID,"[0.00,0.05)",9.08575,1.0,1
441,SQL_FIRST,"[0.00,0.05)",9.392292,1.0,2
441,VECTOR_FIRST_HNSW,"[0.00,0.05)",22.925833,0.2,2
441,HNSW_HYBRID,"[0.00,0.05)",9.564833,1.0,2
441,IVFFLAT_HYBRID,"[0.00,0.05)",8.969167,1.0,2
441,SQL_FIRST,"[0.00,0.05)",9.097583,1.0,3
441,VECTOR_FIRST_HNSW,"[0.00,0.05)",22.926416,0.2,3
441,HNSW_HYBRID,"[0.00,0.05)",9.892791,1.0,3
441,IVFFLAT_HYBRID,"[0.00,0.05)",9.294625,1.0,3
441,SQL_FIRST,"[0.00,0.05)",9.368,1.0,4
441,VECTOR_FIRST_HNSW,"[0.00,0.05)",23.035708,0.2,4
441,HNSW_HYBRID,"[0.00,0.05)",9.814625,1.0,4
441,IVFFLAT_HYBRID,"[0.00,0.05)",9.1365,1.0,4
443,SQL_FIRST,"[0.00,0.05)",10.759167,1.0,0
443,VECTOR_FIRST_HNSW,"[0.00,0.05)",23.052375,0.3,0
443,HNSW_HYBRID,"[0.00,0.05)",10.911875,1.0,0
443,IVFFLAT_HYBRID,"[0.00,0.05)",10.620375,1.0,0
443,SQL_FIRST,"[0.00,0.05)",10.651792,1.0,1
443,VECTOR_FIRST_HNSW,"[0.00,0.05)",23.328917,0.3,1
443,HNSW_HYBRID,"[0.00,0.05)",10.964917,1.0,1
443,IVFFLAT_HYBRID,"[0.00,0.05)",10.588584,1.0,1
443,SQL_FIRST,"[0.00,0.05)",10.500042,1.0,2
443,VECTOR_FIRST_HNSW,"[0.00,0.05)",22.968125,0.3,2
443,HNSW_HYBRID,"[0.00,0.05)",11.16075,1.0,2
443,IVFFLAT_HYBRID,"[0.00,0.05)",10.5595,1.0,2
443,SQL_FIRST,"[0.00,0.05)",10.60075,1.0,3
443,VECTOR_FIRST_HNSW,"[0.00,0.05)",22.958291,0.3,3
443,HNSW_HYBRID,"[0.00,0.05)",11.078125,1.0,3
443,IVFFLAT_HYBRID,"[0.00,0.05)",10.817791,1.0,3
443,SQL_FIRST,"[0.00,0.05)",10.5955,1.0,4
443,VECTOR_FIRST_HNSW,"[0.00,0.05)",24.896,0.3,4
443,HNSW_HYBRID,"[0.00,0.05)",12.045375,1.0,4
443,IVFFLAT_HYBRID,"[0.00,0.05)",10.626583,1.0,4
448,SQL_FIRST,"[0.00,0.05)",4.702041,1.0,0
448,VECTOR_FIRST_HNSW,"[0.00,0.05)",23.222083,0.0,0
448,HNSW_HYBRID,"[0.00,0.05)",5.066959,1.0,0
448,IVFFLAT_HYBRID,"[0.00,0.05)",4.574209,1.0,0
448,SQL_FIRST,"[0.00,0.05)",4.60375,1.0,1
448,VECTOR_FIRST_HNSW,"[0.00,0.05)",23.144958,0.0,1
448,HNSW_HYBRID,"[0.00,0.05)",5.159083,1.0,1
448,IVFFLAT_HYBRID,"[0.00,0.05)",4.772292,1.0,1
448,SQL_FIRST,"[0.00,0.05)",5.022917,1.0,2
448,VECTOR_FIRST_HNSW,"[0.00,0.05)",22.934916,0.0,2
448,HNSW_HYBRID,"[0.00,0.05)",5.198583,1.0,2
448,IVFFLAT_HYBRID,"[0.00,0.05)",4.722125,1.0,2
448,SQL_FIRST,"[0.00,0.05)",4.627292,1.0,3
448,VECTOR_FIRST_HNSW,"[0.00,0.05)",22.740792,0.0,3
448,HNSW_HYBRID,"[0.00,0.05)",5.19625,1.0,3
448,IVFFLAT_HYBRID,"[0.00,0.05)",4.693292,1.0,3
448,SQL_FIRST,"[0.00,0.05)",4.649541,1.0,4
448,VECTOR_FIRST_HNSW,"[0.00,0.05)",22.865708,0.0,4
448,HNSW_HYBRID,"[0.00,0.05)",5.165667,1.0,4
448,IVFFLAT_HYBRID,"[0.00,0.05)",5.076334,1.0,4
449,SQL_FIRST,"[0.00,0.05)",8.041375,1.0,0
449,VECTOR_FIRST_HNSW,"[0.00,0.05)",22.852166,0.2,0
449,HNSW_HYBRID,"[0.00,0.05)",8.535292,1.0,0
449,IVFFLAT_HYBRID,"[0.00,0.05)",8.098584,1.0,0
449,SQL_FIRST,"[0.00,0.05)",8.102583,1.0,1
449,VECTOR_FIRST_HNSW,"[0.00,0.05)",23.090292,0.2,1
449,HNSW_HYBRID,"[0.00,0.05)",8.839666,1.0,1
449,IVFFLAT_HYBRID,"[0.00,0.05)",8.256166,1.0,1
449,SQL_FIRST,"[0.00,0.05)",8.280958,1.0,2
449,VECTOR_FIRST_HNSW,"[0.00,0.05)",25.068333,0.2,2
449,HNSW_HYBRID,"[0.00,0.05)",8.676,1.0,2
449,IVFFLAT_HYBRID,"[0.00,0.05)",8.344292,1.0,2
449,SQL_FIRST,"[0.00,0.05)",8.244917,1.0,3
449,VECTOR_FIRST_HNSW,"[0.00,0.05)",23.924834,0.2,3
449,HNSW_HYBRID,"[0.00,0.05)",8.530958,1.0,3
449,IVFFLAT_HYBRID,"[0.00,0.05)",8.343584,1.0,3
449,SQL_FIRST,"[0.00,0.05)",8.326709,1.0,4
449,VECTOR_FIRST_HNSW,"[0.00,0.05)",23.795,0.2,4
449,HNSW_HYBRID,"[0.00,0.05)",8.726375,1.0,4
449,IVFFLAT_HYBRID,"[0.00,0.05)",8.224167,1.0,4
451,SQL_FIRST,"[0.00,0.05)",10.357542,1.0,0
451,VECTOR_FIRST_HNSW,"[0.00,0.05)",24.34525,0.2,0
451,HNSW_HYBRID,"[0.00,0.05)",10.755042,1.0,0
451,IVFFLAT_HYBRID,"[0.00,0.05)",11.383459,1.0,0
451,SQL_FIRST,"[0.00,0.05)",13.37325,1.0,1
451,VECTOR_FIRST_HNSW,"[0.00,0.05)",42.381666,0.2,1
451,HNSW_HYBRID,"[0.00,0.05)",15.473584,1.0,1
451,IVFFLAT_HYBRID,"[0.00,0.05)",17.124834,1.0,1
451,SQL_FIRST,"[0.00,0.05)",12.559959,1.0,2
451,VECTOR_FIRST_HNSW,"[0.00,0.05)",28.505333,0.2,2
451,HNSW_HYBRID,"[0.00,0.05)",10.388042,1.0,2
451,IVFFLAT_HYBRID,"[0.00,0.05)",10.219209,1.0,2
451,SQL_FIRST,"[0.00,0.05)",10.076875,1.0,3
451,VECTOR_FIRST_HNSW,"[0.00,0.05)",22.919625,0.2,3
451,HNSW_HYBRID,"[0.00,0.05)",10.407125,1.0,3
451,IVFFLAT_HYBRID,"[0.00,0.05)",10.198542,1.0,3
451,SQL_FIRST,"[0.00,0.05)",10.684375,1.0,4
451,VECTOR_FIRST_HNSW,"[0.00,0.05)",22.768291,0.2,4
451,HNSW_HYBRID,"[0.00,0.05)",10.492084,1.0,4
451,IVFFLAT_HYBRID,"[0.00,0.05)",10.23675,1.0,4
453,SQL_FIRST,"[0.00,0.05)",6.266375,1.0,0
453,VECTOR_FIRST_HNSW,"[0.00,0.05)",22.961,0.3,0
453,HNSW_HYBRID,"[0.00,0.05)",6.855875,1.0,0
453,IVFFLAT_HYBRID,"[0.00,0.05)",6.308666,1.0,0
453,SQL_FIRST,"[0.00,0.05)",6.15325,1.0,1
453,VECTOR_FIRST_HNSW,"[0.00,0.05)",22.909083,0.3,1
453,HNSW_HYBRID,"[0.00,0.05)",6.774834,1.0,1
453,IVFFLAT_HYBRID,"[0.00,0.05)",6.182917,1.0,1
453,SQL_FIRST,"[0.00,0.05)",6.304625,1.0,2
453,VECTOR_FIRST_HNSW,"[0.00,0.05)",22.895792,0.3,2
453,HNSW_HYBRID,"[0.00,0.05)",6.785416,1.0,2
453,IVFFLAT_HYBRID,"[0.00,0.05)",6.405125,1.0,2
453,SQL_FIRST,"[0.00,0.05)",6.217334,1.0,3
453,VECTOR_FIRST_HNSW,"[0.00,0.05)",23.040166,0.3,3
453,HNSW_HYBRID,"[0.00,0.05)",6.8175,1.0,3
453,IVFFLAT_HYBRID,"[0.00,0.05)",6.476959,1.0,3
453,SQL_FIRST,"[0.00,0.05)",6.387375,1.0,4
453,VECTOR_FIRST_HNSW,"[0.00,0.05)",23.214209,0.3,4
453,HNSW_HYBRID,"[0.00,0.05)",6.87575,1.0,4
453,IVFFLAT_HYBRID,"[0.00,0.05)",6.821916,1.0,4
454,SQL_FIRST,"[0.00,0.05)",7.818417,1.0,0
454,VECTOR_FIRST_HNSW,"[0.00,0.05)",23.246625,0.1,0
454,HNSW_HYBRID,"[0.00,0.05)",8.5175,1.0,0
454,IVFFLAT_HYBRID,"[0.00,0.05)",7.663167,1.0,0
454,SQL_FIRST,"[0.00,0.05)",8.660959,1.0,1
454,VECTOR_FIRST_HNSW,"[0.00,0.05)",23.450333,0.1,1
454,HNSW_HYBRID,"[0.00,0.05)",8.667625,1.0,1
454,IVFFLAT_HYBRID,"[0.00,0.05)",7.845625,1.0,1
454,SQL_FIRST,"[0.00,0.05)",7.751916,1.0,2
454,VECTOR_FIRST_HNSW,"[0.00,0.05)",22.95125,0.1,2
454,HNSW_HYBRID,"[0.00,0.05)",8.412584,1.0,2
454,IVFFLAT_HYBRID,"[0.00,0.05)",7.699083,1.0,2
454,SQL_FIRST,"[0.00,0.05)",7.866583,1.0,3
454,VECTOR_FIRST_HNSW,"[0.00,0.05)",23.650958,0.1,3
454,HNSW_HYBRID,"[0.00,0.05)",8.411459,1.0,3
454,IVFFLAT_HYBRID,"[0.00,0.05)",7.900792,1.0,3
454,SQL_FIRST,"[0.00,0.05)",7.812625,1.0,4
454,VECTOR_FIRST_HNSW,"[0.00,0.05)",23.040791,0.1,4
454,HNSW_HYBRID,"[0.00,0.05)",8.466584,1.0,4
454,IVFFLAT_HYBRID,"[0.00,0.05)",8.643792,1.0,4
457,SQL_FIRST,"[0.00,0.05)",9.0,1.0,0
457,VECTOR_FIRST_HNSW,"[0.00,0.05)",23.104125,0.7,0
457,HNSW_HYBRID,"[0.00,0.05)",9.484416,1.0,0
457,IVFFLAT_HYBRID,"[0.00,0.05)",8.852416,1.0,0
457,SQL_FIRST,"[0.00,0.05)",9.364583,1.0,1
457,VECTOR_FIRST_HNSW,"[0.00,0.05)",22.999208,0.7,1
457,HNSW_HYBRID,"[0.00,0.05)",9.624833,1.0,1
457,IVFFLAT_HYBRID,"[0.00,0.05)",9.0615,1.0,1
457,SQL_FIRST,"[0.00,0.05)",8.938625,1.0,2
457,VECTOR_FIRST_HNSW,"[0.00,0.05)",23.01275,0.7,2
457,HNSW_HYBRID,"[0.00,0.05)",9.517625,1.0,2
457,IVFFLAT_HYBRID,"[0.00,0.05)",10.239958,1.0,2
457,SQL_FIRST,"[0.00,0.05)",9.942625,1.0,3
457,VECTOR_FIRST_HNSW,"[0.00,0.05)",24.141625,0.7,3
457,HNSW_HYBRID,"[0.00,0.05)",9.430708,1.0,3
457,IVFFLAT_HYBRID,"[0.00,0.05)",8.899667,1.0,3
457,SQL_FIRST,"[0.00,0.05)",8.849834,1.0,4
457,VECTOR_FIRST_HNSW,"[0.00,0.05)",22.878542,0.7,4
457,HNSW_HYBRID,"[0.00,0.05)",9.37925,1.0,4
457,IVFFLAT_HYBRID,"[0.00,0.05)",9.13475,1.0,4
461,SQL_FIRST,"[0.00,0.05)",9.755708,1.0,0
461,VECTOR_FIRST_HNSW,"[0.00,0.05)",22.900583,0.1,0
461,HNSW_HYBRID,"[0.00,0.05)",10.144334,1.0,0
461,IVFFLAT_HYBRID,"[0.00,0.05)",9.617541,1.0,0
461,SQL_FIRST,"[0.00,0.05)",9.528,1.0,1
461,VECTOR_FIRST_HNSW,"[0.00,0.05)",23.457625,0.1,1
461,HNSW_HYBRID,"[0.00,0.05)",10.326541,1.0,1
461,IVFFLAT_HYBRID,"[0.00,0.05)",9.856125,1.0,1
461,SQL_FIRST,"[0.00,0.05)",9.654375,1.0,2
461,VECTOR_FIRST_HNSW,"[0.00,0.05)",23.068292,0.1,2
461,HNSW_HYBRID,"[0.00,0.05)",10.234375,1.0,2
461,IVFFLAT_HYBRID,"[0.00,0.05)",10.158375,1.0,2
461,SQL_FIRST,"[0.00,0.05)",10.31175,1.0,3
461,VECTOR_FIRST_HNSW,"[0.00,0.05)",23.140959,0.1,3
461,HNSW_HYBRID,"[0.00,0.05)",10.507708,1.0,3
461,IVFFLAT_HYBRID,"[0.00,0.05)",10.278625,1.0,3
461,SQL_FIRST,"[0.00,0.05)",10.016792,1.0,4
461,VECTOR_FIRST_HNSW,"[0.00,0.05)",25.128042,0.1,4
461,HNSW_HYBRID,"[0.00,0.05)",11.192875,1.0,4
461,IVFFLAT_HYBRID,"[0.00,0.05)",10.166542,1.0,4
463,SQL_FIRST,"[0.00,0.05)",9.653375,1.0,0
463,VECTOR_FIRST_HNSW,"[0.00,0.05)",23.039917,0.1,0
463,HNSW_HYBRID,"[0.00,0.05)",9.557417,1.0,0
463,IVFFLAT_HYBRID,"[0.00,0.05)",9.338167,1.0,0
463,SQL_FIRST,"[0.00,0.05)",9.331666,1.0,1
463,VECTOR_FIRST_HNSW,"[0.00,0.05)",24.100417,0.1,1
463,HNSW_HYBRID,"[0.00,0.05)",9.346916,1.0,1
463,IVFFLAT_HYBRID,"[0.00,0.05)",9.44475,1.0,1
463,SQL_FIRST,"[0.00,0.05)",9.131875,1.0,2
463,VECTOR_FIRST_HNSW,"[0.00,0.05)",23.106709,0.1,2
463,HNSW_HYBRID,"[0.00,0.05)",9.471625,1.0,2
463,IVFFLAT_HYBRID,"[0.00,0.05)",9.226292,1.0,2
463,SQL_FIRST,"[0.00,0.05)",9.422917,1.0,3
463,VECTOR_FIRST_HNSW,"[0.00,0.05)",24.387916,0.1,3
463,HNSW_HYBRID,"[0.00,0.05)",9.6495,1.0,3
463,IVFFLAT_HYBRID,"[0.00,0.05)",8.970584,1.0,3
463,SQL_FIRST,"[0.00,0.05)",8.743833,1.0,4
463,VECTOR_FIRST_HNSW,"[0.00,0.05)",22.93825,0.1,4
463,HNSW_HYBRID,"[0.00,0.05)",9.249542,1.0,4
463,IVFFLAT_HYBRID,"[0.00,0.05)",8.57275,1.0,4
465,SQL_FIRST,"[0.00,0.05)",8.479,1.0,0
465,VECTOR_FIRST_HNSW,"[0.00,0.05)",22.979584,0.5,0
465,HNSW_HYBRID,"[0.00,0.05)",9.034667,1.0,0
465,IVFFLAT_HYBRID,"[0.00,0.05)",8.528167,1.0,0
465,SQL_FIRST,"[0.00,0.05)",8.796125,1.0,1
465,VECTOR_FIRST_HNSW,"[0.00,0.05)",22.96025,0.5,1
465,HNSW_HYBRID,"[0.00,0.05)",9.258125,1.0,1
465,IVFFLAT_HYBRID,"[0.00,0.05)",8.5805,1.0,1
465,SQL_FIRST,"[0.00,0.05)",8.480916,1.0,2
465,VECTOR_FIRST_HNSW,"[0.00,0.05)",23.03075,0.5,2
465,HNSW_HYBRID,"[0.00,0.05)",9.047541,1.0,2
465,IVFFLAT_HYBRID,"[0.00,0.05)",8.936875,1.0,2
465,SQL_FIRST,"[0.00,0.05)",8.546875,1.0,3
465,VECTOR_FIRST_HNSW,"[0.00,0.05)",22.941708,0.5,3
465,HNSW_HYBRID,"[0.00,0.05)",9.003625,1.0,3
465,IVFFLAT_HYBRID,"[0.00,0.05)",8.541083,1.0,3
465,SQL_FIRST,"[0.00,0.05)",8.456917,1.0,4
465,VECTOR_FIRST_HNSW,"[0.00,0.05)",22.995,0.5,4
465,HNSW_HYBRID,"[0.00,0.05)",9.010958,1.0,4
465,IVFFLAT_HYBRID,"[0.00,0.05)",9.031875,1.0,4
466,SQL_FIRST,"[0.00,0.05)",8.103,1.0,0
466,VECTOR_FIRST_HNSW,"[0.00,0.05)",22.9565,0.3,0
466,HNSW_HYBRID,"[0.00,0.05)",8.992917,1.0,0
466,IVFFLAT_HYBRID,"[0.00,0.05)",8.53025,1.0,0
466,SQL_FIRST,"[0.00,0.05)",8.3,1.0,1
466,VECTOR_FIRST_HNSW,"[0.00,0.05)",23.396542,0.3,1
466,HNSW_HYBRID,"[0.00,0.05)",9.175541,1.0,1
466,IVFFLAT_HYBRID,"[0.00,0.05)",8.463583,1.0,1
466,SQL_FIRST,"[0.00,0.05)",8.333709,1.0,2
466,VECTOR_FIRST_HNSW,"[0.00,0.05)",23.034083,0.3,2
466,HNSW_HYBRID,"[0.00,0.05)",9.051792,1.0,2
466,IVFFLAT_HYBRID,"[0.00,0.05)",8.5915,1.0,2
466,SQL_FIRST,"[0.00,0.05)",8.327916,1.0,3
466,VECTOR_FIRST_HNSW,"[0.00,0.05)",22.960625,0.3,3
466,HNSW_HYBRID,"[0.00,0.05)",8.953958,1.0,3
466,IVFFLAT_HYBRID,"[0.00,0.05)",8.936209,1.0,3
466,SQL_FIRST,"[0.00,0.05)",8.537833,1.0,4
466,VECTOR_FIRST_HNSW,"[0.00,0.05)",22.981125,0.3,4
466,HNSW_HYBRID,"[0.00,0.05)",9.130084,1.0,4
466,IVFFLAT_HYBRID,"[0.00,0.05)",8.48175,1.0,4
468,SQL_FIRST,"[0.00,0.05)",9.196833,1.0,0
468,VECTOR_FIRST_HNSW,"[0.00,0.05)",22.963167,0.6,0
468,HNSW_HYBRID,"[0.00,0.05)",9.422042,1.0,0
468,IVFFLAT_HYBRID,"[0.00,0.05)",8.690791,1.0,0
468,SQL_FIRST,"[0.00,0.05)",8.679,1.0,1
468,VECTOR_FIRST_HNSW,"[0.00,0.05)",23.081708,0.6,1
468,HNSW_HYBRID,"[0.00,0.05)",9.549125,1.0,1
468,IVFFLAT_HYBRID,"[0.00,0.05)",9.063541,1.0,1
468,SQL_FIRST,"[0.00,0.05)",8.803042,1.0,2
468,VECTOR_FIRST_HNSW,"[0.00,0.05)",23.025667,0.6,2
468,HNSW_HYBRID,"[0.00,0.05)",9.25925,1.0,2
468,IVFFLAT_HYBRID,"[0.00,0.05)",8.758375,1.0,2
468,SQL_FIRST,"[0.00,0.05)",8.754959,1.0,3
468,VECTOR_FIRST_HNSW,"[0.00,0.05)",22.919083,0.6,3
468,HNSW_HYBRID,"[0.00,0.05)",9.04675,1.0,3
468,IVFFLAT_HYBRID,"[0.00,0.05)",9.697,1.0,3
468,SQL_FIRST,"[0.00,0.05)",8.960209,1.0,4
468,VECTOR_FIRST_HNSW,"[0.00,0.05)",22.907041,0.6,4
468,HNSW_HYBRID,"[0.00,0.05)",8.983833,1.0,4
468,IVFFLAT_HYBRID,"[0.00,0.05)",8.625792,1.0,4
469,SQL_FIRST,"[0.00,0.05)",10.600375,1.0,0
469,VECTOR_FIRST_HNSW,"[0.00,0.05)",24.031834,0.2,0
469,HNSW_HYBRID,"[0.00,0.05)",10.09225,1.0,0
469,IVFFLAT_HYBRID,"[0.00,0.05)",10.368708,1.0,0
469,SQL_FIRST,"[0.00,0.05)",9.45325,1.0,1
469,VECTOR_FIRST_HNSW,"[0.00,0.05)",22.927083,0.2,1
469,HNSW_HYBRID,"[0.00,0.05)",9.288291,1.0,1
469,IVFFLAT_HYBRID,"[0.00,0.05)",8.948208,1.0,1
469,SQL_FIRST,"[0.00,0.05)",9.067291,1.0,2
469,VECTOR_FIRST_HNSW,"[0.00,0.05)",23.11575,0.2,2
469,HNSW_HYBRID,"[0.00,0.05)",9.253125,1.0,2
469,IVFFLAT_HYBRID,"[0.00,0.05)",9.158417,1.0,2
469,SQL_FIRST,"[0.00,0.05)",8.903083,1.0,3
469,VECTOR_FIRST_HNSW,"[0.00,0.05)",23.052708,0.2,3
469,HNSW_HYBRID,"[0.00,0.05)",9.433208,1.0,3
469,IVFFLAT_HYBRID,"[0.00,0.05)",9.077042,1.0,3
469,SQL_FIRST,"[0.00,0.05)",8.939,1.0,4
469,VECTOR_FIRST_HNSW,"[0.00,0.05)",23.046583,0.2,4
469,HNSW_HYBRID,"[0.00,0.05)",9.35225,1.0,4
469,IVFFLAT_HYBRID,"[0.00,0.05)",9.120167,1.0,4
470,SQL_FIRST,"[0.00,0.05)",1.599041,1.0,0
470,VECTOR_FIRST_HNSW,"[0.00,0.05)",22.75025,0.0,0
470,HNSW_HYBRID,"[0.00,0.05)",2.024167,1.0,0
470,IVFFLAT_HYBRID,"[0.00,0.05)",1.621542,1.0,0
470,SQL_FIRST,"[0.00,0.05)",1.629917,1.0,1
470,VECTOR_FIRST_HNSW,"[0.00,0.05)",22.863125,0.0,1
470,HNSW_HYBRID,"[0.00,0.05)",1.938875,1.0,1
470,IVFFLAT_HYBRID,"[0.00,0.05)",1.664792,1.0,1
470,SQL_FIRST,"[0.00,0.05)",1.626208,1.0,2
470,VECTOR_FIRST_HNSW,"[0.00,0.05)",22.813042,0.0,2
470,HNSW_HYBRID,"[0.00,0.05)",1.92975,1.0,2
470,IVFFLAT_HYBRID,"[0.00,0.05)",1.563625,1.0,2
470,SQL_FIRST,"[0.00,0.05)",1.544084,1.0,3
470,VECTOR_FIRST_HNSW,"[0.00,0.05)",22.836458,0.0,3
470,HNSW_HYBRID,"[0.00,0.05)",1.91175,1.0,3
470,IVFFLAT_HYBRID,"[0.00,0.05)",1.529292,1.0,3
470,SQL_FIRST,"[0.00,0.05)",1.559333,1.0,4
470,VECTOR_FIRST_HNSW,"[0.00,0.05)",23.459167,0.0,4
470,HNSW_HYBRID,"[0.00,0.05)",1.954875,1.0,4
470,IVFFLAT_HYBRID,"[0.00,0.05)",1.575208,1.0,4
471,SQL_FIRST,"[0.00,0.05)",7.603333,1.0,0
471,VECTOR_FIRST_HNSW,"[0.00,0.05)",22.90875,0.4,0
471,HNSW_HYBRID,"[0.00,0.05)",8.747,1.0,0
471,IVFFLAT_HYBRID,"[0.00,0.05)",8.179041,1.0,0
471,SQL_FIRST,"[0.00,0.05)",7.884417,1.0,1
471,VECTOR_FIRST_HNSW,"[0.00,0.05)",23.119125,0.4,1
471,HNSW_HYBRID,"[0.00,0.05)",8.243,1.0,1
471,IVFFLAT_HYBRID,"[0.00,0.05)",7.764917,1.0,1
471,SQL_FIRST,"[0.00,0.05)",7.687666,1.0,2
471,VECTOR_FIRST_HNSW,"[0.00,0.05)",22.820875,0.4,2
471,HNSW_HYBRID,"[0.00,0.05)",8.270125,1.0,2
471,IVFFLAT_HYBRID,"[0.00,0.05)",7.61925,1.0,2
471,SQL_FIRST,"[0.00,0.05)",8.133458,1.0,3
471,VECTOR_FIRST_HNSW,"[0.00,0.05)",23.015333,0.4,3
471,HNSW_HYBRID,"[0.00,0.05)",8.3345,1.0,3
471,IVFFLAT_HYBRID,"[0.00,0.05)",7.617041,1.0,3
471,SQL_FIRST,"[0.00,0.05)",7.824792,1.0,4
471,VECTOR_FIRST_HNSW,"[0.00,0.05)",22.985667,0.4,4
471,HNSW_HYBRID,"[0.00,0.05)",8.398541,1.0,4
471,IVFFLAT_HYBRID,"[0.00,0.05)",7.569542,1.0,4
476,SQL_FIRST,"[0.00,0.05)",10.509042,1.0,0
476,VECTOR_FIRST_HNSW,"[0.00,0.05)",23.870834,0.2,0
476,HNSW_HYBRID,"[0.00,0.05)",10.097042,1.0,0
476,IVFFLAT_HYBRID,"[0.00,0.05)",9.562708,1.0,0
476,SQL_FIRST,"[0.00,0.05)",9.685083,1.0,1
476,VECTOR_FIRST_HNSW,"[0.00,0.05)",23.1165,0.2,1
476,HNSW_HYBRID,"[0.00,0.05)",10.270708,1.0,1
476,IVFFLAT_HYBRID,"[0.00,0.05)",9.850917,1.0,1
476,SQL_FIRST,"[0.00,0.05)",9.73725,1.0,2
476,VECTOR_FIRST_HNSW,"[0.00,0.05)",22.999834,0.2,2
476,HNSW_HYBRID,"[0.00,0.05)",10.263959,1.0,2
476,IVFFLAT_HYBRID,"[0.00,0.05)",9.856625,1.0,2
476,SQL_FIRST,"[0.00,0.05)",10.023667,1.0,3
476,VECTOR_FIRST_HNSW,"[0.00,0.05)",22.939625,0.2,3
476,HNSW_HYBRID,"[0.00,0.05)",10.20575,1.0,3
476,IVFFLAT_HYBRID,"[0.00,0.05)",9.73025,1.0,3
476,SQL_FIRST,"[0.00,0.05)",9.631667,1.0,4
476,VECTOR_FIRST_HNSW,"[0.00,0.05)",22.973125,0.2,4
476,HNSW_HYBRID,"[0.00,0.05)",10.682417,1.0,4
476,IVFFLAT_HYBRID,"[0.00,0.05)",10.0425,1.0,4
477,SQL_FIRST,"[0.00,0.05)",7.86875,1.0,0
477,VECTOR_FIRST_HNSW,"[0.00,0.05)",22.989375,0.1,0
477,HNSW_HYBRID,"[0.00,0.05)",8.502208,1.0,0
477,IVFFLAT_HYBRID,"[0.00,0.05)",7.844792,1.0,0
477,SQL_FIRST,"[0.00,0.05)",7.701875,1.0,1
477,VECTOR_FIRST_HNSW,"[0.00,0.05)",23.639625,0.1,1
477,HNSW_HYBRID,"[0.00,0.05)",8.510541,1.0,1
477,IVFFLAT_HYBRID,"[0.00,0.05)",7.85525,1.0,1
477,SQL_FIRST,"[0.00,0.05)",7.723083,1.0,2
477,VECTOR_FIRST_HNSW,"[0.00,0.05)",22.961167,0.1,2
477,HNSW_HYBRID,"[0.00,0.05)",8.340584,1.0,2
477,IVFFLAT_HYBRID,"[0.00,0.05)",7.990167,1.0,2
477,SQL_FIRST,"[0.00,0.05)",7.765167,1.0,3
477,VECTOR_FIRST_HNSW,"[0.00,0.05)",22.987166,0.1,3
477,HNSW_HYBRID,"[0.00,0.05)",8.537167,1.0,3
477,IVFFLAT_HYBRID,"[0.00,0.05)",7.978458,1.0,3
477,SQL_FIRST,"[0.00,0.05)",7.700125,1.0,4
477,VECTOR_FIRST_HNSW,"[0.00,0.05)",22.959333,0.1,4
477,HNSW_HYBRID,"[0.00,0.05)",8.343,1.0,4
477,IVFFLAT_HYBRID,"[0.00,0.05)",8.177041,1.0,4
480,SQL_FIRST,"[0.00,0.05)",6.5385,1.0,0
480,VECTOR_FIRST_HNSW,"[0.00,0.05)",22.976666,0.2,0
480,HNSW_HYBRID,"[0.00,0.05)",7.235083,1.0,0
480,IVFFLAT_HYBRID,"[0.00,0.05)",6.521209,1.0,0
480,SQL_FIRST,"[0.00,0.05)",6.933,1.0,1
480,VECTOR_FIRST_HNSW,"[0.00,0.05)",22.756958,0.2,1
480,HNSW_HYBRID,"[0.00,0.05)",7.559125,1.0,1
480,IVFFLAT_HYBRID,"[0.00,0.05)",6.877958,1.0,1
480,SQL_FIRST,"[0.00,0.05)",6.590917,1.0,2
480,VECTOR_FIRST_HNSW,"[0.00,0.05)",22.948917,0.2,2
480,HNSW_HYBRID,"[0.00,0.05)",7.167917,1.0,2
480,IVFFLAT_HYBRID,"[0.00,0.05)",6.633375,1.0,2
480,SQL_FIRST,"[0.00,0.05)",6.602125,1.0,3
480,VECTOR_FIRST_HNSW,"[0.00,0.05)",22.9575,0.2,3
480,HNSW_HYBRID,"[0.00,0.05)",7.187666,1.0,3
480,IVFFLAT_HYBRID,"[0.00,0.05)",6.534875,1.0,3
480,SQL_FIRST,"[0.00,0.05)",7.003167,1.0,4
480,VECTOR_FIRST_HNSW,"[0.00,0.05)",24.027458,0.2,4
480,HNSW_HYBRID,"[0.00,0.05)",7.436125,1.0,4
480,IVFFLAT_HYBRID,"[0.00,0.05)",6.6195,1.0,4
482,SQL_FIRST,"[0.00,0.05)",9.280959,1.0,0
482,VECTOR_FIRST_HNSW,"[0.00,0.05)",23.38525,0.4,0
482,HNSW_HYBRID,"[0.00,0.05)",9.468583,1.0,0
482,IVFFLAT_HYBRID,"[0.00,0.05)",8.987416,1.0,0
482,SQL_FIRST,"[0.00,0.05)",8.899958,1.0,1
482,VECTOR_FIRST_HNSW,"[0.00,0.05)",23.029458,0.4,1
482,HNSW_HYBRID,"[0.00,0.05)",9.278583,1.0,1
482,IVFFLAT_HYBRID,"[0.00,0.05)",9.167,1.0,1
482,SQL_FIRST,"[0.00,0.05)",8.825875,1.0,2
482,VECTOR_FIRST_HNSW,"[0.00,0.05)",23.035125,0.4,2
482,HNSW_HYBRID,"[0.00,0.05)",9.401833,1.0,2
482,IVFFLAT_HYBRID,"[0.00,0.05)",9.049584,1.0,2
482,SQL_FIRST,"[0.00,0.05)",9.057291,1.0,3
482,VECTOR_FIRST_HNSW,"[0.00,0.05)",22.884875,0.4,3
482,HNSW_HYBRID,"[0.00,0.05)",9.359292,1.0,3
482,IVFFLAT_HYBRID,"[0.00,0.05)",9.25425,1.0,3
482,SQL_FIRST,"[0.00,0.05)",8.884834,1.0,4
482,VECTOR_FIRST_HNSW,"[0.00,0.05)",23.039208,0.4,4
482,HNSW_HYBRID,"[0.00,0.05)",9.407417,1.0,4
482,IVFFLAT_HYBRID,"[0.00,0.05)",8.826583,1.0,4
484,SQL_FIRST,"[0.00,0.05)",9.715792,1.0,0
484,VECTOR_FIRST_HNSW,"[0.00,0.05)",23.487083,0.6,0
484,HNSW_HYBRID,"[0.00,0.05)",9.650292,1.0,0
484,IVFFLAT_HYBRID,"[0.00,0.05)",9.827708,1.0,0
484,SQL_FIRST,"[0.00,0.05)",9.422542,1.0,1
484,VECTOR_FIRST_HNSW,"[0.00,0.05)",23.0665,0.6,1
484,HNSW_HYBRID,"[0.00,0.05)",9.830417,1.0,1
484,IVFFLAT_HYBRID,"[0.00,0.05)",9.308333,1.0,1
484,SQL_FIRST,"[0.00,0.05)",9.476209,1.0,2
484,VECTOR_FIRST_HNSW,"[0.00,0.05)",23.614833,0.6,2
484,HNSW_HYBRID,"[0.00,0.05)",9.932583,1.0,2
484,IVFFLAT_HYBRID,"[0.00,0.05)",9.161834,1.0,2
484,SQL_FIRST,"[0.00,0.05)",9.35225,1.0,3
484,VECTOR_FIRST_HNSW,"[0.00,0.05)",23.042083,0.6,3
484,HNSW_HYBRID,"[0.00,0.05)",9.770208,1.0,3
484,IVFFLAT_HYBRID,"[0.00,0.05)",9.244459,1.0,3
484,SQL_FIRST,"[0.00,0.05)",10.137167,1.0,4
484,VECTOR_FIRST_HNSW,"[0.00,0.05)",23.201792,0.6,4
484,HNSW_HYBRID,"[0.00,0.05)",9.847666,1.0,4
484,IVFFLAT_HYBRID,"[0.00,0.05)",9.363333,1.0,4
485,SQL_FIRST,"[0.00,0.05)",7.892792,1.0,0
485,VECTOR_FIRST_HNSW,"[0.00,0.05)",22.997167,0.4,0
485,HNSW_HYBRID,"[0.00,0.05)",8.453166,1.0,0
485,IVFFLAT_HYBRID,"[0.00,0.05)",7.795125,1.0,0
485,SQL_FIRST,"[0.00,0.05)",7.66575,1.0,1
485,VECTOR_FIRST_HNSW,"[0.00,0.05)",22.934083,0.4,1
485,HNSW_HYBRID,"[0.00,0.05)",8.505292,1.0,1
485,IVFFLAT_HYBRID,"[0.00,0.05)",7.811875,1.0,1
485,SQL_FIRST,"[0.00,0.05)",8.028834,1.0,2
485,VECTOR_FIRST_HNSW,"[0.00,0.05)",22.901792,0.4,2
485,HNSW_HYBRID,"[0.00,0.05)",8.514584,1.0,2
485,IVFFLAT_HYBRID,"[0.00,0.05)",7.741958,1.0,2
485,SQL_FIRST,"[0.00,0.05)",7.75025,1.0,3
485,VECTOR_FIRST_HNSW,"[0.00,0.05)",22.977875,0.4,3
485,HNSW_HYBRID,"[0.00,0.05)",8.538625,1.0,3
485,IVFFLAT_HYBRID,"[0.00,0.05)",7.684125,1.0,3
485,SQL_FIRST,"[0.00,0.05)",8.089875,1.0,4
485,VECTOR_FIRST_HNSW,"[0.00,0.05)",23.112708,0.4,4
485,HNSW_HYBRID,"[0.00,0.05)",8.752,1.0,4
485,IVFFLAT_HYBRID,"[0.00,0.05)",7.914959,1.0,4
489,SQL_FIRST,"[0.00,0.05)",10.883667,1.0,0
489,VECTOR_FIRST_HNSW,"[0.00,0.05)",23.288417,0.4,0
489,HNSW_HYBRID,"[0.00,0.05)",11.551042,1.0,0
489,IVFFLAT_HYBRID,"[0.00,0.05)",11.342459,1.0,0
489,SQL_FIRST,"[0.00,0.05)",11.17025,1.0,1
489,VECTOR_FIRST_HNSW,"[0.00,0.05)",23.593,0.4,1
489,HNSW_HYBRID,"[0.00,0.05)",11.273167,1.0,1
489,IVFFLAT_HYBRID,"[0.00,0.05)",10.768959,1.0,1
489,SQL_FIRST,"[0.00,0.05)",10.814042,1.0,2
489,VECTOR_FIRST_HNSW,"[0.00,0.05)",22.9605,0.4,2
489,HNSW_HYBRID,"[0.00,0.05)",11.459459,1.0,2
489,IVFFLAT_HYBRID,"[0.00,0.05)",10.836833,1.0,2
489,SQL_FIRST,"[0.00,0.05)",11.022541,1.0,3
489,VECTOR_FIRST_HNSW,"[0.00,0.05)",23.073375,0.4,3
489,HNSW_HYBRID,"[0.00,0.05)",11.313709,1.0,3
489,IVFFLAT_HYBRID,"[0.00,0.05)",11.276375,1.0,3
489,SQL_FIRST,"[0.00,0.05)",10.876792,1.0,4
489,VECTOR_FIRST_HNSW,"[0.00,0.05)",23.022542,0.4,4
489,HNSW_HYBRID,"[0.00,0.05)",11.234833,1.0,4
489,IVFFLAT_HYBRID,"[0.00,0.05)",10.798625,1.0,4
490,SQL_FIRST,"[0.00,0.05)",4.042542,1.0,0
490,VECTOR_FIRST_HNSW,"[0.00,0.05)",26.577625,0.0,0
490,HNSW_HYBRID,"[0.00,0.05)",4.674167,1.0,0
490,IVFFLAT_HYBRID,"[0.00,0.05)",4.6545,1.0,0
490,SQL_FIRST,"[0.00,0.05)",4.738959,1.0,1
490,VECTOR_FIRST_HNSW,"[0.00,0.05)",24.353708,0.0,1
490,HNSW_HYBRID,"[0.00,0.05)",4.643833,1.0,1
490,IVFFLAT_HYBRID,"[0.00,0.05)",4.149375,1.0,1
490,SQL_FIRST,"[0.00,0.05)",4.159833,1.0,2
490,VECTOR_FIRST_HNSW,"[0.00,0.05)",23.33125,0.0,2
490,HNSW_HYBRID,"[0.00,0.05)",4.487792,1.0,2
490,IVFFLAT_HYBRID,"[0.00,0.05)",4.083709,1.0,2
490,SQL_FIRST,"[0.00,0.05)",4.035875,1.0,3
490,VECTOR_FIRST_HNSW,"[0.00,0.05)",23.411291,0.0,3
490,HNSW_HYBRID,"[0.00,0.05)",4.445333,1.0,3
490,IVFFLAT_HYBRID,"[0.00,0.05)",4.131791,1.0,3
490,SQL_FIRST,"[0.00,0.05)",4.073875,1.0,4
490,VECTOR_FIRST_HNSW,"[0.00,0.05)",22.933125,0.0,4
490,HNSW_HYBRID,"[0.00,0.05)",4.397458,1.0,4
490,IVFFLAT_HYBRID,"[0.00,0.05)",4.029792,1.0,4
491,SQL_FIRST,"[0.00,0.05)",9.508708,1.0,0
491,VECTOR_FIRST_HNSW,"[0.00,0.05)",23.090042,0.7,0
491,HNSW_HYBRID,"[0.00,0.05)",9.676417,1.0,0
491,IVFFLAT_HYBRID,"[0.00,0.05)",10.373459,1.0,0
491,SQL_FIRST,"[0.00,0.05)",10.125417,1.0,1
491,VECTOR_FIRST_HNSW,"[0.00,0.05)",22.948125,0.7,1
491,HNSW_HYBRID,"[0.00,0.05)",9.395,1.0,1
491,IVFFLAT_HYBRID,"[0.00,0.05)",9.224833,1.0,1
491,SQL_FIRST,"[0.00,0.05)",9.708709,1.0,2
491,VECTOR_FIRST_HNSW,"[0.00,0.05)",22.971208,0.7,2
491,HNSW_HYBRID,"[0.00,0.05)",9.653833,1.0,2
491,IVFFLAT_HYBRID,"[0.00,0.05)",9.226875,1.0,2
491,SQL_FIRST,"[0.00,0.05)",9.12475,1.0,3
491,VECTOR_FIRST_HNSW,"[0.00,0.05)",22.893167,0.7,3
491,HNSW_HYBRID,"[0.00,0.05)",9.481959,1.0,3
491,IVFFLAT_HYBRID,"[0.00,0.05)",9.049583,1.0,3
491,SQL_FIRST,"[0.00,0.05)",9.472042,1.0,4
491,VECTOR_FIRST_HNSW,"[0.00,0.05)",22.911083,0.7,4
491,HNSW_HYBRID,"[0.00,0.05)",9.747834,1.0,4
491,IVFFLAT_HYBRID,"[0.00,0.05)",9.150709,1.0,4
492,SQL_FIRST,"[0.00,0.05)",8.2415,1.0,0
492,VECTOR_FIRST_HNSW,"[0.00,0.05)",22.842084,0.3,0
492,HNSW_HYBRID,"[0.00,0.05)",8.838291,1.0,0
492,IVFFLAT_HYBRID,"[0.00,0.05)",8.180083,1.0,0
492,SQL_FIRST,"[0.00,0.05)",7.995542,1.0,1
492,VECTOR_FIRST_HNSW,"[0.00,0.05)",23.032791,0.3,1
492,HNSW_HYBRID,"[0.00,0.05)",8.765042,1.0,1
492,IVFFLAT_HYBRID,"[0.00,0.05)",8.393792,1.0,1
492,SQL_FIRST,"[0.00,0.05)",8.418708,1.0,2
492,VECTOR_FIRST_HNSW,"[0.00,0.05)",22.941875,0.3,2
492,HNSW_HYBRID,"[0.00,0.05)",8.740791,1.0,2
492,IVFFLAT_HYBRID,"[0.00,0.05)",8.066417,1.0,2
492,SQL_FIRST,"[0.00,0.05)",8.050166,1.0,3
492,VECTOR_FIRST_HNSW,"[0.00,0.05)",22.981416,0.3,3
492,HNSW_HYBRID,"[0.00,0.05)",8.666208,1.0,3
492,IVFFLAT_HYBRID,"[0.00,0.05)",8.889291,1.0,3
492,SQL_FIRST,"[0.00,0.05)",8.386334,1.0,4
492,VECTOR_FIRST_HNSW,"[0.00,0.05)",23.146958,0.3,4
492,HNSW_HYBRID,"[0.00,0.05)",8.67625,1.0,4
492,IVFFLAT_HYBRID,"[0.00,0.05)",8.152709,1.0,4
493,SQL_FIRST,"[0.00,0.05)",7.608875,1.0,0
493,VECTOR_FIRST_HNSW,"[0.00,0.05)",22.98,0.2,0
493,HNSW_HYBRID,"[0.00,0.05)",7.982,1.0,0
493,IVFFLAT_HYBRID,"[0.00,0.05)",7.074542,1.0,0
493,SQL_FIRST,"[0.00,0.05)",7.079084,1.0,1
493,VECTOR_FIRST_HNSW,"[0.00,0.05)",23.103875,0.2,1
493,HNSW_HYBRID,"[0.00,0.05)",7.814917,1.0,1
493,IVFFLAT_HYBRID,"[0.00,0.05)",6.991583,1.0,1
493,SQL_FIRST,"[0.00,0.05)",7.2415,1.0,2
493,VECTOR_FIRST_HNSW,"[0.00,0.05)",22.91475,0.2,2
493,HNSW_HYBRID,"[0.00,0.05)",7.867333,1.0,2
493,IVFFLAT_HYBRID,"[0.00,0.05)",7.220292,1.0,2
493,SQL_FIRST,"[0.00,0.05)",7.006542,1.0,3
493,VECTOR_FIRST_HNSW,"[0.00,0.05)",22.992458,0.2,3
493,HNSW_HYBRID,"[0.00,0.05)",7.680583,1.0,3
493,IVFFLAT_HYBRID,"[0.00,0.05)",7.08325,1.0,3
493,SQL_FIRST,"[0.00,0.05)",6.905833,1.0,4
493,VECTOR_FIRST_HNSW,"[0.00,0.05)",22.963667,0.2,4
493,HNSW_HYBRID,"[0.00,0.05)",7.810084,1.0,4
493,IVFFLAT_HYBRID,"[0.00,0.05)",7.836667,1.0,4
495,SQL_FIRST,"[0.00,0.05)",11.035875,1.0,0
495,VECTOR_FIRST_HNSW,"[0.00,0.05)",22.853,0.3,0
495,HNSW_HYBRID,"[0.00,0.05)",11.503041,1.0,0
495,IVFFLAT_HYBRID,"[0.00,0.05)",11.145625,1.0,0
495,SQL_FIRST,"[0.00,0.05)",10.722417,1.0,1
495,VECTOR_FIRST_HNSW,"[0.00,0.05)",22.994709,0.3,1
495,HNSW_HYBRID,"[0.00,0.05)",11.137666,1.0,1
495,IVFFLAT_HYBRID,"[0.00,0.05)",10.916208,1.0,1
495,SQL_FIRST,"[0.00,0.05)",10.698,1.0,2
495,VECTOR_FIRST_HNSW,"[0.00,0.05)",23.151333,0.3,2
495,HNSW_HYBRID,"[0.00,0.05)",11.477,1.0,2
495,IVFFLAT_HYBRID,"[0.00,0.05)",11.090125,1.0,2
495,SQL_FIRST,"[0.00,0.05)",10.699042,1.0,3
495,VECTOR_FIRST_HNSW,"[0.00,0.05)",23.09725,0.3,3
495,HNSW_HYBRID,"[0.00,0.05)",11.208084,1.0,3
495,IVFFLAT_HYBRID,"[0.00,0.05)",10.968459,1.0,3
495,SQL_FIRST,"[0.00,0.05)",11.131375,1.0,4
495,VECTOR_FIRST_HNSW,"[0.00,0.05)",23.392333,0.3,4
495,HNSW_HYBRID,"[0.00,0.05)",11.225292,1.0,4
495,IVFFLAT_HYBRID,"[0.00,0.05)",10.770458,1.0,4
496,SQL_FIRST,"[0.00,0.05)",8.227292,1.0,0
496,VECTOR_FIRST_HNSW,"[0.00,0.05)",22.94575,0.2,0
496,HNSW_HYBRID,"[0.00,0.05)",8.850334,1.0,0
496,IVFFLAT_HYBRID,"[0.00,0.05)",8.204542,1.0,0
496,SQL_FIRST,"[0.00,0.05)",8.175375,1.0,1
496,VECTOR_FIRST_HNSW,"[0.00,0.05)",22.94025,0.2,1
496,HNSW_HYBRID,"[0.00,0.05)",8.818084,1.0,1
496,IVFFLAT_HYBRID,"[0.00,0.05)",8.466791,1.0,1
496,SQL_FIRST,"[0.00,0.05)",8.187333,1.0,2
496,VECTOR_FIRST_HNSW,"[0.00,0.05)",22.94175,0.2,2
496,HNSW_HYBRID,"[0.00,0.05)",8.875333,1.0,2
496,IVFFLAT_HYBRID,"[0.00,0.05)",8.304167,1.0,2
496,SQL_FIRST,"[0.00,0.05)",8.089792,1.0,3
496,VECTOR_FIRST_HNSW,"[0.00,0.05)",22.915125,0.2,3
496,HNSW_HYBRID,"[0.00,0.05)",8.801792,1.0,3
496,IVFFLAT_HYBRID,"[0.00,0.05)",8.518209,1.0,3
496,SQL_FIRST,"[0.00,0.05)",8.308,1.0,4
496,VECTOR_FIRST_HNSW,"[0.00,0.05)",23.488541,0.2,4
496,HNSW_HYBRID,"[0.00,0.05)",8.8465,1.0,4
496,IVFFLAT_HYBRID,"[0.00,0.05)",8.190542,1.0,4
497,SQL_FIRST,"[0.00,0.05)",9.356917,1.0,0
497,VECTOR_FIRST_HNSW,"[0.00,0.05)",23.017375,0.2,0
497,HNSW_HYBRID,"[0.00,0.05)",10.292042,1.0,0
497,IVFFLAT_HYBRID,"[0.00,0.05)",9.707875,1.0,0
497,SQL_FIRST,"[0.00,0.05)",9.807916,1.0,1
497,VECTOR_FIRST_HNSW,"[0.00,0.05)",23.059583,0.2,1
497,HNSW_HYBRID,"[0.00,0.05)",9.985,1.0,1
497,IVFFLAT_HYBRID,"[0.00,0.05)",9.607166,1.0,1
497,SQL_FIRST,"[0.00,0.05)",9.314375,1.0,2
497,VECTOR_FIRST_HNSW,"[0.00,0.05)",22.954541,0.2,2
497,HNSW_HYBRID,"[0.00,0.05)",9.992959,1.0,2
497,IVFFLAT_HYBRID,"[0.00,0.05)",9.976833,1.0,2
497,SQL_FIRST,"[0.00,0.05)",9.318958,1.0,3
497,VECTOR_FIRST_HNSW,"[0.00,0.05)",23.141041,0.2,3
497,HNSW_HYBRID,"[0.00,0.05)",9.737167,1.0,3
497,IVFFLAT_HYBRID,"[0.00,0.05)",9.2905,1.0,3
497,SQL_FIRST,"[0.00,0.05)",9.390583,1.0,4
497,VECTOR_FIRST_HNSW,"[0.00,0.05)",22.986833,0.2,4
497,HNSW_HYBRID,"[0.00,0.05)",9.849583,1.0,4
497,IVFFLAT_HYBRID,"[0.00,0.05)",9.342041,1.0,4
498,SQL_FIRST,"[0.00,0.05)",8.71575,1.0,0
498,VECTOR_FIRST_HNSW,"[0.00,0.05)",23.694459,0.2,0
498,HNSW_HYBRID,"[0.00,0.05)",9.272458,1.0,0
498,IVFFLAT_HYBRID,"[0.00,0.05)",8.647292,1.0,0
498,SQL_FIRST,"[0.00,0.05)",8.546542,1.0,1
498,VECTOR_FIRST_HNSW,"[0.00,0.05)",23.040084,0.2,1
498,HNSW_HYBRID,"[0.00,0.05)",9.09975,1.0,1
498,IVFFLAT_HYBRID,"[0.00,0.05)",8.664542,1.0,1
498,SQL_FIRST,"[0.00,0.05)",8.683708,1.0,2
498,VECTOR_FIRST_HNSW,"[0.00,0.05)",22.9805,0.2,2
498,HNSW_HYBRID,"[0.00,0.05)",9.377791,1.0,2
498,IVFFLAT_HYBRID,"[0.00,0.05)",8.678959,1.0,2
498,SQL_FIRST,"[0.00,0.05)",8.574875,1.0,3
498,VECTOR_FIRST_HNSW,"[0.00,0.05)",23.0405,0.2,3
498,HNSW_HYBRID,"[0.00,0.05)",9.13425,1.0,3
498,IVFFLAT_HYBRID,"[0.00,0.05)",8.834291,1.0,3
498,SQL_FIRST,"[0.00,0.05)",8.500291,1.0,4
498,VECTOR_FIRST_HNSW,"[0.00,0.05)",22.952166,0.2,4
498,HNSW_HYBRID,"[0.00,0.05)",9.501084,1.0,4
498,IVFFLAT_HYBRID,"[0.00,0.05)",9.202875,1.0,4
499,SQL_FIRST,"[0.00,0.05)",10.624334,1.0,0
499,VECTOR_FIRST_HNSW,"[0.00,0.05)",22.970959,0.3,0
499,HNSW_HYBRID,"[0.00,0.05)",11.384542,1.0,0
499,IVFFLAT_HYBRID,"[0.00,0.05)",11.195958,1.0,0
499,SQL_FIRST,"[0.00,0.05)",10.592709,1.0,1
499,VECTOR_FIRST_HNSW,"[0.00,0.05)",22.985083,0.3,1
499,HNSW_HYBRID,"[0.00,0.05)",10.951,1.0,1
499,IVFFLAT_HYBRID,"[0.00,0.05)",10.568417,1.0,1
499,SQL_FIRST,"[0.00,0.05)",10.833125,1.0,2
499,VECTOR_FIRST_HNSW,"[0.00,0.05)",22.919333,0.3,2
499,HNSW_HYBRID,"[0.00,0.05)",10.989125,1.0,2
499,IVFFLAT_HYBRID,"[0.00,0.05)",10.615667,1.0,2
499,SQL_FIRST,"[0.00,0.05)",10.525625,1.0,3
499,VECTOR_FIRST_HNSW,"[0.00,0.05)",22.848833,0.3,3
499,HNSW_HYBRID,"[0.00,0.05)",10.9625,1.0,3
499,IVFFLAT_HYBRID,"[0.00,0.05)",10.788916,1.0,3
499,SQL_FIRST,"[0.00,0.05)",10.629666,1.0,4
499,VECTOR_FIRST_HNSW,"[0.00,0.05)",22.971292,0.3,4
499,HNSW_HYBRID,"[0.00,0.05)",11.104292,1.0,4
499,IVFFLAT_HYBRID,"[0.00,0.05)",10.784667,1.0,4
