ts_utc,phase,repetition,query_id,strategy,target_selectivity,estimated_selectivity,bucket,latency_ms,recall_at_10,result_ids,reference_source,adaptive_selected_strategy,is_adaptive_selection,plan_index_names,plan_verified,access_path
2026-08-26T06:51:59.644+00:00,calibration,0,2,SQL_FIRST,0.2691330539785046,0.902857,"[0.50,1.00)",1855.479166,1.0,"[114193, 623252, 113646, 133699, 102066, 114762, 39732, 39663, 891748, 638579]",,,False,[],,
2026-08-26T06:51:59.645+00:00,calibration,0,2,VECTOR_FIRST_HNSW,0.2691330539785046,0.902857,"[0.50,1.00)",906.504375,1.0,"[114193, 623252, 113646, 133699, 102066, 114762, 39732, 39663, 891748, 638579]",sql_first_rep0,,False,[],,
2026-08-26T06:51:59.645+00:00,calibration,0,2,HNSW_HYBRID,0.2691330539785046,0.902857,"[0.50,1.00)",2.491375,1.0,"[114193, 623252, 113646, 133699, 102066, 114762, 39732, 39663, 891748, 638579]",sql_first_rep0,,False,[],,
2026-08-26T06:51:59.645+00:00,calibration,0,2,IVFFLAT_HYBRID,0.2691330539785046,0.902857,"[0.50,1.00)",103.9015,1.0,"[114193, 623252, 113646, 133699, 102066, 114762, 39732, 39663, 891748, 638579]",sql_first_rep0,,False,[],,
2026-08-26T06:52:01.019+00:00,calibration,0,4,SQL_FIRST,0.626555961094745,0.694567,"[0.50,1.00)",142.397292,1.0,"[135220, 636472, 456153, 42562, 349738, 484847, 133065, 701881, 107887, 160893]",,,False,[],,
2026-08-26T06:52:01.019+00:00,calibration,0,4,VECTOR_FIRST_HNSW,0.626555961094745,0.694567,"[0.50,1.00)",1087.998208,1.0,"[135220, 636472, 456153, 42562, 349738, 484847, 133065, 701881, 107887, 160893]",sql_first_rep0,,False,[],,
2026-08-26T06:52:01.019+00:00,calibration,0,4,HNSW_HYBRID,0.626555961094745,0.694567,"[0.50,1.00)",3.093625,1.0,"[135220, 636472, 456153, 42562, 349738, 484847, 133065, 701881, 107887, 160893]",sql_first_rep0,,False,[],,
2026-08-26T06:52:01.019+00:00,calibration,0,4,IVFFLAT_HYBRID,0.626555961094745,0.694567,"[0.50,1.00)",130.761667,0.9,"[135220, 636472, 42562, 349738, 484847, 133065, 701881, 107887, 160893, 254026]",sql_first_rep0,,False,[],,
2026-08-26T06:52:01.881+00:00,calibration,0,5,SQL_FIRST,0.43547193585989846,0.904615,"[0.50,1.00)",224.688542,1.0,"[938858, 859241, 139248, 878766, 120104, 970406, 608018, 600202, 851160, 675634]",,,False,[],,
2026-08-26T06:52:01.882+00:00,calibration,0,5,VECTOR_FIRST_HNSW,0.43547193585989846,0.904615,"[0.50,1.00)",495.700542,1.0,"[938858, 859241, 139248, 878766, 120104, 970406, 608018, 600202, 851160, 675634]",sql_first_rep0,,False,[],,
2026-08-26T06:52:01.882+00:00,calibration,0,5,HNSW_HYBRID,0.43547193585989846,0.904615,"[0.50,1.00)",2.269459,1.0,"[938858, 859241, 139248, 878766, 120104, 970406, 608018, 600202, 851160, 675634]",sql_first_rep0,,False,[],,
2026-08-26T06:52:01.882+00:00,calibration,0,5,IVFFLAT_HYBRID,0.43547193585989846,0.904615,"[0.50,1.00)",132.721583,1.0,"[938858, 859241, 139248, 878766, 120104, 970406, 608018, 600202, 851160, 675634]",sql_first_rep0,,False,[],,
2026-08-26T06:52:02.959+00:00,calibration,0,11,SQL_FIRST,0.8591681985626065,0.884301,"[0.50,1.00)",182.308583,1.0,"[260065, 260857, 363529, 363639, 954928, 112521, 294296, 280616, 208982, 171610]",,,False,[],,
2026-08-26T06:52:02.960+00:00,calibration,0,11,VECTOR_FIRST_HNSW,0.8591681985626065,0.884301,"[0.50,1.00)",731.186125,1.0,"[260065, 260857, 363529, 363639, 954928, 112521, 294296, 280616, 208982, 171610]",sql_first_rep0,,False,[],,
2026-08-26T06:52:02.960+00:00,calibration,0,11,HNSW_HYBRID,0.8591681985626065,0.884301,"[0.50,1.00)",4.68175,1.0,"[260065, 260857, 363529, 363639, 954928, 112521, 294296, 280616, 208982, 171610]",sql_first_rep0,,False,[],,
2026-08-26T06:52:02.960+00:00,calibration,0,11,IVFFLAT_HYBRID,0.8591681985626065,0.884301,"[0.50,1.00)",150.538333,1.0,"[260065, 260857, 363529, 363639, 954928, 112521, 294296, 280616, 208982, 171610]",sql_first_rep0,,False,[],,
2026-08-26T06:52:03.995+00:00,calibration,0,14,SQL_FIRST,0.5211951731716808,0.905369,"[0.50,1.00)",185.571958,1.0,"[346698, 348508, 194130, 272946, 554781, 44370, 480764, 681949, 574607, 481017]",,,False,[],,
2026-08-26T06:52:03.995+00:00,calibration,0,14,VECTOR_FIRST_HNSW,0.5211951731716808,0.905369,"[0.50,1.00)",626.295,1.0,"[346698, 348508, 194130, 272946, 554781, 44370, 480764, 681949, 574607, 481017]",sql_first_rep0,,False,[],,
2026-08-26T06:52:03.996+00:00,calibration,0,14,HNSW_HYBRID,0.5211951731716808,0.905369,"[0.50,1.00)",2.853083,1.0,"[346698, 348508, 272946, 194130, 554781, 44370, 480764, 681949, 574607, 481017]",sql_first_rep0,,False,[],,
2026-08-26T06:52:03.996+00:00,calibration,0,14,IVFFLAT_HYBRID,0.5211951731716808,0.905369,"[0.50,1.00)",213.014541,0.8,"[346698, 348508, 272946, 194130, 554781, 44370, 480764, 481017, 664178, 681911]",sql_first_rep0,,False,[],,
2026-08-26T06:52:04.961+00:00,calibration,0,15,SQL_FIRST,0.8446331880907398,0.985902,"[0.50,1.00)",193.684417,1.0,"[137249, 139330, 137706, 138224, 706715, 671307, 776740, 805891, 727291, 520572]",,,False,[],,
2026-08-26T06:52:04.961+00:00,calibration,0,15,VECTOR_FIRST_HNSW,0.8446331880907398,0.985902,"[0.50,1.00)",608.47125,0.9,"[137249, 139330, 137706, 138224, 706715, 671307, 776740, 727291, 520572, 234533]",sql_first_rep0,,False,[],,
2026-08-26T06:52:04.961+00:00,calibration,0,15,HNSW_HYBRID,0.8446331880907398,0.985902,"[0.50,1.00)",6.37425,0.9,"[137249, 139330, 137706, 138224, 706715, 671307, 776740, 727291, 520572, 234533]",sql_first_rep0,,False,[],,
2026-08-26T06:52:04.961+00:00,calibration,0,15,IVFFLAT_HYBRID,0.8446331880907398,0.985902,"[0.50,1.00)",147.053084,0.8,"[137249, 139330, 137706, 138224, 706715, 776740, 805891, 520572, 234533, 119656]",sql_first_rep0,,False,[],,
2026-08-26T06:52:05.891+00:00,calibration,0,17,SQL_FIRST,0.6041308791577817,0.67787,"[0.50,1.00)",190.877167,1.0,"[844163, 870302, 929254, 862371, 200268, 753844, 843153, 885798, 749062, 830908]",,,False,[],,
2026-08-26T06:52:05.891+00:00,calibration,0,17,VECTOR_FIRST_HNSW,0.6041308791577817,0.67787,"[0.50,1.00)",542.961416,1.0,"[844163, 870302, 929254, 862371, 200268, 753844, 843153, 885798, 749062, 830908]",sql_first_rep0,,False,[],,
2026-08-26T06:52:05.891+00:00,calibration,0,17,HNSW_HYBRID,0.6041308791577817,0.67787,"[0.50,1.00)",29.416667,1.0,"[844163, 870302, 929254, 862371, 200268, 753844, 843153, 885798, 749062, 830908]",sql_first_rep0,,False,[],,
2026-08-26T06:52:05.891+00:00,calibration,0,17,IVFFLAT_HYBRID,0.6041308791577817,0.67787,"[0.50,1.00)",143.706833,0.8,"[844163, 870302, 929254, 862371, 200268, 753844, 885798, 830908, 862088, 882932]",sql_first_rep0,,False,[],,
2026-08-26T06:52:06.526+00:00,calibration,0,19,SQL_FIRST,0.540583425472501,0.905746,"[0.50,1.00)",311.587958,1.0,"[531970, 533967, 857816, 72696, 81765, 978058, 790440, 362263, 330571, 973342]",,,False,[],,
2026-08-26T06:52:06.526+00:00,calibration,0,19,VECTOR_FIRST_HNSW,0.540583425472501,0.905746,"[0.50,1.00)",273.862375,1.0,"[531970, 533967, 857816, 72696, 81765, 978058, 790440, 362263, 330571, 973342]",sql_first_rep0,,False,[],,
2026-08-26T06:52:06.526+00:00,calibration,0,19,HNSW_HYBRID,0.540583425472501,0.905746,"[0.50,1.00)",1.665583,1.0,"[531970, 533967, 857816, 72696, 81765, 978058, 790440, 362263, 330571, 973342]",sql_first_rep0,,False,[],,
2026-08-26T06:52:06.526+00:00,calibration,0,19,IVFFLAT_HYBRID,0.540583425472501,0.905746,"[0.50,1.00)",37.094917,0.8,"[531970, 533967, 857816, 72696, 81765, 978058, 790440, 330571, 23415, 974215]",sql_first_rep0,,False,[],,
2026-08-26T06:52:06.904+00:00,calibration,0,22,SQL_FIRST,0.6617639635758185,0.969472,"[0.50,1.00)",104.47,1.0,"[457554, 457013, 621027, 346290, 335622, 639071, 336246, 330632, 865583, 119672]",,,False,[],,
2026-08-26T06:52:06.905+00:00,calibration,0,22,VECTOR_FIRST_HNSW,0.6617639635758185,0.969472,"[0.50,1.00)",182.2715,1.0,"[457554, 457013, 621027, 346290, 335622, 639071, 336246, 330632, 865583, 119672]",sql_first_rep0,,False,[],,
2026-08-26T06:52:06.905+00:00,calibration,0,22,HNSW_HYBRID,0.6617639635758185,0.969472,"[0.50,1.00)",2.169,1.0,"[457554, 457013, 621027, 346290, 335622, 639071, 336246, 330632, 865583, 119672]",sql_first_rep0,,False,[],,
2026-08-26T06:52:06.905+00:00,calibration,0,22,IVFFLAT_HYBRID,0.6617639635758185,0.969472,"[0.50,1.00)",82.85,0.9,"[457554, 457013, 621027, 346290, 335622, 639071, 330632, 865583, 119672, 336282]",sql_first_rep0,,False,[],,
2026-08-26T06:52:07.158+00:00,calibration,0,23,SQL_FIRST,0.02563201491833404,0.000247,"[0.00,0.05)",65.9785,1.0,"[286384, 702318, 203093, 432372, 569922, 855144, 415594, 601370, 445606, 366493]",,,False,[],,
2026-08-26T06:52:07.159+00:00,calibration,0,23,VECTOR_FIRST_HNSW,0.02563201491833404,0.000247,"[0.00,0.05)",145.330625,0.0,[],sql_first_rep0,,False,[],,
2026-08-26T06:52:07.159+00:00,calibration,0,23,HNSW_HYBRID,0.02563201491833404,0.000247,"[0.00,0.05)",16.659791,1.0,"[286384, 702318, 203093, 432372, 569922, 855144, 415594, 601370, 445606, 366493]",sql_first_rep0,,False,[],,
2026-08-26T06:52:07.159+00:00,calibration,0,23,IVFFLAT_HYBRID,0.02563201491833404,0.000247,"[0.00,0.05)",15.991625,1.0,"[286384, 702318, 203093, 432372, 569922, 855144, 415594, 601370, 445606, 366493]",sql_first_rep0,,False,[],,
2026-08-26T06:52:08.056+00:00,calibration,0,25,SQL_FIRST,0.26823264768065236,0.123448,"[0.10,0.25)",264.330916,1.0,"[232038, 185316, 116504, 534159, 20068, 308362, 400614, 430094, 738786, 953662]",,,False,[],,
2026-08-26T06:52:08.056+00:00,calibration,0,25,VECTOR_FIRST_HNSW,0.26823264768065236,0.123448,"[0.10,0.25)",416.625959,0.7,"[232038, 185316, 116504, 20068, 308362, 400614, 953662, 516555, 822377]",sql_first_rep0,,False,[],,
2026-08-26T06:52:08.056+00:00,calibration,0,25,HNSW_HYBRID,0.26823264768065236,0.123448,"[0.10,0.25)",3.17625,0.7,"[232038, 185316, 116504, 20068, 308362, 400614, 953662, 516555, 822377]",sql_first_rep0,,False,[],,
2026-08-26T06:52:08.056+00:00,calibration,0,25,IVFFLAT_HYBRID,0.26823264768065236,0.123448,"[0.10,0.25)",202.602458,0.4,"[185316, 116504, 308362, 430094, 822377, 630658, 180206, 364613, 258296, 19704]",sql_first_rep0,,False,[],,
2026-08-26T06:52:08.675+00:00,calibration,0,26,SQL_FIRST,0.9439479954731419,0.953787,"[0.50,1.00)",390.335792,1.0,"[131134, 131076, 644273, 131189, 160127, 540417, 952280, 606688, 832135, 361934]",,,False,[],,
2026-08-26T06:52:08.676+00:00,calibration,0,26,VECTOR_FIRST_HNSW,0.9439479954731419,0.953787,"[0.50,1.00)",115.877333,1.0,"[131134, 131076, 644273, 131189, 160127, 540417, 952280, 606688, 832135, 361934]",sql_first_rep0,,False,[],,
2026-08-26T06:52:08.676+00:00,calibration,0,26,HNSW_HYBRID,0.9439479954731419,0.953787,"[0.50,1.00)",1.38675,1.0,"[131134, 131076, 644273, 131189, 160127, 540417, 952280, 606688, 832135, 361934]",sql_first_rep0,,False,[],,
2026-08-26T06:52:08.676+00:00,calibration,0,26,IVFFLAT_HYBRID,0.9439479954731419,0.953787,"[0.50,1.00)",101.956709,1.0,"[131134, 131076, 644273, 131189, 160127, 540417, 952280, 606688, 832135, 361934]",sql_first_rep0,,False,[],,
2026-08-26T06:52:09.073+00:00,calibration,0,27,SQL_FIRST,0.27302829101786347,0.902937,"[0.50,1.00)",99.626375,1.0,"[182562, 181871, 22461, 719908, 731935, 122915, 749645, 180925, 499319, 249088]",,,False,[],,
2026-08-26T06:52:09.074+00:00,calibration,0,27,VECTOR_FIRST_HNSW,0.27302829101786347,0.902937,"[0.50,1.00)",220.869083,1.0,"[182562, 181871, 22461, 719908, 731935, 122915, 749645, 180925, 499319, 249088]",sql_first_rep0,,False,[],,
2026-08-26T06:52:09.074+00:00,calibration,0,27,HNSW_HYBRID,0.27302829101786347,0.902937,"[0.50,1.00)",3.0545,1.0,"[182562, 181871, 22461, 719908, 731935, 122915, 749645, 180925, 499319, 249088]",sql_first_rep0,,False,[],,
2026-08-26T06:52:09.074+00:00,calibration,0,27,IVFFLAT_HYBRID,0.27302829101786347,0.902937,"[0.50,1.00)",67.489333,0.7,"[182562, 22461, 719908, 731935, 122915, 180925, 249088, 683386, 23007, 95088]",sql_first_rep0,,False,[],,
2026-08-26T06:52:09.333+00:00,calibration,0,28,SQL_FIRST,0.6282168261632219,0.696948,"[0.50,1.00)",82.75775,1.0,"[857634, 353366, 102761, 116603, 869028, 175217, 168549, 119113, 377375, 945033]",,,False,[],,
2026-08-26T06:52:09.333+00:00,calibration,0,28,VECTOR_FIRST_HNSW,0.6282168261632219,0.696948,"[0.50,1.00)",120.495375,0.9,"[857634, 353366, 102761, 116603, 869028, 168549, 119113, 377375, 945033, 233588]",sql_first_rep0,,False,[],,
2026-08-26T06:52:09.333+00:00,calibration,0,28,HNSW_HYBRID,0.6282168261632219,0.696948,"[0.50,1.00)",2.256292,0.9,"[857634, 353366, 102761, 116603, 869028, 168549, 119113, 377375, 945033, 233588]",sql_first_rep0,,False,[],,
2026-08-26T06:52:09.333+00:00,calibration,0,28,IVFFLAT_HYBRID,0.6282168261632219,0.696948,"[0.50,1.00)",44.7795,1.0,"[857634, 353366, 102761, 116603, 869028, 175217, 168549, 119113, 377375, 945033]",sql_first_rep0,,False,[],,
2026-08-26T06:52:09.544+00:00,calibration,0,30,SQL_FIRST,0.7312140412076704,0.782487,"[0.50,1.00)",86.771917,1.0,"[912180, 906619, 223645, 94468, 14899, 679984, 913347, 239331, 949344, 907806]",,,False,[],,
2026-08-26T06:52:09.544+00:00,calibration,0,30,VECTOR_FIRST_HNSW,0.7312140412076704,0.782487,"[0.50,1.00)",73.739708,0.9,"[912180, 906619, 94468, 14899, 679984, 913347, 239331, 949344, 907806, 679105]",sql_first_rep0,,False,[],,
2026-08-26T06:52:09.544+00:00,calibration,0,30,HNSW_HYBRID,0.7312140412076704,0.782487,"[0.50,1.00)",1.966667,0.9,"[912180, 906619, 94468, 14899, 679984, 913347, 239331, 949344, 907806, 679105]",sql_first_rep0,,False,[],,
2026-08-26T06:52:09.544+00:00,calibration,0,30,IVFFLAT_HYBRID,0.7312140412076704,0.782487,"[0.50,1.00)",42.525416,0.9,"[912180, 906619, 223645, 94468, 679984, 913347, 239331, 949344, 907806, 679105]",sql_first_rep0,,False,[],,
2026-08-26T06:52:09.825+00:00,calibration,0,31,SQL_FIRST,0.9987170811606707,0.999883,"[0.50,1.00)",114.462958,1.0,"[697070, 697067, 987873, 800502, 923242, 869588, 765811, 473262, 861722, 869452]",,,False,[],,
2026-08-26T06:52:09.825+00:00,calibration,0,31,VECTOR_FIRST_HNSW,0.9987170811606707,0.999883,"[0.50,1.00)",87.880667,1.0,"[697070, 697067, 987873, 800502, 923242, 869588, 765811, 473262, 861722, 869452]",sql_first_rep0,,False,[],,
2026-08-26T06:52:09.825+00:00,calibration,0,31,HNSW_HYBRID,0.9987170811606707,0.999883,"[0.50,1.00)",2.340833,1.0,"[697070, 697067, 987873, 800502, 923242, 869588, 765811, 473262, 861722, 869452]",sql_first_rep0,,False,[],,
2026-08-26T06:52:09.825+00:00,calibration,0,31,IVFFLAT_HYBRID,0.9987170811606707,0.999883,"[0.50,1.00)",61.426042,0.8,"[697070, 697067, 987873, 800502, 923242, 869588, 861722, 869452, 965011, 844403]",sql_first_rep0,,False,[],,
2026-08-26T06:52:10.213+00:00,calibration,0,33,SQL_FIRST,0.2166118716600065,0.002186,"[0.00,0.05)",182.942958,1.0,"[820939, 218411, 449196, 955428, 700485, 926494, 176555, 904104, 501725, 188297]",,,False,[],,
2026-08-26T06:52:10.213+00:00,calibration,0,33,VECTOR_FIRST_HNSW,0.2166118716600065,0.002186,"[0.00,0.05)",77.478292,0.1,[820939],sql_first_rep0,,False,[],,
2026-08-26T06:52:10.213+00:00,calibration,0,33,HNSW_HYBRID,0.2166118716600065,0.002186,"[0.00,0.05)",2.0515,0.1,[820939],sql_first_rep0,,False,[],,
2026-08-26T06:52:10.213+00:00,calibration,0,33,IVFFLAT_HYBRID,0.2166118716600065,0.002186,"[0.00,0.05)",119.583459,0.5,"[820939, 218411, 449196, 955428, 926494, 949964, 152966, 527731, 915267, 645150]",sql_first_rep0,,False,[],,
2026-08-26T06:52:10.763+00:00,calibration,0,34,SQL_FIRST,0.551569146281435,0.148709,"[0.10,0.25)",413.01125,1.0,"[299295, 93751, 635035, 963121, 103640, 362847, 776936, 235293, 371623, 281345]",,,False,[],,
2026-08-26T06:52:10.763+00:00,calibration,0,34,VECTOR_FIRST_HNSW,0.551569146281435,0.148709,"[0.10,0.25)",92.716,1.0,"[299295, 93751, 635035, 963121, 103640, 362847, 776936, 235293, 371623, 281345]",sql_first_rep0,,False,[],,
2026-08-26T06:52:10.763+00:00,calibration,0,34,HNSW_HYBRID,0.551569146281435,0.148709,"[0.10,0.25)",2.0205,1.0,"[299295, 93751, 635035, 963121, 103640, 362847, 776936, 235293, 371623, 281345]",sql_first_rep0,,False,[],,
2026-08-26T06:52:10.763+00:00,calibration,0,34,IVFFLAT_HYBRID,0.551569146281435,0.148709,"[0.10,0.25)",35.926333,0.8,"[299295, 93751, 635035, 963121, 103640, 776936, 371623, 281345, 462445, 666033]",sql_first_rep0,,False,[],,
2026-08-26T06:52:11.076+00:00,calibration,0,35,SQL_FIRST,0.7476012787408719,0.977386,"[0.50,1.00)",158.5485,1.0,"[528525, 323726, 364538, 86516, 658552, 67495, 156823, 297073, 84991, 292021]",,,False,[],,
2026-08-26T06:52:11.076+00:00,calibration,0,35,VECTOR_FIRST_HNSW,0.7476012787408719,0.977386,"[0.50,1.00)",75.624958,1.0,"[528525, 323726, 364538, 86516, 658552, 67495, 156823, 297073, 84991, 292021]",sql_first_rep0,,False,[],,
2026-08-26T06:52:11.076+00:00,calibration,0,35,HNSW_HYBRID,0.7476012787408719,0.977386,"[0.50,1.00)",1.754375,1.0,"[528525, 323726, 364538, 86516, 658552, 67495, 156823, 297073, 84991, 292021]",sql_first_rep0,,False,[],,
2026-08-26T06:52:11.076+00:00,calibration,0,35,IVFFLAT_HYBRID,0.7476012787408719,0.977386,"[0.50,1.00)",63.067375,1.0,"[528525, 323726, 364538, 86516, 658552, 67495, 156823, 297073, 84991, 292021]",sql_first_rep0,,False,[],,
2026-08-26T06:52:11.382+00:00,calibration,0,37,SQL_FIRST,0.3583411833573619,0.903741,"[0.50,1.00)",143.569458,1.0,"[389947, 390048, 822070, 833781, 693785, 136791, 411126, 809433, 390251, 723434]",,,False,[],,
2026-08-26T06:52:11.382+00:00,calibration,0,37,VECTOR_FIRST_HNSW,0.3583411833573619,0.903741,"[0.50,1.00)",53.721209,1.0,"[389947, 390048, 822070, 833781, 693785, 136791, 411126, 809433, 390251, 723434]",sql_first_rep0,,False,[],,
2026-08-26T06:52:11.382+00:00,calibration,0,37,HNSW_HYBRID,0.3583411833573619,0.903741,"[0.50,1.00)",1.587458,1.0,"[389947, 390048, 822070, 833781, 693785, 136791, 411126, 809433, 390251, 723434]",sql_first_rep0,,False,[],,
2026-08-26T06:52:11.382+00:00,calibration,0,37,IVFFLAT_HYBRID,0.3583411833573619,0.903741,"[0.50,1.00)",58.377875,1.0,"[389947, 390048, 822070, 833781, 693785, 136791, 411126, 809433, 390251, 723434]",sql_first_rep0,,False,[],,
2026-08-26T06:52:11.571+00:00,calibration,0,40,SQL_FIRST,0.020979971913302052,0.001802,"[0.00,0.05)",47.490458,1.0,"[880031, 601948, 644057, 373462, 874206, 83731, 232454, 529380, 447850, 788144]",,,False,[],,
2026-08-26T06:52:11.571+00:00,calibration,0,40,VECTOR_FIRST_HNSW,0.020979971913302052,0.001802,"[0.00,0.05)",35.844666,0.1,[880031],sql_first_rep0,,False,[],,
2026-08-26T06:52:11.571+00:00,calibration,0,40,HNSW_HYBRID,0.020979971913302052,0.001802,"[0.00,0.05)",1.627708,0.1,[880031],sql_first_rep0,,False,[],,
2026-08-26T06:52:11.571+00:00,calibration,0,40,IVFFLAT_HYBRID,0.020979971913302052,0.001802,"[0.00,0.05)",97.95575,0.9,"[880031, 601948, 644057, 373462, 874206, 232454, 529380, 447850, 788144, 995101]",sql_first_rep0,,False,[],,
2026-08-26T06:52:11.820+00:00,calibration,0,42,SQL_FIRST,0.6871383259484206,0.971833,"[0.50,1.00)",167.864125,1.0,"[602384, 602087, 92138, 218488, 658769, 535916, 285315, 450332, 284197, 504256]",,,False,[],,
2026-08-26T06:52:11.820+00:00,calibration,0,42,VECTOR_FIRST_HNSW,0.6871383259484206,0.971833,"[0.50,1.00)",40.0695,1.0,"[602384, 602087, 92138, 218488, 658769, 535916, 285315, 450332, 284197, 504256]",sql_first_rep0,,False,[],,
2026-08-26T06:52:11.820+00:00,calibration,0,42,HNSW_HYBRID,0.6871383259484206,0.971833,"[0.50,1.00)",1.7415,1.0,"[602384, 602087, 92138, 218488, 658769, 535916, 285315, 450332, 284197, 504256]",sql_first_rep0,,False,[],,
2026-08-26T06:52:11.820+00:00,calibration,0,42,IVFFLAT_HYBRID,0.6871383259484206,0.971833,"[0.50,1.00)",32.930666,0.8,"[602384, 602087, 92138, 535916, 285315, 450332, 284197, 504256, 43633, 89059]",sql_first_rep0,,False,[],,
2026-08-26T06:52:11.995+00:00,calibration,0,48,SQL_FIRST,0.8996228966705723,0.990804,"[0.50,1.00)",108.585625,1.0,"[44871, 83681, 45132, 85457, 479510, 659062, 160356, 881190, 504794, 306606]",,,False,[],,
2026-08-26T06:52:11.995+00:00,calibration,0,48,VECTOR_FIRST_HNSW,0.8996228966705723,0.990804,"[0.50,1.00)",41.035042,1.0,"[44871, 83681, 45132, 85457, 479510, 659062, 160356, 881190, 504794, 306606]",sql_first_rep0,,False,[],,
2026-08-26T06:52:11.995+00:00,calibration,0,48,HNSW_HYBRID,0.8996228966705723,0.990804,"[0.50,1.00)",1.592708,1.0,"[44871, 83681, 45132, 85457, 479510, 659062, 160356, 881190, 504794, 306606]",sql_first_rep0,,False,[],,
2026-08-26T06:52:11.995+00:00,calibration,0,48,IVFFLAT_HYBRID,0.8996228966705723,0.990804,"[0.50,1.00)",16.715708,0.9,"[44871, 83681, 45132, 85457, 479510, 659062, 160356, 881190, 306606, 920884]",sql_first_rep0,,False,[],,
2026-08-26T06:52:12.184+00:00,calibration,0,49,SQL_FIRST,0.633016277216443,0.966876,"[0.50,1.00)",96.794166,1.0,"[372713, 290508, 728876, 585003, 693772, 729043, 300325, 179659, 331485, 786326]",,,False,[],,
2026-08-26T06:52:12.185+00:00,calibration,0,49,VECTOR_FIRST_HNSW,0.633016277216443,0.966876,"[0.50,1.00)",54.005833,0.9,"[372713, 290508, 728876, 585003, 693772, 729043, 300325, 179659, 331485, 174496]",sql_first_rep0,,False,[],,
2026-08-26T06:52:12.185+00:00,calibration,0,49,HNSW_HYBRID,0.633016277216443,0.966876,"[0.50,1.00)",2.834209,0.9,"[372713, 290508, 728876, 585003, 693772, 729043, 300325, 179659, 331485, 174496]",sql_first_rep0,,False,[],,
2026-08-26T06:52:12.185+00:00,calibration,0,49,IVFFLAT_HYBRID,0.633016277216443,0.966876,"[0.50,1.00)",29.141459,0.7,"[372713, 728876, 693772, 729043, 300325, 331485, 786326, 352205, 728796, 888558]",sql_first_rep0,,False,[],,
2026-08-26T06:52:12.345+00:00,calibration,0,51,SQL_FIRST,0.9277500420260788,0.993356,"[0.50,1.00)",96.444167,1.0,"[581006, 885455, 557772, 557042, 655928, 892379, 471847, 892661, 617774, 885460]",,,False,[],,
2026-08-26T06:52:12.345+00:00,calibration,0,51,VECTOR_FIRST_HNSW,0.9277500420260788,0.993356,"[0.50,1.00)",19.994333,1.0,"[581006, 885455, 557772, 557042, 655928, 892379, 471847, 892661, 617774, 885460]",sql_first_rep0,,False,[],,
2026-08-26T06:52:12.345+00:00,calibration,0,51,HNSW_HYBRID,0.9277500420260788,0.993356,"[0.50,1.00)",1.019959,1.0,"[581006, 885455, 557772, 557042, 655928, 892379, 471847, 892661, 617774, 885460]",sql_first_rep0,,False,[],,
2026-08-26T06:52:12.345+00:00,calibration,0,51,IVFFLAT_HYBRID,0.9277500420260788,0.993356,"[0.50,1.00)",37.487292,1.0,"[581006, 885455, 557772, 557042, 655928, 892379, 471847, 892661, 617774, 885460]",sql_first_rep0,,False,[],,
2026-08-26T06:52:12.684+00:00,calibration,0,53,SQL_FIRST,0.5134977123767984,0.146548,"[0.10,0.25)",165.903875,1.0,"[155993, 783572, 959420, 246183, 277068, 278485, 516424, 376393, 406693, 59193]",,,False,[],,
2026-08-26T06:52:12.684+00:00,calibration,0,53,VECTOR_FIRST_HNSW,0.5134977123767984,0.146548,"[0.10,0.25)",40.954541,1.0,"[155993, 783572, 959420, 246183, 277068, 278485, 516424, 376393, 406693, 59193]",sql_first_rep0,,False,[],,
2026-08-26T06:52:12.684+00:00,calibration,0,53,HNSW_HYBRID,0.5134977123767984,0.146548,"[0.10,0.25)",38.489334,1.0,"[155993, 783572, 959420, 246183, 277068, 278485, 516424, 376393, 406693, 59193]",sql_first_rep0,,False,[],,
2026-08-26T06:52:12.684+00:00,calibration,0,53,IVFFLAT_HYBRID,0.5134977123767984,0.146548,"[0.10,0.25)",77.327792,0.8,"[155993, 783572, 959420, 277068, 278485, 376393, 406693, 59193, 919181, 225702]",sql_first_rep0,,False,[],,
2026-08-26T06:52:12.919+00:00,calibration,0,54,SQL_FIRST,0.044526226199045005,0.003924,"[0.00,0.05)",49.52775,1.0,"[746591, 134776, 758138, 196473, 46949, 706101, 402394, 586093, 72741, 714856]",,,False,[],,
2026-08-26T06:52:12.919+00:00,calibration,0,54,VECTOR_FIRST_HNSW,0.044526226199045005,0.003924,"[0.00,0.05)",64.761708,0.1,[746591],sql_first_rep0,,False,[],,
2026-08-26T06:52:12.919+00:00,calibration,0,54,HNSW_HYBRID,0.044526226199045005,0.003924,"[0.00,0.05)",1.679125,0.1,[746591],sql_first_rep0,,False,[],,
2026-08-26T06:52:12.919+00:00,calibration,0,54,IVFFLAT_HYBRID,0.044526226199045005,0.003924,"[0.00,0.05)",105.394291,0.5,"[746591, 402394, 586093, 72741, 714856, 433321, 669884, 6187, 461217, 238929]",sql_first_rep0,,False,[],,
2026-08-26T06:52:13.197+00:00,calibration,0,57,SQL_FIRST,0.41613389334562884,0.904415,"[0.50,1.00)",160.115833,1.0,"[902503, 428013, 677108, 974614, 563296, 975285, 428047, 132245, 883587, 995400]",,,False,[],,
2026-08-26T06:52:13.197+00:00,calibration,0,57,VECTOR_FIRST_HNSW,0.41613389334562884,0.904415,"[0.50,1.00)",80.988417,0.8,"[902503, 428013, 677108, 974614, 563296, 975285, 428047, 883587, 890594, 675070]",sql_first_rep0,,False,[],,
2026-08-26T06:52:13.197+00:00,calibration,0,57,HNSW_HYBRID,0.41613389334562884,0.904415,"[0.50,1.00)",2.204375,0.8,"[902503, 428013, 677108, 974614, 563296, 975285, 428047, 883587, 890594, 675070]",sql_first_rep0,,False,[],,
2026-08-26T06:52:13.197+00:00,calibration,0,57,IVFFLAT_HYBRID,0.41613389334562884,0.904415,"[0.50,1.00)",28.502,0.5,"[902503, 428013, 563296, 428047, 995400, 890594, 177691, 229921, 241370, 681432]",sql_first_rep0,,False,[],,
2026-08-26T06:52:13.429+00:00,calibration,0,60,SQL_FIRST,0.9632997643792836,0.969183,"[0.50,1.00)",135.606375,1.0,"[372180, 136905, 213693, 621500, 785492, 82006, 153003, 977802, 371434, 223566]",,,False,[],,
2026-08-26T06:52:13.429+00:00,calibration,0,60,VECTOR_FIRST_HNSW,0.9632997643792836,0.969183,"[0.50,1.00)",64.177625,0.9,"[372180, 136905, 213693, 621500, 785492, 82006, 153003, 977802, 223566, 437805]",sql_first_rep0,,False,[],,
2026-08-26T06:52:13.429+00:00,calibration,0,60,HNSW_HYBRID,0.9632997643792836,0.969183,"[0.50,1.00)",1.522791,0.9,"[372180, 136905, 213693, 621500, 785492, 82006, 153003, 977802, 223566, 437805]",sql_first_rep0,,False,[],,
2026-08-26T06:52:13.429+00:00,calibration,0,60,IVFFLAT_HYBRID,0.9632997643792836,0.969183,"[0.50,1.00)",23.035084,0.9,"[372180, 136905, 213693, 621500, 785492, 82006, 153003, 977802, 223566, 437805]",sql_first_rep0,,False,[],,
2026-08-26T06:52:13.584+00:00,calibration,0,62,SQL_FIRST,0.10238952964077096,0.001016,"[0.00,0.05)",30.437375,1.0,"[452712, 544473, 322262, 178275, 350876, 747085, 575444, 20416, 703709, 6278]",,,False,[],,
2026-08-26T06:52:13.584+00:00,calibration,0,62,VECTOR_FIRST_HNSW,0.10238952964077096,0.001016,"[0.00,0.05)",51.103167,0.0,[],sql_first_rep0,,False,[],,
2026-08-26T06:52:13.585+00:00,calibration,0,62,HNSW_HYBRID,0.10238952964077096,0.001016,"[0.00,0.05)",1.897958,0.0,[],sql_first_rep0,,False,[],,
2026-08-26T06:52:13.585+00:00,calibration,0,62,IVFFLAT_HYBRID,0.10238952964077096,0.001016,"[0.00,0.05)",66.533375,0.4,"[452712, 178275, 20416, 703709, 815658, 988384, 116620, 720200, 506189, 765672]",sql_first_rep0,,False,[],,
2026-08-26T06:52:13.749+00:00,calibration,0,63,SQL_FIRST,0.3666196356229931,0.13212,"[0.10,0.25)",69.620208,1.0,"[260587, 463443, 303184, 721056, 41335, 624590, 327545, 630714, 394895, 746846]",,,False,[],,
2026-08-26T06:52:13.750+00:00,calibration,0,63,VECTOR_FIRST_HNSW,0.3666196356229931,0.13212,"[0.10,0.25)",48.971292,0.9,"[260587, 463443, 303184, 721056, 624590, 327545, 630714, 394895, 746846, 304394]",sql_first_rep0,,False,[],,
2026-08-26T06:52:13.750+00:00,calibration,0,63,HNSW_HYBRID,0.3666196356229931,0.13212,"[0.10,0.25)",1.846,0.9,"[260587, 463443, 303184, 721056, 624590, 327545, 630714, 394895, 746846, 304394]",sql_first_rep0,,False,[],,
2026-08-26T06:52:13.750+00:00,calibration,0,63,IVFFLAT_HYBRID,0.3666196356229931,0.13212,"[0.10,0.25)",38.71675,0.5,"[303184, 721056, 624590, 327545, 394895, 304394, 975805, 943007, 92994, 110733]",sql_first_rep0,,False,[],,
2026-08-26T06:52:13.939+00:00,calibration,0,65,SQL_FIRST,0.9429129367680004,0.953048,"[0.50,1.00)",101.441792,1.0,"[442551, 442567, 442626, 442581, 442391, 755557, 677577, 755987, 554933, 815080]",,,False,[],,
2026-08-26T06:52:13.939+00:00,calibration,0,65,VECTOR_FIRST_HNSW,0.9429129367680004,0.953048,"[0.50,1.00)",49.841583,1.0,"[442551, 442567, 442626, 442581, 442391, 755557, 677577, 755987, 554933, 815080]",sql_first_rep0,,False,[],,
2026-08-26T06:52:13.939+00:00,calibration,0,65,HNSW_HYBRID,0.9429129367680004,0.953048,"[0.50,1.00)",1.54675,1.0,"[442551, 442567, 442626, 442581, 442391, 755557, 677577, 755987, 554933, 815080]",sql_first_rep0,,False,[],,
2026-08-26T06:52:13.939+00:00,calibration,0,65,IVFFLAT_HYBRID,0.9429129367680004,0.953048,"[0.50,1.00)",31.137459,1.0,"[442551, 442567, 442626, 442581, 442391, 755557, 677577, 755987, 554933, 815080]",sql_first_rep0,,False,[],,
2026-08-26T06:52:14.237+00:00,calibration,0,66,SQL_FIRST,0.5217647782957894,0.905501,"[0.50,1.00)",179.462458,1.0,"[855872, 855632, 856003, 856414, 856815, 855432, 894500, 659322, 779061, 851431]",,,False,[],,
2026-08-26T06:52:14.237+00:00,calibration,0,66,VECTOR_FIRST_HNSW,0.5217647782957894,0.905501,"[0.50,1.00)",58.620834,1.0,"[855872, 855632, 856003, 856414, 856815, 855432, 894500, 659322, 779061, 851431]",sql_first_rep0,,False,[],,
2026-08-26T06:52:14.237+00:00,calibration,0,66,HNSW_HYBRID,0.5217647782957894,0.905501,"[0.50,1.00)",2.508458,1.0,"[855872, 855632, 856003, 856414, 856815, 855432, 894500, 659322, 779061, 851431]",sql_first_rep0,,False,[],,
2026-08-26T06:52:14.237+00:00,calibration,0,66,IVFFLAT_HYBRID,0.5217647782957894,0.905501,"[0.50,1.00)",49.438291,1.0,"[855872, 855632, 856003, 856414, 856815, 855432, 894500, 659322, 779061, 851431]",sql_first_rep0,,False,[],,
2026-08-26T06:52:14.326+00:00,calibration,0,67,SQL_FIRST,0.010278109194967001,0.000886,"[0.00,0.05)",21.996417,1.0,"[177484, 129203, 666679, 809739, 868473, 986334, 225113, 216590, 633734, 539005]",,,False,[],,
2026-08-26T06:52:14.327+00:00,calibration,0,67,VECTOR_FIRST_HNSW,0.010278109194967001,0.000886,"[0.00,0.05)",44.411084,0.0,[],sql_first_rep0,,False,[],,
2026-08-26T06:52:14.327+00:00,calibration,0,67,HNSW_HYBRID,0.010278109194967001,0.000886,"[0.00,0.05)",8.986875,1.0,"[177484, 129203, 666679, 809739, 868473, 986334, 225113, 216590, 633734, 539005]",sql_first_rep0,,False,[],,
2026-08-26T06:52:14.327+00:00,calibration,0,67,IVFFLAT_HYBRID,0.010278109194967001,0.000886,"[0.00,0.05)",8.379291,1.0,"[177484, 129203, 666679, 809739, 868473, 986334, 225113, 216590, 633734, 539005]",sql_first_rep0,,False,[],,
2026-08-26T06:52:14.740+00:00,calibration,0,69,SQL_FIRST,0.7657223876013065,0.978906,"[0.50,1.00)",289.753959,1.0,"[377858, 378257, 934569, 314696, 583900, 683263, 331855, 481993, 523065, 329878]",,,False,[],,
2026-08-26T06:52:14.740+00:00,calibration,0,69,VECTOR_FIRST_HNSW,0.7657223876013065,0.978906,"[0.50,1.00)",67.725,0.9,"[377858, 378257, 934569, 314696, 583900, 683263, 331855, 523065, 329878, 533564]",sql_first_rep0,,False,[],,
2026-08-26T06:52:14.740+00:00,calibration,0,69,HNSW_HYBRID,0.7657223876013065,0.978906,"[0.50,1.00)",2.878542,0.9,"[377858, 378257, 934569, 314696, 583900, 683263, 331855, 523065, 329878, 533564]",sql_first_rep0,,False,[],,
2026-08-26T06:52:14.740+00:00,calibration,0,69,IVFFLAT_HYBRID,0.7657223876013065,0.978906,"[0.50,1.00)",46.024875,0.9,"[377858, 378257, 934569, 314696, 583900, 683263, 331855, 481993, 523065, 533564]",sql_first_rep0,,False,[],,
2026-08-26T06:52:14.959+00:00,calibration,0,71,SQL_FIRST,0.12062559157929029,0.010431,"[0.00,0.05)",110.58575,1.0,"[508263, 110943, 109686, 272865, 514354, 859582, 237296, 83567, 303500, 397684]",,,False,[],,
2026-08-26T06:52:14.959+00:00,calibration,0,71,VECTOR_FIRST_HNSW,0.12062559157929029,0.010431,"[0.00,0.05)",46.598958,0.2,"[508263, 110943]",sql_first_rep0,,False,[],,
2026-08-26T06:52:14.959+00:00,calibration,0,71,HNSW_HYBRID,0.12062559157929029,0.010431,"[0.00,0.05)",2.145834,0.2,"[508263, 110943]",sql_first_rep0,,False,[],,
2026-08-26T06:52:14.959+00:00,calibration,0,71,IVFFLAT_HYBRID,0.12062559157929029,0.010431,"[0.00,0.05)",53.929708,0.6,"[508263, 110943, 109686, 237296, 83567, 303500, 84366, 697389, 862766, 964495]",sql_first_rep0,,False,[],,
2026-08-26T06:52:15.225+00:00,calibration,0,72,SQL_FIRST,0.40603276607027233,0.135691,"[0.10,0.25)",182.720791,1.0,"[90352, 71819, 884394, 139856, 452045, 93751, 778503, 466032, 127227, 666216]",,,False,[],,
2026-08-26T06:52:15.225+00:00,calibration,0,72,VECTOR_FIRST_HNSW,0.40603276607027233,0.135691,"[0.10,0.25)",49.314625,1.0,"[90352, 71819, 884394, 139856, 452045, 93751, 778503, 466032, 127227, 666216]",sql_first_rep0,,False,[],,
2026-08-26T06:52:15.225+00:00,calibration,0,72,HNSW_HYBRID,0.40603276607027233,0.135691,"[0.10,0.25)",1.79025,1.0,"[90352, 71819, 884394, 139856, 452045, 93751, 778503, 466032, 127227, 666216]",sql_first_rep0,,False,[],,
2026-08-26T06:52:15.225+00:00,calibration,0,72,IVFFLAT_HYBRID,0.40603276607027233,0.135691,"[0.10,0.25)",25.60425,0.4,"[71819, 452045, 93751, 666216, 262967, 736384, 47666, 367812, 358535, 185835]",sql_first_rep0,,False,[],,
2026-08-26T06:52:15.435+00:00,calibration,0,73,SQL_FIRST,0.8060385999944866,0.982561,"[0.50,1.00)",113.512667,1.0,"[364593, 364833, 519019, 964791, 370117, 846507, 964771, 964724, 518723, 661395]",,,False,[],,
2026-08-26T06:52:15.435+00:00,calibration,0,73,VECTOR_FIRST_HNSW,0.8060385999944866,0.982561,"[0.50,1.00)",38.270083,1.0,"[364593, 364833, 519019, 964791, 370117, 846507, 964771, 964724, 518723, 661395]",sql_first_rep0,,False,[],,
2026-08-26T06:52:15.435+00:00,calibration,0,73,HNSW_HYBRID,0.8060385999944866,0.982561,"[0.50,1.00)",1.599208,1.0,"[364593, 364833, 519019, 964791, 370117, 846507, 964771, 964724, 518723, 661395]",sql_first_rep0,,False,[],,
2026-08-26T06:52:15.435+00:00,calibration,0,73,IVFFLAT_HYBRID,0.8060385999944866,0.982561,"[0.50,1.00)",48.668417,1.0,"[364593, 364833, 519019, 964791, 370117, 846507, 964771, 964724, 518723, 661395]",sql_first_rep0,,False,[],,
2026-08-26T06:52:15.744+00:00,calibration,0,74,SQL_FIRST,0.2379675077181728,0.002351,"[0.00,0.05)",122.026708,1.0,"[206101, 389486, 557622, 228556, 635973, 895805, 434981, 142617, 18386, 106439]",,,False,[],,
2026-08-26T06:52:15.744+00:00,calibration,0,74,VECTOR_FIRST_HNSW,0.2379675077181728,0.002351,"[0.00,0.05)",95.977084,0.0,[],sql_first_rep0,,False,[],,
2026-08-26T06:52:15.744+00:00,calibration,0,74,HNSW_HYBRID,0.2379675077181728,0.002351,"[0.00,0.05)",5.050333,0.0,[],sql_first_rep0,,False,[],,
2026-08-26T06:52:15.744+00:00,calibration,0,74,IVFFLAT_HYBRID,0.2379675077181728,0.002351,"[0.00,0.05)",71.378792,0.5,"[206101, 389486, 228556, 635973, 434981, 396412, 867232, 684680, 586535, 864184]",sql_first_rep0,,False,[],,
2026-08-26T06:52:15.933+00:00,calibration,0,75,SQL_FIRST,0.171328220434069,0.001684,"[0.00,0.05)",46.887125,1.0,"[95138, 313805, 679756, 433428, 733102, 612503, 218875, 254145, 970233, 891488]",,,False,[],,
2026-08-26T06:52:15.933+00:00,calibration,0,75,VECTOR_FIRST_HNSW,0.171328220434069,0.001684,"[0.00,0.05)",54.640125,0.0,[],sql_first_rep0,,False,[],,
2026-08-26T06:52:15.933+00:00,calibration,0,75,HNSW_HYBRID,0.171328220434069,0.001684,"[0.00,0.05)",2.481583,0.0,[],sql_first_rep0,,False,[],,
2026-08-26T06:52:15.933+00:00,calibration,0,75,IVFFLAT_HYBRID,0.171328220434069,0.001684,"[0.00,0.05)",76.543084,0.6,"[95138, 313805, 433428, 733102, 612503, 218875, 787646, 265009, 193832, 101346]",sql_first_rep0,,False,[],,
2026-08-26T06:52:16.230+00:00,calibration,0,77,SQL_FIRST,0.6200771176888552,0.965639,"[0.50,1.00)",178.177208,1.0,"[98190, 638629, 871341, 49695, 240390, 109711, 231519, 494460, 784110, 872728]",,,False,[],,
2026-08-26T06:52:16.231+00:00,calibration,0,77,VECTOR_FIRST_HNSW,0.6200771176888552,0.965639,"[0.50,1.00)",57.677083,1.0,"[98190, 638629, 871341, 49695, 240390, 109711, 231519, 494460, 784110, 872728]",sql_first_rep0,,False,[],,
2026-08-26T06:52:16.231+00:00,calibration,0,77,HNSW_HYBRID,0.6200771176888552,0.965639,"[0.50,1.00)",1.807708,1.0,"[98190, 638629, 871341, 49695, 240390, 109711, 231519, 494460, 784110, 872728]",sql_first_rep0,,False,[],,
2026-08-26T06:52:16.231+00:00,calibration,0,77,IVFFLAT_HYBRID,0.6200771176888552,0.965639,"[0.50,1.00)",52.854208,1.0,"[98190, 638629, 871341, 49695, 240390, 109711, 231519, 494460, 784110, 872728]",sql_first_rep0,,False,[],,
2026-08-26T06:52:16.430+00:00,calibration,0,80,SQL_FIRST,0.4355367638467032,0.904515,"[0.50,1.00)",103.482917,1.0,"[231064, 230538, 231379, 240558, 330905, 929790, 638499, 3388, 823994, 824019]",,,False,[],,
2026-08-26T06:52:16.430+00:00,calibration,0,80,VECTOR_FIRST_HNSW,0.4355367638467032,0.904515,"[0.50,1.00)",38.265291,1.0,"[231064, 230538, 231379, 240558, 330905, 929790, 638499, 3388, 823994, 824019]",sql_first_rep0,,False,[],,
2026-08-26T06:52:16.430+00:00,calibration,0,80,HNSW_HYBRID,0.4355367638467032,0.904515,"[0.50,1.00)",1.693416,1.0,"[231064, 230538, 231379, 240558, 330905, 929790, 638499, 3388, 823994, 824019]",sql_first_rep0,,False,[],,
2026-08-26T06:52:16.430+00:00,calibration,0,80,IVFFLAT_HYBRID,0.4355367638467032,0.904515,"[0.50,1.00)",48.909542,1.0,"[231064, 230538, 231379, 240558, 330905, 929790, 638499, 3388, 823994, 824019]",sql_first_rep0,,False,[],,
2026-08-26T06:52:16.665+00:00,calibration,0,82,SQL_FIRST,0.20573739279254444,0.018368,"[0.00,0.05)",153.261583,1.0,"[550671, 330265, 288945, 385280, 425964, 457723, 88051, 598651, 59303, 578652]",,,False,[],,
2026-08-26T06:52:16.665+00:00,calibration,0,82,VECTOR_FIRST_HNSW,0.20573739279254444,0.018368,"[0.00,0.05)",44.494292,0.1,[550671],sql_first_rep0,,False,[],,
2026-08-26T06:52:16.665+00:00,calibration,0,82,HNSW_HYBRID,0.20573739279254444,0.018368,"[0.00,0.05)",2.790417,0.1,[550671],sql_first_rep0,,False,[],,
2026-08-26T06:52:16.665+00:00,calibration,0,82,IVFFLAT_HYBRID,0.20573739279254444,0.018368,"[0.00,0.05)",27.268834,0.5,"[330265, 288945, 457723, 88051, 598651, 637601, 385039, 183779, 395189, 13593]",sql_first_rep0,,False,[],,
2026-08-26T06:52:16.836+00:00,calibration,0,85,SQL_FIRST,0.8811449184288477,0.989051,"[0.50,1.00)",95.837792,1.0,"[195253, 274069, 195487, 274303, 991204, 890077, 350151, 992076, 601734, 947854]",,,False,[],,
2026-08-26T06:52:16.836+00:00,calibration,0,85,VECTOR_FIRST_HNSW,0.8811449184288477,0.989051,"[0.50,1.00)",41.219833,1.0,"[195253, 274069, 195487, 274303, 991204, 890077, 350151, 992076, 601734, 947854]",sql_first_rep0,,False,[],,
2026-08-26T06:52:16.836+00:00,calibration,0,85,HNSW_HYBRID,0.8811449184288477,0.989051,"[0.50,1.00)",1.814792,1.0,"[274069, 195253, 274303, 195487, 991204, 890077, 350151, 992076, 601734, 947854]",sql_first_rep0,,False,[],,
2026-08-26T06:52:16.836+00:00,calibration,0,85,IVFFLAT_HYBRID,0.8811449184288477,0.989051,"[0.50,1.00)",26.141834,1.0,"[195253, 274069, 195487, 274303, 991204, 890077, 350151, 992076, 601734, 947854]",sql_first_rep0,,False,[],,
2026-08-26T06:52:17.001+00:00,calibration,0,87,SQL_FIRST,0.5181167331127741,0.905464,"[0.50,1.00)",95.957625,1.0,"[622950, 741898, 739923, 459526, 564823, 398490, 504092, 388155, 546596, 618982]",,,False,[],,
2026-08-26T06:52:17.001+00:00,calibration,0,87,VECTOR_FIRST_HNSW,0.5181167331127741,0.905464,"[0.50,1.00)",41.147208,1.0,"[622950, 741898, 739923, 459526, 564823, 398490, 504092, 388155, 546596, 618982]",sql_first_rep0,,False,[],,
2026-08-26T06:52:17.001+00:00,calibration,0,87,HNSW_HYBRID,0.5181167331127741,0.905464,"[0.50,1.00)",1.890875,1.0,"[622950, 741898, 739923, 459526, 564823, 398490, 504092, 388155, 546596, 618982]",sql_first_rep0,,False,[],,
2026-08-26T06:52:17.001+00:00,calibration,0,87,IVFFLAT_HYBRID,0.5181167331127741,0.905464,"[0.50,1.00)",20.074083,0.9,"[622950, 741898, 739923, 459526, 564823, 398490, 504092, 546596, 618982, 102391]",sql_first_rep0,,False,[],,
2026-08-26T06:52:17.228+00:00,calibration,0,89,SQL_FIRST,0.23289623088277173,0.002351,"[0.00,0.05)",70.897166,1.0,"[807046, 727823, 93255, 843451, 598978, 519269, 868759, 471346, 982533, 610960]",,,False,[],,
2026-08-26T06:52:17.228+00:00,calibration,0,89,VECTOR_FIRST_HNSW,0.23289623088277173,0.002351,"[0.00,0.05)",54.483917,0.0,[],sql_first_rep0,,False,[],,
2026-08-26T06:52:17.228+00:00,calibration,0,89,HNSW_HYBRID,0.23289623088277173,0.002351,"[0.00,0.05)",2.014708,0.0,[],sql_first_rep0,,False,[],,
2026-08-26T06:52:17.228+00:00,calibration,0,89,IVFFLAT_HYBRID,0.23289623088277173,0.002351,"[0.00,0.05)",93.74725,0.2,"[93255, 610960, 215200, 267271, 28618, 521996, 692857, 717827, 513660, 295706]",sql_first_rep0,,False,[],,
2026-08-26T06:52:17.529+00:00,calibration,0,91,SQL_FIRST,0.6571782275833407,0.721409,"[0.50,1.00)",230.83375,1.0,"[315086, 316248, 318977, 314226, 80269, 940617, 662104, 493803, 85308, 199312]",,,False,[],,
2026-08-26T06:52:17.530+00:00,calibration,0,91,VECTOR_FIRST_HNSW,0.6571782275833407,0.721409,"[0.50,1.00)",40.238375,1.0,"[315086, 316248, 318977, 314226, 80269, 940617, 662104, 493803, 85308, 199312]",sql_first_rep0,,False,[],,
2026-08-26T06:52:17.530+00:00,calibration,0,91,HNSW_HYBRID,0.6571782275833407,0.721409,"[0.50,1.00)",1.56675,0.9,"[315086, 316248, 318977, 314226, 80269, 940617, 662104, 493803, 85308, 278128]",sql_first_rep0,,False,[],,
2026-08-26T06:52:17.530+00:00,calibration,0,91,IVFFLAT_HYBRID,0.6571782275833407,0.721409,"[0.50,1.00)",21.838875,1.0,"[315086, 316248, 318977, 314226, 80269, 940617, 662104, 493803, 85308, 199312]",sql_first_rep0,,False,[],,
2026-08-26T06:52:17.676+00:00,calibration,0,92,SQL_FIRST,0.7720762350958721,0.814961,"[0.50,1.00)",97.290291,1.0,"[608774, 608970, 609200, 830683, 915832, 567544, 545576, 545479, 915882, 757790]",,,False,[],,
2026-08-26T06:52:17.676+00:00,calibration,0,92,VECTOR_FIRST_HNSW,0.7720762350958721,0.814961,"[0.50,1.00)",17.383709,1.0,"[608774, 608970, 609200, 830683, 915832, 567544, 545576, 545479, 915882, 757790]",sql_first_rep0,,False,[],,
2026-08-26T06:52:17.676+00:00,calibration,0,92,HNSW_HYBRID,0.7720762350958721,0.814961,"[0.50,1.00)",1.653084,1.0,"[608774, 608970, 609200, 830683, 915832, 567544, 545576, 545479, 915882, 757790]",sql_first_rep0,,False,[],,
2026-08-26T06:52:17.676+00:00,calibration,0,92,IVFFLAT_HYBRID,0.7720762350958721,0.814961,"[0.50,1.00)",23.357083,1.0,"[608774, 608970, 609200, 830683, 915832, 567544, 545576, 545479, 915882, 757790]",sql_first_rep0,,False,[],,
2026-08-26T06:52:17.842+00:00,calibration,0,99,SQL_FIRST,0.3040728247156604,0.903151,"[0.50,1.00)",110.944584,1.0,"[352720, 54426, 356069, 343175, 29727, 786131, 344057, 309853, 16912, 338216]",,,False,[],,
2026-08-26T06:52:17.842+00:00,calibration,0,99,VECTOR_FIRST_HNSW,0.3040728247156604,0.903151,"[0.50,1.00)",34.362,1.0,"[352720, 54426, 356069, 343175, 29727, 786131, 344057, 309853, 16912, 338216]",sql_first_rep0,,False,[],,
2026-08-26T06:52:17.842+00:00,calibration,0,99,HNSW_HYBRID,0.3040728247156604,0.903151,"[0.50,1.00)",1.518958,1.0,"[352720, 54426, 356069, 343175, 29727, 786131, 344057, 309853, 16912, 338216]",sql_first_rep0,,False,[],,
2026-08-26T06:52:17.842+00:00,calibration,0,99,IVFFLAT_HYBRID,0.3040728247156604,0.903151,"[0.50,1.00)",12.679875,0.9,"[352720, 54426, 356069, 343175, 29727, 786131, 344057, 309853, 16912, 445070]",sql_first_rep0,,False,[],,
2026-08-26T06:52:17.986+00:00,calibration,0,102,SQL_FIRST,0.4409419462977915,0.13838,"[0.10,0.25)",70.717041,1.0,"[671579, 502269, 291751, 477645, 273826, 741615, 265606, 925196, 965998, 634377]",,,False,[],,
2026-08-26T06:52:17.986+00:00,calibration,0,102,VECTOR_FIRST_HNSW,0.4409419462977915,0.13838,"[0.10,0.25)",40.652416,1.0,"[671579, 502269, 291751, 477645, 273826, 741615, 265606, 925196, 965998, 634377]",sql_first_rep0,,False,[],,
2026-08-26T06:52:17.986+00:00,calibration,0,102,HNSW_HYBRID,0.4409419462977915,0.13838,"[0.10,0.25)",2.250708,1.0,"[671579, 502269, 291751, 477645, 273826, 741615, 265606, 925196, 965998, 634377]",sql_first_rep0,,False,[],,
2026-08-26T06:52:17.986+00:00,calibration,0,102,IVFFLAT_HYBRID,0.4409419462977915,0.13838,"[0.10,0.25)",24.58875,0.7,"[671579, 502269, 291751, 741615, 265606, 965998, 634377, 781916, 485072, 743134]",sql_first_rep0,,False,[],,
2026-08-26T06:52:18.125+00:00,calibration,0,103,SQL_FIRST,0.03868469865356502,0.000382,"[0.00,0.05)",57.812791,1.0,"[188000, 555496, 637336, 791796, 254294, 186467, 37857, 758043, 78873, 56930]",,,False,[],,
2026-08-26T06:52:18.126+00:00,calibration,0,103,VECTOR_FIRST_HNSW,0.03868469865356502,0.000382,"[0.00,0.05)",42.410375,0.0,[],sql_first_rep0,,False,[],,
2026-08-26T06:52:18.126+00:00,calibration,0,103,HNSW_HYBRID,0.03868469865356502,0.000382,"[0.00,0.05)",17.040292,1.0,"[188000, 555496, 637336, 791796, 254294, 186467, 37857, 758043, 78873, 56930]",sql_first_rep0,,False,[],,
2026-08-26T06:52:18.126+00:00,calibration,0,103,IVFFLAT_HYBRID,0.03868469865356502,0.000382,"[0.00,0.05)",16.230083,1.0,"[188000, 555496, 637336, 791796, 254294, 186467, 37857, 758043, 78873, 56930]",sql_first_rep0,,False,[],,
2026-08-26T06:52:18.511+00:00,calibration,0,104,SQL_FIRST,0.17150146059766808,0.015697,"[0.00,0.05)",242.199667,1.0,"[269252, 776068, 564889, 824238, 882785, 312694, 445628, 922257, 39141, 379145]",,,False,[],,
2026-08-26T06:52:18.511+00:00,calibration,0,104,VECTOR_FIRST_HNSW,0.17150146059766808,0.015697,"[0.00,0.05)",46.742209,0.0,[],sql_first_rep0,,False,[],,
2026-08-26T06:52:18.511+00:00,calibration,0,104,HNSW_HYBRID,0.17150146059766808,0.015697,"[0.00,0.05)",2.36625,0.0,[],sql_first_rep0,,False,[],,
2026-08-26T06:52:18.511+00:00,calibration,0,104,IVFFLAT_HYBRID,0.17150146059766808,0.015697,"[0.00,0.05)",86.109375,1.0,"[269252, 776068, 564889, 824238, 882785, 312694, 445628, 922257, 39141, 379145]",sql_first_rep0,,False,[],,
2026-08-26T06:52:18.700+00:00,calibration,0,113,SQL_FIRST,0.15817114178378622,0.001564,"[0.00,0.05)",48.346,1.0,"[522040, 16317, 487881, 726595, 625136, 424794, 267652, 511493, 171874, 60299]",,,False,[],,
2026-08-26T06:52:18.701+00:00,calibration,0,113,VECTOR_FIRST_HNSW,0.15817114178378622,0.001564,"[0.00,0.05)",71.659541,0.0,[],sql_first_rep0,,False,[],,
2026-08-26T06:52:18.701+00:00,calibration,0,113,HNSW_HYBRID,0.15817114178378622,0.001564,"[0.00,0.05)",1.707542,0.0,[],sql_first_rep0,,False,[],,
2026-08-26T06:52:18.701+00:00,calibration,0,113,IVFFLAT_HYBRID,0.15817114178378622,0.001564,"[0.00,0.05)",62.461958,0.2,"[522040, 267652, 860415, 139856, 593722, 723091, 437891, 798612, 582496, 672149]",sql_first_rep0,,False,[],,
2026-08-26T06:52:18.952+00:00,calibration,0,115,SQL_FIRST,0.7256986209860897,0.975299,"[0.50,1.00)",147.179667,1.0,"[174700, 174660, 548307, 295661, 174878, 30120, 431802, 869745, 530285, 68458]",,,False,[],,
2026-08-26T06:52:18.953+00:00,calibration,0,115,VECTOR_FIRST_HNSW,0.7256986209860897,0.975299,"[0.50,1.00)",48.161459,1.0,"[174700, 174660, 548307, 295661, 174878, 30120, 431802, 869745, 530285, 68458]",sql_first_rep0,,False,[],,
2026-08-26T06:52:18.953+00:00,calibration,0,115,HNSW_HYBRID,0.7256986209860897,0.975299,"[0.50,1.00)",2.72475,1.0,"[174700, 174660, 548307, 295661, 174878, 30120, 431802, 869745, 530285, 68458]",sql_first_rep0,,False,[],,
2026-08-26T06:52:18.953+00:00,calibration,0,115,IVFFLAT_HYBRID,0.7256986209860897,0.975299,"[0.50,1.00)",45.661291,1.0,"[174700, 174660, 548307, 295661, 174878, 30120, 431802, 869745, 530285, 68458]",sql_first_rep0,,False,[],,
2026-08-26T06:52:19.115+00:00,calibration,0,117,SQL_FIRST,0.6836612015617585,0.742463,"[0.50,1.00)",100.010167,1.0,"[311398, 325828, 220687, 515014, 311163, 218578, 979534, 525658, 220507, 547412]",,,False,[],,
2026-08-26T06:52:19.116+00:00,calibration,0,117,VECTOR_FIRST_HNSW,0.6836612015617585,0.742463,"[0.50,1.00)",39.171459,0.9,"[311398, 325828, 220687, 515014, 311163, 979534, 525658, 220507, 547412, 866711]",sql_first_rep0,,False,[],,
2026-08-26T06:52:19.116+00:00,calibration,0,117,HNSW_HYBRID,0.6836612015617585,0.742463,"[0.50,1.00)",2.076959,0.9,"[311398, 325828, 220687, 515014, 311163, 979534, 525658, 220507, 547412, 866711]",sql_first_rep0,,False,[],,
2026-08-26T06:52:19.116+00:00,calibration,0,117,IVFFLAT_HYBRID,0.6836612015617585,0.742463,"[0.50,1.00)",16.088,0.7,"[311398, 220687, 515014, 311163, 525658, 220507, 547412, 866711, 411894, 72413]",sql_first_rep0,,False,[],,
2026-08-26T06:52:19.277+00:00,calibration,0,118,SQL_FIRST,0.8208434481390944,0.854094,"[0.50,1.00)",92.22575,1.0,"[30067, 30129, 536004, 790967, 790904, 30167, 30146, 639995, 427120, 30096]",,,False,[],,
2026-08-26T06:52:19.277+00:00,calibration,0,118,VECTOR_FIRST_HNSW,0.8208434481390944,0.854094,"[0.50,1.00)",20.228416,1.0,"[30067, 30129, 536004, 790967, 790904, 30167, 30146, 639995, 427120, 30096]",sql_first_rep0,,False,[],,
2026-08-26T06:52:19.277+00:00,calibration,0,118,HNSW_HYBRID,0.8208434481390944,0.854094,"[0.50,1.00)",1.245417,1.0,"[30067, 30129, 536004, 790967, 790904, 30167, 30146, 639995, 427120, 30096]",sql_first_rep0,,False,[],,
2026-08-26T06:52:19.277+00:00,calibration,0,118,IVFFLAT_HYBRID,0.8208434481390944,0.854094,"[0.50,1.00)",41.55425,1.0,"[30067, 30129, 536004, 790967, 790904, 30167, 30146, 639995, 427120, 30096]",sql_first_rep0,,False,[],,
2026-08-26T06:52:19.451+00:00,calibration,0,120,SQL_FIRST,0.6032984519283014,0.964064,"[0.50,1.00)",113.975458,1.0,"[634259, 633496, 636541, 635900, 635565, 633349, 648782, 144770, 143778, 648110]",,,False,[],,
2026-08-26T06:52:19.451+00:00,calibration,0,120,VECTOR_FIRST_HNSW,0.6032984519283014,0.964064,"[0.50,1.00)",24.668791,1.0,"[634259, 633496, 636541, 635900, 635565, 633349, 648782, 144770, 143778, 648110]",sql_first_rep0,,False,[],,
2026-08-26T06:52:19.451+00:00,calibration,0,120,HNSW_HYBRID,0.6032984519283014,0.964064,"[0.50,1.00)",1.085209,1.0,"[634259, 633496, 636541, 635900, 635565, 633349, 648782, 144770, 143778, 648110]",sql_first_rep0,,False,[],,
2026-08-26T06:52:19.451+00:00,calibration,0,120,IVFFLAT_HYBRID,0.6032984519283014,0.964064,"[0.50,1.00)",29.193041,1.0,"[634259, 633496, 636541, 635900, 635565, 633349, 648782, 144770, 143778, 648110]",sql_first_rep0,,False,[],,
2026-08-26T06:52:19.609+00:00,calibration,0,122,SQL_FIRST,0.8413725025357977,0.870701,"[0.50,1.00)",97.89225,1.0,"[953667, 354808, 740707, 959038, 485347, 124991, 857156, 118143, 683804, 745500]",,,False,[],,
2026-08-26T06:52:19.609+00:00,calibration,0,122,VECTOR_FIRST_HNSW,0.8413725025357977,0.870701,"[0.50,1.00)",32.614583,1.0,"[953667, 354808, 740707, 959038, 485347, 124991, 857156, 118143, 683804, 745500]",sql_first_rep0,,False,[],,
2026-08-26T06:52:19.609+00:00,calibration,0,122,HNSW_HYBRID,0.8413725025357977,0.870701,"[0.50,1.00)",1.27225,1.0,"[953667, 354808, 740707, 959038, 485347, 124991, 857156, 118143, 683804, 745500]",sql_first_rep0,,False,[],,
2026-08-26T06:52:19.609+00:00,calibration,0,122,IVFFLAT_HYBRID,0.8413725025357977,0.870701,"[0.50,1.00)",20.414958,1.0,"[953667, 354808, 740707, 959038, 485347, 124991, 857156, 118143, 683804, 745500]",sql_first_rep0,,False,[],,
2026-08-26T06:52:19.778+00:00,calibration,0,123,SQL_FIRST,0.6141084990266051,0.965041,"[0.50,1.00)",105.845209,1.0,"[806003, 805666, 680095, 680116, 844942, 679399, 924306, 228283, 887545, 226363]",,,False,[],,
2026-08-26T06:52:19.779+00:00,calibration,0,123,VECTOR_FIRST_HNSW,0.6141084990266051,0.965041,"[0.50,1.00)",42.114708,1.0,"[806003, 805666, 680095, 680116, 844942, 679399, 924306, 228283, 887545, 226363]",sql_first_rep0,,False,[],,
2026-08-26T06:52:19.779+00:00,calibration,0,123,HNSW_HYBRID,0.6141084990266051,0.965041,"[0.50,1.00)",1.715041,1.0,"[806003, 805666, 680095, 680116, 844942, 679399, 924306, 228283, 887545, 226363]",sql_first_rep0,,False,[],,
2026-08-26T06:52:19.779+00:00,calibration,0,123,IVFFLAT_HYBRID,0.6141084990266051,0.965041,"[0.50,1.00)",13.626,0.7,"[806003, 805666, 680116, 844942, 924306, 228283, 226363, 693070, 663165, 844189]",sql_first_rep0,,False,[],,
2026-08-26T06:52:19.966+00:00,calibration,0,125,SQL_FIRST,0.8241838352755406,0.856705,"[0.50,1.00)",116.569334,1.0,"[303065, 286470, 303494, 291473, 289311, 303374, 345779, 359337, 304596, 716788]",,,False,[],,
2026-08-26T06:52:19.966+00:00,calibration,0,125,VECTOR_FIRST_HNSW,0.8241838352755406,0.856705,"[0.50,1.00)",39.101458,1.0,"[303065, 286470, 303494, 291473, 289311, 303374, 345779, 359337, 304596, 716788]",sql_first_rep0,,False,[],,
2026-08-26T06:52:19.967+00:00,calibration,0,125,HNSW_HYBRID,0.8241838352755406,0.856705,"[0.50,1.00)",1.643833,1.0,"[303065, 286470, 303494, 291473, 289311, 303374, 345779, 359337, 304596, 716788]",sql_first_rep0,,False,[],,
2026-08-26T06:52:19.967+00:00,calibration,0,125,IVFFLAT_HYBRID,0.8241838352755406,0.856705,"[0.50,1.00)",25.198334,1.0,"[303065, 286470, 303494, 291473, 289311, 303374, 345779, 359337, 304596, 716788]",sql_first_rep0,,False,[],,
2026-08-26T06:52:20.141+00:00,calibration,0,126,SQL_FIRST,0.646973094975505,0.96813,"[0.50,1.00)",110.499375,1.0,"[108318, 107797, 102146, 515702, 88246, 946884, 107535, 471662, 76411, 362371]",,,False,[],,
2026-08-26T06:52:20.141+00:00,calibration,0,126,VECTOR_FIRST_HNSW,0.646973094975505,0.96813,"[0.50,1.00)",33.039083,1.0,"[108318, 107797, 102146, 515702, 88246, 946884, 107535, 471662, 76411, 362371]",sql_first_rep0,,False,[],,
2026-08-26T06:52:20.141+00:00,calibration,0,126,HNSW_HYBRID,0.646973094975505,0.96813,"[0.50,1.00)",2.036042,1.0,"[108318, 107797, 102146, 515702, 88246, 946884, 107535, 471662, 76411, 362371]",sql_first_rep0,,False,[],,
2026-08-26T06:52:20.141+00:00,calibration,0,126,IVFFLAT_HYBRID,0.646973094975505,0.96813,"[0.50,1.00)",23.811042,1.0,"[108318, 107797, 102146, 515702, 88246, 946884, 107535, 471662, 76411, 362371]",sql_first_rep0,,False,[],,
2026-08-26T06:52:20.378+00:00,calibration,0,127,SQL_FIRST,0.20672949072540361,0.018421,"[0.00,0.05)",179.764125,1.0,"[540943, 472205, 267457, 867407, 562956, 438650, 859852, 268935, 848851, 524453]",,,False,[],,
2026-08-26T06:52:20.379+00:00,calibration,0,127,VECTOR_FIRST_HNSW,0.20672949072540361,0.018421,"[0.00,0.05)",33.144291,0.2,"[540943, 472205]",sql_first_rep0,,False,[],,
2026-08-26T06:52:20.379+00:00,calibration,0,127,HNSW_HYBRID,0.20672949072540361,0.018421,"[0.00,0.05)",1.664209,0.2,"[540943, 472205]",sql_first_rep0,,False,[],,
2026-08-26T06:52:20.379+00:00,calibration,0,127,IVFFLAT_HYBRID,0.20672949072540361,0.018421,"[0.00,0.05)",17.167458,0.6,"[540943, 562956, 438650, 268935, 848851, 524453, 82373, 753497, 309825, 683585]",sql_first_rep0,,False,[],,
2026-08-26T06:52:20.597+00:00,calibration,0,132,SQL_FIRST,0.7400654138606135,0.976659,"[0.50,1.00)",126.137583,1.0,"[40331, 40096, 40014, 40015, 844373, 69830, 127743, 68765, 843847, 58236]",,,False,[],,
2026-08-26T06:52:20.597+00:00,calibration,0,132,VECTOR_FIRST_HNSW,0.7400654138606135,0.976659,"[0.50,1.00)",54.974458,0.9,"[40331, 40096, 40014, 40015, 844373, 69830, 127743, 68765, 843847, 389919]",sql_first_rep0,,False,[],,
2026-08-26T06:52:20.597+00:00,calibration,0,132,HNSW_HYBRID,0.7400654138606135,0.976659,"[0.50,1.00)",3.606708,0.9,"[40331, 40096, 40014, 40015, 844373, 69830, 127743, 68765, 843847, 389919]",sql_first_rep0,,False,[],,
2026-08-26T06:52:20.597+00:00,calibration,0,132,IVFFLAT_HYBRID,0.7400654138606135,0.976659,"[0.50,1.00)",26.824,0.5,"[40331, 40096, 844373, 69830, 68765, 390033, 594084, 597399, 678235, 224829]",sql_first_rep0,,False,[],,
2026-08-26T06:52:20.781+00:00,calibration,0,135,SQL_FIRST,0.474431993417221,0.904838,"[0.50,1.00)",119.075792,1.0,"[366392, 958774, 373520, 548857, 365887, 716970, 112291, 44573, 248250, 541703]",,,False,[],,
2026-08-26T06:52:20.781+00:00,calibration,0,135,VECTOR_FIRST_HNSW,0.474431993417221,0.904838,"[0.50,1.00)",27.473458,1.0,"[366392, 958774, 373520, 548857, 365887, 716970, 112291, 44573, 248250, 541703]",sql_first_rep0,,False,[],,
2026-08-26T06:52:20.781+00:00,calibration,0,135,HNSW_HYBRID,0.474431993417221,0.904838,"[0.50,1.00)",1.619917,1.0,"[366392, 958774, 373520, 548857, 365887, 716970, 112291, 44573, 248250, 541703]",sql_first_rep0,,False,[],,
2026-08-26T06:52:20.782+00:00,calibration,0,135,IVFFLAT_HYBRID,0.474431993417221,0.904838,"[0.50,1.00)",27.54375,1.0,"[366392, 958774, 373520, 548857, 365887, 716970, 112291, 44573, 248250, 541703]",sql_first_rep0,,False,[],,
2026-08-26T06:52:20.922+00:00,calibration,0,140,SQL_FIRST,0.3398569562098397,0.903486,"[0.50,1.00)",94.923333,1.0,"[911308, 910788, 995463, 702935, 672197, 450185, 995735, 191257, 31282, 673159]",,,False,[],,
2026-08-26T06:52:20.922+00:00,calibration,0,140,VECTOR_FIRST_HNSW,0.3398569562098397,0.903486,"[0.50,1.00)",20.253583,1.0,"[911308, 910788, 995463, 702935, 672197, 450185, 995735, 191257, 31282, 673159]",sql_first_rep0,,False,[],,
2026-08-26T06:52:20.922+00:00,calibration,0,140,HNSW_HYBRID,0.3398569562098397,0.903486,"[0.50,1.00)",1.349291,1.0,"[911308, 910788, 995463, 702935, 672197, 450185, 995735, 191257, 31282, 673159]",sql_first_rep0,,False,[],,
2026-08-26T06:52:20.922+00:00,calibration,0,140,IVFFLAT_HYBRID,0.3398569562098397,0.903486,"[0.50,1.00)",17.995958,1.0,"[911308, 910788, 995463, 702935, 672197, 450185, 995735, 191257, 31282, 673159]",sql_first_rep0,,False,[],,
2026-08-26T06:52:21.062+00:00,calibration,0,141,SQL_FIRST,0.7433742917522006,0.791686,"[0.50,1.00)",92.242167,1.0,"[444129, 444712, 445330, 445302, 610307, 610084, 191237, 640273, 444360, 610155]",,,False,[],,
2026-08-26T06:52:21.062+00:00,calibration,0,141,VECTOR_FIRST_HNSW,0.7433742917522006,0.791686,"[0.50,1.00)",19.963916,1.0,"[444129, 444712, 445330, 445302, 610307, 610084, 191237, 640273, 444360, 610155]",sql_first_rep0,,False,[],,
2026-08-26T06:52:21.062+00:00,calibration,0,141,HNSW_HYBRID,0.7433742917522006,0.791686,"[0.50,1.00)",1.316375,1.0,"[444129, 444712, 445330, 445302, 610307, 610084, 191237, 640273, 444360, 610155]",sql_first_rep0,,False,[],,
2026-08-26T06:52:21.062+00:00,calibration,0,141,IVFFLAT_HYBRID,0.7433742917522006,0.791686,"[0.50,1.00)",21.354583,1.0,"[444129, 444712, 445330, 445302, 610307, 610084, 191237, 640273, 444360, 610155]",sql_first_rep0,,False,[],,
2026-08-26T06:52:21.167+00:00,calibration,0,143,SQL_FIRST,0.15965496362901457,0.001559,"[0.00,0.05)",35.431625,1.0,"[838196, 958306, 407921, 384771, 105333, 498107, 989329, 918398, 591352, 974204]",,,False,[],,
2026-08-26T06:52:21.167+00:00,calibration,0,143,VECTOR_FIRST_HNSW,0.15965496362901457,0.001559,"[0.00,0.05)",22.414209,0.0,[],sql_first_rep0,,False,[],,
2026-08-26T06:52:21.167+00:00,calibration,0,143,HNSW_HYBRID,0.15965496362901457,0.001559,"[0.00,0.05)",1.769792,0.0,[],sql_first_rep0,,False,[],,
2026-08-26T06:52:21.167+00:00,calibration,0,143,IVFFLAT_HYBRID,0.15965496362901457,0.001559,"[0.00,0.05)",40.386541,0.6,"[838196, 407921, 384771, 105333, 498107, 591352, 484472, 283950, 181920, 172910]",sql_first_rep0,,False,[],,
2026-08-26T06:52:21.283+00:00,calibration,0,144,SQL_FIRST,0.03001418028222409,0.002636,"[0.00,0.05)",31.212083,1.0,"[635581, 204260, 994327, 397792, 877763, 85520, 537537, 588102, 107620, 849115]",,,False,[],,
2026-08-26T06:52:21.283+00:00,calibration,0,144,VECTOR_FIRST_HNSW,0.03001418028222409,0.002636,"[0.00,0.05)",33.284292,0.0,[],sql_first_rep0,,False,[],,
2026-08-26T06:52:21.283+00:00,calibration,0,144,HNSW_HYBRID,0.03001418028222409,0.002636,"[0.00,0.05)",2.859,0.0,[],sql_first_rep0,,False,[],,
2026-08-26T06:52:21.283+00:00,calibration,0,144,IVFFLAT_HYBRID,0.03001418028222409,0.002636,"[0.00,0.05)",41.80125,0.7,"[635581, 204260, 397792, 877763, 85520, 588102, 849115, 252070, 623708, 639618]",sql_first_rep0,,False,[],,
2026-08-26T06:52:21.422+00:00,calibration,0,145,SQL_FIRST,0.07363562370277577,0.006455,"[0.00,0.05)",47.585042,1.0,"[988447, 929150, 682261, 919065, 547303, 956000, 162426, 578345, 207592, 241952]",,,False,[],,
2026-08-26T06:52:21.422+00:00,calibration,0,145,VECTOR_FIRST_HNSW,0.07363562370277577,0.006455,"[0.00,0.05)",42.655083,0.1,[988447],sql_first_rep0,,False,[],,
2026-08-26T06:52:21.422+00:00,calibration,0,145,HNSW_HYBRID,0.07363562370277577,0.006455,"[0.00,0.05)",2.393875,0.1,[988447],sql_first_rep0,,False,[],,
2026-08-26T06:52:21.422+00:00,calibration,0,145,IVFFLAT_HYBRID,0.07363562370277577,0.006455,"[0.00,0.05)",38.873375,0.7,"[988447, 929150, 682261, 919065, 547303, 578345, 241952, 989247, 271847, 856779]",sql_first_rep0,,False,[],,
2026-08-26T06:52:21.604+00:00,calibration,0,147,SQL_FIRST,0.46275032263750204,0.904849,"[0.50,1.00)",138.441375,1.0,"[755962, 838161, 666969, 766321, 765047, 765162, 763247, 103568, 651566, 766681]",,,False,[],,
2026-08-26T06:52:21.604+00:00,calibration,0,147,VECTOR_FIRST_HNSW,0.46275032263750204,0.904849,"[0.50,1.00)",20.234875,1.0,"[755962, 838161, 666969, 766321, 765047, 765162, 763247, 103568, 651566, 766681]",sql_first_rep0,,False,[],,
2026-08-26T06:52:21.604+00:00,calibration,0,147,HNSW_HYBRID,0.46275032263750204,0.904849,"[0.50,1.00)",1.816459,1.0,"[755962, 838161, 666969, 766321, 765047, 765162, 763247, 103568, 651566, 766681]",sql_first_rep0,,False,[],,
2026-08-26T06:52:21.604+00:00,calibration,0,147,IVFFLAT_HYBRID,0.46275032263750204,0.904849,"[0.50,1.00)",16.192667,1.0,"[755962, 838161, 666969, 766321, 765047, 765162, 763247, 103568, 651566, 766681]",sql_first_rep0,,False,[],,
2026-08-26T06:52:21.777+00:00,calibration,0,148,SQL_FIRST,0.9759606493637953,0.979185,"[0.50,1.00)",99.043291,1.0,"[508650, 194658, 273474, 245652, 97853, 203184, 267462, 525551, 234143, 525559]",,,False,[],,
2026-08-26T06:52:21.777+00:00,calibration,0,148,VECTOR_FIRST_HNSW,0.9759606493637953,0.979185,"[0.50,1.00)",48.3555,1.0,"[508650, 194658, 273474, 245652, 97853, 203184, 267462, 525551, 234143, 525559]",sql_first_rep0,,False,[],,
2026-08-26T06:52:21.777+00:00,calibration,0,148,HNSW_HYBRID,0.9759606493637953,0.979185,"[0.50,1.00)",2.833625,1.0,"[508650, 273474, 194658, 245652, 97853, 267462, 203184, 525551, 234143, 525559]",sql_first_rep0,,False,[],,
2026-08-26T06:52:21.778+00:00,calibration,0,148,IVFFLAT_HYBRID,0.9759606493637953,0.979185,"[0.50,1.00)",15.31525,0.5,"[508650, 194658, 273474, 245652, 97853, 903367, 923170, 871566, 69895, 743912]",sql_first_rep0,,False,[],,
2026-08-26T06:52:21.978+00:00,calibration,0,152,SQL_FIRST,0.31111127300267777,0.127784,"[0.10,0.25)",107.187583,1.0,"[331725, 896367, 642449, 284251, 896775, 82656, 404070, 487170, 720581, 969994]",,,False,[],,
2026-08-26T06:52:21.978+00:00,calibration,0,152,VECTOR_FIRST_HNSW,0.31111127300267777,0.127784,"[0.10,0.25)",52.536584,0.9,"[331725, 896367, 642449, 284251, 896775, 82656, 404070, 720581, 969994, 439669]",sql_first_rep0,,False,[],,
2026-08-26T06:52:21.978+00:00,calibration,0,152,HNSW_HYBRID,0.31111127300267777,0.127784,"[0.10,0.25)",5.608042,0.9,"[331725, 896367, 642449, 284251, 896775, 82656, 404070, 720581, 969994, 439669]",sql_first_rep0,,False,[],,
2026-08-26T06:52:21.978+00:00,calibration,0,152,IVFFLAT_HYBRID,0.31111127300267777,0.127784,"[0.10,0.25)",26.048834,1.0,"[331725, 896367, 642449, 284251, 896775, 82656, 404070, 487170, 720581, 969994]",sql_first_rep0,,False,[],,
2026-08-26T06:52:22.196+00:00,calibration,0,158,SQL_FIRST,0.9151853146833945,0.929898,"[0.50,1.00)",153.904709,1.0,"[559927, 559814, 421434, 909363, 814468, 847063, 558787, 6842, 417814, 160314]",,,False,[],,
2026-08-26T06:52:22.196+00:00,calibration,0,158,VECTOR_FIRST_HNSW,0.9151853146833945,0.929898,"[0.50,1.00)",21.248625,1.0,"[559927, 559814, 421434, 909363, 814468, 847063, 558787, 6842, 417814, 160314]",sql_first_rep0,,False,[],,
2026-08-26T06:52:22.196+00:00,calibration,0,158,HNSW_HYBRID,0.9151853146833945,0.929898,"[0.50,1.00)",1.745708,1.0,"[559927, 559814, 421434, 909363, 814468, 847063, 558787, 6842, 417814, 160314]",sql_first_rep0,,False,[],,
2026-08-26T06:52:22.196+00:00,calibration,0,158,IVFFLAT_HYBRID,0.9151853146833945,0.929898,"[0.50,1.00)",34.914834,1.0,"[559927, 559814, 421434, 909363, 814468, 847063, 558787, 6842, 417814, 160314]",sql_first_rep0,,False,[],,
2026-08-26T06:52:22.388+00:00,calibration,0,159,SQL_FIRST,0.8848041200210388,0.904056,"[0.50,1.00)",121.214166,1.0,"[316989, 314359, 974099, 485322, 483590, 965762, 257459, 186682, 258750, 381905]",,,False,[],,
2026-08-26T06:52:22.389+00:00,calibration,0,159,VECTOR_FIRST_HNSW,0.8848041200210388,0.904056,"[0.50,1.00)",39.829625,1.0,"[316989, 314359, 974099, 485322, 483590, 965762, 257459, 186682, 258750, 381905]",sql_first_rep0,,False,[],,
2026-08-26T06:52:22.389+00:00,calibration,0,159,HNSW_HYBRID,0.8848041200210388,0.904056,"[0.50,1.00)",1.880292,1.0,"[316989, 314359, 974099, 485322, 483590, 965762, 257459, 186682, 258750, 381905]",sql_first_rep0,,False,[],,
2026-08-26T06:52:22.389+00:00,calibration,0,159,IVFFLAT_HYBRID,0.8848041200210388,0.904056,"[0.50,1.00)",20.422,1.0,"[316989, 314359, 974099, 485322, 483590, 965762, 257459, 186682, 258750, 381905]",sql_first_rep0,,False,[],,
2026-08-26T06:52:22.699+00:00,calibration,0,160,SQL_FIRST,0.519773890338758,0.145224,"[0.10,0.25)",224.444875,1.0,"[176551, 341271, 279070, 107453, 141988, 72216, 151206, 429509, 384646, 127466]",,,False,[],,
2026-08-26T06:52:22.699+00:00,calibration,0,160,VECTOR_FIRST_HNSW,0.519773890338758,0.145224,"[0.10,0.25)",59.874875,1.0,"[176551, 341271, 279070, 107453, 141988, 72216, 151206, 429509, 384646, 127466]",sql_first_rep0,,False,[],,
2026-08-26T06:52:22.699+00:00,calibration,0,160,HNSW_HYBRID,0.519773890338758,0.145224,"[0.10,0.25)",2.189708,1.0,"[176551, 341271, 279070, 107453, 141988, 72216, 151206, 429509, 384646, 127466]",sql_first_rep0,,False,[],,
2026-08-26T06:52:22.699+00:00,calibration,0,160,IVFFLAT_HYBRID,0.519773890338758,0.145224,"[0.10,0.25)",17.855583,0.9,"[176551, 341271, 279070, 107453, 141988, 72216, 151206, 429509, 384646, 17833]",sql_first_rep0,,False,[],,
2026-08-26T06:52:22.888+00:00,calibration,0,163,SQL_FIRST,0.6616556664076616,0.725285,"[0.50,1.00)",118.761541,1.0,"[563522, 181508, 182063, 875341, 552849, 676168, 902908, 482202, 194981, 273797]",,,False,[],,
2026-08-26T06:52:22.888+00:00,calibration,0,163,VECTOR_FIRST_HNSW,0.6616556664076616,0.725285,"[0.50,1.00)",49.338208,0.9,"[563522, 181508, 182063, 875341, 552849, 902908, 482202, 194981, 273797, 224060]",sql_first_rep0,,False,[],,
2026-08-26T06:52:22.888+00:00,calibration,0,163,HNSW_HYBRID,0.6616556664076616,0.725285,"[0.50,1.00)",2.117375,0.9,"[563522, 181508, 182063, 875341, 552849, 902908, 482202, 273797, 194981, 224060]",sql_first_rep0,,False,[],,
2026-08-26T06:52:22.888+00:00,calibration,0,163,IVFFLAT_HYBRID,0.6616556664076616,0.725285,"[0.50,1.00)",12.9205,0.7,"[563522, 182063, 676168, 902908, 482202, 273797, 194981, 753460, 553498, 784499]",sql_first_rep0,,False,[],,
2026-08-26T06:52:23.148+00:00,calibration,0,166,SQL_FIRST,0.42094381431799127,0.904316,"[0.50,1.00)",154.131667,1.0,"[567418, 403231, 235389, 625653, 981835, 624186, 843916, 880377, 757079, 103335]",,,False,[],,
2026-08-26T06:52:23.149+00:00,calibration,0,166,VECTOR_FIRST_HNSW,0.42094381431799127,0.904316,"[0.50,1.00)",55.363792,1.0,"[567418, 403231, 235389, 625653, 981835, 624186, 843916, 880377, 757079, 103335]",sql_first_rep0,,False,[],,
2026-08-26T06:52:23.149+00:00,calibration,0,166,HNSW_HYBRID,0.42094381431799127,0.904316,"[0.50,1.00)",2.743334,1.0,"[567418, 403231, 235389, 625653, 981835, 624186, 843916, 880377, 757079, 103335]",sql_first_rep0,,False,[],,
2026-08-26T06:52:23.149+00:00,calibration,0,166,IVFFLAT_HYBRID,0.42094381431799127,0.904316,"[0.50,1.00)",39.757625,0.9,"[567418, 403231, 235389, 625653, 981835, 624186, 843916, 880377, 757079, 664421]",sql_first_rep0,,False,[],,
2026-08-26T06:52:23.282+00:00,calibration,0,168,SQL_FIRST,0.3984033487790224,0.135798,"[0.10,0.25)",69.426666,1.0,"[330966, 186592, 182460, 471687, 670916, 585151, 669131, 973265, 679033, 742286]",,,False,[],,
2026-08-26T06:52:23.283+00:00,calibration,0,168,VECTOR_FIRST_HNSW,0.3984033487790224,0.135798,"[0.10,0.25)",44.731292,0.4,"[330966, 186592, 182460, 471687]",sql_first_rep0,,False,[],,
2026-08-26T06:52:23.283+00:00,calibration,0,168,HNSW_HYBRID,0.3984033487790224,0.135798,"[0.10,0.25)",1.804583,0.4,"[330966, 186592, 182460, 471687]",sql_first_rep0,,False,[],,
2026-08-26T06:52:23.283+00:00,calibration,0,168,IVFFLAT_HYBRID,0.3984033487790224,0.135798,"[0.10,0.25)",11.620875,0.8,"[330966, 186592, 182460, 471687, 670916, 585151, 669131, 742286, 267418, 48636]",sql_first_rep0,,False,[],,
2026-08-26T06:52:23.465+00:00,calibration,0,172,SQL_FIRST,0.17903208590668604,0.001725,"[0.00,0.05)",68.248292,1.0,"[887824, 265869, 450316, 458991, 455629, 118683, 209091, 371054, 520622, 476460]",,,False,[],,
2026-08-26T06:52:23.466+00:00,calibration,0,172,VECTOR_FIRST_HNSW,0.17903208590668604,0.001725,"[0.00,0.05)",51.40475,0.0,[],sql_first_rep0,,False,[],,
2026-08-26T06:52:23.466+00:00,calibration,0,172,HNSW_HYBRID,0.17903208590668604,0.001725,"[0.00,0.05)",2.089375,0.0,[],sql_first_rep0,,False,[],,
2026-08-26T06:52:23.466+00:00,calibration,0,172,IVFFLAT_HYBRID,0.17903208590668604,0.001725,"[0.00,0.05)",55.154542,0.5,"[887824, 265869, 450316, 455629, 118683, 995491, 172922, 614518, 252329, 888116]",sql_first_rep0,,False,[],,
2026-08-26T06:52:23.678+00:00,calibration,0,174,SQL_FIRST,0.9659109619424683,0.971091,"[0.50,1.00)",140.500792,1.0,"[254308, 254274, 69494, 695952, 695637, 461163, 279673, 280183, 489578, 496466]",,,False,[],,
2026-08-26T06:52:23.678+00:00,calibration,0,174,VECTOR_FIRST_HNSW,0.9659109619424683,0.971091,"[0.50,1.00)",45.102708,1.0,"[254308, 254274, 69494, 695952, 695637, 461163, 279673, 280183, 489578, 496466]",sql_first_rep0,,False,[],,
2026-08-26T06:52:23.679+00:00,calibration,0,174,HNSW_HYBRID,0.9659109619424683,0.971091,"[0.50,1.00)",3.526709,1.0,"[254308, 254274, 69494, 695952, 695637, 461163, 279673, 280183, 489578, 496466]",sql_first_rep0,,False,[],,
2026-08-26T06:52:23.679+00:00,calibration,0,174,IVFFLAT_HYBRID,0.9659109619424683,0.971091,"[0.50,1.00)",17.691334,1.0,"[254308, 254274, 69494, 695952, 695637, 461163, 279673, 280183, 489578, 496466]",sql_first_rep0,,False,[],,
2026-08-26T06:52:23.838+00:00,calibration,0,176,SQL_FIRST,0.2838358103200206,0.125146,"[0.10,0.25)",88.296959,1.0,"[632351, 352602, 275707, 196491, 533884, 195666, 317963, 910237, 284456, 115931]",,,False,[],,
2026-08-26T06:52:23.838+00:00,calibration,0,176,VECTOR_FIRST_HNSW,0.2838358103200206,0.125146,"[0.10,0.25)",44.829958,1.0,"[632351, 352602, 275707, 196491, 533884, 195666, 317963, 910237, 284456, 115931]",sql_first_rep0,,False,[],,
2026-08-26T06:52:23.838+00:00,calibration,0,176,HNSW_HYBRID,0.2838358103200206,0.125146,"[0.10,0.25)",2.033417,1.0,"[632351, 352602, 275707, 196491, 533884, 195666, 317963, 910237, 284456, 115931]",sql_first_rep0,,False,[],,
2026-08-26T06:52:23.839+00:00,calibration,0,176,IVFFLAT_HYBRID,0.2838358103200206,0.125146,"[0.10,0.25)",18.191916,0.8,"[632351, 352602, 196491, 195666, 317963, 910237, 284456, 115931, 769381, 66142]",sql_first_rep0,,False,[],,
2026-08-26T06:52:24.008+00:00,calibration,0,177,SQL_FIRST,0.46034008135678933,0.904749,"[0.50,1.00)",113.207334,1.0,"[310365, 518204, 241681, 705020, 738981, 996632, 319762, 740740, 682523, 241343]",,,False,[],,
2026-08-26T06:52:24.008+00:00,calibration,0,177,VECTOR_FIRST_HNSW,0.46034008135678933,0.904749,"[0.50,1.00)",23.934667,1.0,"[310365, 518204, 241681, 705020, 738981, 996632, 319762, 740740, 682523, 241343]",sql_first_rep0,,False,[],,
2026-08-26T06:52:24.008+00:00,calibration,0,177,HNSW_HYBRID,0.46034008135678933,0.904749,"[0.50,1.00)",1.662292,1.0,"[310365, 518204, 241681, 705020, 738981, 996632, 319762, 740740, 682523, 241343]",sql_first_rep0,,False,[],,
2026-08-26T06:52:24.008+00:00,calibration,0,177,IVFFLAT_HYBRID,0.46034008135678933,0.904749,"[0.50,1.00)",22.799459,1.0,"[310365, 518204, 241681, 705020, 738981, 996632, 319762, 740740, 682523, 241343]",sql_first_rep0,,False,[],,
2026-08-26T06:52:24.117+00:00,calibration,0,180,SQL_FIRST,0.12357952635220508,0.010855,"[0.00,0.05)",60.877542,1.0,"[658313, 342395, 69896, 965845, 943106, 956849, 527683, 325222, 350519, 534709]",,,False,[],,
2026-08-26T06:52:24.117+00:00,calibration,0,180,VECTOR_FIRST_HNSW,0.12357952635220508,0.010855,"[0.00,0.05)",27.689917,0.0,[],sql_first_rep0,,False,[],,
2026-08-26T06:52:24.117+00:00,calibration,0,180,HNSW_HYBRID,0.12357952635220508,0.010855,"[0.00,0.05)",1.623459,0.0,[],sql_first_rep0,,False,[],,
2026-08-26T06:52:24.117+00:00,calibration,0,180,IVFFLAT_HYBRID,0.12357952635220508,0.010855,"[0.00,0.05)",13.34125,0.9,"[658313, 342395, 965845, 943106, 956849, 527683, 325222, 350519, 534709, 534644]",sql_first_rep0,,False,[],,
2026-08-26T06:52:24.246+00:00,calibration,0,181,SQL_FIRST,0.15356835067587576,0.013829,"[0.00,0.05)",75.412208,1.0,"[109407, 567526, 249256, 187410, 87406, 718364, 121588, 307578, 138059, 28677]",,,False,[],,
2026-08-26T06:52:24.246+00:00,calibration,0,181,VECTOR_FIRST_HNSW,0.15356835067587576,0.013829,"[0.00,0.05)",29.78775,0.0,[],sql_first_rep0,,False,[],,
2026-08-26T06:52:24.246+00:00,calibration,0,181,HNSW_HYBRID,0.15356835067587576,0.013829,"[0.00,0.05)",1.668166,0.0,[],sql_first_rep0,,False,[],,
2026-08-26T06:52:24.246+00:00,calibration,0,181,IVFFLAT_HYBRID,0.15356835067587576,0.013829,"[0.00,0.05)",16.510083,0.6,"[567526, 249256, 187410, 718364, 307578, 138059, 992539, 325370, 508098, 836906]",sql_first_rep0,,False,[],,
2026-08-26T06:52:24.395+00:00,calibration,0,184,SQL_FIRST,0.8866269829429039,0.905827,"[0.50,1.00)",90.636042,1.0,"[297832, 8694, 311842, 8220, 9249, 521410, 820963, 886986, 124375, 753873]",,,False,[],,
2026-08-26T06:52:24.395+00:00,calibration,0,184,VECTOR_FIRST_HNSW,0.8866269829429039,0.905827,"[0.50,1.00)",27.338875,1.0,"[297832, 8694, 311842, 8220, 9249, 521410, 820963, 886986, 124375, 753873]",sql_first_rep0,,False,[],,
2026-08-26T06:52:24.395+00:00,calibration,0,184,HNSW_HYBRID,0.8866269829429039,0.905827,"[0.50,1.00)",1.791458,1.0,"[297832, 8694, 311842, 8220, 9249, 521410, 820963, 886986, 124375, 753873]",sql_first_rep0,,False,[],,
2026-08-26T06:52:24.395+00:00,calibration,0,184,IVFFLAT_HYBRID,0.8866269829429039,0.905827,"[0.50,1.00)",23.748917,0.9,"[297832, 8694, 311842, 8220, 9249, 521410, 820963, 886986, 753873, 886676]",sql_first_rep0,,False,[],,
2026-08-26T06:52:24.553+00:00,calibration,0,185,SQL_FIRST,0.9359407742113639,0.99415,"[0.50,1.00)",107.250208,1.0,"[775548, 775612, 104755, 104830, 987653, 321891, 368057, 524232, 323157, 121955]",,,False,[],,
2026-08-26T06:52:24.553+00:00,calibration,0,185,VECTOR_FIRST_HNSW,0.9359407742113639,0.99415,"[0.50,1.00)",26.610375,1.0,"[775548, 775612, 104755, 104830, 987653, 321891, 368057, 524232, 323157, 121955]",sql_first_rep0,,False,[],,
2026-08-26T06:52:24.553+00:00,calibration,0,185,HNSW_HYBRID,0.9359407742113639,0.99415,"[0.50,1.00)",1.649417,1.0,"[775548, 775612, 104755, 104830, 987653, 321891, 368057, 524232, 323157, 121955]",sql_first_rep0,,False,[],,
2026-08-26T06:52:24.553+00:00,calibration,0,185,IVFFLAT_HYBRID,0.9359407742113639,0.99415,"[0.50,1.00)",16.317584,1.0,"[775548, 775612, 104755, 104830, 987653, 321891, 368057, 524232, 323157, 121955]",sql_first_rep0,,False,[],,
2026-08-26T06:52:24.721+00:00,calibration,0,190,SQL_FIRST,0.5859740974858358,0.906154,"[0.50,1.00)",96.784333,1.0,"[510857, 673540, 292337, 215710, 292453, 673915, 37530, 674513, 963895, 800401]",,,False,[],,
2026-08-26T06:52:24.721+00:00,calibration,0,190,VECTOR_FIRST_HNSW,0.5859740974858358,0.906154,"[0.50,1.00)",46.97575,1.0,"[510857, 673540, 292337, 215710, 292453, 673915, 37530, 674513, 963895, 800401]",sql_first_rep0,,False,[],,
2026-08-26T06:52:24.721+00:00,calibration,0,190,HNSW_HYBRID,0.5859740974858358,0.906154,"[0.50,1.00)",2.598875,1.0,"[510857, 673540, 292337, 215710, 292453, 673915, 37530, 674513, 963895, 800401]",sql_first_rep0,,False,[],,
2026-08-26T06:52:24.721+00:00,calibration,0,190,IVFFLAT_HYBRID,0.5859740974858358,0.906154,"[0.50,1.00)",15.537209,1.0,"[510857, 673540, 292337, 215710, 292453, 673915, 37530, 674513, 963895, 800401]",sql_first_rep0,,False,[],,
2026-08-26T06:52:25.704+00:00,calibration,0,191,SQL_FIRST,0.2436697161490148,0.021949,"[0.00,0.05)",851.705583,1.0,"[95792, 735237, 859101, 525442, 519483, 433027, 662024, 107334, 602957, 357930]",,,False,[],,
2026-08-26T06:52:25.704+00:00,calibration,0,191,VECTOR_FIRST_HNSW,0.2436697161490148,0.021949,"[0.00,0.05)",81.037917,0.3,"[95792, 735237, 859101]",sql_first_rep0,,False,[],,
2026-08-26T06:52:25.705+00:00,calibration,0,191,HNSW_HYBRID,0.2436697161490148,0.021949,"[0.00,0.05)",3.861292,0.3,"[95792, 735237, 859101]",sql_first_rep0,,False,[],,
2026-08-26T06:52:25.705+00:00,calibration,0,191,IVFFLAT_HYBRID,0.2436697161490148,0.021949,"[0.00,0.05)",33.597417,0.6,"[95792, 735237, 859101, 519483, 602957, 357930, 519778, 353962, 293112, 427006]",sql_first_rep0,,False,[],,
2026-08-26T06:52:26.043+00:00,calibration,0,192,SQL_FIRST,0.1812358233038465,0.016576,"[0.00,0.05)",241.5305,1.0,"[389791, 327188, 723098, 679928, 729035, 892997, 893171, 595054, 725205, 3531]",,,False,[],,
2026-08-26T06:52:26.043+00:00,calibration,0,192,VECTOR_FIRST_HNSW,0.1812358233038465,0.016576,"[0.00,0.05)",52.533916,0.1,[389791],sql_first_rep0,,False,[],,
2026-08-26T06:52:26.043+00:00,calibration,0,192,HNSW_HYBRID,0.1812358233038465,0.016576,"[0.00,0.05)",1.951084,0.2,"[389791, 327188]",sql_first_rep0,,False,[],,
2026-08-26T06:52:26.043+00:00,calibration,0,192,IVFFLAT_HYBRID,0.1812358233038465,0.016576,"[0.00,0.05)",30.113833,0.5,"[892997, 893171, 595054, 725205, 3531, 170818, 580232, 507008, 948218, 842910]",sql_first_rep0,,False,[],,
2026-08-26T06:52:26.180+00:00,calibration,0,193,SQL_FIRST,0.2100091825404373,0.002081,"[0.00,0.05)",67.734625,1.0,"[657843, 655811, 654919, 850570, 569388, 6047, 131559, 5775, 447058, 102668]",,,False,[],,
2026-08-26T06:52:26.180+00:00,calibration,0,193,VECTOR_FIRST_HNSW,0.2100091825404373,0.002081,"[0.00,0.05)",16.087208,0.0,[],sql_first_rep0,,False,[],,
2026-08-26T06:52:26.180+00:00,calibration,0,193,HNSW_HYBRID,0.2100091825404373,0.002081,"[0.00,0.05)",1.354667,0.0,[],sql_first_rep0,,False,[],,
2026-08-26T06:52:26.180+00:00,calibration,0,193,IVFFLAT_HYBRID,0.2100091825404373,0.002081,"[0.00,0.05)",46.050459,1.0,"[657843, 655811, 654919, 850570, 569388, 6047, 131559, 5775, 447058, 102668]",sql_first_rep0,,False,[],,
2026-08-26T06:52:26.391+00:00,calibration,0,194,SQL_FIRST,0.6299242522962231,0.966489,"[0.50,1.00)",133.665667,1.0,"[691078, 691265, 617984, 8002, 932275, 687965, 739625, 76332, 744464, 705844]",,,False,[],,
2026-08-26T06:52:26.391+00:00,calibration,0,194,VECTOR_FIRST_HNSW,0.6299242522962231,0.966489,"[0.50,1.00)",44.189084,1.0,"[691078, 691265, 617984, 8002, 932275, 687965, 739625, 76332, 744464, 705844]",sql_first_rep0,,False,[],,
2026-08-26T06:52:26.391+00:00,calibration,0,194,HNSW_HYBRID,0.6299242522962231,0.966489,"[0.50,1.00)",3.385666,1.0,"[691078, 691265, 617984, 8002, 932275, 687965, 739625, 76332, 744464, 705844]",sql_first_rep0,,False,[],,
2026-08-26T06:52:26.391+00:00,calibration,0,194,IVFFLAT_HYBRID,0.6299242522962231,0.966489,"[0.50,1.00)",23.534625,0.8,"[691078, 691265, 617984, 8002, 932275, 687965, 739625, 76332, 13589, 77704]",sql_first_rep0,,False,[],,
2026-08-26T06:52:26.516+00:00,calibration,0,199,SQL_FIRST,0.10816340005183368,0.001055,"[0.00,0.05)",22.699333,1.0,"[435956, 869298, 364344, 494434, 429388, 430604, 293172, 498498, 508774, 998018]",,,False,[],,
2026-08-26T06:52:26.516+00:00,calibration,0,199,VECTOR_FIRST_HNSW,0.10816340005183368,0.001055,"[0.00,0.05)",39.173167,0.0,[],sql_first_rep0,,False,[],,
2026-08-26T06:52:26.516+00:00,calibration,0,199,HNSW_HYBRID,0.10816340005183368,0.001055,"[0.00,0.05)",1.672458,0.0,[],sql_first_rep0,,False,[],,
2026-08-26T06:52:26.516+00:00,calibration,0,199,IVFFLAT_HYBRID,0.10816340005183368,0.001055,"[0.00,0.05)",56.351416,0.5,"[435956, 869298, 364344, 494434, 498498, 464861, 377381, 790775, 520397, 804185]",sql_first_rep0,,False,[],,
2026-08-26T06:52:26.684+00:00,calibration,0,200,SQL_FIRST,0.44261153087565624,0.904704,"[0.50,1.00)",110.550875,1.0,"[383160, 382600, 383136, 108230, 897419, 786683, 306914, 319498, 84931, 220883]",,,False,[],,
2026-08-26T06:52:26.684+00:00,calibration,0,200,VECTOR_FIRST_HNSW,0.44261153087565624,0.904704,"[0.50,1.00)",32.898083,1.0,"[383160, 382600, 383136, 108230, 897419, 786683, 306914, 319498, 84931, 220883]",sql_first_rep0,,False,[],,
2026-08-26T06:52:26.684+00:00,calibration,0,200,HNSW_HYBRID,0.44261153087565624,0.904704,"[0.50,1.00)",1.602875,1.0,"[383160, 382600, 383136, 108230, 897419, 786683, 306914, 319498, 84931, 220883]",sql_first_rep0,,False,[],,
2026-08-26T06:52:26.684+00:00,calibration,0,200,IVFFLAT_HYBRID,0.44261153087565624,0.904704,"[0.50,1.00)",16.363917,1.0,"[383160, 382600, 383136, 108230, 897419, 786683, 306914, 319498, 84931, 220883]",sql_first_rep0,,False,[],,
2026-08-26T06:52:26.800+00:00,calibration,0,201,SQL_FIRST,0.06585387671358846,0.005791,"[0.00,0.05)",47.774542,1.0,"[145220, 962828, 652378, 796188, 875543, 945163, 367433, 857499, 372420, 963293]",,,False,[],,
2026-08-26T06:52:26.800+00:00,calibration,0,201,VECTOR_FIRST_HNSW,0.06585387671358846,0.005791,"[0.00,0.05)",30.345292,0.0,[],sql_first_rep0,,False,[],,
2026-08-26T06:52:26.800+00:00,calibration,0,201,HNSW_HYBRID,0.06585387671358846,0.005791,"[0.00,0.05)",1.681417,0.0,[],sql_first_rep0,,False,[],,
2026-08-26T06:52:26.800+00:00,calibration,0,201,IVFFLAT_HYBRID,0.06585387671358846,0.005791,"[0.00,0.05)",30.291583,0.8,"[145220, 962828, 652378, 796188, 875543, 945163, 372420, 963293, 676740, 161143]",sql_first_rep0,,False,[],,
2026-08-26T06:52:26.951+00:00,calibration,0,202,SQL_FIRST,0.3451204148646402,0.130138,"[0.10,0.25)",86.817042,1.0,"[841956, 669324, 807261, 758309, 670536, 911504, 773268, 228616, 983140, 847085]",,,False,[],,
2026-08-26T06:52:26.952+00:00,calibration,0,202,VECTOR_FIRST_HNSW,0.3451204148646402,0.130138,"[0.10,0.25)",34.074042,1.0,"[841956, 669324, 807261, 758309, 670536, 911504, 773268, 228616, 983140, 847085]",sql_first_rep0,,False,[],,
2026-08-26T06:52:26.952+00:00,calibration,0,202,HNSW_HYBRID,0.3451204148646402,0.130138,"[0.10,0.25)",1.768791,1.0,"[841956, 669324, 807261, 758309, 670536, 911504, 773268, 228616, 983140, 847085]",sql_first_rep0,,False,[],,
2026-08-26T06:52:26.952+00:00,calibration,0,202,IVFFLAT_HYBRID,0.3451204148646402,0.130138,"[0.10,0.25)",23.093458,1.0,"[841956, 669324, 807261, 758309, 670536, 911504, 773268, 228616, 983140, 847085]",sql_first_rep0,,False,[],,
2026-08-26T06:52:27.124+00:00,calibration,0,203,SQL_FIRST,0.3312979573019264,0.903567,"[0.50,1.00)",98.57,1.0,"[899753, 895520, 895171, 929401, 877020, 689796, 895129, 561001, 18293, 334824]",,,False,[],,
2026-08-26T06:52:27.125+00:00,calibration,0,203,VECTOR_FIRST_HNSW,0.3312979573019264,0.903567,"[0.50,1.00)",37.30475,1.0,"[899753, 895520, 895171, 929401, 877020, 689796, 895129, 561001, 18293, 334824]",sql_first_rep0,,False,[],,
2026-08-26T06:52:27.125+00:00,calibration,0,203,HNSW_HYBRID,0.3312979573019264,0.903567,"[0.50,1.00)",2.421291,1.0,"[899753, 895520, 895171, 929401, 877020, 689796, 895129, 561001, 18293, 334824]",sql_first_rep0,,False,[],,
2026-08-26T06:52:27.125+00:00,calibration,0,203,IVFFLAT_HYBRID,0.3312979573019264,0.903567,"[0.50,1.00)",27.784041,0.8,"[899753, 929401, 877020, 689796, 895129, 561001, 18293, 334824, 922776, 219489]",sql_first_rep0,,False,[],,
2026-08-26T06:52:27.432+00:00,calibration,0,204,SQL_FIRST,0.9225074119303539,0.992826,"[0.50,1.00)",254.722,1.0,"[871957, 864680, 863784, 862860, 916609, 799839, 870480, 873834, 789345, 789594]",,,False,[],,
2026-08-26T06:52:27.433+00:00,calibration,0,204,VECTOR_FIRST_HNSW,0.9225074119303539,0.992826,"[0.50,1.00)",27.474,1.0,"[871957, 864680, 863784, 862860, 916609, 799839, 870480, 873834, 789345, 789594]",sql_first_rep0,,False,[],,
2026-08-26T06:52:27.433+00:00,calibration,0,204,HNSW_HYBRID,0.9225074119303539,0.992826,"[0.50,1.00)",1.52825,1.0,"[871957, 864680, 863784, 862860, 916609, 799839, 870480, 873834, 789345, 789594]",sql_first_rep0,,False,[],,
2026-08-26T06:52:27.433+00:00,calibration,0,204,IVFFLAT_HYBRID,0.9225074119303539,0.992826,"[0.50,1.00)",17.593541,1.0,"[871957, 864680, 863784, 862860, 916609, 799839, 870480, 873834, 789345, 789594]",sql_first_rep0,,False,[],,
2026-08-26T06:52:27.702+00:00,calibration,0,206,SQL_FIRST,0.1891638584702907,0.016757,"[0.00,0.05)",204.698875,1.0,"[337720, 645474, 514869, 385892, 510332, 525813, 9104, 703304, 44152, 784858]",,,False,[],,
2026-08-26T06:52:27.702+00:00,calibration,0,206,VECTOR_FIRST_HNSW,0.1891638584702907,0.016757,"[0.00,0.05)",30.485875,0.2,"[337720, 645474]",sql_first_rep0,,False,[],,
2026-08-26T06:52:27.702+00:00,calibration,0,206,HNSW_HYBRID,0.1891638584702907,0.016757,"[0.00,0.05)",1.815375,0.2,"[337720, 645474]",sql_first_rep0,,False,[],,
2026-08-26T06:52:27.702+00:00,calibration,0,206,IVFFLAT_HYBRID,0.1891638584702907,0.016757,"[0.00,0.05)",26.540625,0.9,"[337720, 645474, 514869, 385892, 525813, 9104, 703304, 44152, 784858, 321671]",sql_first_rep0,,False,[],,
2026-08-26T06:52:27.870+00:00,calibration,0,208,SQL_FIRST,0.5972580919348072,0.906022,"[0.50,1.00)",111.065125,1.0,"[893948, 894005, 910366, 786616, 560288, 786584, 866535, 560441, 865024, 840029]",,,False,[],,
2026-08-26T06:52:27.871+00:00,calibration,0,208,VECTOR_FIRST_HNSW,0.5972580919348072,0.906022,"[0.50,1.00)",29.661084,1.0,"[893948, 894005, 910366, 786616, 560288, 786584, 866535, 560441, 865024, 840029]",sql_first_rep0,,False,[],,
2026-08-26T06:52:27.871+00:00,calibration,0,208,HNSW_HYBRID,0.5972580919348072,0.906022,"[0.50,1.00)",1.556833,1.0,"[893948, 894005, 910366, 786616, 560288, 786584, 866535, 560441, 865024, 840029]",sql_first_rep0,,False,[],,
2026-08-26T06:52:27.871+00:00,calibration,0,208,IVFFLAT_HYBRID,0.5972580919348072,0.906022,"[0.50,1.00)",21.086459,1.0,"[893948, 894005, 910366, 786616, 560288, 786584, 866535, 560441, 865024, 840029]",sql_first_rep0,,False,[],,
2026-08-26T06:52:28.007+00:00,calibration,0,211,SQL_FIRST,0.26678227866967563,0.902909,"[0.50,1.00)",88.922833,1.0,"[614236, 917859, 101191, 533320, 739030, 119860, 741098, 481609, 741106, 432890]",,,False,[],,
2026-08-26T06:52:28.007+00:00,calibration,0,211,VECTOR_FIRST_HNSW,0.26678227866967563,0.902909,"[0.50,1.00)",27.811125,0.9,"[614236, 917859, 101191, 533320, 739030, 741098, 481609, 741106, 432890, 719816]",sql_first_rep0,,False,[],,
2026-08-26T06:52:28.007+00:00,calibration,0,211,HNSW_HYBRID,0.26678227866967563,0.902909,"[0.50,1.00)",2.04825,0.9,"[614236, 917859, 101191, 533320, 739030, 741098, 481609, 741106, 432890, 719816]",sql_first_rep0,,False,[],,
2026-08-26T06:52:28.008+00:00,calibration,0,211,IVFFLAT_HYBRID,0.26678227866967563,0.902909,"[0.50,1.00)",12.417291,0.4,"[614236, 533320, 481609, 741106, 809234, 294502, 879394, 453555, 385243, 400238]",sql_first_rep0,,False,[],,
2026-08-26T06:52:28.173+00:00,calibration,0,214,SQL_FIRST,0.5749310651452234,0.906042,"[0.50,1.00)",139.904792,1.0,"[642870, 643229, 643683, 643292, 643947, 644180, 643279, 642689, 641177, 642812]",,,False,[],,
2026-08-26T06:52:28.173+00:00,calibration,0,214,VECTOR_FIRST_HNSW,0.5749310651452234,0.906042,"[0.50,1.00)",9.051291,1.0,"[642870, 643229, 643683, 643292, 643947, 644180, 643279, 642689, 641177, 642812]",sql_first_rep0,,False,[],,
2026-08-26T06:52:28.173+00:00,calibration,0,214,HNSW_HYBRID,0.5749310651452234,0.906042,"[0.50,1.00)",0.626666,1.0,"[642870, 643229, 643683, 643292, 643947, 644180, 643279, 642689, 641177, 642812]",sql_first_rep0,,False,[],,
2026-08-26T06:52:28.173+00:00,calibration,0,214,IVFFLAT_HYBRID,0.5749310651452234,0.906042,"[0.50,1.00)",11.65075,1.0,"[642870, 643229, 643683, 643292, 643947, 644180, 643279, 642689, 641177, 642812]",sql_first_rep0,,False,[],,
2026-08-26T06:52:28.307+00:00,calibration,0,215,SQL_FIRST,0.2958808242962988,0.903195,"[0.50,1.00)",99.317917,1.0,"[793107, 786554, 885401, 787101, 681496, 38818, 893394, 375199, 667464, 885219]",,,False,[],,
2026-08-26T06:52:28.307+00:00,calibration,0,215,VECTOR_FIRST_HNSW,0.2958808242962988,0.903195,"[0.50,1.00)",13.590292,1.0,"[793107, 786554, 885401, 787101, 681496, 38818, 893394, 375199, 667464, 885219]",sql_first_rep0,,False,[],,
2026-08-26T06:52:28.307+00:00,calibration,0,215,HNSW_HYBRID,0.2958808242962988,0.903195,"[0.50,1.00)",1.134125,1.0,"[793107, 786554, 885401, 787101, 681496, 38818, 893394, 375199, 667464, 885219]",sql_first_rep0,,False,[],,
2026-08-26T06:52:28.307+00:00,calibration,0,215,IVFFLAT_HYBRID,0.2958808242962988,0.903195,"[0.50,1.00)",14.729916,1.0,"[793107, 786554, 885401, 787101, 681496, 38818, 893394, 375199, 667464, 885219]",sql_first_rep0,,False,[],,
2026-08-26T06:52:28.481+00:00,calibration,0,216,SQL_FIRST,0.11283586572251723,0.001099,"[0.00,0.05)",67.443583,1.0,"[706258, 701848, 246891, 530345, 395505, 953527, 741288, 942658, 569336, 983474]",,,False,[],,
2026-08-26T06:52:28.481+00:00,calibration,0,216,VECTOR_FIRST_HNSW,0.11283586572251723,0.001099,"[0.00,0.05)",39.200833,0.0,[],sql_first_rep0,,False,[],,
2026-08-26T06:52:28.481+00:00,calibration,0,216,HNSW_HYBRID,0.11283586572251723,0.001099,"[0.00,0.05)",2.565875,0.0,[],sql_first_rep0,,False,[],,
2026-08-26T06:52:28.481+00:00,calibration,0,216,IVFFLAT_HYBRID,0.11283586572251723,0.001099,"[0.00,0.05)",57.882291,0.3,"[706258, 741288, 942658, 432658, 554557, 456678, 76255, 102057, 499953, 964934]",sql_first_rep0,,False,[],,
2026-08-26T06:52:28.660+00:00,calibration,0,217,SQL_FIRST,0.42991377482783893,0.904532,"[0.50,1.00)",114.283833,1.0,"[788806, 788369, 706737, 598732, 96770, 901713, 585636, 100020, 586618, 69715]",,,False,[],,
2026-08-26T06:52:28.661+00:00,calibration,0,217,VECTOR_FIRST_HNSW,0.42991377482783893,0.904532,"[0.50,1.00)",32.477458,1.0,"[788806, 788369, 706737, 598732, 96770, 901713, 585636, 100020, 586618, 69715]",sql_first_rep0,,False,[],,
2026-08-26T06:52:28.661+00:00,calibration,0,217,HNSW_HYBRID,0.42991377482783893,0.904532,"[0.50,1.00)",4.120291,1.0,"[788806, 788369, 706737, 598732, 96770, 901713, 585636, 100020, 586618, 69715]",sql_first_rep0,,False,[],,
2026-08-26T06:52:28.661+00:00,calibration,0,217,IVFFLAT_HYBRID,0.42991377482783893,0.904532,"[0.50,1.00)",17.661792,1.0,"[788806, 788369, 706737, 598732, 96770, 901713, 585636, 100020, 586618, 69715]",sql_first_rep0,,False,[],,
2026-08-26T06:52:28.821+00:00,calibration,0,218,SQL_FIRST,0.9552426268710386,0.962649,"[0.50,1.00)",116.914458,1.0,"[901531, 50576, 901744, 903332, 554287, 556898, 949028, 895859, 85139, 418402]",,,False,[],,
2026-08-26T06:52:28.821+00:00,calibration,0,218,VECTOR_FIRST_HNSW,0.9552426268710386,0.962649,"[0.50,1.00)",21.161209,1.0,"[901531, 50576, 901744, 903332, 554287, 556898, 949028, 895859, 85139, 418402]",sql_first_rep0,,False,[],,
2026-08-26T06:52:28.821+00:00,calibration,0,218,HNSW_HYBRID,0.9552426268710386,0.962649,"[0.50,1.00)",2.37575,1.0,"[901531, 50576, 901744, 903332, 554287, 556898, 949028, 895859, 85139, 418402]",sql_first_rep0,,False,[],,
2026-08-26T06:52:28.821+00:00,calibration,0,218,IVFFLAT_HYBRID,0.9552426268710386,0.962649,"[0.50,1.00)",13.129458,0.9,"[901531, 50576, 901744, 903332, 554287, 556898, 949028, 895859, 85139, 812091]",sql_first_rep0,,False,[],,
2026-08-26T06:52:28.991+00:00,calibration,0,220,SQL_FIRST,0.8192314470401193,0.983634,"[0.50,1.00)",100.2605,1.0,"[686903, 686955, 687412, 31338, 32118, 325456, 171255, 315878, 505878, 324594]",,,False,[],,
2026-08-26T06:52:28.992+00:00,calibration,0,220,VECTOR_FIRST_HNSW,0.8192314470401193,0.983634,"[0.50,1.00)",33.0625,1.0,"[686903, 686955, 687412, 31338, 32118, 325456, 171255, 315878, 505878, 324594]",sql_first_rep0,,False,[],,
2026-08-26T06:52:28.993+00:00,calibration,0,220,HNSW_HYBRID,0.8192314470401193,0.983634,"[0.50,1.00)",3.703042,1.0,"[686903, 686955, 687412, 31338, 32118, 325456, 171255, 315878, 505878, 324594]",sql_first_rep0,,False,[],,
2026-08-26T06:52:28.993+00:00,calibration,0,220,IVFFLAT_HYBRID,0.8192314470401193,0.983634,"[0.50,1.00)",25.3135,0.8,"[686903, 686955, 687412, 31338, 325456, 315878, 505878, 324594, 378202, 920118]",sql_first_rep0,,False,[],,
2026-08-26T06:52:29.180+00:00,calibration,0,222,SQL_FIRST,0.8779331998722681,0.898957,"[0.50,1.00)",140.527541,1.0,"[788716, 788401, 785376, 788481, 884337, 884405, 427635, 599428, 884357, 235348]",,,False,[],,
2026-08-26T06:52:29.180+00:00,calibration,0,222,VECTOR_FIRST_HNSW,0.8779331998722681,0.898957,"[0.50,1.00)",24.747458,1.0,"[788716, 788401, 785376, 788481, 884337, 884405, 427635, 599428, 884357, 235348]",sql_first_rep0,,False,[],,
2026-08-26T06:52:29.180+00:00,calibration,0,222,HNSW_HYBRID,0.8779331998722681,0.898957,"[0.50,1.00)",1.651792,1.0,"[788716, 788401, 785376, 788481, 884337, 884405, 427635, 599428, 884357, 235348]",sql_first_rep0,,False,[],,
2026-08-26T06:52:29.180+00:00,calibration,0,222,IVFFLAT_HYBRID,0.8779331998722681,0.898957,"[0.50,1.00)",12.92975,0.9,"[788716, 788401, 785376, 884337, 884405, 427635, 599428, 884357, 235348, 208315]",sql_first_rep0,,False,[],,
2026-08-26T06:52:29.349+00:00,calibration,0,224,SQL_FIRST,0.8485985619740496,0.986258,"[0.50,1.00)",109.597208,1.0,"[534479, 534517, 151212, 608214, 505945, 87269, 534449, 85466, 504817, 419737]",,,False,[],,
2026-08-26T06:52:29.350+00:00,calibration,0,224,VECTOR_FIRST_HNSW,0.8485985619740496,0.986258,"[0.50,1.00)",25.531166,1.0,"[534479, 534517, 151212, 608214, 505945, 87269, 534449, 85466, 504817, 419737]",sql_first_rep0,,False,[],,
2026-08-26T06:52:29.350+00:00,calibration,0,224,HNSW_HYBRID,0.8485985619740496,0.986258,"[0.50,1.00)",2.837291,1.0,"[534479, 534517, 151212, 608214, 505945, 87269, 534449, 85466, 504817, 419737]",sql_first_rep0,,False,[],,
2026-08-26T06:52:29.350+00:00,calibration,0,224,IVFFLAT_HYBRID,0.8485985619740496,0.986258,"[0.50,1.00)",25.912958,1.0,"[534479, 534517, 151212, 608214, 505945, 87269, 534449, 85466, 504817, 419737]",sql_first_rep0,,False,[],,
2026-08-26T06:52:29.697+00:00,calibration,0,225,SQL_FIRST,0.717958724955901,0.974639,"[0.50,1.00)",161.022459,1.0,"[501114, 525064, 625672, 422191, 795303, 294194, 419144, 965592, 626571, 351703]",,,False,[],,
2026-08-26T06:52:29.698+00:00,calibration,0,225,VECTOR_FIRST_HNSW,0.717958724955901,0.974639,"[0.50,1.00)",29.482042,1.0,"[501114, 525064, 625672, 422191, 795303, 294194, 419144, 965592, 626571, 351703]",sql_first_rep0,,False,[],,
2026-08-26T06:52:29.698+00:00,calibration,0,225,HNSW_HYBRID,0.717958724955901,0.974639,"[0.50,1.00)",5.686042,1.0,"[501114, 525064, 625672, 422191, 795303, 294194, 419144, 965592, 626571, 351703]",sql_first_rep0,,False,[],,
2026-08-26T06:52:29.698+00:00,calibration,0,225,IVFFLAT_HYBRID,0.717958724955901,0.974639,"[0.50,1.00)",133.943541,1.0,"[501114, 525064, 625672, 795303, 422191, 294194, 419144, 965592, 626571, 351703]",sql_first_rep0,,False,[],,
2026-08-26T06:52:30.078+00:00,calibration,0,226,SQL_FIRST,0.17340501824360038,0.015714,"[0.00,0.05)",293.040208,1.0,"[66847, 979614, 192872, 917009, 877023, 132330, 142294, 893347, 900989, 155159]",,,False,[],,
2026-08-26T06:52:30.078+00:00,calibration,0,226,VECTOR_FIRST_HNSW,0.17340501824360038,0.015714,"[0.00,0.05)",60.475167,0.0,[],sql_first_rep0,,False,[],,
2026-08-26T06:52:30.078+00:00,calibration,0,226,HNSW_HYBRID,0.17340501824360038,0.015714,"[0.00,0.05)",3.577084,0.0,[],sql_first_rep0,,False,[],,
2026-08-26T06:52:30.078+00:00,calibration,0,226,IVFFLAT_HYBRID,0.17340501824360038,0.015714,"[0.00,0.05)",13.507458,0.7,"[66847, 979614, 192872, 877023, 132330, 900989, 155159, 522107, 930128, 663504]",sql_first_rep0,,False,[],,
2026-08-26T06:52:30.338+00:00,calibration,0,231,SQL_FIRST,0.4868363492556379,0.905017,"[0.50,1.00)",198.441875,1.0,"[468948, 468974, 469032, 468967, 466589, 466594, 466603, 671286, 33508, 254003]",,,False,[],,
2026-08-26T06:52:30.339+00:00,calibration,0,231,VECTOR_FIRST_HNSW,0.4868363492556379,0.905017,"[0.50,1.00)",37.963833,1.0,"[468948, 468974, 469032, 468967, 466589, 466594, 466603, 671286, 33508, 254003]",sql_first_rep0,,False,[],,
2026-08-26T06:52:30.339+00:00,calibration,0,231,HNSW_HYBRID,0.4868363492556379,0.905017,"[0.50,1.00)",1.553458,1.0,"[468948, 468974, 469032, 468967, 466589, 466594, 466603, 671286, 33508, 254003]",sql_first_rep0,,False,[],,
2026-08-26T06:52:30.339+00:00,calibration,0,231,IVFFLAT_HYBRID,0.4868363492556379,0.905017,"[0.50,1.00)",15.948708,1.0,"[468948, 468974, 469032, 468967, 466589, 466594, 466603, 671286, 33508, 254003]",sql_first_rep0,,False,[],,
2026-08-26T06:52:30.555+00:00,calibration,0,235,SQL_FIRST,0.9333554015016274,0.94495,"[0.50,1.00)",169.413708,1.0,"[480797, 481094, 480820, 257063, 405119, 939215, 481371, 830175, 405382, 22986]",,,False,[],,
2026-08-26T06:52:30.555+00:00,calibration,0,235,VECTOR_FIRST_HNSW,0.9333554015016274,0.94495,"[0.50,1.00)",26.788042,1.0,"[480797, 481094, 480820, 257063, 405119, 939215, 481371, 830175, 405382, 22986]",sql_first_rep0,,False,[],,
2026-08-26T06:52:30.555+00:00,calibration,0,235,HNSW_HYBRID,0.9333554015016274,0.94495,"[0.50,1.00)",2.254167,1.0,"[480797, 481094, 480820, 257063, 405119, 939215, 481371, 830175, 405382, 22986]",sql_first_rep0,,False,[],,
2026-08-26T06:52:30.555+00:00,calibration,0,235,IVFFLAT_HYBRID,0.9333554015016274,0.94495,"[0.50,1.00)",11.820542,1.0,"[480797, 481094, 480820, 257063, 405119, 939215, 481371, 830175, 405382, 22986]",sql_first_rep0,,False,[],,
2026-08-26T06:52:30.812+00:00,calibration,0,239,SQL_FIRST,0.8642731190785914,0.987612,"[0.50,1.00)",174.721458,1.0,"[195633, 274449, 194481, 273297, 498440, 63694, 370867, 638036, 21932, 107917]",,,False,[],,
2026-08-26T06:52:30.814+00:00,calibration,0,239,VECTOR_FIRST_HNSW,0.8642731190785914,0.987612,"[0.50,1.00)",38.998584,0.9,"[195633, 274449, 194481, 273297, 498440, 370867, 638036, 21932, 107917, 432029]",sql_first_rep0,,False,[],,
2026-08-26T06:52:30.814+00:00,calibration,0,239,HNSW_HYBRID,0.8642731190785914,0.987612,"[0.50,1.00)",2.185458,0.9,"[274449, 195633, 273297, 194481, 498440, 370867, 638036, 21932, 107917, 432029]",sql_first_rep0,,False,[],,
2026-08-26T06:52:30.814+00:00,calibration,0,239,IVFFLAT_HYBRID,0.8642731190785914,0.987612,"[0.50,1.00)",31.86575,0.9,"[195633, 274449, 273297, 194481, 498440, 63694, 638036, 21932, 107917, 927961]",sql_first_rep0,,False,[],,
2026-08-26T06:52:31.632+00:00,calibration,0,241,SQL_FIRST,0.2230730065144123,0.020381,"[0.00,0.05)",732.904375,1.0,"[910686, 708126, 51921, 672964, 768566, 38575, 977632, 102098, 56440, 348310]",,,False,[],,
2026-08-26T06:52:31.632+00:00,calibration,0,241,VECTOR_FIRST_HNSW,0.2230730065144123,0.020381,"[0.00,0.05)",40.816875,0.3,"[910686, 708126, 51921]",sql_first_rep0,,False,[],,
2026-08-26T06:52:31.632+00:00,calibration,0,241,HNSW_HYBRID,0.2230730065144123,0.020381,"[0.00,0.05)",1.798042,0.3,"[910686, 708126, 51921]",sql_first_rep0,,False,[],,
2026-08-26T06:52:31.632+00:00,calibration,0,241,IVFFLAT_HYBRID,0.2230730065144123,0.020381,"[0.00,0.05)",27.434167,1.0,"[910686, 708126, 51921, 672964, 768566, 38575, 977632, 102098, 56440, 348310]",sql_first_rep0,,False,[],,
2026-08-26T06:52:31.874+00:00,calibration,0,242,SQL_FIRST,0.33049540878054245,0.903448,"[0.50,1.00)",186.938333,1.0,"[352929, 338646, 353682, 278723, 336993, 278830, 336921, 298207, 321966, 351000]",,,False,[],,
2026-08-26T06:52:31.875+00:00,calibration,0,242,VECTOR_FIRST_HNSW,0.33049540878054245,0.903448,"[0.50,1.00)",29.782833,1.0,"[352929, 338646, 353682, 278723, 336993, 278830, 336921, 298207, 321966, 351000]",sql_first_rep0,,False,[],,
2026-08-26T06:52:31.875+00:00,calibration,0,242,HNSW_HYBRID,0.33049540878054245,0.903448,"[0.50,1.00)",1.616208,1.0,"[352929, 338646, 353682, 278723, 336993, 278830, 336921, 298207, 321966, 351000]",sql_first_rep0,,False,[],,
2026-08-26T06:52:31.875+00:00,calibration,0,242,IVFFLAT_HYBRID,0.33049540878054245,0.903448,"[0.50,1.00)",17.747209,1.0,"[352929, 338646, 353682, 278723, 336993, 278830, 336921, 298207, 321966, 351000]",sql_first_rep0,,False,[],,
2026-08-26T06:52:32.024+00:00,calibration,0,244,SQL_FIRST,0.31081297453442214,0.128034,"[0.10,0.25)",82.764791,1.0,"[228237, 767801, 92060, 820394, 120910, 924512, 762161, 342260, 815968, 528077]",,,False,[],,
2026-08-26T06:52:32.024+00:00,calibration,0,244,VECTOR_FIRST_HNSW,0.31081297453442214,0.128034,"[0.10,0.25)",40.141417,1.0,"[228237, 767801, 92060, 820394, 120910, 924512, 762161, 342260, 815968, 528077]",sql_first_rep0,,False,[],,
2026-08-26T06:52:32.024+00:00,calibration,0,244,HNSW_HYBRID,0.31081297453442214,0.128034,"[0.10,0.25)",1.923584,1.0,"[228237, 767801, 92060, 820394, 120910, 924512, 762161, 342260, 815968, 528077]",sql_first_rep0,,False,[],,
2026-08-26T06:52:32.024+00:00,calibration,0,244,IVFFLAT_HYBRID,0.31081297453442214,0.128034,"[0.10,0.25)",19.317792,0.9,"[767801, 92060, 820394, 120910, 924512, 762161, 342260, 815968, 528077, 262507]",sql_first_rep0,,False,[],,
2026-08-26T06:52:32.174+00:00,calibration,0,245,SQL_FIRST,0.8037672044646635,0.840244,"[0.50,1.00)",96.263042,1.0,"[282190, 284252, 886101, 664178, 907026, 906331, 921304, 885817, 905982, 496822]",,,False,[],,
2026-08-26T06:52:32.174+00:00,calibration,0,245,VECTOR_FIRST_HNSW,0.8037672044646635,0.840244,"[0.50,1.00)",29.659167,1.0,"[282190, 284252, 886101, 664178, 907026, 906331, 921304, 885817, 905982, 496822]",sql_first_rep0,,False,[],,
2026-08-26T06:52:32.174+00:00,calibration,0,245,HNSW_HYBRID,0.8037672044646635,0.840244,"[0.50,1.00)",1.912958,1.0,"[282190, 284252, 886101, 664178, 907026, 906331, 921304, 885817, 905982, 496822]",sql_first_rep0,,False,[],,
2026-08-26T06:52:32.174+00:00,calibration,0,245,IVFFLAT_HYBRID,0.8037672044646635,0.840244,"[0.50,1.00)",16.88175,1.0,"[282190, 284252, 886101, 664178, 907026, 906331, 921304, 885817, 905982, 496822]",sql_first_rep0,,False,[],,
2026-08-26T06:52:32.357+00:00,calibration,0,246,SQL_FIRST,0.7851206999370889,0.980664,"[0.50,1.00)",113.205583,1.0,"[516468, 2031, 414949, 185303, 681998, 950642, 195920, 274736, 129467, 4273]",,,False,[],,
2026-08-26T06:52:32.357+00:00,calibration,0,246,VECTOR_FIRST_HNSW,0.7851206999370889,0.980664,"[0.50,1.00)",42.342375,1.0,"[516468, 2031, 414949, 185303, 681998, 950642, 195920, 274736, 129467, 4273]",sql_first_rep0,,False,[],,
2026-08-26T06:52:32.357+00:00,calibration,0,246,HNSW_HYBRID,0.7851206999370889,0.980664,"[0.50,1.00)",2.505917,1.0,"[516468, 2031, 414949, 185303, 681998, 950642, 274736, 195920, 129467, 4273]",sql_first_rep0,,False,[],,
2026-08-26T06:52:32.357+00:00,calibration,0,246,IVFFLAT_HYBRID,0.7851206999370889,0.980664,"[0.50,1.00)",19.511541,0.6,"[516468, 2031, 185303, 681998, 950642, 4273, 20714, 968768, 949750, 402120]",sql_first_rep0,,False,[],,
2026-08-26T06:52:32.555+00:00,calibration,0,247,SQL_FIRST,0.7293092816878011,0.780855,"[0.50,1.00)",148.488625,1.0,"[39616, 41403, 442338, 41370, 39607, 563753, 44487, 101619, 424610, 570881]",,,False,[],,
2026-08-26T06:52:32.555+00:00,calibration,0,247,VECTOR_FIRST_HNSW,0.7293092816878011,0.780855,"[0.50,1.00)",19.626791,1.0,"[39616, 41403, 442338, 41370, 39607, 563753, 44487, 101619, 424610, 570881]",sql_first_rep0,,False,[],,
2026-08-26T06:52:32.555+00:00,calibration,0,247,HNSW_HYBRID,0.7293092816878011,0.780855,"[0.50,1.00)",1.423917,1.0,"[39616, 41403, 442338, 41370, 39607, 563753, 44487, 101619, 424610, 570881]",sql_first_rep0,,False,[],,
2026-08-26T06:52:32.555+00:00,calibration,0,247,IVFFLAT_HYBRID,0.7293092816878011,0.780855,"[0.50,1.00)",22.414333,1.0,"[39616, 41403, 442338, 41370, 39607, 563753, 44487, 101619, 424610, 570881]",sql_first_rep0,,False,[],,
2026-08-26T06:52:32.655+00:00,calibration,0,248,SQL_FIRST,0.5043072381937794,0.146151,"[0.10,0.25)",68.902125,1.0,"[256251, 585151, 912991, 186214, 800384, 747526, 576096, 124781, 792135, 746090]",,,False,[],,
2026-08-26T06:52:32.655+00:00,calibration,0,248,VECTOR_FIRST_HNSW,0.5043072381937794,0.146151,"[0.10,0.25)",15.7455,1.0,"[256251, 585151, 912991, 186214, 800384, 747526, 576096, 124781, 792135, 746090]",sql_first_rep0,,False,[],,
2026-08-26T06:52:32.655+00:00,calibration,0,248,HNSW_HYBRID,0.5043072381937794,0.146151,"[0.10,0.25)",1.643,1.0,"[256251, 585151, 912991, 186214, 800384, 747526, 576096, 124781, 792135, 746090]",sql_first_rep0,,False,[],,
2026-08-26T06:52:32.655+00:00,calibration,0,248,IVFFLAT_HYBRID,0.5043072381937794,0.146151,"[0.10,0.25)",7.236959,1.0,"[256251, 585151, 912991, 186214, 800384, 747526, 576096, 124781, 792135, 746090]",sql_first_rep0,,False,[],,
2026-08-26T06:52:32.754+00:00,calibration,0,249,SQL_FIRST,0.49819748076271536,0.145594,"[0.10,0.25)",61.388791,1.0,"[967146, 886060, 546768, 207575, 546472, 704096, 261243, 711034, 861767, 782390]",,,False,[],,
2026-08-26T06:52:32.754+00:00,calibration,0,249,VECTOR_FIRST_HNSW,0.49819748076271536,0.145594,"[0.10,0.25)",16.499,1.0,"[967146, 886060, 546768, 207575, 546472, 704096, 261243, 711034, 861767, 782390]",sql_first_rep0,,False,[],,
2026-08-26T06:52:32.754+00:00,calibration,0,249,HNSW_HYBRID,0.49819748076271536,0.145594,"[0.10,0.25)",1.415709,1.0,"[967146, 886060, 546768, 207575, 546472, 704096, 261243, 711034, 861767, 782390]",sql_first_rep0,,False,[],,
2026-08-26T06:52:32.755+00:00,calibration,0,249,IVFFLAT_HYBRID,0.49819748076271536,0.145594,"[0.10,0.25)",14.760042,1.0,"[967146, 886060, 546768, 207575, 546472, 704096, 261243, 711034, 861767, 782390]",sql_first_rep0,,False,[],,
2026-08-26T06:52:32.897+00:00,calibration,0,250,SQL_FIRST,0.9148684598218464,0.992213,"[0.50,1.00)",93.476792,1.0,"[427029, 421576, 912570, 352222, 280682, 428170, 252291, 364597, 836606, 458569]",,,False,[],,
2026-08-26T06:52:32.897+00:00,calibration,0,250,VECTOR_FIRST_HNSW,0.9148684598218464,0.992213,"[0.50,1.00)",21.615875,1.0,"[427029, 421576, 912570, 352222, 280682, 428170, 252291, 364597, 836606, 458569]",sql_first_rep0,,False,[],,
2026-08-26T06:52:32.897+00:00,calibration,0,250,HNSW_HYBRID,0.9148684598218464,0.992213,"[0.50,1.00)",2.0245,1.0,"[427029, 421576, 912570, 352222, 280682, 428170, 252291, 364597, 836606, 458569]",sql_first_rep0,,False,[],,
2026-08-26T06:52:32.897+00:00,calibration,0,250,IVFFLAT_HYBRID,0.9148684598218464,0.992213,"[0.50,1.00)",15.620333,1.0,"[427029, 421576, 912570, 352222, 280682, 428170, 252291, 364597, 836606, 458569]",sql_first_rep0,,False,[],,
2026-08-26T06:52:33.291+00:00,calibration,0,251,SQL_FIRST,0.1738256946337777,0.001676,"[0.00,0.05)",218.186083,1.0,"[677964, 907548, 759467, 865915, 387649, 102100, 207851, 540471, 655163, 654593]",,,False,[],,
2026-08-26T06:52:33.291+00:00,calibration,0,251,VECTOR_FIRST_HNSW,0.1738256946337777,0.001676,"[0.00,0.05)",90.525042,0.1,[677964],sql_first_rep0,,False,[],,
2026-08-26T06:52:33.291+00:00,calibration,0,251,HNSW_HYBRID,0.1738256946337777,0.001676,"[0.00,0.05)",2.383208,0.1,[677964],sql_first_rep0,,False,[],,
2026-08-26T06:52:33.291+00:00,calibration,0,251,IVFFLAT_HYBRID,0.1738256946337777,0.001676,"[0.00,0.05)",67.801917,0.8,"[677964, 907548, 759467, 387649, 102100, 207851, 655163, 654593, 26215, 755601]",sql_first_rep0,,False,[],,
2026-08-26T06:52:33.624+00:00,calibration,0,252,SQL_FIRST,0.9864501893888933,0.988575,"[0.50,1.00)",253.966875,1.0,"[818629, 665694, 89669, 92192, 690337, 510256, 258693, 602513, 295280, 449316]",,,False,[],,
2026-08-26T06:52:33.625+00:00,calibration,0,252,VECTOR_FIRST_HNSW,0.9864501893888933,0.988575,"[0.50,1.00)",50.580875,1.0,"[818629, 665694, 89669, 92192, 690337, 510256, 258693, 602513, 295280, 449316]",sql_first_rep0,,False,[],,
2026-08-26T06:52:33.625+00:00,calibration,0,252,HNSW_HYBRID,0.9864501893888933,0.988575,"[0.50,1.00)",2.290542,1.0,"[818629, 665694, 89669, 92192, 690337, 510256, 258693, 602513, 295280, 449316]",sql_first_rep0,,False,[],,
2026-08-26T06:52:33.625+00:00,calibration,0,252,IVFFLAT_HYBRID,0.9864501893888933,0.988575,"[0.50,1.00)",18.351459,1.0,"[818629, 665694, 89669, 92192, 690337, 510256, 258693, 602513, 295280, 449316]",sql_first_rep0,,False,[],,
2026-08-26T06:52:33.803+00:00,calibration,0,253,SQL_FIRST,0.3794335228020483,0.904077,"[0.50,1.00)",113.338875,1.0,"[724189, 724321, 724199, 586485, 997899, 230247, 585646, 232481, 965829, 613764]",,,False,[],,
2026-08-26T06:52:33.803+00:00,calibration,0,253,VECTOR_FIRST_HNSW,0.3794335228020483,0.904077,"[0.50,1.00)",33.020167,1.0,"[724189, 724321, 724199, 586485, 997899, 230247, 585646, 232481, 965829, 613764]",sql_first_rep0,,False,[],,
2026-08-26T06:52:33.803+00:00,calibration,0,253,HNSW_HYBRID,0.3794335228020483,0.904077,"[0.50,1.00)",3.175166,1.0,"[724189, 724321, 724199, 586485, 997899, 230247, 585646, 232481, 965829, 613764]",sql_first_rep0,,False,[],,
2026-08-26T06:52:33.803+00:00,calibration,0,253,IVFFLAT_HYBRID,0.3794335228020483,0.904077,"[0.50,1.00)",22.247833,0.9,"[724189, 724321, 586485, 997899, 230247, 585646, 232481, 965829, 613764, 372398]",sql_first_rep0,,False,[],,
2026-08-26T06:52:33.936+00:00,calibration,0,256,SQL_FIRST,0.3980529843575177,0.13447,"[0.10,0.25)",81.046,1.0,"[703640, 887899, 780549, 861880, 895057, 931094, 199368, 867960, 886208, 989476]",,,False,[],,
2026-08-26T06:52:33.936+00:00,calibration,0,256,VECTOR_FIRST_HNSW,0.3980529843575177,0.13447,"[0.10,0.25)",29.827917,1.0,"[703640, 887899, 780549, 861880, 895057, 931094, 199368, 867960, 886208, 989476]",sql_first_rep0,,False,[],,
2026-08-26T06:52:33.937+00:00,calibration,0,256,HNSW_HYBRID,0.3980529843575177,0.13447,"[0.10,0.25)",1.827334,1.0,"[703640, 887899, 780549, 861880, 895057, 931094, 199368, 867960, 886208, 989476]",sql_first_rep0,,False,[],,
2026-08-26T06:52:33.937+00:00,calibration,0,256,IVFFLAT_HYBRID,0.3980529843575177,0.13447,"[0.10,0.25)",13.095416,1.0,"[703640, 887899, 780549, 861880, 895057, 931094, 199368, 867960, 886208, 989476]",sql_first_rep0,,False,[],,
2026-08-26T06:52:34.071+00:00,calibration,0,261,SQL_FIRST,0.07984372208019591,0.00711,"[0.00,0.05)",62.959125,1.0,"[985407, 532643, 766419, 454739, 374415, 331244, 725844, 563769, 966107, 842978]",,,False,[],,
2026-08-26T06:52:34.071+00:00,calibration,0,261,VECTOR_FIRST_HNSW,0.07984372208019591,0.00711,"[0.00,0.05)",38.539541,0.0,[],sql_first_rep0,,False,[],,
2026-08-26T06:52:34.071+00:00,calibration,0,261,HNSW_HYBRID,0.07984372208019591,0.00711,"[0.00,0.05)",2.316042,0.0,[],sql_first_rep0,,False,[],,
2026-08-26T06:52:34.071+00:00,calibration,0,261,IVFFLAT_HYBRID,0.07984372208019591,0.00711,"[0.00,0.05)",25.699959,0.3,"[985407, 563769, 842978, 104278, 840975, 341428, 248072, 273099, 551546, 992141]",sql_first_rep0,,False,[],,
2026-08-26T06:52:34.241+00:00,calibration,0,263,SQL_FIRST,0.9296885698260019,0.941864,"[0.50,1.00)",118.316875,1.0,"[367275, 367078, 367468, 387299, 340373, 352848, 112178, 494985, 210695, 110427]",,,False,[],,
2026-08-26T06:52:34.242+00:00,calibration,0,263,VECTOR_FIRST_HNSW,0.9296885698260019,0.941864,"[0.50,1.00)",25.744041,1.0,"[367275, 367078, 367468, 387299, 340373, 352848, 112178, 494985, 210695, 110427]",sql_first_rep0,,False,[],,
2026-08-26T06:52:34.242+00:00,calibration,0,263,HNSW_HYBRID,0.9296885698260019,0.941864,"[0.50,1.00)",1.877125,1.0,"[367275, 367078, 367468, 387299, 340373, 352848, 112178, 494985, 210695, 110427]",sql_first_rep0,,False,[],,
2026-08-26T06:52:34.242+00:00,calibration,0,263,IVFFLAT_HYBRID,0.9296885698260019,0.941864,"[0.50,1.00)",18.447708,1.0,"[367275, 367078, 367468, 387299, 340373, 352848, 112178, 494985, 210695, 110427]",sql_first_rep0,,False,[],,
2026-08-26T06:52:34.985+00:00,calibration,0,264,SQL_FIRST,0.292956691337679,0.126238,"[0.10,0.25)",651.960083,1.0,"[301409, 374230, 863638, 355740, 606589, 939189, 709925, 734433, 997685, 866593]",,,False,[],,
2026-08-26T06:52:34.985+00:00,calibration,0,264,VECTOR_FIRST_HNSW,0.292956691337679,0.126238,"[0.10,0.25)",61.189833,0.9,"[301409, 374230, 863638, 355740, 606589, 939189, 709925, 734433, 866593, 744744]",sql_first_rep0,,False,[],,
2026-08-26T06:52:34.985+00:00,calibration,0,264,HNSW_HYBRID,0.292956691337679,0.126238,"[0.10,0.25)",2.862875,0.9,"[301409, 374230, 863638, 355740, 606589, 939189, 709925, 734433, 866593, 744744]",sql_first_rep0,,False,[],,
2026-08-26T06:52:34.985+00:00,calibration,0,264,IVFFLAT_HYBRID,0.292956691337679,0.126238,"[0.10,0.25)",14.175375,0.7,"[301409, 374230, 863638, 939189, 734433, 997685, 866593, 744744, 542102, 736176]",sql_first_rep0,,False,[],,
2026-08-26T06:52:35.153+00:00,calibration,0,269,SQL_FIRST,0.08341742880256763,0.000792,"[0.00,0.05)",66.258125,1.0,"[780934, 904293, 922916, 421170, 547129, 452178, 569079, 105226, 953078, 171618]",,,False,[],,
2026-08-26T06:52:35.153+00:00,calibration,0,269,VECTOR_FIRST_HNSW,0.08341742880256763,0.000792,"[0.00,0.05)",51.475875,0.0,[],sql_first_rep0,,False,[],,
2026-08-26T06:52:35.153+00:00,calibration,0,269,HNSW_HYBRID,0.08341742880256763,0.000792,"[0.00,0.05)",21.182375,1.0,"[780934, 904293, 922916, 421170, 547129, 452178, 569079, 105226, 953078, 171618]",sql_first_rep0,,False,[],,
2026-08-26T06:52:35.153+00:00,calibration,0,269,IVFFLAT_HYBRID,0.08341742880256763,0.000792,"[0.00,0.05)",22.581417,1.0,"[780934, 904293, 922916, 421170, 547129, 452178, 569079, 105226, 953078, 171618]",sql_first_rep0,,False,[],,
2026-08-26T06:52:35.342+00:00,calibration,0,270,SQL_FIRST,0.8858762148890499,0.98947,"[0.50,1.00)",135.577708,1.0,"[895446, 895688, 23415, 226435, 750701, 622782, 869787, 499556, 498446, 542267]",,,False,[],,
2026-08-26T06:52:35.342+00:00,calibration,0,270,VECTOR_FIRST_HNSW,0.8858762148890499,0.98947,"[0.50,1.00)",36.356583,1.0,"[895446, 895688, 23415, 226435, 750701, 622782, 869787, 499556, 498446, 542267]",sql_first_rep0,,False,[],,
2026-08-26T06:52:35.342+00:00,calibration,0,270,HNSW_HYBRID,0.8858762148890499,0.98947,"[0.50,1.00)",2.615959,1.0,"[895446, 895688, 23415, 226435, 750701, 622782, 869787, 499556, 498446, 542267]",sql_first_rep0,,False,[],,
2026-08-26T06:52:35.342+00:00,calibration,0,270,IVFFLAT_HYBRID,0.8858762148890499,0.98947,"[0.50,1.00)",7.39725,0.8,"[895446, 895688, 23415, 750701, 869787, 499556, 498446, 542267, 506457, 431390]",sql_first_rep0,,False,[],,
2026-08-26T06:52:35.609+00:00,calibration,0,271,SQL_FIRST,0.495077516195893,0.143065,"[0.10,0.25)",200.037958,1.0,"[852067, 58617, 125524, 103930, 945665, 467399, 149938, 809123, 558862, 412142]",,,False,[],,
2026-08-26T06:52:35.609+00:00,calibration,0,271,VECTOR_FIRST_HNSW,0.495077516195893,0.143065,"[0.10,0.25)",18.269375,0.9,"[852067, 58617, 125524, 103930, 945665, 467399, 149938, 809123, 558862]",sql_first_rep0,,False,[],,
2026-08-26T06:52:35.609+00:00,calibration,0,271,HNSW_HYBRID,0.495077516195893,0.143065,"[0.10,0.25)",1.62125,0.9,"[852067, 58617, 125524, 103930, 945665, 467399, 149938, 809123, 558862]",sql_first_rep0,,False,[],,
2026-08-26T06:52:35.609+00:00,calibration,0,271,IVFFLAT_HYBRID,0.495077516195893,0.143065,"[0.10,0.25)",35.826708,1.0,"[852067, 58617, 125524, 103930, 945665, 467399, 149938, 809123, 558862, 412142]",sql_first_rep0,,False,[],,
2026-08-26T06:52:35.887+00:00,calibration,0,273,SQL_FIRST,0.8043362797768661,0.982346,"[0.50,1.00)",196.836917,1.0,"[113255, 113261, 113082, 113359, 113463, 29399, 204385, 268663, 859919, 113118]",,,False,[],,
2026-08-26T06:52:35.888+00:00,calibration,0,273,VECTOR_FIRST_HNSW,0.8043362797768661,0.982346,"[0.50,1.00)",41.582042,1.0,"[113255, 113261, 113082, 113359, 113463, 29399, 204385, 268663, 859919, 113118]",sql_first_rep0,,False,[],,
2026-08-26T06:52:35.888+00:00,calibration,0,273,HNSW_HYBRID,0.8043362797768661,0.982346,"[0.50,1.00)",2.27725,1.0,"[113255, 113261, 113082, 113359, 113463, 29399, 268663, 204385, 859919, 113118]",sql_first_rep0,,False,[],,
2026-08-26T06:52:35.888+00:00,calibration,0,273,IVFFLAT_HYBRID,0.8043362797768661,0.982346,"[0.50,1.00)",30.792584,1.0,"[113255, 113261, 113082, 113359, 113463, 29399, 268663, 204385, 859919, 113118]",sql_first_rep0,,False,[],,
2026-08-26T06:52:36.126+00:00,calibration,0,274,SQL_FIRST,0.5896326321239344,0.15234,"[0.10,0.25)",190.406208,1.0,"[94427, 430594, 151881, 665396, 923163, 305258, 519856, 130388, 355139, 602676]",,,False,[],,
2026-08-26T06:52:36.127+00:00,calibration,0,274,VECTOR_FIRST_HNSW,0.5896326321239344,0.15234,"[0.10,0.25)",22.255958,0.9,"[94427, 430594, 151881, 923163, 305258, 519856, 130388, 355139, 602676, 106769]",sql_first_rep0,,False,[],,
2026-08-26T06:52:36.127+00:00,calibration,0,274,HNSW_HYBRID,0.5896326321239344,0.15234,"[0.10,0.25)",1.502125,0.9,"[94427, 430594, 151881, 923163, 305258, 519856, 130388, 355139, 602676, 106769]",sql_first_rep0,,False,[],,
2026-08-26T06:52:36.127+00:00,calibration,0,274,IVFFLAT_HYBRID,0.5896326321239344,0.15234,"[0.10,0.25)",17.97375,0.9,"[94427, 430594, 151881, 923163, 305258, 519856, 130388, 355139, 602676, 659530]",sql_first_rep0,,False,[],,
2026-08-26T06:52:36.267+00:00,calibration,0,276,SQL_FIRST,0.9822917893495972,0.98469,"[0.50,1.00)",92.091292,1.0,"[192473, 271289, 192486, 271302, 192718, 271534, 312807, 478743, 913506, 878186]",,,False,[],,
2026-08-26T06:52:36.267+00:00,calibration,0,276,VECTOR_FIRST_HNSW,0.9822917893495972,0.98469,"[0.50,1.00)",33.028291,1.0,"[192473, 271289, 192486, 271302, 192718, 271534, 312807, 478743, 913506, 878186]",sql_first_rep0,,False,[],,
2026-08-26T06:52:36.267+00:00,calibration,0,276,HNSW_HYBRID,0.9822917893495972,0.98469,"[0.50,1.00)",1.849834,1.0,"[271289, 192473, 271302, 192486, 271534, 192718, 312807, 478743, 913506, 878186]",sql_first_rep0,,False,[],,
2026-08-26T06:52:36.267+00:00,calibration,0,276,IVFFLAT_HYBRID,0.9822917893495972,0.98469,"[0.50,1.00)",7.637084,0.7,"[271289, 192473, 192486, 271302, 478743, 913506, 878186, 265686, 201408, 965634]",sql_first_rep0,,False,[],,
2026-08-26T06:52:36.424+00:00,calibration,0,278,SQL_FIRST,0.32316446096336426,0.903379,"[0.50,1.00)",89.395083,1.0,"[998937, 998801, 892957, 758084, 962171, 997076, 893043, 113106, 976259, 673366]",,,False,[],,
2026-08-26T06:52:36.424+00:00,calibration,0,278,VECTOR_FIRST_HNSW,0.32316446096336426,0.903379,"[0.50,1.00)",49.166333,1.0,"[998937, 998801, 892957, 758084, 962171, 997076, 893043, 113106, 976259, 673366]",sql_first_rep0,,False,[],,
2026-08-26T06:52:36.424+00:00,calibration,0,278,HNSW_HYBRID,0.32316446096336426,0.903379,"[0.50,1.00)",1.439167,1.0,"[998937, 998801, 892957, 758084, 962171, 997076, 893043, 113106, 976259, 673366]",sql_first_rep0,,False,[],,
2026-08-26T06:52:36.424+00:00,calibration,0,278,IVFFLAT_HYBRID,0.32316446096336426,0.903379,"[0.50,1.00)",10.254375,0.4,"[892957, 962171, 893043, 113106, 893039, 103363, 893085, 893236, 113839, 526312]",sql_first_rep0,,False,[],,
2026-08-26T06:52:36.666+00:00,calibration,0,279,SQL_FIRST,0.26394035767917634,0.902825,"[0.50,1.00)",153.657792,1.0,"[3644, 285533, 177000, 355282, 175066, 966154, 297088, 529256, 581125, 84715]",,,False,[],,
2026-08-26T06:52:36.666+00:00,calibration,0,279,VECTOR_FIRST_HNSW,0.26394035767917634,0.902825,"[0.50,1.00)",64.537042,1.0,"[3644, 285533, 177000, 355282, 175066, 966154, 297088, 529256, 581125, 84715]",sql_first_rep0,,False,[],,
2026-08-26T06:52:36.666+00:00,calibration,0,279,HNSW_HYBRID,0.26394035767917634,0.902825,"[0.50,1.00)",3.801708,1.0,"[3644, 285533, 177000, 355282, 175066, 966154, 297088, 529256, 581125, 84715]",sql_first_rep0,,False,[],,
2026-08-26T06:52:36.666+00:00,calibration,0,279,IVFFLAT_HYBRID,0.26394035767917634,0.902825,"[0.50,1.00)",11.531875,0.6,"[3644, 177000, 355282, 966154, 581125, 84715, 820154, 686005, 376583, 176298]",sql_first_rep0,,False,[],,
2026-08-26T06:52:36.857+00:00,calibration,0,280,SQL_FIRST,0.2833688879635897,0.125105,"[0.10,0.25)",138.390542,1.0,"[88408, 531146, 454984, 318347, 353770, 327155, 957335, 530825, 709122, 92881]",,,False,[],,
2026-08-26T06:52:36.857+00:00,calibration,0,280,VECTOR_FIRST_HNSW,0.2833688879635897,0.125105,"[0.10,0.25)",30.930292,1.0,"[88408, 531146, 454984, 318347, 353770, 327155, 957335, 530825, 709122, 92881]",sql_first_rep0,,False,[],,
2026-08-26T06:52:36.857+00:00,calibration,0,280,HNSW_HYBRID,0.2833688879635897,0.125105,"[0.10,0.25)",2.085208,1.0,"[88408, 531146, 454984, 318347, 353770, 327155, 957335, 530825, 709122, 92881]",sql_first_rep0,,False,[],,
2026-08-26T06:52:36.857+00:00,calibration,0,280,IVFFLAT_HYBRID,0.2833688879635897,0.125105,"[0.10,0.25)",13.86625,0.9,"[88408, 531146, 454984, 318347, 353770, 327155, 957335, 530825, 709122, 258349]",sql_first_rep0,,False,[],,
2026-08-26T06:52:36.951+00:00,calibration,0,283,SQL_FIRST,0.06431945848192305,0.000634,"[0.00,0.05)",30.083417,1.0,"[803724, 995448, 797264, 658204, 486729, 169512, 924532, 856227, 760415, 320469]",,,False,[],,
2026-08-26T06:52:36.951+00:00,calibration,0,283,VECTOR_FIRST_HNSW,0.06431945848192305,0.000634,"[0.00,0.05)",17.992292,0.0,[],sql_first_rep0,,False,[],,
2026-08-26T06:52:36.951+00:00,calibration,0,283,HNSW_HYBRID,0.06431945848192305,0.000634,"[0.00,0.05)",19.344917,1.0,"[803724, 995448, 797264, 658204, 486729, 169512, 924532, 856227, 760415, 320469]",sql_first_rep0,,False,[],,
2026-08-26T06:52:36.951+00:00,calibration,0,283,IVFFLAT_HYBRID,0.06431945848192305,0.000634,"[0.00,0.05)",20.297209,1.0,"[803724, 995448, 797264, 658204, 486729, 169512, 924532, 856227, 760415, 320469]",sql_first_rep0,,False,[],,
2026-08-26T06:52:37.124+00:00,calibration,0,285,SQL_FIRST,0.5074054451347056,0.905233,"[0.50,1.00)",131.677,1.0,"[158334, 136913, 509923, 819667, 915357, 242149, 662207, 158451, 335396, 752726]",,,False,[],,
2026-08-26T06:52:37.124+00:00,calibration,0,285,VECTOR_FIRST_HNSW,0.5074054451347056,0.905233,"[0.50,1.00)",22.470583,1.0,"[158334, 136913, 509923, 819667, 915357, 242149, 662207, 158451, 335396, 752726]",sql_first_rep0,,False,[],,
2026-08-26T06:52:37.125+00:00,calibration,0,285,HNSW_HYBRID,0.5074054451347056,0.905233,"[0.50,1.00)",1.5955,1.0,"[158334, 136913, 509923, 819667, 915357, 242149, 662207, 158451, 335396, 752726]",sql_first_rep0,,False,[],,
2026-08-26T06:52:37.125+00:00,calibration,0,285,IVFFLAT_HYBRID,0.5074054451347056,0.905233,"[0.50,1.00)",11.502,0.7,"[158334, 136913, 819667, 915357, 242149, 662207, 335396, 664939, 375017, 295001]",sql_first_rep0,,False,[],,
2026-08-26T06:52:37.307+00:00,calibration,0,286,SQL_FIRST,0.8858095287175086,0.989482,"[0.50,1.00)",99.838042,1.0,"[723933, 279215, 726996, 279209, 98907, 699355, 698679, 170604, 98841, 354098]",,,False,[],,
2026-08-26T06:52:37.307+00:00,calibration,0,286,VECTOR_FIRST_HNSW,0.8858095287175086,0.989482,"[0.50,1.00)",47.975292,1.0,"[723933, 279215, 726996, 279209, 98907, 699355, 698679, 170604, 98841, 354098]",sql_first_rep0,,False,[],,
2026-08-26T06:52:37.307+00:00,calibration,0,286,HNSW_HYBRID,0.8858095287175086,0.989482,"[0.50,1.00)",3.363833,1.0,"[723933, 279215, 726996, 279209, 98907, 699355, 698679, 170604, 98841, 354098]",sql_first_rep0,,False,[],,
2026-08-26T06:52:37.307+00:00,calibration,0,286,IVFFLAT_HYBRID,0.8858095287175086,0.989482,"[0.50,1.00)",24.320209,0.6,"[723933, 98907, 699355, 170604, 98841, 354098, 462220, 232827, 683955, 268662]",sql_first_rep0,,False,[],,
2026-08-26T06:52:37.482+00:00,calibration,0,288,SQL_FIRST,0.6218442035977301,0.690661,"[0.50,1.00)",107.185375,1.0,"[195885, 274701, 196677, 198449, 277265, 992908, 594603, 102510, 286169, 145721]",,,False,[],,
2026-08-26T06:52:37.482+00:00,calibration,0,288,VECTOR_FIRST_HNSW,0.6218442035977301,0.690661,"[0.50,1.00)",37.203875,1.0,"[195885, 274701, 196677, 198449, 277265, 992908, 594603, 102510, 286169, 145721]",sql_first_rep0,,False,[],,
2026-08-26T06:52:37.482+00:00,calibration,0,288,HNSW_HYBRID,0.6218442035977301,0.690661,"[0.50,1.00)",1.280333,1.0,"[274701, 195885, 196677, 277265, 198449, 992908, 594603, 102510, 286169, 145721]",sql_first_rep0,,False,[],,
2026-08-26T06:52:37.482+00:00,calibration,0,288,IVFFLAT_HYBRID,0.6218442035977301,0.690661,"[0.50,1.00)",22.585459,1.0,"[274701, 195885, 196677, 198449, 277265, 992908, 594603, 102510, 286169, 145721]",sql_first_rep0,,False,[],,
2026-08-26T06:52:37.655+00:00,calibration,0,289,SQL_FIRST,0.29533133576082504,0.903219,"[0.50,1.00)",116.488042,1.0,"[213962, 109327, 693569, 457198, 413062, 618135, 618455, 302544, 505342, 903258]",,,False,[],,
2026-08-26T06:52:37.655+00:00,calibration,0,289,VECTOR_FIRST_HNSW,0.29533133576082504,0.903219,"[0.50,1.00)",34.876916,1.0,"[213962, 109327, 693569, 457198, 413062, 618135, 618455, 302544, 505342, 903258]",sql_first_rep0,,False,[],,
2026-08-26T06:52:37.655+00:00,calibration,0,289,HNSW_HYBRID,0.29533133576082504,0.903219,"[0.50,1.00)",3.461625,1.0,"[213962, 109327, 693569, 457198, 413062, 618135, 618455, 302544, 505342, 903258]",sql_first_rep0,,False,[],,
2026-08-26T06:52:37.655+00:00,calibration,0,289,IVFFLAT_HYBRID,0.29533133576082504,0.903219,"[0.50,1.00)",13.263042,0.8,"[213962, 109327, 693569, 457198, 413062, 618135, 618455, 302544, 259533, 260642]",sql_first_rep0,,False,[],,
2026-08-26T06:52:37.768+00:00,calibration,0,290,SQL_FIRST,0.3854995813742302,0.13329,"[0.10,0.25)",65.548583,1.0,"[749716, 294274, 15605, 295496, 945472, 392380, 273089, 344753, 523511, 102093]",,,False,[],,
2026-08-26T06:52:37.768+00:00,calibration,0,290,VECTOR_FIRST_HNSW,0.3854995813742302,0.13329,"[0.10,0.25)",28.839875,0.6,"[749716, 294274, 15605, 295496, 945472, 392380]",sql_first_rep0,,False,[],,
2026-08-26T06:52:37.768+00:00,calibration,0,290,HNSW_HYBRID,0.3854995813742302,0.13329,"[0.10,0.25)",2.129666,0.7,"[749716, 294274, 15605, 295496, 945472, 392380, 273089]",sql_first_rep0,,False,[],,
2026-08-26T06:52:37.768+00:00,calibration,0,290,IVFFLAT_HYBRID,0.3854995813742302,0.13329,"[0.10,0.25)",10.388709,0.7,"[749716, 294274, 295496, 392380, 273089, 344753, 102093, 111142, 531201, 726700]",sql_first_rep0,,False,[],,
2026-08-26T06:52:37.908+00:00,calibration,0,291,SQL_FIRST,0.08976017984875732,0.000888,"[0.00,0.05)",40.592125,1.0,"[337181, 520014, 514536, 157334, 659964, 122367, 382152, 272319, 55601, 60263]",,,False,[],,
2026-08-26T06:52:37.908+00:00,calibration,0,291,VECTOR_FIRST_HNSW,0.08976017984875732,0.000888,"[0.00,0.05)",25.269709,0.0,[],sql_first_rep0,,False,[],,
2026-08-26T06:52:37.908+00:00,calibration,0,291,HNSW_HYBRID,0.08976017984875732,0.000888,"[0.00,0.05)",22.129916,1.0,"[337181, 520014, 514536, 157334, 659964, 122367, 382152, 272319, 55601, 60263]",sql_first_rep0,,False,[],,
2026-08-26T06:52:37.908+00:00,calibration,0,291,IVFFLAT_HYBRID,0.08976017984875732,0.000888,"[0.00,0.05)",44.979292,1.0,"[337181, 520014, 514536, 157334, 659964, 122367, 382152, 272319, 55601, 60263]",sql_first_rep0,,False,[],,
2026-08-26T06:52:38.050+00:00,calibration,0,292,SQL_FIRST,0.20125291345072513,0.002023,"[0.00,0.05)",65.975125,1.0,"[229704, 817797, 923020, 88326, 598078, 678556, 397575, 543424, 915577, 952251]",,,False,[],,
2026-08-26T06:52:38.051+00:00,calibration,0,292,VECTOR_FIRST_HNSW,0.20125291345072513,0.002023,"[0.00,0.05)",23.883917,0.0,[],sql_first_rep0,,False,[],,
2026-08-26T06:52:38.051+00:00,calibration,0,292,HNSW_HYBRID,0.20125291345072513,0.002023,"[0.00,0.05)",1.795,0.0,[],sql_first_rep0,,False,[],,
2026-08-26T06:52:38.051+00:00,calibration,0,292,IVFFLAT_HYBRID,0.20125291345072513,0.002023,"[0.00,0.05)",44.923125,0.6,"[229704, 817797, 88326, 397575, 915577, 952251, 908754, 467928, 98629, 927879]",sql_first_rep0,,False,[],,
2026-08-26T06:52:38.244+00:00,calibration,0,293,SQL_FIRST,0.4118314878416184,0.904386,"[0.50,1.00)",109.318375,1.0,"[17696, 748475, 879528, 679767, 529642, 151996, 601754, 503311, 802748, 805383]",,,False,[],,
2026-08-26T06:52:38.244+00:00,calibration,0,293,VECTOR_FIRST_HNSW,0.4118314878416184,0.904386,"[0.50,1.00)",26.352208,1.0,"[17696, 748475, 879528, 679767, 529642, 151996, 601754, 503311, 802748, 805383]",sql_first_rep0,,False,[],,
2026-08-26T06:52:38.244+00:00,calibration,0,293,HNSW_HYBRID,0.4118314878416184,0.904386,"[0.50,1.00)",3.250375,1.0,"[17696, 748475, 879528, 679767, 529642, 151996, 601754, 503311, 802748, 805383]",sql_first_rep0,,False,[],,
2026-08-26T06:52:38.245+00:00,calibration,0,293,IVFFLAT_HYBRID,0.4118314878416184,0.904386,"[0.50,1.00)",46.711125,0.9,"[17696, 748475, 679767, 529642, 151996, 601754, 503311, 802748, 805383, 529678]",sql_first_rep0,,False,[],,
2026-08-26T06:52:38.965+00:00,calibration,0,297,SQL_FIRST,0.7965341395586742,0.834106,"[0.50,1.00)",582.078875,1.0,"[483560, 622835, 497261, 502787, 81878, 111080, 111162, 483345, 724568, 516822]",,,False,[],,
2026-08-26T06:52:38.966+00:00,calibration,0,297,VECTOR_FIRST_HNSW,0.7965341395586742,0.834106,"[0.50,1.00)",81.557417,1.0,"[483560, 622835, 497261, 502787, 81878, 111080, 111162, 483345, 724568, 516822]",sql_first_rep0,,False,[],,
2026-08-26T06:52:38.966+00:00,calibration,0,297,HNSW_HYBRID,0.7965341395586742,0.834106,"[0.50,1.00)",2.021542,1.0,"[483560, 622835, 497261, 502787, 81878, 111080, 111162, 483345, 724568, 516822]",sql_first_rep0,,False,[],,
2026-08-26T06:52:38.966+00:00,calibration,0,297,IVFFLAT_HYBRID,0.7965341395586742,0.834106,"[0.50,1.00)",19.695125,0.9,"[483560, 622835, 497261, 81878, 111080, 111162, 483345, 724568, 516822, 275581]",sql_first_rep0,,False,[],,
2026-08-26T06:52:39.152+00:00,calibration,0,299,SQL_FIRST,0.8085003157745518,0.982714,"[0.50,1.00)",139.126666,1.0,"[162753, 162195, 144063, 143050, 42633, 946638, 946252, 638817, 580777, 328589]",,,False,[],,
2026-08-26T06:52:39.152+00:00,calibration,0,299,VECTOR_FIRST_HNSW,0.8085003157745518,0.982714,"[0.50,1.00)",22.586875,1.0,"[162753, 162195, 144063, 143050, 42633, 946638, 946252, 638817, 580777, 328589]",sql_first_rep0,,False,[],,
2026-08-26T06:52:39.152+00:00,calibration,0,299,HNSW_HYBRID,0.8085003157745518,0.982714,"[0.50,1.00)",1.461167,1.0,"[162753, 162195, 144063, 143050, 42633, 946638, 946252, 638817, 580777, 328589]",sql_first_rep0,,False,[],,
2026-08-26T06:52:39.152+00:00,calibration,0,299,IVFFLAT_HYBRID,0.8085003157745518,0.982714,"[0.50,1.00)",15.94275,1.0,"[162753, 162195, 144063, 143050, 42633, 946638, 946252, 638817, 580777, 328589]",sql_first_rep0,,False,[],,
2026-08-26T06:52:39.308+00:00,calibration,0,300,SQL_FIRST,0.6833195457554857,0.743324,"[0.50,1.00)",87.203,1.0,"[663436, 483883, 993876, 998024, 17362, 230357, 993788, 385415, 854863, 220737]",,,False,[],,
2026-08-26T06:52:39.308+00:00,calibration,0,300,VECTOR_FIRST_HNSW,0.6833195457554857,0.743324,"[0.50,1.00)",42.486167,1.0,"[663436, 483883, 993876, 998024, 17362, 230357, 993788, 385415, 854863, 220737]",sql_first_rep0,,False,[],,
2026-08-26T06:52:39.308+00:00,calibration,0,300,HNSW_HYBRID,0.6833195457554857,0.743324,"[0.50,1.00)",2.095291,1.0,"[663436, 483883, 993876, 998024, 17362, 230357, 993788, 385415, 854863, 220737]",sql_first_rep0,,False,[],,
2026-08-26T06:52:39.309+00:00,calibration,0,300,IVFFLAT_HYBRID,0.6833195457554857,0.743324,"[0.50,1.00)",18.259833,0.8,"[663436, 993876, 998024, 17362, 230357, 993788, 385415, 854863, 989936, 279851]",sql_first_rep0,,False,[],,
2026-08-26T06:52:39.481+00:00,calibration,0,305,SQL_FIRST,0.9350239897063614,0.94634,"[0.50,1.00)",112.704917,1.0,"[96700, 96712, 97248, 985025, 974948, 981091, 981359, 281752, 648521, 980069]",,,False,[],,
2026-08-26T06:52:39.481+00:00,calibration,0,305,VECTOR_FIRST_HNSW,0.9350239897063614,0.94634,"[0.50,1.00)",29.256542,1.0,"[96700, 96712, 97248, 985025, 974948, 981091, 981359, 281752, 648521, 980069]",sql_first_rep0,,False,[],,
2026-08-26T06:52:39.481+00:00,calibration,0,305,HNSW_HYBRID,0.9350239897063614,0.94634,"[0.50,1.00)",2.261208,1.0,"[96700, 96712, 97248, 985025, 974948, 981091, 981359, 281752, 648521, 980069]",sql_first_rep0,,False,[],,
2026-08-26T06:52:39.481+00:00,calibration,0,305,IVFFLAT_HYBRID,0.9350239897063614,0.94634,"[0.50,1.00)",22.454833,0.8,"[96700, 97248, 985025, 974948, 981091, 281752, 648521, 980069, 215853, 480416]",sql_first_rep0,,False,[],,
2026-08-26T06:52:39.628+00:00,calibration,0,306,SQL_FIRST,0.4198779829099572,0.904474,"[0.50,1.00)",106.764833,1.0,"[53282, 52191, 53283, 52238, 478260, 57076, 56183, 823515, 511761, 512051]",,,False,[],,
2026-08-26T06:52:39.628+00:00,calibration,0,306,VECTOR_FIRST_HNSW,0.4198779829099572,0.904474,"[0.50,1.00)",16.328542,1.0,"[53282, 52191, 53283, 52238, 478260, 57076, 56183, 823515, 511761, 512051]",sql_first_rep0,,False,[],,
2026-08-26T06:52:39.629+00:00,calibration,0,306,HNSW_HYBRID,0.4198779829099572,0.904474,"[0.50,1.00)",1.314084,1.0,"[53282, 52191, 53283, 52238, 478260, 57076, 56183, 823515, 511761, 512051]",sql_first_rep0,,False,[],,
2026-08-26T06:52:39.629+00:00,calibration,0,306,IVFFLAT_HYBRID,0.4198779829099572,0.904474,"[0.50,1.00)",17.730625,1.0,"[53282, 52191, 53283, 52238, 478260, 57076, 56183, 823515, 511761, 512051]",sql_first_rep0,,False,[],,
2026-08-26T06:52:39.767+00:00,calibration,0,307,SQL_FIRST,0.5106612070752224,0.905389,"[0.50,1.00)",100.953667,1.0,"[849385, 406298, 370598, 399229, 982359, 739635, 406586, 747470, 396322, 836334]",,,False,[],,
2026-08-26T06:52:39.767+00:00,calibration,0,307,VECTOR_FIRST_HNSW,0.5106612070752224,0.905389,"[0.50,1.00)",20.59,1.0,"[849385, 406298, 370598, 399229, 982359, 739635, 406586, 747470, 396322, 836334]",sql_first_rep0,,False,[],,
2026-08-26T06:52:39.767+00:00,calibration,0,307,HNSW_HYBRID,0.5106612070752224,0.905389,"[0.50,1.00)",1.610916,1.0,"[849385, 406298, 370598, 399229, 982359, 739635, 406586, 747470, 396322, 836334]",sql_first_rep0,,False,[],,
2026-08-26T06:52:39.767+00:00,calibration,0,307,IVFFLAT_HYBRID,0.5106612070752224,0.905389,"[0.50,1.00)",9.097709,0.8,"[406298, 370598, 399229, 982359, 739635, 406586, 747470, 836334, 741554, 734293]",sql_first_rep0,,False,[],,
2026-08-26T06:52:39.918+00:00,calibration,0,308,SQL_FIRST,0.8087023299000541,0.982737,"[0.50,1.00)",111.789417,1.0,"[323868, 325220, 158802, 351262, 427866, 158290, 354396, 352814, 342627, 280871]",,,False,[],,
2026-08-26T06:52:39.919+00:00,calibration,0,308,VECTOR_FIRST_HNSW,0.8087023299000541,0.982737,"[0.50,1.00)",19.467625,1.0,"[323868, 325220, 158802, 351262, 427866, 158290, 354396, 352814, 342627, 280871]",sql_first_rep0,,False,[],,
2026-08-26T06:52:39.919+00:00,calibration,0,308,HNSW_HYBRID,0.8087023299000541,0.982737,"[0.50,1.00)",2.513792,1.0,"[323868, 325220, 158802, 351262, 427866, 158290, 354396, 352814, 342627, 280871]",sql_first_rep0,,False,[],,
2026-08-26T06:52:39.919+00:00,calibration,0,308,IVFFLAT_HYBRID,0.8087023299000541,0.982737,"[0.50,1.00)",12.187833,1.0,"[323868, 325220, 158802, 351262, 427866, 158290, 354396, 352814, 342627, 280871]",sql_first_rep0,,False,[],,
2026-08-26T06:52:40.064+00:00,calibration,0,309,SQL_FIRST,0.5702849901530828,0.905994,"[0.50,1.00)",97.722333,1.0,"[119055, 120231, 118533, 321949, 70050, 567691, 303333, 120407, 127028, 462242]",,,False,[],,
2026-08-26T06:52:40.064+00:00,calibration,0,309,VECTOR_FIRST_HNSW,0.5702849901530828,0.905994,"[0.50,1.00)",23.460708,1.0,"[119055, 120231, 118533, 321949, 70050, 567691, 303333, 120407, 127028, 462242]",sql_first_rep0,,False,[],,
2026-08-26T06:52:40.064+00:00,calibration,0,309,HNSW_HYBRID,0.5702849901530828,0.905994,"[0.50,1.00)",1.997625,1.0,"[119055, 120231, 118533, 321949, 70050, 567691, 303333, 120407, 127028, 462242]",sql_first_rep0,,False,[],,
2026-08-26T06:52:40.064+00:00,calibration,0,309,IVFFLAT_HYBRID,0.5702849901530828,0.905994,"[0.50,1.00)",16.310625,1.0,"[119055, 120231, 118533, 321949, 70050, 567691, 303333, 120407, 127028, 462242]",sql_first_rep0,,False,[],,
2026-08-26T06:52:40.215+00:00,calibration,0,311,SQL_FIRST,0.9756237488696464,0.997657,"[0.50,1.00)",114.091542,1.0,"[646468, 471867, 409173, 409138, 643158, 576665, 471718, 894769, 643631, 575825]",,,False,[],,
2026-08-26T06:52:40.215+00:00,calibration,0,311,VECTOR_FIRST_HNSW,0.9756237488696464,0.997657,"[0.50,1.00)",18.682875,1.0,"[646468, 471867, 409173, 409138, 643158, 576665, 471718, 894769, 643631, 575825]",sql_first_rep0,,False,[],,
2026-08-26T06:52:40.216+00:00,calibration,0,311,HNSW_HYBRID,0.9756237488696464,0.997657,"[0.50,1.00)",1.470459,1.0,"[646468, 471867, 409173, 409138, 643158, 576665, 471718, 894769, 643631, 575825]",sql_first_rep0,,False,[],,
2026-08-26T06:52:40.216+00:00,calibration,0,311,IVFFLAT_HYBRID,0.9756237488696464,0.997657,"[0.50,1.00)",11.30575,1.0,"[646468, 471867, 409173, 409138, 643158, 576665, 471718, 894769, 643631, 575825]",sql_first_rep0,,False,[],,
2026-08-26T06:52:40.340+00:00,calibration,0,317,SQL_FIRST,0.1989113252520007,0.001986,"[0.00,0.05)",67.333334,1.0,"[476425, 569617, 446101, 447250, 972532, 667051, 446566, 704045, 877902, 576962]",,,False,[],,
2026-08-26T06:52:40.340+00:00,calibration,0,317,VECTOR_FIRST_HNSW,0.1989113252520007,0.001986,"[0.00,0.05)",15.697333,0.0,[],sql_first_rep0,,False,[],,
2026-08-26T06:52:40.341+00:00,calibration,0,317,HNSW_HYBRID,0.1989113252520007,0.001986,"[0.00,0.05)",1.208334,0.0,[],sql_first_rep0,,False,[],,
2026-08-26T06:52:40.341+00:00,calibration,0,317,IVFFLAT_HYBRID,0.1989113252520007,0.001986,"[0.00,0.05)",35.081291,0.9,"[476425, 569617, 446101, 447250, 972532, 667051, 446566, 704045, 576962, 560803]",sql_first_rep0,,False,[],,
2026-08-26T06:52:40.471+00:00,calibration,0,319,SQL_FIRST,0.5008499827069635,0.905168,"[0.50,1.00)",97.958916,1.0,"[677734, 857765, 998771, 258174, 446205, 445200, 979996, 873450, 779374, 299732]",,,False,[],,
2026-08-26T06:52:40.471+00:00,calibration,0,319,VECTOR_FIRST_HNSW,0.5008499827069635,0.905168,"[0.50,1.00)",17.290375,1.0,"[677734, 857765, 998771, 258174, 446205, 445200, 979996, 873450, 779374, 299732]",sql_first_rep0,,False,[],,
2026-08-26T06:52:40.471+00:00,calibration,0,319,HNSW_HYBRID,0.5008499827069635,0.905168,"[0.50,1.00)",1.515417,1.0,"[677734, 857765, 998771, 258174, 446205, 445200, 979996, 873450, 779374, 299732]",sql_first_rep0,,False,[],,
2026-08-26T06:52:40.471+00:00,calibration,0,319,IVFFLAT_HYBRID,0.5008499827069635,0.905168,"[0.50,1.00)",8.265875,1.0,"[677734, 857765, 998771, 258174, 446205, 445200, 979996, 873450, 779374, 299732]",sql_first_rep0,,False,[],,
2026-08-26T06:52:40.700+00:00,calibration,0,321,SQL_FIRST,0.24835148580378336,0.02169,"[0.00,0.05)",173.046,1.0,"[909959, 122763, 57302, 204597, 503458, 812604, 168277, 895861, 680017, 106309]",,,False,[],,
2026-08-26T06:52:40.700+00:00,calibration,0,321,VECTOR_FIRST_HNSW,0.24835148580378336,0.02169,"[0.00,0.05)",24.445083,0.0,[],sql_first_rep0,,False,[],,
2026-08-26T06:52:40.701+00:00,calibration,0,321,HNSW_HYBRID,0.24835148580378336,0.02169,"[0.00,0.05)",2.187458,0.0,[],sql_first_rep0,,False,[],,
2026-08-26T06:52:40.701+00:00,calibration,0,321,IVFFLAT_HYBRID,0.24835148580378336,0.02169,"[0.00,0.05)",22.166583,0.4,"[204597, 168277, 895861, 106309, 353276, 107729, 199137, 416633, 725521, 499347]",sql_first_rep0,,False,[],,
2026-08-26T06:52:40.800+00:00,calibration,0,323,SQL_FIRST,0.1415353721462753,0.001413,"[0.00,0.05)",38.531166,1.0,"[919745, 71984, 169635, 139202, 148950, 117432, 180020, 809754, 818497, 65428]",,,False,[],,
2026-08-26T06:52:40.800+00:00,calibration,0,323,VECTOR_FIRST_HNSW,0.1415353721462753,0.001413,"[0.00,0.05)",26.857541,0.0,[],sql_first_rep0,,False,[],,
2026-08-26T06:52:40.800+00:00,calibration,0,323,HNSW_HYBRID,0.1415353721462753,0.001413,"[0.00,0.05)",1.904541,0.0,[],sql_first_rep0,,False,[],,
2026-08-26T06:52:40.801+00:00,calibration,0,323,IVFFLAT_HYBRID,0.1415353721462753,0.001413,"[0.00,0.05)",26.806125,0.5,"[919745, 71984, 148950, 117432, 65428, 998108, 431881, 409746, 64200, 395791]",sql_first_rep0,,False,[],,
2026-08-26T06:52:40.993+00:00,calibration,0,325,SQL_FIRST,0.39085682102366465,0.904117,"[0.50,1.00)",137.215333,1.0,"[378994, 375895, 378890, 309612, 610609, 375876, 779732, 779974, 998709, 477197]",,,False,[],,
2026-08-26T06:52:40.993+00:00,calibration,0,325,VECTOR_FIRST_HNSW,0.39085682102366465,0.904117,"[0.50,1.00)",26.972125,1.0,"[378994, 375895, 378890, 309612, 610609, 375876, 779732, 779974, 998709, 477197]",sql_first_rep0,,False,[],,
2026-08-26T06:52:40.993+00:00,calibration,0,325,HNSW_HYBRID,0.39085682102366465,0.904117,"[0.50,1.00)",1.946417,1.0,"[378994, 375895, 378890, 309612, 610609, 375876, 779732, 779974, 998709, 477197]",sql_first_rep0,,False,[],,
2026-08-26T06:52:40.993+00:00,calibration,0,325,IVFFLAT_HYBRID,0.39085682102366465,0.904117,"[0.50,1.00)",17.306209,1.0,"[378994, 375895, 378890, 309612, 610609, 375876, 779732, 779974, 998709, 477197]",sql_first_rep0,,False,[],,
2026-08-26T06:52:41.145+00:00,calibration,0,328,SQL_FIRST,0.6452360045440003,0.711205,"[0.50,1.00)",110.90425,1.0,"[224025, 224156, 224236, 619321, 995586, 200726, 265004, 103148, 392160, 851568]",,,False,[],,
2026-08-26T06:52:41.145+00:00,calibration,0,328,VECTOR_FIRST_HNSW,0.6452360045440003,0.711205,"[0.50,1.00)",22.749084,1.0,"[224025, 224156, 224236, 619321, 995586, 200726, 265004, 103148, 392160, 851568]",sql_first_rep0,,False,[],,
2026-08-26T06:52:41.146+00:00,calibration,0,328,HNSW_HYBRID,0.6452360045440003,0.711205,"[0.50,1.00)",2.273459,1.0,"[224025, 224156, 224236, 619321, 995586, 265004, 200726, 103148, 392160, 851568]",sql_first_rep0,,False,[],,
2026-08-26T06:52:41.146+00:00,calibration,0,328,IVFFLAT_HYBRID,0.6452360045440003,0.711205,"[0.50,1.00)",10.793125,0.8,"[224025, 224156, 224236, 619321, 995586, 103148, 392160, 851568, 738730, 217205]",sql_first_rep0,,False,[],,
2026-08-26T06:52:41.284+00:00,calibration,0,330,SQL_FIRST,0.8936228602218388,0.990229,"[0.50,1.00)",94.937,1.0,"[497330, 498218, 376980, 500334, 740482, 435009, 666072, 500471, 122686, 490277]",,,False,[],,
2026-08-26T06:52:41.285+00:00,calibration,0,330,VECTOR_FIRST_HNSW,0.8936228602218388,0.990229,"[0.50,1.00)",24.540541,1.0,"[497330, 498218, 376980, 500334, 740482, 435009, 666072, 500471, 122686, 490277]",sql_first_rep0,,False,[],,
2026-08-26T06:52:41.285+00:00,calibration,0,330,HNSW_HYBRID,0.8936228602218388,0.990229,"[0.50,1.00)",2.001,1.0,"[497330, 498218, 376980, 500334, 740482, 435009, 666072, 500471, 122686, 490277]",sql_first_rep0,,False,[],,
2026-08-26T06:52:41.285+00:00,calibration,0,330,IVFFLAT_HYBRID,0.8936228602218388,0.990229,"[0.50,1.00)",11.20225,0.9,"[497330, 498218, 376980, 740482, 435009, 666072, 500471, 122686, 490277, 496727]",sql_first_rep0,,False,[],,
2026-08-26T06:52:41.423+00:00,calibration,0,335,SQL_FIRST,0.5071582972449221,0.905403,"[0.50,1.00)",81.166916,1.0,"[218806, 696201, 175269, 178047, 368322, 175840, 633416, 507704, 392613, 593615]",,,False,[],,
2026-08-26T06:52:41.424+00:00,calibration,0,335,VECTOR_FIRST_HNSW,0.5071582972449221,0.905403,"[0.50,1.00)",39.135,0.9,"[218806, 696201, 175269, 178047, 368322, 175840, 507704, 392613, 593615, 708759]",sql_first_rep0,,False,[],,
2026-08-26T06:52:41.424+00:00,calibration,0,335,HNSW_HYBRID,0.5071582972449221,0.905403,"[0.50,1.00)",2.604959,0.9,"[218806, 696201, 175269, 178047, 368322, 175840, 507704, 392613, 593615, 708759]",sql_first_rep0,,False,[],,
2026-08-26T06:52:41.424+00:00,calibration,0,335,IVFFLAT_HYBRID,0.5071582972449221,0.905403,"[0.50,1.00)",10.637333,0.5,"[218806, 696201, 175269, 368322, 633416, 708759, 795188, 182789, 481256, 533684]",sql_first_rep0,,False,[],,
2026-08-26T06:52:41.575+00:00,calibration,0,337,SQL_FIRST,0.7054650192207109,0.760991,"[0.50,1.00)",94.040625,1.0,"[209099, 696095, 744446, 696229, 800058, 937417, 740773, 800720, 107719, 738949]",,,False,[],,
2026-08-26T06:52:41.575+00:00,calibration,0,337,VECTOR_FIRST_HNSW,0.7054650192207109,0.760991,"[0.50,1.00)",37.648667,1.0,"[209099, 696095, 744446, 696229, 800058, 937417, 740773, 800720, 107719, 738949]",sql_first_rep0,,False,[],,
2026-08-26T06:52:41.575+00:00,calibration,0,337,HNSW_HYBRID,0.7054650192207109,0.760991,"[0.50,1.00)",1.976542,1.0,"[209099, 696095, 744446, 696229, 800058, 937417, 740773, 800720, 107719, 738949]",sql_first_rep0,,False,[],,
2026-08-26T06:52:41.576+00:00,calibration,0,337,IVFFLAT_HYBRID,0.7054650192207109,0.760991,"[0.50,1.00)",12.844917,0.8,"[209099, 696095, 744446, 696229, 937417, 740773, 107719, 738949, 403468, 412141]",sql_first_rep0,,False,[],,
2026-08-26T06:52:41.725+00:00,calibration,0,339,SQL_FIRST,0.21639198503058218,0.002193,"[0.00,0.05)",69.889084,1.0,"[322164, 285159, 566007, 336102, 159572, 839392, 865751, 226332, 215752, 711953]",,,False,[],,
2026-08-26T06:52:41.726+00:00,calibration,0,339,VECTOR_FIRST_HNSW,0.21639198503058218,0.002193,"[0.00,0.05)",35.893667,0.0,[],sql_first_rep0,,False,[],,
2026-08-26T06:52:41.726+00:00,calibration,0,339,HNSW_HYBRID,0.21639198503058218,0.002193,"[0.00,0.05)",1.768334,0.0,[],sql_first_rep0,,False,[],,
2026-08-26T06:52:41.726+00:00,calibration,0,339,IVFFLAT_HYBRID,0.21639198503058218,0.002193,"[0.00,0.05)",36.105375,0.3,"[566007, 159572, 865751, 748560, 897906, 976848, 667674, 538774, 818234, 425777]",sql_first_rep0,,False,[],,
2026-08-26T06:52:41.849+00:00,calibration,0,340,SQL_FIRST,0.09762010864500421,0.000931,"[0.00,0.05)",31.856375,1.0,"[216197, 105551, 418511, 655435, 609141, 132458, 410323, 740210, 305475, 714418]",,,False,[],,
2026-08-26T06:52:41.849+00:00,calibration,0,340,VECTOR_FIRST_HNSW,0.09762010864500421,0.000931,"[0.00,0.05)",18.704375,0.1,[216197],sql_first_rep0,,False,[],,
2026-08-26T06:52:41.849+00:00,calibration,0,340,HNSW_HYBRID,0.09762010864500421,0.000931,"[0.00,0.05)",24.713583,1.0,"[216197, 105551, 418511, 655435, 609141, 132458, 410323, 740210, 305475, 714418]",sql_first_rep0,,False,[],,
2026-08-26T06:52:41.849+00:00,calibration,0,340,IVFFLAT_HYBRID,0.09762010864500421,0.000931,"[0.00,0.05)",41.784083,0.6,"[216197, 105551, 418511, 655435, 609141, 132458, 865915, 958959, 994279, 84373]",sql_first_rep0,,False,[],,
2026-08-26T06:52:41.969+00:00,calibration,0,341,SQL_FIRST,0.09155733697990968,0.00809,"[0.00,0.05)",69.986709,1.0,"[380232, 1394, 488243, 223314, 524813, 915701, 129294, 338754, 823340, 404517]",,,False,[],,
2026-08-26T06:52:41.970+00:00,calibration,0,341,VECTOR_FIRST_HNSW,0.09155733697990968,0.00809,"[0.00,0.05)",23.339084,0.2,"[380232, 1394]",sql_first_rep0,,False,[],,
2026-08-26T06:52:41.970+00:00,calibration,0,341,HNSW_HYBRID,0.09155733697990968,0.00809,"[0.00,0.05)",1.587125,0.2,"[380232, 1394]",sql_first_rep0,,False,[],,
2026-08-26T06:52:41.970+00:00,calibration,0,341,IVFFLAT_HYBRID,0.09155733697990968,0.00809,"[0.00,0.05)",19.263084,0.4,"[380232, 1394, 223314, 404517, 932469, 524877, 396872, 356076, 22043, 465208]",sql_first_rep0,,False,[],,
2026-08-26T06:52:42.224+00:00,calibration,0,342,SQL_FIRST,0.49527764147600584,0.905125,"[0.50,1.00)",172.34825,1.0,"[675364, 676099, 676250, 675081, 674391, 675675, 676599, 351112, 674489, 995807]",,,False,[],,
2026-08-26T06:52:42.224+00:00,calibration,0,342,VECTOR_FIRST_HNSW,0.49527764147600584,0.905125,"[0.50,1.00)",40.122625,1.0,"[675364, 676099, 676250, 675081, 674391, 675675, 676599, 351112, 674489, 995807]",sql_first_rep0,,False,[],,
2026-08-26T06:52:42.224+00:00,calibration,0,342,HNSW_HYBRID,0.49527764147600584,0.905125,"[0.50,1.00)",2.370875,1.0,"[675364, 676099, 676250, 675081, 674391, 675675, 676599, 351112, 674489, 995807]",sql_first_rep0,,False,[],,
2026-08-26T06:52:42.224+00:00,calibration,0,342,IVFFLAT_HYBRID,0.49527764147600584,0.905125,"[0.50,1.00)",31.752292,1.0,"[675364, 676099, 676250, 675081, 674391, 675675, 676599, 351112, 674489, 995807]",sql_first_rep0,,False,[],,
2026-08-26T06:52:43.084+00:00,calibration,0,346,SQL_FIRST,0.49117547958762886,0.144332,"[0.10,0.25)",801.037542,1.0,"[625278, 623671, 764645, 41810, 755659, 232625, 759031, 159869, 159103, 617882]",,,False,[],,
2026-08-26T06:52:43.084+00:00,calibration,0,346,VECTOR_FIRST_HNSW,0.49117547958762886,0.144332,"[0.10,0.25)",33.924542,1.0,"[625278, 623671, 764645, 41810, 755659, 232625, 759031, 159869, 159103, 617882]",sql_first_rep0,,False,[],,
2026-08-26T06:52:43.084+00:00,calibration,0,346,HNSW_HYBRID,0.49117547958762886,0.144332,"[0.10,0.25)",1.838334,1.0,"[625278, 623671, 764645, 41810, 755659, 232625, 759031, 159869, 159103, 617882]",sql_first_rep0,,False,[],,
2026-08-26T06:52:43.085+00:00,calibration,0,346,IVFFLAT_HYBRID,0.49117547958762886,0.144332,"[0.10,0.25)",13.205542,0.7,"[625278, 623671, 764645, 41810, 755659, 159869, 617882, 839314, 766508, 756759]",sql_first_rep0,,False,[],,
2026-08-26T06:52:43.232+00:00,calibration,0,347,SQL_FIRST,0.09602190877344793,0.000943,"[0.00,0.05)",37.230916,1.0,"[303829, 595235, 205901, 726595, 974026, 597499, 851517, 294650, 709143, 288743]",,,False,[],,
2026-08-26T06:52:43.232+00:00,calibration,0,347,VECTOR_FIRST_HNSW,0.09602190877344793,0.000943,"[0.00,0.05)",34.986375,0.0,[],sql_first_rep0,,False,[],,
2026-08-26T06:52:43.232+00:00,calibration,0,347,HNSW_HYBRID,0.09602190877344793,0.000943,"[0.00,0.05)",21.859042,1.0,"[303829, 595235, 205901, 726595, 974026, 597499, 851517, 294650, 709143, 288743]",sql_first_rep0,,False,[],,
2026-08-26T06:52:43.232+00:00,calibration,0,347,IVFFLAT_HYBRID,0.09602190877344793,0.000943,"[0.00,0.05)",47.059209,0.3,"[303829, 974026, 709143, 494335, 546211, 457606, 291771, 19208]",sql_first_rep0,,False,[],,
2026-08-26T06:52:43.434+00:00,calibration,0,350,SQL_FIRST,0.731327636700398,0.78205,"[0.50,1.00)",152.323958,1.0,"[614379, 996028, 613374, 666693, 444498, 443686, 611756, 994504, 443630, 444334]",,,False,[],,
2026-08-26T06:52:43.434+00:00,calibration,0,350,VECTOR_FIRST_HNSW,0.731327636700398,0.78205,"[0.50,1.00)",15.332958,1.0,"[614379, 996028, 613374, 666693, 444498, 443686, 611756, 994504, 443630, 444334]",sql_first_rep0,,False,[],,
2026-08-26T06:52:43.434+00:00,calibration,0,350,HNSW_HYBRID,0.731327636700398,0.78205,"[0.50,1.00)",1.391875,1.0,"[614379, 996028, 613374, 666693, 444498, 443686, 611756, 994504, 443630, 444334]",sql_first_rep0,,False,[],,
2026-08-26T06:52:43.434+00:00,calibration,0,350,IVFFLAT_HYBRID,0.731327636700398,0.78205,"[0.50,1.00)",25.696375,1.0,"[614379, 996028, 613374, 666693, 444498, 443686, 611756, 994504, 443630, 444334]",sql_first_rep0,,False,[],,
2026-08-26T06:52:43.585+00:00,calibration,0,357,SQL_FIRST,0.6044311169820975,0.964328,"[0.50,1.00)",105.197875,1.0,"[641521, 641456, 557093, 637513, 884925, 379110, 49293, 388161, 190243, 453190]",,,False,[],,
2026-08-26T06:52:43.585+00:00,calibration,0,357,VECTOR_FIRST_HNSW,0.6044311169820975,0.964328,"[0.50,1.00)",18.5715,1.0,"[641521, 641456, 557093, 637513, 884925, 379110, 49293, 388161, 190243, 453190]",sql_first_rep0,,False,[],,
2026-08-26T06:52:43.585+00:00,calibration,0,357,HNSW_HYBRID,0.6044311169820975,0.964328,"[0.50,1.00)",1.393375,1.0,"[641521, 641456, 557093, 637513, 884925, 379110, 49293, 388161, 190243, 453190]",sql_first_rep0,,False,[],,
2026-08-26T06:52:43.585+00:00,calibration,0,357,IVFFLAT_HYBRID,0.6044311169820975,0.964328,"[0.50,1.00)",20.492375,1.0,"[641521, 641456, 557093, 637513, 884925, 379110, 49293, 388161, 190243, 453190]",sql_first_rep0,,False,[],,
2026-08-26T06:52:43.751+00:00,calibration,0,358,SQL_FIRST,0.9259946689300529,0.993171,"[0.50,1.00)",113.952541,1.0,"[587330, 827328, 103860, 586891, 613442, 803539, 834232, 260410, 252550, 582911]",,,False,[],,
2026-08-26T06:52:43.751+00:00,calibration,0,358,VECTOR_FIRST_HNSW,0.9259946689300529,0.993171,"[0.50,1.00)",24.83775,1.0,"[587330, 827328, 103860, 586891, 613442, 803539, 834232, 260410, 252550, 582911]",sql_first_rep0,,False,[],,
2026-08-26T06:52:43.751+00:00,calibration,0,358,HNSW_HYBRID,0.9259946689300529,0.993171,"[0.50,1.00)",1.646625,1.0,"[587330, 827328, 103860, 586891, 613442, 803539, 834232, 260410, 252550, 582911]",sql_first_rep0,,False,[],,
2026-08-26T06:52:43.751+00:00,calibration,0,358,IVFFLAT_HYBRID,0.9259946689300529,0.993171,"[0.50,1.00)",18.720666,1.0,"[587330, 827328, 103860, 586891, 613442, 803539, 834232, 260410, 252550, 582911]",sql_first_rep0,,False,[],,
2026-08-26T06:52:43.905+00:00,calibration,0,359,SQL_FIRST,0.2745867783633742,0.90297,"[0.50,1.00)",103.969459,1.0,"[702597, 702530, 188160, 203414, 267692, 656583, 659229, 793756, 716090, 299924]",,,False,[],,
2026-08-26T06:52:43.905+00:00,calibration,0,359,VECTOR_FIRST_HNSW,0.2745867783633742,0.90297,"[0.50,1.00)",23.249709,1.0,"[702597, 702530, 188160, 203414, 267692, 656583, 659229, 793756, 716090, 299924]",sql_first_rep0,,False,[],,
2026-08-26T06:52:43.905+00:00,calibration,0,359,HNSW_HYBRID,0.2745867783633742,0.90297,"[0.50,1.00)",1.947,1.0,"[702597, 702530, 188160, 267692, 203414, 656583, 659229, 793756, 716090, 299924]",sql_first_rep0,,False,[],,
2026-08-26T06:52:43.905+00:00,calibration,0,359,IVFFLAT_HYBRID,0.2745867783633742,0.90297,"[0.50,1.00)",17.562041,1.0,"[702597, 702530, 188160, 203414, 267692, 656583, 659229, 793756, 716090, 299924]",sql_first_rep0,,False,[],,
2026-08-26T06:52:44.028+00:00,calibration,0,361,SQL_FIRST,0.15737987147837595,0.001589,"[0.00,0.05)",35.742833,1.0,"[10057, 417080, 602879, 106404, 122232, 830504, 370153, 244243, 317931, 142980]",,,False,[],,
2026-08-26T06:52:44.028+00:00,calibration,0,361,VECTOR_FIRST_HNSW,0.15737987147837595,0.001589,"[0.00,0.05)",28.518333,0.0,[],sql_first_rep0,,False,[],,
2026-08-26T06:52:44.028+00:00,calibration,0,361,HNSW_HYBRID,0.15737987147837595,0.001589,"[0.00,0.05)",2.861542,0.0,[],sql_first_rep0,,False,[],,
2026-08-26T06:52:44.028+00:00,calibration,0,361,IVFFLAT_HYBRID,0.15737987147837595,0.001589,"[0.00,0.05)",48.257208,0.5,"[417080, 602879, 122232, 830504, 317931, 550191, 7474, 831887, 828381, 103891]",sql_first_rep0,,False,[],,
2026-08-26T06:52:44.204+00:00,calibration,0,363,SQL_FIRST,0.608135029422333,0.680812,"[0.50,1.00)",125.342375,1.0,"[148227, 166611, 149066, 109480, 165882, 139483, 156526, 127875, 155585, 67903]",,,False,[],,
2026-08-26T06:52:44.205+00:00,calibration,0,363,VECTOR_FIRST_HNSW,0.608135029422333,0.680812,"[0.50,1.00)",30.791166,1.0,"[148227, 166611, 149066, 109480, 165882, 139483, 156526, 127875, 155585, 67903]",sql_first_rep0,,False,[],,
2026-08-26T06:52:44.205+00:00,calibration,0,363,HNSW_HYBRID,0.608135029422333,0.680812,"[0.50,1.00)",2.208583,1.0,"[148227, 166611, 149066, 109480, 165882, 139483, 156526, 127875, 155585, 67903]",sql_first_rep0,,False,[],,
2026-08-26T06:52:44.205+00:00,calibration,0,363,IVFFLAT_HYBRID,0.608135029422333,0.680812,"[0.50,1.00)",10.855666,1.0,"[148227, 166611, 149066, 109480, 165882, 139483, 156526, 127875, 155585, 67903]",sql_first_rep0,,False,[],,
2026-08-26T06:52:44.337+00:00,calibration,0,364,SQL_FIRST,0.41954883837936974,0.136959,"[0.10,0.25)",78.836208,1.0,"[965205, 965600, 865157, 687067, 778086, 208770, 549993, 49728, 860237, 778476]",,,False,[],,
2026-08-26T06:52:44.337+00:00,calibration,0,364,VECTOR_FIRST_HNSW,0.41954883837936974,0.136959,"[0.10,0.25)",26.651417,0.9,"[965205, 965600, 865157, 687067, 778086, 208770, 549993, 860237, 778476, 457418]",sql_first_rep0,,False,[],,
2026-08-26T06:52:44.337+00:00,calibration,0,364,HNSW_HYBRID,0.41954883837936974,0.136959,"[0.10,0.25)",2.255042,0.9,"[965205, 965600, 865157, 687067, 778086, 208770, 549993, 860237, 778476, 457418]",sql_first_rep0,,False,[],,
2026-08-26T06:52:44.337+00:00,calibration,0,364,IVFFLAT_HYBRID,0.41954883837936974,0.136959,"[0.10,0.25)",18.164875,0.4,"[965205, 965600, 865157, 778086, 959923, 151943, 62061, 388562, 165780, 927171]",sql_first_rep0,,False,[],,
2026-08-26T06:52:44.464+00:00,calibration,0,367,SQL_FIRST,0.9151819560053388,0.992231,"[0.50,1.00)",100.425667,1.0,"[586784, 588591, 585453, 213124, 640472, 639890, 642169, 574815, 542612, 639948]",,,False,[],,
2026-08-26T06:52:44.464+00:00,calibration,0,367,VECTOR_FIRST_HNSW,0.9151819560053388,0.992231,"[0.50,1.00)",13.051542,1.0,"[586784, 588591, 585453, 213124, 640472, 639890, 642169, 574815, 542612, 639948]",sql_first_rep0,,False,[],,
2026-08-26T06:52:44.464+00:00,calibration,0,367,HNSW_HYBRID,0.9151819560053388,0.992231,"[0.50,1.00)",1.383125,1.0,"[586784, 588591, 585453, 213124, 640472, 639890, 642169, 574815, 542612, 639948]",sql_first_rep0,,False,[],,
2026-08-26T06:52:44.465+00:00,calibration,0,367,IVFFLAT_HYBRID,0.9151819560053388,0.992231,"[0.50,1.00)",7.354375,0.9,"[586784, 588591, 213124, 640472, 639890, 642169, 574815, 542612, 639948, 545209]",sql_first_rep0,,False,[],,
2026-08-26T06:52:44.588+00:00,calibration,0,370,SQL_FIRST,0.3468855655446611,0.903693,"[0.50,1.00)",82.356084,1.0,"[311655, 338584, 337762, 781360, 353761, 351050, 795014, 736911, 847623, 737472]",,,False,[],,
2026-08-26T06:52:44.588+00:00,calibration,0,370,VECTOR_FIRST_HNSW,0.3468855655446611,0.903693,"[0.50,1.00)",19.796042,1.0,"[311655, 338584, 337762, 781360, 353761, 351050, 795014, 736911, 847623, 737472]",sql_first_rep0,,False,[],,
2026-08-26T06:52:44.588+00:00,calibration,0,370,HNSW_HYBRID,0.3468855655446611,0.903693,"[0.50,1.00)",1.873875,1.0,"[311655, 338584, 337762, 781360, 353761, 351050, 795014, 736911, 847623, 737472]",sql_first_rep0,,False,[],,
2026-08-26T06:52:44.588+00:00,calibration,0,370,IVFFLAT_HYBRID,0.3468855655446611,0.903693,"[0.50,1.00)",13.784334,0.9,"[311655, 338584, 337762, 781360, 353761, 351050, 795014, 736911, 737472, 158114]",sql_first_rep0,,False,[],,
2026-08-26T06:52:44.727+00:00,calibration,0,372,SQL_FIRST,0.5691098368413936,0.905958,"[0.50,1.00)",97.225,1.0,"[591944, 592106, 542210, 399897, 327950, 400031, 287566, 831858, 358547, 858895]",,,False,[],,
2026-08-26T06:52:44.727+00:00,calibration,0,372,VECTOR_FIRST_HNSW,0.5691098368413936,0.905958,"[0.50,1.00)",19.144041,1.0,"[591944, 592106, 542210, 399897, 327950, 400031, 287566, 831858, 358547, 858895]",sql_first_rep0,,False,[],,
2026-08-26T06:52:44.727+00:00,calibration,0,372,HNSW_HYBRID,0.5691098368413936,0.905958,"[0.50,1.00)",2.063792,1.0,"[591944, 592106, 542210, 399897, 327950, 400031, 287566, 831858, 358547, 858895]",sql_first_rep0,,False,[],,
2026-08-26T06:52:44.727+00:00,calibration,0,372,IVFFLAT_HYBRID,0.5691098368413936,0.905958,"[0.50,1.00)",14.501125,0.8,"[591944, 542210, 399897, 327950, 400031, 831858, 358547, 858895, 832028, 357076]",sql_first_rep0,,False,[],,
2026-08-26T06:52:44.866+00:00,calibration,0,374,SQL_FIRST,0.7917419620188313,0.981294,"[0.50,1.00)",102.634833,1.0,"[82814, 82067, 81972, 92011, 462465, 199855, 264133, 451764, 589386, 87500]",,,False,[],,
2026-08-26T06:52:44.866+00:00,calibration,0,374,VECTOR_FIRST_HNSW,0.7917419620188313,0.981294,"[0.50,1.00)",19.485125,1.0,"[82814, 82067, 81972, 92011, 462465, 199855, 264133, 451764, 589386, 87500]",sql_first_rep0,,False,[],,
2026-08-26T06:52:44.866+00:00,calibration,0,374,HNSW_HYBRID,0.7917419620188313,0.981294,"[0.50,1.00)",1.910667,1.0,"[82814, 82067, 81972, 92011, 462465, 264133, 199855, 451764, 589386, 87500]",sql_first_rep0,,False,[],,
2026-08-26T06:52:44.866+00:00,calibration,0,374,IVFFLAT_HYBRID,0.7917419620188313,0.981294,"[0.50,1.00)",9.882208,0.7,"[82814, 82067, 81972, 92011, 451764, 589386, 87500, 527848, 84565, 498670]",sql_first_rep0,,False,[],,
2026-08-26T06:52:44.989+00:00,calibration,0,375,SQL_FIRST,0.6029692543209362,0.675465,"[0.50,1.00)",83.436542,1.0,"[97843, 194426, 293105, 733901, 732706, 293741, 739707, 734144, 739867, 184324]",,,False,[],,
2026-08-26T06:52:44.989+00:00,calibration,0,375,VECTOR_FIRST_HNSW,0.6029692543209362,0.675465,"[0.50,1.00)",16.190333,1.0,"[97843, 194426, 293105, 733901, 732706, 293741, 739707, 734144, 739867, 184324]",sql_first_rep0,,False,[],,
2026-08-26T06:52:44.990+00:00,calibration,0,375,HNSW_HYBRID,0.6029692543209362,0.675465,"[0.50,1.00)",1.320625,1.0,"[97843, 194426, 293105, 733901, 732706, 293741, 739707, 734144, 739867, 184324]",sql_first_rep0,,False,[],,
2026-08-26T06:52:44.990+00:00,calibration,0,375,IVFFLAT_HYBRID,0.6029692543209362,0.675465,"[0.50,1.00)",17.479541,1.0,"[97843, 194426, 293105, 733901, 732706, 293741, 739707, 734144, 739867, 184324]",sql_first_rep0,,False,[],,
2026-08-26T06:52:45.128+00:00,calibration,0,376,SQL_FIRST,0.9318849551720007,0.993775,"[0.50,1.00)",105.835833,1.0,"[502210, 502251, 498534, 337694, 774081, 339100, 321686, 747231, 569694, 305027]",,,False,[],,
2026-08-26T06:52:45.128+00:00,calibration,0,376,VECTOR_FIRST_HNSW,0.9318849551720007,0.993775,"[0.50,1.00)",16.625708,1.0,"[502210, 502251, 498534, 337694, 774081, 339100, 321686, 747231, 569694, 305027]",sql_first_rep0,,False,[],,
2026-08-26T06:52:45.129+00:00,calibration,0,376,HNSW_HYBRID,0.9318849551720007,0.993775,"[0.50,1.00)",1.561542,1.0,"[502210, 502251, 498534, 337694, 774081, 339100, 321686, 747231, 569694, 305027]",sql_first_rep0,,False,[],,
2026-08-26T06:52:45.129+00:00,calibration,0,376,IVFFLAT_HYBRID,0.9318849551720007,0.993775,"[0.50,1.00)",7.795875,0.9,"[502210, 502251, 498534, 337694, 339100, 321686, 747231, 569694, 305027, 43957]",sql_first_rep0,,False,[],,
2026-08-26T06:52:45.254+00:00,calibration,0,377,SQL_FIRST,0.8718599260221684,0.894175,"[0.50,1.00)",86.6605,1.0,"[598061, 598003, 15135, 12774, 456116, 14650, 699990, 529253, 919694, 394702]",,,False,[],,
2026-08-26T06:52:45.254+00:00,calibration,0,377,VECTOR_FIRST_HNSW,0.8718599260221684,0.894175,"[0.50,1.00)",17.796042,1.0,"[598061, 598003, 15135, 12774, 456116, 14650, 699990, 529253, 919694, 394702]",sql_first_rep0,,False,[],,
2026-08-26T06:52:45.255+00:00,calibration,0,377,HNSW_HYBRID,0.8718599260221684,0.894175,"[0.50,1.00)",1.689208,1.0,"[598061, 598003, 15135, 12774, 456116, 14650, 699990, 529253, 919694, 394702]",sql_first_rep0,,False,[],,
2026-08-26T06:52:45.255+00:00,calibration,0,377,IVFFLAT_HYBRID,0.8718599260221684,0.894175,"[0.50,1.00)",14.293709,1.0,"[598061, 598003, 15135, 12774, 456116, 14650, 699990, 529253, 919694, 394702]",sql_first_rep0,,False,[],,
2026-08-26T06:52:45.438+00:00,calibration,0,378,SQL_FIRST,0.5030705741036513,0.144592,"[0.10,0.25)",149.140458,1.0,"[232099, 795553, 818176, 818792, 757736, 141269, 776666, 201942, 266220, 228237]",,,False,[],,
2026-08-26T06:52:45.438+00:00,calibration,0,378,VECTOR_FIRST_HNSW,0.5030705741036513,0.144592,"[0.10,0.25)",17.434125,1.0,"[232099, 795553, 818176, 818792, 757736, 141269, 776666, 201942, 266220, 228237]",sql_first_rep0,,False,[],,
2026-08-26T06:52:45.438+00:00,calibration,0,378,HNSW_HYBRID,0.5030705741036513,0.144592,"[0.10,0.25)",1.338833,1.0,"[232099, 795553, 818176, 818792, 757736, 141269, 776666, 266220, 201942, 228237]",sql_first_rep0,,False,[],,
2026-08-26T06:52:45.438+00:00,calibration,0,378,IVFFLAT_HYBRID,0.5030705741036513,0.144592,"[0.10,0.25)",10.279459,1.0,"[232099, 795553, 818176, 818792, 757736, 141269, 776666, 201942, 266220, 228237]",sql_first_rep0,,False,[],,
2026-08-26T06:52:45.547+00:00,calibration,0,379,SQL_FIRST,0.6432187668528601,0.709681,"[0.50,1.00)",81.243083,1.0,"[992762, 750898, 957948, 749839, 837012, 626332, 912335, 676576, 646716, 996199]",,,False,[],,
2026-08-26T06:52:45.548+00:00,calibration,0,379,VECTOR_FIRST_HNSW,0.6432187668528601,0.709681,"[0.50,1.00)",10.832875,1.0,"[992762, 750898, 957948, 749839, 837012, 626332, 912335, 676576, 646716, 996199]",sql_first_rep0,,False,[],,
2026-08-26T06:52:45.548+00:00,calibration,0,379,HNSW_HYBRID,0.6432187668528601,0.709681,"[0.50,1.00)",1.21225,1.0,"[992762, 750898, 957948, 749839, 837012, 626332, 912335, 676576, 646716, 996199]",sql_first_rep0,,False,[],,
2026-08-26T06:52:45.548+00:00,calibration,0,379,IVFFLAT_HYBRID,0.6432187668528601,0.709681,"[0.50,1.00)",11.278708,1.0,"[992762, 750898, 957948, 749839, 837012, 626332, 912335, 676576, 646716, 996199]",sql_first_rep0,,False,[],,
2026-08-26T06:52:45.853+00:00,calibration,0,381,SQL_FIRST,0.5309505257081498,0.147628,"[0.10,0.25)",262.001291,1.0,"[825498, 500304, 869232, 662985, 256417, 160631, 861344, 549525, 517681, 157613]",,,False,[],,
2026-08-26T06:52:45.853+00:00,calibration,0,381,VECTOR_FIRST_HNSW,0.5309505257081498,0.147628,"[0.10,0.25)",18.800416,0.9,"[500304, 869232, 662985, 256417, 160631, 861344, 549525, 517681, 157613, 558378]",sql_first_rep0,,False,[],,
2026-08-26T06:52:45.853+00:00,calibration,0,381,HNSW_HYBRID,0.5309505257081498,0.147628,"[0.10,0.25)",2.010667,0.9,"[500304, 869232, 662985, 256417, 160631, 861344, 549525, 517681, 157613, 558378]",sql_first_rep0,,False,[],,
2026-08-26T06:52:45.853+00:00,calibration,0,381,IVFFLAT_HYBRID,0.5309505257081498,0.147628,"[0.10,0.25)",16.108709,1.0,"[825498, 500304, 869232, 662985, 256417, 160631, 861344, 549525, 517681, 157613]",sql_first_rep0,,False,[],,
2026-08-26T06:52:45.971+00:00,calibration,0,383,SQL_FIRST,0.42590298995399006,0.904537,"[0.50,1.00)",93.215833,1.0,"[145970, 144643, 838582, 163490, 838660, 143288, 141396, 806473, 150246, 462194]",,,False,[],,
2026-08-26T06:52:45.971+00:00,calibration,0,383,VECTOR_FIRST_HNSW,0.42590298995399006,0.904537,"[0.50,1.00)",11.343,1.0,"[145970, 144643, 838582, 163490, 838660, 143288, 141396, 806473, 150246, 462194]",sql_first_rep0,,False,[],,
2026-08-26T06:52:45.972+00:00,calibration,0,383,HNSW_HYBRID,0.42590298995399006,0.904537,"[0.50,1.00)",1.122333,1.0,"[145970, 144643, 838582, 163490, 838660, 143288, 141396, 806473, 150246, 462194]",sql_first_rep0,,False,[],,
2026-08-26T06:52:45.972+00:00,calibration,0,383,IVFFLAT_HYBRID,0.42590298995399006,0.904537,"[0.50,1.00)",7.645834,1.0,"[145970, 144643, 838582, 163490, 838660, 143288, 141396, 806473, 150246, 462194]",sql_first_rep0,,False,[],,
2026-08-26T06:52:46.063+00:00,calibration,0,384,SQL_FIRST,0.44476334471774276,0.139857,"[0.10,0.25)",57.226667,1.0,"[514204, 840811, 331205, 805059, 902502, 340103, 217271, 543004, 692631, 933699]",,,False,[],,
2026-08-26T06:52:46.063+00:00,calibration,0,384,VECTOR_FIRST_HNSW,0.44476334471774276,0.139857,"[0.10,0.25)",20.001833,0.8,"[514204, 840811, 331205, 340103, 217271, 543004, 692631, 933699, 855800, 722809]",sql_first_rep0,,False,[],,
2026-08-26T06:52:46.063+00:00,calibration,0,384,HNSW_HYBRID,0.44476334471774276,0.139857,"[0.10,0.25)",1.745292,0.8,"[514204, 840811, 331205, 340103, 217271, 543004, 692631, 933699, 855800, 722809]",sql_first_rep0,,False,[],,
2026-08-26T06:52:46.064+00:00,calibration,0,384,IVFFLAT_HYBRID,0.44476334471774276,0.139857,"[0.10,0.25)",7.094666,0.8,"[514204, 840811, 331205, 805059, 340103, 217271, 543004, 933699, 855800, 722809]",sql_first_rep0,,False,[],,
2026-08-26T06:52:46.196+00:00,calibration,0,386,SQL_FIRST,0.8734855780409587,0.895154,"[0.50,1.00)",100.038792,1.0,"[210425, 876849, 876885, 749250, 869002, 225215, 919080, 192723, 271539, 844200]",,,False,[],,
2026-08-26T06:52:46.196+00:00,calibration,0,386,VECTOR_FIRST_HNSW,0.8734855780409587,0.895154,"[0.50,1.00)",17.737375,1.0,"[210425, 876849, 876885, 749250, 869002, 225215, 919080, 192723, 271539, 844200]",sql_first_rep0,,False,[],,
2026-08-26T06:52:46.196+00:00,calibration,0,386,HNSW_HYBRID,0.8734855780409587,0.895154,"[0.50,1.00)",1.701417,1.0,"[210425, 876849, 876885, 749250, 869002, 225215, 919080, 271539, 192723, 844200]",sql_first_rep0,,False,[],,
2026-08-26T06:52:46.196+00:00,calibration,0,386,IVFFLAT_HYBRID,0.8734855780409587,0.895154,"[0.50,1.00)",7.274625,0.8,"[210425, 876849, 876885, 749250, 869002, 225215, 919080, 844200, 977260, 843726]",sql_first_rep0,,False,[],,
2026-08-26T06:52:46.307+00:00,calibration,0,387,SQL_FIRST,0.330601083396145,0.128854,"[0.10,0.25)",56.8815,1.0,"[394255, 494875, 702624, 401615, 270582, 822969, 109879, 610304, 261245, 123645]",,,False,[],,
2026-08-26T06:52:46.307+00:00,calibration,0,387,VECTOR_FIRST_HNSW,0.330601083396145,0.128854,"[0.10,0.25)",26.083583,0.9,"[394255, 494875, 702624, 401615, 270582, 822969, 109879, 610304, 123645, 929905]",sql_first_rep0,,False,[],,
2026-08-26T06:52:46.308+00:00,calibration,0,387,HNSW_HYBRID,0.330601083396145,0.128854,"[0.10,0.25)",4.327833,0.9,"[394255, 494875, 702624, 401615, 270582, 822969, 109879, 610304, 123645, 929905]",sql_first_rep0,,False,[],,
2026-08-26T06:52:46.308+00:00,calibration,0,387,IVFFLAT_HYBRID,0.330601083396145,0.128854,"[0.10,0.25)",15.38225,0.5,"[394255, 494875, 270582, 822969, 123645, 265636, 128866, 244536, 752016, 747987]",sql_first_rep0,,False,[],,
2026-08-26T06:52:46.405+00:00,calibration,0,391,SQL_FIRST,0.1487180680376518,0.001478,"[0.00,0.05)",39.737042,1.0,"[420405, 740214, 684863, 132374, 452712, 433527, 797564, 90606, 178275, 554667]",,,False,[],,
2026-08-26T06:52:46.405+00:00,calibration,0,391,VECTOR_FIRST_HNSW,0.1487180680376518,0.001478,"[0.00,0.05)",14.703,0.0,[],sql_first_rep0,,False,[],,
2026-08-26T06:52:46.405+00:00,calibration,0,391,HNSW_HYBRID,0.1487180680376518,0.001478,"[0.00,0.05)",1.5185,0.0,[],sql_first_rep0,,False,[],,
2026-08-26T06:52:46.405+00:00,calibration,0,391,IVFFLAT_HYBRID,0.1487180680376518,0.001478,"[0.00,0.05)",36.445125,0.8,"[420405, 740214, 684863, 132374, 452712, 433527, 90606, 178275, 703709, 479555]",sql_first_rep0,,False,[],,
2026-08-26T06:52:46.560+00:00,calibration,0,392,SQL_FIRST,0.9759745759442042,0.997698,"[0.50,1.00)",117.274458,1.0,"[949020, 943796, 768717, 44778, 107408, 623449, 535374, 62258, 448997, 520893]",,,False,[],,
2026-08-26T06:52:46.560+00:00,calibration,0,392,VECTOR_FIRST_HNSW,0.9759745759442042,0.997698,"[0.50,1.00)",21.1795,1.0,"[949020, 943796, 768717, 44778, 107408, 623449, 535374, 62258, 448997, 520893]",sql_first_rep0,,False,[],,
2026-08-26T06:52:46.560+00:00,calibration,0,392,HNSW_HYBRID,0.9759745759442042,0.997698,"[0.50,1.00)",1.984459,1.0,"[949020, 943796, 768717, 44778, 107408, 623449, 535374, 62258, 448997, 520893]",sql_first_rep0,,False,[],,
2026-08-26T06:52:46.560+00:00,calibration,0,392,IVFFLAT_HYBRID,0.9759745759442042,0.997698,"[0.50,1.00)",8.269125,0.9,"[949020, 943796, 768717, 44778, 107408, 623449, 535374, 62258, 448997, 779219]",sql_first_rep0,,False,[],,
2026-08-26T06:52:46.660+00:00,calibration,0,394,SQL_FIRST,0.4637465056837727,0.141513,"[0.10,0.25)",69.794958,1.0,"[224894, 104631, 929695, 825268, 869452, 145834, 410026, 664756, 153225, 982578]",,,False,[],,
2026-08-26T06:52:46.660+00:00,calibration,0,394,VECTOR_FIRST_HNSW,0.4637465056837727,0.141513,"[0.10,0.25)",17.177875,1.0,"[224894, 104631, 929695, 825268, 869452, 145834, 410026, 664756, 153225, 982578]",sql_first_rep0,,False,[],,
2026-08-26T06:52:46.660+00:00,calibration,0,394,HNSW_HYBRID,0.4637465056837727,0.141513,"[0.10,0.25)",1.63,1.0,"[224894, 104631, 929695, 825268, 869452, 145834, 410026, 664756, 153225, 982578]",sql_first_rep0,,False,[],,
2026-08-26T06:52:46.660+00:00,calibration,0,394,IVFFLAT_HYBRID,0.4637465056837727,0.141513,"[0.10,0.25)",5.182875,0.5,"[224894, 104631, 869452, 664756, 982578, 948075, 335942, 403504, 982753, 543984]",sql_first_rep0,,False,[],,
2026-08-26T06:52:46.887+00:00,calibration,0,396,SQL_FIRST,0.18922641887584066,0.016554,"[0.00,0.05)",181.526542,1.0,"[83861, 479723, 599253, 18423, 522115, 519140, 723647, 680317, 748649, 701220]",,,False,[],,
2026-08-26T06:52:46.888+00:00,calibration,0,396,VECTOR_FIRST_HNSW,0.18922641887584066,0.016554,"[0.00,0.05)",28.977583,0.3,"[83861, 479723, 18423]",sql_first_rep0,,False,[],,
2026-08-26T06:52:46.888+00:00,calibration,0,396,HNSW_HYBRID,0.18922641887584066,0.016554,"[0.00,0.05)",1.836416,0.3,"[83861, 479723, 18423]",sql_first_rep0,,False,[],,
2026-08-26T06:52:46.888+00:00,calibration,0,396,IVFFLAT_HYBRID,0.18922641887584066,0.016554,"[0.00,0.05)",9.821458,0.6,"[83861, 479723, 522115, 519140, 680317, 701220, 554063, 155510, 292973, 601627]",sql_first_rep0,,False,[],,
2026-08-26T06:52:47.041+00:00,calibration,0,397,SQL_FIRST,0.9268611940824173,0.939239,"[0.50,1.00)",98.583708,1.0,"[367600, 829790, 367747, 287367, 288909, 152495, 530081, 291500, 366969, 715791]",,,False,[],,
2026-08-26T06:52:47.041+00:00,calibration,0,397,VECTOR_FIRST_HNSW,0.9268611940824173,0.939239,"[0.50,1.00)",29.886666,1.0,"[367600, 829790, 367747, 287367, 288909, 152495, 530081, 291500, 366969, 715791]",sql_first_rep0,,False,[],,
2026-08-26T06:52:47.041+00:00,calibration,0,397,HNSW_HYBRID,0.9268611940824173,0.939239,"[0.50,1.00)",3.469042,1.0,"[367600, 829790, 367747, 287367, 288909, 152495, 530081, 291500, 366969, 715791]",sql_first_rep0,,False,[],,
2026-08-26T06:52:47.041+00:00,calibration,0,397,IVFFLAT_HYBRID,0.9268611940824173,0.939239,"[0.50,1.00)",14.085625,1.0,"[367600, 829790, 367747, 287367, 288909, 152495, 530081, 291500, 366969, 715791]",sql_first_rep0,,False,[],,
2026-08-26T06:52:47.153+00:00,calibration,0,402,SQL_FIRST,0.06065643855063866,0.000606,"[0.00,0.05)",29.252625,1.0,"[173954, 457629, 845317, 481548, 837160, 844515, 515009, 14252, 864579, 291351]",,,False,[],,
2026-08-26T06:52:47.154+00:00,calibration,0,402,VECTOR_FIRST_HNSW,0.06065643855063866,0.000606,"[0.00,0.05)",28.843542,0.0,[],sql_first_rep0,,False,[],,
2026-08-26T06:52:47.154+00:00,calibration,0,402,HNSW_HYBRID,0.06065643855063866,0.000606,"[0.00,0.05)",22.709708,1.0,"[173954, 457629, 845317, 481548, 837160, 844515, 515009, 14252, 864579, 291351]",sql_first_rep0,,False,[],,
2026-08-26T06:52:47.154+00:00,calibration,0,402,IVFFLAT_HYBRID,0.06065643855063866,0.000606,"[0.00,0.05)",24.666666,1.0,"[173954, 457629, 845317, 481548, 837160, 844515, 515009, 14252, 864579, 291351]",sql_first_rep0,,False,[],,
2026-08-26T06:52:47.283+00:00,calibration,0,405,SQL_FIRST,0.3495856690162249,0.130574,"[0.10,0.25)",98.50725,1.0,"[764122, 993044, 763484, 644945, 773577, 764582, 794064, 52904, 771650, 769357]",,,False,[],,
2026-08-26T06:52:47.284+00:00,calibration,0,405,VECTOR_FIRST_HNSW,0.3495856690162249,0.130574,"[0.10,0.25)",17.990083,1.0,"[764122, 993044, 763484, 644945, 773577, 764582, 794064, 52904, 771650, 769357]",sql_first_rep0,,False,[],,
2026-08-26T06:52:47.284+00:00,calibration,0,405,HNSW_HYBRID,0.3495856690162249,0.130574,"[0.10,0.25)",1.07275,1.0,"[764122, 993044, 763484, 644945, 773577, 764582, 794064, 52904, 771650, 769357]",sql_first_rep0,,False,[],,
2026-08-26T06:52:47.284+00:00,calibration,0,405,IVFFLAT_HYBRID,0.3495856690162249,0.130574,"[0.10,0.25)",6.26475,1.0,"[764122, 993044, 763484, 644945, 773577, 764582, 794064, 52904, 771650, 769357]",sql_first_rep0,,False,[],,
2026-08-26T06:52:47.431+00:00,calibration,0,406,SQL_FIRST,0.8716918920791272,0.988258,"[0.50,1.00)",105.469208,1.0,"[426059, 510746, 678662, 903245, 992516, 950646, 958988, 516180, 841178, 68959]",,,False,[],,
2026-08-26T06:52:47.431+00:00,calibration,0,406,VECTOR_FIRST_HNSW,0.8716918920791272,0.988258,"[0.50,1.00)",28.30275,1.0,"[426059, 510746, 678662, 903245, 992516, 950646, 958988, 516180, 841178, 68959]",sql_first_rep0,,False,[],,
2026-08-26T06:52:47.431+00:00,calibration,0,406,HNSW_HYBRID,0.8716918920791272,0.988258,"[0.50,1.00)",1.994709,1.0,"[426059, 510746, 678662, 903245, 992516, 950646, 958988, 516180, 841178, 68959]",sql_first_rep0,,False,[],,
2026-08-26T06:52:47.431+00:00,calibration,0,406,IVFFLAT_HYBRID,0.8716918920791272,0.988258,"[0.50,1.00)",6.9045,0.7,"[426059, 510746, 903245, 992516, 950646, 958988, 841178, 596863, 954678, 167959]",sql_first_rep0,,False,[],,
2026-08-26T06:52:47.641+00:00,calibration,0,407,SQL_FIRST,0.5894166319555746,0.152904,"[0.10,0.25)",153.520333,1.0,"[126784, 187720, 887660, 951612, 527250, 226954, 473298, 197631, 763019, 803881]",,,False,[],,
2026-08-26T06:52:47.641+00:00,calibration,0,407,VECTOR_FIRST_HNSW,0.5894166319555746,0.152904,"[0.10,0.25)",35.525083,0.7,"[126784, 187720, 887660, 951612, 527250, 226954, 197631, 752684, 950833]",sql_first_rep0,,False,[],,
2026-08-26T06:52:47.641+00:00,calibration,0,407,HNSW_HYBRID,0.5894166319555746,0.152904,"[0.10,0.25)",3.92925,0.7,"[126784, 187720, 887660, 951612, 527250, 226954, 197631, 752684, 950833]",sql_first_rep0,,False,[],,
2026-08-26T06:52:47.641+00:00,calibration,0,407,IVFFLAT_HYBRID,0.5894166319555746,0.152904,"[0.10,0.25)",8.128125,0.6,"[187720, 887660, 951612, 527250, 226954, 473298, 184265, 752684, 552345, 762729]",sql_first_rep0,,False,[],,
2026-08-26T06:52:47.879+00:00,calibration,0,410,SQL_FIRST,0.20882595926510233,0.019268,"[0.00,0.05)",190.281584,1.0,"[142270, 806279, 337227, 614545, 361458, 242843, 522920, 562048, 502471, 109190]",,,False,[],,
2026-08-26T06:52:47.879+00:00,calibration,0,410,VECTOR_FIRST_HNSW,0.20882595926510233,0.019268,"[0.00,0.05)",24.769834,0.4,"[142270, 806279, 337227, 614545]",sql_first_rep0,,False,[],,
2026-08-26T06:52:47.879+00:00,calibration,0,410,HNSW_HYBRID,0.20882595926510233,0.019268,"[0.00,0.05)",1.844084,0.4,"[142270, 806279, 337227, 614545]",sql_first_rep0,,False,[],,
2026-08-26T06:52:47.879+00:00,calibration,0,410,IVFFLAT_HYBRID,0.20882595926510233,0.019268,"[0.00,0.05)",14.704833,0.6,"[142270, 806279, 361458, 522920, 502471, 109190, 525497, 635334, 430134, 565726]",sql_first_rep0,,False,[],,
2026-08-26T06:52:48.031+00:00,calibration,0,412,SQL_FIRST,0.48717821733422795,0.90496,"[0.50,1.00)",103.486709,1.0,"[761467, 355510, 912160, 150250, 995750, 922675, 213019, 50430, 340614, 921898]",,,False,[],,
2026-08-26T06:52:48.031+00:00,calibration,0,412,VECTOR_FIRST_HNSW,0.48717821733422795,0.90496,"[0.50,1.00)",24.363167,1.0,"[761467, 355510, 912160, 150250, 995750, 922675, 213019, 50430, 340614, 921898]",sql_first_rep0,,False,[],,
2026-08-26T06:52:48.031+00:00,calibration,0,412,HNSW_HYBRID,0.48717821733422795,0.90496,"[0.50,1.00)",1.817083,1.0,"[761467, 355510, 912160, 150250, 995750, 922675, 213019, 50430, 340614, 921898]",sql_first_rep0,,False,[],,
2026-08-26T06:52:48.032+00:00,calibration,0,412,IVFFLAT_HYBRID,0.48717821733422795,0.90496,"[0.50,1.00)",15.628459,0.7,"[761467, 355510, 912160, 150250, 995750, 213019, 340614, 995567, 618106, 339179]",sql_first_rep0,,False,[],,
2026-08-26T06:52:48.165+00:00,calibration,0,413,SQL_FIRST,0.40947384246350677,0.904199,"[0.50,1.00)",93.089875,1.0,"[247682, 248805, 373514, 305973, 652771, 350439, 17219, 175096, 373424, 306361]",,,False,[],,
2026-08-26T06:52:48.165+00:00,calibration,0,413,VECTOR_FIRST_HNSW,0.40947384246350677,0.904199,"[0.50,1.00)",19.327792,1.0,"[247682, 248805, 373514, 305973, 652771, 350439, 17219, 175096, 373424, 306361]",sql_first_rep0,,False,[],,
2026-08-26T06:52:48.165+00:00,calibration,0,413,HNSW_HYBRID,0.40947384246350677,0.904199,"[0.50,1.00)",1.37675,1.0,"[247682, 248805, 373514, 305973, 652771, 350439, 17219, 175096, 373424, 306361]",sql_first_rep0,,False,[],,
2026-08-26T06:52:48.165+00:00,calibration,0,413,IVFFLAT_HYBRID,0.40947384246350677,0.904199,"[0.50,1.00)",13.666834,0.9,"[247682, 248805, 373514, 305973, 652771, 350439, 175096, 373424, 306361, 497053]",sql_first_rep0,,False,[],,
2026-08-26T06:52:48.276+00:00,calibration,0,414,SQL_FIRST,0.3383939575222809,0.130184,"[0.10,0.25)",74.140042,1.0,"[38728, 38278, 901342, 50699, 640038, 639943, 212126, 5362, 855747, 521053]",,,False,[],,
2026-08-26T06:52:48.276+00:00,calibration,0,414,VECTOR_FIRST_HNSW,0.3383939575222809,0.130184,"[0.10,0.25)",19.584417,1.0,"[38728, 38278, 901342, 50699, 640038, 639943, 212126, 5362, 855747, 521053]",sql_first_rep0,,False,[],,
2026-08-26T06:52:48.277+00:00,calibration,0,414,HNSW_HYBRID,0.3383939575222809,0.130184,"[0.10,0.25)",1.232875,1.0,"[38728, 38278, 901342, 50699, 640038, 639943, 212126, 5362, 855747, 521053]",sql_first_rep0,,False,[],,
2026-08-26T06:52:48.277+00:00,calibration,0,414,IVFFLAT_HYBRID,0.3383939575222809,0.130184,"[0.10,0.25)",10.832459,1.0,"[38728, 38278, 901342, 50699, 640038, 639943, 212126, 5362, 855747, 521053]",sql_first_rep0,,False,[],,
2026-08-26T06:52:48.475+00:00,calibration,0,415,SQL_FIRST,0.6112448164224416,0.964996,"[0.50,1.00)",95.549125,1.0,"[451678, 451275, 731797, 509301, 243665, 353427, 82922, 671294, 235716, 509770]",,,False,[],,
2026-08-26T06:52:48.475+00:00,calibration,0,415,VECTOR_FIRST_HNSW,0.6112448164224416,0.964996,"[0.50,1.00)",63.383041,1.0,"[451678, 451275, 731797, 509301, 243665, 353427, 82922, 671294, 235716, 509770]",sql_first_rep0,,False,[],,
2026-08-26T06:52:48.475+00:00,calibration,0,415,HNSW_HYBRID,0.6112448164224416,0.964996,"[0.50,1.00)",6.478084,1.0,"[451678, 451275, 731797, 509301, 243665, 353427, 82922, 671294, 235716, 509770]",sql_first_rep0,,False,[],,
2026-08-26T06:52:48.475+00:00,calibration,0,415,IVFFLAT_HYBRID,0.6112448164224416,0.964996,"[0.50,1.00)",13.019042,0.9,"[451678, 451275, 731797, 509301, 243665, 353427, 82922, 671294, 235716, 456204]",sql_first_rep0,,False,[],,
2026-08-26T06:52:48.609+00:00,calibration,0,416,SQL_FIRST,0.23117799055453384,0.002324,"[0.00,0.05)",81.900708,1.0,"[495078, 861163, 156643, 193994, 872557, 912462, 381900, 955133, 268458, 385353]",,,False,[],,
2026-08-26T06:52:48.609+00:00,calibration,0,416,VECTOR_FIRST_HNSW,0.23117799055453384,0.002324,"[0.00,0.05)",17.535833,0.1,[495078],sql_first_rep0,,False,[],,
2026-08-26T06:52:48.609+00:00,calibration,0,416,HNSW_HYBRID,0.23117799055453384,0.002324,"[0.00,0.05)",1.933166,0.1,[495078],sql_first_rep0,,False,[],,
2026-08-26T06:52:48.609+00:00,calibration,0,416,IVFFLAT_HYBRID,0.23117799055453384,0.002324,"[0.00,0.05)",24.014584,0.8,"[495078, 861163, 156643, 872557, 912462, 381900, 268458, 385353, 80287, 358775]",sql_first_rep0,,False,[],,
2026-08-26T06:52:48.761+00:00,calibration,0,417,SQL_FIRST,0.5886591638345934,0.906238,"[0.50,1.00)",100.70775,1.0,"[4153, 915868, 915768, 916187, 556908, 557726, 556789, 320162, 584804, 729339]",,,False,[],,
2026-08-26T06:52:48.761+00:00,calibration,0,417,VECTOR_FIRST_HNSW,0.5886591638345934,0.906238,"[0.50,1.00)",31.578292,1.0,"[4153, 915868, 915768, 916187, 556908, 557726, 556789, 320162, 584804, 729339]",sql_first_rep0,,False,[],,
2026-08-26T06:52:48.761+00:00,calibration,0,417,HNSW_HYBRID,0.5886591638345934,0.906238,"[0.50,1.00)",2.015959,1.0,"[4153, 915868, 915768, 916187, 556908, 557726, 556789, 320162, 584804, 729339]",sql_first_rep0,,False,[],,
2026-08-26T06:52:48.762+00:00,calibration,0,417,IVFFLAT_HYBRID,0.5886591638345934,0.906238,"[0.50,1.00)",11.192459,0.7,"[4153, 915868, 915768, 916187, 556789, 320162, 584804, 150407, 573058, 593408]",sql_first_rep0,,False,[],,
2026-08-26T06:52:48.924+00:00,calibration,0,418,SQL_FIRST,0.281499757158974,0.12546,"[0.10,0.25)",81.172417,1.0,"[957752, 901164, 626298, 890189, 915534, 594406, 544899, 164765, 629124, 542852]",,,False,[],,
2026-08-26T06:52:48.924+00:00,calibration,0,418,VECTOR_FIRST_HNSW,0.281499757158974,0.12546,"[0.10,0.25)",21.893416,0.9,"[957752, 901164, 890189, 915534, 594406, 544899, 164765, 629124, 542852, 130985]",sql_first_rep0,,False,[],,
2026-08-26T06:52:48.924+00:00,calibration,0,418,HNSW_HYBRID,0.281499757158974,0.12546,"[0.10,0.25)",3.33775,0.9,"[957752, 901164, 890189, 915534, 594406, 544899, 164765, 629124, 542852, 130985]",sql_first_rep0,,False,[],,
2026-08-26T06:52:48.924+00:00,calibration,0,418,IVFFLAT_HYBRID,0.281499757158974,0.12546,"[0.10,0.25)",45.817625,0.9,"[957752, 901164, 626298, 890189, 915534, 544899, 164765, 629124, 542852, 130985]",sql_first_rep0,,False,[],,
2026-08-26T06:52:49.102+00:00,calibration,0,419,SQL_FIRST,0.9726739757893831,0.99739,"[0.50,1.00)",126.644125,1.0,"[108599, 125797, 125778, 107829, 736862, 739490, 735699, 747014, 944203, 735552]",,,False,[],,
2026-08-26T06:52:49.102+00:00,calibration,0,419,VECTOR_FIRST_HNSW,0.9726739757893831,0.99739,"[0.50,1.00)",25.629917,1.0,"[108599, 125797, 125778, 107829, 736862, 739490, 735699, 747014, 944203, 735552]",sql_first_rep0,,False,[],,
2026-08-26T06:52:49.102+00:00,calibration,0,419,HNSW_HYBRID,0.9726739757893831,0.99739,"[0.50,1.00)",2.157875,1.0,"[108599, 125797, 125778, 107829, 736862, 739490, 735699, 747014, 944203, 735552]",sql_first_rep0,,False,[],,
2026-08-26T06:52:49.102+00:00,calibration,0,419,IVFFLAT_HYBRID,0.9726739757893831,0.99739,"[0.50,1.00)",17.502541,0.8,"[108599, 125797, 736862, 739490, 735699, 747014, 944203, 735552, 744954, 731336]",sql_first_rep0,,False,[],,
2026-08-26T06:52:49.285+00:00,calibration,0,420,SQL_FIRST,0.6738759081365603,0.970568,"[0.50,1.00)",153.688541,1.0,"[352554, 352062, 324699, 305435, 305268, 237011, 323430, 305219, 664429, 249756]",,,False,[],,
2026-08-26T06:52:49.285+00:00,calibration,0,420,VECTOR_FIRST_HNSW,0.6738759081365603,0.970568,"[0.50,1.00)",12.096375,1.0,"[352554, 352062, 324699, 305435, 305268, 237011, 323430, 305219, 664429, 249756]",sql_first_rep0,,False,[],,
2026-08-26T06:52:49.285+00:00,calibration,0,420,HNSW_HYBRID,0.6738759081365603,0.970568,"[0.50,1.00)",1.257583,1.0,"[352554, 352062, 324699, 305435, 305268, 237011, 323430, 305219, 664429, 249756]",sql_first_rep0,,False,[],,
2026-08-26T06:52:49.285+00:00,calibration,0,420,IVFFLAT_HYBRID,0.6738759081365603,0.970568,"[0.50,1.00)",10.381708,1.0,"[352554, 352062, 324699, 305435, 305268, 237011, 323430, 305219, 664429, 249756]",sql_first_rep0,,False,[],,
2026-08-26T06:52:49.467+00:00,calibration,0,421,SQL_FIRST,0.3199691553791526,0.903355,"[0.50,1.00)",101.06475,1.0,"[116357, 116346, 116677, 205928, 270206, 724409, 803443, 959967, 972137, 288272]",,,False,[],,
2026-08-26T06:52:49.467+00:00,calibration,0,421,VECTOR_FIRST_HNSW,0.3199691553791526,0.903355,"[0.50,1.00)",32.5195,1.0,"[116357, 116346, 116677, 205928, 270206, 724409, 803443, 959967, 972137, 288272]",sql_first_rep0,,False,[],,
2026-08-26T06:52:49.467+00:00,calibration,0,421,HNSW_HYBRID,0.3199691553791526,0.903355,"[0.50,1.00)",3.506708,1.0,"[116357, 116346, 116677, 270206, 205928, 724409, 803443, 959967, 972137, 288272]",sql_first_rep0,,False,[],,
2026-08-26T06:52:49.467+00:00,calibration,0,421,IVFFLAT_HYBRID,0.3199691553791526,0.903355,"[0.50,1.00)",37.208708,0.8,"[116357, 116346, 116677, 270206, 205928, 724409, 959967, 288272, 936241, 303127]",sql_first_rep0,,False,[],,
2026-08-26T06:52:49.700+00:00,calibration,0,423,SQL_FIRST,0.5606917509628913,0.148868,"[0.10,0.25)",195.244333,1.0,"[811173, 76078, 440179, 451709, 56596, 693751, 898768, 580202, 538315, 417469]",,,False,[],,
2026-08-26T06:52:49.700+00:00,calibration,0,423,VECTOR_FIRST_HNSW,0.5606917509628913,0.148868,"[0.10,0.25)",18.704042,1.0,"[811173, 76078, 440179, 451709, 56596, 693751, 898768, 580202, 538315, 417469]",sql_first_rep0,,False,[],,
2026-08-26T06:52:49.700+00:00,calibration,0,423,HNSW_HYBRID,0.5606917509628913,0.148868,"[0.10,0.25)",1.387333,1.0,"[811173, 76078, 440179, 451709, 56596, 693751, 898768, 580202, 538315, 417469]",sql_first_rep0,,False,[],,
2026-08-26T06:52:49.700+00:00,calibration,0,423,IVFFLAT_HYBRID,0.5606917509628913,0.148868,"[0.10,0.25)",9.532834,1.0,"[811173, 76078, 440179, 451709, 56596, 693751, 898768, 580202, 538315, 417469]",sql_first_rep0,,False,[],,
2026-08-26T06:52:49.786+00:00,calibration,0,424,SQL_FIRST,0.11508210601451453,0.00116,"[0.00,0.05)",29.8045,1.0,"[853148, 447898, 639861, 375198, 205493, 765313, 833254, 113927, 550031, 570876]",,,False,[],,
2026-08-26T06:52:49.786+00:00,calibration,0,424,VECTOR_FIRST_HNSW,0.11508210601451453,0.00116,"[0.00,0.05)",20.13725,0.0,[],sql_first_rep0,,False,[],,
2026-08-26T06:52:49.786+00:00,calibration,0,424,HNSW_HYBRID,0.11508210601451453,0.00116,"[0.00,0.05)",1.804416,0.0,[],sql_first_rep0,,False,[],,
2026-08-26T06:52:49.786+00:00,calibration,0,424,IVFFLAT_HYBRID,0.11508210601451453,0.00116,"[0.00,0.05)",28.116791,1.0,"[853148, 447898, 639861, 375198, 205493, 765313, 833254, 113927, 550031, 570876]",sql_first_rep0,,False,[],,
2026-08-26T06:52:49.970+00:00,calibration,0,425,SQL_FIRST,0.28169186307095767,0.902942,"[0.50,1.00)",84.080958,1.0,"[231240, 343786, 231995, 341763, 100131, 841793, 783052, 621610, 369684, 241954]",,,False,[],,
2026-08-26T06:52:49.970+00:00,calibration,0,425,VECTOR_FIRST_HNSW,0.28169186307095767,0.902942,"[0.50,1.00)",13.5935,1.0,"[231240, 343786, 231995, 341763, 100131, 841793, 783052, 621610, 369684, 241954]",sql_first_rep0,,False,[],,
2026-08-26T06:52:49.970+00:00,calibration,0,425,HNSW_HYBRID,0.28169186307095767,0.902942,"[0.50,1.00)",1.717292,1.0,"[231240, 343786, 231995, 341763, 100131, 841793, 783052, 621610, 369684, 241954]",sql_first_rep0,,False,[],,
2026-08-26T06:52:49.970+00:00,calibration,0,425,IVFFLAT_HYBRID,0.28169186307095767,0.902942,"[0.50,1.00)",76.793125,1.0,"[231240, 343786, 231995, 341763, 100131, 841793, 783052, 621610, 369684, 241954]",sql_first_rep0,,False,[],,
2026-08-26T06:52:50.686+00:00,calibration,0,429,SQL_FIRST,0.7024482592143008,0.973258,"[0.50,1.00)",580.574834,1.0,"[421419, 421439, 479997, 621021, 416755, 623245, 479838, 152066, 525142, 525850]",,,False,[],,
2026-08-26T06:52:50.687+00:00,calibration,0,429,VECTOR_FIRST_HNSW,0.7024482592143008,0.973258,"[0.50,1.00)",107.296375,1.0,"[421419, 421439, 479997, 621021, 416755, 623245, 479838, 152066, 525142, 525850]",sql_first_rep0,,False,[],,
2026-08-26T06:52:50.687+00:00,calibration,0,429,HNSW_HYBRID,0.7024482592143008,0.973258,"[0.50,1.00)",3.673125,1.0,"[421419, 421439, 479997, 621021, 416755, 623245, 479838, 152066, 525142, 525850]",sql_first_rep0,,False,[],,
2026-08-26T06:52:50.687+00:00,calibration,0,429,IVFFLAT_HYBRID,0.7024482592143008,0.973258,"[0.50,1.00)",14.0265,1.0,"[421419, 421439, 479997, 621021, 416755, 623245, 479838, 152066, 525142, 525850]",sql_first_rep0,,False,[],,
2026-08-26T06:52:51.086+00:00,calibration,0,430,SQL_FIRST,0.7539853315073891,0.977944,"[0.50,1.00)",346.614125,1.0,"[354320, 311351, 311451, 313307, 736518, 339275, 338677, 490644, 423003, 551783]",,,False,[],,
2026-08-26T06:52:51.086+00:00,calibration,0,430,VECTOR_FIRST_HNSW,0.7539853315073891,0.977944,"[0.50,1.00)",35.671708,1.0,"[354320, 311351, 311451, 313307, 736518, 339275, 338677, 490644, 423003, 551783]",sql_first_rep0,,False,[],,
2026-08-26T06:52:51.086+00:00,calibration,0,430,HNSW_HYBRID,0.7539853315073891,0.977944,"[0.50,1.00)",1.683458,1.0,"[354320, 311351, 311451, 313307, 736518, 339275, 338677, 490644, 423003, 551783]",sql_first_rep0,,False,[],,
2026-08-26T06:52:51.086+00:00,calibration,0,430,IVFFLAT_HYBRID,0.7539853315073891,0.977944,"[0.50,1.00)",8.441583,0.8,"[354320, 311351, 311451, 313307, 736518, 339275, 423003, 551783, 742438, 423346]",sql_first_rep0,,False,[],,
2026-08-26T06:52:51.237+00:00,calibration,0,432,SQL_FIRST,0.28677383606871387,0.125575,"[0.10,0.25)",94.050916,1.0,"[73929, 401063, 924800, 38343, 632688, 686261, 348916, 678504, 591880, 995393]",,,False,[],,
2026-08-26T06:52:51.237+00:00,calibration,0,432,VECTOR_FIRST_HNSW,0.28677383606871387,0.125575,"[0.10,0.25)",36.455,1.0,"[73929, 401063, 924800, 38343, 632688, 686261, 348916, 678504, 591880, 995393]",sql_first_rep0,,False,[],,
2026-08-26T06:52:51.237+00:00,calibration,0,432,HNSW_HYBRID,0.28677383606871387,0.125575,"[0.10,0.25)",2.021375,1.0,"[73929, 401063, 924800, 38343, 632688, 686261, 348916, 678504, 591880, 995393]",sql_first_rep0,,False,[],,
2026-08-26T06:52:51.237+00:00,calibration,0,432,IVFFLAT_HYBRID,0.28677383606871387,0.125575,"[0.10,0.25)",10.590083,0.9,"[73929, 401063, 924800, 38343, 686261, 348916, 678504, 591880, 995393, 802809]",sql_first_rep0,,False,[],,
2026-08-26T06:52:51.391+00:00,calibration,0,435,SQL_FIRST,0.850362088482216,0.877014,"[0.50,1.00)",108.0985,1.0,"[29611, 794894, 28584, 256589, 756123, 828804, 779875, 794231, 825307, 779412]",,,False,[],,
2026-08-26T06:52:51.391+00:00,calibration,0,435,VECTOR_FIRST_HNSW,0.850362088482216,0.877014,"[0.50,1.00)",19.129,1.0,"[29611, 794894, 28584, 256589, 756123, 828804, 779875, 794231, 825307, 779412]",sql_first_rep0,,False,[],,
2026-08-26T06:52:51.391+00:00,calibration,0,435,HNSW_HYBRID,0.850362088482216,0.877014,"[0.50,1.00)",1.329083,1.0,"[29611, 794894, 28584, 256589, 756123, 828804, 779875, 794231, 825307, 779412]",sql_first_rep0,,False,[],,
2026-08-26T06:52:51.391+00:00,calibration,0,435,IVFFLAT_HYBRID,0.850362088482216,0.877014,"[0.50,1.00)",17.928792,1.0,"[29611, 794894, 28584, 256589, 756123, 828804, 779875, 794231, 825307, 779412]",sql_first_rep0,,False,[],,
2026-08-26T06:52:52.154+00:00,calibration,0,436,SQL_FIRST,0.4764564177289726,0.143633,"[0.10,0.25)",671.438542,1.0,"[573626, 82666, 199135, 400649, 573506, 400614, 193985, 174760, 613172, 200535]",,,False,[],,
2026-08-26T06:52:52.155+00:00,calibration,0,436,VECTOR_FIRST_HNSW,0.4764564177289726,0.143633,"[0.10,0.25)",53.573292,0.9,"[573626, 82666, 199135, 400649, 573506, 400614, 174760, 613172, 200535, 16401]",sql_first_rep0,,False,[],,
2026-08-26T06:52:52.155+00:00,calibration,0,436,HNSW_HYBRID,0.4764564177289726,0.143633,"[0.10,0.25)",2.461541,0.9,"[573626, 82666, 199135, 400649, 573506, 400614, 174760, 613172, 200535, 16401]",sql_first_rep0,,False,[],,
2026-08-26T06:52:52.155+00:00,calibration,0,436,IVFFLAT_HYBRID,0.4764564177289726,0.143633,"[0.10,0.25)",16.505458,0.8,"[573626, 82666, 199135, 573506, 193985, 174760, 613172, 200535, 199549, 109408]",sql_first_rep0,,False,[],,
2026-08-26T06:52:52.390+00:00,calibration,0,437,SQL_FIRST,0.6041159877425776,0.676423,"[0.50,1.00)",181.308667,1.0,"[697071, 517546, 875033, 755045, 517420, 755009, 505763, 2248, 455323, 583706]",,,False,[],,
2026-08-26T06:52:52.390+00:00,calibration,0,437,VECTOR_FIRST_HNSW,0.6041159877425776,0.676423,"[0.50,1.00)",36.398834,1.0,"[697071, 517546, 875033, 755045, 517420, 755009, 505763, 2248, 455323, 583706]",sql_first_rep0,,False,[],,
2026-08-26T06:52:52.390+00:00,calibration,0,437,HNSW_HYBRID,0.6041159877425776,0.676423,"[0.50,1.00)",1.98725,1.0,"[697071, 517546, 875033, 755045, 517420, 755009, 505763, 2248, 455323, 583706]",sql_first_rep0,,False,[],,
2026-08-26T06:52:52.390+00:00,calibration,0,437,IVFFLAT_HYBRID,0.6041159877425776,0.676423,"[0.50,1.00)",9.376792,0.6,"[697071, 517546, 875033, 505763, 2248, 455323, 709627, 899185, 895797, 948147]",sql_first_rep0,,False,[],,
2026-08-26T06:52:52.525+00:00,calibration,0,438,SQL_FIRST,0.7088390488752371,0.763797,"[0.50,1.00)",89.366375,1.0,"[68556, 68575, 843837, 955396, 955635, 482684, 508968, 344293, 122665, 219356]",,,False,[],,
2026-08-26T06:52:52.525+00:00,calibration,0,438,VECTOR_FIRST_HNSW,0.7088390488752371,0.763797,"[0.50,1.00)",26.389708,1.0,"[68556, 68575, 843837, 955396, 955635, 482684, 508968, 344293, 122665, 219356]",sql_first_rep0,,False,[],,
2026-08-26T06:52:52.525+00:00,calibration,0,438,HNSW_HYBRID,0.7088390488752371,0.763797,"[0.50,1.00)",1.820292,1.0,"[68556, 68575, 843837, 955396, 955635, 482684, 508968, 344293, 122665, 219356]",sql_first_rep0,,False,[],,
2026-08-26T06:52:52.525+00:00,calibration,0,438,IVFFLAT_HYBRID,0.7088390488752371,0.763797,"[0.50,1.00)",10.61625,1.0,"[68556, 68575, 843837, 955396, 955635, 482684, 508968, 344293, 122665, 219356]",sql_first_rep0,,False,[],,
2026-08-26T06:52:52.633+00:00,calibration,0,440,SQL_FIRST,0.3775087122149695,0.133943,"[0.10,0.25)",66.393792,1.0,"[397162, 784389, 787560, 4745, 516360, 686169, 571641, 182763, 420935, 865098]",,,False,[],,
2026-08-26T06:52:52.633+00:00,calibration,0,440,VECTOR_FIRST_HNSW,0.3775087122149695,0.133943,"[0.10,0.25)",25.073292,1.0,"[397162, 784389, 787560, 4745, 516360, 686169, 571641, 182763, 420935, 865098]",sql_first_rep0,,False,[],,
2026-08-26T06:52:52.633+00:00,calibration,0,440,HNSW_HYBRID,0.3775087122149695,0.133943,"[0.10,0.25)",1.88375,1.0,"[397162, 784389, 787560, 4745, 516360, 686169, 571641, 182763, 420935, 865098]",sql_first_rep0,,False,[],,
2026-08-26T06:52:52.633+00:00,calibration,0,440,IVFFLAT_HYBRID,0.3775087122149695,0.133943,"[0.10,0.25)",7.974625,0.6,"[397162, 787560, 4745, 516360, 420935, 865098, 121047, 874847, 723299, 944086]",sql_first_rep0,,False,[],,
2026-08-26T06:52:52.761+00:00,calibration,0,442,SQL_FIRST,0.8823517686769385,0.902296,"[0.50,1.00)",100.671875,1.0,"[444859, 443391, 443325, 190554, 996911, 997058, 867668, 777734, 777939, 669959]",,,False,[],,
2026-08-26T06:52:52.761+00:00,calibration,0,442,VECTOR_FIRST_HNSW,0.8823517686769385,0.902296,"[0.50,1.00)",8.420334,1.0,"[444859, 443391, 443325, 190554, 996911, 997058, 867668, 777734, 777939, 669959]",sql_first_rep0,,False,[],,
2026-08-26T06:52:52.761+00:00,calibration,0,442,HNSW_HYBRID,0.8823517686769385,0.902296,"[0.50,1.00)",1.037416,1.0,"[444859, 443391, 443325, 190554, 996911, 997058, 867668, 777734, 777939, 669959]",sql_first_rep0,,False,[],,
2026-08-26T06:52:52.762+00:00,calibration,0,442,IVFFLAT_HYBRID,0.8823517686769385,0.902296,"[0.50,1.00)",13.083209,1.0,"[444859, 443391, 443325, 190554, 996911, 997058, 867668, 777734, 777939, 669959]",sql_first_rep0,,False,[],,
2026-08-26T06:52:52.933+00:00,calibration,0,444,SQL_FIRST,0.6103354719708953,0.682258,"[0.50,1.00)",118.36375,1.0,"[628186, 628402, 628638, 319887, 877115, 506880, 628589, 272946, 924016, 377447]",,,False,[],,
2026-08-26T06:52:52.933+00:00,calibration,0,444,VECTOR_FIRST_HNSW,0.6103354719708953,0.682258,"[0.50,1.00)",30.066208,1.0,"[628186, 628402, 628638, 319887, 877115, 506880, 628589, 272946, 924016, 377447]",sql_first_rep0,,False,[],,
2026-08-26T06:52:52.933+00:00,calibration,0,444,HNSW_HYBRID,0.6103354719708953,0.682258,"[0.50,1.00)",3.842959,1.0,"[628186, 628402, 628638, 319887, 877115, 506880, 628589, 272946, 924016, 377447]",sql_first_rep0,,False,[],,
2026-08-26T06:52:52.933+00:00,calibration,0,444,IVFFLAT_HYBRID,0.6103354719708953,0.682258,"[0.50,1.00)",10.5605,0.9,"[628186, 628402, 628638, 319887, 877115, 506880, 628589, 924016, 377447, 888910]",sql_first_rep0,,False,[],,
2026-08-26T06:52:53.075+00:00,calibration,0,445,SQL_FIRST,0.23750150183544244,0.002398,"[0.00,0.05)",81.912875,1.0,"[21826, 960243, 968129, 441439, 622398, 882976, 341667, 448362, 930230, 29733]",,,False,[],,
2026-08-26T06:52:53.075+00:00,calibration,0,445,VECTOR_FIRST_HNSW,0.23750150183544244,0.002398,"[0.00,0.05)",19.489916,0.0,[],sql_first_rep0,,False,[],,
2026-08-26T06:52:53.075+00:00,calibration,0,445,HNSW_HYBRID,0.23750150183544244,0.002398,"[0.00,0.05)",1.735083,0.0,[],sql_first_rep0,,False,[],,
2026-08-26T06:52:53.076+00:00,calibration,0,445,IVFFLAT_HYBRID,0.23750150183544244,0.002398,"[0.00,0.05)",32.572958,0.3,"[21826, 968129, 882976, 849281, 742340, 663610, 948041, 623616, 598035, 203540]",sql_first_rep0,,False,[],,
2026-08-26T06:52:53.242+00:00,calibration,0,446,SQL_FIRST,0.7348990158302727,0.976239,"[0.50,1.00)",133.809875,1.0,"[374047, 374126, 374025, 773855, 374008, 883078, 44638, 521357, 827646, 735238]",,,False,[],,
2026-08-26T06:52:53.242+00:00,calibration,0,446,VECTOR_FIRST_HNSW,0.7348990158302727,0.976239,"[0.50,1.00)",12.7245,1.0,"[374047, 374126, 374025, 773855, 374008, 883078, 44638, 521357, 827646, 735238]",sql_first_rep0,,False,[],,
2026-08-26T06:52:53.242+00:00,calibration,0,446,HNSW_HYBRID,0.7348990158302727,0.976239,"[0.50,1.00)",1.260083,1.0,"[374047, 374126, 374025, 773855, 374008, 883078, 44638, 521357, 827646, 735238]",sql_first_rep0,,False,[],,
2026-08-26T06:52:53.243+00:00,calibration,0,446,IVFFLAT_HYBRID,0.7348990158302727,0.976239,"[0.50,1.00)",13.399833,1.0,"[374047, 374126, 374025, 773855, 374008, 883078, 44638, 521357, 827646, 735238]",sql_first_rep0,,False,[],,
2026-08-26T06:52:53.420+00:00,calibration,0,447,SQL_FIRST,0.526593366931057,0.147748,"[0.10,0.25)",141.288,1.0,"[715278, 305049, 254068, 694176, 715544, 736485, 726380, 480387, 406341, 719234]",,,False,[],,
2026-08-26T06:52:53.420+00:00,calibration,0,447,VECTOR_FIRST_HNSW,0.526593366931057,0.147748,"[0.10,0.25)",19.41,0.8,"[715278, 305049, 254068, 694176, 715544, 736485, 406341, 719234, 280108, 428781]",sql_first_rep0,,False,[],,
2026-08-26T06:52:53.420+00:00,calibration,0,447,HNSW_HYBRID,0.526593366931057,0.147748,"[0.10,0.25)",1.711,0.8,"[715278, 305049, 254068, 694176, 715544, 736485, 406341, 719234, 280108, 428781]",sql_first_rep0,,False,[],,
2026-08-26T06:52:53.420+00:00,calibration,0,447,IVFFLAT_HYBRID,0.526593366931057,0.147748,"[0.10,0.25)",9.08125,0.6,"[715278, 715544, 736485, 726380, 480387, 406341, 428781, 231759, 23539, 70713]",sql_first_rep0,,False,[],,
2026-08-26T06:52:53.539+00:00,calibration,0,450,SQL_FIRST,0.12441919134453377,0.001207,"[0.00,0.05)",31.090667,1.0,"[930129, 947609, 842010, 212135, 722838, 394017, 706414, 724472, 680431, 743167]",,,False,[],,
2026-08-26T06:52:53.539+00:00,calibration,0,450,VECTOR_FIRST_HNSW,0.12441919134453377,0.001207,"[0.00,0.05)",31.017292,0.0,[],sql_first_rep0,,False,[],,
2026-08-26T06:52:53.539+00:00,calibration,0,450,HNSW_HYBRID,0.12441919134453377,0.001207,"[0.00,0.05)",3.614333,0.0,[],sql_first_rep0,,False,[],,
2026-08-26T06:52:53.539+00:00,calibration,0,450,IVFFLAT_HYBRID,0.12441919134453377,0.001207,"[0.00,0.05)",44.452042,0.2,"[842010, 724472, 177023, 314274, 984770, 945299, 679298, 33885, 300065]",sql_first_rep0,,False,[],,
2026-08-26T06:52:53.672+00:00,calibration,0,452,SQL_FIRST,0.7735530534575126,0.979618,"[0.50,1.00)",95.1635,1.0,"[403202, 496214, 198337, 277153, 861, 497180, 635951, 109624, 532969, 96989]",,,False,[],,
2026-08-26T06:52:53.672+00:00,calibration,0,452,VECTOR_FIRST_HNSW,0.7735530534575126,0.979618,"[0.50,1.00)",23.047667,1.0,"[403202, 496214, 198337, 277153, 861, 497180, 635951, 109624, 532969, 96989]",sql_first_rep0,,False,[],,
2026-08-26T06:52:53.672+00:00,calibration,0,452,HNSW_HYBRID,0.7735530534575126,0.979618,"[0.50,1.00)",2.133167,1.0,"[403202, 496214, 277153, 198337, 861, 497180, 635951, 109624, 532969, 96989]",sql_first_rep0,,False,[],,
2026-08-26T06:52:53.672+00:00,calibration,0,452,IVFFLAT_HYBRID,0.7735530534575126,0.979618,"[0.50,1.00)",6.316542,0.7,"[403202, 277153, 198337, 861, 497180, 635951, 96989, 531359, 170746, 3940]",sql_first_rep0,,False,[],,
2026-08-26T06:52:53.826+00:00,calibration,0,455,SQL_FIRST,0.28432717671967683,0.903013,"[0.50,1.00)",109.146417,1.0,"[124995, 107171, 108266, 123973, 516349, 124021, 353473, 152371, 13800, 527133]",,,False,[],,
2026-08-26T06:52:53.827+00:00,calibration,0,455,VECTOR_FIRST_HNSW,0.28432717671967683,0.903013,"[0.50,1.00)",21.241458,1.0,"[124995, 107171, 108266, 123973, 516349, 124021, 353473, 152371, 13800, 527133]",sql_first_rep0,,False,[],,
2026-08-26T06:52:53.827+00:00,calibration,0,455,HNSW_HYBRID,0.28432717671967683,0.903013,"[0.50,1.00)",2.981583,1.0,"[124995, 107171, 108266, 123973, 516349, 124021, 353473, 152371, 13800, 527133]",sql_first_rep0,,False,[],,
2026-08-26T06:52:53.827+00:00,calibration,0,455,IVFFLAT_HYBRID,0.28432717671967683,0.903013,"[0.50,1.00)",14.429833,1.0,"[124995, 107171, 108266, 123973, 516349, 124021, 353473, 152371, 13800, 527133]",sql_first_rep0,,False,[],,
2026-08-26T06:52:54.323+00:00,calibration,0,456,SQL_FIRST,0.9449390726515551,0.954433,"[0.50,1.00)",405.351917,1.0,"[357932, 356691, 804056, 292800, 573185, 968314, 599856, 512844, 843957, 953424]",,,False,[],,
2026-08-26T06:52:54.324+00:00,calibration,0,456,VECTOR_FIRST_HNSW,0.9449390726515551,0.954433,"[0.50,1.00)",55.333666,1.0,"[357932, 356691, 804056, 292800, 573185, 968314, 599856, 512844, 843957, 953424]",sql_first_rep0,,False,[],,
2026-08-26T06:52:54.324+00:00,calibration,0,456,HNSW_HYBRID,0.9449390726515551,0.954433,"[0.50,1.00)",4.212834,1.0,"[357932, 356691, 804056, 292800, 573185, 968314, 599856, 512844, 843957, 953424]",sql_first_rep0,,False,[],,
2026-08-26T06:52:54.324+00:00,calibration,0,456,IVFFLAT_HYBRID,0.9449390726515551,0.954433,"[0.50,1.00)",17.88625,1.0,"[357932, 356691, 804056, 292800, 573185, 968314, 599856, 512844, 843957, 953424]",sql_first_rep0,,False,[],,
2026-08-26T06:52:54.590+00:00,calibration,0,458,SQL_FIRST,0.7796883426158205,0.821723,"[0.50,1.00)",213.685583,1.0,"[573522, 574869, 573466, 523155, 847380, 777104, 659748, 877601, 397514, 959059]",,,False,[],,
2026-08-26T06:52:54.590+00:00,calibration,0,458,VECTOR_FIRST_HNSW,0.7796883426158205,0.821723,"[0.50,1.00)",32.547667,1.0,"[573522, 574869, 573466, 523155, 847380, 777104, 659748, 877601, 397514, 959059]",sql_first_rep0,,False,[],,
2026-08-26T06:52:54.591+00:00,calibration,0,458,HNSW_HYBRID,0.7796883426158205,0.821723,"[0.50,1.00)",2.127709,1.0,"[573522, 574869, 573466, 523155, 847380, 777104, 659748, 877601, 397514, 959059]",sql_first_rep0,,False,[],,
2026-08-26T06:52:54.591+00:00,calibration,0,458,IVFFLAT_HYBRID,0.7796883426158205,0.821723,"[0.50,1.00)",9.942542,0.9,"[573522, 574869, 573466, 523155, 847380, 659748, 877601, 397514, 959059, 772221]",sql_first_rep0,,False,[],,
2026-08-26T06:52:54.740+00:00,calibration,0,459,SQL_FIRST,0.4376087668131254,0.904655,"[0.50,1.00)",93.734083,1.0,"[207715, 207686, 207780, 207836, 905397, 542198, 207746, 808991, 905190, 54162]",,,False,[],,
2026-08-26T06:52:54.740+00:00,calibration,0,459,VECTOR_FIRST_HNSW,0.4376087668131254,0.904655,"[0.50,1.00)",29.529334,1.0,"[207715, 207686, 207780, 207836, 905397, 542198, 207746, 808991, 905190, 54162]",sql_first_rep0,,False,[],,
2026-08-26T06:52:54.740+00:00,calibration,0,459,HNSW_HYBRID,0.4376087668131254,0.904655,"[0.50,1.00)",2.306708,1.0,"[207715, 207686, 207780, 207836, 905397, 542198, 207746, 808991, 905190, 54162]",sql_first_rep0,,False,[],,
2026-08-26T06:52:54.740+00:00,calibration,0,459,IVFFLAT_HYBRID,0.4376087668131254,0.904655,"[0.50,1.00)",15.949584,1.0,"[207715, 207686, 207780, 207836, 905397, 542198, 207746, 808991, 905190, 54162]",sql_first_rep0,,False,[],,
2026-08-26T06:52:54.913+00:00,calibration,0,460,SQL_FIRST,0.3223554576248537,0.128463,"[0.10,0.25)",92.520708,1.0,"[588594, 615020, 22095, 495281, 698758, 907365, 214475, 808901, 474661, 830872]",,,False,[],,
2026-08-26T06:52:54.913+00:00,calibration,0,460,VECTOR_FIRST_HNSW,0.3223554576248537,0.128463,"[0.10,0.25)",37.050125,1.0,"[588594, 615020, 22095, 495281, 698758, 907365, 214475, 808901, 474661, 830872]",sql_first_rep0,,False,[],,
2026-08-26T06:52:54.913+00:00,calibration,0,460,HNSW_HYBRID,0.3223554576248537,0.128463,"[0.10,0.25)",2.287542,1.0,"[588594, 615020, 22095, 495281, 698758, 907365, 214475, 808901, 474661, 830872]",sql_first_rep0,,False,[],,
2026-08-26T06:52:54.913+00:00,calibration,0,460,IVFFLAT_HYBRID,0.3223554576248537,0.128463,"[0.10,0.25)",29.33875,1.0,"[588594, 615020, 22095, 495281, 698758, 907365, 214475, 808901, 474661, 830872]",sql_first_rep0,,False,[],,
2026-08-26T06:52:55.103+00:00,calibration,0,462,SQL_FIRST,0.9128199083797198,0.992039,"[0.50,1.00)",122.159625,1.0,"[972155, 963348, 778731, 778771, 884825, 971620, 770024, 768379, 771850, 701039]",,,False,[],,
2026-08-26T06:52:55.103+00:00,calibration,0,462,VECTOR_FIRST_HNSW,0.9128199083797198,0.992039,"[0.50,1.00)",33.139667,1.0,"[972155, 963348, 778731, 778771, 884825, 971620, 770024, 768379, 771850, 701039]",sql_first_rep0,,False,[],,
2026-08-26T06:52:55.103+00:00,calibration,0,462,HNSW_HYBRID,0.9128199083797198,0.992039,"[0.50,1.00)",2.04875,1.0,"[972155, 963348, 778731, 778771, 884825, 971620, 770024, 768379, 771850, 701039]",sql_first_rep0,,False,[],,
2026-08-26T06:52:55.103+00:00,calibration,0,462,IVFFLAT_HYBRID,0.9128199083797198,0.992039,"[0.50,1.00)",22.634875,1.0,"[972155, 963348, 778731, 778771, 884825, 971620, 770024, 768379, 771850, 701039]",sql_first_rep0,,False,[],,
2026-08-26T06:52:55.409+00:00,calibration,0,464,SQL_FIRST,0.24346658579030206,0.021299,"[0.00,0.05)",244.461375,1.0,"[974185, 260885, 974393, 966110, 216622, 892086, 535415, 58386, 724283, 880040]",,,False,[],,
2026-08-26T06:52:55.409+00:00,calibration,0,464,VECTOR_FIRST_HNSW,0.24346658579030206,0.021299,"[0.00,0.05)",36.063292,0.3,"[974185, 260885, 974393]",sql_first_rep0,,False,[],,
2026-08-26T06:52:55.409+00:00,calibration,0,464,HNSW_HYBRID,0.24346658579030206,0.021299,"[0.00,0.05)",2.12575,0.3,"[974185, 260885, 974393]",sql_first_rep0,,False,[],,
2026-08-26T06:52:55.409+00:00,calibration,0,464,IVFFLAT_HYBRID,0.24346658579030206,0.021299,"[0.00,0.05)",14.725,0.9,"[974185, 260885, 974393, 966110, 216622, 892086, 58386, 724283, 880040, 450576]",sql_first_rep0,,False,[],,
2026-08-26T06:52:55.573+00:00,calibration,0,467,SQL_FIRST,0.3385050869601338,0.129366,"[0.10,0.25)",101.335583,1.0,"[931885, 991197, 993342, 223478, 983631, 990891, 224646, 539654, 248185, 542454]",,,False,[],,
2026-08-26T06:52:55.573+00:00,calibration,0,467,VECTOR_FIRST_HNSW,0.3385050869601338,0.129366,"[0.10,0.25)",20.857459,1.0,"[931885, 991197, 993342, 223478, 983631, 990891, 224646, 539654, 248185, 542454]",sql_first_rep0,,False,[],,
2026-08-26T06:52:55.573+00:00,calibration,0,467,HNSW_HYBRID,0.3385050869601338,0.129366,"[0.10,0.25)",2.442416,1.0,"[931885, 991197, 993342, 223478, 983631, 990891, 224646, 539654, 248185, 542454]",sql_first_rep0,,False,[],,
2026-08-26T06:52:55.573+00:00,calibration,0,467,IVFFLAT_HYBRID,0.3385050869601338,0.129366,"[0.10,0.25)",33.158834,0.9,"[931885, 991197, 993342, 223478, 983631, 990891, 224646, 539654, 542454, 763051]",sql_first_rep0,,False,[],,
2026-08-26T06:52:55.753+00:00,calibration,0,472,SQL_FIRST,0.33531822021865965,0.903501,"[0.50,1.00)",144.496042,1.0,"[886074, 825587, 996651, 849218, 825530, 102254, 444930, 886161, 101924, 444309]",,,False,[],,
2026-08-26T06:52:55.754+00:00,calibration,0,472,VECTOR_FIRST_HNSW,0.33531822021865965,0.903501,"[0.50,1.00)",14.026209,1.0,"[886074, 825587, 996651, 849218, 825530, 102254, 444930, 886161, 101924, 444309]",sql_first_rep0,,False,[],,
2026-08-26T06:52:55.754+00:00,calibration,0,472,HNSW_HYBRID,0.33531822021865965,0.903501,"[0.50,1.00)",1.150208,1.0,"[886074, 825587, 996651, 849218, 825530, 102254, 444930, 886161, 101924, 444309]",sql_first_rep0,,False,[],,
2026-08-26T06:52:55.754+00:00,calibration,0,472,IVFFLAT_HYBRID,0.33531822021865965,0.903501,"[0.50,1.00)",14.771125,1.0,"[886074, 825587, 996651, 849218, 825530, 102254, 444930, 886161, 101924, 444309]",sql_first_rep0,,False,[],,
2026-08-26T06:52:55.918+00:00,calibration,0,473,SQL_FIRST,0.6662616174367918,0.969991,"[0.50,1.00)",108.3355,1.0,"[385264, 385496, 141139, 380787, 908013, 473355, 669858, 593935, 1054, 469509]",,,False,[],,
2026-08-26T06:52:55.918+00:00,calibration,0,473,VECTOR_FIRST_HNSW,0.6662616174367918,0.969991,"[0.50,1.00)",39.810875,1.0,"[385264, 385496, 141139, 380787, 908013, 473355, 669858, 593935, 1054, 469509]",sql_first_rep0,,False,[],,
2026-08-26T06:52:55.918+00:00,calibration,0,473,HNSW_HYBRID,0.6662616174367918,0.969991,"[0.50,1.00)",2.282042,1.0,"[385264, 385496, 141139, 380787, 908013, 473355, 669858, 593935, 1054, 469509]",sql_first_rep0,,False,[],,
2026-08-26T06:52:55.918+00:00,calibration,0,473,IVFFLAT_HYBRID,0.6662616174367918,0.969991,"[0.50,1.00)",7.913208,0.8,"[385264, 385496, 380787, 908013, 473355, 669858, 593935, 469509, 667755, 473375]",sql_first_rep0,,False,[],,
2026-08-26T06:52:56.155+00:00,calibration,0,474,SQL_FIRST,0.9751986081364374,0.997627,"[0.50,1.00)",157.09625,1.0,"[416282, 416630, 411179, 411342, 937407, 203836, 268114, 770171, 429739, 520554]",,,False,[],,
2026-08-26T06:52:56.155+00:00,calibration,0,474,VECTOR_FIRST_HNSW,0.9751986081364374,0.997627,"[0.50,1.00)",48.049833,1.0,"[416282, 416630, 411179, 411342, 937407, 203836, 268114, 770171, 429739, 520554]",sql_first_rep0,,False,[],,
2026-08-26T06:52:56.155+00:00,calibration,0,474,HNSW_HYBRID,0.9751986081364374,0.997627,"[0.50,1.00)",2.511666,1.0,"[416282, 416630, 411179, 411342, 937407, 268114, 203836, 770171, 429739, 520554]",sql_first_rep0,,False,[],,
2026-08-26T06:52:56.155+00:00,calibration,0,474,IVFFLAT_HYBRID,0.9751986081364374,0.997627,"[0.50,1.00)",20.532041,1.0,"[416282, 416630, 411179, 411342, 937407, 268114, 203836, 770171, 429739, 520554]",sql_first_rep0,,False,[],,
2026-08-26T06:52:56.330+00:00,calibration,0,475,SQL_FIRST,0.4627692835885172,0.904713,"[0.50,1.00)",136.335458,1.0,"[540532, 857267, 540587, 856791, 906296, 764315, 558717, 414392, 848187, 543556]",,,False,[],,
2026-08-26T06:52:56.330+00:00,calibration,0,475,VECTOR_FIRST_HNSW,0.4627692835885172,0.904713,"[0.50,1.00)",13.988792,1.0,"[540532, 857267, 540587, 856791, 906296, 764315, 558717, 414392, 848187, 543556]",sql_first_rep0,,False,[],,
2026-08-26T06:52:56.330+00:00,calibration,0,475,HNSW_HYBRID,0.4627692835885172,0.904713,"[0.50,1.00)",1.317584,1.0,"[540532, 857267, 540587, 856791, 906296, 764315, 558717, 414392, 848187, 543556]",sql_first_rep0,,False,[],,
2026-08-26T06:52:56.330+00:00,calibration,0,475,IVFFLAT_HYBRID,0.4627692835885172,0.904713,"[0.50,1.00)",15.009125,1.0,"[540532, 857267, 540587, 856791, 906296, 764315, 558717, 414392, 848187, 543556]",sql_first_rep0,,False,[],,
2026-08-26T06:52:56.490+00:00,calibration,0,478,SQL_FIRST,0.6000204429548189,0.673656,"[0.50,1.00)",95.49675,1.0,"[806978, 478808, 515754, 184046, 720609, 720970, 498830, 341227, 699420, 151518]",,,False,[],,
2026-08-26T06:52:56.490+00:00,calibration,0,478,VECTOR_FIRST_HNSW,0.6000204429548189,0.673656,"[0.50,1.00)",40.425459,1.0,"[806978, 478808, 515754, 184046, 720609, 720970, 498830, 341227, 699420, 151518]",sql_first_rep0,,False,[],,
2026-08-26T06:52:56.490+00:00,calibration,0,478,HNSW_HYBRID,0.6000204429548189,0.673656,"[0.50,1.00)",2.559458,1.0,"[806978, 478808, 515754, 184046, 720609, 720970, 498830, 341227, 699420, 151518]",sql_first_rep0,,False,[],,
2026-08-26T06:52:56.490+00:00,calibration,0,478,IVFFLAT_HYBRID,0.6000204429548189,0.673656,"[0.50,1.00)",14.98125,0.7,"[806978, 478808, 515754, 184046, 720970, 341227, 699420, 553855, 677944, 17833]",sql_first_rep0,,False,[],,
2026-08-26T06:52:56.971+00:00,calibration,0,479,SQL_FIRST,0.06753836462353936,0.005853,"[0.00,0.05)",359.311542,1.0,"[64786, 776362, 195461, 714700, 190181, 804627, 512359, 391210, 813865, 319935]",,,False,[],,
2026-08-26T06:52:56.971+00:00,calibration,0,479,VECTOR_FIRST_HNSW,0.06753836462353936,0.005853,"[0.00,0.05)",56.704084,0.0,[],sql_first_rep0,,False,[],,
2026-08-26T06:52:56.971+00:00,calibration,0,479,HNSW_HYBRID,0.06753836462353936,0.005853,"[0.00,0.05)",2.662333,0.0,[],sql_first_rep0,,False,[],,
2026-08-26T06:52:56.971+00:00,calibration,0,479,IVFFLAT_HYBRID,0.06753836462353936,0.005853,"[0.00,0.05)",35.966833,0.7,"[64786, 776362, 190181, 804627, 512359, 391210, 319935, 167011, 11952, 600025]",sql_first_rep0,,False,[],,
2026-08-26T06:52:57.330+00:00,calibration,0,481,SQL_FIRST,0.3467754969681232,0.903617,"[0.50,1.00)",299.432125,1.0,"[126317, 470777, 360842, 250483, 405078, 112211, 327911, 964739, 750070, 233418]",,,False,[],,
2026-08-26T06:52:57.330+00:00,calibration,0,481,VECTOR_FIRST_HNSW,0.3467754969681232,0.903617,"[0.50,1.00)",40.088125,1.0,"[126317, 470777, 360842, 250483, 405078, 112211, 327911, 964739, 750070, 233418]",sql_first_rep0,,False,[],,
2026-08-26T06:52:57.330+00:00,calibration,0,481,HNSW_HYBRID,0.3467754969681232,0.903617,"[0.50,1.00)",2.393666,1.0,"[126317, 470777, 360842, 250483, 405078, 112211, 327911, 964739, 750070, 233418]",sql_first_rep0,,False,[],,
2026-08-26T06:52:57.330+00:00,calibration,0,481,IVFFLAT_HYBRID,0.3467754969681232,0.903617,"[0.50,1.00)",9.965792,0.8,"[126317, 470777, 360842, 250483, 112211, 964739, 750070, 233418, 455991, 463512]",sql_first_rep0,,False,[],,
2026-08-26T06:52:57.498+00:00,calibration,0,483,SQL_FIRST,0.4928679840995363,0.905011,"[0.50,1.00)",101.796833,1.0,"[149211, 145855, 146634, 163519, 615703, 178133, 512481, 262116, 522796, 522773]",,,False,[],,
2026-08-26T06:52:57.498+00:00,calibration,0,483,VECTOR_FIRST_HNSW,0.4928679840995363,0.905011,"[0.50,1.00)",41.142625,1.0,"[149211, 145855, 146634, 163519, 615703, 178133, 512481, 262116, 522796, 522773]",sql_first_rep0,,False,[],,
2026-08-26T06:52:57.498+00:00,calibration,0,483,HNSW_HYBRID,0.4928679840995363,0.905011,"[0.50,1.00)",2.087875,1.0,"[149211, 145855, 146634, 163519, 615703, 178133, 512481, 262116, 522796, 522773]",sql_first_rep0,,False,[],,
2026-08-26T06:52:57.498+00:00,calibration,0,483,IVFFLAT_HYBRID,0.4928679840995363,0.905011,"[0.50,1.00)",14.249167,0.7,"[149211, 145855, 146634, 163519, 615703, 178133, 262116, 81629, 162415, 92910]",sql_first_rep0,,False,[],,
2026-08-26T06:52:57.662+00:00,calibration,0,486,SQL_FIRST,0.7152309596013989,0.768381,"[0.50,1.00)",107.602292,1.0,"[77217, 373324, 78534, 75167, 75803, 269316, 695865, 681628, 635786, 671760]",,,False,[],,
2026-08-26T06:52:57.662+00:00,calibration,0,486,VECTOR_FIRST_HNSW,0.7152309596013989,0.768381,"[0.50,1.00)",37.707792,1.0,"[77217, 373324, 78534, 75167, 75803, 269316, 695865, 681628, 635786, 671760]",sql_first_rep0,,False,[],,
2026-08-26T06:52:57.662+00:00,calibration,0,486,HNSW_HYBRID,0.7152309596013989,0.768381,"[0.50,1.00)",2.497958,1.0,"[77217, 373324, 78534, 75167, 75803, 269316, 695865, 681628, 635786, 671760]",sql_first_rep0,,False,[],,
2026-08-26T06:52:57.662+00:00,calibration,0,486,IVFFLAT_HYBRID,0.7152309596013989,0.768381,"[0.50,1.00)",6.766708,0.8,"[77217, 373324, 78534, 75167, 75803, 681628, 635786, 671760, 373367, 991526]",sql_first_rep0,,False,[],,
2026-08-26T06:52:57.752+00:00,calibration,0,487,SQL_FIRST,0.013536062217853593,0.00013,"[0.00,0.05)",22.52075,1.0,"[858672, 583967, 89445, 712475, 848468, 42116, 825524, 205832, 143869, 6316]",,,False,[],,
2026-08-26T06:52:57.753+00:00,calibration,0,487,VECTOR_FIRST_HNSW,0.013536062217853593,0.00013,"[0.00,0.05)",31.598834,0.0,[],sql_first_rep0,,False,[],,
2026-08-26T06:52:57.753+00:00,calibration,0,487,HNSW_HYBRID,0.013536062217853593,0.00013,"[0.00,0.05)",15.528834,1.0,"[858672, 583967, 89445, 712475, 848468, 42116, 825524, 205832, 143869, 6316]",sql_first_rep0,,False,[],,
2026-08-26T06:52:57.753+00:00,calibration,0,487,IVFFLAT_HYBRID,0.013536062217853593,0.00013,"[0.00,0.05)",13.700375,1.0,"[858672, 583967, 89445, 712475, 848468, 42116, 825524, 205832, 143869, 6316]",sql_first_rep0,,False,[],,
2026-08-26T06:52:57.912+00:00,calibration,0,488,SQL_FIRST,0.1554129470458795,0.014006,"[0.00,0.05)",102.923583,1.0,"[89037, 92278, 414900, 314312, 707938, 547981, 394271, 707231, 109423, 967502]",,,False,[],,
2026-08-26T06:52:57.912+00:00,calibration,0,488,VECTOR_FIRST_HNSW,0.1554129470458795,0.014006,"[0.00,0.05)",37.085041,0.2,"[89037, 92278]",sql_first_rep0,,False,[],,
2026-08-26T06:52:57.912+00:00,calibration,0,488,HNSW_HYBRID,0.1554129470458795,0.014006,"[0.00,0.05)",1.944541,0.2,"[89037, 92278]",sql_first_rep0,,False,[],,
2026-08-26T06:52:57.912+00:00,calibration,0,488,IVFFLAT_HYBRID,0.1554129470458795,0.014006,"[0.00,0.05)",11.68025,0.5,"[89037, 414900, 707938, 394271, 707231, 247171, 946014, 429060, 151559, 780254]",sql_first_rep0,,False,[],,
2026-08-26T06:52:58.097+00:00,calibration,0,494,SQL_FIRST,0.8826082277211794,0.902378,"[0.50,1.00)",140.115042,1.0,"[633112, 636334, 242234, 720467, 947062, 158144, 68280, 636632, 465475, 347509]",,,False,[],,
2026-08-26T06:52:58.097+00:00,calibration,0,494,VECTOR_FIRST_HNSW,0.8826082277211794,0.902378,"[0.50,1.00)",27.089667,1.0,"[633112, 636334, 242234, 720467, 947062, 158144, 68280, 636632, 465475, 347509]",sql_first_rep0,,False,[],,
2026-08-26T06:52:58.097+00:00,calibration,0,494,HNSW_HYBRID,0.8826082277211794,0.902378,"[0.50,1.00)",1.852791,1.0,"[633112, 636334, 242234, 720467, 947062, 158144, 68280, 636632, 465475, 347509]",sql_first_rep0,,False,[],,
2026-08-26T06:52:58.097+00:00,calibration,0,494,IVFFLAT_HYBRID,0.8826082277211794,0.902378,"[0.50,1.00)",10.314583,0.5,"[633112, 242234, 947062, 158144, 347509, 170421, 735743, 942973, 784197, 321999]",sql_first_rep0,,False,[],,
