ts_utc,phase,repetition,query_id,strategy,template,category,price_limit,in_stock,target_bucket_idx,estimated_selectivity,bucket,latency_ms,recall_at_10,plan_verified,access_path,adaptive_selected,is_adaptive_selection
2026-08-30T19:37:02.642+00:00,calibration,0,138,SQL_FIRST,two_categories,category_05,34,False,2,0.199565,"[0.10,0.25)",22.743625,1.0,True,exact_bitmap,,False
2026-08-30T19:37:02.674+00:00,calibration,0,138,VECTOR_FIRST_HNSW,two_categories,category_05,34,False,2,0.199565,"[0.10,0.25)",31.238708,1.0,False,exact_bitmap,,False
2026-08-30T19:37:02.697+00:00,calibration,0,138,HNSW_HYBRID,two_categories,category_05,34,False,2,0.199565,"[0.10,0.25)",22.332458,1.0,False,exact_bitmap,,False
2026-08-30T19:37:02.723+00:00,calibration,0,138,IVFFLAT_HYBRID,two_categories,category_05,34,False,2,0.199565,"[0.10,0.25)",23.883209,1.0,False,exact_bitmap,,False
2026-08-30T19:37:02.855+00:00,calibration,0,164,SQL_FIRST,category_or_price,category_01,425,False,3,0.47886,"[0.25,0.50)",25.734042,1.0,True,exact_seq,,False
2026-08-30T19:37:02.886+00:00,calibration,0,164,VECTOR_FIRST_HNSW,category_or_price,category_01,425,False,3,0.47886,"[0.25,0.50)",29.023625,1.0,False,exact_bitmap,,False
2026-08-30T19:37:02.912+00:00,calibration,0,164,HNSW_HYBRID,category_or_price,category_01,425,False,3,0.47886,"[0.25,0.50)",24.702041,1.0,False,exact_seq,,False
2026-08-30T19:37:02.939+00:00,calibration,0,164,IVFFLAT_HYBRID,category_or_price,category_01,425,False,3,0.47886,"[0.25,0.50)",24.938875,1.0,False,exact_seq,,False
2026-08-30T19:37:02.985+00:00,calibration,0,41,SQL_FIRST,category_narrow_price,category_03,806,True,0,0.00526,"[0.00,0.05)",3.196916,1.0,True,exact_bitmap,,False
2026-08-30T19:37:03.017+00:00,calibration,0,41,VECTOR_FIRST_HNSW,category_narrow_price,category_03,806,True,0,0.00526,"[0.00,0.05)",31.72925,0.0,False,exact_bitmap,,False
2026-08-30T19:37:03.021+00:00,calibration,0,41,HNSW_HYBRID,category_narrow_price,category_03,806,True,0,0.00526,"[0.00,0.05)",2.714959,1.0,False,exact_bitmap,,False
2026-08-30T19:37:03.024+00:00,calibration,0,41,IVFFLAT_HYBRID,category_narrow_price,category_03,806,True,0,0.00526,"[0.00,0.05)",3.006375,1.0,False,exact_bitmap,,False
2026-08-30T19:37:03.151+00:00,calibration,0,208,SQL_FIRST,stock_alone,category_07,492,True,4,0.500835,"[0.50,1.00)",23.739292,1.0,True,exact_seq,,False
2026-08-30T19:37:03.183+00:00,calibration,0,208,VECTOR_FIRST_HNSW,stock_alone,category_07,492,True,4,0.500835,"[0.50,1.00)",31.620875,1.0,False,exact_bitmap,,False
2026-08-30T19:37:03.208+00:00,calibration,0,208,HNSW_HYBRID,stock_alone,category_07,492,True,4,0.500835,"[0.50,1.00)",23.056292,1.0,False,exact_seq,,False
2026-08-30T19:37:03.233+00:00,calibration,0,208,IVFFLAT_HYBRID,stock_alone,category_07,492,True,4,0.500835,"[0.50,1.00)",22.734125,1.0,False,exact_seq,,False
2026-08-30T19:37:03.322+00:00,calibration,0,132,SQL_FIRST,single_category_alone,category_03,14,False,2,0.1037,"[0.10,0.25)",15.001708,1.0,True,exact_bitmap,,False
2026-08-30T19:37:03.355+00:00,calibration,0,132,VECTOR_FIRST_HNSW,single_category_alone,category_03,14,False,2,0.1037,"[0.10,0.25)",31.725875,0.9,False,exact_bitmap,,False
2026-08-30T19:37:03.370+00:00,calibration,0,132,HNSW_HYBRID,single_category_alone,category_03,14,False,2,0.1037,"[0.10,0.25)",13.819792,1.0,False,exact_bitmap,,False
2026-08-30T19:37:03.386+00:00,calibration,0,132,IVFFLAT_HYBRID,single_category_alone,category_03,14,False,2,0.1037,"[0.10,0.25)",14.309542,1.0,False,exact_bitmap,,False
2026-08-30T19:37:03.536+00:00,calibration,0,227,SQL_FIRST,wide_or,category_01,390,False,4,0.723345,"[0.50,1.00)",29.3135,1.0,True,exact_seq,,False
2026-08-30T19:37:03.567+00:00,calibration,0,227,VECTOR_FIRST_HNSW,wide_or,category_01,390,False,4,0.723345,"[0.50,1.00)",28.786167,1.0,False,exact_bitmap,,False
2026-08-30T19:37:03.598+00:00,calibration,0,227,HNSW_HYBRID,wide_or,category_01,390,False,4,0.723345,"[0.50,1.00)",30.250083,1.0,False,exact_seq,,False
2026-08-30T19:37:03.628+00:00,calibration,0,227,IVFFLAT_HYBRID,wide_or,category_01,390,False,4,0.723345,"[0.50,1.00)",29.068625,1.0,False,exact_seq,,False
2026-08-30T19:37:03.722+00:00,calibration,0,126,SQL_FIRST,price_range_mid,category_02,412,True,2,0.101065,"[0.10,0.25)",16.131541,1.0,True,exact_bitmap,,False
2026-08-30T19:37:03.755+00:00,calibration,0,126,VECTOR_FIRST_HNSW,price_range_mid,category_02,412,True,2,0.101065,"[0.10,0.25)",31.688667,0.6,False,exact_bitmap,,False
2026-08-30T19:37:03.770+00:00,calibration,0,126,HNSW_HYBRID,price_range_mid,category_02,412,True,2,0.101065,"[0.10,0.25)",13.4495,1.0,False,exact_bitmap,,False
2026-08-30T19:37:03.785+00:00,calibration,0,126,IVFFLAT_HYBRID,price_range_mid,category_02,412,True,2,0.101065,"[0.10,0.25)",14.673417,1.0,False,exact_bitmap,,False
2026-08-30T19:37:03.915+00:00,calibration,0,240,SQL_FIRST,stock_alone,category_04,912,True,4,0.500835,"[0.50,1.00)",24.760417,1.0,True,exact_seq,,False
2026-08-30T19:37:03.945+00:00,calibration,0,240,VECTOR_FIRST_HNSW,stock_alone,category_04,912,True,4,0.500835,"[0.50,1.00)",28.939,1.0,False,exact_bitmap,,False
2026-08-30T19:37:03.970+00:00,calibration,0,240,HNSW_HYBRID,stock_alone,category_04,912,True,4,0.500835,"[0.50,1.00)",24.043125,1.0,False,exact_seq,,False
2026-08-30T19:37:03.994+00:00,calibration,0,240,IVFFLAT_HYBRID,stock_alone,category_04,912,True,4,0.500835,"[0.50,1.00)",23.46125,1.0,False,exact_seq,,False
2026-08-30T19:37:04.143+00:00,calibration,0,243,SQL_FIRST,wide_or,category_01,108,True,4,0.59524,"[0.50,1.00)",29.301375,1.0,True,exact_seq,,False
2026-08-30T19:37:04.175+00:00,calibration,0,243,VECTOR_FIRST_HNSW,wide_or,category_01,108,True,4,0.59524,"[0.50,1.00)",31.042875,1.0,False,exact_bitmap,,False
2026-08-30T19:37:04.204+00:00,calibration,0,243,HNSW_HYBRID,wide_or,category_01,108,True,4,0.59524,"[0.50,1.00)",27.956875,1.0,False,exact_seq,,False
2026-08-30T19:37:04.232+00:00,calibration,0,243,IVFFLAT_HYBRID,wide_or,category_01,108,True,4,0.59524,"[0.50,1.00)",27.09675,1.0,False,exact_seq,,False
2026-08-30T19:37:04.320+00:00,calibration,0,92,SQL_FIRST,single_category,category_04,474,True,1,0.0967,"[0.05,0.10)",14.098417,1.0,True,exact_bitmap,,False
2026-08-30T19:37:04.352+00:00,calibration,0,92,VECTOR_FIRST_HNSW,single_category,category_04,474,True,1,0.0967,"[0.05,0.10)",30.099167,1.0,False,exact_bitmap,,False
2026-08-30T19:37:04.367+00:00,calibration,0,92,HNSW_HYBRID,single_category,category_04,474,True,1,0.0967,"[0.05,0.10)",13.595084,1.0,False,exact_bitmap,,False
2026-08-30T19:37:04.384+00:00,calibration,0,92,IVFFLAT_HYBRID,single_category,category_04,474,True,1,0.0967,"[0.05,0.10)",14.771875,1.0,False,exact_bitmap,,False
2026-08-30T19:37:04.476+00:00,calibration,0,66,SQL_FIRST,single_category,category_02,762,True,1,0.098965,"[0.05,0.10)",15.402208,1.0,True,exact_bitmap,,False
2026-08-30T19:37:04.506+00:00,calibration,0,66,VECTOR_FIRST_HNSW,single_category,category_02,762,True,1,0.098965,"[0.05,0.10)",28.763875,1.0,False,exact_bitmap,,False
2026-08-30T19:37:04.521+00:00,calibration,0,66,HNSW_HYBRID,single_category,category_02,762,True,1,0.098965,"[0.05,0.10)",12.871375,1.0,False,exact_bitmap,,False
2026-08-30T19:37:04.536+00:00,calibration,0,66,IVFFLAT_HYBRID,single_category,category_02,762,True,1,0.098965,"[0.05,0.10)",13.986458,1.0,False,exact_bitmap,,False
2026-08-30T19:37:04.651+00:00,calibration,0,166,SQL_FIRST,three_categories,category_08,184,False,3,0.272595,"[0.25,0.50)",20.541583,1.0,True,exact_bitmap,,False
2026-08-30T19:37:04.684+00:00,calibration,0,166,VECTOR_FIRST_HNSW,three_categories,category_08,184,False,3,0.272595,"[0.25,0.50)",31.553542,1.0,False,exact_bitmap,,False
2026-08-30T19:37:04.704+00:00,calibration,0,166,HNSW_HYBRID,three_categories,category_08,184,False,3,0.272595,"[0.25,0.50)",19.318208,1.0,False,exact_bitmap,,False
2026-08-30T19:37:04.727+00:00,calibration,0,166,IVFFLAT_HYBRID,three_categories,category_08,184,False,3,0.272595,"[0.25,0.50)",20.887458,1.0,False,exact_bitmap,,False
2026-08-30T19:37:04.834+00:00,calibration,0,191,SQL_FIRST,category_or_price,category_03,170,True,3,0.250905,"[0.25,0.50)",18.202792,1.0,True,exact_bitmap,,False
2026-08-30T19:37:04.864+00:00,calibration,0,191,VECTOR_FIRST_HNSW,category_or_price,category_03,170,True,3,0.250905,"[0.25,0.50)",28.854625,1.0,False,exact_bitmap,,False
2026-08-30T19:37:04.887+00:00,calibration,0,191,HNSW_HYBRID,category_or_price,category_03,170,True,3,0.250905,"[0.25,0.50)",20.6015,1.0,False,exact_bitmap,,False
2026-08-30T19:37:04.913+00:00,calibration,0,191,IVFFLAT_HYBRID,category_or_price,category_03,170,True,3,0.250905,"[0.25,0.50)",24.615125,1.0,False,exact_bitmap,,False
2026-08-30T19:37:05.035+00:00,calibration,0,186,SQL_FIRST,three_categories,category_07,49,False,3,0.27019,"[0.25,0.50)",18.6365,1.0,True,exact_bitmap,,False
2026-08-30T19:37:05.065+00:00,calibration,0,186,VECTOR_FIRST_HNSW,three_categories,category_07,49,False,3,0.27019,"[0.25,0.50)",28.570459,1.0,False,exact_bitmap,,False
2026-08-30T19:37:05.086+00:00,calibration,0,186,HNSW_HYBRID,three_categories,category_07,49,False,3,0.27019,"[0.25,0.50)",20.024166,1.0,False,exact_bitmap,,False
2026-08-30T19:37:05.107+00:00,calibration,0,186,IVFFLAT_HYBRID,three_categories,category_07,49,False,3,0.27019,"[0.25,0.50)",19.468875,1.0,False,exact_bitmap,,False
2026-08-30T19:37:05.199+00:00,calibration,0,128,SQL_FIRST,price_range_mid,category_07,988,False,2,0.101035,"[0.10,0.25)",14.555208,1.0,True,exact_bitmap,,False
2026-08-30T19:37:05.230+00:00,calibration,0,128,VECTOR_FIRST_HNSW,price_range_mid,category_07,988,False,2,0.101035,"[0.10,0.25)",30.0995,0.9,False,exact_bitmap,,False
2026-08-30T19:37:05.245+00:00,calibration,0,128,HNSW_HYBRID,price_range_mid,category_07,988,False,2,0.101035,"[0.10,0.25)",13.538,1.0,False,exact_bitmap,,False
2026-08-30T19:37:05.261+00:00,calibration,0,128,IVFFLAT_HYBRID,price_range_mid,category_07,988,False,2,0.101035,"[0.10,0.25)",14.584959,1.0,False,exact_bitmap,,False
2026-08-30T19:37:05.373+00:00,calibration,0,171,SQL_FIRST,three_categories,category_01,367,True,3,0.272085,"[0.25,0.50)",20.0245,1.0,True,exact_bitmap,,False
2026-08-30T19:37:05.406+00:00,calibration,0,171,VECTOR_FIRST_HNSW,three_categories,category_01,367,True,3,0.272085,"[0.25,0.50)",30.472625,1.0,False,exact_bitmap,,False
2026-08-30T19:37:05.430+00:00,calibration,0,171,HNSW_HYBRID,three_categories,category_01,367,True,3,0.272085,"[0.25,0.50)",23.076625,1.0,False,exact_bitmap,,False
2026-08-30T19:37:05.452+00:00,calibration,0,171,IVFFLAT_HYBRID,three_categories,category_01,367,True,3,0.272085,"[0.25,0.50)",20.711958,1.0,False,exact_bitmap,,False
2026-08-30T19:37:05.498+00:00,calibration,0,36,SQL_FIRST,category_narrow_price,category_01,378,True,0,0.005045,"[0.00,0.05)",3.050792,1.0,True,exact_bitmap,,False
2026-08-30T19:37:05.530+00:00,calibration,0,36,VECTOR_FIRST_HNSW,category_narrow_price,category_01,378,True,0,0.005045,"[0.00,0.05)",30.244875,0.1,False,exact_bitmap,,False
2026-08-30T19:37:05.533+00:00,calibration,0,36,HNSW_HYBRID,category_narrow_price,category_01,378,True,0,0.005045,"[0.00,0.05)",2.538917,1.0,False,exact_bitmap,,False
2026-08-30T19:37:05.537+00:00,calibration,0,36,IVFFLAT_HYBRID,category_narrow_price,category_01,378,True,0,0.005045,"[0.00,0.05)",2.743584,1.0,False,exact_bitmap,,False
2026-08-30T19:37:05.583+00:00,calibration,0,50,SQL_FIRST,category_narrow_price,category_06,458,True,0,0.00482,"[0.00,0.05)",3.017958,1.0,True,exact_bitmap,,False
2026-08-30T19:37:05.615+00:00,calibration,0,50,VECTOR_FIRST_HNSW,category_narrow_price,category_06,458,True,0,0.00482,"[0.00,0.05)",30.159125,0.0,False,exact_bitmap,,False
2026-08-30T19:37:05.619+00:00,calibration,0,50,HNSW_HYBRID,category_narrow_price,category_06,458,True,0,0.00482,"[0.00,0.05)",2.891292,1.0,False,exact_bitmap,,False
2026-08-30T19:37:05.622+00:00,calibration,0,50,IVFFLAT_HYBRID,category_narrow_price,category_06,458,True,0,0.00482,"[0.00,0.05)",2.743583,1.0,False,exact_bitmap,,False
2026-08-30T19:37:05.659+00:00,calibration,0,31,SQL_FIRST,category_narrow_price,category_01,11,False,0,9.5e-05,"[0.00,0.05)",0.877917,1.0,True,exact_bitmap,,False
2026-08-30T19:37:05.692+00:00,calibration,0,31,VECTOR_FIRST_HNSW,category_narrow_price,category_01,11,False,0,9.5e-05,"[0.00,0.05)",31.263708,0.0,False,exact_bitmap,,False
2026-08-30T19:37:05.694+00:00,calibration,0,31,HNSW_HYBRID,category_narrow_price,category_01,11,False,0,9.5e-05,"[0.00,0.05)",1.09125,1.0,False,exact_bitmap,,False
2026-08-30T19:37:05.696+00:00,calibration,0,31,IVFFLAT_HYBRID,category_narrow_price,category_01,11,False,0,9.5e-05,"[0.00,0.05)",1.031709,1.0,False,exact_bitmap,,False
2026-08-30T19:37:05.741+00:00,calibration,0,27,SQL_FIRST,category_narrow_price,category_04,833,False,0,0.005045,"[0.00,0.05)",3.195959,1.0,True,exact_bitmap,,False
2026-08-30T19:37:05.773+00:00,calibration,0,27,VECTOR_FIRST_HNSW,category_narrow_price,category_04,833,False,0,0.005045,"[0.00,0.05)",29.939125,0.0,False,exact_bitmap,,False
2026-08-30T19:37:05.777+00:00,calibration,0,27,HNSW_HYBRID,category_narrow_price,category_04,833,False,0,0.005045,"[0.00,0.05)",3.128666,1.0,False,exact_bitmap,,False
2026-08-30T19:37:05.781+00:00,calibration,0,27,IVFFLAT_HYBRID,category_narrow_price,category_04,833,False,0,0.005045,"[0.00,0.05)",3.057084,1.0,False,exact_bitmap,,False
2026-08-30T19:37:05.894+00:00,calibration,0,196,SQL_FIRST,three_categories,category_00,953,True,3,0.271845,"[0.25,0.50)",19.658458,1.0,True,exact_bitmap,,False
2026-08-30T19:37:05.925+00:00,calibration,0,196,VECTOR_FIRST_HNSW,three_categories,category_00,953,True,3,0.271845,"[0.25,0.50)",29.447375,1.0,False,exact_bitmap,,False
2026-08-30T19:37:05.948+00:00,calibration,0,196,HNSW_HYBRID,three_categories,category_00,953,True,3,0.271845,"[0.25,0.50)",21.82775,1.0,False,exact_bitmap,,False
2026-08-30T19:37:05.971+00:00,calibration,0,196,IVFFLAT_HYBRID,three_categories,category_00,953,True,3,0.271845,"[0.25,0.50)",21.389542,1.0,False,exact_bitmap,,False
2026-08-30T19:37:06.084+00:00,calibration,0,169,SQL_FIRST,three_categories,category_05,245,True,3,0.271,"[0.25,0.50)",19.65675,1.0,True,exact_bitmap,,False
2026-08-30T19:37:06.115+00:00,calibration,0,169,VECTOR_FIRST_HNSW,three_categories,category_05,245,True,3,0.271,"[0.25,0.50)",28.889583,1.0,False,exact_bitmap,,False
2026-08-30T19:37:06.136+00:00,calibration,0,169,HNSW_HYBRID,three_categories,category_05,245,True,3,0.271,"[0.25,0.50)",19.53325,1.0,False,exact_bitmap,,False
2026-08-30T19:37:06.158+00:00,calibration,0,169,IVFFLAT_HYBRID,three_categories,category_05,245,True,3,0.271,"[0.25,0.50)",20.632416,1.0,False,exact_bitmap,,False
2026-08-30T19:37:06.272+00:00,calibration,0,184,SQL_FIRST,three_categories,category_00,281,False,3,0.271845,"[0.25,0.50)",21.00325,1.0,True,exact_bitmap,,False
2026-08-30T19:37:06.302+00:00,calibration,0,184,VECTOR_FIRST_HNSW,three_categories,category_00,281,False,3,0.271845,"[0.25,0.50)",28.730875,1.0,False,exact_bitmap,,False
2026-08-30T19:37:06.323+00:00,calibration,0,184,HNSW_HYBRID,three_categories,category_00,281,False,3,0.271845,"[0.25,0.50)",19.426708,1.0,False,exact_bitmap,,False
2026-08-30T19:37:06.345+00:00,calibration,0,184,IVFFLAT_HYBRID,three_categories,category_00,281,False,3,0.271845,"[0.25,0.50)",20.342,1.0,False,exact_bitmap,,False
2026-08-30T19:37:06.503+00:00,calibration,0,204,SQL_FIRST,wide_or,category_09,659,False,4,0.844195,"[0.50,1.00)",31.956084,1.0,True,exact_seq,,False
2026-08-30T19:37:06.537+00:00,calibration,0,204,VECTOR_FIRST_HNSW,wide_or,category_09,659,False,4,0.844195,"[0.50,1.00)",32.68925,1.0,False,exact_bitmap,,False
2026-08-30T19:37:06.573+00:00,calibration,0,204,HNSW_HYBRID,wide_or,category_09,659,False,4,0.844195,"[0.50,1.00)",34.163833,1.0,False,exact_seq,,False
2026-08-30T19:37:06.608+00:00,calibration,0,204,IVFFLAT_HYBRID,wide_or,category_09,659,False,4,0.844195,"[0.50,1.00)",34.139791,1.0,False,exact_seq,,False
2026-08-30T19:37:06.741+00:00,calibration,0,189,SQL_FIRST,category_or_price,category_03,255,False,3,0.328055,"[0.25,0.50)",24.333584,1.0,True,exact_seq,,False
2026-08-30T19:37:06.775+00:00,calibration,0,189,VECTOR_FIRST_HNSW,category_or_price,category_03,255,False,3,0.328055,"[0.25,0.50)",31.535625,1.0,False,exact_bitmap,,False
2026-08-30T19:37:06.801+00:00,calibration,0,189,HNSW_HYBRID,category_or_price,category_03,255,False,3,0.328055,"[0.25,0.50)",24.46525,1.0,False,exact_seq,,False
2026-08-30T19:37:06.827+00:00,calibration,0,189,IVFFLAT_HYBRID,category_or_price,category_03,255,False,3,0.328055,"[0.25,0.50)",24.258291,1.0,False,exact_seq,,False
2026-08-30T19:37:06.994+00:00,calibration,0,245,SQL_FIRST,wide_or,category_01,394,False,4,0.725165,"[0.50,1.00)",33.137125,1.0,True,exact_seq,,False
2026-08-30T19:37:07.030+00:00,calibration,0,245,VECTOR_FIRST_HNSW,wide_or,category_01,394,False,4,0.725165,"[0.50,1.00)",34.621834,1.0,False,exact_bitmap,,False
2026-08-30T19:37:07.064+00:00,calibration,0,245,HNSW_HYBRID,wide_or,category_01,394,False,4,0.725165,"[0.50,1.00)",32.547291,1.0,False,exact_seq,,False
2026-08-30T19:37:07.098+00:00,calibration,0,245,IVFFLAT_HYBRID,wide_or,category_01,394,False,4,0.725165,"[0.50,1.00)",32.874792,1.0,False,exact_seq,,False
2026-08-30T19:37:07.197+00:00,calibration,0,54,SQL_FIRST,single_category,category_04,565,True,1,0.0967,"[0.05,0.10)",15.962542,1.0,True,exact_bitmap,,False
2026-08-30T19:37:07.232+00:00,calibration,0,54,VECTOR_FIRST_HNSW,single_category,category_04,565,True,1,0.0967,"[0.05,0.10)",33.448542,1.0,False,exact_bitmap,,False
2026-08-30T19:37:07.247+00:00,calibration,0,54,HNSW_HYBRID,single_category,category_04,565,True,1,0.0967,"[0.05,0.10)",13.952541,1.0,False,exact_bitmap,,False
2026-08-30T19:37:07.264+00:00,calibration,0,54,IVFFLAT_HYBRID,single_category,category_04,565,True,1,0.0967,"[0.05,0.10)",15.810833,1.0,False,exact_bitmap,,False
2026-08-30T19:37:07.362+00:00,calibration,0,56,SQL_FIRST,single_category,category_04,519,False,1,0.0967,"[0.05,0.10)",15.926208,1.0,True,exact_bitmap,,False
2026-08-30T19:37:07.397+00:00,calibration,0,56,VECTOR_FIRST_HNSW,single_category,category_04,519,False,1,0.0967,"[0.05,0.10)",33.489667,0.7,False,exact_bitmap,,False
2026-08-30T19:37:07.412+00:00,calibration,0,56,HNSW_HYBRID,single_category,category_04,519,False,1,0.0967,"[0.05,0.10)",14.213917,1.0,False,exact_bitmap,,False
2026-08-30T19:37:07.429+00:00,calibration,0,56,IVFFLAT_HYBRID,single_category,category_04,519,False,1,0.0967,"[0.05,0.10)",15.879583,1.0,False,exact_bitmap,,False
2026-08-30T19:37:07.529+00:00,calibration,0,122,SQL_FIRST,single_category_alone,category_05,890,False,2,0.100035,"[0.10,0.25)",16.888792,1.0,True,exact_bitmap,,False
2026-08-30T19:37:07.564+00:00,calibration,0,122,VECTOR_FIRST_HNSW,single_category_alone,category_05,890,False,2,0.100035,"[0.10,0.25)",33.697583,0.7,False,exact_bitmap,,False
2026-08-30T19:37:07.578+00:00,calibration,0,122,HNSW_HYBRID,single_category_alone,category_05,890,False,2,0.100035,"[0.10,0.25)",13.003458,1.0,False,exact_bitmap,,False
2026-08-30T19:37:07.593+00:00,calibration,0,122,IVFFLAT_HYBRID,single_category_alone,category_05,890,False,2,0.100035,"[0.10,0.25)",14.086375,1.0,False,exact_bitmap,,False
2026-08-30T19:37:07.724+00:00,calibration,0,148,SQL_FIRST,two_categories,category_04,921,False,2,0.196735,"[0.10,0.25)",23.838542,1.0,True,exact_bitmap,,False
2026-08-30T19:37:07.759+00:00,calibration,0,148,VECTOR_FIRST_HNSW,two_categories,category_04,921,False,2,0.196735,"[0.10,0.25)",32.720042,1.0,False,exact_bitmap,,False
2026-08-30T19:37:07.786+00:00,calibration,0,148,HNSW_HYBRID,two_categories,category_04,921,False,2,0.196735,"[0.10,0.25)",24.778583,1.0,False,exact_bitmap,,False
2026-08-30T19:37:07.813+00:00,calibration,0,148,IVFFLAT_HYBRID,two_categories,category_04,921,False,2,0.196735,"[0.10,0.25)",25.653125,1.0,False,exact_bitmap,,False
2026-08-30T19:37:07.860+00:00,calibration,0,24,SQL_FIRST,category_narrow_price,category_02,216,True,0,0.004975,"[0.00,0.05)",3.040791,1.0,True,exact_bitmap,,False
2026-08-30T19:37:07.893+00:00,calibration,0,24,VECTOR_FIRST_HNSW,category_narrow_price,category_02,216,True,0,0.004975,"[0.00,0.05)",31.274167,0.1,False,exact_bitmap,,False
2026-08-30T19:37:07.898+00:00,calibration,0,24,HNSW_HYBRID,category_narrow_price,category_02,216,True,0,0.004975,"[0.00,0.05)",3.337542,1.0,False,exact_bitmap,,False
2026-08-30T19:37:07.903+00:00,calibration,0,24,IVFFLAT_HYBRID,category_narrow_price,category_02,216,True,0,0.004975,"[0.00,0.05)",3.589542,1.0,False,exact_bitmap,,False
2026-08-30T19:37:08.111+00:00,calibration,0,73,SQL_FIRST,single_category,category_02,340,False,1,0.098965,"[0.05,0.10)",40.933666,1.0,True,exact_bitmap,,False
2026-08-30T19:37:08.220+00:00,calibration,0,73,VECTOR_FIRST_HNSW,single_category,category_02,340,False,1,0.098965,"[0.05,0.10)",107.753333,1.0,False,exact_bitmap,,False
2026-08-30T19:37:08.234+00:00,calibration,0,73,HNSW_HYBRID,single_category,category_02,340,False,1,0.098965,"[0.05,0.10)",12.51925,1.0,False,exact_bitmap,,False
2026-08-30T19:37:08.251+00:00,calibration,0,73,IVFFLAT_HYBRID,single_category,category_02,340,False,1,0.098965,"[0.05,0.10)",15.549208,1.0,False,exact_bitmap,,False
2026-08-30T19:37:08.433+00:00,calibration,0,124,SQL_FIRST,price_range_mid,category_03,935,False,2,0.10056,"[0.10,0.25)",13.207917,1.0,True,exact_bitmap,,False
2026-08-30T19:37:08.467+00:00,calibration,0,124,VECTOR_FIRST_HNSW,price_range_mid,category_03,935,False,2,0.10056,"[0.10,0.25)",32.103458,0.8,False,exact_bitmap,,False
2026-08-30T19:37:08.483+00:00,calibration,0,124,HNSW_HYBRID,price_range_mid,category_03,935,False,2,0.10056,"[0.10,0.25)",14.84875,1.0,False,exact_bitmap,,False
2026-08-30T19:37:08.500+00:00,calibration,0,124,IVFFLAT_HYBRID,price_range_mid,category_03,935,False,2,0.10056,"[0.10,0.25)",15.471167,1.0,False,exact_bitmap,,False
2026-08-30T19:37:08.604+00:00,calibration,0,145,SQL_FIRST,price_range_mid,category_07,173,False,2,0.102435,"[0.10,0.25)",14.463542,1.0,True,exact_bitmap,,False
2026-08-30T19:37:08.634+00:00,calibration,0,145,VECTOR_FIRST_HNSW,price_range_mid,category_07,173,False,2,0.102435,"[0.10,0.25)",28.375792,0.6,False,exact_bitmap,,False
2026-08-30T19:37:08.648+00:00,calibration,0,145,HNSW_HYBRID,price_range_mid,category_07,173,False,2,0.102435,"[0.10,0.25)",13.29625,1.0,False,exact_bitmap,,False
2026-08-30T19:37:08.665+00:00,calibration,0,145,IVFFLAT_HYBRID,price_range_mid,category_07,173,False,2,0.102435,"[0.10,0.25)",15.395333,1.0,False,exact_bitmap,,False
2026-08-30T19:37:08.745+00:00,calibration,0,32,SQL_FIRST,category_and_stock,category_08,871,True,0,0.049415,"[0.00,0.05)",11.550625,1.0,True,exact_bitmap,,False
2026-08-30T19:37:08.777+00:00,calibration,0,32,VECTOR_FIRST_HNSW,category_and_stock,category_08,871,True,0,0.049415,"[0.00,0.05)",30.953042,0.2,False,exact_bitmap,,False
2026-08-30T19:37:08.788+00:00,calibration,0,32,HNSW_HYBRID,category_and_stock,category_08,871,True,0,0.049415,"[0.00,0.05)",10.15175,1.0,False,exact_bitmap,,False
2026-08-30T19:37:08.801+00:00,calibration,0,32,IVFFLAT_HYBRID,category_and_stock,category_08,871,True,0,0.049415,"[0.00,0.05)",11.898959,1.0,False,exact_bitmap,,False
2026-08-30T19:37:08.846+00:00,calibration,0,35,SQL_FIRST,category_narrow_price,category_00,510,True,0,0.005215,"[0.00,0.05)",3.066417,1.0,True,exact_bitmap,,False
2026-08-30T19:37:08.877+00:00,calibration,0,35,VECTOR_FIRST_HNSW,category_narrow_price,category_00,510,True,0,0.005215,"[0.00,0.05)",30.132583,0.0,False,exact_bitmap,,False
2026-08-30T19:37:08.882+00:00,calibration,0,35,HNSW_HYBRID,category_narrow_price,category_00,510,True,0,0.005215,"[0.00,0.05)",3.384291,1.0,False,exact_bitmap,,False
2026-08-30T19:37:08.885+00:00,calibration,0,35,IVFFLAT_HYBRID,category_narrow_price,category_00,510,True,0,0.005215,"[0.00,0.05)",2.735375,1.0,False,exact_bitmap,,False
2026-08-30T19:37:09.053+00:00,calibration,0,214,SQL_FIRST,stock_alone,category_01,778,True,4,0.500835,"[0.50,1.00)",34.283333,1.0,True,exact_seq,,False
2026-08-30T19:37:09.080+00:00,calibration,0,214,VECTOR_FIRST_HNSW,stock_alone,category_01,778,True,4,0.500835,"[0.50,1.00)",26.278875,1.0,False,exact_bitmap,,False
2026-08-30T19:37:09.104+00:00,calibration,0,214,HNSW_HYBRID,stock_alone,category_01,778,True,4,0.500835,"[0.50,1.00)",22.862541,1.0,False,exact_seq,,False
2026-08-30T19:37:09.179+00:00,calibration,0,214,IVFFLAT_HYBRID,stock_alone,category_01,778,True,4,0.500835,"[0.50,1.00)",73.3425,1.0,False,exact_seq,,False
2026-08-30T19:37:09.370+00:00,calibration,0,219,SQL_FIRST,wide_or,category_08,66,False,4,0.574485,"[0.50,1.00)",25.010583,1.0,True,exact_seq,,False
2026-08-30T19:37:09.455+00:00,calibration,0,219,VECTOR_FIRST_HNSW,wide_or,category_08,66,False,4,0.574485,"[0.50,1.00)",83.4185,1.0,False,exact_bitmap,,False
2026-08-30T19:37:09.502+00:00,calibration,0,219,HNSW_HYBRID,wide_or,category_08,66,False,4,0.574485,"[0.50,1.00)",46.326041,1.0,False,exact_seq,,False
2026-08-30T19:37:09.527+00:00,calibration,0,219,IVFFLAT_HYBRID,wide_or,category_08,66,False,4,0.574485,"[0.50,1.00)",24.120667,1.0,False,exact_seq,,False
2026-08-30T19:37:09.664+00:00,calibration,0,121,SQL_FIRST,two_categories,category_06,403,False,2,0.199965,"[0.10,0.25)",28.957833,1.0,True,exact_bitmap,,False
2026-08-30T19:37:09.700+00:00,calibration,0,121,VECTOR_FIRST_HNSW,two_categories,category_06,403,False,2,0.199965,"[0.10,0.25)",34.777459,1.0,False,exact_bitmap,,False
2026-08-30T19:37:09.723+00:00,calibration,0,121,HNSW_HYBRID,two_categories,category_06,403,False,2,0.199965,"[0.10,0.25)",22.008875,1.0,False,exact_bitmap,,False
2026-08-30T19:37:09.748+00:00,calibration,0,121,IVFFLAT_HYBRID,two_categories,category_06,403,False,2,0.199965,"[0.10,0.25)",23.348083,1.0,False,exact_bitmap,,False
2026-08-30T19:37:09.921+00:00,calibration,0,198,SQL_FIRST,three_categories,category_03,482,True,3,0.27136,"[0.25,0.50)",27.647208,1.0,True,exact_bitmap,,False
2026-08-30T19:37:09.999+00:00,calibration,0,198,VECTOR_FIRST_HNSW,three_categories,category_03,482,True,3,0.27136,"[0.25,0.50)",75.175666,1.0,False,exact_bitmap,,False
2026-08-30T19:37:10.022+00:00,calibration,0,198,HNSW_HYBRID,three_categories,category_03,482,True,3,0.27136,"[0.25,0.50)",22.338375,1.0,False,exact_bitmap,,False
2026-08-30T19:37:10.044+00:00,calibration,0,198,IVFFLAT_HYBRID,three_categories,category_03,482,True,3,0.27136,"[0.25,0.50)",20.867209,1.0,False,exact_bitmap,,False
2026-08-30T19:37:10.242+00:00,calibration,0,234,SQL_FIRST,wide_or,category_06,645,True,4,0.838955,"[0.50,1.00)",61.623375,1.0,True,exact_seq,,False
2026-08-30T19:37:10.283+00:00,calibration,0,234,VECTOR_FIRST_HNSW,wide_or,category_06,645,True,4,0.838955,"[0.50,1.00)",39.946791,1.0,False,exact_bitmap,,False
2026-08-30T19:37:10.336+00:00,calibration,0,234,HNSW_HYBRID,wide_or,category_06,645,True,4,0.838955,"[0.50,1.00)",43.494708,1.0,False,exact_seq,,False
2026-08-30T19:37:10.425+00:00,calibration,0,234,IVFFLAT_HYBRID,wide_or,category_06,645,True,4,0.838955,"[0.50,1.00)",76.540458,1.0,False,exact_seq,,False
2026-08-30T19:37:10.518+00:00,calibration,0,81,SQL_FIRST,single_category,category_02,688,True,1,0.098965,"[0.05,0.10)",21.284375,1.0,True,exact_bitmap,,False
2026-08-30T19:37:10.559+00:00,calibration,0,81,VECTOR_FIRST_HNSW,single_category,category_02,688,True,1,0.098965,"[0.05,0.10)",40.095375,1.0,False,exact_bitmap,,False
2026-08-30T19:37:10.573+00:00,calibration,0,81,HNSW_HYBRID,single_category,category_02,688,True,1,0.098965,"[0.05,0.10)",13.222083,1.0,False,exact_bitmap,,False
2026-08-30T19:37:10.588+00:00,calibration,0,81,IVFFLAT_HYBRID,single_category,category_02,688,True,1,0.098965,"[0.05,0.10)",14.591458,1.0,False,exact_bitmap,,False
2026-08-30T19:37:10.708+00:00,calibration,0,193,SQL_FIRST,three_categories,category_03,882,False,3,0.27136,"[0.25,0.50)",20.418125,1.0,True,exact_bitmap,,False
2026-08-30T19:37:10.740+00:00,calibration,0,193,VECTOR_FIRST_HNSW,three_categories,category_03,882,False,3,0.27136,"[0.25,0.50)",29.95225,1.0,False,exact_bitmap,,False
2026-08-30T19:37:10.763+00:00,calibration,0,193,HNSW_HYBRID,three_categories,category_03,882,False,3,0.27136,"[0.25,0.50)",22.077166,1.0,False,exact_bitmap,,False
2026-08-30T19:37:10.790+00:00,calibration,0,193,IVFFLAT_HYBRID,three_categories,category_03,882,False,3,0.27136,"[0.25,0.50)",25.82675,1.0,False,exact_bitmap,,False
2026-08-30T19:37:10.904+00:00,calibration,0,182,SQL_FIRST,three_categories,category_06,457,False,3,0.269895,"[0.25,0.50)",19.442209,1.0,True,exact_bitmap,,False
2026-08-30T19:37:10.935+00:00,calibration,0,182,VECTOR_FIRST_HNSW,three_categories,category_06,457,False,3,0.269895,"[0.25,0.50)",28.867292,1.0,False,exact_bitmap,,False
2026-08-30T19:37:10.959+00:00,calibration,0,182,HNSW_HYBRID,three_categories,category_06,457,False,3,0.269895,"[0.25,0.50)",22.7595,1.0,False,exact_bitmap,,False
2026-08-30T19:37:10.980+00:00,calibration,0,182,IVFFLAT_HYBRID,three_categories,category_06,457,False,3,0.269895,"[0.25,0.50)",20.195333,1.0,False,exact_bitmap,,False
2026-08-30T19:37:11.072+00:00,calibration,0,108,SQL_FIRST,price_range_mid,category_04,844,False,2,0.102255,"[0.10,0.25)",13.315459,1.0,True,exact_bitmap,,False
2026-08-30T19:37:11.103+00:00,calibration,0,108,VECTOR_FIRST_HNSW,price_range_mid,category_04,844,False,2,0.102255,"[0.10,0.25)",28.961417,0.9,False,exact_bitmap,,False
2026-08-30T19:37:11.118+00:00,calibration,0,108,HNSW_HYBRID,price_range_mid,category_04,844,False,2,0.102255,"[0.10,0.25)",13.822708,1.0,False,exact_bitmap,,False
2026-08-30T19:37:11.134+00:00,calibration,0,108,IVFFLAT_HYBRID,price_range_mid,category_04,844,False,2,0.102255,"[0.10,0.25)",14.621333,1.0,False,exact_bitmap,,False
2026-08-30T19:37:11.226+00:00,calibration,0,75,SQL_FIRST,single_category,category_09,503,False,1,0.0999,"[0.05,0.10)",14.307209,1.0,True,exact_bitmap,,False
2026-08-30T19:37:11.257+00:00,calibration,0,75,VECTOR_FIRST_HNSW,single_category,category_09,503,False,1,0.0999,"[0.05,0.10)",30.220666,0.8,False,exact_bitmap,,False
2026-08-30T19:37:11.274+00:00,calibration,0,75,HNSW_HYBRID,single_category,category_09,503,False,1,0.0999,"[0.05,0.10)",16.011042,1.0,False,exact_bitmap,,False
2026-08-30T19:37:11.292+00:00,calibration,0,75,IVFFLAT_HYBRID,single_category,category_09,503,False,1,0.0999,"[0.05,0.10)",15.953917,1.0,False,exact_bitmap,,False
2026-08-30T19:37:11.384+00:00,calibration,0,86,SQL_FIRST,single_category,category_08,973,True,1,0.098665,"[0.05,0.10)",14.709667,1.0,True,exact_bitmap,,False
2026-08-30T19:37:11.418+00:00,calibration,0,86,VECTOR_FIRST_HNSW,single_category,category_08,973,True,1,0.098665,"[0.05,0.10)",32.731917,1.0,False,exact_bitmap,,False
2026-08-30T19:37:11.432+00:00,calibration,0,86,HNSW_HYBRID,single_category,category_08,973,True,1,0.098665,"[0.05,0.10)",12.890417,1.0,False,exact_bitmap,,False
2026-08-30T19:37:11.448+00:00,calibration,0,86,IVFFLAT_HYBRID,single_category,category_08,973,True,1,0.098665,"[0.05,0.10)",14.128583,1.0,False,exact_bitmap,,False
2026-08-30T19:37:11.540+00:00,calibration,0,131,SQL_FIRST,price_range_mid,category_09,865,False,2,0.100935,"[0.10,0.25)",14.905709,1.0,True,exact_bitmap,,False
2026-08-30T19:37:11.575+00:00,calibration,0,131,VECTOR_FIRST_HNSW,price_range_mid,category_09,865,False,2,0.100935,"[0.10,0.25)",30.231333,1.0,False,exact_bitmap,,False
2026-08-30T19:37:11.590+00:00,calibration,0,131,HNSW_HYBRID,price_range_mid,category_09,865,False,2,0.100935,"[0.10,0.25)",14.047167,1.0,False,exact_bitmap,,False
2026-08-30T19:37:11.606+00:00,calibration,0,131,IVFFLAT_HYBRID,price_range_mid,category_09,865,False,2,0.100935,"[0.10,0.25)",14.578,1.0,False,exact_bitmap,,False
2026-08-30T19:37:11.755+00:00,calibration,0,210,SQL_FIRST,wide_or,category_02,355,False,4,0.70661,"[0.50,1.00)",28.901792,1.0,True,exact_seq,,False
2026-08-30T19:37:11.786+00:00,calibration,0,210,VECTOR_FIRST_HNSW,wide_or,category_02,355,False,4,0.70661,"[0.50,1.00)",28.672792,1.0,False,exact_bitmap,,False
2026-08-30T19:37:11.821+00:00,calibration,0,210,HNSW_HYBRID,wide_or,category_02,355,False,4,0.70661,"[0.50,1.00)",34.41025,1.0,False,exact_seq,,False
2026-08-30T19:37:11.853+00:00,calibration,0,210,IVFFLAT_HYBRID,wide_or,category_02,355,False,4,0.70661,"[0.50,1.00)",30.480209,1.0,False,exact_seq,,False
2026-08-30T19:37:11.982+00:00,calibration,0,127,SQL_FIRST,two_categories,category_08,19,True,2,0.198565,"[0.10,0.25)",24.589417,1.0,True,exact_bitmap,,False
2026-08-30T19:37:12.015+00:00,calibration,0,127,VECTOR_FIRST_HNSW,two_categories,category_08,19,True,2,0.198565,"[0.10,0.25)",31.3955,1.0,False,exact_bitmap,,False
2026-08-30T19:37:12.037+00:00,calibration,0,127,HNSW_HYBRID,two_categories,category_08,19,True,2,0.198565,"[0.10,0.25)",21.871542,1.0,False,exact_bitmap,,False
2026-08-30T19:37:12.062+00:00,calibration,0,127,IVFFLAT_HYBRID,two_categories,category_08,19,True,2,0.198565,"[0.10,0.25)",24.011125,1.0,False,exact_bitmap,,False
2026-08-30T19:37:12.108+00:00,calibration,0,18,SQL_FIRST,category_narrow_price,category_02,943,False,0,0.004885,"[0.00,0.05)",3.114458,1.0,True,exact_bitmap,,False
2026-08-30T19:37:12.147+00:00,calibration,0,18,VECTOR_FIRST_HNSW,category_narrow_price,category_02,943,False,0,0.004885,"[0.00,0.05)",32.22975,0.3,False,exact_bitmap,,False
2026-08-30T19:37:12.152+00:00,calibration,0,18,HNSW_HYBRID,category_narrow_price,category_02,943,False,0,0.004885,"[0.00,0.05)",3.705625,1.0,False,exact_bitmap,,False
2026-08-30T19:37:12.156+00:00,calibration,0,18,IVFFLAT_HYBRID,category_narrow_price,category_02,943,False,0,0.004885,"[0.00,0.05)",3.621458,1.0,False,exact_bitmap,,False
2026-08-30T19:37:12.280+00:00,calibration,0,236,SQL_FIRST,stock_alone,category_09,796,True,4,0.500835,"[0.50,1.00)",22.641125,1.0,True,exact_seq,,False
2026-08-30T19:37:12.310+00:00,calibration,0,236,VECTOR_FIRST_HNSW,stock_alone,category_09,796,True,4,0.500835,"[0.50,1.00)",28.857666,1.0,False,exact_bitmap,,False
2026-08-30T19:37:12.336+00:00,calibration,0,236,HNSW_HYBRID,stock_alone,category_09,796,True,4,0.500835,"[0.50,1.00)",24.451167,1.0,False,exact_seq,,False
2026-08-30T19:37:12.361+00:00,calibration,0,236,IVFFLAT_HYBRID,stock_alone,category_09,796,True,4,0.500835,"[0.50,1.00)",23.884167,1.0,False,exact_seq,,False
2026-08-30T19:37:12.505+00:00,calibration,0,202,SQL_FIRST,wide_or,category_01,278,True,4,0.67306,"[0.50,1.00)",26.991667,1.0,True,exact_seq,,False
2026-08-30T19:37:12.535+00:00,calibration,0,202,VECTOR_FIRST_HNSW,wide_or,category_01,278,True,4,0.67306,"[0.50,1.00)",28.966041,1.0,False,exact_bitmap,,False
2026-08-30T19:37:12.568+00:00,calibration,0,202,HNSW_HYBRID,wide_or,category_01,278,True,4,0.67306,"[0.50,1.00)",31.593292,1.0,False,exact_seq,,False
2026-08-30T19:37:12.600+00:00,calibration,0,202,IVFFLAT_HYBRID,wide_or,category_01,278,True,4,0.67306,"[0.50,1.00)",30.706,1.0,False,exact_seq,,False
2026-08-30T19:37:12.686+00:00,calibration,0,49,SQL_FIRST,category_and_stock,category_04,765,True,0,0.04843,"[0.00,0.05)",13.386792,1.0,True,exact_bitmap,,False
2026-08-30T19:37:12.722+00:00,calibration,0,49,VECTOR_FIRST_HNSW,category_and_stock,category_04,765,True,0,0.04843,"[0.00,0.05)",34.049458,0.1,False,exact_bitmap,,False
2026-08-30T19:37:12.735+00:00,calibration,0,49,HNSW_HYBRID,category_and_stock,category_04,765,True,0,0.04843,"[0.00,0.05)",10.99375,1.0,False,exact_bitmap,,False
2026-08-30T19:37:12.749+00:00,calibration,0,49,IVFFLAT_HYBRID,category_and_stock,category_04,765,True,0,0.04843,"[0.00,0.05)",12.939041,1.0,False,exact_bitmap,,False
2026-08-30T19:37:12.883+00:00,calibration,0,223,SQL_FIRST,stock_alone,category_02,427,True,4,0.500835,"[0.50,1.00)",26.258458,1.0,True,exact_seq,,False
2026-08-30T19:37:12.917+00:00,calibration,0,223,VECTOR_FIRST_HNSW,stock_alone,category_02,427,True,4,0.500835,"[0.50,1.00)",32.218375,1.0,False,exact_bitmap,,False
2026-08-30T19:37:12.944+00:00,calibration,0,223,HNSW_HYBRID,stock_alone,category_02,427,True,4,0.500835,"[0.50,1.00)",25.866708,1.0,False,exact_seq,,False
2026-08-30T19:37:12.971+00:00,calibration,0,223,IVFFLAT_HYBRID,stock_alone,category_02,427,True,4,0.500835,"[0.50,1.00)",25.451667,1.0,False,exact_seq,,False
2026-08-30T19:37:13.068+00:00,calibration,0,70,SQL_FIRST,single_category,category_06,73,True,1,0.099535,"[0.05,0.10)",16.613542,1.0,True,exact_bitmap,,False
2026-08-30T19:37:13.103+00:00,calibration,0,70,VECTOR_FIRST_HNSW,single_category,category_06,73,True,1,0.099535,"[0.05,0.10)",33.513584,0.9,False,exact_bitmap,,False
2026-08-30T19:37:13.121+00:00,calibration,0,70,HNSW_HYBRID,single_category,category_06,73,True,1,0.099535,"[0.05,0.10)",14.81325,1.0,False,exact_bitmap,,False
2026-08-30T19:37:13.139+00:00,calibration,0,70,IVFFLAT_HYBRID,single_category,category_06,73,True,1,0.099535,"[0.05,0.10)",15.675667,1.0,False,exact_bitmap,,False
2026-08-30T19:37:13.230+00:00,calibration,0,95,SQL_FIRST,single_category,category_08,718,True,1,0.098665,"[0.05,0.10)",14.049791,1.0,True,exact_bitmap,,False
2026-08-30T19:37:13.262+00:00,calibration,0,95,VECTOR_FIRST_HNSW,single_category,category_08,718,True,1,0.098665,"[0.05,0.10)",30.188583,0.6,False,exact_bitmap,,False
2026-08-30T19:37:13.277+00:00,calibration,0,95,HNSW_HYBRID,single_category,category_08,718,True,1,0.098665,"[0.05,0.10)",12.961,1.0,False,exact_bitmap,,False
2026-08-30T19:37:13.293+00:00,calibration,0,95,IVFFLAT_HYBRID,single_category,category_08,718,True,1,0.098665,"[0.05,0.10)",14.025459,1.0,False,exact_bitmap,,False
2026-08-30T19:37:13.420+00:00,calibration,0,201,SQL_FIRST,stock_alone,category_02,530,True,4,0.500835,"[0.50,1.00)",23.952959,1.0,True,exact_seq,,False
2026-08-30T19:37:13.451+00:00,calibration,0,201,VECTOR_FIRST_HNSW,stock_alone,category_02,530,True,4,0.500835,"[0.50,1.00)",28.918459,1.0,False,exact_bitmap,,False
2026-08-30T19:37:13.477+00:00,calibration,0,201,HNSW_HYBRID,stock_alone,category_02,530,True,4,0.500835,"[0.50,1.00)",24.605625,1.0,False,exact_seq,,False
2026-08-30T19:37:13.503+00:00,calibration,0,201,IVFFLAT_HYBRID,stock_alone,category_02,530,True,4,0.500835,"[0.50,1.00)",24.922167,1.0,False,exact_seq,,False
2026-08-30T19:37:13.625+00:00,calibration,0,163,SQL_FIRST,three_categories,category_04,503,True,3,0.267975,"[0.25,0.50)",21.981958,1.0,True,exact_bitmap,,False
2026-08-30T19:37:13.659+00:00,calibration,0,163,VECTOR_FIRST_HNSW,three_categories,category_04,503,True,3,0.267975,"[0.25,0.50)",32.894667,1.0,False,exact_bitmap,,False
2026-08-30T19:37:13.682+00:00,calibration,0,163,HNSW_HYBRID,three_categories,category_04,503,True,3,0.267975,"[0.25,0.50)",21.201167,1.0,False,exact_bitmap,,False
2026-08-30T19:37:13.704+00:00,calibration,0,163,IVFFLAT_HYBRID,three_categories,category_04,503,True,3,0.267975,"[0.25,0.50)",21.187375,1.0,False,exact_bitmap,,False
2026-08-30T19:37:13.801+00:00,calibration,0,64,SQL_FIRST,single_category,category_04,603,False,1,0.0967,"[0.05,0.10)",15.469459,1.0,True,exact_bitmap,,False
2026-08-30T19:37:13.836+00:00,calibration,0,64,VECTOR_FIRST_HNSW,single_category,category_04,603,False,1,0.0967,"[0.05,0.10)",33.306667,1.0,False,exact_bitmap,,False
2026-08-30T19:37:13.852+00:00,calibration,0,64,HNSW_HYBRID,single_category,category_04,603,False,1,0.0967,"[0.05,0.10)",14.346083,1.0,False,exact_bitmap,,False
2026-08-30T19:37:13.869+00:00,calibration,0,64,IVFFLAT_HYBRID,single_category,category_04,603,False,1,0.0967,"[0.05,0.10)",15.966791,1.0,False,exact_bitmap,,False
2026-08-30T19:37:13.971+00:00,calibration,0,119,SQL_FIRST,price_range_mid,category_04,413,True,2,0.101075,"[0.10,0.25)",14.950667,1.0,True,exact_bitmap,,False
2026-08-30T19:37:14.006+00:00,calibration,0,119,VECTOR_FIRST_HNSW,price_range_mid,category_04,413,True,2,0.101075,"[0.10,0.25)",33.949459,1.0,False,exact_bitmap,,False
2026-08-30T19:37:14.022+00:00,calibration,0,119,HNSW_HYBRID,price_range_mid,category_04,413,True,2,0.101075,"[0.10,0.25)",14.99525,1.0,False,exact_bitmap,,False
2026-08-30T19:37:14.038+00:00,calibration,0,119,IVFFLAT_HYBRID,price_range_mid,category_04,413,True,2,0.101075,"[0.10,0.25)",14.830292,1.0,False,exact_bitmap,,False
2026-08-30T19:37:14.123+00:00,calibration,0,93,SQL_FIRST,single_category,category_08,148,True,1,0.098665,"[0.05,0.10)",15.325708,1.0,True,exact_bitmap,,False
2026-08-30T19:37:14.155+00:00,calibration,0,93,VECTOR_FIRST_HNSW,single_category,category_08,148,True,1,0.098665,"[0.05,0.10)",30.548084,1.0,False,exact_bitmap,,False
2026-08-30T19:37:14.169+00:00,calibration,0,93,HNSW_HYBRID,single_category,category_08,148,True,1,0.098665,"[0.05,0.10)",13.157708,1.0,False,exact_bitmap,,False
2026-08-30T19:37:14.184+00:00,calibration,0,93,IVFFLAT_HYBRID,single_category,category_08,148,True,1,0.098665,"[0.05,0.10)",13.980375,1.0,False,exact_bitmap,,False
2026-08-30T19:37:14.276+00:00,calibration,0,149,SQL_FIRST,price_range_mid,category_09,850,True,2,0.101735,"[0.10,0.25)",14.689208,1.0,True,exact_bitmap,,False
2026-08-30T19:37:14.307+00:00,calibration,0,149,VECTOR_FIRST_HNSW,price_range_mid,category_09,850,True,2,0.101735,"[0.10,0.25)",30.089333,1.0,False,exact_bitmap,,False
2026-08-30T19:37:14.323+00:00,calibration,0,149,HNSW_HYBRID,price_range_mid,category_09,850,True,2,0.101735,"[0.10,0.25)",13.618208,1.0,False,exact_bitmap,,False
2026-08-30T19:37:14.339+00:00,calibration,0,149,IVFFLAT_HYBRID,price_range_mid,category_09,850,True,2,0.101735,"[0.10,0.25)",14.606541,1.0,False,exact_bitmap,,False
2026-08-30T19:37:14.385+00:00,calibration,0,21,SQL_FIRST,category_narrow_price,category_06,933,False,0,0.005,"[0.00,0.05)",3.035208,1.0,True,exact_bitmap,,False
2026-08-30T19:37:14.417+00:00,calibration,0,21,VECTOR_FIRST_HNSW,category_narrow_price,category_06,933,False,0,0.005,"[0.00,0.05)",31.133208,0.0,False,exact_bitmap,,False
2026-08-30T19:37:14.422+00:00,calibration,0,21,HNSW_HYBRID,category_narrow_price,category_06,933,False,0,0.005,"[0.00,0.05)",3.313167,1.0,False,exact_bitmap,,False
2026-08-30T19:37:14.425+00:00,calibration,0,21,IVFFLAT_HYBRID,category_narrow_price,category_06,933,False,0,0.005,"[0.00,0.05)",2.562,1.0,False,exact_bitmap,,False
2026-08-30T19:37:14.650+00:00,calibration,0,238,SQL_FIRST,stock_alone,category_06,200,True,4,0.500835,"[0.50,1.00)",64.919833,1.0,True,exact_seq,,False
2026-08-30T19:37:14.734+00:00,calibration,0,238,VECTOR_FIRST_HNSW,stock_alone,category_06,200,True,4,0.500835,"[0.50,1.00)",82.4055,1.0,False,exact_bitmap,,False
2026-08-30T19:37:14.766+00:00,calibration,0,238,HNSW_HYBRID,stock_alone,category_06,200,True,4,0.500835,"[0.50,1.00)",30.038,1.0,False,exact_seq,,False
2026-08-30T19:37:14.870+00:00,calibration,0,238,IVFFLAT_HYBRID,stock_alone,category_06,200,True,4,0.500835,"[0.50,1.00)",103.895917,1.0,False,exact_seq,,False
2026-08-30T19:37:14.971+00:00,calibration,0,62,SQL_FIRST,single_category,category_01,795,True,1,0.098665,"[0.05,0.10)",13.258541,1.0,True,exact_bitmap,,False
2026-08-30T19:37:15.015+00:00,calibration,0,62,VECTOR_FIRST_HNSW,single_category,category_01,795,True,1,0.098665,"[0.05,0.10)",43.309417,0.8,False,exact_bitmap,,False
2026-08-30T19:37:15.030+00:00,calibration,0,62,HNSW_HYBRID,single_category,category_01,795,True,1,0.098665,"[0.05,0.10)",13.825583,1.0,False,exact_bitmap,,False
2026-08-30T19:37:15.045+00:00,calibration,0,62,IVFFLAT_HYBRID,single_category,category_01,795,True,1,0.098665,"[0.05,0.10)",14.646125,1.0,False,exact_bitmap,,False
2026-08-30T19:37:15.182+00:00,calibration,0,104,SQL_FIRST,two_categories,category_07,804,True,2,0.1991,"[0.10,0.25)",25.445125,1.0,True,exact_bitmap,,False
2026-08-30T19:37:15.217+00:00,calibration,0,104,VECTOR_FIRST_HNSW,two_categories,category_07,804,True,2,0.1991,"[0.10,0.25)",33.157208,1.0,False,exact_bitmap,,False
2026-08-30T19:37:15.241+00:00,calibration,0,104,HNSW_HYBRID,two_categories,category_07,804,True,2,0.1991,"[0.10,0.25)",22.69725,1.0,False,exact_bitmap,,False
2026-08-30T19:37:15.267+00:00,calibration,0,104,IVFFLAT_HYBRID,two_categories,category_07,804,True,2,0.1991,"[0.10,0.25)",24.288208,1.0,False,exact_bitmap,,False
2026-08-30T19:37:15.413+00:00,calibration,0,218,SQL_FIRST,wide_or,category_09,248,True,4,0.659905,"[0.50,1.00)",27.836958,1.0,True,exact_seq,,False
2026-08-30T19:37:15.445+00:00,calibration,0,218,VECTOR_FIRST_HNSW,wide_or,category_09,248,True,4,0.659905,"[0.50,1.00)",30.679,1.0,False,exact_bitmap,,False
2026-08-30T19:37:15.476+00:00,calibration,0,218,HNSW_HYBRID,wide_or,category_09,248,True,4,0.659905,"[0.50,1.00)",29.213542,1.0,False,exact_seq,,False
2026-08-30T19:37:15.507+00:00,calibration,0,218,IVFFLAT_HYBRID,wide_or,category_09,248,True,4,0.659905,"[0.50,1.00)",28.841209,1.0,False,exact_seq,,False
2026-08-30T19:37:15.621+00:00,calibration,0,160,SQL_FIRST,three_categories,category_02,659,True,3,0.2705,"[0.25,0.50)",19.54275,1.0,True,exact_bitmap,,False
2026-08-30T19:37:15.652+00:00,calibration,0,160,VECTOR_FIRST_HNSW,three_categories,category_02,659,True,3,0.2705,"[0.25,0.50)",29.0665,1.0,False,exact_bitmap,,False
2026-08-30T19:37:15.674+00:00,calibration,0,160,HNSW_HYBRID,three_categories,category_02,659,True,3,0.2705,"[0.25,0.50)",20.139375,1.0,False,exact_bitmap,,False
2026-08-30T19:37:15.696+00:00,calibration,0,160,IVFFLAT_HYBRID,three_categories,category_02,659,True,3,0.2705,"[0.25,0.50)",20.91025,1.0,False,exact_bitmap,,False
2026-08-30T19:37:15.741+00:00,calibration,0,20,SQL_FIRST,category_narrow_price,category_08,151,True,0,0.00512,"[0.00,0.05)",3.048,1.0,True,exact_bitmap,,False
2026-08-30T19:37:15.774+00:00,calibration,0,20,VECTOR_FIRST_HNSW,category_narrow_price,category_08,151,True,0,0.00512,"[0.00,0.05)",30.560291,0.0,False,exact_bitmap,,False
2026-08-30T19:37:15.779+00:00,calibration,0,20,HNSW_HYBRID,category_narrow_price,category_08,151,True,0,0.00512,"[0.00,0.05)",4.129,1.0,False,exact_bitmap,,False
2026-08-30T19:37:15.784+00:00,calibration,0,20,IVFFLAT_HYBRID,category_narrow_price,category_08,151,True,0,0.00512,"[0.00,0.05)",3.727041,1.0,False,exact_bitmap,,False
2026-08-30T19:37:15.831+00:00,calibration,0,15,SQL_FIRST,category_narrow_price,category_04,858,True,0,0.004875,"[0.00,0.05)",3.02675,1.0,True,exact_bitmap,,False
2026-08-30T19:37:15.863+00:00,calibration,0,15,VECTOR_FIRST_HNSW,category_narrow_price,category_04,858,True,0,0.004875,"[0.00,0.05)",30.152875,0.0,False,exact_bitmap,,False
2026-08-30T19:37:15.866+00:00,calibration,0,15,HNSW_HYBRID,category_narrow_price,category_04,858,True,0,0.004875,"[0.00,0.05)",2.626083,1.0,False,exact_bitmap,,False
2026-08-30T19:37:15.871+00:00,calibration,0,15,IVFFLAT_HYBRID,category_narrow_price,category_04,858,True,0,0.004875,"[0.00,0.05)",3.067834,1.0,False,exact_bitmap,,False
2026-08-30T19:37:15.961+00:00,calibration,0,123,SQL_FIRST,single_category_alone,category_05,955,False,2,0.100035,"[0.10,0.25)",14.500625,1.0,True,exact_bitmap,,False
2026-08-30T19:37:15.993+00:00,calibration,0,123,VECTOR_FIRST_HNSW,single_category_alone,category_05,955,False,2,0.100035,"[0.10,0.25)",30.921375,1.0,False,exact_bitmap,,False
2026-08-30T19:37:16.008+00:00,calibration,0,123,HNSW_HYBRID,single_category_alone,category_05,955,False,2,0.100035,"[0.10,0.25)",13.953708,1.0,False,exact_bitmap,,False
2026-08-30T19:37:16.026+00:00,calibration,0,123,IVFFLAT_HYBRID,single_category_alone,category_05,955,False,2,0.100035,"[0.10,0.25)",17.10725,1.0,False,exact_bitmap,,False
2026-08-30T19:37:16.110+00:00,calibration,0,14,SQL_FIRST,category_and_stock,category_05,593,False,0,0.049935,"[0.00,0.05)",12.011,1.0,True,exact_bitmap,,False
2026-08-30T19:37:16.143+00:00,calibration,0,14,VECTOR_FIRST_HNSW,category_and_stock,category_05,593,False,0,0.049935,"[0.00,0.05)",31.847,0.4,False,exact_bitmap,,False
2026-08-30T19:37:16.156+00:00,calibration,0,14,HNSW_HYBRID,category_and_stock,category_05,593,False,0,0.049935,"[0.00,0.05)",11.891416,1.0,False,exact_bitmap,,False
2026-08-30T19:37:16.169+00:00,calibration,0,14,IVFFLAT_HYBRID,category_and_stock,category_05,593,False,0,0.049935,"[0.00,0.05)",11.770375,1.0,False,exact_bitmap,,False
2026-08-30T19:37:16.325+00:00,calibration,0,230,SQL_FIRST,wide_or,category_04,599,False,4,0.817115,"[0.50,1.00)",30.668375,1.0,True,exact_seq,,False
2026-08-30T19:37:16.356+00:00,calibration,0,230,VECTOR_FIRST_HNSW,wide_or,category_04,599,False,4,0.817115,"[0.50,1.00)",29.231416,1.0,False,exact_bitmap,,False
2026-08-30T19:37:16.391+00:00,calibration,0,230,HNSW_HYBRID,wide_or,category_04,599,False,4,0.817115,"[0.50,1.00)",33.620042,1.0,False,exact_seq,,False
2026-08-30T19:37:16.427+00:00,calibration,0,230,IVFFLAT_HYBRID,wide_or,category_04,599,False,4,0.817115,"[0.50,1.00)",33.693458,1.0,False,exact_seq,,False
2026-08-30T19:37:16.517+00:00,calibration,0,38,SQL_FIRST,category_and_stock,category_04,44,True,0,0.04843,"[0.00,0.05)",13.488458,1.0,True,exact_bitmap,,False
2026-08-30T19:37:16.554+00:00,calibration,0,38,VECTOR_FIRST_HNSW,category_and_stock,category_04,44,True,0,0.04843,"[0.00,0.05)",35.483042,0.8,False,exact_bitmap,,False
2026-08-30T19:37:16.567+00:00,calibration,0,38,HNSW_HYBRID,category_and_stock,category_04,44,True,0,0.04843,"[0.00,0.05)",11.340291,1.0,False,exact_bitmap,,False
2026-08-30T19:37:16.584+00:00,calibration,0,38,IVFFLAT_HYBRID,category_and_stock,category_04,44,True,0,0.04843,"[0.00,0.05)",15.658416,1.0,False,exact_bitmap,,False
2026-08-30T19:37:16.763+00:00,calibration,0,247,SQL_FIRST,wide_or,category_07,952,False,4,0.9776,"[0.50,1.00)",36.514875,1.0,True,exact_seq,,False
2026-08-30T19:37:16.797+00:00,calibration,0,247,VECTOR_FIRST_HNSW,wide_or,category_07,952,False,4,0.9776,"[0.50,1.00)",32.613375,1.0,False,exact_bitmap,,False
2026-08-30T19:37:16.833+00:00,calibration,0,247,HNSW_HYBRID,wide_or,category_07,952,False,4,0.9776,"[0.50,1.00)",34.458834,1.0,False,exact_seq,,False
2026-08-30T19:37:16.870+00:00,calibration,0,247,IVFFLAT_HYBRID,wide_or,category_07,952,False,4,0.9776,"[0.50,1.00)",36.321667,1.0,False,exact_seq,,False
2026-08-30T19:37:17.009+00:00,calibration,0,194,SQL_FIRST,category_or_price,category_05,237,False,3,0.30864,"[0.25,0.50)",28.837458,1.0,True,exact_seq,,False
2026-08-30T19:37:17.043+00:00,calibration,0,194,VECTOR_FIRST_HNSW,category_or_price,category_05,237,False,3,0.30864,"[0.25,0.50)",32.39525,1.0,False,exact_bitmap,,False
2026-08-30T19:37:17.070+00:00,calibration,0,194,HNSW_HYBRID,category_or_price,category_05,237,False,3,0.30864,"[0.25,0.50)",26.357625,1.0,False,exact_seq,,False
2026-08-30T19:37:17.099+00:00,calibration,0,194,IVFFLAT_HYBRID,category_or_price,category_05,237,False,3,0.30864,"[0.25,0.50)",28.727458,1.0,False,exact_seq,,False
2026-08-30T19:37:17.192+00:00,calibration,0,106,SQL_FIRST,single_category_alone,category_03,663,True,2,0.1037,"[0.10,0.25)",16.389417,1.0,True,exact_bitmap,,False
2026-08-30T19:37:17.227+00:00,calibration,0,106,VECTOR_FIRST_HNSW,single_category_alone,category_03,663,True,2,0.1037,"[0.10,0.25)",32.67,1.0,False,exact_bitmap,,False
2026-08-30T19:37:17.248+00:00,calibration,0,106,HNSW_HYBRID,single_category_alone,category_03,663,True,2,0.1037,"[0.10,0.25)",19.534333,1.0,False,exact_bitmap,,False
2026-08-30T19:37:17.266+00:00,calibration,0,106,IVFFLAT_HYBRID,single_category_alone,category_03,663,True,2,0.1037,"[0.10,0.25)",15.893375,1.0,False,exact_bitmap,,False
2026-08-30T19:37:17.365+00:00,calibration,0,142,SQL_FIRST,single_category_alone,category_00,223,True,2,0.1034,"[0.10,0.25)",15.940125,1.0,True,exact_bitmap,,False
2026-08-30T19:37:17.401+00:00,calibration,0,142,VECTOR_FIRST_HNSW,single_category_alone,category_00,223,True,2,0.1034,"[0.10,0.25)",34.677583,0.7,False,exact_bitmap,,False
2026-08-30T19:37:17.416+00:00,calibration,0,142,HNSW_HYBRID,single_category_alone,category_00,223,True,2,0.1034,"[0.10,0.25)",14.04975,1.0,False,exact_bitmap,,False
2026-08-30T19:37:17.433+00:00,calibration,0,142,IVFFLAT_HYBRID,single_category_alone,category_00,223,True,2,0.1034,"[0.10,0.25)",15.729625,1.0,False,exact_bitmap,,False
2026-08-30T19:37:17.485+00:00,calibration,0,44,SQL_FIRST,category_narrow_price,category_04,102,True,0,0.00508,"[0.00,0.05)",3.580458,1.0,True,exact_bitmap,,False
2026-08-30T19:37:17.520+00:00,calibration,0,44,VECTOR_FIRST_HNSW,category_narrow_price,category_04,102,True,0,0.00508,"[0.00,0.05)",34.367291,0.0,False,exact_bitmap,,False
2026-08-30T19:37:17.524+00:00,calibration,0,44,HNSW_HYBRID,category_narrow_price,category_04,102,True,0,0.00508,"[0.00,0.05)",2.742,1.0,False,exact_bitmap,,False
2026-08-30T19:37:17.529+00:00,calibration,0,44,IVFFLAT_HYBRID,category_narrow_price,category_04,102,True,0,0.00508,"[0.00,0.05)",3.728667,1.0,False,exact_bitmap,,False
2026-08-30T19:37:17.580+00:00,calibration,0,3,SQL_FIRST,category_narrow_price,category_01,626,False,0,0.00491,"[0.00,0.05)",3.454125,1.0,True,exact_bitmap,,False
2026-08-30T19:37:17.617+00:00,calibration,0,3,VECTOR_FIRST_HNSW,category_narrow_price,category_01,626,False,0,0.00491,"[0.00,0.05)",35.247167,0.1,False,exact_bitmap,,False
2026-08-30T19:37:17.622+00:00,calibration,0,3,HNSW_HYBRID,category_narrow_price,category_01,626,False,0,0.00491,"[0.00,0.05)",3.088417,1.0,False,exact_bitmap,,False
2026-08-30T19:37:17.628+00:00,calibration,0,3,IVFFLAT_HYBRID,category_narrow_price,category_01,626,False,0,0.00491,"[0.00,0.05)",3.755125,1.0,False,exact_bitmap,,False
2026-08-30T19:37:17.680+00:00,calibration,0,43,SQL_FIRST,category_narrow_price,category_02,713,True,0,0.004955,"[0.00,0.05)",3.555083,1.0,True,exact_bitmap,,False
2026-08-30T19:37:17.715+00:00,calibration,0,43,VECTOR_FIRST_HNSW,category_narrow_price,category_02,713,True,0,0.004955,"[0.00,0.05)",33.757916,0.0,False,exact_bitmap,,False
2026-08-30T19:37:17.720+00:00,calibration,0,43,HNSW_HYBRID,category_narrow_price,category_02,713,True,0,0.004955,"[0.00,0.05)",3.016042,1.0,False,exact_bitmap,,False
2026-08-30T19:37:17.724+00:00,calibration,0,43,IVFFLAT_HYBRID,category_narrow_price,category_02,713,True,0,0.004955,"[0.00,0.05)",3.14875,1.0,False,exact_bitmap,,False
2026-08-30T19:37:17.827+00:00,calibration,0,110,SQL_FIRST,price_range_mid,category_01,325,True,2,0.10188,"[0.10,0.25)",16.27275,1.0,True,exact_bitmap,,False
2026-08-30T19:37:17.861+00:00,calibration,0,110,VECTOR_FIRST_HNSW,price_range_mid,category_01,325,True,2,0.10188,"[0.10,0.25)",31.773833,0.8,False,exact_bitmap,,False
2026-08-30T19:37:17.876+00:00,calibration,0,110,HNSW_HYBRID,price_range_mid,category_01,325,True,2,0.10188,"[0.10,0.25)",13.499375,1.0,False,exact_bitmap,,False
2026-08-30T19:37:17.892+00:00,calibration,0,110,IVFFLAT_HYBRID,price_range_mid,category_01,325,True,2,0.10188,"[0.10,0.25)",14.690333,1.0,False,exact_bitmap,,False
2026-08-30T19:37:17.983+00:00,calibration,0,115,SQL_FIRST,single_category_alone,category_00,89,False,2,0.1034,"[0.10,0.25)",15.043209,1.0,True,exact_bitmap,,False
2026-08-30T19:37:18.016+00:00,calibration,0,115,VECTOR_FIRST_HNSW,single_category_alone,category_00,89,False,2,0.1034,"[0.10,0.25)",31.21875,1.0,False,exact_bitmap,,False
2026-08-30T19:37:18.030+00:00,calibration,0,115,HNSW_HYBRID,single_category_alone,category_00,89,False,2,0.1034,"[0.10,0.25)",13.068875,1.0,False,exact_bitmap,,False
2026-08-30T19:37:18.045+00:00,calibration,0,115,IVFFLAT_HYBRID,single_category_alone,category_00,89,False,2,0.1034,"[0.10,0.25)",14.33725,1.0,False,exact_bitmap,,False
2026-08-30T19:37:18.182+00:00,calibration,0,175,SQL_FIRST,category_or_price,category_07,420,False,3,0.475515,"[0.25,0.50)",25.8825,1.0,True,exact_seq,,False
2026-08-30T19:37:18.215+00:00,calibration,0,175,VECTOR_FIRST_HNSW,category_or_price,category_07,420,False,3,0.475515,"[0.25,0.50)",31.637667,1.0,False,exact_bitmap,,False
2026-08-30T19:37:18.245+00:00,calibration,0,175,HNSW_HYBRID,category_or_price,category_07,420,False,3,0.475515,"[0.25,0.50)",27.518042,1.0,False,exact_seq,,False
2026-08-30T19:37:18.274+00:00,calibration,0,175,IVFFLAT_HYBRID,category_or_price,category_07,420,False,3,0.475515,"[0.25,0.50)",27.116666,1.0,False,exact_seq,,False
2026-08-30T19:37:18.433+00:00,calibration,0,207,SQL_FIRST,wide_or,category_03,292,False,4,0.680295,"[0.50,1.00)",31.140667,1.0,True,exact_seq,,False
2026-08-30T19:37:18.468+00:00,calibration,0,207,VECTOR_FIRST_HNSW,wide_or,category_03,292,False,4,0.680295,"[0.50,1.00)",33.257458,1.0,False,exact_bitmap,,False
2026-08-30T19:37:18.501+00:00,calibration,0,207,HNSW_HYBRID,wide_or,category_03,292,False,4,0.680295,"[0.50,1.00)",31.693792,1.0,False,exact_seq,,False
2026-08-30T19:37:18.532+00:00,calibration,0,207,IVFFLAT_HYBRID,wide_or,category_03,292,False,4,0.680295,"[0.50,1.00)",29.257583,1.0,False,exact_seq,,False
2026-08-30T19:37:18.629+00:00,calibration,0,57,SQL_FIRST,single_category,category_02,947,False,1,0.098965,"[0.05,0.10)",15.73375,1.0,True,exact_bitmap,,False
2026-08-30T19:37:18.666+00:00,calibration,0,57,VECTOR_FIRST_HNSW,single_category,category_02,947,False,1,0.098965,"[0.05,0.10)",34.53725,0.7,False,exact_bitmap,,False
2026-08-30T19:37:18.684+00:00,calibration,0,57,HNSW_HYBRID,single_category,category_02,947,False,1,0.098965,"[0.05,0.10)",16.672917,1.0,False,exact_bitmap,,False
2026-08-30T19:37:18.701+00:00,calibration,0,57,IVFFLAT_HYBRID,single_category,category_02,947,False,1,0.098965,"[0.05,0.10)",15.603458,1.0,False,exact_bitmap,,False
2026-08-30T19:37:18.800+00:00,calibration,0,78,SQL_FIRST,single_category,category_04,323,True,1,0.0967,"[0.05,0.10)",16.016875,1.0,True,exact_bitmap,,False
2026-08-30T19:37:18.835+00:00,calibration,0,78,VECTOR_FIRST_HNSW,single_category,category_04,323,True,1,0.0967,"[0.05,0.10)",33.552791,0.7,False,exact_bitmap,,False
2026-08-30T19:37:18.852+00:00,calibration,0,78,HNSW_HYBRID,single_category,category_04,323,True,1,0.0967,"[0.05,0.10)",15.756625,1.0,False,exact_bitmap,,False
2026-08-30T19:37:18.869+00:00,calibration,0,78,IVFFLAT_HYBRID,single_category,category_04,323,True,1,0.0967,"[0.05,0.10)",15.671334,1.0,False,exact_bitmap,,False
2026-08-30T19:37:18.969+00:00,calibration,0,63,SQL_FIRST,single_category,category_01,465,False,1,0.098665,"[0.05,0.10)",14.096834,1.0,True,exact_bitmap,,False
2026-08-30T19:37:19.001+00:00,calibration,0,63,VECTOR_FIRST_HNSW,single_category,category_01,465,False,1,0.098665,"[0.05,0.10)",30.791083,1.0,False,exact_bitmap,,False
2026-08-30T19:37:19.015+00:00,calibration,0,63,HNSW_HYBRID,single_category,category_01,465,False,1,0.098665,"[0.05,0.10)",13.287416,1.0,False,exact_bitmap,,False
2026-08-30T19:37:19.030+00:00,calibration,0,63,IVFFLAT_HYBRID,single_category,category_01,465,False,1,0.098665,"[0.05,0.10)",13.999042,1.0,False,exact_bitmap,,False
2026-08-30T19:37:19.122+00:00,calibration,0,87,SQL_FIRST,single_category,category_02,618,False,1,0.098965,"[0.05,0.10)",16.031042,1.0,True,exact_bitmap,,False
2026-08-30T19:37:19.154+00:00,calibration,0,87,VECTOR_FIRST_HNSW,single_category,category_02,618,False,1,0.098965,"[0.05,0.10)",31.258333,1.0,False,exact_bitmap,,False
2026-08-30T19:37:19.170+00:00,calibration,0,87,HNSW_HYBRID,single_category,category_02,618,False,1,0.098965,"[0.05,0.10)",14.931916,1.0,False,exact_bitmap,,False
2026-08-30T19:37:19.189+00:00,calibration,0,87,IVFFLAT_HYBRID,single_category,category_02,618,False,1,0.098965,"[0.05,0.10)",17.554416,1.0,False,exact_bitmap,,False
2026-08-30T19:37:19.278+00:00,calibration,0,83,SQL_FIRST,single_category,category_04,203,False,1,0.0967,"[0.05,0.10)",14.232541,1.0,True,exact_bitmap,,False
2026-08-30T19:37:19.310+00:00,calibration,0,83,VECTOR_FIRST_HNSW,single_category,category_04,203,False,1,0.0967,"[0.05,0.10)",30.120917,0.7,False,exact_bitmap,,False
2026-08-30T19:37:19.324+00:00,calibration,0,83,HNSW_HYBRID,single_category,category_04,203,False,1,0.0967,"[0.05,0.10)",12.790167,1.0,False,exact_bitmap,,False
2026-08-30T19:37:19.340+00:00,calibration,0,83,IVFFLAT_HYBRID,single_category,category_04,203,False,1,0.0967,"[0.05,0.10)",13.991417,1.0,False,exact_bitmap,,False
2026-08-30T19:37:19.420+00:00,calibration,0,42,SQL_FIRST,category_and_stock,category_05,183,False,0,0.049935,"[0.00,0.05)",11.888834,1.0,True,exact_bitmap,,False
2026-08-30T19:37:19.453+00:00,calibration,0,42,VECTOR_FIRST_HNSW,category_and_stock,category_05,183,False,0,0.049935,"[0.00,0.05)",31.073833,0.8,False,exact_bitmap,,False
2026-08-30T19:37:19.464+00:00,calibration,0,42,HNSW_HYBRID,category_and_stock,category_05,183,False,0,0.049935,"[0.00,0.05)",10.244,1.0,False,exact_bitmap,,False
2026-08-30T19:37:19.477+00:00,calibration,0,42,IVFFLAT_HYBRID,category_and_stock,category_05,183,False,0,0.049935,"[0.00,0.05)",11.868458,1.0,False,exact_bitmap,,False
2026-08-30T19:37:19.604+00:00,calibration,0,226,SQL_FIRST,stock_alone,category_00,335,True,4,0.500835,"[0.50,1.00)",23.652625,1.0,True,exact_seq,,False
2026-08-30T19:37:19.635+00:00,calibration,0,226,VECTOR_FIRST_HNSW,stock_alone,category_00,335,True,4,0.500835,"[0.50,1.00)",29.00575,1.0,False,exact_bitmap,,False
2026-08-30T19:37:19.659+00:00,calibration,0,226,HNSW_HYBRID,stock_alone,category_00,335,True,4,0.500835,"[0.50,1.00)",22.990666,1.0,False,exact_seq,,False
2026-08-30T19:37:19.683+00:00,calibration,0,226,IVFFLAT_HYBRID,stock_alone,category_00,335,True,4,0.500835,"[0.50,1.00)",22.996083,1.0,False,exact_seq,,False
2026-08-30T19:37:19.729+00:00,calibration,0,6,SQL_FIRST,category_narrow_price,category_00,373,True,0,0.00525,"[0.00,0.05)",3.009666,1.0,True,exact_bitmap,,False
2026-08-30T19:37:19.760+00:00,calibration,0,6,VECTOR_FIRST_HNSW,category_narrow_price,category_00,373,True,0,0.00525,"[0.00,0.05)",30.137542,0.0,False,exact_bitmap,,False
2026-08-30T19:37:19.764+00:00,calibration,0,6,HNSW_HYBRID,category_narrow_price,category_00,373,True,0,0.00525,"[0.00,0.05)",2.59675,1.0,False,exact_bitmap,,False
2026-08-30T19:37:19.769+00:00,calibration,0,6,IVFFLAT_HYBRID,category_narrow_price,category_00,373,True,0,0.00525,"[0.00,0.05)",3.068708,1.0,False,exact_bitmap,,False
2026-08-30T19:37:19.885+00:00,calibration,0,158,SQL_FIRST,three_categories,category_06,346,False,3,0.269895,"[0.25,0.50)",21.428958,1.0,True,exact_bitmap,,False
2026-08-30T19:37:19.919+00:00,calibration,0,158,VECTOR_FIRST_HNSW,three_categories,category_06,346,False,3,0.269895,"[0.25,0.50)",31.585709,1.0,False,exact_bitmap,,False
2026-08-30T19:37:19.943+00:00,calibration,0,158,HNSW_HYBRID,three_categories,category_06,346,False,3,0.269895,"[0.25,0.50)",21.301667,1.0,False,exact_bitmap,,False
2026-08-30T19:37:19.967+00:00,calibration,0,158,IVFFLAT_HYBRID,three_categories,category_06,346,False,3,0.269895,"[0.25,0.50)",22.730084,1.0,False,exact_bitmap,,False
2026-08-30T19:37:20.104+00:00,calibration,0,139,SQL_FIRST,two_categories,category_08,645,True,2,0.198565,"[0.10,0.25)",24.082333,1.0,True,exact_bitmap,,False
2026-08-30T19:37:20.136+00:00,calibration,0,139,VECTOR_FIRST_HNSW,two_categories,category_08,645,True,2,0.198565,"[0.10,0.25)",30.13175,1.0,False,exact_bitmap,,False
2026-08-30T19:37:20.162+00:00,calibration,0,139,HNSW_HYBRID,two_categories,category_08,645,True,2,0.198565,"[0.10,0.25)",24.6805,1.0,False,exact_bitmap,,False
2026-08-30T19:37:20.187+00:00,calibration,0,139,IVFFLAT_HYBRID,two_categories,category_08,645,True,2,0.198565,"[0.10,0.25)",24.6465,1.0,False,exact_bitmap,,False
2026-08-30T19:37:20.300+00:00,calibration,0,192,SQL_FIRST,three_categories,category_04,583,False,3,0.267975,"[0.25,0.50)",21.002708,1.0,True,exact_bitmap,,False
2026-08-30T19:37:20.333+00:00,calibration,0,192,VECTOR_FIRST_HNSW,three_categories,category_04,583,False,3,0.267975,"[0.25,0.50)",31.660917,1.0,False,exact_bitmap,,False
2026-08-30T19:37:20.357+00:00,calibration,0,192,HNSW_HYBRID,three_categories,category_04,583,False,3,0.267975,"[0.25,0.50)",21.970917,1.0,False,exact_bitmap,,False
2026-08-30T19:37:20.381+00:00,calibration,0,192,IVFFLAT_HYBRID,three_categories,category_04,583,False,3,0.267975,"[0.25,0.50)",22.50375,1.0,False,exact_bitmap,,False
2026-08-30T19:37:20.551+00:00,calibration,0,250,SQL_FIRST,wide_or,category_09,634,True,4,0.83355,"[0.50,1.00)",34.391458,1.0,True,exact_seq,,False
2026-08-30T19:37:20.584+00:00,calibration,0,250,VECTOR_FIRST_HNSW,wide_or,category_09,634,True,4,0.83355,"[0.50,1.00)",31.627208,1.0,False,exact_bitmap,,False
2026-08-30T19:37:20.619+00:00,calibration,0,250,HNSW_HYBRID,wide_or,category_09,634,True,4,0.83355,"[0.50,1.00)",33.960458,1.0,False,exact_seq,,False
2026-08-30T19:37:20.655+00:00,calibration,0,250,IVFFLAT_HYBRID,wide_or,category_09,634,True,4,0.83355,"[0.50,1.00)",34.034167,1.0,False,exact_seq,,False
2026-08-30T19:37:20.703+00:00,calibration,0,1,SQL_FIRST,category_narrow_price,category_07,105,True,0,0.00525,"[0.00,0.05)",3.506333,1.0,True,exact_bitmap,,False
2026-08-30T19:37:20.738+00:00,calibration,0,1,VECTOR_FIRST_HNSW,category_narrow_price,category_07,105,True,0,0.00525,"[0.00,0.05)",33.681,0.1,False,exact_bitmap,,False
2026-08-30T19:37:20.742+00:00,calibration,0,1,HNSW_HYBRID,category_narrow_price,category_07,105,True,0,0.00525,"[0.00,0.05)",2.765916,1.0,False,exact_bitmap,,False
2026-08-30T19:37:20.747+00:00,calibration,0,1,IVFFLAT_HYBRID,category_narrow_price,category_07,105,True,0,0.00525,"[0.00,0.05)",3.931958,1.0,False,exact_bitmap,,False
2026-08-30T19:37:20.846+00:00,calibration,0,96,SQL_FIRST,single_category,category_04,186,True,1,0.0967,"[0.05,0.10)",15.8265,1.0,True,exact_bitmap,,False
2026-08-30T19:37:20.881+00:00,calibration,0,96,VECTOR_FIRST_HNSW,single_category,category_04,186,True,1,0.0967,"[0.05,0.10)",33.601959,1.0,False,exact_bitmap,,False
2026-08-30T19:37:20.897+00:00,calibration,0,96,HNSW_HYBRID,single_category,category_04,186,True,1,0.0967,"[0.05,0.10)",13.93525,1.0,False,exact_bitmap,,False
2026-08-30T19:37:20.914+00:00,calibration,0,96,IVFFLAT_HYBRID,single_category,category_04,186,True,1,0.0967,"[0.05,0.10)",15.713084,1.0,False,exact_bitmap,,False
2026-08-30T19:37:21.058+00:00,calibration,0,146,SQL_FIRST,two_categories,category_04,747,False,2,0.196735,"[0.10,0.25)",26.524,1.0,True,exact_bitmap,,False
2026-08-30T19:37:21.093+00:00,calibration,0,146,VECTOR_FIRST_HNSW,two_categories,category_04,747,False,2,0.196735,"[0.10,0.25)",33.48925,1.0,False,exact_bitmap,,False
2026-08-30T19:37:21.119+00:00,calibration,0,146,HNSW_HYBRID,two_categories,category_04,747,False,2,0.196735,"[0.10,0.25)",24.544417,1.0,False,exact_bitmap,,False
2026-08-30T19:37:21.147+00:00,calibration,0,146,IVFFLAT_HYBRID,two_categories,category_04,747,False,2,0.196735,"[0.10,0.25)",26.670917,1.0,False,exact_bitmap,,False
2026-08-30T19:37:21.195+00:00,calibration,0,16,SQL_FIRST,category_narrow_price,category_04,802,False,0,0.0049,"[0.00,0.05)",2.943416,1.0,True,exact_bitmap,,False
2026-08-30T19:37:21.226+00:00,calibration,0,16,VECTOR_FIRST_HNSW,category_narrow_price,category_04,802,False,0,0.0049,"[0.00,0.05)",29.968292,0.1,False,exact_bitmap,,False
2026-08-30T19:37:21.230+00:00,calibration,0,16,HNSW_HYBRID,category_narrow_price,category_04,802,False,0,0.0049,"[0.00,0.05)",2.626958,1.0,False,exact_bitmap,,False
2026-08-30T19:37:21.233+00:00,calibration,0,16,IVFFLAT_HYBRID,category_narrow_price,category_04,802,False,0,0.0049,"[0.00,0.05)",2.864209,1.0,False,exact_bitmap,,False
2026-08-30T19:37:21.367+00:00,calibration,0,136,SQL_FIRST,two_categories,category_01,898,True,2,0.197635,"[0.10,0.25)",23.875209,1.0,True,exact_bitmap,,False
2026-08-30T19:37:21.400+00:00,calibration,0,136,VECTOR_FIRST_HNSW,two_categories,category_01,898,True,2,0.197635,"[0.10,0.25)",31.90975,1.0,False,exact_bitmap,,False
2026-08-30T19:37:21.424+00:00,calibration,0,136,HNSW_HYBRID,two_categories,category_01,898,True,2,0.197635,"[0.10,0.25)",22.682541,1.0,False,exact_bitmap,,False
2026-08-30T19:37:21.449+00:00,calibration,0,136,IVFFLAT_HYBRID,two_categories,category_01,898,True,2,0.197635,"[0.10,0.25)",23.726875,1.0,False,exact_bitmap,,False
2026-08-30T19:37:21.563+00:00,calibration,0,162,SQL_FIRST,three_categories,category_02,128,True,3,0.2705,"[0.25,0.50)",19.327042,1.0,True,exact_bitmap,,False
2026-08-30T19:37:21.594+00:00,calibration,0,162,VECTOR_FIRST_HNSW,three_categories,category_02,128,True,3,0.2705,"[0.25,0.50)",29.1335,1.0,False,exact_bitmap,,False
2026-08-30T19:37:21.615+00:00,calibration,0,162,HNSW_HYBRID,three_categories,category_02,128,True,3,0.2705,"[0.25,0.50)",19.782375,1.0,False,exact_bitmap,,False
2026-08-30T19:37:21.636+00:00,calibration,0,162,IVFFLAT_HYBRID,three_categories,category_02,128,True,3,0.2705,"[0.25,0.50)",19.934458,1.0,False,exact_bitmap,,False
2026-08-30T19:37:21.768+00:00,calibration,0,209,SQL_FIRST,stock_alone,category_04,462,True,4,0.500835,"[0.50,1.00)",24.630459,1.0,True,exact_seq,,False
2026-08-30T19:37:21.801+00:00,calibration,0,209,VECTOR_FIRST_HNSW,stock_alone,category_04,462,True,4,0.500835,"[0.50,1.00)",32.043291,1.0,False,exact_bitmap,,False
2026-08-30T19:37:21.828+00:00,calibration,0,209,HNSW_HYBRID,stock_alone,category_04,462,True,4,0.500835,"[0.50,1.00)",25.102042,1.0,False,exact_seq,,False
2026-08-30T19:37:21.854+00:00,calibration,0,209,IVFFLAT_HYBRID,stock_alone,category_04,462,True,4,0.500835,"[0.50,1.00)",25.023209,1.0,False,exact_seq,,False
2026-08-30T19:37:21.950+00:00,calibration,0,59,SQL_FIRST,single_category,category_02,440,False,1,0.098965,"[0.05,0.10)",15.74175,1.0,True,exact_bitmap,,False
2026-08-30T19:37:21.985+00:00,calibration,0,59,VECTOR_FIRST_HNSW,single_category,category_02,440,False,1,0.098965,"[0.05,0.10)",33.851583,1.0,False,exact_bitmap,,False
2026-08-30T19:37:22.000+00:00,calibration,0,59,HNSW_HYBRID,single_category,category_02,440,False,1,0.098965,"[0.05,0.10)",14.132333,1.0,False,exact_bitmap,,False
2026-08-30T19:37:22.017+00:00,calibration,0,59,IVFFLAT_HYBRID,single_category,category_02,440,False,1,0.098965,"[0.05,0.10)",16.260875,1.0,False,exact_bitmap,,False
2026-08-30T19:37:22.152+00:00,calibration,0,141,SQL_FIRST,two_categories,category_02,989,True,2,0.202665,"[0.10,0.25)",24.008666,1.0,True,exact_bitmap,,False
2026-08-30T19:37:22.184+00:00,calibration,0,141,VECTOR_FIRST_HNSW,two_categories,category_02,989,True,2,0.202665,"[0.10,0.25)",30.592291,1.0,False,exact_bitmap,,False
2026-08-30T19:37:22.207+00:00,calibration,0,141,HNSW_HYBRID,two_categories,category_02,989,True,2,0.202665,"[0.10,0.25)",22.388084,1.0,False,exact_bitmap,,False
2026-08-30T19:37:22.232+00:00,calibration,0,141,IVFFLAT_HYBRID,two_categories,category_02,989,True,2,0.202665,"[0.10,0.25)",23.634583,1.0,False,exact_bitmap,,False
2026-08-30T19:37:22.325+00:00,calibration,0,103,SQL_FIRST,price_range_mid,category_01,210,True,2,0.10253,"[0.10,0.25)",15.192,1.0,True,exact_bitmap,,False
2026-08-30T19:37:22.357+00:00,calibration,0,103,VECTOR_FIRST_HNSW,price_range_mid,category_01,210,True,2,0.10253,"[0.10,0.25)",30.4175,1.0,False,exact_bitmap,,False
2026-08-30T19:37:22.372+00:00,calibration,0,103,HNSW_HYBRID,price_range_mid,category_01,210,True,2,0.10253,"[0.10,0.25)",13.400125,1.0,False,exact_bitmap,,False
2026-08-30T19:37:22.388+00:00,calibration,0,103,IVFFLAT_HYBRID,price_range_mid,category_01,210,True,2,0.10253,"[0.10,0.25)",14.7875,1.0,False,exact_bitmap,,False
2026-08-30T19:37:22.434+00:00,calibration,0,28,SQL_FIRST,category_narrow_price,category_09,301,False,0,0.00509,"[0.00,0.05)",2.944,1.0,True,exact_bitmap,,False
2026-08-30T19:37:22.466+00:00,calibration,0,28,VECTOR_FIRST_HNSW,category_narrow_price,category_09,301,False,0,0.00509,"[0.00,0.05)",29.967917,0.0,False,exact_bitmap,,False
2026-08-30T19:37:22.470+00:00,calibration,0,28,HNSW_HYBRID,category_narrow_price,category_09,301,False,0,0.00509,"[0.00,0.05)",2.582875,1.0,False,exact_bitmap,,False
2026-08-30T19:37:22.474+00:00,calibration,0,28,IVFFLAT_HYBRID,category_narrow_price,category_09,301,False,0,0.00509,"[0.00,0.05)",3.095041,1.0,False,exact_bitmap,,False
2026-08-30T19:37:22.561+00:00,calibration,0,52,SQL_FIRST,single_category,category_08,370,False,1,0.098665,"[0.05,0.10)",14.167208,1.0,True,exact_bitmap,,False
2026-08-30T19:37:22.593+00:00,calibration,0,52,VECTOR_FIRST_HNSW,single_category,category_08,370,False,1,0.098665,"[0.05,0.10)",30.08775,1.0,False,exact_bitmap,,False
2026-08-30T19:37:22.607+00:00,calibration,0,52,HNSW_HYBRID,single_category,category_08,370,False,1,0.098665,"[0.05,0.10)",12.83075,1.0,False,exact_bitmap,,False
2026-08-30T19:37:22.622+00:00,calibration,0,52,IVFFLAT_HYBRID,single_category,category_08,370,False,1,0.098665,"[0.05,0.10)",14.08775,1.0,False,exact_bitmap,,False
2026-08-30T19:37:22.748+00:00,calibration,0,233,SQL_FIRST,stock_alone,category_09,622,True,4,0.500835,"[0.50,1.00)",22.889709,1.0,True,exact_seq,,False
2026-08-30T19:37:22.778+00:00,calibration,0,233,VECTOR_FIRST_HNSW,stock_alone,category_09,622,True,4,0.500835,"[0.50,1.00)",29.092583,1.0,False,exact_bitmap,,False
2026-08-30T19:37:22.802+00:00,calibration,0,233,HNSW_HYBRID,stock_alone,category_09,622,True,4,0.500835,"[0.50,1.00)",22.636209,1.0,False,exact_seq,,False
2026-08-30T19:37:22.827+00:00,calibration,0,233,IVFFLAT_HYBRID,stock_alone,category_09,622,True,4,0.500835,"[0.50,1.00)",22.80525,1.0,False,exact_seq,,False
2026-08-30T19:37:22.916+00:00,calibration,0,53,SQL_FIRST,single_category,category_01,926,False,1,0.098665,"[0.05,0.10)",14.215125,1.0,True,exact_bitmap,,False
2026-08-30T19:37:22.947+00:00,calibration,0,53,VECTOR_FIRST_HNSW,single_category,category_01,926,False,1,0.098665,"[0.05,0.10)",30.037958,1.0,False,exact_bitmap,,False
2026-08-30T19:37:22.962+00:00,calibration,0,53,HNSW_HYBRID,single_category,category_01,926,False,1,0.098665,"[0.05,0.10)",13.325958,1.0,False,exact_bitmap,,False
2026-08-30T19:37:22.977+00:00,calibration,0,53,IVFFLAT_HYBRID,single_category,category_01,926,False,1,0.098665,"[0.05,0.10)",14.083333,1.0,False,exact_bitmap,,False
2026-08-30T19:37:23.189+00:00,calibration,0,246,SQL_FIRST,stock_alone,category_02,387,True,4,0.500835,"[0.50,1.00)",24.184125,1.0,True,exact_seq,,False
2026-08-30T19:37:23.219+00:00,calibration,0,246,VECTOR_FIRST_HNSW,stock_alone,category_02,387,True,4,0.500835,"[0.50,1.00)",29.248959,1.0,False,exact_bitmap,,False
2026-08-30T19:37:23.245+00:00,calibration,0,246,HNSW_HYBRID,stock_alone,category_02,387,True,4,0.500835,"[0.50,1.00)",24.216292,1.0,False,exact_seq,,False
2026-08-30T19:37:23.270+00:00,calibration,0,246,IVFFLAT_HYBRID,stock_alone,category_02,387,True,4,0.500835,"[0.50,1.00)",24.388458,1.0,False,exact_seq,,False
2026-08-30T19:37:23.367+00:00,calibration,0,60,SQL_FIRST,single_category,category_06,38,False,1,0.099535,"[0.05,0.10)",15.795292,1.0,True,exact_bitmap,,False
2026-08-30T19:37:23.404+00:00,calibration,0,60,VECTOR_FIRST_HNSW,single_category,category_06,38,False,1,0.099535,"[0.05,0.10)",35.342458,0.6,False,exact_bitmap,,False
2026-08-30T19:37:23.421+00:00,calibration,0,60,HNSW_HYBRID,single_category,category_06,38,False,1,0.099535,"[0.05,0.10)",14.22375,1.0,False,exact_bitmap,,False
2026-08-30T19:37:23.438+00:00,calibration,0,60,IVFFLAT_HYBRID,single_category,category_06,38,False,1,0.099535,"[0.05,0.10)",15.752708,1.0,False,exact_bitmap,,False
2026-08-30T19:37:23.600+00:00,calibration,0,211,SQL_FIRST,wide_or,category_05,433,True,4,0.74369,"[0.50,1.00)",32.70975,1.0,True,exact_seq,,False
2026-08-30T19:37:23.634+00:00,calibration,0,211,VECTOR_FIRST_HNSW,wide_or,category_05,433,True,4,0.74369,"[0.50,1.00)",33.468708,1.0,False,exact_bitmap,,False
2026-08-30T19:37:23.670+00:00,calibration,0,211,HNSW_HYBRID,wide_or,category_05,433,True,4,0.74369,"[0.50,1.00)",33.887334,1.0,False,exact_seq,,False
2026-08-30T19:37:23.704+00:00,calibration,0,211,IVFFLAT_HYBRID,wide_or,category_05,433,True,4,0.74369,"[0.50,1.00)",33.070541,1.0,False,exact_seq,,False
2026-08-30T19:37:24.118+00:00,calibration,0,181,SQL_FIRST,category_or_price,category_03,278,False,3,0.34869,"[0.25,0.50)",117.917875,1.0,True,exact_seq,,False
2026-08-30T19:37:24.218+00:00,calibration,0,181,VECTOR_FIRST_HNSW,category_or_price,category_03,278,False,3,0.34869,"[0.25,0.50)",99.038459,1.0,False,exact_bitmap,,False
2026-08-30T19:37:24.245+00:00,calibration,0,181,HNSW_HYBRID,category_or_price,category_03,278,False,3,0.34869,"[0.25,0.50)",25.634083,1.0,False,exact_seq,,False
2026-08-30T19:37:24.268+00:00,calibration,0,181,IVFFLAT_HYBRID,category_or_price,category_03,278,False,3,0.34869,"[0.25,0.50)",21.639625,1.0,False,exact_seq,,False
2026-08-30T19:37:24.372+00:00,calibration,0,65,SQL_FIRST,single_category,category_09,614,True,1,0.0999,"[0.05,0.10)",15.394625,1.0,True,exact_bitmap,,False
2026-08-30T19:37:24.410+00:00,calibration,0,65,VECTOR_FIRST_HNSW,single_category,category_09,614,True,1,0.0999,"[0.05,0.10)",35.907333,0.4,False,exact_bitmap,,False
2026-08-30T19:37:24.423+00:00,calibration,0,65,HNSW_HYBRID,single_category,category_09,614,True,1,0.0999,"[0.05,0.10)",12.478667,1.0,False,exact_bitmap,,False
2026-08-30T19:37:24.438+00:00,calibration,0,65,IVFFLAT_HYBRID,single_category,category_09,614,True,1,0.0999,"[0.05,0.10)",13.650833,1.0,False,exact_bitmap,,False
2026-08-30T19:37:24.481+00:00,calibration,0,40,SQL_FIRST,category_narrow_price,category_05,416,True,0,0.00512,"[0.00,0.05)",2.92925,1.0,True,exact_bitmap,,False
2026-08-30T19:37:24.515+00:00,calibration,0,40,VECTOR_FIRST_HNSW,category_narrow_price,category_05,416,True,0,0.00512,"[0.00,0.05)",32.326084,0.0,False,exact_bitmap,,False
2026-08-30T19:37:24.519+00:00,calibration,0,40,HNSW_HYBRID,category_narrow_price,category_05,416,True,0,0.00512,"[0.00,0.05)",3.093417,1.0,False,exact_bitmap,,False
2026-08-30T19:37:24.523+00:00,calibration,0,40,IVFFLAT_HYBRID,category_narrow_price,category_05,416,True,0,0.00512,"[0.00,0.05)",2.594,1.0,False,exact_bitmap,,False
2026-08-30T19:37:24.701+00:00,calibration,0,213,SQL_FIRST,wide_or,category_07,827,False,4,0.921025,"[0.50,1.00)",32.678334,1.0,True,exact_seq,,False
2026-08-30T19:37:24.731+00:00,calibration,0,213,VECTOR_FIRST_HNSW,wide_or,category_07,827,False,4,0.921025,"[0.50,1.00)",28.792167,1.0,False,exact_bitmap,,False
2026-08-30T19:37:24.765+00:00,calibration,0,213,HNSW_HYBRID,wide_or,category_07,827,False,4,0.921025,"[0.50,1.00)",32.997708,1.0,False,exact_seq,,False
2026-08-30T19:37:24.805+00:00,calibration,0,213,IVFFLAT_HYBRID,wide_or,category_07,827,False,4,0.921025,"[0.50,1.00)",38.022958,1.0,False,exact_seq,,False
2026-08-30T19:37:24.909+00:00,calibration,0,90,SQL_FIRST,single_category,category_04,577,True,1,0.0967,"[0.05,0.10)",16.851,1.0,True,exact_bitmap,,False
2026-08-30T19:37:24.945+00:00,calibration,0,90,VECTOR_FIRST_HNSW,single_category,category_04,577,True,1,0.0967,"[0.05,0.10)",34.717333,1.0,False,exact_bitmap,,False
2026-08-30T19:37:24.960+00:00,calibration,0,90,HNSW_HYBRID,single_category,category_04,577,True,1,0.0967,"[0.05,0.10)",13.6295,1.0,False,exact_bitmap,,False
2026-08-30T19:37:24.978+00:00,calibration,0,90,IVFFLAT_HYBRID,single_category,category_04,577,True,1,0.0967,"[0.05,0.10)",17.833792,1.0,False,exact_bitmap,,False
2026-08-30T19:37:25.078+00:00,calibration,0,120,SQL_FIRST,price_range_mid,category_07,808,True,2,0.10114,"[0.10,0.25)",11.995209,1.0,True,exact_bitmap,,False
2026-08-30T19:37:25.103+00:00,calibration,0,120,VECTOR_FIRST_HNSW,price_range_mid,category_07,808,True,2,0.10114,"[0.10,0.25)",24.138875,0.9,False,exact_bitmap,,False
2026-08-30T19:37:25.117+00:00,calibration,0,120,HNSW_HYBRID,price_range_mid,category_07,808,True,2,0.10114,"[0.10,0.25)",13.042958,1.0,False,exact_bitmap,,False
2026-08-30T19:37:25.131+00:00,calibration,0,120,IVFFLAT_HYBRID,price_range_mid,category_07,808,True,2,0.10114,"[0.10,0.25)",12.91475,1.0,False,exact_bitmap,,False
2026-08-30T19:37:25.248+00:00,calibration,0,102,SQL_FIRST,two_categories,category_09,918,True,2,0.2033,"[0.10,0.25)",20.056375,1.0,True,exact_bitmap,,False
2026-08-30T19:37:25.273+00:00,calibration,0,102,VECTOR_FIRST_HNSW,two_categories,category_09,918,True,2,0.2033,"[0.10,0.25)",23.578875,1.0,False,exact_bitmap,,False
2026-08-30T19:37:25.293+00:00,calibration,0,102,HNSW_HYBRID,two_categories,category_09,918,True,2,0.2033,"[0.10,0.25)",18.696083,1.0,False,exact_bitmap,,False
2026-08-30T19:37:25.313+00:00,calibration,0,102,IVFFLAT_HYBRID,two_categories,category_09,918,True,2,0.2033,"[0.10,0.25)",18.394667,1.0,False,exact_bitmap,,False
2026-08-30T19:37:25.425+00:00,calibration,0,176,SQL_FIRST,category_or_price,category_00,350,True,3,0.4127,"[0.25,0.50)",20.140958,1.0,True,exact_seq,,False
2026-08-30T19:37:25.453+00:00,calibration,0,176,VECTOR_FIRST_HNSW,category_or_price,category_00,350,True,3,0.4127,"[0.25,0.50)",26.689,1.0,False,exact_bitmap,,False
2026-08-30T19:37:25.474+00:00,calibration,0,176,HNSW_HYBRID,category_or_price,category_00,350,True,3,0.4127,"[0.25,0.50)",19.78375,1.0,False,exact_seq,,False
2026-08-30T19:37:25.499+00:00,calibration,0,176,IVFFLAT_HYBRID,category_or_price,category_00,350,True,3,0.4127,"[0.25,0.50)",24.44075,1.0,False,exact_seq,,False
2026-08-30T19:37:25.587+00:00,calibration,0,23,SQL_FIRST,category_and_stock,category_08,78,True,0,0.049415,"[0.00,0.05)",13.548709,1.0,True,exact_bitmap,,False
2026-08-30T19:37:25.622+00:00,calibration,0,23,VECTOR_FIRST_HNSW,category_and_stock,category_08,78,True,0,0.049415,"[0.00,0.05)",33.492208,0.1,False,exact_bitmap,,False
2026-08-30T19:37:25.635+00:00,calibration,0,23,HNSW_HYBRID,category_and_stock,category_08,78,True,0,0.049415,"[0.00,0.05)",11.233041,1.0,False,exact_bitmap,,False
2026-08-30T19:37:25.652+00:00,calibration,0,23,IVFFLAT_HYBRID,category_and_stock,category_08,78,True,0,0.049415,"[0.00,0.05)",14.176709,1.0,False,exact_bitmap,,False
2026-08-30T19:37:25.742+00:00,calibration,0,34,SQL_FIRST,category_and_stock,category_05,575,False,0,0.049935,"[0.00,0.05)",13.103667,1.0,True,exact_bitmap,,False
2026-08-30T19:37:25.782+00:00,calibration,0,34,VECTOR_FIRST_HNSW,category_and_stock,category_05,575,False,0,0.049935,"[0.00,0.05)",38.469791,0.5,False,exact_bitmap,,False
2026-08-30T19:37:25.797+00:00,calibration,0,34,HNSW_HYBRID,category_and_stock,category_05,575,False,0,0.049935,"[0.00,0.05)",12.717958,1.0,False,exact_bitmap,,False
2026-08-30T19:37:25.813+00:00,calibration,0,34,IVFFLAT_HYBRID,category_and_stock,category_05,575,False,0,0.049935,"[0.00,0.05)",14.821167,1.0,False,exact_bitmap,,False
2026-08-30T19:37:25.841+00:00,heldout,0,68,SQL_FIRST,single_category,category_08,938,False,1,0.098665,"[0.05,0.10)",15.805334,1.0,True,exact_bitmap,HNSW_HYBRID,False
2026-08-30T19:37:25.879+00:00,heldout,0,68,VECTOR_FIRST_HNSW,single_category,category_08,938,False,1,0.098665,"[0.05,0.10)",37.273583,0.9,False,exact_bitmap,HNSW_HYBRID,False
2026-08-30T19:37:25.895+00:00,heldout,0,68,HNSW_HYBRID,single_category,category_08,938,False,1,0.098665,"[0.05,0.10)",14.145791,1.0,False,exact_bitmap,HNSW_HYBRID,True
2026-08-30T19:37:25.912+00:00,heldout,0,68,IVFFLAT_HYBRID,single_category,category_08,938,False,1,0.098665,"[0.05,0.10)",15.697709,1.0,False,exact_bitmap,HNSW_HYBRID,False
2026-08-30T19:37:25.928+00:00,heldout,1,68,SQL_FIRST,single_category,category_08,938,False,1,0.098665,"[0.05,0.10)",15.755542,1.0,True,exact_bitmap,HNSW_HYBRID,False
2026-08-30T19:37:25.963+00:00,heldout,1,68,VECTOR_FIRST_HNSW,single_category,category_08,938,False,1,0.098665,"[0.05,0.10)",34.244917,0.9,False,exact_bitmap,HNSW_HYBRID,False
2026-08-30T19:37:25.979+00:00,heldout,1,68,HNSW_HYBRID,single_category,category_08,938,False,1,0.098665,"[0.05,0.10)",15.157167,1.0,False,exact_bitmap,HNSW_HYBRID,True
2026-08-30T19:37:25.996+00:00,heldout,1,68,IVFFLAT_HYBRID,single_category,category_08,938,False,1,0.098665,"[0.05,0.10)",16.33675,1.0,False,exact_bitmap,HNSW_HYBRID,False
2026-08-30T19:37:26.027+00:00,heldout,0,173,SQL_FIRST,category_or_price,category_03,189,False,3,0.268215,"[0.25,0.50)",29.470708,1.0,True,exact_seq,SQL_FIRST,True
2026-08-30T19:37:26.062+00:00,heldout,0,173,VECTOR_FIRST_HNSW,category_or_price,category_03,189,False,3,0.268215,"[0.25,0.50)",34.513083,1.0,False,exact_bitmap,SQL_FIRST,False
2026-08-30T19:37:26.088+00:00,heldout,0,173,HNSW_HYBRID,category_or_price,category_03,189,False,3,0.268215,"[0.25,0.50)",25.209083,1.0,False,exact_seq,SQL_FIRST,False
2026-08-30T19:37:26.113+00:00,heldout,0,173,IVFFLAT_HYBRID,category_or_price,category_03,189,False,3,0.268215,"[0.25,0.50)",23.598792,1.0,False,exact_seq,SQL_FIRST,False
2026-08-30T19:37:26.137+00:00,heldout,1,173,SQL_FIRST,category_or_price,category_03,189,False,3,0.268215,"[0.25,0.50)",23.766583,1.0,True,exact_seq,SQL_FIRST,True
2026-08-30T19:37:26.172+00:00,heldout,1,173,VECTOR_FIRST_HNSW,category_or_price,category_03,189,False,3,0.268215,"[0.25,0.50)",34.165041,1.0,False,exact_bitmap,SQL_FIRST,False
2026-08-30T19:37:26.197+00:00,heldout,1,173,HNSW_HYBRID,category_or_price,category_03,189,False,3,0.268215,"[0.25,0.50)",24.378625,1.0,False,exact_seq,SQL_FIRST,False
2026-08-30T19:37:26.222+00:00,heldout,1,173,IVFFLAT_HYBRID,category_or_price,category_03,189,False,3,0.268215,"[0.25,0.50)",24.671417,1.0,False,exact_seq,SQL_FIRST,False
2026-08-30T19:37:26.227+00:00,heldout,0,19,SQL_FIRST,category_narrow_price,category_01,273,True,0,0.00502,"[0.00,0.05)",3.016542,1.0,True,exact_bitmap,HNSW_HYBRID,False
2026-08-30T19:37:26.260+00:00,heldout,0,19,VECTOR_FIRST_HNSW,category_narrow_price,category_01,273,True,0,0.00502,"[0.00,0.05)",31.279583,0.2,False,exact_bitmap,HNSW_HYBRID,False
2026-08-30T19:37:26.264+00:00,heldout,0,19,HNSW_HYBRID,category_narrow_price,category_01,273,True,0,0.00502,"[0.00,0.05)",2.774916,1.0,False,exact_bitmap,HNSW_HYBRID,True
2026-08-30T19:37:26.268+00:00,heldout,0,19,IVFFLAT_HYBRID,category_narrow_price,category_01,273,True,0,0.00502,"[0.00,0.05)",3.077666,1.0,False,exact_bitmap,HNSW_HYBRID,False
2026-08-30T19:37:26.273+00:00,heldout,1,19,SQL_FIRST,category_narrow_price,category_01,273,True,0,0.00502,"[0.00,0.05)",3.873666,1.0,True,exact_bitmap,HNSW_HYBRID,False
2026-08-30T19:37:26.305+00:00,heldout,1,19,VECTOR_FIRST_HNSW,category_narrow_price,category_01,273,True,0,0.00502,"[0.00,0.05)",31.783709,0.2,False,exact_bitmap,HNSW_HYBRID,False
2026-08-30T19:37:26.309+00:00,heldout,1,19,HNSW_HYBRID,category_narrow_price,category_01,273,True,0,0.00502,"[0.00,0.05)",2.742458,1.0,False,exact_bitmap,HNSW_HYBRID,True
2026-08-30T19:37:26.313+00:00,heldout,1,19,IVFFLAT_HYBRID,category_narrow_price,category_01,273,True,0,0.00502,"[0.00,0.05)",3.637875,1.0,False,exact_bitmap,HNSW_HYBRID,False
2026-08-30T19:37:26.319+00:00,heldout,0,11,SQL_FIRST,category_narrow_price,category_06,145,True,0,0.005145,"[0.00,0.05)",4.015709,1.0,True,exact_bitmap,HNSW_HYBRID,False
2026-08-30T19:37:26.355+00:00,heldout,0,11,VECTOR_FIRST_HNSW,category_narrow_price,category_06,145,True,0,0.005145,"[0.00,0.05)",33.608416,0.1,False,exact_bitmap,HNSW_HYBRID,False
2026-08-30T19:37:26.359+00:00,heldout,0,11,HNSW_HYBRID,category_narrow_price,category_06,145,True,0,0.005145,"[0.00,0.05)",3.268625,1.0,False,exact_bitmap,HNSW_HYBRID,True
2026-08-30T19:37:26.363+00:00,heldout,0,11,IVFFLAT_HYBRID,category_narrow_price,category_06,145,True,0,0.005145,"[0.00,0.05)",2.601833,1.0,False,exact_bitmap,HNSW_HYBRID,False
2026-08-30T19:37:26.366+00:00,heldout,1,11,SQL_FIRST,category_narrow_price,category_06,145,True,0,0.005145,"[0.00,0.05)",3.396667,1.0,True,exact_bitmap,HNSW_HYBRID,False
2026-08-30T19:37:26.400+00:00,heldout,1,11,VECTOR_FIRST_HNSW,category_narrow_price,category_06,145,True,0,0.005145,"[0.00,0.05)",33.481084,0.1,False,exact_bitmap,HNSW_HYBRID,False
2026-08-30T19:37:26.403+00:00,heldout,1,11,HNSW_HYBRID,category_narrow_price,category_06,145,True,0,0.005145,"[0.00,0.05)",2.711292,1.0,False,exact_bitmap,HNSW_HYBRID,True
2026-08-30T19:37:26.408+00:00,heldout,1,11,IVFFLAT_HYBRID,category_narrow_price,category_06,145,True,0,0.005145,"[0.00,0.05)",3.927334,1.0,False,exact_bitmap,HNSW_HYBRID,False
2026-08-30T19:37:26.435+00:00,heldout,0,195,SQL_FIRST,three_categories,category_01,806,True,3,0.272085,"[0.25,0.50)",23.864792,1.0,True,exact_bitmap,SQL_FIRST,True
2026-08-30T19:37:26.469+00:00,heldout,0,195,VECTOR_FIRST_HNSW,three_categories,category_01,806,True,3,0.272085,"[0.25,0.50)",32.155166,1.0,False,exact_bitmap,SQL_FIRST,False
2026-08-30T19:37:26.494+00:00,heldout,0,195,HNSW_HYBRID,three_categories,category_01,806,True,3,0.272085,"[0.25,0.50)",22.808625,1.0,False,exact_bitmap,SQL_FIRST,False
2026-08-30T19:37:26.517+00:00,heldout,0,195,IVFFLAT_HYBRID,three_categories,category_01,806,True,3,0.272085,"[0.25,0.50)",21.283208,1.0,False,exact_bitmap,SQL_FIRST,False
2026-08-30T19:37:26.545+00:00,heldout,1,195,SQL_FIRST,three_categories,category_01,806,True,3,0.272085,"[0.25,0.50)",27.932292,1.0,True,exact_bitmap,SQL_FIRST,True
2026-08-30T19:37:26.581+00:00,heldout,1,195,VECTOR_FIRST_HNSW,three_categories,category_01,806,True,3,0.272085,"[0.25,0.50)",34.88675,1.0,False,exact_bitmap,SQL_FIRST,False
2026-08-30T19:37:26.603+00:00,heldout,1,195,HNSW_HYBRID,three_categories,category_01,806,True,3,0.272085,"[0.25,0.50)",21.605,1.0,False,exact_bitmap,SQL_FIRST,False
2026-08-30T19:37:26.625+00:00,heldout,1,195,IVFFLAT_HYBRID,three_categories,category_01,806,True,3,0.272085,"[0.25,0.50)",22.201166,1.0,False,exact_bitmap,SQL_FIRST,False
2026-08-30T19:37:26.642+00:00,heldout,0,82,SQL_FIRST,single_category,category_01,405,True,1,0.098665,"[0.05,0.10)",14.333083,1.0,True,exact_bitmap,HNSW_HYBRID,False
2026-08-30T19:37:26.679+00:00,heldout,0,82,VECTOR_FIRST_HNSW,single_category,category_01,405,True,1,0.098665,"[0.05,0.10)",34.93525,1.0,False,exact_bitmap,HNSW_HYBRID,False
2026-08-30T19:37:26.694+00:00,heldout,0,82,HNSW_HYBRID,single_category,category_01,405,True,1,0.098665,"[0.05,0.10)",14.201875,1.0,False,exact_bitmap,HNSW_HYBRID,True
2026-08-30T19:37:26.713+00:00,heldout,0,82,IVFFLAT_HYBRID,single_category,category_01,405,True,1,0.098665,"[0.05,0.10)",15.787708,1.0,False,exact_bitmap,HNSW_HYBRID,False
2026-08-30T19:37:26.729+00:00,heldout,1,82,SQL_FIRST,single_category,category_01,405,True,1,0.098665,"[0.05,0.10)",15.862083,1.0,True,exact_bitmap,HNSW_HYBRID,False
2026-08-30T19:37:26.763+00:00,heldout,1,82,VECTOR_FIRST_HNSW,single_category,category_01,405,True,1,0.098665,"[0.05,0.10)",33.613459,1.0,False,exact_bitmap,HNSW_HYBRID,False
2026-08-30T19:37:26.778+00:00,heldout,1,82,HNSW_HYBRID,single_category,category_01,405,True,1,0.098665,"[0.05,0.10)",13.964667,1.0,False,exact_bitmap,HNSW_HYBRID,True
2026-08-30T19:37:26.795+00:00,heldout,1,82,IVFFLAT_HYBRID,single_category,category_01,405,True,1,0.098665,"[0.05,0.10)",16.26825,1.0,False,exact_bitmap,HNSW_HYBRID,False
2026-08-30T19:37:26.827+00:00,heldout,0,135,SQL_FIRST,two_categories,category_09,248,True,2,0.2033,"[0.10,0.25)",28.66175,1.0,True,exact_bitmap,HNSW_HYBRID,False
2026-08-30T19:37:26.862+00:00,heldout,0,135,VECTOR_FIRST_HNSW,two_categories,category_09,248,True,2,0.2033,"[0.10,0.25)",33.547209,1.0,False,exact_bitmap,HNSW_HYBRID,False
2026-08-30T19:37:26.888+00:00,heldout,0,135,HNSW_HYBRID,two_categories,category_09,248,True,2,0.2033,"[0.10,0.25)",24.629,1.0,False,exact_bitmap,HNSW_HYBRID,True
2026-08-30T19:37:26.916+00:00,heldout,0,135,IVFFLAT_HYBRID,two_categories,category_09,248,True,2,0.2033,"[0.10,0.25)",26.585417,1.0,False,exact_bitmap,HNSW_HYBRID,False
2026-08-30T19:37:26.943+00:00,heldout,1,135,SQL_FIRST,two_categories,category_09,248,True,2,0.2033,"[0.10,0.25)",26.861,1.0,True,exact_bitmap,HNSW_HYBRID,False
2026-08-30T19:37:26.978+00:00,heldout,1,135,VECTOR_FIRST_HNSW,two_categories,category_09,248,True,2,0.2033,"[0.10,0.25)",34.444917,1.0,False,exact_bitmap,HNSW_HYBRID,False
2026-08-30T19:37:27.005+00:00,heldout,1,135,HNSW_HYBRID,two_categories,category_09,248,True,2,0.2033,"[0.10,0.25)",25.940875,1.0,False,exact_bitmap,HNSW_HYBRID,True
2026-08-30T19:37:27.032+00:00,heldout,1,135,IVFFLAT_HYBRID,two_categories,category_09,248,True,2,0.2033,"[0.10,0.25)",27.07875,1.0,False,exact_bitmap,HNSW_HYBRID,False
2026-08-30T19:37:27.049+00:00,heldout,0,84,SQL_FIRST,single_category,category_01,331,False,1,0.098665,"[0.05,0.10)",15.698084,1.0,True,exact_bitmap,HNSW_HYBRID,False
2026-08-30T19:37:27.086+00:00,heldout,0,84,VECTOR_FIRST_HNSW,single_category,category_01,331,False,1,0.098665,"[0.05,0.10)",35.517375,0.9,False,exact_bitmap,HNSW_HYBRID,False
2026-08-30T19:37:27.103+00:00,heldout,0,84,HNSW_HYBRID,single_category,category_01,331,False,1,0.098665,"[0.05,0.10)",14.955417,1.0,False,exact_bitmap,HNSW_HYBRID,True
2026-08-30T19:37:27.121+00:00,heldout,0,84,IVFFLAT_HYBRID,single_category,category_01,331,False,1,0.098665,"[0.05,0.10)",16.513042,1.0,False,exact_bitmap,HNSW_HYBRID,False
2026-08-30T19:37:27.137+00:00,heldout,1,84,SQL_FIRST,single_category,category_01,331,False,1,0.098665,"[0.05,0.10)",15.592042,1.0,True,exact_bitmap,HNSW_HYBRID,False
2026-08-30T19:37:27.172+00:00,heldout,1,84,VECTOR_FIRST_HNSW,single_category,category_01,331,False,1,0.098665,"[0.05,0.10)",34.14525,0.9,False,exact_bitmap,HNSW_HYBRID,False
2026-08-30T19:37:27.186+00:00,heldout,1,84,HNSW_HYBRID,single_category,category_01,331,False,1,0.098665,"[0.05,0.10)",14.090208,1.0,False,exact_bitmap,HNSW_HYBRID,True
2026-08-30T19:37:27.202+00:00,heldout,1,84,IVFFLAT_HYBRID,single_category,category_01,331,False,1,0.098665,"[0.05,0.10)",15.928458,1.0,False,exact_bitmap,HNSW_HYBRID,False
2026-08-30T19:37:27.228+00:00,heldout,0,180,SQL_FIRST,three_categories,category_08,740,False,3,0.272595,"[0.25,0.50)",23.550541,1.0,True,exact_bitmap,SQL_FIRST,True
2026-08-30T19:37:27.262+00:00,heldout,0,180,VECTOR_FIRST_HNSW,three_categories,category_08,740,False,3,0.272595,"[0.25,0.50)",31.891083,1.0,False,exact_bitmap,SQL_FIRST,False
2026-08-30T19:37:27.286+00:00,heldout,0,180,HNSW_HYBRID,three_categories,category_08,740,False,3,0.272595,"[0.25,0.50)",22.742834,1.0,False,exact_bitmap,SQL_FIRST,False
2026-08-30T19:37:27.310+00:00,heldout,0,180,IVFFLAT_HYBRID,three_categories,category_08,740,False,3,0.272595,"[0.25,0.50)",20.893875,1.0,False,exact_bitmap,SQL_FIRST,False
2026-08-30T19:37:27.331+00:00,heldout,1,180,SQL_FIRST,three_categories,category_08,740,False,3,0.272595,"[0.25,0.50)",20.961792,1.0,True,exact_bitmap,SQL_FIRST,True
2026-08-30T19:37:27.365+00:00,heldout,1,180,VECTOR_FIRST_HNSW,three_categories,category_08,740,False,3,0.272595,"[0.25,0.50)",33.08775,1.0,False,exact_bitmap,SQL_FIRST,False
2026-08-30T19:37:27.388+00:00,heldout,1,180,HNSW_HYBRID,three_categories,category_08,740,False,3,0.272595,"[0.25,0.50)",22.028125,1.0,False,exact_bitmap,SQL_FIRST,False
2026-08-30T19:37:27.410+00:00,heldout,1,180,IVFFLAT_HYBRID,three_categories,category_08,740,False,3,0.272595,"[0.25,0.50)",21.237458,1.0,False,exact_bitmap,SQL_FIRST,False
2026-08-30T19:37:27.437+00:00,heldout,0,107,SQL_FIRST,two_categories,category_02,13,True,2,0.202665,"[0.10,0.25)",24.742167,1.0,True,exact_bitmap,HNSW_HYBRID,False
2026-08-30T19:37:27.473+00:00,heldout,0,107,VECTOR_FIRST_HNSW,two_categories,category_02,13,True,2,0.202665,"[0.10,0.25)",33.395583,1.0,False,exact_bitmap,HNSW_HYBRID,False
2026-08-30T19:37:27.499+00:00,heldout,0,107,HNSW_HYBRID,two_categories,category_02,13,True,2,0.202665,"[0.10,0.25)",24.857542,1.0,False,exact_bitmap,HNSW_HYBRID,True
2026-08-30T19:37:27.527+00:00,heldout,0,107,IVFFLAT_HYBRID,two_categories,category_02,13,True,2,0.202665,"[0.10,0.25)",26.569041,1.0,False,exact_bitmap,HNSW_HYBRID,False
2026-08-30T19:37:27.554+00:00,heldout,1,107,SQL_FIRST,two_categories,category_02,13,True,2,0.202665,"[0.10,0.25)",26.713833,1.0,True,exact_bitmap,HNSW_HYBRID,False
2026-08-30T19:37:27.590+00:00,heldout,1,107,VECTOR_FIRST_HNSW,two_categories,category_02,13,True,2,0.202665,"[0.10,0.25)",34.691209,1.0,False,exact_bitmap,HNSW_HYBRID,False
2026-08-30T19:37:27.615+00:00,heldout,1,107,HNSW_HYBRID,two_categories,category_02,13,True,2,0.202665,"[0.10,0.25)",25.240041,1.0,False,exact_bitmap,HNSW_HYBRID,True
2026-08-30T19:37:27.644+00:00,heldout,1,107,IVFFLAT_HYBRID,two_categories,category_02,13,True,2,0.202665,"[0.10,0.25)",27.893333,1.0,False,exact_bitmap,HNSW_HYBRID,False
2026-08-30T19:37:27.677+00:00,heldout,0,217,SQL_FIRST,wide_or,category_00,324,True,4,0.695705,"[0.50,1.00)",31.031416,1.0,True,exact_seq,SQL_FIRST,True
2026-08-30T19:37:27.709+00:00,heldout,0,217,VECTOR_FIRST_HNSW,wide_or,category_00,324,True,4,0.695705,"[0.50,1.00)",29.360292,1.0,False,exact_bitmap,SQL_FIRST,False
2026-08-30T19:37:27.744+00:00,heldout,0,217,HNSW_HYBRID,wide_or,category_00,324,True,4,0.695705,"[0.50,1.00)",33.328625,1.0,False,exact_seq,SQL_FIRST,False
2026-08-30T19:37:27.777+00:00,heldout,0,217,IVFFLAT_HYBRID,wide_or,category_00,324,True,4,0.695705,"[0.50,1.00)",31.643292,1.0,False,exact_seq,SQL_FIRST,False
2026-08-30T19:37:27.810+00:00,heldout,1,217,SQL_FIRST,wide_or,category_00,324,True,4,0.695705,"[0.50,1.00)",32.069958,1.0,True,exact_seq,SQL_FIRST,True
2026-08-30T19:37:27.842+00:00,heldout,1,217,VECTOR_FIRST_HNSW,wide_or,category_00,324,True,4,0.695705,"[0.50,1.00)",31.685958,1.0,False,exact_bitmap,SQL_FIRST,False
2026-08-30T19:37:27.874+00:00,heldout,1,217,HNSW_HYBRID,wide_or,category_00,324,True,4,0.695705,"[0.50,1.00)",31.309792,1.0,False,exact_seq,SQL_FIRST,False
2026-08-30T19:37:27.906+00:00,heldout,1,217,IVFFLAT_HYBRID,wide_or,category_00,324,True,4,0.695705,"[0.50,1.00)",31.26275,1.0,False,exact_seq,SQL_FIRST,False
2026-08-30T19:37:27.935+00:00,heldout,0,205,SQL_FIRST,stock_alone,category_00,752,True,4,0.500835,"[0.50,1.00)",25.648083,1.0,True,exact_seq,SQL_FIRST,True
2026-08-30T19:37:27.969+00:00,heldout,0,205,VECTOR_FIRST_HNSW,stock_alone,category_00,752,True,4,0.500835,"[0.50,1.00)",32.413125,1.0,False,exact_bitmap,SQL_FIRST,False
2026-08-30T19:37:27.995+00:00,heldout,0,205,HNSW_HYBRID,stock_alone,category_00,752,True,4,0.500835,"[0.50,1.00)",25.580417,1.0,False,exact_seq,SQL_FIRST,False
2026-08-30T19:37:28.024+00:00,heldout,0,205,IVFFLAT_HYBRID,stock_alone,category_00,752,True,4,0.500835,"[0.50,1.00)",27.880875,1.0,False,exact_seq,SQL_FIRST,False
2026-08-30T19:37:28.049+00:00,heldout,1,205,SQL_FIRST,stock_alone,category_00,752,True,4,0.500835,"[0.50,1.00)",24.5455,1.0,True,exact_seq,SQL_FIRST,True
2026-08-30T19:37:28.081+00:00,heldout,1,205,VECTOR_FIRST_HNSW,stock_alone,category_00,752,True,4,0.500835,"[0.50,1.00)",31.728666,1.0,False,exact_bitmap,SQL_FIRST,False
2026-08-30T19:37:28.108+00:00,heldout,1,205,HNSW_HYBRID,stock_alone,category_00,752,True,4,0.500835,"[0.50,1.00)",26.688,1.0,False,exact_seq,SQL_FIRST,False
2026-08-30T19:37:28.135+00:00,heldout,1,205,IVFFLAT_HYBRID,stock_alone,category_00,752,True,4,0.500835,"[0.50,1.00)",25.723167,1.0,False,exact_seq,SQL_FIRST,False
2026-08-30T19:37:28.154+00:00,heldout,0,150,SQL_FIRST,price_range_mid,category_07,210,False,2,0.10253,"[0.10,0.25)",17.297541,1.0,True,exact_bitmap,HNSW_HYBRID,False
2026-08-30T19:37:28.193+00:00,heldout,0,150,VECTOR_FIRST_HNSW,price_range_mid,category_07,210,False,2,0.10253,"[0.10,0.25)",37.849792,1.0,False,exact_bitmap,HNSW_HYBRID,False
2026-08-30T19:37:28.210+00:00,heldout,0,150,HNSW_HYBRID,price_range_mid,category_07,210,False,2,0.10253,"[0.10,0.25)",14.3905,1.0,False,exact_bitmap,HNSW_HYBRID,True
2026-08-30T19:37:28.228+00:00,heldout,0,150,IVFFLAT_HYBRID,price_range_mid,category_07,210,False,2,0.10253,"[0.10,0.25)",16.352834,1.0,False,exact_bitmap,HNSW_HYBRID,False
2026-08-30T19:37:28.244+00:00,heldout,1,150,SQL_FIRST,price_range_mid,category_07,210,False,2,0.10253,"[0.10,0.25)",16.184708,1.0,True,exact_bitmap,HNSW_HYBRID,False
2026-08-30T19:37:28.281+00:00,heldout,1,150,VECTOR_FIRST_HNSW,price_range_mid,category_07,210,False,2,0.10253,"[0.10,0.25)",35.762166,1.0,False,exact_bitmap,HNSW_HYBRID,False
2026-08-30T19:37:28.296+00:00,heldout,1,150,HNSW_HYBRID,price_range_mid,category_07,210,False,2,0.10253,"[0.10,0.25)",14.360458,1.0,False,exact_bitmap,HNSW_HYBRID,True
2026-08-30T19:37:28.312+00:00,heldout,1,150,IVFFLAT_HYBRID,price_range_mid,category_07,210,False,2,0.10253,"[0.10,0.25)",16.384459,1.0,False,exact_bitmap,HNSW_HYBRID,False
2026-08-30T19:37:28.343+00:00,heldout,0,183,SQL_FIRST,category_or_price,category_00,274,True,3,0.344765,"[0.25,0.50)",27.710083,1.0,True,exact_seq,SQL_FIRST,True
2026-08-30T19:37:28.377+00:00,heldout,0,183,VECTOR_FIRST_HNSW,category_or_price,category_00,274,True,3,0.344765,"[0.25,0.50)",32.924875,1.0,False,exact_bitmap,SQL_FIRST,False
2026-08-30T19:37:28.404+00:00,heldout,0,183,HNSW_HYBRID,category_or_price,category_00,274,True,3,0.344765,"[0.25,0.50)",25.045208,1.0,False,exact_seq,SQL_FIRST,False
2026-08-30T19:37:28.430+00:00,heldout,0,183,IVFFLAT_HYBRID,category_or_price,category_00,274,True,3,0.344765,"[0.25,0.50)",24.685083,1.0,False,exact_seq,SQL_FIRST,False
2026-08-30T19:37:28.455+00:00,heldout,1,183,SQL_FIRST,category_or_price,category_00,274,True,3,0.344765,"[0.25,0.50)",24.590917,1.0,True,exact_seq,SQL_FIRST,True
2026-08-30T19:37:28.488+00:00,heldout,1,183,VECTOR_FIRST_HNSW,category_or_price,category_00,274,True,3,0.344765,"[0.25,0.50)",31.51375,1.0,False,exact_bitmap,SQL_FIRST,False
2026-08-30T19:37:28.513+00:00,heldout,1,183,HNSW_HYBRID,category_or_price,category_00,274,True,3,0.344765,"[0.25,0.50)",24.279291,1.0,False,exact_seq,SQL_FIRST,False
2026-08-30T19:37:28.538+00:00,heldout,1,183,IVFFLAT_HYBRID,category_or_price,category_00,274,True,3,0.344765,"[0.25,0.50)",24.5025,1.0,False,exact_seq,SQL_FIRST,False
2026-08-30T19:37:28.565+00:00,heldout,0,187,SQL_FIRST,category_or_price,category_02,238,True,3,0.308735,"[0.25,0.50)",24.677209,1.0,True,exact_seq,SQL_FIRST,True
2026-08-30T19:37:28.597+00:00,heldout,0,187,VECTOR_FIRST_HNSW,category_or_price,category_02,238,True,3,0.308735,"[0.25,0.50)",31.4165,1.0,False,exact_bitmap,SQL_FIRST,False
2026-08-30T19:37:28.628+00:00,heldout,0,187,HNSW_HYBRID,category_or_price,category_02,238,True,3,0.308735,"[0.25,0.50)",28.998042,1.0,False,exact_seq,SQL_FIRST,False
2026-08-30T19:37:28.722+00:00,heldout,0,187,IVFFLAT_HYBRID,category_or_price,category_02,238,True,3,0.308735,"[0.25,0.50)",89.500292,1.0,False,exact_seq,SQL_FIRST,False
2026-08-30T19:37:28.804+00:00,heldout,1,187,SQL_FIRST,category_or_price,category_02,238,True,3,0.308735,"[0.25,0.50)",80.568125,1.0,True,exact_seq,SQL_FIRST,True
2026-08-30T19:37:28.943+00:00,heldout,1,187,VECTOR_FIRST_HNSW,category_or_price,category_02,238,True,3,0.308735,"[0.25,0.50)",127.476375,1.0,False,exact_bitmap,SQL_FIRST,False
2026-08-30T19:37:28.980+00:00,heldout,1,187,HNSW_HYBRID,category_or_price,category_02,238,True,3,0.308735,"[0.25,0.50)",36.134291,1.0,False,exact_seq,SQL_FIRST,False
2026-08-30T19:37:29.014+00:00,heldout,1,187,IVFFLAT_HYBRID,category_or_price,category_02,238,True,3,0.308735,"[0.25,0.50)",34.192709,1.0,False,exact_seq,SQL_FIRST,False
2026-08-30T19:37:29.030+00:00,heldout,0,61,SQL_FIRST,single_category,category_08,698,True,1,0.098665,"[0.05,0.10)",14.774833,1.0,True,exact_bitmap,HNSW_HYBRID,False
2026-08-30T19:37:29.059+00:00,heldout,0,61,VECTOR_FIRST_HNSW,single_category,category_08,698,True,1,0.098665,"[0.05,0.10)",27.615583,0.8,False,exact_bitmap,HNSW_HYBRID,False
2026-08-30T19:37:29.072+00:00,heldout,0,61,HNSW_HYBRID,single_category,category_08,698,True,1,0.098665,"[0.05,0.10)",12.684917,1.0,False,exact_bitmap,HNSW_HYBRID,True
2026-08-30T19:37:29.089+00:00,heldout,0,61,IVFFLAT_HYBRID,single_category,category_08,698,True,1,0.098665,"[0.05,0.10)",15.792584,1.0,False,exact_bitmap,HNSW_HYBRID,False
2026-08-30T19:37:29.107+00:00,heldout,1,61,SQL_FIRST,single_category,category_08,698,True,1,0.098665,"[0.05,0.10)",17.434875,1.0,True,exact_bitmap,HNSW_HYBRID,False
2026-08-30T19:37:29.146+00:00,heldout,1,61,VECTOR_FIRST_HNSW,single_category,category_08,698,True,1,0.098665,"[0.05,0.10)",39.432916,0.8,False,exact_bitmap,HNSW_HYBRID,False
2026-08-30T19:37:29.162+00:00,heldout,1,61,HNSW_HYBRID,single_category,category_08,698,True,1,0.098665,"[0.05,0.10)",14.869666,1.0,False,exact_bitmap,HNSW_HYBRID,True
2026-08-30T19:37:29.180+00:00,heldout,1,61,IVFFLAT_HYBRID,single_category,category_08,698,True,1,0.098665,"[0.05,0.10)",17.45925,1.0,False,exact_bitmap,HNSW_HYBRID,False
2026-08-30T19:37:29.184+00:00,heldout,0,4,SQL_FIRST,category_narrow_price,category_01,435,True,0,0.00487,"[0.00,0.05)",3.284041,1.0,True,exact_bitmap,HNSW_HYBRID,False
2026-08-30T19:37:29.224+00:00,heldout,0,4,VECTOR_FIRST_HNSW,category_narrow_price,category_01,435,True,0,0.00487,"[0.00,0.05)",39.020333,0.0,False,exact_bitmap,HNSW_HYBRID,False
2026-08-30T19:37:29.231+00:00,heldout,0,4,HNSW_HYBRID,category_narrow_price,category_01,435,True,0,0.00487,"[0.00,0.05)",4.751625,1.0,False,exact_bitmap,HNSW_HYBRID,True
2026-08-30T19:37:29.238+00:00,heldout,0,4,IVFFLAT_HYBRID,category_narrow_price,category_01,435,True,0,0.00487,"[0.00,0.05)",6.309208,1.0,False,exact_bitmap,HNSW_HYBRID,False
2026-08-30T19:37:29.243+00:00,heldout,1,4,SQL_FIRST,category_narrow_price,category_01,435,True,0,0.00487,"[0.00,0.05)",4.844833,1.0,True,exact_bitmap,HNSW_HYBRID,False
2026-08-30T19:37:29.281+00:00,heldout,1,4,VECTOR_FIRST_HNSW,category_narrow_price,category_01,435,True,0,0.00487,"[0.00,0.05)",36.991666,0.0,False,exact_bitmap,HNSW_HYBRID,False
2026-08-30T19:37:29.284+00:00,heldout,1,4,HNSW_HYBRID,category_narrow_price,category_01,435,True,0,0.00487,"[0.00,0.05)",3.12525,1.0,False,exact_bitmap,HNSW_HYBRID,True
2026-08-30T19:37:29.287+00:00,heldout,1,4,IVFFLAT_HYBRID,category_narrow_price,category_01,435,True,0,0.00487,"[0.00,0.05)",2.710541,1.0,False,exact_bitmap,HNSW_HYBRID,False
2026-08-30T19:37:29.319+00:00,heldout,0,225,SQL_FIRST,wide_or,category_07,520,True,4,0.7826,"[0.50,1.00)",30.264625,1.0,True,exact_seq,SQL_FIRST,True
2026-08-30T19:37:29.351+00:00,heldout,0,225,VECTOR_FIRST_HNSW,wide_or,category_07,520,True,4,0.7826,"[0.50,1.00)",30.962833,1.0,False,exact_bitmap,SQL_FIRST,False
2026-08-30T19:37:29.390+00:00,heldout,0,225,HNSW_HYBRID,wide_or,category_07,520,True,4,0.7826,"[0.50,1.00)",38.045584,1.0,False,exact_seq,SQL_FIRST,False
2026-08-30T19:37:29.428+00:00,heldout,0,225,IVFFLAT_HYBRID,wide_or,category_07,520,True,4,0.7826,"[0.50,1.00)",37.0845,1.0,False,exact_seq,SQL_FIRST,False
2026-08-30T19:37:29.465+00:00,heldout,1,225,SQL_FIRST,wide_or,category_07,520,True,4,0.7826,"[0.50,1.00)",36.335583,1.0,True,exact_seq,SQL_FIRST,True
2026-08-30T19:37:29.499+00:00,heldout,1,225,VECTOR_FIRST_HNSW,wide_or,category_07,520,True,4,0.7826,"[0.50,1.00)",34.316375,1.0,False,exact_bitmap,SQL_FIRST,False
2026-08-30T19:37:29.537+00:00,heldout,1,225,HNSW_HYBRID,wide_or,category_07,520,True,4,0.7826,"[0.50,1.00)",37.412209,1.0,False,exact_seq,SQL_FIRST,False
2026-08-30T19:37:29.573+00:00,heldout,1,225,IVFFLAT_HYBRID,wide_or,category_07,520,True,4,0.7826,"[0.50,1.00)",35.399542,1.0,False,exact_seq,SQL_FIRST,False
2026-08-30T19:37:29.604+00:00,heldout,0,241,SQL_FIRST,stock_alone,category_02,912,True,4,0.500835,"[0.50,1.00)",27.635917,1.0,True,exact_seq,SQL_FIRST,True
2026-08-30T19:37:29.638+00:00,heldout,0,241,VECTOR_FIRST_HNSW,stock_alone,category_02,912,True,4,0.500835,"[0.50,1.00)",33.117542,1.0,False,exact_bitmap,SQL_FIRST,False
2026-08-30T19:37:29.669+00:00,heldout,0,241,HNSW_HYBRID,stock_alone,category_02,912,True,4,0.500835,"[0.50,1.00)",29.685708,1.0,False,exact_seq,SQL_FIRST,False
2026-08-30T19:37:29.699+00:00,heldout,0,241,IVFFLAT_HYBRID,stock_alone,category_02,912,True,4,0.500835,"[0.50,1.00)",29.981167,1.0,False,exact_seq,SQL_FIRST,False
2026-08-30T19:37:29.726+00:00,heldout,1,241,SQL_FIRST,stock_alone,category_02,912,True,4,0.500835,"[0.50,1.00)",26.581125,1.0,True,exact_seq,SQL_FIRST,True
2026-08-30T19:37:29.760+00:00,heldout,1,241,VECTOR_FIRST_HNSW,stock_alone,category_02,912,True,4,0.500835,"[0.50,1.00)",33.1205,1.0,False,exact_bitmap,SQL_FIRST,False
2026-08-30T19:37:29.786+00:00,heldout,1,241,HNSW_HYBRID,stock_alone,category_02,912,True,4,0.500835,"[0.50,1.00)",25.663834,1.0,False,exact_seq,SQL_FIRST,False
2026-08-30T19:37:29.813+00:00,heldout,1,241,IVFFLAT_HYBRID,stock_alone,category_02,912,True,4,0.500835,"[0.50,1.00)",26.304333,1.0,False,exact_seq,SQL_FIRST,False
2026-08-30T19:37:29.829+00:00,heldout,0,130,SQL_FIRST,price_range_mid,category_02,140,False,2,0.104585,"[0.10,0.25)",15.234166,1.0,True,exact_bitmap,HNSW_HYBRID,False
2026-08-30T19:37:29.864+00:00,heldout,0,130,VECTOR_FIRST_HNSW,price_range_mid,category_02,140,False,2,0.104585,"[0.10,0.25)",34.129291,1.0,False,exact_bitmap,HNSW_HYBRID,False
2026-08-30T19:37:29.880+00:00,heldout,0,130,HNSW_HYBRID,price_range_mid,category_02,140,False,2,0.104585,"[0.10,0.25)",14.743958,1.0,False,exact_bitmap,HNSW_HYBRID,True
2026-08-30T19:37:29.898+00:00,heldout,0,130,IVFFLAT_HYBRID,price_range_mid,category_02,140,False,2,0.104585,"[0.10,0.25)",17.008334,1.0,False,exact_bitmap,HNSW_HYBRID,False
2026-08-30T19:37:29.915+00:00,heldout,1,130,SQL_FIRST,price_range_mid,category_02,140,False,2,0.104585,"[0.10,0.25)",17.275166,1.0,True,exact_bitmap,HNSW_HYBRID,False
2026-08-30T19:37:29.952+00:00,heldout,1,130,VECTOR_FIRST_HNSW,price_range_mid,category_02,140,False,2,0.104585,"[0.10,0.25)",36.38525,1.0,False,exact_bitmap,HNSW_HYBRID,False
2026-08-30T19:37:29.968+00:00,heldout,1,130,HNSW_HYBRID,price_range_mid,category_02,140,False,2,0.104585,"[0.10,0.25)",15.169208,1.0,False,exact_bitmap,HNSW_HYBRID,True
2026-08-30T19:37:29.985+00:00,heldout,1,130,IVFFLAT_HYBRID,price_range_mid,category_02,140,False,2,0.104585,"[0.10,0.25)",17.270958,1.0,False,exact_bitmap,HNSW_HYBRID,False
2026-08-30T19:37:30.024+00:00,heldout,0,212,SQL_FIRST,wide_or,category_00,550,False,4,0.79608,"[0.50,1.00)",37.507625,1.0,True,exact_seq,SQL_FIRST,True
2026-08-30T19:37:30.057+00:00,heldout,0,212,VECTOR_FIRST_HNSW,wide_or,category_00,550,False,4,0.79608,"[0.50,1.00)",31.948834,1.0,False,exact_bitmap,SQL_FIRST,False
2026-08-30T19:37:30.093+00:00,heldout,0,212,HNSW_HYBRID,wide_or,category_00,550,False,4,0.79608,"[0.50,1.00)",34.005958,1.0,False,exact_seq,SQL_FIRST,False
2026-08-30T19:37:30.127+00:00,heldout,0,212,IVFFLAT_HYBRID,wide_or,category_00,550,False,4,0.79608,"[0.50,1.00)",33.315375,1.0,False,exact_seq,SQL_FIRST,False
2026-08-30T19:37:30.162+00:00,heldout,1,212,SQL_FIRST,wide_or,category_00,550,False,4,0.79608,"[0.50,1.00)",34.513916,1.0,True,exact_seq,SQL_FIRST,True
2026-08-30T19:37:30.194+00:00,heldout,1,212,VECTOR_FIRST_HNSW,wide_or,category_00,550,False,4,0.79608,"[0.50,1.00)",32.069417,1.0,False,exact_bitmap,SQL_FIRST,False
2026-08-30T19:37:30.230+00:00,heldout,1,212,HNSW_HYBRID,wide_or,category_00,550,False,4,0.79608,"[0.50,1.00)",35.506083,1.0,False,exact_seq,SQL_FIRST,False
2026-08-30T19:37:30.266+00:00,heldout,1,212,IVFFLAT_HYBRID,wide_or,category_00,550,False,4,0.79608,"[0.50,1.00)",35.680875,1.0,False,exact_seq,SQL_FIRST,False
2026-08-30T19:37:30.284+00:00,heldout,0,100,SQL_FIRST,single_category,category_06,339,True,1,0.099535,"[0.05,0.10)",15.172333,1.0,True,exact_bitmap,HNSW_HYBRID,False
2026-08-30T19:37:30.321+00:00,heldout,0,100,VECTOR_FIRST_HNSW,single_category,category_06,339,True,1,0.099535,"[0.05,0.10)",36.544541,1.0,False,exact_bitmap,HNSW_HYBRID,False
2026-08-30T19:37:30.337+00:00,heldout,0,100,HNSW_HYBRID,single_category,category_06,339,True,1,0.099535,"[0.05,0.10)",14.363,1.0,False,exact_bitmap,HNSW_HYBRID,True
2026-08-30T19:37:30.355+00:00,heldout,0,100,IVFFLAT_HYBRID,single_category,category_06,339,True,1,0.099535,"[0.05,0.10)",15.929625,1.0,False,exact_bitmap,HNSW_HYBRID,False
2026-08-30T19:37:30.370+00:00,heldout,1,100,SQL_FIRST,single_category,category_06,339,True,1,0.099535,"[0.05,0.10)",15.540542,1.0,True,exact_bitmap,HNSW_HYBRID,False
2026-08-30T19:37:30.405+00:00,heldout,1,100,VECTOR_FIRST_HNSW,single_category,category_06,339,True,1,0.099535,"[0.05,0.10)",33.650541,1.0,False,exact_bitmap,HNSW_HYBRID,False
2026-08-30T19:37:30.419+00:00,heldout,1,100,HNSW_HYBRID,single_category,category_06,339,True,1,0.099535,"[0.05,0.10)",14.168625,1.0,False,exact_bitmap,HNSW_HYBRID,True
2026-08-30T19:37:30.436+00:00,heldout,1,100,IVFFLAT_HYBRID,single_category,category_06,339,True,1,0.099535,"[0.05,0.10)",15.648541,1.0,False,exact_bitmap,HNSW_HYBRID,False
2026-08-30T19:37:30.466+00:00,heldout,0,154,SQL_FIRST,three_categories,category_03,805,True,3,0.27136,"[0.25,0.50)",28.552541,1.0,True,exact_bitmap,SQL_FIRST,True
2026-08-30T19:37:30.501+00:00,heldout,0,154,VECTOR_FIRST_HNSW,three_categories,category_03,805,True,3,0.27136,"[0.25,0.50)",33.298041,1.0,False,exact_bitmap,SQL_FIRST,False
2026-08-30T19:37:30.525+00:00,heldout,0,154,HNSW_HYBRID,three_categories,category_03,805,True,3,0.27136,"[0.25,0.50)",22.748625,1.0,False,exact_bitmap,SQL_FIRST,False
2026-08-30T19:37:30.548+00:00,heldout,0,154,IVFFLAT_HYBRID,three_categories,category_03,805,True,3,0.27136,"[0.25,0.50)",20.706375,1.0,False,exact_bitmap,SQL_FIRST,False
2026-08-30T19:37:30.569+00:00,heldout,1,154,SQL_FIRST,three_categories,category_03,805,True,3,0.27136,"[0.25,0.50)",21.38275,1.0,True,exact_bitmap,SQL_FIRST,True
2026-08-30T19:37:30.602+00:00,heldout,1,154,VECTOR_FIRST_HNSW,three_categories,category_03,805,True,3,0.27136,"[0.25,0.50)",31.623291,1.0,False,exact_bitmap,SQL_FIRST,False
2026-08-30T19:37:30.623+00:00,heldout,1,154,HNSW_HYBRID,three_categories,category_03,805,True,3,0.27136,"[0.25,0.50)",20.900125,1.0,False,exact_bitmap,SQL_FIRST,False
2026-08-30T19:37:30.645+00:00,heldout,1,154,IVFFLAT_HYBRID,three_categories,category_03,805,True,3,0.27136,"[0.25,0.50)",21.076583,1.0,False,exact_bitmap,SQL_FIRST,False
2026-08-30T19:37:30.661+00:00,heldout,0,91,SQL_FIRST,single_category,category_06,545,False,1,0.099535,"[0.05,0.10)",14.084,1.0,True,exact_bitmap,HNSW_HYBRID,False
2026-08-30T19:37:30.696+00:00,heldout,0,91,VECTOR_FIRST_HNSW,single_category,category_06,545,False,1,0.099535,"[0.05,0.10)",33.51325,0.9,False,exact_bitmap,HNSW_HYBRID,False
2026-08-30T19:37:30.711+00:00,heldout,0,91,HNSW_HYBRID,single_category,category_06,545,False,1,0.099535,"[0.05,0.10)",13.870708,1.0,False,exact_bitmap,HNSW_HYBRID,True
2026-08-30T19:37:30.728+00:00,heldout,0,91,IVFFLAT_HYBRID,single_category,category_06,545,False,1,0.099535,"[0.05,0.10)",15.770583,1.0,False,exact_bitmap,HNSW_HYBRID,False
2026-08-30T19:37:30.744+00:00,heldout,1,91,SQL_FIRST,single_category,category_06,545,False,1,0.099535,"[0.05,0.10)",15.790584,1.0,True,exact_bitmap,HNSW_HYBRID,False
2026-08-30T19:37:30.780+00:00,heldout,1,91,VECTOR_FIRST_HNSW,single_category,category_06,545,False,1,0.099535,"[0.05,0.10)",35.035708,0.9,False,exact_bitmap,HNSW_HYBRID,False
2026-08-30T19:37:30.797+00:00,heldout,1,91,HNSW_HYBRID,single_category,category_06,545,False,1,0.099535,"[0.05,0.10)",16.026167,1.0,False,exact_bitmap,HNSW_HYBRID,True
2026-08-30T19:37:30.814+00:00,heldout,1,91,IVFFLAT_HYBRID,single_category,category_06,545,False,1,0.099535,"[0.05,0.10)",16.4535,1.0,False,exact_bitmap,HNSW_HYBRID,False
2026-08-30T19:37:30.831+00:00,heldout,0,109,SQL_FIRST,single_category_alone,category_03,64,False,2,0.1037,"[0.10,0.25)",15.94825,1.0,True,exact_bitmap,HNSW_HYBRID,False
2026-08-30T19:37:30.866+00:00,heldout,0,109,VECTOR_FIRST_HNSW,single_category_alone,category_03,64,False,2,0.1037,"[0.10,0.25)",33.498583,1.0,False,exact_bitmap,HNSW_HYBRID,False
2026-08-30T19:37:30.882+00:00,heldout,0,109,HNSW_HYBRID,single_category_alone,category_03,64,False,2,0.1037,"[0.10,0.25)",14.063125,1.0,False,exact_bitmap,HNSW_HYBRID,True
2026-08-30T19:37:30.899+00:00,heldout,0,109,IVFFLAT_HYBRID,single_category_alone,category_03,64,False,2,0.1037,"[0.10,0.25)",15.794458,1.0,False,exact_bitmap,HNSW_HYBRID,False
2026-08-30T19:37:30.915+00:00,heldout,1,109,SQL_FIRST,single_category_alone,category_03,64,False,2,0.1037,"[0.10,0.25)",15.783583,1.0,True,exact_bitmap,HNSW_HYBRID,False
2026-08-30T19:37:30.950+00:00,heldout,1,109,VECTOR_FIRST_HNSW,single_category_alone,category_03,64,False,2,0.1037,"[0.10,0.25)",34.655,1.0,False,exact_bitmap,HNSW_HYBRID,False
2026-08-30T19:37:30.964+00:00,heldout,1,109,HNSW_HYBRID,single_category_alone,category_03,64,False,2,0.1037,"[0.10,0.25)",13.563625,1.0,False,exact_bitmap,HNSW_HYBRID,True
2026-08-30T19:37:30.981+00:00,heldout,1,109,IVFFLAT_HYBRID,single_category_alone,category_03,64,False,2,0.1037,"[0.10,0.25)",16.623833,1.0,False,exact_bitmap,HNSW_HYBRID,False
2026-08-30T19:37:31.020+00:00,heldout,0,237,SQL_FIRST,wide_or,category_06,723,True,4,0.87333,"[0.50,1.00)",38.172,1.0,True,exact_seq,SQL_FIRST,True
2026-08-30T19:37:31.054+00:00,heldout,0,237,VECTOR_FIRST_HNSW,wide_or,category_06,723,True,4,0.87333,"[0.50,1.00)",32.154875,1.0,False,exact_bitmap,SQL_FIRST,False
2026-08-30T19:37:31.091+00:00,heldout,0,237,HNSW_HYBRID,wide_or,category_06,723,True,4,0.87333,"[0.50,1.00)",35.614834,1.0,False,exact_seq,SQL_FIRST,False
2026-08-30T19:37:31.127+00:00,heldout,0,237,IVFFLAT_HYBRID,wide_or,category_06,723,True,4,0.87333,"[0.50,1.00)",34.731,1.0,False,exact_seq,SQL_FIRST,False
2026-08-30T19:37:31.163+00:00,heldout,1,237,SQL_FIRST,wide_or,category_06,723,True,4,0.87333,"[0.50,1.00)",35.648958,1.0,True,exact_seq,SQL_FIRST,True
2026-08-30T19:37:31.195+00:00,heldout,1,237,VECTOR_FIRST_HNSW,wide_or,category_06,723,True,4,0.87333,"[0.50,1.00)",31.632666,1.0,False,exact_bitmap,SQL_FIRST,False
2026-08-30T19:37:31.230+00:00,heldout,1,237,HNSW_HYBRID,wide_or,category_06,723,True,4,0.87333,"[0.50,1.00)",34.450917,1.0,False,exact_seq,SQL_FIRST,False
2026-08-30T19:37:31.265+00:00,heldout,1,237,IVFFLAT_HYBRID,wide_or,category_06,723,True,4,0.87333,"[0.50,1.00)",35.0075,1.0,False,exact_seq,SQL_FIRST,False
2026-08-30T19:37:31.302+00:00,heldout,0,224,SQL_FIRST,wide_or,category_01,591,False,4,0.81378,"[0.50,1.00)",34.610583,1.0,True,exact_seq,SQL_FIRST,True
2026-08-30T19:37:31.335+00:00,heldout,0,224,VECTOR_FIRST_HNSW,wide_or,category_01,591,False,4,0.81378,"[0.50,1.00)",31.817125,1.0,False,exact_bitmap,SQL_FIRST,False
2026-08-30T19:37:31.370+00:00,heldout,0,224,HNSW_HYBRID,wide_or,category_01,591,False,4,0.81378,"[0.50,1.00)",33.847541,1.0,False,exact_seq,SQL_FIRST,False
2026-08-30T19:37:31.405+00:00,heldout,0,224,IVFFLAT_HYBRID,wide_or,category_01,591,False,4,0.81378,"[0.50,1.00)",33.82025,1.0,False,exact_seq,SQL_FIRST,False
2026-08-30T19:37:31.441+00:00,heldout,1,224,SQL_FIRST,wide_or,category_01,591,False,4,0.81378,"[0.50,1.00)",35.055708,1.0,True,exact_seq,SQL_FIRST,True
2026-08-30T19:37:31.473+00:00,heldout,1,224,VECTOR_FIRST_HNSW,wide_or,category_01,591,False,4,0.81378,"[0.50,1.00)",31.622625,1.0,False,exact_bitmap,SQL_FIRST,False
2026-08-30T19:37:31.509+00:00,heldout,1,224,HNSW_HYBRID,wide_or,category_01,591,False,4,0.81378,"[0.50,1.00)",34.946875,1.0,False,exact_seq,SQL_FIRST,False
2026-08-30T19:37:31.543+00:00,heldout,1,224,IVFFLAT_HYBRID,wide_or,category_01,591,False,4,0.81378,"[0.50,1.00)",33.719166,1.0,False,exact_seq,SQL_FIRST,False
2026-08-30T19:37:31.570+00:00,heldout,0,232,SQL_FIRST,stock_alone,category_00,876,True,4,0.500835,"[0.50,1.00)",24.695333,1.0,True,exact_seq,SQL_FIRST,True
2026-08-30T19:37:31.603+00:00,heldout,0,232,VECTOR_FIRST_HNSW,stock_alone,category_00,876,True,4,0.500835,"[0.50,1.00)",31.412333,1.0,False,exact_bitmap,SQL_FIRST,False
2026-08-30T19:37:31.631+00:00,heldout,0,232,HNSW_HYBRID,stock_alone,category_00,876,True,4,0.500835,"[0.50,1.00)",25.973292,1.0,False,exact_seq,SQL_FIRST,False
2026-08-30T19:37:31.656+00:00,heldout,0,232,IVFFLAT_HYBRID,stock_alone,category_00,876,True,4,0.500835,"[0.50,1.00)",24.567709,1.0,False,exact_seq,SQL_FIRST,False
2026-08-30T19:37:31.681+00:00,heldout,1,232,SQL_FIRST,stock_alone,category_00,876,True,4,0.500835,"[0.50,1.00)",24.695708,1.0,True,exact_seq,SQL_FIRST,True
2026-08-30T19:37:31.714+00:00,heldout,1,232,VECTOR_FIRST_HNSW,stock_alone,category_00,876,True,4,0.500835,"[0.50,1.00)",31.956417,1.0,False,exact_bitmap,SQL_FIRST,False
2026-08-30T19:37:31.739+00:00,heldout,1,232,HNSW_HYBRID,stock_alone,category_00,876,True,4,0.500835,"[0.50,1.00)",24.820917,1.0,False,exact_seq,SQL_FIRST,False
2026-08-30T19:37:31.765+00:00,heldout,1,232,IVFFLAT_HYBRID,stock_alone,category_00,876,True,4,0.500835,"[0.50,1.00)",24.657667,1.0,False,exact_seq,SQL_FIRST,False
2026-08-30T19:37:31.788+00:00,heldout,0,159,SQL_FIRST,three_categories,category_03,782,True,3,0.27136,"[0.25,0.50)",21.431917,1.0,True,exact_bitmap,SQL_FIRST,True
2026-08-30T19:37:31.824+00:00,heldout,0,159,VECTOR_FIRST_HNSW,three_categories,category_03,782,True,3,0.27136,"[0.25,0.50)",34.778791,1.0,False,exact_bitmap,SQL_FIRST,False
2026-08-30T19:37:31.851+00:00,heldout,0,159,HNSW_HYBRID,three_categories,category_03,782,True,3,0.27136,"[0.25,0.50)",25.735708,1.0,False,exact_bitmap,SQL_FIRST,False
2026-08-30T19:37:31.874+00:00,heldout,0,159,IVFFLAT_HYBRID,three_categories,category_03,782,True,3,0.27136,"[0.25,0.50)",21.545208,1.0,False,exact_bitmap,SQL_FIRST,False
2026-08-30T19:37:31.896+00:00,heldout,1,159,SQL_FIRST,three_categories,category_03,782,True,3,0.27136,"[0.25,0.50)",21.341834,1.0,True,exact_bitmap,SQL_FIRST,True
2026-08-30T19:37:31.928+00:00,heldout,1,159,VECTOR_FIRST_HNSW,three_categories,category_03,782,True,3,0.27136,"[0.25,0.50)",31.779916,1.0,False,exact_bitmap,SQL_FIRST,False
2026-08-30T19:37:31.952+00:00,heldout,1,159,HNSW_HYBRID,three_categories,category_03,782,True,3,0.27136,"[0.25,0.50)",23.834791,1.0,False,exact_bitmap,SQL_FIRST,False
2026-08-30T19:37:31.974+00:00,heldout,1,159,IVFFLAT_HYBRID,three_categories,category_03,782,True,3,0.27136,"[0.25,0.50)",21.371834,1.0,False,exact_bitmap,SQL_FIRST,False
2026-08-30T19:37:31.979+00:00,heldout,0,46,SQL_FIRST,category_narrow_price,category_03,448,True,0,0.005075,"[0.00,0.05)",3.825,1.0,True,exact_bitmap,HNSW_HYBRID,False
2026-08-30T19:37:32.015+00:00,heldout,0,46,VECTOR_FIRST_HNSW,category_narrow_price,category_03,448,True,0,0.005075,"[0.00,0.05)",34.128125,0.0,False,exact_bitmap,HNSW_HYBRID,False
2026-08-30T19:37:32.019+00:00,heldout,0,46,HNSW_HYBRID,category_narrow_price,category_03,448,True,0,0.005075,"[0.00,0.05)",3.2565,1.0,False,exact_bitmap,HNSW_HYBRID,True
2026-08-30T19:37:32.022+00:00,heldout,0,46,IVFFLAT_HYBRID,category_narrow_price,category_03,448,True,0,0.005075,"[0.00,0.05)",2.426417,1.0,False,exact_bitmap,HNSW_HYBRID,False
2026-08-30T19:37:32.026+00:00,heldout,1,46,SQL_FIRST,category_narrow_price,category_03,448,True,0,0.005075,"[0.00,0.05)",3.479792,1.0,True,exact_bitmap,HNSW_HYBRID,False
2026-08-30T19:37:32.060+00:00,heldout,1,46,VECTOR_FIRST_HNSW,category_narrow_price,category_03,448,True,0,0.005075,"[0.00,0.05)",33.651958,0.0,False,exact_bitmap,HNSW_HYBRID,False
2026-08-30T19:37:32.063+00:00,heldout,1,46,HNSW_HYBRID,category_narrow_price,category_03,448,True,0,0.005075,"[0.00,0.05)",2.734083,1.0,False,exact_bitmap,HNSW_HYBRID,True
2026-08-30T19:37:32.065+00:00,heldout,1,46,IVFFLAT_HYBRID,category_narrow_price,category_03,448,True,0,0.005075,"[0.00,0.05)",2.458583,1.0,False,exact_bitmap,HNSW_HYBRID,False
2026-08-30T19:37:32.093+00:00,heldout,0,242,SQL_FIRST,stock_alone,category_06,357,True,4,0.500835,"[0.50,1.00)",26.765708,1.0,True,exact_seq,SQL_FIRST,True
2026-08-30T19:37:32.126+00:00,heldout,0,242,VECTOR_FIRST_HNSW,stock_alone,category_06,357,True,4,0.500835,"[0.50,1.00)",31.447583,1.0,False,exact_bitmap,SQL_FIRST,False
2026-08-30T19:37:32.153+00:00,heldout,0,242,HNSW_HYBRID,stock_alone,category_06,357,True,4,0.500835,"[0.50,1.00)",25.747041,1.0,False,exact_seq,SQL_FIRST,False
2026-08-30T19:37:32.179+00:00,heldout,0,242,IVFFLAT_HYBRID,stock_alone,category_06,357,True,4,0.500835,"[0.50,1.00)",25.341875,1.0,False,exact_seq,SQL_FIRST,False
2026-08-30T19:37:32.206+00:00,heldout,1,242,SQL_FIRST,stock_alone,category_06,357,True,4,0.500835,"[0.50,1.00)",26.244708,1.0,True,exact_seq,SQL_FIRST,True
2026-08-30T19:37:32.239+00:00,heldout,1,242,VECTOR_FIRST_HNSW,stock_alone,category_06,357,True,4,0.500835,"[0.50,1.00)",32.80975,1.0,False,exact_bitmap,SQL_FIRST,False
2026-08-30T19:37:32.265+00:00,heldout,1,242,HNSW_HYBRID,stock_alone,category_06,357,True,4,0.500835,"[0.50,1.00)",25.641125,1.0,False,exact_seq,SQL_FIRST,False
2026-08-30T19:37:32.291+00:00,heldout,1,242,IVFFLAT_HYBRID,stock_alone,category_06,357,True,4,0.500835,"[0.50,1.00)",25.643333,1.0,False,exact_seq,SQL_FIRST,False
2026-08-30T19:37:32.314+00:00,heldout,0,161,SQL_FIRST,three_categories,category_09,335,False,3,0.272595,"[0.25,0.50)",19.551125,1.0,True,exact_bitmap,SQL_FIRST,True
2026-08-30T19:37:32.341+00:00,heldout,0,161,VECTOR_FIRST_HNSW,three_categories,category_09,335,False,3,0.272595,"[0.25,0.50)",26.453875,1.0,False,exact_bitmap,SQL_FIRST,False
2026-08-30T19:37:32.364+00:00,heldout,0,161,HNSW_HYBRID,three_categories,category_09,335,False,3,0.272595,"[0.25,0.50)",21.448291,1.0,False,exact_bitmap,SQL_FIRST,False
2026-08-30T19:37:32.387+00:00,heldout,0,161,IVFFLAT_HYBRID,three_categories,category_09,335,False,3,0.272595,"[0.25,0.50)",21.500625,1.0,False,exact_bitmap,SQL_FIRST,False
2026-08-30T19:37:32.408+00:00,heldout,1,161,SQL_FIRST,three_categories,category_09,335,False,3,0.272595,"[0.25,0.50)",20.911708,1.0,True,exact_bitmap,SQL_FIRST,True
2026-08-30T19:37:32.442+00:00,heldout,1,161,VECTOR_FIRST_HNSW,three_categories,category_09,335,False,3,0.272595,"[0.25,0.50)",31.731709,1.0,False,exact_bitmap,SQL_FIRST,False
2026-08-30T19:37:32.464+00:00,heldout,1,161,HNSW_HYBRID,three_categories,category_09,335,False,3,0.272595,"[0.25,0.50)",21.59475,1.0,False,exact_bitmap,SQL_FIRST,False
2026-08-30T19:37:32.488+00:00,heldout,1,161,IVFFLAT_HYBRID,three_categories,category_09,335,False,3,0.272595,"[0.25,0.50)",22.901625,1.0,False,exact_bitmap,SQL_FIRST,False
2026-08-30T19:37:32.512+00:00,heldout,0,167,SQL_FIRST,three_categories,category_03,310,True,3,0.27136,"[0.25,0.50)",20.870333,1.0,True,exact_bitmap,SQL_FIRST,True
2026-08-30T19:37:32.542+00:00,heldout,0,167,VECTOR_FIRST_HNSW,three_categories,category_03,310,True,3,0.27136,"[0.25,0.50)",29.18425,1.0,False,exact_bitmap,SQL_FIRST,False
2026-08-30T19:37:32.565+00:00,heldout,0,167,HNSW_HYBRID,three_categories,category_03,310,True,3,0.27136,"[0.25,0.50)",21.6135,1.0,False,exact_bitmap,SQL_FIRST,False
2026-08-30T19:37:32.588+00:00,heldout,0,167,IVFFLAT_HYBRID,three_categories,category_03,310,True,3,0.27136,"[0.25,0.50)",21.1755,1.0,False,exact_bitmap,SQL_FIRST,False
2026-08-30T19:37:32.609+00:00,heldout,1,167,SQL_FIRST,three_categories,category_03,310,True,3,0.27136,"[0.25,0.50)",20.84175,1.0,True,exact_bitmap,SQL_FIRST,True
2026-08-30T19:37:32.641+00:00,heldout,1,167,VECTOR_FIRST_HNSW,three_categories,category_03,310,True,3,0.27136,"[0.25,0.50)",31.573042,1.0,False,exact_bitmap,SQL_FIRST,False
2026-08-30T19:37:32.663+00:00,heldout,1,167,HNSW_HYBRID,three_categories,category_03,310,True,3,0.27136,"[0.25,0.50)",21.13525,1.0,False,exact_bitmap,SQL_FIRST,False
2026-08-30T19:37:32.685+00:00,heldout,1,167,IVFFLAT_HYBRID,three_categories,category_03,310,True,3,0.27136,"[0.25,0.50)",20.810083,1.0,False,exact_bitmap,SQL_FIRST,False
2026-08-30T19:37:32.710+00:00,heldout,0,151,SQL_FIRST,three_categories,category_00,524,False,3,0.271845,"[0.25,0.50)",22.84325,1.0,True,exact_bitmap,SQL_FIRST,True
2026-08-30T19:37:32.743+00:00,heldout,0,151,VECTOR_FIRST_HNSW,three_categories,category_00,524,False,3,0.271845,"[0.25,0.50)",31.735208,1.0,False,exact_bitmap,SQL_FIRST,False
2026-08-30T19:37:32.766+00:00,heldout,0,151,HNSW_HYBRID,three_categories,category_00,524,False,3,0.271845,"[0.25,0.50)",21.6235,1.0,False,exact_bitmap,SQL_FIRST,False
2026-08-30T19:37:32.789+00:00,heldout,0,151,IVFFLAT_HYBRID,three_categories,category_00,524,False,3,0.271845,"[0.25,0.50)",21.010416,1.0,False,exact_bitmap,SQL_FIRST,False
2026-08-30T19:37:32.810+00:00,heldout,1,151,SQL_FIRST,three_categories,category_00,524,False,3,0.271845,"[0.25,0.50)",21.123,1.0,True,exact_bitmap,SQL_FIRST,True
2026-08-30T19:37:32.843+00:00,heldout,1,151,VECTOR_FIRST_HNSW,three_categories,category_00,524,False,3,0.271845,"[0.25,0.50)",31.874792,1.0,False,exact_bitmap,SQL_FIRST,False
2026-08-30T19:37:32.865+00:00,heldout,1,151,HNSW_HYBRID,three_categories,category_00,524,False,3,0.271845,"[0.25,0.50)",21.672375,1.0,False,exact_bitmap,SQL_FIRST,False
2026-08-30T19:37:32.887+00:00,heldout,1,151,IVFFLAT_HYBRID,three_categories,category_00,524,False,3,0.271845,"[0.25,0.50)",21.098916,1.0,False,exact_bitmap,SQL_FIRST,False
2026-08-30T19:37:32.903+00:00,heldout,0,55,SQL_FIRST,single_category,category_04,518,True,1,0.0967,"[0.05,0.10)",13.838,1.0,True,exact_bitmap,HNSW_HYBRID,False
2026-08-30T19:37:32.938+00:00,heldout,0,55,VECTOR_FIRST_HNSW,single_category,category_04,518,True,1,0.0967,"[0.05,0.10)",33.606417,1.0,False,exact_bitmap,HNSW_HYBRID,False
2026-08-30T19:37:32.953+00:00,heldout,0,55,HNSW_HYBRID,single_category,category_04,518,True,1,0.0967,"[0.05,0.10)",14.230584,1.0,False,exact_bitmap,HNSW_HYBRID,True
2026-08-30T19:37:32.970+00:00,heldout,0,55,IVFFLAT_HYBRID,single_category,category_04,518,True,1,0.0967,"[0.05,0.10)",15.592416,1.0,False,exact_bitmap,HNSW_HYBRID,False
2026-08-30T19:37:32.988+00:00,heldout,1,55,SQL_FIRST,single_category,category_04,518,True,1,0.0967,"[0.05,0.10)",17.384958,1.0,True,exact_bitmap,HNSW_HYBRID,False
2026-08-30T19:37:33.024+00:00,heldout,1,55,VECTOR_FIRST_HNSW,single_category,category_04,518,True,1,0.0967,"[0.05,0.10)",36.119625,1.0,False,exact_bitmap,HNSW_HYBRID,False
2026-08-30T19:37:33.038+00:00,heldout,1,55,HNSW_HYBRID,single_category,category_04,518,True,1,0.0967,"[0.05,0.10)",13.94925,1.0,False,exact_bitmap,HNSW_HYBRID,True
2026-08-30T19:37:33.055+00:00,heldout,1,55,IVFFLAT_HYBRID,single_category,category_04,518,True,1,0.0967,"[0.05,0.10)",15.856209,1.0,False,exact_bitmap,HNSW_HYBRID,False
2026-08-30T19:37:33.083+00:00,heldout,0,101,SQL_FIRST,two_categories,category_02,683,False,2,0.202665,"[0.10,0.25)",26.613083,1.0,True,exact_bitmap,HNSW_HYBRID,False
2026-08-30T19:37:33.117+00:00,heldout,0,101,VECTOR_FIRST_HNSW,two_categories,category_02,683,False,2,0.202665,"[0.10,0.25)",33.450209,1.0,False,exact_bitmap,HNSW_HYBRID,False
2026-08-30T19:37:33.144+00:00,heldout,0,101,HNSW_HYBRID,two_categories,category_02,683,False,2,0.202665,"[0.10,0.25)",25.018667,1.0,False,exact_bitmap,HNSW_HYBRID,True
2026-08-30T19:37:33.172+00:00,heldout,0,101,IVFFLAT_HYBRID,two_categories,category_02,683,False,2,0.202665,"[0.10,0.25)",27.740917,1.0,False,exact_bitmap,HNSW_HYBRID,False
2026-08-30T19:37:33.200+00:00,heldout,1,101,SQL_FIRST,two_categories,category_02,683,False,2,0.202665,"[0.10,0.25)",27.028875,1.0,True,exact_bitmap,HNSW_HYBRID,False
2026-08-30T19:37:33.234+00:00,heldout,1,101,VECTOR_FIRST_HNSW,two_categories,category_02,683,False,2,0.202665,"[0.10,0.25)",33.560834,1.0,False,exact_bitmap,HNSW_HYBRID,False
2026-08-30T19:37:33.259+00:00,heldout,1,101,HNSW_HYBRID,two_categories,category_02,683,False,2,0.202665,"[0.10,0.25)",24.477125,1.0,False,exact_bitmap,HNSW_HYBRID,True
2026-08-30T19:37:33.286+00:00,heldout,1,101,IVFFLAT_HYBRID,two_categories,category_02,683,False,2,0.202665,"[0.10,0.25)",26.520041,1.0,False,exact_bitmap,HNSW_HYBRID,False
2026-08-30T19:37:33.315+00:00,heldout,0,118,SQL_FIRST,two_categories,category_03,975,False,2,0.2004,"[0.10,0.25)",27.029833,1.0,True,exact_bitmap,HNSW_HYBRID,False
2026-08-30T19:37:33.350+00:00,heldout,0,118,VECTOR_FIRST_HNSW,two_categories,category_03,975,False,2,0.2004,"[0.10,0.25)",33.394125,1.0,False,exact_bitmap,HNSW_HYBRID,False
2026-08-30T19:37:33.377+00:00,heldout,0,118,HNSW_HYBRID,two_categories,category_03,975,False,2,0.2004,"[0.10,0.25)",25.205834,1.0,False,exact_bitmap,HNSW_HYBRID,True
2026-08-30T19:37:33.406+00:00,heldout,0,118,IVFFLAT_HYBRID,two_categories,category_03,975,False,2,0.2004,"[0.10,0.25)",27.742792,1.0,False,exact_bitmap,HNSW_HYBRID,False
2026-08-30T19:37:33.436+00:00,heldout,1,118,SQL_FIRST,two_categories,category_03,975,False,2,0.2004,"[0.10,0.25)",29.125625,1.0,True,exact_bitmap,HNSW_HYBRID,False
2026-08-30T19:37:33.513+00:00,heldout,1,118,VECTOR_FIRST_HNSW,two_categories,category_03,975,False,2,0.2004,"[0.10,0.25)",77.525917,1.0,False,exact_bitmap,HNSW_HYBRID,False
2026-08-30T19:37:33.550+00:00,heldout,1,118,HNSW_HYBRID,two_categories,category_03,975,False,2,0.2004,"[0.10,0.25)",35.939709,1.0,False,exact_bitmap,HNSW_HYBRID,True
2026-08-30T19:37:33.601+00:00,heldout,1,118,IVFFLAT_HYBRID,two_categories,category_03,975,False,2,0.2004,"[0.10,0.25)",50.222916,1.0,False,exact_bitmap,HNSW_HYBRID,False
2026-08-30T19:37:33.604+00:00,heldout,0,2,SQL_FIRST,category_narrow_price,category_03,41,True,0,0.00319,"[0.00,0.05)",2.306,1.0,True,exact_bitmap,HNSW_HYBRID,False
2026-08-30T19:37:33.636+00:00,heldout,0,2,VECTOR_FIRST_HNSW,category_narrow_price,category_03,41,True,0,0.00319,"[0.00,0.05)",30.942125,0.0,False,exact_bitmap,HNSW_HYBRID,False
2026-08-30T19:37:33.639+00:00,heldout,0,2,HNSW_HYBRID,category_narrow_price,category_03,41,True,0,0.00319,"[0.00,0.05)",2.170208,1.0,False,exact_bitmap,HNSW_HYBRID,True
2026-08-30T19:37:33.643+00:00,heldout,0,2,IVFFLAT_HYBRID,category_narrow_price,category_03,41,True,0,0.00319,"[0.00,0.05)",2.624167,1.0,False,exact_bitmap,HNSW_HYBRID,False
2026-08-30T19:37:33.646+00:00,heldout,1,2,SQL_FIRST,category_narrow_price,category_03,41,True,0,0.00319,"[0.00,0.05)",2.621625,1.0,True,exact_bitmap,HNSW_HYBRID,False
2026-08-30T19:37:33.677+00:00,heldout,1,2,VECTOR_FIRST_HNSW,category_narrow_price,category_03,41,True,0,0.00319,"[0.00,0.05)",30.554,0.0,False,exact_bitmap,HNSW_HYBRID,False
2026-08-30T19:37:33.679+00:00,heldout,1,2,HNSW_HYBRID,category_narrow_price,category_03,41,True,0,0.00319,"[0.00,0.05)",2.112292,1.0,False,exact_bitmap,HNSW_HYBRID,True
2026-08-30T19:37:33.681+00:00,heldout,1,2,IVFFLAT_HYBRID,category_narrow_price,category_03,41,True,0,0.00319,"[0.00,0.05)",1.713375,1.0,False,exact_bitmap,HNSW_HYBRID,False
2026-08-30T19:37:33.685+00:00,heldout,0,29,SQL_FIRST,category_narrow_price,category_06,903,True,0,0.004995,"[0.00,0.05)",2.693292,1.0,True,exact_bitmap,HNSW_HYBRID,False
2026-08-30T19:37:33.716+00:00,heldout,0,29,VECTOR_FIRST_HNSW,category_narrow_price,category_06,903,True,0,0.004995,"[0.00,0.05)",30.607792,0.2,False,exact_bitmap,HNSW_HYBRID,False
2026-08-30T19:37:33.719+00:00,heldout,0,29,HNSW_HYBRID,category_narrow_price,category_06,903,True,0,0.004995,"[0.00,0.05)",2.582708,1.0,False,exact_bitmap,HNSW_HYBRID,True
2026-08-30T19:37:33.723+00:00,heldout,0,29,IVFFLAT_HYBRID,category_narrow_price,category_06,903,True,0,0.004995,"[0.00,0.05)",3.118792,1.0,False,exact_bitmap,HNSW_HYBRID,False
2026-08-30T19:37:33.726+00:00,heldout,1,29,SQL_FIRST,category_narrow_price,category_06,903,True,0,0.004995,"[0.00,0.05)",2.807,1.0,True,exact_bitmap,HNSW_HYBRID,False
2026-08-30T19:37:33.757+00:00,heldout,1,29,VECTOR_FIRST_HNSW,category_narrow_price,category_06,903,True,0,0.004995,"[0.00,0.05)",30.409458,0.2,False,exact_bitmap,HNSW_HYBRID,False
2026-08-30T19:37:33.761+00:00,heldout,1,29,HNSW_HYBRID,category_narrow_price,category_06,903,True,0,0.004995,"[0.00,0.05)",3.111125,1.0,False,exact_bitmap,HNSW_HYBRID,True
2026-08-30T19:37:33.763+00:00,heldout,1,29,IVFFLAT_HYBRID,category_narrow_price,category_06,903,True,0,0.004995,"[0.00,0.05)",2.146375,1.0,False,exact_bitmap,HNSW_HYBRID,False
2026-08-30T19:37:33.780+00:00,heldout,0,51,SQL_FIRST,single_category,category_01,203,False,1,0.098665,"[0.05,0.10)",15.676833,1.0,True,exact_bitmap,HNSW_HYBRID,False
2026-08-30T19:37:33.814+00:00,heldout,0,51,VECTOR_FIRST_HNSW,single_category,category_01,203,False,1,0.098665,"[0.05,0.10)",33.473917,1.0,False,exact_bitmap,HNSW_HYBRID,False
2026-08-30T19:37:33.829+00:00,heldout,0,51,HNSW_HYBRID,single_category,category_01,203,False,1,0.098665,"[0.05,0.10)",14.038833,1.0,False,exact_bitmap,HNSW_HYBRID,True
2026-08-30T19:37:33.846+00:00,heldout,0,51,IVFFLAT_HYBRID,single_category,category_01,203,False,1,0.098665,"[0.05,0.10)",15.719125,1.0,False,exact_bitmap,HNSW_HYBRID,False
2026-08-30T19:37:33.862+00:00,heldout,1,51,SQL_FIRST,single_category,category_01,203,False,1,0.098665,"[0.05,0.10)",15.899084,1.0,True,exact_bitmap,HNSW_HYBRID,False
2026-08-30T19:37:33.896+00:00,heldout,1,51,VECTOR_FIRST_HNSW,single_category,category_01,203,False,1,0.098665,"[0.05,0.10)",33.569917,1.0,False,exact_bitmap,HNSW_HYBRID,False
2026-08-30T19:37:33.910+00:00,heldout,1,51,HNSW_HYBRID,single_category,category_01,203,False,1,0.098665,"[0.05,0.10)",13.885833,1.0,False,exact_bitmap,HNSW_HYBRID,True
2026-08-30T19:37:33.928+00:00,heldout,1,51,IVFFLAT_HYBRID,single_category,category_01,203,False,1,0.098665,"[0.05,0.10)",16.55775,1.0,False,exact_bitmap,HNSW_HYBRID,False
2026-08-30T19:37:33.943+00:00,heldout,0,5,SQL_FIRST,category_and_stock,category_09,317,False,0,0.049865,"[0.00,0.05)",14.047167,1.0,True,exact_bitmap,HNSW_HYBRID,False
2026-08-30T19:37:33.983+00:00,heldout,0,5,VECTOR_FIRST_HNSW,category_and_stock,category_09,317,False,0,0.049865,"[0.00,0.05)",38.126542,0.3,False,exact_bitmap,HNSW_HYBRID,False
2026-08-30T19:37:33.996+00:00,heldout,0,5,HNSW_HYBRID,category_and_stock,category_09,317,False,0,0.049865,"[0.00,0.05)",11.920709,1.0,False,exact_bitmap,HNSW_HYBRID,True
2026-08-30T19:37:34.011+00:00,heldout,0,5,IVFFLAT_HYBRID,category_and_stock,category_09,317,False,0,0.049865,"[0.00,0.05)",13.9685,1.0,False,exact_bitmap,HNSW_HYBRID,False
2026-08-30T19:37:34.025+00:00,heldout,1,5,SQL_FIRST,category_and_stock,category_09,317,False,0,0.049865,"[0.00,0.05)",14.013916,1.0,True,exact_bitmap,HNSW_HYBRID,False
2026-08-30T19:37:34.060+00:00,heldout,1,5,VECTOR_FIRST_HNSW,category_and_stock,category_09,317,False,0,0.049865,"[0.00,0.05)",34.367959,0.3,False,exact_bitmap,HNSW_HYBRID,False
2026-08-30T19:37:34.072+00:00,heldout,1,5,HNSW_HYBRID,category_and_stock,category_09,317,False,0,0.049865,"[0.00,0.05)",11.556792,1.0,False,exact_bitmap,HNSW_HYBRID,True
2026-08-30T19:37:34.086+00:00,heldout,1,5,IVFFLAT_HYBRID,category_and_stock,category_09,317,False,0,0.049865,"[0.00,0.05)",14.164084,1.0,False,exact_bitmap,HNSW_HYBRID,False
2026-08-30T19:37:34.114+00:00,heldout,0,203,SQL_FIRST,stock_alone,category_07,382,True,4,0.500835,"[0.50,1.00)",27.037959,1.0,True,exact_seq,SQL_FIRST,True
2026-08-30T19:37:34.148+00:00,heldout,0,203,VECTOR_FIRST_HNSW,stock_alone,category_07,382,True,4,0.500835,"[0.50,1.00)",32.910375,1.0,False,exact_bitmap,SQL_FIRST,False
2026-08-30T19:37:34.175+00:00,heldout,0,203,HNSW_HYBRID,stock_alone,category_07,382,True,4,0.500835,"[0.50,1.00)",25.916709,1.0,False,exact_seq,SQL_FIRST,False
2026-08-30T19:37:34.201+00:00,heldout,0,203,IVFFLAT_HYBRID,stock_alone,category_07,382,True,4,0.500835,"[0.50,1.00)",24.851333,1.0,False,exact_seq,SQL_FIRST,False
2026-08-30T19:37:34.252+00:00,heldout,1,203,SQL_FIRST,stock_alone,category_07,382,True,4,0.500835,"[0.50,1.00)",51.238917,1.0,True,exact_seq,SQL_FIRST,True
2026-08-30T19:37:34.378+00:00,heldout,1,203,VECTOR_FIRST_HNSW,stock_alone,category_07,382,True,4,0.500835,"[0.50,1.00)",123.044459,1.0,False,exact_bitmap,SQL_FIRST,False
2026-08-30T19:37:34.400+00:00,heldout,1,203,HNSW_HYBRID,stock_alone,category_07,382,True,4,0.500835,"[0.50,1.00)",21.5395,1.0,False,exact_seq,SQL_FIRST,False
2026-08-30T19:37:34.426+00:00,heldout,1,203,IVFFLAT_HYBRID,stock_alone,category_07,382,True,4,0.500835,"[0.50,1.00)",25.189125,1.0,False,exact_seq,SQL_FIRST,False
2026-08-30T19:37:34.440+00:00,heldout,0,30,SQL_FIRST,category_and_stock,category_09,770,False,0,0.049865,"[0.00,0.05)",11.893292,1.0,True,exact_bitmap,HNSW_HYBRID,False
2026-08-30T19:37:34.473+00:00,heldout,0,30,VECTOR_FIRST_HNSW,category_and_stock,category_09,770,False,0,0.049865,"[0.00,0.05)",30.9155,0.7,False,exact_bitmap,HNSW_HYBRID,False
2026-08-30T19:37:34.488+00:00,heldout,0,30,HNSW_HYBRID,category_and_stock,category_09,770,False,0,0.049865,"[0.00,0.05)",12.192042,1.0,False,exact_bitmap,HNSW_HYBRID,True
2026-08-30T19:37:34.502+00:00,heldout,0,30,IVFFLAT_HYBRID,category_and_stock,category_09,770,False,0,0.049865,"[0.00,0.05)",12.945,1.0,False,exact_bitmap,HNSW_HYBRID,False
2026-08-30T19:37:34.516+00:00,heldout,1,30,SQL_FIRST,category_and_stock,category_09,770,False,0,0.049865,"[0.00,0.05)",13.633,1.0,True,exact_bitmap,HNSW_HYBRID,False
2026-08-30T19:37:34.551+00:00,heldout,1,30,VECTOR_FIRST_HNSW,category_and_stock,category_09,770,False,0,0.049865,"[0.00,0.05)",33.863292,0.7,False,exact_bitmap,HNSW_HYBRID,False
2026-08-30T19:37:34.562+00:00,heldout,1,30,HNSW_HYBRID,category_and_stock,category_09,770,False,0,0.049865,"[0.00,0.05)",11.375042,1.0,False,exact_bitmap,HNSW_HYBRID,True
2026-08-30T19:37:34.578+00:00,heldout,1,30,IVFFLAT_HYBRID,category_and_stock,category_09,770,False,0,0.049865,"[0.00,0.05)",14.924958,1.0,False,exact_bitmap,HNSW_HYBRID,False
2026-08-30T19:37:34.609+00:00,heldout,0,177,SQL_FIRST,category_or_price,category_07,368,False,3,0.428,"[0.25,0.50)",28.206583,1.0,True,exact_seq,SQL_FIRST,True
2026-08-30T19:37:34.647+00:00,heldout,0,177,VECTOR_FIRST_HNSW,category_or_price,category_07,368,False,3,0.428,"[0.25,0.50)",37.431709,1.0,False,exact_bitmap,SQL_FIRST,False
2026-08-30T19:37:34.677+00:00,heldout,0,177,HNSW_HYBRID,category_or_price,category_07,368,False,3,0.428,"[0.25,0.50)",28.931292,1.0,False,exact_seq,SQL_FIRST,False
2026-08-30T19:37:34.704+00:00,heldout,0,177,IVFFLAT_HYBRID,category_or_price,category_07,368,False,3,0.428,"[0.25,0.50)",26.003834,1.0,False,exact_seq,SQL_FIRST,False
2026-08-30T19:37:34.731+00:00,heldout,1,177,SQL_FIRST,category_or_price,category_07,368,False,3,0.428,"[0.25,0.50)",26.526083,1.0,True,exact_seq,SQL_FIRST,True
2026-08-30T19:37:34.764+00:00,heldout,1,177,VECTOR_FIRST_HNSW,category_or_price,category_07,368,False,3,0.428,"[0.25,0.50)",32.426042,1.0,False,exact_bitmap,SQL_FIRST,False
2026-08-30T19:37:34.791+00:00,heldout,1,177,HNSW_HYBRID,category_or_price,category_07,368,False,3,0.428,"[0.25,0.50)",26.434208,1.0,False,exact_seq,SQL_FIRST,False
2026-08-30T19:37:34.818+00:00,heldout,1,177,IVFFLAT_HYBRID,category_or_price,category_07,368,False,3,0.428,"[0.25,0.50)",26.7155,1.0,False,exact_seq,SQL_FIRST,False
2026-08-30T19:37:34.841+00:00,heldout,0,153,SQL_FIRST,three_categories,category_04,615,True,3,0.267975,"[0.25,0.50)",21.424375,1.0,True,exact_bitmap,SQL_FIRST,True
2026-08-30T19:37:34.874+00:00,heldout,0,153,VECTOR_FIRST_HNSW,three_categories,category_04,615,True,3,0.267975,"[0.25,0.50)",31.937916,1.0,False,exact_bitmap,SQL_FIRST,False
2026-08-30T19:37:34.904+00:00,heldout,0,153,HNSW_HYBRID,three_categories,category_04,615,True,3,0.267975,"[0.25,0.50)",22.872791,1.0,False,exact_bitmap,SQL_FIRST,False
2026-08-30T19:37:34.928+00:00,heldout,0,153,IVFFLAT_HYBRID,three_categories,category_04,615,True,3,0.267975,"[0.25,0.50)",21.908916,1.0,False,exact_bitmap,SQL_FIRST,False
2026-08-30T19:37:34.950+00:00,heldout,1,153,SQL_FIRST,three_categories,category_04,615,True,3,0.267975,"[0.25,0.50)",21.568417,1.0,True,exact_bitmap,SQL_FIRST,True
2026-08-30T19:37:34.984+00:00,heldout,1,153,VECTOR_FIRST_HNSW,three_categories,category_04,615,True,3,0.267975,"[0.25,0.50)",33.6305,1.0,False,exact_bitmap,SQL_FIRST,False
2026-08-30T19:37:35.007+00:00,heldout,1,153,HNSW_HYBRID,three_categories,category_04,615,True,3,0.267975,"[0.25,0.50)",23.103792,1.0,False,exact_bitmap,SQL_FIRST,False
2026-08-30T19:37:35.031+00:00,heldout,1,153,IVFFLAT_HYBRID,three_categories,category_04,615,True,3,0.267975,"[0.25,0.50)",22.498708,1.0,False,exact_bitmap,SQL_FIRST,False
2026-08-30T19:37:35.057+00:00,heldout,0,185,SQL_FIRST,category_or_price,category_08,319,True,3,0.382635,"[0.25,0.50)",25.114417,1.0,True,exact_seq,SQL_FIRST,True
2026-08-30T19:37:35.090+00:00,heldout,0,185,VECTOR_FIRST_HNSW,category_or_price,category_08,319,True,3,0.382635,"[0.25,0.50)",31.720792,1.0,False,exact_bitmap,SQL_FIRST,False
2026-08-30T19:37:35.117+00:00,heldout,0,185,HNSW_HYBRID,category_or_price,category_08,319,True,3,0.382635,"[0.25,0.50)",25.035125,1.0,False,exact_seq,SQL_FIRST,False
2026-08-30T19:37:35.151+00:00,heldout,0,185,IVFFLAT_HYBRID,category_or_price,category_08,319,True,3,0.382635,"[0.25,0.50)",30.958125,1.0,False,exact_seq,SQL_FIRST,False
2026-08-30T19:37:35.179+00:00,heldout,1,185,SQL_FIRST,category_or_price,category_08,319,True,3,0.382635,"[0.25,0.50)",27.527541,1.0,True,exact_seq,SQL_FIRST,True
2026-08-30T19:37:35.212+00:00,heldout,1,185,VECTOR_FIRST_HNSW,category_or_price,category_08,319,True,3,0.382635,"[0.25,0.50)",31.978,1.0,False,exact_bitmap,SQL_FIRST,False
2026-08-30T19:37:35.240+00:00,heldout,1,185,HNSW_HYBRID,category_or_price,category_08,319,True,3,0.382635,"[0.25,0.50)",26.134333,1.0,False,exact_seq,SQL_FIRST,False
2026-08-30T19:37:35.266+00:00,heldout,1,185,IVFFLAT_HYBRID,category_or_price,category_08,319,True,3,0.382635,"[0.25,0.50)",25.159625,1.0,False,exact_seq,SQL_FIRST,False
2026-08-30T19:37:35.283+00:00,heldout,0,77,SQL_FIRST,single_category,category_01,458,True,1,0.098665,"[0.05,0.10)",14.624083,1.0,True,exact_bitmap,HNSW_HYBRID,False
2026-08-30T19:37:35.319+00:00,heldout,0,77,VECTOR_FIRST_HNSW,single_category,category_01,458,True,1,0.098665,"[0.05,0.10)",33.8265,1.0,False,exact_bitmap,HNSW_HYBRID,False
2026-08-30T19:37:35.335+00:00,heldout,0,77,HNSW_HYBRID,single_category,category_01,458,True,1,0.098665,"[0.05,0.10)",14.908084,1.0,False,exact_bitmap,HNSW_HYBRID,True
2026-08-30T19:37:35.350+00:00,heldout,0,77,IVFFLAT_HYBRID,single_category,category_01,458,True,1,0.098665,"[0.05,0.10)",14.095459,1.0,False,exact_bitmap,HNSW_HYBRID,False
2026-08-30T19:37:35.365+00:00,heldout,1,77,SQL_FIRST,single_category,category_01,458,True,1,0.098665,"[0.05,0.10)",14.632709,1.0,True,exact_bitmap,HNSW_HYBRID,False
2026-08-30T19:37:35.394+00:00,heldout,1,77,VECTOR_FIRST_HNSW,single_category,category_01,458,True,1,0.098665,"[0.05,0.10)",28.5255,1.0,False,exact_bitmap,HNSW_HYBRID,False
2026-08-30T19:37:35.409+00:00,heldout,1,77,HNSW_HYBRID,single_category,category_01,458,True,1,0.098665,"[0.05,0.10)",14.221917,1.0,False,exact_bitmap,HNSW_HYBRID,True
2026-08-30T19:37:35.426+00:00,heldout,1,77,IVFFLAT_HYBRID,single_category,category_01,458,True,1,0.098665,"[0.05,0.10)",15.767208,1.0,False,exact_bitmap,HNSW_HYBRID,False
2026-08-30T19:37:35.442+00:00,heldout,0,26,SQL_FIRST,category_and_stock,category_06,533,True,0,0.04985,"[0.00,0.05)",13.644375,1.0,True,exact_bitmap,HNSW_HYBRID,False
2026-08-30T19:37:35.477+00:00,heldout,0,26,VECTOR_FIRST_HNSW,category_and_stock,category_06,533,True,0,0.04985,"[0.00,0.05)",33.636084,0.0,False,exact_bitmap,HNSW_HYBRID,False
2026-08-30T19:37:35.490+00:00,heldout,0,26,HNSW_HYBRID,category_and_stock,category_06,533,True,0,0.04985,"[0.00,0.05)",11.53425,1.0,False,exact_bitmap,HNSW_HYBRID,True
2026-08-30T19:37:35.505+00:00,heldout,0,26,IVFFLAT_HYBRID,category_and_stock,category_06,533,True,0,0.04985,"[0.00,0.05)",13.017958,1.0,False,exact_bitmap,HNSW_HYBRID,False
2026-08-30T19:37:35.519+00:00,heldout,1,26,SQL_FIRST,category_and_stock,category_06,533,True,0,0.04985,"[0.00,0.05)",14.538625,1.0,True,exact_bitmap,HNSW_HYBRID,False
2026-08-30T19:37:35.554+00:00,heldout,1,26,VECTOR_FIRST_HNSW,category_and_stock,category_06,533,True,0,0.04985,"[0.00,0.05)",34.074916,0.0,False,exact_bitmap,HNSW_HYBRID,False
2026-08-30T19:37:35.566+00:00,heldout,1,26,HNSW_HYBRID,category_and_stock,category_06,533,True,0,0.04985,"[0.00,0.05)",10.993459,1.0,False,exact_bitmap,HNSW_HYBRID,True
2026-08-30T19:37:35.580+00:00,heldout,1,26,IVFFLAT_HYBRID,category_and_stock,category_06,533,True,0,0.04985,"[0.00,0.05)",13.536667,1.0,False,exact_bitmap,HNSW_HYBRID,False
2026-08-30T19:37:35.584+00:00,heldout,0,37,SQL_FIRST,category_narrow_price,category_03,22,False,0,0.0012,"[0.00,0.05)",2.079041,1.0,True,exact_bitmap,HNSW_HYBRID,False
2026-08-30T19:37:35.619+00:00,heldout,0,37,VECTOR_FIRST_HNSW,category_narrow_price,category_03,22,False,0,0.0012,"[0.00,0.05)",33.530667,0.0,False,exact_bitmap,HNSW_HYBRID,False
2026-08-30T19:37:35.623+00:00,heldout,0,37,HNSW_HYBRID,category_narrow_price,category_03,22,False,0,0.0012,"[0.00,0.05)",1.936583,1.0,False,exact_bitmap,HNSW_HYBRID,True
2026-08-30T19:37:35.625+00:00,heldout,0,37,IVFFLAT_HYBRID,category_narrow_price,category_03,22,False,0,0.0012,"[0.00,0.05)",1.2245,1.0,False,exact_bitmap,HNSW_HYBRID,False
2026-08-30T19:37:35.627+00:00,heldout,1,37,SQL_FIRST,category_narrow_price,category_03,22,False,0,0.0012,"[0.00,0.05)",1.847458,1.0,True,exact_bitmap,HNSW_HYBRID,False
2026-08-30T19:37:35.662+00:00,heldout,1,37,VECTOR_FIRST_HNSW,category_narrow_price,category_03,22,False,0,0.0012,"[0.00,0.05)",33.832667,0.0,False,exact_bitmap,HNSW_HYBRID,False
2026-08-30T19:37:35.664+00:00,heldout,1,37,HNSW_HYBRID,category_narrow_price,category_03,22,False,0,0.0012,"[0.00,0.05)",2.098875,1.0,False,exact_bitmap,HNSW_HYBRID,True
2026-08-30T19:37:35.666+00:00,heldout,1,37,IVFFLAT_HYBRID,category_narrow_price,category_03,22,False,0,0.0012,"[0.00,0.05)",1.2415,1.0,False,exact_bitmap,HNSW_HYBRID,False
2026-08-30T19:37:35.709+00:00,heldout,0,220,SQL_FIRST,wide_or,category_01,866,False,4,0.93802,"[0.50,1.00)",41.121834,1.0,True,exact_seq,SQL_FIRST,True
2026-08-30T19:37:35.742+00:00,heldout,0,220,VECTOR_FIRST_HNSW,wide_or,category_01,866,False,4,0.93802,"[0.50,1.00)",31.905625,1.0,False,exact_bitmap,SQL_FIRST,False
2026-08-30T19:37:35.779+00:00,heldout,0,220,HNSW_HYBRID,wide_or,category_01,866,False,4,0.93802,"[0.50,1.00)",35.714792,1.0,False,exact_seq,SQL_FIRST,False
2026-08-30T19:37:35.818+00:00,heldout,0,220,IVFFLAT_HYBRID,wide_or,category_01,866,False,4,0.93802,"[0.50,1.00)",37.594792,1.0,False,exact_seq,SQL_FIRST,False
2026-08-30T19:37:35.854+00:00,heldout,1,220,SQL_FIRST,wide_or,category_01,866,False,4,0.93802,"[0.50,1.00)",36.115583,1.0,True,exact_seq,SQL_FIRST,True
2026-08-30T19:37:35.887+00:00,heldout,1,220,VECTOR_FIRST_HNSW,wide_or,category_01,866,False,4,0.93802,"[0.50,1.00)",31.891208,1.0,False,exact_bitmap,SQL_FIRST,False
2026-08-30T19:37:35.924+00:00,heldout,1,220,HNSW_HYBRID,wide_or,category_01,866,False,4,0.93802,"[0.50,1.00)",35.751167,1.0,False,exact_seq,SQL_FIRST,False
2026-08-30T19:37:35.960+00:00,heldout,1,220,IVFFLAT_HYBRID,wide_or,category_01,866,False,4,0.93802,"[0.50,1.00)",36.265334,1.0,False,exact_seq,SQL_FIRST,False
2026-08-30T19:37:35.976+00:00,heldout,0,129,SQL_FIRST,price_range_mid,category_08,975,False,2,0.10135,"[0.10,0.25)",14.640875,1.0,True,exact_bitmap,HNSW_HYBRID,False
2026-08-30T19:37:36.012+00:00,heldout,0,129,VECTOR_FIRST_HNSW,price_range_mid,category_08,975,False,2,0.10135,"[0.10,0.25)",34.664584,1.0,False,exact_bitmap,HNSW_HYBRID,False
2026-08-30T19:37:36.028+00:00,heldout,0,129,HNSW_HYBRID,price_range_mid,category_08,975,False,2,0.10135,"[0.10,0.25)",15.190458,1.0,False,exact_bitmap,HNSW_HYBRID,True
2026-08-30T19:37:36.047+00:00,heldout,0,129,IVFFLAT_HYBRID,price_range_mid,category_08,975,False,2,0.10135,"[0.10,0.25)",17.208334,1.0,False,exact_bitmap,HNSW_HYBRID,False
2026-08-30T19:37:36.063+00:00,heldout,1,129,SQL_FIRST,price_range_mid,category_08,975,False,2,0.10135,"[0.10,0.25)",16.331917,1.0,True,exact_bitmap,HNSW_HYBRID,False
2026-08-30T19:37:36.099+00:00,heldout,1,129,VECTOR_FIRST_HNSW,price_range_mid,category_08,975,False,2,0.10135,"[0.10,0.25)",35.424666,1.0,False,exact_bitmap,HNSW_HYBRID,False
2026-08-30T19:37:36.114+00:00,heldout,1,129,HNSW_HYBRID,price_range_mid,category_08,975,False,2,0.10135,"[0.10,0.25)",14.687209,1.0,False,exact_bitmap,HNSW_HYBRID,True
2026-08-30T19:37:36.131+00:00,heldout,1,129,IVFFLAT_HYBRID,price_range_mid,category_08,975,False,2,0.10135,"[0.10,0.25)",16.096,1.0,False,exact_bitmap,HNSW_HYBRID,False
2026-08-30T19:37:36.148+00:00,heldout,0,74,SQL_FIRST,single_category,category_02,465,True,1,0.098965,"[0.05,0.10)",16.091,1.0,True,exact_bitmap,HNSW_HYBRID,False
2026-08-30T19:37:36.183+00:00,heldout,0,74,VECTOR_FIRST_HNSW,single_category,category_02,465,True,1,0.098965,"[0.05,0.10)",33.967916,0.7,False,exact_bitmap,HNSW_HYBRID,False
2026-08-30T19:37:36.198+00:00,heldout,0,74,HNSW_HYBRID,single_category,category_02,465,True,1,0.098965,"[0.05,0.10)",13.992333,1.0,False,exact_bitmap,HNSW_HYBRID,True
2026-08-30T19:37:36.217+00:00,heldout,0,74,IVFFLAT_HYBRID,single_category,category_02,465,True,1,0.098965,"[0.05,0.10)",17.287375,1.0,False,exact_bitmap,HNSW_HYBRID,False
2026-08-30T19:37:36.233+00:00,heldout,1,74,SQL_FIRST,single_category,category_02,465,True,1,0.098965,"[0.05,0.10)",15.725959,1.0,True,exact_bitmap,HNSW_HYBRID,False
2026-08-30T19:37:36.267+00:00,heldout,1,74,VECTOR_FIRST_HNSW,single_category,category_02,465,True,1,0.098965,"[0.05,0.10)",33.640584,0.7,False,exact_bitmap,HNSW_HYBRID,False
2026-08-30T19:37:36.282+00:00,heldout,1,74,HNSW_HYBRID,single_category,category_02,465,True,1,0.098965,"[0.05,0.10)",13.709542,1.0,False,exact_bitmap,HNSW_HYBRID,True
2026-08-30T19:37:36.298+00:00,heldout,1,74,IVFFLAT_HYBRID,single_category,category_02,465,True,1,0.098965,"[0.05,0.10)",15.681917,1.0,False,exact_bitmap,HNSW_HYBRID,False
2026-08-30T19:37:36.328+00:00,heldout,0,114,SQL_FIRST,two_categories,category_02,385,False,2,0.202665,"[0.10,0.25)",26.58825,1.0,True,exact_bitmap,HNSW_HYBRID,False
2026-08-30T19:37:36.363+00:00,heldout,0,114,VECTOR_FIRST_HNSW,two_categories,category_02,385,False,2,0.202665,"[0.10,0.25)",33.5195,1.0,False,exact_bitmap,HNSW_HYBRID,False
2026-08-30T19:37:36.390+00:00,heldout,0,114,HNSW_HYBRID,two_categories,category_02,385,False,2,0.202665,"[0.10,0.25)",24.998208,1.0,False,exact_bitmap,HNSW_HYBRID,True
2026-08-30T19:37:36.418+00:00,heldout,0,114,IVFFLAT_HYBRID,two_categories,category_02,385,False,2,0.202665,"[0.10,0.25)",26.473875,1.0,False,exact_bitmap,HNSW_HYBRID,False
2026-08-30T19:37:36.445+00:00,heldout,1,114,SQL_FIRST,two_categories,category_02,385,False,2,0.202665,"[0.10,0.25)",26.477166,1.0,True,exact_bitmap,HNSW_HYBRID,False
2026-08-30T19:37:36.479+00:00,heldout,1,114,VECTOR_FIRST_HNSW,two_categories,category_02,385,False,2,0.202665,"[0.10,0.25)",33.571166,1.0,False,exact_bitmap,HNSW_HYBRID,False
2026-08-30T19:37:36.504+00:00,heldout,1,114,HNSW_HYBRID,two_categories,category_02,385,False,2,0.202665,"[0.10,0.25)",24.768958,1.0,False,exact_bitmap,HNSW_HYBRID,True
2026-08-30T19:37:36.532+00:00,heldout,1,114,IVFFLAT_HYBRID,two_categories,category_02,385,False,2,0.202665,"[0.10,0.25)",26.680417,1.0,False,exact_bitmap,HNSW_HYBRID,False
2026-08-30T19:37:36.552+00:00,heldout,0,89,SQL_FIRST,single_category,category_09,746,True,1,0.0999,"[0.05,0.10)",18.202917,1.0,True,exact_bitmap,HNSW_HYBRID,False
2026-08-30T19:37:36.589+00:00,heldout,0,89,VECTOR_FIRST_HNSW,single_category,category_09,746,True,1,0.0999,"[0.05,0.10)",34.62325,1.0,False,exact_bitmap,HNSW_HYBRID,False
2026-08-30T19:37:36.605+00:00,heldout,0,89,HNSW_HYBRID,single_category,category_09,746,True,1,0.0999,"[0.05,0.10)",14.674834,1.0,False,exact_bitmap,HNSW_HYBRID,True
2026-08-30T19:37:36.622+00:00,heldout,0,89,IVFFLAT_HYBRID,single_category,category_09,746,True,1,0.0999,"[0.05,0.10)",15.745667,1.0,False,exact_bitmap,HNSW_HYBRID,False
2026-08-30T19:37:36.638+00:00,heldout,1,89,SQL_FIRST,single_category,category_09,746,True,1,0.0999,"[0.05,0.10)",15.560792,1.0,True,exact_bitmap,HNSW_HYBRID,False
2026-08-30T19:37:36.672+00:00,heldout,1,89,VECTOR_FIRST_HNSW,single_category,category_09,746,True,1,0.0999,"[0.05,0.10)",33.561708,1.0,False,exact_bitmap,HNSW_HYBRID,False
2026-08-30T19:37:36.687+00:00,heldout,1,89,HNSW_HYBRID,single_category,category_09,746,True,1,0.0999,"[0.05,0.10)",14.269709,1.0,False,exact_bitmap,HNSW_HYBRID,True
2026-08-30T19:37:36.703+00:00,heldout,1,89,IVFFLAT_HYBRID,single_category,category_09,746,True,1,0.0999,"[0.05,0.10)",15.65525,1.0,False,exact_bitmap,HNSW_HYBRID,False
2026-08-30T19:37:36.723+00:00,heldout,0,140,SQL_FIRST,price_range_mid,category_01,758,True,2,0.100395,"[0.10,0.25)",16.443375,1.0,True,exact_bitmap,HNSW_HYBRID,False
2026-08-30T19:37:36.758+00:00,heldout,0,140,VECTOR_FIRST_HNSW,price_range_mid,category_01,758,True,2,0.100395,"[0.10,0.25)",33.962041,0.9,False,exact_bitmap,HNSW_HYBRID,False
2026-08-30T19:37:36.776+00:00,heldout,0,140,HNSW_HYBRID,price_range_mid,category_01,758,True,2,0.100395,"[0.10,0.25)",16.2465,1.0,False,exact_bitmap,HNSW_HYBRID,True
2026-08-30T19:37:36.794+00:00,heldout,0,140,IVFFLAT_HYBRID,price_range_mid,category_01,758,True,2,0.100395,"[0.10,0.25)",16.438209,1.0,False,exact_bitmap,HNSW_HYBRID,False
2026-08-30T19:37:36.811+00:00,heldout,1,140,SQL_FIRST,price_range_mid,category_01,758,True,2,0.100395,"[0.10,0.25)",16.346458,1.0,True,exact_bitmap,HNSW_HYBRID,False
2026-08-30T19:37:36.844+00:00,heldout,1,140,VECTOR_FIRST_HNSW,price_range_mid,category_01,758,True,2,0.100395,"[0.10,0.25)",32.612166,0.9,False,exact_bitmap,HNSW_HYBRID,False
2026-08-30T19:37:36.859+00:00,heldout,1,140,HNSW_HYBRID,price_range_mid,category_01,758,True,2,0.100395,"[0.10,0.25)",13.758666,1.0,False,exact_bitmap,HNSW_HYBRID,True
2026-08-30T19:37:36.874+00:00,heldout,1,140,IVFFLAT_HYBRID,price_range_mid,category_01,758,True,2,0.100395,"[0.10,0.25)",14.58975,1.0,False,exact_bitmap,HNSW_HYBRID,False
2026-08-30T19:37:36.891+00:00,heldout,0,98,SQL_FIRST,single_category,category_02,986,True,1,0.098965,"[0.05,0.10)",14.129417,1.0,True,exact_bitmap,HNSW_HYBRID,False
2026-08-30T19:37:36.922+00:00,heldout,0,98,VECTOR_FIRST_HNSW,single_category,category_02,986,True,1,0.098965,"[0.05,0.10)",29.897625,0.7,False,exact_bitmap,HNSW_HYBRID,False
2026-08-30T19:37:36.936+00:00,heldout,0,98,HNSW_HYBRID,single_category,category_02,986,True,1,0.098965,"[0.05,0.10)",12.929459,1.0,False,exact_bitmap,HNSW_HYBRID,True
2026-08-30T19:37:36.953+00:00,heldout,0,98,IVFFLAT_HYBRID,single_category,category_02,986,True,1,0.098965,"[0.05,0.10)",16.460458,1.0,False,exact_bitmap,HNSW_HYBRID,False
2026-08-30T19:37:36.968+00:00,heldout,1,98,SQL_FIRST,single_category,category_02,986,True,1,0.098965,"[0.05,0.10)",14.447833,1.0,True,exact_bitmap,HNSW_HYBRID,False
2026-08-30T19:37:37.000+00:00,heldout,1,98,VECTOR_FIRST_HNSW,single_category,category_02,986,True,1,0.098965,"[0.05,0.10)",31.294709,0.7,False,exact_bitmap,HNSW_HYBRID,False
2026-08-30T19:37:37.015+00:00,heldout,1,98,HNSW_HYBRID,single_category,category_02,986,True,1,0.098965,"[0.05,0.10)",14.658958,1.0,False,exact_bitmap,HNSW_HYBRID,True
2026-08-30T19:37:37.029+00:00,heldout,1,98,IVFFLAT_HYBRID,single_category,category_02,986,True,1,0.098965,"[0.05,0.10)",14.158125,1.0,False,exact_bitmap,HNSW_HYBRID,False
2026-08-30T19:37:37.057+00:00,heldout,0,229,SQL_FIRST,stock_alone,category_00,327,True,4,0.500835,"[0.50,1.00)",26.466334,1.0,True,exact_seq,SQL_FIRST,True
2026-08-30T19:37:37.089+00:00,heldout,0,229,VECTOR_FIRST_HNSW,stock_alone,category_00,327,True,4,0.500835,"[0.50,1.00)",30.503958,1.0,False,exact_bitmap,SQL_FIRST,False
2026-08-30T19:37:37.115+00:00,heldout,0,229,HNSW_HYBRID,stock_alone,category_00,327,True,4,0.500835,"[0.50,1.00)",23.669167,1.0,False,exact_seq,SQL_FIRST,False
2026-08-30T19:37:37.140+00:00,heldout,0,229,IVFFLAT_HYBRID,stock_alone,category_00,327,True,4,0.500835,"[0.50,1.00)",23.979417,1.0,False,exact_seq,SQL_FIRST,False
2026-08-30T19:37:37.164+00:00,heldout,1,229,SQL_FIRST,stock_alone,category_00,327,True,4,0.500835,"[0.50,1.00)",23.911,1.0,True,exact_seq,SQL_FIRST,True
2026-08-30T19:37:37.195+00:00,heldout,1,229,VECTOR_FIRST_HNSW,stock_alone,category_00,327,True,4,0.500835,"[0.50,1.00)",30.810208,1.0,False,exact_bitmap,SQL_FIRST,False
2026-08-30T19:37:37.221+00:00,heldout,1,229,HNSW_HYBRID,stock_alone,category_00,327,True,4,0.500835,"[0.50,1.00)",25.306125,1.0,False,exact_seq,SQL_FIRST,False
2026-08-30T19:37:37.247+00:00,heldout,1,229,IVFFLAT_HYBRID,stock_alone,category_00,327,True,4,0.500835,"[0.50,1.00)",25.037417,1.0,False,exact_seq,SQL_FIRST,False
2026-08-30T19:37:37.253+00:00,heldout,0,13,SQL_FIRST,category_narrow_price,category_04,299,True,0,0.00493,"[0.00,0.05)",3.235625,1.0,True,exact_bitmap,HNSW_HYBRID,False
2026-08-30T19:37:37.288+00:00,heldout,0,13,VECTOR_FIRST_HNSW,category_narrow_price,category_04,299,True,0,0.00493,"[0.00,0.05)",33.603791,0.0,False,exact_bitmap,HNSW_HYBRID,False
2026-08-30T19:37:37.293+00:00,heldout,0,13,HNSW_HYBRID,category_narrow_price,category_04,299,True,0,0.00493,"[0.00,0.05)",3.283708,1.0,False,exact_bitmap,HNSW_HYBRID,True
2026-08-30T19:37:37.298+00:00,heldout,0,13,IVFFLAT_HYBRID,category_narrow_price,category_04,299,True,0,0.00493,"[0.00,0.05)",3.444417,1.0,False,exact_bitmap,HNSW_HYBRID,False
2026-08-30T19:37:37.302+00:00,heldout,1,13,SQL_FIRST,category_narrow_price,category_04,299,True,0,0.00493,"[0.00,0.05)",3.6285,1.0,True,exact_bitmap,HNSW_HYBRID,False
2026-08-30T19:37:37.336+00:00,heldout,1,13,VECTOR_FIRST_HNSW,category_narrow_price,category_04,299,True,0,0.00493,"[0.00,0.05)",33.341958,0.0,False,exact_bitmap,HNSW_HYBRID,False
2026-08-30T19:37:37.340+00:00,heldout,1,13,HNSW_HYBRID,category_narrow_price,category_04,299,True,0,0.00493,"[0.00,0.05)",3.193042,1.0,False,exact_bitmap,HNSW_HYBRID,True
2026-08-30T19:37:37.345+00:00,heldout,1,13,IVFFLAT_HYBRID,category_narrow_price,category_04,299,True,0,0.00493,"[0.00,0.05)",3.555583,1.0,False,exact_bitmap,HNSW_HYBRID,False
2026-08-30T19:37:37.383+00:00,heldout,0,228,SQL_FIRST,wide_or,category_00,576,True,4,0.808535,"[0.50,1.00)",35.481333,1.0,True,exact_seq,SQL_FIRST,True
2026-08-30T19:37:37.415+00:00,heldout,0,228,VECTOR_FIRST_HNSW,wide_or,category_00,576,True,4,0.808535,"[0.50,1.00)",30.69575,1.0,False,exact_bitmap,SQL_FIRST,False
2026-08-30T19:37:37.450+00:00,heldout,0,228,HNSW_HYBRID,wide_or,category_00,576,True,4,0.808535,"[0.50,1.00)",33.667083,1.0,False,exact_seq,SQL_FIRST,False
2026-08-30T19:37:37.487+00:00,heldout,0,228,IVFFLAT_HYBRID,wide_or,category_00,576,True,4,0.808535,"[0.50,1.00)",35.923792,1.0,False,exact_seq,SQL_FIRST,False
2026-08-30T19:37:37.521+00:00,heldout,1,228,SQL_FIRST,wide_or,category_00,576,True,4,0.808535,"[0.50,1.00)",33.682333,1.0,True,exact_seq,SQL_FIRST,True
2026-08-30T19:37:37.553+00:00,heldout,1,228,VECTOR_FIRST_HNSW,wide_or,category_00,576,True,4,0.808535,"[0.50,1.00)",31.977792,1.0,False,exact_bitmap,SQL_FIRST,False
2026-08-30T19:37:37.588+00:00,heldout,1,228,HNSW_HYBRID,wide_or,category_00,576,True,4,0.808535,"[0.50,1.00)",33.53125,1.0,False,exact_seq,SQL_FIRST,False
2026-08-30T19:37:37.623+00:00,heldout,1,228,IVFFLAT_HYBRID,wide_or,category_00,576,True,4,0.808535,"[0.50,1.00)",34.92625,1.0,False,exact_seq,SQL_FIRST,False
2026-08-30T19:37:37.648+00:00,heldout,0,168,SQL_FIRST,three_categories,category_08,375,False,3,0.272595,"[0.25,0.50)",21.738666,1.0,True,exact_bitmap,SQL_FIRST,True
2026-08-30T19:37:37.681+00:00,heldout,0,168,VECTOR_FIRST_HNSW,three_categories,category_08,375,False,3,0.272595,"[0.25,0.50)",31.625708,1.0,False,exact_bitmap,SQL_FIRST,False
2026-08-30T19:37:37.704+00:00,heldout,0,168,HNSW_HYBRID,three_categories,category_08,375,False,3,0.272595,"[0.25,0.50)",20.956583,1.0,False,exact_bitmap,SQL_FIRST,False
2026-08-30T19:37:37.726+00:00,heldout,0,168,IVFFLAT_HYBRID,three_categories,category_08,375,False,3,0.272595,"[0.25,0.50)",20.956166,1.0,False,exact_bitmap,SQL_FIRST,False
2026-08-30T19:37:37.748+00:00,heldout,1,168,SQL_FIRST,three_categories,category_08,375,False,3,0.272595,"[0.25,0.50)",21.167541,1.0,True,exact_bitmap,SQL_FIRST,True
2026-08-30T19:37:37.780+00:00,heldout,1,168,VECTOR_FIRST_HNSW,three_categories,category_08,375,False,3,0.272595,"[0.25,0.50)",31.761875,1.0,False,exact_bitmap,SQL_FIRST,False
2026-08-30T19:37:37.802+00:00,heldout,1,168,HNSW_HYBRID,three_categories,category_08,375,False,3,0.272595,"[0.25,0.50)",21.288792,1.0,False,exact_bitmap,SQL_FIRST,False
2026-08-30T19:37:37.824+00:00,heldout,1,168,IVFFLAT_HYBRID,three_categories,category_08,375,False,3,0.272595,"[0.25,0.50)",21.11775,1.0,False,exact_bitmap,SQL_FIRST,False
2026-08-30T19:37:37.840+00:00,heldout,0,8,SQL_FIRST,category_and_stock,category_01,295,False,0,0.04925,"[0.00,0.05)",12.4165,1.0,True,exact_bitmap,HNSW_HYBRID,False
2026-08-30T19:37:37.876+00:00,heldout,0,8,VECTOR_FIRST_HNSW,category_and_stock,category_01,295,False,0,0.04925,"[0.00,0.05)",33.337792,0.2,False,exact_bitmap,HNSW_HYBRID,False
2026-08-30T19:37:37.889+00:00,heldout,0,8,HNSW_HYBRID,category_and_stock,category_01,295,False,0,0.04925,"[0.00,0.05)",11.562666,1.0,False,exact_bitmap,HNSW_HYBRID,True
2026-08-30T19:37:37.904+00:00,heldout,0,8,IVFFLAT_HYBRID,category_and_stock,category_01,295,False,0,0.04925,"[0.00,0.05)",12.818375,1.0,False,exact_bitmap,HNSW_HYBRID,False
2026-08-30T19:37:37.918+00:00,heldout,1,8,SQL_FIRST,category_and_stock,category_01,295,False,0,0.04925,"[0.00,0.05)",13.22275,1.0,True,exact_bitmap,HNSW_HYBRID,False
2026-08-30T19:37:37.952+00:00,heldout,1,8,VECTOR_FIRST_HNSW,category_and_stock,category_01,295,False,0,0.04925,"[0.00,0.05)",33.342541,0.2,False,exact_bitmap,HNSW_HYBRID,False
2026-08-30T19:37:37.963+00:00,heldout,1,8,HNSW_HYBRID,category_and_stock,category_01,295,False,0,0.04925,"[0.00,0.05)",11.113792,1.0,False,exact_bitmap,HNSW_HYBRID,True
2026-08-30T19:37:37.977+00:00,heldout,1,8,IVFFLAT_HYBRID,category_and_stock,category_01,295,False,0,0.04925,"[0.00,0.05)",12.996083,1.0,False,exact_bitmap,HNSW_HYBRID,False
2026-08-30T19:37:38.007+00:00,heldout,0,197,SQL_FIRST,category_or_price,category_03,297,True,3,0.3663,"[0.25,0.50)",27.926083,1.0,True,exact_seq,SQL_FIRST,True
2026-08-30T19:37:38.040+00:00,heldout,0,197,VECTOR_FIRST_HNSW,category_or_price,category_03,297,True,3,0.3663,"[0.25,0.50)",32.4125,1.0,False,exact_bitmap,SQL_FIRST,False
2026-08-30T19:37:38.065+00:00,heldout,0,197,HNSW_HYBRID,category_or_price,category_03,297,True,3,0.3663,"[0.25,0.50)",24.5095,1.0,False,exact_seq,SQL_FIRST,False
2026-08-30T19:37:38.091+00:00,heldout,0,197,IVFFLAT_HYBRID,category_or_price,category_03,297,True,3,0.3663,"[0.25,0.50)",24.841917,1.0,False,exact_seq,SQL_FIRST,False
2026-08-30T19:37:38.117+00:00,heldout,1,197,SQL_FIRST,category_or_price,category_03,297,True,3,0.3663,"[0.25,0.50)",24.900625,1.0,True,exact_seq,SQL_FIRST,True
2026-08-30T19:37:38.151+00:00,heldout,1,197,VECTOR_FIRST_HNSW,category_or_price,category_03,297,True,3,0.3663,"[0.25,0.50)",33.274625,1.0,False,exact_bitmap,SQL_FIRST,False
2026-08-30T19:37:38.177+00:00,heldout,1,197,HNSW_HYBRID,category_or_price,category_03,297,True,3,0.3663,"[0.25,0.50)",25.589708,1.0,False,exact_seq,SQL_FIRST,False
2026-08-30T19:37:38.202+00:00,heldout,1,197,IVFFLAT_HYBRID,category_or_price,category_03,297,True,3,0.3663,"[0.25,0.50)",24.605917,1.0,False,exact_seq,SQL_FIRST,False
2026-08-30T19:37:38.226+00:00,heldout,0,199,SQL_FIRST,three_categories,category_02,322,True,3,0.2705,"[0.25,0.50)",23.347708,1.0,True,exact_bitmap,SQL_FIRST,True
2026-08-30T19:37:38.259+00:00,heldout,0,199,VECTOR_FIRST_HNSW,three_categories,category_02,322,True,3,0.2705,"[0.25,0.50)",31.546292,1.0,False,exact_bitmap,SQL_FIRST,False
2026-08-30T19:37:38.281+00:00,heldout,0,199,HNSW_HYBRID,three_categories,category_02,322,True,3,0.2705,"[0.25,0.50)",20.896042,1.0,False,exact_bitmap,SQL_FIRST,False
2026-08-30T19:37:38.303+00:00,heldout,0,199,IVFFLAT_HYBRID,three_categories,category_02,322,True,3,0.2705,"[0.25,0.50)",21.061792,1.0,False,exact_bitmap,SQL_FIRST,False
2026-08-30T19:37:38.325+00:00,heldout,1,199,SQL_FIRST,three_categories,category_02,322,True,3,0.2705,"[0.25,0.50)",21.740958,1.0,True,exact_bitmap,SQL_FIRST,True
2026-08-30T19:37:38.358+00:00,heldout,1,199,VECTOR_FIRST_HNSW,three_categories,category_02,322,True,3,0.2705,"[0.25,0.50)",31.6875,1.0,False,exact_bitmap,SQL_FIRST,False
2026-08-30T19:37:38.380+00:00,heldout,1,199,HNSW_HYBRID,three_categories,category_02,322,True,3,0.2705,"[0.25,0.50)",21.730708,1.0,False,exact_bitmap,SQL_FIRST,False
2026-08-30T19:37:38.403+00:00,heldout,1,199,IVFFLAT_HYBRID,three_categories,category_02,322,True,3,0.2705,"[0.25,0.50)",22.197708,1.0,False,exact_bitmap,SQL_FIRST,False
2026-08-30T19:37:38.426+00:00,heldout,0,174,SQL_FIRST,three_categories,category_00,926,False,3,0.271845,"[0.25,0.50)",20.691667,1.0,True,exact_bitmap,SQL_FIRST,True
2026-08-30T19:37:38.454+00:00,heldout,0,174,VECTOR_FIRST_HNSW,three_categories,category_00,926,False,3,0.271845,"[0.25,0.50)",26.85,1.0,False,exact_bitmap,SQL_FIRST,False
2026-08-30T19:37:38.474+00:00,heldout,0,174,HNSW_HYBRID,three_categories,category_00,926,False,3,0.271845,"[0.25,0.50)",18.261084,1.0,False,exact_bitmap,SQL_FIRST,False
2026-08-30T19:37:38.495+00:00,heldout,0,174,IVFFLAT_HYBRID,three_categories,category_00,926,False,3,0.271845,"[0.25,0.50)",18.55625,1.0,False,exact_bitmap,SQL_FIRST,False
2026-08-30T19:37:38.516+00:00,heldout,1,174,SQL_FIRST,three_categories,category_00,926,False,3,0.271845,"[0.25,0.50)",20.584833,1.0,True,exact_bitmap,SQL_FIRST,True
2026-08-30T19:37:38.548+00:00,heldout,1,174,VECTOR_FIRST_HNSW,three_categories,category_00,926,False,3,0.271845,"[0.25,0.50)",31.527083,1.0,False,exact_bitmap,SQL_FIRST,False
2026-08-30T19:37:38.570+00:00,heldout,1,174,HNSW_HYBRID,three_categories,category_00,926,False,3,0.271845,"[0.25,0.50)",21.437417,1.0,False,exact_bitmap,SQL_FIRST,False
2026-08-30T19:37:38.591+00:00,heldout,1,174,IVFFLAT_HYBRID,three_categories,category_00,926,False,3,0.271845,"[0.25,0.50)",21.189583,1.0,False,exact_bitmap,SQL_FIRST,False
2026-08-30T19:37:38.609+00:00,heldout,0,125,SQL_FIRST,single_category_alone,category_07,583,False,2,0.100435,"[0.10,0.25)",13.803958,1.0,True,exact_bitmap,HNSW_HYBRID,False
2026-08-30T19:37:38.644+00:00,heldout,0,125,VECTOR_FIRST_HNSW,single_category_alone,category_07,583,False,2,0.100435,"[0.10,0.25)",33.740042,0.8,False,exact_bitmap,HNSW_HYBRID,False
2026-08-30T19:37:38.660+00:00,heldout,0,125,HNSW_HYBRID,single_category_alone,category_07,583,False,2,0.100435,"[0.10,0.25)",14.259166,1.0,False,exact_bitmap,HNSW_HYBRID,True
2026-08-30T19:37:38.678+00:00,heldout,0,125,IVFFLAT_HYBRID,single_category_alone,category_07,583,False,2,0.100435,"[0.10,0.25)",17.395,1.0,False,exact_bitmap,HNSW_HYBRID,False
2026-08-30T19:37:38.694+00:00,heldout,1,125,SQL_FIRST,single_category_alone,category_07,583,False,2,0.100435,"[0.10,0.25)",15.938,1.0,True,exact_bitmap,HNSW_HYBRID,False
2026-08-30T19:37:38.729+00:00,heldout,1,125,VECTOR_FIRST_HNSW,single_category_alone,category_07,583,False,2,0.100435,"[0.10,0.25)",33.722875,0.8,False,exact_bitmap,HNSW_HYBRID,False
2026-08-30T19:37:38.744+00:00,heldout,1,125,HNSW_HYBRID,single_category_alone,category_07,583,False,2,0.100435,"[0.10,0.25)",14.084209,1.0,False,exact_bitmap,HNSW_HYBRID,True
2026-08-30T19:37:38.760+00:00,heldout,1,125,IVFFLAT_HYBRID,single_category_alone,category_07,583,False,2,0.100435,"[0.10,0.25)",16.142708,1.0,False,exact_bitmap,HNSW_HYBRID,False
2026-08-30T19:37:38.785+00:00,heldout,0,172,SQL_FIRST,category_or_price,category_06,182,False,3,0.25821,"[0.25,0.50)",22.201709,1.0,True,exact_bitmap,SQL_FIRST,True
2026-08-30T19:37:38.819+00:00,heldout,0,172,VECTOR_FIRST_HNSW,category_or_price,category_06,182,False,3,0.25821,"[0.25,0.50)",32.269542,1.0,False,exact_bitmap,SQL_FIRST,False
2026-08-30T19:37:38.842+00:00,heldout,0,172,HNSW_HYBRID,category_or_price,category_06,182,False,3,0.25821,"[0.25,0.50)",19.987791,1.0,False,exact_bitmap,SQL_FIRST,False
2026-08-30T19:37:38.866+00:00,heldout,0,172,IVFFLAT_HYBRID,category_or_price,category_06,182,False,3,0.25821,"[0.25,0.50)",22.261417,1.0,False,exact_bitmap,SQL_FIRST,False
2026-08-30T19:37:38.887+00:00,heldout,1,172,SQL_FIRST,category_or_price,category_06,182,False,3,0.25821,"[0.25,0.50)",20.418083,1.0,True,exact_bitmap,SQL_FIRST,True
2026-08-30T19:37:38.920+00:00,heldout,1,172,VECTOR_FIRST_HNSW,category_or_price,category_06,182,False,3,0.25821,"[0.25,0.50)",31.712042,1.0,False,exact_bitmap,SQL_FIRST,False
2026-08-30T19:37:38.941+00:00,heldout,1,172,HNSW_HYBRID,category_or_price,category_06,182,False,3,0.25821,"[0.25,0.50)",20.259208,1.0,False,exact_bitmap,SQL_FIRST,False
2026-08-30T19:37:38.965+00:00,heldout,1,172,IVFFLAT_HYBRID,category_or_price,category_06,182,False,3,0.25821,"[0.25,0.50)",22.770792,1.0,False,exact_bitmap,SQL_FIRST,False
2026-08-30T19:37:38.981+00:00,heldout,0,71,SQL_FIRST,single_category,category_04,323,True,1,0.0967,"[0.05,0.10)",14.51175,1.0,True,exact_bitmap,HNSW_HYBRID,False
2026-08-30T19:37:39.017+00:00,heldout,0,71,VECTOR_FIRST_HNSW,single_category,category_04,323,True,1,0.0967,"[0.05,0.10)",34.714125,0.7,False,exact_bitmap,HNSW_HYBRID,False
2026-08-30T19:37:39.031+00:00,heldout,0,71,HNSW_HYBRID,single_category,category_04,323,True,1,0.0967,"[0.05,0.10)",13.772292,1.0,False,exact_bitmap,HNSW_HYBRID,True
2026-08-30T19:37:39.047+00:00,heldout,0,71,IVFFLAT_HYBRID,single_category,category_04,323,True,1,0.0967,"[0.05,0.10)",15.411583,1.0,False,exact_bitmap,HNSW_HYBRID,False
2026-08-30T19:37:39.063+00:00,heldout,1,71,SQL_FIRST,single_category,category_04,323,True,1,0.0967,"[0.05,0.10)",15.604833,1.0,True,exact_bitmap,HNSW_HYBRID,False
2026-08-30T19:37:39.097+00:00,heldout,1,71,VECTOR_FIRST_HNSW,single_category,category_04,323,True,1,0.0967,"[0.05,0.10)",33.70775,0.7,False,exact_bitmap,HNSW_HYBRID,False
2026-08-30T19:37:39.112+00:00,heldout,1,71,HNSW_HYBRID,single_category,category_04,323,True,1,0.0967,"[0.05,0.10)",14.018708,1.0,False,exact_bitmap,HNSW_HYBRID,True
2026-08-30T19:37:39.129+00:00,heldout,1,71,IVFFLAT_HYBRID,single_category,category_04,323,True,1,0.0967,"[0.05,0.10)",15.735334,1.0,False,exact_bitmap,HNSW_HYBRID,False
2026-08-30T19:37:39.159+00:00,heldout,0,134,SQL_FIRST,two_categories,category_06,495,False,2,0.199965,"[0.10,0.25)",27.378042,1.0,True,exact_bitmap,HNSW_HYBRID,False
2026-08-30T19:37:39.201+00:00,heldout,0,134,VECTOR_FIRST_HNSW,two_categories,category_06,495,False,2,0.199965,"[0.10,0.25)",36.358167,1.0,False,exact_bitmap,HNSW_HYBRID,False
2026-08-30T19:37:39.231+00:00,heldout,0,134,HNSW_HYBRID,two_categories,category_06,495,False,2,0.199965,"[0.10,0.25)",29.451375,1.0,False,exact_bitmap,HNSW_HYBRID,True
2026-08-30T19:37:39.260+00:00,heldout,0,134,IVFFLAT_HYBRID,two_categories,category_06,495,False,2,0.199965,"[0.10,0.25)",27.496208,1.0,False,exact_bitmap,HNSW_HYBRID,False
2026-08-30T19:37:39.288+00:00,heldout,1,134,SQL_FIRST,two_categories,category_06,495,False,2,0.199965,"[0.10,0.25)",27.105916,1.0,True,exact_bitmap,HNSW_HYBRID,False
2026-08-30T19:37:39.325+00:00,heldout,1,134,VECTOR_FIRST_HNSW,two_categories,category_06,495,False,2,0.199965,"[0.10,0.25)",37.107458,1.0,False,exact_bitmap,HNSW_HYBRID,False
2026-08-30T19:37:39.353+00:00,heldout,1,134,HNSW_HYBRID,two_categories,category_06,495,False,2,0.199965,"[0.10,0.25)",26.785875,1.0,False,exact_bitmap,HNSW_HYBRID,True
2026-08-30T19:37:39.380+00:00,heldout,1,134,IVFFLAT_HYBRID,two_categories,category_06,495,False,2,0.199965,"[0.10,0.25)",25.894458,1.0,False,exact_bitmap,HNSW_HYBRID,False
2026-08-30T19:37:39.385+00:00,heldout,0,39,SQL_FIRST,category_narrow_price,category_07,779,False,0,0.005025,"[0.00,0.05)",3.426959,1.0,True,exact_bitmap,HNSW_HYBRID,False
2026-08-30T19:37:39.420+00:00,heldout,0,39,VECTOR_FIRST_HNSW,category_narrow_price,category_07,779,False,0,0.005025,"[0.00,0.05)",33.499125,0.0,False,exact_bitmap,HNSW_HYBRID,False
2026-08-30T19:37:39.425+00:00,heldout,0,39,HNSW_HYBRID,category_narrow_price,category_07,779,False,0,0.005025,"[0.00,0.05)",2.898792,1.0,False,exact_bitmap,HNSW_HYBRID,True
2026-08-30T19:37:39.430+00:00,heldout,0,39,IVFFLAT_HYBRID,category_narrow_price,category_07,779,False,0,0.005025,"[0.00,0.05)",3.434167,1.0,False,exact_bitmap,HNSW_HYBRID,False
2026-08-30T19:37:39.434+00:00,heldout,1,39,SQL_FIRST,category_narrow_price,category_07,779,False,0,0.005025,"[0.00,0.05)",3.74925,1.0,True,exact_bitmap,HNSW_HYBRID,False
2026-08-30T19:37:39.469+00:00,heldout,1,39,VECTOR_FIRST_HNSW,category_narrow_price,category_07,779,False,0,0.005025,"[0.00,0.05)",33.752542,0.0,False,exact_bitmap,HNSW_HYBRID,False
2026-08-30T19:37:39.473+00:00,heldout,1,39,HNSW_HYBRID,category_narrow_price,category_07,779,False,0,0.005025,"[0.00,0.05)",3.016792,1.0,False,exact_bitmap,HNSW_HYBRID,True
2026-08-30T19:37:39.476+00:00,heldout,1,39,IVFFLAT_HYBRID,category_narrow_price,category_07,779,False,0,0.005025,"[0.00,0.05)",2.99725,1.0,False,exact_bitmap,HNSW_HYBRID,False
2026-08-30T19:37:39.495+00:00,heldout,0,72,SQL_FIRST,single_category,category_06,567,False,1,0.099535,"[0.05,0.10)",16.263084,1.0,True,exact_bitmap,HNSW_HYBRID,False
2026-08-30T19:37:39.531+00:00,heldout,0,72,VECTOR_FIRST_HNSW,single_category,category_06,567,False,1,0.099535,"[0.05,0.10)",34.714041,1.0,False,exact_bitmap,HNSW_HYBRID,False
2026-08-30T19:37:39.551+00:00,heldout,0,72,HNSW_HYBRID,single_category,category_06,567,False,1,0.099535,"[0.05,0.10)",18.713417,1.0,False,exact_bitmap,HNSW_HYBRID,True
2026-08-30T19:37:39.569+00:00,heldout,0,72,IVFFLAT_HYBRID,single_category,category_06,567,False,1,0.099535,"[0.05,0.10)",15.958541,1.0,False,exact_bitmap,HNSW_HYBRID,False
2026-08-30T19:37:39.585+00:00,heldout,1,72,SQL_FIRST,single_category,category_06,567,False,1,0.099535,"[0.05,0.10)",16.301083,1.0,True,exact_bitmap,HNSW_HYBRID,False
2026-08-30T19:37:39.622+00:00,heldout,1,72,VECTOR_FIRST_HNSW,single_category,category_06,567,False,1,0.099535,"[0.05,0.10)",35.076209,1.0,False,exact_bitmap,HNSW_HYBRID,False
2026-08-30T19:37:39.636+00:00,heldout,1,72,HNSW_HYBRID,single_category,category_06,567,False,1,0.099535,"[0.05,0.10)",14.051542,1.0,False,exact_bitmap,HNSW_HYBRID,True
2026-08-30T19:37:39.653+00:00,heldout,1,72,IVFFLAT_HYBRID,single_category,category_06,567,False,1,0.099535,"[0.05,0.10)",16.298333,1.0,False,exact_bitmap,HNSW_HYBRID,False
2026-08-30T19:37:39.684+00:00,heldout,0,112,SQL_FIRST,two_categories,category_07,596,True,2,0.1991,"[0.10,0.25)",27.678958,1.0,True,exact_bitmap,HNSW_HYBRID,False
2026-08-30T19:37:39.730+00:00,heldout,0,112,VECTOR_FIRST_HNSW,two_categories,category_07,596,True,2,0.1991,"[0.10,0.25)",43.385042,1.0,False,exact_bitmap,HNSW_HYBRID,False
2026-08-30T19:37:39.757+00:00,heldout,0,112,HNSW_HYBRID,two_categories,category_07,596,True,2,0.1991,"[0.10,0.25)",25.475958,1.0,False,exact_bitmap,HNSW_HYBRID,True
2026-08-30T19:37:39.786+00:00,heldout,0,112,IVFFLAT_HYBRID,two_categories,category_07,596,True,2,0.1991,"[0.10,0.25)",27.355917,1.0,False,exact_bitmap,HNSW_HYBRID,False
2026-08-30T19:37:39.813+00:00,heldout,1,112,SQL_FIRST,two_categories,category_07,596,True,2,0.1991,"[0.10,0.25)",26.981209,1.0,True,exact_bitmap,HNSW_HYBRID,False
2026-08-30T19:37:39.846+00:00,heldout,1,112,VECTOR_FIRST_HNSW,two_categories,category_07,596,True,2,0.1991,"[0.10,0.25)",32.313084,1.0,False,exact_bitmap,HNSW_HYBRID,False
2026-08-30T19:37:39.869+00:00,heldout,1,112,HNSW_HYBRID,two_categories,category_07,596,True,2,0.1991,"[0.10,0.25)",22.998792,1.0,False,exact_bitmap,HNSW_HYBRID,True
2026-08-30T19:37:39.894+00:00,heldout,1,112,IVFFLAT_HYBRID,two_categories,category_07,596,True,2,0.1991,"[0.10,0.25)",24.310875,1.0,False,exact_bitmap,HNSW_HYBRID,False
2026-08-30T19:37:39.911+00:00,heldout,0,79,SQL_FIRST,single_category,category_01,403,True,1,0.098665,"[0.05,0.10)",14.525167,1.0,True,exact_bitmap,HNSW_HYBRID,False
2026-08-30T19:37:39.943+00:00,heldout,0,79,VECTOR_FIRST_HNSW,single_category,category_01,403,True,1,0.098665,"[0.05,0.10)",30.52175,1.0,False,exact_bitmap,HNSW_HYBRID,False
2026-08-30T19:37:39.957+00:00,heldout,0,79,HNSW_HYBRID,single_category,category_01,403,True,1,0.098665,"[0.05,0.10)",13.350542,1.0,False,exact_bitmap,HNSW_HYBRID,True
2026-08-30T19:37:39.972+00:00,heldout,0,79,IVFFLAT_HYBRID,single_category,category_01,403,True,1,0.098665,"[0.05,0.10)",13.956792,1.0,False,exact_bitmap,HNSW_HYBRID,False
2026-08-30T19:37:39.987+00:00,heldout,1,79,SQL_FIRST,single_category,category_01,403,True,1,0.098665,"[0.05,0.10)",14.75525,1.0,True,exact_bitmap,HNSW_HYBRID,False
2026-08-30T19:37:40.022+00:00,heldout,1,79,VECTOR_FIRST_HNSW,single_category,category_01,403,True,1,0.098665,"[0.05,0.10)",34.58025,1.0,False,exact_bitmap,HNSW_HYBRID,False
2026-08-30T19:37:40.036+00:00,heldout,1,79,HNSW_HYBRID,single_category,category_01,403,True,1,0.098665,"[0.05,0.10)",13.185125,1.0,False,exact_bitmap,HNSW_HYBRID,True
2026-08-30T19:37:40.050+00:00,heldout,1,79,IVFFLAT_HYBRID,single_category,category_01,403,True,1,0.098665,"[0.05,0.10)",14.231792,1.0,False,exact_bitmap,HNSW_HYBRID,False
2026-08-30T19:37:40.073+00:00,heldout,0,190,SQL_FIRST,three_categories,category_02,187,False,3,0.2705,"[0.25,0.50)",21.243833,1.0,True,exact_bitmap,SQL_FIRST,True
2026-08-30T19:37:40.104+00:00,heldout,0,190,VECTOR_FIRST_HNSW,three_categories,category_02,187,False,3,0.2705,"[0.25,0.50)",29.621917,1.0,False,exact_bitmap,SQL_FIRST,False
2026-08-30T19:37:40.126+00:00,heldout,0,190,HNSW_HYBRID,three_categories,category_02,187,False,3,0.2705,"[0.25,0.50)",20.696875,1.0,False,exact_bitmap,SQL_FIRST,False
2026-08-30T19:37:40.157+00:00,heldout,0,190,IVFFLAT_HYBRID,three_categories,category_02,187,False,3,0.2705,"[0.25,0.50)",30.209208,1.0,False,exact_bitmap,SQL_FIRST,False
2026-08-30T19:37:40.180+00:00,heldout,1,190,SQL_FIRST,three_categories,category_02,187,False,3,0.2705,"[0.25,0.50)",22.338125,1.0,True,exact_bitmap,SQL_FIRST,True
2026-08-30T19:37:40.211+00:00,heldout,1,190,VECTOR_FIRST_HNSW,three_categories,category_02,187,False,3,0.2705,"[0.25,0.50)",30.897125,1.0,False,exact_bitmap,SQL_FIRST,False
2026-08-30T19:37:40.240+00:00,heldout,1,190,HNSW_HYBRID,three_categories,category_02,187,False,3,0.2705,"[0.25,0.50)",28.198291,1.0,False,exact_bitmap,SQL_FIRST,False
2026-08-30T19:37:40.336+00:00,heldout,1,190,IVFFLAT_HYBRID,three_categories,category_02,187,False,3,0.2705,"[0.25,0.50)",95.765292,1.0,False,exact_bitmap,SQL_FIRST,False
2026-08-30T19:37:40.400+00:00,heldout,0,97,SQL_FIRST,single_category,category_04,932,False,1,0.0967,"[0.05,0.10)",60.947292,1.0,True,exact_bitmap,HNSW_HYBRID,False
2026-08-30T19:37:40.598+00:00,heldout,0,97,VECTOR_FIRST_HNSW,single_category,category_04,932,False,1,0.0967,"[0.05,0.10)",197.11375,0.8,False,exact_bitmap,HNSW_HYBRID,False
2026-08-30T19:37:40.618+00:00,heldout,0,97,HNSW_HYBRID,single_category,category_04,932,False,1,0.0967,"[0.05,0.10)",18.408709,1.0,False,exact_bitmap,HNSW_HYBRID,True
2026-08-30T19:37:40.639+00:00,heldout,0,97,IVFFLAT_HYBRID,single_category,category_04,932,False,1,0.0967,"[0.05,0.10)",19.648667,1.0,False,exact_bitmap,HNSW_HYBRID,False
2026-08-30T19:37:40.651+00:00,heldout,1,97,SQL_FIRST,single_category,category_04,932,False,1,0.0967,"[0.05,0.10)",11.629084,1.0,True,exact_bitmap,HNSW_HYBRID,False
2026-08-30T19:37:40.684+00:00,heldout,1,97,VECTOR_FIRST_HNSW,single_category,category_04,932,False,1,0.0967,"[0.05,0.10)",32.176042,0.8,False,exact_bitmap,HNSW_HYBRID,False
2026-08-30T19:37:40.699+00:00,heldout,1,97,HNSW_HYBRID,single_category,category_04,932,False,1,0.0967,"[0.05,0.10)",14.502875,1.0,False,exact_bitmap,HNSW_HYBRID,True
2026-08-30T19:37:40.712+00:00,heldout,1,97,IVFFLAT_HYBRID,single_category,category_04,932,False,1,0.0967,"[0.05,0.10)",12.600667,1.0,False,exact_bitmap,HNSW_HYBRID,False
2026-08-30T19:37:40.738+00:00,heldout,0,157,SQL_FIRST,three_categories,category_09,915,False,3,0.272595,"[0.25,0.50)",22.297,1.0,True,exact_bitmap,SQL_FIRST,True
2026-08-30T19:37:40.771+00:00,heldout,0,157,VECTOR_FIRST_HNSW,three_categories,category_09,915,False,3,0.272595,"[0.25,0.50)",30.789292,1.0,False,exact_bitmap,SQL_FIRST,False
2026-08-30T19:37:40.792+00:00,heldout,0,157,HNSW_HYBRID,three_categories,category_09,915,False,3,0.272595,"[0.25,0.50)",20.202458,1.0,False,exact_bitmap,SQL_FIRST,False
2026-08-30T19:37:40.819+00:00,heldout,0,157,IVFFLAT_HYBRID,three_categories,category_09,915,False,3,0.272595,"[0.25,0.50)",25.016375,1.0,False,exact_bitmap,SQL_FIRST,False
2026-08-30T19:37:40.843+00:00,heldout,1,157,SQL_FIRST,three_categories,category_09,915,False,3,0.272595,"[0.25,0.50)",24.467125,1.0,True,exact_bitmap,SQL_FIRST,True
2026-08-30T19:37:40.874+00:00,heldout,1,157,VECTOR_FIRST_HNSW,three_categories,category_09,915,False,3,0.272595,"[0.25,0.50)",29.5415,1.0,False,exact_bitmap,SQL_FIRST,False
2026-08-30T19:37:40.895+00:00,heldout,1,157,HNSW_HYBRID,three_categories,category_09,915,False,3,0.272595,"[0.25,0.50)",20.828708,1.0,False,exact_bitmap,SQL_FIRST,False
2026-08-30T19:37:40.915+00:00,heldout,1,157,IVFFLAT_HYBRID,three_categories,category_09,915,False,3,0.272595,"[0.25,0.50)",19.479167,1.0,False,exact_bitmap,SQL_FIRST,False
2026-08-30T19:37:40.921+00:00,heldout,0,45,SQL_FIRST,category_narrow_price,category_07,904,True,0,0.005055,"[0.00,0.05)",3.233167,1.0,True,exact_bitmap,HNSW_HYBRID,False
2026-08-30T19:37:40.953+00:00,heldout,0,45,VECTOR_FIRST_HNSW,category_narrow_price,category_07,904,True,0,0.005055,"[0.00,0.05)",31.04625,0.0,False,exact_bitmap,HNSW_HYBRID,False
2026-08-30T19:37:40.957+00:00,heldout,0,45,HNSW_HYBRID,category_narrow_price,category_07,904,True,0,0.005055,"[0.00,0.05)",2.859125,1.0,False,exact_bitmap,HNSW_HYBRID,True
2026-08-30T19:37:40.963+00:00,heldout,0,45,IVFFLAT_HYBRID,category_narrow_price,category_07,904,True,0,0.005055,"[0.00,0.05)",4.783333,1.0,False,exact_bitmap,HNSW_HYBRID,False
2026-08-30T19:37:40.966+00:00,heldout,1,45,SQL_FIRST,category_narrow_price,category_07,904,True,0,0.005055,"[0.00,0.05)",3.641709,1.0,True,exact_bitmap,HNSW_HYBRID,False
2026-08-30T19:37:41.003+00:00,heldout,1,45,VECTOR_FIRST_HNSW,category_narrow_price,category_07,904,True,0,0.005055,"[0.00,0.05)",36.517167,0.0,False,exact_bitmap,HNSW_HYBRID,False
2026-08-30T19:37:41.007+00:00,heldout,1,45,HNSW_HYBRID,category_narrow_price,category_07,904,True,0,0.005055,"[0.00,0.05)",3.163458,1.0,False,exact_bitmap,HNSW_HYBRID,True
2026-08-30T19:37:41.011+00:00,heldout,1,45,IVFFLAT_HYBRID,category_narrow_price,category_07,904,True,0,0.005055,"[0.00,0.05)",3.568375,1.0,False,exact_bitmap,HNSW_HYBRID,False
2026-08-30T19:37:41.038+00:00,heldout,0,133,SQL_FIRST,two_categories,category_02,718,False,2,0.202665,"[0.10,0.25)",25.701459,1.0,True,exact_bitmap,HNSW_HYBRID,False
2026-08-30T19:37:41.069+00:00,heldout,0,133,VECTOR_FIRST_HNSW,two_categories,category_02,718,False,2,0.202665,"[0.10,0.25)",30.238791,1.0,False,exact_bitmap,HNSW_HYBRID,False
2026-08-30T19:37:41.092+00:00,heldout,0,133,HNSW_HYBRID,two_categories,category_02,718,False,2,0.202665,"[0.10,0.25)",22.3015,1.0,False,exact_bitmap,HNSW_HYBRID,True
2026-08-30T19:37:41.117+00:00,heldout,0,133,IVFFLAT_HYBRID,two_categories,category_02,718,False,2,0.202665,"[0.10,0.25)",23.512917,1.0,False,exact_bitmap,HNSW_HYBRID,False
2026-08-30T19:37:41.141+00:00,heldout,1,133,SQL_FIRST,two_categories,category_02,718,False,2,0.202665,"[0.10,0.25)",23.838209,1.0,True,exact_bitmap,HNSW_HYBRID,False
2026-08-30T19:37:41.173+00:00,heldout,1,133,VECTOR_FIRST_HNSW,two_categories,category_02,718,False,2,0.202665,"[0.10,0.25)",32.138125,1.0,False,exact_bitmap,HNSW_HYBRID,False
2026-08-30T19:37:41.196+00:00,heldout,1,133,HNSW_HYBRID,two_categories,category_02,718,False,2,0.202665,"[0.10,0.25)",22.575291,1.0,False,exact_bitmap,HNSW_HYBRID,True
2026-08-30T19:37:41.221+00:00,heldout,1,133,IVFFLAT_HYBRID,two_categories,category_02,718,False,2,0.202665,"[0.10,0.25)",23.798209,1.0,False,exact_bitmap,HNSW_HYBRID,False
2026-08-30T19:37:41.263+00:00,heldout,0,235,SQL_FIRST,wide_or,category_00,993,False,4,0.99667,"[0.50,1.00)",40.3695,1.0,True,exact_seq,SQL_FIRST,True
2026-08-30T19:37:41.294+00:00,heldout,0,235,VECTOR_FIRST_HNSW,wide_or,category_00,993,False,4,0.99667,"[0.50,1.00)",29.864,1.0,False,exact_bitmap,SQL_FIRST,False
2026-08-30T19:37:41.329+00:00,heldout,0,235,HNSW_HYBRID,wide_or,category_00,993,False,4,0.99667,"[0.50,1.00)",33.105333,1.0,False,exact_seq,SQL_FIRST,False
2026-08-30T19:37:41.364+00:00,heldout,0,235,IVFFLAT_HYBRID,wide_or,category_00,993,False,4,0.99667,"[0.50,1.00)",33.72225,1.0,False,exact_seq,SQL_FIRST,False
2026-08-30T19:37:41.400+00:00,heldout,1,235,SQL_FIRST,wide_or,category_00,993,False,4,0.99667,"[0.50,1.00)",35.7315,1.0,True,exact_seq,SQL_FIRST,True
2026-08-30T19:37:41.433+00:00,heldout,1,235,VECTOR_FIRST_HNSW,wide_or,category_00,993,False,4,0.99667,"[0.50,1.00)",32.482667,1.0,False,exact_bitmap,SQL_FIRST,False
2026-08-30T19:37:41.474+00:00,heldout,1,235,HNSW_HYBRID,wide_or,category_00,993,False,4,0.99667,"[0.50,1.00)",39.825458,1.0,False,exact_seq,SQL_FIRST,False
2026-08-30T19:37:41.508+00:00,heldout,1,235,IVFFLAT_HYBRID,wide_or,category_00,993,False,4,0.99667,"[0.50,1.00)",34.144625,1.0,False,exact_seq,SQL_FIRST,False
2026-08-30T19:37:41.523+00:00,heldout,0,33,SQL_FIRST,category_and_stock,category_02,922,True,0,0.049565,"[0.00,0.05)",11.950667,1.0,True,exact_bitmap,HNSW_HYBRID,False
2026-08-30T19:37:41.558+00:00,heldout,0,33,VECTOR_FIRST_HNSW,category_and_stock,category_02,922,True,0,0.049565,"[0.00,0.05)",32.732292,0.2,False,exact_bitmap,HNSW_HYBRID,False
2026-08-30T19:37:41.569+00:00,heldout,0,33,HNSW_HYBRID,category_and_stock,category_02,922,True,0,0.049565,"[0.00,0.05)",9.910417,1.0,False,exact_bitmap,HNSW_HYBRID,True
2026-08-30T19:37:41.582+00:00,heldout,0,33,IVFFLAT_HYBRID,category_and_stock,category_02,922,True,0,0.049565,"[0.00,0.05)",11.622792,1.0,False,exact_bitmap,HNSW_HYBRID,False
2026-08-30T19:37:41.595+00:00,heldout,1,33,SQL_FIRST,category_and_stock,category_02,922,True,0,0.049565,"[0.00,0.05)",12.612542,1.0,True,exact_bitmap,HNSW_HYBRID,False
2026-08-30T19:37:41.627+00:00,heldout,1,33,VECTOR_FIRST_HNSW,category_and_stock,category_02,922,True,0,0.049565,"[0.00,0.05)",30.857875,0.2,False,exact_bitmap,HNSW_HYBRID,False
2026-08-30T19:37:41.638+00:00,heldout,1,33,HNSW_HYBRID,category_and_stock,category_02,922,True,0,0.049565,"[0.00,0.05)",10.463208,1.0,False,exact_bitmap,HNSW_HYBRID,True
2026-08-30T19:37:41.650+00:00,heldout,1,33,IVFFLAT_HYBRID,category_and_stock,category_02,922,True,0,0.049565,"[0.00,0.05)",11.541791,1.0,False,exact_bitmap,HNSW_HYBRID,False
2026-08-30T19:37:41.675+00:00,heldout,0,200,SQL_FIRST,three_categories,category_04,914,True,3,0.267975,"[0.25,0.50)",22.019708,1.0,True,exact_bitmap,SQL_FIRST,True
2026-08-30T19:37:41.708+00:00,heldout,0,200,VECTOR_FIRST_HNSW,three_categories,category_04,914,True,3,0.267975,"[0.25,0.50)",32.210667,1.0,False,exact_bitmap,SQL_FIRST,False
2026-08-30T19:37:41.730+00:00,heldout,0,200,HNSW_HYBRID,three_categories,category_04,914,True,3,0.267975,"[0.25,0.50)",20.150666,1.0,False,exact_bitmap,SQL_FIRST,False
2026-08-30T19:37:41.752+00:00,heldout,0,200,IVFFLAT_HYBRID,three_categories,category_04,914,True,3,0.267975,"[0.25,0.50)",20.198458,1.0,False,exact_bitmap,SQL_FIRST,False
2026-08-30T19:37:41.776+00:00,heldout,1,200,SQL_FIRST,three_categories,category_04,914,True,3,0.267975,"[0.25,0.50)",23.926458,1.0,True,exact_bitmap,SQL_FIRST,True
2026-08-30T19:37:41.807+00:00,heldout,1,200,VECTOR_FIRST_HNSW,three_categories,category_04,914,True,3,0.267975,"[0.25,0.50)",30.52125,1.0,False,exact_bitmap,SQL_FIRST,False
2026-08-30T19:37:41.828+00:00,heldout,1,200,HNSW_HYBRID,three_categories,category_04,914,True,3,0.267975,"[0.25,0.50)",20.328916,1.0,False,exact_bitmap,SQL_FIRST,False
2026-08-30T19:37:41.849+00:00,heldout,1,200,IVFFLAT_HYBRID,three_categories,category_04,914,True,3,0.267975,"[0.25,0.50)",20.171958,1.0,False,exact_bitmap,SQL_FIRST,False
2026-08-30T19:37:41.861+00:00,heldout,0,25,SQL_FIRST,category_and_stock,category_02,444,True,0,0.049565,"[0.00,0.05)",10.252167,1.0,True,exact_bitmap,HNSW_HYBRID,False
2026-08-30T19:37:41.893+00:00,heldout,0,25,VECTOR_FIRST_HNSW,category_and_stock,category_02,444,True,0,0.049565,"[0.00,0.05)",30.544375,0.4,False,exact_bitmap,HNSW_HYBRID,False
2026-08-30T19:37:41.906+00:00,heldout,0,25,HNSW_HYBRID,category_and_stock,category_02,444,True,0,0.049565,"[0.00,0.05)",10.670084,1.0,False,exact_bitmap,HNSW_HYBRID,True
2026-08-30T19:37:41.920+00:00,heldout,0,25,IVFFLAT_HYBRID,category_and_stock,category_02,444,True,0,0.049565,"[0.00,0.05)",12.158458,1.0,False,exact_bitmap,HNSW_HYBRID,False
2026-08-30T19:37:41.933+00:00,heldout,1,25,SQL_FIRST,category_and_stock,category_02,444,True,0,0.049565,"[0.00,0.05)",12.518667,1.0,True,exact_bitmap,HNSW_HYBRID,False
2026-08-30T19:37:41.967+00:00,heldout,1,25,VECTOR_FIRST_HNSW,category_and_stock,category_02,444,True,0,0.049565,"[0.00,0.05)",33.09625,0.4,False,exact_bitmap,HNSW_HYBRID,False
2026-08-30T19:37:41.978+00:00,heldout,1,25,HNSW_HYBRID,category_and_stock,category_02,444,True,0,0.049565,"[0.00,0.05)",10.872209,1.0,False,exact_bitmap,HNSW_HYBRID,True
2026-08-30T19:37:41.990+00:00,heldout,1,25,IVFFLAT_HYBRID,category_and_stock,category_02,444,True,0,0.049565,"[0.00,0.05)",11.656584,1.0,False,exact_bitmap,HNSW_HYBRID,False
2026-08-30T19:37:42.007+00:00,heldout,0,69,SQL_FIRST,single_category,category_02,30,False,1,0.098965,"[0.05,0.10)",15.387333,1.0,True,exact_bitmap,HNSW_HYBRID,False
2026-08-30T19:37:42.039+00:00,heldout,0,69,VECTOR_FIRST_HNSW,single_category,category_02,30,False,1,0.098965,"[0.05,0.10)",31.416416,1.0,False,exact_bitmap,HNSW_HYBRID,False
2026-08-30T19:37:42.052+00:00,heldout,0,69,HNSW_HYBRID,single_category,category_02,30,False,1,0.098965,"[0.05,0.10)",12.535209,1.0,False,exact_bitmap,HNSW_HYBRID,True
2026-08-30T19:37:42.068+00:00,heldout,0,69,IVFFLAT_HYBRID,single_category,category_02,30,False,1,0.098965,"[0.05,0.10)",14.027708,1.0,False,exact_bitmap,HNSW_HYBRID,False
2026-08-30T19:37:42.082+00:00,heldout,1,69,SQL_FIRST,single_category,category_02,30,False,1,0.098965,"[0.05,0.10)",13.823667,1.0,True,exact_bitmap,HNSW_HYBRID,False
2026-08-30T19:37:42.113+00:00,heldout,1,69,VECTOR_FIRST_HNSW,single_category,category_02,30,False,1,0.098965,"[0.05,0.10)",30.126084,1.0,False,exact_bitmap,HNSW_HYBRID,False
2026-08-30T19:37:42.126+00:00,heldout,1,69,HNSW_HYBRID,single_category,category_02,30,False,1,0.098965,"[0.05,0.10)",12.8755,1.0,False,exact_bitmap,HNSW_HYBRID,True
2026-08-30T19:37:42.141+00:00,heldout,1,69,IVFFLAT_HYBRID,single_category,category_02,30,False,1,0.098965,"[0.05,0.10)",14.053417,1.0,False,exact_bitmap,HNSW_HYBRID,False
2026-08-30T19:37:42.158+00:00,heldout,0,113,SQL_FIRST,price_range_mid,category_00,227,True,2,0.10058,"[0.10,0.25)",15.535709,1.0,True,exact_bitmap,HNSW_HYBRID,False
2026-08-30T19:37:42.192+00:00,heldout,0,113,VECTOR_FIRST_HNSW,price_range_mid,category_00,227,True,2,0.10058,"[0.10,0.25)",30.228833,1.0,False,exact_bitmap,HNSW_HYBRID,False
2026-08-30T19:37:42.208+00:00,heldout,0,113,HNSW_HYBRID,price_range_mid,category_00,227,True,2,0.10058,"[0.10,0.25)",14.301,1.0,False,exact_bitmap,HNSW_HYBRID,True
2026-08-30T19:37:42.224+00:00,heldout,0,113,IVFFLAT_HYBRID,price_range_mid,category_00,227,True,2,0.10058,"[0.10,0.25)",14.588833,1.0,False,exact_bitmap,HNSW_HYBRID,False
2026-08-30T19:37:42.242+00:00,heldout,1,113,SQL_FIRST,price_range_mid,category_00,227,True,2,0.10058,"[0.10,0.25)",14.976208,1.0,True,exact_bitmap,HNSW_HYBRID,False
2026-08-30T19:37:42.273+00:00,heldout,1,113,VECTOR_FIRST_HNSW,price_range_mid,category_00,227,True,2,0.10058,"[0.10,0.25)",30.356625,1.0,False,exact_bitmap,HNSW_HYBRID,False
2026-08-30T19:37:42.287+00:00,heldout,1,113,HNSW_HYBRID,price_range_mid,category_00,227,True,2,0.10058,"[0.10,0.25)",13.478791,1.0,False,exact_bitmap,HNSW_HYBRID,True
2026-08-30T19:37:42.303+00:00,heldout,1,113,IVFFLAT_HYBRID,price_range_mid,category_00,227,True,2,0.10058,"[0.10,0.25)",14.702583,1.0,False,exact_bitmap,HNSW_HYBRID,False
2026-08-30T19:37:42.330+00:00,heldout,0,117,SQL_FIRST,two_categories,category_02,197,True,2,0.202665,"[0.10,0.25)",23.894333,1.0,True,exact_bitmap,HNSW_HYBRID,False
2026-08-30T19:37:42.362+00:00,heldout,0,117,VECTOR_FIRST_HNSW,two_categories,category_02,197,True,2,0.202665,"[0.10,0.25)",30.0415,1.0,False,exact_bitmap,HNSW_HYBRID,False
2026-08-30T19:37:42.386+00:00,heldout,0,117,HNSW_HYBRID,two_categories,category_02,197,True,2,0.202665,"[0.10,0.25)",22.346583,1.0,False,exact_bitmap,HNSW_HYBRID,True
2026-08-30T19:37:42.411+00:00,heldout,0,117,IVFFLAT_HYBRID,two_categories,category_02,197,True,2,0.202665,"[0.10,0.25)",23.799709,1.0,False,exact_bitmap,HNSW_HYBRID,False
2026-08-30T19:37:42.436+00:00,heldout,1,117,SQL_FIRST,two_categories,category_02,197,True,2,0.202665,"[0.10,0.25)",23.937667,1.0,True,exact_bitmap,HNSW_HYBRID,False
2026-08-30T19:37:42.469+00:00,heldout,1,117,VECTOR_FIRST_HNSW,two_categories,category_02,197,True,2,0.202665,"[0.10,0.25)",32.703167,1.0,False,exact_bitmap,HNSW_HYBRID,False
2026-08-30T19:37:42.493+00:00,heldout,1,117,HNSW_HYBRID,two_categories,category_02,197,True,2,0.202665,"[0.10,0.25)",23.469584,1.0,False,exact_bitmap,HNSW_HYBRID,True
2026-08-30T19:37:42.518+00:00,heldout,1,117,IVFFLAT_HYBRID,two_categories,category_02,197,True,2,0.202665,"[0.10,0.25)",24.616333,1.0,False,exact_bitmap,HNSW_HYBRID,False
2026-08-30T19:37:42.532+00:00,heldout,0,47,SQL_FIRST,category_and_stock,category_04,997,True,0,0.04843,"[0.00,0.05)",11.600667,1.0,True,exact_bitmap,HNSW_HYBRID,False
2026-08-30T19:37:42.567+00:00,heldout,0,47,VECTOR_FIRST_HNSW,category_and_stock,category_04,997,True,0,0.04843,"[0.00,0.05)",32.888292,0.4,False,exact_bitmap,HNSW_HYBRID,False
2026-08-30T19:37:42.579+00:00,heldout,0,47,HNSW_HYBRID,category_and_stock,category_04,997,True,0,0.04843,"[0.00,0.05)",10.945708,1.0,False,exact_bitmap,HNSW_HYBRID,True
2026-08-30T19:37:42.592+00:00,heldout,0,47,IVFFLAT_HYBRID,category_and_stock,category_04,997,True,0,0.04843,"[0.00,0.05)",11.9,1.0,False,exact_bitmap,HNSW_HYBRID,False
2026-08-30T19:37:42.604+00:00,heldout,1,47,SQL_FIRST,category_and_stock,category_04,997,True,0,0.04843,"[0.00,0.05)",11.589542,1.0,True,exact_bitmap,HNSW_HYBRID,False
2026-08-30T19:37:42.637+00:00,heldout,1,47,VECTOR_FIRST_HNSW,category_and_stock,category_04,997,True,0,0.04843,"[0.00,0.05)",32.498334,0.4,False,exact_bitmap,HNSW_HYBRID,False
2026-08-30T19:37:42.647+00:00,heldout,1,47,HNSW_HYBRID,category_and_stock,category_04,997,True,0,0.04843,"[0.00,0.05)",10.21075,1.0,False,exact_bitmap,HNSW_HYBRID,True
2026-08-30T19:37:42.660+00:00,heldout,1,47,IVFFLAT_HYBRID,category_and_stock,category_04,997,True,0,0.04843,"[0.00,0.05)",11.621333,1.0,False,exact_bitmap,HNSW_HYBRID,False
2026-08-30T19:37:42.676+00:00,heldout,0,88,SQL_FIRST,single_category,category_08,170,False,1,0.098665,"[0.05,0.10)",14.057125,1.0,True,exact_bitmap,HNSW_HYBRID,False
2026-08-30T19:37:42.708+00:00,heldout,0,88,VECTOR_FIRST_HNSW,single_category,category_08,170,False,1,0.098665,"[0.05,0.10)",30.343459,0.5,False,exact_bitmap,HNSW_HYBRID,False
2026-08-30T19:37:42.722+00:00,heldout,0,88,HNSW_HYBRID,single_category,category_08,170,False,1,0.098665,"[0.05,0.10)",12.854458,1.0,False,exact_bitmap,HNSW_HYBRID,True
2026-08-30T19:37:42.738+00:00,heldout,0,88,IVFFLAT_HYBRID,single_category,category_08,170,False,1,0.098665,"[0.05,0.10)",14.024042,1.0,False,exact_bitmap,HNSW_HYBRID,False
2026-08-30T19:37:42.752+00:00,heldout,1,88,SQL_FIRST,single_category,category_08,170,False,1,0.098665,"[0.05,0.10)",14.068875,1.0,True,exact_bitmap,HNSW_HYBRID,False
2026-08-30T19:37:42.783+00:00,heldout,1,88,VECTOR_FIRST_HNSW,single_category,category_08,170,False,1,0.098665,"[0.05,0.10)",30.738417,0.5,False,exact_bitmap,HNSW_HYBRID,False
2026-08-30T19:37:42.797+00:00,heldout,1,88,HNSW_HYBRID,single_category,category_08,170,False,1,0.098665,"[0.05,0.10)",13.289959,1.0,False,exact_bitmap,HNSW_HYBRID,True
2026-08-30T19:37:42.812+00:00,heldout,1,88,IVFFLAT_HYBRID,single_category,category_08,170,False,1,0.098665,"[0.05,0.10)",14.215166,1.0,False,exact_bitmap,HNSW_HYBRID,False
2026-08-30T19:37:42.829+00:00,heldout,0,85,SQL_FIRST,single_category,category_04,839,False,1,0.0967,"[0.05,0.10)",14.24975,1.0,True,exact_bitmap,HNSW_HYBRID,False
2026-08-30T19:37:42.860+00:00,heldout,0,85,VECTOR_FIRST_HNSW,single_category,category_04,839,False,1,0.0967,"[0.05,0.10)",30.058959,1.0,False,exact_bitmap,HNSW_HYBRID,False
2026-08-30T19:37:42.874+00:00,heldout,0,85,HNSW_HYBRID,single_category,category_04,839,False,1,0.0967,"[0.05,0.10)",12.997209,1.0,False,exact_bitmap,HNSW_HYBRID,True
2026-08-30T19:37:42.889+00:00,heldout,0,85,IVFFLAT_HYBRID,single_category,category_04,839,False,1,0.0967,"[0.05,0.10)",13.828875,1.0,False,exact_bitmap,HNSW_HYBRID,False
2026-08-30T19:37:42.903+00:00,heldout,1,85,SQL_FIRST,single_category,category_04,839,False,1,0.0967,"[0.05,0.10)",13.870958,1.0,True,exact_bitmap,HNSW_HYBRID,False
2026-08-30T19:37:42.934+00:00,heldout,1,85,VECTOR_FIRST_HNSW,single_category,category_04,839,False,1,0.0967,"[0.05,0.10)",30.565583,1.0,False,exact_bitmap,HNSW_HYBRID,False
2026-08-30T19:37:42.947+00:00,heldout,1,85,HNSW_HYBRID,single_category,category_04,839,False,1,0.0967,"[0.05,0.10)",12.730042,1.0,False,exact_bitmap,HNSW_HYBRID,True
2026-08-30T19:37:42.962+00:00,heldout,1,85,IVFFLAT_HYBRID,single_category,category_04,839,False,1,0.0967,"[0.05,0.10)",14.309208,1.0,False,exact_bitmap,HNSW_HYBRID,False
2026-08-30T19:37:42.978+00:00,heldout,0,99,SQL_FIRST,single_category,category_08,379,False,1,0.098665,"[0.05,0.10)",14.719792,1.0,True,exact_bitmap,HNSW_HYBRID,False
2026-08-30T19:37:43.012+00:00,heldout,0,99,VECTOR_FIRST_HNSW,single_category,category_08,379,False,1,0.098665,"[0.05,0.10)",32.84825,0.9,False,exact_bitmap,HNSW_HYBRID,False
2026-08-30T19:37:43.026+00:00,heldout,0,99,HNSW_HYBRID,single_category,category_08,379,False,1,0.098665,"[0.05,0.10)",13.145084,1.0,False,exact_bitmap,HNSW_HYBRID,True
2026-08-30T19:37:43.041+00:00,heldout,0,99,IVFFLAT_HYBRID,single_category,category_08,379,False,1,0.098665,"[0.05,0.10)",13.909334,1.0,False,exact_bitmap,HNSW_HYBRID,False
2026-08-30T19:37:43.055+00:00,heldout,1,99,SQL_FIRST,single_category,category_08,379,False,1,0.098665,"[0.05,0.10)",13.800791,1.0,True,exact_bitmap,HNSW_HYBRID,False
2026-08-30T19:37:43.085+00:00,heldout,1,99,VECTOR_FIRST_HNSW,single_category,category_08,379,False,1,0.098665,"[0.05,0.10)",30.066209,0.9,False,exact_bitmap,HNSW_HYBRID,False
2026-08-30T19:37:43.099+00:00,heldout,1,99,HNSW_HYBRID,single_category,category_08,379,False,1,0.098665,"[0.05,0.10)",13.100875,1.0,False,exact_bitmap,HNSW_HYBRID,True
2026-08-30T19:37:43.114+00:00,heldout,1,99,IVFFLAT_HYBRID,single_category,category_08,379,False,1,0.098665,"[0.05,0.10)",13.929375,1.0,False,exact_bitmap,HNSW_HYBRID,False
2026-08-30T19:37:43.131+00:00,heldout,0,80,SQL_FIRST,single_category,category_09,636,True,1,0.0999,"[0.05,0.10)",14.223375,1.0,True,exact_bitmap,HNSW_HYBRID,False
2026-08-30T19:37:43.163+00:00,heldout,0,80,VECTOR_FIRST_HNSW,single_category,category_09,636,True,1,0.0999,"[0.05,0.10)",30.540584,1.0,False,exact_bitmap,HNSW_HYBRID,False
2026-08-30T19:37:43.177+00:00,heldout,0,80,HNSW_HYBRID,single_category,category_09,636,True,1,0.0999,"[0.05,0.10)",12.778083,1.0,False,exact_bitmap,HNSW_HYBRID,True
2026-08-30T19:37:43.192+00:00,heldout,0,80,IVFFLAT_HYBRID,single_category,category_09,636,True,1,0.0999,"[0.05,0.10)",14.165542,1.0,False,exact_bitmap,HNSW_HYBRID,False
2026-08-30T19:37:43.207+00:00,heldout,1,80,SQL_FIRST,single_category,category_09,636,True,1,0.0999,"[0.05,0.10)",14.095083,1.0,True,exact_bitmap,HNSW_HYBRID,False
2026-08-30T19:37:43.238+00:00,heldout,1,80,VECTOR_FIRST_HNSW,single_category,category_09,636,True,1,0.0999,"[0.05,0.10)",30.307583,1.0,False,exact_bitmap,HNSW_HYBRID,False
2026-08-30T19:37:43.251+00:00,heldout,1,80,HNSW_HYBRID,single_category,category_09,636,True,1,0.0999,"[0.05,0.10)",12.714375,1.0,False,exact_bitmap,HNSW_HYBRID,True
2026-08-30T19:37:43.265+00:00,heldout,1,80,IVFFLAT_HYBRID,single_category,category_09,636,True,1,0.0999,"[0.05,0.10)",14.192791,1.0,False,exact_bitmap,HNSW_HYBRID,False
2026-08-30T19:37:43.291+00:00,heldout,0,221,SQL_FIRST,stock_alone,category_03,706,True,4,0.500835,"[0.50,1.00)",23.845,1.0,True,exact_seq,SQL_FIRST,True
2026-08-30T19:37:43.322+00:00,heldout,0,221,VECTOR_FIRST_HNSW,stock_alone,category_03,706,True,4,0.500835,"[0.50,1.00)",28.710333,1.0,False,exact_bitmap,SQL_FIRST,False
2026-08-30T19:37:43.346+00:00,heldout,0,221,HNSW_HYBRID,stock_alone,category_03,706,True,4,0.500835,"[0.50,1.00)",22.942125,1.0,False,exact_seq,SQL_FIRST,False
2026-08-30T19:37:43.371+00:00,heldout,0,221,IVFFLAT_HYBRID,stock_alone,category_03,706,True,4,0.500835,"[0.50,1.00)",23.206459,1.0,False,exact_seq,SQL_FIRST,False
2026-08-30T19:37:43.394+00:00,heldout,1,221,SQL_FIRST,stock_alone,category_03,706,True,4,0.500835,"[0.50,1.00)",22.650333,1.0,True,exact_seq,SQL_FIRST,True
2026-08-30T19:37:43.423+00:00,heldout,1,221,VECTOR_FIRST_HNSW,stock_alone,category_03,706,True,4,0.500835,"[0.50,1.00)",28.634833,1.0,False,exact_bitmap,SQL_FIRST,False
2026-08-30T19:37:43.447+00:00,heldout,1,221,HNSW_HYBRID,stock_alone,category_03,706,True,4,0.500835,"[0.50,1.00)",22.8435,1.0,False,exact_seq,SQL_FIRST,False
2026-08-30T19:37:43.470+00:00,heldout,1,221,IVFFLAT_HYBRID,stock_alone,category_03,706,True,4,0.500835,"[0.50,1.00)",22.7555,1.0,False,exact_seq,SQL_FIRST,False
2026-08-30T19:37:43.496+00:00,heldout,0,137,SQL_FIRST,two_categories,category_03,385,False,2,0.2004,"[0.10,0.25)",24.127417,1.0,True,exact_bitmap,HNSW_HYBRID,False
2026-08-30T19:37:43.528+00:00,heldout,0,137,VECTOR_FIRST_HNSW,two_categories,category_03,385,False,2,0.2004,"[0.10,0.25)",30.911875,1.0,False,exact_bitmap,HNSW_HYBRID,False
2026-08-30T19:37:43.553+00:00,heldout,0,137,HNSW_HYBRID,two_categories,category_03,385,False,2,0.2004,"[0.10,0.25)",22.9875,1.0,False,exact_bitmap,HNSW_HYBRID,True
2026-08-30T19:37:43.578+00:00,heldout,0,137,IVFFLAT_HYBRID,two_categories,category_03,385,False,2,0.2004,"[0.10,0.25)",24.185625,1.0,False,exact_bitmap,HNSW_HYBRID,False
2026-08-30T19:37:43.603+00:00,heldout,1,137,SQL_FIRST,two_categories,category_03,385,False,2,0.2004,"[0.10,0.25)",24.664,1.0,True,exact_bitmap,HNSW_HYBRID,False
2026-08-30T19:37:43.635+00:00,heldout,1,137,VECTOR_FIRST_HNSW,two_categories,category_03,385,False,2,0.2004,"[0.10,0.25)",31.318375,1.0,False,exact_bitmap,HNSW_HYBRID,False
2026-08-30T19:37:43.659+00:00,heldout,1,137,HNSW_HYBRID,two_categories,category_03,385,False,2,0.2004,"[0.10,0.25)",23.229416,1.0,False,exact_bitmap,HNSW_HYBRID,True
2026-08-30T19:37:43.684+00:00,heldout,1,137,IVFFLAT_HYBRID,two_categories,category_03,385,False,2,0.2004,"[0.10,0.25)",24.08625,1.0,False,exact_bitmap,HNSW_HYBRID,False
2026-08-30T19:37:43.701+00:00,heldout,0,67,SQL_FIRST,single_category,category_04,372,True,1,0.0967,"[0.05,0.10)",14.040416,1.0,True,exact_bitmap,HNSW_HYBRID,False
2026-08-30T19:37:43.734+00:00,heldout,0,67,VECTOR_FIRST_HNSW,single_category,category_04,372,True,1,0.0967,"[0.05,0.10)",31.743,0.9,False,exact_bitmap,HNSW_HYBRID,False
2026-08-30T19:37:43.748+00:00,heldout,0,67,HNSW_HYBRID,single_category,category_04,372,True,1,0.0967,"[0.05,0.10)",12.628583,1.0,False,exact_bitmap,HNSW_HYBRID,True
2026-08-30T19:37:43.764+00:00,heldout,0,67,IVFFLAT_HYBRID,single_category,category_04,372,True,1,0.0967,"[0.05,0.10)",14.031625,1.0,False,exact_bitmap,HNSW_HYBRID,False
2026-08-30T19:37:43.778+00:00,heldout,1,67,SQL_FIRST,single_category,category_04,372,True,1,0.0967,"[0.05,0.10)",14.009,1.0,True,exact_bitmap,HNSW_HYBRID,False
2026-08-30T19:37:43.809+00:00,heldout,1,67,VECTOR_FIRST_HNSW,single_category,category_04,372,True,1,0.0967,"[0.05,0.10)",30.201875,0.9,False,exact_bitmap,HNSW_HYBRID,False
2026-08-30T19:37:43.822+00:00,heldout,1,67,HNSW_HYBRID,single_category,category_04,372,True,1,0.0967,"[0.05,0.10)",12.766417,1.0,False,exact_bitmap,HNSW_HYBRID,True
2026-08-30T19:37:43.837+00:00,heldout,1,67,IVFFLAT_HYBRID,single_category,category_04,372,True,1,0.0967,"[0.05,0.10)",14.055,1.0,False,exact_bitmap,HNSW_HYBRID,False
2026-08-30T19:37:43.863+00:00,heldout,0,116,SQL_FIRST,two_categories,category_01,459,True,2,0.197635,"[0.10,0.25)",23.623875,1.0,True,exact_bitmap,HNSW_HYBRID,False
2026-08-30T19:37:43.895+00:00,heldout,0,116,VECTOR_FIRST_HNSW,two_categories,category_01,459,True,2,0.197635,"[0.10,0.25)",30.135917,1.0,False,exact_bitmap,HNSW_HYBRID,False
2026-08-30T19:37:43.918+00:00,heldout,0,116,HNSW_HYBRID,two_categories,category_01,459,True,2,0.197635,"[0.10,0.25)",22.294,1.0,False,exact_bitmap,HNSW_HYBRID,True
2026-08-30T19:37:43.944+00:00,heldout,0,116,IVFFLAT_HYBRID,two_categories,category_01,459,True,2,0.197635,"[0.10,0.25)",23.68525,1.0,False,exact_bitmap,HNSW_HYBRID,False
2026-08-30T19:37:43.968+00:00,heldout,1,116,SQL_FIRST,two_categories,category_01,459,True,2,0.197635,"[0.10,0.25)",23.823083,1.0,True,exact_bitmap,HNSW_HYBRID,False
2026-08-30T19:37:43.999+00:00,heldout,1,116,VECTOR_FIRST_HNSW,two_categories,category_01,459,True,2,0.197635,"[0.10,0.25)",30.671833,1.0,False,exact_bitmap,HNSW_HYBRID,False
2026-08-30T19:37:44.023+00:00,heldout,1,116,HNSW_HYBRID,two_categories,category_01,459,True,2,0.197635,"[0.10,0.25)",23.783792,1.0,False,exact_bitmap,HNSW_HYBRID,True
2026-08-30T19:37:44.048+00:00,heldout,1,116,IVFFLAT_HYBRID,two_categories,category_01,459,True,2,0.197635,"[0.10,0.25)",24.840417,1.0,False,exact_bitmap,HNSW_HYBRID,False
2026-08-30T19:37:44.079+00:00,heldout,0,239,SQL_FIRST,wide_or,category_05,191,False,4,0.632965,"[0.50,1.00)",29.683167,1.0,True,exact_seq,SQL_FIRST,True
2026-08-30T19:37:44.110+00:00,heldout,0,239,VECTOR_FIRST_HNSW,wide_or,category_05,191,False,4,0.632965,"[0.50,1.00)",28.985375,1.0,False,exact_bitmap,SQL_FIRST,False
2026-08-30T19:37:44.139+00:00,heldout,0,239,HNSW_HYBRID,wide_or,category_05,191,False,4,0.632965,"[0.50,1.00)",27.902333,1.0,False,exact_seq,SQL_FIRST,False
2026-08-30T19:37:44.168+00:00,heldout,0,239,IVFFLAT_HYBRID,wide_or,category_05,191,False,4,0.632965,"[0.50,1.00)",28.038917,1.0,False,exact_seq,SQL_FIRST,False
2026-08-30T19:37:44.196+00:00,heldout,1,239,SQL_FIRST,wide_or,category_05,191,False,4,0.632965,"[0.50,1.00)",27.490916,1.0,True,exact_seq,SQL_FIRST,True
2026-08-30T19:37:44.226+00:00,heldout,1,239,VECTOR_FIRST_HNSW,wide_or,category_05,191,False,4,0.632965,"[0.50,1.00)",29.13,1.0,False,exact_bitmap,SQL_FIRST,False
2026-08-30T19:37:44.254+00:00,heldout,1,239,HNSW_HYBRID,wide_or,category_05,191,False,4,0.632965,"[0.50,1.00)",27.377958,1.0,False,exact_seq,SQL_FIRST,False
2026-08-30T19:37:44.282+00:00,heldout,1,239,IVFFLAT_HYBRID,wide_or,category_05,191,False,4,0.632965,"[0.50,1.00)",27.533833,1.0,False,exact_seq,SQL_FIRST,False
2026-08-30T19:37:44.296+00:00,heldout,0,7,SQL_FIRST,category_and_stock,category_05,610,False,0,0.049935,"[0.00,0.05)",10.89475,1.0,True,exact_bitmap,HNSW_HYBRID,False
2026-08-30T19:37:44.328+00:00,heldout,0,7,VECTOR_FIRST_HNSW,category_and_stock,category_05,610,False,0,0.049935,"[0.00,0.05)",30.790583,0.8,False,exact_bitmap,HNSW_HYBRID,False
2026-08-30T19:37:44.341+00:00,heldout,0,7,HNSW_HYBRID,category_and_stock,category_05,610,False,0,0.049935,"[0.00,0.05)",10.752459,1.0,False,exact_bitmap,HNSW_HYBRID,True
2026-08-30T19:37:44.354+00:00,heldout,0,7,IVFFLAT_HYBRID,category_and_stock,category_05,610,False,0,0.049935,"[0.00,0.05)",11.806125,1.0,False,exact_bitmap,HNSW_HYBRID,False
2026-08-30T19:37:44.366+00:00,heldout,1,7,SQL_FIRST,category_and_stock,category_05,610,False,0,0.049935,"[0.00,0.05)",11.516375,1.0,True,exact_bitmap,HNSW_HYBRID,False
2026-08-30T19:37:44.396+00:00,heldout,1,7,VECTOR_FIRST_HNSW,category_and_stock,category_05,610,False,0,0.049935,"[0.00,0.05)",30.044917,0.8,False,exact_bitmap,HNSW_HYBRID,False
2026-08-30T19:37:44.407+00:00,heldout,1,7,HNSW_HYBRID,category_and_stock,category_05,610,False,0,0.049935,"[0.00,0.05)",10.413958,1.0,False,exact_bitmap,HNSW_HYBRID,True
2026-08-30T19:37:44.420+00:00,heldout,1,7,IVFFLAT_HYBRID,category_and_stock,category_05,610,False,0,0.049935,"[0.00,0.05)",11.718667,1.0,False,exact_bitmap,HNSW_HYBRID,False
2026-08-30T19:37:44.447+00:00,heldout,0,111,SQL_FIRST,two_categories,category_08,166,True,2,0.198565,"[0.10,0.25)",24.01175,1.0,True,exact_bitmap,HNSW_HYBRID,False
2026-08-30T19:37:44.479+00:00,heldout,0,111,VECTOR_FIRST_HNSW,two_categories,category_08,166,True,2,0.198565,"[0.10,0.25)",30.102667,1.0,False,exact_bitmap,HNSW_HYBRID,False
2026-08-30T19:37:44.503+00:00,heldout,0,111,HNSW_HYBRID,two_categories,category_08,166,True,2,0.198565,"[0.10,0.25)",23.12675,1.0,False,exact_bitmap,HNSW_HYBRID,True
2026-08-30T19:37:44.529+00:00,heldout,0,111,IVFFLAT_HYBRID,two_categories,category_08,166,True,2,0.198565,"[0.10,0.25)",24.618209,1.0,False,exact_bitmap,HNSW_HYBRID,False
2026-08-30T19:37:44.554+00:00,heldout,1,111,SQL_FIRST,two_categories,category_08,166,True,2,0.198565,"[0.10,0.25)",24.96125,1.0,True,exact_bitmap,HNSW_HYBRID,False
2026-08-30T19:37:44.583+00:00,heldout,1,111,VECTOR_FIRST_HNSW,two_categories,category_08,166,True,2,0.198565,"[0.10,0.25)",27.435291,1.0,False,exact_bitmap,HNSW_HYBRID,False
2026-08-30T19:37:44.605+00:00,heldout,1,111,HNSW_HYBRID,two_categories,category_08,166,True,2,0.198565,"[0.10,0.25)",21.799042,1.0,False,exact_bitmap,HNSW_HYBRID,True
2026-08-30T19:37:44.630+00:00,heldout,1,111,IVFFLAT_HYBRID,two_categories,category_08,166,True,2,0.198565,"[0.10,0.25)",24.398875,1.0,False,exact_bitmap,HNSW_HYBRID,False
2026-08-30T19:37:44.634+00:00,heldout,0,12,SQL_FIRST,category_narrow_price,category_06,228,True,0,0.00499,"[0.00,0.05)",3.528708,1.0,True,exact_bitmap,HNSW_HYBRID,False
2026-08-30T19:37:44.666+00:00,heldout,0,12,VECTOR_FIRST_HNSW,category_narrow_price,category_06,228,True,0,0.00499,"[0.00,0.05)",30.824875,0.0,False,exact_bitmap,HNSW_HYBRID,False
2026-08-30T19:37:44.669+00:00,heldout,0,12,HNSW_HYBRID,category_narrow_price,category_06,228,True,0,0.00499,"[0.00,0.05)",2.634833,1.0,False,exact_bitmap,HNSW_HYBRID,True
2026-08-30T19:37:44.673+00:00,heldout,0,12,IVFFLAT_HYBRID,category_narrow_price,category_06,228,True,0,0.00499,"[0.00,0.05)",2.722583,1.0,False,exact_bitmap,HNSW_HYBRID,False
2026-08-30T19:37:44.676+00:00,heldout,1,12,SQL_FIRST,category_narrow_price,category_06,228,True,0,0.00499,"[0.00,0.05)",2.997041,1.0,True,exact_bitmap,HNSW_HYBRID,False
2026-08-30T19:37:44.708+00:00,heldout,1,12,VECTOR_FIRST_HNSW,category_narrow_price,category_06,228,True,0,0.00499,"[0.00,0.05)",31.285375,0.0,False,exact_bitmap,HNSW_HYBRID,False
2026-08-30T19:37:44.711+00:00,heldout,1,12,HNSW_HYBRID,category_narrow_price,category_06,228,True,0,0.00499,"[0.00,0.05)",3.094291,1.0,False,exact_bitmap,HNSW_HYBRID,True
2026-08-30T19:37:44.713+00:00,heldout,1,12,IVFFLAT_HYBRID,category_narrow_price,category_06,228,True,0,0.00499,"[0.00,0.05)",2.117583,1.0,False,exact_bitmap,HNSW_HYBRID,False
2026-08-30T19:37:44.728+00:00,heldout,0,76,SQL_FIRST,single_category,category_09,208,True,1,0.0999,"[0.05,0.10)",14.05225,1.0,True,exact_bitmap,HNSW_HYBRID,False
2026-08-30T19:37:44.760+00:00,heldout,0,76,VECTOR_FIRST_HNSW,single_category,category_09,208,True,1,0.0999,"[0.05,0.10)",30.23375,0.8,False,exact_bitmap,HNSW_HYBRID,False
2026-08-30T19:37:44.774+00:00,heldout,0,76,HNSW_HYBRID,single_category,category_09,208,True,1,0.0999,"[0.05,0.10)",12.90025,1.0,False,exact_bitmap,HNSW_HYBRID,True
2026-08-30T19:37:44.789+00:00,heldout,0,76,IVFFLAT_HYBRID,single_category,category_09,208,True,1,0.0999,"[0.05,0.10)",14.049666,1.0,False,exact_bitmap,HNSW_HYBRID,False
2026-08-30T19:37:44.804+00:00,heldout,1,76,SQL_FIRST,single_category,category_09,208,True,1,0.0999,"[0.05,0.10)",14.568792,1.0,True,exact_bitmap,HNSW_HYBRID,False
2026-08-30T19:37:44.836+00:00,heldout,1,76,VECTOR_FIRST_HNSW,single_category,category_09,208,True,1,0.0999,"[0.05,0.10)",31.614584,0.8,False,exact_bitmap,HNSW_HYBRID,False
2026-08-30T19:37:44.850+00:00,heldout,1,76,HNSW_HYBRID,single_category,category_09,208,True,1,0.0999,"[0.05,0.10)",13.321625,1.0,False,exact_bitmap,HNSW_HYBRID,True
2026-08-30T19:37:44.865+00:00,heldout,1,76,IVFFLAT_HYBRID,single_category,category_09,208,True,1,0.0999,"[0.05,0.10)",14.418333,1.0,False,exact_bitmap,HNSW_HYBRID,False
2026-08-30T19:37:44.888+00:00,heldout,0,188,SQL_FIRST,three_categories,category_06,753,False,3,0.269895,"[0.25,0.50)",21.4215,1.0,True,exact_bitmap,SQL_FIRST,True
2026-08-30T19:37:44.919+00:00,heldout,0,188,VECTOR_FIRST_HNSW,three_categories,category_06,753,False,3,0.269895,"[0.25,0.50)",29.004209,1.0,False,exact_bitmap,SQL_FIRST,False
2026-08-30T19:37:44.938+00:00,heldout,0,188,HNSW_HYBRID,three_categories,category_06,753,False,3,0.269895,"[0.25,0.50)",17.91575,1.0,False,exact_bitmap,SQL_FIRST,False
2026-08-30T19:37:44.960+00:00,heldout,0,188,IVFFLAT_HYBRID,three_categories,category_06,753,False,3,0.269895,"[0.25,0.50)",20.7395,1.0,False,exact_bitmap,SQL_FIRST,False
2026-08-30T19:37:44.986+00:00,heldout,1,188,SQL_FIRST,three_categories,category_06,753,False,3,0.269895,"[0.25,0.50)",25.815709,1.0,True,exact_bitmap,SQL_FIRST,True
2026-08-30T19:37:45.028+00:00,heldout,1,188,VECTOR_FIRST_HNSW,three_categories,category_06,753,False,3,0.269895,"[0.25,0.50)",41.600833,1.0,False,exact_bitmap,SQL_FIRST,False
2026-08-30T19:37:45.055+00:00,heldout,1,188,HNSW_HYBRID,three_categories,category_06,753,False,3,0.269895,"[0.25,0.50)",26.828292,1.0,False,exact_bitmap,SQL_FIRST,False
2026-08-30T19:37:45.080+00:00,heldout,1,188,IVFFLAT_HYBRID,three_categories,category_06,753,False,3,0.269895,"[0.25,0.50)",24.596125,1.0,False,exact_bitmap,SQL_FIRST,False
2026-08-30T19:37:45.104+00:00,heldout,0,215,SQL_FIRST,stock_alone,category_09,492,True,4,0.500835,"[0.50,1.00)",21.747292,1.0,True,exact_seq,SQL_FIRST,True
2026-08-30T19:37:45.129+00:00,heldout,0,215,VECTOR_FIRST_HNSW,stock_alone,category_09,492,True,4,0.500835,"[0.50,1.00)",24.71575,1.0,False,exact_bitmap,SQL_FIRST,False
2026-08-30T19:37:45.156+00:00,heldout,0,215,HNSW_HYBRID,stock_alone,category_09,492,True,4,0.500835,"[0.50,1.00)",25.404542,1.0,False,exact_seq,SQL_FIRST,False
2026-08-30T19:37:45.181+00:00,heldout,0,215,IVFFLAT_HYBRID,stock_alone,category_09,492,True,4,0.500835,"[0.50,1.00)",24.197084,1.0,False,exact_seq,SQL_FIRST,False
2026-08-30T19:37:45.205+00:00,heldout,1,215,SQL_FIRST,stock_alone,category_09,492,True,4,0.500835,"[0.50,1.00)",24.229125,1.0,True,exact_seq,SQL_FIRST,True
2026-08-30T19:37:45.236+00:00,heldout,1,215,VECTOR_FIRST_HNSW,stock_alone,category_09,492,True,4,0.500835,"[0.50,1.00)",29.633792,1.0,False,exact_bitmap,SQL_FIRST,False
2026-08-30T19:37:45.259+00:00,heldout,1,215,HNSW_HYBRID,stock_alone,category_09,492,True,4,0.500835,"[0.50,1.00)",23.368375,1.0,False,exact_seq,SQL_FIRST,False
2026-08-30T19:37:45.282+00:00,heldout,1,215,IVFFLAT_HYBRID,stock_alone,category_09,492,True,4,0.500835,"[0.50,1.00)",21.835,1.0,False,exact_seq,SQL_FIRST,False
2026-08-30T19:37:45.314+00:00,heldout,0,249,SQL_FIRST,wide_or,category_06,238,True,4,0.65516,"[0.50,1.00)",28.517,1.0,True,exact_seq,SQL_FIRST,True
2026-08-30T19:37:45.345+00:00,heldout,0,249,VECTOR_FIRST_HNSW,wide_or,category_06,238,True,4,0.65516,"[0.50,1.00)",29.029042,1.0,False,exact_bitmap,SQL_FIRST,False
2026-08-30T19:37:45.374+00:00,heldout,0,249,HNSW_HYBRID,wide_or,category_06,238,True,4,0.65516,"[0.50,1.00)",27.992292,1.0,False,exact_seq,SQL_FIRST,False
2026-08-30T19:37:45.407+00:00,heldout,0,249,IVFFLAT_HYBRID,wide_or,category_06,238,True,4,0.65516,"[0.50,1.00)",31.798042,1.0,False,exact_seq,SQL_FIRST,False
2026-08-30T19:37:45.436+00:00,heldout,1,249,SQL_FIRST,wide_or,category_06,238,True,4,0.65516,"[0.50,1.00)",28.3445,1.0,True,exact_seq,SQL_FIRST,True
2026-08-30T19:37:45.465+00:00,heldout,1,249,VECTOR_FIRST_HNSW,wide_or,category_06,238,True,4,0.65516,"[0.50,1.00)",28.965625,1.0,False,exact_bitmap,SQL_FIRST,False
2026-08-30T19:37:45.532+00:00,heldout,1,249,HNSW_HYBRID,wide_or,category_06,238,True,4,0.65516,"[0.50,1.00)",66.090917,1.0,False,exact_seq,SQL_FIRST,False
2026-08-30T19:37:45.572+00:00,heldout,1,249,IVFFLAT_HYBRID,wide_or,category_06,238,True,4,0.65516,"[0.50,1.00)",39.540791,1.0,False,exact_seq,SQL_FIRST,False
2026-08-30T19:37:45.589+00:00,heldout,0,58,SQL_FIRST,single_category,category_02,789,False,1,0.098965,"[0.05,0.10)",16.010292,1.0,True,exact_bitmap,HNSW_HYBRID,False
2026-08-30T19:37:45.620+00:00,heldout,0,58,VECTOR_FIRST_HNSW,single_category,category_02,789,False,1,0.098965,"[0.05,0.10)",29.217292,0.9,False,exact_bitmap,HNSW_HYBRID,False
2026-08-30T19:37:45.634+00:00,heldout,0,58,HNSW_HYBRID,single_category,category_02,789,False,1,0.098965,"[0.05,0.10)",13.402,1.0,False,exact_bitmap,HNSW_HYBRID,True
2026-08-30T19:37:45.649+00:00,heldout,0,58,IVFFLAT_HYBRID,single_category,category_02,789,False,1,0.098965,"[0.05,0.10)",13.376333,1.0,False,exact_bitmap,HNSW_HYBRID,False
2026-08-30T19:37:45.661+00:00,heldout,1,58,SQL_FIRST,single_category,category_02,789,False,1,0.098965,"[0.05,0.10)",12.56425,1.0,True,exact_bitmap,HNSW_HYBRID,False
2026-08-30T19:37:45.690+00:00,heldout,1,58,VECTOR_FIRST_HNSW,single_category,category_02,789,False,1,0.098965,"[0.05,0.10)",28.625041,0.9,False,exact_bitmap,HNSW_HYBRID,False
2026-08-30T19:37:45.702+00:00,heldout,1,58,HNSW_HYBRID,single_category,category_02,789,False,1,0.098965,"[0.05,0.10)",11.208542,1.0,False,exact_bitmap,HNSW_HYBRID,True
2026-08-30T19:37:45.715+00:00,heldout,1,58,IVFFLAT_HYBRID,single_category,category_02,789,False,1,0.098965,"[0.05,0.10)",12.437209,1.0,False,exact_bitmap,HNSW_HYBRID,False
2026-08-30T19:37:45.741+00:00,heldout,0,248,SQL_FIRST,stock_alone,category_02,392,True,4,0.500835,"[0.50,1.00)",24.177916,1.0,True,exact_seq,SQL_FIRST,True
2026-08-30T19:37:45.773+00:00,heldout,0,248,VECTOR_FIRST_HNSW,stock_alone,category_02,392,True,4,0.500835,"[0.50,1.00)",30.357667,1.0,False,exact_bitmap,SQL_FIRST,False
2026-08-30T19:37:45.799+00:00,heldout,0,248,HNSW_HYBRID,stock_alone,category_02,392,True,4,0.500835,"[0.50,1.00)",25.151792,1.0,False,exact_seq,SQL_FIRST,False
2026-08-30T19:37:45.826+00:00,heldout,0,248,IVFFLAT_HYBRID,stock_alone,category_02,392,True,4,0.500835,"[0.50,1.00)",25.510292,1.0,False,exact_seq,SQL_FIRST,False
2026-08-30T19:37:45.851+00:00,heldout,1,248,SQL_FIRST,stock_alone,category_02,392,True,4,0.500835,"[0.50,1.00)",25.183791,1.0,True,exact_seq,SQL_FIRST,True
2026-08-30T19:37:45.884+00:00,heldout,1,248,VECTOR_FIRST_HNSW,stock_alone,category_02,392,True,4,0.500835,"[0.50,1.00)",32.254208,1.0,False,exact_bitmap,SQL_FIRST,False
2026-08-30T19:37:45.910+00:00,heldout,1,248,HNSW_HYBRID,stock_alone,category_02,392,True,4,0.500835,"[0.50,1.00)",25.551,1.0,False,exact_seq,SQL_FIRST,False
2026-08-30T19:37:45.936+00:00,heldout,1,248,IVFFLAT_HYBRID,stock_alone,category_02,392,True,4,0.500835,"[0.50,1.00)",25.174875,1.0,False,exact_seq,SQL_FIRST,False
2026-08-30T19:37:45.963+00:00,heldout,0,143,SQL_FIRST,two_categories,category_01,945,False,2,0.197635,"[0.10,0.25)",24.817958,1.0,True,exact_bitmap,HNSW_HYBRID,False
2026-08-30T19:37:45.999+00:00,heldout,0,143,VECTOR_FIRST_HNSW,two_categories,category_01,945,False,2,0.197635,"[0.10,0.25)",35.425583,1.0,False,exact_bitmap,HNSW_HYBRID,False
2026-08-30T19:37:46.028+00:00,heldout,0,143,HNSW_HYBRID,two_categories,category_01,945,False,2,0.197635,"[0.10,0.25)",27.942667,1.0,False,exact_bitmap,HNSW_HYBRID,True
2026-08-30T19:37:46.056+00:00,heldout,0,143,IVFFLAT_HYBRID,two_categories,category_01,945,False,2,0.197635,"[0.10,0.25)",26.939,1.0,False,exact_bitmap,HNSW_HYBRID,False
2026-08-30T19:37:46.083+00:00,heldout,1,143,SQL_FIRST,two_categories,category_01,945,False,2,0.197635,"[0.10,0.25)",26.671292,1.0,True,exact_bitmap,HNSW_HYBRID,False
2026-08-30T19:37:46.118+00:00,heldout,1,143,VECTOR_FIRST_HNSW,two_categories,category_01,945,False,2,0.197635,"[0.10,0.25)",33.982875,1.0,False,exact_bitmap,HNSW_HYBRID,False
2026-08-30T19:37:46.145+00:00,heldout,1,143,HNSW_HYBRID,two_categories,category_01,945,False,2,0.197635,"[0.10,0.25)",26.65225,1.0,False,exact_bitmap,HNSW_HYBRID,True
2026-08-30T19:37:46.171+00:00,heldout,1,143,IVFFLAT_HYBRID,two_categories,category_01,945,False,2,0.197635,"[0.10,0.25)",25.961208,1.0,False,exact_bitmap,HNSW_HYBRID,False
2026-08-30T19:37:46.185+00:00,heldout,0,22,SQL_FIRST,category_and_stock,category_04,930,False,0,0.04827,"[0.00,0.05)",11.846291,1.0,True,exact_bitmap,HNSW_HYBRID,False
2026-08-30T19:37:46.220+00:00,heldout,0,22,VECTOR_FIRST_HNSW,category_and_stock,category_04,930,False,0,0.04827,"[0.00,0.05)",33.764,0.6,False,exact_bitmap,HNSW_HYBRID,False
2026-08-30T19:37:46.232+00:00,heldout,0,22,HNSW_HYBRID,category_and_stock,category_04,930,False,0,0.04827,"[0.00,0.05)",11.776958,1.0,False,exact_bitmap,HNSW_HYBRID,True
2026-08-30T19:37:46.245+00:00,heldout,0,22,IVFFLAT_HYBRID,category_and_stock,category_04,930,False,0,0.04827,"[0.00,0.05)",11.486875,1.0,False,exact_bitmap,HNSW_HYBRID,False
2026-08-30T19:37:46.257+00:00,heldout,1,22,SQL_FIRST,category_and_stock,category_04,930,False,0,0.04827,"[0.00,0.05)",11.725333,1.0,True,exact_bitmap,HNSW_HYBRID,False
2026-08-30T19:37:46.288+00:00,heldout,1,22,VECTOR_FIRST_HNSW,category_and_stock,category_04,930,False,0,0.04827,"[0.00,0.05)",30.357,0.6,False,exact_bitmap,HNSW_HYBRID,False
2026-08-30T19:37:46.299+00:00,heldout,1,22,HNSW_HYBRID,category_and_stock,category_04,930,False,0,0.04827,"[0.00,0.05)",10.1535,1.0,False,exact_bitmap,HNSW_HYBRID,True
2026-08-30T19:37:46.311+00:00,heldout,1,22,IVFFLAT_HYBRID,category_and_stock,category_04,930,False,0,0.04827,"[0.00,0.05)",11.7055,1.0,False,exact_bitmap,HNSW_HYBRID,False
2026-08-30T19:37:46.335+00:00,heldout,0,170,SQL_FIRST,three_categories,category_02,642,True,3,0.2705,"[0.25,0.50)",21.431084,1.0,True,exact_bitmap,SQL_FIRST,True
2026-08-30T19:37:46.366+00:00,heldout,0,170,VECTOR_FIRST_HNSW,three_categories,category_02,642,True,3,0.2705,"[0.25,0.50)",29.108917,1.0,False,exact_bitmap,SQL_FIRST,False
2026-08-30T19:37:46.387+00:00,heldout,0,170,HNSW_HYBRID,three_categories,category_02,642,True,3,0.2705,"[0.25,0.50)",20.327333,1.0,False,exact_bitmap,SQL_FIRST,False
2026-08-30T19:37:46.409+00:00,heldout,0,170,IVFFLAT_HYBRID,three_categories,category_02,642,True,3,0.2705,"[0.25,0.50)",19.854959,1.0,False,exact_bitmap,SQL_FIRST,False
2026-08-30T19:37:46.429+00:00,heldout,1,170,SQL_FIRST,three_categories,category_02,642,True,3,0.2705,"[0.25,0.50)",20.006584,1.0,True,exact_bitmap,SQL_FIRST,True
2026-08-30T19:37:46.459+00:00,heldout,1,170,VECTOR_FIRST_HNSW,three_categories,category_02,642,True,3,0.2705,"[0.25,0.50)",29.177125,1.0,False,exact_bitmap,SQL_FIRST,False
2026-08-30T19:37:46.479+00:00,heldout,1,170,HNSW_HYBRID,three_categories,category_02,642,True,3,0.2705,"[0.25,0.50)",19.917167,1.0,False,exact_bitmap,SQL_FIRST,False
2026-08-30T19:37:46.500+00:00,heldout,1,170,IVFFLAT_HYBRID,three_categories,category_02,642,True,3,0.2705,"[0.25,0.50)",19.967875,1.0,False,exact_bitmap,SQL_FIRST,False
2026-08-30T19:37:46.514+00:00,heldout,0,9,SQL_FIRST,category_and_stock,category_02,545,False,0,0.0494,"[0.00,0.05)",11.204083,1.0,True,exact_bitmap,HNSW_HYBRID,False
2026-08-30T19:37:46.548+00:00,heldout,0,9,VECTOR_FIRST_HNSW,category_and_stock,category_02,545,False,0,0.0494,"[0.00,0.05)",32.494792,0.7,False,exact_bitmap,HNSW_HYBRID,False
2026-08-30T19:37:46.560+00:00,heldout,0,9,HNSW_HYBRID,category_and_stock,category_02,545,False,0,0.0494,"[0.00,0.05)",10.445083,1.0,False,exact_bitmap,HNSW_HYBRID,True
2026-08-30T19:37:46.572+00:00,heldout,0,9,IVFFLAT_HYBRID,category_and_stock,category_02,545,False,0,0.0494,"[0.00,0.05)",11.826709,1.0,False,exact_bitmap,HNSW_HYBRID,False
2026-08-30T19:37:46.584+00:00,heldout,1,9,SQL_FIRST,category_and_stock,category_02,545,False,0,0.0494,"[0.00,0.05)",11.470958,1.0,True,exact_bitmap,HNSW_HYBRID,False
2026-08-30T19:37:46.615+00:00,heldout,1,9,VECTOR_FIRST_HNSW,category_and_stock,category_02,545,False,0,0.0494,"[0.00,0.05)",30.087,0.7,False,exact_bitmap,HNSW_HYBRID,False
2026-08-30T19:37:46.626+00:00,heldout,1,9,HNSW_HYBRID,category_and_stock,category_02,545,False,0,0.0494,"[0.00,0.05)",10.499333,1.0,False,exact_bitmap,HNSW_HYBRID,True
2026-08-30T19:37:46.638+00:00,heldout,1,9,IVFFLAT_HYBRID,category_and_stock,category_02,545,False,0,0.0494,"[0.00,0.05)",11.733833,1.0,False,exact_bitmap,HNSW_HYBRID,False
2026-08-30T19:37:46.662+00:00,heldout,0,152,SQL_FIRST,three_categories,category_06,195,True,3,0.269895,"[0.25,0.50)",21.84975,1.0,True,exact_bitmap,SQL_FIRST,True
2026-08-30T19:37:46.693+00:00,heldout,0,152,VECTOR_FIRST_HNSW,three_categories,category_06,195,True,3,0.269895,"[0.25,0.50)",29.321709,1.0,False,exact_bitmap,SQL_FIRST,False
2026-08-30T19:37:46.714+00:00,heldout,0,152,HNSW_HYBRID,three_categories,category_06,195,True,3,0.269895,"[0.25,0.50)",19.973667,1.0,False,exact_bitmap,SQL_FIRST,False
2026-08-30T19:37:46.736+00:00,heldout,0,152,IVFFLAT_HYBRID,three_categories,category_06,195,True,3,0.269895,"[0.25,0.50)",19.893417,1.0,False,exact_bitmap,SQL_FIRST,False
2026-08-30T19:37:46.757+00:00,heldout,1,152,SQL_FIRST,three_categories,category_06,195,True,3,0.269895,"[0.25,0.50)",21.48125,1.0,True,exact_bitmap,SQL_FIRST,True
2026-08-30T19:37:46.791+00:00,heldout,1,152,VECTOR_FIRST_HNSW,three_categories,category_06,195,True,3,0.269895,"[0.25,0.50)",32.3155,1.0,False,exact_bitmap,SQL_FIRST,False
2026-08-30T19:37:46.812+00:00,heldout,1,152,HNSW_HYBRID,three_categories,category_06,195,True,3,0.269895,"[0.25,0.50)",21.383417,1.0,False,exact_bitmap,SQL_FIRST,False
2026-08-30T19:37:46.837+00:00,heldout,1,152,IVFFLAT_HYBRID,three_categories,category_06,195,True,3,0.269895,"[0.25,0.50)",23.945458,1.0,False,exact_bitmap,SQL_FIRST,False
2026-08-30T19:37:46.853+00:00,heldout,0,147,SQL_FIRST,price_range_mid,category_08,871,True,2,0.101725,"[0.10,0.25)",14.621333,1.0,True,exact_bitmap,HNSW_HYBRID,False
2026-08-30T19:37:46.888+00:00,heldout,0,147,VECTOR_FIRST_HNSW,price_range_mid,category_08,871,True,2,0.101725,"[0.10,0.25)",33.553292,1.0,False,exact_bitmap,HNSW_HYBRID,False
2026-08-30T19:37:46.903+00:00,heldout,0,147,HNSW_HYBRID,price_range_mid,category_08,871,True,2,0.101725,"[0.10,0.25)",14.433542,1.0,False,exact_bitmap,HNSW_HYBRID,True
2026-08-30T19:37:46.921+00:00,heldout,0,147,IVFFLAT_HYBRID,price_range_mid,category_08,871,True,2,0.101725,"[0.10,0.25)",16.326292,1.0,False,exact_bitmap,HNSW_HYBRID,False
2026-08-30T19:37:46.936+00:00,heldout,1,147,SQL_FIRST,price_range_mid,category_08,871,True,2,0.101725,"[0.10,0.25)",14.847291,1.0,True,exact_bitmap,HNSW_HYBRID,False
2026-08-30T19:37:46.968+00:00,heldout,1,147,VECTOR_FIRST_HNSW,price_range_mid,category_08,871,True,2,0.101725,"[0.10,0.25)",30.9025,1.0,False,exact_bitmap,HNSW_HYBRID,False
2026-08-30T19:37:46.982+00:00,heldout,1,147,HNSW_HYBRID,price_range_mid,category_08,871,True,2,0.101725,"[0.10,0.25)",14.196667,1.0,False,exact_bitmap,HNSW_HYBRID,True
2026-08-30T19:37:46.998+00:00,heldout,1,147,IVFFLAT_HYBRID,price_range_mid,category_08,871,True,2,0.101725,"[0.10,0.25)",15.639625,1.0,False,exact_bitmap,HNSW_HYBRID,False
2026-08-30T19:37:47.014+00:00,heldout,0,94,SQL_FIRST,single_category,category_02,803,True,1,0.098965,"[0.05,0.10)",14.686,1.0,True,exact_bitmap,HNSW_HYBRID,False
2026-08-30T19:37:47.045+00:00,heldout,0,94,VECTOR_FIRST_HNSW,single_category,category_02,803,True,1,0.098965,"[0.05,0.10)",30.472375,0.9,False,exact_bitmap,HNSW_HYBRID,False
2026-08-30T19:37:47.060+00:00,heldout,0,94,HNSW_HYBRID,single_category,category_02,803,True,1,0.098965,"[0.05,0.10)",13.038875,1.0,False,exact_bitmap,HNSW_HYBRID,True
2026-08-30T19:37:47.075+00:00,heldout,0,94,IVFFLAT_HYBRID,single_category,category_02,803,True,1,0.098965,"[0.05,0.10)",14.028291,1.0,False,exact_bitmap,HNSW_HYBRID,False
2026-08-30T19:37:47.089+00:00,heldout,1,94,SQL_FIRST,single_category,category_02,803,True,1,0.098965,"[0.05,0.10)",14.093834,1.0,True,exact_bitmap,HNSW_HYBRID,False
2026-08-30T19:37:47.120+00:00,heldout,1,94,VECTOR_FIRST_HNSW,single_category,category_02,803,True,1,0.098965,"[0.05,0.10)",30.133833,0.9,False,exact_bitmap,HNSW_HYBRID,False
2026-08-30T19:37:47.133+00:00,heldout,1,94,HNSW_HYBRID,single_category,category_02,803,True,1,0.098965,"[0.05,0.10)",12.939667,1.0,False,exact_bitmap,HNSW_HYBRID,True
2026-08-30T19:37:47.148+00:00,heldout,1,94,IVFFLAT_HYBRID,single_category,category_02,803,True,1,0.098965,"[0.05,0.10)",14.261625,1.0,False,exact_bitmap,HNSW_HYBRID,False
2026-08-30T19:37:47.165+00:00,heldout,0,105,SQL_FIRST,price_range_mid,category_00,121,True,2,0.10331,"[0.10,0.25)",15.883375,1.0,True,exact_bitmap,HNSW_HYBRID,False
2026-08-30T19:37:47.197+00:00,heldout,0,105,VECTOR_FIRST_HNSW,price_range_mid,category_00,121,True,2,0.10331,"[0.10,0.25)",30.735042,1.0,False,exact_bitmap,HNSW_HYBRID,False
2026-08-30T19:37:47.212+00:00,heldout,0,105,HNSW_HYBRID,price_range_mid,category_00,121,True,2,0.10331,"[0.10,0.25)",13.800875,1.0,False,exact_bitmap,HNSW_HYBRID,True
2026-08-30T19:37:47.229+00:00,heldout,0,105,IVFFLAT_HYBRID,price_range_mid,category_00,121,True,2,0.10331,"[0.10,0.25)",14.976375,1.0,False,exact_bitmap,HNSW_HYBRID,False
2026-08-30T19:37:47.244+00:00,heldout,1,105,SQL_FIRST,price_range_mid,category_00,121,True,2,0.10331,"[0.10,0.25)",14.843375,1.0,True,exact_bitmap,HNSW_HYBRID,False
2026-08-30T19:37:47.277+00:00,heldout,1,105,VECTOR_FIRST_HNSW,price_range_mid,category_00,121,True,2,0.10331,"[0.10,0.25)",32.55825,1.0,False,exact_bitmap,HNSW_HYBRID,False
2026-08-30T19:37:47.292+00:00,heldout,1,105,HNSW_HYBRID,price_range_mid,category_00,121,True,2,0.10331,"[0.10,0.25)",14.062375,1.0,False,exact_bitmap,HNSW_HYBRID,True
2026-08-30T19:37:47.307+00:00,heldout,1,105,IVFFLAT_HYBRID,price_range_mid,category_00,121,True,2,0.10331,"[0.10,0.25)",15.058791,1.0,False,exact_bitmap,HNSW_HYBRID,False
2026-08-30T19:37:47.331+00:00,heldout,0,155,SQL_FIRST,three_categories,category_00,233,True,3,0.271845,"[0.25,0.50)",21.482375,1.0,True,exact_bitmap,SQL_FIRST,True
2026-08-30T19:37:47.363+00:00,heldout,0,155,VECTOR_FIRST_HNSW,three_categories,category_00,233,True,3,0.271845,"[0.25,0.50)",30.284875,1.0,False,exact_bitmap,SQL_FIRST,False
2026-08-30T19:37:47.384+00:00,heldout,0,155,HNSW_HYBRID,three_categories,category_00,233,True,3,0.271845,"[0.25,0.50)",20.085708,1.0,False,exact_bitmap,SQL_FIRST,False
2026-08-30T19:37:47.405+00:00,heldout,0,155,IVFFLAT_HYBRID,three_categories,category_00,233,True,3,0.271845,"[0.25,0.50)",19.743,1.0,False,exact_bitmap,SQL_FIRST,False
2026-08-30T19:37:47.425+00:00,heldout,1,155,SQL_FIRST,three_categories,category_00,233,True,3,0.271845,"[0.25,0.50)",19.938959,1.0,True,exact_bitmap,SQL_FIRST,True
2026-08-30T19:37:47.455+00:00,heldout,1,155,VECTOR_FIRST_HNSW,three_categories,category_00,233,True,3,0.271845,"[0.25,0.50)",28.995208,1.0,False,exact_bitmap,SQL_FIRST,False
2026-08-30T19:37:47.475+00:00,heldout,1,155,HNSW_HYBRID,three_categories,category_00,233,True,3,0.271845,"[0.25,0.50)",19.5735,1.0,False,exact_bitmap,SQL_FIRST,False
2026-08-30T19:37:47.495+00:00,heldout,1,155,IVFFLAT_HYBRID,three_categories,category_00,233,True,3,0.271845,"[0.25,0.50)",19.532791,1.0,False,exact_bitmap,SQL_FIRST,False
2026-08-30T19:37:47.526+00:00,heldout,0,222,SQL_FIRST,wide_or,category_03,302,True,4,0.685995,"[0.50,1.00)",28.542667,1.0,True,exact_seq,SQL_FIRST,True
2026-08-30T19:37:47.556+00:00,heldout,0,222,VECTOR_FIRST_HNSW,wide_or,category_03,302,True,4,0.685995,"[0.50,1.00)",28.730833,1.0,False,exact_bitmap,SQL_FIRST,False
2026-08-30T19:37:47.588+00:00,heldout,0,222,HNSW_HYBRID,wide_or,category_03,302,True,4,0.685995,"[0.50,1.00)",30.81075,1.0,False,exact_seq,SQL_FIRST,False
2026-08-30T19:37:47.622+00:00,heldout,0,222,IVFFLAT_HYBRID,wide_or,category_03,302,True,4,0.685995,"[0.50,1.00)",33.082084,1.0,False,exact_seq,SQL_FIRST,False
2026-08-30T19:37:47.658+00:00,heldout,1,222,SQL_FIRST,wide_or,category_03,302,True,4,0.685995,"[0.50,1.00)",35.675083,1.0,True,exact_seq,SQL_FIRST,True
2026-08-30T19:37:47.685+00:00,heldout,1,222,VECTOR_FIRST_HNSW,wide_or,category_03,302,True,4,0.685995,"[0.50,1.00)",26.908916,1.0,False,exact_bitmap,SQL_FIRST,False
2026-08-30T19:37:47.713+00:00,heldout,1,222,HNSW_HYBRID,wide_or,category_03,302,True,4,0.685995,"[0.50,1.00)",27.44475,1.0,False,exact_seq,SQL_FIRST,False
2026-08-30T19:37:47.738+00:00,heldout,1,222,IVFFLAT_HYBRID,wide_or,category_03,302,True,4,0.685995,"[0.50,1.00)",24.293417,1.0,False,exact_seq,SQL_FIRST,False
2026-08-30T19:37:47.750+00:00,heldout,0,17,SQL_FIRST,category_and_stock,category_09,786,False,0,0.049865,"[0.00,0.05)",9.594792,1.0,True,exact_bitmap,HNSW_HYBRID,False
2026-08-30T19:37:47.775+00:00,heldout,0,17,VECTOR_FIRST_HNSW,category_and_stock,category_09,786,False,0,0.049865,"[0.00,0.05)",23.86025,0.7,False,exact_bitmap,HNSW_HYBRID,False
2026-08-30T19:37:47.786+00:00,heldout,0,17,HNSW_HYBRID,category_and_stock,category_09,786,False,0,0.049865,"[0.00,0.05)",9.386,1.0,False,exact_bitmap,HNSW_HYBRID,True
2026-08-30T19:37:47.796+00:00,heldout,0,17,IVFFLAT_HYBRID,category_and_stock,category_09,786,False,0,0.049865,"[0.00,0.05)",9.267,1.0,False,exact_bitmap,HNSW_HYBRID,False
2026-08-30T19:37:47.806+00:00,heldout,1,17,SQL_FIRST,category_and_stock,category_09,786,False,0,0.049865,"[0.00,0.05)",9.119083,1.0,True,exact_bitmap,HNSW_HYBRID,False
2026-08-30T19:37:47.838+00:00,heldout,1,17,VECTOR_FIRST_HNSW,category_and_stock,category_09,786,False,0,0.049865,"[0.00,0.05)",32.136292,0.7,False,exact_bitmap,HNSW_HYBRID,False
2026-08-30T19:37:47.853+00:00,heldout,1,17,HNSW_HYBRID,category_and_stock,category_09,786,False,0,0.049865,"[0.00,0.05)",13.663541,1.0,False,exact_bitmap,HNSW_HYBRID,True
2026-08-30T19:37:47.866+00:00,heldout,1,17,IVFFLAT_HYBRID,category_and_stock,category_09,786,False,0,0.049865,"[0.00,0.05)",12.908334,1.0,False,exact_bitmap,HNSW_HYBRID,False
2026-08-30T19:37:47.895+00:00,heldout,0,178,SQL_FIRST,category_or_price,category_06,322,True,3,0.38595,"[0.25,0.50)",26.859916,1.0,True,exact_seq,SQL_FIRST,True
2026-08-30T19:37:47.928+00:00,heldout,0,178,VECTOR_FIRST_HNSW,category_or_price,category_06,322,True,3,0.38595,"[0.25,0.50)",31.616958,1.0,False,exact_bitmap,SQL_FIRST,False
2026-08-30T19:37:47.955+00:00,heldout,0,178,HNSW_HYBRID,category_or_price,category_06,322,True,3,0.38595,"[0.25,0.50)",25.673917,1.0,False,exact_seq,SQL_FIRST,False
2026-08-30T19:37:47.982+00:00,heldout,0,178,IVFFLAT_HYBRID,category_or_price,category_06,322,True,3,0.38595,"[0.25,0.50)",25.676958,1.0,False,exact_seq,SQL_FIRST,False
2026-08-30T19:37:48.008+00:00,heldout,1,178,SQL_FIRST,category_or_price,category_06,322,True,3,0.38595,"[0.25,0.50)",26.06225,1.0,True,exact_seq,SQL_FIRST,True
2026-08-30T19:37:48.042+00:00,heldout,1,178,VECTOR_FIRST_HNSW,category_or_price,category_06,322,True,3,0.38595,"[0.25,0.50)",33.872834,1.0,False,exact_bitmap,SQL_FIRST,False
2026-08-30T19:37:48.068+00:00,heldout,1,178,HNSW_HYBRID,category_or_price,category_06,322,True,3,0.38595,"[0.25,0.50)",25.427792,1.0,False,exact_seq,SQL_FIRST,False
2026-08-30T19:37:48.094+00:00,heldout,1,178,IVFFLAT_HYBRID,category_or_price,category_06,322,True,3,0.38595,"[0.25,0.50)",25.278042,1.0,False,exact_seq,SQL_FIRST,False
2026-08-30T19:37:48.119+00:00,heldout,0,179,SQL_FIRST,three_categories,category_01,418,True,3,0.272085,"[0.25,0.50)",21.622125,1.0,True,exact_bitmap,SQL_FIRST,True
2026-08-30T19:37:48.152+00:00,heldout,0,179,VECTOR_FIRST_HNSW,three_categories,category_01,418,True,3,0.272085,"[0.25,0.50)",31.807541,1.0,False,exact_bitmap,SQL_FIRST,False
2026-08-30T19:37:48.175+00:00,heldout,0,179,HNSW_HYBRID,three_categories,category_01,418,True,3,0.272085,"[0.25,0.50)",22.107,1.0,False,exact_bitmap,SQL_FIRST,False
2026-08-30T19:37:48.200+00:00,heldout,0,179,IVFFLAT_HYBRID,three_categories,category_01,418,True,3,0.272085,"[0.25,0.50)",23.992792,1.0,False,exact_bitmap,SQL_FIRST,False
2026-08-30T19:37:48.226+00:00,heldout,1,179,SQL_FIRST,three_categories,category_01,418,True,3,0.272085,"[0.25,0.50)",25.315875,1.0,True,exact_bitmap,SQL_FIRST,True
2026-08-30T19:37:48.258+00:00,heldout,1,179,VECTOR_FIRST_HNSW,three_categories,category_01,418,True,3,0.272085,"[0.25,0.50)",32.018291,1.0,False,exact_bitmap,SQL_FIRST,False
2026-08-30T19:37:48.280+00:00,heldout,1,179,HNSW_HYBRID,three_categories,category_01,418,True,3,0.272085,"[0.25,0.50)",21.477334,1.0,False,exact_bitmap,SQL_FIRST,False
2026-08-30T19:37:48.302+00:00,heldout,1,179,IVFFLAT_HYBRID,three_categories,category_01,418,True,3,0.272085,"[0.25,0.50)",21.819917,1.0,False,exact_bitmap,SQL_FIRST,False
2026-08-30T19:37:48.328+00:00,heldout,0,165,SQL_FIRST,three_categories,category_08,102,False,3,0.272595,"[0.25,0.50)",21.780375,1.0,True,exact_bitmap,SQL_FIRST,True
2026-08-30T19:37:48.362+00:00,heldout,0,165,VECTOR_FIRST_HNSW,three_categories,category_08,102,False,3,0.272595,"[0.25,0.50)",32.01,1.0,False,exact_bitmap,SQL_FIRST,False
2026-08-30T19:37:48.384+00:00,heldout,0,165,HNSW_HYBRID,three_categories,category_08,102,False,3,0.272595,"[0.25,0.50)",20.846959,1.0,False,exact_bitmap,SQL_FIRST,False
2026-08-30T19:37:48.407+00:00,heldout,0,165,IVFFLAT_HYBRID,three_categories,category_08,102,False,3,0.272595,"[0.25,0.50)",21.139917,1.0,False,exact_bitmap,SQL_FIRST,False
2026-08-30T19:37:48.429+00:00,heldout,1,165,SQL_FIRST,three_categories,category_08,102,False,3,0.272595,"[0.25,0.50)",21.736625,1.0,True,exact_bitmap,SQL_FIRST,True
2026-08-30T19:37:48.462+00:00,heldout,1,165,VECTOR_FIRST_HNSW,three_categories,category_08,102,False,3,0.272595,"[0.25,0.50)",31.784125,1.0,False,exact_bitmap,SQL_FIRST,False
2026-08-30T19:37:48.484+00:00,heldout,1,165,HNSW_HYBRID,three_categories,category_08,102,False,3,0.272595,"[0.25,0.50)",21.270167,1.0,False,exact_bitmap,SQL_FIRST,False
2026-08-30T19:37:48.505+00:00,heldout,1,165,IVFFLAT_HYBRID,three_categories,category_08,102,False,3,0.272595,"[0.25,0.50)",20.942875,1.0,False,exact_bitmap,SQL_FIRST,False
2026-08-30T19:37:48.536+00:00,heldout,0,144,SQL_FIRST,two_categories,category_02,216,False,2,0.202665,"[0.10,0.25)",27.354584,1.0,True,exact_bitmap,HNSW_HYBRID,False
2026-08-30T19:37:48.570+00:00,heldout,0,144,VECTOR_FIRST_HNSW,two_categories,category_02,216,False,2,0.202665,"[0.10,0.25)",31.718375,1.0,False,exact_bitmap,HNSW_HYBRID,False
2026-08-30T19:37:48.595+00:00,heldout,0,144,HNSW_HYBRID,two_categories,category_02,216,False,2,0.202665,"[0.10,0.25)",23.937833,1.0,False,exact_bitmap,HNSW_HYBRID,True
2026-08-30T19:37:48.623+00:00,heldout,0,144,IVFFLAT_HYBRID,two_categories,category_02,216,False,2,0.202665,"[0.10,0.25)",26.735667,1.0,False,exact_bitmap,HNSW_HYBRID,False
2026-08-30T19:37:48.650+00:00,heldout,1,144,SQL_FIRST,two_categories,category_02,216,False,2,0.202665,"[0.10,0.25)",26.559959,1.0,True,exact_bitmap,HNSW_HYBRID,False
2026-08-30T19:37:48.684+00:00,heldout,1,144,VECTOR_FIRST_HNSW,two_categories,category_02,216,False,2,0.202665,"[0.10,0.25)",33.521583,1.0,False,exact_bitmap,HNSW_HYBRID,False
2026-08-30T19:37:48.710+00:00,heldout,1,144,HNSW_HYBRID,two_categories,category_02,216,False,2,0.202665,"[0.10,0.25)",24.720625,1.0,False,exact_bitmap,HNSW_HYBRID,True
2026-08-30T19:37:48.738+00:00,heldout,1,144,IVFFLAT_HYBRID,two_categories,category_02,216,False,2,0.202665,"[0.10,0.25)",27.040416,1.0,False,exact_bitmap,HNSW_HYBRID,False
2026-08-30T19:37:48.744+00:00,heldout,0,10,SQL_FIRST,category_narrow_price,category_05,761,True,0,0.00503,"[0.00,0.05)",4.037417,1.0,True,exact_bitmap,HNSW_HYBRID,False
2026-08-30T19:37:48.782+00:00,heldout,0,10,VECTOR_FIRST_HNSW,category_narrow_price,category_05,761,True,0,0.00503,"[0.00,0.05)",36.095917,0.1,False,exact_bitmap,HNSW_HYBRID,False
2026-08-30T19:37:48.787+00:00,heldout,0,10,HNSW_HYBRID,category_narrow_price,category_05,761,True,0,0.00503,"[0.00,0.05)",2.828833,1.0,False,exact_bitmap,HNSW_HYBRID,True
2026-08-30T19:37:48.792+00:00,heldout,0,10,IVFFLAT_HYBRID,category_narrow_price,category_05,761,True,0,0.00503,"[0.00,0.05)",3.67925,1.0,False,exact_bitmap,HNSW_HYBRID,False
2026-08-30T19:37:48.795+00:00,heldout,1,10,SQL_FIRST,category_narrow_price,category_05,761,True,0,0.00503,"[0.00,0.05)",3.522542,1.0,True,exact_bitmap,HNSW_HYBRID,False
2026-08-30T19:37:48.830+00:00,heldout,1,10,VECTOR_FIRST_HNSW,category_narrow_price,category_05,761,True,0,0.00503,"[0.00,0.05)",33.697709,0.1,False,exact_bitmap,HNSW_HYBRID,False
2026-08-30T19:37:48.834+00:00,heldout,1,10,HNSW_HYBRID,category_narrow_price,category_05,761,True,0,0.00503,"[0.00,0.05)",3.592709,1.0,False,exact_bitmap,HNSW_HYBRID,True
2026-08-30T19:37:48.837+00:00,heldout,1,10,IVFFLAT_HYBRID,category_narrow_price,category_05,761,True,0,0.00503,"[0.00,0.05)",2.510833,1.0,False,exact_bitmap,HNSW_HYBRID,False
2026-08-30T19:37:48.871+00:00,heldout,0,216,SQL_FIRST,wide_or,category_01,113,False,4,0.596165,"[0.50,1.00)",31.338,1.0,True,exact_seq,SQL_FIRST,True
2026-08-30T19:37:48.906+00:00,heldout,0,216,VECTOR_FIRST_HNSW,wide_or,category_01,113,False,4,0.596165,"[0.50,1.00)",32.517334,1.0,False,exact_bitmap,SQL_FIRST,False
2026-08-30T19:37:48.936+00:00,heldout,0,216,HNSW_HYBRID,wide_or,category_01,113,False,4,0.596165,"[0.50,1.00)",28.851125,1.0,False,exact_seq,SQL_FIRST,False
2026-08-30T19:37:48.971+00:00,heldout,0,216,IVFFLAT_HYBRID,wide_or,category_01,113,False,4,0.596165,"[0.50,1.00)",34.36625,1.0,False,exact_seq,SQL_FIRST,False
2026-08-30T19:37:49.003+00:00,heldout,1,216,SQL_FIRST,wide_or,category_01,113,False,4,0.596165,"[0.50,1.00)",31.113416,1.0,True,exact_seq,SQL_FIRST,True
2026-08-30T19:37:49.036+00:00,heldout,1,216,VECTOR_FIRST_HNSW,wide_or,category_01,113,False,4,0.596165,"[0.50,1.00)",32.765166,1.0,False,exact_bitmap,SQL_FIRST,False
2026-08-30T19:37:49.066+00:00,heldout,1,216,HNSW_HYBRID,wide_or,category_01,113,False,4,0.596165,"[0.50,1.00)",29.670375,1.0,False,exact_seq,SQL_FIRST,False
2026-08-30T19:37:49.096+00:00,heldout,1,216,IVFFLAT_HYBRID,wide_or,category_01,113,False,4,0.596165,"[0.50,1.00)",29.429833,1.0,False,exact_seq,SQL_FIRST,False
2026-08-30T19:37:49.128+00:00,heldout,0,231,SQL_FIRST,wide_or,category_03,266,False,4,0.668145,"[0.50,1.00)",30.96225,1.0,True,exact_seq,SQL_FIRST,True
2026-08-30T19:37:49.161+00:00,heldout,0,231,VECTOR_FIRST_HNSW,wide_or,category_03,266,False,4,0.668145,"[0.50,1.00)",31.759,1.0,False,exact_bitmap,SQL_FIRST,False
2026-08-30T19:37:49.193+00:00,heldout,0,231,HNSW_HYBRID,wide_or,category_03,266,False,4,0.668145,"[0.50,1.00)",31.23975,1.0,False,exact_seq,SQL_FIRST,False
2026-08-30T19:37:49.226+00:00,heldout,0,231,IVFFLAT_HYBRID,wide_or,category_03,266,False,4,0.668145,"[0.50,1.00)",31.037666,1.0,False,exact_seq,SQL_FIRST,False
2026-08-30T19:37:49.257+00:00,heldout,1,231,SQL_FIRST,wide_or,category_03,266,False,4,0.668145,"[0.50,1.00)",31.093667,1.0,True,exact_seq,SQL_FIRST,True
2026-08-30T19:37:49.291+00:00,heldout,1,231,VECTOR_FIRST_HNSW,wide_or,category_03,266,False,4,0.668145,"[0.50,1.00)",32.712625,1.0,False,exact_bitmap,SQL_FIRST,False
2026-08-30T19:37:49.324+00:00,heldout,1,231,HNSW_HYBRID,wide_or,category_03,266,False,4,0.668145,"[0.50,1.00)",31.55825,1.0,False,exact_seq,SQL_FIRST,False
2026-08-30T19:37:49.356+00:00,heldout,1,231,IVFFLAT_HYBRID,wide_or,category_03,266,False,4,0.668145,"[0.50,1.00)",31.900333,1.0,False,exact_seq,SQL_FIRST,False
2026-08-30T19:37:49.387+00:00,heldout,0,156,SQL_FIRST,category_or_price,category_09,394,False,3,0.451995,"[0.25,0.50)",28.417834,1.0,True,exact_seq,SQL_FIRST,True
2026-08-30T19:37:49.422+00:00,heldout,0,156,VECTOR_FIRST_HNSW,category_or_price,category_09,394,False,3,0.451995,"[0.25,0.50)",32.740458,1.0,False,exact_bitmap,SQL_FIRST,False
2026-08-30T19:37:49.450+00:00,heldout,0,156,HNSW_HYBRID,category_or_price,category_09,394,False,3,0.451995,"[0.25,0.50)",26.416708,1.0,False,exact_seq,SQL_FIRST,False
2026-08-30T19:37:49.478+00:00,heldout,0,156,IVFFLAT_HYBRID,category_or_price,category_09,394,False,3,0.451995,"[0.25,0.50)",26.17225,1.0,False,exact_seq,SQL_FIRST,False
2026-08-30T19:37:49.504+00:00,heldout,1,156,SQL_FIRST,category_or_price,category_09,394,False,3,0.451995,"[0.25,0.50)",26.4485,1.0,True,exact_seq,SQL_FIRST,True
2026-08-30T19:37:49.537+00:00,heldout,1,156,VECTOR_FIRST_HNSW,category_or_price,category_09,394,False,3,0.451995,"[0.25,0.50)",31.622125,1.0,False,exact_bitmap,SQL_FIRST,False
2026-08-30T19:37:49.563+00:00,heldout,1,156,HNSW_HYBRID,category_or_price,category_09,394,False,3,0.451995,"[0.25,0.50)",26.286542,1.0,False,exact_seq,SQL_FIRST,False
2026-08-30T19:37:49.590+00:00,heldout,1,156,IVFFLAT_HYBRID,category_or_price,category_09,394,False,3,0.451995,"[0.25,0.50)",26.283333,1.0,False,exact_seq,SQL_FIRST,False
2026-08-30T19:37:49.630+00:00,heldout,0,206,SQL_FIRST,wide_or,category_00,997,True,4,0.998575,"[0.50,1.00)",36.701542,1.0,True,exact_seq,SQL_FIRST,True
2026-08-30T19:37:49.663+00:00,heldout,0,206,VECTOR_FIRST_HNSW,wide_or,category_00,997,True,4,0.998575,"[0.50,1.00)",32.021334,1.0,False,exact_bitmap,SQL_FIRST,False
2026-08-30T19:37:49.701+00:00,heldout,0,206,HNSW_HYBRID,wide_or,category_00,997,True,4,0.998575,"[0.50,1.00)",36.67775,1.0,False,exact_seq,SQL_FIRST,False
2026-08-30T19:37:49.740+00:00,heldout,0,206,IVFFLAT_HYBRID,wide_or,category_00,997,True,4,0.998575,"[0.50,1.00)",37.581041,1.0,False,exact_seq,SQL_FIRST,False
2026-08-30T19:37:49.778+00:00,heldout,1,206,SQL_FIRST,wide_or,category_00,997,True,4,0.998575,"[0.50,1.00)",37.4745,1.0,True,exact_seq,SQL_FIRST,True
2026-08-30T19:37:49.812+00:00,heldout,1,206,VECTOR_FIRST_HNSW,wide_or,category_00,997,True,4,0.998575,"[0.50,1.00)",33.194375,1.0,False,exact_bitmap,SQL_FIRST,False
2026-08-30T19:37:49.852+00:00,heldout,1,206,HNSW_HYBRID,wide_or,category_00,997,True,4,0.998575,"[0.50,1.00)",38.825959,1.0,False,exact_seq,SQL_FIRST,False
2026-08-30T19:37:49.889+00:00,heldout,1,206,IVFFLAT_HYBRID,wide_or,category_00,997,True,4,0.998575,"[0.50,1.00)",36.623458,1.0,False,exact_seq,SQL_FIRST,False
2026-08-30T19:37:49.894+00:00,heldout,0,48,SQL_FIRST,category_narrow_price,category_08,377,True,0,0.005035,"[0.00,0.05)",2.562,1.0,True,exact_bitmap,HNSW_HYBRID,False
2026-08-30T19:37:49.929+00:00,heldout,0,48,VECTOR_FIRST_HNSW,category_narrow_price,category_08,377,True,0,0.005035,"[0.00,0.05)",33.418042,0.0,False,exact_bitmap,HNSW_HYBRID,False
2026-08-30T19:37:49.932+00:00,heldout,0,48,HNSW_HYBRID,category_narrow_price,category_08,377,True,0,0.005035,"[0.00,0.05)",2.443125,1.0,False,exact_bitmap,HNSW_HYBRID,True
2026-08-30T19:37:49.936+00:00,heldout,0,48,IVFFLAT_HYBRID,category_narrow_price,category_08,377,True,0,0.005035,"[0.00,0.05)",3.054,1.0,False,exact_bitmap,HNSW_HYBRID,False
2026-08-30T19:37:49.940+00:00,heldout,1,48,SQL_FIRST,category_narrow_price,category_08,377,True,0,0.005035,"[0.00,0.05)",3.279,1.0,True,exact_bitmap,HNSW_HYBRID,False
2026-08-30T19:37:49.974+00:00,heldout,1,48,VECTOR_FIRST_HNSW,category_narrow_price,category_08,377,True,0,0.005035,"[0.00,0.05)",33.6445,0.0,False,exact_bitmap,HNSW_HYBRID,False
2026-08-30T19:37:49.978+00:00,heldout,1,48,HNSW_HYBRID,category_narrow_price,category_08,377,True,0,0.005035,"[0.00,0.05)",3.172959,1.0,False,exact_bitmap,HNSW_HYBRID,True
2026-08-30T19:37:49.981+00:00,heldout,1,48,IVFFLAT_HYBRID,category_narrow_price,category_08,377,True,0,0.005035,"[0.00,0.05)",2.722,1.0,False,exact_bitmap,HNSW_HYBRID,False
2026-08-30T19:37:50.021+00:00,heldout,0,244,SQL_FIRST,wide_or,category_02,825,True,4,0.92027,"[0.50,1.00)",38.318,1.0,True,exact_seq,SQL_FIRST,True
2026-08-30T19:37:50.053+00:00,heldout,0,244,VECTOR_FIRST_HNSW,wide_or,category_02,825,True,4,0.92027,"[0.50,1.00)",31.500125,1.0,False,exact_bitmap,SQL_FIRST,False
2026-08-30T19:37:50.089+00:00,heldout,0,244,HNSW_HYBRID,wide_or,category_02,825,True,4,0.92027,"[0.50,1.00)",35.349916,1.0,False,exact_seq,SQL_FIRST,False
2026-08-30T19:37:50.126+00:00,heldout,0,244,IVFFLAT_HYBRID,wide_or,category_02,825,True,4,0.92027,"[0.50,1.00)",35.48475,1.0,False,exact_seq,SQL_FIRST,False
2026-08-30T19:37:50.162+00:00,heldout,1,244,SQL_FIRST,wide_or,category_02,825,True,4,0.92027,"[0.50,1.00)",35.967125,1.0,True,exact_seq,SQL_FIRST,True
2026-08-30T19:37:50.194+00:00,heldout,1,244,VECTOR_FIRST_HNSW,wide_or,category_02,825,True,4,0.92027,"[0.50,1.00)",31.608417,1.0,False,exact_bitmap,SQL_FIRST,False
2026-08-30T19:37:50.230+00:00,heldout,1,244,HNSW_HYBRID,wide_or,category_02,825,True,4,0.92027,"[0.50,1.00)",35.258167,1.0,False,exact_seq,SQL_FIRST,False
2026-08-30T19:37:50.266+00:00,heldout,1,244,IVFFLAT_HYBRID,wide_or,category_02,825,True,4,0.92027,"[0.50,1.00)",35.309458,1.0,False,exact_seq,SQL_FIRST,False
