ts_utc,phase,repetition,query_id,strategy,template,category,price_limit,in_stock,target_bucket_idx,estimated_selectivity,bucket,latency_ms,recall_at_10,plan_verified,access_path,adaptive_selected,is_adaptive_selection
2026-08-30T19:54:51.974+00:00,calibration,0,228,SQL_FIRST,wide_or,category_01,742,False,4,0.88151,"[0.50,1.00)",27.209916,1.0,True,exact_seq,,False
2026-08-30T19:54:52.003+00:00,calibration,0,228,VECTOR_FIRST_HNSW,wide_or,category_01,742,False,4,0.88151,"[0.50,1.00)",27.244917,1.0,False,exact_bitmap,,False
2026-08-30T19:54:52.033+00:00,calibration,0,228,HNSW_HYBRID,wide_or,category_01,742,False,4,0.88151,"[0.50,1.00)",29.098708,1.0,False,exact_seq,,False
2026-08-30T19:54:52.060+00:00,calibration,0,228,IVFFLAT_HYBRID,wide_or,category_01,742,False,4,0.88151,"[0.50,1.00)",26.90275,1.0,False,exact_seq,,False
2026-08-30T19:54:52.140+00:00,calibration,0,101,SQL_FIRST,price_range_mid,category_05,640,False,2,0.10009,"[0.10,0.25)",12.429708,1.0,True,exact_bitmap,,False
2026-08-30T19:54:52.165+00:00,calibration,0,101,VECTOR_FIRST_HNSW,price_range_mid,category_05,640,False,2,0.10009,"[0.10,0.25)",24.39825,1.0,False,exact_bitmap,,False
2026-08-30T19:54:52.178+00:00,calibration,0,101,HNSW_HYBRID,price_range_mid,category_05,640,False,2,0.10009,"[0.10,0.25)",12.292333,1.0,False,exact_bitmap,,False
2026-08-30T19:54:52.192+00:00,calibration,0,101,IVFFLAT_HYBRID,price_range_mid,category_05,640,False,2,0.10009,"[0.10,0.25)",12.488417,1.0,False,exact_bitmap,,False
2026-08-30T19:54:52.311+00:00,calibration,0,64,SQL_FIRST,single_category,category_04,805,False,1,0.0967,"[0.05,0.10)",19.924084,1.0,True,exact_bitmap,,False
2026-08-30T19:54:52.346+00:00,calibration,0,64,VECTOR_FIRST_HNSW,single_category,category_04,805,False,1,0.0967,"[0.05,0.10)",33.501416,0.8,False,exact_bitmap,,False
2026-08-30T19:54:52.361+00:00,calibration,0,64,HNSW_HYBRID,single_category,category_04,805,False,1,0.0967,"[0.05,0.10)",13.202917,1.0,False,exact_bitmap,,False
2026-08-30T19:54:52.375+00:00,calibration,0,64,IVFFLAT_HYBRID,single_category,category_04,805,False,1,0.0967,"[0.05,0.10)",13.475042,1.0,False,exact_bitmap,,False
2026-08-30T19:54:52.428+00:00,calibration,0,2,SQL_FIRST,category_narrow_price,category_09,304,True,0,0.005085,"[0.00,0.05)",5.5965,1.0,True,exact_bitmap,,False
2026-08-30T19:54:52.457+00:00,calibration,0,2,VECTOR_FIRST_HNSW,category_narrow_price,category_09,304,True,0,0.005085,"[0.00,0.05)",28.374916,0.0,False,exact_bitmap,,False
2026-08-30T19:54:52.460+00:00,calibration,0,2,HNSW_HYBRID,category_narrow_price,category_09,304,True,0,0.005085,"[0.00,0.05)",2.570041,1.0,False,exact_bitmap,,False
2026-08-30T19:54:52.463+00:00,calibration,0,2,IVFFLAT_HYBRID,category_narrow_price,category_09,304,True,0,0.005085,"[0.00,0.05)",2.113291,1.0,False,exact_bitmap,,False
2026-08-30T19:54:52.568+00:00,calibration,0,110,SQL_FIRST,two_categories,category_00,975,True,2,0.202065,"[0.10,0.25)",18.771459,1.0,True,exact_bitmap,,False
2026-08-30T19:54:52.592+00:00,calibration,0,110,VECTOR_FIRST_HNSW,two_categories,category_00,975,True,2,0.202065,"[0.10,0.25)",23.495792,1.0,False,exact_bitmap,,False
2026-08-30T19:54:52.612+00:00,calibration,0,110,HNSW_HYBRID,two_categories,category_00,975,True,2,0.202065,"[0.10,0.25)",18.735084,1.0,False,exact_bitmap,,False
2026-08-30T19:54:52.631+00:00,calibration,0,110,IVFFLAT_HYBRID,two_categories,category_00,975,True,2,0.202065,"[0.10,0.25)",18.622833,1.0,False,exact_bitmap,,False
2026-08-30T19:54:52.729+00:00,calibration,0,157,SQL_FIRST,three_categories,category_02,311,False,3,0.2705,"[0.25,0.50)",16.50925,1.0,True,exact_bitmap,,False
2026-08-30T19:54:52.755+00:00,calibration,0,157,VECTOR_FIRST_HNSW,three_categories,category_02,311,False,3,0.2705,"[0.25,0.50)",25.41875,1.0,False,exact_bitmap,,False
2026-08-30T19:54:52.777+00:00,calibration,0,157,HNSW_HYBRID,three_categories,category_02,311,False,3,0.2705,"[0.25,0.50)",20.495792,1.0,False,exact_bitmap,,False
2026-08-30T19:54:52.796+00:00,calibration,0,157,IVFFLAT_HYBRID,three_categories,category_02,311,False,3,0.2705,"[0.25,0.50)",17.3795,1.0,False,exact_bitmap,,False
2026-08-30T19:54:52.874+00:00,calibration,0,116,SQL_FIRST,price_range_mid,category_06,563,True,2,0.100445,"[0.10,0.25)",12.036125,1.0,True,exact_bitmap,,False
2026-08-30T19:54:52.902+00:00,calibration,0,116,VECTOR_FIRST_HNSW,price_range_mid,category_06,563,True,2,0.100445,"[0.10,0.25)",25.565208,1.0,False,exact_bitmap,,False
2026-08-30T19:54:52.915+00:00,calibration,0,116,HNSW_HYBRID,price_range_mid,category_06,563,True,2,0.100445,"[0.10,0.25)",12.146792,1.0,False,exact_bitmap,,False
2026-08-30T19:54:52.929+00:00,calibration,0,116,IVFFLAT_HYBRID,price_range_mid,category_06,563,True,2,0.100445,"[0.10,0.25)",12.975917,1.0,False,exact_bitmap,,False
2026-08-30T19:54:53.048+00:00,calibration,0,127,SQL_FIRST,two_categories,category_05,671,False,2,0.199565,"[0.10,0.25)",21.34475,1.0,True,exact_bitmap,,False
2026-08-30T19:54:53.076+00:00,calibration,0,127,VECTOR_FIRST_HNSW,two_categories,category_05,671,False,2,0.199565,"[0.10,0.25)",26.960917,1.0,False,exact_bitmap,,False
2026-08-30T19:54:53.097+00:00,calibration,0,127,HNSW_HYBRID,two_categories,category_05,671,False,2,0.199565,"[0.10,0.25)",20.691792,1.0,False,exact_bitmap,,False
2026-08-30T19:54:53.119+00:00,calibration,0,127,IVFFLAT_HYBRID,two_categories,category_05,671,False,2,0.199565,"[0.10,0.25)",21.493917,1.0,False,exact_bitmap,,False
2026-08-30T19:54:53.197+00:00,calibration,0,117,SQL_FIRST,single_category_alone,category_05,87,True,2,0.100035,"[0.10,0.25)",11.655291,1.0,True,exact_bitmap,,False
2026-08-30T19:54:53.225+00:00,calibration,0,117,VECTOR_FIRST_HNSW,single_category_alone,category_05,87,True,2,0.100035,"[0.10,0.25)",26.409291,1.0,False,exact_bitmap,,False
2026-08-30T19:54:53.238+00:00,calibration,0,117,HNSW_HYBRID,single_category_alone,category_05,87,True,2,0.100035,"[0.10,0.25)",11.838833,1.0,False,exact_bitmap,,False
2026-08-30T19:54:53.253+00:00,calibration,0,117,IVFFLAT_HYBRID,single_category_alone,category_05,87,True,2,0.100035,"[0.10,0.25)",13.074834,1.0,False,exact_bitmap,,False
2026-08-30T19:54:53.335+00:00,calibration,0,108,SQL_FIRST,price_range_mid,category_04,391,True,2,0.1014,"[0.10,0.25)",13.148208,1.0,True,exact_bitmap,,False
2026-08-30T19:54:53.361+00:00,calibration,0,108,VECTOR_FIRST_HNSW,price_range_mid,category_04,391,True,2,0.1014,"[0.10,0.25)",24.756375,0.8,False,exact_bitmap,,False
2026-08-30T19:54:53.375+00:00,calibration,0,108,HNSW_HYBRID,price_range_mid,category_04,391,True,2,0.1014,"[0.10,0.25)",12.13225,1.0,False,exact_bitmap,,False
2026-08-30T19:54:53.389+00:00,calibration,0,108,IVFFLAT_HYBRID,price_range_mid,category_04,391,True,2,0.1014,"[0.10,0.25)",12.530625,1.0,False,exact_bitmap,,False
2026-08-30T19:54:53.472+00:00,calibration,0,88,SQL_FIRST,single_category,category_08,143,True,1,0.098665,"[0.05,0.10)",12.555042,1.0,True,exact_bitmap,,False
2026-08-30T19:54:53.503+00:00,calibration,0,88,VECTOR_FIRST_HNSW,single_category,category_08,143,True,1,0.098665,"[0.05,0.10)",30.312416,0.6,False,exact_bitmap,,False
2026-08-30T19:54:53.519+00:00,calibration,0,88,HNSW_HYBRID,single_category,category_08,143,True,1,0.098665,"[0.05,0.10)",15.09525,1.0,False,exact_bitmap,,False
2026-08-30T19:54:53.534+00:00,calibration,0,88,IVFFLAT_HYBRID,single_category,category_08,143,True,1,0.098665,"[0.05,0.10)",13.79925,1.0,False,exact_bitmap,,False
2026-08-30T19:54:53.651+00:00,calibration,0,243,SQL_FIRST,stock_alone,category_00,948,True,4,0.500835,"[0.50,1.00)",20.437,1.0,True,exact_seq,,False
2026-08-30T19:54:53.676+00:00,calibration,0,243,VECTOR_FIRST_HNSW,stock_alone,category_00,948,True,4,0.500835,"[0.50,1.00)",24.650709,1.0,False,exact_bitmap,,False
2026-08-30T19:54:53.697+00:00,calibration,0,243,HNSW_HYBRID,stock_alone,category_00,948,True,4,0.500835,"[0.50,1.00)",19.848875,1.0,False,exact_seq,,False
2026-08-30T19:54:53.719+00:00,calibration,0,243,IVFFLAT_HYBRID,stock_alone,category_00,948,True,4,0.500835,"[0.50,1.00)",20.785583,1.0,False,exact_seq,,False
2026-08-30T19:54:53.757+00:00,calibration,0,8,SQL_FIRST,category_narrow_price,category_08,144,True,0,0.00511,"[0.00,0.05)",2.408125,1.0,True,exact_bitmap,,False
2026-08-30T19:54:53.784+00:00,calibration,0,8,VECTOR_FIRST_HNSW,category_narrow_price,category_08,144,True,0,0.00511,"[0.00,0.05)",24.972042,0.0,False,exact_bitmap,,False
2026-08-30T19:54:53.788+00:00,calibration,0,8,HNSW_HYBRID,category_narrow_price,category_08,144,True,0,0.00511,"[0.00,0.05)",2.611375,1.0,False,exact_bitmap,,False
2026-08-30T19:54:53.791+00:00,calibration,0,8,IVFFLAT_HYBRID,category_narrow_price,category_08,144,True,0,0.00511,"[0.00,0.05)",2.382791,1.0,False,exact_bitmap,,False
2026-08-30T19:54:53.903+00:00,calibration,0,120,SQL_FIRST,two_categories,category_05,951,False,2,0.199565,"[0.10,0.25)",21.592792,1.0,True,exact_bitmap,,False
2026-08-30T19:54:53.929+00:00,calibration,0,120,VECTOR_FIRST_HNSW,two_categories,category_05,951,False,2,0.199565,"[0.10,0.25)",25.013791,1.0,False,exact_bitmap,,False
2026-08-30T19:54:53.951+00:00,calibration,0,120,HNSW_HYBRID,two_categories,category_05,951,False,2,0.199565,"[0.10,0.25)",21.087292,1.0,False,exact_bitmap,,False
2026-08-30T19:54:53.974+00:00,calibration,0,120,IVFFLAT_HYBRID,two_categories,category_05,951,False,2,0.199565,"[0.10,0.25)",21.998916,1.0,False,exact_bitmap,,False
2026-08-30T19:54:54.118+00:00,calibration,0,207,SQL_FIRST,wide_or,category_07,911,True,4,0.95904,"[0.50,1.00)",27.667875,1.0,True,exact_seq,,False
2026-08-30T19:54:54.144+00:00,calibration,0,207,VECTOR_FIRST_HNSW,wide_or,category_07,911,True,4,0.95904,"[0.50,1.00)",25.077167,1.0,False,exact_bitmap,,False
2026-08-30T19:54:54.173+00:00,calibration,0,207,HNSW_HYBRID,wide_or,category_07,911,True,4,0.95904,"[0.50,1.00)",28.164042,1.0,False,exact_seq,,False
2026-08-30T19:54:54.202+00:00,calibration,0,207,IVFFLAT_HYBRID,wide_or,category_07,911,True,4,0.95904,"[0.50,1.00)",27.371,1.0,False,exact_seq,,False
2026-08-30T19:54:54.308+00:00,calibration,0,227,SQL_FIRST,stock_alone,category_03,318,True,4,0.500835,"[0.50,1.00)",19.763583,1.0,True,exact_seq,,False
2026-08-30T19:54:54.334+00:00,calibration,0,227,VECTOR_FIRST_HNSW,stock_alone,category_03,318,True,4,0.500835,"[0.50,1.00)",24.316083,1.0,False,exact_bitmap,,False
2026-08-30T19:54:54.357+00:00,calibration,0,227,HNSW_HYBRID,stock_alone,category_03,318,True,4,0.500835,"[0.50,1.00)",20.732708,1.0,False,exact_seq,,False
2026-08-30T19:54:54.380+00:00,calibration,0,227,IVFFLAT_HYBRID,stock_alone,category_03,318,True,4,0.500835,"[0.50,1.00)",21.568625,1.0,False,exact_seq,,False
2026-08-30T19:54:54.458+00:00,calibration,0,132,SQL_FIRST,single_category_alone,category_00,924,True,2,0.1034,"[0.10,0.25)",12.736041,1.0,True,exact_bitmap,,False
2026-08-30T19:54:54.486+00:00,calibration,0,132,VECTOR_FIRST_HNSW,single_category_alone,category_00,924,True,2,0.1034,"[0.10,0.25)",26.214167,1.0,False,exact_bitmap,,False
2026-08-30T19:54:54.498+00:00,calibration,0,132,HNSW_HYBRID,single_category_alone,category_00,924,True,2,0.1034,"[0.10,0.25)",11.584292,1.0,False,exact_bitmap,,False
2026-08-30T19:54:54.512+00:00,calibration,0,132,IVFFLAT_HYBRID,single_category_alone,category_00,924,True,2,0.1034,"[0.10,0.25)",12.282875,1.0,False,exact_bitmap,,False
2026-08-30T19:54:54.588+00:00,calibration,0,67,SQL_FIRST,single_category,category_04,239,False,1,0.0967,"[0.05,0.10)",12.9765,1.0,True,exact_bitmap,,False
2026-08-30T19:54:54.618+00:00,calibration,0,67,VECTOR_FIRST_HNSW,single_category,category_04,239,False,1,0.0967,"[0.05,0.10)",28.961416,0.9,False,exact_bitmap,,False
2026-08-30T19:54:54.632+00:00,calibration,0,67,HNSW_HYBRID,single_category,category_04,239,False,1,0.0967,"[0.05,0.10)",12.186375,1.0,False,exact_bitmap,,False
2026-08-30T19:54:54.645+00:00,calibration,0,67,IVFFLAT_HYBRID,single_category,category_04,239,False,1,0.0967,"[0.05,0.10)",12.63025,1.0,False,exact_bitmap,,False
2026-08-30T19:54:54.743+00:00,calibration,0,166,SQL_FIRST,three_categories,category_05,772,False,3,0.271,"[0.25,0.50)",17.496583,1.0,True,exact_bitmap,,False
2026-08-30T19:54:54.768+00:00,calibration,0,166,VECTOR_FIRST_HNSW,three_categories,category_05,772,False,3,0.271,"[0.25,0.50)",24.360916,1.0,False,exact_bitmap,,False
2026-08-30T19:54:54.787+00:00,calibration,0,166,HNSW_HYBRID,three_categories,category_05,772,False,3,0.271,"[0.25,0.50)",17.772708,1.0,False,exact_bitmap,,False
2026-08-30T19:54:54.807+00:00,calibration,0,166,IVFFLAT_HYBRID,three_categories,category_05,772,False,3,0.271,"[0.25,0.50)",19.317375,1.0,False,exact_bitmap,,False
2026-08-30T19:54:54.885+00:00,calibration,0,62,SQL_FIRST,single_category,category_09,164,False,1,0.0999,"[0.05,0.10)",12.730958,1.0,True,exact_bitmap,,False
2026-08-30T19:54:54.911+00:00,calibration,0,62,VECTOR_FIRST_HNSW,single_category,category_09,164,False,1,0.0999,"[0.05,0.10)",24.656708,1.0,False,exact_bitmap,,False
2026-08-30T19:54:54.924+00:00,calibration,0,62,HNSW_HYBRID,single_category,category_09,164,False,1,0.0999,"[0.05,0.10)",11.729916,1.0,False,exact_bitmap,,False
2026-08-30T19:54:54.937+00:00,calibration,0,62,IVFFLAT_HYBRID,single_category,category_09,164,False,1,0.0999,"[0.05,0.10)",12.409708,1.0,False,exact_bitmap,,False
2026-08-30T19:54:55.049+00:00,calibration,0,167,SQL_FIRST,three_categories,category_05,276,True,3,0.271,"[0.25,0.50)",18.2685,1.0,True,exact_bitmap,,False
2026-08-30T19:54:55.075+00:00,calibration,0,167,VECTOR_FIRST_HNSW,three_categories,category_05,276,True,3,0.271,"[0.25,0.50)",23.365917,1.0,False,exact_bitmap,,False
2026-08-30T19:54:55.094+00:00,calibration,0,167,HNSW_HYBRID,three_categories,category_05,276,True,3,0.271,"[0.25,0.50)",17.934209,1.0,False,exact_bitmap,,False
2026-08-30T19:54:55.118+00:00,calibration,0,167,IVFFLAT_HYBRID,three_categories,category_05,276,True,3,0.271,"[0.25,0.50)",22.004,1.0,False,exact_bitmap,,False
2026-08-30T19:54:55.196+00:00,calibration,0,31,SQL_FIRST,category_and_stock,category_02,31,False,0,0.0494,"[0.00,0.05)",9.896666,1.0,True,exact_bitmap,,False
2026-08-30T19:54:55.228+00:00,calibration,0,31,VECTOR_FIRST_HNSW,category_and_stock,category_02,31,False,0,0.0494,"[0.00,0.05)",30.03925,0.5,False,exact_bitmap,,False
2026-08-30T19:54:55.243+00:00,calibration,0,31,HNSW_HYBRID,category_and_stock,category_02,31,False,0,0.0494,"[0.00,0.05)",11.942417,1.0,False,exact_bitmap,,False
2026-08-30T19:54:55.256+00:00,calibration,0,31,IVFFLAT_HYBRID,category_and_stock,category_02,31,False,0,0.0494,"[0.00,0.05)",11.692583,1.0,False,exact_bitmap,,False
2026-08-30T19:54:55.322+00:00,calibration,0,13,SQL_FIRST,category_and_stock,category_02,783,False,0,0.0494,"[0.00,0.05)",9.806958,1.0,True,exact_bitmap,,False
2026-08-30T19:54:55.351+00:00,calibration,0,13,VECTOR_FIRST_HNSW,category_and_stock,category_02,783,False,0,0.0494,"[0.00,0.05)",27.45125,0.2,False,exact_bitmap,,False
2026-08-30T19:54:55.362+00:00,calibration,0,13,HNSW_HYBRID,category_and_stock,category_02,783,False,0,0.0494,"[0.00,0.05)",9.985041,1.0,False,exact_bitmap,,False
2026-08-30T19:54:55.373+00:00,calibration,0,13,IVFFLAT_HYBRID,category_and_stock,category_02,783,False,0,0.0494,"[0.00,0.05)",9.91125,1.0,False,exact_bitmap,,False
2026-08-30T19:54:55.452+00:00,calibration,0,70,SQL_FIRST,single_category,category_01,608,True,1,0.098665,"[0.05,0.10)",12.174958,1.0,True,exact_bitmap,,False
2026-08-30T19:54:55.477+00:00,calibration,0,70,VECTOR_FIRST_HNSW,single_category,category_01,608,True,1,0.098665,"[0.05,0.10)",23.546666,1.0,False,exact_bitmap,,False
2026-08-30T19:54:55.490+00:00,calibration,0,70,HNSW_HYBRID,single_category,category_01,608,True,1,0.098665,"[0.05,0.10)",11.93825,1.0,False,exact_bitmap,,False
2026-08-30T19:54:55.504+00:00,calibration,0,70,IVFFLAT_HYBRID,single_category,category_01,608,True,1,0.098665,"[0.05,0.10)",12.570458,1.0,False,exact_bitmap,,False
2026-08-30T19:54:55.651+00:00,calibration,0,241,SQL_FIRST,wide_or,category_05,542,False,4,0.791945,"[0.50,1.00)",30.547458,1.0,True,exact_seq,,False
2026-08-30T19:54:55.678+00:00,calibration,0,241,VECTOR_FIRST_HNSW,wide_or,category_05,542,False,4,0.791945,"[0.50,1.00)",26.325958,1.0,False,exact_bitmap,,False
2026-08-30T19:54:55.708+00:00,calibration,0,241,HNSW_HYBRID,wide_or,category_05,542,False,4,0.791945,"[0.50,1.00)",28.318084,1.0,False,exact_seq,,False
2026-08-30T19:54:55.736+00:00,calibration,0,241,IVFFLAT_HYBRID,wide_or,category_05,542,False,4,0.791945,"[0.50,1.00)",27.408084,1.0,False,exact_seq,,False
2026-08-30T19:54:55.784+00:00,calibration,0,29,SQL_FIRST,category_narrow_price,category_06,746,True,0,0.00506,"[0.00,0.05)",4.417791,1.0,True,exact_bitmap,,False
2026-08-30T19:54:55.819+00:00,calibration,0,29,VECTOR_FIRST_HNSW,category_narrow_price,category_06,746,True,0,0.00506,"[0.00,0.05)",33.093084,0.2,False,exact_bitmap,,False
2026-08-30T19:54:55.822+00:00,calibration,0,29,HNSW_HYBRID,category_narrow_price,category_06,746,True,0,0.00506,"[0.00,0.05)",2.857208,1.0,False,exact_bitmap,,False
2026-08-30T19:54:55.825+00:00,calibration,0,29,IVFFLAT_HYBRID,category_narrow_price,category_06,746,True,0,0.00506,"[0.00,0.05)",2.366333,1.0,False,exact_bitmap,,False
2026-08-30T19:54:55.913+00:00,calibration,0,52,SQL_FIRST,single_category,category_09,111,True,1,0.0999,"[0.05,0.10)",13.768583,1.0,True,exact_bitmap,,False
2026-08-30T19:54:55.941+00:00,calibration,0,52,VECTOR_FIRST_HNSW,single_category,category_09,111,True,1,0.0999,"[0.05,0.10)",26.134125,0.6,False,exact_bitmap,,False
2026-08-30T19:54:55.955+00:00,calibration,0,52,HNSW_HYBRID,single_category,category_09,111,True,1,0.0999,"[0.05,0.10)",13.235417,1.0,False,exact_bitmap,,False
2026-08-30T19:54:55.975+00:00,calibration,0,52,IVFFLAT_HYBRID,single_category,category_09,111,True,1,0.0999,"[0.05,0.10)",17.309,1.0,False,exact_bitmap,,False
2026-08-30T19:54:56.179+00:00,calibration,0,215,SQL_FIRST,wide_or,category_01,796,True,4,0.90621,"[0.50,1.00)",40.866083,1.0,True,exact_seq,,False
2026-08-30T19:54:56.214+00:00,calibration,0,215,VECTOR_FIRST_HNSW,wide_or,category_01,796,True,4,0.90621,"[0.50,1.00)",33.376,1.0,False,exact_bitmap,,False
2026-08-30T19:54:56.247+00:00,calibration,0,215,HNSW_HYBRID,wide_or,category_01,796,True,4,0.90621,"[0.50,1.00)",32.021583,1.0,False,exact_seq,,False
2026-08-30T19:54:56.278+00:00,calibration,0,215,IVFFLAT_HYBRID,wide_or,category_01,796,True,4,0.90621,"[0.50,1.00)",28.612416,1.0,False,exact_seq,,False
2026-08-30T19:54:56.360+00:00,calibration,0,81,SQL_FIRST,single_category,category_06,829,False,1,0.099535,"[0.05,0.10)",12.837666,1.0,True,exact_bitmap,,False
2026-08-30T19:54:56.390+00:00,calibration,0,81,VECTOR_FIRST_HNSW,single_category,category_06,829,False,1,0.099535,"[0.05,0.10)",27.994333,0.9,False,exact_bitmap,,False
2026-08-30T19:54:56.403+00:00,calibration,0,81,HNSW_HYBRID,single_category,category_06,829,False,1,0.099535,"[0.05,0.10)",12.137333,1.0,False,exact_bitmap,,False
2026-08-30T19:54:56.418+00:00,calibration,0,81,IVFFLAT_HYBRID,single_category,category_06,829,False,1,0.099535,"[0.05,0.10)",13.455916,1.0,False,exact_bitmap,,False
2026-08-30T19:54:56.511+00:00,calibration,0,73,SQL_FIRST,single_category,category_02,995,False,1,0.098965,"[0.05,0.10)",13.631292,1.0,True,exact_bitmap,,False
2026-08-30T19:54:56.542+00:00,calibration,0,73,VECTOR_FIRST_HNSW,single_category,category_02,995,False,1,0.098965,"[0.05,0.10)",29.7825,0.9,False,exact_bitmap,,False
2026-08-30T19:54:56.556+00:00,calibration,0,73,HNSW_HYBRID,single_category,category_02,995,False,1,0.098965,"[0.05,0.10)",13.016,1.0,False,exact_bitmap,,False
2026-08-30T19:54:56.572+00:00,calibration,0,73,IVFFLAT_HYBRID,single_category,category_02,995,False,1,0.098965,"[0.05,0.10)",14.862458,1.0,False,exact_bitmap,,False
2026-08-30T19:54:56.694+00:00,calibration,0,137,SQL_FIRST,two_categories,category_00,637,False,2,0.202065,"[0.10,0.25)",21.648625,1.0,True,exact_bitmap,,False
2026-08-30T19:54:56.724+00:00,calibration,0,137,VECTOR_FIRST_HNSW,two_categories,category_00,637,False,2,0.202065,"[0.10,0.25)",27.6035,1.0,False,exact_bitmap,,False
2026-08-30T19:54:56.746+00:00,calibration,0,137,HNSW_HYBRID,two_categories,category_00,637,False,2,0.202065,"[0.10,0.25)",21.257875,1.0,False,exact_bitmap,,False
2026-08-30T19:54:56.771+00:00,calibration,0,137,IVFFLAT_HYBRID,two_categories,category_00,637,False,2,0.202065,"[0.10,0.25)",22.312333,1.0,False,exact_bitmap,,False
2026-08-30T19:54:56.886+00:00,calibration,0,218,SQL_FIRST,stock_alone,category_06,996,True,4,0.500835,"[0.50,1.00)",21.715541,1.0,True,exact_seq,,False
2026-08-30T19:54:56.914+00:00,calibration,0,218,VECTOR_FIRST_HNSW,stock_alone,category_06,996,True,4,0.500835,"[0.50,1.00)",26.429625,1.0,False,exact_bitmap,,False
2026-08-30T19:54:56.938+00:00,calibration,0,218,HNSW_HYBRID,stock_alone,category_06,996,True,4,0.500835,"[0.50,1.00)",23.39025,1.0,False,exact_seq,,False
2026-08-30T19:54:56.961+00:00,calibration,0,218,IVFFLAT_HYBRID,stock_alone,category_06,996,True,4,0.500835,"[0.50,1.00)",22.165375,1.0,False,exact_seq,,False
2026-08-30T19:54:57.263+00:00,calibration,0,160,SQL_FIRST,category_or_price,category_03,440,True,3,0.494875,"[0.25,0.50)",185.725167,1.0,True,exact_seq,,False
2026-08-30T19:54:57.299+00:00,calibration,0,160,VECTOR_FIRST_HNSW,category_or_price,category_03,440,True,3,0.494875,"[0.25,0.50)",34.604167,1.0,False,exact_bitmap,,False
2026-08-30T19:54:57.331+00:00,calibration,0,160,HNSW_HYBRID,category_or_price,category_03,440,True,3,0.494875,"[0.25,0.50)",31.842541,1.0,False,exact_seq,,False
2026-08-30T19:54:57.359+00:00,calibration,0,160,IVFFLAT_HYBRID,category_or_price,category_03,440,True,3,0.494875,"[0.25,0.50)",26.345291,1.0,False,exact_seq,,False
2026-08-30T19:54:57.536+00:00,calibration,0,248,SQL_FIRST,wide_or,category_02,683,True,4,0.85497,"[0.50,1.00)",30.05925,1.0,True,exact_seq,,False
2026-08-30T19:54:57.564+00:00,calibration,0,248,VECTOR_FIRST_HNSW,wide_or,category_02,683,True,4,0.85497,"[0.50,1.00)",26.910083,1.0,False,exact_bitmap,,False
2026-08-30T19:54:57.594+00:00,calibration,0,248,HNSW_HYBRID,wide_or,category_02,683,True,4,0.85497,"[0.50,1.00)",28.866667,1.0,False,exact_seq,,False
2026-08-30T19:54:57.623+00:00,calibration,0,248,IVFFLAT_HYBRID,wide_or,category_02,683,True,4,0.85497,"[0.50,1.00)",27.893333,1.0,False,exact_seq,,False
2026-08-30T19:54:57.669+00:00,calibration,0,15,SQL_FIRST,category_narrow_price,category_07,972,False,0,0.005065,"[0.00,0.05)",3.012333,1.0,True,exact_bitmap,,False
2026-08-30T19:54:57.698+00:00,calibration,0,15,VECTOR_FIRST_HNSW,category_narrow_price,category_07,972,False,0,0.005065,"[0.00,0.05)",27.947542,0.1,False,exact_bitmap,,False
2026-08-30T19:54:57.701+00:00,calibration,0,15,HNSW_HYBRID,category_narrow_price,category_07,972,False,0,0.005065,"[0.00,0.05)",3.136125,1.0,False,exact_bitmap,,False
2026-08-30T19:54:57.705+00:00,calibration,0,15,IVFFLAT_HYBRID,category_narrow_price,category_07,972,False,0,0.005065,"[0.00,0.05)",2.534083,1.0,False,exact_bitmap,,False
2026-08-30T19:54:57.867+00:00,calibration,0,211,SQL_FIRST,wide_or,category_08,993,False,4,0.996655,"[0.50,1.00)",30.763333,1.0,True,exact_seq,,False
2026-08-30T19:54:57.895+00:00,calibration,0,211,VECTOR_FIRST_HNSW,wide_or,category_08,993,False,4,0.996655,"[0.50,1.00)",27.341667,1.0,False,exact_bitmap,,False
2026-08-30T19:54:57.931+00:00,calibration,0,211,HNSW_HYBRID,wide_or,category_08,993,False,4,0.996655,"[0.50,1.00)",34.221125,1.0,False,exact_seq,,False
2026-08-30T19:54:57.982+00:00,calibration,0,211,IVFFLAT_HYBRID,wide_or,category_08,993,False,4,0.996655,"[0.50,1.00)",50.18225,1.0,False,exact_seq,,False
2026-08-30T19:54:58.109+00:00,calibration,0,189,SQL_FIRST,three_categories,category_04,576,True,3,0.267975,"[0.25,0.50)",21.693708,1.0,True,exact_bitmap,,False
2026-08-30T19:54:58.142+00:00,calibration,0,189,VECTOR_FIRST_HNSW,three_categories,category_04,576,True,3,0.267975,"[0.25,0.50)",31.919875,1.0,False,exact_bitmap,,False
2026-08-30T19:54:58.171+00:00,calibration,0,189,HNSW_HYBRID,three_categories,category_04,576,True,3,0.267975,"[0.25,0.50)",28.019208,1.0,False,exact_bitmap,,False
2026-08-30T19:54:58.194+00:00,calibration,0,189,IVFFLAT_HYBRID,three_categories,category_04,576,True,3,0.267975,"[0.25,0.50)",22.6955,1.0,False,exact_bitmap,,False
2026-08-30T19:54:58.305+00:00,calibration,0,196,SQL_FIRST,three_categories,category_00,313,True,3,0.271845,"[0.25,0.50)",18.342875,1.0,True,exact_bitmap,,False
2026-08-30T19:54:58.335+00:00,calibration,0,196,VECTOR_FIRST_HNSW,three_categories,category_00,313,True,3,0.271845,"[0.25,0.50)",28.66025,1.0,False,exact_bitmap,,False
2026-08-30T19:54:58.355+00:00,calibration,0,196,HNSW_HYBRID,three_categories,category_00,313,True,3,0.271845,"[0.25,0.50)",18.616166,1.0,False,exact_bitmap,,False
2026-08-30T19:54:58.380+00:00,calibration,0,196,IVFFLAT_HYBRID,three_categories,category_00,313,True,3,0.271845,"[0.25,0.50)",22.287375,1.0,False,exact_bitmap,,False
2026-08-30T19:54:58.502+00:00,calibration,0,173,SQL_FIRST,three_categories,category_00,256,False,3,0.271845,"[0.25,0.50)",20.323417,1.0,True,exact_bitmap,,False
2026-08-30T19:54:58.532+00:00,calibration,0,173,VECTOR_FIRST_HNSW,three_categories,category_00,256,False,3,0.271845,"[0.25,0.50)",27.642209,1.0,False,exact_bitmap,,False
2026-08-30T19:54:58.553+00:00,calibration,0,173,HNSW_HYBRID,three_categories,category_00,256,False,3,0.271845,"[0.25,0.50)",20.596083,1.0,False,exact_bitmap,,False
2026-08-30T19:54:58.575+00:00,calibration,0,173,IVFFLAT_HYBRID,three_categories,category_00,256,False,3,0.271845,"[0.25,0.50)",20.235583,1.0,False,exact_bitmap,,False
2026-08-30T19:54:58.622+00:00,calibration,0,20,SQL_FIRST,category_narrow_price,category_03,174,False,0,0.005275,"[0.00,0.05)",2.941791,1.0,True,exact_bitmap,,False
2026-08-30T19:54:58.653+00:00,calibration,0,20,VECTOR_FIRST_HNSW,category_narrow_price,category_03,174,False,0,0.005275,"[0.00,0.05)",29.296083,0.0,False,exact_bitmap,,False
2026-08-30T19:54:58.657+00:00,calibration,0,20,HNSW_HYBRID,category_narrow_price,category_03,174,False,0,0.005275,"[0.00,0.05)",2.71675,1.0,False,exact_bitmap,,False
2026-08-30T19:54:58.662+00:00,calibration,0,20,IVFFLAT_HYBRID,category_narrow_price,category_03,174,False,0,0.005275,"[0.00,0.05)",3.22775,1.0,False,exact_bitmap,,False
2026-08-30T19:54:58.788+00:00,calibration,0,145,SQL_FIRST,two_categories,category_08,293,True,2,0.198565,"[0.10,0.25)",22.762667,1.0,True,exact_bitmap,,False
2026-08-30T19:54:58.818+00:00,calibration,0,145,VECTOR_FIRST_HNSW,two_categories,category_08,293,True,2,0.198565,"[0.10,0.25)",28.889292,1.0,False,exact_bitmap,,False
2026-08-30T19:54:58.841+00:00,calibration,0,145,HNSW_HYBRID,two_categories,category_08,293,True,2,0.198565,"[0.10,0.25)",21.799375,1.0,False,exact_bitmap,,False
2026-08-30T19:54:58.868+00:00,calibration,0,145,IVFFLAT_HYBRID,two_categories,category_08,293,True,2,0.198565,"[0.10,0.25)",25.274917,1.0,False,exact_bitmap,,False
2026-08-30T19:54:58.991+00:00,calibration,0,146,SQL_FIRST,two_categories,category_00,774,True,2,0.202065,"[0.10,0.25)",23.421459,1.0,True,exact_bitmap,,False
2026-08-30T19:54:59.020+00:00,calibration,0,146,VECTOR_FIRST_HNSW,two_categories,category_00,774,True,2,0.202065,"[0.10,0.25)",28.284458,1.0,False,exact_bitmap,,False
2026-08-30T19:54:59.043+00:00,calibration,0,146,HNSW_HYBRID,two_categories,category_00,774,True,2,0.202065,"[0.10,0.25)",21.634292,1.0,False,exact_bitmap,,False
2026-08-30T19:54:59.069+00:00,calibration,0,146,IVFFLAT_HYBRID,two_categories,category_00,774,True,2,0.202065,"[0.10,0.25)",24.655917,1.0,False,exact_bitmap,,False
2026-08-30T19:54:59.213+00:00,calibration,0,206,SQL_FIRST,stock_alone,category_04,871,True,4,0.500835,"[0.50,1.00)",22.863333,1.0,True,exact_seq,,False
2026-08-30T19:54:59.245+00:00,calibration,0,206,VECTOR_FIRST_HNSW,stock_alone,category_04,871,True,4,0.500835,"[0.50,1.00)",30.350209,1.0,False,exact_bitmap,,False
2026-08-30T19:54:59.273+00:00,calibration,0,206,HNSW_HYBRID,stock_alone,category_04,871,True,4,0.500835,"[0.50,1.00)",25.787084,1.0,False,exact_seq,,False
2026-08-30T19:54:59.297+00:00,calibration,0,206,IVFFLAT_HYBRID,stock_alone,category_04,871,True,4,0.500835,"[0.50,1.00)",22.080416,1.0,False,exact_seq,,False
2026-08-30T19:54:59.384+00:00,calibration,0,66,SQL_FIRST,single_category,category_01,739,True,1,0.098665,"[0.05,0.10)",14.482291,1.0,True,exact_bitmap,,False
2026-08-30T19:54:59.535+00:00,calibration,0,66,VECTOR_FIRST_HNSW,single_category,category_01,739,True,1,0.098665,"[0.05,0.10)",150.337541,1.0,False,exact_bitmap,,False
2026-08-30T19:54:59.548+00:00,calibration,0,66,HNSW_HYBRID,single_category,category_01,739,True,1,0.098665,"[0.05,0.10)",11.998042,1.0,False,exact_bitmap,,False
2026-08-30T19:54:59.563+00:00,calibration,0,66,IVFFLAT_HYBRID,single_category,category_01,739,True,1,0.098665,"[0.05,0.10)",13.650917,1.0,False,exact_bitmap,,False
2026-08-30T19:54:59.644+00:00,calibration,0,71,SQL_FIRST,single_category,category_08,759,True,1,0.098665,"[0.05,0.10)",12.487125,1.0,True,exact_bitmap,,False
2026-08-30T19:54:59.675+00:00,calibration,0,71,VECTOR_FIRST_HNSW,single_category,category_08,759,True,1,0.098665,"[0.05,0.10)",30.637958,0.9,False,exact_bitmap,,False
2026-08-30T19:54:59.689+00:00,calibration,0,71,HNSW_HYBRID,single_category,category_08,759,True,1,0.098665,"[0.05,0.10)",12.752083,1.0,False,exact_bitmap,,False
2026-08-30T19:54:59.702+00:00,calibration,0,71,IVFFLAT_HYBRID,single_category,category_08,759,True,1,0.098665,"[0.05,0.10)",12.769166,1.0,False,exact_bitmap,,False
2026-08-30T19:54:59.843+00:00,calibration,0,234,SQL_FIRST,wide_or,category_09,283,True,4,0.675815,"[0.50,1.00)",27.457834,1.0,True,exact_seq,,False
2026-08-30T19:54:59.871+00:00,calibration,0,234,VECTOR_FIRST_HNSW,wide_or,category_09,283,True,4,0.675815,"[0.50,1.00)",27.09325,1.0,False,exact_bitmap,,False
2026-08-30T19:54:59.899+00:00,calibration,0,234,HNSW_HYBRID,wide_or,category_09,283,True,4,0.675815,"[0.50,1.00)",26.598834,1.0,False,exact_seq,,False
2026-08-30T19:54:59.931+00:00,calibration,0,234,IVFFLAT_HYBRID,wide_or,category_09,283,True,4,0.675815,"[0.50,1.00)",31.405417,1.0,False,exact_seq,,False
2026-08-30T19:55:00.011+00:00,calibration,0,32,SQL_FIRST,category_and_stock,category_08,235,True,0,0.049415,"[0.00,0.05)",11.106958,1.0,True,exact_bitmap,,False
2026-08-30T19:55:00.041+00:00,calibration,0,32,VECTOR_FIRST_HNSW,category_and_stock,category_08,235,True,0,0.049415,"[0.00,0.05)",29.984417,0.5,False,exact_bitmap,,False
2026-08-30T19:55:00.053+00:00,calibration,0,32,HNSW_HYBRID,category_and_stock,category_08,235,True,0,0.049415,"[0.00,0.05)",10.674209,1.0,False,exact_bitmap,,False
2026-08-30T19:55:00.065+00:00,calibration,0,32,IVFFLAT_HYBRID,category_and_stock,category_08,235,True,0,0.049415,"[0.00,0.05)",11.156625,1.0,False,exact_bitmap,,False
2026-08-30T19:55:00.203+00:00,calibration,0,203,SQL_FIRST,wide_or,category_07,130,False,4,0.605245,"[0.50,1.00)",26.770792,1.0,True,exact_seq,,False
2026-08-30T19:55:00.235+00:00,calibration,0,203,VECTOR_FIRST_HNSW,wide_or,category_07,130,False,4,0.605245,"[0.50,1.00)",30.012375,1.0,False,exact_bitmap,,False
2026-08-30T19:55:00.263+00:00,calibration,0,203,HNSW_HYBRID,wide_or,category_07,130,False,4,0.605245,"[0.50,1.00)",26.9705,1.0,False,exact_seq,,False
2026-08-30T19:55:00.292+00:00,calibration,0,203,IVFFLAT_HYBRID,wide_or,category_07,130,False,4,0.605245,"[0.50,1.00)",27.7025,1.0,False,exact_seq,,False
2026-08-30T19:55:00.376+00:00,calibration,0,63,SQL_FIRST,single_category,category_06,299,True,1,0.099535,"[0.05,0.10)",13.307417,1.0,True,exact_bitmap,,False
2026-08-30T19:55:00.405+00:00,calibration,0,63,VECTOR_FIRST_HNSW,single_category,category_06,299,True,1,0.099535,"[0.05,0.10)",28.032084,0.9,False,exact_bitmap,,False
2026-08-30T19:55:00.420+00:00,calibration,0,63,HNSW_HYBRID,single_category,category_06,299,True,1,0.099535,"[0.05,0.10)",13.496958,1.0,False,exact_bitmap,,False
2026-08-30T19:55:00.435+00:00,calibration,0,63,IVFFLAT_HYBRID,single_category,category_06,299,True,1,0.099535,"[0.05,0.10)",13.964042,1.0,False,exact_bitmap,,False
2026-08-30T19:55:00.523+00:00,calibration,0,113,SQL_FIRST,price_range_mid,category_07,921,False,2,0.10094,"[0.10,0.25)",13.909042,1.0,True,exact_bitmap,,False
2026-08-30T19:55:00.552+00:00,calibration,0,113,VECTOR_FIRST_HNSW,price_range_mid,category_07,921,False,2,0.10094,"[0.10,0.25)",27.99425,1.0,False,exact_bitmap,,False
2026-08-30T19:55:00.567+00:00,calibration,0,113,HNSW_HYBRID,price_range_mid,category_07,921,False,2,0.10094,"[0.10,0.25)",12.740084,1.0,False,exact_bitmap,,False
2026-08-30T19:55:00.584+00:00,calibration,0,113,IVFFLAT_HYBRID,price_range_mid,category_07,921,False,2,0.10094,"[0.10,0.25)",13.617459,1.0,False,exact_bitmap,,False
2026-08-30T19:55:00.671+00:00,calibration,0,92,SQL_FIRST,single_category,category_01,916,False,1,0.098665,"[0.05,0.10)",13.125416,1.0,True,exact_bitmap,,False
2026-08-30T19:55:00.702+00:00,calibration,0,92,VECTOR_FIRST_HNSW,single_category,category_01,916,False,1,0.098665,"[0.05,0.10)",30.266875,0.7,False,exact_bitmap,,False
2026-08-30T19:55:00.717+00:00,calibration,0,92,HNSW_HYBRID,single_category,category_01,916,False,1,0.098665,"[0.05,0.10)",13.230708,1.0,False,exact_bitmap,,False
2026-08-30T19:55:00.734+00:00,calibration,0,92,IVFFLAT_HYBRID,single_category,category_01,916,False,1,0.098665,"[0.05,0.10)",14.961333,1.0,False,exact_bitmap,,False
2026-08-30T19:55:00.845+00:00,calibration,0,180,SQL_FIRST,three_categories,category_04,284,False,3,0.267975,"[0.25,0.50)",20.193917,1.0,True,exact_bitmap,,False
2026-08-30T19:55:00.876+00:00,calibration,0,180,VECTOR_FIRST_HNSW,three_categories,category_04,284,False,3,0.267975,"[0.25,0.50)",29.632625,1.0,False,exact_bitmap,,False
2026-08-30T19:55:00.896+00:00,calibration,0,180,HNSW_HYBRID,three_categories,category_04,284,False,3,0.267975,"[0.25,0.50)",19.563375,1.0,False,exact_bitmap,,False
2026-08-30T19:55:00.918+00:00,calibration,0,180,IVFFLAT_HYBRID,three_categories,category_04,284,False,3,0.267975,"[0.25,0.50)",20.817792,1.0,False,exact_bitmap,,False
2026-08-30T19:55:01.042+00:00,calibration,0,153,SQL_FIRST,category_or_price,category_01,312,False,3,0.37632,"[0.25,0.50)",22.360916,1.0,True,exact_seq,,False
2026-08-30T19:55:01.071+00:00,calibration,0,153,VECTOR_FIRST_HNSW,category_or_price,category_01,312,False,3,0.37632,"[0.25,0.50)",27.690542,1.0,False,exact_bitmap,,False
2026-08-30T19:55:01.094+00:00,calibration,0,153,HNSW_HYBRID,category_or_price,category_01,312,False,3,0.37632,"[0.25,0.50)",22.504417,1.0,False,exact_seq,,False
2026-08-30T19:55:01.117+00:00,calibration,0,153,IVFFLAT_HYBRID,category_or_price,category_01,312,False,3,0.37632,"[0.25,0.50)",21.7605,1.0,False,exact_seq,,False
2026-08-30T19:55:01.236+00:00,calibration,0,231,SQL_FIRST,stock_alone,category_02,257,True,4,0.500835,"[0.50,1.00)",21.560042,1.0,True,exact_seq,,False
2026-08-30T19:55:01.264+00:00,calibration,0,231,VECTOR_FIRST_HNSW,stock_alone,category_02,257,True,4,0.500835,"[0.50,1.00)",27.268417,1.0,False,exact_bitmap,,False
2026-08-30T19:55:01.287+00:00,calibration,0,231,HNSW_HYBRID,stock_alone,category_02,257,True,4,0.500835,"[0.50,1.00)",22.300375,1.0,False,exact_seq,,False
2026-08-30T19:55:01.310+00:00,calibration,0,231,IVFFLAT_HYBRID,stock_alone,category_02,257,True,4,0.500835,"[0.50,1.00)",21.724459,1.0,False,exact_seq,,False
2026-08-30T19:55:01.401+00:00,calibration,0,55,SQL_FIRST,single_category,category_08,34,True,1,0.098665,"[0.05,0.10)",14.146959,1.0,True,exact_bitmap,,False
2026-08-30T19:55:01.432+00:00,calibration,0,55,VECTOR_FIRST_HNSW,single_category,category_08,34,True,1,0.098665,"[0.05,0.10)",28.866083,1.0,False,exact_bitmap,,False
2026-08-30T19:55:01.447+00:00,calibration,0,55,HNSW_HYBRID,single_category,category_08,34,True,1,0.098665,"[0.05,0.10)",14.036584,1.0,False,exact_bitmap,,False
2026-08-30T19:55:01.462+00:00,calibration,0,55,IVFFLAT_HYBRID,single_category,category_08,34,True,1,0.098665,"[0.05,0.10)",14.024833,1.0,False,exact_bitmap,,False
2026-08-30T19:55:01.506+00:00,calibration,0,1,SQL_FIRST,category_narrow_price,category_00,964,False,0,0.005255,"[0.00,0.05)",2.697666,1.0,True,exact_bitmap,,False
2026-08-30T19:55:01.535+00:00,calibration,0,1,VECTOR_FIRST_HNSW,category_narrow_price,category_00,964,False,0,0.005255,"[0.00,0.05)",27.900916,0.0,False,exact_bitmap,,False
2026-08-30T19:55:01.539+00:00,calibration,0,1,HNSW_HYBRID,category_narrow_price,category_00,964,False,0,0.005255,"[0.00,0.05)",2.982125,1.0,False,exact_bitmap,,False
2026-08-30T19:55:01.542+00:00,calibration,0,1,IVFFLAT_HYBRID,category_narrow_price,category_00,964,False,0,0.005255,"[0.00,0.05)",2.146583,1.0,False,exact_bitmap,,False
2026-08-30T19:55:01.618+00:00,calibration,0,45,SQL_FIRST,category_and_stock,category_06,787,True,0,0.04985,"[0.00,0.05)",12.476625,1.0,True,exact_bitmap,,False
2026-08-30T19:55:01.647+00:00,calibration,0,45,VECTOR_FIRST_HNSW,category_and_stock,category_06,787,True,0,0.04985,"[0.00,0.05)",28.041458,0.4,False,exact_bitmap,,False
2026-08-30T19:55:01.658+00:00,calibration,0,45,HNSW_HYBRID,category_and_stock,category_06,787,True,0,0.04985,"[0.00,0.05)",9.830584,1.0,False,exact_bitmap,,False
2026-08-30T19:55:01.670+00:00,calibration,0,45,IVFFLAT_HYBRID,category_and_stock,category_06,787,True,0,0.04985,"[0.00,0.05)",10.741959,1.0,False,exact_bitmap,,False
2026-08-30T19:55:01.754+00:00,calibration,0,121,SQL_FIRST,single_category_alone,category_07,673,False,2,0.100435,"[0.10,0.25)",13.300666,1.0,True,exact_bitmap,,False
2026-08-30T19:55:01.785+00:00,calibration,0,121,VECTOR_FIRST_HNSW,single_category_alone,category_07,673,False,2,0.100435,"[0.10,0.25)",28.700875,1.0,False,exact_bitmap,,False
2026-08-30T19:55:01.801+00:00,calibration,0,121,HNSW_HYBRID,single_category_alone,category_07,673,False,2,0.100435,"[0.10,0.25)",13.195167,1.0,False,exact_bitmap,,False
2026-08-30T19:55:01.815+00:00,calibration,0,121,IVFFLAT_HYBRID,single_category_alone,category_07,673,False,2,0.100435,"[0.10,0.25)",13.076375,1.0,False,exact_bitmap,,False
2026-08-30T19:55:01.943+00:00,calibration,0,143,SQL_FIRST,two_categories,category_08,447,False,2,0.198565,"[0.10,0.25)",25.047542,1.0,True,exact_bitmap,,False
2026-08-30T19:55:01.973+00:00,calibration,0,143,VECTOR_FIRST_HNSW,two_categories,category_08,447,False,2,0.198565,"[0.10,0.25)",29.447125,1.0,False,exact_bitmap,,False
2026-08-30T19:55:01.998+00:00,calibration,0,143,HNSW_HYBRID,two_categories,category_08,447,False,2,0.198565,"[0.10,0.25)",23.6775,1.0,False,exact_bitmap,,False
2026-08-30T19:55:02.022+00:00,calibration,0,143,IVFFLAT_HYBRID,two_categories,category_08,447,False,2,0.198565,"[0.10,0.25)",23.05375,1.0,False,exact_bitmap,,False
2026-08-30T19:55:02.143+00:00,calibration,0,236,SQL_FIRST,stock_alone,category_01,124,True,4,0.500835,"[0.50,1.00)",22.19675,1.0,True,exact_seq,,False
2026-08-30T19:55:02.173+00:00,calibration,0,236,VECTOR_FIRST_HNSW,stock_alone,category_01,124,True,4,0.500835,"[0.50,1.00)",28.564625,1.0,False,exact_bitmap,,False
2026-08-30T19:55:02.195+00:00,calibration,0,236,HNSW_HYBRID,stock_alone,category_01,124,True,4,0.500835,"[0.50,1.00)",21.704834,1.0,False,exact_seq,,False
2026-08-30T19:55:02.218+00:00,calibration,0,236,IVFFLAT_HYBRID,stock_alone,category_01,124,True,4,0.500835,"[0.50,1.00)",21.547167,1.0,False,exact_seq,,False
2026-08-30T19:55:02.291+00:00,calibration,0,14,SQL_FIRST,category_and_stock,category_05,553,False,0,0.049935,"[0.00,0.05)",10.794583,1.0,True,exact_bitmap,,False
2026-08-30T19:55:02.321+00:00,calibration,0,14,VECTOR_FIRST_HNSW,category_and_stock,category_05,553,False,0,0.049935,"[0.00,0.05)",29.423625,0.6,False,exact_bitmap,,False
2026-08-30T19:55:02.334+00:00,calibration,0,14,HNSW_HYBRID,category_and_stock,category_05,553,False,0,0.049935,"[0.00,0.05)",10.324542,1.0,False,exact_bitmap,,False
2026-08-30T19:55:02.347+00:00,calibration,0,14,IVFFLAT_HYBRID,category_and_stock,category_05,553,False,0,0.049935,"[0.00,0.05)",11.481125,1.0,False,exact_bitmap,,False
2026-08-30T19:55:02.470+00:00,calibration,0,177,SQL_FIRST,three_categories,category_04,713,False,3,0.267975,"[0.25,0.50)",23.022542,1.0,True,exact_bitmap,,False
2026-08-30T19:55:02.502+00:00,calibration,0,177,VECTOR_FIRST_HNSW,three_categories,category_04,713,False,3,0.267975,"[0.25,0.50)",29.9735,1.0,False,exact_bitmap,,False
2026-08-30T19:55:02.524+00:00,calibration,0,177,HNSW_HYBRID,three_categories,category_04,713,False,3,0.267975,"[0.25,0.50)",20.601417,1.0,False,exact_bitmap,,False
2026-08-30T19:55:02.545+00:00,calibration,0,177,IVFFLAT_HYBRID,three_categories,category_04,713,False,3,0.267975,"[0.25,0.50)",19.5115,1.0,False,exact_bitmap,,False
2026-08-30T19:55:02.628+00:00,calibration,0,77,SQL_FIRST,single_category,category_08,374,True,1,0.098665,"[0.05,0.10)",13.012166,1.0,True,exact_bitmap,,False
2026-08-30T19:55:02.658+00:00,calibration,0,77,VECTOR_FIRST_HNSW,single_category,category_08,374,True,1,0.098665,"[0.05,0.10)",28.16775,1.0,False,exact_bitmap,,False
2026-08-30T19:55:02.671+00:00,calibration,0,77,HNSW_HYBRID,single_category,category_08,374,True,1,0.098665,"[0.05,0.10)",12.008,1.0,False,exact_bitmap,,False
2026-08-30T19:55:02.686+00:00,calibration,0,77,IVFFLAT_HYBRID,single_category,category_08,374,True,1,0.098665,"[0.05,0.10)",13.175584,1.0,False,exact_bitmap,,False
2026-08-30T19:55:02.842+00:00,calibration,0,216,SQL_FIRST,wide_or,category_04,571,False,4,0.804145,"[0.50,1.00)",29.234708,1.0,True,exact_seq,,False
2026-08-30T19:55:02.871+00:00,calibration,0,216,VECTOR_FIRST_HNSW,wide_or,category_04,571,False,4,0.804145,"[0.50,1.00)",28.155625,1.0,False,exact_bitmap,,False
2026-08-30T19:55:02.903+00:00,calibration,0,216,HNSW_HYBRID,wide_or,category_04,571,False,4,0.804145,"[0.50,1.00)",30.739625,1.0,False,exact_seq,,False
2026-08-30T19:55:02.935+00:00,calibration,0,216,IVFFLAT_HYBRID,wide_or,category_04,571,False,4,0.804145,"[0.50,1.00)",30.408792,1.0,False,exact_seq,,False
2026-08-30T19:55:02.977+00:00,calibration,0,23,SQL_FIRST,category_narrow_price,category_03,813,True,0,0.005245,"[0.00,0.05)",2.972208,1.0,True,exact_bitmap,,False
2026-08-30T19:55:03.011+00:00,calibration,0,23,VECTOR_FIRST_HNSW,category_narrow_price,category_03,813,True,0,0.005245,"[0.00,0.05)",32.294833,0.1,False,exact_bitmap,,False
2026-08-30T19:55:03.015+00:00,calibration,0,23,HNSW_HYBRID,category_narrow_price,category_03,813,True,0,0.005245,"[0.00,0.05)",3.269667,1.0,False,exact_bitmap,,False
2026-08-30T19:55:03.018+00:00,calibration,0,23,IVFFLAT_HYBRID,category_narrow_price,category_03,813,True,0,0.005245,"[0.00,0.05)",2.79175,1.0,False,exact_bitmap,,False
2026-08-30T19:55:03.059+00:00,calibration,0,17,SQL_FIRST,category_narrow_price,category_03,803,True,0,0.005265,"[0.00,0.05)",2.678334,1.0,True,exact_bitmap,,False
2026-08-30T19:55:03.089+00:00,calibration,0,17,VECTOR_FIRST_HNSW,category_narrow_price,category_03,803,True,0,0.005265,"[0.00,0.05)",28.430083,0.1,False,exact_bitmap,,False
2026-08-30T19:55:03.092+00:00,calibration,0,17,HNSW_HYBRID,category_narrow_price,category_03,803,True,0,0.005265,"[0.00,0.05)",2.715625,1.0,False,exact_bitmap,,False
2026-08-30T19:55:03.096+00:00,calibration,0,17,IVFFLAT_HYBRID,category_narrow_price,category_03,803,True,0,0.005265,"[0.00,0.05)",2.99725,1.0,False,exact_bitmap,,False
2026-08-30T19:55:03.187+00:00,calibration,0,114,SQL_FIRST,price_range_mid,category_03,854,True,2,0.101335,"[0.10,0.25)",13.852875,1.0,True,exact_bitmap,,False
2026-08-30T19:55:03.217+00:00,calibration,0,114,VECTOR_FIRST_HNSW,price_range_mid,category_03,854,True,2,0.101335,"[0.10,0.25)",28.279666,1.0,False,exact_bitmap,,False
2026-08-30T19:55:03.232+00:00,calibration,0,114,HNSW_HYBRID,price_range_mid,category_03,854,True,2,0.101335,"[0.10,0.25)",12.715875,1.0,False,exact_bitmap,,False
2026-08-30T19:55:03.250+00:00,calibration,0,114,IVFFLAT_HYBRID,price_range_mid,category_03,854,True,2,0.101335,"[0.10,0.25)",14.027875,1.0,False,exact_bitmap,,False
2026-08-30T19:55:03.508+00:00,calibration,0,201,SQL_FIRST,stock_alone,category_03,541,True,4,0.500835,"[0.50,1.00)",24.232417,1.0,True,exact_seq,,False
2026-08-30T19:55:03.540+00:00,calibration,0,201,VECTOR_FIRST_HNSW,stock_alone,category_03,541,True,4,0.500835,"[0.50,1.00)",30.4605,1.0,False,exact_bitmap,,False
2026-08-30T19:55:03.562+00:00,calibration,0,201,HNSW_HYBRID,stock_alone,category_03,541,True,4,0.500835,"[0.50,1.00)",21.247667,1.0,False,exact_seq,,False
2026-08-30T19:55:03.585+00:00,calibration,0,201,IVFFLAT_HYBRID,stock_alone,category_03,541,True,4,0.500835,"[0.50,1.00)",21.922625,1.0,False,exact_seq,,False
2026-08-30T19:55:03.671+00:00,calibration,0,106,SQL_FIRST,price_range_mid,category_03,866,False,2,0.101065,"[0.10,0.25)",13.359458,1.0,True,exact_bitmap,,False
2026-08-30T19:55:03.701+00:00,calibration,0,106,VECTOR_FIRST_HNSW,price_range_mid,category_03,866,False,2,0.101065,"[0.10,0.25)",28.603083,1.0,False,exact_bitmap,,False
2026-08-30T19:55:03.715+00:00,calibration,0,106,HNSW_HYBRID,price_range_mid,category_03,866,False,2,0.101065,"[0.10,0.25)",13.271375,1.0,False,exact_bitmap,,False
2026-08-30T19:55:03.732+00:00,calibration,0,106,IVFFLAT_HYBRID,price_range_mid,category_03,866,False,2,0.101065,"[0.10,0.25)",14.311291,1.0,False,exact_bitmap,,False
2026-08-30T19:55:03.862+00:00,calibration,0,208,SQL_FIRST,stock_alone,category_02,327,True,4,0.500835,"[0.50,1.00)",25.309083,1.0,True,exact_seq,,False
2026-08-30T19:55:03.893+00:00,calibration,0,208,VECTOR_FIRST_HNSW,stock_alone,category_02,327,True,4,0.500835,"[0.50,1.00)",29.938583,1.0,False,exact_bitmap,,False
2026-08-30T19:55:03.921+00:00,calibration,0,208,HNSW_HYBRID,stock_alone,category_02,327,True,4,0.500835,"[0.50,1.00)",26.179125,1.0,False,exact_seq,,False
2026-08-30T19:55:03.948+00:00,calibration,0,208,IVFFLAT_HYBRID,stock_alone,category_02,327,True,4,0.500835,"[0.50,1.00)",26.4045,1.0,False,exact_seq,,False
2026-08-30T19:55:04.054+00:00,calibration,0,84,SQL_FIRST,single_category,category_08,103,False,1,0.098665,"[0.05,0.10)",15.122709,1.0,True,exact_bitmap,,False
2026-08-30T19:55:04.084+00:00,calibration,0,84,VECTOR_FIRST_HNSW,single_category,category_08,103,False,1,0.098665,"[0.05,0.10)",29.520333,1.0,False,exact_bitmap,,False
2026-08-30T19:55:04.098+00:00,calibration,0,84,HNSW_HYBRID,single_category,category_08,103,False,1,0.098665,"[0.05,0.10)",12.805792,1.0,False,exact_bitmap,,False
2026-08-30T19:55:04.113+00:00,calibration,0,84,IVFFLAT_HYBRID,single_category,category_08,103,False,1,0.098665,"[0.05,0.10)",14.112458,1.0,False,exact_bitmap,,False
2026-08-30T19:55:04.236+00:00,calibration,0,181,SQL_FIRST,three_categories,category_09,653,False,3,0.272595,"[0.25,0.50)",22.405542,1.0,True,exact_bitmap,,False
2026-08-30T19:55:04.269+00:00,calibration,0,181,VECTOR_FIRST_HNSW,three_categories,category_09,653,False,3,0.272595,"[0.25,0.50)",31.3375,1.0,False,exact_bitmap,,False
2026-08-30T19:55:04.292+00:00,calibration,0,181,HNSW_HYBRID,three_categories,category_09,653,False,3,0.272595,"[0.25,0.50)",22.914417,1.0,False,exact_bitmap,,False
2026-08-30T19:55:04.314+00:00,calibration,0,181,IVFFLAT_HYBRID,three_categories,category_09,653,False,3,0.272595,"[0.25,0.50)",20.330542,1.0,False,exact_bitmap,,False
2026-08-30T19:55:04.404+00:00,calibration,0,102,SQL_FIRST,single_category_alone,category_00,506,False,2,0.1034,"[0.10,0.25)",15.140292,1.0,True,exact_bitmap,,False
2026-08-30T19:55:04.443+00:00,calibration,0,102,VECTOR_FIRST_HNSW,single_category_alone,category_00,506,False,2,0.1034,"[0.10,0.25)",36.986459,0.8,False,exact_bitmap,,False
2026-08-30T19:55:04.459+00:00,calibration,0,102,HNSW_HYBRID,single_category_alone,category_00,506,False,2,0.1034,"[0.10,0.25)",14.74275,1.0,False,exact_bitmap,,False
2026-08-30T19:55:04.474+00:00,calibration,0,102,IVFFLAT_HYBRID,single_category_alone,category_00,506,False,2,0.1034,"[0.10,0.25)",14.574875,1.0,False,exact_bitmap,,False
2026-08-30T19:55:04.556+00:00,calibration,0,34,SQL_FIRST,category_and_stock,category_01,975,False,0,0.04925,"[0.00,0.05)",11.630125,1.0,True,exact_bitmap,,False
2026-08-30T19:55:04.594+00:00,calibration,0,34,VECTOR_FIRST_HNSW,category_and_stock,category_01,975,False,0,0.04925,"[0.00,0.05)",37.247125,0.6,False,exact_bitmap,,False
2026-08-30T19:55:04.605+00:00,calibration,0,34,HNSW_HYBRID,category_and_stock,category_01,975,False,0,0.04925,"[0.00,0.05)",10.463625,1.0,False,exact_bitmap,,False
2026-08-30T19:55:04.619+00:00,calibration,0,34,IVFFLAT_HYBRID,category_and_stock,category_01,975,False,0,0.04925,"[0.00,0.05)",12.411125,1.0,False,exact_bitmap,,False
2026-08-30T19:55:04.760+00:00,calibration,0,103,SQL_FIRST,two_categories,category_03,281,True,2,0.2004,"[0.10,0.25)",24.629417,1.0,True,exact_bitmap,,False
2026-08-30T19:55:04.793+00:00,calibration,0,103,VECTOR_FIRST_HNSW,two_categories,category_03,281,True,2,0.2004,"[0.10,0.25)",31.54975,1.0,False,exact_bitmap,,False
2026-08-30T19:55:04.817+00:00,calibration,0,103,HNSW_HYBRID,two_categories,category_03,281,True,2,0.2004,"[0.10,0.25)",23.002584,1.0,False,exact_bitmap,,False
2026-08-30T19:55:04.842+00:00,calibration,0,103,IVFFLAT_HYBRID,two_categories,category_03,281,True,2,0.2004,"[0.10,0.25)",24.639166,1.0,False,exact_bitmap,,False
2026-08-30T19:55:04.936+00:00,calibration,0,68,SQL_FIRST,single_category,category_09,611,True,1,0.0999,"[0.05,0.10)",13.896917,1.0,True,exact_bitmap,,False
2026-08-30T19:55:04.968+00:00,calibration,0,68,VECTOR_FIRST_HNSW,single_category,category_09,611,True,1,0.0999,"[0.05,0.10)",30.511416,1.0,False,exact_bitmap,,False
2026-08-30T19:55:04.981+00:00,calibration,0,68,HNSW_HYBRID,single_category,category_09,611,True,1,0.0999,"[0.05,0.10)",12.775042,1.0,False,exact_bitmap,,False
2026-08-30T19:55:04.997+00:00,calibration,0,68,IVFFLAT_HYBRID,single_category,category_09,611,True,1,0.0999,"[0.05,0.10)",14.518208,1.0,False,exact_bitmap,,False
2026-08-30T19:55:05.088+00:00,calibration,0,82,SQL_FIRST,single_category,category_01,274,True,1,0.098665,"[0.05,0.10)",13.441625,1.0,True,exact_bitmap,,False
2026-08-30T19:55:05.119+00:00,calibration,0,82,VECTOR_FIRST_HNSW,single_category,category_01,274,True,1,0.098665,"[0.05,0.10)",29.505959,0.9,False,exact_bitmap,,False
2026-08-30T19:55:05.133+00:00,calibration,0,82,HNSW_HYBRID,single_category,category_01,274,True,1,0.098665,"[0.05,0.10)",12.857375,1.0,False,exact_bitmap,,False
2026-08-30T19:55:05.147+00:00,calibration,0,82,IVFFLAT_HYBRID,single_category,category_01,274,True,1,0.098665,"[0.05,0.10)",13.755833,1.0,False,exact_bitmap,,False
2026-08-30T19:55:05.261+00:00,calibration,0,150,SQL_FIRST,two_categories,category_05,461,False,2,0.199565,"[0.10,0.25)",21.446667,1.0,True,exact_bitmap,,False
2026-08-30T19:55:05.288+00:00,calibration,0,150,VECTOR_FIRST_HNSW,two_categories,category_05,461,False,2,0.199565,"[0.10,0.25)",24.817917,1.0,False,exact_bitmap,,False
2026-08-30T19:55:05.310+00:00,calibration,0,150,HNSW_HYBRID,two_categories,category_05,461,False,2,0.199565,"[0.10,0.25)",20.486333,1.0,False,exact_bitmap,,False
2026-08-30T19:55:05.334+00:00,calibration,0,150,IVFFLAT_HYBRID,two_categories,category_05,461,False,2,0.199565,"[0.10,0.25)",23.573167,1.0,False,exact_bitmap,,False
2026-08-30T19:55:05.386+00:00,calibration,0,6,SQL_FIRST,category_narrow_price,category_02,652,False,0,0.00483,"[0.00,0.05)",5.675125,1.0,True,exact_bitmap,,False
2026-08-30T19:55:05.419+00:00,calibration,0,6,VECTOR_FIRST_HNSW,category_narrow_price,category_02,652,False,0,0.00483,"[0.00,0.05)",31.441167,0.1,False,exact_bitmap,,False
2026-08-30T19:55:05.423+00:00,calibration,0,6,HNSW_HYBRID,category_narrow_price,category_02,652,False,0,0.00483,"[0.00,0.05)",2.935625,1.0,False,exact_bitmap,,False
2026-08-30T19:55:05.427+00:00,calibration,0,6,IVFFLAT_HYBRID,category_narrow_price,category_02,652,False,0,0.00483,"[0.00,0.05)",3.441875,1.0,False,exact_bitmap,,False
2026-08-30T19:55:05.559+00:00,calibration,0,147,SQL_FIRST,two_categories,category_06,976,True,2,0.199965,"[0.10,0.25)",25.071125,1.0,True,exact_bitmap,,False
2026-08-30T19:55:05.591+00:00,calibration,0,147,VECTOR_FIRST_HNSW,two_categories,category_06,976,True,2,0.199965,"[0.10,0.25)",30.555416,1.0,False,exact_bitmap,,False
2026-08-30T19:55:05.614+00:00,calibration,0,147,HNSW_HYBRID,two_categories,category_06,976,True,2,0.199965,"[0.10,0.25)",21.533708,1.0,False,exact_bitmap,,False
2026-08-30T19:55:05.638+00:00,calibration,0,147,IVFFLAT_HYBRID,two_categories,category_06,976,True,2,0.199965,"[0.10,0.25)",22.703333,1.0,False,exact_bitmap,,False
2026-08-30T19:55:05.764+00:00,calibration,0,176,SQL_FIRST,category_or_price,category_09,434,True,3,0.487325,"[0.25,0.50)",23.17775,1.0,True,exact_seq,,False
2026-08-30T19:55:05.792+00:00,calibration,0,176,VECTOR_FIRST_HNSW,category_or_price,category_09,434,True,3,0.487325,"[0.25,0.50)",27.736584,1.0,False,exact_bitmap,,False
2026-08-30T19:55:05.818+00:00,calibration,0,176,HNSW_HYBRID,category_or_price,category_09,434,True,3,0.487325,"[0.25,0.50)",24.829334,1.0,False,exact_seq,,False
2026-08-30T19:55:05.843+00:00,calibration,0,176,IVFFLAT_HYBRID,category_or_price,category_09,434,True,3,0.487325,"[0.25,0.50)",23.817291,1.0,False,exact_seq,,False
2026-08-30T19:55:05.971+00:00,calibration,0,179,SQL_FIRST,category_or_price,category_02,367,True,3,0.42604,"[0.25,0.50)",25.082666,1.0,True,exact_seq,,False
2026-08-30T19:55:06.004+00:00,calibration,0,179,VECTOR_FIRST_HNSW,category_or_price,category_02,367,True,3,0.42604,"[0.25,0.50)",31.510167,1.0,False,exact_bitmap,,False
2026-08-30T19:55:06.029+00:00,calibration,0,179,HNSW_HYBRID,category_or_price,category_02,367,True,3,0.42604,"[0.25,0.50)",24.058666,1.0,False,exact_seq,,False
2026-08-30T19:55:06.054+00:00,calibration,0,179,IVFFLAT_HYBRID,category_or_price,category_02,367,True,3,0.42604,"[0.25,0.50)",24.76325,1.0,False,exact_seq,,False
2026-08-30T19:55:06.136+00:00,calibration,0,46,SQL_FIRST,category_and_stock,category_08,217,True,0,0.049415,"[0.00,0.05)",12.739541,1.0,True,exact_bitmap,,False
2026-08-30T19:55:06.170+00:00,calibration,0,46,VECTOR_FIRST_HNSW,category_and_stock,category_08,217,True,0,0.049415,"[0.00,0.05)",32.445875,0.6,False,exact_bitmap,,False
2026-08-30T19:55:06.182+00:00,calibration,0,46,HNSW_HYBRID,category_and_stock,category_08,217,True,0,0.049415,"[0.00,0.05)",10.675375,1.0,False,exact_bitmap,,False
2026-08-30T19:55:06.196+00:00,calibration,0,46,IVFFLAT_HYBRID,category_and_stock,category_08,217,True,0,0.049415,"[0.00,0.05)",12.064958,1.0,False,exact_bitmap,,False
2026-08-30T19:55:06.285+00:00,calibration,0,76,SQL_FIRST,single_category,category_04,49,False,1,0.0967,"[0.05,0.10)",14.556292,1.0,True,exact_bitmap,,False
2026-08-30T19:55:06.319+00:00,calibration,0,76,VECTOR_FIRST_HNSW,single_category,category_04,49,False,1,0.0967,"[0.05,0.10)",32.881125,1.0,False,exact_bitmap,,False
2026-08-30T19:55:06.333+00:00,calibration,0,76,HNSW_HYBRID,single_category,category_04,49,False,1,0.0967,"[0.05,0.10)",13.117458,1.0,False,exact_bitmap,,False
2026-08-30T19:55:06.348+00:00,calibration,0,76,IVFFLAT_HYBRID,single_category,category_04,49,False,1,0.0967,"[0.05,0.10)",13.924333,1.0,False,exact_bitmap,,False
2026-08-30T19:55:06.464+00:00,calibration,0,155,SQL_FIRST,three_categories,category_01,271,True,3,0.272085,"[0.25,0.50)",20.371375,1.0,True,exact_bitmap,,False
2026-08-30T19:55:06.495+00:00,calibration,0,155,VECTOR_FIRST_HNSW,three_categories,category_01,271,True,3,0.272085,"[0.25,0.50)",29.193833,1.0,False,exact_bitmap,,False
2026-08-30T19:55:06.515+00:00,calibration,0,155,HNSW_HYBRID,three_categories,category_01,271,True,3,0.272085,"[0.25,0.50)",19.437291,1.0,False,exact_bitmap,,False
2026-08-30T19:55:06.538+00:00,calibration,0,155,IVFFLAT_HYBRID,three_categories,category_01,271,True,3,0.272085,"[0.25,0.50)",20.359667,1.0,False,exact_bitmap,,False
2026-08-30T19:55:06.655+00:00,calibration,0,191,SQL_FIRST,three_categories,category_03,363,False,3,0.27136,"[0.25,0.50)",23.659375,1.0,True,exact_bitmap,,False
2026-08-30T19:55:06.685+00:00,calibration,0,191,VECTOR_FIRST_HNSW,three_categories,category_03,363,False,3,0.27136,"[0.25,0.50)",28.910167,1.0,False,exact_bitmap,,False
2026-08-30T19:55:06.706+00:00,calibration,0,191,HNSW_HYBRID,three_categories,category_03,363,False,3,0.27136,"[0.25,0.50)",19.543375,1.0,False,exact_bitmap,,False
2026-08-30T19:55:06.727+00:00,calibration,0,191,IVFFLAT_HYBRID,three_categories,category_03,363,False,3,0.27136,"[0.25,0.50)",19.749667,1.0,False,exact_bitmap,,False
2026-08-30T19:55:06.883+00:00,calibration,0,226,SQL_FIRST,wide_or,category_09,727,True,4,0.875215,"[0.50,1.00)",30.690792,1.0,True,exact_seq,,False
2026-08-30T19:55:06.913+00:00,calibration,0,226,VECTOR_FIRST_HNSW,wide_or,category_09,727,True,4,0.875215,"[0.50,1.00)",29.0045,1.0,False,exact_bitmap,,False
2026-08-30T19:55:06.948+00:00,calibration,0,226,HNSW_HYBRID,wide_or,category_09,727,True,4,0.875215,"[0.50,1.00)",33.822583,1.0,False,exact_seq,,False
2026-08-30T19:55:06.984+00:00,calibration,0,226,IVFFLAT_HYBRID,wide_or,category_09,727,True,4,0.875215,"[0.50,1.00)",34.346917,1.0,False,exact_seq,,False
2026-08-30T19:55:07.154+00:00,calibration,0,233,SQL_FIRST,wide_or,category_09,964,False,4,0.98323,"[0.50,1.00)",38.024459,1.0,True,exact_seq,,False
2026-08-30T19:55:07.186+00:00,calibration,0,233,VECTOR_FIRST_HNSW,wide_or,category_09,964,False,4,0.98323,"[0.50,1.00)",30.498792,1.0,False,exact_bitmap,,False
2026-08-30T19:55:07.223+00:00,calibration,0,233,HNSW_HYBRID,wide_or,category_09,964,False,4,0.98323,"[0.50,1.00)",35.189459,1.0,False,exact_seq,,False
2026-08-30T19:55:07.258+00:00,calibration,0,233,IVFFLAT_HYBRID,wide_or,category_09,964,False,4,0.98323,"[0.50,1.00)",33.819125,1.0,False,exact_seq,,False
2026-08-30T19:55:07.397+00:00,calibration,0,119,SQL_FIRST,two_categories,category_05,286,False,2,0.199565,"[0.10,0.25)",25.309208,1.0,True,exact_bitmap,,False
2026-08-30T19:55:07.430+00:00,calibration,0,119,VECTOR_FIRST_HNSW,two_categories,category_05,286,False,2,0.199565,"[0.10,0.25)",32.054333,1.0,False,exact_bitmap,,False
2026-08-30T19:55:07.455+00:00,calibration,0,119,HNSW_HYBRID,two_categories,category_05,286,False,2,0.199565,"[0.10,0.25)",23.637667,1.0,False,exact_bitmap,,False
2026-08-30T19:55:07.480+00:00,calibration,0,119,IVFFLAT_HYBRID,two_categories,category_05,286,False,2,0.199565,"[0.10,0.25)",24.030875,1.0,False,exact_bitmap,,False
2026-08-30T19:55:07.609+00:00,calibration,0,219,SQL_FIRST,stock_alone,category_06,181,True,4,0.500835,"[0.50,1.00)",22.8555,1.0,True,exact_seq,,False
2026-08-30T19:55:07.641+00:00,calibration,0,219,VECTOR_FIRST_HNSW,stock_alone,category_06,181,True,4,0.500835,"[0.50,1.00)",30.668542,1.0,False,exact_bitmap,,False
2026-08-30T19:55:07.672+00:00,calibration,0,219,HNSW_HYBRID,stock_alone,category_06,181,True,4,0.500835,"[0.50,1.00)",29.435375,1.0,False,exact_seq,,False
2026-08-30T19:55:07.697+00:00,calibration,0,219,IVFFLAT_HYBRID,stock_alone,category_06,181,True,4,0.500835,"[0.50,1.00)",24.15175,1.0,False,exact_seq,,False
2026-08-30T19:55:07.743+00:00,calibration,0,16,SQL_FIRST,category_narrow_price,category_07,607,False,0,0.005145,"[0.00,0.05)",3.082833,1.0,True,exact_bitmap,,False
2026-08-30T19:55:07.776+00:00,calibration,0,16,VECTOR_FIRST_HNSW,category_narrow_price,category_07,607,False,0,0.005145,"[0.00,0.05)",31.148083,0.0,False,exact_bitmap,,False
2026-08-30T19:55:07.779+00:00,calibration,0,16,HNSW_HYBRID,category_narrow_price,category_07,607,False,0,0.005145,"[0.00,0.05)",2.847083,1.0,False,exact_bitmap,,False
2026-08-30T19:55:07.785+00:00,calibration,0,16,IVFFLAT_HYBRID,category_narrow_price,category_07,607,False,0,0.005145,"[0.00,0.05)",3.402792,1.0,False,exact_bitmap,,False
2026-08-30T19:55:07.912+00:00,calibration,0,220,SQL_FIRST,stock_alone,category_06,259,True,4,0.500835,"[0.50,1.00)",23.779375,1.0,True,exact_seq,,False
2026-08-30T19:55:07.944+00:00,calibration,0,220,VECTOR_FIRST_HNSW,stock_alone,category_06,259,True,4,0.500835,"[0.50,1.00)",30.129208,1.0,False,exact_bitmap,,False
2026-08-30T19:55:07.971+00:00,calibration,0,220,HNSW_HYBRID,stock_alone,category_06,259,True,4,0.500835,"[0.50,1.00)",26.198666,1.0,False,exact_seq,,False
2026-08-30T19:55:07.996+00:00,calibration,0,220,IVFFLAT_HYBRID,stock_alone,category_06,259,True,4,0.500835,"[0.50,1.00)",24.277125,1.0,False,exact_seq,,False
2026-08-30T19:55:08.119+00:00,calibration,0,190,SQL_FIRST,three_categories,category_00,162,True,3,0.271845,"[0.25,0.50)",21.61975,1.0,True,exact_bitmap,,False
2026-08-30T19:55:08.155+00:00,calibration,0,190,VECTOR_FIRST_HNSW,three_categories,category_00,162,True,3,0.271845,"[0.25,0.50)",34.503208,1.0,False,exact_bitmap,,False
2026-08-30T19:55:08.184+00:00,calibration,0,190,HNSW_HYBRID,three_categories,category_00,162,True,3,0.271845,"[0.25,0.50)",27.1075,1.0,False,exact_bitmap,,False
2026-08-30T19:55:08.208+00:00,calibration,0,190,IVFFLAT_HYBRID,three_categories,category_00,162,True,3,0.271845,"[0.25,0.50)",21.596791,1.0,False,exact_bitmap,,False
2026-08-30T19:55:08.331+00:00,calibration,0,186,SQL_FIRST,three_categories,category_04,843,False,3,0.267975,"[0.25,0.50)",20.783041,1.0,True,exact_bitmap,,False
2026-08-30T19:55:08.384+00:00,calibration,0,186,VECTOR_FIRST_HNSW,three_categories,category_04,843,False,3,0.267975,"[0.25,0.50)",51.066209,1.0,False,exact_bitmap,,False
2026-08-30T19:55:08.508+00:00,calibration,0,186,HNSW_HYBRID,three_categories,category_04,843,False,3,0.267975,"[0.25,0.50)",122.538084,1.0,False,exact_bitmap,,False
2026-08-30T19:55:08.778+00:00,calibration,0,186,IVFFLAT_HYBRID,three_categories,category_04,843,False,3,0.267975,"[0.25,0.50)",268.145041,1.0,False,exact_bitmap,,False
2026-08-30T19:55:09.078+00:00,calibration,0,225,SQL_FIRST,wide_or,category_01,30,True,4,0.558865,"[0.50,1.00)",93.742,1.0,True,exact_seq,,False
2026-08-30T19:55:09.164+00:00,calibration,0,225,VECTOR_FIRST_HNSW,wide_or,category_01,30,True,4,0.558865,"[0.50,1.00)",80.318416,1.0,False,exact_bitmap,,False
2026-08-30T19:55:09.216+00:00,calibration,0,225,HNSW_HYBRID,wide_or,category_01,30,True,4,0.558865,"[0.50,1.00)",50.695333,1.0,False,exact_seq,,False
2026-08-30T19:55:09.280+00:00,calibration,0,225,IVFFLAT_HYBRID,wide_or,category_01,30,True,4,0.558865,"[0.50,1.00)",63.211667,1.0,False,exact_seq,,False
2026-08-30T19:55:09.562+00:00,calibration,0,240,SQL_FIRST,wide_or,category_03,474,True,4,0.762935,"[0.50,1.00)",39.332125,1.0,True,exact_seq,,False
2026-08-30T19:55:09.595+00:00,calibration,0,240,VECTOR_FIRST_HNSW,wide_or,category_03,474,True,4,0.762935,"[0.50,1.00)",31.827,1.0,False,exact_bitmap,,False
2026-08-30T19:55:09.625+00:00,calibration,0,240,HNSW_HYBRID,wide_or,category_03,474,True,4,0.762935,"[0.50,1.00)",29.302042,1.0,False,exact_seq,,False
2026-08-30T19:55:09.657+00:00,calibration,0,240,IVFFLAT_HYBRID,wide_or,category_03,474,True,4,0.762935,"[0.50,1.00)",31.306125,1.0,False,exact_seq,,False
2026-08-30T19:55:09.747+00:00,calibration,0,94,SQL_FIRST,single_category,category_08,707,False,1,0.098665,"[0.05,0.10)",14.6555,1.0,True,exact_bitmap,,False
2026-08-30T19:55:09.789+00:00,calibration,0,94,VECTOR_FIRST_HNSW,single_category,category_08,707,False,1,0.098665,"[0.05,0.10)",41.532583,0.5,False,exact_bitmap,,False
2026-08-30T19:55:09.806+00:00,calibration,0,94,HNSW_HYBRID,single_category,category_08,707,False,1,0.098665,"[0.05,0.10)",16.103208,1.0,False,exact_bitmap,,False
2026-08-30T19:55:09.826+00:00,calibration,0,94,IVFFLAT_HYBRID,single_category,category_08,707,False,1,0.098665,"[0.05,0.10)",18.93125,1.0,False,exact_bitmap,,False
2026-08-30T19:55:09.977+00:00,calibration,0,188,SQL_FIRST,three_categories,category_01,764,False,3,0.272085,"[0.25,0.50)",29.961792,1.0,True,exact_bitmap,,False
2026-08-30T19:55:10.019+00:00,calibration,0,188,VECTOR_FIRST_HNSW,three_categories,category_01,764,False,3,0.272085,"[0.25,0.50)",41.203875,1.0,False,exact_bitmap,,False
2026-08-30T19:55:10.040+00:00,calibration,0,188,HNSW_HYBRID,three_categories,category_01,764,False,3,0.272085,"[0.25,0.50)",19.843375,1.0,False,exact_bitmap,,False
2026-08-30T19:55:10.064+00:00,calibration,0,188,IVFFLAT_HYBRID,three_categories,category_01,764,False,3,0.272085,"[0.25,0.50)",22.384666,1.0,False,exact_bitmap,,False
2026-08-30T19:55:10.351+00:00,calibration,0,197,SQL_FIRST,three_categories,category_05,457,True,3,0.271,"[0.25,0.50)",26.282083,1.0,True,exact_bitmap,,False
2026-08-30T19:55:10.393+00:00,calibration,0,197,VECTOR_FIRST_HNSW,three_categories,category_05,457,True,3,0.271,"[0.25,0.50)",40.371791,1.0,False,exact_bitmap,,False
2026-08-30T19:55:10.424+00:00,calibration,0,197,HNSW_HYBRID,three_categories,category_05,457,True,3,0.271,"[0.25,0.50)",30.212625,1.0,False,exact_bitmap,,False
2026-08-30T19:55:10.451+00:00,calibration,0,197,IVFFLAT_HYBRID,three_categories,category_05,457,True,3,0.271,"[0.25,0.50)",24.170291,1.0,False,exact_bitmap,,False
2026-08-30T19:55:10.584+00:00,calibration,0,105,SQL_FIRST,two_categories,category_03,162,True,2,0.2004,"[0.10,0.25)",24.794334,1.0,True,exact_bitmap,,False
2026-08-30T19:55:10.616+00:00,calibration,0,105,VECTOR_FIRST_HNSW,two_categories,category_03,162,True,2,0.2004,"[0.10,0.25)",30.698375,1.0,False,exact_bitmap,,False
2026-08-30T19:55:10.642+00:00,calibration,0,105,HNSW_HYBRID,two_categories,category_03,162,True,2,0.2004,"[0.10,0.25)",25.099333,1.0,False,exact_bitmap,,False
2026-08-30T19:55:10.673+00:00,calibration,0,105,IVFFLAT_HYBRID,two_categories,category_03,162,True,2,0.2004,"[0.10,0.25)",29.655042,1.0,False,exact_bitmap,,False
2026-08-30T19:55:10.768+00:00,calibration,0,115,SQL_FIRST,single_category_alone,category_03,432,True,2,0.1037,"[0.10,0.25)",16.405958,1.0,True,exact_bitmap,,False
2026-08-30T19:55:10.804+00:00,calibration,0,115,VECTOR_FIRST_HNSW,single_category_alone,category_03,432,True,2,0.1037,"[0.10,0.25)",35.053708,0.9,False,exact_bitmap,,False
2026-08-30T19:55:10.822+00:00,calibration,0,115,HNSW_HYBRID,single_category_alone,category_03,432,True,2,0.1037,"[0.10,0.25)",16.097167,1.0,False,exact_bitmap,,False
2026-08-30T19:55:10.839+00:00,calibration,0,115,IVFFLAT_HYBRID,single_category_alone,category_03,432,True,2,0.1037,"[0.10,0.25)",16.830958,1.0,False,exact_bitmap,,False
2026-08-30T19:55:11.002+00:00,calibration,0,237,SQL_FIRST,wide_or,category_02,458,False,4,0.753415,"[0.50,1.00)",33.61625,1.0,True,exact_seq,,False
2026-08-30T19:55:11.032+00:00,calibration,0,237,VECTOR_FIRST_HNSW,wide_or,category_02,458,False,4,0.753415,"[0.50,1.00)",27.965625,1.0,False,exact_bitmap,,False
2026-08-30T19:55:11.064+00:00,calibration,0,237,HNSW_HYBRID,wide_or,category_02,458,False,4,0.753415,"[0.50,1.00)",30.763833,1.0,False,exact_seq,,False
2026-08-30T19:55:11.097+00:00,calibration,0,237,IVFFLAT_HYBRID,wide_or,category_02,458,False,4,0.753415,"[0.50,1.00)",32.148833,1.0,False,exact_seq,,False
2026-08-30T19:55:11.192+00:00,calibration,0,72,SQL_FIRST,single_category,category_09,860,True,1,0.0999,"[0.05,0.10)",14.681292,1.0,True,exact_bitmap,,False
2026-08-30T19:55:11.224+00:00,calibration,0,72,VECTOR_FIRST_HNSW,single_category,category_09,860,True,1,0.0999,"[0.05,0.10)",31.539458,0.7,False,exact_bitmap,,False
2026-08-30T19:55:11.239+00:00,calibration,0,72,HNSW_HYBRID,single_category,category_09,860,True,1,0.0999,"[0.05,0.10)",13.301291,1.0,False,exact_bitmap,,False
2026-08-30T19:55:11.256+00:00,calibration,0,72,IVFFLAT_HYBRID,single_category,category_09,860,True,1,0.0999,"[0.05,0.10)",14.337375,1.0,False,exact_bitmap,,False
2026-08-30T19:55:11.350+00:00,calibration,0,78,SQL_FIRST,single_category,category_02,688,False,1,0.098965,"[0.05,0.10)",15.129166,1.0,True,exact_bitmap,,False
2026-08-30T19:55:11.385+00:00,calibration,0,78,VECTOR_FIRST_HNSW,single_category,category_02,688,False,1,0.098965,"[0.05,0.10)",33.289083,1.0,False,exact_bitmap,,False
2026-08-30T19:55:11.401+00:00,calibration,0,78,HNSW_HYBRID,single_category,category_02,688,False,1,0.098965,"[0.05,0.10)",15.386708,1.0,False,exact_bitmap,,False
2026-08-30T19:55:11.419+00:00,calibration,0,78,IVFFLAT_HYBRID,single_category,category_02,688,False,1,0.098965,"[0.05,0.10)",16.165042,1.0,False,exact_bitmap,,False
2026-08-30T19:55:11.561+00:00,calibration,0,246,SQL_FIRST,wide_or,category_05,68,True,4,0.57758,"[0.50,1.00)",26.252917,1.0,True,exact_seq,,False
2026-08-30T19:55:11.589+00:00,calibration,0,246,VECTOR_FIRST_HNSW,wide_or,category_05,68,True,4,0.57758,"[0.50,1.00)",26.187167,1.0,False,exact_bitmap,,False
2026-08-30T19:55:11.614+00:00,calibration,0,246,HNSW_HYBRID,wide_or,category_05,68,True,4,0.57758,"[0.50,1.00)",24.543,1.0,False,exact_seq,,False
2026-08-30T19:55:11.641+00:00,calibration,0,246,IVFFLAT_HYBRID,wide_or,category_05,68,True,4,0.57758,"[0.50,1.00)",25.009292,1.0,False,exact_seq,,False
2026-08-30T19:55:11.770+00:00,calibration,0,125,SQL_FIRST,two_categories,category_04,77,True,2,0.196735,"[0.10,0.25)",26.496625,1.0,True,exact_bitmap,,False
2026-08-30T19:55:11.805+00:00,calibration,0,125,VECTOR_FIRST_HNSW,two_categories,category_04,77,True,2,0.196735,"[0.10,0.25)",34.152875,1.0,False,exact_bitmap,,False
2026-08-30T19:55:11.831+00:00,calibration,0,125,HNSW_HYBRID,two_categories,category_04,77,True,2,0.196735,"[0.10,0.25)",24.815667,1.0,False,exact_bitmap,,False
2026-08-30T19:55:11.858+00:00,calibration,0,125,IVFFLAT_HYBRID,two_categories,category_04,77,True,2,0.196735,"[0.10,0.25)",25.204375,1.0,False,exact_bitmap,,False
2026-08-30T19:55:11.990+00:00,calibration,0,174,SQL_FIRST,three_categories,category_06,449,True,3,0.269895,"[0.25,0.50)",23.144167,1.0,True,exact_bitmap,,False
2026-08-30T19:55:12.023+00:00,calibration,0,174,VECTOR_FIRST_HNSW,three_categories,category_06,449,True,3,0.269895,"[0.25,0.50)",31.7575,1.0,False,exact_bitmap,,False
2026-08-30T19:55:12.046+00:00,calibration,0,174,HNSW_HYBRID,three_categories,category_06,449,True,3,0.269895,"[0.25,0.50)",21.405042,1.0,False,exact_bitmap,,False
2026-08-30T19:55:12.068+00:00,calibration,0,174,IVFFLAT_HYBRID,three_categories,category_06,449,True,3,0.269895,"[0.25,0.50)",20.898583,1.0,False,exact_bitmap,,False
2026-08-30T19:55:12.191+00:00,calibration,0,172,SQL_FIRST,category_or_price,category_04,203,False,3,0.275655,"[0.25,0.50)",21.784042,1.0,True,exact_seq,,False
2026-08-30T19:55:12.223+00:00,calibration,0,172,VECTOR_FIRST_HNSW,category_or_price,category_04,203,False,3,0.275655,"[0.25,0.50)",30.629042,1.0,False,exact_bitmap,,False
2026-08-30T19:55:12.247+00:00,calibration,0,172,HNSW_HYBRID,category_or_price,category_04,203,False,3,0.275655,"[0.25,0.50)",22.964666,1.0,False,exact_seq,,False
2026-08-30T19:55:12.270+00:00,calibration,0,172,IVFFLAT_HYBRID,category_or_price,category_04,203,False,3,0.275655,"[0.25,0.50)",21.8235,1.0,False,exact_seq,,False
2026-08-30T19:55:12.360+00:00,calibration,0,80,SQL_FIRST,two_categories_and_price,category_03,964,False,1,0.050005,"[0.05,0.10)",12.283583,1.0,True,exact_bitmap,,False
2026-08-30T19:55:12.391+00:00,calibration,0,80,VECTOR_FIRST_HNSW,two_categories_and_price,category_03,964,False,1,0.050005,"[0.05,0.10)",30.132334,0.7,False,exact_bitmap,,False
2026-08-30T19:55:12.404+00:00,calibration,0,80,HNSW_HYBRID,two_categories_and_price,category_03,964,False,1,0.050005,"[0.05,0.10)",11.527834,1.0,False,exact_bitmap,,False
2026-08-30T19:55:12.420+00:00,calibration,0,80,IVFFLAT_HYBRID,two_categories_and_price,category_03,964,False,1,0.050005,"[0.05,0.10)",13.870125,1.0,False,exact_bitmap,,False
2026-08-30T19:55:12.551+00:00,calibration,0,238,SQL_FIRST,stock_alone,category_00,559,True,4,0.500835,"[0.50,1.00)",24.122709,1.0,True,exact_seq,,False
2026-08-30T19:55:12.584+00:00,calibration,0,238,VECTOR_FIRST_HNSW,stock_alone,category_00,559,True,4,0.500835,"[0.50,1.00)",29.933292,1.0,False,exact_bitmap,,False
2026-08-30T19:55:12.608+00:00,calibration,0,238,HNSW_HYBRID,stock_alone,category_00,559,True,4,0.500835,"[0.50,1.00)",22.9745,1.0,False,exact_seq,,False
2026-08-30T19:55:12.634+00:00,calibration,0,238,IVFFLAT_HYBRID,stock_alone,category_00,559,True,4,0.500835,"[0.50,1.00)",22.932125,1.0,False,exact_seq,,False
2026-08-30T19:55:12.768+00:00,calibration,0,140,SQL_FIRST,two_categories,category_09,512,False,2,0.2033,"[0.10,0.25)",24.78075,1.0,True,exact_bitmap,,False
2026-08-30T19:55:12.802+00:00,calibration,0,140,VECTOR_FIRST_HNSW,two_categories,category_09,512,False,2,0.2033,"[0.10,0.25)",32.96325,1.0,False,exact_bitmap,,False
2026-08-30T19:55:12.826+00:00,calibration,0,140,HNSW_HYBRID,two_categories,category_09,512,False,2,0.2033,"[0.10,0.25)",23.131833,1.0,False,exact_bitmap,,False
2026-08-30T19:55:12.852+00:00,calibration,0,140,IVFFLAT_HYBRID,two_categories,category_09,512,False,2,0.2033,"[0.10,0.25)",24.956666,1.0,False,exact_bitmap,,False
2026-08-30T19:55:12.991+00:00,calibration,0,165,SQL_FIRST,category_or_price,category_07,441,True,3,0.493935,"[0.25,0.50)",28.182625,1.0,True,exact_seq,,False
2026-08-30T19:55:13.024+00:00,calibration,0,165,VECTOR_FIRST_HNSW,category_or_price,category_07,441,True,3,0.493935,"[0.25,0.50)",32.703417,1.0,False,exact_bitmap,,False
2026-08-30T19:55:13.052+00:00,calibration,0,165,HNSW_HYBRID,category_or_price,category_07,441,True,3,0.493935,"[0.25,0.50)",26.665791,1.0,False,exact_seq,,False
2026-08-30T19:55:13.078+00:00,calibration,0,165,IVFFLAT_HYBRID,category_or_price,category_07,441,True,3,0.493935,"[0.25,0.50)",25.059625,1.0,False,exact_seq,,False
2026-08-30T19:55:13.195+00:00,calibration,0,192,SQL_FIRST,three_categories,category_08,116,False,3,0.272595,"[0.25,0.50)",20.568292,1.0,True,exact_bitmap,,False
2026-08-30T19:55:13.226+00:00,calibration,0,192,VECTOR_FIRST_HNSW,three_categories,category_08,116,False,3,0.272595,"[0.25,0.50)",30.434083,1.0,False,exact_bitmap,,False
2026-08-30T19:55:13.250+00:00,calibration,0,192,HNSW_HYBRID,three_categories,category_08,116,False,3,0.272595,"[0.25,0.50)",22.146375,1.0,False,exact_bitmap,,False
2026-08-30T19:55:13.272+00:00,calibration,0,192,IVFFLAT_HYBRID,three_categories,category_08,116,False,3,0.272595,"[0.25,0.50)",20.608084,1.0,False,exact_bitmap,,False
2026-08-30T19:55:13.403+00:00,calibration,0,109,SQL_FIRST,two_categories,category_03,740,False,2,0.2004,"[0.10,0.25)",24.901625,1.0,True,exact_bitmap,,False
2026-08-30T19:55:13.437+00:00,calibration,0,109,VECTOR_FIRST_HNSW,two_categories,category_03,740,False,2,0.2004,"[0.10,0.25)",32.83475,1.0,False,exact_bitmap,,False
2026-08-30T19:55:13.461+00:00,calibration,0,109,HNSW_HYBRID,two_categories,category_03,740,False,2,0.2004,"[0.10,0.25)",23.13525,1.0,False,exact_bitmap,,False
2026-08-30T19:55:13.487+00:00,calibration,0,109,IVFFLAT_HYBRID,two_categories,category_03,740,False,2,0.2004,"[0.10,0.25)",25.543834,1.0,False,exact_bitmap,,False
2026-08-30T19:55:13.537+00:00,calibration,0,24,SQL_FIRST,category_narrow_price,category_02,996,True,0,0.00514,"[0.00,0.05)",3.080292,1.0,True,exact_bitmap,,False
2026-08-30T19:55:13.569+00:00,calibration,0,24,VECTOR_FIRST_HNSW,category_narrow_price,category_02,996,True,0,0.00514,"[0.00,0.05)",30.564667,0.0,False,exact_bitmap,,False
2026-08-30T19:55:13.573+00:00,calibration,0,24,HNSW_HYBRID,category_narrow_price,category_02,996,True,0,0.00514,"[0.00,0.05)",3.230833,1.0,False,exact_bitmap,,False
2026-08-30T19:55:13.577+00:00,calibration,0,24,IVFFLAT_HYBRID,category_narrow_price,category_02,996,True,0,0.00514,"[0.00,0.05)",2.184792,1.0,False,exact_bitmap,,False
2026-08-30T19:55:13.694+00:00,calibration,0,158,SQL_FIRST,three_categories,category_09,384,True,3,0.272595,"[0.25,0.50)",20.183708,1.0,True,exact_bitmap,,False
2026-08-30T19:55:13.725+00:00,calibration,0,158,VECTOR_FIRST_HNSW,three_categories,category_09,384,True,3,0.272595,"[0.25,0.50)",29.457917,1.0,False,exact_bitmap,,False
2026-08-30T19:55:13.746+00:00,calibration,0,158,HNSW_HYBRID,three_categories,category_09,384,True,3,0.272595,"[0.25,0.50)",19.923541,1.0,False,exact_bitmap,,False
2026-08-30T19:55:13.767+00:00,calibration,0,158,IVFFLAT_HYBRID,three_categories,category_09,384,True,3,0.272595,"[0.25,0.50)",19.156333,1.0,False,exact_bitmap,,False
2026-08-30T19:55:13.856+00:00,calibration,0,139,SQL_FIRST,price_range_mid,category_07,135,True,2,0.104535,"[0.10,0.25)",14.714667,1.0,True,exact_bitmap,,False
2026-08-30T19:55:13.888+00:00,calibration,0,139,VECTOR_FIRST_HNSW,price_range_mid,category_07,135,True,2,0.104535,"[0.10,0.25)",30.015833,1.0,False,exact_bitmap,,False
2026-08-30T19:55:13.903+00:00,calibration,0,139,HNSW_HYBRID,price_range_mid,category_07,135,True,2,0.104535,"[0.10,0.25)",13.787958,1.0,False,exact_bitmap,,False
2026-08-30T19:55:13.918+00:00,calibration,0,139,IVFFLAT_HYBRID,price_range_mid,category_07,135,True,2,0.104535,"[0.10,0.25)",14.663,1.0,False,exact_bitmap,,False
2026-08-30T19:55:14.020+00:00,calibration,0,100,SQL_FIRST,single_category,category_01,282,False,1,0.098665,"[0.05,0.10)",18.299667,1.0,True,exact_bitmap,,False
2026-08-30T19:55:14.061+00:00,calibration,0,100,VECTOR_FIRST_HNSW,single_category,category_01,282,False,1,0.098665,"[0.05,0.10)",40.130709,0.8,False,exact_bitmap,,False
2026-08-30T19:55:14.076+00:00,calibration,0,100,HNSW_HYBRID,single_category,category_01,282,False,1,0.098665,"[0.05,0.10)",13.767916,1.0,False,exact_bitmap,,False
2026-08-30T19:55:14.092+00:00,calibration,0,100,IVFFLAT_HYBRID,single_category,category_01,282,False,1,0.098665,"[0.05,0.10)",14.69025,1.0,False,exact_bitmap,,False
2026-08-30T19:55:14.173+00:00,calibration,0,37,SQL_FIRST,category_and_stock,category_06,814,False,0,0.049685,"[0.00,0.05)",11.884458,1.0,True,exact_bitmap,,False
2026-08-30T19:55:14.205+00:00,calibration,0,37,VECTOR_FIRST_HNSW,category_and_stock,category_06,814,False,0,0.049685,"[0.00,0.05)",30.117875,0.7,False,exact_bitmap,,False
2026-08-30T19:55:14.218+00:00,calibration,0,37,HNSW_HYBRID,category_and_stock,category_06,814,False,0,0.049685,"[0.00,0.05)",11.989417,1.0,False,exact_bitmap,,False
2026-08-30T19:55:14.231+00:00,calibration,0,37,IVFFLAT_HYBRID,category_and_stock,category_06,814,False,0,0.049685,"[0.00,0.05)",11.919542,1.0,False,exact_bitmap,,False
2026-08-30T19:55:14.358+00:00,calibration,0,107,SQL_FIRST,two_categories,category_05,46,False,2,0.199565,"[0.10,0.25)",23.99,1.0,True,exact_bitmap,,False
2026-08-30T19:55:14.391+00:00,calibration,0,107,VECTOR_FIRST_HNSW,two_categories,category_05,46,False,2,0.199565,"[0.10,0.25)",31.713208,1.0,False,exact_bitmap,,False
2026-08-30T19:55:14.417+00:00,calibration,0,107,HNSW_HYBRID,two_categories,category_05,46,False,2,0.199565,"[0.10,0.25)",25.019167,1.0,False,exact_bitmap,,False
2026-08-30T19:55:14.443+00:00,calibration,0,107,IVFFLAT_HYBRID,two_categories,category_05,46,False,2,0.199565,"[0.10,0.25)",24.2945,1.0,False,exact_bitmap,,False
2026-08-30T19:55:14.489+00:00,calibration,0,43,SQL_FIRST,category_narrow_price,category_00,465,False,0,0.005015,"[0.00,0.05)",2.951708,1.0,True,exact_bitmap,,False
2026-08-30T19:55:14.521+00:00,calibration,0,43,VECTOR_FIRST_HNSW,category_narrow_price,category_00,465,False,0,0.005015,"[0.00,0.05)",30.72375,0.0,False,exact_bitmap,,False
2026-08-30T19:55:14.525+00:00,calibration,0,43,HNSW_HYBRID,category_narrow_price,category_00,465,False,0,0.005015,"[0.00,0.05)",2.6315,1.0,False,exact_bitmap,,False
2026-08-30T19:55:14.529+00:00,calibration,0,43,IVFFLAT_HYBRID,category_narrow_price,category_00,465,False,0,0.005015,"[0.00,0.05)",3.091291,1.0,False,exact_bitmap,,False
2026-08-30T19:55:14.658+00:00,calibration,0,224,SQL_FIRST,stock_alone,category_08,338,True,4,0.500835,"[0.50,1.00)",25.2945,1.0,True,exact_seq,,False
2026-08-30T19:55:14.692+00:00,calibration,0,224,VECTOR_FIRST_HNSW,stock_alone,category_08,338,True,4,0.500835,"[0.50,1.00)",32.612833,1.0,False,exact_bitmap,,False
2026-08-30T19:55:14.717+00:00,calibration,0,224,HNSW_HYBRID,stock_alone,category_08,338,True,4,0.500835,"[0.50,1.00)",22.942125,1.0,False,exact_seq,,False
2026-08-30T19:55:14.743+00:00,calibration,0,224,IVFFLAT_HYBRID,stock_alone,category_08,338,True,4,0.500835,"[0.50,1.00)",24.142375,1.0,False,exact_seq,,False
2026-08-30T19:55:14.874+00:00,calibration,0,111,SQL_FIRST,two_categories,category_09,826,True,2,0.2033,"[0.10,0.25)",25.181959,1.0,True,exact_bitmap,,False
2026-08-30T19:55:14.906+00:00,calibration,0,111,VECTOR_FIRST_HNSW,two_categories,category_09,826,True,2,0.2033,"[0.10,0.25)",31.569791,1.0,False,exact_bitmap,,False
2026-08-30T19:55:14.932+00:00,calibration,0,111,HNSW_HYBRID,two_categories,category_09,826,True,2,0.2033,"[0.10,0.25)",24.388167,1.0,False,exact_bitmap,,False
2026-08-30T19:55:14.958+00:00,calibration,0,111,IVFFLAT_HYBRID,two_categories,category_09,826,True,2,0.2033,"[0.10,0.25)",25.261416,1.0,False,exact_bitmap,,False
2026-08-30T19:55:15.006+00:00,calibration,0,48,SQL_FIRST,category_narrow_price,category_00,698,False,0,0.005015,"[0.00,0.05)",3.13275,1.0,True,exact_bitmap,,False
2026-08-30T19:55:15.039+00:00,calibration,0,48,VECTOR_FIRST_HNSW,category_narrow_price,category_00,698,False,0,0.005015,"[0.00,0.05)",31.915959,0.1,False,exact_bitmap,,False
2026-08-30T19:55:15.043+00:00,calibration,0,48,HNSW_HYBRID,category_narrow_price,category_00,698,False,0,0.005015,"[0.00,0.05)",2.768583,1.0,False,exact_bitmap,,False
2026-08-30T19:55:15.046+00:00,calibration,0,48,IVFFLAT_HYBRID,category_narrow_price,category_00,698,False,0,0.005015,"[0.00,0.05)",2.394625,1.0,False,exact_bitmap,,False
2026-08-30T19:55:15.218+00:00,calibration,0,235,SQL_FIRST,wide_or,category_00,771,True,4,0.89551,"[0.50,1.00)",32.297542,1.0,True,exact_seq,,False
2026-08-30T19:55:15.251+00:00,calibration,0,235,VECTOR_FIRST_HNSW,wide_or,category_00,771,True,4,0.89551,"[0.50,1.00)",31.2135,1.0,False,exact_bitmap,,False
2026-08-30T19:55:15.285+00:00,calibration,0,235,HNSW_HYBRID,wide_or,category_00,771,True,4,0.89551,"[0.50,1.00)",32.7135,1.0,False,exact_seq,,False
2026-08-30T19:55:15.320+00:00,calibration,0,235,IVFFLAT_HYBRID,wide_or,category_00,771,True,4,0.89551,"[0.50,1.00)",33.976583,1.0,False,exact_seq,,False
2026-08-30T19:55:15.343+00:00,heldout,0,42,SQL_FIRST,category_narrow_price,category_03,629,True,0,0.00513,"[0.00,0.05)",3.67625,1.0,True,exact_bitmap,HNSW_HYBRID,False
2026-08-30T19:55:15.385+00:00,heldout,0,42,VECTOR_FIRST_HNSW,category_narrow_price,category_03,629,True,0,0.00513,"[0.00,0.05)",40.53025,0.0,False,exact_bitmap,HNSW_HYBRID,False
2026-08-30T19:55:15.390+00:00,heldout,0,42,HNSW_HYBRID,category_narrow_price,category_03,629,True,0,0.00513,"[0.00,0.05)",3.291667,1.0,False,exact_bitmap,HNSW_HYBRID,True
2026-08-30T19:55:15.394+00:00,heldout,0,42,IVFFLAT_HYBRID,category_narrow_price,category_03,629,True,0,0.00513,"[0.00,0.05)",3.115791,1.0,False,exact_bitmap,HNSW_HYBRID,False
2026-08-30T19:55:15.397+00:00,heldout,1,42,SQL_FIRST,category_narrow_price,category_03,629,True,0,0.00513,"[0.00,0.05)",3.144875,1.0,True,exact_bitmap,HNSW_HYBRID,False
2026-08-30T19:55:15.430+00:00,heldout,1,42,VECTOR_FIRST_HNSW,category_narrow_price,category_03,629,True,0,0.00513,"[0.00,0.05)",31.816166,0.0,False,exact_bitmap,HNSW_HYBRID,False
2026-08-30T19:55:15.435+00:00,heldout,1,42,HNSW_HYBRID,category_narrow_price,category_03,629,True,0,0.00513,"[0.00,0.05)",4.620833,1.0,False,exact_bitmap,HNSW_HYBRID,True
2026-08-30T19:55:15.441+00:00,heldout,1,42,IVFFLAT_HYBRID,category_narrow_price,category_03,629,True,0,0.00513,"[0.00,0.05)",5.252125,1.0,False,exact_bitmap,HNSW_HYBRID,False
2026-08-30T19:55:15.445+00:00,heldout,2,42,SQL_FIRST,category_narrow_price,category_03,629,True,0,0.00513,"[0.00,0.05)",3.642792,1.0,True,exact_bitmap,HNSW_HYBRID,False
2026-08-30T19:55:15.477+00:00,heldout,2,42,VECTOR_FIRST_HNSW,category_narrow_price,category_03,629,True,0,0.00513,"[0.00,0.05)",31.553167,0.0,False,exact_bitmap,HNSW_HYBRID,False
2026-08-30T19:55:15.480+00:00,heldout,2,42,HNSW_HYBRID,category_narrow_price,category_03,629,True,0,0.00513,"[0.00,0.05)",2.765291,1.0,False,exact_bitmap,HNSW_HYBRID,True
2026-08-30T19:55:15.484+00:00,heldout,2,42,IVFFLAT_HYBRID,category_narrow_price,category_03,629,True,0,0.00513,"[0.00,0.05)",2.89425,1.0,False,exact_bitmap,HNSW_HYBRID,False
2026-08-30T19:55:15.501+00:00,heldout,0,99,SQL_FIRST,single_category,category_04,598,True,1,0.0967,"[0.05,0.10)",14.825459,1.0,True,exact_bitmap,HNSW_HYBRID,False
2026-08-30T19:55:15.533+00:00,heldout,0,99,VECTOR_FIRST_HNSW,single_category,category_04,598,True,1,0.0967,"[0.05,0.10)",31.329709,1.0,False,exact_bitmap,HNSW_HYBRID,False
2026-08-30T19:55:15.548+00:00,heldout,0,99,HNSW_HYBRID,single_category,category_04,598,True,1,0.0967,"[0.05,0.10)",12.902417,1.0,False,exact_bitmap,HNSW_HYBRID,True
2026-08-30T19:55:15.563+00:00,heldout,0,99,IVFFLAT_HYBRID,single_category,category_04,598,True,1,0.0967,"[0.05,0.10)",14.094375,1.0,False,exact_bitmap,HNSW_HYBRID,False
2026-08-30T19:55:15.578+00:00,heldout,1,99,SQL_FIRST,single_category,category_04,598,True,1,0.0967,"[0.05,0.10)",14.043834,1.0,True,exact_bitmap,HNSW_HYBRID,False
2026-08-30T19:55:15.621+00:00,heldout,1,99,VECTOR_FIRST_HNSW,single_category,category_04,598,True,1,0.0967,"[0.05,0.10)",42.355125,1.0,False,exact_bitmap,HNSW_HYBRID,False
2026-08-30T19:55:15.636+00:00,heldout,1,99,HNSW_HYBRID,single_category,category_04,598,True,1,0.0967,"[0.05,0.10)",14.860875,1.0,False,exact_bitmap,HNSW_HYBRID,True
2026-08-30T19:55:15.654+00:00,heldout,1,99,IVFFLAT_HYBRID,single_category,category_04,598,True,1,0.0967,"[0.05,0.10)",16.723,1.0,False,exact_bitmap,HNSW_HYBRID,False
2026-08-30T19:55:15.669+00:00,heldout,2,99,SQL_FIRST,single_category,category_04,598,True,1,0.0967,"[0.05,0.10)",15.334625,1.0,True,exact_bitmap,HNSW_HYBRID,False
2026-08-30T19:55:15.713+00:00,heldout,2,99,VECTOR_FIRST_HNSW,single_category,category_04,598,True,1,0.0967,"[0.05,0.10)",42.870917,1.0,False,exact_bitmap,HNSW_HYBRID,False
2026-08-30T19:55:15.746+00:00,heldout,2,99,HNSW_HYBRID,single_category,category_04,598,True,1,0.0967,"[0.05,0.10)",33.238,1.0,False,exact_bitmap,HNSW_HYBRID,True
2026-08-30T19:55:15.769+00:00,heldout,2,99,IVFFLAT_HYBRID,single_category,category_04,598,True,1,0.0967,"[0.05,0.10)",21.615791,1.0,False,exact_bitmap,HNSW_HYBRID,False
2026-08-30T19:55:15.804+00:00,heldout,0,198,SQL_FIRST,three_categories,category_09,341,True,3,0.272595,"[0.25,0.50)",32.92175,1.0,True,exact_bitmap,IVFFLAT_HYBRID,False
2026-08-30T19:55:15.834+00:00,heldout,0,198,VECTOR_FIRST_HNSW,three_categories,category_09,341,True,3,0.272595,"[0.25,0.50)",29.257459,1.0,False,exact_bitmap,IVFFLAT_HYBRID,False
2026-08-30T19:55:15.853+00:00,heldout,0,198,HNSW_HYBRID,three_categories,category_09,341,True,3,0.272595,"[0.25,0.50)",18.015333,1.0,False,exact_bitmap,IVFFLAT_HYBRID,False
2026-08-30T19:55:15.873+00:00,heldout,0,198,IVFFLAT_HYBRID,three_categories,category_09,341,True,3,0.272595,"[0.25,0.50)",19.043292,1.0,False,exact_bitmap,IVFFLAT_HYBRID,True
2026-08-30T19:55:15.920+00:00,heldout,1,198,SQL_FIRST,three_categories,category_09,341,True,3,0.272595,"[0.25,0.50)",46.697208,1.0,True,exact_bitmap,IVFFLAT_HYBRID,False
2026-08-30T19:55:15.963+00:00,heldout,1,198,VECTOR_FIRST_HNSW,three_categories,category_09,341,True,3,0.272595,"[0.25,0.50)",43.193458,1.0,False,exact_bitmap,IVFFLAT_HYBRID,False
2026-08-30T19:55:16.003+00:00,heldout,1,198,HNSW_HYBRID,three_categories,category_09,341,True,3,0.272595,"[0.25,0.50)",39.308709,1.0,False,exact_bitmap,IVFFLAT_HYBRID,False
2026-08-30T19:55:16.028+00:00,heldout,1,198,IVFFLAT_HYBRID,three_categories,category_09,341,True,3,0.272595,"[0.25,0.50)",24.560542,1.0,False,exact_bitmap,IVFFLAT_HYBRID,True
2026-08-30T19:55:16.061+00:00,heldout,2,198,SQL_FIRST,three_categories,category_09,341,True,3,0.272595,"[0.25,0.50)",32.474959,1.0,True,exact_bitmap,IVFFLAT_HYBRID,False
2026-08-30T19:55:16.098+00:00,heldout,2,198,VECTOR_FIRST_HNSW,three_categories,category_09,341,True,3,0.272595,"[0.25,0.50)",36.779833,1.0,False,exact_bitmap,IVFFLAT_HYBRID,False
2026-08-30T19:55:16.140+00:00,heldout,2,198,HNSW_HYBRID,three_categories,category_09,341,True,3,0.272595,"[0.25,0.50)",40.920708,1.0,False,exact_bitmap,IVFFLAT_HYBRID,False
2026-08-30T19:55:16.173+00:00,heldout,2,198,IVFFLAT_HYBRID,three_categories,category_09,341,True,3,0.272595,"[0.25,0.50)",32.379416,1.0,False,exact_bitmap,IVFFLAT_HYBRID,True
2026-08-30T19:55:16.228+00:00,heldout,0,156,SQL_FIRST,three_categories,category_01,158,True,3,0.272085,"[0.25,0.50)",50.221125,1.0,True,exact_bitmap,IVFFLAT_HYBRID,False
2026-08-30T19:55:16.307+00:00,heldout,0,156,VECTOR_FIRST_HNSW,three_categories,category_01,158,True,3,0.272085,"[0.25,0.50)",77.721083,1.0,False,exact_bitmap,IVFFLAT_HYBRID,False
2026-08-30T19:55:16.340+00:00,heldout,0,156,HNSW_HYBRID,three_categories,category_01,158,True,3,0.272085,"[0.25,0.50)",31.560583,1.0,False,exact_bitmap,IVFFLAT_HYBRID,False
2026-08-30T19:55:16.380+00:00,heldout,0,156,IVFFLAT_HYBRID,three_categories,category_01,158,True,3,0.272085,"[0.25,0.50)",38.552417,1.0,False,exact_bitmap,IVFFLAT_HYBRID,True
2026-08-30T19:55:16.407+00:00,heldout,1,156,SQL_FIRST,three_categories,category_01,158,True,3,0.272085,"[0.25,0.50)",27.345,1.0,True,exact_bitmap,IVFFLAT_HYBRID,False
2026-08-30T19:55:16.438+00:00,heldout,1,156,VECTOR_FIRST_HNSW,three_categories,category_01,158,True,3,0.272085,"[0.25,0.50)",29.802542,1.0,False,exact_bitmap,IVFFLAT_HYBRID,False
2026-08-30T19:55:16.458+00:00,heldout,1,156,HNSW_HYBRID,three_categories,category_01,158,True,3,0.272085,"[0.25,0.50)",19.831666,1.0,False,exact_bitmap,IVFFLAT_HYBRID,False
2026-08-30T19:55:16.478+00:00,heldout,1,156,IVFFLAT_HYBRID,three_categories,category_01,158,True,3,0.272085,"[0.25,0.50)",19.877375,1.0,False,exact_bitmap,IVFFLAT_HYBRID,True
2026-08-30T19:55:16.504+00:00,heldout,2,156,SQL_FIRST,three_categories,category_01,158,True,3,0.272085,"[0.25,0.50)",24.999083,1.0,True,exact_bitmap,IVFFLAT_HYBRID,False
2026-08-30T19:55:16.529+00:00,heldout,2,156,VECTOR_FIRST_HNSW,three_categories,category_01,158,True,3,0.272085,"[0.25,0.50)",24.45625,1.0,False,exact_bitmap,IVFFLAT_HYBRID,False
2026-08-30T19:55:16.548+00:00,heldout,2,156,HNSW_HYBRID,three_categories,category_01,158,True,3,0.272085,"[0.25,0.50)",18.616375,1.0,False,exact_bitmap,IVFFLAT_HYBRID,False
2026-08-30T19:55:16.568+00:00,heldout,2,156,IVFFLAT_HYBRID,three_categories,category_01,158,True,3,0.272085,"[0.25,0.50)",18.68925,1.0,False,exact_bitmap,IVFFLAT_HYBRID,True
2026-08-30T19:55:16.573+00:00,heldout,0,50,SQL_FIRST,category_narrow_price,category_04,438,True,0,0.00477,"[0.00,0.05)",3.034666,1.0,True,exact_bitmap,HNSW_HYBRID,False
2026-08-30T19:55:16.598+00:00,heldout,0,50,VECTOR_FIRST_HNSW,category_narrow_price,category_04,438,True,0,0.00477,"[0.00,0.05)",24.078541,0.0,False,exact_bitmap,HNSW_HYBRID,False
2026-08-30T19:55:16.603+00:00,heldout,0,50,HNSW_HYBRID,category_narrow_price,category_04,438,True,0,0.00477,"[0.00,0.05)",2.7445,1.0,False,exact_bitmap,HNSW_HYBRID,True
2026-08-30T19:55:16.606+00:00,heldout,0,50,IVFFLAT_HYBRID,category_narrow_price,category_04,438,True,0,0.00477,"[0.00,0.05)",2.411625,1.0,False,exact_bitmap,HNSW_HYBRID,False
2026-08-30T19:55:16.609+00:00,heldout,1,50,SQL_FIRST,category_narrow_price,category_04,438,True,0,0.00477,"[0.00,0.05)",2.352208,1.0,True,exact_bitmap,HNSW_HYBRID,False
2026-08-30T19:55:16.641+00:00,heldout,1,50,VECTOR_FIRST_HNSW,category_narrow_price,category_04,438,True,0,0.00477,"[0.00,0.05)",32.364542,0.0,False,exact_bitmap,HNSW_HYBRID,False
2026-08-30T19:55:16.645+00:00,heldout,1,50,HNSW_HYBRID,category_narrow_price,category_04,438,True,0,0.00477,"[0.00,0.05)",2.793083,1.0,False,exact_bitmap,HNSW_HYBRID,True
2026-08-30T19:55:16.649+00:00,heldout,1,50,IVFFLAT_HYBRID,category_narrow_price,category_04,438,True,0,0.00477,"[0.00,0.05)",3.033167,1.0,False,exact_bitmap,HNSW_HYBRID,False
2026-08-30T19:55:16.653+00:00,heldout,2,50,SQL_FIRST,category_narrow_price,category_04,438,True,0,0.00477,"[0.00,0.05)",2.961375,1.0,True,exact_bitmap,HNSW_HYBRID,False
2026-08-30T19:55:16.686+00:00,heldout,2,50,VECTOR_FIRST_HNSW,category_narrow_price,category_04,438,True,0,0.00477,"[0.00,0.05)",32.968917,0.0,False,exact_bitmap,HNSW_HYBRID,False
2026-08-30T19:55:16.690+00:00,heldout,2,50,HNSW_HYBRID,category_narrow_price,category_04,438,True,0,0.00477,"[0.00,0.05)",3.027167,1.0,False,exact_bitmap,HNSW_HYBRID,True
2026-08-30T19:55:16.694+00:00,heldout,2,50,IVFFLAT_HYBRID,category_narrow_price,category_04,438,True,0,0.00477,"[0.00,0.05)",3.505292,1.0,False,exact_bitmap,HNSW_HYBRID,False
2026-08-30T19:55:16.737+00:00,heldout,0,245,SQL_FIRST,wide_or,category_06,534,False,4,0.788185,"[0.50,1.00)",40.098625,1.0,True,exact_seq,SQL_FIRST,True
2026-08-30T19:55:16.773+00:00,heldout,0,245,VECTOR_FIRST_HNSW,wide_or,category_06,534,False,4,0.788185,"[0.50,1.00)",34.442,1.0,False,exact_bitmap,SQL_FIRST,False
2026-08-30T19:55:16.801+00:00,heldout,0,245,HNSW_HYBRID,wide_or,category_06,534,False,4,0.788185,"[0.50,1.00)",26.790583,1.0,False,exact_seq,SQL_FIRST,False
2026-08-30T19:55:16.828+00:00,heldout,0,245,IVFFLAT_HYBRID,wide_or,category_06,534,False,4,0.788185,"[0.50,1.00)",26.480584,1.0,False,exact_seq,SQL_FIRST,False
2026-08-30T19:55:16.855+00:00,heldout,1,245,SQL_FIRST,wide_or,category_06,534,False,4,0.788185,"[0.50,1.00)",26.637292,1.0,True,exact_seq,SQL_FIRST,True
2026-08-30T19:55:16.891+00:00,heldout,1,245,VECTOR_FIRST_HNSW,wide_or,category_06,534,False,4,0.788185,"[0.50,1.00)",34.74575,1.0,False,exact_bitmap,SQL_FIRST,False
2026-08-30T19:55:16.920+00:00,heldout,1,245,HNSW_HYBRID,wide_or,category_06,534,False,4,0.788185,"[0.50,1.00)",27.31,1.0,False,exact_seq,SQL_FIRST,False
2026-08-30T19:55:16.954+00:00,heldout,1,245,IVFFLAT_HYBRID,wide_or,category_06,534,False,4,0.788185,"[0.50,1.00)",33.17025,1.0,False,exact_seq,SQL_FIRST,False
2026-08-30T19:55:16.988+00:00,heldout,2,245,SQL_FIRST,wide_or,category_06,534,False,4,0.788185,"[0.50,1.00)",33.68825,1.0,True,exact_seq,SQL_FIRST,True
2026-08-30T19:55:17.020+00:00,heldout,2,245,VECTOR_FIRST_HNSW,wide_or,category_06,534,False,4,0.788185,"[0.50,1.00)",31.77925,1.0,False,exact_bitmap,SQL_FIRST,False
2026-08-30T19:55:17.061+00:00,heldout,2,245,HNSW_HYBRID,wide_or,category_06,534,False,4,0.788185,"[0.50,1.00)",40.64675,1.0,False,exact_seq,SQL_FIRST,False
2026-08-30T19:55:17.093+00:00,heldout,2,245,IVFFLAT_HYBRID,wide_or,category_06,534,False,4,0.788185,"[0.50,1.00)",31.972875,1.0,False,exact_seq,SQL_FIRST,False
2026-08-30T19:55:17.110+00:00,heldout,0,112,SQL_FIRST,price_range_mid,category_07,934,False,2,0.100665,"[0.10,0.25)",15.055,1.0,True,exact_bitmap,HNSW_HYBRID,False
2026-08-30T19:55:17.139+00:00,heldout,0,112,VECTOR_FIRST_HNSW,price_range_mid,category_07,934,False,2,0.100665,"[0.10,0.25)",28.640291,1.0,False,exact_bitmap,HNSW_HYBRID,False
2026-08-30T19:55:17.154+00:00,heldout,0,112,HNSW_HYBRID,price_range_mid,category_07,934,False,2,0.100665,"[0.10,0.25)",13.974084,1.0,False,exact_bitmap,HNSW_HYBRID,True
2026-08-30T19:55:17.168+00:00,heldout,0,112,IVFFLAT_HYBRID,price_range_mid,category_07,934,False,2,0.100665,"[0.10,0.25)",13.036208,1.0,False,exact_bitmap,HNSW_HYBRID,False
2026-08-30T19:55:17.180+00:00,heldout,1,112,SQL_FIRST,price_range_mid,category_07,934,False,2,0.100665,"[0.10,0.25)",12.131625,1.0,True,exact_bitmap,HNSW_HYBRID,False
2026-08-30T19:55:17.210+00:00,heldout,1,112,VECTOR_FIRST_HNSW,price_range_mid,category_07,934,False,2,0.100665,"[0.10,0.25)",29.708083,1.0,False,exact_bitmap,HNSW_HYBRID,False
2026-08-30T19:55:17.238+00:00,heldout,1,112,HNSW_HYBRID,price_range_mid,category_07,934,False,2,0.100665,"[0.10,0.25)",27.094417,1.0,False,exact_bitmap,HNSW_HYBRID,True
2026-08-30T19:55:17.251+00:00,heldout,1,112,IVFFLAT_HYBRID,price_range_mid,category_07,934,False,2,0.100665,"[0.10,0.25)",13.401083,1.0,False,exact_bitmap,HNSW_HYBRID,False
2026-08-30T19:55:17.264+00:00,heldout,2,112,SQL_FIRST,price_range_mid,category_07,934,False,2,0.100665,"[0.10,0.25)",12.62125,1.0,True,exact_bitmap,HNSW_HYBRID,False
2026-08-30T19:55:17.291+00:00,heldout,2,112,VECTOR_FIRST_HNSW,price_range_mid,category_07,934,False,2,0.100665,"[0.10,0.25)",26.404958,1.0,False,exact_bitmap,HNSW_HYBRID,False
2026-08-30T19:55:17.305+00:00,heldout,2,112,HNSW_HYBRID,price_range_mid,category_07,934,False,2,0.100665,"[0.10,0.25)",13.555625,1.0,False,exact_bitmap,HNSW_HYBRID,True
2026-08-30T19:55:17.320+00:00,heldout,2,112,IVFFLAT_HYBRID,price_range_mid,category_07,934,False,2,0.100665,"[0.10,0.25)",14.601459,1.0,False,exact_bitmap,HNSW_HYBRID,False
2026-08-30T19:55:17.352+00:00,heldout,0,232,SQL_FIRST,wide_or,category_01,956,True,4,0.97952,"[0.50,1.00)",30.919625,1.0,True,exact_seq,SQL_FIRST,True
2026-08-30T19:55:17.383+00:00,heldout,0,232,VECTOR_FIRST_HNSW,wide_or,category_01,956,True,4,0.97952,"[0.50,1.00)",29.073,1.0,False,exact_bitmap,SQL_FIRST,False
2026-08-30T19:55:17.419+00:00,heldout,0,232,HNSW_HYBRID,wide_or,category_01,956,True,4,0.97952,"[0.50,1.00)",35.522167,1.0,False,exact_seq,SQL_FIRST,False
2026-08-30T19:55:17.457+00:00,heldout,0,232,IVFFLAT_HYBRID,wide_or,category_01,956,True,4,0.97952,"[0.50,1.00)",36.3435,1.0,False,exact_seq,SQL_FIRST,False
2026-08-30T19:55:17.497+00:00,heldout,1,232,SQL_FIRST,wide_or,category_01,956,True,4,0.97952,"[0.50,1.00)",40.591875,1.0,True,exact_seq,SQL_FIRST,True
2026-08-30T19:55:17.535+00:00,heldout,1,232,VECTOR_FIRST_HNSW,wide_or,category_01,956,True,4,0.97952,"[0.50,1.00)",36.71975,1.0,False,exact_bitmap,SQL_FIRST,False
2026-08-30T19:55:17.576+00:00,heldout,1,232,HNSW_HYBRID,wide_or,category_01,956,True,4,0.97952,"[0.50,1.00)",41.031166,1.0,False,exact_seq,SQL_FIRST,False
2026-08-30T19:55:17.618+00:00,heldout,1,232,IVFFLAT_HYBRID,wide_or,category_01,956,True,4,0.97952,"[0.50,1.00)",41.148084,1.0,False,exact_seq,SQL_FIRST,False
2026-08-30T19:55:17.660+00:00,heldout,2,232,SQL_FIRST,wide_or,category_01,956,True,4,0.97952,"[0.50,1.00)",41.853875,1.0,True,exact_seq,SQL_FIRST,True
2026-08-30T19:55:17.708+00:00,heldout,2,232,VECTOR_FIRST_HNSW,wide_or,category_01,956,True,4,0.97952,"[0.50,1.00)",47.414708,1.0,False,exact_bitmap,SQL_FIRST,False
2026-08-30T19:55:17.896+00:00,heldout,2,232,HNSW_HYBRID,wide_or,category_01,956,True,4,0.97952,"[0.50,1.00)",187.030792,1.0,False,exact_seq,SQL_FIRST,False
2026-08-30T19:55:17.950+00:00,heldout,2,232,IVFFLAT_HYBRID,wide_or,category_01,956,True,4,0.97952,"[0.50,1.00)",49.707083,1.0,False,exact_seq,SQL_FIRST,False
2026-08-30T19:55:17.988+00:00,heldout,0,200,SQL_FIRST,three_categories,category_08,602,False,3,0.272595,"[0.25,0.50)",34.901417,1.0,True,exact_bitmap,IVFFLAT_HYBRID,False
2026-08-30T19:55:18.053+00:00,heldout,0,200,VECTOR_FIRST_HNSW,three_categories,category_08,602,False,3,0.272595,"[0.25,0.50)",62.195125,1.0,False,exact_bitmap,IVFFLAT_HYBRID,False
2026-08-30T19:55:18.113+00:00,heldout,0,200,HNSW_HYBRID,three_categories,category_08,602,False,3,0.272595,"[0.25,0.50)",58.714166,1.0,False,exact_bitmap,IVFFLAT_HYBRID,False
2026-08-30T19:55:18.234+00:00,heldout,0,200,IVFFLAT_HYBRID,three_categories,category_08,602,False,3,0.272595,"[0.25,0.50)",118.376042,1.0,False,exact_bitmap,IVFFLAT_HYBRID,True
2026-08-30T19:55:18.512+00:00,heldout,1,200,SQL_FIRST,three_categories,category_08,602,False,3,0.272595,"[0.25,0.50)",277.307208,1.0,True,exact_bitmap,IVFFLAT_HYBRID,False
2026-08-30T19:55:18.545+00:00,heldout,1,200,VECTOR_FIRST_HNSW,three_categories,category_08,602,False,3,0.272595,"[0.25,0.50)",32.956083,1.0,False,exact_bitmap,IVFFLAT_HYBRID,False
2026-08-30T19:55:18.575+00:00,heldout,1,200,HNSW_HYBRID,three_categories,category_08,602,False,3,0.272595,"[0.25,0.50)",29.322625,1.0,False,exact_bitmap,IVFFLAT_HYBRID,False
2026-08-30T19:55:18.599+00:00,heldout,1,200,IVFFLAT_HYBRID,three_categories,category_08,602,False,3,0.272595,"[0.25,0.50)",23.499083,1.0,False,exact_bitmap,IVFFLAT_HYBRID,True
2026-08-30T19:55:18.625+00:00,heldout,2,200,SQL_FIRST,three_categories,category_08,602,False,3,0.272595,"[0.25,0.50)",25.879166,1.0,True,exact_bitmap,IVFFLAT_HYBRID,False
2026-08-30T19:55:18.664+00:00,heldout,2,200,VECTOR_FIRST_HNSW,three_categories,category_08,602,False,3,0.272595,"[0.25,0.50)",38.261666,1.0,False,exact_bitmap,IVFFLAT_HYBRID,False
2026-08-30T19:55:18.707+00:00,heldout,2,200,HNSW_HYBRID,three_categories,category_08,602,False,3,0.272595,"[0.25,0.50)",42.159208,1.0,False,exact_bitmap,IVFFLAT_HYBRID,False
2026-08-30T19:55:18.732+00:00,heldout,2,200,IVFFLAT_HYBRID,three_categories,category_08,602,False,3,0.272595,"[0.25,0.50)",24.392208,1.0,False,exact_bitmap,IVFFLAT_HYBRID,True
2026-08-30T19:55:18.764+00:00,heldout,0,204,SQL_FIRST,wide_or,category_06,246,True,4,0.658825,"[0.50,1.00)",28.539083,1.0,True,exact_seq,SQL_FIRST,True
2026-08-30T19:55:18.811+00:00,heldout,0,204,VECTOR_FIRST_HNSW,wide_or,category_06,246,True,4,0.658825,"[0.50,1.00)",46.138334,1.0,False,exact_bitmap,SQL_FIRST,False
2026-08-30T19:55:18.851+00:00,heldout,0,204,HNSW_HYBRID,wide_or,category_06,246,True,4,0.658825,"[0.50,1.00)",39.19,1.0,False,exact_seq,SQL_FIRST,False
2026-08-30T19:55:18.881+00:00,heldout,0,204,IVFFLAT_HYBRID,wide_or,category_06,246,True,4,0.658825,"[0.50,1.00)",29.030916,1.0,False,exact_seq,SQL_FIRST,False
2026-08-30T19:55:18.909+00:00,heldout,1,204,SQL_FIRST,wide_or,category_06,246,True,4,0.658825,"[0.50,1.00)",27.98575,1.0,True,exact_seq,SQL_FIRST,True
2026-08-30T19:55:18.943+00:00,heldout,1,204,VECTOR_FIRST_HNSW,wide_or,category_06,246,True,4,0.658825,"[0.50,1.00)",33.290875,1.0,False,exact_bitmap,SQL_FIRST,False
2026-08-30T19:55:18.980+00:00,heldout,1,204,HNSW_HYBRID,wide_or,category_06,246,True,4,0.658825,"[0.50,1.00)",36.722208,1.0,False,exact_seq,SQL_FIRST,False
2026-08-30T19:55:19.015+00:00,heldout,1,204,IVFFLAT_HYBRID,wide_or,category_06,246,True,4,0.658825,"[0.50,1.00)",34.459625,1.0,False,exact_seq,SQL_FIRST,False
2026-08-30T19:55:19.047+00:00,heldout,2,204,SQL_FIRST,wide_or,category_06,246,True,4,0.658825,"[0.50,1.00)",32.35175,1.0,True,exact_seq,SQL_FIRST,True
2026-08-30T19:55:19.082+00:00,heldout,2,204,VECTOR_FIRST_HNSW,wide_or,category_06,246,True,4,0.658825,"[0.50,1.00)",34.074792,1.0,False,exact_bitmap,SQL_FIRST,False
2026-08-30T19:55:19.116+00:00,heldout,2,204,HNSW_HYBRID,wide_or,category_06,246,True,4,0.658825,"[0.50,1.00)",33.414917,1.0,False,exact_seq,SQL_FIRST,False
2026-08-30T19:55:19.158+00:00,heldout,2,204,IVFFLAT_HYBRID,wide_or,category_06,246,True,4,0.658825,"[0.50,1.00)",41.9885,1.0,False,exact_seq,SQL_FIRST,False
2026-08-30T19:55:19.175+00:00,heldout,0,86,SQL_FIRST,single_category,category_09,846,False,1,0.0999,"[0.05,0.10)",15.571625,1.0,True,exact_bitmap,HNSW_HYBRID,False
2026-08-30T19:55:19.205+00:00,heldout,0,86,VECTOR_FIRST_HNSW,single_category,category_09,846,False,1,0.0999,"[0.05,0.10)",29.77725,1.0,False,exact_bitmap,HNSW_HYBRID,False
2026-08-30T19:55:19.220+00:00,heldout,0,86,HNSW_HYBRID,single_category,category_09,846,False,1,0.0999,"[0.05,0.10)",13.46675,1.0,False,exact_bitmap,HNSW_HYBRID,True
2026-08-30T19:55:19.234+00:00,heldout,0,86,IVFFLAT_HYBRID,single_category,category_09,846,False,1,0.0999,"[0.05,0.10)",13.666083,1.0,False,exact_bitmap,HNSW_HYBRID,False
2026-08-30T19:55:19.246+00:00,heldout,1,86,SQL_FIRST,single_category,category_09,846,False,1,0.0999,"[0.05,0.10)",11.453334,1.0,True,exact_bitmap,HNSW_HYBRID,False
2026-08-30T19:55:19.308+00:00,heldout,1,86,VECTOR_FIRST_HNSW,single_category,category_09,846,False,1,0.0999,"[0.05,0.10)",61.554417,1.0,False,exact_bitmap,HNSW_HYBRID,False
2026-08-30T19:55:19.328+00:00,heldout,1,86,HNSW_HYBRID,single_category,category_09,846,False,1,0.0999,"[0.05,0.10)",20.161583,1.0,False,exact_bitmap,HNSW_HYBRID,True
2026-08-30T19:55:19.343+00:00,heldout,1,86,IVFFLAT_HYBRID,single_category,category_09,846,False,1,0.0999,"[0.05,0.10)",14.616209,1.0,False,exact_bitmap,HNSW_HYBRID,False
2026-08-30T19:55:19.356+00:00,heldout,2,86,SQL_FIRST,single_category,category_09,846,False,1,0.0999,"[0.05,0.10)",12.604167,1.0,True,exact_bitmap,HNSW_HYBRID,False
2026-08-30T19:55:19.389+00:00,heldout,2,86,VECTOR_FIRST_HNSW,single_category,category_09,846,False,1,0.0999,"[0.05,0.10)",32.498917,1.0,False,exact_bitmap,HNSW_HYBRID,False
2026-08-30T19:55:19.404+00:00,heldout,2,86,HNSW_HYBRID,single_category,category_09,846,False,1,0.0999,"[0.05,0.10)",14.217667,1.0,False,exact_bitmap,HNSW_HYBRID,True
2026-08-30T19:55:19.417+00:00,heldout,2,86,IVFFLAT_HYBRID,single_category,category_09,846,False,1,0.0999,"[0.05,0.10)",13.306208,1.0,False,exact_bitmap,HNSW_HYBRID,False
2026-08-30T19:55:19.422+00:00,heldout,0,3,SQL_FIRST,category_narrow_price,category_03,424,True,0,0.00518,"[0.00,0.05)",3.000125,1.0,True,exact_bitmap,HNSW_HYBRID,False
2026-08-30T19:55:19.451+00:00,heldout,0,3,VECTOR_FIRST_HNSW,category_narrow_price,category_03,424,True,0,0.00518,"[0.00,0.05)",27.313084,0.0,False,exact_bitmap,HNSW_HYBRID,False
2026-08-30T19:55:19.455+00:00,heldout,0,3,HNSW_HYBRID,category_narrow_price,category_03,424,True,0,0.00518,"[0.00,0.05)",2.860125,1.0,False,exact_bitmap,HNSW_HYBRID,True
2026-08-30T19:55:19.458+00:00,heldout,0,3,IVFFLAT_HYBRID,category_narrow_price,category_03,424,True,0,0.00518,"[0.00,0.05)",2.492875,1.0,False,exact_bitmap,HNSW_HYBRID,False
2026-08-30T19:55:19.462+00:00,heldout,1,3,SQL_FIRST,category_narrow_price,category_03,424,True,0,0.00518,"[0.00,0.05)",3.130208,1.0,True,exact_bitmap,HNSW_HYBRID,False
2026-08-30T19:55:19.496+00:00,heldout,1,3,VECTOR_FIRST_HNSW,category_narrow_price,category_03,424,True,0,0.00518,"[0.00,0.05)",33.877042,0.0,False,exact_bitmap,HNSW_HYBRID,False
2026-08-30T19:55:19.500+00:00,heldout,1,3,HNSW_HYBRID,category_narrow_price,category_03,424,True,0,0.00518,"[0.00,0.05)",2.89625,1.0,False,exact_bitmap,HNSW_HYBRID,True
2026-08-30T19:55:19.504+00:00,heldout,1,3,IVFFLAT_HYBRID,category_narrow_price,category_03,424,True,0,0.00518,"[0.00,0.05)",3.707167,1.0,False,exact_bitmap,HNSW_HYBRID,False
2026-08-30T19:55:19.508+00:00,heldout,2,3,SQL_FIRST,category_narrow_price,category_03,424,True,0,0.00518,"[0.00,0.05)",3.525042,1.0,True,exact_bitmap,HNSW_HYBRID,False
2026-08-30T19:55:19.543+00:00,heldout,2,3,VECTOR_FIRST_HNSW,category_narrow_price,category_03,424,True,0,0.00518,"[0.00,0.05)",34.87875,0.0,False,exact_bitmap,HNSW_HYBRID,False
2026-08-30T19:55:19.547+00:00,heldout,2,3,HNSW_HYBRID,category_narrow_price,category_03,424,True,0,0.00518,"[0.00,0.05)",2.737583,1.0,False,exact_bitmap,HNSW_HYBRID,True
2026-08-30T19:55:19.551+00:00,heldout,2,3,IVFFLAT_HYBRID,category_narrow_price,category_03,424,True,0,0.00518,"[0.00,0.05)",4.15925,1.0,False,exact_bitmap,HNSW_HYBRID,False
2026-08-30T19:55:19.570+00:00,heldout,0,122,SQL_FIRST,single_category_alone,category_03,859,False,2,0.1037,"[0.10,0.25)",16.338792,1.0,True,exact_bitmap,HNSW_HYBRID,False
2026-08-30T19:55:19.606+00:00,heldout,0,122,VECTOR_FIRST_HNSW,single_category_alone,category_03,859,False,2,0.1037,"[0.10,0.25)",35.058416,1.0,False,exact_bitmap,HNSW_HYBRID,False
2026-08-30T19:55:19.622+00:00,heldout,0,122,HNSW_HYBRID,single_category_alone,category_03,859,False,2,0.1037,"[0.10,0.25)",14.603917,1.0,False,exact_bitmap,HNSW_HYBRID,True
2026-08-30T19:55:19.639+00:00,heldout,0,122,IVFFLAT_HYBRID,single_category_alone,category_03,859,False,2,0.1037,"[0.10,0.25)",15.890334,1.0,False,exact_bitmap,HNSW_HYBRID,False
2026-08-30T19:55:19.656+00:00,heldout,1,122,SQL_FIRST,single_category_alone,category_03,859,False,2,0.1037,"[0.10,0.25)",15.969417,1.0,True,exact_bitmap,HNSW_HYBRID,False
2026-08-30T19:55:19.693+00:00,heldout,1,122,VECTOR_FIRST_HNSW,single_category_alone,category_03,859,False,2,0.1037,"[0.10,0.25)",36.164125,1.0,False,exact_bitmap,HNSW_HYBRID,False
2026-08-30T19:55:19.707+00:00,heldout,1,122,HNSW_HYBRID,single_category_alone,category_03,859,False,2,0.1037,"[0.10,0.25)",14.253834,1.0,False,exact_bitmap,HNSW_HYBRID,True
2026-08-30T19:55:19.724+00:00,heldout,1,122,IVFFLAT_HYBRID,single_category_alone,category_03,859,False,2,0.1037,"[0.10,0.25)",15.930167,1.0,False,exact_bitmap,HNSW_HYBRID,False
2026-08-30T19:55:19.740+00:00,heldout,2,122,SQL_FIRST,single_category_alone,category_03,859,False,2,0.1037,"[0.10,0.25)",16.097959,1.0,True,exact_bitmap,HNSW_HYBRID,False
2026-08-30T19:55:19.774+00:00,heldout,2,122,VECTOR_FIRST_HNSW,single_category_alone,category_03,859,False,2,0.1037,"[0.10,0.25)",33.443625,1.0,False,exact_bitmap,HNSW_HYBRID,False
2026-08-30T19:55:19.789+00:00,heldout,2,122,HNSW_HYBRID,single_category_alone,category_03,859,False,2,0.1037,"[0.10,0.25)",14.492833,1.0,False,exact_bitmap,HNSW_HYBRID,True
2026-08-30T19:55:19.806+00:00,heldout,2,122,IVFFLAT_HYBRID,single_category_alone,category_03,859,False,2,0.1037,"[0.10,0.25)",15.846584,1.0,False,exact_bitmap,HNSW_HYBRID,False
2026-08-30T19:55:19.841+00:00,heldout,0,239,SQL_FIRST,wide_or,category_05,234,True,4,0.653495,"[0.50,1.00)",32.493417,1.0,True,exact_seq,SQL_FIRST,True
2026-08-30T19:55:19.877+00:00,heldout,0,239,VECTOR_FIRST_HNSW,wide_or,category_05,234,True,4,0.653495,"[0.50,1.00)",34.839958,1.0,False,exact_bitmap,SQL_FIRST,False
2026-08-30T19:55:19.910+00:00,heldout,0,239,HNSW_HYBRID,wide_or,category_05,234,True,4,0.653495,"[0.50,1.00)",31.509083,1.0,False,exact_seq,SQL_FIRST,False
2026-08-30T19:55:19.943+00:00,heldout,0,239,IVFFLAT_HYBRID,wide_or,category_05,234,True,4,0.653495,"[0.50,1.00)",31.439125,1.0,False,exact_seq,SQL_FIRST,False
2026-08-30T19:55:19.988+00:00,heldout,1,239,SQL_FIRST,wide_or,category_05,234,True,4,0.653495,"[0.50,1.00)",44.857583,1.0,True,exact_seq,SQL_FIRST,True
2026-08-30T19:55:20.020+00:00,heldout,1,239,VECTOR_FIRST_HNSW,wide_or,category_05,234,True,4,0.653495,"[0.50,1.00)",32.17625,1.0,False,exact_bitmap,SQL_FIRST,False
2026-08-30T19:55:20.051+00:00,heldout,1,239,HNSW_HYBRID,wide_or,category_05,234,True,4,0.653495,"[0.50,1.00)",30.907042,1.0,False,exact_seq,SQL_FIRST,False
2026-08-30T19:55:20.084+00:00,heldout,1,239,IVFFLAT_HYBRID,wide_or,category_05,234,True,4,0.653495,"[0.50,1.00)",31.974542,1.0,False,exact_seq,SQL_FIRST,False
2026-08-30T19:55:20.114+00:00,heldout,2,239,SQL_FIRST,wide_or,category_05,234,True,4,0.653495,"[0.50,1.00)",29.466292,1.0,True,exact_seq,SQL_FIRST,True
2026-08-30T19:55:20.148+00:00,heldout,2,239,VECTOR_FIRST_HNSW,wide_or,category_05,234,True,4,0.653495,"[0.50,1.00)",34.30425,1.0,False,exact_bitmap,SQL_FIRST,False
2026-08-30T19:55:20.180+00:00,heldout,2,239,HNSW_HYBRID,wide_or,category_05,234,True,4,0.653495,"[0.50,1.00)",31.558583,1.0,False,exact_seq,SQL_FIRST,False
2026-08-30T19:55:20.213+00:00,heldout,2,239,IVFFLAT_HYBRID,wide_or,category_05,234,True,4,0.653495,"[0.50,1.00)",31.950125,1.0,False,exact_seq,SQL_FIRST,False
2026-08-30T19:55:20.241+00:00,heldout,0,162,SQL_FIRST,three_categories,category_05,96,True,3,0.271,"[0.25,0.50)",25.401792,1.0,True,exact_bitmap,IVFFLAT_HYBRID,False
2026-08-30T19:55:20.274+00:00,heldout,0,162,VECTOR_FIRST_HNSW,three_categories,category_05,96,True,3,0.271,"[0.25,0.50)",32.110333,1.0,False,exact_bitmap,IVFFLAT_HYBRID,False
2026-08-30T19:55:20.296+00:00,heldout,0,162,HNSW_HYBRID,three_categories,category_05,96,True,3,0.271,"[0.25,0.50)",20.962042,1.0,False,exact_bitmap,IVFFLAT_HYBRID,False
2026-08-30T19:55:20.319+00:00,heldout,0,162,IVFFLAT_HYBRID,three_categories,category_05,96,True,3,0.271,"[0.25,0.50)",21.70075,1.0,False,exact_bitmap,IVFFLAT_HYBRID,True
2026-08-30T19:55:20.343+00:00,heldout,1,162,SQL_FIRST,three_categories,category_05,96,True,3,0.271,"[0.25,0.50)",23.788916,1.0,True,exact_bitmap,IVFFLAT_HYBRID,False
2026-08-30T19:55:20.378+00:00,heldout,1,162,VECTOR_FIRST_HNSW,three_categories,category_05,96,True,3,0.271,"[0.25,0.50)",33.816125,1.0,False,exact_bitmap,IVFFLAT_HYBRID,False
2026-08-30T19:55:20.402+00:00,heldout,1,162,HNSW_HYBRID,three_categories,category_05,96,True,3,0.271,"[0.25,0.50)",23.630625,1.0,False,exact_bitmap,IVFFLAT_HYBRID,False
2026-08-30T19:55:20.430+00:00,heldout,1,162,IVFFLAT_HYBRID,three_categories,category_05,96,True,3,0.271,"[0.25,0.50)",27.065417,1.0,False,exact_bitmap,IVFFLAT_HYBRID,True
2026-08-30T19:55:20.455+00:00,heldout,2,162,SQL_FIRST,three_categories,category_05,96,True,3,0.271,"[0.25,0.50)",24.417291,1.0,True,exact_bitmap,IVFFLAT_HYBRID,False
2026-08-30T19:55:20.489+00:00,heldout,2,162,VECTOR_FIRST_HNSW,three_categories,category_05,96,True,3,0.271,"[0.25,0.50)",33.853834,1.0,False,exact_bitmap,IVFFLAT_HYBRID,False
2026-08-30T19:55:20.511+00:00,heldout,2,162,HNSW_HYBRID,three_categories,category_05,96,True,3,0.271,"[0.25,0.50)",21.777042,1.0,False,exact_bitmap,IVFFLAT_HYBRID,False
2026-08-30T19:55:20.533+00:00,heldout,2,162,IVFFLAT_HYBRID,three_categories,category_05,96,True,3,0.271,"[0.25,0.50)",21.279791,1.0,False,exact_bitmap,IVFFLAT_HYBRID,True
2026-08-30T19:55:20.547+00:00,heldout,0,40,SQL_FIRST,category_and_stock,category_08,470,True,0,0.049415,"[0.00,0.05)",11.536958,1.0,True,exact_bitmap,HNSW_HYBRID,False
2026-08-30T19:55:20.583+00:00,heldout,0,40,VECTOR_FIRST_HNSW,category_and_stock,category_08,470,True,0,0.049415,"[0.00,0.05)",33.375375,0.6,False,exact_bitmap,HNSW_HYBRID,False
2026-08-30T19:55:20.597+00:00,heldout,0,40,HNSW_HYBRID,category_and_stock,category_08,470,True,0,0.049415,"[0.00,0.05)",11.652125,1.0,False,exact_bitmap,HNSW_HYBRID,True
2026-08-30T19:55:20.611+00:00,heldout,0,40,IVFFLAT_HYBRID,category_and_stock,category_08,470,True,0,0.049415,"[0.00,0.05)",12.791625,1.0,False,exact_bitmap,HNSW_HYBRID,False
2026-08-30T19:55:20.624+00:00,heldout,1,40,SQL_FIRST,category_and_stock,category_08,470,True,0,0.049415,"[0.00,0.05)",12.738791,1.0,True,exact_bitmap,HNSW_HYBRID,False
2026-08-30T19:55:20.658+00:00,heldout,1,40,VECTOR_FIRST_HNSW,category_and_stock,category_08,470,True,0,0.049415,"[0.00,0.05)",33.355375,0.6,False,exact_bitmap,HNSW_HYBRID,False
2026-08-30T19:55:20.670+00:00,heldout,1,40,HNSW_HYBRID,category_and_stock,category_08,470,True,0,0.049415,"[0.00,0.05)",11.160708,1.0,False,exact_bitmap,HNSW_HYBRID,True
2026-08-30T19:55:20.684+00:00,heldout,1,40,IVFFLAT_HYBRID,category_and_stock,category_08,470,True,0,0.049415,"[0.00,0.05)",13.675584,1.0,False,exact_bitmap,HNSW_HYBRID,False
2026-08-30T19:55:20.696+00:00,heldout,2,40,SQL_FIRST,category_and_stock,category_08,470,True,0,0.049415,"[0.00,0.05)",10.888375,1.0,True,exact_bitmap,HNSW_HYBRID,False
2026-08-30T19:55:20.730+00:00,heldout,2,40,VECTOR_FIRST_HNSW,category_and_stock,category_08,470,True,0,0.049415,"[0.00,0.05)",33.318792,0.6,False,exact_bitmap,HNSW_HYBRID,False
2026-08-30T19:55:20.741+00:00,heldout,2,40,HNSW_HYBRID,category_and_stock,category_08,470,True,0,0.049415,"[0.00,0.05)",11.171834,1.0,False,exact_bitmap,HNSW_HYBRID,True
2026-08-30T19:55:20.756+00:00,heldout,2,40,IVFFLAT_HYBRID,category_and_stock,category_08,470,True,0,0.049415,"[0.00,0.05)",14.251,1.0,False,exact_bitmap,HNSW_HYBRID,False
2026-08-30T19:55:20.762+00:00,heldout,0,26,SQL_FIRST,category_narrow_price,category_03,53,True,0,0.004475,"[0.00,0.05)",3.617084,1.0,True,exact_bitmap,HNSW_HYBRID,False
2026-08-30T19:55:20.797+00:00,heldout,0,26,VECTOR_FIRST_HNSW,category_narrow_price,category_03,53,True,0,0.004475,"[0.00,0.05)",33.72975,0.0,False,exact_bitmap,HNSW_HYBRID,False
2026-08-30T19:55:20.800+00:00,heldout,0,26,HNSW_HYBRID,category_narrow_price,category_03,53,True,0,0.004475,"[0.00,0.05)",2.520667,1.0,False,exact_bitmap,HNSW_HYBRID,True
2026-08-30T19:55:20.805+00:00,heldout,0,26,IVFFLAT_HYBRID,category_narrow_price,category_03,53,True,0,0.004475,"[0.00,0.05)",3.232458,1.0,False,exact_bitmap,HNSW_HYBRID,False
2026-08-30T19:55:20.808+00:00,heldout,1,26,SQL_FIRST,category_narrow_price,category_03,53,True,0,0.004475,"[0.00,0.05)",3.192375,1.0,True,exact_bitmap,HNSW_HYBRID,False
2026-08-30T19:55:20.843+00:00,heldout,1,26,VECTOR_FIRST_HNSW,category_narrow_price,category_03,53,True,0,0.004475,"[0.00,0.05)",33.569291,0.0,False,exact_bitmap,HNSW_HYBRID,False
2026-08-30T19:55:20.846+00:00,heldout,1,26,HNSW_HYBRID,category_narrow_price,category_03,53,True,0,0.004475,"[0.00,0.05)",2.610041,1.0,False,exact_bitmap,HNSW_HYBRID,True
2026-08-30T19:55:20.849+00:00,heldout,1,26,IVFFLAT_HYBRID,category_narrow_price,category_03,53,True,0,0.004475,"[0.00,0.05)",2.8535,1.0,False,exact_bitmap,HNSW_HYBRID,False
2026-08-30T19:55:20.853+00:00,heldout,2,26,SQL_FIRST,category_narrow_price,category_03,53,True,0,0.004475,"[0.00,0.05)",3.133333,1.0,True,exact_bitmap,HNSW_HYBRID,False
2026-08-30T19:55:20.887+00:00,heldout,2,26,VECTOR_FIRST_HNSW,category_narrow_price,category_03,53,True,0,0.004475,"[0.00,0.05)",33.301083,0.0,False,exact_bitmap,HNSW_HYBRID,False
2026-08-30T19:55:20.890+00:00,heldout,2,26,HNSW_HYBRID,category_narrow_price,category_03,53,True,0,0.004475,"[0.00,0.05)",2.436625,1.0,False,exact_bitmap,HNSW_HYBRID,True
2026-08-30T19:55:20.894+00:00,heldout,2,26,IVFFLAT_HYBRID,category_narrow_price,category_03,53,True,0,0.004475,"[0.00,0.05)",3.450834,1.0,False,exact_bitmap,HNSW_HYBRID,False
2026-08-30T19:55:20.922+00:00,heldout,0,159,SQL_FIRST,three_categories,category_05,418,True,3,0.271,"[0.25,0.50)",25.577417,1.0,True,exact_bitmap,IVFFLAT_HYBRID,False
2026-08-30T19:55:20.956+00:00,heldout,0,159,VECTOR_FIRST_HNSW,three_categories,category_05,418,True,3,0.271,"[0.25,0.50)",33.420458,1.0,False,exact_bitmap,IVFFLAT_HYBRID,False
2026-08-30T19:55:20.980+00:00,heldout,0,159,HNSW_HYBRID,three_categories,category_05,418,True,3,0.271,"[0.25,0.50)",23.014167,1.0,False,exact_bitmap,IVFFLAT_HYBRID,False
2026-08-30T19:55:21.006+00:00,heldout,0,159,IVFFLAT_HYBRID,three_categories,category_05,418,True,3,0.271,"[0.25,0.50)",25.156792,1.0,False,exact_bitmap,IVFFLAT_HYBRID,True
2026-08-30T19:55:21.027+00:00,heldout,1,159,SQL_FIRST,three_categories,category_05,418,True,3,0.271,"[0.25,0.50)",20.79425,1.0,True,exact_bitmap,IVFFLAT_HYBRID,False
2026-08-30T19:55:21.060+00:00,heldout,1,159,VECTOR_FIRST_HNSW,three_categories,category_05,418,True,3,0.271,"[0.25,0.50)",32.59,1.0,False,exact_bitmap,IVFFLAT_HYBRID,False
2026-08-30T19:55:21.083+00:00,heldout,1,159,HNSW_HYBRID,three_categories,category_05,418,True,3,0.271,"[0.25,0.50)",22.549291,1.0,False,exact_bitmap,IVFFLAT_HYBRID,False
2026-08-30T19:55:21.105+00:00,heldout,1,159,IVFFLAT_HYBRID,three_categories,category_05,418,True,3,0.271,"[0.25,0.50)",21.154042,1.0,False,exact_bitmap,IVFFLAT_HYBRID,True
2026-08-30T19:55:21.127+00:00,heldout,2,159,SQL_FIRST,three_categories,category_05,418,True,3,0.271,"[0.25,0.50)",21.190083,1.0,True,exact_bitmap,IVFFLAT_HYBRID,False
2026-08-30T19:55:21.160+00:00,heldout,2,159,VECTOR_FIRST_HNSW,three_categories,category_05,418,True,3,0.271,"[0.25,0.50)",32.773208,1.0,False,exact_bitmap,IVFFLAT_HYBRID,False
2026-08-30T19:55:21.182+00:00,heldout,2,159,HNSW_HYBRID,three_categories,category_05,418,True,3,0.271,"[0.25,0.50)",21.622417,1.0,False,exact_bitmap,IVFFLAT_HYBRID,False
2026-08-30T19:55:21.205+00:00,heldout,2,159,IVFFLAT_HYBRID,three_categories,category_05,418,True,3,0.271,"[0.25,0.50)",22.105541,1.0,False,exact_bitmap,IVFFLAT_HYBRID,True
2026-08-30T19:55:21.209+00:00,heldout,0,19,SQL_FIRST,category_narrow_price,category_00,535,False,0,0.00525,"[0.00,0.05)",2.743583,1.0,True,exact_bitmap,HNSW_HYBRID,False
2026-08-30T19:55:21.244+00:00,heldout,0,19,VECTOR_FIRST_HNSW,category_narrow_price,category_00,535,False,0,0.00525,"[0.00,0.05)",33.421792,0.1,False,exact_bitmap,HNSW_HYBRID,False
2026-08-30T19:55:21.250+00:00,heldout,0,19,HNSW_HYBRID,category_narrow_price,category_00,535,False,0,0.00525,"[0.00,0.05)",4.121542,1.0,False,exact_bitmap,HNSW_HYBRID,True
2026-08-30T19:55:21.254+00:00,heldout,0,19,IVFFLAT_HYBRID,category_narrow_price,category_00,535,False,0,0.00525,"[0.00,0.05)",3.482125,1.0,False,exact_bitmap,HNSW_HYBRID,False
2026-08-30T19:55:21.258+00:00,heldout,1,19,SQL_FIRST,category_narrow_price,category_00,535,False,0,0.00525,"[0.00,0.05)",3.325666,1.0,True,exact_bitmap,HNSW_HYBRID,False
2026-08-30T19:55:21.292+00:00,heldout,1,19,VECTOR_FIRST_HNSW,category_narrow_price,category_00,535,False,0,0.00525,"[0.00,0.05)",33.588042,0.1,False,exact_bitmap,HNSW_HYBRID,False
2026-08-30T19:55:21.295+00:00,heldout,1,19,HNSW_HYBRID,category_narrow_price,category_00,535,False,0,0.00525,"[0.00,0.05)",2.656125,1.0,False,exact_bitmap,HNSW_HYBRID,True
2026-08-30T19:55:21.299+00:00,heldout,1,19,IVFFLAT_HYBRID,category_narrow_price,category_00,535,False,0,0.00525,"[0.00,0.05)",3.520625,1.0,False,exact_bitmap,HNSW_HYBRID,False
2026-08-30T19:55:21.303+00:00,heldout,2,19,SQL_FIRST,category_narrow_price,category_00,535,False,0,0.00525,"[0.00,0.05)",3.342208,1.0,True,exact_bitmap,HNSW_HYBRID,False
2026-08-30T19:55:21.337+00:00,heldout,2,19,VECTOR_FIRST_HNSW,category_narrow_price,category_00,535,False,0,0.00525,"[0.00,0.05)",33.280541,0.1,False,exact_bitmap,HNSW_HYBRID,False
2026-08-30T19:55:21.341+00:00,heldout,2,19,HNSW_HYBRID,category_narrow_price,category_00,535,False,0,0.00525,"[0.00,0.05)",3.533708,1.0,False,exact_bitmap,HNSW_HYBRID,True
2026-08-30T19:55:21.344+00:00,heldout,2,19,IVFFLAT_HYBRID,category_narrow_price,category_00,535,False,0,0.00525,"[0.00,0.05)",2.527125,1.0,False,exact_bitmap,HNSW_HYBRID,False
2026-08-30T19:55:21.375+00:00,heldout,0,222,SQL_FIRST,stock_alone,category_01,534,True,4,0.500835,"[0.50,1.00)",29.946208,1.0,True,exact_seq,SQL_FIRST,True
2026-08-30T19:55:21.409+00:00,heldout,0,222,VECTOR_FIRST_HNSW,stock_alone,category_01,534,True,4,0.500835,"[0.50,1.00)",33.015417,1.0,False,exact_bitmap,SQL_FIRST,False
2026-08-30T19:55:21.438+00:00,heldout,0,222,HNSW_HYBRID,stock_alone,category_01,534,True,4,0.500835,"[0.50,1.00)",27.837666,1.0,False,exact_seq,SQL_FIRST,False
2026-08-30T19:55:21.466+00:00,heldout,0,222,IVFFLAT_HYBRID,stock_alone,category_01,534,True,4,0.500835,"[0.50,1.00)",26.003084,1.0,False,exact_seq,SQL_FIRST,False
2026-08-30T19:55:21.492+00:00,heldout,1,222,SQL_FIRST,stock_alone,category_01,534,True,4,0.500835,"[0.50,1.00)",25.629125,1.0,True,exact_seq,SQL_FIRST,True
2026-08-30T19:55:21.525+00:00,heldout,1,222,VECTOR_FIRST_HNSW,stock_alone,category_01,534,True,4,0.500835,"[0.50,1.00)",32.388542,1.0,False,exact_bitmap,SQL_FIRST,False
2026-08-30T19:55:21.551+00:00,heldout,1,222,HNSW_HYBRID,stock_alone,category_01,534,True,4,0.500835,"[0.50,1.00)",25.279875,1.0,False,exact_seq,SQL_FIRST,False
2026-08-30T19:55:21.578+00:00,heldout,1,222,IVFFLAT_HYBRID,stock_alone,category_01,534,True,4,0.500835,"[0.50,1.00)",27.092833,1.0,False,exact_seq,SQL_FIRST,False
2026-08-30T19:55:21.605+00:00,heldout,2,222,SQL_FIRST,stock_alone,category_01,534,True,4,0.500835,"[0.50,1.00)",26.337208,1.0,True,exact_seq,SQL_FIRST,True
2026-08-30T19:55:21.643+00:00,heldout,2,222,VECTOR_FIRST_HNSW,stock_alone,category_01,534,True,4,0.500835,"[0.50,1.00)",36.768208,1.0,False,exact_bitmap,SQL_FIRST,False
2026-08-30T19:55:21.672+00:00,heldout,2,222,HNSW_HYBRID,stock_alone,category_01,534,True,4,0.500835,"[0.50,1.00)",29.14375,1.0,False,exact_seq,SQL_FIRST,False
2026-08-30T19:55:21.700+00:00,heldout,2,222,IVFFLAT_HYBRID,stock_alone,category_01,534,True,4,0.500835,"[0.50,1.00)",26.78075,1.0,False,exact_seq,SQL_FIRST,False
2026-08-30T19:55:21.718+00:00,heldout,0,56,SQL_FIRST,single_category,category_01,304,True,1,0.098665,"[0.05,0.10)",15.413375,1.0,True,exact_bitmap,HNSW_HYBRID,False
2026-08-30T19:55:21.753+00:00,heldout,0,56,VECTOR_FIRST_HNSW,single_category,category_01,304,True,1,0.098665,"[0.05,0.10)",33.520542,1.0,False,exact_bitmap,HNSW_HYBRID,False
2026-08-30T19:55:21.768+00:00,heldout,0,56,HNSW_HYBRID,single_category,category_01,304,True,1,0.098665,"[0.05,0.10)",14.055375,1.0,False,exact_bitmap,HNSW_HYBRID,True
2026-08-30T19:55:21.785+00:00,heldout,0,56,IVFFLAT_HYBRID,single_category,category_01,304,True,1,0.098665,"[0.05,0.10)",15.858916,1.0,False,exact_bitmap,HNSW_HYBRID,False
2026-08-30T19:55:21.802+00:00,heldout,1,56,SQL_FIRST,single_category,category_01,304,True,1,0.098665,"[0.05,0.10)",16.696875,1.0,True,exact_bitmap,HNSW_HYBRID,False
2026-08-30T19:55:21.839+00:00,heldout,1,56,VECTOR_FIRST_HNSW,single_category,category_01,304,True,1,0.098665,"[0.05,0.10)",35.938542,1.0,False,exact_bitmap,HNSW_HYBRID,False
2026-08-30T19:55:21.854+00:00,heldout,1,56,HNSW_HYBRID,single_category,category_01,304,True,1,0.098665,"[0.05,0.10)",14.716916,1.0,False,exact_bitmap,HNSW_HYBRID,True
2026-08-30T19:55:21.870+00:00,heldout,1,56,IVFFLAT_HYBRID,single_category,category_01,304,True,1,0.098665,"[0.05,0.10)",15.785125,1.0,False,exact_bitmap,HNSW_HYBRID,False
2026-08-30T19:55:21.887+00:00,heldout,2,56,SQL_FIRST,single_category,category_01,304,True,1,0.098665,"[0.05,0.10)",15.829708,1.0,True,exact_bitmap,HNSW_HYBRID,False
2026-08-30T19:55:21.921+00:00,heldout,2,56,VECTOR_FIRST_HNSW,single_category,category_01,304,True,1,0.098665,"[0.05,0.10)",33.5415,1.0,False,exact_bitmap,HNSW_HYBRID,False
2026-08-30T19:55:21.935+00:00,heldout,2,56,HNSW_HYBRID,single_category,category_01,304,True,1,0.098665,"[0.05,0.10)",13.928292,1.0,False,exact_bitmap,HNSW_HYBRID,True
2026-08-30T19:55:21.952+00:00,heldout,2,56,IVFFLAT_HYBRID,single_category,category_01,304,True,1,0.098665,"[0.05,0.10)",16.580875,1.0,False,exact_bitmap,HNSW_HYBRID,False
2026-08-30T19:55:22.003+00:00,heldout,0,247,SQL_FIRST,wide_or,category_00,601,True,4,0.82002,"[0.50,1.00)",49.340208,1.0,True,exact_seq,SQL_FIRST,True
2026-08-30T19:55:22.038+00:00,heldout,0,247,VECTOR_FIRST_HNSW,wide_or,category_00,601,True,4,0.82002,"[0.50,1.00)",34.175833,1.0,False,exact_bitmap,SQL_FIRST,False
2026-08-30T19:55:22.070+00:00,heldout,0,247,HNSW_HYBRID,wide_or,category_00,601,True,4,0.82002,"[0.50,1.00)",30.930333,1.0,False,exact_seq,SQL_FIRST,False
2026-08-30T19:55:22.102+00:00,heldout,0,247,IVFFLAT_HYBRID,wide_or,category_00,601,True,4,0.82002,"[0.50,1.00)",30.739333,1.0,False,exact_seq,SQL_FIRST,False
2026-08-30T19:55:22.138+00:00,heldout,1,247,SQL_FIRST,wide_or,category_00,601,True,4,0.82002,"[0.50,1.00)",35.557916,1.0,True,exact_seq,SQL_FIRST,True
2026-08-30T19:55:22.172+00:00,heldout,1,247,VECTOR_FIRST_HNSW,wide_or,category_00,601,True,4,0.82002,"[0.50,1.00)",33.841334,1.0,False,exact_bitmap,SQL_FIRST,False
2026-08-30T19:55:22.206+00:00,heldout,1,247,HNSW_HYBRID,wide_or,category_00,601,True,4,0.82002,"[0.50,1.00)",33.763291,1.0,False,exact_seq,SQL_FIRST,False
2026-08-30T19:55:22.242+00:00,heldout,1,247,IVFFLAT_HYBRID,wide_or,category_00,601,True,4,0.82002,"[0.50,1.00)",34.979291,1.0,False,exact_seq,SQL_FIRST,False
2026-08-30T19:55:22.280+00:00,heldout,2,247,SQL_FIRST,wide_or,category_00,601,True,4,0.82002,"[0.50,1.00)",37.762667,1.0,True,exact_seq,SQL_FIRST,True
2026-08-30T19:55:22.316+00:00,heldout,2,247,VECTOR_FIRST_HNSW,wide_or,category_00,601,True,4,0.82002,"[0.50,1.00)",35.411583,1.0,False,exact_bitmap,SQL_FIRST,False
2026-08-30T19:55:22.354+00:00,heldout,2,247,HNSW_HYBRID,wide_or,category_00,601,True,4,0.82002,"[0.50,1.00)",37.488542,1.0,False,exact_seq,SQL_FIRST,False
2026-08-30T19:55:22.394+00:00,heldout,2,247,IVFFLAT_HYBRID,wide_or,category_00,601,True,4,0.82002,"[0.50,1.00)",39.290917,1.0,False,exact_seq,SQL_FIRST,False
2026-08-30T19:55:22.420+00:00,heldout,0,194,SQL_FIRST,three_categories,category_06,34,True,3,0.269895,"[0.25,0.50)",24.214583,1.0,True,exact_bitmap,IVFFLAT_HYBRID,False
2026-08-30T19:55:22.457+00:00,heldout,0,194,VECTOR_FIRST_HNSW,three_categories,category_06,34,True,3,0.269895,"[0.25,0.50)",36.053542,1.0,False,exact_bitmap,IVFFLAT_HYBRID,False
2026-08-30T19:55:22.483+00:00,heldout,0,194,HNSW_HYBRID,three_categories,category_06,34,True,3,0.269895,"[0.25,0.50)",24.856667,1.0,False,exact_bitmap,IVFFLAT_HYBRID,False
2026-08-30T19:55:22.511+00:00,heldout,0,194,IVFFLAT_HYBRID,three_categories,category_06,34,True,3,0.269895,"[0.25,0.50)",26.058833,1.0,False,exact_bitmap,IVFFLAT_HYBRID,True
2026-08-30T19:55:22.536+00:00,heldout,1,194,SQL_FIRST,three_categories,category_06,34,True,3,0.269895,"[0.25,0.50)",24.761166,1.0,True,exact_bitmap,IVFFLAT_HYBRID,False
2026-08-30T19:55:22.572+00:00,heldout,1,194,VECTOR_FIRST_HNSW,three_categories,category_06,34,True,3,0.269895,"[0.25,0.50)",35.441959,1.0,False,exact_bitmap,IVFFLAT_HYBRID,False
2026-08-30T19:55:22.596+00:00,heldout,1,194,HNSW_HYBRID,three_categories,category_06,34,True,3,0.269895,"[0.25,0.50)",22.98125,1.0,False,exact_bitmap,IVFFLAT_HYBRID,False
2026-08-30T19:55:22.620+00:00,heldout,1,194,IVFFLAT_HYBRID,three_categories,category_06,34,True,3,0.269895,"[0.25,0.50)",23.293667,1.0,False,exact_bitmap,IVFFLAT_HYBRID,True
2026-08-30T19:55:22.643+00:00,heldout,2,194,SQL_FIRST,three_categories,category_06,34,True,3,0.269895,"[0.25,0.50)",22.8165,1.0,True,exact_bitmap,IVFFLAT_HYBRID,False
2026-08-30T19:55:22.678+00:00,heldout,2,194,VECTOR_FIRST_HNSW,three_categories,category_06,34,True,3,0.269895,"[0.25,0.50)",35.059,1.0,False,exact_bitmap,IVFFLAT_HYBRID,False
2026-08-30T19:55:22.700+00:00,heldout,2,194,HNSW_HYBRID,three_categories,category_06,34,True,3,0.269895,"[0.25,0.50)",21.136541,1.0,False,exact_bitmap,IVFFLAT_HYBRID,False
2026-08-30T19:55:22.724+00:00,heldout,2,194,IVFFLAT_HYBRID,three_categories,category_06,34,True,3,0.269895,"[0.25,0.50)",23.53225,1.0,False,exact_bitmap,IVFFLAT_HYBRID,True
2026-08-30T19:55:22.752+00:00,heldout,0,169,SQL_FIRST,three_categories,category_02,90,False,3,0.2705,"[0.25,0.50)",26.467458,1.0,True,exact_bitmap,IVFFLAT_HYBRID,False
2026-08-30T19:55:22.790+00:00,heldout,0,169,VECTOR_FIRST_HNSW,three_categories,category_02,90,False,3,0.2705,"[0.25,0.50)",35.972583,1.0,False,exact_bitmap,IVFFLAT_HYBRID,False
2026-08-30T19:55:22.817+00:00,heldout,0,169,HNSW_HYBRID,three_categories,category_02,90,False,3,0.2705,"[0.25,0.50)",26.206417,1.0,False,exact_bitmap,IVFFLAT_HYBRID,False
2026-08-30T19:55:22.843+00:00,heldout,0,169,IVFFLAT_HYBRID,three_categories,category_02,90,False,3,0.2705,"[0.25,0.50)",24.628084,1.0,False,exact_bitmap,IVFFLAT_HYBRID,True
2026-08-30T19:55:22.866+00:00,heldout,1,169,SQL_FIRST,three_categories,category_02,90,False,3,0.2705,"[0.25,0.50)",22.999791,1.0,True,exact_bitmap,IVFFLAT_HYBRID,False
2026-08-30T19:55:22.902+00:00,heldout,1,169,VECTOR_FIRST_HNSW,three_categories,category_02,90,False,3,0.2705,"[0.25,0.50)",34.945375,1.0,False,exact_bitmap,IVFFLAT_HYBRID,False
2026-08-30T19:55:22.925+00:00,heldout,1,169,HNSW_HYBRID,three_categories,category_02,90,False,3,0.2705,"[0.25,0.50)",22.683416,1.0,False,exact_bitmap,IVFFLAT_HYBRID,False
2026-08-30T19:55:22.952+00:00,heldout,1,169,IVFFLAT_HYBRID,three_categories,category_02,90,False,3,0.2705,"[0.25,0.50)",26.595833,1.0,False,exact_bitmap,IVFFLAT_HYBRID,True
2026-08-30T19:55:22.978+00:00,heldout,2,169,SQL_FIRST,three_categories,category_02,90,False,3,0.2705,"[0.25,0.50)",25.171458,1.0,True,exact_bitmap,IVFFLAT_HYBRID,False
2026-08-30T19:55:23.018+00:00,heldout,2,169,VECTOR_FIRST_HNSW,three_categories,category_02,90,False,3,0.2705,"[0.25,0.50)",39.361917,1.0,False,exact_bitmap,IVFFLAT_HYBRID,False
2026-08-30T19:55:23.045+00:00,heldout,2,169,HNSW_HYBRID,three_categories,category_02,90,False,3,0.2705,"[0.25,0.50)",27.383334,1.0,False,exact_bitmap,IVFFLAT_HYBRID,False
2026-08-30T19:55:23.076+00:00,heldout,2,169,IVFFLAT_HYBRID,three_categories,category_02,90,False,3,0.2705,"[0.25,0.50)",29.735792,1.0,False,exact_bitmap,IVFFLAT_HYBRID,True
2026-08-30T19:55:23.093+00:00,heldout,0,97,SQL_FIRST,single_category,category_09,646,True,1,0.0999,"[0.05,0.10)",15.709542,1.0,True,exact_bitmap,HNSW_HYBRID,False
2026-08-30T19:55:23.135+00:00,heldout,0,97,VECTOR_FIRST_HNSW,single_category,category_09,646,True,1,0.0999,"[0.05,0.10)",40.66425,0.9,False,exact_bitmap,HNSW_HYBRID,False
2026-08-30T19:55:23.152+00:00,heldout,0,97,HNSW_HYBRID,single_category,category_09,646,True,1,0.0999,"[0.05,0.10)",16.630458,1.0,False,exact_bitmap,HNSW_HYBRID,True
2026-08-30T19:55:23.170+00:00,heldout,0,97,IVFFLAT_HYBRID,single_category,category_09,646,True,1,0.0999,"[0.05,0.10)",16.610416,1.0,False,exact_bitmap,HNSW_HYBRID,False
2026-08-30T19:55:23.187+00:00,heldout,1,97,SQL_FIRST,single_category,category_09,646,True,1,0.0999,"[0.05,0.10)",16.559709,1.0,True,exact_bitmap,HNSW_HYBRID,False
2026-08-30T19:55:23.223+00:00,heldout,1,97,VECTOR_FIRST_HNSW,single_category,category_09,646,True,1,0.0999,"[0.05,0.10)",35.559833,0.9,False,exact_bitmap,HNSW_HYBRID,False
2026-08-30T19:55:23.239+00:00,heldout,1,97,HNSW_HYBRID,single_category,category_09,646,True,1,0.0999,"[0.05,0.10)",15.885791,1.0,False,exact_bitmap,HNSW_HYBRID,True
2026-08-30T19:55:23.255+00:00,heldout,1,97,IVFFLAT_HYBRID,single_category,category_09,646,True,1,0.0999,"[0.05,0.10)",16.06525,1.0,False,exact_bitmap,HNSW_HYBRID,False
2026-08-30T19:55:23.272+00:00,heldout,2,97,SQL_FIRST,single_category,category_09,646,True,1,0.0999,"[0.05,0.10)",16.018333,1.0,True,exact_bitmap,HNSW_HYBRID,False
2026-08-30T19:55:23.306+00:00,heldout,2,97,VECTOR_FIRST_HNSW,single_category,category_09,646,True,1,0.0999,"[0.05,0.10)",33.640708,0.9,False,exact_bitmap,HNSW_HYBRID,False
2026-08-30T19:55:23.322+00:00,heldout,2,97,HNSW_HYBRID,single_category,category_09,646,True,1,0.0999,"[0.05,0.10)",15.843792,1.0,False,exact_bitmap,HNSW_HYBRID,True
2026-08-30T19:55:23.339+00:00,heldout,2,97,IVFFLAT_HYBRID,single_category,category_09,646,True,1,0.0999,"[0.05,0.10)",15.833792,1.0,False,exact_bitmap,HNSW_HYBRID,False
2026-08-30T19:55:23.383+00:00,heldout,0,221,SQL_FIRST,wide_or,category_09,895,True,4,0.95196,"[0.50,1.00)",42.494916,1.0,True,exact_seq,SQL_FIRST,True
2026-08-30T19:55:23.418+00:00,heldout,0,221,VECTOR_FIRST_HNSW,wide_or,category_09,895,True,4,0.95196,"[0.50,1.00)",33.48025,1.0,False,exact_bitmap,SQL_FIRST,False
2026-08-30T19:55:23.457+00:00,heldout,0,221,HNSW_HYBRID,wide_or,category_09,895,True,4,0.95196,"[0.50,1.00)",37.065417,1.0,False,exact_seq,SQL_FIRST,False
2026-08-30T19:55:23.497+00:00,heldout,0,221,IVFFLAT_HYBRID,wide_or,category_09,895,True,4,0.95196,"[0.50,1.00)",39.059667,1.0,False,exact_seq,SQL_FIRST,False
2026-08-30T19:55:23.536+00:00,heldout,1,221,SQL_FIRST,wide_or,category_09,895,True,4,0.95196,"[0.50,1.00)",38.914583,1.0,True,exact_seq,SQL_FIRST,True
2026-08-30T19:55:23.569+00:00,heldout,1,221,VECTOR_FIRST_HNSW,wide_or,category_09,895,True,4,0.95196,"[0.50,1.00)",33.210709,1.0,False,exact_bitmap,SQL_FIRST,False
2026-08-30T19:55:23.607+00:00,heldout,1,221,HNSW_HYBRID,wide_or,category_09,895,True,4,0.95196,"[0.50,1.00)",37.337167,1.0,False,exact_seq,SQL_FIRST,False
2026-08-30T19:55:23.644+00:00,heldout,1,221,IVFFLAT_HYBRID,wide_or,category_09,895,True,4,0.95196,"[0.50,1.00)",36.496209,1.0,False,exact_seq,SQL_FIRST,False
2026-08-30T19:55:23.684+00:00,heldout,2,221,SQL_FIRST,wide_or,category_09,895,True,4,0.95196,"[0.50,1.00)",39.18375,1.0,True,exact_seq,SQL_FIRST,True
2026-08-30T19:55:23.722+00:00,heldout,2,221,VECTOR_FIRST_HNSW,wide_or,category_09,895,True,4,0.95196,"[0.50,1.00)",37.8135,1.0,False,exact_bitmap,SQL_FIRST,False
2026-08-30T19:55:23.758+00:00,heldout,2,221,HNSW_HYBRID,wide_or,category_09,895,True,4,0.95196,"[0.50,1.00)",35.465125,1.0,False,exact_seq,SQL_FIRST,False
2026-08-30T19:55:23.799+00:00,heldout,2,221,IVFFLAT_HYBRID,wide_or,category_09,895,True,4,0.95196,"[0.50,1.00)",40.458666,1.0,False,exact_seq,SQL_FIRST,False
2026-08-30T19:55:23.826+00:00,heldout,0,184,SQL_FIRST,three_categories,category_06,78,True,3,0.269895,"[0.25,0.50)",24.753167,1.0,True,exact_bitmap,IVFFLAT_HYBRID,False
2026-08-30T19:55:23.865+00:00,heldout,0,184,VECTOR_FIRST_HNSW,three_categories,category_06,78,True,3,0.269895,"[0.25,0.50)",38.023792,1.0,False,exact_bitmap,IVFFLAT_HYBRID,False
2026-08-30T19:55:23.891+00:00,heldout,0,184,HNSW_HYBRID,three_categories,category_06,78,True,3,0.269895,"[0.25,0.50)",24.304,1.0,False,exact_bitmap,IVFFLAT_HYBRID,False
2026-08-30T19:55:23.916+00:00,heldout,0,184,IVFFLAT_HYBRID,three_categories,category_06,78,True,3,0.269895,"[0.25,0.50)",24.425417,1.0,False,exact_bitmap,IVFFLAT_HYBRID,True
2026-08-30T19:55:23.942+00:00,heldout,1,184,SQL_FIRST,three_categories,category_06,78,True,3,0.269895,"[0.25,0.50)",25.205875,1.0,True,exact_bitmap,IVFFLAT_HYBRID,False
2026-08-30T19:55:23.979+00:00,heldout,1,184,VECTOR_FIRST_HNSW,three_categories,category_06,78,True,3,0.269895,"[0.25,0.50)",36.640417,1.0,False,exact_bitmap,IVFFLAT_HYBRID,False
2026-08-30T19:55:24.007+00:00,heldout,1,184,HNSW_HYBRID,three_categories,category_06,78,True,3,0.269895,"[0.25,0.50)",27.430042,1.0,False,exact_bitmap,IVFFLAT_HYBRID,False
2026-08-30T19:55:24.030+00:00,heldout,1,184,IVFFLAT_HYBRID,three_categories,category_06,78,True,3,0.269895,"[0.25,0.50)",23.069458,1.0,False,exact_bitmap,IVFFLAT_HYBRID,True
2026-08-30T19:55:24.055+00:00,heldout,2,184,SQL_FIRST,three_categories,category_06,78,True,3,0.269895,"[0.25,0.50)",24.522083,1.0,True,exact_bitmap,IVFFLAT_HYBRID,False
2026-08-30T19:55:24.092+00:00,heldout,2,184,VECTOR_FIRST_HNSW,three_categories,category_06,78,True,3,0.269895,"[0.25,0.50)",36.739167,1.0,False,exact_bitmap,IVFFLAT_HYBRID,False
2026-08-30T19:55:24.118+00:00,heldout,2,184,HNSW_HYBRID,three_categories,category_06,78,True,3,0.269895,"[0.25,0.50)",25.613541,1.0,False,exact_bitmap,IVFFLAT_HYBRID,False
2026-08-30T19:55:24.144+00:00,heldout,2,184,IVFFLAT_HYBRID,three_categories,category_06,78,True,3,0.269895,"[0.25,0.50)",25.338416,1.0,False,exact_bitmap,IVFFLAT_HYBRID,True
2026-08-30T19:55:24.159+00:00,heldout,0,79,SQL_FIRST,two_categories_and_price,category_00,993,True,1,0.0514,"[0.05,0.10)",13.652,1.0,True,exact_bitmap,HNSW_HYBRID,False
2026-08-30T19:55:24.199+00:00,heldout,0,79,VECTOR_FIRST_HNSW,two_categories_and_price,category_00,993,True,1,0.0514,"[0.05,0.10)",37.788917,0.5,False,exact_bitmap,HNSW_HYBRID,False
2026-08-30T19:55:24.213+00:00,heldout,0,79,HNSW_HYBRID,two_categories_and_price,category_00,993,True,1,0.0514,"[0.05,0.10)",12.405333,1.0,False,exact_bitmap,HNSW_HYBRID,True
2026-08-30T19:55:24.229+00:00,heldout,0,79,IVFFLAT_HYBRID,two_categories_and_price,category_00,993,True,1,0.0514,"[0.05,0.10)",15.261916,1.0,False,exact_bitmap,HNSW_HYBRID,False
2026-08-30T19:55:24.245+00:00,heldout,1,79,SQL_FIRST,two_categories_and_price,category_00,993,True,1,0.0514,"[0.05,0.10)",15.296959,1.0,True,exact_bitmap,HNSW_HYBRID,False
2026-08-30T19:55:24.283+00:00,heldout,1,79,VECTOR_FIRST_HNSW,two_categories_and_price,category_00,993,True,1,0.0514,"[0.05,0.10)",37.562625,0.5,False,exact_bitmap,HNSW_HYBRID,False
2026-08-30T19:55:24.297+00:00,heldout,1,79,HNSW_HYBRID,two_categories_and_price,category_00,993,True,1,0.0514,"[0.05,0.10)",12.827041,1.0,False,exact_bitmap,HNSW_HYBRID,True
2026-08-30T19:55:24.312+00:00,heldout,1,79,IVFFLAT_HYBRID,two_categories_and_price,category_00,993,True,1,0.0514,"[0.05,0.10)",14.160458,1.0,False,exact_bitmap,HNSW_HYBRID,False
2026-08-30T19:55:24.326+00:00,heldout,2,79,SQL_FIRST,two_categories_and_price,category_00,993,True,1,0.0514,"[0.05,0.10)",13.664375,1.0,True,exact_bitmap,HNSW_HYBRID,False
2026-08-30T19:55:24.360+00:00,heldout,2,79,VECTOR_FIRST_HNSW,two_categories_and_price,category_00,993,True,1,0.0514,"[0.05,0.10)",33.398125,0.5,False,exact_bitmap,HNSW_HYBRID,False
2026-08-30T19:55:24.373+00:00,heldout,2,79,HNSW_HYBRID,two_categories_and_price,category_00,993,True,1,0.0514,"[0.05,0.10)",12.077375,1.0,False,exact_bitmap,HNSW_HYBRID,True
2026-08-30T19:55:24.388+00:00,heldout,2,79,IVFFLAT_HYBRID,two_categories_and_price,category_00,993,True,1,0.0514,"[0.05,0.10)",15.151542,1.0,False,exact_bitmap,HNSW_HYBRID,False
2026-08-30T19:55:24.396+00:00,heldout,0,30,SQL_FIRST,category_narrow_price,category_00,227,False,0,0.00518,"[0.00,0.05)",4.837833,1.0,True,exact_bitmap,HNSW_HYBRID,False
2026-08-30T19:55:24.436+00:00,heldout,0,30,VECTOR_FIRST_HNSW,category_narrow_price,category_00,227,False,0,0.00518,"[0.00,0.05)",38.646417,0.0,False,exact_bitmap,HNSW_HYBRID,False
2026-08-30T19:55:24.440+00:00,heldout,0,30,HNSW_HYBRID,category_narrow_price,category_00,227,False,0,0.00518,"[0.00,0.05)",2.77375,1.0,False,exact_bitmap,HNSW_HYBRID,True
2026-08-30T19:55:24.445+00:00,heldout,0,30,IVFFLAT_HYBRID,category_narrow_price,category_00,227,False,0,0.00518,"[0.00,0.05)",3.648417,1.0,False,exact_bitmap,HNSW_HYBRID,False
2026-08-30T19:55:24.450+00:00,heldout,1,30,SQL_FIRST,category_narrow_price,category_00,227,False,0,0.00518,"[0.00,0.05)",4.515208,1.0,True,exact_bitmap,HNSW_HYBRID,False
2026-08-30T19:55:24.485+00:00,heldout,1,30,VECTOR_FIRST_HNSW,category_narrow_price,category_00,227,False,0,0.00518,"[0.00,0.05)",34.291875,0.0,False,exact_bitmap,HNSW_HYBRID,False
2026-08-30T19:55:24.489+00:00,heldout,1,30,HNSW_HYBRID,category_narrow_price,category_00,227,False,0,0.00518,"[0.00,0.05)",3.806958,1.0,False,exact_bitmap,HNSW_HYBRID,True
2026-08-30T19:55:24.491+00:00,heldout,1,30,IVFFLAT_HYBRID,category_narrow_price,category_00,227,False,0,0.00518,"[0.00,0.05)",2.225541,1.0,False,exact_bitmap,HNSW_HYBRID,False
2026-08-30T19:55:24.496+00:00,heldout,2,30,SQL_FIRST,category_narrow_price,category_00,227,False,0,0.00518,"[0.00,0.05)",4.007708,1.0,True,exact_bitmap,HNSW_HYBRID,False
2026-08-30T19:55:24.530+00:00,heldout,2,30,VECTOR_FIRST_HNSW,category_narrow_price,category_00,227,False,0,0.00518,"[0.00,0.05)",33.7125,0.0,False,exact_bitmap,HNSW_HYBRID,False
2026-08-30T19:55:24.534+00:00,heldout,2,30,HNSW_HYBRID,category_narrow_price,category_00,227,False,0,0.00518,"[0.00,0.05)",2.997209,1.0,False,exact_bitmap,HNSW_HYBRID,True
2026-08-30T19:55:24.537+00:00,heldout,2,30,IVFFLAT_HYBRID,category_narrow_price,category_00,227,False,0,0.00518,"[0.00,0.05)",2.966541,1.0,False,exact_bitmap,HNSW_HYBRID,False
2026-08-30T19:55:24.558+00:00,heldout,0,89,SQL_FIRST,single_category,category_01,648,True,1,0.098665,"[0.05,0.10)",17.305125,1.0,True,exact_bitmap,HNSW_HYBRID,False
2026-08-30T19:55:24.597+00:00,heldout,0,89,VECTOR_FIRST_HNSW,single_category,category_01,648,True,1,0.098665,"[0.05,0.10)",36.708667,0.9,False,exact_bitmap,HNSW_HYBRID,False
2026-08-30T19:55:24.612+00:00,heldout,0,89,HNSW_HYBRID,single_category,category_01,648,True,1,0.098665,"[0.05,0.10)",14.528083,1.0,False,exact_bitmap,HNSW_HYBRID,True
2026-08-30T19:55:24.630+00:00,heldout,0,89,IVFFLAT_HYBRID,single_category,category_01,648,True,1,0.098665,"[0.05,0.10)",16.430042,1.0,False,exact_bitmap,HNSW_HYBRID,False
2026-08-30T19:55:24.648+00:00,heldout,1,89,SQL_FIRST,single_category,category_01,648,True,1,0.098665,"[0.05,0.10)",17.505625,1.0,True,exact_bitmap,HNSW_HYBRID,False
2026-08-30T19:55:24.685+00:00,heldout,1,89,VECTOR_FIRST_HNSW,single_category,category_01,648,True,1,0.098665,"[0.05,0.10)",35.8175,0.9,False,exact_bitmap,HNSW_HYBRID,False
2026-08-30T19:55:24.700+00:00,heldout,1,89,HNSW_HYBRID,single_category,category_01,648,True,1,0.098665,"[0.05,0.10)",14.198459,1.0,False,exact_bitmap,HNSW_HYBRID,True
2026-08-30T19:55:24.715+00:00,heldout,1,89,IVFFLAT_HYBRID,single_category,category_01,648,True,1,0.098665,"[0.05,0.10)",14.534209,1.0,False,exact_bitmap,HNSW_HYBRID,False
2026-08-30T19:55:24.732+00:00,heldout,2,89,SQL_FIRST,single_category,category_01,648,True,1,0.098665,"[0.05,0.10)",16.221416,1.0,True,exact_bitmap,HNSW_HYBRID,False
2026-08-30T19:55:24.767+00:00,heldout,2,89,VECTOR_FIRST_HNSW,single_category,category_01,648,True,1,0.098665,"[0.05,0.10)",34.310625,0.9,False,exact_bitmap,HNSW_HYBRID,False
2026-08-30T19:55:24.783+00:00,heldout,2,89,HNSW_HYBRID,single_category,category_01,648,True,1,0.098665,"[0.05,0.10)",14.951875,1.0,False,exact_bitmap,HNSW_HYBRID,True
2026-08-30T19:55:24.800+00:00,heldout,2,89,IVFFLAT_HYBRID,single_category,category_01,648,True,1,0.098665,"[0.05,0.10)",16.232208,1.0,False,exact_bitmap,HNSW_HYBRID,False
2026-08-30T19:55:24.818+00:00,heldout,0,118,SQL_FIRST,price_range_mid,category_09,427,True,2,0.10083,"[0.10,0.25)",16.639792,1.0,True,exact_bitmap,HNSW_HYBRID,False
2026-08-30T19:55:24.854+00:00,heldout,0,118,VECTOR_FIRST_HNSW,price_range_mid,category_09,427,True,2,0.10083,"[0.10,0.25)",35.417166,1.0,False,exact_bitmap,HNSW_HYBRID,False
2026-08-30T19:55:24.870+00:00,heldout,0,118,HNSW_HYBRID,price_range_mid,category_09,427,True,2,0.10083,"[0.10,0.25)",15.265959,1.0,False,exact_bitmap,HNSW_HYBRID,True
2026-08-30T19:55:24.888+00:00,heldout,0,118,IVFFLAT_HYBRID,price_range_mid,category_09,427,True,2,0.10083,"[0.10,0.25)",16.623125,1.0,False,exact_bitmap,HNSW_HYBRID,False
2026-08-30T19:55:24.905+00:00,heldout,1,118,SQL_FIRST,price_range_mid,category_09,427,True,2,0.10083,"[0.10,0.25)",17.126958,1.0,True,exact_bitmap,HNSW_HYBRID,False
2026-08-30T19:55:24.940+00:00,heldout,1,118,VECTOR_FIRST_HNSW,price_range_mid,category_09,427,True,2,0.10083,"[0.10,0.25)",34.326875,1.0,False,exact_bitmap,HNSW_HYBRID,False
2026-08-30T19:55:24.955+00:00,heldout,1,118,HNSW_HYBRID,price_range_mid,category_09,427,True,2,0.10083,"[0.10,0.25)",14.837042,1.0,False,exact_bitmap,HNSW_HYBRID,True
2026-08-30T19:55:24.974+00:00,heldout,1,118,IVFFLAT_HYBRID,price_range_mid,category_09,427,True,2,0.10083,"[0.10,0.25)",18.029833,1.0,False,exact_bitmap,HNSW_HYBRID,False
2026-08-30T19:55:24.993+00:00,heldout,2,118,SQL_FIRST,price_range_mid,category_09,427,True,2,0.10083,"[0.10,0.25)",18.9085,1.0,True,exact_bitmap,HNSW_HYBRID,False
2026-08-30T19:55:25.032+00:00,heldout,2,118,VECTOR_FIRST_HNSW,price_range_mid,category_09,427,True,2,0.10083,"[0.10,0.25)",38.177541,1.0,False,exact_bitmap,HNSW_HYBRID,False
2026-08-30T19:55:25.044+00:00,heldout,2,118,HNSW_HYBRID,price_range_mid,category_09,427,True,2,0.10083,"[0.10,0.25)",12.125959,1.0,False,exact_bitmap,HNSW_HYBRID,True
2026-08-30T19:55:25.058+00:00,heldout,2,118,IVFFLAT_HYBRID,price_range_mid,category_09,427,True,2,0.10083,"[0.10,0.25)",13.245959,1.0,False,exact_bitmap,HNSW_HYBRID,False
2026-08-30T19:55:25.079+00:00,heldout,0,124,SQL_FIRST,two_categories,category_03,123,True,2,0.2004,"[0.10,0.25)",19.725458,1.0,True,exact_bitmap,HNSW_HYBRID,False
2026-08-30T19:55:25.103+00:00,heldout,0,124,VECTOR_FIRST_HNSW,two_categories,category_03,123,True,2,0.2004,"[0.10,0.25)",23.281042,1.0,False,exact_bitmap,HNSW_HYBRID,False
2026-08-30T19:55:25.124+00:00,heldout,0,124,HNSW_HYBRID,two_categories,category_03,123,True,2,0.2004,"[0.10,0.25)",19.236333,1.0,False,exact_bitmap,HNSW_HYBRID,True
2026-08-30T19:55:25.146+00:00,heldout,0,124,IVFFLAT_HYBRID,two_categories,category_03,123,True,2,0.2004,"[0.10,0.25)",20.852458,1.0,False,exact_bitmap,HNSW_HYBRID,False
2026-08-30T19:55:25.167+00:00,heldout,1,124,SQL_FIRST,two_categories,category_03,123,True,2,0.2004,"[0.10,0.25)",21.22525,1.0,True,exact_bitmap,HNSW_HYBRID,False
2026-08-30T19:55:25.192+00:00,heldout,1,124,VECTOR_FIRST_HNSW,two_categories,category_03,123,True,2,0.2004,"[0.10,0.25)",24.69925,1.0,False,exact_bitmap,HNSW_HYBRID,False
2026-08-30T19:55:25.215+00:00,heldout,1,124,HNSW_HYBRID,two_categories,category_03,123,True,2,0.2004,"[0.10,0.25)",21.851333,1.0,False,exact_bitmap,HNSW_HYBRID,True
2026-08-30T19:55:25.234+00:00,heldout,1,124,IVFFLAT_HYBRID,two_categories,category_03,123,True,2,0.2004,"[0.10,0.25)",18.740667,1.0,False,exact_bitmap,HNSW_HYBRID,False
2026-08-30T19:55:25.253+00:00,heldout,2,124,SQL_FIRST,two_categories,category_03,123,True,2,0.2004,"[0.10,0.25)",18.886917,1.0,True,exact_bitmap,HNSW_HYBRID,False
2026-08-30T19:55:25.278+00:00,heldout,2,124,VECTOR_FIRST_HNSW,two_categories,category_03,123,True,2,0.2004,"[0.10,0.25)",24.251625,1.0,False,exact_bitmap,HNSW_HYBRID,False
2026-08-30T19:55:25.297+00:00,heldout,2,124,HNSW_HYBRID,two_categories,category_03,123,True,2,0.2004,"[0.10,0.25)",18.816209,1.0,False,exact_bitmap,HNSW_HYBRID,True
2026-08-30T19:55:25.318+00:00,heldout,2,124,IVFFLAT_HYBRID,two_categories,category_03,123,True,2,0.2004,"[0.10,0.25)",18.939458,1.0,False,exact_bitmap,HNSW_HYBRID,False
2026-08-30T19:55:25.322+00:00,heldout,0,21,SQL_FIRST,category_narrow_price,category_08,413,True,0,0.00509,"[0.00,0.05)",2.537166,1.0,True,exact_bitmap,HNSW_HYBRID,False
2026-08-30T19:55:25.347+00:00,heldout,0,21,VECTOR_FIRST_HNSW,category_narrow_price,category_08,413,True,0,0.00509,"[0.00,0.05)",23.385875,0.0,False,exact_bitmap,HNSW_HYBRID,False
2026-08-30T19:55:25.351+00:00,heldout,0,21,HNSW_HYBRID,category_narrow_price,category_08,413,True,0,0.00509,"[0.00,0.05)",2.664667,1.0,False,exact_bitmap,HNSW_HYBRID,True
2026-08-30T19:55:25.354+00:00,heldout,0,21,IVFFLAT_HYBRID,category_narrow_price,category_08,413,True,0,0.00509,"[0.00,0.05)",2.151417,1.0,False,exact_bitmap,HNSW_HYBRID,False
2026-08-30T19:55:25.357+00:00,heldout,1,21,SQL_FIRST,category_narrow_price,category_08,413,True,0,0.00509,"[0.00,0.05)",2.219958,1.0,True,exact_bitmap,HNSW_HYBRID,False
2026-08-30T19:55:25.386+00:00,heldout,1,21,VECTOR_FIRST_HNSW,category_narrow_price,category_08,413,True,0,0.00509,"[0.00,0.05)",28.376041,0.0,False,exact_bitmap,HNSW_HYBRID,False
2026-08-30T19:55:25.389+00:00,heldout,1,21,HNSW_HYBRID,category_narrow_price,category_08,413,True,0,0.00509,"[0.00,0.05)",2.603292,1.0,False,exact_bitmap,HNSW_HYBRID,True
2026-08-30T19:55:25.391+00:00,heldout,1,21,IVFFLAT_HYBRID,category_narrow_price,category_08,413,True,0,0.00509,"[0.00,0.05)",2.267833,1.0,False,exact_bitmap,HNSW_HYBRID,False
2026-08-30T19:55:25.394+00:00,heldout,2,21,SQL_FIRST,category_narrow_price,category_08,413,True,0,0.00509,"[0.00,0.05)",2.180833,1.0,True,exact_bitmap,HNSW_HYBRID,False
2026-08-30T19:55:25.418+00:00,heldout,2,21,VECTOR_FIRST_HNSW,category_narrow_price,category_08,413,True,0,0.00509,"[0.00,0.05)",23.936625,0.0,False,exact_bitmap,HNSW_HYBRID,False
2026-08-30T19:55:25.422+00:00,heldout,2,21,HNSW_HYBRID,category_narrow_price,category_08,413,True,0,0.00509,"[0.00,0.05)",2.740583,1.0,False,exact_bitmap,HNSW_HYBRID,True
2026-08-30T19:55:25.424+00:00,heldout,2,21,IVFFLAT_HYBRID,category_narrow_price,category_08,413,True,0,0.00509,"[0.00,0.05)",2.226625,1.0,False,exact_bitmap,HNSW_HYBRID,False
2026-08-30T19:55:25.446+00:00,heldout,0,133,SQL_FIRST,two_categories,category_04,179,True,2,0.196735,"[0.10,0.25)",19.752375,1.0,True,exact_bitmap,HNSW_HYBRID,False
2026-08-30T19:55:25.476+00:00,heldout,0,133,VECTOR_FIRST_HNSW,two_categories,category_04,179,True,2,0.196735,"[0.10,0.25)",28.326708,1.0,False,exact_bitmap,HNSW_HYBRID,False
2026-08-30T19:55:25.504+00:00,heldout,0,133,HNSW_HYBRID,two_categories,category_04,179,True,2,0.196735,"[0.10,0.25)",26.151416,1.0,False,exact_bitmap,HNSW_HYBRID,True
2026-08-30T19:55:25.534+00:00,heldout,0,133,IVFFLAT_HYBRID,two_categories,category_04,179,True,2,0.196735,"[0.10,0.25)",29.341709,1.0,False,exact_bitmap,HNSW_HYBRID,False
2026-08-30T19:55:25.565+00:00,heldout,1,133,SQL_FIRST,two_categories,category_04,179,True,2,0.196735,"[0.10,0.25)",29.811292,1.0,True,exact_bitmap,HNSW_HYBRID,False
2026-08-30T19:55:25.605+00:00,heldout,1,133,VECTOR_FIRST_HNSW,two_categories,category_04,179,True,2,0.196735,"[0.10,0.25)",38.34625,1.0,False,exact_bitmap,HNSW_HYBRID,False
2026-08-30T19:55:25.634+00:00,heldout,1,133,HNSW_HYBRID,two_categories,category_04,179,True,2,0.196735,"[0.10,0.25)",28.89725,1.0,False,exact_bitmap,HNSW_HYBRID,True
2026-08-30T19:55:25.666+00:00,heldout,1,133,IVFFLAT_HYBRID,two_categories,category_04,179,True,2,0.196735,"[0.10,0.25)",31.889583,1.0,False,exact_bitmap,HNSW_HYBRID,False
2026-08-30T19:55:25.697+00:00,heldout,2,133,SQL_FIRST,two_categories,category_04,179,True,2,0.196735,"[0.10,0.25)",30.66875,1.0,True,exact_bitmap,HNSW_HYBRID,False
2026-08-30T19:55:25.737+00:00,heldout,2,133,VECTOR_FIRST_HNSW,two_categories,category_04,179,True,2,0.196735,"[0.10,0.25)",38.560709,1.0,False,exact_bitmap,HNSW_HYBRID,False
2026-08-30T19:55:25.766+00:00,heldout,2,133,HNSW_HYBRID,two_categories,category_04,179,True,2,0.196735,"[0.10,0.25)",28.209125,1.0,False,exact_bitmap,HNSW_HYBRID,True
2026-08-30T19:55:25.793+00:00,heldout,2,133,IVFFLAT_HYBRID,two_categories,category_04,179,True,2,0.196735,"[0.10,0.25)",27.043041,1.0,False,exact_bitmap,HNSW_HYBRID,False
2026-08-30T19:55:25.828+00:00,heldout,0,242,SQL_FIRST,wide_or,category_06,86,False,4,0.58423,"[0.50,1.00)",32.055084,1.0,True,exact_seq,SQL_FIRST,True
2026-08-30T19:55:25.862+00:00,heldout,0,242,VECTOR_FIRST_HNSW,wide_or,category_06,86,False,4,0.58423,"[0.50,1.00)",33.269541,1.0,False,exact_bitmap,SQL_FIRST,False
2026-08-30T19:55:25.894+00:00,heldout,0,242,HNSW_HYBRID,wide_or,category_06,86,False,4,0.58423,"[0.50,1.00)",30.063708,1.0,False,exact_seq,SQL_FIRST,False
2026-08-30T19:55:25.924+00:00,heldout,0,242,IVFFLAT_HYBRID,wide_or,category_06,86,False,4,0.58423,"[0.50,1.00)",29.333917,1.0,False,exact_seq,SQL_FIRST,False
2026-08-30T19:55:25.957+00:00,heldout,1,242,SQL_FIRST,wide_or,category_06,86,False,4,0.58423,"[0.50,1.00)",32.4155,1.0,True,exact_seq,SQL_FIRST,True
2026-08-30T19:55:25.991+00:00,heldout,1,242,VECTOR_FIRST_HNSW,wide_or,category_06,86,False,4,0.58423,"[0.50,1.00)",33.077167,1.0,False,exact_bitmap,SQL_FIRST,False
2026-08-30T19:55:26.024+00:00,heldout,1,242,HNSW_HYBRID,wide_or,category_06,86,False,4,0.58423,"[0.50,1.00)",32.43825,1.0,False,exact_seq,SQL_FIRST,False
2026-08-30T19:55:26.054+00:00,heldout,1,242,IVFFLAT_HYBRID,wide_or,category_06,86,False,4,0.58423,"[0.50,1.00)",30.153916,1.0,False,exact_seq,SQL_FIRST,False
2026-08-30T19:55:26.086+00:00,heldout,2,242,SQL_FIRST,wide_or,category_06,86,False,4,0.58423,"[0.50,1.00)",31.280125,1.0,True,exact_seq,SQL_FIRST,True
2026-08-30T19:55:26.122+00:00,heldout,2,242,VECTOR_FIRST_HNSW,wide_or,category_06,86,False,4,0.58423,"[0.50,1.00)",35.408875,1.0,False,exact_bitmap,SQL_FIRST,False
2026-08-30T19:55:26.160+00:00,heldout,2,242,HNSW_HYBRID,wide_or,category_06,86,False,4,0.58423,"[0.50,1.00)",35.917875,1.0,False,exact_seq,SQL_FIRST,False
2026-08-30T19:55:26.197+00:00,heldout,2,242,IVFFLAT_HYBRID,wide_or,category_06,86,False,4,0.58423,"[0.50,1.00)",35.918125,1.0,False,exact_seq,SQL_FIRST,False
2026-08-30T19:55:26.222+00:00,heldout,0,164,SQL_FIRST,three_categories,category_05,103,True,3,0.271,"[0.25,0.50)",23.656167,1.0,True,exact_bitmap,IVFFLAT_HYBRID,False
2026-08-30T19:55:26.260+00:00,heldout,0,164,VECTOR_FIRST_HNSW,three_categories,category_05,103,True,3,0.271,"[0.25,0.50)",36.039834,1.0,False,exact_bitmap,IVFFLAT_HYBRID,False
2026-08-30T19:55:26.289+00:00,heldout,0,164,HNSW_HYBRID,three_categories,category_05,103,True,3,0.271,"[0.25,0.50)",27.500334,1.0,False,exact_bitmap,IVFFLAT_HYBRID,False
2026-08-30T19:55:26.313+00:00,heldout,0,164,IVFFLAT_HYBRID,three_categories,category_05,103,True,3,0.271,"[0.25,0.50)",23.616667,1.0,False,exact_bitmap,IVFFLAT_HYBRID,True
2026-08-30T19:55:26.337+00:00,heldout,1,164,SQL_FIRST,three_categories,category_05,103,True,3,0.271,"[0.25,0.50)",23.1215,1.0,True,exact_bitmap,IVFFLAT_HYBRID,False
2026-08-30T19:55:26.373+00:00,heldout,1,164,VECTOR_FIRST_HNSW,three_categories,category_05,103,True,3,0.271,"[0.25,0.50)",35.218084,1.0,False,exact_bitmap,IVFFLAT_HYBRID,False
2026-08-30T19:55:26.396+00:00,heldout,1,164,HNSW_HYBRID,three_categories,category_05,103,True,3,0.271,"[0.25,0.50)",22.790208,1.0,False,exact_bitmap,IVFFLAT_HYBRID,False
2026-08-30T19:55:26.420+00:00,heldout,1,164,IVFFLAT_HYBRID,three_categories,category_05,103,True,3,0.271,"[0.25,0.50)",23.582584,1.0,False,exact_bitmap,IVFFLAT_HYBRID,True
2026-08-30T19:55:26.445+00:00,heldout,2,164,SQL_FIRST,three_categories,category_05,103,True,3,0.271,"[0.25,0.50)",24.109542,1.0,True,exact_bitmap,IVFFLAT_HYBRID,False
2026-08-30T19:55:26.483+00:00,heldout,2,164,VECTOR_FIRST_HNSW,three_categories,category_05,103,True,3,0.271,"[0.25,0.50)",37.481292,1.0,False,exact_bitmap,IVFFLAT_HYBRID,False
2026-08-30T19:55:26.509+00:00,heldout,2,164,HNSW_HYBRID,three_categories,category_05,103,True,3,0.271,"[0.25,0.50)",25.674667,1.0,False,exact_bitmap,IVFFLAT_HYBRID,False
2026-08-30T19:55:26.534+00:00,heldout,2,164,IVFFLAT_HYBRID,three_categories,category_05,103,True,3,0.271,"[0.25,0.50)",25.098375,1.0,False,exact_bitmap,IVFFLAT_HYBRID,True
2026-08-30T19:55:26.662+00:00,heldout,0,202,SQL_FIRST,wide_or,category_07,505,True,4,0.775855,"[0.50,1.00)",125.891583,1.0,True,exact_seq,SQL_FIRST,True
2026-08-30T19:55:26.691+00:00,heldout,0,202,VECTOR_FIRST_HNSW,wide_or,category_07,505,True,4,0.775855,"[0.50,1.00)",27.800084,1.0,False,exact_bitmap,SQL_FIRST,False
2026-08-30T19:55:26.733+00:00,heldout,0,202,HNSW_HYBRID,wide_or,category_07,505,True,4,0.775855,"[0.50,1.00)",40.528917,1.0,False,exact_seq,SQL_FIRST,False
2026-08-30T19:55:26.774+00:00,heldout,0,202,IVFFLAT_HYBRID,wide_or,category_07,505,True,4,0.775855,"[0.50,1.00)",40.195375,1.0,False,exact_seq,SQL_FIRST,False
2026-08-30T19:55:26.812+00:00,heldout,1,202,SQL_FIRST,wide_or,category_07,505,True,4,0.775855,"[0.50,1.00)",38.1855,1.0,True,exact_seq,SQL_FIRST,True
2026-08-30T19:55:26.849+00:00,heldout,1,202,VECTOR_FIRST_HNSW,wide_or,category_07,505,True,4,0.775855,"[0.50,1.00)",36.30625,1.0,False,exact_bitmap,SQL_FIRST,False
2026-08-30T19:55:26.887+00:00,heldout,1,202,HNSW_HYBRID,wide_or,category_07,505,True,4,0.775855,"[0.50,1.00)",37.178958,1.0,False,exact_seq,SQL_FIRST,False
2026-08-30T19:55:26.924+00:00,heldout,1,202,IVFFLAT_HYBRID,wide_or,category_07,505,True,4,0.775855,"[0.50,1.00)",36.535042,1.0,False,exact_seq,SQL_FIRST,False
2026-08-30T19:55:26.964+00:00,heldout,2,202,SQL_FIRST,wide_or,category_07,505,True,4,0.775855,"[0.50,1.00)",39.872459,1.0,True,exact_seq,SQL_FIRST,True
2026-08-30T19:55:27.003+00:00,heldout,2,202,VECTOR_FIRST_HNSW,wide_or,category_07,505,True,4,0.775855,"[0.50,1.00)",38.046,1.0,False,exact_bitmap,SQL_FIRST,False
2026-08-30T19:55:27.040+00:00,heldout,2,202,HNSW_HYBRID,wide_or,category_07,505,True,4,0.775855,"[0.50,1.00)",37.193791,1.0,False,exact_seq,SQL_FIRST,False
2026-08-30T19:55:27.080+00:00,heldout,2,202,IVFFLAT_HYBRID,wide_or,category_07,505,True,4,0.775855,"[0.50,1.00)",39.390667,1.0,False,exact_seq,SQL_FIRST,False
2026-08-30T19:55:27.094+00:00,heldout,0,75,SQL_FIRST,single_category,category_06,708,True,1,0.099535,"[0.05,0.10)",13.097708,1.0,True,exact_bitmap,HNSW_HYBRID,False
2026-08-30T19:55:27.133+00:00,heldout,0,75,VECTOR_FIRST_HNSW,single_category,category_06,708,True,1,0.099535,"[0.05,0.10)",37.552416,0.9,False,exact_bitmap,HNSW_HYBRID,False
2026-08-30T19:55:27.153+00:00,heldout,0,75,HNSW_HYBRID,single_category,category_06,708,True,1,0.099535,"[0.05,0.10)",19.057417,1.0,False,exact_bitmap,HNSW_HYBRID,True
2026-08-30T19:55:27.174+00:00,heldout,0,75,IVFFLAT_HYBRID,single_category,category_06,708,True,1,0.099535,"[0.05,0.10)",19.319542,1.0,False,exact_bitmap,HNSW_HYBRID,False
2026-08-30T19:55:27.191+00:00,heldout,1,75,SQL_FIRST,single_category,category_06,708,True,1,0.099535,"[0.05,0.10)",17.002375,1.0,True,exact_bitmap,HNSW_HYBRID,False
2026-08-30T19:55:27.221+00:00,heldout,1,75,VECTOR_FIRST_HNSW,single_category,category_06,708,True,1,0.099535,"[0.05,0.10)",29.9475,0.9,False,exact_bitmap,HNSW_HYBRID,False
2026-08-30T19:55:27.234+00:00,heldout,1,75,HNSW_HYBRID,single_category,category_06,708,True,1,0.099535,"[0.05,0.10)",12.516208,1.0,False,exact_bitmap,HNSW_HYBRID,True
2026-08-30T19:55:27.248+00:00,heldout,1,75,IVFFLAT_HYBRID,single_category,category_06,708,True,1,0.099535,"[0.05,0.10)",13.05875,1.0,False,exact_bitmap,HNSW_HYBRID,False
2026-08-30T19:55:27.295+00:00,heldout,2,75,SQL_FIRST,single_category,category_06,708,True,1,0.099535,"[0.05,0.10)",46.736166,1.0,True,exact_bitmap,HNSW_HYBRID,False
2026-08-30T19:55:27.334+00:00,heldout,2,75,VECTOR_FIRST_HNSW,single_category,category_06,708,True,1,0.099535,"[0.05,0.10)",39.047916,0.9,False,exact_bitmap,HNSW_HYBRID,False
2026-08-30T19:55:27.349+00:00,heldout,2,75,HNSW_HYBRID,single_category,category_06,708,True,1,0.099535,"[0.05,0.10)",14.677209,1.0,False,exact_bitmap,HNSW_HYBRID,True
2026-08-30T19:55:27.366+00:00,heldout,2,75,IVFFLAT_HYBRID,single_category,category_06,708,True,1,0.099535,"[0.05,0.10)",15.818167,1.0,False,exact_bitmap,HNSW_HYBRID,False
2026-08-30T19:55:27.389+00:00,heldout,0,51,SQL_FIRST,single_category,category_02,431,True,1,0.098965,"[0.05,0.10)",22.06775,1.0,True,exact_bitmap,HNSW_HYBRID,False
2026-08-30T19:55:27.423+00:00,heldout,0,51,VECTOR_FIRST_HNSW,single_category,category_02,431,True,1,0.098965,"[0.05,0.10)",32.881958,1.0,False,exact_bitmap,HNSW_HYBRID,False
2026-08-30T19:55:27.436+00:00,heldout,0,51,HNSW_HYBRID,single_category,category_02,431,True,1,0.098965,"[0.05,0.10)",13.0235,1.0,False,exact_bitmap,HNSW_HYBRID,True
2026-08-30T19:55:27.451+00:00,heldout,0,51,IVFFLAT_HYBRID,single_category,category_02,431,True,1,0.098965,"[0.05,0.10)",13.614375,1.0,False,exact_bitmap,HNSW_HYBRID,False
2026-08-30T19:55:27.463+00:00,heldout,1,51,SQL_FIRST,single_category,category_02,431,True,1,0.098965,"[0.05,0.10)",12.03775,1.0,True,exact_bitmap,HNSW_HYBRID,False
2026-08-30T19:55:27.490+00:00,heldout,1,51,VECTOR_FIRST_HNSW,single_category,category_02,431,True,1,0.098965,"[0.05,0.10)",25.867667,1.0,False,exact_bitmap,HNSW_HYBRID,False
2026-08-30T19:55:27.502+00:00,heldout,1,51,HNSW_HYBRID,single_category,category_02,431,True,1,0.098965,"[0.05,0.10)",11.755542,1.0,False,exact_bitmap,HNSW_HYBRID,True
2026-08-30T19:55:27.514+00:00,heldout,1,51,IVFFLAT_HYBRID,single_category,category_02,431,True,1,0.098965,"[0.05,0.10)",11.579,1.0,False,exact_bitmap,HNSW_HYBRID,False
2026-08-30T19:55:27.526+00:00,heldout,2,51,SQL_FIRST,single_category,category_02,431,True,1,0.098965,"[0.05,0.10)",11.623042,1.0,True,exact_bitmap,HNSW_HYBRID,False
2026-08-30T19:55:27.550+00:00,heldout,2,51,VECTOR_FIRST_HNSW,single_category,category_02,431,True,1,0.098965,"[0.05,0.10)",23.982125,1.0,False,exact_bitmap,HNSW_HYBRID,False
2026-08-30T19:55:27.562+00:00,heldout,2,51,HNSW_HYBRID,single_category,category_02,431,True,1,0.098965,"[0.05,0.10)",11.618959,1.0,False,exact_bitmap,HNSW_HYBRID,True
2026-08-30T19:55:27.575+00:00,heldout,2,51,IVFFLAT_HYBRID,single_category,category_02,431,True,1,0.098965,"[0.05,0.10)",12.433666,1.0,False,exact_bitmap,HNSW_HYBRID,False
2026-08-30T19:55:27.592+00:00,heldout,0,10,SQL_FIRST,category_and_stock,category_01,19,True,0,0.049415,"[0.00,0.05)",14.512542,1.0,True,exact_bitmap,HNSW_HYBRID,False
2026-08-30T19:55:27.623+00:00,heldout,0,10,VECTOR_FIRST_HNSW,category_and_stock,category_01,19,True,0,0.049415,"[0.00,0.05)",28.614625,0.7,False,exact_bitmap,HNSW_HYBRID,False
2026-08-30T19:55:27.636+00:00,heldout,0,10,HNSW_HYBRID,category_and_stock,category_01,19,True,0,0.049415,"[0.00,0.05)",11.14925,1.0,False,exact_bitmap,HNSW_HYBRID,True
2026-08-30T19:55:27.649+00:00,heldout,0,10,IVFFLAT_HYBRID,category_and_stock,category_01,19,True,0,0.049415,"[0.00,0.05)",10.653667,1.0,False,exact_bitmap,HNSW_HYBRID,False
2026-08-30T19:55:27.660+00:00,heldout,1,10,SQL_FIRST,category_and_stock,category_01,19,True,0,0.049415,"[0.00,0.05)",10.681125,1.0,True,exact_bitmap,HNSW_HYBRID,False
2026-08-30T19:55:27.692+00:00,heldout,1,10,VECTOR_FIRST_HNSW,category_and_stock,category_01,19,True,0,0.049415,"[0.00,0.05)",31.072542,0.7,False,exact_bitmap,HNSW_HYBRID,False
2026-08-30T19:55:27.704+00:00,heldout,1,10,HNSW_HYBRID,category_and_stock,category_01,19,True,0,0.049415,"[0.00,0.05)",11.807375,1.0,False,exact_bitmap,HNSW_HYBRID,True
2026-08-30T19:55:27.719+00:00,heldout,1,10,IVFFLAT_HYBRID,category_and_stock,category_01,19,True,0,0.049415,"[0.00,0.05)",14.595709,1.0,False,exact_bitmap,HNSW_HYBRID,False
2026-08-30T19:55:27.735+00:00,heldout,2,10,SQL_FIRST,category_and_stock,category_01,19,True,0,0.049415,"[0.00,0.05)",15.152041,1.0,True,exact_bitmap,HNSW_HYBRID,False
2026-08-30T19:55:27.778+00:00,heldout,2,10,VECTOR_FIRST_HNSW,category_and_stock,category_01,19,True,0,0.049415,"[0.00,0.05)",42.755292,0.7,False,exact_bitmap,HNSW_HYBRID,False
2026-08-30T19:55:27.792+00:00,heldout,2,10,HNSW_HYBRID,category_and_stock,category_01,19,True,0,0.049415,"[0.00,0.05)",13.487875,1.0,False,exact_bitmap,HNSW_HYBRID,True
2026-08-30T19:55:27.807+00:00,heldout,2,10,IVFFLAT_HYBRID,category_and_stock,category_01,19,True,0,0.049415,"[0.00,0.05)",14.737958,1.0,False,exact_bitmap,HNSW_HYBRID,False
2026-08-30T19:55:27.827+00:00,heldout,0,59,SQL_FIRST,single_category,category_01,916,True,1,0.098665,"[0.05,0.10)",18.766917,1.0,True,exact_bitmap,HNSW_HYBRID,False
2026-08-30T19:55:27.869+00:00,heldout,0,59,VECTOR_FIRST_HNSW,single_category,category_01,916,True,1,0.098665,"[0.05,0.10)",39.660292,1.0,False,exact_bitmap,HNSW_HYBRID,False
2026-08-30T19:55:27.885+00:00,heldout,0,59,HNSW_HYBRID,single_category,category_01,916,True,1,0.098665,"[0.05,0.10)",15.481292,1.0,False,exact_bitmap,HNSW_HYBRID,True
2026-08-30T19:55:27.905+00:00,heldout,0,59,IVFFLAT_HYBRID,single_category,category_01,916,True,1,0.098665,"[0.05,0.10)",17.889625,1.0,False,exact_bitmap,HNSW_HYBRID,False
2026-08-30T19:55:27.924+00:00,heldout,1,59,SQL_FIRST,single_category,category_01,916,True,1,0.098665,"[0.05,0.10)",19.389083,1.0,True,exact_bitmap,HNSW_HYBRID,False
2026-08-30T19:55:27.963+00:00,heldout,1,59,VECTOR_FIRST_HNSW,single_category,category_01,916,True,1,0.098665,"[0.05,0.10)",38.504958,1.0,False,exact_bitmap,HNSW_HYBRID,False
2026-08-30T19:55:27.980+00:00,heldout,1,59,HNSW_HYBRID,single_category,category_01,916,True,1,0.098665,"[0.05,0.10)",16.10675,1.0,False,exact_bitmap,HNSW_HYBRID,True
2026-08-30T19:55:28.001+00:00,heldout,1,59,IVFFLAT_HYBRID,single_category,category_01,916,True,1,0.098665,"[0.05,0.10)",20.642625,1.0,False,exact_bitmap,HNSW_HYBRID,False
2026-08-30T19:55:28.019+00:00,heldout,2,59,SQL_FIRST,single_category,category_01,916,True,1,0.098665,"[0.05,0.10)",17.479875,1.0,True,exact_bitmap,HNSW_HYBRID,False
2026-08-30T19:55:28.053+00:00,heldout,2,59,VECTOR_FIRST_HNSW,single_category,category_01,916,True,1,0.098665,"[0.05,0.10)",33.833666,1.0,False,exact_bitmap,HNSW_HYBRID,False
2026-08-30T19:55:28.068+00:00,heldout,2,59,HNSW_HYBRID,single_category,category_01,916,True,1,0.098665,"[0.05,0.10)",14.758542,1.0,False,exact_bitmap,HNSW_HYBRID,True
2026-08-30T19:55:28.082+00:00,heldout,2,59,IVFFLAT_HYBRID,single_category,category_01,916,True,1,0.098665,"[0.05,0.10)",13.561667,1.0,False,exact_bitmap,HNSW_HYBRID,False
2026-08-30T19:55:28.119+00:00,heldout,0,244,SQL_FIRST,wide_or,category_00,594,False,4,0.8161,"[0.50,1.00)",35.708416,1.0,True,exact_seq,SQL_FIRST,True
2026-08-30T19:55:28.158+00:00,heldout,0,244,VECTOR_FIRST_HNSW,wide_or,category_00,594,False,4,0.8161,"[0.50,1.00)",37.05625,1.0,False,exact_bitmap,SQL_FIRST,False
2026-08-30T19:55:28.197+00:00,heldout,0,244,HNSW_HYBRID,wide_or,category_00,594,False,4,0.8161,"[0.50,1.00)",38.304875,1.0,False,exact_seq,SQL_FIRST,False
2026-08-30T19:55:28.238+00:00,heldout,0,244,IVFFLAT_HYBRID,wide_or,category_00,594,False,4,0.8161,"[0.50,1.00)",38.497417,1.0,False,exact_seq,SQL_FIRST,False
2026-08-30T19:55:28.274+00:00,heldout,1,244,SQL_FIRST,wide_or,category_00,594,False,4,0.8161,"[0.50,1.00)",36.078334,1.0,True,exact_seq,SQL_FIRST,True
2026-08-30T19:55:28.311+00:00,heldout,1,244,VECTOR_FIRST_HNSW,wide_or,category_00,594,False,4,0.8161,"[0.50,1.00)",36.673334,1.0,False,exact_bitmap,SQL_FIRST,False
2026-08-30T19:55:28.351+00:00,heldout,1,244,HNSW_HYBRID,wide_or,category_00,594,False,4,0.8161,"[0.50,1.00)",39.353875,1.0,False,exact_seq,SQL_FIRST,False
2026-08-30T19:55:28.390+00:00,heldout,1,244,IVFFLAT_HYBRID,wide_or,category_00,594,False,4,0.8161,"[0.50,1.00)",38.758292,1.0,False,exact_seq,SQL_FIRST,False
2026-08-30T19:55:28.441+00:00,heldout,2,244,SQL_FIRST,wide_or,category_00,594,False,4,0.8161,"[0.50,1.00)",50.504667,1.0,True,exact_seq,SQL_FIRST,True
2026-08-30T19:55:28.479+00:00,heldout,2,244,VECTOR_FIRST_HNSW,wide_or,category_00,594,False,4,0.8161,"[0.50,1.00)",37.821417,1.0,False,exact_bitmap,SQL_FIRST,False
2026-08-30T19:55:28.518+00:00,heldout,2,244,HNSW_HYBRID,wide_or,category_00,594,False,4,0.8161,"[0.50,1.00)",38.473666,1.0,False,exact_seq,SQL_FIRST,False
2026-08-30T19:55:28.556+00:00,heldout,2,244,IVFFLAT_HYBRID,wide_or,category_00,594,False,4,0.8161,"[0.50,1.00)",37.127375,1.0,False,exact_seq,SQL_FIRST,False
2026-08-30T19:55:28.583+00:00,heldout,0,163,SQL_FIRST,three_categories,category_06,494,True,3,0.269895,"[0.25,0.50)",23.90925,1.0,True,exact_bitmap,IVFFLAT_HYBRID,False
2026-08-30T19:55:28.621+00:00,heldout,0,163,VECTOR_FIRST_HNSW,three_categories,category_06,494,True,3,0.269895,"[0.25,0.50)",36.067875,1.0,False,exact_bitmap,IVFFLAT_HYBRID,False
2026-08-30T19:55:28.645+00:00,heldout,0,163,HNSW_HYBRID,three_categories,category_06,494,True,3,0.269895,"[0.25,0.50)",22.701875,1.0,False,exact_bitmap,IVFFLAT_HYBRID,False
2026-08-30T19:55:28.669+00:00,heldout,0,163,IVFFLAT_HYBRID,three_categories,category_06,494,True,3,0.269895,"[0.25,0.50)",22.743292,1.0,False,exact_bitmap,IVFFLAT_HYBRID,True
2026-08-30T19:55:28.692+00:00,heldout,1,163,SQL_FIRST,three_categories,category_06,494,True,3,0.269895,"[0.25,0.50)",22.517542,1.0,True,exact_bitmap,IVFFLAT_HYBRID,False
2026-08-30T19:55:28.728+00:00,heldout,1,163,VECTOR_FIRST_HNSW,three_categories,category_06,494,True,3,0.269895,"[0.25,0.50)",35.57075,1.0,False,exact_bitmap,IVFFLAT_HYBRID,False
2026-08-30T19:55:28.751+00:00,heldout,1,163,HNSW_HYBRID,three_categories,category_06,494,True,3,0.269895,"[0.25,0.50)",22.731709,1.0,False,exact_bitmap,IVFFLAT_HYBRID,False
2026-08-30T19:55:28.775+00:00,heldout,1,163,IVFFLAT_HYBRID,three_categories,category_06,494,True,3,0.269895,"[0.25,0.50)",22.886958,1.0,False,exact_bitmap,IVFFLAT_HYBRID,True
2026-08-30T19:55:28.798+00:00,heldout,2,163,SQL_FIRST,three_categories,category_06,494,True,3,0.269895,"[0.25,0.50)",23.306042,1.0,True,exact_bitmap,IVFFLAT_HYBRID,False
2026-08-30T19:55:28.836+00:00,heldout,2,163,VECTOR_FIRST_HNSW,three_categories,category_06,494,True,3,0.269895,"[0.25,0.50)",36.6725,1.0,False,exact_bitmap,IVFFLAT_HYBRID,False
2026-08-30T19:55:28.860+00:00,heldout,2,163,HNSW_HYBRID,three_categories,category_06,494,True,3,0.269895,"[0.25,0.50)",23.953041,1.0,False,exact_bitmap,IVFFLAT_HYBRID,False
2026-08-30T19:55:28.884+00:00,heldout,2,163,IVFFLAT_HYBRID,three_categories,category_06,494,True,3,0.269895,"[0.25,0.50)",23.685459,1.0,False,exact_bitmap,IVFFLAT_HYBRID,True
2026-08-30T19:55:28.902+00:00,heldout,0,85,SQL_FIRST,single_category,category_06,346,True,1,0.099535,"[0.05,0.10)",15.255833,1.0,True,exact_bitmap,HNSW_HYBRID,False
2026-08-30T19:55:28.940+00:00,heldout,0,85,VECTOR_FIRST_HNSW,single_category,category_06,346,True,1,0.099535,"[0.05,0.10)",37.442708,1.0,False,exact_bitmap,HNSW_HYBRID,False
2026-08-30T19:55:28.957+00:00,heldout,0,85,HNSW_HYBRID,single_category,category_06,346,True,1,0.099535,"[0.05,0.10)",15.681458,1.0,False,exact_bitmap,HNSW_HYBRID,True
2026-08-30T19:55:28.976+00:00,heldout,0,85,IVFFLAT_HYBRID,single_category,category_06,346,True,1,0.099535,"[0.05,0.10)",18.425208,1.0,False,exact_bitmap,HNSW_HYBRID,False
2026-08-30T19:55:28.995+00:00,heldout,1,85,SQL_FIRST,single_category,category_06,346,True,1,0.099535,"[0.05,0.10)",18.548417,1.0,True,exact_bitmap,HNSW_HYBRID,False
2026-08-30T19:55:29.033+00:00,heldout,1,85,VECTOR_FIRST_HNSW,single_category,category_06,346,True,1,0.099535,"[0.05,0.10)",37.949875,1.0,False,exact_bitmap,HNSW_HYBRID,False
2026-08-30T19:55:29.050+00:00,heldout,1,85,HNSW_HYBRID,single_category,category_06,346,True,1,0.099535,"[0.05,0.10)",15.687542,1.0,False,exact_bitmap,HNSW_HYBRID,True
2026-08-30T19:55:29.068+00:00,heldout,1,85,IVFFLAT_HYBRID,single_category,category_06,346,True,1,0.099535,"[0.05,0.10)",17.792834,1.0,False,exact_bitmap,HNSW_HYBRID,False
2026-08-30T19:55:29.084+00:00,heldout,2,85,SQL_FIRST,single_category,category_06,346,True,1,0.099535,"[0.05,0.10)",16.145917,1.0,True,exact_bitmap,HNSW_HYBRID,False
2026-08-30T19:55:29.118+00:00,heldout,2,85,VECTOR_FIRST_HNSW,single_category,category_06,346,True,1,0.099535,"[0.05,0.10)",33.595208,1.0,False,exact_bitmap,HNSW_HYBRID,False
2026-08-30T19:55:29.133+00:00,heldout,2,85,HNSW_HYBRID,single_category,category_06,346,True,1,0.099535,"[0.05,0.10)",14.008708,1.0,False,exact_bitmap,HNSW_HYBRID,True
2026-08-30T19:55:29.152+00:00,heldout,2,85,IVFFLAT_HYBRID,single_category,category_06,346,True,1,0.099535,"[0.05,0.10)",19.20675,1.0,False,exact_bitmap,HNSW_HYBRID,False
2026-08-30T19:55:29.194+00:00,heldout,0,229,SQL_FIRST,wide_or,category_01,989,True,4,0.99477,"[0.50,1.00)",39.87875,1.0,True,exact_seq,SQL_FIRST,True
2026-08-30T19:55:29.227+00:00,heldout,0,229,VECTOR_FIRST_HNSW,wide_or,category_01,989,True,4,0.99477,"[0.50,1.00)",31.9635,1.0,False,exact_bitmap,SQL_FIRST,False
2026-08-30T19:55:29.266+00:00,heldout,0,229,HNSW_HYBRID,wide_or,category_01,989,True,4,0.99477,"[0.50,1.00)",37.664667,1.0,False,exact_seq,SQL_FIRST,False
2026-08-30T19:55:29.303+00:00,heldout,0,229,IVFFLAT_HYBRID,wide_or,category_01,989,True,4,0.99477,"[0.50,1.00)",35.7015,1.0,False,exact_seq,SQL_FIRST,False
2026-08-30T19:55:29.345+00:00,heldout,1,229,SQL_FIRST,wide_or,category_01,989,True,4,0.99477,"[0.50,1.00)",41.28525,1.0,True,exact_seq,SQL_FIRST,True
2026-08-30T19:55:29.382+00:00,heldout,1,229,VECTOR_FIRST_HNSW,wide_or,category_01,989,True,4,0.99477,"[0.50,1.00)",37.097,1.0,False,exact_bitmap,SQL_FIRST,False
2026-08-30T19:55:29.427+00:00,heldout,1,229,HNSW_HYBRID,wide_or,category_01,989,True,4,0.99477,"[0.50,1.00)",43.938291,1.0,False,exact_seq,SQL_FIRST,False
2026-08-30T19:55:29.471+00:00,heldout,1,229,IVFFLAT_HYBRID,wide_or,category_01,989,True,4,0.99477,"[0.50,1.00)",42.888,1.0,False,exact_seq,SQL_FIRST,False
2026-08-30T19:55:29.516+00:00,heldout,2,229,SQL_FIRST,wide_or,category_01,989,True,4,0.99477,"[0.50,1.00)",44.245959,1.0,True,exact_seq,SQL_FIRST,True
2026-08-30T19:55:29.551+00:00,heldout,2,229,VECTOR_FIRST_HNSW,wide_or,category_01,989,True,4,0.99477,"[0.50,1.00)",34.910167,1.0,False,exact_bitmap,SQL_FIRST,False
2026-08-30T19:55:29.592+00:00,heldout,2,229,HNSW_HYBRID,wide_or,category_01,989,True,4,0.99477,"[0.50,1.00)",40.485708,1.0,False,exact_seq,SQL_FIRST,False
2026-08-30T19:55:29.633+00:00,heldout,2,229,IVFFLAT_HYBRID,wide_or,category_01,989,True,4,0.99477,"[0.50,1.00)",40.671458,1.0,False,exact_seq,SQL_FIRST,False
2026-08-30T19:55:29.652+00:00,heldout,0,136,SQL_FIRST,price_range_mid,category_05,930,True,2,0.10088,"[0.10,0.25)",15.801541,1.0,True,exact_bitmap,HNSW_HYBRID,False
2026-08-30T19:55:29.691+00:00,heldout,0,136,VECTOR_FIRST_HNSW,price_range_mid,category_05,930,True,2,0.10088,"[0.10,0.25)",37.850833,1.0,False,exact_bitmap,HNSW_HYBRID,False
2026-08-30T19:55:29.709+00:00,heldout,0,136,HNSW_HYBRID,price_range_mid,category_05,930,True,2,0.10088,"[0.10,0.25)",16.337208,1.0,False,exact_bitmap,HNSW_HYBRID,True
2026-08-30T19:55:29.728+00:00,heldout,0,136,IVFFLAT_HYBRID,price_range_mid,category_05,930,True,2,0.10088,"[0.10,0.25)",18.021667,1.0,False,exact_bitmap,HNSW_HYBRID,False
2026-08-30T19:55:29.746+00:00,heldout,1,136,SQL_FIRST,price_range_mid,category_05,930,True,2,0.10088,"[0.10,0.25)",17.795959,1.0,True,exact_bitmap,HNSW_HYBRID,False
2026-08-30T19:55:29.780+00:00,heldout,1,136,VECTOR_FIRST_HNSW,price_range_mid,category_05,930,True,2,0.10088,"[0.10,0.25)",33.593709,1.0,False,exact_bitmap,HNSW_HYBRID,False
2026-08-30T19:55:29.796+00:00,heldout,1,136,HNSW_HYBRID,price_range_mid,category_05,930,True,2,0.10088,"[0.10,0.25)",15.162625,1.0,False,exact_bitmap,HNSW_HYBRID,True
2026-08-30T19:55:29.818+00:00,heldout,1,136,IVFFLAT_HYBRID,price_range_mid,category_05,930,True,2,0.10088,"[0.10,0.25)",21.491917,1.0,False,exact_bitmap,HNSW_HYBRID,False
2026-08-30T19:55:29.836+00:00,heldout,2,136,SQL_FIRST,price_range_mid,category_05,930,True,2,0.10088,"[0.10,0.25)",17.136917,1.0,True,exact_bitmap,HNSW_HYBRID,False
2026-08-30T19:55:29.873+00:00,heldout,2,136,VECTOR_FIRST_HNSW,price_range_mid,category_05,930,True,2,0.10088,"[0.10,0.25)",36.834209,1.0,False,exact_bitmap,HNSW_HYBRID,False
2026-08-30T19:55:29.890+00:00,heldout,2,136,HNSW_HYBRID,price_range_mid,category_05,930,True,2,0.10088,"[0.10,0.25)",16.385666,1.0,False,exact_bitmap,HNSW_HYBRID,True
2026-08-30T19:55:29.908+00:00,heldout,2,136,IVFFLAT_HYBRID,price_range_mid,category_05,930,True,2,0.10088,"[0.10,0.25)",17.146834,1.0,False,exact_bitmap,HNSW_HYBRID,False
2026-08-30T19:55:29.925+00:00,heldout,0,93,SQL_FIRST,single_category,category_02,79,True,1,0.098965,"[0.05,0.10)",15.88525,1.0,True,exact_bitmap,HNSW_HYBRID,False
2026-08-30T19:55:29.965+00:00,heldout,0,93,VECTOR_FIRST_HNSW,single_category,category_02,79,True,1,0.098965,"[0.05,0.10)",38.556459,1.0,False,exact_bitmap,HNSW_HYBRID,False
2026-08-30T19:55:29.982+00:00,heldout,0,93,HNSW_HYBRID,single_category,category_02,79,True,1,0.098965,"[0.05,0.10)",16.223083,1.0,False,exact_bitmap,HNSW_HYBRID,True
2026-08-30T19:55:30.001+00:00,heldout,0,93,IVFFLAT_HYBRID,single_category,category_02,79,True,1,0.098965,"[0.05,0.10)",17.759166,1.0,False,exact_bitmap,HNSW_HYBRID,False
2026-08-30T19:55:30.017+00:00,heldout,1,93,SQL_FIRST,single_category,category_02,79,True,1,0.098965,"[0.05,0.10)",15.860125,1.0,True,exact_bitmap,HNSW_HYBRID,False
2026-08-30T19:55:30.052+00:00,heldout,1,93,VECTOR_FIRST_HNSW,single_category,category_02,79,True,1,0.098965,"[0.05,0.10)",34.745458,1.0,False,exact_bitmap,HNSW_HYBRID,False
2026-08-30T19:55:30.069+00:00,heldout,1,93,HNSW_HYBRID,single_category,category_02,79,True,1,0.098965,"[0.05,0.10)",16.323667,1.0,False,exact_bitmap,HNSW_HYBRID,True
2026-08-30T19:55:30.086+00:00,heldout,1,93,IVFFLAT_HYBRID,single_category,category_02,79,True,1,0.098965,"[0.05,0.10)",16.936459,1.0,False,exact_bitmap,HNSW_HYBRID,False
2026-08-30T19:55:30.104+00:00,heldout,2,93,SQL_FIRST,single_category,category_02,79,True,1,0.098965,"[0.05,0.10)",17.551292,1.0,True,exact_bitmap,HNSW_HYBRID,False
2026-08-30T19:55:30.140+00:00,heldout,2,93,VECTOR_FIRST_HNSW,single_category,category_02,79,True,1,0.098965,"[0.05,0.10)",35.387958,1.0,False,exact_bitmap,HNSW_HYBRID,False
2026-08-30T19:55:30.156+00:00,heldout,2,93,HNSW_HYBRID,single_category,category_02,79,True,1,0.098965,"[0.05,0.10)",15.910958,1.0,False,exact_bitmap,HNSW_HYBRID,True
2026-08-30T19:55:30.173+00:00,heldout,2,93,IVFFLAT_HYBRID,single_category,category_02,79,True,1,0.098965,"[0.05,0.10)",15.857625,1.0,False,exact_bitmap,HNSW_HYBRID,False
2026-08-30T19:55:30.209+00:00,heldout,0,212,SQL_FIRST,wide_or,category_06,363,True,4,0.71166,"[0.50,1.00)",34.737625,1.0,True,exact_seq,SQL_FIRST,True
2026-08-30T19:55:30.244+00:00,heldout,0,212,VECTOR_FIRST_HNSW,wide_or,category_06,363,True,4,0.71166,"[0.50,1.00)",33.373291,1.0,False,exact_bitmap,SQL_FIRST,False
2026-08-30T19:55:30.277+00:00,heldout,0,212,HNSW_HYBRID,wide_or,category_06,363,True,4,0.71166,"[0.50,1.00)",31.644417,1.0,False,exact_seq,SQL_FIRST,False
2026-08-30T19:55:30.312+00:00,heldout,0,212,IVFFLAT_HYBRID,wide_or,category_06,363,True,4,0.71166,"[0.50,1.00)",33.434209,1.0,False,exact_seq,SQL_FIRST,False
2026-08-30T19:55:30.345+00:00,heldout,1,212,SQL_FIRST,wide_or,category_06,363,True,4,0.71166,"[0.50,1.00)",32.045875,1.0,True,exact_seq,SQL_FIRST,True
2026-08-30T19:55:30.380+00:00,heldout,1,212,VECTOR_FIRST_HNSW,wide_or,category_06,363,True,4,0.71166,"[0.50,1.00)",34.266625,1.0,False,exact_bitmap,SQL_FIRST,False
2026-08-30T19:55:30.414+00:00,heldout,1,212,HNSW_HYBRID,wide_or,category_06,363,True,4,0.71166,"[0.50,1.00)",33.622292,1.0,False,exact_seq,SQL_FIRST,False
2026-08-30T19:55:30.448+00:00,heldout,1,212,IVFFLAT_HYBRID,wide_or,category_06,363,True,4,0.71166,"[0.50,1.00)",33.395,1.0,False,exact_seq,SQL_FIRST,False
2026-08-30T19:55:30.483+00:00,heldout,2,212,SQL_FIRST,wide_or,category_06,363,True,4,0.71166,"[0.50,1.00)",34.23725,1.0,True,exact_seq,SQL_FIRST,True
2026-08-30T19:55:30.517+00:00,heldout,2,212,VECTOR_FIRST_HNSW,wide_or,category_06,363,True,4,0.71166,"[0.50,1.00)",34.042667,1.0,False,exact_bitmap,SQL_FIRST,False
2026-08-30T19:55:30.550+00:00,heldout,2,212,HNSW_HYBRID,wide_or,category_06,363,True,4,0.71166,"[0.50,1.00)",32.196958,1.0,False,exact_seq,SQL_FIRST,False
2026-08-30T19:55:30.584+00:00,heldout,2,212,IVFFLAT_HYBRID,wide_or,category_06,363,True,4,0.71166,"[0.50,1.00)",33.08925,1.0,False,exact_seq,SQL_FIRST,False
2026-08-30T19:55:30.600+00:00,heldout,0,54,SQL_FIRST,single_category,category_06,77,True,1,0.099535,"[0.05,0.10)",14.457209,1.0,True,exact_bitmap,HNSW_HYBRID,False
2026-08-30T19:55:30.635+00:00,heldout,0,54,VECTOR_FIRST_HNSW,single_category,category_06,77,True,1,0.099535,"[0.05,0.10)",33.513625,1.0,False,exact_bitmap,HNSW_HYBRID,False
2026-08-30T19:55:30.650+00:00,heldout,0,54,HNSW_HYBRID,single_category,category_06,77,True,1,0.099535,"[0.05,0.10)",13.821,1.0,False,exact_bitmap,HNSW_HYBRID,True
2026-08-30T19:55:30.667+00:00,heldout,0,54,IVFFLAT_HYBRID,single_category,category_06,77,True,1,0.099535,"[0.05,0.10)",15.770459,1.0,False,exact_bitmap,HNSW_HYBRID,False
2026-08-30T19:55:30.683+00:00,heldout,1,54,SQL_FIRST,single_category,category_06,77,True,1,0.099535,"[0.05,0.10)",15.716833,1.0,True,exact_bitmap,HNSW_HYBRID,False
2026-08-30T19:55:30.716+00:00,heldout,1,54,VECTOR_FIRST_HNSW,single_category,category_06,77,True,1,0.099535,"[0.05,0.10)",31.912625,1.0,False,exact_bitmap,HNSW_HYBRID,False
2026-08-30T19:55:30.730+00:00,heldout,1,54,HNSW_HYBRID,single_category,category_06,77,True,1,0.099535,"[0.05,0.10)",13.938125,1.0,False,exact_bitmap,HNSW_HYBRID,True
2026-08-30T19:55:30.745+00:00,heldout,1,54,IVFFLAT_HYBRID,single_category,category_06,77,True,1,0.099535,"[0.05,0.10)",14.833416,1.0,False,exact_bitmap,HNSW_HYBRID,False
2026-08-30T19:55:30.762+00:00,heldout,2,54,SQL_FIRST,single_category,category_06,77,True,1,0.099535,"[0.05,0.10)",16.524167,1.0,True,exact_bitmap,HNSW_HYBRID,False
2026-08-30T19:55:30.799+00:00,heldout,2,54,VECTOR_FIRST_HNSW,single_category,category_06,77,True,1,0.099535,"[0.05,0.10)",36.071875,1.0,False,exact_bitmap,HNSW_HYBRID,False
2026-08-30T19:55:30.814+00:00,heldout,2,54,HNSW_HYBRID,single_category,category_06,77,True,1,0.099535,"[0.05,0.10)",13.938833,1.0,False,exact_bitmap,HNSW_HYBRID,True
2026-08-30T19:55:30.830+00:00,heldout,2,54,IVFFLAT_HYBRID,single_category,category_06,77,True,1,0.099535,"[0.05,0.10)",15.610375,1.0,False,exact_bitmap,HNSW_HYBRID,False
2026-08-30T19:55:30.838+00:00,heldout,0,38,SQL_FIRST,category_narrow_price,category_05,252,False,0,0.005015,"[0.00,0.05)",4.092,1.0,True,exact_bitmap,HNSW_HYBRID,False
2026-08-30T19:55:30.878+00:00,heldout,0,38,VECTOR_FIRST_HNSW,category_narrow_price,category_05,252,False,0,0.005015,"[0.00,0.05)",39.046167,0.3,False,exact_bitmap,HNSW_HYBRID,False
2026-08-30T19:55:30.882+00:00,heldout,0,38,HNSW_HYBRID,category_narrow_price,category_05,252,False,0,0.005015,"[0.00,0.05)",3.3315,1.0,False,exact_bitmap,HNSW_HYBRID,True
2026-08-30T19:55:30.887+00:00,heldout,0,38,IVFFLAT_HYBRID,category_narrow_price,category_05,252,False,0,0.005015,"[0.00,0.05)",3.256667,1.0,False,exact_bitmap,HNSW_HYBRID,False
2026-08-30T19:55:30.891+00:00,heldout,1,38,SQL_FIRST,category_narrow_price,category_05,252,False,0,0.005015,"[0.00,0.05)",3.506708,1.0,True,exact_bitmap,HNSW_HYBRID,False
2026-08-30T19:55:30.927+00:00,heldout,1,38,VECTOR_FIRST_HNSW,category_narrow_price,category_05,252,False,0,0.005015,"[0.00,0.05)",35.490417,0.3,False,exact_bitmap,HNSW_HYBRID,False
2026-08-30T19:55:30.930+00:00,heldout,1,38,HNSW_HYBRID,category_narrow_price,category_05,252,False,0,0.005015,"[0.00,0.05)",2.796833,1.0,False,exact_bitmap,HNSW_HYBRID,True
2026-08-30T19:55:30.935+00:00,heldout,1,38,IVFFLAT_HYBRID,category_narrow_price,category_05,252,False,0,0.005015,"[0.00,0.05)",4.329709,1.0,False,exact_bitmap,HNSW_HYBRID,False
2026-08-30T19:55:30.939+00:00,heldout,2,38,SQL_FIRST,category_narrow_price,category_05,252,False,0,0.005015,"[0.00,0.05)",3.591125,1.0,True,exact_bitmap,HNSW_HYBRID,False
2026-08-30T19:55:30.976+00:00,heldout,2,38,VECTOR_FIRST_HNSW,category_narrow_price,category_05,252,False,0,0.005015,"[0.00,0.05)",36.740292,0.3,False,exact_bitmap,HNSW_HYBRID,False
2026-08-30T19:55:30.979+00:00,heldout,2,38,HNSW_HYBRID,category_narrow_price,category_05,252,False,0,0.005015,"[0.00,0.05)",3.175958,1.0,False,exact_bitmap,HNSW_HYBRID,True
2026-08-30T19:55:30.983+00:00,heldout,2,38,IVFFLAT_HYBRID,category_narrow_price,category_05,252,False,0,0.005015,"[0.00,0.05)",3.045458,1.0,False,exact_bitmap,HNSW_HYBRID,False
2026-08-30T19:55:30.998+00:00,heldout,0,47,SQL_FIRST,category_and_stock,category_01,432,False,0,0.04925,"[0.00,0.05)",13.830167,1.0,True,exact_bitmap,HNSW_HYBRID,False
2026-08-30T19:55:31.036+00:00,heldout,0,47,VECTOR_FIRST_HNSW,category_and_stock,category_01,432,False,0,0.04925,"[0.00,0.05)",36.602667,0.7,False,exact_bitmap,HNSW_HYBRID,False
2026-08-30T19:55:31.049+00:00,heldout,0,47,HNSW_HYBRID,category_and_stock,category_01,432,False,0,0.04925,"[0.00,0.05)",11.707584,1.0,False,exact_bitmap,HNSW_HYBRID,True
2026-08-30T19:55:31.063+00:00,heldout,0,47,IVFFLAT_HYBRID,category_and_stock,category_01,432,False,0,0.04925,"[0.00,0.05)",13.306875,1.0,False,exact_bitmap,HNSW_HYBRID,False
2026-08-30T19:55:31.077+00:00,heldout,1,47,SQL_FIRST,category_and_stock,category_01,432,False,0,0.04925,"[0.00,0.05)",13.294292,1.0,True,exact_bitmap,HNSW_HYBRID,False
2026-08-30T19:55:31.108+00:00,heldout,1,47,VECTOR_FIRST_HNSW,category_and_stock,category_01,432,False,0,0.04925,"[0.00,0.05)",30.781584,0.7,False,exact_bitmap,HNSW_HYBRID,False
2026-08-30T19:55:31.120+00:00,heldout,1,47,HNSW_HYBRID,category_and_stock,category_01,432,False,0,0.04925,"[0.00,0.05)",11.195917,1.0,False,exact_bitmap,HNSW_HYBRID,True
2026-08-30T19:55:31.133+00:00,heldout,1,47,IVFFLAT_HYBRID,category_and_stock,category_01,432,False,0,0.04925,"[0.00,0.05)",12.215208,1.0,False,exact_bitmap,HNSW_HYBRID,False
2026-08-30T19:55:31.149+00:00,heldout,2,47,SQL_FIRST,category_and_stock,category_01,432,False,0,0.04925,"[0.00,0.05)",16.081709,1.0,True,exact_bitmap,HNSW_HYBRID,False
2026-08-30T19:55:31.187+00:00,heldout,2,47,VECTOR_FIRST_HNSW,category_and_stock,category_01,432,False,0,0.04925,"[0.00,0.05)",36.9385,0.7,False,exact_bitmap,HNSW_HYBRID,False
2026-08-30T19:55:31.199+00:00,heldout,2,47,HNSW_HYBRID,category_and_stock,category_01,432,False,0,0.04925,"[0.00,0.05)",12.029458,1.0,False,exact_bitmap,HNSW_HYBRID,True
2026-08-30T19:55:31.213+00:00,heldout,2,47,IVFFLAT_HYBRID,category_and_stock,category_01,432,False,0,0.04925,"[0.00,0.05)",13.014541,1.0,False,exact_bitmap,HNSW_HYBRID,False
2026-08-30T19:55:31.242+00:00,heldout,0,168,SQL_FIRST,three_categories,category_02,835,True,3,0.2705,"[0.25,0.50)",26.924375,1.0,True,exact_bitmap,IVFFLAT_HYBRID,False
2026-08-30T19:55:31.276+00:00,heldout,0,168,VECTOR_FIRST_HNSW,three_categories,category_02,835,True,3,0.2705,"[0.25,0.50)",31.931209,1.0,False,exact_bitmap,IVFFLAT_HYBRID,False
2026-08-30T19:55:31.300+00:00,heldout,0,168,HNSW_HYBRID,three_categories,category_02,835,True,3,0.2705,"[0.25,0.50)",21.302667,1.0,False,exact_bitmap,IVFFLAT_HYBRID,False
2026-08-30T19:55:31.325+00:00,heldout,0,168,IVFFLAT_HYBRID,three_categories,category_02,835,True,3,0.2705,"[0.25,0.50)",22.952958,1.0,False,exact_bitmap,IVFFLAT_HYBRID,True
2026-08-30T19:55:31.346+00:00,heldout,1,168,SQL_FIRST,three_categories,category_02,835,True,3,0.2705,"[0.25,0.50)",21.305916,1.0,True,exact_bitmap,IVFFLAT_HYBRID,False
2026-08-30T19:55:31.379+00:00,heldout,1,168,VECTOR_FIRST_HNSW,three_categories,category_02,835,True,3,0.2705,"[0.25,0.50)",32.244167,1.0,False,exact_bitmap,IVFFLAT_HYBRID,False
2026-08-30T19:55:31.401+00:00,heldout,1,168,HNSW_HYBRID,three_categories,category_02,835,True,3,0.2705,"[0.25,0.50)",21.617959,1.0,False,exact_bitmap,IVFFLAT_HYBRID,False
2026-08-30T19:55:31.425+00:00,heldout,1,168,IVFFLAT_HYBRID,three_categories,category_02,835,True,3,0.2705,"[0.25,0.50)",23.5335,1.0,False,exact_bitmap,IVFFLAT_HYBRID,True
2026-08-30T19:55:31.451+00:00,heldout,2,168,SQL_FIRST,three_categories,category_02,835,True,3,0.2705,"[0.25,0.50)",24.936416,1.0,True,exact_bitmap,IVFFLAT_HYBRID,False
2026-08-30T19:55:31.484+00:00,heldout,2,168,VECTOR_FIRST_HNSW,three_categories,category_02,835,True,3,0.2705,"[0.25,0.50)",32.6915,1.0,False,exact_bitmap,IVFFLAT_HYBRID,False
2026-08-30T19:55:31.507+00:00,heldout,2,168,HNSW_HYBRID,three_categories,category_02,835,True,3,0.2705,"[0.25,0.50)",22.22475,1.0,False,exact_bitmap,IVFFLAT_HYBRID,False
2026-08-30T19:55:31.529+00:00,heldout,2,168,IVFFLAT_HYBRID,three_categories,category_02,835,True,3,0.2705,"[0.25,0.50)",22.016917,1.0,False,exact_bitmap,IVFFLAT_HYBRID,True
2026-08-30T19:55:31.555+00:00,heldout,0,151,SQL_FIRST,three_categories,category_06,881,False,3,0.269895,"[0.25,0.50)",23.985708,1.0,True,exact_bitmap,IVFFLAT_HYBRID,False
2026-08-30T19:55:31.589+00:00,heldout,0,151,VECTOR_FIRST_HNSW,three_categories,category_06,881,False,3,0.269895,"[0.25,0.50)",32.71475,1.0,False,exact_bitmap,IVFFLAT_HYBRID,False
2026-08-30T19:55:31.612+00:00,heldout,0,151,HNSW_HYBRID,three_categories,category_06,881,False,3,0.269895,"[0.25,0.50)",20.944125,1.0,False,exact_bitmap,IVFFLAT_HYBRID,False
2026-08-30T19:55:31.635+00:00,heldout,0,151,IVFFLAT_HYBRID,three_categories,category_06,881,False,3,0.269895,"[0.25,0.50)",21.633834,1.0,False,exact_bitmap,IVFFLAT_HYBRID,True
2026-08-30T19:55:31.657+00:00,heldout,1,151,SQL_FIRST,three_categories,category_06,881,False,3,0.269895,"[0.25,0.50)",21.412666,1.0,True,exact_bitmap,IVFFLAT_HYBRID,False
2026-08-30T19:55:31.689+00:00,heldout,1,151,VECTOR_FIRST_HNSW,three_categories,category_06,881,False,3,0.269895,"[0.25,0.50)",32.093584,1.0,False,exact_bitmap,IVFFLAT_HYBRID,False
2026-08-30T19:55:31.712+00:00,heldout,1,151,HNSW_HYBRID,three_categories,category_06,881,False,3,0.269895,"[0.25,0.50)",22.0935,1.0,False,exact_bitmap,IVFFLAT_HYBRID,False
2026-08-30T19:55:31.734+00:00,heldout,1,151,IVFFLAT_HYBRID,three_categories,category_06,881,False,3,0.269895,"[0.25,0.50)",21.41175,1.0,False,exact_bitmap,IVFFLAT_HYBRID,True
2026-08-30T19:55:31.755+00:00,heldout,2,151,SQL_FIRST,three_categories,category_06,881,False,3,0.269895,"[0.25,0.50)",21.088084,1.0,True,exact_bitmap,IVFFLAT_HYBRID,False
2026-08-30T19:55:31.788+00:00,heldout,2,151,VECTOR_FIRST_HNSW,three_categories,category_06,881,False,3,0.269895,"[0.25,0.50)",31.979166,1.0,False,exact_bitmap,IVFFLAT_HYBRID,False
2026-08-30T19:55:31.810+00:00,heldout,2,151,HNSW_HYBRID,three_categories,category_06,881,False,3,0.269895,"[0.25,0.50)",21.122,1.0,False,exact_bitmap,IVFFLAT_HYBRID,False
2026-08-30T19:55:31.832+00:00,heldout,2,151,IVFFLAT_HYBRID,three_categories,category_06,881,False,3,0.269895,"[0.25,0.50)",22.067209,1.0,False,exact_bitmap,IVFFLAT_HYBRID,True
2026-08-30T19:55:31.856+00:00,heldout,0,161,SQL_FIRST,three_categories,category_04,558,True,3,0.267975,"[0.25,0.50)",20.992083,1.0,True,exact_bitmap,IVFFLAT_HYBRID,False
2026-08-30T19:55:31.890+00:00,heldout,0,161,VECTOR_FIRST_HNSW,three_categories,category_04,558,True,3,0.267975,"[0.25,0.50)",32.985625,1.0,False,exact_bitmap,IVFFLAT_HYBRID,False
2026-08-30T19:55:31.915+00:00,heldout,0,161,HNSW_HYBRID,three_categories,category_04,558,True,3,0.267975,"[0.25,0.50)",22.990416,1.0,False,exact_bitmap,IVFFLAT_HYBRID,False
2026-08-30T19:55:31.939+00:00,heldout,0,161,IVFFLAT_HYBRID,three_categories,category_04,558,True,3,0.267975,"[0.25,0.50)",22.867375,1.0,False,exact_bitmap,IVFFLAT_HYBRID,True
2026-08-30T19:55:31.971+00:00,heldout,1,161,SQL_FIRST,three_categories,category_04,558,True,3,0.267975,"[0.25,0.50)",31.742625,1.0,True,exact_bitmap,IVFFLAT_HYBRID,False
2026-08-30T19:55:32.012+00:00,heldout,1,161,VECTOR_FIRST_HNSW,three_categories,category_04,558,True,3,0.267975,"[0.25,0.50)",39.8665,1.0,False,exact_bitmap,IVFFLAT_HYBRID,False
2026-08-30T19:55:32.037+00:00,heldout,1,161,HNSW_HYBRID,three_categories,category_04,558,True,3,0.267975,"[0.25,0.50)",24.760958,1.0,False,exact_bitmap,IVFFLAT_HYBRID,False
2026-08-30T19:55:32.059+00:00,heldout,1,161,IVFFLAT_HYBRID,three_categories,category_04,558,True,3,0.267975,"[0.25,0.50)",21.764375,1.0,False,exact_bitmap,IVFFLAT_HYBRID,True
2026-08-30T19:55:32.084+00:00,heldout,2,161,SQL_FIRST,three_categories,category_04,558,True,3,0.267975,"[0.25,0.50)",24.42775,1.0,True,exact_bitmap,IVFFLAT_HYBRID,False
2026-08-30T19:55:32.121+00:00,heldout,2,161,VECTOR_FIRST_HNSW,three_categories,category_04,558,True,3,0.267975,"[0.25,0.50)",36.4735,1.0,False,exact_bitmap,IVFFLAT_HYBRID,False
2026-08-30T19:55:32.147+00:00,heldout,2,161,HNSW_HYBRID,three_categories,category_04,558,True,3,0.267975,"[0.25,0.50)",25.703958,1.0,False,exact_bitmap,IVFFLAT_HYBRID,False
2026-08-30T19:55:32.171+00:00,heldout,2,161,IVFFLAT_HYBRID,three_categories,category_04,558,True,3,0.267975,"[0.25,0.50)",24.3435,1.0,False,exact_bitmap,IVFFLAT_HYBRID,True
2026-08-30T19:55:32.188+00:00,heldout,0,74,SQL_FIRST,single_category,category_02,149,False,1,0.098965,"[0.05,0.10)",15.012542,1.0,True,exact_bitmap,HNSW_HYBRID,False
2026-08-30T19:55:32.226+00:00,heldout,0,74,VECTOR_FIRST_HNSW,single_category,category_02,149,False,1,0.098965,"[0.05,0.10)",36.110333,0.9,False,exact_bitmap,HNSW_HYBRID,False
2026-08-30T19:55:32.241+00:00,heldout,0,74,HNSW_HYBRID,single_category,category_02,149,False,1,0.098965,"[0.05,0.10)",13.970792,1.0,False,exact_bitmap,HNSW_HYBRID,True
2026-08-30T19:55:32.258+00:00,heldout,0,74,IVFFLAT_HYBRID,single_category,category_02,149,False,1,0.098965,"[0.05,0.10)",15.717459,1.0,False,exact_bitmap,HNSW_HYBRID,False
2026-08-30T19:55:32.274+00:00,heldout,1,74,SQL_FIRST,single_category,category_02,149,False,1,0.098965,"[0.05,0.10)",15.656958,1.0,True,exact_bitmap,HNSW_HYBRID,False
2026-08-30T19:55:32.308+00:00,heldout,1,74,VECTOR_FIRST_HNSW,single_category,category_02,149,False,1,0.098965,"[0.05,0.10)",33.477708,0.9,False,exact_bitmap,HNSW_HYBRID,False
2026-08-30T19:55:32.323+00:00,heldout,1,74,HNSW_HYBRID,single_category,category_02,149,False,1,0.098965,"[0.05,0.10)",14.225917,1.0,False,exact_bitmap,HNSW_HYBRID,True
2026-08-30T19:55:32.340+00:00,heldout,1,74,IVFFLAT_HYBRID,single_category,category_02,149,False,1,0.098965,"[0.05,0.10)",16.772542,1.0,False,exact_bitmap,HNSW_HYBRID,False
2026-08-30T19:55:32.356+00:00,heldout,2,74,SQL_FIRST,single_category,category_02,149,False,1,0.098965,"[0.05,0.10)",15.670584,1.0,True,exact_bitmap,HNSW_HYBRID,False
2026-08-30T19:55:32.390+00:00,heldout,2,74,VECTOR_FIRST_HNSW,single_category,category_02,149,False,1,0.098965,"[0.05,0.10)",33.634,0.9,False,exact_bitmap,HNSW_HYBRID,False
2026-08-30T19:55:32.405+00:00,heldout,2,74,HNSW_HYBRID,single_category,category_02,149,False,1,0.098965,"[0.05,0.10)",14.116791,1.0,False,exact_bitmap,HNSW_HYBRID,True
2026-08-30T19:55:32.423+00:00,heldout,2,74,IVFFLAT_HYBRID,single_category,category_02,149,False,1,0.098965,"[0.05,0.10)",17.144584,1.0,False,exact_bitmap,HNSW_HYBRID,False
2026-08-30T19:55:32.441+00:00,heldout,0,130,SQL_FIRST,price_range_mid,category_00,853,False,2,0.10145,"[0.10,0.25)",16.636625,1.0,True,exact_bitmap,HNSW_HYBRID,False
2026-08-30T19:55:32.478+00:00,heldout,0,130,VECTOR_FIRST_HNSW,price_range_mid,category_00,853,False,2,0.10145,"[0.10,0.25)",35.08175,1.0,False,exact_bitmap,HNSW_HYBRID,False
2026-08-30T19:55:32.495+00:00,heldout,0,130,HNSW_HYBRID,price_range_mid,category_00,853,False,2,0.10145,"[0.10,0.25)",15.78525,1.0,False,exact_bitmap,HNSW_HYBRID,True
2026-08-30T19:55:32.513+00:00,heldout,0,130,IVFFLAT_HYBRID,price_range_mid,category_00,853,False,2,0.10145,"[0.10,0.25)",16.459584,1.0,False,exact_bitmap,HNSW_HYBRID,False
2026-08-30T19:55:32.530+00:00,heldout,1,130,SQL_FIRST,price_range_mid,category_00,853,False,2,0.10145,"[0.10,0.25)",16.821958,1.0,True,exact_bitmap,HNSW_HYBRID,False
2026-08-30T19:55:32.565+00:00,heldout,1,130,VECTOR_FIRST_HNSW,price_range_mid,category_00,853,False,2,0.10145,"[0.10,0.25)",35.217625,1.0,False,exact_bitmap,HNSW_HYBRID,False
2026-08-30T19:55:32.582+00:00,heldout,1,130,HNSW_HYBRID,price_range_mid,category_00,853,False,2,0.10145,"[0.10,0.25)",15.83675,1.0,False,exact_bitmap,HNSW_HYBRID,True
2026-08-30T19:55:32.600+00:00,heldout,1,130,IVFFLAT_HYBRID,price_range_mid,category_00,853,False,2,0.10145,"[0.10,0.25)",17.484083,1.0,False,exact_bitmap,HNSW_HYBRID,False
2026-08-30T19:55:32.617+00:00,heldout,2,130,SQL_FIRST,price_range_mid,category_00,853,False,2,0.10145,"[0.10,0.25)",16.482958,1.0,True,exact_bitmap,HNSW_HYBRID,False
2026-08-30T19:55:32.651+00:00,heldout,2,130,VECTOR_FIRST_HNSW,price_range_mid,category_00,853,False,2,0.10145,"[0.10,0.25)",33.892708,1.0,False,exact_bitmap,HNSW_HYBRID,False
2026-08-30T19:55:32.667+00:00,heldout,2,130,HNSW_HYBRID,price_range_mid,category_00,853,False,2,0.10145,"[0.10,0.25)",14.57325,1.0,False,exact_bitmap,HNSW_HYBRID,True
2026-08-30T19:55:32.684+00:00,heldout,2,130,IVFFLAT_HYBRID,price_range_mid,category_00,853,False,2,0.10145,"[0.10,0.25)",16.439,1.0,False,exact_bitmap,HNSW_HYBRID,False
2026-08-30T19:55:32.702+00:00,heldout,0,58,SQL_FIRST,single_category,category_04,660,False,1,0.0967,"[0.05,0.10)",16.124583,1.0,True,exact_bitmap,HNSW_HYBRID,False
2026-08-30T19:55:32.737+00:00,heldout,0,58,VECTOR_FIRST_HNSW,single_category,category_04,660,False,1,0.0967,"[0.05,0.10)",33.498042,1.0,False,exact_bitmap,HNSW_HYBRID,False
2026-08-30T19:55:32.752+00:00,heldout,0,58,HNSW_HYBRID,single_category,category_04,660,False,1,0.0967,"[0.05,0.10)",14.280958,1.0,False,exact_bitmap,HNSW_HYBRID,True
2026-08-30T19:55:32.769+00:00,heldout,0,58,IVFFLAT_HYBRID,single_category,category_04,660,False,1,0.0967,"[0.05,0.10)",15.552917,1.0,False,exact_bitmap,HNSW_HYBRID,False
2026-08-30T19:55:32.785+00:00,heldout,1,58,SQL_FIRST,single_category,category_04,660,False,1,0.0967,"[0.05,0.10)",15.65525,1.0,True,exact_bitmap,HNSW_HYBRID,False
2026-08-30T19:55:32.819+00:00,heldout,1,58,VECTOR_FIRST_HNSW,single_category,category_04,660,False,1,0.0967,"[0.05,0.10)",33.450167,1.0,False,exact_bitmap,HNSW_HYBRID,False
2026-08-30T19:55:32.835+00:00,heldout,1,58,HNSW_HYBRID,single_category,category_04,660,False,1,0.0967,"[0.05,0.10)",15.770459,1.0,False,exact_bitmap,HNSW_HYBRID,True
2026-08-30T19:55:32.851+00:00,heldout,1,58,IVFFLAT_HYBRID,single_category,category_04,660,False,1,0.0967,"[0.05,0.10)",15.720375,1.0,False,exact_bitmap,HNSW_HYBRID,False
2026-08-30T19:55:32.867+00:00,heldout,2,58,SQL_FIRST,single_category,category_04,660,False,1,0.0967,"[0.05,0.10)",15.747667,1.0,True,exact_bitmap,HNSW_HYBRID,False
2026-08-30T19:55:32.902+00:00,heldout,2,58,VECTOR_FIRST_HNSW,single_category,category_04,660,False,1,0.0967,"[0.05,0.10)",33.629333,1.0,False,exact_bitmap,HNSW_HYBRID,False
2026-08-30T19:55:32.918+00:00,heldout,2,58,HNSW_HYBRID,single_category,category_04,660,False,1,0.0967,"[0.05,0.10)",15.963875,1.0,False,exact_bitmap,HNSW_HYBRID,True
2026-08-30T19:55:32.935+00:00,heldout,2,58,IVFFLAT_HYBRID,single_category,category_04,660,False,1,0.0967,"[0.05,0.10)",16.217167,1.0,False,exact_bitmap,HNSW_HYBRID,False
2026-08-30T19:55:32.955+00:00,heldout,0,61,SQL_FIRST,single_category,category_08,500,True,1,0.098665,"[0.05,0.10)",17.622833,1.0,True,exact_bitmap,HNSW_HYBRID,False
2026-08-30T19:55:32.992+00:00,heldout,0,61,VECTOR_FIRST_HNSW,single_category,category_08,500,True,1,0.098665,"[0.05,0.10)",35.619708,1.0,False,exact_bitmap,HNSW_HYBRID,False
2026-08-30T19:55:33.008+00:00,heldout,0,61,HNSW_HYBRID,single_category,category_08,500,True,1,0.098665,"[0.05,0.10)",15.237333,1.0,False,exact_bitmap,HNSW_HYBRID,True
2026-08-30T19:55:33.025+00:00,heldout,0,61,IVFFLAT_HYBRID,single_category,category_08,500,True,1,0.098665,"[0.05,0.10)",16.19275,1.0,False,exact_bitmap,HNSW_HYBRID,False
2026-08-30T19:55:33.041+00:00,heldout,1,61,SQL_FIRST,single_category,category_08,500,True,1,0.098665,"[0.05,0.10)",15.965208,1.0,True,exact_bitmap,HNSW_HYBRID,False
2026-08-30T19:55:33.077+00:00,heldout,1,61,VECTOR_FIRST_HNSW,single_category,category_08,500,True,1,0.098665,"[0.05,0.10)",35.014416,1.0,False,exact_bitmap,HNSW_HYBRID,False
2026-08-30T19:55:33.092+00:00,heldout,1,61,HNSW_HYBRID,single_category,category_08,500,True,1,0.098665,"[0.05,0.10)",14.203,1.0,False,exact_bitmap,HNSW_HYBRID,True
2026-08-30T19:55:33.108+00:00,heldout,1,61,IVFFLAT_HYBRID,single_category,category_08,500,True,1,0.098665,"[0.05,0.10)",15.639458,1.0,False,exact_bitmap,HNSW_HYBRID,False
2026-08-30T19:55:33.124+00:00,heldout,2,61,SQL_FIRST,single_category,category_08,500,True,1,0.098665,"[0.05,0.10)",15.646583,1.0,True,exact_bitmap,HNSW_HYBRID,False
2026-08-30T19:55:33.161+00:00,heldout,2,61,VECTOR_FIRST_HNSW,single_category,category_08,500,True,1,0.098665,"[0.05,0.10)",35.9295,1.0,False,exact_bitmap,HNSW_HYBRID,False
2026-08-30T19:55:33.176+00:00,heldout,2,61,HNSW_HYBRID,single_category,category_08,500,True,1,0.098665,"[0.05,0.10)",14.20175,1.0,False,exact_bitmap,HNSW_HYBRID,True
2026-08-30T19:55:33.192+00:00,heldout,2,61,IVFFLAT_HYBRID,single_category,category_08,500,True,1,0.098665,"[0.05,0.10)",15.753916,1.0,False,exact_bitmap,HNSW_HYBRID,False
2026-08-30T19:55:33.210+00:00,heldout,0,65,SQL_FIRST,single_category,category_06,189,True,1,0.099535,"[0.05,0.10)",15.736375,1.0,True,exact_bitmap,HNSW_HYBRID,False
2026-08-30T19:55:33.244+00:00,heldout,0,65,VECTOR_FIRST_HNSW,single_category,category_06,189,True,1,0.099535,"[0.05,0.10)",33.557583,1.0,False,exact_bitmap,HNSW_HYBRID,False
2026-08-30T19:55:33.261+00:00,heldout,0,65,HNSW_HYBRID,single_category,category_06,189,True,1,0.099535,"[0.05,0.10)",14.432833,1.0,False,exact_bitmap,HNSW_HYBRID,True
2026-08-30T19:55:33.278+00:00,heldout,0,65,IVFFLAT_HYBRID,single_category,category_06,189,True,1,0.099535,"[0.05,0.10)",15.666375,1.0,False,exact_bitmap,HNSW_HYBRID,False
2026-08-30T19:55:33.294+00:00,heldout,1,65,SQL_FIRST,single_category,category_06,189,True,1,0.099535,"[0.05,0.10)",15.620084,1.0,True,exact_bitmap,HNSW_HYBRID,False
2026-08-30T19:55:33.328+00:00,heldout,1,65,VECTOR_FIRST_HNSW,single_category,category_06,189,True,1,0.099535,"[0.05,0.10)",33.460959,1.0,False,exact_bitmap,HNSW_HYBRID,False
2026-08-30T19:55:33.342+00:00,heldout,1,65,HNSW_HYBRID,single_category,category_06,189,True,1,0.099535,"[0.05,0.10)",14.120416,1.0,False,exact_bitmap,HNSW_HYBRID,True
2026-08-30T19:55:33.358+00:00,heldout,1,65,IVFFLAT_HYBRID,single_category,category_06,189,True,1,0.099535,"[0.05,0.10)",15.71675,1.0,False,exact_bitmap,HNSW_HYBRID,False
2026-08-30T19:55:33.375+00:00,heldout,2,65,SQL_FIRST,single_category,category_06,189,True,1,0.099535,"[0.05,0.10)",15.863958,1.0,True,exact_bitmap,HNSW_HYBRID,False
2026-08-30T19:55:33.412+00:00,heldout,2,65,VECTOR_FIRST_HNSW,single_category,category_06,189,True,1,0.099535,"[0.05,0.10)",37.258583,1.0,False,exact_bitmap,HNSW_HYBRID,False
2026-08-30T19:55:33.430+00:00,heldout,2,65,HNSW_HYBRID,single_category,category_06,189,True,1,0.099535,"[0.05,0.10)",16.604583,1.0,False,exact_bitmap,HNSW_HYBRID,True
2026-08-30T19:55:33.448+00:00,heldout,2,65,IVFFLAT_HYBRID,single_category,category_06,189,True,1,0.099535,"[0.05,0.10)",17.45,1.0,False,exact_bitmap,HNSW_HYBRID,False
2026-08-30T19:55:33.454+00:00,heldout,0,49,SQL_FIRST,category_narrow_price,category_09,219,False,0,0.005015,"[0.00,0.05)",4.105166,1.0,True,exact_bitmap,HNSW_HYBRID,False
2026-08-30T19:55:33.495+00:00,heldout,0,49,VECTOR_FIRST_HNSW,category_narrow_price,category_09,219,False,0,0.005015,"[0.00,0.05)",38.971875,0.0,False,exact_bitmap,HNSW_HYBRID,False
2026-08-30T19:55:33.499+00:00,heldout,0,49,HNSW_HYBRID,category_narrow_price,category_09,219,False,0,0.005015,"[0.00,0.05)",3.402042,1.0,False,exact_bitmap,HNSW_HYBRID,True
2026-08-30T19:55:33.505+00:00,heldout,0,49,IVFFLAT_HYBRID,category_narrow_price,category_09,219,False,0,0.005015,"[0.00,0.05)",3.835459,1.0,False,exact_bitmap,HNSW_HYBRID,False
2026-08-30T19:55:33.509+00:00,heldout,1,49,SQL_FIRST,category_narrow_price,category_09,219,False,0,0.005015,"[0.00,0.05)",4.054833,1.0,True,exact_bitmap,HNSW_HYBRID,False
2026-08-30T19:55:33.546+00:00,heldout,1,49,VECTOR_FIRST_HNSW,category_narrow_price,category_09,219,False,0,0.005015,"[0.00,0.05)",35.965875,0.0,False,exact_bitmap,HNSW_HYBRID,False
2026-08-30T19:55:33.549+00:00,heldout,1,49,HNSW_HYBRID,category_narrow_price,category_09,219,False,0,0.005015,"[0.00,0.05)",3.253625,1.0,False,exact_bitmap,HNSW_HYBRID,True
2026-08-30T19:55:33.553+00:00,heldout,1,49,IVFFLAT_HYBRID,category_narrow_price,category_09,219,False,0,0.005015,"[0.00,0.05)",3.229833,1.0,False,exact_bitmap,HNSW_HYBRID,False
2026-08-30T19:55:33.557+00:00,heldout,2,49,SQL_FIRST,category_narrow_price,category_09,219,False,0,0.005015,"[0.00,0.05)",3.423417,1.0,True,exact_bitmap,HNSW_HYBRID,False
2026-08-30T19:55:33.592+00:00,heldout,2,49,VECTOR_FIRST_HNSW,category_narrow_price,category_09,219,False,0,0.005015,"[0.00,0.05)",35.187583,0.0,False,exact_bitmap,HNSW_HYBRID,False
2026-08-30T19:55:33.596+00:00,heldout,2,49,HNSW_HYBRID,category_narrow_price,category_09,219,False,0,0.005015,"[0.00,0.05)",3.049917,1.0,False,exact_bitmap,HNSW_HYBRID,True
2026-08-30T19:55:33.599+00:00,heldout,2,49,IVFFLAT_HYBRID,category_narrow_price,category_09,219,False,0,0.005015,"[0.00,0.05)",3.01375,1.0,False,exact_bitmap,HNSW_HYBRID,False
2026-08-30T19:55:33.616+00:00,heldout,0,4,SQL_FIRST,category_and_stock,category_05,252,False,0,0.049935,"[0.00,0.05)",13.665792,1.0,True,exact_bitmap,HNSW_HYBRID,False
2026-08-30T19:55:33.651+00:00,heldout,0,4,VECTOR_FIRST_HNSW,category_and_stock,category_05,252,False,0,0.049935,"[0.00,0.05)",34.18725,0.5,False,exact_bitmap,HNSW_HYBRID,False
2026-08-30T19:55:33.667+00:00,heldout,0,4,HNSW_HYBRID,category_and_stock,category_05,252,False,0,0.049935,"[0.00,0.05)",11.921459,1.0,False,exact_bitmap,HNSW_HYBRID,True
2026-08-30T19:55:33.684+00:00,heldout,0,4,IVFFLAT_HYBRID,category_and_stock,category_05,252,False,0,0.049935,"[0.00,0.05)",15.108041,1.0,False,exact_bitmap,HNSW_HYBRID,False
2026-08-30T19:55:33.699+00:00,heldout,1,4,SQL_FIRST,category_and_stock,category_05,252,False,0,0.049935,"[0.00,0.05)",14.177292,1.0,True,exact_bitmap,HNSW_HYBRID,False
2026-08-30T19:55:33.733+00:00,heldout,1,4,VECTOR_FIRST_HNSW,category_and_stock,category_05,252,False,0,0.049935,"[0.00,0.05)",33.9075,0.5,False,exact_bitmap,HNSW_HYBRID,False
2026-08-30T19:55:33.745+00:00,heldout,1,4,HNSW_HYBRID,category_and_stock,category_05,252,False,0,0.049935,"[0.00,0.05)",11.106916,1.0,False,exact_bitmap,HNSW_HYBRID,True
2026-08-30T19:55:33.759+00:00,heldout,1,4,IVFFLAT_HYBRID,category_and_stock,category_05,252,False,0,0.049935,"[0.00,0.05)",12.999458,1.0,False,exact_bitmap,HNSW_HYBRID,False
2026-08-30T19:55:33.772+00:00,heldout,2,4,SQL_FIRST,category_and_stock,category_05,252,False,0,0.049935,"[0.00,0.05)",12.98475,1.0,True,exact_bitmap,HNSW_HYBRID,False
2026-08-30T19:55:33.806+00:00,heldout,2,4,VECTOR_FIRST_HNSW,category_and_stock,category_05,252,False,0,0.049935,"[0.00,0.05)",33.44575,0.5,False,exact_bitmap,HNSW_HYBRID,False
2026-08-30T19:55:33.820+00:00,heldout,2,4,HNSW_HYBRID,category_and_stock,category_05,252,False,0,0.049935,"[0.00,0.05)",13.327875,1.0,False,exact_bitmap,HNSW_HYBRID,True
2026-08-30T19:55:33.834+00:00,heldout,2,4,IVFFLAT_HYBRID,category_and_stock,category_05,252,False,0,0.049935,"[0.00,0.05)",13.260125,1.0,False,exact_bitmap,HNSW_HYBRID,False
2026-08-30T19:55:33.852+00:00,heldout,0,53,SQL_FIRST,single_category,category_02,858,True,1,0.098965,"[0.05,0.10)",15.871667,1.0,True,exact_bitmap,HNSW_HYBRID,False
2026-08-30T19:55:33.887+00:00,heldout,0,53,VECTOR_FIRST_HNSW,single_category,category_02,858,True,1,0.098965,"[0.05,0.10)",33.370291,1.0,False,exact_bitmap,HNSW_HYBRID,False
2026-08-30T19:55:33.902+00:00,heldout,0,53,HNSW_HYBRID,single_category,category_02,858,True,1,0.098965,"[0.05,0.10)",13.896708,1.0,False,exact_bitmap,HNSW_HYBRID,True
2026-08-30T19:55:33.919+00:00,heldout,0,53,IVFFLAT_HYBRID,single_category,category_02,858,True,1,0.098965,"[0.05,0.10)",15.768167,1.0,False,exact_bitmap,HNSW_HYBRID,False
2026-08-30T19:55:33.936+00:00,heldout,1,53,SQL_FIRST,single_category,category_02,858,True,1,0.098965,"[0.05,0.10)",16.1385,1.0,True,exact_bitmap,HNSW_HYBRID,False
2026-08-30T19:55:33.971+00:00,heldout,1,53,VECTOR_FIRST_HNSW,single_category,category_02,858,True,1,0.098965,"[0.05,0.10)",34.924542,1.0,False,exact_bitmap,HNSW_HYBRID,False
2026-08-30T19:55:33.986+00:00,heldout,1,53,HNSW_HYBRID,single_category,category_02,858,True,1,0.098965,"[0.05,0.10)",14.87275,1.0,False,exact_bitmap,HNSW_HYBRID,True
2026-08-30T19:55:34.004+00:00,heldout,1,53,IVFFLAT_HYBRID,single_category,category_02,858,True,1,0.098965,"[0.05,0.10)",17.424792,1.0,False,exact_bitmap,HNSW_HYBRID,False
2026-08-30T19:55:34.020+00:00,heldout,2,53,SQL_FIRST,single_category,category_02,858,True,1,0.098965,"[0.05,0.10)",16.031,1.0,True,exact_bitmap,HNSW_HYBRID,False
2026-08-30T19:55:34.056+00:00,heldout,2,53,VECTOR_FIRST_HNSW,single_category,category_02,858,True,1,0.098965,"[0.05,0.10)",35.229334,1.0,False,exact_bitmap,HNSW_HYBRID,False
2026-08-30T19:55:34.072+00:00,heldout,2,53,HNSW_HYBRID,single_category,category_02,858,True,1,0.098965,"[0.05,0.10)",16.026541,1.0,False,exact_bitmap,HNSW_HYBRID,True
2026-08-30T19:55:34.088+00:00,heldout,2,53,IVFFLAT_HYBRID,single_category,category_02,858,True,1,0.098965,"[0.05,0.10)",15.514584,1.0,False,exact_bitmap,HNSW_HYBRID,False
2026-08-30T19:55:34.094+00:00,heldout,0,33,SQL_FIRST,category_narrow_price,category_06,176,True,0,0.00503,"[0.00,0.05)",3.186917,1.0,True,exact_bitmap,HNSW_HYBRID,False
2026-08-30T19:55:34.123+00:00,heldout,0,33,VECTOR_FIRST_HNSW,category_narrow_price,category_06,176,True,0,0.00503,"[0.00,0.05)",27.878833,0.0,False,exact_bitmap,HNSW_HYBRID,False
2026-08-30T19:55:34.127+00:00,heldout,0,33,HNSW_HYBRID,category_narrow_price,category_06,176,True,0,0.00503,"[0.00,0.05)",2.786834,1.0,False,exact_bitmap,HNSW_HYBRID,True
2026-08-30T19:55:34.132+00:00,heldout,0,33,IVFFLAT_HYBRID,category_narrow_price,category_06,176,True,0,0.00503,"[0.00,0.05)",2.968542,1.0,False,exact_bitmap,HNSW_HYBRID,False
2026-08-30T19:55:34.136+00:00,heldout,1,33,SQL_FIRST,category_narrow_price,category_06,176,True,0,0.00503,"[0.00,0.05)",3.332583,1.0,True,exact_bitmap,HNSW_HYBRID,False
2026-08-30T19:55:34.171+00:00,heldout,1,33,VECTOR_FIRST_HNSW,category_narrow_price,category_06,176,True,0,0.00503,"[0.00,0.05)",34.985834,0.0,False,exact_bitmap,HNSW_HYBRID,False
2026-08-30T19:55:34.175+00:00,heldout,1,33,HNSW_HYBRID,category_narrow_price,category_06,176,True,0,0.00503,"[0.00,0.05)",3.174833,1.0,False,exact_bitmap,HNSW_HYBRID,True
2026-08-30T19:55:34.177+00:00,heldout,1,33,IVFFLAT_HYBRID,category_narrow_price,category_06,176,True,0,0.00503,"[0.00,0.05)",2.141834,1.0,False,exact_bitmap,HNSW_HYBRID,False
2026-08-30T19:55:34.180+00:00,heldout,2,33,SQL_FIRST,category_narrow_price,category_06,176,True,0,0.00503,"[0.00,0.05)",3.285958,1.0,True,exact_bitmap,HNSW_HYBRID,False
2026-08-30T19:55:34.215+00:00,heldout,2,33,VECTOR_FIRST_HNSW,category_narrow_price,category_06,176,True,0,0.00503,"[0.00,0.05)",34.474375,0.0,False,exact_bitmap,HNSW_HYBRID,False
2026-08-30T19:55:34.219+00:00,heldout,2,33,HNSW_HYBRID,category_narrow_price,category_06,176,True,0,0.00503,"[0.00,0.05)",3.002625,1.0,False,exact_bitmap,HNSW_HYBRID,True
2026-08-30T19:55:34.221+00:00,heldout,2,33,IVFFLAT_HYBRID,category_narrow_price,category_06,176,True,0,0.00503,"[0.00,0.05)",2.465667,1.0,False,exact_bitmap,HNSW_HYBRID,False
2026-08-30T19:55:34.227+00:00,heldout,0,22,SQL_FIRST,category_narrow_price,category_03,700,True,0,0.00507,"[0.00,0.05)",3.949958,1.0,True,exact_bitmap,HNSW_HYBRID,False
2026-08-30T19:55:34.262+00:00,heldout,0,22,VECTOR_FIRST_HNSW,category_narrow_price,category_03,700,True,0,0.00507,"[0.00,0.05)",33.4845,0.1,False,exact_bitmap,HNSW_HYBRID,False
2026-08-30T19:55:34.269+00:00,heldout,0,22,HNSW_HYBRID,category_narrow_price,category_03,700,True,0,0.00507,"[0.00,0.05)",5.035584,1.0,False,exact_bitmap,HNSW_HYBRID,True
2026-08-30T19:55:34.273+00:00,heldout,0,22,IVFFLAT_HYBRID,category_narrow_price,category_03,700,True,0,0.00507,"[0.00,0.05)",3.604208,1.0,False,exact_bitmap,HNSW_HYBRID,False
2026-08-30T19:55:34.277+00:00,heldout,1,22,SQL_FIRST,category_narrow_price,category_03,700,True,0,0.00507,"[0.00,0.05)",3.397,1.0,True,exact_bitmap,HNSW_HYBRID,False
2026-08-30T19:55:34.311+00:00,heldout,1,22,VECTOR_FIRST_HNSW,category_narrow_price,category_03,700,True,0,0.00507,"[0.00,0.05)",33.272917,0.1,False,exact_bitmap,HNSW_HYBRID,False
2026-08-30T19:55:34.316+00:00,heldout,1,22,HNSW_HYBRID,category_narrow_price,category_03,700,True,0,0.00507,"[0.00,0.05)",4.756875,1.0,False,exact_bitmap,HNSW_HYBRID,True
2026-08-30T19:55:34.320+00:00,heldout,1,22,IVFFLAT_HYBRID,category_narrow_price,category_03,700,True,0,0.00507,"[0.00,0.05)",3.609208,1.0,False,exact_bitmap,HNSW_HYBRID,False
2026-08-30T19:55:34.324+00:00,heldout,2,22,SQL_FIRST,category_narrow_price,category_03,700,True,0,0.00507,"[0.00,0.05)",3.336917,1.0,True,exact_bitmap,HNSW_HYBRID,False
2026-08-30T19:55:34.357+00:00,heldout,2,22,VECTOR_FIRST_HNSW,category_narrow_price,category_03,700,True,0,0.00507,"[0.00,0.05)",33.234541,0.1,False,exact_bitmap,HNSW_HYBRID,False
2026-08-30T19:55:34.361+00:00,heldout,2,22,HNSW_HYBRID,category_narrow_price,category_03,700,True,0,0.00507,"[0.00,0.05)",2.972959,1.0,False,exact_bitmap,HNSW_HYBRID,True
2026-08-30T19:55:34.365+00:00,heldout,2,22,IVFFLAT_HYBRID,category_narrow_price,category_03,700,True,0,0.00507,"[0.00,0.05)",4.008667,1.0,False,exact_bitmap,HNSW_HYBRID,False
2026-08-30T19:55:34.372+00:00,heldout,0,44,SQL_FIRST,category_narrow_price,category_06,427,True,0,0.004955,"[0.00,0.05)",4.188708,1.0,True,exact_bitmap,HNSW_HYBRID,False
2026-08-30T19:55:34.407+00:00,heldout,0,44,VECTOR_FIRST_HNSW,category_narrow_price,category_06,427,True,0,0.004955,"[0.00,0.05)",33.543458,0.1,False,exact_bitmap,HNSW_HYBRID,False
2026-08-30T19:55:34.411+00:00,heldout,0,44,HNSW_HYBRID,category_narrow_price,category_06,427,True,0,0.004955,"[0.00,0.05)",2.872334,1.0,False,exact_bitmap,HNSW_HYBRID,True
2026-08-30T19:55:34.417+00:00,heldout,0,44,IVFFLAT_HYBRID,category_narrow_price,category_06,427,True,0,0.004955,"[0.00,0.05)",4.546833,1.0,False,exact_bitmap,HNSW_HYBRID,False
2026-08-30T19:55:34.421+00:00,heldout,1,44,SQL_FIRST,category_narrow_price,category_06,427,True,0,0.004955,"[0.00,0.05)",3.972083,1.0,True,exact_bitmap,HNSW_HYBRID,False
2026-08-30T19:55:34.457+00:00,heldout,1,44,VECTOR_FIRST_HNSW,category_narrow_price,category_06,427,True,0,0.004955,"[0.00,0.05)",34.864875,0.1,False,exact_bitmap,HNSW_HYBRID,False
2026-08-30T19:55:34.460+00:00,heldout,1,44,HNSW_HYBRID,category_narrow_price,category_06,427,True,0,0.004955,"[0.00,0.05)",2.860375,1.0,False,exact_bitmap,HNSW_HYBRID,True
2026-08-30T19:55:34.464+00:00,heldout,1,44,IVFFLAT_HYBRID,category_narrow_price,category_06,427,True,0,0.004955,"[0.00,0.05)",3.645875,1.0,False,exact_bitmap,HNSW_HYBRID,False
2026-08-30T19:55:34.469+00:00,heldout,2,44,SQL_FIRST,category_narrow_price,category_06,427,True,0,0.004955,"[0.00,0.05)",4.00025,1.0,True,exact_bitmap,HNSW_HYBRID,False
2026-08-30T19:55:34.504+00:00,heldout,2,44,VECTOR_FIRST_HNSW,category_narrow_price,category_06,427,True,0,0.004955,"[0.00,0.05)",33.998791,0.1,False,exact_bitmap,HNSW_HYBRID,False
2026-08-30T19:55:34.507+00:00,heldout,2,44,HNSW_HYBRID,category_narrow_price,category_06,427,True,0,0.004955,"[0.00,0.05)",2.744,1.0,False,exact_bitmap,HNSW_HYBRID,True
2026-08-30T19:55:34.511+00:00,heldout,2,44,IVFFLAT_HYBRID,category_narrow_price,category_06,427,True,0,0.004955,"[0.00,0.05)",3.033084,1.0,False,exact_bitmap,HNSW_HYBRID,False
2026-08-30T19:55:34.528+00:00,heldout,0,96,SQL_FIRST,single_category,category_09,147,True,1,0.0999,"[0.05,0.10)",15.613792,1.0,True,exact_bitmap,HNSW_HYBRID,False
2026-08-30T19:55:34.564+00:00,heldout,0,96,VECTOR_FIRST_HNSW,single_category,category_09,147,True,1,0.0999,"[0.05,0.10)",33.988583,0.3,False,exact_bitmap,HNSW_HYBRID,False
2026-08-30T19:55:34.581+00:00,heldout,0,96,HNSW_HYBRID,single_category,category_09,147,True,1,0.0999,"[0.05,0.10)",14.442917,1.0,False,exact_bitmap,HNSW_HYBRID,True
2026-08-30T19:55:34.599+00:00,heldout,0,96,IVFFLAT_HYBRID,single_category,category_09,147,True,1,0.0999,"[0.05,0.10)",16.336958,1.0,False,exact_bitmap,HNSW_HYBRID,False
2026-08-30T19:55:34.615+00:00,heldout,1,96,SQL_FIRST,single_category,category_09,147,True,1,0.0999,"[0.05,0.10)",16.486084,1.0,True,exact_bitmap,HNSW_HYBRID,False
2026-08-30T19:55:34.650+00:00,heldout,1,96,VECTOR_FIRST_HNSW,single_category,category_09,147,True,1,0.0999,"[0.05,0.10)",34.010042,0.3,False,exact_bitmap,HNSW_HYBRID,False
2026-08-30T19:55:34.665+00:00,heldout,1,96,HNSW_HYBRID,single_category,category_09,147,True,1,0.0999,"[0.05,0.10)",13.759375,1.0,False,exact_bitmap,HNSW_HYBRID,True
2026-08-30T19:55:34.682+00:00,heldout,1,96,IVFFLAT_HYBRID,single_category,category_09,147,True,1,0.0999,"[0.05,0.10)",15.824333,1.0,False,exact_bitmap,HNSW_HYBRID,False
2026-08-30T19:55:34.699+00:00,heldout,2,96,SQL_FIRST,single_category,category_09,147,True,1,0.0999,"[0.05,0.10)",16.44925,1.0,True,exact_bitmap,HNSW_HYBRID,False
2026-08-30T19:55:34.733+00:00,heldout,2,96,VECTOR_FIRST_HNSW,single_category,category_09,147,True,1,0.0999,"[0.05,0.10)",33.21075,0.3,False,exact_bitmap,HNSW_HYBRID,False
2026-08-30T19:55:34.747+00:00,heldout,2,96,HNSW_HYBRID,single_category,category_09,147,True,1,0.0999,"[0.05,0.10)",13.94575,1.0,False,exact_bitmap,HNSW_HYBRID,True
2026-08-30T19:55:34.764+00:00,heldout,2,96,IVFFLAT_HYBRID,single_category,category_09,147,True,1,0.0999,"[0.05,0.10)",16.361375,1.0,False,exact_bitmap,HNSW_HYBRID,False
2026-08-30T19:55:34.770+00:00,heldout,0,18,SQL_FIRST,category_narrow_price,category_04,412,True,0,0.005,"[0.00,0.05)",4.056208,1.0,True,exact_bitmap,HNSW_HYBRID,False
2026-08-30T19:55:34.806+00:00,heldout,0,18,VECTOR_FIRST_HNSW,category_narrow_price,category_04,412,True,0,0.005,"[0.00,0.05)",34.459292,0.0,False,exact_bitmap,HNSW_HYBRID,False
2026-08-30T19:55:34.810+00:00,heldout,0,18,HNSW_HYBRID,category_narrow_price,category_04,412,True,0,0.005,"[0.00,0.05)",3.55675,1.0,False,exact_bitmap,HNSW_HYBRID,True
2026-08-30T19:55:34.813+00:00,heldout,0,18,IVFFLAT_HYBRID,category_narrow_price,category_04,412,True,0,0.005,"[0.00,0.05)",2.370833,1.0,False,exact_bitmap,HNSW_HYBRID,False
2026-08-30T19:55:34.818+00:00,heldout,1,18,SQL_FIRST,category_narrow_price,category_04,412,True,0,0.005,"[0.00,0.05)",4.05575,1.0,True,exact_bitmap,HNSW_HYBRID,False
2026-08-30T19:55:34.853+00:00,heldout,1,18,VECTOR_FIRST_HNSW,category_narrow_price,category_04,412,True,0,0.005,"[0.00,0.05)",35.382791,0.0,False,exact_bitmap,HNSW_HYBRID,False
2026-08-30T19:55:34.857+00:00,heldout,1,18,HNSW_HYBRID,category_narrow_price,category_04,412,True,0,0.005,"[0.00,0.05)",3.601917,1.0,False,exact_bitmap,HNSW_HYBRID,True
2026-08-30T19:55:34.860+00:00,heldout,1,18,IVFFLAT_HYBRID,category_narrow_price,category_04,412,True,0,0.005,"[0.00,0.05)",2.828958,1.0,False,exact_bitmap,HNSW_HYBRID,False
2026-08-30T19:55:34.865+00:00,heldout,2,18,SQL_FIRST,category_narrow_price,category_04,412,True,0,0.005,"[0.00,0.05)",4.537125,1.0,True,exact_bitmap,HNSW_HYBRID,False
2026-08-30T19:55:34.900+00:00,heldout,2,18,VECTOR_FIRST_HNSW,category_narrow_price,category_04,412,True,0,0.005,"[0.00,0.05)",34.482667,0.0,False,exact_bitmap,HNSW_HYBRID,False
2026-08-30T19:55:34.903+00:00,heldout,2,18,HNSW_HYBRID,category_narrow_price,category_04,412,True,0,0.005,"[0.00,0.05)",2.695583,1.0,False,exact_bitmap,HNSW_HYBRID,True
2026-08-30T19:55:34.906+00:00,heldout,2,18,IVFFLAT_HYBRID,category_narrow_price,category_04,412,True,0,0.005,"[0.00,0.05)",2.250042,1.0,False,exact_bitmap,HNSW_HYBRID,False
2026-08-30T19:55:34.930+00:00,heldout,0,171,SQL_FIRST,three_categories,category_00,43,False,3,0.271845,"[0.25,0.50)",23.091458,1.0,True,exact_bitmap,IVFFLAT_HYBRID,False
2026-08-30T19:55:34.964+00:00,heldout,0,171,VECTOR_FIRST_HNSW,three_categories,category_00,43,False,3,0.271845,"[0.25,0.50)",33.105459,1.0,False,exact_bitmap,IVFFLAT_HYBRID,False
2026-08-30T19:55:34.989+00:00,heldout,0,171,HNSW_HYBRID,three_categories,category_00,43,False,3,0.271845,"[0.25,0.50)",23.353667,1.0,False,exact_bitmap,IVFFLAT_HYBRID,False
2026-08-30T19:55:35.014+00:00,heldout,0,171,IVFFLAT_HYBRID,three_categories,category_00,43,False,3,0.271845,"[0.25,0.50)",24.702917,1.0,False,exact_bitmap,IVFFLAT_HYBRID,True
2026-08-30T19:55:35.037+00:00,heldout,1,171,SQL_FIRST,three_categories,category_00,43,False,3,0.271845,"[0.25,0.50)",22.196583,1.0,True,exact_bitmap,IVFFLAT_HYBRID,False
2026-08-30T19:55:35.070+00:00,heldout,1,171,VECTOR_FIRST_HNSW,three_categories,category_00,43,False,3,0.271845,"[0.25,0.50)",32.608083,1.0,False,exact_bitmap,IVFFLAT_HYBRID,False
2026-08-30T19:55:35.094+00:00,heldout,1,171,HNSW_HYBRID,three_categories,category_00,43,False,3,0.271845,"[0.25,0.50)",23.707833,1.0,False,exact_bitmap,IVFFLAT_HYBRID,False
2026-08-30T19:55:35.118+00:00,heldout,1,171,IVFFLAT_HYBRID,three_categories,category_00,43,False,3,0.271845,"[0.25,0.50)",22.891166,1.0,False,exact_bitmap,IVFFLAT_HYBRID,True
2026-08-30T19:55:35.143+00:00,heldout,2,171,SQL_FIRST,three_categories,category_00,43,False,3,0.271845,"[0.25,0.50)",24.516916,1.0,True,exact_bitmap,IVFFLAT_HYBRID,False
2026-08-30T19:55:35.177+00:00,heldout,2,171,VECTOR_FIRST_HNSW,three_categories,category_00,43,False,3,0.271845,"[0.25,0.50)",34.175459,1.0,False,exact_bitmap,IVFFLAT_HYBRID,False
2026-08-30T19:55:35.200+00:00,heldout,2,171,HNSW_HYBRID,three_categories,category_00,43,False,3,0.271845,"[0.25,0.50)",22.428292,1.0,False,exact_bitmap,IVFFLAT_HYBRID,False
2026-08-30T19:55:35.222+00:00,heldout,2,171,IVFFLAT_HYBRID,three_categories,category_00,43,False,3,0.271845,"[0.25,0.50)",21.223833,1.0,False,exact_bitmap,IVFFLAT_HYBRID,True
2026-08-30T19:55:35.227+00:00,heldout,0,7,SQL_FIRST,category_narrow_price,category_07,80,True,0,0.00525,"[0.00,0.05)",2.798958,1.0,True,exact_bitmap,HNSW_HYBRID,False
2026-08-30T19:55:35.261+00:00,heldout,0,7,VECTOR_FIRST_HNSW,category_narrow_price,category_07,80,True,0,0.00525,"[0.00,0.05)",33.27025,0.0,False,exact_bitmap,HNSW_HYBRID,False
2026-08-30T19:55:35.267+00:00,heldout,0,7,HNSW_HYBRID,category_narrow_price,category_07,80,True,0,0.00525,"[0.00,0.05)",3.633833,1.0,False,exact_bitmap,HNSW_HYBRID,True
2026-08-30T19:55:35.272+00:00,heldout,0,7,IVFFLAT_HYBRID,category_narrow_price,category_07,80,True,0,0.00525,"[0.00,0.05)",3.484916,1.0,False,exact_bitmap,HNSW_HYBRID,False
2026-08-30T19:55:35.275+00:00,heldout,1,7,SQL_FIRST,category_narrow_price,category_07,80,True,0,0.00525,"[0.00,0.05)",3.338875,1.0,True,exact_bitmap,HNSW_HYBRID,False
2026-08-30T19:55:35.315+00:00,heldout,1,7,VECTOR_FIRST_HNSW,category_narrow_price,category_07,80,True,0,0.00525,"[0.00,0.05)",39.67425,0.0,False,exact_bitmap,HNSW_HYBRID,False
2026-08-30T19:55:35.325+00:00,heldout,1,7,HNSW_HYBRID,category_narrow_price,category_07,80,True,0,0.00525,"[0.00,0.05)",9.170667,1.0,False,exact_bitmap,HNSW_HYBRID,True
2026-08-30T19:55:35.337+00:00,heldout,1,7,IVFFLAT_HYBRID,category_narrow_price,category_07,80,True,0,0.00525,"[0.00,0.05)",11.684709,1.0,False,exact_bitmap,HNSW_HYBRID,False
2026-08-30T19:55:35.345+00:00,heldout,2,7,SQL_FIRST,category_narrow_price,category_07,80,True,0,0.00525,"[0.00,0.05)",7.649792,1.0,True,exact_bitmap,HNSW_HYBRID,False
2026-08-30T19:55:35.421+00:00,heldout,2,7,VECTOR_FIRST_HNSW,category_narrow_price,category_07,80,True,0,0.00525,"[0.00,0.05)",74.257542,0.0,False,exact_bitmap,HNSW_HYBRID,False
2026-08-30T19:55:35.426+00:00,heldout,2,7,HNSW_HYBRID,category_narrow_price,category_07,80,True,0,0.00525,"[0.00,0.05)",4.594833,1.0,False,exact_bitmap,HNSW_HYBRID,True
2026-08-30T19:55:35.431+00:00,heldout,2,7,IVFFLAT_HYBRID,category_narrow_price,category_07,80,True,0,0.00525,"[0.00,0.05)",4.444709,1.0,False,exact_bitmap,HNSW_HYBRID,False
2026-08-30T19:55:35.500+00:00,heldout,0,213,SQL_FIRST,wide_or,category_00,107,False,4,0.595585,"[0.50,1.00)",67.401292,1.0,True,exact_seq,SQL_FIRST,True
2026-08-30T19:55:35.542+00:00,heldout,0,213,VECTOR_FIRST_HNSW,wide_or,category_00,107,False,4,0.595585,"[0.50,1.00)",41.044541,1.0,False,exact_bitmap,SQL_FIRST,False
2026-08-30T19:55:35.568+00:00,heldout,0,213,HNSW_HYBRID,wide_or,category_00,107,False,4,0.595585,"[0.50,1.00)",25.058917,1.0,False,exact_seq,SQL_FIRST,False
2026-08-30T19:55:35.593+00:00,heldout,0,213,IVFFLAT_HYBRID,wide_or,category_00,107,False,4,0.595585,"[0.50,1.00)",24.115209,1.0,False,exact_seq,SQL_FIRST,False
2026-08-30T19:55:35.643+00:00,heldout,1,213,SQL_FIRST,wide_or,category_00,107,False,4,0.595585,"[0.50,1.00)",48.947583,1.0,True,exact_seq,SQL_FIRST,True
2026-08-30T19:55:35.703+00:00,heldout,1,213,VECTOR_FIRST_HNSW,wide_or,category_00,107,False,4,0.595585,"[0.50,1.00)",59.0515,1.0,False,exact_bitmap,SQL_FIRST,False
2026-08-30T19:55:35.751+00:00,heldout,1,213,HNSW_HYBRID,wide_or,category_00,107,False,4,0.595585,"[0.50,1.00)",47.188667,1.0,False,exact_seq,SQL_FIRST,False
2026-08-30T19:55:35.937+00:00,heldout,1,213,IVFFLAT_HYBRID,wide_or,category_00,107,False,4,0.595585,"[0.50,1.00)",185.270834,1.0,False,exact_seq,SQL_FIRST,False
2026-08-30T19:55:35.979+00:00,heldout,2,213,SQL_FIRST,wide_or,category_00,107,False,4,0.595585,"[0.50,1.00)",41.762875,1.0,True,exact_seq,SQL_FIRST,True
2026-08-30T19:55:36.045+00:00,heldout,2,213,VECTOR_FIRST_HNSW,wide_or,category_00,107,False,4,0.595585,"[0.50,1.00)",65.668459,1.0,False,exact_bitmap,SQL_FIRST,False
2026-08-30T19:55:36.075+00:00,heldout,2,213,HNSW_HYBRID,wide_or,category_00,107,False,4,0.595585,"[0.50,1.00)",29.1065,1.0,False,exact_seq,SQL_FIRST,False
2026-08-30T19:55:36.105+00:00,heldout,2,213,IVFFLAT_HYBRID,wide_or,category_00,107,False,4,0.595585,"[0.50,1.00)",30.248667,1.0,False,exact_seq,SQL_FIRST,False
2026-08-30T19:55:36.142+00:00,heldout,0,135,SQL_FIRST,two_categories,category_09,950,True,2,0.2033,"[0.10,0.25)",33.749584,1.0,True,exact_bitmap,HNSW_HYBRID,False
2026-08-30T19:55:36.180+00:00,heldout,0,135,VECTOR_FIRST_HNSW,two_categories,category_09,950,True,2,0.2033,"[0.10,0.25)",36.204542,1.0,False,exact_bitmap,HNSW_HYBRID,False
2026-08-30T19:55:36.208+00:00,heldout,0,135,HNSW_HYBRID,two_categories,category_09,950,True,2,0.2033,"[0.10,0.25)",27.584833,1.0,False,exact_bitmap,HNSW_HYBRID,True
2026-08-30T19:55:36.238+00:00,heldout,0,135,IVFFLAT_HYBRID,two_categories,category_09,950,True,2,0.2033,"[0.10,0.25)",28.907875,1.0,False,exact_bitmap,HNSW_HYBRID,False
2026-08-30T19:55:36.268+00:00,heldout,1,135,SQL_FIRST,two_categories,category_09,950,True,2,0.2033,"[0.10,0.25)",30.220834,1.0,True,exact_bitmap,HNSW_HYBRID,False
2026-08-30T19:55:36.310+00:00,heldout,1,135,VECTOR_FIRST_HNSW,two_categories,category_09,950,True,2,0.2033,"[0.10,0.25)",41.282292,1.0,False,exact_bitmap,HNSW_HYBRID,False
2026-08-30T19:55:36.335+00:00,heldout,1,135,HNSW_HYBRID,two_categories,category_09,950,True,2,0.2033,"[0.10,0.25)",24.751125,1.0,False,exact_bitmap,HNSW_HYBRID,True
2026-08-30T19:55:36.361+00:00,heldout,1,135,IVFFLAT_HYBRID,two_categories,category_09,950,True,2,0.2033,"[0.10,0.25)",25.371,1.0,False,exact_bitmap,HNSW_HYBRID,False
2026-08-30T19:55:36.386+00:00,heldout,2,135,SQL_FIRST,two_categories,category_09,950,True,2,0.2033,"[0.10,0.25)",24.634208,1.0,True,exact_bitmap,HNSW_HYBRID,False
2026-08-30T19:55:36.419+00:00,heldout,2,135,VECTOR_FIRST_HNSW,two_categories,category_09,950,True,2,0.2033,"[0.10,0.25)",32.587708,1.0,False,exact_bitmap,HNSW_HYBRID,False
2026-08-30T19:55:36.443+00:00,heldout,2,135,HNSW_HYBRID,two_categories,category_09,950,True,2,0.2033,"[0.10,0.25)",24.032625,1.0,False,exact_bitmap,HNSW_HYBRID,True
2026-08-30T19:55:36.470+00:00,heldout,2,135,IVFFLAT_HYBRID,two_categories,category_09,950,True,2,0.2033,"[0.10,0.25)",26.655292,1.0,False,exact_bitmap,HNSW_HYBRID,False
2026-08-30T19:55:36.498+00:00,heldout,0,170,SQL_FIRST,category_or_price,category_00,244,False,3,0.317605,"[0.25,0.50)",26.391458,1.0,True,exact_seq,IVFFLAT_HYBRID,False
2026-08-30T19:55:36.533+00:00,heldout,0,170,VECTOR_FIRST_HNSW,category_or_price,category_00,244,False,3,0.317605,"[0.25,0.50)",33.213375,1.0,False,exact_bitmap,IVFFLAT_HYBRID,False
2026-08-30T19:55:36.558+00:00,heldout,0,170,HNSW_HYBRID,category_or_price,category_00,244,False,3,0.317605,"[0.25,0.50)",24.445167,1.0,False,exact_seq,IVFFLAT_HYBRID,False
2026-08-30T19:55:36.584+00:00,heldout,0,170,IVFFLAT_HYBRID,category_or_price,category_00,244,False,3,0.317605,"[0.25,0.50)",25.157916,1.0,False,exact_seq,IVFFLAT_HYBRID,True
2026-08-30T19:55:36.612+00:00,heldout,1,170,SQL_FIRST,category_or_price,category_00,244,False,3,0.317605,"[0.25,0.50)",27.946791,1.0,True,exact_seq,IVFFLAT_HYBRID,False
2026-08-30T19:55:36.646+00:00,heldout,1,170,VECTOR_FIRST_HNSW,category_or_price,category_00,244,False,3,0.317605,"[0.25,0.50)",33.186167,1.0,False,exact_bitmap,IVFFLAT_HYBRID,False
2026-08-30T19:55:36.673+00:00,heldout,1,170,HNSW_HYBRID,category_or_price,category_00,244,False,3,0.317605,"[0.25,0.50)",26.471875,1.0,False,exact_seq,IVFFLAT_HYBRID,False
2026-08-30T19:55:36.702+00:00,heldout,1,170,IVFFLAT_HYBRID,category_or_price,category_00,244,False,3,0.317605,"[0.25,0.50)",28.653541,1.0,False,exact_seq,IVFFLAT_HYBRID,True
2026-08-30T19:55:36.727+00:00,heldout,2,170,SQL_FIRST,category_or_price,category_00,244,False,3,0.317605,"[0.25,0.50)",24.029583,1.0,True,exact_seq,IVFFLAT_HYBRID,False
2026-08-30T19:55:36.761+00:00,heldout,2,170,VECTOR_FIRST_HNSW,category_or_price,category_00,244,False,3,0.317605,"[0.25,0.50)",33.249333,1.0,False,exact_bitmap,IVFFLAT_HYBRID,False
2026-08-30T19:55:36.788+00:00,heldout,2,170,HNSW_HYBRID,category_or_price,category_00,244,False,3,0.317605,"[0.25,0.50)",27.331042,1.0,False,exact_seq,IVFFLAT_HYBRID,False
2026-08-30T19:55:36.814+00:00,heldout,2,170,IVFFLAT_HYBRID,category_or_price,category_00,244,False,3,0.317605,"[0.25,0.50)",24.57975,1.0,False,exact_seq,IVFFLAT_HYBRID,True
2026-08-30T19:55:36.820+00:00,heldout,0,35,SQL_FIRST,category_narrow_price,category_05,794,False,0,0.004995,"[0.00,0.05)",3.536042,1.0,True,exact_bitmap,HNSW_HYBRID,False
2026-08-30T19:55:36.857+00:00,heldout,0,35,VECTOR_FIRST_HNSW,category_narrow_price,category_05,794,False,0,0.004995,"[0.00,0.05)",35.344375,0.0,False,exact_bitmap,HNSW_HYBRID,False
2026-08-30T19:55:36.861+00:00,heldout,0,35,HNSW_HYBRID,category_narrow_price,category_05,794,False,0,0.004995,"[0.00,0.05)",2.594458,1.0,False,exact_bitmap,HNSW_HYBRID,True
2026-08-30T19:55:36.867+00:00,heldout,0,35,IVFFLAT_HYBRID,category_narrow_price,category_05,794,False,0,0.004995,"[0.00,0.05)",4.162375,1.0,False,exact_bitmap,HNSW_HYBRID,False
2026-08-30T19:55:36.870+00:00,heldout,1,35,SQL_FIRST,category_narrow_price,category_05,794,False,0,0.004995,"[0.00,0.05)",3.352041,1.0,True,exact_bitmap,HNSW_HYBRID,False
2026-08-30T19:55:36.904+00:00,heldout,1,35,VECTOR_FIRST_HNSW,category_narrow_price,category_05,794,False,0,0.004995,"[0.00,0.05)",33.753667,0.0,False,exact_bitmap,HNSW_HYBRID,False
2026-08-30T19:55:36.907+00:00,heldout,1,35,HNSW_HYBRID,category_narrow_price,category_05,794,False,0,0.004995,"[0.00,0.05)",2.608,1.0,False,exact_bitmap,HNSW_HYBRID,True
2026-08-30T19:55:36.912+00:00,heldout,1,35,IVFFLAT_HYBRID,category_narrow_price,category_05,794,False,0,0.004995,"[0.00,0.05)",3.654333,1.0,False,exact_bitmap,HNSW_HYBRID,False
2026-08-30T19:55:36.916+00:00,heldout,2,35,SQL_FIRST,category_narrow_price,category_05,794,False,0,0.004995,"[0.00,0.05)",3.432,1.0,True,exact_bitmap,HNSW_HYBRID,False
2026-08-30T19:55:36.951+00:00,heldout,2,35,VECTOR_FIRST_HNSW,category_narrow_price,category_05,794,False,0,0.004995,"[0.00,0.05)",35.36075,0.0,False,exact_bitmap,HNSW_HYBRID,False
2026-08-30T19:55:36.954+00:00,heldout,2,35,HNSW_HYBRID,category_narrow_price,category_05,794,False,0,0.004995,"[0.00,0.05)",2.4935,1.0,False,exact_bitmap,HNSW_HYBRID,True
2026-08-30T19:55:36.958+00:00,heldout,2,35,IVFFLAT_HYBRID,category_narrow_price,category_05,794,False,0,0.004995,"[0.00,0.05)",2.991,1.0,False,exact_bitmap,HNSW_HYBRID,False
2026-08-30T19:55:36.963+00:00,heldout,0,25,SQL_FIRST,category_narrow_price,category_06,915,True,0,0.00512,"[0.00,0.05)",4.361917,1.0,True,exact_bitmap,HNSW_HYBRID,False
2026-08-30T19:55:37.002+00:00,heldout,0,25,VECTOR_FIRST_HNSW,category_narrow_price,category_06,915,True,0,0.00512,"[0.00,0.05)",37.362292,0.0,False,exact_bitmap,HNSW_HYBRID,False
2026-08-30T19:55:37.005+00:00,heldout,0,25,HNSW_HYBRID,category_narrow_price,category_06,915,True,0,0.00512,"[0.00,0.05)",2.808583,1.0,False,exact_bitmap,HNSW_HYBRID,True
2026-08-30T19:55:37.009+00:00,heldout,0,25,IVFFLAT_HYBRID,category_narrow_price,category_06,915,True,0,0.00512,"[0.00,0.05)",2.789625,1.0,False,exact_bitmap,HNSW_HYBRID,False
2026-08-30T19:55:37.012+00:00,heldout,1,25,SQL_FIRST,category_narrow_price,category_06,915,True,0,0.00512,"[0.00,0.05)",3.429709,1.0,True,exact_bitmap,HNSW_HYBRID,False
2026-08-30T19:55:37.053+00:00,heldout,1,25,VECTOR_FIRST_HNSW,category_narrow_price,category_06,915,True,0,0.00512,"[0.00,0.05)",40.770792,0.0,False,exact_bitmap,HNSW_HYBRID,False
2026-08-30T19:55:37.057+00:00,heldout,1,25,HNSW_HYBRID,category_narrow_price,category_06,915,True,0,0.00512,"[0.00,0.05)",3.004666,1.0,False,exact_bitmap,HNSW_HYBRID,True
2026-08-30T19:55:37.061+00:00,heldout,1,25,IVFFLAT_HYBRID,category_narrow_price,category_06,915,True,0,0.00512,"[0.00,0.05)",4.252166,1.0,False,exact_bitmap,HNSW_HYBRID,False
2026-08-30T19:55:37.066+00:00,heldout,2,25,SQL_FIRST,category_narrow_price,category_06,915,True,0,0.00512,"[0.00,0.05)",4.735,1.0,True,exact_bitmap,HNSW_HYBRID,False
2026-08-30T19:55:37.102+00:00,heldout,2,25,VECTOR_FIRST_HNSW,category_narrow_price,category_06,915,True,0,0.00512,"[0.00,0.05)",34.948625,0.0,False,exact_bitmap,HNSW_HYBRID,False
2026-08-30T19:55:37.105+00:00,heldout,2,25,HNSW_HYBRID,category_narrow_price,category_06,915,True,0,0.00512,"[0.00,0.05)",3.21575,1.0,False,exact_bitmap,HNSW_HYBRID,True
2026-08-30T19:55:37.109+00:00,heldout,2,25,IVFFLAT_HYBRID,category_narrow_price,category_06,915,True,0,0.00512,"[0.00,0.05)",2.85025,1.0,False,exact_bitmap,HNSW_HYBRID,False
2026-08-30T19:55:37.126+00:00,heldout,0,134,SQL_FIRST,single_category_alone,category_00,335,True,2,0.1034,"[0.10,0.25)",15.863042,1.0,True,exact_bitmap,HNSW_HYBRID,False
2026-08-30T19:55:37.164+00:00,heldout,0,134,VECTOR_FIRST_HNSW,single_category_alone,category_00,335,True,2,0.1034,"[0.10,0.25)",36.50525,0.7,False,exact_bitmap,HNSW_HYBRID,False
2026-08-30T19:55:37.180+00:00,heldout,0,134,HNSW_HYBRID,single_category_alone,category_00,335,True,2,0.1034,"[0.10,0.25)",14.353167,1.0,False,exact_bitmap,HNSW_HYBRID,True
2026-08-30T19:55:37.202+00:00,heldout,0,134,IVFFLAT_HYBRID,single_category_alone,category_00,335,True,2,0.1034,"[0.10,0.25)",16.001917,1.0,False,exact_bitmap,HNSW_HYBRID,False
2026-08-30T19:55:37.223+00:00,heldout,1,134,SQL_FIRST,single_category_alone,category_00,335,True,2,0.1034,"[0.10,0.25)",19.701917,1.0,True,exact_bitmap,HNSW_HYBRID,False
2026-08-30T19:55:37.258+00:00,heldout,1,134,VECTOR_FIRST_HNSW,single_category_alone,category_00,335,True,2,0.1034,"[0.10,0.25)",34.638458,0.7,False,exact_bitmap,HNSW_HYBRID,False
2026-08-30T19:55:37.274+00:00,heldout,1,134,HNSW_HYBRID,single_category_alone,category_00,335,True,2,0.1034,"[0.10,0.25)",15.314833,1.0,False,exact_bitmap,HNSW_HYBRID,True
2026-08-30T19:55:37.290+00:00,heldout,1,134,IVFFLAT_HYBRID,single_category_alone,category_00,335,True,2,0.1034,"[0.10,0.25)",16.001583,1.0,False,exact_bitmap,HNSW_HYBRID,False
2026-08-30T19:55:37.307+00:00,heldout,2,134,SQL_FIRST,single_category_alone,category_00,335,True,2,0.1034,"[0.10,0.25)",15.9645,1.0,True,exact_bitmap,HNSW_HYBRID,False
2026-08-30T19:55:37.342+00:00,heldout,2,134,VECTOR_FIRST_HNSW,single_category_alone,category_00,335,True,2,0.1034,"[0.10,0.25)",34.8785,0.7,False,exact_bitmap,HNSW_HYBRID,False
2026-08-30T19:55:37.357+00:00,heldout,2,134,HNSW_HYBRID,single_category_alone,category_00,335,True,2,0.1034,"[0.10,0.25)",14.306833,1.0,False,exact_bitmap,HNSW_HYBRID,True
2026-08-30T19:55:37.373+00:00,heldout,2,134,IVFFLAT_HYBRID,single_category_alone,category_00,335,True,2,0.1034,"[0.10,0.25)",15.926083,1.0,False,exact_bitmap,HNSW_HYBRID,False
2026-08-30T19:55:37.381+00:00,heldout,0,12,SQL_FIRST,category_narrow_price,category_02,300,True,0,0.005045,"[0.00,0.05)",3.910458,1.0,True,exact_bitmap,HNSW_HYBRID,False
2026-08-30T19:55:37.419+00:00,heldout,0,12,VECTOR_FIRST_HNSW,category_narrow_price,category_02,300,True,0,0.005045,"[0.00,0.05)",36.542125,0.1,False,exact_bitmap,HNSW_HYBRID,False
2026-08-30T19:55:37.423+00:00,heldout,0,12,HNSW_HYBRID,category_narrow_price,category_02,300,True,0,0.005045,"[0.00,0.05)",2.753875,1.0,False,exact_bitmap,HNSW_HYBRID,True
2026-08-30T19:55:37.427+00:00,heldout,0,12,IVFFLAT_HYBRID,category_narrow_price,category_02,300,True,0,0.005045,"[0.00,0.05)",3.616125,1.0,False,exact_bitmap,HNSW_HYBRID,False
2026-08-30T19:55:37.431+00:00,heldout,1,12,SQL_FIRST,category_narrow_price,category_02,300,True,0,0.005045,"[0.00,0.05)",3.684291,1.0,True,exact_bitmap,HNSW_HYBRID,False
2026-08-30T19:55:37.468+00:00,heldout,1,12,VECTOR_FIRST_HNSW,category_narrow_price,category_02,300,True,0,0.005045,"[0.00,0.05)",35.8715,0.1,False,exact_bitmap,HNSW_HYBRID,False
2026-08-30T19:55:37.471+00:00,heldout,1,12,HNSW_HYBRID,category_narrow_price,category_02,300,True,0,0.005045,"[0.00,0.05)",3.245916,1.0,False,exact_bitmap,HNSW_HYBRID,True
2026-08-30T19:55:37.474+00:00,heldout,1,12,IVFFLAT_HYBRID,category_narrow_price,category_02,300,True,0,0.005045,"[0.00,0.05)",2.113583,1.0,False,exact_bitmap,HNSW_HYBRID,False
2026-08-30T19:55:37.478+00:00,heldout,2,12,SQL_FIRST,category_narrow_price,category_02,300,True,0,0.005045,"[0.00,0.05)",3.323541,1.0,True,exact_bitmap,HNSW_HYBRID,False
2026-08-30T19:55:37.512+00:00,heldout,2,12,VECTOR_FIRST_HNSW,category_narrow_price,category_02,300,True,0,0.005045,"[0.00,0.05)",34.428667,0.1,False,exact_bitmap,HNSW_HYBRID,False
2026-08-30T19:55:37.516+00:00,heldout,2,12,HNSW_HYBRID,category_narrow_price,category_02,300,True,0,0.005045,"[0.00,0.05)",2.798959,1.0,False,exact_bitmap,HNSW_HYBRID,True
2026-08-30T19:55:37.519+00:00,heldout,2,12,IVFFLAT_HYBRID,category_narrow_price,category_02,300,True,0,0.005045,"[0.00,0.05)",2.853167,1.0,False,exact_bitmap,HNSW_HYBRID,False
2026-08-30T19:55:37.559+00:00,heldout,0,223,SQL_FIRST,wide_or,category_06,869,False,4,0.939585,"[0.50,1.00)",37.59875,1.0,True,exact_seq,SQL_FIRST,True
2026-08-30T19:55:37.592+00:00,heldout,0,223,VECTOR_FIRST_HNSW,wide_or,category_06,869,False,4,0.939585,"[0.50,1.00)",31.820666,1.0,False,exact_bitmap,SQL_FIRST,False
2026-08-30T19:55:37.630+00:00,heldout,0,223,HNSW_HYBRID,wide_or,category_06,869,False,4,0.939585,"[0.50,1.00)",36.54275,1.0,False,exact_seq,SQL_FIRST,False
2026-08-30T19:55:37.667+00:00,heldout,0,223,IVFFLAT_HYBRID,wide_or,category_06,869,False,4,0.939585,"[0.50,1.00)",35.846792,1.0,False,exact_seq,SQL_FIRST,False
2026-08-30T19:55:37.703+00:00,heldout,1,223,SQL_FIRST,wide_or,category_06,869,False,4,0.939585,"[0.50,1.00)",36.105209,1.0,True,exact_seq,SQL_FIRST,True
2026-08-30T19:55:37.736+00:00,heldout,1,223,VECTOR_FIRST_HNSW,wide_or,category_06,869,False,4,0.939585,"[0.50,1.00)",32.415375,1.0,False,exact_bitmap,SQL_FIRST,False
2026-08-30T19:55:37.778+00:00,heldout,1,223,HNSW_HYBRID,wide_or,category_06,869,False,4,0.939585,"[0.50,1.00)",40.364708,1.0,False,exact_seq,SQL_FIRST,False
2026-08-30T19:55:37.816+00:00,heldout,1,223,IVFFLAT_HYBRID,wide_or,category_06,869,False,4,0.939585,"[0.50,1.00)",36.944833,1.0,False,exact_seq,SQL_FIRST,False
2026-08-30T19:55:37.858+00:00,heldout,2,223,SQL_FIRST,wide_or,category_06,869,False,4,0.939585,"[0.50,1.00)",41.352333,1.0,True,exact_seq,SQL_FIRST,True
2026-08-30T19:55:37.896+00:00,heldout,2,223,VECTOR_FIRST_HNSW,wide_or,category_06,869,False,4,0.939585,"[0.50,1.00)",37.569167,1.0,False,exact_bitmap,SQL_FIRST,False
2026-08-30T19:55:37.950+00:00,heldout,2,223,HNSW_HYBRID,wide_or,category_06,869,False,4,0.939585,"[0.50,1.00)",52.955458,1.0,False,exact_seq,SQL_FIRST,False
2026-08-30T19:55:38.000+00:00,heldout,2,223,IVFFLAT_HYBRID,wide_or,category_06,869,False,4,0.939585,"[0.50,1.00)",50.63875,1.0,False,exact_seq,SQL_FIRST,False
2026-08-30T19:55:38.034+00:00,heldout,0,87,SQL_FIRST,single_category,category_04,896,False,1,0.0967,"[0.05,0.10)",30.936042,1.0,True,exact_bitmap,HNSW_HYBRID,False
2026-08-30T19:55:38.062+00:00,heldout,0,87,VECTOR_FIRST_HNSW,single_category,category_04,896,False,1,0.0967,"[0.05,0.10)",27.30275,1.0,False,exact_bitmap,HNSW_HYBRID,False
2026-08-30T19:55:38.076+00:00,heldout,0,87,HNSW_HYBRID,single_category,category_04,896,False,1,0.0967,"[0.05,0.10)",12.379,1.0,False,exact_bitmap,HNSW_HYBRID,True
2026-08-30T19:55:38.090+00:00,heldout,0,87,IVFFLAT_HYBRID,single_category,category_04,896,False,1,0.0967,"[0.05,0.10)",13.38275,1.0,False,exact_bitmap,HNSW_HYBRID,False
2026-08-30T19:55:38.104+00:00,heldout,1,87,SQL_FIRST,single_category,category_04,896,False,1,0.0967,"[0.05,0.10)",13.855417,1.0,True,exact_bitmap,HNSW_HYBRID,False
2026-08-30T19:55:38.137+00:00,heldout,1,87,VECTOR_FIRST_HNSW,single_category,category_04,896,False,1,0.0967,"[0.05,0.10)",33.1995,1.0,False,exact_bitmap,HNSW_HYBRID,False
2026-08-30T19:55:38.153+00:00,heldout,1,87,HNSW_HYBRID,single_category,category_04,896,False,1,0.0967,"[0.05,0.10)",15.477833,1.0,False,exact_bitmap,HNSW_HYBRID,True
2026-08-30T19:55:38.171+00:00,heldout,1,87,IVFFLAT_HYBRID,single_category,category_04,896,False,1,0.0967,"[0.05,0.10)",17.141,1.0,False,exact_bitmap,HNSW_HYBRID,False
2026-08-30T19:55:38.188+00:00,heldout,2,87,SQL_FIRST,single_category,category_04,896,False,1,0.0967,"[0.05,0.10)",16.557458,1.0,True,exact_bitmap,HNSW_HYBRID,False
2026-08-30T19:55:38.223+00:00,heldout,2,87,VECTOR_FIRST_HNSW,single_category,category_04,896,False,1,0.0967,"[0.05,0.10)",34.521417,1.0,False,exact_bitmap,HNSW_HYBRID,False
2026-08-30T19:55:38.238+00:00,heldout,2,87,HNSW_HYBRID,single_category,category_04,896,False,1,0.0967,"[0.05,0.10)",14.759083,1.0,False,exact_bitmap,HNSW_HYBRID,True
2026-08-30T19:55:38.256+00:00,heldout,2,87,IVFFLAT_HYBRID,single_category,category_04,896,False,1,0.0967,"[0.05,0.10)",17.049291,1.0,False,exact_bitmap,HNSW_HYBRID,False
2026-08-30T19:55:38.286+00:00,heldout,0,11,SQL_FIRST,category_and_stock,category_05,181,False,0,0.049935,"[0.00,0.05)",28.590959,1.0,True,exact_bitmap,HNSW_HYBRID,False
2026-08-30T19:55:38.319+00:00,heldout,0,11,VECTOR_FIRST_HNSW,category_and_stock,category_05,181,False,0,0.049935,"[0.00,0.05)",31.393916,0.2,False,exact_bitmap,HNSW_HYBRID,False
2026-08-30T19:55:38.334+00:00,heldout,0,11,HNSW_HYBRID,category_and_stock,category_05,181,False,0,0.049935,"[0.00,0.05)",12.82,1.0,False,exact_bitmap,HNSW_HYBRID,True
2026-08-30T19:55:38.347+00:00,heldout,0,11,IVFFLAT_HYBRID,category_and_stock,category_05,181,False,0,0.049935,"[0.00,0.05)",11.636375,1.0,False,exact_bitmap,HNSW_HYBRID,False
2026-08-30T19:55:38.359+00:00,heldout,1,11,SQL_FIRST,category_and_stock,category_05,181,False,0,0.049935,"[0.00,0.05)",12.006417,1.0,True,exact_bitmap,HNSW_HYBRID,False
2026-08-30T19:55:38.392+00:00,heldout,1,11,VECTOR_FIRST_HNSW,category_and_stock,category_05,181,False,0,0.049935,"[0.00,0.05)",32.198375,0.2,False,exact_bitmap,HNSW_HYBRID,False
2026-08-30T19:55:38.405+00:00,heldout,1,11,HNSW_HYBRID,category_and_stock,category_05,181,False,0,0.049935,"[0.00,0.05)",12.906709,1.0,False,exact_bitmap,HNSW_HYBRID,True
2026-08-30T19:55:38.422+00:00,heldout,1,11,IVFFLAT_HYBRID,category_and_stock,category_05,181,False,0,0.049935,"[0.00,0.05)",16.569833,1.0,False,exact_bitmap,HNSW_HYBRID,False
2026-08-30T19:55:38.438+00:00,heldout,2,11,SQL_FIRST,category_and_stock,category_05,181,False,0,0.049935,"[0.00,0.05)",15.663417,1.0,True,exact_bitmap,HNSW_HYBRID,False
2026-08-30T19:55:38.506+00:00,heldout,2,11,VECTOR_FIRST_HNSW,category_and_stock,category_05,181,False,0,0.049935,"[0.00,0.05)",66.890625,0.2,False,exact_bitmap,HNSW_HYBRID,False
2026-08-30T19:55:38.530+00:00,heldout,2,11,HNSW_HYBRID,category_and_stock,category_05,181,False,0,0.049935,"[0.00,0.05)",23.528958,1.0,False,exact_bitmap,HNSW_HYBRID,True
2026-08-30T19:55:38.542+00:00,heldout,2,11,IVFFLAT_HYBRID,category_and_stock,category_05,181,False,0,0.049935,"[0.00,0.05)",11.284167,1.0,False,exact_bitmap,HNSW_HYBRID,False
2026-08-30T19:55:38.560+00:00,heldout,0,90,SQL_FIRST,single_category,category_02,411,False,1,0.098965,"[0.05,0.10)",16.167875,1.0,True,exact_bitmap,HNSW_HYBRID,False
2026-08-30T19:55:38.595+00:00,heldout,0,90,VECTOR_FIRST_HNSW,single_category,category_02,411,False,1,0.098965,"[0.05,0.10)",33.708083,0.8,False,exact_bitmap,HNSW_HYBRID,False
2026-08-30T19:55:38.610+00:00,heldout,0,90,HNSW_HYBRID,single_category,category_02,411,False,1,0.098965,"[0.05,0.10)",13.988167,1.0,False,exact_bitmap,HNSW_HYBRID,True
2026-08-30T19:55:38.627+00:00,heldout,0,90,IVFFLAT_HYBRID,single_category,category_02,411,False,1,0.098965,"[0.05,0.10)",15.564541,1.0,False,exact_bitmap,HNSW_HYBRID,False
2026-08-30T19:55:38.644+00:00,heldout,1,90,SQL_FIRST,single_category,category_02,411,False,1,0.098965,"[0.05,0.10)",16.206042,1.0,True,exact_bitmap,HNSW_HYBRID,False
2026-08-30T19:55:38.678+00:00,heldout,1,90,VECTOR_FIRST_HNSW,single_category,category_02,411,False,1,0.098965,"[0.05,0.10)",33.509042,0.8,False,exact_bitmap,HNSW_HYBRID,False
2026-08-30T19:55:38.692+00:00,heldout,1,90,HNSW_HYBRID,single_category,category_02,411,False,1,0.098965,"[0.05,0.10)",13.9755,1.0,False,exact_bitmap,HNSW_HYBRID,True
2026-08-30T19:55:38.709+00:00,heldout,1,90,IVFFLAT_HYBRID,single_category,category_02,411,False,1,0.098965,"[0.05,0.10)",15.7945,1.0,False,exact_bitmap,HNSW_HYBRID,False
2026-08-30T19:55:38.725+00:00,heldout,2,90,SQL_FIRST,single_category,category_02,411,False,1,0.098965,"[0.05,0.10)",15.65725,1.0,True,exact_bitmap,HNSW_HYBRID,False
2026-08-30T19:55:38.756+00:00,heldout,2,90,VECTOR_FIRST_HNSW,single_category,category_02,411,False,1,0.098965,"[0.05,0.10)",30.788792,0.8,False,exact_bitmap,HNSW_HYBRID,False
2026-08-30T19:55:38.769+00:00,heldout,2,90,HNSW_HYBRID,single_category,category_02,411,False,1,0.098965,"[0.05,0.10)",12.861333,1.0,False,exact_bitmap,HNSW_HYBRID,True
2026-08-30T19:55:38.784+00:00,heldout,2,90,IVFFLAT_HYBRID,single_category,category_02,411,False,1,0.098965,"[0.05,0.10)",14.086875,1.0,False,exact_bitmap,HNSW_HYBRID,False
2026-08-30T19:55:38.790+00:00,heldout,0,9,SQL_FIRST,category_narrow_price,category_06,593,False,0,0.00498,"[0.00,0.05)",3.627958,1.0,True,exact_bitmap,HNSW_HYBRID,False
2026-08-30T19:55:38.829+00:00,heldout,0,9,VECTOR_FIRST_HNSW,category_narrow_price,category_06,593,False,0,0.00498,"[0.00,0.05)",38.163708,0.0,False,exact_bitmap,HNSW_HYBRID,False
2026-08-30T19:55:38.834+00:00,heldout,0,9,HNSW_HYBRID,category_narrow_price,category_06,593,False,0,0.00498,"[0.00,0.05)",3.54475,1.0,False,exact_bitmap,HNSW_HYBRID,True
2026-08-30T19:55:38.837+00:00,heldout,0,9,IVFFLAT_HYBRID,category_narrow_price,category_06,593,False,0,0.00498,"[0.00,0.05)",2.802916,1.0,False,exact_bitmap,HNSW_HYBRID,False
2026-08-30T19:55:38.841+00:00,heldout,1,9,SQL_FIRST,category_narrow_price,category_06,593,False,0,0.00498,"[0.00,0.05)",3.204916,1.0,True,exact_bitmap,HNSW_HYBRID,False
2026-08-30T19:55:38.873+00:00,heldout,1,9,VECTOR_FIRST_HNSW,category_narrow_price,category_06,593,False,0,0.00498,"[0.00,0.05)",31.591083,0.0,False,exact_bitmap,HNSW_HYBRID,False
2026-08-30T19:55:38.877+00:00,heldout,1,9,HNSW_HYBRID,category_narrow_price,category_06,593,False,0,0.00498,"[0.00,0.05)",3.086875,1.0,False,exact_bitmap,HNSW_HYBRID,True
2026-08-30T19:55:38.880+00:00,heldout,1,9,IVFFLAT_HYBRID,category_narrow_price,category_06,593,False,0,0.00498,"[0.00,0.05)",2.641875,1.0,False,exact_bitmap,HNSW_HYBRID,False
2026-08-30T19:55:38.883+00:00,heldout,2,9,SQL_FIRST,category_narrow_price,category_06,593,False,0,0.00498,"[0.00,0.05)",3.354416,1.0,True,exact_bitmap,HNSW_HYBRID,False
2026-08-30T19:55:38.921+00:00,heldout,2,9,VECTOR_FIRST_HNSW,category_narrow_price,category_06,593,False,0,0.00498,"[0.00,0.05)",36.926542,0.0,False,exact_bitmap,HNSW_HYBRID,False
2026-08-30T19:55:38.924+00:00,heldout,2,9,HNSW_HYBRID,category_narrow_price,category_06,593,False,0,0.00498,"[0.00,0.05)",3.160416,1.0,False,exact_bitmap,HNSW_HYBRID,True
2026-08-30T19:55:38.928+00:00,heldout,2,9,IVFFLAT_HYBRID,category_narrow_price,category_06,593,False,0,0.00498,"[0.00,0.05)",3.389542,1.0,False,exact_bitmap,HNSW_HYBRID,False
2026-08-30T19:55:38.949+00:00,heldout,0,142,SQL_FIRST,single_category_alone,category_05,688,True,2,0.100035,"[0.10,0.25)",17.318125,1.0,True,exact_bitmap,HNSW_HYBRID,False
2026-08-30T19:55:39.178+00:00,heldout,0,142,VECTOR_FIRST_HNSW,single_category_alone,category_05,688,True,2,0.100035,"[0.10,0.25)",222.609084,1.0,False,exact_bitmap,HNSW_HYBRID,False
2026-08-30T19:55:39.202+00:00,heldout,0,142,HNSW_HYBRID,single_category_alone,category_05,688,True,2,0.100035,"[0.10,0.25)",23.327209,1.0,False,exact_bitmap,HNSW_HYBRID,True
2026-08-30T19:55:39.219+00:00,heldout,0,142,IVFFLAT_HYBRID,single_category_alone,category_05,688,True,2,0.100035,"[0.10,0.25)",16.191084,1.0,False,exact_bitmap,HNSW_HYBRID,False
2026-08-30T19:55:39.233+00:00,heldout,1,142,SQL_FIRST,single_category_alone,category_05,688,True,2,0.100035,"[0.10,0.25)",13.231459,1.0,True,exact_bitmap,HNSW_HYBRID,False
2026-08-30T19:55:39.262+00:00,heldout,1,142,VECTOR_FIRST_HNSW,single_category_alone,category_05,688,True,2,0.100035,"[0.10,0.25)",28.689459,1.0,False,exact_bitmap,HNSW_HYBRID,False
2026-08-30T19:55:39.276+00:00,heldout,1,142,HNSW_HYBRID,single_category_alone,category_05,688,True,2,0.100035,"[0.10,0.25)",13.589084,1.0,False,exact_bitmap,HNSW_HYBRID,True
2026-08-30T19:55:39.292+00:00,heldout,1,142,IVFFLAT_HYBRID,single_category_alone,category_05,688,True,2,0.100035,"[0.10,0.25)",16.148708,1.0,False,exact_bitmap,HNSW_HYBRID,False
2026-08-30T19:55:39.308+00:00,heldout,2,142,SQL_FIRST,single_category_alone,category_05,688,True,2,0.100035,"[0.10,0.25)",15.73175,1.0,True,exact_bitmap,HNSW_HYBRID,False
2026-08-30T19:55:39.344+00:00,heldout,2,142,VECTOR_FIRST_HNSW,single_category_alone,category_05,688,True,2,0.100035,"[0.10,0.25)",35.260667,1.0,False,exact_bitmap,HNSW_HYBRID,False
2026-08-30T19:55:39.364+00:00,heldout,2,142,HNSW_HYBRID,single_category_alone,category_05,688,True,2,0.100035,"[0.10,0.25)",19.477541,1.0,False,exact_bitmap,HNSW_HYBRID,True
2026-08-30T19:55:39.381+00:00,heldout,2,142,IVFFLAT_HYBRID,single_category_alone,category_05,688,True,2,0.100035,"[0.10,0.25)",16.445917,1.0,False,exact_bitmap,HNSW_HYBRID,False
2026-08-30T19:55:39.418+00:00,heldout,0,141,SQL_FIRST,two_categories,category_03,212,True,2,0.2004,"[0.10,0.25)",31.846,1.0,True,exact_bitmap,HNSW_HYBRID,False
2026-08-30T19:55:39.457+00:00,heldout,0,141,VECTOR_FIRST_HNSW,two_categories,category_03,212,True,2,0.2004,"[0.10,0.25)",37.640208,1.0,False,exact_bitmap,HNSW_HYBRID,False
2026-08-30T19:55:39.488+00:00,heldout,0,141,HNSW_HYBRID,two_categories,category_03,212,True,2,0.2004,"[0.10,0.25)",28.947292,1.0,False,exact_bitmap,HNSW_HYBRID,True
2026-08-30T19:55:39.517+00:00,heldout,0,141,IVFFLAT_HYBRID,two_categories,category_03,212,True,2,0.2004,"[0.10,0.25)",28.463834,1.0,False,exact_bitmap,HNSW_HYBRID,False
2026-08-30T19:55:39.542+00:00,heldout,1,141,SQL_FIRST,two_categories,category_03,212,True,2,0.2004,"[0.10,0.25)",24.9585,1.0,True,exact_bitmap,HNSW_HYBRID,False
2026-08-30T19:55:39.575+00:00,heldout,1,141,VECTOR_FIRST_HNSW,two_categories,category_03,212,True,2,0.2004,"[0.10,0.25)",31.836208,1.0,False,exact_bitmap,HNSW_HYBRID,False
2026-08-30T19:55:39.602+00:00,heldout,1,141,HNSW_HYBRID,two_categories,category_03,212,True,2,0.2004,"[0.10,0.25)",26.561458,1.0,False,exact_bitmap,HNSW_HYBRID,True
2026-08-30T19:55:39.627+00:00,heldout,1,141,IVFFLAT_HYBRID,two_categories,category_03,212,True,2,0.2004,"[0.10,0.25)",24.964875,1.0,False,exact_bitmap,HNSW_HYBRID,False
2026-08-30T19:55:39.653+00:00,heldout,2,141,SQL_FIRST,two_categories,category_03,212,True,2,0.2004,"[0.10,0.25)",25.05725,1.0,True,exact_bitmap,HNSW_HYBRID,False
2026-08-30T19:55:39.685+00:00,heldout,2,141,VECTOR_FIRST_HNSW,two_categories,category_03,212,True,2,0.2004,"[0.10,0.25)",32.076334,1.0,False,exact_bitmap,HNSW_HYBRID,False
2026-08-30T19:55:39.709+00:00,heldout,2,141,HNSW_HYBRID,two_categories,category_03,212,True,2,0.2004,"[0.10,0.25)",23.215292,1.0,False,exact_bitmap,HNSW_HYBRID,True
2026-08-30T19:55:39.734+00:00,heldout,2,141,IVFFLAT_HYBRID,two_categories,category_03,212,True,2,0.2004,"[0.10,0.25)",24.827833,1.0,False,exact_bitmap,HNSW_HYBRID,False
2026-08-30T19:55:39.774+00:00,heldout,0,210,SQL_FIRST,wide_or,category_06,934,True,4,0.96958,"[0.50,1.00)",37.65625,1.0,True,exact_seq,SQL_FIRST,True
2026-08-30T19:55:39.806+00:00,heldout,0,210,VECTOR_FIRST_HNSW,wide_or,category_06,934,True,4,0.96958,"[0.50,1.00)",29.931042,1.0,False,exact_bitmap,SQL_FIRST,False
2026-08-30T19:55:39.842+00:00,heldout,0,210,HNSW_HYBRID,wide_or,category_06,934,True,4,0.96958,"[0.50,1.00)",34.937666,1.0,False,exact_seq,SQL_FIRST,False
2026-08-30T19:55:39.878+00:00,heldout,0,210,IVFFLAT_HYBRID,wide_or,category_06,934,True,4,0.96958,"[0.50,1.00)",35.434458,1.0,False,exact_seq,SQL_FIRST,False
2026-08-30T19:55:39.913+00:00,heldout,1,210,SQL_FIRST,wide_or,category_06,934,True,4,0.96958,"[0.50,1.00)",34.331959,1.0,True,exact_seq,SQL_FIRST,True
2026-08-30T19:55:39.946+00:00,heldout,1,210,VECTOR_FIRST_HNSW,wide_or,category_06,934,True,4,0.96958,"[0.50,1.00)",30.414667,1.0,False,exact_bitmap,SQL_FIRST,False
2026-08-30T19:55:39.981+00:00,heldout,1,210,HNSW_HYBRID,wide_or,category_06,934,True,4,0.96958,"[0.50,1.00)",34.89225,1.0,False,exact_seq,SQL_FIRST,False
2026-08-30T19:55:40.021+00:00,heldout,1,210,IVFFLAT_HYBRID,wide_or,category_06,934,True,4,0.96958,"[0.50,1.00)",39.101667,1.0,False,exact_seq,SQL_FIRST,False
2026-08-30T19:55:40.055+00:00,heldout,2,210,SQL_FIRST,wide_or,category_06,934,True,4,0.96958,"[0.50,1.00)",34.340542,1.0,True,exact_seq,SQL_FIRST,True
2026-08-30T19:55:40.086+00:00,heldout,2,210,VECTOR_FIRST_HNSW,wide_or,category_06,934,True,4,0.96958,"[0.50,1.00)",30.4505,1.0,False,exact_bitmap,SQL_FIRST,False
2026-08-30T19:55:40.122+00:00,heldout,2,210,HNSW_HYBRID,wide_or,category_06,934,True,4,0.96958,"[0.50,1.00)",35.073166,1.0,False,exact_seq,SQL_FIRST,False
2026-08-30T19:55:40.176+00:00,heldout,2,210,IVFFLAT_HYBRID,wide_or,category_06,934,True,4,0.96958,"[0.50,1.00)",53.94175,1.0,False,exact_seq,SQL_FIRST,False
2026-08-30T19:55:40.214+00:00,heldout,0,152,SQL_FIRST,three_categories,category_08,39,True,3,0.272595,"[0.25,0.50)",35.687583,1.0,True,exact_bitmap,IVFFLAT_HYBRID,False
2026-08-30T19:55:40.249+00:00,heldout,0,152,VECTOR_FIRST_HNSW,three_categories,category_08,39,True,3,0.272595,"[0.25,0.50)",29.43,1.0,False,exact_bitmap,IVFFLAT_HYBRID,False
2026-08-30T19:55:40.272+00:00,heldout,0,152,HNSW_HYBRID,three_categories,category_08,39,True,3,0.272595,"[0.25,0.50)",20.858166,1.0,False,exact_bitmap,IVFFLAT_HYBRID,False
2026-08-30T19:55:40.297+00:00,heldout,0,152,IVFFLAT_HYBRID,three_categories,category_08,39,True,3,0.272595,"[0.25,0.50)",23.656458,1.0,False,exact_bitmap,IVFFLAT_HYBRID,True
2026-08-30T19:55:40.362+00:00,heldout,1,152,SQL_FIRST,three_categories,category_08,39,True,3,0.272595,"[0.25,0.50)",64.2425,1.0,True,exact_bitmap,IVFFLAT_HYBRID,False
2026-08-30T19:55:40.389+00:00,heldout,1,152,VECTOR_FIRST_HNSW,three_categories,category_08,39,True,3,0.272595,"[0.25,0.50)",27.437209,1.0,False,exact_bitmap,IVFFLAT_HYBRID,False
2026-08-30T19:55:40.419+00:00,heldout,1,152,HNSW_HYBRID,three_categories,category_08,39,True,3,0.272595,"[0.25,0.50)",29.5985,1.0,False,exact_bitmap,IVFFLAT_HYBRID,False
2026-08-30T19:55:40.446+00:00,heldout,1,152,IVFFLAT_HYBRID,three_categories,category_08,39,True,3,0.272595,"[0.25,0.50)",26.723666,1.0,False,exact_bitmap,IVFFLAT_HYBRID,True
2026-08-30T19:55:40.472+00:00,heldout,2,152,SQL_FIRST,three_categories,category_08,39,True,3,0.272595,"[0.25,0.50)",25.502042,1.0,True,exact_bitmap,IVFFLAT_HYBRID,False
2026-08-30T19:55:40.505+00:00,heldout,2,152,VECTOR_FIRST_HNSW,three_categories,category_08,39,True,3,0.272595,"[0.25,0.50)",32.395416,1.0,False,exact_bitmap,IVFFLAT_HYBRID,False
2026-08-30T19:55:40.536+00:00,heldout,2,152,HNSW_HYBRID,three_categories,category_08,39,True,3,0.272595,"[0.25,0.50)",30.468291,1.0,False,exact_bitmap,IVFFLAT_HYBRID,False
2026-08-30T19:55:40.568+00:00,heldout,2,152,IVFFLAT_HYBRID,three_categories,category_08,39,True,3,0.272595,"[0.25,0.50)",31.605,1.0,False,exact_bitmap,IVFFLAT_HYBRID,True
2026-08-30T19:55:40.591+00:00,heldout,0,193,SQL_FIRST,three_categories,category_00,733,True,3,0.271845,"[0.25,0.50)",22.291167,1.0,True,exact_bitmap,IVFFLAT_HYBRID,False
2026-08-30T19:55:40.624+00:00,heldout,0,193,VECTOR_FIRST_HNSW,three_categories,category_00,733,True,3,0.271845,"[0.25,0.50)",31.496584,1.0,False,exact_bitmap,IVFFLAT_HYBRID,False
2026-08-30T19:55:40.646+00:00,heldout,0,193,HNSW_HYBRID,three_categories,category_00,733,True,3,0.271845,"[0.25,0.50)",20.824042,1.0,False,exact_bitmap,IVFFLAT_HYBRID,False
2026-08-30T19:55:40.667+00:00,heldout,0,193,IVFFLAT_HYBRID,three_categories,category_00,733,True,3,0.271845,"[0.25,0.50)",20.815208,1.0,False,exact_bitmap,IVFFLAT_HYBRID,True
2026-08-30T19:55:40.688+00:00,heldout,1,193,SQL_FIRST,three_categories,category_00,733,True,3,0.271845,"[0.25,0.50)",20.3115,1.0,True,exact_bitmap,IVFFLAT_HYBRID,False
2026-08-30T19:55:40.717+00:00,heldout,1,193,VECTOR_FIRST_HNSW,three_categories,category_00,733,True,3,0.271845,"[0.25,0.50)",28.883625,1.0,False,exact_bitmap,IVFFLAT_HYBRID,False
2026-08-30T19:55:40.738+00:00,heldout,1,193,HNSW_HYBRID,three_categories,category_00,733,True,3,0.271845,"[0.25,0.50)",20.082541,1.0,False,exact_bitmap,IVFFLAT_HYBRID,False
2026-08-30T19:55:40.762+00:00,heldout,1,193,IVFFLAT_HYBRID,three_categories,category_00,733,True,3,0.271845,"[0.25,0.50)",21.856208,1.0,False,exact_bitmap,IVFFLAT_HYBRID,True
2026-08-30T19:55:40.783+00:00,heldout,2,193,SQL_FIRST,three_categories,category_00,733,True,3,0.271845,"[0.25,0.50)",19.872209,1.0,True,exact_bitmap,IVFFLAT_HYBRID,False
2026-08-30T19:55:40.812+00:00,heldout,2,193,VECTOR_FIRST_HNSW,three_categories,category_00,733,True,3,0.271845,"[0.25,0.50)",28.862459,1.0,False,exact_bitmap,IVFFLAT_HYBRID,False
2026-08-30T19:55:40.833+00:00,heldout,2,193,HNSW_HYBRID,three_categories,category_00,733,True,3,0.271845,"[0.25,0.50)",20.565334,1.0,False,exact_bitmap,IVFFLAT_HYBRID,False
2026-08-30T19:55:40.859+00:00,heldout,2,193,IVFFLAT_HYBRID,three_categories,category_00,733,True,3,0.271845,"[0.25,0.50)",24.856666,1.0,False,exact_bitmap,IVFFLAT_HYBRID,True
2026-08-30T19:55:40.877+00:00,heldout,0,98,SQL_FIRST,two_categories_and_price,category_00,995,True,1,0.05151,"[0.05,0.10)",15.5605,1.0,True,exact_bitmap,HNSW_HYBRID,False
2026-08-30T19:55:40.910+00:00,heldout,0,98,VECTOR_FIRST_HNSW,two_categories_and_price,category_00,995,True,1,0.05151,"[0.05,0.10)",31.789542,0.5,False,exact_bitmap,HNSW_HYBRID,False
2026-08-30T19:55:40.923+00:00,heldout,0,98,HNSW_HYBRID,two_categories_and_price,category_00,995,True,1,0.05151,"[0.05,0.10)",11.738792,1.0,False,exact_bitmap,HNSW_HYBRID,True
2026-08-30T19:55:40.938+00:00,heldout,0,98,IVFFLAT_HYBRID,two_categories_and_price,category_00,995,True,1,0.05151,"[0.05,0.10)",13.172917,1.0,False,exact_bitmap,HNSW_HYBRID,False
2026-08-30T19:55:40.952+00:00,heldout,1,98,SQL_FIRST,two_categories_and_price,category_00,995,True,1,0.05151,"[0.05,0.10)",13.902125,1.0,True,exact_bitmap,HNSW_HYBRID,False
2026-08-30T19:55:40.990+00:00,heldout,1,98,VECTOR_FIRST_HNSW,two_categories_and_price,category_00,995,True,1,0.05151,"[0.05,0.10)",38.0965,0.5,False,exact_bitmap,HNSW_HYBRID,False
2026-08-30T19:55:41.004+00:00,heldout,1,98,HNSW_HYBRID,two_categories_and_price,category_00,995,True,1,0.05151,"[0.05,0.10)",12.947833,1.0,False,exact_bitmap,HNSW_HYBRID,True
2026-08-30T19:55:41.017+00:00,heldout,1,98,IVFFLAT_HYBRID,two_categories_and_price,category_00,995,True,1,0.05151,"[0.05,0.10)",13.142,1.0,False,exact_bitmap,HNSW_HYBRID,False
2026-08-30T19:55:41.031+00:00,heldout,2,98,SQL_FIRST,two_categories_and_price,category_00,995,True,1,0.05151,"[0.05,0.10)",13.759625,1.0,True,exact_bitmap,HNSW_HYBRID,False
2026-08-30T19:55:41.063+00:00,heldout,2,98,VECTOR_FIRST_HNSW,two_categories_and_price,category_00,995,True,1,0.05151,"[0.05,0.10)",31.237083,0.5,False,exact_bitmap,HNSW_HYBRID,False
2026-08-30T19:55:41.074+00:00,heldout,2,98,HNSW_HYBRID,two_categories_and_price,category_00,995,True,1,0.05151,"[0.05,0.10)",11.18925,1.0,False,exact_bitmap,HNSW_HYBRID,True
2026-08-30T19:55:41.087+00:00,heldout,2,98,IVFFLAT_HYBRID,two_categories_and_price,category_00,995,True,1,0.05151,"[0.05,0.10)",12.619042,1.0,False,exact_bitmap,HNSW_HYBRID,False
2026-08-30T19:55:41.104+00:00,heldout,0,95,SQL_FIRST,single_category,category_06,96,True,1,0.099535,"[0.05,0.10)",14.449667,1.0,True,exact_bitmap,HNSW_HYBRID,False
2026-08-30T19:55:41.139+00:00,heldout,0,95,VECTOR_FIRST_HNSW,single_category,category_06,96,True,1,0.099535,"[0.05,0.10)",33.828333,0.9,False,exact_bitmap,HNSW_HYBRID,False
2026-08-30T19:55:41.155+00:00,heldout,0,95,HNSW_HYBRID,single_category,category_06,96,True,1,0.099535,"[0.05,0.10)",14.684833,1.0,False,exact_bitmap,HNSW_HYBRID,True
2026-08-30T19:55:41.171+00:00,heldout,0,95,IVFFLAT_HYBRID,single_category,category_06,96,True,1,0.099535,"[0.05,0.10)",14.692,1.0,False,exact_bitmap,HNSW_HYBRID,False
2026-08-30T19:55:41.186+00:00,heldout,1,95,SQL_FIRST,single_category,category_06,96,True,1,0.099535,"[0.05,0.10)",14.572209,1.0,True,exact_bitmap,HNSW_HYBRID,False
2026-08-30T19:55:41.217+00:00,heldout,1,95,VECTOR_FIRST_HNSW,single_category,category_06,96,True,1,0.099535,"[0.05,0.10)",30.839584,0.9,False,exact_bitmap,HNSW_HYBRID,False
2026-08-30T19:55:41.232+00:00,heldout,1,95,HNSW_HYBRID,single_category,category_06,96,True,1,0.099535,"[0.05,0.10)",14.042708,1.0,False,exact_bitmap,HNSW_HYBRID,True
2026-08-30T19:55:41.246+00:00,heldout,1,95,IVFFLAT_HYBRID,single_category,category_06,96,True,1,0.099535,"[0.05,0.10)",13.983416,1.0,False,exact_bitmap,HNSW_HYBRID,False
2026-08-30T19:55:41.261+00:00,heldout,2,95,SQL_FIRST,single_category,category_06,96,True,1,0.099535,"[0.05,0.10)",14.058,1.0,True,exact_bitmap,HNSW_HYBRID,False
2026-08-30T19:55:41.292+00:00,heldout,2,95,VECTOR_FIRST_HNSW,single_category,category_06,96,True,1,0.099535,"[0.05,0.10)",31.111125,0.9,False,exact_bitmap,HNSW_HYBRID,False
2026-08-30T19:55:41.306+00:00,heldout,2,95,HNSW_HYBRID,single_category,category_06,96,True,1,0.099535,"[0.05,0.10)",13.032541,1.0,False,exact_bitmap,HNSW_HYBRID,True
2026-08-30T19:55:41.321+00:00,heldout,2,95,IVFFLAT_HYBRID,single_category,category_06,96,True,1,0.099535,"[0.05,0.10)",14.184833,1.0,False,exact_bitmap,HNSW_HYBRID,False
2026-08-30T19:55:41.345+00:00,heldout,0,182,SQL_FIRST,three_categories,category_01,97,True,3,0.272085,"[0.25,0.50)",21.222167,1.0,True,exact_bitmap,IVFFLAT_HYBRID,False
2026-08-30T19:55:41.376+00:00,heldout,0,182,VECTOR_FIRST_HNSW,three_categories,category_01,97,True,3,0.272085,"[0.25,0.50)",30.075042,1.0,False,exact_bitmap,IVFFLAT_HYBRID,False
2026-08-30T19:55:41.404+00:00,heldout,0,182,HNSW_HYBRID,three_categories,category_01,97,True,3,0.272085,"[0.25,0.50)",26.938375,1.0,False,exact_bitmap,IVFFLAT_HYBRID,False
2026-08-30T19:55:41.436+00:00,heldout,0,182,IVFFLAT_HYBRID,three_categories,category_01,97,True,3,0.272085,"[0.25,0.50)",31.44025,1.0,False,exact_bitmap,IVFFLAT_HYBRID,True
2026-08-30T19:55:41.457+00:00,heldout,1,182,SQL_FIRST,three_categories,category_01,97,True,3,0.272085,"[0.25,0.50)",21.073708,1.0,True,exact_bitmap,IVFFLAT_HYBRID,False
2026-08-30T19:55:41.488+00:00,heldout,1,182,VECTOR_FIRST_HNSW,three_categories,category_01,97,True,3,0.272085,"[0.25,0.50)",30.424542,1.0,False,exact_bitmap,IVFFLAT_HYBRID,False
2026-08-30T19:55:41.510+00:00,heldout,1,182,HNSW_HYBRID,three_categories,category_01,97,True,3,0.272085,"[0.25,0.50)",21.743208,1.0,False,exact_bitmap,IVFFLAT_HYBRID,False
2026-08-30T19:55:41.543+00:00,heldout,1,182,IVFFLAT_HYBRID,three_categories,category_01,97,True,3,0.272085,"[0.25,0.50)",32.372625,1.0,False,exact_bitmap,IVFFLAT_HYBRID,True
2026-08-30T19:55:41.566+00:00,heldout,2,182,SQL_FIRST,three_categories,category_01,97,True,3,0.272085,"[0.25,0.50)",22.432292,1.0,True,exact_bitmap,IVFFLAT_HYBRID,False
2026-08-30T19:55:41.599+00:00,heldout,2,182,VECTOR_FIRST_HNSW,three_categories,category_01,97,True,3,0.272085,"[0.25,0.50)",32.531833,1.0,False,exact_bitmap,IVFFLAT_HYBRID,False
2026-08-30T19:55:41.620+00:00,heldout,2,182,HNSW_HYBRID,three_categories,category_01,97,True,3,0.272085,"[0.25,0.50)",20.213166,1.0,False,exact_bitmap,IVFFLAT_HYBRID,False
2026-08-30T19:55:41.642+00:00,heldout,2,182,IVFFLAT_HYBRID,three_categories,category_01,97,True,3,0.272085,"[0.25,0.50)",21.024792,1.0,False,exact_bitmap,IVFFLAT_HYBRID,True
2026-08-30T19:55:41.668+00:00,heldout,0,217,SQL_FIRST,stock_alone,category_05,478,True,4,0.500835,"[0.50,1.00)",23.553625,1.0,True,exact_seq,SQL_FIRST,True
2026-08-30T19:55:41.701+00:00,heldout,0,217,VECTOR_FIRST_HNSW,stock_alone,category_05,478,True,4,0.500835,"[0.50,1.00)",31.516,1.0,False,exact_bitmap,SQL_FIRST,False
2026-08-30T19:55:41.726+00:00,heldout,0,217,HNSW_HYBRID,stock_alone,category_05,478,True,4,0.500835,"[0.50,1.00)",23.038458,1.0,False,exact_seq,SQL_FIRST,False
2026-08-30T19:55:41.751+00:00,heldout,0,217,IVFFLAT_HYBRID,stock_alone,category_05,478,True,4,0.500835,"[0.50,1.00)",23.970458,1.0,False,exact_seq,SQL_FIRST,False
2026-08-30T19:55:41.775+00:00,heldout,1,217,SQL_FIRST,stock_alone,category_05,478,True,4,0.500835,"[0.50,1.00)",24.030583,1.0,True,exact_seq,SQL_FIRST,True
2026-08-30T19:55:41.807+00:00,heldout,1,217,VECTOR_FIRST_HNSW,stock_alone,category_05,478,True,4,0.500835,"[0.50,1.00)",31.924792,1.0,False,exact_bitmap,SQL_FIRST,False
2026-08-30T19:55:41.832+00:00,heldout,1,217,HNSW_HYBRID,stock_alone,category_05,478,True,4,0.500835,"[0.50,1.00)",24.018208,1.0,False,exact_seq,SQL_FIRST,False
2026-08-30T19:55:41.856+00:00,heldout,1,217,IVFFLAT_HYBRID,stock_alone,category_05,478,True,4,0.500835,"[0.50,1.00)",23.742125,1.0,False,exact_seq,SQL_FIRST,False
2026-08-30T19:55:41.882+00:00,heldout,2,217,SQL_FIRST,stock_alone,category_05,478,True,4,0.500835,"[0.50,1.00)",25.050167,1.0,True,exact_seq,SQL_FIRST,True
2026-08-30T19:55:41.915+00:00,heldout,2,217,VECTOR_FIRST_HNSW,stock_alone,category_05,478,True,4,0.500835,"[0.50,1.00)",32.612209,1.0,False,exact_bitmap,SQL_FIRST,False
2026-08-30T19:55:41.942+00:00,heldout,2,217,HNSW_HYBRID,stock_alone,category_05,478,True,4,0.500835,"[0.50,1.00)",26.274792,1.0,False,exact_seq,SQL_FIRST,False
2026-08-30T19:55:41.972+00:00,heldout,2,217,IVFFLAT_HYBRID,stock_alone,category_05,478,True,4,0.500835,"[0.50,1.00)",29.611875,1.0,False,exact_seq,SQL_FIRST,False
2026-08-30T19:55:41.989+00:00,heldout,0,69,SQL_FIRST,single_category,category_02,978,True,1,0.098965,"[0.05,0.10)",15.207542,1.0,True,exact_bitmap,HNSW_HYBRID,False
2026-08-30T19:55:42.027+00:00,heldout,0,69,VECTOR_FIRST_HNSW,single_category,category_02,978,True,1,0.098965,"[0.05,0.10)",37.443583,1.0,False,exact_bitmap,HNSW_HYBRID,False
2026-08-30T19:55:42.043+00:00,heldout,0,69,HNSW_HYBRID,single_category,category_02,978,True,1,0.098965,"[0.05,0.10)",14.286,1.0,False,exact_bitmap,HNSW_HYBRID,True
2026-08-30T19:55:42.059+00:00,heldout,0,69,IVFFLAT_HYBRID,single_category,category_02,978,True,1,0.098965,"[0.05,0.10)",15.8335,1.0,False,exact_bitmap,HNSW_HYBRID,False
2026-08-30T19:55:42.075+00:00,heldout,1,69,SQL_FIRST,single_category,category_02,978,True,1,0.098965,"[0.05,0.10)",15.838666,1.0,True,exact_bitmap,HNSW_HYBRID,False
2026-08-30T19:55:42.109+00:00,heldout,1,69,VECTOR_FIRST_HNSW,single_category,category_02,978,True,1,0.098965,"[0.05,0.10)",33.537084,1.0,False,exact_bitmap,HNSW_HYBRID,False
2026-08-30T19:55:42.123+00:00,heldout,1,69,HNSW_HYBRID,single_category,category_02,978,True,1,0.098965,"[0.05,0.10)",13.422875,1.0,False,exact_bitmap,HNSW_HYBRID,True
2026-08-30T19:55:42.138+00:00,heldout,1,69,IVFFLAT_HYBRID,single_category,category_02,978,True,1,0.098965,"[0.05,0.10)",14.291292,1.0,False,exact_bitmap,HNSW_HYBRID,False
2026-08-30T19:55:42.154+00:00,heldout,2,69,SQL_FIRST,single_category,category_02,978,True,1,0.098965,"[0.05,0.10)",15.942875,1.0,True,exact_bitmap,HNSW_HYBRID,False
2026-08-30T19:55:42.187+00:00,heldout,2,69,VECTOR_FIRST_HNSW,single_category,category_02,978,True,1,0.098965,"[0.05,0.10)",32.087416,1.0,False,exact_bitmap,HNSW_HYBRID,False
2026-08-30T19:55:42.201+00:00,heldout,2,69,HNSW_HYBRID,single_category,category_02,978,True,1,0.098965,"[0.05,0.10)",13.24975,1.0,False,exact_bitmap,HNSW_HYBRID,True
2026-08-30T19:55:42.216+00:00,heldout,2,69,IVFFLAT_HYBRID,single_category,category_02,978,True,1,0.098965,"[0.05,0.10)",14.490834,1.0,False,exact_bitmap,HNSW_HYBRID,False
2026-08-30T19:55:42.230+00:00,heldout,0,41,SQL_FIRST,category_and_stock,category_04,760,False,0,0.04827,"[0.00,0.05)",11.881167,1.0,True,exact_bitmap,HNSW_HYBRID,False
2026-08-30T19:55:42.262+00:00,heldout,0,41,VECTOR_FIRST_HNSW,category_and_stock,category_04,760,False,0,0.04827,"[0.00,0.05)",30.017625,0.7,False,exact_bitmap,HNSW_HYBRID,False
2026-08-30T19:55:42.274+00:00,heldout,0,41,HNSW_HYBRID,category_and_stock,category_04,760,False,0,0.04827,"[0.00,0.05)",10.3285,1.0,False,exact_bitmap,HNSW_HYBRID,True
2026-08-30T19:55:42.287+00:00,heldout,0,41,IVFFLAT_HYBRID,category_and_stock,category_04,760,False,0,0.04827,"[0.00,0.05)",11.726834,1.0,False,exact_bitmap,HNSW_HYBRID,False
2026-08-30T19:55:42.299+00:00,heldout,1,41,SQL_FIRST,category_and_stock,category_04,760,False,0,0.04827,"[0.00,0.05)",11.796708,1.0,True,exact_bitmap,HNSW_HYBRID,False
2026-08-30T19:55:42.332+00:00,heldout,1,41,VECTOR_FIRST_HNSW,category_and_stock,category_04,760,False,0,0.04827,"[0.00,0.05)",32.737041,0.7,False,exact_bitmap,HNSW_HYBRID,False
2026-08-30T19:55:42.343+00:00,heldout,1,41,HNSW_HYBRID,category_and_stock,category_04,760,False,0,0.04827,"[0.00,0.05)",10.140625,1.0,False,exact_bitmap,HNSW_HYBRID,True
2026-08-30T19:55:42.355+00:00,heldout,1,41,IVFFLAT_HYBRID,category_and_stock,category_04,760,False,0,0.04827,"[0.00,0.05)",11.39675,1.0,False,exact_bitmap,HNSW_HYBRID,False
2026-08-30T19:55:42.367+00:00,heldout,2,41,SQL_FIRST,category_and_stock,category_04,760,False,0,0.04827,"[0.00,0.05)",11.642334,1.0,True,exact_bitmap,HNSW_HYBRID,False
2026-08-30T19:55:42.399+00:00,heldout,2,41,VECTOR_FIRST_HNSW,category_and_stock,category_04,760,False,0,0.04827,"[0.00,0.05)",31.527084,0.7,False,exact_bitmap,HNSW_HYBRID,False
2026-08-30T19:55:42.410+00:00,heldout,2,41,HNSW_HYBRID,category_and_stock,category_04,760,False,0,0.04827,"[0.00,0.05)",11.154291,1.0,False,exact_bitmap,HNSW_HYBRID,True
2026-08-30T19:55:42.427+00:00,heldout,2,41,IVFFLAT_HYBRID,category_and_stock,category_04,760,False,0,0.04827,"[0.00,0.05)",16.269375,1.0,False,exact_bitmap,HNSW_HYBRID,False
2026-08-30T19:55:42.445+00:00,heldout,0,104,SQL_FIRST,price_range_mid,category_04,398,True,2,0.101155,"[0.10,0.25)",15.074125,1.0,True,exact_bitmap,HNSW_HYBRID,False
2026-08-30T19:55:42.479+00:00,heldout,0,104,VECTOR_FIRST_HNSW,price_range_mid,category_04,398,True,2,0.101155,"[0.10,0.25)",33.095875,0.9,False,exact_bitmap,HNSW_HYBRID,False
2026-08-30T19:55:42.495+00:00,heldout,0,104,HNSW_HYBRID,price_range_mid,category_04,398,True,2,0.101155,"[0.10,0.25)",14.352209,1.0,False,exact_bitmap,HNSW_HYBRID,True
2026-08-30T19:55:42.511+00:00,heldout,0,104,IVFFLAT_HYBRID,price_range_mid,category_04,398,True,2,0.101155,"[0.10,0.25)",14.840125,1.0,False,exact_bitmap,HNSW_HYBRID,False
2026-08-30T19:55:42.526+00:00,heldout,1,104,SQL_FIRST,price_range_mid,category_04,398,True,2,0.101155,"[0.10,0.25)",14.833417,1.0,True,exact_bitmap,HNSW_HYBRID,False
2026-08-30T19:55:42.557+00:00,heldout,1,104,VECTOR_FIRST_HNSW,price_range_mid,category_04,398,True,2,0.101155,"[0.10,0.25)",30.247,0.9,False,exact_bitmap,HNSW_HYBRID,False
2026-08-30T19:55:42.572+00:00,heldout,1,104,HNSW_HYBRID,price_range_mid,category_04,398,True,2,0.101155,"[0.10,0.25)",14.848917,1.0,False,exact_bitmap,HNSW_HYBRID,True
2026-08-30T19:55:42.588+00:00,heldout,1,104,IVFFLAT_HYBRID,price_range_mid,category_04,398,True,2,0.101155,"[0.10,0.25)",14.812625,1.0,False,exact_bitmap,HNSW_HYBRID,False
2026-08-30T19:55:42.603+00:00,heldout,2,104,SQL_FIRST,price_range_mid,category_04,398,True,2,0.101155,"[0.10,0.25)",14.718375,1.0,True,exact_bitmap,HNSW_HYBRID,False
2026-08-30T19:55:42.633+00:00,heldout,2,104,VECTOR_FIRST_HNSW,price_range_mid,category_04,398,True,2,0.101155,"[0.10,0.25)",30.117625,0.9,False,exact_bitmap,HNSW_HYBRID,False
2026-08-30T19:55:42.648+00:00,heldout,2,104,HNSW_HYBRID,price_range_mid,category_04,398,True,2,0.101155,"[0.10,0.25)",14.214125,1.0,False,exact_bitmap,HNSW_HYBRID,True
2026-08-30T19:55:42.663+00:00,heldout,2,104,IVFFLAT_HYBRID,price_range_mid,category_04,398,True,2,0.101155,"[0.10,0.25)",14.543959,1.0,False,exact_bitmap,HNSW_HYBRID,False
2026-08-30T19:55:42.690+00:00,heldout,0,131,SQL_FIRST,price_range_mid,category_02,129,False,2,0.104215,"[0.10,0.25)",22.009084,1.0,True,exact_bitmap,HNSW_HYBRID,False
2026-08-30T19:55:42.722+00:00,heldout,0,131,VECTOR_FIRST_HNSW,price_range_mid,category_02,129,False,2,0.104215,"[0.10,0.25)",31.566209,0.5,False,exact_bitmap,HNSW_HYBRID,False
2026-08-30T19:55:42.737+00:00,heldout,0,131,HNSW_HYBRID,price_range_mid,category_02,129,False,2,0.104215,"[0.10,0.25)",14.279125,1.0,False,exact_bitmap,HNSW_HYBRID,True
2026-08-30T19:55:42.753+00:00,heldout,0,131,IVFFLAT_HYBRID,price_range_mid,category_02,129,False,2,0.104215,"[0.10,0.25)",14.840208,1.0,False,exact_bitmap,HNSW_HYBRID,False
2026-08-30T19:55:42.768+00:00,heldout,1,131,SQL_FIRST,price_range_mid,category_02,129,False,2,0.104215,"[0.10,0.25)",14.799417,1.0,True,exact_bitmap,HNSW_HYBRID,False
2026-08-30T19:55:42.799+00:00,heldout,1,131,VECTOR_FIRST_HNSW,price_range_mid,category_02,129,False,2,0.104215,"[0.10,0.25)",30.339542,0.5,False,exact_bitmap,HNSW_HYBRID,False
2026-08-30T19:55:42.813+00:00,heldout,1,131,HNSW_HYBRID,price_range_mid,category_02,129,False,2,0.104215,"[0.10,0.25)",13.466833,1.0,False,exact_bitmap,HNSW_HYBRID,True
2026-08-30T19:55:42.828+00:00,heldout,1,131,IVFFLAT_HYBRID,price_range_mid,category_02,129,False,2,0.104215,"[0.10,0.25)",14.784292,1.0,False,exact_bitmap,HNSW_HYBRID,False
2026-08-30T19:55:42.843+00:00,heldout,2,131,SQL_FIRST,price_range_mid,category_02,129,False,2,0.104215,"[0.10,0.25)",14.544792,1.0,True,exact_bitmap,HNSW_HYBRID,False
2026-08-30T19:55:42.874+00:00,heldout,2,131,VECTOR_FIRST_HNSW,price_range_mid,category_02,129,False,2,0.104215,"[0.10,0.25)",30.12075,0.5,False,exact_bitmap,HNSW_HYBRID,False
2026-08-30T19:55:42.888+00:00,heldout,2,131,HNSW_HYBRID,price_range_mid,category_02,129,False,2,0.104215,"[0.10,0.25)",13.5795,1.0,False,exact_bitmap,HNSW_HYBRID,True
2026-08-30T19:55:42.903+00:00,heldout,2,131,IVFFLAT_HYBRID,price_range_mid,category_02,129,False,2,0.104215,"[0.10,0.25)",14.823209,1.0,False,exact_bitmap,HNSW_HYBRID,False
2026-08-30T19:55:42.921+00:00,heldout,0,126,SQL_FIRST,price_range_mid,category_06,877,False,2,0.102295,"[0.10,0.25)",14.892417,1.0,True,exact_bitmap,HNSW_HYBRID,False
2026-08-30T19:55:42.954+00:00,heldout,0,126,VECTOR_FIRST_HNSW,price_range_mid,category_06,877,False,2,0.102295,"[0.10,0.25)",31.564375,1.0,False,exact_bitmap,HNSW_HYBRID,False
2026-08-30T19:55:42.969+00:00,heldout,0,126,HNSW_HYBRID,price_range_mid,category_06,877,False,2,0.102295,"[0.10,0.25)",14.280792,1.0,False,exact_bitmap,HNSW_HYBRID,True
2026-08-30T19:55:42.985+00:00,heldout,0,126,IVFFLAT_HYBRID,price_range_mid,category_06,877,False,2,0.102295,"[0.10,0.25)",15.4605,1.0,False,exact_bitmap,HNSW_HYBRID,False
2026-08-30T19:55:43.004+00:00,heldout,1,126,SQL_FIRST,price_range_mid,category_06,877,False,2,0.102295,"[0.10,0.25)",18.050209,1.0,True,exact_bitmap,HNSW_HYBRID,False
2026-08-30T19:55:43.037+00:00,heldout,1,126,VECTOR_FIRST_HNSW,price_range_mid,category_06,877,False,2,0.102295,"[0.10,0.25)",33.13175,1.0,False,exact_bitmap,HNSW_HYBRID,False
2026-08-30T19:55:43.053+00:00,heldout,1,126,HNSW_HYBRID,price_range_mid,category_06,877,False,2,0.102295,"[0.10,0.25)",15.757583,1.0,False,exact_bitmap,HNSW_HYBRID,True
2026-08-30T19:55:43.071+00:00,heldout,1,126,IVFFLAT_HYBRID,price_range_mid,category_06,877,False,2,0.102295,"[0.10,0.25)",17.29,1.0,False,exact_bitmap,HNSW_HYBRID,False
2026-08-30T19:55:43.088+00:00,heldout,2,126,SQL_FIRST,price_range_mid,category_06,877,False,2,0.102295,"[0.10,0.25)",16.332708,1.0,True,exact_bitmap,HNSW_HYBRID,False
2026-08-30T19:55:43.123+00:00,heldout,2,126,VECTOR_FIRST_HNSW,price_range_mid,category_06,877,False,2,0.102295,"[0.10,0.25)",34.667958,1.0,False,exact_bitmap,HNSW_HYBRID,False
2026-08-30T19:55:43.145+00:00,heldout,2,126,HNSW_HYBRID,price_range_mid,category_06,877,False,2,0.102295,"[0.10,0.25)",21.735458,1.0,False,exact_bitmap,HNSW_HYBRID,True
2026-08-30T19:55:43.165+00:00,heldout,2,126,IVFFLAT_HYBRID,price_range_mid,category_06,877,False,2,0.102295,"[0.10,0.25)",19.735792,1.0,False,exact_bitmap,HNSW_HYBRID,False
2026-08-30T19:55:43.178+00:00,heldout,0,27,SQL_FIRST,category_and_stock,category_04,857,False,0,0.04827,"[0.00,0.05)",11.908084,1.0,True,exact_bitmap,HNSW_HYBRID,False
2026-08-30T19:55:43.209+00:00,heldout,0,27,VECTOR_FIRST_HNSW,category_and_stock,category_04,857,False,0,0.04827,"[0.00,0.05)",29.462333,0.8,False,exact_bitmap,HNSW_HYBRID,False
2026-08-30T19:55:43.220+00:00,heldout,0,27,HNSW_HYBRID,category_and_stock,category_04,857,False,0,0.04827,"[0.00,0.05)",10.537208,1.0,False,exact_bitmap,HNSW_HYBRID,True
2026-08-30T19:55:43.233+00:00,heldout,0,27,IVFFLAT_HYBRID,category_and_stock,category_04,857,False,0,0.04827,"[0.00,0.05)",11.484375,1.0,False,exact_bitmap,HNSW_HYBRID,False
2026-08-30T19:55:43.245+00:00,heldout,1,27,SQL_FIRST,category_and_stock,category_04,857,False,0,0.04827,"[0.00,0.05)",11.768542,1.0,True,exact_bitmap,HNSW_HYBRID,False
2026-08-30T19:55:43.276+00:00,heldout,1,27,VECTOR_FIRST_HNSW,category_and_stock,category_04,857,False,0,0.04827,"[0.00,0.05)",30.707458,0.8,False,exact_bitmap,HNSW_HYBRID,False
2026-08-30T19:55:43.287+00:00,heldout,1,27,HNSW_HYBRID,category_and_stock,category_04,857,False,0,0.04827,"[0.00,0.05)",10.262417,1.0,False,exact_bitmap,HNSW_HYBRID,True
2026-08-30T19:55:43.300+00:00,heldout,1,27,IVFFLAT_HYBRID,category_and_stock,category_04,857,False,0,0.04827,"[0.00,0.05)",12.043041,1.0,False,exact_bitmap,HNSW_HYBRID,False
2026-08-30T19:55:43.312+00:00,heldout,2,27,SQL_FIRST,category_and_stock,category_04,857,False,0,0.04827,"[0.00,0.05)",11.560292,1.0,True,exact_bitmap,HNSW_HYBRID,False
2026-08-30T19:55:43.344+00:00,heldout,2,27,VECTOR_FIRST_HNSW,category_and_stock,category_04,857,False,0,0.04827,"[0.00,0.05)",31.210959,0.8,False,exact_bitmap,HNSW_HYBRID,False
2026-08-30T19:55:43.354+00:00,heldout,2,27,HNSW_HYBRID,category_and_stock,category_04,857,False,0,0.04827,"[0.00,0.05)",10.199166,1.0,False,exact_bitmap,HNSW_HYBRID,True
2026-08-30T19:55:43.366+00:00,heldout,2,27,IVFFLAT_HYBRID,category_and_stock,category_04,857,False,0,0.04827,"[0.00,0.05)",11.718917,1.0,False,exact_bitmap,HNSW_HYBRID,False
2026-08-30T19:55:43.390+00:00,heldout,0,185,SQL_FIRST,three_categories,category_00,404,False,3,0.271845,"[0.25,0.50)",21.084208,1.0,True,exact_bitmap,IVFFLAT_HYBRID,False
2026-08-30T19:55:43.423+00:00,heldout,0,185,VECTOR_FIRST_HNSW,three_categories,category_00,404,False,3,0.271845,"[0.25,0.50)",30.93725,1.0,False,exact_bitmap,IVFFLAT_HYBRID,False
2026-08-30T19:55:43.446+00:00,heldout,0,185,HNSW_HYBRID,three_categories,category_00,404,False,3,0.271845,"[0.25,0.50)",22.068459,1.0,False,exact_bitmap,IVFFLAT_HYBRID,False
2026-08-30T19:55:43.472+00:00,heldout,0,185,IVFFLAT_HYBRID,three_categories,category_00,404,False,3,0.271845,"[0.25,0.50)",25.35975,1.0,False,exact_bitmap,IVFFLAT_HYBRID,True
2026-08-30T19:55:43.496+00:00,heldout,1,185,SQL_FIRST,three_categories,category_00,404,False,3,0.271845,"[0.25,0.50)",23.586833,1.0,True,exact_bitmap,IVFFLAT_HYBRID,False
2026-08-30T19:55:43.529+00:00,heldout,1,185,VECTOR_FIRST_HNSW,three_categories,category_00,404,False,3,0.271845,"[0.25,0.50)",31.476791,1.0,False,exact_bitmap,IVFFLAT_HYBRID,False
2026-08-30T19:55:43.552+00:00,heldout,1,185,HNSW_HYBRID,three_categories,category_00,404,False,3,0.271845,"[0.25,0.50)",21.806417,1.0,False,exact_bitmap,IVFFLAT_HYBRID,False
2026-08-30T19:55:43.574+00:00,heldout,1,185,IVFFLAT_HYBRID,three_categories,category_00,404,False,3,0.271845,"[0.25,0.50)",21.929041,1.0,False,exact_bitmap,IVFFLAT_HYBRID,True
2026-08-30T19:55:43.600+00:00,heldout,2,185,SQL_FIRST,three_categories,category_00,404,False,3,0.271845,"[0.25,0.50)",24.915917,1.0,True,exact_bitmap,IVFFLAT_HYBRID,False
2026-08-30T19:55:43.632+00:00,heldout,2,185,VECTOR_FIRST_HNSW,three_categories,category_00,404,False,3,0.271845,"[0.25,0.50)",32.145417,1.0,False,exact_bitmap,IVFFLAT_HYBRID,False
2026-08-30T19:55:43.653+00:00,heldout,2,185,HNSW_HYBRID,three_categories,category_00,404,False,3,0.271845,"[0.25,0.50)",20.270834,1.0,False,exact_bitmap,IVFFLAT_HYBRID,False
2026-08-30T19:55:43.676+00:00,heldout,2,185,IVFFLAT_HYBRID,three_categories,category_00,404,False,3,0.271845,"[0.25,0.50)",22.106,1.0,False,exact_bitmap,IVFFLAT_HYBRID,True
2026-08-30T19:55:43.699+00:00,heldout,0,183,SQL_FIRST,three_categories,category_02,506,False,3,0.2705,"[0.25,0.50)",19.582667,1.0,True,exact_bitmap,IVFFLAT_HYBRID,False
2026-08-30T19:55:43.729+00:00,heldout,0,183,VECTOR_FIRST_HNSW,three_categories,category_02,506,False,3,0.2705,"[0.25,0.50)",29.017917,1.0,False,exact_bitmap,IVFFLAT_HYBRID,False
2026-08-30T19:55:43.750+00:00,heldout,0,183,HNSW_HYBRID,three_categories,category_02,506,False,3,0.2705,"[0.25,0.50)",19.730875,1.0,False,exact_bitmap,IVFFLAT_HYBRID,False
2026-08-30T19:55:43.773+00:00,heldout,0,183,IVFFLAT_HYBRID,three_categories,category_02,506,False,3,0.2705,"[0.25,0.50)",22.021792,1.0,False,exact_bitmap,IVFFLAT_HYBRID,True
2026-08-30T19:55:43.795+00:00,heldout,1,183,SQL_FIRST,three_categories,category_02,506,False,3,0.2705,"[0.25,0.50)",21.062125,1.0,True,exact_bitmap,IVFFLAT_HYBRID,False
2026-08-30T19:55:43.825+00:00,heldout,1,183,VECTOR_FIRST_HNSW,three_categories,category_02,506,False,3,0.2705,"[0.25,0.50)",29.542583,1.0,False,exact_bitmap,IVFFLAT_HYBRID,False
2026-08-30T19:55:43.846+00:00,heldout,1,183,HNSW_HYBRID,three_categories,category_02,506,False,3,0.2705,"[0.25,0.50)",20.923084,1.0,False,exact_bitmap,IVFFLAT_HYBRID,False
2026-08-30T19:55:43.868+00:00,heldout,1,183,IVFFLAT_HYBRID,three_categories,category_02,506,False,3,0.2705,"[0.25,0.50)",21.729084,1.0,False,exact_bitmap,IVFFLAT_HYBRID,True
2026-08-30T19:55:43.890+00:00,heldout,2,183,SQL_FIRST,three_categories,category_02,506,False,3,0.2705,"[0.25,0.50)",21.366291,1.0,True,exact_bitmap,IVFFLAT_HYBRID,False
2026-08-30T19:55:43.920+00:00,heldout,2,183,VECTOR_FIRST_HNSW,three_categories,category_02,506,False,3,0.2705,"[0.25,0.50)",29.028958,1.0,False,exact_bitmap,IVFFLAT_HYBRID,False
2026-08-30T19:55:43.946+00:00,heldout,2,183,HNSW_HYBRID,three_categories,category_02,506,False,3,0.2705,"[0.25,0.50)",25.575792,1.0,False,exact_bitmap,IVFFLAT_HYBRID,False
2026-08-30T19:55:43.970+00:00,heldout,2,183,IVFFLAT_HYBRID,three_categories,category_02,506,False,3,0.2705,"[0.25,0.50)",23.716125,1.0,False,exact_bitmap,IVFFLAT_HYBRID,True
2026-08-30T19:55:44.002+00:00,heldout,0,249,SQL_FIRST,wide_or,category_06,25,True,4,0.557055,"[0.50,1.00)",31.018375,1.0,True,exact_seq,SQL_FIRST,True
2026-08-30T19:55:44.033+00:00,heldout,0,249,VECTOR_FIRST_HNSW,wide_or,category_06,25,True,4,0.557055,"[0.50,1.00)",29.699792,1.0,False,exact_bitmap,SQL_FIRST,False
2026-08-30T19:55:44.062+00:00,heldout,0,249,HNSW_HYBRID,wide_or,category_06,25,True,4,0.557055,"[0.50,1.00)",27.979375,1.0,False,exact_seq,SQL_FIRST,False
2026-08-30T19:55:44.091+00:00,heldout,0,249,IVFFLAT_HYBRID,wide_or,category_06,25,True,4,0.557055,"[0.50,1.00)",28.523791,1.0,False,exact_seq,SQL_FIRST,False
2026-08-30T19:55:44.118+00:00,heldout,1,249,SQL_FIRST,wide_or,category_06,25,True,4,0.557055,"[0.50,1.00)",26.344584,1.0,True,exact_seq,SQL_FIRST,True
2026-08-30T19:55:44.152+00:00,heldout,1,249,VECTOR_FIRST_HNSW,wide_or,category_06,25,True,4,0.557055,"[0.50,1.00)",33.632875,1.0,False,exact_bitmap,SQL_FIRST,False
2026-08-30T19:55:44.183+00:00,heldout,1,249,HNSW_HYBRID,wide_or,category_06,25,True,4,0.557055,"[0.50,1.00)",30.768375,1.0,False,exact_seq,SQL_FIRST,False
2026-08-30T19:55:44.218+00:00,heldout,1,249,IVFFLAT_HYBRID,wide_or,category_06,25,True,4,0.557055,"[0.50,1.00)",32.370416,1.0,False,exact_seq,SQL_FIRST,False
2026-08-30T19:55:44.248+00:00,heldout,2,249,SQL_FIRST,wide_or,category_06,25,True,4,0.557055,"[0.50,1.00)",30.401292,1.0,True,exact_seq,SQL_FIRST,True
2026-08-30T19:55:44.282+00:00,heldout,2,249,VECTOR_FIRST_HNSW,wide_or,category_06,25,True,4,0.557055,"[0.50,1.00)",32.5185,1.0,False,exact_bitmap,SQL_FIRST,False
2026-08-30T19:55:44.311+00:00,heldout,2,249,HNSW_HYBRID,wide_or,category_06,25,True,4,0.557055,"[0.50,1.00)",28.854667,1.0,False,exact_seq,SQL_FIRST,False
2026-08-30T19:55:44.340+00:00,heldout,2,249,IVFFLAT_HYBRID,wide_or,category_06,25,True,4,0.557055,"[0.50,1.00)",28.645625,1.0,False,exact_seq,SQL_FIRST,False
2026-08-30T19:55:44.371+00:00,heldout,0,209,SQL_FIRST,wide_or,category_05,82,True,4,0.583955,"[0.50,1.00)",29.195291,1.0,True,exact_seq,SQL_FIRST,True
2026-08-30T19:55:44.404+00:00,heldout,0,209,VECTOR_FIRST_HNSW,wide_or,category_05,82,True,4,0.583955,"[0.50,1.00)",31.429333,1.0,False,exact_bitmap,SQL_FIRST,False
2026-08-30T19:55:44.438+00:00,heldout,0,209,HNSW_HYBRID,wide_or,category_05,82,True,4,0.583955,"[0.50,1.00)",31.908583,1.0,False,exact_seq,SQL_FIRST,False
2026-08-30T19:55:44.471+00:00,heldout,0,209,IVFFLAT_HYBRID,wide_or,category_05,82,True,4,0.583955,"[0.50,1.00)",31.318042,1.0,False,exact_seq,SQL_FIRST,False
2026-08-30T19:55:44.500+00:00,heldout,1,209,SQL_FIRST,wide_or,category_05,82,True,4,0.583955,"[0.50,1.00)",29.116417,1.0,True,exact_seq,SQL_FIRST,True
2026-08-30T19:55:44.531+00:00,heldout,1,209,VECTOR_FIRST_HNSW,wide_or,category_05,82,True,4,0.583955,"[0.50,1.00)",30.467125,1.0,False,exact_bitmap,SQL_FIRST,False
2026-08-30T19:55:44.561+00:00,heldout,1,209,HNSW_HYBRID,wide_or,category_05,82,True,4,0.583955,"[0.50,1.00)",29.445916,1.0,False,exact_seq,SQL_FIRST,False
2026-08-30T19:55:44.593+00:00,heldout,1,209,IVFFLAT_HYBRID,wide_or,category_05,82,True,4,0.583955,"[0.50,1.00)",31.277917,1.0,False,exact_seq,SQL_FIRST,False
2026-08-30T19:55:44.624+00:00,heldout,2,209,SQL_FIRST,wide_or,category_05,82,True,4,0.583955,"[0.50,1.00)",30.728041,1.0,True,exact_seq,SQL_FIRST,True
2026-08-30T19:55:44.656+00:00,heldout,2,209,VECTOR_FIRST_HNSW,wide_or,category_05,82,True,4,0.583955,"[0.50,1.00)",31.644125,1.0,False,exact_bitmap,SQL_FIRST,False
2026-08-30T19:55:44.686+00:00,heldout,2,209,HNSW_HYBRID,wide_or,category_05,82,True,4,0.583955,"[0.50,1.00)",29.417333,1.0,False,exact_seq,SQL_FIRST,False
2026-08-30T19:55:44.717+00:00,heldout,2,209,IVFFLAT_HYBRID,wide_or,category_05,82,True,4,0.583955,"[0.50,1.00)",29.646917,1.0,False,exact_seq,SQL_FIRST,False
2026-08-30T19:55:44.736+00:00,heldout,0,60,SQL_FIRST,two_categories_and_price,category_03,989,False,1,0.051335,"[0.05,0.10)",12.160958,1.0,True,exact_bitmap,HNSW_HYBRID,False
2026-08-30T19:55:44.770+00:00,heldout,0,60,VECTOR_FIRST_HNSW,two_categories_and_price,category_03,989,False,1,0.051335,"[0.05,0.10)",32.544042,0.3,False,exact_bitmap,HNSW_HYBRID,False
2026-08-30T19:55:44.784+00:00,heldout,0,60,HNSW_HYBRID,two_categories_and_price,category_03,989,False,1,0.051335,"[0.05,0.10)",12.203,1.0,False,exact_bitmap,HNSW_HYBRID,True
2026-08-30T19:55:44.800+00:00,heldout,0,60,IVFFLAT_HYBRID,two_categories_and_price,category_03,989,False,1,0.051335,"[0.05,0.10)",15.099584,1.0,False,exact_bitmap,HNSW_HYBRID,False
2026-08-30T19:55:44.816+00:00,heldout,1,60,SQL_FIRST,two_categories_and_price,category_03,989,False,1,0.051335,"[0.05,0.10)",15.328084,1.0,True,exact_bitmap,HNSW_HYBRID,False
2026-08-30T19:55:44.854+00:00,heldout,1,60,VECTOR_FIRST_HNSW,two_categories_and_price,category_03,989,False,1,0.051335,"[0.05,0.10)",37.918166,0.3,False,exact_bitmap,HNSW_HYBRID,False
2026-08-30T19:55:44.869+00:00,heldout,1,60,HNSW_HYBRID,two_categories_and_price,category_03,989,False,1,0.051335,"[0.05,0.10)",14.690417,1.0,False,exact_bitmap,HNSW_HYBRID,True
2026-08-30T19:55:44.884+00:00,heldout,1,60,IVFFLAT_HYBRID,two_categories_and_price,category_03,989,False,1,0.051335,"[0.05,0.10)",14.58475,1.0,False,exact_bitmap,HNSW_HYBRID,False
2026-08-30T19:55:44.899+00:00,heldout,2,60,SQL_FIRST,two_categories_and_price,category_03,989,False,1,0.051335,"[0.05,0.10)",14.775416,1.0,True,exact_bitmap,HNSW_HYBRID,False
2026-08-30T19:55:44.935+00:00,heldout,2,60,VECTOR_FIRST_HNSW,two_categories_and_price,category_03,989,False,1,0.051335,"[0.05,0.10)",34.972,0.3,False,exact_bitmap,HNSW_HYBRID,False
2026-08-30T19:55:44.948+00:00,heldout,2,60,HNSW_HYBRID,two_categories_and_price,category_03,989,False,1,0.051335,"[0.05,0.10)",12.642958,1.0,False,exact_bitmap,HNSW_HYBRID,True
2026-08-30T19:55:44.963+00:00,heldout,2,60,IVFFLAT_HYBRID,two_categories_and_price,category_03,989,False,1,0.051335,"[0.05,0.10)",15.032459,1.0,False,exact_bitmap,HNSW_HYBRID,False
2026-08-30T19:55:44.999+00:00,heldout,0,205,SQL_FIRST,wide_or,category_01,120,False,4,0.599485,"[0.50,1.00)",33.66175,1.0,True,exact_seq,SQL_FIRST,True
2026-08-30T19:55:45.032+00:00,heldout,0,205,VECTOR_FIRST_HNSW,wide_or,category_01,120,False,4,0.599485,"[0.50,1.00)",32.461417,1.0,False,exact_bitmap,SQL_FIRST,False
2026-08-30T19:55:45.063+00:00,heldout,0,205,HNSW_HYBRID,wide_or,category_01,120,False,4,0.599485,"[0.50,1.00)",30.508083,1.0,False,exact_seq,SQL_FIRST,False
2026-08-30T19:55:45.095+00:00,heldout,0,205,IVFFLAT_HYBRID,wide_or,category_01,120,False,4,0.599485,"[0.50,1.00)",31.063333,1.0,False,exact_seq,SQL_FIRST,False
2026-08-30T19:55:45.128+00:00,heldout,1,205,SQL_FIRST,wide_or,category_01,120,False,4,0.599485,"[0.50,1.00)",32.095625,1.0,True,exact_seq,SQL_FIRST,True
2026-08-30T19:55:45.162+00:00,heldout,1,205,VECTOR_FIRST_HNSW,wide_or,category_01,120,False,4,0.599485,"[0.50,1.00)",33.98175,1.0,False,exact_bitmap,SQL_FIRST,False
2026-08-30T19:55:45.193+00:00,heldout,1,205,HNSW_HYBRID,wide_or,category_01,120,False,4,0.599485,"[0.50,1.00)",30.43175,1.0,False,exact_seq,SQL_FIRST,False
2026-08-30T19:55:45.224+00:00,heldout,1,205,IVFFLAT_HYBRID,wide_or,category_01,120,False,4,0.599485,"[0.50,1.00)",30.719375,1.0,False,exact_seq,SQL_FIRST,False
2026-08-30T19:55:45.255+00:00,heldout,2,205,SQL_FIRST,wide_or,category_01,120,False,4,0.599485,"[0.50,1.00)",30.785584,1.0,True,exact_seq,SQL_FIRST,True
2026-08-30T19:55:45.290+00:00,heldout,2,205,VECTOR_FIRST_HNSW,wide_or,category_01,120,False,4,0.599485,"[0.50,1.00)",34.428584,1.0,False,exact_bitmap,SQL_FIRST,False
2026-08-30T19:55:45.323+00:00,heldout,2,205,HNSW_HYBRID,wide_or,category_01,120,False,4,0.599485,"[0.50,1.00)",31.549292,1.0,False,exact_seq,SQL_FIRST,False
2026-08-30T19:55:45.355+00:00,heldout,2,205,IVFFLAT_HYBRID,wide_or,category_01,120,False,4,0.599485,"[0.50,1.00)",31.373375,1.0,False,exact_seq,SQL_FIRST,False
2026-08-30T19:55:45.395+00:00,heldout,0,250,SQL_FIRST,wide_or,category_02,997,True,4,0.998565,"[0.50,1.00)",37.71525,1.0,True,exact_seq,SQL_FIRST,True
2026-08-30T19:55:45.429+00:00,heldout,0,250,VECTOR_FIRST_HNSW,wide_or,category_02,997,True,4,0.998565,"[0.50,1.00)",33.005708,1.0,False,exact_bitmap,SQL_FIRST,False
2026-08-30T19:55:45.471+00:00,heldout,0,250,HNSW_HYBRID,wide_or,category_02,997,True,4,0.998565,"[0.50,1.00)",40.995458,1.0,False,exact_seq,SQL_FIRST,False
2026-08-30T19:55:45.516+00:00,heldout,0,250,IVFFLAT_HYBRID,wide_or,category_02,997,True,4,0.998565,"[0.50,1.00)",43.108834,1.0,False,exact_seq,SQL_FIRST,False
2026-08-30T19:55:45.557+00:00,heldout,1,250,SQL_FIRST,wide_or,category_02,997,True,4,0.998565,"[0.50,1.00)",40.820708,1.0,True,exact_seq,SQL_FIRST,True
2026-08-30T19:55:45.592+00:00,heldout,1,250,VECTOR_FIRST_HNSW,wide_or,category_02,997,True,4,0.998565,"[0.50,1.00)",34.697959,1.0,False,exact_bitmap,SQL_FIRST,False
2026-08-30T19:55:45.633+00:00,heldout,1,250,HNSW_HYBRID,wide_or,category_02,997,True,4,0.998565,"[0.50,1.00)",39.978292,1.0,False,exact_seq,SQL_FIRST,False
2026-08-30T19:55:45.676+00:00,heldout,1,250,IVFFLAT_HYBRID,wide_or,category_02,997,True,4,0.998565,"[0.50,1.00)",42.656083,1.0,False,exact_seq,SQL_FIRST,False
2026-08-30T19:55:45.715+00:00,heldout,2,250,SQL_FIRST,wide_or,category_02,997,True,4,0.998565,"[0.50,1.00)",38.767959,1.0,True,exact_seq,SQL_FIRST,True
2026-08-30T19:55:45.753+00:00,heldout,2,250,VECTOR_FIRST_HNSW,wide_or,category_02,997,True,4,0.998565,"[0.50,1.00)",37.290625,1.0,False,exact_bitmap,SQL_FIRST,False
2026-08-30T19:55:45.794+00:00,heldout,2,250,HNSW_HYBRID,wide_or,category_02,997,True,4,0.998565,"[0.50,1.00)",41.062667,1.0,False,exact_seq,SQL_FIRST,False
2026-08-30T19:55:45.835+00:00,heldout,2,250,IVFFLAT_HYBRID,wide_or,category_02,997,True,4,0.998565,"[0.50,1.00)",40.393875,1.0,False,exact_seq,SQL_FIRST,False
2026-08-30T19:55:45.863+00:00,heldout,0,123,SQL_FIRST,two_categories,category_09,711,True,2,0.2033,"[0.10,0.25)",25.90825,1.0,True,exact_bitmap,HNSW_HYBRID,False
2026-08-30T19:55:45.899+00:00,heldout,0,123,VECTOR_FIRST_HNSW,two_categories,category_09,711,True,2,0.2033,"[0.10,0.25)",34.752833,1.0,False,exact_bitmap,HNSW_HYBRID,False
2026-08-30T19:55:45.926+00:00,heldout,0,123,HNSW_HYBRID,two_categories,category_09,711,True,2,0.2033,"[0.10,0.25)",25.864167,1.0,False,exact_bitmap,HNSW_HYBRID,True
2026-08-30T19:55:45.957+00:00,heldout,0,123,IVFFLAT_HYBRID,two_categories,category_09,711,True,2,0.2033,"[0.10,0.25)",29.67675,1.0,False,exact_bitmap,HNSW_HYBRID,False
2026-08-30T19:55:45.985+00:00,heldout,1,123,SQL_FIRST,two_categories,category_09,711,True,2,0.2033,"[0.10,0.25)",28.230666,1.0,True,exact_bitmap,HNSW_HYBRID,False
2026-08-30T19:55:46.028+00:00,heldout,1,123,VECTOR_FIRST_HNSW,two_categories,category_09,711,True,2,0.2033,"[0.10,0.25)",42.59275,1.0,False,exact_bitmap,HNSW_HYBRID,False
2026-08-30T19:55:46.055+00:00,heldout,1,123,HNSW_HYBRID,two_categories,category_09,711,True,2,0.2033,"[0.10,0.25)",26.037458,1.0,False,exact_bitmap,HNSW_HYBRID,True
2026-08-30T19:55:46.084+00:00,heldout,1,123,IVFFLAT_HYBRID,two_categories,category_09,711,True,2,0.2033,"[0.10,0.25)",29.252667,1.0,False,exact_bitmap,HNSW_HYBRID,False
2026-08-30T19:55:46.112+00:00,heldout,2,123,SQL_FIRST,two_categories,category_09,711,True,2,0.2033,"[0.10,0.25)",26.78975,1.0,True,exact_bitmap,HNSW_HYBRID,False
2026-08-30T19:55:46.146+00:00,heldout,2,123,VECTOR_FIRST_HNSW,two_categories,category_09,711,True,2,0.2033,"[0.10,0.25)",33.897542,1.0,False,exact_bitmap,HNSW_HYBRID,False
2026-08-30T19:55:46.175+00:00,heldout,2,123,HNSW_HYBRID,two_categories,category_09,711,True,2,0.2033,"[0.10,0.25)",28.4835,1.0,False,exact_bitmap,HNSW_HYBRID,True
2026-08-30T19:55:46.204+00:00,heldout,2,123,IVFFLAT_HYBRID,two_categories,category_09,711,True,2,0.2033,"[0.10,0.25)",29.19525,1.0,False,exact_bitmap,HNSW_HYBRID,False
2026-08-30T19:55:46.228+00:00,heldout,0,154,SQL_FIRST,three_categories,category_04,582,True,3,0.267975,"[0.25,0.50)",21.364875,1.0,True,exact_bitmap,IVFFLAT_HYBRID,False
2026-08-30T19:55:46.256+00:00,heldout,0,154,VECTOR_FIRST_HNSW,three_categories,category_04,582,True,3,0.267975,"[0.25,0.50)",26.173541,1.0,False,exact_bitmap,IVFFLAT_HYBRID,False
2026-08-30T19:55:46.278+00:00,heldout,0,154,HNSW_HYBRID,three_categories,category_04,582,True,3,0.267975,"[0.25,0.50)",21.150042,1.0,False,exact_bitmap,IVFFLAT_HYBRID,False
2026-08-30T19:55:46.301+00:00,heldout,0,154,IVFFLAT_HYBRID,three_categories,category_04,582,True,3,0.267975,"[0.25,0.50)",21.218125,1.0,False,exact_bitmap,IVFFLAT_HYBRID,True
2026-08-30T19:55:46.330+00:00,heldout,1,154,SQL_FIRST,three_categories,category_04,582,True,3,0.267975,"[0.25,0.50)",28.487875,1.0,True,exact_bitmap,IVFFLAT_HYBRID,False
2026-08-30T19:55:46.365+00:00,heldout,1,154,VECTOR_FIRST_HNSW,three_categories,category_04,582,True,3,0.267975,"[0.25,0.50)",33.490292,1.0,False,exact_bitmap,IVFFLAT_HYBRID,False
2026-08-30T19:55:46.387+00:00,heldout,1,154,HNSW_HYBRID,three_categories,category_04,582,True,3,0.267975,"[0.25,0.50)",21.934292,1.0,False,exact_bitmap,IVFFLAT_HYBRID,False
2026-08-30T19:55:46.410+00:00,heldout,1,154,IVFFLAT_HYBRID,three_categories,category_04,582,True,3,0.267975,"[0.25,0.50)",22.240292,1.0,False,exact_bitmap,IVFFLAT_HYBRID,True
2026-08-30T19:55:46.433+00:00,heldout,2,154,SQL_FIRST,three_categories,category_04,582,True,3,0.267975,"[0.25,0.50)",22.849667,1.0,True,exact_bitmap,IVFFLAT_HYBRID,False
2026-08-30T19:55:46.467+00:00,heldout,2,154,VECTOR_FIRST_HNSW,three_categories,category_04,582,True,3,0.267975,"[0.25,0.50)",33.084083,1.0,False,exact_bitmap,IVFFLAT_HYBRID,False
2026-08-30T19:55:46.489+00:00,heldout,2,154,HNSW_HYBRID,three_categories,category_04,582,True,3,0.267975,"[0.25,0.50)",21.673916,1.0,False,exact_bitmap,IVFFLAT_HYBRID,False
2026-08-30T19:55:46.511+00:00,heldout,2,154,IVFFLAT_HYBRID,three_categories,category_04,582,True,3,0.267975,"[0.25,0.50)",21.497166,1.0,False,exact_bitmap,IVFFLAT_HYBRID,True
2026-08-30T19:55:46.527+00:00,heldout,0,144,SQL_FIRST,single_category_alone,category_03,477,False,2,0.1037,"[0.10,0.25)",14.305584,1.0,True,exact_bitmap,HNSW_HYBRID,False
2026-08-30T19:55:46.562+00:00,heldout,0,144,VECTOR_FIRST_HNSW,single_category_alone,category_03,477,False,2,0.1037,"[0.10,0.25)",32.852209,1.0,False,exact_bitmap,HNSW_HYBRID,False
2026-08-30T19:55:46.579+00:00,heldout,0,144,HNSW_HYBRID,single_category_alone,category_03,477,False,2,0.1037,"[0.10,0.25)",16.371542,1.0,False,exact_bitmap,HNSW_HYBRID,True
2026-08-30T19:55:46.596+00:00,heldout,0,144,IVFFLAT_HYBRID,single_category_alone,category_03,477,False,2,0.1037,"[0.10,0.25)",15.936875,1.0,False,exact_bitmap,HNSW_HYBRID,False
2026-08-30T19:55:46.612+00:00,heldout,1,144,SQL_FIRST,single_category_alone,category_03,477,False,2,0.1037,"[0.10,0.25)",15.81575,1.0,True,exact_bitmap,HNSW_HYBRID,False
2026-08-30T19:55:46.648+00:00,heldout,1,144,VECTOR_FIRST_HNSW,single_category_alone,category_03,477,False,2,0.1037,"[0.10,0.25)",35.258875,1.0,False,exact_bitmap,HNSW_HYBRID,False
2026-08-30T19:55:46.662+00:00,heldout,1,144,HNSW_HYBRID,single_category_alone,category_03,477,False,2,0.1037,"[0.10,0.25)",13.410459,1.0,False,exact_bitmap,HNSW_HYBRID,True
2026-08-30T19:55:46.680+00:00,heldout,1,144,IVFFLAT_HYBRID,single_category_alone,category_03,477,False,2,0.1037,"[0.10,0.25)",17.070375,1.0,False,exact_bitmap,HNSW_HYBRID,False
2026-08-30T19:55:46.697+00:00,heldout,2,144,SQL_FIRST,single_category_alone,category_03,477,False,2,0.1037,"[0.10,0.25)",16.827458,1.0,True,exact_bitmap,HNSW_HYBRID,False
2026-08-30T19:55:46.732+00:00,heldout,2,144,VECTOR_FIRST_HNSW,single_category_alone,category_03,477,False,2,0.1037,"[0.10,0.25)",34.736167,1.0,False,exact_bitmap,HNSW_HYBRID,False
2026-08-30T19:55:46.748+00:00,heldout,2,144,HNSW_HYBRID,single_category_alone,category_03,477,False,2,0.1037,"[0.10,0.25)",15.199583,1.0,False,exact_bitmap,HNSW_HYBRID,True
2026-08-30T19:55:46.765+00:00,heldout,2,144,IVFFLAT_HYBRID,single_category_alone,category_03,477,False,2,0.1037,"[0.10,0.25)",15.914709,1.0,False,exact_bitmap,HNSW_HYBRID,False
2026-08-30T19:55:46.790+00:00,heldout,0,175,SQL_FIRST,three_categories,category_08,531,False,3,0.272595,"[0.25,0.50)",23.419416,1.0,True,exact_bitmap,IVFFLAT_HYBRID,False
2026-08-30T19:55:46.825+00:00,heldout,0,175,VECTOR_FIRST_HNSW,three_categories,category_08,531,False,3,0.272595,"[0.25,0.50)",33.33975,1.0,False,exact_bitmap,IVFFLAT_HYBRID,False
2026-08-30T19:55:46.849+00:00,heldout,0,175,HNSW_HYBRID,three_categories,category_08,531,False,3,0.272595,"[0.25,0.50)",21.817916,1.0,False,exact_bitmap,IVFFLAT_HYBRID,False
2026-08-30T19:55:46.872+00:00,heldout,0,175,IVFFLAT_HYBRID,three_categories,category_08,531,False,3,0.272595,"[0.25,0.50)",21.744209,1.0,False,exact_bitmap,IVFFLAT_HYBRID,True
2026-08-30T19:55:46.894+00:00,heldout,1,175,SQL_FIRST,three_categories,category_08,531,False,3,0.272595,"[0.25,0.50)",21.569042,1.0,True,exact_bitmap,IVFFLAT_HYBRID,False
2026-08-30T19:55:46.926+00:00,heldout,1,175,VECTOR_FIRST_HNSW,three_categories,category_08,531,False,3,0.272595,"[0.25,0.50)",31.866417,1.0,False,exact_bitmap,IVFFLAT_HYBRID,False
2026-08-30T19:55:46.952+00:00,heldout,1,175,HNSW_HYBRID,three_categories,category_08,531,False,3,0.272595,"[0.25,0.50)",24.655334,1.0,False,exact_bitmap,IVFFLAT_HYBRID,False
2026-08-30T19:55:46.977+00:00,heldout,1,175,IVFFLAT_HYBRID,three_categories,category_08,531,False,3,0.272595,"[0.25,0.50)",25.380792,1.0,False,exact_bitmap,IVFFLAT_HYBRID,True
2026-08-30T19:55:47.002+00:00,heldout,2,175,SQL_FIRST,three_categories,category_08,531,False,3,0.272595,"[0.25,0.50)",23.805041,1.0,True,exact_bitmap,IVFFLAT_HYBRID,False
2026-08-30T19:55:47.035+00:00,heldout,2,175,VECTOR_FIRST_HNSW,three_categories,category_08,531,False,3,0.272595,"[0.25,0.50)",32.750625,1.0,False,exact_bitmap,IVFFLAT_HYBRID,False
2026-08-30T19:55:47.057+00:00,heldout,2,175,HNSW_HYBRID,three_categories,category_08,531,False,3,0.272595,"[0.25,0.50)",21.772417,1.0,False,exact_bitmap,IVFFLAT_HYBRID,False
2026-08-30T19:55:47.086+00:00,heldout,2,175,IVFFLAT_HYBRID,three_categories,category_08,531,False,3,0.272595,"[0.25,0.50)",28.663792,1.0,False,exact_bitmap,IVFFLAT_HYBRID,True
2026-08-30T19:55:47.111+00:00,heldout,0,178,SQL_FIRST,category_or_price,category_02,209,False,3,0.282735,"[0.25,0.50)",24.079958,1.0,True,exact_seq,IVFFLAT_HYBRID,False
2026-08-30T19:55:47.148+00:00,heldout,0,178,VECTOR_FIRST_HNSW,category_or_price,category_02,209,False,3,0.282735,"[0.25,0.50)",35.07075,1.0,False,exact_bitmap,IVFFLAT_HYBRID,False
2026-08-30T19:55:47.175+00:00,heldout,0,178,HNSW_HYBRID,category_or_price,category_02,209,False,3,0.282735,"[0.25,0.50)",25.562625,1.0,False,exact_seq,IVFFLAT_HYBRID,False
2026-08-30T19:55:47.201+00:00,heldout,0,178,IVFFLAT_HYBRID,category_or_price,category_02,209,False,3,0.282735,"[0.25,0.50)",25.5895,1.0,False,exact_seq,IVFFLAT_HYBRID,True
2026-08-30T19:55:47.226+00:00,heldout,1,178,SQL_FIRST,category_or_price,category_02,209,False,3,0.282735,"[0.25,0.50)",23.974209,1.0,True,exact_seq,IVFFLAT_HYBRID,False
2026-08-30T19:55:47.259+00:00,heldout,1,178,VECTOR_FIRST_HNSW,category_or_price,category_02,209,False,3,0.282735,"[0.25,0.50)",33.120833,1.0,False,exact_bitmap,IVFFLAT_HYBRID,False
2026-08-30T19:55:47.284+00:00,heldout,1,178,HNSW_HYBRID,category_or_price,category_02,209,False,3,0.282735,"[0.25,0.50)",23.937667,1.0,False,exact_seq,IVFFLAT_HYBRID,False
2026-08-30T19:55:47.310+00:00,heldout,1,178,IVFFLAT_HYBRID,category_or_price,category_02,209,False,3,0.282735,"[0.25,0.50)",25.075542,1.0,False,exact_seq,IVFFLAT_HYBRID,True
2026-08-30T19:55:47.337+00:00,heldout,2,178,SQL_FIRST,category_or_price,category_02,209,False,3,0.282735,"[0.25,0.50)",26.9285,1.0,True,exact_seq,IVFFLAT_HYBRID,False
2026-08-30T19:55:47.369+00:00,heldout,2,178,VECTOR_FIRST_HNSW,category_or_price,category_02,209,False,3,0.282735,"[0.25,0.50)",31.807208,1.0,False,exact_bitmap,IVFFLAT_HYBRID,False
2026-08-30T19:55:47.394+00:00,heldout,2,178,HNSW_HYBRID,category_or_price,category_02,209,False,3,0.282735,"[0.25,0.50)",23.78575,1.0,False,exact_seq,IVFFLAT_HYBRID,False
2026-08-30T19:55:47.419+00:00,heldout,2,178,IVFFLAT_HYBRID,category_or_price,category_02,209,False,3,0.282735,"[0.25,0.50)",24.852709,1.0,False,exact_seq,IVFFLAT_HYBRID,True
2026-08-30T19:55:47.449+00:00,heldout,0,230,SQL_FIRST,stock_alone,category_09,546,True,4,0.500835,"[0.50,1.00)",27.028583,1.0,True,exact_seq,SQL_FIRST,True
2026-08-30T19:55:47.483+00:00,heldout,0,230,VECTOR_FIRST_HNSW,stock_alone,category_09,546,True,4,0.500835,"[0.50,1.00)",32.579209,1.0,False,exact_bitmap,SQL_FIRST,False
2026-08-30T19:55:47.518+00:00,heldout,0,230,HNSW_HYBRID,stock_alone,category_09,546,True,4,0.500835,"[0.50,1.00)",33.907834,1.0,False,exact_seq,SQL_FIRST,False
2026-08-30T19:55:47.545+00:00,heldout,0,230,IVFFLAT_HYBRID,stock_alone,category_09,546,True,4,0.500835,"[0.50,1.00)",26.465917,1.0,False,exact_seq,SQL_FIRST,False
2026-08-30T19:55:47.571+00:00,heldout,1,230,SQL_FIRST,stock_alone,category_09,546,True,4,0.500835,"[0.50,1.00)",25.76675,1.0,True,exact_seq,SQL_FIRST,True
2026-08-30T19:55:47.611+00:00,heldout,1,230,VECTOR_FIRST_HNSW,stock_alone,category_09,546,True,4,0.500835,"[0.50,1.00)",39.603709,1.0,False,exact_bitmap,SQL_FIRST,False
2026-08-30T19:55:47.638+00:00,heldout,1,230,HNSW_HYBRID,stock_alone,category_09,546,True,4,0.500835,"[0.50,1.00)",25.941291,1.0,False,exact_seq,SQL_FIRST,False
2026-08-30T19:55:47.665+00:00,heldout,1,230,IVFFLAT_HYBRID,stock_alone,category_09,546,True,4,0.500835,"[0.50,1.00)",26.798167,1.0,False,exact_seq,SQL_FIRST,False
2026-08-30T19:55:47.691+00:00,heldout,2,230,SQL_FIRST,stock_alone,category_09,546,True,4,0.500835,"[0.50,1.00)",25.401959,1.0,True,exact_seq,SQL_FIRST,True
2026-08-30T19:55:47.728+00:00,heldout,2,230,VECTOR_FIRST_HNSW,stock_alone,category_09,546,True,4,0.500835,"[0.50,1.00)",35.72175,1.0,False,exact_bitmap,SQL_FIRST,False
2026-08-30T19:55:47.755+00:00,heldout,2,230,HNSW_HYBRID,stock_alone,category_09,546,True,4,0.500835,"[0.50,1.00)",27.22025,1.0,False,exact_seq,SQL_FIRST,False
2026-08-30T19:55:47.782+00:00,heldout,2,230,IVFFLAT_HYBRID,stock_alone,category_09,546,True,4,0.500835,"[0.50,1.00)",26.209083,1.0,False,exact_seq,SQL_FIRST,False
2026-08-30T19:55:47.795+00:00,heldout,0,36,SQL_FIRST,category_and_stock,category_06,182,False,0,0.049685,"[0.00,0.05)",10.522875,1.0,True,exact_bitmap,HNSW_HYBRID,False
2026-08-30T19:55:47.829+00:00,heldout,0,36,VECTOR_FIRST_HNSW,category_and_stock,category_06,182,False,0,0.049685,"[0.00,0.05)",33.462125,0.4,False,exact_bitmap,HNSW_HYBRID,False
2026-08-30T19:55:47.842+00:00,heldout,0,36,HNSW_HYBRID,category_and_stock,category_06,182,False,0,0.049685,"[0.00,0.05)",11.449916,1.0,False,exact_bitmap,HNSW_HYBRID,True
2026-08-30T19:55:47.856+00:00,heldout,0,36,IVFFLAT_HYBRID,category_and_stock,category_06,182,False,0,0.049685,"[0.00,0.05)",13.189875,1.0,False,exact_bitmap,HNSW_HYBRID,False
2026-08-30T19:55:47.871+00:00,heldout,1,36,SQL_FIRST,category_and_stock,category_06,182,False,0,0.049685,"[0.00,0.05)",14.664417,1.0,True,exact_bitmap,HNSW_HYBRID,False
2026-08-30T19:55:47.905+00:00,heldout,1,36,VECTOR_FIRST_HNSW,category_and_stock,category_06,182,False,0,0.049685,"[0.00,0.05)",33.548625,0.4,False,exact_bitmap,HNSW_HYBRID,False
2026-08-30T19:55:47.917+00:00,heldout,1,36,HNSW_HYBRID,category_and_stock,category_06,182,False,0,0.049685,"[0.00,0.05)",11.569084,1.0,False,exact_bitmap,HNSW_HYBRID,True
2026-08-30T19:55:47.932+00:00,heldout,1,36,IVFFLAT_HYBRID,category_and_stock,category_06,182,False,0,0.049685,"[0.00,0.05)",14.014333,1.0,False,exact_bitmap,HNSW_HYBRID,False
2026-08-30T19:55:47.946+00:00,heldout,2,36,SQL_FIRST,category_and_stock,category_06,182,False,0,0.049685,"[0.00,0.05)",13.439125,1.0,True,exact_bitmap,HNSW_HYBRID,False
2026-08-30T19:55:47.988+00:00,heldout,2,36,VECTOR_FIRST_HNSW,category_and_stock,category_06,182,False,0,0.049685,"[0.00,0.05)",41.942333,0.4,False,exact_bitmap,HNSW_HYBRID,False
2026-08-30T19:55:48.004+00:00,heldout,2,36,HNSW_HYBRID,category_and_stock,category_06,182,False,0,0.049685,"[0.00,0.05)",14.65875,1.0,False,exact_bitmap,HNSW_HYBRID,True
2026-08-30T19:55:48.018+00:00,heldout,2,36,IVFFLAT_HYBRID,category_and_stock,category_06,182,False,0,0.049685,"[0.00,0.05)",13.934833,1.0,False,exact_bitmap,HNSW_HYBRID,False
2026-08-30T19:55:48.047+00:00,heldout,0,128,SQL_FIRST,two_categories,category_05,212,False,2,0.199565,"[0.10,0.25)",27.512708,1.0,True,exact_bitmap,HNSW_HYBRID,False
2026-08-30T19:55:48.083+00:00,heldout,0,128,VECTOR_FIRST_HNSW,two_categories,category_05,212,False,2,0.199565,"[0.10,0.25)",34.521459,1.0,False,exact_bitmap,HNSW_HYBRID,False
2026-08-30T19:55:48.107+00:00,heldout,0,128,HNSW_HYBRID,two_categories,category_05,212,False,2,0.199565,"[0.10,0.25)",23.567792,1.0,False,exact_bitmap,HNSW_HYBRID,True
2026-08-30T19:55:48.139+00:00,heldout,0,128,IVFFLAT_HYBRID,two_categories,category_05,212,False,2,0.199565,"[0.10,0.25)",30.243,1.0,False,exact_bitmap,HNSW_HYBRID,False
2026-08-30T19:55:48.167+00:00,heldout,1,128,SQL_FIRST,two_categories,category_05,212,False,2,0.199565,"[0.10,0.25)",27.927916,1.0,True,exact_bitmap,HNSW_HYBRID,False
2026-08-30T19:55:48.201+00:00,heldout,1,128,VECTOR_FIRST_HNSW,two_categories,category_05,212,False,2,0.199565,"[0.10,0.25)",33.679167,1.0,False,exact_bitmap,HNSW_HYBRID,False
2026-08-30T19:55:48.226+00:00,heldout,1,128,HNSW_HYBRID,two_categories,category_05,212,False,2,0.199565,"[0.10,0.25)",24.919458,1.0,False,exact_bitmap,HNSW_HYBRID,True
2026-08-30T19:55:48.255+00:00,heldout,1,128,IVFFLAT_HYBRID,two_categories,category_05,212,False,2,0.199565,"[0.10,0.25)",28.490542,1.0,False,exact_bitmap,HNSW_HYBRID,False
2026-08-30T19:55:48.284+00:00,heldout,2,128,SQL_FIRST,two_categories,category_05,212,False,2,0.199565,"[0.10,0.25)",27.764667,1.0,True,exact_bitmap,HNSW_HYBRID,False
2026-08-30T19:55:48.318+00:00,heldout,2,128,VECTOR_FIRST_HNSW,two_categories,category_05,212,False,2,0.199565,"[0.10,0.25)",33.916334,1.0,False,exact_bitmap,HNSW_HYBRID,False
2026-08-30T19:55:48.344+00:00,heldout,2,128,HNSW_HYBRID,two_categories,category_05,212,False,2,0.199565,"[0.10,0.25)",25.083458,1.0,False,exact_bitmap,HNSW_HYBRID,True
2026-08-30T19:55:48.371+00:00,heldout,2,128,IVFFLAT_HYBRID,two_categories,category_05,212,False,2,0.199565,"[0.10,0.25)",26.485334,1.0,False,exact_bitmap,HNSW_HYBRID,False
2026-08-30T19:55:48.389+00:00,heldout,0,91,SQL_FIRST,single_category,category_02,80,True,1,0.098965,"[0.05,0.10)",15.98725,1.0,True,exact_bitmap,HNSW_HYBRID,False
2026-08-30T19:55:48.431+00:00,heldout,0,91,VECTOR_FIRST_HNSW,single_category,category_02,80,True,1,0.098965,"[0.05,0.10)",40.133708,1.0,False,exact_bitmap,HNSW_HYBRID,False
2026-08-30T19:55:48.448+00:00,heldout,0,91,HNSW_HYBRID,single_category,category_02,80,True,1,0.098965,"[0.05,0.10)",14.199542,1.0,False,exact_bitmap,HNSW_HYBRID,True
2026-08-30T19:55:48.466+00:00,heldout,0,91,IVFFLAT_HYBRID,single_category,category_02,80,True,1,0.098965,"[0.05,0.10)",16.702875,1.0,False,exact_bitmap,HNSW_HYBRID,False
2026-08-30T19:55:48.483+00:00,heldout,1,91,SQL_FIRST,single_category,category_02,80,True,1,0.098965,"[0.05,0.10)",16.168125,1.0,True,exact_bitmap,HNSW_HYBRID,False
2026-08-30T19:55:48.518+00:00,heldout,1,91,VECTOR_FIRST_HNSW,single_category,category_02,80,True,1,0.098965,"[0.05,0.10)",34.022875,1.0,False,exact_bitmap,HNSW_HYBRID,False
2026-08-30T19:55:48.532+00:00,heldout,1,91,HNSW_HYBRID,single_category,category_02,80,True,1,0.098965,"[0.05,0.10)",14.082333,1.0,False,exact_bitmap,HNSW_HYBRID,True
2026-08-30T19:55:48.548+00:00,heldout,1,91,IVFFLAT_HYBRID,single_category,category_02,80,True,1,0.098965,"[0.05,0.10)",15.792167,1.0,False,exact_bitmap,HNSW_HYBRID,False
2026-08-30T19:55:48.565+00:00,heldout,2,91,SQL_FIRST,single_category,category_02,80,True,1,0.098965,"[0.05,0.10)",16.350291,1.0,True,exact_bitmap,HNSW_HYBRID,False
2026-08-30T19:55:48.600+00:00,heldout,2,91,VECTOR_FIRST_HNSW,single_category,category_02,80,True,1,0.098965,"[0.05,0.10)",33.841333,1.0,False,exact_bitmap,HNSW_HYBRID,False
2026-08-30T19:55:48.615+00:00,heldout,2,91,HNSW_HYBRID,single_category,category_02,80,True,1,0.098965,"[0.05,0.10)",14.904291,1.0,False,exact_bitmap,HNSW_HYBRID,True
2026-08-30T19:55:48.632+00:00,heldout,2,91,IVFFLAT_HYBRID,single_category,category_02,80,True,1,0.098965,"[0.05,0.10)",16.355375,1.0,False,exact_bitmap,HNSW_HYBRID,False
2026-08-30T19:55:48.651+00:00,heldout,0,83,SQL_FIRST,single_category,category_09,921,False,1,0.0999,"[0.05,0.10)",16.297041,1.0,True,exact_bitmap,HNSW_HYBRID,False
2026-08-30T19:55:48.690+00:00,heldout,0,83,VECTOR_FIRST_HNSW,single_category,category_09,921,False,1,0.0999,"[0.05,0.10)",37.999791,0.8,False,exact_bitmap,HNSW_HYBRID,False
2026-08-30T19:55:48.705+00:00,heldout,0,83,HNSW_HYBRID,single_category,category_09,921,False,1,0.0999,"[0.05,0.10)",14.287125,1.0,False,exact_bitmap,HNSW_HYBRID,True
2026-08-30T19:55:48.722+00:00,heldout,0,83,IVFFLAT_HYBRID,single_category,category_09,921,False,1,0.0999,"[0.05,0.10)",15.986416,1.0,False,exact_bitmap,HNSW_HYBRID,False
2026-08-30T19:55:48.738+00:00,heldout,1,83,SQL_FIRST,single_category,category_09,921,False,1,0.0999,"[0.05,0.10)",15.06125,1.0,True,exact_bitmap,HNSW_HYBRID,False
2026-08-30T19:55:48.768+00:00,heldout,1,83,VECTOR_FIRST_HNSW,single_category,category_09,921,False,1,0.0999,"[0.05,0.10)",29.530958,0.8,False,exact_bitmap,HNSW_HYBRID,False
2026-08-30T19:55:48.783+00:00,heldout,1,83,HNSW_HYBRID,single_category,category_09,921,False,1,0.0999,"[0.05,0.10)",14.741958,1.0,False,exact_bitmap,HNSW_HYBRID,True
2026-08-30T19:55:48.799+00:00,heldout,1,83,IVFFLAT_HYBRID,single_category,category_09,921,False,1,0.0999,"[0.05,0.10)",14.985791,1.0,False,exact_bitmap,HNSW_HYBRID,False
2026-08-30T19:55:48.813+00:00,heldout,2,83,SQL_FIRST,single_category,category_09,921,False,1,0.0999,"[0.05,0.10)",14.297209,1.0,True,exact_bitmap,HNSW_HYBRID,False
2026-08-30T19:55:48.845+00:00,heldout,2,83,VECTOR_FIRST_HNSW,single_category,category_09,921,False,1,0.0999,"[0.05,0.10)",30.166833,0.8,False,exact_bitmap,HNSW_HYBRID,False
2026-08-30T19:55:48.858+00:00,heldout,2,83,HNSW_HYBRID,single_category,category_09,921,False,1,0.0999,"[0.05,0.10)",12.862292,1.0,False,exact_bitmap,HNSW_HYBRID,True
2026-08-30T19:55:48.873+00:00,heldout,2,83,IVFFLAT_HYBRID,single_category,category_09,921,False,1,0.0999,"[0.05,0.10)",14.127208,1.0,False,exact_bitmap,HNSW_HYBRID,False
2026-08-30T19:55:48.879+00:00,heldout,0,5,SQL_FIRST,category_narrow_price,category_07,867,True,0,0.00502,"[0.00,0.05)",3.590333,1.0,True,exact_bitmap,HNSW_HYBRID,False
2026-08-30T19:55:48.910+00:00,heldout,0,5,VECTOR_FIRST_HNSW,category_narrow_price,category_07,867,True,0,0.00502,"[0.00,0.05)",30.316708,0.1,False,exact_bitmap,HNSW_HYBRID,False
2026-08-30T19:55:48.916+00:00,heldout,0,5,HNSW_HYBRID,category_narrow_price,category_07,867,True,0,0.00502,"[0.00,0.05)",4.325375,1.0,False,exact_bitmap,HNSW_HYBRID,True
2026-08-30T19:55:48.920+00:00,heldout,0,5,IVFFLAT_HYBRID,category_narrow_price,category_07,867,True,0,0.00502,"[0.00,0.05)",3.129833,1.0,False,exact_bitmap,HNSW_HYBRID,False
2026-08-30T19:55:48.923+00:00,heldout,1,5,SQL_FIRST,category_narrow_price,category_07,867,True,0,0.00502,"[0.00,0.05)",3.053375,1.0,True,exact_bitmap,HNSW_HYBRID,False
2026-08-30T19:55:48.959+00:00,heldout,1,5,VECTOR_FIRST_HNSW,category_narrow_price,category_07,867,True,0,0.00502,"[0.00,0.05)",34.661583,0.1,False,exact_bitmap,HNSW_HYBRID,False
2026-08-30T19:55:48.962+00:00,heldout,1,5,HNSW_HYBRID,category_narrow_price,category_07,867,True,0,0.00502,"[0.00,0.05)",3.032584,1.0,False,exact_bitmap,HNSW_HYBRID,True
2026-08-30T19:55:48.966+00:00,heldout,1,5,IVFFLAT_HYBRID,category_narrow_price,category_07,867,True,0,0.00502,"[0.00,0.05)",4.164959,1.0,False,exact_bitmap,HNSW_HYBRID,False
2026-08-30T19:55:48.970+00:00,heldout,2,5,SQL_FIRST,category_narrow_price,category_07,867,True,0,0.00502,"[0.00,0.05)",3.765625,1.0,True,exact_bitmap,HNSW_HYBRID,False
2026-08-30T19:55:49.004+00:00,heldout,2,5,VECTOR_FIRST_HNSW,category_narrow_price,category_07,867,True,0,0.00502,"[0.00,0.05)",33.250042,0.1,False,exact_bitmap,HNSW_HYBRID,False
2026-08-30T19:55:49.008+00:00,heldout,2,5,HNSW_HYBRID,category_narrow_price,category_07,867,True,0,0.00502,"[0.00,0.05)",3.53825,1.0,False,exact_bitmap,HNSW_HYBRID,True
2026-08-30T19:55:49.011+00:00,heldout,2,5,IVFFLAT_HYBRID,category_narrow_price,category_07,867,True,0,0.00502,"[0.00,0.05)",3.060375,1.0,False,exact_bitmap,HNSW_HYBRID,False
2026-08-30T19:55:49.026+00:00,heldout,0,129,SQL_FIRST,single_category_alone,category_05,338,False,2,0.100035,"[0.10,0.25)",14.071041,1.0,True,exact_bitmap,HNSW_HYBRID,False
2026-08-30T19:55:49.058+00:00,heldout,0,129,VECTOR_FIRST_HNSW,single_category_alone,category_05,338,False,2,0.100035,"[0.10,0.25)",30.889958,1.0,False,exact_bitmap,HNSW_HYBRID,False
2026-08-30T19:55:49.073+00:00,heldout,0,129,HNSW_HYBRID,single_category_alone,category_05,338,False,2,0.100035,"[0.10,0.25)",13.100334,1.0,False,exact_bitmap,HNSW_HYBRID,True
2026-08-30T19:55:49.089+00:00,heldout,0,129,IVFFLAT_HYBRID,single_category_alone,category_05,338,False,2,0.100035,"[0.10,0.25)",15.115041,1.0,False,exact_bitmap,HNSW_HYBRID,False
2026-08-30T19:55:49.104+00:00,heldout,1,129,SQL_FIRST,single_category_alone,category_05,338,False,2,0.100035,"[0.10,0.25)",15.026417,1.0,True,exact_bitmap,HNSW_HYBRID,False
2026-08-30T19:55:49.136+00:00,heldout,1,129,VECTOR_FIRST_HNSW,single_category_alone,category_05,338,False,2,0.100035,"[0.10,0.25)",31.606375,1.0,False,exact_bitmap,HNSW_HYBRID,False
2026-08-30T19:55:49.151+00:00,heldout,1,129,HNSW_HYBRID,single_category_alone,category_05,338,False,2,0.100035,"[0.10,0.25)",14.254584,1.0,False,exact_bitmap,HNSW_HYBRID,True
2026-08-30T19:55:49.166+00:00,heldout,1,129,IVFFLAT_HYBRID,single_category_alone,category_05,338,False,2,0.100035,"[0.10,0.25)",14.992083,1.0,False,exact_bitmap,HNSW_HYBRID,False
2026-08-30T19:55:49.181+00:00,heldout,2,129,SQL_FIRST,single_category_alone,category_05,338,False,2,0.100035,"[0.10,0.25)",15.179,1.0,True,exact_bitmap,HNSW_HYBRID,False
2026-08-30T19:55:49.216+00:00,heldout,2,129,VECTOR_FIRST_HNSW,single_category_alone,category_05,338,False,2,0.100035,"[0.10,0.25)",34.514959,1.0,False,exact_bitmap,HNSW_HYBRID,False
2026-08-30T19:55:49.230+00:00,heldout,2,129,HNSW_HYBRID,single_category_alone,category_05,338,False,2,0.100035,"[0.10,0.25)",13.244542,1.0,False,exact_bitmap,HNSW_HYBRID,True
2026-08-30T19:55:49.245+00:00,heldout,2,129,IVFFLAT_HYBRID,single_category_alone,category_05,338,False,2,0.100035,"[0.10,0.25)",12.6915,1.0,False,exact_bitmap,HNSW_HYBRID,False
2026-08-30T19:55:49.266+00:00,heldout,0,195,SQL_FIRST,three_categories,category_08,551,False,3,0.272595,"[0.25,0.50)",19.386167,1.0,True,exact_bitmap,IVFFLAT_HYBRID,False
2026-08-30T19:55:49.300+00:00,heldout,0,195,VECTOR_FIRST_HNSW,three_categories,category_08,551,False,3,0.272595,"[0.25,0.50)",32.147125,1.0,False,exact_bitmap,IVFFLAT_HYBRID,False
2026-08-30T19:55:49.323+00:00,heldout,0,195,HNSW_HYBRID,three_categories,category_08,551,False,3,0.272595,"[0.25,0.50)",22.414875,1.0,False,exact_bitmap,IVFFLAT_HYBRID,False
2026-08-30T19:55:49.347+00:00,heldout,0,195,IVFFLAT_HYBRID,three_categories,category_08,551,False,3,0.272595,"[0.25,0.50)",21.849625,1.0,False,exact_bitmap,IVFFLAT_HYBRID,True
2026-08-30T19:55:49.370+00:00,heldout,1,195,SQL_FIRST,three_categories,category_08,551,False,3,0.272595,"[0.25,0.50)",21.410625,1.0,True,exact_bitmap,IVFFLAT_HYBRID,False
2026-08-30T19:55:49.404+00:00,heldout,1,195,VECTOR_FIRST_HNSW,three_categories,category_08,551,False,3,0.272595,"[0.25,0.50)",32.741667,1.0,False,exact_bitmap,IVFFLAT_HYBRID,False
2026-08-30T19:55:49.429+00:00,heldout,1,195,HNSW_HYBRID,three_categories,category_08,551,False,3,0.272595,"[0.25,0.50)",24.819167,1.0,False,exact_bitmap,IVFFLAT_HYBRID,False
2026-08-30T19:55:49.453+00:00,heldout,1,195,IVFFLAT_HYBRID,three_categories,category_08,551,False,3,0.272595,"[0.25,0.50)",23.698833,1.0,False,exact_bitmap,IVFFLAT_HYBRID,True
2026-08-30T19:55:49.478+00:00,heldout,2,195,SQL_FIRST,three_categories,category_08,551,False,3,0.272595,"[0.25,0.50)",23.788958,1.0,True,exact_bitmap,IVFFLAT_HYBRID,False
2026-08-30T19:55:49.509+00:00,heldout,2,195,VECTOR_FIRST_HNSW,three_categories,category_08,551,False,3,0.272595,"[0.25,0.50)",30.986208,1.0,False,exact_bitmap,IVFFLAT_HYBRID,False
2026-08-30T19:55:49.532+00:00,heldout,2,195,HNSW_HYBRID,three_categories,category_08,551,False,3,0.272595,"[0.25,0.50)",22.16125,1.0,False,exact_bitmap,IVFFLAT_HYBRID,False
2026-08-30T19:55:49.555+00:00,heldout,2,195,IVFFLAT_HYBRID,three_categories,category_08,551,False,3,0.272595,"[0.25,0.50)",22.073416,1.0,False,exact_bitmap,IVFFLAT_HYBRID,True
2026-08-30T19:55:49.582+00:00,heldout,0,199,SQL_FIRST,three_categories,category_02,595,False,3,0.2705,"[0.25,0.50)",25.255542,1.0,True,exact_bitmap,IVFFLAT_HYBRID,False
2026-08-30T19:55:49.616+00:00,heldout,0,199,VECTOR_FIRST_HNSW,three_categories,category_02,595,False,3,0.2705,"[0.25,0.50)",32.5125,1.0,False,exact_bitmap,IVFFLAT_HYBRID,False
2026-08-30T19:55:49.640+00:00,heldout,0,199,HNSW_HYBRID,three_categories,category_02,595,False,3,0.2705,"[0.25,0.50)",22.844542,1.0,False,exact_bitmap,IVFFLAT_HYBRID,False
2026-08-30T19:55:49.663+00:00,heldout,0,199,IVFFLAT_HYBRID,three_categories,category_02,595,False,3,0.2705,"[0.25,0.50)",21.484083,1.0,False,exact_bitmap,IVFFLAT_HYBRID,True
2026-08-30T19:55:49.687+00:00,heldout,1,199,SQL_FIRST,three_categories,category_02,595,False,3,0.2705,"[0.25,0.50)",22.672333,1.0,True,exact_bitmap,IVFFLAT_HYBRID,False
2026-08-30T19:55:49.719+00:00,heldout,1,199,VECTOR_FIRST_HNSW,three_categories,category_02,595,False,3,0.2705,"[0.25,0.50)",31.620792,1.0,False,exact_bitmap,IVFFLAT_HYBRID,False
2026-08-30T19:55:49.744+00:00,heldout,1,199,HNSW_HYBRID,three_categories,category_02,595,False,3,0.2705,"[0.25,0.50)",24.273542,1.0,False,exact_bitmap,IVFFLAT_HYBRID,False
2026-08-30T19:55:49.766+00:00,heldout,1,199,IVFFLAT_HYBRID,three_categories,category_02,595,False,3,0.2705,"[0.25,0.50)",21.701,1.0,False,exact_bitmap,IVFFLAT_HYBRID,True
2026-08-30T19:55:49.788+00:00,heldout,2,199,SQL_FIRST,three_categories,category_02,595,False,3,0.2705,"[0.25,0.50)",21.215792,1.0,True,exact_bitmap,IVFFLAT_HYBRID,False
2026-08-30T19:55:49.821+00:00,heldout,2,199,VECTOR_FIRST_HNSW,three_categories,category_02,595,False,3,0.2705,"[0.25,0.50)",32.758042,1.0,False,exact_bitmap,IVFFLAT_HYBRID,False
2026-08-30T19:55:49.844+00:00,heldout,2,199,HNSW_HYBRID,three_categories,category_02,595,False,3,0.2705,"[0.25,0.50)",22.11,1.0,False,exact_bitmap,IVFFLAT_HYBRID,False
2026-08-30T19:55:49.868+00:00,heldout,2,199,IVFFLAT_HYBRID,three_categories,category_02,595,False,3,0.2705,"[0.25,0.50)",23.6815,1.0,False,exact_bitmap,IVFFLAT_HYBRID,True
2026-08-30T19:55:49.895+00:00,heldout,0,138,SQL_FIRST,two_categories,category_04,565,False,2,0.196735,"[0.10,0.25)",24.601458,1.0,True,exact_bitmap,HNSW_HYBRID,False
2026-08-30T19:55:49.932+00:00,heldout,0,138,VECTOR_FIRST_HNSW,two_categories,category_04,565,False,2,0.196735,"[0.10,0.25)",33.466625,1.0,False,exact_bitmap,HNSW_HYBRID,False
2026-08-30T19:55:49.959+00:00,heldout,0,138,HNSW_HYBRID,two_categories,category_04,565,False,2,0.196735,"[0.10,0.25)",26.530167,1.0,False,exact_bitmap,HNSW_HYBRID,True
2026-08-30T19:55:49.989+00:00,heldout,0,138,IVFFLAT_HYBRID,two_categories,category_04,565,False,2,0.196735,"[0.10,0.25)",28.114833,1.0,False,exact_bitmap,HNSW_HYBRID,False
2026-08-30T19:55:50.017+00:00,heldout,1,138,SQL_FIRST,two_categories,category_04,565,False,2,0.196735,"[0.10,0.25)",28.310167,1.0,True,exact_bitmap,HNSW_HYBRID,False
2026-08-30T19:55:50.053+00:00,heldout,1,138,VECTOR_FIRST_HNSW,two_categories,category_04,565,False,2,0.196735,"[0.10,0.25)",35.206875,1.0,False,exact_bitmap,HNSW_HYBRID,False
2026-08-30T19:55:50.078+00:00,heldout,1,138,HNSW_HYBRID,two_categories,category_04,565,False,2,0.196735,"[0.10,0.25)",25.151209,1.0,False,exact_bitmap,HNSW_HYBRID,True
2026-08-30T19:55:50.105+00:00,heldout,1,138,IVFFLAT_HYBRID,two_categories,category_04,565,False,2,0.196735,"[0.10,0.25)",26.537083,1.0,False,exact_bitmap,HNSW_HYBRID,False
2026-08-30T19:55:50.133+00:00,heldout,2,138,SQL_FIRST,two_categories,category_04,565,False,2,0.196735,"[0.10,0.25)",27.596459,1.0,True,exact_bitmap,HNSW_HYBRID,False
2026-08-30T19:55:50.166+00:00,heldout,2,138,VECTOR_FIRST_HNSW,two_categories,category_04,565,False,2,0.196735,"[0.10,0.25)",32.184084,1.0,False,exact_bitmap,HNSW_HYBRID,False
2026-08-30T19:55:50.189+00:00,heldout,2,138,HNSW_HYBRID,two_categories,category_04,565,False,2,0.196735,"[0.10,0.25)",22.468959,1.0,False,exact_bitmap,HNSW_HYBRID,True
2026-08-30T19:55:50.214+00:00,heldout,2,138,IVFFLAT_HYBRID,two_categories,category_04,565,False,2,0.196735,"[0.10,0.25)",24.833625,1.0,False,exact_bitmap,HNSW_HYBRID,False
2026-08-30T19:55:50.232+00:00,heldout,0,148,SQL_FIRST,price_range_mid,category_07,900,True,2,0.101505,"[0.10,0.25)",15.77775,1.0,True,exact_bitmap,HNSW_HYBRID,False
2026-08-30T19:55:50.265+00:00,heldout,0,148,VECTOR_FIRST_HNSW,price_range_mid,category_07,900,True,2,0.101505,"[0.10,0.25)",30.219583,0.6,False,exact_bitmap,HNSW_HYBRID,False
2026-08-30T19:55:50.282+00:00,heldout,0,148,HNSW_HYBRID,price_range_mid,category_07,900,True,2,0.101505,"[0.10,0.25)",15.415958,1.0,False,exact_bitmap,HNSW_HYBRID,True
2026-08-30T19:55:50.299+00:00,heldout,0,148,IVFFLAT_HYBRID,price_range_mid,category_07,900,True,2,0.101505,"[0.10,0.25)",15.527166,1.0,False,exact_bitmap,HNSW_HYBRID,False
2026-08-30T19:55:50.314+00:00,heldout,1,148,SQL_FIRST,price_range_mid,category_07,900,True,2,0.101505,"[0.10,0.25)",14.854667,1.0,True,exact_bitmap,HNSW_HYBRID,False
2026-08-30T19:55:50.345+00:00,heldout,1,148,VECTOR_FIRST_HNSW,price_range_mid,category_07,900,True,2,0.101505,"[0.10,0.25)",30.276792,0.6,False,exact_bitmap,HNSW_HYBRID,False
2026-08-30T19:55:50.360+00:00,heldout,1,148,HNSW_HYBRID,price_range_mid,category_07,900,True,2,0.101505,"[0.10,0.25)",14.460042,1.0,False,exact_bitmap,HNSW_HYBRID,True
2026-08-30T19:55:50.376+00:00,heldout,1,148,IVFFLAT_HYBRID,price_range_mid,category_07,900,True,2,0.101505,"[0.10,0.25)",15.677084,1.0,False,exact_bitmap,HNSW_HYBRID,False
2026-08-30T19:55:50.392+00:00,heldout,2,148,SQL_FIRST,price_range_mid,category_07,900,True,2,0.101505,"[0.10,0.25)",15.733334,1.0,True,exact_bitmap,HNSW_HYBRID,False
2026-08-30T19:55:50.428+00:00,heldout,2,148,VECTOR_FIRST_HNSW,price_range_mid,category_07,900,True,2,0.101505,"[0.10,0.25)",34.944917,0.6,False,exact_bitmap,HNSW_HYBRID,False
2026-08-30T19:55:50.445+00:00,heldout,2,148,HNSW_HYBRID,price_range_mid,category_07,900,True,2,0.101505,"[0.10,0.25)",16.612959,1.0,False,exact_bitmap,HNSW_HYBRID,True
2026-08-30T19:55:50.462+00:00,heldout,2,148,IVFFLAT_HYBRID,price_range_mid,category_07,900,True,2,0.101505,"[0.10,0.25)",16.870333,1.0,False,exact_bitmap,HNSW_HYBRID,False
2026-08-30T19:55:50.489+00:00,heldout,0,187,SQL_FIRST,category_or_price,category_07,245,False,3,0.31626,"[0.25,0.50)",25.503917,1.0,True,exact_seq,IVFFLAT_HYBRID,False
2026-08-30T19:55:50.523+00:00,heldout,0,187,VECTOR_FIRST_HNSW,category_or_price,category_07,245,False,3,0.31626,"[0.25,0.50)",31.729375,1.0,False,exact_bitmap,IVFFLAT_HYBRID,False
2026-08-30T19:55:50.547+00:00,heldout,0,187,HNSW_HYBRID,category_or_price,category_07,245,False,3,0.31626,"[0.25,0.50)",22.899042,1.0,False,exact_seq,IVFFLAT_HYBRID,False
2026-08-30T19:55:50.572+00:00,heldout,0,187,IVFFLAT_HYBRID,category_or_price,category_07,245,False,3,0.31626,"[0.25,0.50)",22.612959,1.0,False,exact_seq,IVFFLAT_HYBRID,True
2026-08-30T19:55:50.596+00:00,heldout,1,187,SQL_FIRST,category_or_price,category_07,245,False,3,0.31626,"[0.25,0.50)",23.058208,1.0,True,exact_seq,IVFFLAT_HYBRID,False
2026-08-30T19:55:50.628+00:00,heldout,1,187,VECTOR_FIRST_HNSW,category_or_price,category_07,245,False,3,0.31626,"[0.25,0.50)",29.689833,1.0,False,exact_bitmap,IVFFLAT_HYBRID,False
2026-08-30T19:55:50.651+00:00,heldout,1,187,HNSW_HYBRID,category_or_price,category_07,245,False,3,0.31626,"[0.25,0.50)",23.174917,1.0,False,exact_seq,IVFFLAT_HYBRID,False
2026-08-30T19:55:50.674+00:00,heldout,1,187,IVFFLAT_HYBRID,category_or_price,category_07,245,False,3,0.31626,"[0.25,0.50)",22.058375,1.0,False,exact_seq,IVFFLAT_HYBRID,True
2026-08-30T19:55:50.696+00:00,heldout,2,187,SQL_FIRST,category_or_price,category_07,245,False,3,0.31626,"[0.25,0.50)",22.0645,1.0,True,exact_seq,IVFFLAT_HYBRID,False
2026-08-30T19:55:50.729+00:00,heldout,2,187,VECTOR_FIRST_HNSW,category_or_price,category_07,245,False,3,0.31626,"[0.25,0.50)",30.573708,1.0,False,exact_bitmap,IVFFLAT_HYBRID,False
2026-08-30T19:55:50.755+00:00,heldout,2,187,HNSW_HYBRID,category_or_price,category_07,245,False,3,0.31626,"[0.25,0.50)",25.461667,1.0,False,exact_seq,IVFFLAT_HYBRID,False
2026-08-30T19:55:50.782+00:00,heldout,2,187,IVFFLAT_HYBRID,category_or_price,category_07,245,False,3,0.31626,"[0.25,0.50)",26.032875,1.0,False,exact_seq,IVFFLAT_HYBRID,True
2026-08-30T19:55:50.787+00:00,heldout,0,28,SQL_FIRST,category_narrow_price,category_04,317,False,0,0.004955,"[0.00,0.05)",3.474125,1.0,True,exact_bitmap,HNSW_HYBRID,False
2026-08-30T19:55:50.822+00:00,heldout,0,28,VECTOR_FIRST_HNSW,category_narrow_price,category_04,317,False,0,0.004955,"[0.00,0.05)",33.844625,0.1,False,exact_bitmap,HNSW_HYBRID,False
2026-08-30T19:55:50.827+00:00,heldout,0,28,HNSW_HYBRID,category_narrow_price,category_04,317,False,0,0.004955,"[0.00,0.05)",3.375459,1.0,False,exact_bitmap,HNSW_HYBRID,True
2026-08-30T19:55:50.832+00:00,heldout,0,28,IVFFLAT_HYBRID,category_narrow_price,category_04,317,False,0,0.004955,"[0.00,0.05)",4.458417,1.0,False,exact_bitmap,HNSW_HYBRID,False
2026-08-30T19:55:50.836+00:00,heldout,1,28,SQL_FIRST,category_narrow_price,category_04,317,False,0,0.004955,"[0.00,0.05)",3.775416,1.0,True,exact_bitmap,HNSW_HYBRID,False
2026-08-30T19:55:50.872+00:00,heldout,1,28,VECTOR_FIRST_HNSW,category_narrow_price,category_04,317,False,0,0.004955,"[0.00,0.05)",35.301333,0.1,False,exact_bitmap,HNSW_HYBRID,False
2026-08-30T19:55:50.877+00:00,heldout,1,28,HNSW_HYBRID,category_narrow_price,category_04,317,False,0,0.004955,"[0.00,0.05)",4.152834,1.0,False,exact_bitmap,HNSW_HYBRID,True
2026-08-30T19:55:50.881+00:00,heldout,1,28,IVFFLAT_HYBRID,category_narrow_price,category_04,317,False,0,0.004955,"[0.00,0.05)",3.558042,1.0,False,exact_bitmap,HNSW_HYBRID,False
2026-08-30T19:55:50.885+00:00,heldout,2,28,SQL_FIRST,category_narrow_price,category_04,317,False,0,0.004955,"[0.00,0.05)",4.118292,1.0,True,exact_bitmap,HNSW_HYBRID,False
2026-08-30T19:55:50.923+00:00,heldout,2,28,VECTOR_FIRST_HNSW,category_narrow_price,category_04,317,False,0,0.004955,"[0.00,0.05)",37.365292,0.1,False,exact_bitmap,HNSW_HYBRID,False
2026-08-30T19:55:50.927+00:00,heldout,2,28,HNSW_HYBRID,category_narrow_price,category_04,317,False,0,0.004955,"[0.00,0.05)",2.962084,1.0,False,exact_bitmap,HNSW_HYBRID,True
2026-08-30T19:55:50.932+00:00,heldout,2,28,IVFFLAT_HYBRID,category_narrow_price,category_04,317,False,0,0.004955,"[0.00,0.05)",5.219542,1.0,False,exact_bitmap,HNSW_HYBRID,False
2026-08-30T19:55:50.968+00:00,heldout,0,214,SQL_FIRST,wide_or,category_05,87,True,4,0.586315,"[0.50,1.00)",33.840625,1.0,True,exact_seq,SQL_FIRST,True
2026-08-30T19:55:51.004+00:00,heldout,0,214,VECTOR_FIRST_HNSW,wide_or,category_05,87,True,4,0.586315,"[0.50,1.00)",34.699416,1.0,False,exact_bitmap,SQL_FIRST,False
2026-08-30T19:55:51.036+00:00,heldout,0,214,HNSW_HYBRID,wide_or,category_05,87,True,4,0.586315,"[0.50,1.00)",30.693417,1.0,False,exact_seq,SQL_FIRST,False
2026-08-30T19:55:51.068+00:00,heldout,0,214,IVFFLAT_HYBRID,wide_or,category_05,87,True,4,0.586315,"[0.50,1.00)",30.662042,1.0,False,exact_seq,SQL_FIRST,False
2026-08-30T19:55:51.098+00:00,heldout,1,214,SQL_FIRST,wide_or,category_05,87,True,4,0.586315,"[0.50,1.00)",30.175958,1.0,True,exact_seq,SQL_FIRST,True
2026-08-30T19:55:51.132+00:00,heldout,1,214,VECTOR_FIRST_HNSW,wide_or,category_05,87,True,4,0.586315,"[0.50,1.00)",33.244125,1.0,False,exact_bitmap,SQL_FIRST,False
2026-08-30T19:55:51.169+00:00,heldout,1,214,HNSW_HYBRID,wide_or,category_05,87,True,4,0.586315,"[0.50,1.00)",36.818125,1.0,False,exact_seq,SQL_FIRST,False
2026-08-30T19:55:51.199+00:00,heldout,1,214,IVFFLAT_HYBRID,wide_or,category_05,87,True,4,0.586315,"[0.50,1.00)",29.5055,1.0,False,exact_seq,SQL_FIRST,False
2026-08-30T19:55:51.234+00:00,heldout,2,214,SQL_FIRST,wide_or,category_05,87,True,4,0.586315,"[0.50,1.00)",34.726125,1.0,True,exact_seq,SQL_FIRST,True
2026-08-30T19:55:51.270+00:00,heldout,2,214,VECTOR_FIRST_HNSW,wide_or,category_05,87,True,4,0.586315,"[0.50,1.00)",35.596875,1.0,False,exact_bitmap,SQL_FIRST,False
2026-08-30T19:55:51.301+00:00,heldout,2,214,HNSW_HYBRID,wide_or,category_05,87,True,4,0.586315,"[0.50,1.00)",30.788208,1.0,False,exact_seq,SQL_FIRST,False
2026-08-30T19:55:51.335+00:00,heldout,2,214,IVFFLAT_HYBRID,wide_or,category_05,87,True,4,0.586315,"[0.50,1.00)",32.481125,1.0,False,exact_seq,SQL_FIRST,False
2026-08-30T19:55:51.339+00:00,heldout,0,39,SQL_FIRST,category_narrow_price,category_05,601,True,0,0.005105,"[0.00,0.05)",2.802,1.0,True,exact_bitmap,HNSW_HYBRID,False
2026-08-30T19:55:51.375+00:00,heldout,0,39,VECTOR_FIRST_HNSW,category_narrow_price,category_05,601,True,0,0.005105,"[0.00,0.05)",33.819417,0.1,False,exact_bitmap,HNSW_HYBRID,False
2026-08-30T19:55:51.379+00:00,heldout,0,39,HNSW_HYBRID,category_narrow_price,category_05,601,True,0,0.005105,"[0.00,0.05)",2.953458,1.0,False,exact_bitmap,HNSW_HYBRID,True
2026-08-30T19:55:51.382+00:00,heldout,0,39,IVFFLAT_HYBRID,category_narrow_price,category_05,601,True,0,0.005105,"[0.00,0.05)",2.904209,1.0,False,exact_bitmap,HNSW_HYBRID,False
2026-08-30T19:55:51.386+00:00,heldout,1,39,SQL_FIRST,category_narrow_price,category_05,601,True,0,0.005105,"[0.00,0.05)",3.346292,1.0,True,exact_bitmap,HNSW_HYBRID,False
2026-08-30T19:55:51.422+00:00,heldout,1,39,VECTOR_FIRST_HNSW,category_narrow_price,category_05,601,True,0,0.005105,"[0.00,0.05)",35.535334,0.1,False,exact_bitmap,HNSW_HYBRID,False
2026-08-30T19:55:51.426+00:00,heldout,1,39,HNSW_HYBRID,category_narrow_price,category_05,601,True,0,0.005105,"[0.00,0.05)",3.120875,1.0,False,exact_bitmap,HNSW_HYBRID,True
2026-08-30T19:55:51.431+00:00,heldout,1,39,IVFFLAT_HYBRID,category_narrow_price,category_05,601,True,0,0.005105,"[0.00,0.05)",3.8825,1.0,False,exact_bitmap,HNSW_HYBRID,False
2026-08-30T19:55:51.435+00:00,heldout,2,39,SQL_FIRST,category_narrow_price,category_05,601,True,0,0.005105,"[0.00,0.05)",3.61625,1.0,True,exact_bitmap,HNSW_HYBRID,False
2026-08-30T19:55:51.470+00:00,heldout,2,39,VECTOR_FIRST_HNSW,category_narrow_price,category_05,601,True,0,0.005105,"[0.00,0.05)",35.061375,0.1,False,exact_bitmap,HNSW_HYBRID,False
2026-08-30T19:55:51.474+00:00,heldout,2,39,HNSW_HYBRID,category_narrow_price,category_05,601,True,0,0.005105,"[0.00,0.05)",2.759625,1.0,False,exact_bitmap,HNSW_HYBRID,True
2026-08-30T19:55:51.478+00:00,heldout,2,39,IVFFLAT_HYBRID,category_narrow_price,category_05,601,True,0,0.005105,"[0.00,0.05)",3.386667,1.0,False,exact_bitmap,HNSW_HYBRID,False
2026-08-30T19:55:51.496+00:00,heldout,0,149,SQL_FIRST,price_range_mid,category_05,732,True,2,0.100015,"[0.10,0.25)",16.409416,1.0,True,exact_bitmap,HNSW_HYBRID,False
2026-08-30T19:55:51.532+00:00,heldout,0,149,VECTOR_FIRST_HNSW,price_range_mid,category_05,732,True,2,0.100015,"[0.10,0.25)",34.372708,1.0,False,exact_bitmap,HNSW_HYBRID,False
2026-08-30T19:55:51.548+00:00,heldout,0,149,HNSW_HYBRID,price_range_mid,category_05,732,True,2,0.100015,"[0.10,0.25)",14.698041,1.0,False,exact_bitmap,HNSW_HYBRID,True
2026-08-30T19:55:51.566+00:00,heldout,0,149,IVFFLAT_HYBRID,price_range_mid,category_05,732,True,2,0.100015,"[0.10,0.25)",16.185375,1.0,False,exact_bitmap,HNSW_HYBRID,False
2026-08-30T19:55:51.584+00:00,heldout,1,149,SQL_FIRST,price_range_mid,category_05,732,True,2,0.100015,"[0.10,0.25)",18.003792,1.0,True,exact_bitmap,HNSW_HYBRID,False
2026-08-30T19:55:51.618+00:00,heldout,1,149,VECTOR_FIRST_HNSW,price_range_mid,category_05,732,True,2,0.100015,"[0.10,0.25)",33.676375,1.0,False,exact_bitmap,HNSW_HYBRID,False
2026-08-30T19:55:51.633+00:00,heldout,1,149,HNSW_HYBRID,price_range_mid,category_05,732,True,2,0.100015,"[0.10,0.25)",14.549375,1.0,False,exact_bitmap,HNSW_HYBRID,True
2026-08-30T19:55:51.650+00:00,heldout,1,149,IVFFLAT_HYBRID,price_range_mid,category_05,732,True,2,0.100015,"[0.10,0.25)",16.309125,1.0,False,exact_bitmap,HNSW_HYBRID,False
2026-08-30T19:55:51.667+00:00,heldout,2,149,SQL_FIRST,price_range_mid,category_05,732,True,2,0.100015,"[0.10,0.25)",16.239917,1.0,True,exact_bitmap,HNSW_HYBRID,False
2026-08-30T19:55:51.701+00:00,heldout,2,149,VECTOR_FIRST_HNSW,price_range_mid,category_05,732,True,2,0.100015,"[0.10,0.25)",33.529542,1.0,False,exact_bitmap,HNSW_HYBRID,False
2026-08-30T19:55:51.716+00:00,heldout,2,149,HNSW_HYBRID,price_range_mid,category_05,732,True,2,0.100015,"[0.10,0.25)",14.621042,1.0,False,exact_bitmap,HNSW_HYBRID,True
2026-08-30T19:55:51.733+00:00,heldout,2,149,IVFFLAT_HYBRID,price_range_mid,category_05,732,True,2,0.100015,"[0.10,0.25)",16.480917,1.0,False,exact_bitmap,HNSW_HYBRID,False
2026-08-30T19:55:51.751+00:00,heldout,0,57,SQL_FIRST,single_category,category_01,707,True,1,0.098665,"[0.05,0.10)",16.054459,1.0,True,exact_bitmap,HNSW_HYBRID,False
2026-08-30T19:55:51.786+00:00,heldout,0,57,VECTOR_FIRST_HNSW,single_category,category_01,707,True,1,0.098665,"[0.05,0.10)",33.654167,1.0,False,exact_bitmap,HNSW_HYBRID,False
2026-08-30T19:55:51.802+00:00,heldout,0,57,HNSW_HYBRID,single_category,category_01,707,True,1,0.098665,"[0.05,0.10)",14.190416,1.0,False,exact_bitmap,HNSW_HYBRID,True
2026-08-30T19:55:51.819+00:00,heldout,0,57,IVFFLAT_HYBRID,single_category,category_01,707,True,1,0.098665,"[0.05,0.10)",15.98,1.0,False,exact_bitmap,HNSW_HYBRID,False
2026-08-30T19:55:51.834+00:00,heldout,1,57,SQL_FIRST,single_category,category_01,707,True,1,0.098665,"[0.05,0.10)",14.701125,1.0,True,exact_bitmap,HNSW_HYBRID,False
2026-08-30T19:55:51.866+00:00,heldout,1,57,VECTOR_FIRST_HNSW,single_category,category_01,707,True,1,0.098665,"[0.05,0.10)",31.072625,1.0,False,exact_bitmap,HNSW_HYBRID,False
2026-08-30T19:55:51.879+00:00,heldout,1,57,HNSW_HYBRID,single_category,category_01,707,True,1,0.098665,"[0.05,0.10)",12.956833,1.0,False,exact_bitmap,HNSW_HYBRID,True
2026-08-30T19:55:51.893+00:00,heldout,1,57,IVFFLAT_HYBRID,single_category,category_01,707,True,1,0.098665,"[0.05,0.10)",14.020708,1.0,False,exact_bitmap,HNSW_HYBRID,False
2026-08-30T19:55:51.908+00:00,heldout,2,57,SQL_FIRST,single_category,category_01,707,True,1,0.098665,"[0.05,0.10)",14.072917,1.0,True,exact_bitmap,HNSW_HYBRID,False
2026-08-30T19:55:51.940+00:00,heldout,2,57,VECTOR_FIRST_HNSW,single_category,category_01,707,True,1,0.098665,"[0.05,0.10)",31.439167,1.0,False,exact_bitmap,HNSW_HYBRID,False
2026-08-30T19:55:51.958+00:00,heldout,2,57,HNSW_HYBRID,single_category,category_01,707,True,1,0.098665,"[0.05,0.10)",17.82025,1.0,False,exact_bitmap,HNSW_HYBRID,True
2026-08-30T19:55:51.978+00:00,heldout,2,57,IVFFLAT_HYBRID,single_category,category_01,707,True,1,0.098665,"[0.05,0.10)",18.783167,1.0,False,exact_bitmap,HNSW_HYBRID,False
