query_id,predicate,query_type,strategy,estimated_selectivity,measured_selectivity,top_k,strategy_only_latency_ms,execution_wall_latency_ms,reference_latency_ms,recall,result_ids,reference_ids,plan_verified,plan_verification_status,expected_index,actual_index_names,plan_evidence,strategy_parameters,postgres_version,pgvector_version,planner_decision,estimated_rows,explain_latency_ms,planning_latency_ms,actual_latency_ms,selectivity_bucket,best_feasible_fixed_strategy,best_feasible_fixed_latency_ms,planner_regret_vs_best_feasible_fixed_ms,best_actual_fixed_strategy,best_actual_fixed_latency_ms,regret_vs_best_actual_fixed_ms
0,category == 'Speaker',CATEGORY,SQL_FIRST,0.126534,0.124993,10,148.6465,238.30175,55.695375,1.0,"[708177, 701258, 565419, 236647, 565814, 36267, 886630, 957845, 453447, 923811]","[708177, 701258, 565419, 236647, 565814, 36267, 886630, 957845, 453447, 923811]",True,verified,,[],"{'plan': [{'Plan': {'Node Type': 'Limit', 'Parallel Aware': False, 'Async Capable': False, 'Startup Cost': 78908.5, 'Total Cost': 78909.66, 'Plan Rows': 10, 'Plan Width': 12, 'Plans': [{'Node Type': 'Gather Merge', 'Parent Relationship': 'Outer', 'Parallel Aware': False, 'Async Capable': False, 'Startup Cost': 78908.5, 'Total Cost': 91211.16, 'Plan Rows': 105444, 'Plan Width': 12, 'Workers Planned': 2, 'Plans': [{'Node Type': 'Sort', 'Parent Relationship': 'Outer', 'Parallel Aware': False, 'Async Capable': False, 'Startup Cost': 77908.47, 'Total Cost': 78040.28, 'Plan Rows': 52722, 'Plan Width': 12, 'Sort Key': [""((embedding <-> '[1,3,11,110,62,22,4,0,43,21,22,18,6,28,64,9,11,1,0,0,1,40,101,21,20,2,4,2,2,9,18,35,1,1,7,25,108,116,63,2,0,0,11,74,40,101,116,3,33,1,1,11,14,18,116,116,68,12,5,4,2,2,9,102,17,3,10,18,8,15,67,63,15,0,14,116,80,0,2,22,96,37,28,88,43,1,4,18,116,51,5,11,32,14,8,23,44,17,12,9,0,0,19,37,85,18,16,104,22,6,2,26,12,58,67,82,25,12,2,2,25,18,8,2,19,42,48,11]'::vector))"", 'id'], 'Plans': [{'Node Type': 'Seq Scan', 'Parent Relationship': 'Outer', 'Parallel Aware': True, 'Async Capable': False, 'Relation Name': 'sift1m_items', 'Alias': 'sift1m_items', 'Startup Cost': 0.0, 'Total Cost': 76769.17, 'Plan Rows': 52722, 'Plan Width': 12, 'Filter': ""(category = 'Speaker'::text)""}]}]}]}}], 'plan_index_names': [], 'plan_verification_status': 'verified', 'expected_index_name': None, 'wrong_ann_index_names': []}","{'index': 'exact-l2-sequential', 'index_name': None, 'session_settings': {'enable_indexscan': 'off'}}",16.14 (Debian 16.14-1.pgdg12+1),0.8.5,"{'query_id': 0, 'predicate': ""category == 'Speaker'"", 'top_k': 10, 'estimated_selectivity': 0.126534, 'target_recall': 0.95, 'selected_strategy': 'SQL_FIRST', 'predicted_latency_ms': 71.338875, 'candidate_strategies': ['SQL_FIRST'], 'rejected_strategies': ['VECTOR_FIRST_HNSW', 'HNSW_HYBRID', 'IVFFLAT_HYBRID'], 'rejection_reasons': {'VECTOR_FIRST_HNSW': 'Observed minimum recall 0.700 is below target 0.950.', 'HNSW_HYBRID': 'Observed minimum recall 0.900 is below target 0.950.', 'IVFFLAT_HYBRID': 'Observed minimum recall 0.400 is below target 0.950.'}, 'recall_feasibility': {'SQL_FIRST': 'reliably_feasible', 'VECTOR_FIRST_HNSW': 'not_reliably_feasible', 'HNSW_HYBRID': 'not_reliably_feasible', 'IVFFLAT_HYBRID': 'not_reliably_feasible'}, 'evidence': [{'strategy': 'SQL_FIRST', 'feasibility': 'reliably_feasible', 'predicted_latency_ms': 71.338875, 'eligible': True, 'reason': 'Exact SQL-first remains the recall-safe fallback.', 'bucket': '>0.10_to_0.25', 'observed_minimum_recall': 1.0, 'observed_fraction_meeting_target': 1.0}, {'strategy': 'VECTOR_FIRST_HNSW', 'feasibility': 'not_reliably_feasible', 'predicted_latency_ms': 128.900958, 'eligible': False, 'reason': 'Observed minimum recall 0.700 is below target 0.950.', 'bucket': '>0.10_to_0.25', 'observed_minimum_recall': 0.7, 'observed_fraction_meeting_target': 0.631578947368421}, {'strategy': 'HNSW_HYBRID', 'feasibility': 'not_reliably_feasible', 'predicted_latency_ms': 3.834291, 'eligible': False, 'reason': 'Observed minimum recall 0.900 is below target 0.950.', 'bucket': '>0.10_to_0.25', 'observed_minimum_recall': 0.9, 'observed_fraction_meeting_target': 0.6842105263157895}, {'strategy': 'IVFFLAT_HYBRID', 'feasibility': 'not_reliably_feasible', 'predicted_latency_ms': 54.889584, 'eligible': False, 'reason': 'Observed minimum recall 0.400 is below target 0.950.', 'bucket': '>0.10_to_0.25', 'observed_minimum_recall': 0.4, 'observed_fraction_meeting_target': 0.10526315789473684}], 'calibration_source': 'sdao/results/db_baseline_20260814Tfinal', 'calibration_model_version': 'empirical_db_calibration_v1', 'decision_reason': 'Selected SQL_FIRST: lowest predicted latency among eligible strategies (SQL_FIRST) in >0.10_to_0.25; Exact SQL-first remains the recall-safe fallback.'}",126534,12.1915,0.063667,250.556917,>0.10_to_0.25,HNSW_HYBRID,2.988833,145.657667,HNSW_HYBRID,2.988833,145.657667
1,category == 'Watch',CATEGORY,SQL_FIRST,0.122234,0.124962,10,48.114959,63.335958,48.521209,1.0,"[942339, 987636, 420802, 202612, 517238, 541805, 974930, 14836, 957556, 956542]","[942339, 987636, 420802, 202612, 517238, 541805, 974930, 14836, 957556, 956542]",True,verified,,[],"{'plan': [{'Plan': {'Node Type': 'Limit', 'Parallel Aware': False, 'Async Capable': False, 'Startup Cost': 78865.32, 'Total Cost': 78866.48, 'Plan Rows': 10, 'Plan Width': 12, 'Plans': [{'Node Type': 'Gather Merge', 'Parent Relationship': 'Outer', 'Parallel Aware': False, 'Async Capable': False, 'Startup Cost': 78865.32, 'Total Cost': 90750.05, 'Plan Rows': 101862, 'Plan Width': 12, 'Workers Planned': 2, 'Plans': [{'Node Type': 'Sort', 'Parent Relationship': 'Outer', 'Parallel Aware': False, 'Async Capable': False, 'Startup Cost': 77865.29, 'Total Cost': 77992.62, 'Plan Rows': 50931, 'Plan Width': 12, 'Sort Key': [""((embedding <-> '[40,25,11,0,22,31,6,8,10,3,0,1,30,91,88,18,38,44,16,1,5,25,70,36,1,22,10,7,10,40,61,1,60,9,8,4,111,45,21,45,9,1,1,14,111,111,70,26,95,13,3,2,3,39,111,111,20,3,11,11,1,32,70,22,48,8,9,25,60,26,14,37,4,5,65,110,111,31,1,0,101,78,84,34,4,2,2,29,33,44,25,22,2,0,4,18,54,51,24,21,12,18,5,6,11,17,100,65,50,92,37,14,23,77,95,9,3,14,60,40,4,30,23,32,10,3,19,13]'::vector))"", 'id'], 'Plans': [{'Node Type': 'Seq Scan', 'Parent Relationship': 'Outer', 'Parallel Aware': True, 'Async Capable': False, 'Relation Name': 'sift1m_items', 'Alias': 'sift1m_items', 'Startup Cost': 0.0, 'Total Cost': 76764.69, 'Plan Rows': 50931, 'Plan Width': 12, 'Filter': ""(category = 'Watch'::text)""}]}]}]}}], 'plan_index_names': [], 'plan_verification_status': 'verified', 'expected_index_name': None, 'wrong_ann_index_names': []}","{'index': 'exact-l2-sequential', 'index_name': None, 'session_settings': {'enable_indexscan': 'off'}}",16.14 (Debian 16.14-1.pgdg12+1),0.8.5,"{'query_id': 1, 'predicate': ""category == 'Watch'"", 'top_k': 10, 'estimated_selectivity': 0.122234, 'target_recall': 0.95, 'selected_strategy': 'SQL_FIRST', 'predicted_latency_ms': 71.338875, 'candidate_strategies': ['SQL_FIRST'], 'rejected_strategies': ['VECTOR_FIRST_HNSW', 'HNSW_HYBRID', 'IVFFLAT_HYBRID'], 'rejection_reasons': {'VECTOR_FIRST_HNSW': 'Observed minimum recall 0.700 is below target 0.950.', 'HNSW_HYBRID': 'Observed minimum recall 0.900 is below target 0.950.', 'IVFFLAT_HYBRID': 'Observed minimum recall 0.400 is below target 0.950.'}, 'recall_feasibility': {'SQL_FIRST': 'reliably_feasible', 'VECTOR_FIRST_HNSW': 'not_reliably_feasible', 'HNSW_HYBRID': 'not_reliably_feasible', 'IVFFLAT_HYBRID': 'not_reliably_feasible'}, 'evidence': [{'strategy': 'SQL_FIRST', 'feasibility': 'reliably_feasible', 'predicted_latency_ms': 71.338875, 'eligible': True, 'reason': 'Exact SQL-first remains the recall-safe fallback.', 'bucket': '>0.10_to_0.25', 'observed_minimum_recall': 1.0, 'observed_fraction_meeting_target': 1.0}, {'strategy': 'VECTOR_FIRST_HNSW', 'feasibility': 'not_reliably_feasible', 'predicted_latency_ms': 128.900958, 'eligible': False, 'reason': 'Observed minimum recall 0.700 is below target 0.950.', 'bucket': '>0.10_to_0.25', 'observed_minimum_recall': 0.7, 'observed_fraction_meeting_target': 0.631578947368421}, {'strategy': 'HNSW_HYBRID', 'feasibility': 'not_reliably_feasible', 'predicted_latency_ms': 3.834291, 'eligible': False, 'reason': 'Observed minimum recall 0.900 is below target 0.950.', 'bucket': '>0.10_to_0.25', 'observed_minimum_recall': 0.9, 'observed_fraction_meeting_target': 0.6842105263157895}, {'strategy': 'IVFFLAT_HYBRID', 'feasibility': 'not_reliably_feasible', 'predicted_latency_ms': 54.889584, 'eligible': False, 'reason': 'Observed minimum recall 0.400 is below target 0.950.', 'bucket': '>0.10_to_0.25', 'observed_minimum_recall': 0.4, 'observed_fraction_meeting_target': 0.10526315789473684}], 'calibration_source': 'sdao/results/db_baseline_20260814Tfinal', 'calibration_model_version': 'empirical_db_calibration_v1', 'decision_reason': 'Selected SQL_FIRST: lowest predicted latency among eligible strategies (SQL_FIRST) in >0.10_to_0.25; Exact SQL-first remains the recall-safe fallback.'}",122234,1.063,0.104875,64.503833,>0.10_to_0.25,SQL_FIRST,56.279333,-8.164374000000002,HNSW_HYBRID,3.138792,44.976167
2,category == 'TV',CATEGORY,SQL_FIRST,0.124867,0.125467,10,47.185041,59.695708,49.505542,1.0,"[408462, 406273, 402106, 239766, 401804, 905339, 150588, 716686, 529249, 115312]","[408462, 406273, 402106, 239766, 401804, 905339, 150588, 716686, 529249, 115312]",True,verified,,[],"{'plan': [{'Plan': {'Node Type': 'Limit', 'Parallel Aware': False, 'Async Capable': False, 'Startup Cost': 78891.76, 'Total Cost': 78892.93, 'Plan Rows': 10, 'Plan Width': 12, 'Plans': [{'Node Type': 'Gather Merge', 'Parent Relationship': 'Outer', 'Parallel Aware': False, 'Async Capable': False, 'Startup Cost': 78891.76, 'Total Cost': 91032.48, 'Plan Rows': 104056, 'Plan Width': 12, 'Workers Planned': 2, 'Plans': [{'Node Type': 'Sort', 'Parent Relationship': 'Outer', 'Parallel Aware': False, 'Async Capable': False, 'Startup Cost': 77891.74, 'Total Cost': 78021.81, 'Plan Rows': 52028, 'Plan Width': 12, 'Sort Key': [""((embedding <-> '[28,4,3,6,7,2,2,18,19,37,111,16,10,2,6,42,6,7,114,33,16,19,10,18,5,6,73,9,3,3,0,7,103,6,1,1,2,2,1,60,141,98,139,19,0,0,3,73,7,27,141,72,0,4,15,12,0,10,141,88,2,2,7,6,100,43,7,5,1,0,0,19,141,76,0,0,0,7,19,76,14,3,2,2,0,18,114,49,0,1,3,12,6,5,52,50,61,64,21,13,0,0,0,3,86,60,0,0,6,28,24,18,1,0,0,0,7,41,59,17,0,0,0,0,0,2,54,47]'::vector))"", 'id'], 'Plans': [{'Node Type': 'Seq Scan', 'Parent Relationship': 'Outer', 'Parallel Aware': True, 'Async Capable': False, 'Relation Name': 'sift1m_items', 'Alias': 'sift1m_items', 'Startup Cost': 0.0, 'Total Cost': 76767.43, 'Plan Rows': 52028, 'Plan Width': 12, 'Filter': ""(category = 'TV'::text)""}]}]}]}}], 'plan_index_names': [], 'plan_verification_status': 'verified', 'expected_index_name': None, 'wrong_ann_index_names': []}","{'index': 'exact-l2-sequential', 'index_name': None, 'session_settings': {'enable_indexscan': 'off'}}",16.14 (Debian 16.14-1.pgdg12+1),0.8.5,"{'query_id': 2, 'predicate': ""category == 'TV'"", 'top_k': 10, 'estimated_selectivity': 0.124867, 'target_recall': 0.95, 'selected_strategy': 'SQL_FIRST', 'predicted_latency_ms': 71.338875, 'candidate_strategies': ['SQL_FIRST'], 'rejected_strategies': ['VECTOR_FIRST_HNSW', 'HNSW_HYBRID', 'IVFFLAT_HYBRID'], 'rejection_reasons': {'VECTOR_FIRST_HNSW': 'Observed minimum recall 0.700 is below target 0.950.', 'HNSW_HYBRID': 'Observed minimum recall 0.900 is below target 0.950.', 'IVFFLAT_HYBRID': 'Observed minimum recall 0.400 is below target 0.950.'}, 'recall_feasibility': {'SQL_FIRST': 'reliably_feasible', 'VECTOR_FIRST_HNSW': 'not_reliably_feasible', 'HNSW_HYBRID': 'not_reliably_feasible', 'IVFFLAT_HYBRID': 'not_reliably_feasible'}, 'evidence': [{'strategy': 'SQL_FIRST', 'feasibility': 'reliably_feasible', 'predicted_latency_ms': 71.338875, 'eligible': True, 'reason': 'Exact SQL-first remains the recall-safe fallback.', 'bucket': '>0.10_to_0.25', 'observed_minimum_recall': 1.0, 'observed_fraction_meeting_target': 1.0}, {'strategy': 'VECTOR_FIRST_HNSW', 'feasibility': 'not_reliably_feasible', 'predicted_latency_ms': 128.900958, 'eligible': False, 'reason': 'Observed minimum recall 0.700 is below target 0.950.', 'bucket': '>0.10_to_0.25', 'observed_minimum_recall': 0.7, 'observed_fraction_meeting_target': 0.631578947368421}, {'strategy': 'HNSW_HYBRID', 'feasibility': 'not_reliably_feasible', 'predicted_latency_ms': 3.834291, 'eligible': False, 'reason': 'Observed minimum recall 0.900 is below target 0.950.', 'bucket': '>0.10_to_0.25', 'observed_minimum_recall': 0.9, 'observed_fraction_meeting_target': 0.6842105263157895}, {'strategy': 'IVFFLAT_HYBRID', 'feasibility': 'not_reliably_feasible', 'predicted_latency_ms': 54.889584, 'eligible': False, 'reason': 'Observed minimum recall 0.400 is below target 0.950.', 'bucket': '>0.10_to_0.25', 'observed_minimum_recall': 0.4, 'observed_fraction_meeting_target': 0.10526315789473684}], 'calibration_source': 'sdao/results/db_baseline_20260814Tfinal', 'calibration_model_version': 'empirical_db_calibration_v1', 'decision_reason': 'Selected SQL_FIRST: lowest predicted latency among eligible strategies (SQL_FIRST) in >0.10_to_0.25; Exact SQL-first remains the recall-safe fallback.'}",124867,1.039792,0.092041,60.827541000000004,>0.10_to_0.25,HNSW_HYBRID,2.918875,44.266166,HNSW_HYBRID,2.918875,44.266166
3,category == 'Camera',CATEGORY,SQL_FIRST,0.127967,0.124977,10,48.477792,64.581958,49.378458,1.0,"[889039, 190692, 722075, 546122, 190728, 889916, 886001, 996934, 867686, 855019]","[889039, 190692, 722075, 546122, 190728, 889916, 886001, 996934, 867686, 855019]",True,verified,,[],"{'plan': [{'Plan': {'Node Type': 'Limit', 'Parallel Aware': False, 'Async Capable': False, 'Startup Cost': 78922.91, 'Total Cost': 78924.08, 'Plan Rows': 10, 'Plan Width': 12, 'Plans': [{'Node Type': 'Gather Merge', 'Parent Relationship': 'Outer', 'Parallel Aware': False, 'Async Capable': False, 'Startup Cost': 78922.91, 'Total Cost': 91365.12, 'Plan Rows': 106640, 'Plan Width': 12, 'Workers Planned': 2, 'Plans': [{'Node Type': 'Sort', 'Parent Relationship': 'Outer', 'Parallel Aware': False, 'Async Capable': False, 'Startup Cost': 77922.89, 'Total Cost': 78056.19, 'Plan Rows': 53320, 'Plan Width': 12, 'Sort Key': [""((embedding <-> '[24,12,14,8,3,12,4,8,8,12,20,17,8,67,66,8,8,8,1,0,0,18,119,32,12,4,7,8,1,18,70,20,18,35,23,25,103,34,4,5,1,1,4,29,119,119,77,6,72,7,5,2,0,14,119,60,119,12,8,3,0,1,18,38,7,6,8,27,84,53,22,6,0,6,60,119,104,11,0,0,42,104,119,25,0,0,0,7,119,98,23,0,5,20,6,11,6,7,14,7,6,6,12,25,4,7,68,91,2,0,1,8,3,87,97,17,4,30,8,0,1,39,15,0,14,103,16,0]'::vector))"", 'id'], 'Plans': [{'Node Type': 'Seq Scan', 'Parent Relationship': 'Outer', 'Parallel Aware': True, 'Async Capable': False, 'Relation Name': 'sift1m_items', 'Alias': 'sift1m_items', 'Startup Cost': 0.0, 'Total Cost': 76770.66, 'Plan Rows': 53320, 'Plan Width': 12, 'Filter': ""(category = 'Camera'::text)""}]}]}]}}], 'plan_index_names': [], 'plan_verification_status': 'verified', 'expected_index_name': None, 'wrong_ann_index_names': []}","{'index': 'exact-l2-sequential', 'index_name': None, 'session_settings': {'enable_indexscan': 'off'}}",16.14 (Debian 16.14-1.pgdg12+1),0.8.5,"{'query_id': 3, 'predicate': ""category == 'Camera'"", 'top_k': 10, 'estimated_selectivity': 0.127967, 'target_recall': 0.95, 'selected_strategy': 'SQL_FIRST', 'predicted_latency_ms': 71.338875, 'candidate_strategies': ['SQL_FIRST'], 'rejected_strategies': ['VECTOR_FIRST_HNSW', 'HNSW_HYBRID', 'IVFFLAT_HYBRID'], 'rejection_reasons': {'VECTOR_FIRST_HNSW': 'Observed minimum recall 0.700 is below target 0.950.', 'HNSW_HYBRID': 'Observed minimum recall 0.900 is below target 0.950.', 'IVFFLAT_HYBRID': 'Observed minimum recall 0.400 is below target 0.950.'}, 'recall_feasibility': {'SQL_FIRST': 'reliably_feasible', 'VECTOR_FIRST_HNSW': 'not_reliably_feasible', 'HNSW_HYBRID': 'not_reliably_feasible', 'IVFFLAT_HYBRID': 'not_reliably_feasible'}, 'evidence': [{'strategy': 'SQL_FIRST', 'feasibility': 'reliably_feasible', 'predicted_latency_ms': 71.338875, 'eligible': True, 'reason': 'Exact SQL-first remains the recall-safe fallback.', 'bucket': '>0.10_to_0.25', 'observed_minimum_recall': 1.0, 'observed_fraction_meeting_target': 1.0}, {'strategy': 'VECTOR_FIRST_HNSW', 'feasibility': 'not_reliably_feasible', 'predicted_latency_ms': 128.900958, 'eligible': False, 'reason': 'Observed minimum recall 0.700 is below target 0.950.', 'bucket': '>0.10_to_0.25', 'observed_minimum_recall': 0.7, 'observed_fraction_meeting_target': 0.631578947368421}, {'strategy': 'HNSW_HYBRID', 'feasibility': 'not_reliably_feasible', 'predicted_latency_ms': 3.834291, 'eligible': False, 'reason': 'Observed minimum recall 0.900 is below target 0.950.', 'bucket': '>0.10_to_0.25', 'observed_minimum_recall': 0.9, 'observed_fraction_meeting_target': 0.6842105263157895}, {'strategy': 'IVFFLAT_HYBRID', 'feasibility': 'not_reliably_feasible', 'predicted_latency_ms': 54.889584, 'eligible': False, 'reason': 'Observed minimum recall 0.400 is below target 0.950.', 'bucket': '>0.10_to_0.25', 'observed_minimum_recall': 0.4, 'observed_fraction_meeting_target': 0.10526315789473684}], 'calibration_source': 'sdao/results/db_baseline_20260814Tfinal', 'calibration_model_version': 'empirical_db_calibration_v1', 'decision_reason': 'Selected SQL_FIRST: lowest predicted latency among eligible strategies (SQL_FIRST) in >0.10_to_0.25; Exact SQL-first remains the recall-safe fallback.'}",127967,1.151333,0.161459,65.89475,>0.10_to_0.25,HNSW_HYBRID,2.456333,46.021459,HNSW_HYBRID,2.456333,46.021459
4,category == 'Monitor',CATEGORY,SQL_FIRST,0.123601,0.125095,10,49.411125,62.429667,50.328291,1.0,"[716433, 112586, 107281, 30116, 101436, 305983, 421011, 201628, 293118, 292815]","[716433, 112586, 107281, 30116, 101436, 305983, 421011, 201628, 293118, 292815]",True,verified,,[],"{'plan': [{'Plan': {'Node Type': 'Limit', 'Parallel Aware': False, 'Async Capable': False, 'Startup Cost': 78879.03, 'Total Cost': 78880.2, 'Plan Rows': 10, 'Plan Width': 12, 'Plans': [{'Node Type': 'Gather Merge', 'Parent Relationship': 'Outer', 'Parallel Aware': False, 'Async Capable': False, 'Startup Cost': 78879.03, 'Total Cost': 90896.54, 'Plan Rows': 103000, 'Plan Width': 12, 'Workers Planned': 2, 'Plans': [{'Node Type': 'Sort', 'Parent Relationship': 'Outer', 'Parallel Aware': False, 'Async Capable': False, 'Startup Cost': 77879.01, 'Total Cost': 78007.76, 'Plan Rows': 51500, 'Plan Width': 12, 'Sort Key': [""((embedding <-> '[0,4,47,20,9,2,1,0,41,42,80,2,0,0,2,1,56,42,27,31,10,0,0,0,5,0,3,40,17,0,2,12,8,22,112,21,2,4,39,39,52,126,128,35,0,0,3,46,15,25,127,128,11,0,0,1,1,0,11,123,51,2,2,4,49,4,0,0,37,27,38,59,128,25,6,10,1,7,7,128,24,1,7,92,69,106,9,23,0,0,7,84,37,54,42,4,65,18,4,5,18,10,0,2,128,29,0,0,6,25,10,28,8,0,0,0,47,128,21,6,0,0,0,0,8,69,45,2]'::vector))"", 'id'], 'Plans': [{'Node Type': 'Seq Scan', 'Parent Relationship': 'Outer', 'Parallel Aware': True, 'Async Capable': False, 'Relation Name': 'sift1m_items', 'Alias': 'sift1m_items', 'Startup Cost': 0.0, 'Total Cost': 76766.11, 'Plan Rows': 51500, 'Plan Width': 12, 'Filter': ""(category = 'Monitor'::text)""}]}]}]}}], 'plan_index_names': [], 'plan_verification_status': 'verified', 'expected_index_name': None, 'wrong_ann_index_names': []}","{'index': 'exact-l2-sequential', 'index_name': None, 'session_settings': {'enable_indexscan': 'off'}}",16.14 (Debian 16.14-1.pgdg12+1),0.8.5,"{'query_id': 4, 'predicate': ""category == 'Monitor'"", 'top_k': 10, 'estimated_selectivity': 0.123601, 'target_recall': 0.95, 'selected_strategy': 'SQL_FIRST', 'predicted_latency_ms': 71.338875, 'candidate_strategies': ['SQL_FIRST'], 'rejected_strategies': ['VECTOR_FIRST_HNSW', 'HNSW_HYBRID', 'IVFFLAT_HYBRID'], 'rejection_reasons': {'VECTOR_FIRST_HNSW': 'Observed minimum recall 0.700 is below target 0.950.', 'HNSW_HYBRID': 'Observed minimum recall 0.900 is below target 0.950.', 'IVFFLAT_HYBRID': 'Observed minimum recall 0.400 is below target 0.950.'}, 'recall_feasibility': {'SQL_FIRST': 'reliably_feasible', 'VECTOR_FIRST_HNSW': 'not_reliably_feasible', 'HNSW_HYBRID': 'not_reliably_feasible', 'IVFFLAT_HYBRID': 'not_reliably_feasible'}, 'evidence': [{'strategy': 'SQL_FIRST', 'feasibility': 'reliably_feasible', 'predicted_latency_ms': 71.338875, 'eligible': True, 'reason': 'Exact SQL-first remains the recall-safe fallback.', 'bucket': '>0.10_to_0.25', 'observed_minimum_recall': 1.0, 'observed_fraction_meeting_target': 1.0}, {'strategy': 'VECTOR_FIRST_HNSW', 'feasibility': 'not_reliably_feasible', 'predicted_latency_ms': 128.900958, 'eligible': False, 'reason': 'Observed minimum recall 0.700 is below target 0.950.', 'bucket': '>0.10_to_0.25', 'observed_minimum_recall': 0.7, 'observed_fraction_meeting_target': 0.631578947368421}, {'strategy': 'HNSW_HYBRID', 'feasibility': 'not_reliably_feasible', 'predicted_latency_ms': 3.834291, 'eligible': False, 'reason': 'Observed minimum recall 0.900 is below target 0.950.', 'bucket': '>0.10_to_0.25', 'observed_minimum_recall': 0.9, 'observed_fraction_meeting_target': 0.6842105263157895}, {'strategy': 'IVFFLAT_HYBRID', 'feasibility': 'not_reliably_feasible', 'predicted_latency_ms': 54.889584, 'eligible': False, 'reason': 'Observed minimum recall 0.400 is below target 0.950.', 'bucket': '>0.10_to_0.25', 'observed_minimum_recall': 0.4, 'observed_fraction_meeting_target': 0.10526315789473684}], 'calibration_source': 'sdao/results/db_baseline_20260814Tfinal', 'calibration_model_version': 'empirical_db_calibration_v1', 'decision_reason': 'Selected SQL_FIRST: lowest predicted latency among eligible strategies (SQL_FIRST) in >0.10_to_0.25; Exact SQL-first remains the recall-safe fallback.'}",123601,1.1705,0.0935,63.693667000000005,>0.10_to_0.25,HNSW_HYBRID,2.800667,46.610458,HNSW_HYBRID,2.800667,46.610458
5,category == 'Phone',CATEGORY,SQL_FIRST,0.122567,0.125051,10,48.919583,63.273958,48.400125,1.0,"[943689, 221336, 893231, 426199, 167626, 275329, 464669, 14279, 564657, 599042]","[943689, 221336, 893231, 426199, 167626, 275329, 464669, 14279, 564657, 599042]",True,verified,,[],"{'plan': [{'Plan': {'Node Type': 'Limit', 'Parallel Aware': False, 'Async Capable': False, 'Startup Cost': 78868.67, 'Total Cost': 78869.83, 'Plan Rows': 10, 'Plan Width': 12, 'Plans': [{'Node Type': 'Gather Merge', 'Parent Relationship': 'Outer', 'Parallel Aware': False, 'Async Capable': False, 'Startup Cost': 78868.67, 'Total Cost': 90785.83, 'Plan Rows': 102140, 'Plan Width': 12, 'Workers Planned': 2, 'Plans': [{'Node Type': 'Sort', 'Parent Relationship': 'Outer', 'Parallel Aware': False, 'Async Capable': False, 'Startup Cost': 77868.64, 'Total Cost': 77996.32, 'Plan Rows': 51070, 'Plan Width': 12, 'Sort Key': [""((embedding <-> '[16,52,32,13,2,6,34,49,45,83,6,2,26,57,14,46,19,9,4,13,53,104,33,11,25,19,30,10,7,2,8,7,25,1,2,25,24,28,61,83,41,9,14,3,7,114,114,114,114,5,5,1,5,114,73,75,106,3,5,6,6,8,15,45,2,15,7,114,103,6,5,4,9,67,47,22,32,27,41,10,114,36,43,42,23,9,7,30,114,19,7,5,6,6,21,48,2,1,0,8,114,13,0,1,53,83,14,8,16,12,16,20,27,87,45,50,15,5,5,6,32,49,21,7,5,0,5,8]'::vector))"", 'id'], 'Plans': [{'Node Type': 'Seq Scan', 'Parent Relationship': 'Outer', 'Parallel Aware': True, 'Async Capable': False, 'Relation Name': 'sift1m_items', 'Alias': 'sift1m_items', 'Startup Cost': 0.0, 'Total Cost': 76765.04, 'Plan Rows': 51070, 'Plan Width': 12, 'Filter': ""(category = 'Phone'::text)""}]}]}]}}], 'plan_index_names': [], 'plan_verification_status': 'verified', 'expected_index_name': None, 'wrong_ann_index_names': []}","{'index': 'exact-l2-sequential', 'index_name': None, 'session_settings': {'enable_indexscan': 'off'}}",16.14 (Debian 16.14-1.pgdg12+1),0.8.5,"{'query_id': 5, 'predicate': ""category == 'Phone'"", 'top_k': 10, 'estimated_selectivity': 0.122567, 'target_recall': 0.95, 'selected_strategy': 'SQL_FIRST', 'predicted_latency_ms': 71.338875, 'candidate_strategies': ['SQL_FIRST'], 'rejected_strategies': ['VECTOR_FIRST_HNSW', 'HNSW_HYBRID', 'IVFFLAT_HYBRID'], 'rejection_reasons': {'VECTOR_FIRST_HNSW': 'Observed minimum recall 0.700 is below target 0.950.', 'HNSW_HYBRID': 'Observed minimum recall 0.900 is below target 0.950.', 'IVFFLAT_HYBRID': 'Observed minimum recall 0.400 is below target 0.950.'}, 'recall_feasibility': {'SQL_FIRST': 'reliably_feasible', 'VECTOR_FIRST_HNSW': 'not_reliably_feasible', 'HNSW_HYBRID': 'not_reliably_feasible', 'IVFFLAT_HYBRID': 'not_reliably_feasible'}, 'evidence': [{'strategy': 'SQL_FIRST', 'feasibility': 'reliably_feasible', 'predicted_latency_ms': 71.338875, 'eligible': True, 'reason': 'Exact SQL-first remains the recall-safe fallback.', 'bucket': '>0.10_to_0.25', 'observed_minimum_recall': 1.0, 'observed_fraction_meeting_target': 1.0}, {'strategy': 'VECTOR_FIRST_HNSW', 'feasibility': 'not_reliably_feasible', 'predicted_latency_ms': 128.900958, 'eligible': False, 'reason': 'Observed minimum recall 0.700 is below target 0.950.', 'bucket': '>0.10_to_0.25', 'observed_minimum_recall': 0.7, 'observed_fraction_meeting_target': 0.631578947368421}, {'strategy': 'HNSW_HYBRID', 'feasibility': 'not_reliably_feasible', 'predicted_latency_ms': 3.834291, 'eligible': False, 'reason': 'Observed minimum recall 0.900 is below target 0.950.', 'bucket': '>0.10_to_0.25', 'observed_minimum_recall': 0.9, 'observed_fraction_meeting_target': 0.6842105263157895}, {'strategy': 'IVFFLAT_HYBRID', 'feasibility': 'not_reliably_feasible', 'predicted_latency_ms': 54.889584, 'eligible': False, 'reason': 'Observed minimum recall 0.400 is below target 0.950.', 'bucket': '>0.10_to_0.25', 'observed_minimum_recall': 0.4, 'observed_fraction_meeting_target': 0.10526315789473684}], 'calibration_source': 'sdao/results/db_baseline_20260814Tfinal', 'calibration_model_version': 'empirical_db_calibration_v1', 'decision_reason': 'Selected SQL_FIRST: lowest predicted latency among eligible strategies (SQL_FIRST) in >0.10_to_0.25; Exact SQL-first remains the recall-safe fallback.'}",122567,1.290625,0.091208,64.655791,>0.10_to_0.25,HNSW_HYBRID,2.614084,46.305499000000005,HNSW_HYBRID,2.614084,46.305499000000005
6,category == 'Tablet',CATEGORY,SQL_FIRST,0.123001,0.124703,10,53.075708,68.742791,49.826333,1.0,"[598221, 842282, 415400, 877113, 839672, 565415, 565610, 170076, 891908, 912216]","[598221, 842282, 415400, 877113, 839672, 565415, 565610, 170076, 891908, 912216]",True,verified,,[],"{'plan': [{'Plan': {'Node Type': 'Limit', 'Parallel Aware': False, 'Async Capable': False, 'Startup Cost': 78873.01, 'Total Cost': 78874.17, 'Plan Rows': 10, 'Plan Width': 12, 'Plans': [{'Node Type': 'Gather Merge', 'Parent Relationship': 'Outer', 'Parallel Aware': False, 'Async Capable': False, 'Startup Cost': 78873.01, 'Total Cost': 90832.18, 'Plan Rows': 102500, 'Plan Width': 12, 'Workers Planned': 2, 'Plans': [{'Node Type': 'Sort', 'Parent Relationship': 'Outer', 'Parallel Aware': False, 'Async Capable': False, 'Startup Cost': 77872.98, 'Total Cost': 78001.11, 'Plan Rows': 51250, 'Plan Width': 12, 'Sort Key': [""((embedding <-> '[21,17,52,17,17,10,10,8,25,12,16,15,32,77,120,38,43,5,21,36,40,17,34,78,23,4,1,12,30,16,20,41,1,0,3,4,57,79,108,14,36,0,0,12,120,120,84,40,120,6,0,32,22,8,44,120,46,27,2,31,22,4,23,21,12,8,13,11,28,40,30,3,34,33,68,120,32,16,4,2,120,104,17,19,0,0,9,33,44,49,1,2,7,11,10,20,65,16,10,3,0,3,1,10,112,35,85,120,21,0,2,38,34,51,62,73,11,0,1,1,21,31,6,8,8,1,2,9]'::vector))"", 'id'], 'Plans': [{'Node Type': 'Seq Scan', 'Parent Relationship': 'Outer', 'Parallel Aware': True, 'Async Capable': False, 'Relation Name': 'sift1m_items', 'Alias': 'sift1m_items', 'Startup Cost': 0.0, 'Total Cost': 76765.49, 'Plan Rows': 51250, 'Plan Width': 12, 'Filter': ""(category = 'Tablet'::text)""}]}]}]}}], 'plan_index_names': [], 'plan_verification_status': 'verified', 'expected_index_name': None, 'wrong_ann_index_names': []}","{'index': 'exact-l2-sequential', 'index_name': None, 'session_settings': {'enable_indexscan': 'off'}}",16.14 (Debian 16.14-1.pgdg12+1),0.8.5,"{'query_id': 6, 'predicate': ""category == 'Tablet'"", 'top_k': 10, 'estimated_selectivity': 0.123001, 'target_recall': 0.95, 'selected_strategy': 'SQL_FIRST', 'predicted_latency_ms': 71.338875, 'candidate_strategies': ['SQL_FIRST'], 'rejected_strategies': ['VECTOR_FIRST_HNSW', 'HNSW_HYBRID', 'IVFFLAT_HYBRID'], 'rejection_reasons': {'VECTOR_FIRST_HNSW': 'Observed minimum recall 0.700 is below target 0.950.', 'HNSW_HYBRID': 'Observed minimum recall 0.900 is below target 0.950.', 'IVFFLAT_HYBRID': 'Observed minimum recall 0.400 is below target 0.950.'}, 'recall_feasibility': {'SQL_FIRST': 'reliably_feasible', 'VECTOR_FIRST_HNSW': 'not_reliably_feasible', 'HNSW_HYBRID': 'not_reliably_feasible', 'IVFFLAT_HYBRID': 'not_reliably_feasible'}, 'evidence': [{'strategy': 'SQL_FIRST', 'feasibility': 'reliably_feasible', 'predicted_latency_ms': 71.338875, 'eligible': True, 'reason': 'Exact SQL-first remains the recall-safe fallback.', 'bucket': '>0.10_to_0.25', 'observed_minimum_recall': 1.0, 'observed_fraction_meeting_target': 1.0}, {'strategy': 'VECTOR_FIRST_HNSW', 'feasibility': 'not_reliably_feasible', 'predicted_latency_ms': 128.900958, 'eligible': False, 'reason': 'Observed minimum recall 0.700 is below target 0.950.', 'bucket': '>0.10_to_0.25', 'observed_minimum_recall': 0.7, 'observed_fraction_meeting_target': 0.631578947368421}, {'strategy': 'HNSW_HYBRID', 'feasibility': 'not_reliably_feasible', 'predicted_latency_ms': 3.834291, 'eligible': False, 'reason': 'Observed minimum recall 0.900 is below target 0.950.', 'bucket': '>0.10_to_0.25', 'observed_minimum_recall': 0.9, 'observed_fraction_meeting_target': 0.6842105263157895}, {'strategy': 'IVFFLAT_HYBRID', 'feasibility': 'not_reliably_feasible', 'predicted_latency_ms': 54.889584, 'eligible': False, 'reason': 'Observed minimum recall 0.400 is below target 0.950.', 'bucket': '>0.10_to_0.25', 'observed_minimum_recall': 0.4, 'observed_fraction_meeting_target': 0.10526315789473684}], 'calibration_source': 'sdao/results/db_baseline_20260814Tfinal', 'calibration_model_version': 'empirical_db_calibration_v1', 'decision_reason': 'Selected SQL_FIRST: lowest predicted latency among eligible strategies (SQL_FIRST) in >0.10_to_0.25; Exact SQL-first remains the recall-safe fallback.'}",123001,1.234417,0.095834,70.073042,>0.10_to_0.25,SQL_FIRST,49.205917,3.8697909999999993,HNSW_HYBRID,2.882583,50.193125
7,category == 'Laptop',CATEGORY,SQL_FIRST,0.129234,0.124752,10,48.189417,59.410041,48.344875,1.0,"[207868, 543133, 280624, 258018, 768332, 153004, 472169, 692410, 57655, 53230]","[207868, 543133, 280624, 258018, 768332, 153004, 472169, 692410, 57655, 53230]",True,verified,,[],"{'plan': [{'Plan': {'Node Type': 'Limit', 'Parallel Aware': False, 'Async Capable': False, 'Startup Cost': 78935.64, 'Total Cost': 78936.81, 'Plan Rows': 10, 'Plan Width': 12, 'Plans': [{'Node Type': 'Gather Merge', 'Parent Relationship': 'Outer', 'Parallel Aware': False, 'Async Capable': False, 'Startup Cost': 78935.64, 'Total Cost': 91501.05, 'Plan Rows': 107696, 'Plan Width': 12, 'Workers Planned': 2, 'Plans': [{'Node Type': 'Sort', 'Parent Relationship': 'Outer', 'Parallel Aware': False, 'Async Capable': False, 'Startup Cost': 77935.62, 'Total Cost': 78070.24, 'Plan Rows': 53848, 'Plan Width': 12, 'Sort Key': [""((embedding <-> '[3,1,0,1,1,1,0,2,11,15,12,12,5,1,0,6,128,80,54,14,0,0,0,12,34,10,100,107,0,0,0,4,6,4,10,4,0,0,0,9,11,4,7,23,5,0,3,30,128,8,1,3,3,0,1,128,124,9,27,58,2,2,2,40,7,48,122,20,0,0,0,2,2,6,128,80,4,0,1,4,128,52,128,42,3,1,0,45,128,31,14,22,9,1,8,40,44,50,34,1,0,0,0,3,26,60,128,31,0,0,1,1,14,32,128,65,16,6,4,1,36,20,12,5,11,25,51,15]'::vector))"", 'id'], 'Plans': [{'Node Type': 'Seq Scan', 'Parent Relationship': 'Outer', 'Parallel Aware': True, 'Async Capable': False, 'Relation Name': 'sift1m_items', 'Alias': 'sift1m_items', 'Startup Cost': 0.0, 'Total Cost': 76771.98, 'Plan Rows': 53848, 'Plan Width': 12, 'Filter': ""(category = 'Laptop'::text)""}]}]}]}}], 'plan_index_names': [], 'plan_verification_status': 'verified', 'expected_index_name': None, 'wrong_ann_index_names': []}","{'index': 'exact-l2-sequential', 'index_name': None, 'session_settings': {'enable_indexscan': 'off'}}",16.14 (Debian 16.14-1.pgdg12+1),0.8.5,"{'query_id': 7, 'predicate': ""category == 'Laptop'"", 'top_k': 10, 'estimated_selectivity': 0.129234, 'target_recall': 0.95, 'selected_strategy': 'SQL_FIRST', 'predicted_latency_ms': 71.338875, 'candidate_strategies': ['SQL_FIRST'], 'rejected_strategies': ['VECTOR_FIRST_HNSW', 'HNSW_HYBRID', 'IVFFLAT_HYBRID'], 'rejection_reasons': {'VECTOR_FIRST_HNSW': 'Observed minimum recall 0.700 is below target 0.950.', 'HNSW_HYBRID': 'Observed minimum recall 0.900 is below target 0.950.', 'IVFFLAT_HYBRID': 'Observed minimum recall 0.400 is below target 0.950.'}, 'recall_feasibility': {'SQL_FIRST': 'reliably_feasible', 'VECTOR_FIRST_HNSW': 'not_reliably_feasible', 'HNSW_HYBRID': 'not_reliably_feasible', 'IVFFLAT_HYBRID': 'not_reliably_feasible'}, 'evidence': [{'strategy': 'SQL_FIRST', 'feasibility': 'reliably_feasible', 'predicted_latency_ms': 71.338875, 'eligible': True, 'reason': 'Exact SQL-first remains the recall-safe fallback.', 'bucket': '>0.10_to_0.25', 'observed_minimum_recall': 1.0, 'observed_fraction_meeting_target': 1.0}, {'strategy': 'VECTOR_FIRST_HNSW', 'feasibility': 'not_reliably_feasible', 'predicted_latency_ms': 128.900958, 'eligible': False, 'reason': 'Observed minimum recall 0.700 is below target 0.950.', 'bucket': '>0.10_to_0.25', 'observed_minimum_recall': 0.7, 'observed_fraction_meeting_target': 0.631578947368421}, {'strategy': 'HNSW_HYBRID', 'feasibility': 'not_reliably_feasible', 'predicted_latency_ms': 3.834291, 'eligible': False, 'reason': 'Observed minimum recall 0.900 is below target 0.950.', 'bucket': '>0.10_to_0.25', 'observed_minimum_recall': 0.9, 'observed_fraction_meeting_target': 0.6842105263157895}, {'strategy': 'IVFFLAT_HYBRID', 'feasibility': 'not_reliably_feasible', 'predicted_latency_ms': 54.889584, 'eligible': False, 'reason': 'Observed minimum recall 0.400 is below target 0.950.', 'bucket': '>0.10_to_0.25', 'observed_minimum_recall': 0.4, 'observed_fraction_meeting_target': 0.10526315789473684}], 'calibration_source': 'sdao/results/db_baseline_20260814Tfinal', 'calibration_model_version': 'empirical_db_calibration_v1', 'decision_reason': 'Selected SQL_FIRST: lowest predicted latency among eligible strategies (SQL_FIRST) in >0.10_to_0.25; Exact SQL-first remains the recall-safe fallback.'}",129234,0.962042,0.09075,60.462832999999996,>0.10_to_0.25,HNSW_HYBRID,2.180708,46.008708999999996,HNSW_HYBRID,2.180708,46.008708999999996
8,brand == 'Apple',BRAND,SQL_FIRST,0.125301,0.125152,10,51.71475,64.45925,51.1545,1.0,"[695175, 285272, 678764, 340986, 967581, 307306, 699682, 376619, 481098, 464793]","[695175, 285272, 678764, 340986, 967581, 307306, 699682, 376619, 481098, 464793]",True,verified,,[],"{'plan': [{'Plan': {'Node Type': 'Limit', 'Parallel Aware': False, 'Async Capable': False, 'Startup Cost': 78896.13, 'Total Cost': 78897.3, 'Plan Rows': 10, 'Plan Width': 12, 'Plans': [{'Node Type': 'Gather Merge', 'Parent Relationship': 'Outer', 'Parallel Aware': False, 'Async Capable': False, 'Startup Cost': 78896.13, 'Total Cost': 91079.08, 'Plan Rows': 104418, 'Plan Width': 12, 'Workers Planned': 2, 'Plans': [{'Node Type': 'Sort', 'Parent Relationship': 'Outer', 'Parallel Aware': False, 'Async Capable': False, 'Startup Cost': 77896.1, 'Total Cost': 78026.63, 'Plan Rows': 52209, 'Plan Width': 12, 'Sort Key': [""((embedding <-> '[1,12,4,2,41,40,19,5,3,30,29,22,13,3,0,0,1,5,27,54,36,4,6,10,49,0,0,6,11,3,10,60,101,18,1,1,5,12,34,43,62,108,66,13,0,0,4,8,4,49,122,122,32,6,7,0,74,8,8,122,45,5,2,43,122,26,3,4,8,1,3,17,122,75,7,0,2,33,40,73,12,17,27,38,38,122,122,13,38,26,17,74,58,56,57,23,16,28,5,3,11,21,9,12,14,1,1,0,7,32,81,90,8,3,12,13,93,97,61,18,99,9,8,4,9,6,17,50]'::vector))"", 'id'], 'Plans': [{'Node Type': 'Seq Scan', 'Parent Relationship': 'Outer', 'Parallel Aware': True, 'Async Capable': False, 'Relation Name': 'sift1m_items', 'Alias': 'sift1m_items', 'Startup Cost': 0.0, 'Total Cost': 76767.89, 'Plan Rows': 52209, 'Plan Width': 12, 'Filter': ""(brand = 'Apple'::text)""}]}]}]}}], 'plan_index_names': [], 'plan_verification_status': 'verified', 'expected_index_name': None, 'wrong_ann_index_names': []}","{'index': 'exact-l2-sequential', 'index_name': None, 'session_settings': {'enable_indexscan': 'off'}}",16.14 (Debian 16.14-1.pgdg12+1),0.8.5,"{'query_id': 8, 'predicate': ""brand == 'Apple'"", 'top_k': 10, 'estimated_selectivity': 0.125301, 'target_recall': 0.95, 'selected_strategy': 'SQL_FIRST', 'predicted_latency_ms': 71.338875, 'candidate_strategies': ['SQL_FIRST'], 'rejected_strategies': ['VECTOR_FIRST_HNSW', 'HNSW_HYBRID', 'IVFFLAT_HYBRID'], 'rejection_reasons': {'VECTOR_FIRST_HNSW': 'Observed minimum recall 0.700 is below target 0.950.', 'HNSW_HYBRID': 'Observed minimum recall 0.900 is below target 0.950.', 'IVFFLAT_HYBRID': 'Observed minimum recall 0.400 is below target 0.950.'}, 'recall_feasibility': {'SQL_FIRST': 'reliably_feasible', 'VECTOR_FIRST_HNSW': 'not_reliably_feasible', 'HNSW_HYBRID': 'not_reliably_feasible', 'IVFFLAT_HYBRID': 'not_reliably_feasible'}, 'evidence': [{'strategy': 'SQL_FIRST', 'feasibility': 'reliably_feasible', 'predicted_latency_ms': 71.338875, 'eligible': True, 'reason': 'Exact SQL-first remains the recall-safe fallback.', 'bucket': '>0.10_to_0.25', 'observed_minimum_recall': 1.0, 'observed_fraction_meeting_target': 1.0}, {'strategy': 'VECTOR_FIRST_HNSW', 'feasibility': 'not_reliably_feasible', 'predicted_latency_ms': 128.900958, 'eligible': False, 'reason': 'Observed minimum recall 0.700 is below target 0.950.', 'bucket': '>0.10_to_0.25', 'observed_minimum_recall': 0.7, 'observed_fraction_meeting_target': 0.631578947368421}, {'strategy': 'HNSW_HYBRID', 'feasibility': 'not_reliably_feasible', 'predicted_latency_ms': 3.834291, 'eligible': False, 'reason': 'Observed minimum recall 0.900 is below target 0.950.', 'bucket': '>0.10_to_0.25', 'observed_minimum_recall': 0.9, 'observed_fraction_meeting_target': 0.6842105263157895}, {'strategy': 'IVFFLAT_HYBRID', 'feasibility': 'not_reliably_feasible', 'predicted_latency_ms': 54.889584, 'eligible': False, 'reason': 'Observed minimum recall 0.400 is below target 0.950.', 'bucket': '>0.10_to_0.25', 'observed_minimum_recall': 0.4, 'observed_fraction_meeting_target': 0.10526315789473684}], 'calibration_source': 'sdao/results/db_baseline_20260814Tfinal', 'calibration_model_version': 'empirical_db_calibration_v1', 'decision_reason': 'Selected SQL_FIRST: lowest predicted latency among eligible strategies (SQL_FIRST) in >0.10_to_0.25; Exact SQL-first remains the recall-safe fallback.'}",125301,1.538917,0.160417,66.15858399999999,>0.10_to_0.25,SQL_FIRST,48.811958,2.902792000000005,SQL_FIRST,48.811958,2.902792000000005
9,brand == 'Asus',BRAND,SQL_FIRST,0.123434,0.125072,10,51.530084,103.424166,49.120625,1.0,"[177646, 292077, 322138, 261319, 151491, 182520, 732351, 521119, 314657, 771950]","[177646, 292077, 322138, 261319, 151491, 182520, 732351, 521119, 314657, 771950]",True,verified,,[],"{'plan': [{'Plan': {'Node Type': 'Limit', 'Parallel Aware': False, 'Async Capable': False, 'Startup Cost': 78877.37, 'Total Cost': 78878.54, 'Plan Rows': 10, 'Plan Width': 12, 'Plans': [{'Node Type': 'Gather Merge', 'Parent Relationship': 'Outer', 'Parallel Aware': False, 'Async Capable': False, 'Startup Cost': 78877.37, 'Total Cost': 90878.78, 'Plan Rows': 102862, 'Plan Width': 12, 'Workers Planned': 2, 'Plans': [{'Node Type': 'Sort', 'Parent Relationship': 'Outer', 'Parallel Aware': False, 'Async Capable': False, 'Startup Cost': 77877.35, 'Total Cost': 78005.93, 'Plan Rows': 51431, 'Plan Width': 12, 'Sort Key': [""((embedding <-> '[0,11,77,24,3,0,0,0,28,70,125,8,0,0,0,0,44,35,50,45,9,0,0,0,4,0,4,56,18,0,3,9,16,17,59,10,10,8,57,57,100,105,125,41,1,0,6,92,8,14,73,125,29,7,0,5,0,0,8,124,66,6,3,1,63,5,0,1,49,32,17,35,125,21,0,3,2,12,6,109,21,0,0,35,74,125,14,23,0,0,6,50,25,70,64,7,59,18,7,16,22,5,0,1,125,23,1,0,7,30,14,32,4,0,2,2,59,125,19,4,0,0,2,1,6,53,33,2]'::vector))"", 'id'], 'Plans': [{'Node Type': 'Seq Scan', 'Parent Relationship': 'Outer', 'Parallel Aware': True, 'Async Capable': False, 'Relation Name': 'sift1m_items', 'Alias': 'sift1m_items', 'Startup Cost': 0.0, 'Total Cost': 76765.94, 'Plan Rows': 51431, 'Plan Width': 12, 'Filter': ""(brand = 'Asus'::text)""}]}]}]}}], 'plan_index_names': [], 'plan_verification_status': 'verified', 'expected_index_name': None, 'wrong_ann_index_names': []}","{'index': 'exact-l2-sequential', 'index_name': None, 'session_settings': {'enable_indexscan': 'off'}}",16.14 (Debian 16.14-1.pgdg12+1),0.8.5,"{'query_id': 9, 'predicate': ""brand == 'Asus'"", 'top_k': 10, 'estimated_selectivity': 0.123434, 'target_recall': 0.95, 'selected_strategy': 'SQL_FIRST', 'predicted_latency_ms': 71.338875, 'candidate_strategies': ['SQL_FIRST'], 'rejected_strategies': ['VECTOR_FIRST_HNSW', 'HNSW_HYBRID', 'IVFFLAT_HYBRID'], 'rejection_reasons': {'VECTOR_FIRST_HNSW': 'Observed minimum recall 0.700 is below target 0.950.', 'HNSW_HYBRID': 'Observed minimum recall 0.900 is below target 0.950.', 'IVFFLAT_HYBRID': 'Observed minimum recall 0.400 is below target 0.950.'}, 'recall_feasibility': {'SQL_FIRST': 'reliably_feasible', 'VECTOR_FIRST_HNSW': 'not_reliably_feasible', 'HNSW_HYBRID': 'not_reliably_feasible', 'IVFFLAT_HYBRID': 'not_reliably_feasible'}, 'evidence': [{'strategy': 'SQL_FIRST', 'feasibility': 'reliably_feasible', 'predicted_latency_ms': 71.338875, 'eligible': True, 'reason': 'Exact SQL-first remains the recall-safe fallback.', 'bucket': '>0.10_to_0.25', 'observed_minimum_recall': 1.0, 'observed_fraction_meeting_target': 1.0}, {'strategy': 'VECTOR_FIRST_HNSW', 'feasibility': 'not_reliably_feasible', 'predicted_latency_ms': 128.900958, 'eligible': False, 'reason': 'Observed minimum recall 0.700 is below target 0.950.', 'bucket': '>0.10_to_0.25', 'observed_minimum_recall': 0.7, 'observed_fraction_meeting_target': 0.631578947368421}, {'strategy': 'HNSW_HYBRID', 'feasibility': 'not_reliably_feasible', 'predicted_latency_ms': 3.834291, 'eligible': False, 'reason': 'Observed minimum recall 0.900 is below target 0.950.', 'bucket': '>0.10_to_0.25', 'observed_minimum_recall': 0.9, 'observed_fraction_meeting_target': 0.6842105263157895}, {'strategy': 'IVFFLAT_HYBRID', 'feasibility': 'not_reliably_feasible', 'predicted_latency_ms': 54.889584, 'eligible': False, 'reason': 'Observed minimum recall 0.400 is below target 0.950.', 'bucket': '>0.10_to_0.25', 'observed_minimum_recall': 0.4, 'observed_fraction_meeting_target': 0.10526315789473684}], 'calibration_source': 'sdao/results/db_baseline_20260814Tfinal', 'calibration_model_version': 'empirical_db_calibration_v1', 'decision_reason': 'Selected SQL_FIRST: lowest predicted latency among eligible strategies (SQL_FIRST) in >0.10_to_0.25; Exact SQL-first remains the recall-safe fallback.'}",123434,0.966083,0.087625,104.477874,>0.10_to_0.25,HNSW_HYBRID,2.751709,48.778375000000004,HNSW_HYBRID,2.751709,48.778375000000004
10,brand == 'Lenovo',BRAND,SQL_FIRST,0.121634,0.125057,10,48.713916,63.639917,48.290708,1.0,"[297239, 433270, 689997, 930391, 169528, 366974, 941307, 827391, 947449, 291507]","[297239, 433270, 689997, 930391, 169528, 366974, 941307, 827391, 947449, 291507]",True,verified,,[],"{'plan': [{'Plan': {'Node Type': 'Limit', 'Parallel Aware': False, 'Async Capable': False, 'Startup Cost': 78859.29, 'Total Cost': 78860.46, 'Plan Rows': 10, 'Plan Width': 12, 'Plans': [{'Node Type': 'Gather Merge', 'Parent Relationship': 'Outer', 'Parallel Aware': False, 'Async Capable': False, 'Startup Cost': 78859.29, 'Total Cost': 90685.68, 'Plan Rows': 101362, 'Plan Width': 12, 'Workers Planned': 2, 'Plans': [{'Node Type': 'Sort', 'Parent Relationship': 'Outer', 'Parallel Aware': False, 'Async Capable': False, 'Startup Cost': 77859.27, 'Total Cost': 77985.97, 'Plan Rows': 50681, 'Plan Width': 12, 'Sort Key': [""((embedding <-> '[7,4,5,11,2,2,41,98,10,68,30,10,12,91,38,32,39,35,5,3,22,112,24,19,89,46,0,0,6,29,6,15,14,10,45,35,9,5,42,91,8,3,13,5,7,112,112,52,112,23,10,0,2,47,48,108,112,21,0,3,103,106,2,30,0,3,45,87,77,5,1,0,0,37,105,37,17,4,10,0,112,64,69,11,0,0,1,16,112,14,2,21,112,20,0,21,12,13,20,11,40,23,3,2,3,43,62,22,27,0,0,0,25,42,45,18,5,0,1,9,29,10,0,13,31,5,2,20]'::vector))"", 'id'], 'Plans': [{'Node Type': 'Seq Scan', 'Parent Relationship': 'Outer', 'Parallel Aware': True, 'Async Capable': False, 'Relation Name': 'sift1m_items', 'Alias': 'sift1m_items', 'Startup Cost': 0.0, 'Total Cost': 76764.07, 'Plan Rows': 50681, 'Plan Width': 12, 'Filter': ""(brand = 'Lenovo'::text)""}]}]}]}}], 'plan_index_names': [], 'plan_verification_status': 'verified', 'expected_index_name': None, 'wrong_ann_index_names': []}","{'index': 'exact-l2-sequential', 'index_name': None, 'session_settings': {'enable_indexscan': 'off'}}",16.14 (Debian 16.14-1.pgdg12+1),0.8.5,"{'query_id': 10, 'predicate': ""brand == 'Lenovo'"", 'top_k': 10, 'estimated_selectivity': 0.121634, 'target_recall': 0.95, 'selected_strategy': 'SQL_FIRST', 'predicted_latency_ms': 71.338875, 'candidate_strategies': ['SQL_FIRST'], 'rejected_strategies': ['VECTOR_FIRST_HNSW', 'HNSW_HYBRID', 'IVFFLAT_HYBRID'], 'rejection_reasons': {'VECTOR_FIRST_HNSW': 'Observed minimum recall 0.700 is below target 0.950.', 'HNSW_HYBRID': 'Observed minimum recall 0.900 is below target 0.950.', 'IVFFLAT_HYBRID': 'Observed minimum recall 0.400 is below target 0.950.'}, 'recall_feasibility': {'SQL_FIRST': 'reliably_feasible', 'VECTOR_FIRST_HNSW': 'not_reliably_feasible', 'HNSW_HYBRID': 'not_reliably_feasible', 'IVFFLAT_HYBRID': 'not_reliably_feasible'}, 'evidence': [{'strategy': 'SQL_FIRST', 'feasibility': 'reliably_feasible', 'predicted_latency_ms': 71.338875, 'eligible': True, 'reason': 'Exact SQL-first remains the recall-safe fallback.', 'bucket': '>0.10_to_0.25', 'observed_minimum_recall': 1.0, 'observed_fraction_meeting_target': 1.0}, {'strategy': 'VECTOR_FIRST_HNSW', 'feasibility': 'not_reliably_feasible', 'predicted_latency_ms': 128.900958, 'eligible': False, 'reason': 'Observed minimum recall 0.700 is below target 0.950.', 'bucket': '>0.10_to_0.25', 'observed_minimum_recall': 0.7, 'observed_fraction_meeting_target': 0.631578947368421}, {'strategy': 'HNSW_HYBRID', 'feasibility': 'not_reliably_feasible', 'predicted_latency_ms': 3.834291, 'eligible': False, 'reason': 'Observed minimum recall 0.900 is below target 0.950.', 'bucket': '>0.10_to_0.25', 'observed_minimum_recall': 0.9, 'observed_fraction_meeting_target': 0.6842105263157895}, {'strategy': 'IVFFLAT_HYBRID', 'feasibility': 'not_reliably_feasible', 'predicted_latency_ms': 54.889584, 'eligible': False, 'reason': 'Observed minimum recall 0.400 is below target 0.950.', 'bucket': '>0.10_to_0.25', 'observed_minimum_recall': 0.4, 'observed_fraction_meeting_target': 0.10526315789473684}], 'calibration_source': 'sdao/results/db_baseline_20260814Tfinal', 'calibration_model_version': 'empirical_db_calibration_v1', 'decision_reason': 'Selected SQL_FIRST: lowest predicted latency among eligible strategies (SQL_FIRST) in >0.10_to_0.25; Exact SQL-first remains the recall-safe fallback.'}",121634,1.120583,0.094792,64.85529199999999,>0.10_to_0.25,HNSW_HYBRID,2.724291,45.989625,HNSW_HYBRID,2.724291,45.989625
11,brand == 'HP',BRAND,SQL_FIRST,0.124001,0.124562,10,48.076375,62.5095,48.152209,1.0,"[762035, 923824, 814743, 257002, 806212, 390146, 130733, 69850, 852385, 413147]","[762035, 923824, 814743, 257002, 806212, 390146, 130733, 69850, 852385, 413147]",True,verified,,[],"{'plan': [{'Plan': {'Node Type': 'Limit', 'Parallel Aware': False, 'Async Capable': False, 'Startup Cost': 78883.06, 'Total Cost': 78884.23, 'Plan Rows': 10, 'Plan Width': 12, 'Plans': [{'Node Type': 'Gather Merge', 'Parent Relationship': 'Outer', 'Parallel Aware': False, 'Async Capable': False, 'Startup Cost': 78883.06, 'Total Cost': 90939.54, 'Plan Rows': 103334, 'Plan Width': 12, 'Workers Planned': 2, 'Plans': [{'Node Type': 'Sort', 'Parent Relationship': 'Outer', 'Parallel Aware': False, 'Async Capable': False, 'Startup Cost': 77883.04, 'Total Cost': 78012.2, 'Plan Rows': 51667, 'Plan Width': 12, 'Sort Key': [""((embedding <-> '[50,43,9,1,0,1,10,33,19,40,118,23,0,11,65,16,17,54,112,23,6,4,23,16,1,6,41,52,14,4,0,1,118,42,4,0,1,0,0,39,118,50,112,16,1,3,10,29,1,16,93,53,76,15,15,1,3,2,8,21,106,27,3,12,118,22,0,0,0,0,1,79,118,10,3,6,7,30,84,113,2,0,1,12,54,62,118,25,3,0,0,17,110,29,27,17,49,8,1,0,0,0,1,34,81,12,6,10,18,29,83,76,25,2,2,12,61,58,77,26,38,12,0,17,13,1,9,20]'::vector))"", 'id'], 'Plans': [{'Node Type': 'Seq Scan', 'Parent Relationship': 'Outer', 'Parallel Aware': True, 'Async Capable': False, 'Relation Name': 'sift1m_items', 'Alias': 'sift1m_items', 'Startup Cost': 0.0, 'Total Cost': 76766.53, 'Plan Rows': 51667, 'Plan Width': 12, 'Filter': ""(brand = 'HP'::text)""}]}]}]}}], 'plan_index_names': [], 'plan_verification_status': 'verified', 'expected_index_name': None, 'wrong_ann_index_names': []}","{'index': 'exact-l2-sequential', 'index_name': None, 'session_settings': {'enable_indexscan': 'off'}}",16.14 (Debian 16.14-1.pgdg12+1),0.8.5,"{'query_id': 11, 'predicate': ""brand == 'HP'"", 'top_k': 10, 'estimated_selectivity': 0.124001, 'target_recall': 0.95, 'selected_strategy': 'SQL_FIRST', 'predicted_latency_ms': 71.338875, 'candidate_strategies': ['SQL_FIRST'], 'rejected_strategies': ['VECTOR_FIRST_HNSW', 'HNSW_HYBRID', 'IVFFLAT_HYBRID'], 'rejection_reasons': {'VECTOR_FIRST_HNSW': 'Observed minimum recall 0.700 is below target 0.950.', 'HNSW_HYBRID': 'Observed minimum recall 0.900 is below target 0.950.', 'IVFFLAT_HYBRID': 'Observed minimum recall 0.400 is below target 0.950.'}, 'recall_feasibility': {'SQL_FIRST': 'reliably_feasible', 'VECTOR_FIRST_HNSW': 'not_reliably_feasible', 'HNSW_HYBRID': 'not_reliably_feasible', 'IVFFLAT_HYBRID': 'not_reliably_feasible'}, 'evidence': [{'strategy': 'SQL_FIRST', 'feasibility': 'reliably_feasible', 'predicted_latency_ms': 71.338875, 'eligible': True, 'reason': 'Exact SQL-first remains the recall-safe fallback.', 'bucket': '>0.10_to_0.25', 'observed_minimum_recall': 1.0, 'observed_fraction_meeting_target': 1.0}, {'strategy': 'VECTOR_FIRST_HNSW', 'feasibility': 'not_reliably_feasible', 'predicted_latency_ms': 128.900958, 'eligible': False, 'reason': 'Observed minimum recall 0.700 is below target 0.950.', 'bucket': '>0.10_to_0.25', 'observed_minimum_recall': 0.7, 'observed_fraction_meeting_target': 0.631578947368421}, {'strategy': 'HNSW_HYBRID', 'feasibility': 'not_reliably_feasible', 'predicted_latency_ms': 3.834291, 'eligible': False, 'reason': 'Observed minimum recall 0.900 is below target 0.950.', 'bucket': '>0.10_to_0.25', 'observed_minimum_recall': 0.9, 'observed_fraction_meeting_target': 0.6842105263157895}, {'strategy': 'IVFFLAT_HYBRID', 'feasibility': 'not_reliably_feasible', 'predicted_latency_ms': 54.889584, 'eligible': False, 'reason': 'Observed minimum recall 0.400 is below target 0.950.', 'bucket': '>0.10_to_0.25', 'observed_minimum_recall': 0.4, 'observed_fraction_meeting_target': 0.10526315789473684}], 'calibration_source': 'sdao/results/db_baseline_20260814Tfinal', 'calibration_model_version': 'empirical_db_calibration_v1', 'decision_reason': 'Selected SQL_FIRST: lowest predicted latency among eligible strategies (SQL_FIRST) in >0.10_to_0.25; Exact SQL-first remains the recall-safe fallback.'}",124001,0.969083,0.094292,63.572875,>0.10_to_0.25,SQL_FIRST,48.271583,-0.19520800000000094,HNSW_HYBRID,2.423166,45.653209
12,brand == 'Sony',BRAND,SQL_FIRST,0.126534,0.125233,10,49.052333,64.2025,57.978667,1.0,"[390776, 564042, 224306, 216184, 756088, 932968, 957511, 855040, 853890, 842692]","[390776, 564042, 224306, 216184, 756088, 932968, 957511, 855040, 853890, 842692]",True,verified,,[],"{'plan': [{'Plan': {'Node Type': 'Limit', 'Parallel Aware': False, 'Async Capable': False, 'Startup Cost': 78908.5, 'Total Cost': 78909.66, 'Plan Rows': 10, 'Plan Width': 12, 'Plans': [{'Node Type': 'Gather Merge', 'Parent Relationship': 'Outer', 'Parallel Aware': False, 'Async Capable': False, 'Startup Cost': 78908.5, 'Total Cost': 91211.16, 'Plan Rows': 105444, 'Plan Width': 12, 'Workers Planned': 2, 'Plans': [{'Node Type': 'Sort', 'Parent Relationship': 'Outer', 'Parallel Aware': False, 'Async Capable': False, 'Startup Cost': 77908.47, 'Total Cost': 78040.28, 'Plan Rows': 52722, 'Plan Width': 12, 'Sort Key': [""((embedding <-> '[1,1,6,4,46,103,10,4,40,21,7,0,2,17,64,73,68,21,0,0,0,18,118,64,58,8,0,5,12,18,17,48,0,5,38,41,68,43,2,0,8,12,38,6,23,118,66,19,118,22,5,0,0,10,75,118,81,12,1,2,14,29,27,46,2,13,49,53,103,43,2,0,2,76,118,25,48,85,7,1,81,118,118,5,0,2,7,38,57,80,10,2,4,2,4,28,23,20,45,16,21,5,9,11,2,28,118,31,1,3,9,1,2,81,83,9,9,18,16,4,8,26,10,1,5,8,15,9]'::vector))"", 'id'], 'Plans': [{'Node Type': 'Seq Scan', 'Parent Relationship': 'Outer', 'Parallel Aware': True, 'Async Capable': False, 'Relation Name': 'sift1m_items', 'Alias': 'sift1m_items', 'Startup Cost': 0.0, 'Total Cost': 76769.17, 'Plan Rows': 52722, 'Plan Width': 12, 'Filter': ""(brand = 'Sony'::text)""}]}]}]}}], 'plan_index_names': [], 'plan_verification_status': 'verified', 'expected_index_name': None, 'wrong_ann_index_names': []}","{'index': 'exact-l2-sequential', 'index_name': None, 'session_settings': {'enable_indexscan': 'off'}}",16.14 (Debian 16.14-1.pgdg12+1),0.8.5,"{'query_id': 12, 'predicate': ""brand == 'Sony'"", 'top_k': 10, 'estimated_selectivity': 0.126534, 'target_recall': 0.95, 'selected_strategy': 'SQL_FIRST', 'predicted_latency_ms': 71.338875, 'candidate_strategies': ['SQL_FIRST'], 'rejected_strategies': ['VECTOR_FIRST_HNSW', 'HNSW_HYBRID', 'IVFFLAT_HYBRID'], 'rejection_reasons': {'VECTOR_FIRST_HNSW': 'Observed minimum recall 0.700 is below target 0.950.', 'HNSW_HYBRID': 'Observed minimum recall 0.900 is below target 0.950.', 'IVFFLAT_HYBRID': 'Observed minimum recall 0.400 is below target 0.950.'}, 'recall_feasibility': {'SQL_FIRST': 'reliably_feasible', 'VECTOR_FIRST_HNSW': 'not_reliably_feasible', 'HNSW_HYBRID': 'not_reliably_feasible', 'IVFFLAT_HYBRID': 'not_reliably_feasible'}, 'evidence': [{'strategy': 'SQL_FIRST', 'feasibility': 'reliably_feasible', 'predicted_latency_ms': 71.338875, 'eligible': True, 'reason': 'Exact SQL-first remains the recall-safe fallback.', 'bucket': '>0.10_to_0.25', 'observed_minimum_recall': 1.0, 'observed_fraction_meeting_target': 1.0}, {'strategy': 'VECTOR_FIRST_HNSW', 'feasibility': 'not_reliably_feasible', 'predicted_latency_ms': 128.900958, 'eligible': False, 'reason': 'Observed minimum recall 0.700 is below target 0.950.', 'bucket': '>0.10_to_0.25', 'observed_minimum_recall': 0.7, 'observed_fraction_meeting_target': 0.631578947368421}, {'strategy': 'HNSW_HYBRID', 'feasibility': 'not_reliably_feasible', 'predicted_latency_ms': 3.834291, 'eligible': False, 'reason': 'Observed minimum recall 0.900 is below target 0.950.', 'bucket': '>0.10_to_0.25', 'observed_minimum_recall': 0.9, 'observed_fraction_meeting_target': 0.6842105263157895}, {'strategy': 'IVFFLAT_HYBRID', 'feasibility': 'not_reliably_feasible', 'predicted_latency_ms': 54.889584, 'eligible': False, 'reason': 'Observed minimum recall 0.400 is below target 0.950.', 'bucket': '>0.10_to_0.25', 'observed_minimum_recall': 0.4, 'observed_fraction_meeting_target': 0.10526315789473684}], 'calibration_source': 'sdao/results/db_baseline_20260814Tfinal', 'calibration_model_version': 'empirical_db_calibration_v1', 'decision_reason': 'Selected SQL_FIRST: lowest predicted latency among eligible strategies (SQL_FIRST) in >0.10_to_0.25; Exact SQL-first remains the recall-safe fallback.'}",126534,1.086125,0.093209,65.381834,>0.10_to_0.25,SQL_FIRST,49.203334,-0.15100100000000083,HNSW_HYBRID,2.786917,46.265415999999995
13,brand == 'LG',BRAND,SQL_FIRST,0.126801,0.124969,10,51.265459,65.748416,51.767333,1.0,"[596084, 582149, 481526, 170030, 942769, 942665, 376097, 15015, 918545, 265106]","[596084, 582149, 481526, 170030, 942769, 942665, 376097, 15015, 918545, 265106]",True,verified,,[],"{'plan': [{'Plan': {'Node Type': 'Limit', 'Parallel Aware': False, 'Async Capable': False, 'Startup Cost': 78911.2, 'Total Cost': 78912.36, 'Plan Rows': 10, 'Plan Width': 12, 'Plans': [{'Node Type': 'Gather Merge', 'Parent Relationship': 'Outer', 'Parallel Aware': False, 'Async Capable': False, 'Startup Cost': 78911.2, 'Total Cost': 91239.99, 'Plan Rows': 105668, 'Plan Width': 12, 'Workers Planned': 2, 'Plans': [{'Node Type': 'Sort', 'Parent Relationship': 'Outer', 'Parallel Aware': False, 'Async Capable': False, 'Startup Cost': 77911.17, 'Total Cost': 78043.26, 'Plan Rows': 52834, 'Plan Width': 12, 'Sort Key': [""((embedding <-> '[9,1,0,2,39,29,11,15,12,3,0,1,21,79,85,31,17,21,9,23,26,20,17,35,2,0,0,16,20,0,25,29,32,0,0,6,78,50,9,30,8,3,6,23,109,108,88,37,116,19,4,18,17,6,38,116,15,2,0,55,69,0,7,14,90,23,9,27,38,8,6,60,10,21,115,116,69,5,1,2,116,116,70,17,1,0,0,9,23,20,27,77,24,0,0,0,31,71,81,18,0,0,0,1,5,35,116,68,0,0,0,0,7,116,116,18,1,0,1,0,1,40,54,54,17,0,0,0]'::vector))"", 'id'], 'Plans': [{'Node Type': 'Seq Scan', 'Parent Relationship': 'Outer', 'Parallel Aware': True, 'Async Capable': False, 'Relation Name': 'sift1m_items', 'Alias': 'sift1m_items', 'Startup Cost': 0.0, 'Total Cost': 76769.45, 'Plan Rows': 52834, 'Plan Width': 12, 'Filter': ""(brand = 'LG'::text)""}]}]}]}}], 'plan_index_names': [], 'plan_verification_status': 'verified', 'expected_index_name': None, 'wrong_ann_index_names': []}","{'index': 'exact-l2-sequential', 'index_name': None, 'session_settings': {'enable_indexscan': 'off'}}",16.14 (Debian 16.14-1.pgdg12+1),0.8.5,"{'query_id': 13, 'predicate': ""brand == 'LG'"", 'top_k': 10, 'estimated_selectivity': 0.126801, 'target_recall': 0.95, 'selected_strategy': 'SQL_FIRST', 'predicted_latency_ms': 71.338875, 'candidate_strategies': ['SQL_FIRST'], 'rejected_strategies': ['VECTOR_FIRST_HNSW', 'HNSW_HYBRID', 'IVFFLAT_HYBRID'], 'rejection_reasons': {'VECTOR_FIRST_HNSW': 'Observed minimum recall 0.700 is below target 0.950.', 'HNSW_HYBRID': 'Observed minimum recall 0.900 is below target 0.950.', 'IVFFLAT_HYBRID': 'Observed minimum recall 0.400 is below target 0.950.'}, 'recall_feasibility': {'SQL_FIRST': 'reliably_feasible', 'VECTOR_FIRST_HNSW': 'not_reliably_feasible', 'HNSW_HYBRID': 'not_reliably_feasible', 'IVFFLAT_HYBRID': 'not_reliably_feasible'}, 'evidence': [{'strategy': 'SQL_FIRST', 'feasibility': 'reliably_feasible', 'predicted_latency_ms': 71.338875, 'eligible': True, 'reason': 'Exact SQL-first remains the recall-safe fallback.', 'bucket': '>0.10_to_0.25', 'observed_minimum_recall': 1.0, 'observed_fraction_meeting_target': 1.0}, {'strategy': 'VECTOR_FIRST_HNSW', 'feasibility': 'not_reliably_feasible', 'predicted_latency_ms': 128.900958, 'eligible': False, 'reason': 'Observed minimum recall 0.700 is below target 0.950.', 'bucket': '>0.10_to_0.25', 'observed_minimum_recall': 0.7, 'observed_fraction_meeting_target': 0.631578947368421}, {'strategy': 'HNSW_HYBRID', 'feasibility': 'not_reliably_feasible', 'predicted_latency_ms': 3.834291, 'eligible': False, 'reason': 'Observed minimum recall 0.900 is below target 0.950.', 'bucket': '>0.10_to_0.25', 'observed_minimum_recall': 0.9, 'observed_fraction_meeting_target': 0.6842105263157895}, {'strategy': 'IVFFLAT_HYBRID', 'feasibility': 'not_reliably_feasible', 'predicted_latency_ms': 54.889584, 'eligible': False, 'reason': 'Observed minimum recall 0.400 is below target 0.950.', 'bucket': '>0.10_to_0.25', 'observed_minimum_recall': 0.4, 'observed_fraction_meeting_target': 0.10526315789473684}], 'calibration_source': 'sdao/results/db_baseline_20260814Tfinal', 'calibration_model_version': 'empirical_db_calibration_v1', 'decision_reason': 'Selected SQL_FIRST: lowest predicted latency among eligible strategies (SQL_FIRST) in >0.10_to_0.25; Exact SQL-first remains the recall-safe fallback.'}",126801,1.201084,0.091834,67.041334,>0.10_to_0.25,HNSW_HYBRID,3.294709,47.97075,HNSW_HYBRID,3.294709,47.97075
14,brand == 'Samsung',BRAND,SQL_FIRST,0.125234,0.125146,10,51.768834,67.318084,48.1735,1.0,"[565920, 528271, 649785, 983167, 155663, 289330, 860104, 452493, 501457, 551817]","[565920, 528271, 649785, 983167, 155663, 289330, 860104, 452493, 501457, 551817]",True,verified,,[],"{'plan': [{'Plan': {'Node Type': 'Limit', 'Parallel Aware': False, 'Async Capable': False, 'Startup Cost': 78895.45, 'Total Cost': 78896.62, 'Plan Rows': 10, 'Plan Width': 12, 'Plans': [{'Node Type': 'Gather Merge', 'Parent Relationship': 'Outer', 'Parallel Aware': False, 'Async Capable': False, 'Startup Cost': 78895.45, 'Total Cost': 91071.87, 'Plan Rows': 104362, 'Plan Width': 12, 'Workers Planned': 2, 'Plans': [{'Node Type': 'Sort', 'Parent Relationship': 'Outer', 'Parallel Aware': False, 'Async Capable': False, 'Startup Cost': 77895.43, 'Total Cost': 78025.88, 'Plan Rows': 52181, 'Plan Width': 12, 'Sort Key': [""((embedding <-> '[12,6,1,14,57,18,7,13,120,19,0,10,47,7,5,25,62,15,20,30,32,12,0,14,9,33,10,8,24,21,0,1,33,55,33,38,41,53,25,9,118,120,37,32,37,13,9,18,69,27,13,7,31,41,7,8,11,8,6,8,63,61,7,3,93,10,2,0,12,120,69,65,120,29,4,0,6,23,120,120,16,6,2,0,10,120,120,46,25,19,13,6,29,40,64,72,39,2,1,0,6,37,4,36,63,27,10,2,0,16,73,73,16,28,51,32,10,67,60,17,86,18,4,1,5,4,8,58]'::vector))"", 'id'], 'Plans': [{'Node Type': 'Seq Scan', 'Parent Relationship': 'Outer', 'Parallel Aware': True, 'Async Capable': False, 'Relation Name': 'sift1m_items', 'Alias': 'sift1m_items', 'Startup Cost': 0.0, 'Total Cost': 76767.82, 'Plan Rows': 52181, 'Plan Width': 12, 'Filter': ""(brand = 'Samsung'::text)""}]}]}]}}], 'plan_index_names': [], 'plan_verification_status': 'verified', 'expected_index_name': None, 'wrong_ann_index_names': []}","{'index': 'exact-l2-sequential', 'index_name': None, 'session_settings': {'enable_indexscan': 'off'}}",16.14 (Debian 16.14-1.pgdg12+1),0.8.5,"{'query_id': 14, 'predicate': ""brand == 'Samsung'"", 'top_k': 10, 'estimated_selectivity': 0.125234, 'target_recall': 0.95, 'selected_strategy': 'SQL_FIRST', 'predicted_latency_ms': 71.338875, 'candidate_strategies': ['SQL_FIRST'], 'rejected_strategies': ['VECTOR_FIRST_HNSW', 'HNSW_HYBRID', 'IVFFLAT_HYBRID'], 'rejection_reasons': {'VECTOR_FIRST_HNSW': 'Observed minimum recall 0.700 is below target 0.950.', 'HNSW_HYBRID': 'Observed minimum recall 0.900 is below target 0.950.', 'IVFFLAT_HYBRID': 'Observed minimum recall 0.400 is below target 0.950.'}, 'recall_feasibility': {'SQL_FIRST': 'reliably_feasible', 'VECTOR_FIRST_HNSW': 'not_reliably_feasible', 'HNSW_HYBRID': 'not_reliably_feasible', 'IVFFLAT_HYBRID': 'not_reliably_feasible'}, 'evidence': [{'strategy': 'SQL_FIRST', 'feasibility': 'reliably_feasible', 'predicted_latency_ms': 71.338875, 'eligible': True, 'reason': 'Exact SQL-first remains the recall-safe fallback.', 'bucket': '>0.10_to_0.25', 'observed_minimum_recall': 1.0, 'observed_fraction_meeting_target': 1.0}, {'strategy': 'VECTOR_FIRST_HNSW', 'feasibility': 'not_reliably_feasible', 'predicted_latency_ms': 128.900958, 'eligible': False, 'reason': 'Observed minimum recall 0.700 is below target 0.950.', 'bucket': '>0.10_to_0.25', 'observed_minimum_recall': 0.7, 'observed_fraction_meeting_target': 0.631578947368421}, {'strategy': 'HNSW_HYBRID', 'feasibility': 'not_reliably_feasible', 'predicted_latency_ms': 3.834291, 'eligible': False, 'reason': 'Observed minimum recall 0.900 is below target 0.950.', 'bucket': '>0.10_to_0.25', 'observed_minimum_recall': 0.9, 'observed_fraction_meeting_target': 0.6842105263157895}, {'strategy': 'IVFFLAT_HYBRID', 'feasibility': 'not_reliably_feasible', 'predicted_latency_ms': 54.889584, 'eligible': False, 'reason': 'Observed minimum recall 0.400 is below target 0.950.', 'bucket': '>0.10_to_0.25', 'observed_minimum_recall': 0.4, 'observed_fraction_meeting_target': 0.10526315789473684}], 'calibration_source': 'sdao/results/db_baseline_20260814Tfinal', 'calibration_model_version': 'empirical_db_calibration_v1', 'decision_reason': 'Selected SQL_FIRST: lowest predicted latency among eligible strategies (SQL_FIRST) in >0.10_to_0.25; Exact SQL-first remains the recall-safe fallback.'}",125234,1.091666,0.091208,68.500958,>0.10_to_0.25,SQL_FIRST,51.396833,0.37200099999999736,HNSW_HYBRID,2.591041,49.177793
15,brand == 'Dell',BRAND,SQL_FIRST,0.127067,0.124809,10,50.075708,65.029042,51.561042,1.0,"[918194, 961400, 261934, 57481, 781626, 255150, 946854, 124232, 337440, 674773]","[918194, 961400, 261934, 57481, 781626, 255150, 946854, 124232, 337440, 674773]",True,verified,,[],"{'plan': [{'Plan': {'Node Type': 'Limit', 'Parallel Aware': False, 'Async Capable': False, 'Startup Cost': 78913.87, 'Total Cost': 78915.04, 'Plan Rows': 10, 'Plan Width': 12, 'Plans': [{'Node Type': 'Gather Merge', 'Parent Relationship': 'Outer', 'Parallel Aware': False, 'Async Capable': False, 'Startup Cost': 78913.87, 'Total Cost': 91268.57, 'Plan Rows': 105890, 'Plan Width': 12, 'Workers Planned': 2, 'Plans': [{'Node Type': 'Sort', 'Parent Relationship': 'Outer', 'Parallel Aware': False, 'Async Capable': False, 'Startup Cost': 77913.85, 'Total Cost': 78046.21, 'Plan Rows': 52945, 'Plan Width': 12, 'Sort Key': [""((embedding <-> '[15,17,36,40,0,0,4,11,14,116,65,6,4,3,8,9,57,45,89,47,1,0,2,25,25,0,2,18,39,57,8,30,61,78,51,37,2,0,3,24,48,116,116,17,0,0,0,1,4,27,116,116,24,0,1,1,0,4,24,116,93,22,5,3,116,46,6,11,12,10,10,73,114,39,24,10,5,20,58,71,0,9,30,55,27,50,74,1,0,16,42,116,61,18,4,0,40,20,2,0,0,5,6,54,99,15,4,8,5,4,12,107,13,77,49,13,5,8,19,5,5,37,41,47,8,6,15,7]'::vector))"", 'id'], 'Plans': [{'Node Type': 'Seq Scan', 'Parent Relationship': 'Outer', 'Parallel Aware': True, 'Async Capable': False, 'Relation Name': 'sift1m_items', 'Alias': 'sift1m_items', 'Startup Cost': 0.0, 'Total Cost': 76769.73, 'Plan Rows': 52945, 'Plan Width': 12, 'Filter': ""(brand = 'Dell'::text)""}]}]}]}}], 'plan_index_names': [], 'plan_verification_status': 'verified', 'expected_index_name': None, 'wrong_ann_index_names': []}","{'index': 'exact-l2-sequential', 'index_name': None, 'session_settings': {'enable_indexscan': 'off'}}",16.14 (Debian 16.14-1.pgdg12+1),0.8.5,"{'query_id': 15, 'predicate': ""brand == 'Dell'"", 'top_k': 10, 'estimated_selectivity': 0.127067, 'target_recall': 0.95, 'selected_strategy': 'SQL_FIRST', 'predicted_latency_ms': 71.338875, 'candidate_strategies': ['SQL_FIRST'], 'rejected_strategies': ['VECTOR_FIRST_HNSW', 'HNSW_HYBRID', 'IVFFLAT_HYBRID'], 'rejection_reasons': {'VECTOR_FIRST_HNSW': 'Observed minimum recall 0.700 is below target 0.950.', 'HNSW_HYBRID': 'Observed minimum recall 0.900 is below target 0.950.', 'IVFFLAT_HYBRID': 'Observed minimum recall 0.400 is below target 0.950.'}, 'recall_feasibility': {'SQL_FIRST': 'reliably_feasible', 'VECTOR_FIRST_HNSW': 'not_reliably_feasible', 'HNSW_HYBRID': 'not_reliably_feasible', 'IVFFLAT_HYBRID': 'not_reliably_feasible'}, 'evidence': [{'strategy': 'SQL_FIRST', 'feasibility': 'reliably_feasible', 'predicted_latency_ms': 71.338875, 'eligible': True, 'reason': 'Exact SQL-first remains the recall-safe fallback.', 'bucket': '>0.10_to_0.25', 'observed_minimum_recall': 1.0, 'observed_fraction_meeting_target': 1.0}, {'strategy': 'VECTOR_FIRST_HNSW', 'feasibility': 'not_reliably_feasible', 'predicted_latency_ms': 128.900958, 'eligible': False, 'reason': 'Observed minimum recall 0.700 is below target 0.950.', 'bucket': '>0.10_to_0.25', 'observed_minimum_recall': 0.7, 'observed_fraction_meeting_target': 0.631578947368421}, {'strategy': 'HNSW_HYBRID', 'feasibility': 'not_reliably_feasible', 'predicted_latency_ms': 3.834291, 'eligible': False, 'reason': 'Observed minimum recall 0.900 is below target 0.950.', 'bucket': '>0.10_to_0.25', 'observed_minimum_recall': 0.9, 'observed_fraction_meeting_target': 0.6842105263157895}, {'strategy': 'IVFFLAT_HYBRID', 'feasibility': 'not_reliably_feasible', 'predicted_latency_ms': 54.889584, 'eligible': False, 'reason': 'Observed minimum recall 0.400 is below target 0.950.', 'bucket': '>0.10_to_0.25', 'observed_minimum_recall': 0.4, 'observed_fraction_meeting_target': 0.10526315789473684}], 'calibration_source': 'sdao/results/db_baseline_20260814Tfinal', 'calibration_model_version': 'empirical_db_calibration_v1', 'decision_reason': 'Selected SQL_FIRST: lowest predicted latency among eligible strategies (SQL_FIRST) in >0.10_to_0.25; Exact SQL-first remains the recall-safe fallback.'}",127067,0.8835,0.087459,66.000001,>0.10_to_0.25,HNSW_HYBRID,17.216667,32.859041,HNSW_HYBRID,17.216667,32.859041
16,price < 200,PRICE,SQL_FIRST,0.074157,0.076848,10,216.18075,225.263667,160.103375,1.0,"[684893, 223703, 967417, 392160, 925011, 869205, 349167, 929950, 682947, 725090]","[684893, 223703, 967417, 392160, 925011, 869205, 349167, 929950, 682947, 725090]",True,verified,,['sift1m_items_price_idx'],"{'plan': [{'Plan': {'Node Type': 'Limit', 'Parallel Aware': False, 'Async Capable': False, 'Startup Cost': 77750.87, 'Total Cost': 77750.9, 'Plan Rows': 10, 'Plan Width': 12, 'Plans': [{'Node Type': 'Sort', 'Parent Relationship': 'Outer', 'Parallel Aware': False, 'Async Capable': False, 'Startup Cost': 77750.87, 'Total Cost': 77936.26, 'Plan Rows': 74157, 'Plan Width': 12, 'Sort Key': [""((embedding <-> '[18,38,20,5,14,8,15,7,24,26,5,1,6,49,81,30,41,12,4,3,2,40,83,24,62,38,5,8,3,3,11,19,0,11,19,40,39,110,19,4,20,26,18,14,26,117,84,26,117,49,3,0,0,28,103,90,117,76,12,11,4,29,22,109,2,13,26,39,56,95,20,3,10,65,117,37,11,46,4,1,73,50,78,46,7,0,4,46,117,9,15,7,8,27,15,108,16,25,20,18,10,8,1,8,12,42,101,14,3,4,26,12,23,42,105,61,7,6,12,11,36,19,48,18,9,11,4,11]'::vector))"", 'id'], 'Plans': [{'Node Type': 'Bitmap Heap Scan', 'Parent Relationship': 'Outer', 'Parallel Aware': False, 'Async Capable': False, 'Relation Name': 'sift1m_items', 'Alias': 'sift1m_items', 'Startup Cost': 839.14, 'Total Cost': 76148.37, 'Plan Rows': 74157, 'Plan Width': 12, 'Recheck Cond': ""(price < '200'::smallint)"", 'Plans': [{'Node Type': 'Bitmap Index Scan', 'Parent Relationship': 'Outer', 'Parallel Aware': False, 'Async Capable': False, 'Index Name': 'sift1m_items_price_idx', 'Startup Cost': 0.0, 'Total Cost': 820.6, 'Plan Rows': 74157, 'Plan Width': 0, 'Index Cond': ""(price < '200'::smallint)""}]}]}]}}], 'plan_index_names': ['sift1m_items_price_idx'], 'plan_verification_status': 'verified', 'expected_index_name': None, 'wrong_ann_index_names': []}","{'index': 'exact-l2-sequential', 'index_name': None, 'session_settings': {'enable_indexscan': 'off'}}",16.14 (Debian 16.14-1.pgdg12+1),0.8.5,"{'query_id': 16, 'predicate': 'price < 200', 'top_k': 10, 'estimated_selectivity': 0.074157, 'target_recall': 0.95, 'selected_strategy': 'SQL_FIRST', 'predicted_latency_ms': 330.761417, 'candidate_strategies': ['SQL_FIRST'], 'rejected_strategies': ['VECTOR_FIRST_HNSW', 'HNSW_HYBRID', 'IVFFLAT_HYBRID'], 'rejection_reasons': {'VECTOR_FIRST_HNSW': 'Observed minimum recall 0.400 is below target 0.950.', 'HNSW_HYBRID': 'Observed minimum recall 0.900 is below target 0.950.', 'IVFFLAT_HYBRID': 'Observed minimum recall 0.600 is below target 0.950.'}, 'recall_feasibility': {'SQL_FIRST': 'reliably_feasible', 'VECTOR_FIRST_HNSW': 'not_reliably_feasible', 'HNSW_HYBRID': 'not_reliably_feasible', 'IVFFLAT_HYBRID': 'not_reliably_feasible'}, 'evidence': [{'strategy': 'SQL_FIRST', 'feasibility': 'reliably_feasible', 'predicted_latency_ms': 330.761417, 'eligible': True, 'reason': 'Exact SQL-first remains the recall-safe fallback.', 'bucket': '>0.05_to_0.10', 'observed_minimum_recall': 1.0, 'observed_fraction_meeting_target': 1.0}, {'strategy': 'VECTOR_FIRST_HNSW', 'feasibility': 'not_reliably_feasible', 'predicted_latency_ms': 110.51025, 'eligible': False, 'reason': 'Observed minimum recall 0.400 is below target 0.950.', 'bucket': '>0.05_to_0.10', 'observed_minimum_recall': 0.4, 'observed_fraction_meeting_target': 0.0}, {'strategy': 'HNSW_HYBRID', 'feasibility': 'not_reliably_feasible', 'predicted_latency_ms': 175.575292, 'eligible': False, 'reason': 'Observed minimum recall 0.900 is below target 0.950.', 'bucket': '>0.05_to_0.10', 'observed_minimum_recall': 0.9, 'observed_fraction_meeting_target': 0.3333333333333333}, {'strategy': 'IVFFLAT_HYBRID', 'feasibility': 'not_reliably_feasible', 'predicted_latency_ms': 27.591875, 'eligible': False, 'reason': 'Observed minimum recall 0.600 is below target 0.950.', 'bucket': '>0.05_to_0.10', 'observed_minimum_recall': 0.6, 'observed_fraction_meeting_target': 0.0}], 'calibration_source': 'sdao/results/db_baseline_20260814Tfinal', 'calibration_model_version': 'empirical_db_calibration_v1', 'decision_reason': 'Selected SQL_FIRST: lowest predicted latency among eligible strategies (SQL_FIRST) in >0.05_to_0.10; Exact SQL-first remains the recall-safe fallback.'}",74157,1.188292,0.084042,226.536001,>0.05_to_0.10,SQL_FIRST,169.830334,46.350415999999996,IVFFLAT_HYBRID,18.303625,197.87712499999998
17,price < 500,PRICE,SQL_FIRST,0.225585,0.230466,10,56.627041,78.557291,57.6155,1.0,"[394163, 117181, 268236, 874263, 17874, 104866, 200755, 265033, 394280, 58507]","[394163, 117181, 268236, 874263, 17874, 104866, 200755, 265033, 394280, 58507]",True,verified,,[],"{'plan': [{'Plan': {'Node Type': 'Limit', 'Parallel Aware': False, 'Async Capable': False, 'Startup Cost': 79903.55, 'Total Cost': 79904.72, 'Plan Rows': 10, 'Plan Width': 12, 'Plans': [{'Node Type': 'Gather Merge', 'Parent Relationship': 'Outer', 'Parallel Aware': False, 'Async Capable': False, 'Startup Cost': 79903.55, 'Total Cost': 101837.01, 'Plan Rows': 187988, 'Plan Width': 12, 'Workers Planned': 2, 'Plans': [{'Node Type': 'Sort', 'Parent Relationship': 'Outer', 'Parallel Aware': False, 'Async Capable': False, 'Startup Cost': 78903.53, 'Total Cost': 79138.51, 'Plan Rows': 93994, 'Plan Width': 12, 'Sort Key': [""((embedding <-> '[1,21,20,28,21,24,25,6,2,54,40,2,18,119,64,10,8,13,13,6,4,32,119,119,8,14,8,1,0,38,77,28,1,2,0,8,29,103,96,37,1,3,13,22,34,119,91,11,71,23,12,3,7,39,65,119,110,45,11,9,13,30,64,46,11,7,25,46,42,15,21,44,8,16,70,115,43,14,4,6,70,119,48,15,5,2,5,12,119,34,10,29,13,6,12,31,2,20,76,44,5,1,0,0,4,35,65,105,24,2,1,0,11,55,30,23,25,10,5,2,37,2,0,1,10,6,12,13]'::vector))"", 'id'], 'Plans': [{'Node Type': 'Seq Scan', 'Parent Relationship': 'Outer', 'Parallel Aware': True, 'Async Capable': False, 'Relation Name': 'sift1m_items', 'Alias': 'sift1m_items', 'Startup Cost': 0.0, 'Total Cost': 76872.35, 'Plan Rows': 93994, 'Plan Width': 12, 'Filter': ""(price < '500'::smallint)""}]}]}]}}], 'plan_index_names': [], 'plan_verification_status': 'verified', 'expected_index_name': None, 'wrong_ann_index_names': []}","{'index': 'exact-l2-sequential', 'index_name': None, 'session_settings': {'enable_indexscan': 'off'}}",16.14 (Debian 16.14-1.pgdg12+1),0.8.5,"{'query_id': 17, 'predicate': 'price < 500', 'top_k': 10, 'estimated_selectivity': 0.225585, 'target_recall': 0.95, 'selected_strategy': 'SQL_FIRST', 'predicted_latency_ms': 71.338875, 'candidate_strategies': ['SQL_FIRST'], 'rejected_strategies': ['VECTOR_FIRST_HNSW', 'HNSW_HYBRID', 'IVFFLAT_HYBRID'], 'rejection_reasons': {'VECTOR_FIRST_HNSW': 'Observed minimum recall 0.700 is below target 0.950.', 'HNSW_HYBRID': 'Observed minimum recall 0.900 is below target 0.950.', 'IVFFLAT_HYBRID': 'Observed minimum recall 0.400 is below target 0.950.'}, 'recall_feasibility': {'SQL_FIRST': 'reliably_feasible', 'VECTOR_FIRST_HNSW': 'not_reliably_feasible', 'HNSW_HYBRID': 'not_reliably_feasible', 'IVFFLAT_HYBRID': 'not_reliably_feasible'}, 'evidence': [{'strategy': 'SQL_FIRST', 'feasibility': 'reliably_feasible', 'predicted_latency_ms': 71.338875, 'eligible': True, 'reason': 'Exact SQL-first remains the recall-safe fallback.', 'bucket': '>0.10_to_0.25', 'observed_minimum_recall': 1.0, 'observed_fraction_meeting_target': 1.0}, {'strategy': 'VECTOR_FIRST_HNSW', 'feasibility': 'not_reliably_feasible', 'predicted_latency_ms': 128.900958, 'eligible': False, 'reason': 'Observed minimum recall 0.700 is below target 0.950.', 'bucket': '>0.10_to_0.25', 'observed_minimum_recall': 0.7, 'observed_fraction_meeting_target': 0.631578947368421}, {'strategy': 'HNSW_HYBRID', 'feasibility': 'not_reliably_feasible', 'predicted_latency_ms': 3.834291, 'eligible': False, 'reason': 'Observed minimum recall 0.900 is below target 0.950.', 'bucket': '>0.10_to_0.25', 'observed_minimum_recall': 0.9, 'observed_fraction_meeting_target': 0.6842105263157895}, {'strategy': 'IVFFLAT_HYBRID', 'feasibility': 'not_reliably_feasible', 'predicted_latency_ms': 54.889584, 'eligible': False, 'reason': 'Observed minimum recall 0.400 is below target 0.950.', 'bucket': '>0.10_to_0.25', 'observed_minimum_recall': 0.4, 'observed_fraction_meeting_target': 0.10526315789473684}], 'calibration_source': 'sdao/results/db_baseline_20260814Tfinal', 'calibration_model_version': 'empirical_db_calibration_v1', 'decision_reason': 'Selected SQL_FIRST: lowest predicted latency among eligible strategies (SQL_FIRST) in >0.10_to_0.25; Exact SQL-first remains the recall-safe fallback.'}",225585,0.936209,0.1125,79.60600000000001,>0.10_to_0.25,HNSW_HYBRID,3.006958,53.620083,HNSW_HYBRID,3.006958,53.620083
18,price < 800,PRICE,HNSW_HYBRID,0.38096,0.385065,10,31.95825,52.163792,65.07125,1.0,"[247250, 434884, 170737, 466326, 126762, 63379, 864195, 503525, 63762, 840385]","[247250, 434884, 170737, 466326, 126762, 63379, 864195, 503525, 63762, 840385]",True,verified,sift1m_items_embedding_hnsw_l2_idx,['sift1m_items_embedding_hnsw_l2_idx'],"{'plan': [{'Plan': {'Node Type': 'Limit', 'Parallel Aware': False, 'Async Capable': False, 'Startup Cost': 663.08, 'Total Cost': 681.6, 'Plan Rows': 10, 'Plan Width': 12, 'Plans': [{'Node Type': 'Index Scan', 'Parent Relationship': 'Outer', 'Parallel Aware': False, 'Async Capable': False, 'Scan Direction': 'Forward', 'Index Name': 'sift1m_items_embedding_hnsw_l2_idx', 'Relation Name': 'sift1m_items', 'Alias': 'sift1m_items', 'Startup Cost': 663.08, 'Total Cost': 706316.52, 'Plan Rows': 380960, 'Plan Width': 12, 'Order By': ""(embedding <-> '[16,15,5,6,16,22,5,3,6,12,50,62,35,5,0,1,7,11,43,42,54,19,4,0,41,5,2,7,36,31,42,33,64,35,1,3,14,22,11,39,62,38,43,58,10,3,15,23,0,2,46,113,113,12,7,1,59,17,12,32,113,7,2,26,59,17,1,4,8,42,78,65,52,5,1,1,6,78,113,97,2,0,0,17,113,113,113,26,40,33,30,16,70,51,5,18,19,0,1,0,2,24,29,53,9,7,12,1,9,100,113,45,20,51,21,5,12,93,103,6,92,105,8,4,1,16,5,7]'::vector)"", 'Filter': ""(price < '800'::smallint)""}]}}], 'plan_index_names': ['sift1m_items_embedding_hnsw_l2_idx'], 'plan_verification_status': 'verified', 'expected_index_name': 'sift1m_items_embedding_hnsw_l2_idx', 'wrong_ann_index_names': []}","{'index': 'hnsw', 'index_name': 'sift1m_items_embedding_hnsw_l2_idx', 'session_settings': {'hnsw.ef_search': 100, 'ivfflat.probes': 1000, 'hnsw.iterative_scan': 'strict_order', 'hnsw.max_scan_tuples': 20000}}",16.14 (Debian 16.14-1.pgdg12+1),0.8.5,"{'query_id': 18, 'predicate': 'price < 800', 'top_k': 10, 'estimated_selectivity': 0.38096, 'target_recall': 0.95, 'selected_strategy': 'HNSW_HYBRID', 'predicted_latency_ms': 3.4165205, 'candidate_strategies': ['SQL_FIRST', 'VECTOR_FIRST_HNSW', 'HNSW_HYBRID'], 'rejected_strategies': ['IVFFLAT_HYBRID'], 'rejection_reasons': {'IVFFLAT_HYBRID': 'Observed minimum recall 0.800 is below target 0.950.'}, 'recall_feasibility': {'SQL_FIRST': 'reliably_feasible', 'VECTOR_FIRST_HNSW': 'reliably_feasible', 'HNSW_HYBRID': 'reliably_feasible', 'IVFFLAT_HYBRID': 'not_reliably_feasible'}, 'evidence': [{'strategy': 'SQL_FIRST', 'feasibility': 'reliably_feasible', 'predicted_latency_ms': 86.927063, 'eligible': True, 'reason': 'Exact SQL-first remains the recall-safe fallback.', 'bucket': '>0.25_to_0.50', 'observed_minimum_recall': 1.0, 'observed_fraction_meeting_target': 1.0}, {'strategy': 'VECTOR_FIRST_HNSW', 'feasibility': 'reliably_feasible', 'predicted_latency_ms': 115.3344375, 'eligible': True, 'reason': 'Observed minimum recall 1.000 meets target 0.950.', 'bucket': '>0.25_to_0.50', 'observed_minimum_recall': 1.0, 'observed_fraction_meeting_target': 1.0}, {'strategy': 'HNSW_HYBRID', 'feasibility': 'reliably_feasible', 'predicted_latency_ms': 3.4165205, 'eligible': True, 'reason': 'Observed minimum recall 1.000 meets target 0.950.', 'bucket': '>0.25_to_0.50', 'observed_minimum_recall': 1.0, 'observed_fraction_meeting_target': 1.0}, {'strategy': 'IVFFLAT_HYBRID', 'feasibility': 'not_reliably_feasible', 'predicted_latency_ms': 51.243375, 'eligible': False, 'reason': 'Observed minimum recall 0.800 is below target 0.950.', 'bucket': '>0.25_to_0.50', 'observed_minimum_recall': 0.8, 'observed_fraction_meeting_target': 0.25}], 'calibration_source': 'sdao/results/db_baseline_20260814Tfinal', 'calibration_model_version': 'empirical_db_calibration_v1', 'decision_reason': 'Selected HNSW_HYBRID: lowest predicted latency among eligible strategies (SQL_FIRST, VECTOR_FIRST_HNSW, HNSW_HYBRID) in >0.25_to_0.50; Observed minimum recall 1.000 meets target 0.950.'}",380960,2.035583,0.146541,54.345916,>0.25_to_0.50,VECTOR_FIRST_HNSW,4.419916,27.538334,VECTOR_FIRST_HNSW,4.419916,27.538334
19,price < 1200,PRICE,HNSW_HYBRID,0.589184,0.589991,10,20.568042,44.2015,66.744792,1.0,"[272436, 394974, 905999, 629123, 224830, 885665, 840629, 395043, 514347, 563976]","[272436, 394974, 905999, 629123, 224830, 885665, 840629, 395043, 514347, 563976]",True,verified,sift1m_items_embedding_hnsw_l2_idx,['sift1m_items_embedding_hnsw_l2_idx'],"{'plan': [{'Plan': {'Node Type': 'Limit', 'Parallel Aware': False, 'Async Capable': False, 'Startup Cost': 663.08, 'Total Cost': 675.07, 'Plan Rows': 10, 'Plan Width': 12, 'Plans': [{'Node Type': 'Index Scan', 'Parent Relationship': 'Outer', 'Parallel Aware': False, 'Async Capable': False, 'Scan Direction': 'Forward', 'Index Name': 'sift1m_items_embedding_hnsw_l2_idx', 'Relation Name': 'sift1m_items', 'Alias': 'sift1m_items', 'Startup Cost': 663.08, 'Total Cost': 706837.08, 'Plan Rows': 589184, 'Plan Width': 12, 'Order By': ""(embedding <-> '[3,0,0,0,24,67,30,31,1,0,2,8,42,68,103,77,10,2,1,9,22,17,89,71,21,3,3,0,0,0,8,39,0,0,0,46,68,71,46,31,6,4,0,10,77,113,76,30,113,20,0,5,25,29,109,113,108,12,3,8,17,10,11,59,33,8,11,113,71,6,4,10,16,38,38,113,51,8,5,2,113,112,31,75,20,1,0,2,95,60,0,23,33,11,5,4,17,4,3,65,20,0,2,5,8,16,34,93,49,2,1,10,56,49,56,39,2,17,13,21,25,14,0,2,43,16,19,23]'::vector)"", 'Filter': ""(price < '1200'::smallint)""}]}}], 'plan_index_names': ['sift1m_items_embedding_hnsw_l2_idx'], 'plan_verification_status': 'verified', 'expected_index_name': 'sift1m_items_embedding_hnsw_l2_idx', 'wrong_ann_index_names': []}","{'index': 'hnsw', 'index_name': 'sift1m_items_embedding_hnsw_l2_idx', 'session_settings': {'hnsw.ef_search': 100, 'ivfflat.probes': 1000, 'hnsw.iterative_scan': 'strict_order', 'hnsw.max_scan_tuples': 20000}}",16.14 (Debian 16.14-1.pgdg12+1),0.8.5,"{'query_id': 19, 'predicate': 'price < 1200', 'top_k': 10, 'estimated_selectivity': 0.589184, 'target_recall': 0.95, 'selected_strategy': 'HNSW_HYBRID', 'predicted_latency_ms': 4.225937500000001, 'candidate_strategies': ['SQL_FIRST', 'VECTOR_FIRST_HNSW', 'HNSW_HYBRID'], 'rejected_strategies': ['IVFFLAT_HYBRID'], 'rejection_reasons': {'IVFFLAT_HYBRID': 'Observed minimum recall 0.700 is below target 0.950.'}, 'recall_feasibility': {'SQL_FIRST': 'reliably_feasible', 'VECTOR_FIRST_HNSW': 'reliably_feasible', 'HNSW_HYBRID': 'reliably_feasible', 'IVFFLAT_HYBRID': 'not_reliably_feasible'}, 'evidence': [{'strategy': 'SQL_FIRST', 'feasibility': 'reliably_feasible', 'predicted_latency_ms': 89.71089599999999, 'eligible': True, 'reason': 'Exact SQL-first remains the recall-safe fallback.', 'bucket': '>0.50', 'observed_minimum_recall': 1.0, 'observed_fraction_meeting_target': 1.0}, {'strategy': 'VECTOR_FIRST_HNSW', 'feasibility': 'reliably_feasible', 'predicted_latency_ms': 116.00999999999999, 'eligible': True, 'reason': 'Observed minimum recall 1.000 meets target 0.950.', 'bucket': '>0.50', 'observed_minimum_recall': 1.0, 'observed_fraction_meeting_target': 1.0}, {'strategy': 'HNSW_HYBRID', 'feasibility': 'reliably_feasible', 'predicted_latency_ms': 4.225937500000001, 'eligible': True, 'reason': 'Observed minimum recall 1.000 meets target 0.950.', 'bucket': '>0.50', 'observed_minimum_recall': 1.0, 'observed_fraction_meeting_target': 1.0}, {'strategy': 'IVFFLAT_HYBRID', 'feasibility': 'not_reliably_feasible', 'predicted_latency_ms': 50.994271, 'eligible': False, 'reason': 'Observed minimum recall 0.700 is below target 0.950.', 'bucket': '>0.50', 'observed_minimum_recall': 0.7, 'observed_fraction_meeting_target': 0.5}], 'calibration_source': 'sdao/results/db_baseline_20260814Tfinal', 'calibration_model_version': 'empirical_db_calibration_v1', 'decision_reason': 'Selected HNSW_HYBRID: lowest predicted latency among eligible strategies (SQL_FIRST, VECTOR_FIRST_HNSW, HNSW_HYBRID) in >0.50; Observed minimum recall 1.000 meets target 0.950.'}",589184,1.0985,0.096708,45.396708000000004,>0.50,VECTOR_FIRST_HNSW,7.236167,13.331874999999998,IVFFLAT_HYBRID,7.081916,13.486125999999999
20,price < 1600,PRICE,HNSW_HYBRID,0.792297,0.795149,10,18.204042,45.539667,71.968875,1.0,"[587404, 666481, 929092, 860624, 481713, 448233, 475757, 359780, 546573, 195737]","[587404, 666481, 929092, 860624, 481713, 448233, 475757, 359780, 546573, 195737]",True,verified,sift1m_items_embedding_hnsw_l2_idx,['sift1m_items_embedding_hnsw_l2_idx'],"{'plan': [{'Plan': {'Node Type': 'Limit', 'Parallel Aware': False, 'Async Capable': False, 'Startup Cost': 663.08, 'Total Cost': 672.0, 'Plan Rows': 10, 'Plan Width': 12, 'Plans': [{'Node Type': 'Index Scan', 'Parent Relationship': 'Outer', 'Parallel Aware': False, 'Async Capable': False, 'Scan Direction': 'Forward', 'Index Name': 'sift1m_items_embedding_hnsw_l2_idx', 'Relation Name': 'sift1m_items', 'Alias': 'sift1m_items', 'Startup Cost': 663.08, 'Total Cost': 707344.86, 'Plan Rows': 792297, 'Plan Width': 12, 'Order By': ""(embedding <-> '[15,13,11,15,1,0,2,22,9,50,106,19,0,0,5,4,5,19,85,75,0,0,3,13,71,56,9,8,0,0,0,10,100,46,17,4,0,0,9,32,127,127,127,9,0,0,0,1,4,23,127,127,0,0,0,0,44,75,105,59,0,0,0,4,127,34,14,12,0,0,0,71,127,55,10,1,0,0,0,46,24,5,76,25,0,0,3,32,1,5,80,61,0,0,1,6,61,6,20,22,1,0,0,38,127,4,5,0,0,0,0,127,11,0,0,0,0,0,11,59,0,0,3,4,0,0,7,28]'::vector)"", 'Filter': ""(price < '1600'::smallint)""}]}}], 'plan_index_names': ['sift1m_items_embedding_hnsw_l2_idx'], 'plan_verification_status': 'verified', 'expected_index_name': 'sift1m_items_embedding_hnsw_l2_idx', 'wrong_ann_index_names': []}","{'index': 'hnsw', 'index_name': 'sift1m_items_embedding_hnsw_l2_idx', 'session_settings': {'hnsw.ef_search': 100, 'ivfflat.probes': 1000, 'hnsw.iterative_scan': 'strict_order', 'hnsw.max_scan_tuples': 20000}}",16.14 (Debian 16.14-1.pgdg12+1),0.8.5,"{'query_id': 20, 'predicate': 'price < 1600', 'top_k': 10, 'estimated_selectivity': 0.792297, 'target_recall': 0.95, 'selected_strategy': 'HNSW_HYBRID', 'predicted_latency_ms': 4.225937500000001, 'candidate_strategies': ['SQL_FIRST', 'VECTOR_FIRST_HNSW', 'HNSW_HYBRID'], 'rejected_strategies': ['IVFFLAT_HYBRID'], 'rejection_reasons': {'IVFFLAT_HYBRID': 'Observed minimum recall 0.700 is below target 0.950.'}, 'recall_feasibility': {'SQL_FIRST': 'reliably_feasible', 'VECTOR_FIRST_HNSW': 'reliably_feasible', 'HNSW_HYBRID': 'reliably_feasible', 'IVFFLAT_HYBRID': 'not_reliably_feasible'}, 'evidence': [{'strategy': 'SQL_FIRST', 'feasibility': 'reliably_feasible', 'predicted_latency_ms': 89.71089599999999, 'eligible': True, 'reason': 'Exact SQL-first remains the recall-safe fallback.', 'bucket': '>0.50', 'observed_minimum_recall': 1.0, 'observed_fraction_meeting_target': 1.0}, {'strategy': 'VECTOR_FIRST_HNSW', 'feasibility': 'reliably_feasible', 'predicted_latency_ms': 116.00999999999999, 'eligible': True, 'reason': 'Observed minimum recall 1.000 meets target 0.950.', 'bucket': '>0.50', 'observed_minimum_recall': 1.0, 'observed_fraction_meeting_target': 1.0}, {'strategy': 'HNSW_HYBRID', 'feasibility': 'reliably_feasible', 'predicted_latency_ms': 4.225937500000001, 'eligible': True, 'reason': 'Observed minimum recall 1.000 meets target 0.950.', 'bucket': '>0.50', 'observed_minimum_recall': 1.0, 'observed_fraction_meeting_target': 1.0}, {'strategy': 'IVFFLAT_HYBRID', 'feasibility': 'not_reliably_feasible', 'predicted_latency_ms': 50.994271, 'eligible': False, 'reason': 'Observed minimum recall 0.700 is below target 0.950.', 'bucket': '>0.50', 'observed_minimum_recall': 0.7, 'observed_fraction_meeting_target': 0.5}], 'calibration_source': 'sdao/results/db_baseline_20260814Tfinal', 'calibration_model_version': 'empirical_db_calibration_v1', 'decision_reason': 'Selected HNSW_HYBRID: lowest predicted latency among eligible strategies (SQL_FIRST, VECTOR_FIRST_HNSW, HNSW_HYBRID) in >0.50; Observed minimum recall 1.000 meets target 0.950.'}",792297,1.021292,0.100125,46.661084,>0.50,HNSW_HYBRID,2.507583,15.696459,HNSW_HYBRID,2.507583,15.696459
21,rating > 2.5,RATING,HNSW_HYBRID,0.61417,0.612283,10,21.709541,60.494875,67.636667,1.0,"[4490, 214449, 559990, 497354, 337027, 306259, 59773, 365266, 776961, 261517]","[4490, 214449, 559990, 497354, 337027, 306259, 59773, 365266, 776961, 261517]",True,verified,sift1m_items_embedding_hnsw_l2_idx,['sift1m_items_embedding_hnsw_l2_idx'],"{'plan': [{'Plan': {'Node Type': 'Limit', 'Parallel Aware': False, 'Async Capable': False, 'Startup Cost': 663.08, 'Total Cost': 674.58, 'Plan Rows': 10, 'Plan Width': 12, 'Plans': [{'Node Type': 'Index Scan', 'Parent Relationship': 'Outer', 'Parallel Aware': False, 'Async Capable': False, 'Scan Direction': 'Forward', 'Index Name': 'sift1m_items_embedding_hnsw_l2_idx', 'Relation Name': 'sift1m_items', 'Alias': 'sift1m_items', 'Startup Cost': 663.08, 'Total Cost': 706899.54, 'Plan Rows': 614170, 'Plan Width': 12, 'Order By': ""(embedding <-> '[6,7,0,0,0,0,0,0,14,102,41,0,0,0,0,0,7,45,84,52,1,0,0,1,3,23,6,20,1,0,1,2,64,11,0,1,1,0,0,3,135,135,50,5,0,0,0,19,22,57,90,135,49,2,0,6,37,94,15,101,24,0,0,8,61,1,0,2,2,1,0,10,135,4,0,0,0,1,29,135,26,1,0,42,35,102,135,60,17,8,1,41,28,78,81,28,7,0,3,2,1,4,2,12,27,4,3,0,0,3,55,118,1,5,5,0,0,65,135,23,0,5,3,0,0,27,53,3]'::vector)"", 'Filter': ""(rating > '2.5'::double precision)""}]}}], 'plan_index_names': ['sift1m_items_embedding_hnsw_l2_idx'], 'plan_verification_status': 'verified', 'expected_index_name': 'sift1m_items_embedding_hnsw_l2_idx', 'wrong_ann_index_names': []}","{'index': 'hnsw', 'index_name': 'sift1m_items_embedding_hnsw_l2_idx', 'session_settings': {'hnsw.ef_search': 100, 'ivfflat.probes': 1000, 'hnsw.iterative_scan': 'strict_order', 'hnsw.max_scan_tuples': 20000}}",16.14 (Debian 16.14-1.pgdg12+1),0.8.5,"{'query_id': 21, 'predicate': 'rating > 2.5', 'top_k': 10, 'estimated_selectivity': 0.61417, 'target_recall': 0.95, 'selected_strategy': 'HNSW_HYBRID', 'predicted_latency_ms': 4.225937500000001, 'candidate_strategies': ['SQL_FIRST', 'VECTOR_FIRST_HNSW', 'HNSW_HYBRID'], 'rejected_strategies': ['IVFFLAT_HYBRID'], 'rejection_reasons': {'IVFFLAT_HYBRID': 'Observed minimum recall 0.700 is below target 0.950.'}, 'recall_feasibility': {'SQL_FIRST': 'reliably_feasible', 'VECTOR_FIRST_HNSW': 'reliably_feasible', 'HNSW_HYBRID': 'reliably_feasible', 'IVFFLAT_HYBRID': 'not_reliably_feasible'}, 'evidence': [{'strategy': 'SQL_FIRST', 'feasibility': 'reliably_feasible', 'predicted_latency_ms': 89.71089599999999, 'eligible': True, 'reason': 'Exact SQL-first remains the recall-safe fallback.', 'bucket': '>0.50', 'observed_minimum_recall': 1.0, 'observed_fraction_meeting_target': 1.0}, {'strategy': 'VECTOR_FIRST_HNSW', 'feasibility': 'reliably_feasible', 'predicted_latency_ms': 116.00999999999999, 'eligible': True, 'reason': 'Observed minimum recall 1.000 meets target 0.950.', 'bucket': '>0.50', 'observed_minimum_recall': 1.0, 'observed_fraction_meeting_target': 1.0}, {'strategy': 'HNSW_HYBRID', 'feasibility': 'reliably_feasible', 'predicted_latency_ms': 4.225937500000001, 'eligible': True, 'reason': 'Observed minimum recall 1.000 meets target 0.950.', 'bucket': '>0.50', 'observed_minimum_recall': 1.0, 'observed_fraction_meeting_target': 1.0}, {'strategy': 'IVFFLAT_HYBRID', 'feasibility': 'not_reliably_feasible', 'predicted_latency_ms': 50.994271, 'eligible': False, 'reason': 'Observed minimum recall 0.700 is below target 0.950.', 'bucket': '>0.50', 'observed_minimum_recall': 0.7, 'observed_fraction_meeting_target': 0.5}], 'calibration_source': 'sdao/results/db_baseline_20260814Tfinal', 'calibration_model_version': 'empirical_db_calibration_v1', 'decision_reason': 'Selected HNSW_HYBRID: lowest predicted latency among eligible strategies (SQL_FIRST, VECTOR_FIRST_HNSW, HNSW_HYBRID) in >0.50; Observed minimum recall 1.000 meets target 0.950.'}",614170,1.168542,0.096416,61.759833,>0.50,VECTOR_FIRST_HNSW,3.404,18.305541,VECTOR_FIRST_HNSW,3.404,18.305541
22,rating > 3.0,RATING,HNSW_HYBRID,0.48827,0.487262,10,27.597791,49.767625,61.243417,1.0,"[31629, 68360, 426465, 558357, 4784, 633279, 536469, 776801, 5408, 94976]","[31629, 68360, 426465, 558357, 4784, 633279, 536469, 776801, 5408, 94976]",True,verified,sift1m_items_embedding_hnsw_l2_idx,['sift1m_items_embedding_hnsw_l2_idx'],"{'plan': [{'Plan': {'Node Type': 'Limit', 'Parallel Aware': False, 'Async Capable': False, 'Startup Cost': 663.08, 'Total Cost': 677.54, 'Plan Rows': 10, 'Plan Width': 12, 'Plans': [{'Node Type': 'Index Scan', 'Parent Relationship': 'Outer', 'Parallel Aware': False, 'Async Capable': False, 'Scan Direction': 'Forward', 'Index Name': 'sift1m_items_embedding_hnsw_l2_idx', 'Relation Name': 'sift1m_items', 'Alias': 'sift1m_items', 'Startup Cost': 663.08, 'Total Cost': 706584.79, 'Plan Rows': 488270, 'Plan Width': 12, 'Order By': ""(embedding <-> '[20,22,2,0,4,4,1,0,24,71,108,50,1,0,0,0,6,37,96,74,5,3,0,2,4,15,17,16,29,26,2,2,102,32,17,12,0,0,0,13,120,75,53,43,0,0,1,56,4,5,117,120,112,36,2,1,1,1,3,50,120,30,0,0,46,4,21,97,57,12,1,29,120,3,0,2,6,29,113,120,5,1,0,0,74,120,120,10,0,0,0,7,66,62,5,0,3,1,1,7,44,67,13,7,1,2,2,2,6,17,70,26,3,2,0,1,0,29,71,6,1,0,0,0,2,8,5,2]'::vector)"", 'Filter': ""(rating > '3'::double precision)""}]}}], 'plan_index_names': ['sift1m_items_embedding_hnsw_l2_idx'], 'plan_verification_status': 'verified', 'expected_index_name': 'sift1m_items_embedding_hnsw_l2_idx', 'wrong_ann_index_names': []}","{'index': 'hnsw', 'index_name': 'sift1m_items_embedding_hnsw_l2_idx', 'session_settings': {'hnsw.ef_search': 100, 'ivfflat.probes': 1000, 'hnsw.iterative_scan': 'strict_order', 'hnsw.max_scan_tuples': 20000}}",16.14 (Debian 16.14-1.pgdg12+1),0.8.5,"{'query_id': 22, 'predicate': 'rating > 3.0', 'top_k': 10, 'estimated_selectivity': 0.48827, 'target_recall': 0.95, 'selected_strategy': 'HNSW_HYBRID', 'predicted_latency_ms': 3.4165205, 'candidate_strategies': ['SQL_FIRST', 'VECTOR_FIRST_HNSW', 'HNSW_HYBRID'], 'rejected_strategies': ['IVFFLAT_HYBRID'], 'rejection_reasons': {'IVFFLAT_HYBRID': 'Observed minimum recall 0.800 is below target 0.950.'}, 'recall_feasibility': {'SQL_FIRST': 'reliably_feasible', 'VECTOR_FIRST_HNSW': 'reliably_feasible', 'HNSW_HYBRID': 'reliably_feasible', 'IVFFLAT_HYBRID': 'not_reliably_feasible'}, 'evidence': [{'strategy': 'SQL_FIRST', 'feasibility': 'reliably_feasible', 'predicted_latency_ms': 86.927063, 'eligible': True, 'reason': 'Exact SQL-first remains the recall-safe fallback.', 'bucket': '>0.25_to_0.50', 'observed_minimum_recall': 1.0, 'observed_fraction_meeting_target': 1.0}, {'strategy': 'VECTOR_FIRST_HNSW', 'feasibility': 'reliably_feasible', 'predicted_latency_ms': 115.3344375, 'eligible': True, 'reason': 'Observed minimum recall 1.000 meets target 0.950.', 'bucket': '>0.25_to_0.50', 'observed_minimum_recall': 1.0, 'observed_fraction_meeting_target': 1.0}, {'strategy': 'HNSW_HYBRID', 'feasibility': 'reliably_feasible', 'predicted_latency_ms': 3.4165205, 'eligible': True, 'reason': 'Observed minimum recall 1.000 meets target 0.950.', 'bucket': '>0.25_to_0.50', 'observed_minimum_recall': 1.0, 'observed_fraction_meeting_target': 1.0}, {'strategy': 'IVFFLAT_HYBRID', 'feasibility': 'not_reliably_feasible', 'predicted_latency_ms': 51.243375, 'eligible': False, 'reason': 'Observed minimum recall 0.800 is below target 0.950.', 'bucket': '>0.25_to_0.50', 'observed_minimum_recall': 0.8, 'observed_fraction_meeting_target': 0.25}], 'calibration_source': 'sdao/results/db_baseline_20260814Tfinal', 'calibration_model_version': 'empirical_db_calibration_v1', 'decision_reason': 'Selected HNSW_HYBRID: lowest predicted latency among eligible strategies (SQL_FIRST, VECTOR_FIRST_HNSW, HNSW_HYBRID) in >0.25_to_0.50; Observed minimum recall 1.000 meets target 0.950.'}",488270,0.904917,0.092459,50.765001000000005,>0.25_to_0.50,HNSW_HYBRID,2.547,25.050791,HNSW_HYBRID,2.547,25.050791
23,rating > 3.5,RATING,HNSW_HYBRID,0.364836,0.362073,10,21.792333,39.8395,57.023625,1.0,"[364790, 526788, 219735, 176512, 290169, 122772, 350527, 364660, 902789, 607007]","[364790, 526788, 219735, 176512, 290169, 122772, 350527, 364660, 902789, 607007]",True,verified,sift1m_items_embedding_hnsw_l2_idx,['sift1m_items_embedding_hnsw_l2_idx'],"{'plan': [{'Plan': {'Node Type': 'Limit', 'Parallel Aware': False, 'Async Capable': False, 'Startup Cost': 663.08, 'Total Cost': 682.42, 'Plan Rows': 10, 'Plan Width': 12, 'Plans': [{'Node Type': 'Index Scan', 'Parent Relationship': 'Outer', 'Parallel Aware': False, 'Async Capable': False, 'Scan Direction': 'Forward', 'Index Name': 'sift1m_items_embedding_hnsw_l2_idx', 'Relation Name': 'sift1m_items', 'Alias': 'sift1m_items', 'Startup Cost': 663.08, 'Total Cost': 706276.21, 'Plan Rows': 364836, 'Plan Width': 12, 'Order By': ""(embedding <-> '[1,9,11,6,0,0,0,0,3,43,90,4,0,0,2,9,24,8,108,20,0,0,27,71,2,0,19,18,0,0,101,61,71,37,7,8,4,0,0,2,133,133,133,9,0,0,0,11,1,11,133,102,0,0,0,0,0,0,78,133,16,0,7,3,89,5,1,5,3,0,0,10,133,5,1,1,0,1,0,65,12,0,11,17,2,18,25,4,0,0,5,61,82,42,17,0,43,4,1,3,0,0,0,1,133,5,0,0,2,39,5,23,10,0,0,0,3,133,97,10,0,0,0,0,8,79,70,8]'::vector)"", 'Filter': ""(rating > '3.5'::double precision)""}]}}], 'plan_index_names': ['sift1m_items_embedding_hnsw_l2_idx'], 'plan_verification_status': 'verified', 'expected_index_name': 'sift1m_items_embedding_hnsw_l2_idx', 'wrong_ann_index_names': []}","{'index': 'hnsw', 'index_name': 'sift1m_items_embedding_hnsw_l2_idx', 'session_settings': {'hnsw.ef_search': 100, 'ivfflat.probes': 1000, 'hnsw.iterative_scan': 'strict_order', 'hnsw.max_scan_tuples': 20000}}",16.14 (Debian 16.14-1.pgdg12+1),0.8.5,"{'query_id': 23, 'predicate': 'rating > 3.5', 'top_k': 10, 'estimated_selectivity': 0.364836, 'target_recall': 0.95, 'selected_strategy': 'HNSW_HYBRID', 'predicted_latency_ms': 3.4165205, 'candidate_strategies': ['SQL_FIRST', 'VECTOR_FIRST_HNSW', 'HNSW_HYBRID'], 'rejected_strategies': ['IVFFLAT_HYBRID'], 'rejection_reasons': {'IVFFLAT_HYBRID': 'Observed minimum recall 0.800 is below target 0.950.'}, 'recall_feasibility': {'SQL_FIRST': 'reliably_feasible', 'VECTOR_FIRST_HNSW': 'reliably_feasible', 'HNSW_HYBRID': 'reliably_feasible', 'IVFFLAT_HYBRID': 'not_reliably_feasible'}, 'evidence': [{'strategy': 'SQL_FIRST', 'feasibility': 'reliably_feasible', 'predicted_latency_ms': 86.927063, 'eligible': True, 'reason': 'Exact SQL-first remains the recall-safe fallback.', 'bucket': '>0.25_to_0.50', 'observed_minimum_recall': 1.0, 'observed_fraction_meeting_target': 1.0}, {'strategy': 'VECTOR_FIRST_HNSW', 'feasibility': 'reliably_feasible', 'predicted_latency_ms': 115.3344375, 'eligible': True, 'reason': 'Observed minimum recall 1.000 meets target 0.950.', 'bucket': '>0.25_to_0.50', 'observed_minimum_recall': 1.0, 'observed_fraction_meeting_target': 1.0}, {'strategy': 'HNSW_HYBRID', 'feasibility': 'reliably_feasible', 'predicted_latency_ms': 3.4165205, 'eligible': True, 'reason': 'Observed minimum recall 1.000 meets target 0.950.', 'bucket': '>0.25_to_0.50', 'observed_minimum_recall': 1.0, 'observed_fraction_meeting_target': 1.0}, {'strategy': 'IVFFLAT_HYBRID', 'feasibility': 'not_reliably_feasible', 'predicted_latency_ms': 51.243375, 'eligible': False, 'reason': 'Observed minimum recall 0.800 is below target 0.950.', 'bucket': '>0.25_to_0.50', 'observed_minimum_recall': 0.8, 'observed_fraction_meeting_target': 0.25}], 'calibration_source': 'sdao/results/db_baseline_20260814Tfinal', 'calibration_model_version': 'empirical_db_calibration_v1', 'decision_reason': 'Selected HNSW_HYBRID: lowest predicted latency among eligible strategies (SQL_FIRST, VECTOR_FIRST_HNSW, HNSW_HYBRID) in >0.25_to_0.50; Observed minimum recall 1.000 meets target 0.950.'}",364836,1.407375,0.105042,41.351917,>0.25_to_0.50,HNSW_HYBRID,3.266542,18.525790999999998,HNSW_HYBRID,3.266542,18.525790999999998
24,rating > 4.0,RATING,SQL_FIRST,0.240168,0.236721,10,51.851458,64.851333,52.383292,1.0,"[784790, 279489, 4623, 242430, 292781, 188768, 278674, 172451, 515459, 188787]","[784790, 279489, 4623, 242430, 292781, 188768, 278674, 172451, 515459, 188787]",True,verified,,[],"{'plan': [{'Plan': {'Node Type': 'Limit', 'Parallel Aware': False, 'Async Capable': False, 'Startup Cost': 80050.04, 'Total Cost': 80051.21, 'Plan Rows': 10, 'Plan Width': 12, 'Plans': [{'Node Type': 'Gather Merge', 'Parent Relationship': 'Outer', 'Parallel Aware': False, 'Async Capable': False, 'Startup Cost': 80050.04, 'Total Cost': 103401.34, 'Plan Rows': 200140, 'Plan Width': 12, 'Workers Planned': 2, 'Plans': [{'Node Type': 'Sort', 'Parent Relationship': 'Outer', 'Parallel Aware': False, 'Async Capable': False, 'Startup Cost': 79050.02, 'Total Cost': 79300.19, 'Plan Rows': 100070, 'Plan Width': 12, 'Sort Key': [""((embedding <-> '[7,9,1,4,5,0,1,3,38,117,60,2,0,0,1,11,60,109,59,32,1,1,6,26,12,22,7,69,46,20,14,21,72,41,6,25,24,0,0,4,130,130,71,7,0,0,0,45,8,32,85,130,15,3,6,12,0,8,21,78,80,28,11,9,47,11,6,11,10,4,2,14,130,5,0,0,0,9,109,130,10,0,0,22,18,56,130,25,9,8,12,39,36,25,88,19,2,0,0,0,11,18,11,8,12,0,0,0,0,7,101,57,10,0,0,0,0,10,119,32,89,19,3,0,0,0,32,25]'::vector))"", 'id'], 'Plans': [{'Node Type': 'Seq Scan', 'Parent Relationship': 'Outer', 'Parallel Aware': True, 'Async Capable': False, 'Relation Name': 'sift1m_items', 'Alias': 'sift1m_items', 'Startup Cost': 0.0, 'Total Cost': 76887.54, 'Plan Rows': 100070, 'Plan Width': 12, 'Filter': ""(rating > '4'::double precision)""}]}]}]}}], 'plan_index_names': [], 'plan_verification_status': 'verified', 'expected_index_name': None, 'wrong_ann_index_names': []}","{'index': 'exact-l2-sequential', 'index_name': None, 'session_settings': {'enable_indexscan': 'off'}}",16.14 (Debian 16.14-1.pgdg12+1),0.8.5,"{'query_id': 24, 'predicate': 'rating > 4.0', 'top_k': 10, 'estimated_selectivity': 0.240168, 'target_recall': 0.95, 'selected_strategy': 'SQL_FIRST', 'predicted_latency_ms': 71.338875, 'candidate_strategies': ['SQL_FIRST'], 'rejected_strategies': ['VECTOR_FIRST_HNSW', 'HNSW_HYBRID', 'IVFFLAT_HYBRID'], 'rejection_reasons': {'VECTOR_FIRST_HNSW': 'Observed minimum recall 0.700 is below target 0.950.', 'HNSW_HYBRID': 'Observed minimum recall 0.900 is below target 0.950.', 'IVFFLAT_HYBRID': 'Observed minimum recall 0.400 is below target 0.950.'}, 'recall_feasibility': {'SQL_FIRST': 'reliably_feasible', 'VECTOR_FIRST_HNSW': 'not_reliably_feasible', 'HNSW_HYBRID': 'not_reliably_feasible', 'IVFFLAT_HYBRID': 'not_reliably_feasible'}, 'evidence': [{'strategy': 'SQL_FIRST', 'feasibility': 'reliably_feasible', 'predicted_latency_ms': 71.338875, 'eligible': True, 'reason': 'Exact SQL-first remains the recall-safe fallback.', 'bucket': '>0.10_to_0.25', 'observed_minimum_recall': 1.0, 'observed_fraction_meeting_target': 1.0}, {'strategy': 'VECTOR_FIRST_HNSW', 'feasibility': 'not_reliably_feasible', 'predicted_latency_ms': 128.900958, 'eligible': False, 'reason': 'Observed minimum recall 0.700 is below target 0.950.', 'bucket': '>0.10_to_0.25', 'observed_minimum_recall': 0.7, 'observed_fraction_meeting_target': 0.631578947368421}, {'strategy': 'HNSW_HYBRID', 'feasibility': 'not_reliably_feasible', 'predicted_latency_ms': 3.834291, 'eligible': False, 'reason': 'Observed minimum recall 0.900 is below target 0.950.', 'bucket': '>0.10_to_0.25', 'observed_minimum_recall': 0.9, 'observed_fraction_meeting_target': 0.6842105263157895}, {'strategy': 'IVFFLAT_HYBRID', 'feasibility': 'not_reliably_feasible', 'predicted_latency_ms': 54.889584, 'eligible': False, 'reason': 'Observed minimum recall 0.400 is below target 0.950.', 'bucket': '>0.10_to_0.25', 'observed_minimum_recall': 0.4, 'observed_fraction_meeting_target': 0.10526315789473684}], 'calibration_source': 'sdao/results/db_baseline_20260814Tfinal', 'calibration_model_version': 'empirical_db_calibration_v1', 'decision_reason': 'Selected SQL_FIRST: lowest predicted latency among eligible strategies (SQL_FIRST) in >0.10_to_0.25; Exact SQL-first remains the recall-safe fallback.'}",240168,0.975292,0.088958,65.915583,>0.10_to_0.25,HNSW_HYBRID,6.841875,45.009583,HNSW_HYBRID,6.841875,45.009583
25,rating > 4.5,RATING,SQL_FIRST,0.115434,0.112086,10,48.909416,58.315041,46.8545,1.0,"[514508, 292181, 474871, 252643, 249846, 465958, 497622, 717049, 684686, 569078]","[514508, 292181, 474871, 252643, 249846, 465958, 497622, 717049, 684686, 569078]",True,verified,,[],"{'plan': [{'Plan': {'Node Type': 'Limit', 'Parallel Aware': False, 'Async Capable': False, 'Startup Cost': 78797.01, 'Total Cost': 78798.18, 'Plan Rows': 10, 'Plan Width': 12, 'Plans': [{'Node Type': 'Gather Merge', 'Parent Relationship': 'Outer', 'Parallel Aware': False, 'Async Capable': False, 'Startup Cost': 78797.01, 'Total Cost': 90020.66, 'Plan Rows': 96196, 'Plan Width': 12, 'Workers Planned': 2, 'Plans': [{'Node Type': 'Sort', 'Parent Relationship': 'Outer', 'Parallel Aware': False, 'Async Capable': False, 'Startup Cost': 77796.99, 'Total Cost': 77917.24, 'Plan Rows': 48098, 'Plan Width': 12, 'Sort Key': [""((embedding <-> '[0,1,31,38,6,2,0,0,0,33,93,5,2,3,0,0,0,29,110,47,23,2,0,0,2,3,3,22,27,2,0,0,11,11,48,28,8,31,32,85,26,88,120,1,0,0,0,66,1,40,82,58,120,17,0,0,2,47,20,28,120,5,0,0,33,7,2,0,0,12,10,71,120,7,0,0,3,2,1,120,20,2,0,1,120,80,0,6,102,120,20,3,87,23,0,0,23,5,0,0,0,0,0,13,98,5,0,0,0,18,29,91,25,7,2,0,60,120,30,12,120,37,0,0,14,17,0,0]'::vector))"", 'id'], 'Plans': [{'Node Type': 'Seq Scan', 'Parent Relationship': 'Outer', 'Parallel Aware': True, 'Async Capable': False, 'Relation Name': 'sift1m_items', 'Alias': 'sift1m_items', 'Startup Cost': 0.0, 'Total Cost': 76757.61, 'Plan Rows': 48098, 'Plan Width': 12, 'Filter': ""(rating > '4.5'::double precision)""}]}]}]}}], 'plan_index_names': [], 'plan_verification_status': 'verified', 'expected_index_name': None, 'wrong_ann_index_names': []}","{'index': 'exact-l2-sequential', 'index_name': None, 'session_settings': {'enable_indexscan': 'off'}}",16.14 (Debian 16.14-1.pgdg12+1),0.8.5,"{'query_id': 25, 'predicate': 'rating > 4.5', 'top_k': 10, 'estimated_selectivity': 0.115434, 'target_recall': 0.95, 'selected_strategy': 'SQL_FIRST', 'predicted_latency_ms': 71.338875, 'candidate_strategies': ['SQL_FIRST'], 'rejected_strategies': ['VECTOR_FIRST_HNSW', 'HNSW_HYBRID', 'IVFFLAT_HYBRID'], 'rejection_reasons': {'VECTOR_FIRST_HNSW': 'Observed minimum recall 0.700 is below target 0.950.', 'HNSW_HYBRID': 'Observed minimum recall 0.900 is below target 0.950.', 'IVFFLAT_HYBRID': 'Observed minimum recall 0.400 is below target 0.950.'}, 'recall_feasibility': {'SQL_FIRST': 'reliably_feasible', 'VECTOR_FIRST_HNSW': 'not_reliably_feasible', 'HNSW_HYBRID': 'not_reliably_feasible', 'IVFFLAT_HYBRID': 'not_reliably_feasible'}, 'evidence': [{'strategy': 'SQL_FIRST', 'feasibility': 'reliably_feasible', 'predicted_latency_ms': 71.338875, 'eligible': True, 'reason': 'Exact SQL-first remains the recall-safe fallback.', 'bucket': '>0.10_to_0.25', 'observed_minimum_recall': 1.0, 'observed_fraction_meeting_target': 1.0}, {'strategy': 'VECTOR_FIRST_HNSW', 'feasibility': 'not_reliably_feasible', 'predicted_latency_ms': 128.900958, 'eligible': False, 'reason': 'Observed minimum recall 0.700 is below target 0.950.', 'bucket': '>0.10_to_0.25', 'observed_minimum_recall': 0.7, 'observed_fraction_meeting_target': 0.631578947368421}, {'strategy': 'HNSW_HYBRID', 'feasibility': 'not_reliably_feasible', 'predicted_latency_ms': 3.834291, 'eligible': False, 'reason': 'Observed minimum recall 0.900 is below target 0.950.', 'bucket': '>0.10_to_0.25', 'observed_minimum_recall': 0.9, 'observed_fraction_meeting_target': 0.6842105263157895}, {'strategy': 'IVFFLAT_HYBRID', 'feasibility': 'not_reliably_feasible', 'predicted_latency_ms': 54.889584, 'eligible': False, 'reason': 'Observed minimum recall 0.400 is below target 0.950.', 'bucket': '>0.10_to_0.25', 'observed_minimum_recall': 0.4, 'observed_fraction_meeting_target': 0.10526315789473684}], 'calibration_source': 'sdao/results/db_baseline_20260814Tfinal', 'calibration_model_version': 'empirical_db_calibration_v1', 'decision_reason': 'Selected SQL_FIRST: lowest predicted latency among eligible strategies (SQL_FIRST) in >0.10_to_0.25; Exact SQL-first remains the recall-safe fallback.'}",115434,1.007833,0.087834,59.410708,>0.10_to_0.25,HNSW_HYBRID,2.557958,46.351458,HNSW_HYBRID,2.557958,46.351458
26,stock == True,STOCK,HNSW_HYBRID,0.502303,0.500146,10,15.98675,35.76625,61.910959,1.0,"[426756, 525190, 910741, 475114, 321539, 515955, 321507, 525650, 514648, 794330]","[426756, 525190, 910741, 475114, 321539, 515955, 321507, 525650, 514648, 794330]",True,verified,sift1m_items_embedding_hnsw_l2_idx,['sift1m_items_embedding_hnsw_l2_idx'],"{'plan': [{'Plan': {'Node Type': 'Limit', 'Parallel Aware': False, 'Async Capable': False, 'Startup Cost': 663.08, 'Total Cost': 677.09, 'Plan Rows': 10, 'Plan Width': 12, 'Plans': [{'Node Type': 'Index Scan', 'Parent Relationship': 'Outer', 'Parallel Aware': False, 'Async Capable': False, 'Scan Direction': 'Forward', 'Index Name': 'sift1m_items_embedding_hnsw_l2_idx', 'Relation Name': 'sift1m_items', 'Alias': 'sift1m_items', 'Startup Cost': 663.08, 'Total Cost': 704119.86, 'Plan Rows': 502303, 'Plan Width': 12, 'Order By': ""(embedding <-> '[52,33,2,0,0,0,0,1,56,81,115,56,0,0,0,2,43,97,66,56,0,0,0,4,39,52,4,2,4,7,5,12,136,8,0,0,0,0,0,20,137,38,37,58,0,1,5,55,21,13,89,137,19,9,18,10,19,2,6,22,22,20,36,37,93,9,0,0,0,0,0,12,137,1,1,1,0,18,121,137,3,0,4,22,21,76,137,11,0,0,0,9,30,118,79,20,17,7,0,0,0,0,0,6,17,0,0,0,0,12,64,38,3,0,0,0,0,24,101,4,1,3,6,1,2,23,22,3]'::vector)"", 'Filter': 'stock'}]}}], 'plan_index_names': ['sift1m_items_embedding_hnsw_l2_idx'], 'plan_verification_status': 'verified', 'expected_index_name': 'sift1m_items_embedding_hnsw_l2_idx', 'wrong_ann_index_names': []}","{'index': 'hnsw', 'index_name': 'sift1m_items_embedding_hnsw_l2_idx', 'session_settings': {'hnsw.ef_search': 100, 'ivfflat.probes': 1000, 'hnsw.iterative_scan': 'strict_order', 'hnsw.max_scan_tuples': 20000}}",16.14 (Debian 16.14-1.pgdg12+1),0.8.5,"{'query_id': 26, 'predicate': 'stock == True', 'top_k': 10, 'estimated_selectivity': 0.502303, 'target_recall': 0.95, 'selected_strategy': 'HNSW_HYBRID', 'predicted_latency_ms': 4.225937500000001, 'candidate_strategies': ['SQL_FIRST', 'VECTOR_FIRST_HNSW', 'HNSW_HYBRID'], 'rejected_strategies': ['IVFFLAT_HYBRID'], 'rejection_reasons': {'IVFFLAT_HYBRID': 'Observed minimum recall 0.700 is below target 0.950.'}, 'recall_feasibility': {'SQL_FIRST': 'reliably_feasible', 'VECTOR_FIRST_HNSW': 'reliably_feasible', 'HNSW_HYBRID': 'reliably_feasible', 'IVFFLAT_HYBRID': 'not_reliably_feasible'}, 'evidence': [{'strategy': 'SQL_FIRST', 'feasibility': 'reliably_feasible', 'predicted_latency_ms': 89.71089599999999, 'eligible': True, 'reason': 'Exact SQL-first remains the recall-safe fallback.', 'bucket': '>0.50', 'observed_minimum_recall': 1.0, 'observed_fraction_meeting_target': 1.0}, {'strategy': 'VECTOR_FIRST_HNSW', 'feasibility': 'reliably_feasible', 'predicted_latency_ms': 116.00999999999999, 'eligible': True, 'reason': 'Observed minimum recall 1.000 meets target 0.950.', 'bucket': '>0.50', 'observed_minimum_recall': 1.0, 'observed_fraction_meeting_target': 1.0}, {'strategy': 'HNSW_HYBRID', 'feasibility': 'reliably_feasible', 'predicted_latency_ms': 4.225937500000001, 'eligible': True, 'reason': 'Observed minimum recall 1.000 meets target 0.950.', 'bucket': '>0.50', 'observed_minimum_recall': 1.0, 'observed_fraction_meeting_target': 1.0}, {'strategy': 'IVFFLAT_HYBRID', 'feasibility': 'not_reliably_feasible', 'predicted_latency_ms': 50.994271, 'eligible': False, 'reason': 'Observed minimum recall 0.700 is below target 0.950.', 'bucket': '>0.50', 'observed_minimum_recall': 0.7, 'observed_fraction_meeting_target': 0.5}], 'calibration_source': 'sdao/results/db_baseline_20260814Tfinal', 'calibration_model_version': 'empirical_db_calibration_v1', 'decision_reason': 'Selected HNSW_HYBRID: lowest predicted latency among eligible strategies (SQL_FIRST, VECTOR_FIRST_HNSW, HNSW_HYBRID) in >0.50; Observed minimum recall 1.000 meets target 0.950.'}",502303,1.289375,0.093167,37.148792,>0.50,HNSW_HYBRID,2.871917,13.114833,HNSW_HYBRID,2.871917,13.114833
27,stock == False,STOCK,HNSW_HYBRID,0.497703,0.499854,10,16.489708,38.299833,65.090667,1.0,"[955277, 363739, 176295, 366495, 58968, 802361, 717049, 364341, 925261, 955312]","[955277, 363739, 176295, 366495, 58968, 802361, 717049, 364341, 925261, 955312]",True,verified,sift1m_items_embedding_hnsw_l2_idx,['sift1m_items_embedding_hnsw_l2_idx'],"{'plan': [{'Plan': {'Node Type': 'Limit', 'Parallel Aware': False, 'Async Capable': False, 'Startup Cost': 663.08, 'Total Cost': 677.21, 'Plan Rows': 10, 'Plan Width': 12, 'Plans': [{'Node Type': 'Index Scan', 'Parent Relationship': 'Outer', 'Parallel Aware': False, 'Async Capable': False, 'Scan Direction': 'Forward', 'Index Name': 'sift1m_items_embedding_hnsw_l2_idx', 'Relation Name': 'sift1m_items', 'Alias': 'sift1m_items', 'Startup Cost': 663.08, 'Total Cost': 704108.36, 'Plan Rows': 497703, 'Plan Width': 12, 'Order By': ""(embedding <-> '[0,17,17,11,30,1,0,0,0,74,124,2,3,0,0,0,0,22,124,20,0,0,0,0,0,5,42,37,2,0,0,0,51,78,26,10,5,0,0,8,108,124,124,4,0,0,0,30,7,13,124,93,103,8,0,2,6,38,73,63,67,3,0,0,56,6,1,0,0,2,5,35,124,2,0,0,0,3,9,124,21,2,1,5,124,70,13,31,60,42,5,3,61,16,0,0,12,7,0,0,0,20,30,18,124,52,0,0,1,4,14,96,38,8,0,0,77,76,7,15,58,6,0,0,15,13,1,8]'::vector)"", 'Filter': '(NOT stock)'}]}}], 'plan_index_names': ['sift1m_items_embedding_hnsw_l2_idx'], 'plan_verification_status': 'verified', 'expected_index_name': 'sift1m_items_embedding_hnsw_l2_idx', 'wrong_ann_index_names': []}","{'index': 'hnsw', 'index_name': 'sift1m_items_embedding_hnsw_l2_idx', 'session_settings': {'hnsw.ef_search': 100, 'ivfflat.probes': 1000, 'hnsw.iterative_scan': 'strict_order', 'hnsw.max_scan_tuples': 20000}}",16.14 (Debian 16.14-1.pgdg12+1),0.8.5,"{'query_id': 27, 'predicate': 'stock == False', 'top_k': 10, 'estimated_selectivity': 0.497703, 'target_recall': 0.95, 'selected_strategy': 'HNSW_HYBRID', 'predicted_latency_ms': 3.4165205, 'candidate_strategies': ['SQL_FIRST', 'VECTOR_FIRST_HNSW', 'HNSW_HYBRID'], 'rejected_strategies': ['IVFFLAT_HYBRID'], 'rejection_reasons': {'IVFFLAT_HYBRID': 'Observed minimum recall 0.800 is below target 0.950.'}, 'recall_feasibility': {'SQL_FIRST': 'reliably_feasible', 'VECTOR_FIRST_HNSW': 'reliably_feasible', 'HNSW_HYBRID': 'reliably_feasible', 'IVFFLAT_HYBRID': 'not_reliably_feasible'}, 'evidence': [{'strategy': 'SQL_FIRST', 'feasibility': 'reliably_feasible', 'predicted_latency_ms': 86.927063, 'eligible': True, 'reason': 'Exact SQL-first remains the recall-safe fallback.', 'bucket': '>0.25_to_0.50', 'observed_minimum_recall': 1.0, 'observed_fraction_meeting_target': 1.0}, {'strategy': 'VECTOR_FIRST_HNSW', 'feasibility': 'reliably_feasible', 'predicted_latency_ms': 115.3344375, 'eligible': True, 'reason': 'Observed minimum recall 1.000 meets target 0.950.', 'bucket': '>0.25_to_0.50', 'observed_minimum_recall': 1.0, 'observed_fraction_meeting_target': 1.0}, {'strategy': 'HNSW_HYBRID', 'feasibility': 'reliably_feasible', 'predicted_latency_ms': 3.4165205, 'eligible': True, 'reason': 'Observed minimum recall 1.000 meets target 0.950.', 'bucket': '>0.25_to_0.50', 'observed_minimum_recall': 1.0, 'observed_fraction_meeting_target': 1.0}, {'strategy': 'IVFFLAT_HYBRID', 'feasibility': 'not_reliably_feasible', 'predicted_latency_ms': 51.243375, 'eligible': False, 'reason': 'Observed minimum recall 0.800 is below target 0.950.', 'bucket': '>0.25_to_0.50', 'observed_minimum_recall': 0.8, 'observed_fraction_meeting_target': 0.25}], 'calibration_source': 'sdao/results/db_baseline_20260814Tfinal', 'calibration_model_version': 'empirical_db_calibration_v1', 'decision_reason': 'Selected HNSW_HYBRID: lowest predicted latency among eligible strategies (SQL_FIRST, VECTOR_FIRST_HNSW, HNSW_HYBRID) in >0.25_to_0.50; Observed minimum recall 1.000 meets target 0.950.'}",497703,0.932708,0.09425,39.326791,>0.25_to_0.50,VECTOR_FIRST_HNSW,3.529834,12.959874,VECTOR_FIRST_HNSW,3.529834,12.959874
28,category == 'Laptop' and price < 500,HYBRID,HNSW_HYBRID,0.029153,0.028864,10,40.426167,234.8755,152.630709,1.0,"[103826, 907104, 521880, 423008, 265138, 886127, 703845, 785002, 742810, 66976]","[103826, 907104, 521880, 423008, 265138, 886127, 703845, 785002, 742810, 66976]",True,verified,sift1m_items_embedding_hnsw_l2_idx,['sift1m_items_embedding_hnsw_l2_idx'],"{'plan': [{'Plan': {'Node Type': 'Limit', 'Parallel Aware': False, 'Async Capable': False, 'Startup Cost': 663.08, 'Total Cost': 905.69, 'Plan Rows': 10, 'Plan Width': 12, 'Plans': [{'Node Type': 'Index Scan', 'Parent Relationship': 'Outer', 'Parallel Aware': False, 'Async Capable': False, 'Scan Direction': 'Forward', 'Index Name': 'sift1m_items_embedding_hnsw_l2_idx', 'Relation Name': 'sift1m_items', 'Alias': 'sift1m_items', 'Startup Cost': 663.08, 'Total Cost': 707937.02, 'Plan Rows': 29153, 'Plan Width': 12, 'Order By': ""(embedding <-> '[19,14,14,5,1,0,0,0,50,39,98,101,0,0,0,2,44,11,86,116,0,0,0,40,51,14,18,0,0,2,10,71,57,3,0,0,1,0,0,4,134,35,34,46,0,0,0,14,22,16,134,134,9,19,2,0,20,17,94,21,20,38,5,8,54,2,0,0,2,0,0,8,134,15,0,0,0,25,52,68,21,1,7,9,8,134,134,12,0,0,1,2,11,96,80,18,7,0,0,0,3,6,5,9,18,0,0,0,0,40,111,54,0,0,0,0,0,101,113,4,0,0,0,0,0,8,50,31]'::vector)"", 'Filter': ""((price < '500'::smallint) AND (category = 'Laptop'::text))""}]}}], 'plan_index_names': ['sift1m_items_embedding_hnsw_l2_idx'], 'plan_verification_status': 'verified', 'expected_index_name': 'sift1m_items_embedding_hnsw_l2_idx', 'wrong_ann_index_names': []}","{'index': 'hnsw', 'index_name': 'sift1m_items_embedding_hnsw_l2_idx', 'session_settings': {'hnsw.ef_search': 100, 'ivfflat.probes': 1000, 'hnsw.iterative_scan': 'strict_order', 'hnsw.max_scan_tuples': 20000}}",16.14 (Debian 16.14-1.pgdg12+1),0.8.5,"{'query_id': 28, 'predicate': ""category == 'Laptop' and price < 500"", 'top_k': 10, 'estimated_selectivity': 0.029153, 'target_recall': 0.95, 'selected_strategy': 'HNSW_HYBRID', 'predicted_latency_ms': 263.4944375, 'candidate_strategies': ['SQL_FIRST', 'HNSW_HYBRID'], 'rejected_strategies': ['VECTOR_FIRST_HNSW', 'IVFFLAT_HYBRID'], 'rejection_reasons': {'VECTOR_FIRST_HNSW': 'Observed minimum recall 0.100 is below target 0.950.', 'IVFFLAT_HYBRID': 'Observed minimum recall 0.800 is below target 0.950.'}, 'recall_feasibility': {'SQL_FIRST': 'reliably_feasible', 'VECTOR_FIRST_HNSW': 'not_reliably_feasible', 'HNSW_HYBRID': 'reliably_feasible', 'IVFFLAT_HYBRID': 'not_reliably_feasible'}, 'evidence': [{'strategy': 'SQL_FIRST', 'feasibility': 'reliably_feasible', 'predicted_latency_ms': 523.07425, 'eligible': True, 'reason': 'Exact SQL-first remains the recall-safe fallback.', 'bucket': '<=0.05', 'observed_minimum_recall': 1.0, 'observed_fraction_meeting_target': 1.0}, {'strategy': 'VECTOR_FIRST_HNSW', 'feasibility': 'not_reliably_feasible', 'predicted_latency_ms': 139.80264599999998, 'eligible': False, 'reason': 'Observed minimum recall 0.100 is below target 0.950.', 'bucket': '<=0.05', 'observed_minimum_recall': 0.1, 'observed_fraction_meeting_target': 0.0}, {'strategy': 'HNSW_HYBRID', 'feasibility': 'reliably_feasible', 'predicted_latency_ms': 263.4944375, 'eligible': True, 'reason': 'Observed minimum recall 1.000 meets target 0.950.', 'bucket': '<=0.05', 'observed_minimum_recall': 1.0, 'observed_fraction_meeting_target': 1.0}, {'strategy': 'IVFFLAT_HYBRID', 'feasibility': 'not_reliably_feasible', 'predicted_latency_ms': 55.7631455, 'eligible': False, 'reason': 'Observed minimum recall 0.800 is below target 0.950.', 'bucket': '<=0.05', 'observed_minimum_recall': 0.8, 'observed_fraction_meeting_target': 0.5}], 'calibration_source': 'sdao/results/db_baseline_20260814Tfinal', 'calibration_model_version': 'empirical_db_calibration_v1', 'decision_reason': 'Selected HNSW_HYBRID: lowest predicted latency among eligible strategies (SQL_FIRST, HNSW_HYBRID) in <=0.05; Observed minimum recall 1.000 meets target 0.950.'}",29153,1.028459,0.037584,235.941543,<=0.05,HNSW_HYBRID,22.469209,17.956958,VECTOR_FIRST_HNSW,10.025625,30.400542
29,brand == 'Apple' and rating > 4,HYBRID,HNSW_HYBRID,0.030093,0.029805,10,53.876625,222.159125,153.251667,1.0,"[637976, 602775, 770465, 667296, 568015, 102666, 535118, 7766, 963972, 820522]","[637976, 602775, 770465, 667296, 568015, 102666, 535118, 7766, 963972, 820522]",True,verified,sift1m_items_embedding_hnsw_l2_idx,['sift1m_items_embedding_hnsw_l2_idx'],"{'plan': [{'Plan': {'Node Type': 'Limit', 'Parallel Aware': False, 'Async Capable': False, 'Startup Cost': 663.08, 'Total Cost': 898.11, 'Plan Rows': 10, 'Plan Width': 12, 'Plans': [{'Node Type': 'Index Scan', 'Parent Relationship': 'Outer', 'Parallel Aware': False, 'Async Capable': False, 'Scan Direction': 'Forward', 'Index Name': 'sift1m_items_embedding_hnsw_l2_idx', 'Relation Name': 'sift1m_items', 'Alias': 'sift1m_items', 'Startup Cost': 663.08, 'Total Cost': 707939.37, 'Plan Rows': 30093, 'Plan Width': 12, 'Order By': ""(embedding <-> '[52,15,18,10,0,1,0,10,15,19,134,73,1,0,0,1,1,25,134,10,0,0,0,0,0,11,130,23,0,0,0,0,134,16,10,4,1,0,0,69,134,40,134,32,0,0,0,104,1,19,134,9,0,0,0,3,0,11,134,71,22,0,1,0,102,64,6,9,0,0,0,16,134,62,0,0,0,0,0,76,11,0,1,0,0,0,2,30,0,0,0,15,64,3,1,1,89,19,1,32,4,0,0,10,134,30,7,9,0,0,0,36,5,1,8,14,0,0,4,58,2,0,0,7,14,0,2,9]'::vector)"", 'Filter': ""((rating > '4'::double precision) AND (brand = 'Apple'::text))""}]}}], 'plan_index_names': ['sift1m_items_embedding_hnsw_l2_idx'], 'plan_verification_status': 'verified', 'expected_index_name': 'sift1m_items_embedding_hnsw_l2_idx', 'wrong_ann_index_names': []}","{'index': 'hnsw', 'index_name': 'sift1m_items_embedding_hnsw_l2_idx', 'session_settings': {'hnsw.ef_search': 100, 'ivfflat.probes': 1000, 'hnsw.iterative_scan': 'strict_order', 'hnsw.max_scan_tuples': 20000}}",16.14 (Debian 16.14-1.pgdg12+1),0.8.5,"{'query_id': 29, 'predicate': ""brand == 'Apple' and rating > 4"", 'top_k': 10, 'estimated_selectivity': 0.030093, 'target_recall': 0.95, 'selected_strategy': 'HNSW_HYBRID', 'predicted_latency_ms': 263.4944375, 'candidate_strategies': ['SQL_FIRST', 'HNSW_HYBRID'], 'rejected_strategies': ['VECTOR_FIRST_HNSW', 'IVFFLAT_HYBRID'], 'rejection_reasons': {'VECTOR_FIRST_HNSW': 'Observed minimum recall 0.100 is below target 0.950.', 'IVFFLAT_HYBRID': 'Observed minimum recall 0.800 is below target 0.950.'}, 'recall_feasibility': {'SQL_FIRST': 'reliably_feasible', 'VECTOR_FIRST_HNSW': 'not_reliably_feasible', 'HNSW_HYBRID': 'reliably_feasible', 'IVFFLAT_HYBRID': 'not_reliably_feasible'}, 'evidence': [{'strategy': 'SQL_FIRST', 'feasibility': 'reliably_feasible', 'predicted_latency_ms': 523.07425, 'eligible': True, 'reason': 'Exact SQL-first remains the recall-safe fallback.', 'bucket': '<=0.05', 'observed_minimum_recall': 1.0, 'observed_fraction_meeting_target': 1.0}, {'strategy': 'VECTOR_FIRST_HNSW', 'feasibility': 'not_reliably_feasible', 'predicted_latency_ms': 139.80264599999998, 'eligible': False, 'reason': 'Observed minimum recall 0.100 is below target 0.950.', 'bucket': '<=0.05', 'observed_minimum_recall': 0.1, 'observed_fraction_meeting_target': 0.0}, {'strategy': 'HNSW_HYBRID', 'feasibility': 'reliably_feasible', 'predicted_latency_ms': 263.4944375, 'eligible': True, 'reason': 'Observed minimum recall 1.000 meets target 0.950.', 'bucket': '<=0.05', 'observed_minimum_recall': 1.0, 'observed_fraction_meeting_target': 1.0}, {'strategy': 'IVFFLAT_HYBRID', 'feasibility': 'not_reliably_feasible', 'predicted_latency_ms': 55.7631455, 'eligible': False, 'reason': 'Observed minimum recall 0.800 is below target 0.950.', 'bucket': '<=0.05', 'observed_minimum_recall': 0.8, 'observed_fraction_meeting_target': 0.5}], 'calibration_source': 'sdao/results/db_baseline_20260814Tfinal', 'calibration_model_version': 'empirical_db_calibration_v1', 'decision_reason': 'Selected HNSW_HYBRID: lowest predicted latency among eligible strategies (SQL_FIRST, HNSW_HYBRID) in <=0.05; Observed minimum recall 1.000 meets target 0.950.'}",30093,1.588416,0.11425,223.86179099999998,<=0.05,IVFFLAT_HYBRID,11.302584,42.574040999999994,VECTOR_FIRST_HNSW,7.08975,46.786874999999995
30,category == 'Phone' and stock == True,HYBRID,SQL_FIRST,0.061566,0.062437,10,52.182208,106.43,51.895833,1.0,"[516922, 502151, 823965, 525648, 117162, 285066, 518323, 329033, 719126, 440932]","[516922, 502151, 823965, 525648, 117162, 285066, 518323, 329033, 719126, 440932]",True,verified,,[],"{'plan': [{'Plan': {'Node Type': 'Limit', 'Parallel Aware': False, 'Async Capable': False, 'Startup Cost': 78255.85, 'Total Cost': 78257.02, 'Plan Rows': 10, 'Plan Width': 12, 'Plans': [{'Node Type': 'Gather Merge', 'Parent Relationship': 'Outer', 'Parallel Aware': False, 'Async Capable': False, 'Startup Cost': 78255.85, 'Total Cost': 84241.73, 'Plan Rows': 51304, 'Plan Width': 12, 'Workers Planned': 2, 'Plans': [{'Node Type': 'Sort', 'Parent Relationship': 'Outer', 'Parallel Aware': False, 'Async Capable': False, 'Startup Cost': 77255.83, 'Total Cost': 77319.96, 'Plan Rows': 25652, 'Plan Width': 12, 'Sort Key': [""((embedding <-> '[24,58,106,19,2,2,5,6,2,39,125,63,2,1,4,1,2,43,111,118,69,0,0,0,10,1,0,26,39,0,0,6,57,18,9,6,2,10,72,100,79,52,34,17,2,8,41,39,30,29,18,75,125,49,9,2,28,26,7,27,125,11,0,6,87,11,0,0,0,0,38,58,81,33,0,0,0,60,125,66,8,7,0,2,84,125,125,0,74,7,0,2,71,42,0,31,8,0,0,0,0,1,41,18,2,2,0,0,0,20,97,14,2,4,1,6,11,26,31,1,15,0,0,10,20,2,0,11]'::vector))"", 'id'], 'Plans': [{'Node Type': 'Seq Scan', 'Parent Relationship': 'Outer', 'Parallel Aware': True, 'Async Capable': False, 'Relation Name': 'sift1m_items', 'Alias': 'sift1m_items', 'Startup Cost': 0.0, 'Total Cost': 76701.49, 'Plan Rows': 25652, 'Plan Width': 12, 'Filter': ""(stock AND (category = 'Phone'::text))""}]}]}]}}], 'plan_index_names': [], 'plan_verification_status': 'verified', 'expected_index_name': None, 'wrong_ann_index_names': []}","{'index': 'exact-l2-sequential', 'index_name': None, 'session_settings': {'enable_indexscan': 'off'}}",16.14 (Debian 16.14-1.pgdg12+1),0.8.5,"{'query_id': 30, 'predicate': ""category == 'Phone' and stock == True"", 'top_k': 10, 'estimated_selectivity': 0.061566, 'target_recall': 0.95, 'selected_strategy': 'SQL_FIRST', 'predicted_latency_ms': 330.761417, 'candidate_strategies': ['SQL_FIRST'], 'rejected_strategies': ['VECTOR_FIRST_HNSW', 'HNSW_HYBRID', 'IVFFLAT_HYBRID'], 'rejection_reasons': {'VECTOR_FIRST_HNSW': 'Observed minimum recall 0.400 is below target 0.950.', 'HNSW_HYBRID': 'Observed minimum recall 0.900 is below target 0.950.', 'IVFFLAT_HYBRID': 'Observed minimum recall 0.600 is below target 0.950.'}, 'recall_feasibility': {'SQL_FIRST': 'reliably_feasible', 'VECTOR_FIRST_HNSW': 'not_reliably_feasible', 'HNSW_HYBRID': 'not_reliably_feasible', 'IVFFLAT_HYBRID': 'not_reliably_feasible'}, 'evidence': [{'strategy': 'SQL_FIRST', 'feasibility': 'reliably_feasible', 'predicted_latency_ms': 330.761417, 'eligible': True, 'reason': 'Exact SQL-first remains the recall-safe fallback.', 'bucket': '>0.05_to_0.10', 'observed_minimum_recall': 1.0, 'observed_fraction_meeting_target': 1.0}, {'strategy': 'VECTOR_FIRST_HNSW', 'feasibility': 'not_reliably_feasible', 'predicted_latency_ms': 110.51025, 'eligible': False, 'reason': 'Observed minimum recall 0.400 is below target 0.950.', 'bucket': '>0.05_to_0.10', 'observed_minimum_recall': 0.4, 'observed_fraction_meeting_target': 0.0}, {'strategy': 'HNSW_HYBRID', 'feasibility': 'not_reliably_feasible', 'predicted_latency_ms': 175.575292, 'eligible': False, 'reason': 'Observed minimum recall 0.900 is below target 0.950.', 'bucket': '>0.05_to_0.10', 'observed_minimum_recall': 0.9, 'observed_fraction_meeting_target': 0.3333333333333333}, {'strategy': 'IVFFLAT_HYBRID', 'feasibility': 'not_reliably_feasible', 'predicted_latency_ms': 27.591875, 'eligible': False, 'reason': 'Observed minimum recall 0.600 is below target 0.950.', 'bucket': '>0.05_to_0.10', 'observed_minimum_recall': 0.6, 'observed_fraction_meeting_target': 0.0}], 'calibration_source': 'sdao/results/db_baseline_20260814Tfinal', 'calibration_model_version': 'empirical_db_calibration_v1', 'decision_reason': 'Selected SQL_FIRST: lowest predicted latency among eligible strategies (SQL_FIRST) in >0.05_to_0.10; Exact SQL-first remains the recall-safe fallback.'}",61566,1.170708,0.094042,107.69475000000001,>0.05_to_0.10,SQL_FIRST,51.705708,0.4765000000000015,IVFFLAT_HYBRID,8.772167,43.41004100000001
31,category == 'TV' and price < 1000,HYBRID,SQL_FIRST,0.060565,0.061215,10,53.542917,272.865167,51.123417,1.0,"[5559, 4995, 401179, 633839, 787668, 323878, 458050, 489718, 697926, 619377]","[5559, 4995, 401179, 633839, 787668, 323878, 458050, 489718, 697926, 619377]",True,verified,,[],"{'plan': [{'Plan': {'Node Type': 'Limit', 'Parallel Aware': False, 'Async Capable': False, 'Startup Cost': 79287.47, 'Total Cost': 79288.63, 'Plan Rows': 10, 'Plan Width': 12, 'Plans': [{'Node Type': 'Gather Merge', 'Parent Relationship': 'Outer', 'Parallel Aware': False, 'Async Capable': False, 'Startup Cost': 79287.47, 'Total Cost': 85176.05, 'Plan Rows': 50470, 'Plan Width': 12, 'Workers Planned': 2, 'Plans': [{'Node Type': 'Sort', 'Parent Relationship': 'Outer', 'Parallel Aware': False, 'Async Capable': False, 'Startup Cost': 78287.44, 'Total Cost': 78350.53, 'Plan Rows': 25235, 'Plan Width': 12, 'Sort Key': [""((embedding <-> '[41,19,6,51,35,1,2,7,0,7,46,73,32,0,0,0,2,11,111,17,2,0,0,0,68,41,40,4,0,8,4,2,63,13,3,11,19,9,90,95,51,81,110,26,18,3,15,17,1,31,117,10,16,75,10,0,8,26,55,5,2,117,36,0,97,9,0,0,4,8,36,68,100,17,0,0,7,13,91,117,9,1,0,0,101,117,17,11,0,0,0,0,13,117,21,1,3,0,0,0,0,0,19,19,117,0,0,0,11,9,42,99,28,0,0,0,117,106,9,23,1,0,0,0,9,30,2,1]'::vector))"", 'id'], 'Plans': [{'Node Type': 'Seq Scan', 'Parent Relationship': 'Outer', 'Parallel Aware': True, 'Async Capable': False, 'Relation Name': 'sift1m_items', 'Alias': 'sift1m_items', 'Startup Cost': 0.0, 'Total Cost': 77742.12, 'Plan Rows': 25235, 'Plan Width': 12, 'Filter': ""((price < '1000'::smallint) AND (category = 'TV'::text))""}]}]}]}}], 'plan_index_names': [], 'plan_verification_status': 'verified', 'expected_index_name': None, 'wrong_ann_index_names': []}","{'index': 'exact-l2-sequential', 'index_name': None, 'session_settings': {'enable_indexscan': 'off'}}",16.14 (Debian 16.14-1.pgdg12+1),0.8.5,"{'query_id': 31, 'predicate': ""category == 'TV' and price < 1000"", 'top_k': 10, 'estimated_selectivity': 0.060565, 'target_recall': 0.95, 'selected_strategy': 'SQL_FIRST', 'predicted_latency_ms': 330.761417, 'candidate_strategies': ['SQL_FIRST'], 'rejected_strategies': ['VECTOR_FIRST_HNSW', 'HNSW_HYBRID', 'IVFFLAT_HYBRID'], 'rejection_reasons': {'VECTOR_FIRST_HNSW': 'Observed minimum recall 0.400 is below target 0.950.', 'HNSW_HYBRID': 'Observed minimum recall 0.900 is below target 0.950.', 'IVFFLAT_HYBRID': 'Observed minimum recall 0.600 is below target 0.950.'}, 'recall_feasibility': {'SQL_FIRST': 'reliably_feasible', 'VECTOR_FIRST_HNSW': 'not_reliably_feasible', 'HNSW_HYBRID': 'not_reliably_feasible', 'IVFFLAT_HYBRID': 'not_reliably_feasible'}, 'evidence': [{'strategy': 'SQL_FIRST', 'feasibility': 'reliably_feasible', 'predicted_latency_ms': 330.761417, 'eligible': True, 'reason': 'Exact SQL-first remains the recall-safe fallback.', 'bucket': '>0.05_to_0.10', 'observed_minimum_recall': 1.0, 'observed_fraction_meeting_target': 1.0}, {'strategy': 'VECTOR_FIRST_HNSW', 'feasibility': 'not_reliably_feasible', 'predicted_latency_ms': 110.51025, 'eligible': False, 'reason': 'Observed minimum recall 0.400 is below target 0.950.', 'bucket': '>0.05_to_0.10', 'observed_minimum_recall': 0.4, 'observed_fraction_meeting_target': 0.0}, {'strategy': 'HNSW_HYBRID', 'feasibility': 'not_reliably_feasible', 'predicted_latency_ms': 175.575292, 'eligible': False, 'reason': 'Observed minimum recall 0.900 is below target 0.950.', 'bucket': '>0.05_to_0.10', 'observed_minimum_recall': 0.9, 'observed_fraction_meeting_target': 0.3333333333333333}, {'strategy': 'IVFFLAT_HYBRID', 'feasibility': 'not_reliably_feasible', 'predicted_latency_ms': 27.591875, 'eligible': False, 'reason': 'Observed minimum recall 0.600 is below target 0.950.', 'bucket': '>0.05_to_0.10', 'observed_minimum_recall': 0.6, 'observed_fraction_meeting_target': 0.0}], 'calibration_source': 'sdao/results/db_baseline_20260814Tfinal', 'calibration_model_version': 'empirical_db_calibration_v1', 'decision_reason': 'Selected SQL_FIRST: lowest predicted latency among eligible strategies (SQL_FIRST) in >0.05_to_0.10; Exact SQL-first remains the recall-safe fallback.'}",60565,1.083167,0.087292,274.035626,>0.05_to_0.10,HNSW_HYBRID,29.067292,24.475625000000004,IVFFLAT_HYBRID,6.91875,46.624167
