ts_utc,phase,repetition,query_id,strategy,template,category,price_limit,in_stock,target_bucket_idx,estimated_selectivity,bucket,latency_ms,recall_at_10,plan_verified,access_path,adaptive_selected,is_adaptive_selection
2026-08-30T19:54:00.608+00:00,calibration,0,48,SQL_FIRST,category_narrow_price,category_00,955,True,0,0.005265,"[0.00,0.05)",2.701042,1.0,True,exact_bitmap,,False
2026-08-30T19:54:00.634+00:00,calibration,0,48,VECTOR_FIRST_HNSW,category_narrow_price,category_00,955,True,0,0.005265,"[0.00,0.05)",25.487958,0.2,False,exact_bitmap,,False
2026-08-30T19:54:00.638+00:00,calibration,0,48,HNSW_HYBRID,category_narrow_price,category_00,955,True,0,0.005265,"[0.00,0.05)",2.628208,1.0,False,exact_bitmap,,False
2026-08-30T19:54:00.640+00:00,calibration,0,48,IVFFLAT_HYBRID,category_narrow_price,category_00,955,True,0,0.005265,"[0.00,0.05)",2.133916,1.0,False,exact_bitmap,,False
2026-08-30T19:54:00.756+00:00,calibration,0,221,SQL_FIRST,wide_or,category_07,222,False,4,0.64692,"[0.50,1.00)",22.560291,1.0,True,exact_seq,,False
2026-08-30T19:54:00.779+00:00,calibration,0,221,VECTOR_FIRST_HNSW,wide_or,category_07,222,False,4,0.64692,"[0.50,1.00)",23.135167,1.0,False,exact_bitmap,,False
2026-08-30T19:54:00.803+00:00,calibration,0,221,HNSW_HYBRID,wide_or,category_07,222,False,4,0.64692,"[0.50,1.00)",22.534375,1.0,False,exact_seq,,False
2026-08-30T19:54:00.827+00:00,calibration,0,221,IVFFLAT_HYBRID,wide_or,category_07,222,False,4,0.64692,"[0.50,1.00)",22.6435,1.0,False,exact_seq,,False
2026-08-30T19:54:00.861+00:00,calibration,0,18,SQL_FIRST,category_narrow_price,category_06,940,False,0,0.00492,"[0.00,0.05)",2.079875,1.0,True,exact_bitmap,,False
2026-08-30T19:54:00.885+00:00,calibration,0,18,VECTOR_FIRST_HNSW,category_narrow_price,category_06,940,False,0,0.00492,"[0.00,0.05)",23.420041,0.1,False,exact_bitmap,,False
2026-08-30T19:54:00.889+00:00,calibration,0,18,HNSW_HYBRID,category_narrow_price,category_06,940,False,0,0.00492,"[0.00,0.05)",2.554792,1.0,False,exact_bitmap,,False
2026-08-30T19:54:00.891+00:00,calibration,0,18,IVFFLAT_HYBRID,category_narrow_price,category_06,940,False,0,0.00492,"[0.00,0.05)",2.100458,1.0,False,exact_bitmap,,False
2026-08-30T19:54:00.955+00:00,calibration,0,24,SQL_FIRST,category_and_stock,category_05,178,False,0,0.049935,"[0.00,0.05)",10.282333,1.0,True,exact_bitmap,,False
2026-08-30T19:54:00.983+00:00,calibration,0,24,VECTOR_FIRST_HNSW,category_and_stock,category_05,178,False,0,0.049935,"[0.00,0.05)",26.355625,0.7,False,exact_bitmap,,False
2026-08-30T19:54:00.994+00:00,calibration,0,24,HNSW_HYBRID,category_and_stock,category_05,178,False,0,0.049935,"[0.00,0.05)",9.807833,1.0,False,exact_bitmap,,False
2026-08-30T19:54:01.004+00:00,calibration,0,24,IVFFLAT_HYBRID,category_and_stock,category_05,178,False,0,0.049935,"[0.00,0.05)",9.649041,1.0,False,exact_bitmap,,False
2026-08-30T19:54:01.077+00:00,calibration,0,128,SQL_FIRST,price_range_mid,category_06,991,False,2,0.101095,"[0.10,0.25)",11.29325,1.0,True,exact_bitmap,,False
2026-08-30T19:54:01.102+00:00,calibration,0,128,VECTOR_FIRST_HNSW,price_range_mid,category_06,991,False,2,0.101095,"[0.10,0.25)",23.456792,0.9,False,exact_bitmap,,False
2026-08-30T19:54:01.116+00:00,calibration,0,128,HNSW_HYBRID,price_range_mid,category_06,991,False,2,0.101095,"[0.10,0.25)",11.323667,1.0,False,exact_bitmap,,False
2026-08-30T19:54:01.128+00:00,calibration,0,128,IVFFLAT_HYBRID,price_range_mid,category_06,991,False,2,0.101095,"[0.10,0.25)",11.552041,1.0,False,exact_bitmap,,False
2026-08-30T19:54:01.190+00:00,calibration,0,2,SQL_FIRST,category_and_stock,category_02,264,True,0,0.049565,"[0.00,0.05)",8.652,1.0,True,exact_bitmap,,False
2026-08-30T19:54:01.216+00:00,calibration,0,2,VECTOR_FIRST_HNSW,category_and_stock,category_02,264,True,0,0.049565,"[0.00,0.05)",24.40125,0.3,False,exact_bitmap,,False
2026-08-30T19:54:01.226+00:00,calibration,0,2,HNSW_HYBRID,category_and_stock,category_02,264,True,0,0.049565,"[0.00,0.05)",8.799917,1.0,False,exact_bitmap,,False
2026-08-30T19:54:01.237+00:00,calibration,0,2,IVFFLAT_HYBRID,category_and_stock,category_02,264,True,0,0.049565,"[0.00,0.05)",8.940208,1.0,False,exact_bitmap,,False
2026-08-30T19:54:01.330+00:00,calibration,0,173,SQL_FIRST,three_categories,category_06,41,False,3,0.269895,"[0.25,0.50)",16.4615,1.0,True,exact_bitmap,,False
2026-08-30T19:54:01.354+00:00,calibration,0,173,VECTOR_FIRST_HNSW,three_categories,category_06,41,False,3,0.269895,"[0.25,0.50)",23.054667,1.0,False,exact_bitmap,,False
2026-08-30T19:54:01.372+00:00,calibration,0,173,HNSW_HYBRID,three_categories,category_06,41,False,3,0.269895,"[0.25,0.50)",16.648583,1.0,False,exact_bitmap,,False
2026-08-30T19:54:01.391+00:00,calibration,0,173,IVFFLAT_HYBRID,three_categories,category_06,41,False,3,0.269895,"[0.25,0.50)",17.540209,1.0,False,exact_bitmap,,False
2026-08-30T19:54:01.488+00:00,calibration,0,160,SQL_FIRST,three_categories,category_07,624,True,3,0.27019,"[0.25,0.50)",17.7985,1.0,True,exact_bitmap,,False
2026-08-30T19:54:01.516+00:00,calibration,0,160,VECTOR_FIRST_HNSW,three_categories,category_07,624,True,3,0.27019,"[0.25,0.50)",25.67,1.0,False,exact_bitmap,,False
2026-08-30T19:54:01.533+00:00,calibration,0,160,HNSW_HYBRID,three_categories,category_07,624,True,3,0.27019,"[0.25,0.50)",16.43275,1.0,False,exact_bitmap,,False
2026-08-30T19:54:01.551+00:00,calibration,0,160,IVFFLAT_HYBRID,three_categories,category_07,624,True,3,0.27019,"[0.25,0.50)",16.429541,1.0,False,exact_bitmap,,False
2026-08-30T19:54:01.658+00:00,calibration,0,193,SQL_FIRST,three_categories,category_00,267,False,3,0.271845,"[0.25,0.50)",26.242416,1.0,True,exact_bitmap,,False
2026-08-30T19:54:01.683+00:00,calibration,0,193,VECTOR_FIRST_HNSW,three_categories,category_00,267,False,3,0.271845,"[0.25,0.50)",23.714084,1.0,False,exact_bitmap,,False
2026-08-30T19:54:01.701+00:00,calibration,0,193,HNSW_HYBRID,three_categories,category_00,267,False,3,0.271845,"[0.25,0.50)",16.483,1.0,False,exact_bitmap,,False
2026-08-30T19:54:01.719+00:00,calibration,0,193,IVFFLAT_HYBRID,three_categories,category_00,267,False,3,0.271845,"[0.25,0.50)",16.376541,1.0,False,exact_bitmap,,False
2026-08-30T19:54:01.822+00:00,calibration,0,227,SQL_FIRST,stock_alone,category_02,254,True,4,0.500835,"[0.50,1.00)",19.351708,1.0,True,exact_seq,,False
2026-08-30T19:54:01.847+00:00,calibration,0,227,VECTOR_FIRST_HNSW,stock_alone,category_02,254,True,4,0.500835,"[0.50,1.00)",24.191792,1.0,False,exact_bitmap,,False
2026-08-30T19:54:01.892+00:00,calibration,0,227,HNSW_HYBRID,stock_alone,category_02,254,True,4,0.500835,"[0.50,1.00)",43.515792,1.0,False,exact_seq,,False
2026-08-30T19:54:01.913+00:00,calibration,0,227,IVFFLAT_HYBRID,stock_alone,category_02,254,True,4,0.500835,"[0.50,1.00)",19.618458,1.0,False,exact_seq,,False
2026-08-30T19:54:02.053+00:00,calibration,0,245,SQL_FIRST,wide_or,category_07,988,False,4,0.99429,"[0.50,1.00)",27.500541,1.0,True,exact_seq,,False
2026-08-30T19:54:02.079+00:00,calibration,0,245,VECTOR_FIRST_HNSW,wide_or,category_07,988,False,4,0.99429,"[0.50,1.00)",24.091375,1.0,False,exact_bitmap,,False
2026-08-30T19:54:02.109+00:00,calibration,0,245,HNSW_HYBRID,wide_or,category_07,988,False,4,0.99429,"[0.50,1.00)",28.672042,1.0,False,exact_seq,,False
2026-08-30T19:54:02.137+00:00,calibration,0,245,IVFFLAT_HYBRID,wide_or,category_07,988,False,4,0.99429,"[0.50,1.00)",27.977375,1.0,False,exact_seq,,False
2026-08-30T19:54:02.264+00:00,calibration,0,237,SQL_FIRST,wide_or,category_00,270,False,4,0.669935,"[0.50,1.00)",25.821708,1.0,True,exact_seq,,False
2026-08-30T19:54:02.289+00:00,calibration,0,237,VECTOR_FIRST_HNSW,wide_or,category_00,270,False,4,0.669935,"[0.50,1.00)",23.605958,1.0,False,exact_bitmap,,False
2026-08-30T19:54:02.314+00:00,calibration,0,237,HNSW_HYBRID,wide_or,category_00,270,False,4,0.669935,"[0.50,1.00)",23.145792,1.0,False,exact_seq,,False
2026-08-30T19:54:02.338+00:00,calibration,0,237,IVFFLAT_HYBRID,wide_or,category_00,270,False,4,0.669935,"[0.50,1.00)",23.122166,1.0,False,exact_seq,,False
2026-08-30T19:54:02.439+00:00,calibration,0,119,SQL_FIRST,two_categories,category_01,64,False,2,0.197635,"[0.10,0.25)",19.074416,1.0,True,exact_bitmap,,False
2026-08-30T19:54:02.465+00:00,calibration,0,119,VECTOR_FIRST_HNSW,two_categories,category_01,64,False,2,0.197635,"[0.10,0.25)",24.260542,1.0,False,exact_bitmap,,False
2026-08-30T19:54:02.487+00:00,calibration,0,119,HNSW_HYBRID,two_categories,category_01,64,False,2,0.197635,"[0.10,0.25)",20.81025,1.0,False,exact_bitmap,,False
2026-08-30T19:54:02.508+00:00,calibration,0,119,IVFFLAT_HYBRID,two_categories,category_01,64,False,2,0.197635,"[0.10,0.25)",20.254542,1.0,False,exact_bitmap,,False
2026-08-30T19:54:02.546+00:00,calibration,0,3,SQL_FIRST,category_narrow_price,category_00,221,False,0,0.005185,"[0.00,0.05)",2.380209,1.0,True,exact_bitmap,,False
2026-08-30T19:54:02.573+00:00,calibration,0,3,VECTOR_FIRST_HNSW,category_narrow_price,category_00,221,False,0,0.005185,"[0.00,0.05)",25.324292,0.1,False,exact_bitmap,,False
2026-08-30T19:54:02.577+00:00,calibration,0,3,HNSW_HYBRID,category_narrow_price,category_00,221,False,0,0.005185,"[0.00,0.05)",2.616209,1.0,False,exact_bitmap,,False
2026-08-30T19:54:02.580+00:00,calibration,0,3,IVFFLAT_HYBRID,category_narrow_price,category_00,221,False,0,0.005185,"[0.00,0.05)",2.193792,1.0,False,exact_bitmap,,False
2026-08-30T19:54:02.692+00:00,calibration,0,216,SQL_FIRST,wide_or,category_01,57,True,4,0.571365,"[0.50,1.00)",21.644458,1.0,True,exact_seq,,False
2026-08-30T19:54:02.717+00:00,calibration,0,216,VECTOR_FIRST_HNSW,wide_or,category_01,57,True,4,0.571365,"[0.50,1.00)",22.992875,1.0,False,exact_bitmap,,False
2026-08-30T19:54:02.739+00:00,calibration,0,216,HNSW_HYBRID,wide_or,category_01,57,True,4,0.571365,"[0.50,1.00)",21.375292,1.0,False,exact_seq,,False
2026-08-30T19:54:02.762+00:00,calibration,0,216,IVFFLAT_HYBRID,wide_or,category_01,57,True,4,0.571365,"[0.50,1.00)",21.43275,1.0,False,exact_seq,,False
2026-08-30T19:54:02.890+00:00,calibration,0,214,SQL_FIRST,wide_or,category_04,689,True,4,0.85727,"[0.50,1.00)",27.129042,1.0,True,exact_seq,,False
2026-08-30T19:54:02.915+00:00,calibration,0,214,VECTOR_FIRST_HNSW,wide_or,category_04,689,True,4,0.85727,"[0.50,1.00)",24.097625,1.0,False,exact_bitmap,,False
2026-08-30T19:54:02.942+00:00,calibration,0,214,HNSW_HYBRID,wide_or,category_04,689,True,4,0.85727,"[0.50,1.00)",25.518583,1.0,False,exact_seq,,False
2026-08-30T19:54:02.971+00:00,calibration,0,214,IVFFLAT_HYBRID,wide_or,category_04,689,True,4,0.85727,"[0.50,1.00)",28.079625,1.0,False,exact_seq,,False
2026-08-30T19:54:03.083+00:00,calibration,0,116,SQL_FIRST,two_categories,category_00,613,True,2,0.202065,"[0.10,0.25)",18.138834,1.0,True,exact_bitmap,,False
2026-08-30T19:54:03.107+00:00,calibration,0,116,VECTOR_FIRST_HNSW,two_categories,category_00,613,True,2,0.202065,"[0.10,0.25)",23.229333,1.0,False,exact_bitmap,,False
2026-08-30T19:54:03.127+00:00,calibration,0,116,HNSW_HYBRID,two_categories,category_00,613,True,2,0.202065,"[0.10,0.25)",18.184625,1.0,False,exact_bitmap,,False
2026-08-30T19:54:03.147+00:00,calibration,0,116,IVFFLAT_HYBRID,two_categories,category_00,613,True,2,0.202065,"[0.10,0.25)",19.314375,1.0,False,exact_bitmap,,False
2026-08-30T19:54:03.185+00:00,calibration,0,5,SQL_FIRST,category_narrow_price,category_05,582,True,0,0.00503,"[0.00,0.05)",2.289458,1.0,True,exact_bitmap,,False
2026-08-30T19:54:03.209+00:00,calibration,0,5,VECTOR_FIRST_HNSW,category_narrow_price,category_05,582,True,0,0.00503,"[0.00,0.05)",23.446625,0.1,False,exact_bitmap,,False
2026-08-30T19:54:03.213+00:00,calibration,0,5,HNSW_HYBRID,category_narrow_price,category_05,582,True,0,0.00503,"[0.00,0.05)",2.714959,1.0,False,exact_bitmap,,False
2026-08-30T19:54:03.216+00:00,calibration,0,5,IVFFLAT_HYBRID,category_narrow_price,category_05,582,True,0,0.00503,"[0.00,0.05)",2.508792,1.0,False,exact_bitmap,,False
2026-08-30T19:54:03.309+00:00,calibration,0,153,SQL_FIRST,three_categories,category_05,343,True,3,0.271,"[0.25,0.50)",16.622667,1.0,True,exact_bitmap,,False
2026-08-30T19:54:03.333+00:00,calibration,0,153,VECTOR_FIRST_HNSW,three_categories,category_05,343,True,3,0.271,"[0.25,0.50)",22.992333,1.0,False,exact_bitmap,,False
2026-08-30T19:54:03.353+00:00,calibration,0,153,HNSW_HYBRID,three_categories,category_05,343,True,3,0.271,"[0.25,0.50)",17.711459,1.0,False,exact_bitmap,,False
2026-08-30T19:54:03.373+00:00,calibration,0,153,IVFFLAT_HYBRID,three_categories,category_05,343,True,3,0.271,"[0.25,0.50)",19.340083,1.0,False,exact_bitmap,,False
2026-08-30T19:54:03.478+00:00,calibration,0,154,SQL_FIRST,category_or_price,category_06,271,True,3,0.339085,"[0.25,0.50)",18.888167,1.0,True,exact_seq,,False
2026-08-30T19:54:03.503+00:00,calibration,0,154,VECTOR_FIRST_HNSW,category_or_price,category_06,271,True,3,0.339085,"[0.25,0.50)",23.348833,1.0,False,exact_bitmap,,False
2026-08-30T19:54:03.523+00:00,calibration,0,154,HNSW_HYBRID,category_or_price,category_06,271,True,3,0.339085,"[0.25,0.50)",18.88675,1.0,False,exact_seq,,False
2026-08-30T19:54:03.544+00:00,calibration,0,154,IVFFLAT_HYBRID,category_or_price,category_06,271,True,3,0.339085,"[0.25,0.50)",20.202625,1.0,False,exact_seq,,False
2026-08-30T19:54:03.621+00:00,calibration,0,71,SQL_FIRST,single_category,category_06,863,True,1,0.099535,"[0.05,0.10)",13.523209,1.0,True,exact_bitmap,,False
2026-08-30T19:54:03.647+00:00,calibration,0,71,VECTOR_FIRST_HNSW,single_category,category_06,863,True,1,0.099535,"[0.05,0.10)",24.87675,1.0,False,exact_bitmap,,False
2026-08-30T19:54:03.659+00:00,calibration,0,71,HNSW_HYBRID,single_category,category_06,863,True,1,0.099535,"[0.05,0.10)",10.903583,1.0,False,exact_bitmap,,False
2026-08-30T19:54:03.672+00:00,calibration,0,71,IVFFLAT_HYBRID,single_category,category_06,863,True,1,0.099535,"[0.05,0.10)",11.253292,1.0,False,exact_bitmap,,False
2026-08-30T19:54:03.809+00:00,calibration,0,224,SQL_FIRST,wide_or,category_07,798,False,4,0.907115,"[0.50,1.00)",26.321333,1.0,True,exact_seq,,False
2026-08-30T19:54:03.835+00:00,calibration,0,224,VECTOR_FIRST_HNSW,wide_or,category_07,798,False,4,0.907115,"[0.50,1.00)",23.805167,1.0,False,exact_bitmap,,False
2026-08-30T19:54:03.863+00:00,calibration,0,224,HNSW_HYBRID,wide_or,category_07,798,False,4,0.907115,"[0.50,1.00)",26.609541,1.0,False,exact_seq,,False
2026-08-30T19:54:03.890+00:00,calibration,0,224,IVFFLAT_HYBRID,wide_or,category_07,798,False,4,0.907115,"[0.50,1.00)",25.772792,1.0,False,exact_seq,,False
2026-08-30T19:54:03.987+00:00,calibration,0,195,SQL_FIRST,three_categories,category_08,497,False,3,0.272595,"[0.25,0.50)",19.078167,1.0,True,exact_bitmap,,False
2026-08-30T19:54:04.014+00:00,calibration,0,195,VECTOR_FIRST_HNSW,three_categories,category_08,497,False,3,0.272595,"[0.25,0.50)",26.56425,1.0,False,exact_bitmap,,False
2026-08-30T19:54:04.043+00:00,calibration,0,195,HNSW_HYBRID,three_categories,category_08,497,False,3,0.272595,"[0.25,0.50)",27.226333,1.0,False,exact_bitmap,,False
2026-08-30T19:54:04.080+00:00,calibration,0,195,IVFFLAT_HYBRID,three_categories,category_08,497,False,3,0.272595,"[0.25,0.50)",36.306916,1.0,False,exact_bitmap,,False
2026-08-30T19:54:04.247+00:00,calibration,0,191,SQL_FIRST,three_categories,category_03,130,True,3,0.27136,"[0.25,0.50)",17.063833,1.0,True,exact_bitmap,,False
2026-08-30T19:54:04.272+00:00,calibration,0,191,VECTOR_FIRST_HNSW,three_categories,category_03,130,True,3,0.27136,"[0.25,0.50)",23.624125,1.0,False,exact_bitmap,,False
2026-08-30T19:54:04.301+00:00,calibration,0,191,HNSW_HYBRID,three_categories,category_03,130,True,3,0.27136,"[0.25,0.50)",28.064125,1.0,False,exact_bitmap,,False
2026-08-30T19:54:04.319+00:00,calibration,0,191,IVFFLAT_HYBRID,three_categories,category_03,130,True,3,0.27136,"[0.25,0.50)",17.696458,1.0,False,exact_bitmap,,False
2026-08-30T19:54:04.354+00:00,calibration,0,20,SQL_FIRST,category_narrow_price,category_05,153,True,0,0.005205,"[0.00,0.05)",2.120458,1.0,True,exact_bitmap,,False
2026-08-30T19:54:04.379+00:00,calibration,0,20,VECTOR_FIRST_HNSW,category_narrow_price,category_05,153,True,0,0.005205,"[0.00,0.05)",23.832209,0.0,False,exact_bitmap,,False
2026-08-30T19:54:04.382+00:00,calibration,0,20,HNSW_HYBRID,category_narrow_price,category_05,153,True,0,0.005205,"[0.00,0.05)",2.616,1.0,False,exact_bitmap,,False
2026-08-30T19:54:04.385+00:00,calibration,0,20,IVFFLAT_HYBRID,category_narrow_price,category_05,153,True,0,0.005205,"[0.00,0.05)",2.284792,1.0,False,exact_bitmap,,False
2026-08-30T19:54:04.456+00:00,calibration,0,82,SQL_FIRST,single_category,category_04,795,False,1,0.0967,"[0.05,0.10)",11.323792,1.0,True,exact_bitmap,,False
2026-08-30T19:54:04.481+00:00,calibration,0,82,VECTOR_FIRST_HNSW,single_category,category_04,795,False,1,0.0967,"[0.05,0.10)",23.282542,0.8,False,exact_bitmap,,False
2026-08-30T19:54:04.493+00:00,calibration,0,82,HNSW_HYBRID,single_category,category_04,795,False,1,0.0967,"[0.05,0.10)",11.43075,1.0,False,exact_bitmap,,False
2026-08-30T19:54:04.505+00:00,calibration,0,82,IVFFLAT_HYBRID,single_category,category_04,795,False,1,0.0967,"[0.05,0.10)",11.104916,1.0,False,exact_bitmap,,False
2026-08-30T19:54:04.608+00:00,calibration,0,172,SQL_FIRST,three_categories,category_09,644,True,3,0.272595,"[0.25,0.50)",17.728333,1.0,True,exact_bitmap,,False
2026-08-30T19:54:04.633+00:00,calibration,0,172,VECTOR_FIRST_HNSW,three_categories,category_09,644,True,3,0.272595,"[0.25,0.50)",24.073333,1.0,False,exact_bitmap,,False
2026-08-30T19:54:04.652+00:00,calibration,0,172,HNSW_HYBRID,three_categories,category_09,644,True,3,0.272595,"[0.25,0.50)",18.164,1.0,False,exact_bitmap,,False
2026-08-30T19:54:04.670+00:00,calibration,0,172,IVFFLAT_HYBRID,three_categories,category_09,644,True,3,0.272595,"[0.25,0.50)",17.0025,1.0,False,exact_bitmap,,False
2026-08-30T19:54:04.732+00:00,calibration,0,14,SQL_FIRST,category_and_stock,category_04,331,True,0,0.04843,"[0.00,0.05)",8.800625,1.0,True,exact_bitmap,,False
2026-08-30T19:54:04.757+00:00,calibration,0,14,VECTOR_FIRST_HNSW,category_and_stock,category_04,331,True,0,0.04843,"[0.00,0.05)",23.6835,0.4,False,exact_bitmap,,False
2026-08-30T19:54:04.767+00:00,calibration,0,14,HNSW_HYBRID,category_and_stock,category_04,331,True,0,0.04843,"[0.00,0.05)",8.877041,1.0,False,exact_bitmap,,False
2026-08-30T19:54:04.777+00:00,calibration,0,14,IVFFLAT_HYBRID,category_and_stock,category_04,331,True,0,0.04843,"[0.00,0.05)",8.56475,1.0,False,exact_bitmap,,False
2026-08-30T19:54:04.883+00:00,calibration,0,213,SQL_FIRST,stock_alone,category_03,988,True,4,0.500835,"[0.50,1.00)",19.429959,1.0,True,exact_seq,,False
2026-08-30T19:54:04.908+00:00,calibration,0,213,VECTOR_FIRST_HNSW,stock_alone,category_03,988,True,4,0.500835,"[0.50,1.00)",24.037459,1.0,False,exact_bitmap,,False
2026-08-30T19:54:04.928+00:00,calibration,0,213,HNSW_HYBRID,stock_alone,category_03,988,True,4,0.500835,"[0.50,1.00)",18.916625,1.0,False,exact_seq,,False
2026-08-30T19:54:04.948+00:00,calibration,0,213,IVFFLAT_HYBRID,stock_alone,category_03,988,True,4,0.500835,"[0.50,1.00)",19.469417,1.0,False,exact_seq,,False
2026-08-30T19:54:05.012+00:00,calibration,0,11,SQL_FIRST,category_and_stock,category_04,921,True,0,0.04843,"[0.00,0.05)",9.44625,1.0,True,exact_bitmap,,False
2026-08-30T19:54:05.038+00:00,calibration,0,11,VECTOR_FIRST_HNSW,category_and_stock,category_04,921,True,0,0.04843,"[0.00,0.05)",24.64025,0.5,False,exact_bitmap,,False
2026-08-30T19:54:05.048+00:00,calibration,0,11,HNSW_HYBRID,category_and_stock,category_04,921,True,0,0.04843,"[0.00,0.05)",9.013292,1.0,False,exact_bitmap,,False
2026-08-30T19:54:05.058+00:00,calibration,0,11,IVFFLAT_HYBRID,category_and_stock,category_04,921,True,0,0.04843,"[0.00,0.05)",8.62525,1.0,False,exact_bitmap,,False
2026-08-30T19:54:05.186+00:00,calibration,0,241,SQL_FIRST,wide_or,category_06,595,False,4,0.815785,"[0.50,1.00)",24.941917,1.0,True,exact_seq,,False
2026-08-30T19:54:05.211+00:00,calibration,0,241,VECTOR_FIRST_HNSW,wide_or,category_06,595,False,4,0.815785,"[0.50,1.00)",23.40675,1.0,False,exact_bitmap,,False
2026-08-30T19:54:05.238+00:00,calibration,0,241,HNSW_HYBRID,wide_or,category_06,595,False,4,0.815785,"[0.50,1.00)",25.982583,1.0,False,exact_seq,,False
2026-08-30T19:54:05.263+00:00,calibration,0,241,IVFFLAT_HYBRID,wide_or,category_06,595,False,4,0.815785,"[0.50,1.00)",24.521917,1.0,False,exact_seq,,False
2026-08-30T19:54:05.325+00:00,calibration,0,29,SQL_FIRST,category_and_stock,category_04,315,False,0,0.04827,"[0.00,0.05)",8.785,1.0,True,exact_bitmap,,False
2026-08-30T19:54:05.351+00:00,calibration,0,29,VECTOR_FIRST_HNSW,category_and_stock,category_04,315,False,0,0.04827,"[0.00,0.05)",23.53275,0.4,False,exact_bitmap,,False
2026-08-30T19:54:05.361+00:00,calibration,0,29,HNSW_HYBRID,category_and_stock,category_04,315,False,0,0.04827,"[0.00,0.05)",8.945334,1.0,False,exact_bitmap,,False
2026-08-30T19:54:05.371+00:00,calibration,0,29,IVFFLAT_HYBRID,category_and_stock,category_04,315,False,0,0.04827,"[0.00,0.05)",9.127584,1.0,False,exact_bitmap,,False
2026-08-30T19:54:05.469+00:00,calibration,0,182,SQL_FIRST,three_categories,category_04,866,True,3,0.267975,"[0.25,0.50)",16.655916,1.0,True,exact_bitmap,,False
2026-08-30T19:54:05.493+00:00,calibration,0,182,VECTOR_FIRST_HNSW,three_categories,category_04,866,True,3,0.267975,"[0.25,0.50)",23.196917,1.0,False,exact_bitmap,,False
2026-08-30T19:54:05.513+00:00,calibration,0,182,HNSW_HYBRID,three_categories,category_04,866,True,3,0.267975,"[0.25,0.50)",18.114958,1.0,False,exact_bitmap,,False
2026-08-30T19:54:05.531+00:00,calibration,0,182,IVFFLAT_HYBRID,three_categories,category_04,866,True,3,0.267975,"[0.25,0.50)",16.701167,1.0,False,exact_bitmap,,False
2026-08-30T19:54:05.632+00:00,calibration,0,124,SQL_FIRST,two_categories,category_05,255,True,2,0.199565,"[0.10,0.25)",18.189917,1.0,True,exact_bitmap,,False
2026-08-30T19:54:05.659+00:00,calibration,0,124,VECTOR_FIRST_HNSW,two_categories,category_05,255,True,2,0.199565,"[0.10,0.25)",25.021334,1.0,False,exact_bitmap,,False
2026-08-30T19:54:05.679+00:00,calibration,0,124,HNSW_HYBRID,two_categories,category_05,255,True,2,0.199565,"[0.10,0.25)",18.707,1.0,False,exact_bitmap,,False
2026-08-30T19:54:05.699+00:00,calibration,0,124,IVFFLAT_HYBRID,two_categories,category_05,255,True,2,0.199565,"[0.10,0.25)",19.042208,1.0,False,exact_bitmap,,False
2026-08-30T19:54:05.770+00:00,calibration,0,105,SQL_FIRST,price_range_mid,category_01,288,False,2,0.10116,"[0.10,0.25)",11.559459,1.0,True,exact_bitmap,,False
2026-08-30T19:54:05.795+00:00,calibration,0,105,VECTOR_FIRST_HNSW,price_range_mid,category_01,288,False,2,0.10116,"[0.10,0.25)",23.19325,0.9,False,exact_bitmap,,False
2026-08-30T19:54:05.808+00:00,calibration,0,105,HNSW_HYBRID,price_range_mid,category_01,288,False,2,0.10116,"[0.10,0.25)",11.966959,1.0,False,exact_bitmap,,False
2026-08-30T19:54:05.821+00:00,calibration,0,105,IVFFLAT_HYBRID,price_range_mid,category_01,288,False,2,0.10116,"[0.10,0.25)",12.164791,1.0,False,exact_bitmap,,False
2026-08-30T19:54:05.891+00:00,calibration,0,108,SQL_FIRST,price_range_mid,category_08,458,False,2,0.10048,"[0.10,0.25)",11.392291,1.0,True,exact_bitmap,,False
2026-08-30T19:54:05.916+00:00,calibration,0,108,VECTOR_FIRST_HNSW,price_range_mid,category_08,458,False,2,0.10048,"[0.10,0.25)",23.233458,1.0,False,exact_bitmap,,False
2026-08-30T19:54:05.928+00:00,calibration,0,108,HNSW_HYBRID,price_range_mid,category_08,458,False,2,0.10048,"[0.10,0.25)",11.16775,1.0,False,exact_bitmap,,False
2026-08-30T19:54:05.942+00:00,calibration,0,108,IVFFLAT_HYBRID,price_range_mid,category_08,458,False,2,0.10048,"[0.10,0.25)",12.595792,1.0,False,exact_bitmap,,False
2026-08-30T19:54:06.099+00:00,calibration,0,207,SQL_FIRST,wide_or,category_08,885,False,4,0.94728,"[0.50,1.00)",26.534958,1.0,True,exact_seq,,False
2026-08-30T19:54:06.124+00:00,calibration,0,207,VECTOR_FIRST_HNSW,wide_or,category_08,885,False,4,0.94728,"[0.50,1.00)",23.443459,1.0,False,exact_bitmap,,False
2026-08-30T19:54:06.153+00:00,calibration,0,207,HNSW_HYBRID,wide_or,category_08,885,False,4,0.94728,"[0.50,1.00)",27.358167,1.0,False,exact_seq,,False
2026-08-30T19:54:06.182+00:00,calibration,0,207,IVFFLAT_HYBRID,wide_or,category_08,885,False,4,0.94728,"[0.50,1.00)",28.03375,1.0,False,exact_seq,,False
2026-08-30T19:54:06.275+00:00,calibration,0,200,SQL_FIRST,three_categories,category_05,97,False,3,0.271,"[0.25,0.50)",16.806625,1.0,True,exact_bitmap,,False
2026-08-30T19:54:06.300+00:00,calibration,0,200,VECTOR_FIRST_HNSW,three_categories,category_05,97,False,3,0.271,"[0.25,0.50)",23.125083,1.0,False,exact_bitmap,,False
2026-08-30T19:54:06.319+00:00,calibration,0,200,HNSW_HYBRID,three_categories,category_05,97,False,3,0.271,"[0.25,0.50)",17.976041,1.0,False,exact_bitmap,,False
2026-08-30T19:54:06.341+00:00,calibration,0,200,IVFFLAT_HYBRID,three_categories,category_05,97,False,3,0.271,"[0.25,0.50)",20.199875,1.0,False,exact_bitmap,,False
2026-08-30T19:54:06.443+00:00,calibration,0,155,SQL_FIRST,three_categories,category_09,750,True,3,0.272595,"[0.25,0.50)",18.815375,1.0,True,exact_bitmap,,False
2026-08-30T19:54:06.467+00:00,calibration,0,155,VECTOR_FIRST_HNSW,three_categories,category_09,750,True,3,0.272595,"[0.25,0.50)",23.830416,1.0,False,exact_bitmap,,False
2026-08-30T19:54:06.486+00:00,calibration,0,155,HNSW_HYBRID,three_categories,category_09,750,True,3,0.272595,"[0.25,0.50)",17.053834,1.0,False,exact_bitmap,,False
2026-08-30T19:54:06.504+00:00,calibration,0,155,IVFFLAT_HYBRID,three_categories,category_09,750,True,3,0.272595,"[0.25,0.50)",16.6065,1.0,False,exact_bitmap,,False
2026-08-30T19:54:06.609+00:00,calibration,0,158,SQL_FIRST,three_categories,category_08,270,True,3,0.272595,"[0.25,0.50)",20.808833,1.0,True,exact_bitmap,,False
2026-08-30T19:54:06.634+00:00,calibration,0,158,VECTOR_FIRST_HNSW,three_categories,category_08,270,True,3,0.272595,"[0.25,0.50)",23.733541,1.0,False,exact_bitmap,,False
2026-08-30T19:54:06.653+00:00,calibration,0,158,HNSW_HYBRID,three_categories,category_08,270,True,3,0.272595,"[0.25,0.50)",17.22575,1.0,False,exact_bitmap,,False
2026-08-30T19:54:06.671+00:00,calibration,0,158,IVFFLAT_HYBRID,three_categories,category_08,270,True,3,0.272595,"[0.25,0.50)",17.008375,1.0,False,exact_bitmap,,False
2026-08-30T19:54:06.767+00:00,calibration,0,199,SQL_FIRST,three_categories,category_07,309,True,3,0.27019,"[0.25,0.50)",16.378292,1.0,True,exact_bitmap,,False
2026-08-30T19:54:06.791+00:00,calibration,0,199,VECTOR_FIRST_HNSW,three_categories,category_07,309,True,3,0.27019,"[0.25,0.50)",23.053917,1.0,False,exact_bitmap,,False
2026-08-30T19:54:06.809+00:00,calibration,0,199,HNSW_HYBRID,three_categories,category_07,309,True,3,0.27019,"[0.25,0.50)",16.467167,1.0,False,exact_bitmap,,False
2026-08-30T19:54:06.827+00:00,calibration,0,199,IVFFLAT_HYBRID,three_categories,category_07,309,True,3,0.27019,"[0.25,0.50)",16.530125,1.0,False,exact_bitmap,,False
2026-08-30T19:54:06.898+00:00,calibration,0,132,SQL_FIRST,price_range_mid,category_06,330,True,2,0.1013,"[0.10,0.25)",11.0555,1.0,True,exact_bitmap,,False
2026-08-30T19:54:06.923+00:00,calibration,0,132,VECTOR_FIRST_HNSW,price_range_mid,category_06,330,True,2,0.1013,"[0.10,0.25)",23.368541,0.6,False,exact_bitmap,,False
2026-08-30T19:54:06.936+00:00,calibration,0,132,HNSW_HYBRID,price_range_mid,category_06,330,True,2,0.1013,"[0.10,0.25)",11.427833,1.0,False,exact_bitmap,,False
2026-08-30T19:54:06.948+00:00,calibration,0,132,IVFFLAT_HYBRID,price_range_mid,category_06,330,True,2,0.1013,"[0.10,0.25)",11.778959,1.0,False,exact_bitmap,,False
2026-08-30T19:54:07.021+00:00,calibration,0,89,SQL_FIRST,single_category,category_02,50,True,1,0.098965,"[0.05,0.10)",11.035125,1.0,True,exact_bitmap,,False
2026-08-30T19:54:07.045+00:00,calibration,0,89,VECTOR_FIRST_HNSW,single_category,category_02,50,True,1,0.098965,"[0.05,0.10)",23.378917,0.6,False,exact_bitmap,,False
2026-08-30T19:54:07.057+00:00,calibration,0,89,HNSW_HYBRID,single_category,category_02,50,True,1,0.098965,"[0.05,0.10)",10.92525,1.0,False,exact_bitmap,,False
2026-08-30T19:54:07.069+00:00,calibration,0,89,IVFFLAT_HYBRID,single_category,category_02,50,True,1,0.098965,"[0.05,0.10)",10.871959,1.0,False,exact_bitmap,,False
2026-08-30T19:54:07.107+00:00,calibration,0,43,SQL_FIRST,category_narrow_price,category_02,809,False,0,0.005015,"[0.00,0.05)",3.284542,1.0,True,exact_bitmap,,False
2026-08-30T19:54:07.131+00:00,calibration,0,43,VECTOR_FIRST_HNSW,category_narrow_price,category_02,809,False,0,0.005015,"[0.00,0.05)",23.419709,0.0,False,exact_bitmap,,False
2026-08-30T19:54:07.135+00:00,calibration,0,43,HNSW_HYBRID,category_narrow_price,category_02,809,False,0,0.005015,"[0.00,0.05)",2.693417,1.0,False,exact_bitmap,,False
2026-08-30T19:54:07.140+00:00,calibration,0,43,IVFFLAT_HYBRID,category_narrow_price,category_02,809,False,0,0.005015,"[0.00,0.05)",3.647042,1.0,False,exact_bitmap,,False
2026-08-30T19:54:07.243+00:00,calibration,0,171,SQL_FIRST,three_categories,category_02,743,True,3,0.2705,"[0.25,0.50)",18.079333,1.0,True,exact_bitmap,,False
2026-08-30T19:54:07.268+00:00,calibration,0,171,VECTOR_FIRST_HNSW,three_categories,category_02,743,True,3,0.2705,"[0.25,0.50)",23.34975,1.0,False,exact_bitmap,,False
2026-08-30T19:54:07.286+00:00,calibration,0,171,HNSW_HYBRID,three_categories,category_02,743,True,3,0.2705,"[0.25,0.50)",16.712458,1.0,False,exact_bitmap,,False
2026-08-30T19:54:07.304+00:00,calibration,0,171,IVFFLAT_HYBRID,three_categories,category_02,743,True,3,0.2705,"[0.25,0.50)",16.654875,1.0,False,exact_bitmap,,False
2026-08-30T19:54:07.374+00:00,calibration,0,69,SQL_FIRST,single_category,category_06,451,True,1,0.099535,"[0.05,0.10)",11.0145,1.0,True,exact_bitmap,,False
2026-08-30T19:54:07.398+00:00,calibration,0,69,VECTOR_FIRST_HNSW,single_category,category_06,451,True,1,0.099535,"[0.05,0.10)",23.293834,1.0,False,exact_bitmap,,False
2026-08-30T19:54:07.411+00:00,calibration,0,69,HNSW_HYBRID,single_category,category_06,451,True,1,0.099535,"[0.05,0.10)",11.0045,1.0,False,exact_bitmap,,False
2026-08-30T19:54:07.424+00:00,calibration,0,69,IVFFLAT_HYBRID,single_category,category_06,451,True,1,0.099535,"[0.05,0.10)",12.384958,1.0,False,exact_bitmap,,False
2026-08-30T19:54:07.495+00:00,calibration,0,121,SQL_FIRST,single_category_alone,category_03,496,False,2,0.1037,"[0.10,0.25)",11.317459,1.0,True,exact_bitmap,,False
2026-08-30T19:54:07.519+00:00,calibration,0,121,VECTOR_FIRST_HNSW,single_category_alone,category_03,496,False,2,0.1037,"[0.10,0.25)",23.615667,0.7,False,exact_bitmap,,False
2026-08-30T19:54:07.531+00:00,calibration,0,121,HNSW_HYBRID,single_category_alone,category_03,496,False,2,0.1037,"[0.10,0.25)",10.854625,1.0,False,exact_bitmap,,False
2026-08-30T19:54:07.545+00:00,calibration,0,121,IVFFLAT_HYBRID,single_category_alone,category_03,496,False,2,0.1037,"[0.10,0.25)",12.5585,1.0,False,exact_bitmap,,False
2026-08-30T19:54:07.620+00:00,calibration,0,144,SQL_FIRST,single_category_alone,category_05,982,False,2,0.100035,"[0.10,0.25)",11.484416,1.0,True,exact_bitmap,,False
2026-08-30T19:54:07.646+00:00,calibration,0,144,VECTOR_FIRST_HNSW,single_category_alone,category_05,982,False,2,0.100035,"[0.10,0.25)",23.600833,1.0,False,exact_bitmap,,False
2026-08-30T19:54:07.658+00:00,calibration,0,144,HNSW_HYBRID,single_category_alone,category_05,982,False,2,0.100035,"[0.10,0.25)",10.967,1.0,False,exact_bitmap,,False
2026-08-30T19:54:07.671+00:00,calibration,0,144,IVFFLAT_HYBRID,single_category_alone,category_05,982,False,2,0.100035,"[0.10,0.25)",11.215166,1.0,False,exact_bitmap,,False
2026-08-30T19:54:07.748+00:00,calibration,0,103,SQL_FIRST,price_range_mid,category_03,589,False,2,0.10084,"[0.10,0.25)",12.9145,1.0,True,exact_bitmap,,False
2026-08-30T19:54:07.774+00:00,calibration,0,103,VECTOR_FIRST_HNSW,price_range_mid,category_03,589,False,2,0.10084,"[0.10,0.25)",24.911209,0.9,False,exact_bitmap,,False
2026-08-30T19:54:07.787+00:00,calibration,0,103,HNSW_HYBRID,price_range_mid,category_03,589,False,2,0.10084,"[0.10,0.25)",11.526083,1.0,False,exact_bitmap,,False
2026-08-30T19:54:07.799+00:00,calibration,0,103,IVFFLAT_HYBRID,price_range_mid,category_03,589,False,2,0.10084,"[0.10,0.25)",11.128833,1.0,False,exact_bitmap,,False
2026-08-30T19:54:07.837+00:00,calibration,0,44,SQL_FIRST,category_narrow_price,category_06,62,True,0,0.00506,"[0.00,0.05)",2.321375,1.0,True,exact_bitmap,,False
2026-08-30T19:54:07.862+00:00,calibration,0,44,VECTOR_FIRST_HNSW,category_narrow_price,category_06,62,True,0,0.00506,"[0.00,0.05)",23.522708,0.0,False,exact_bitmap,,False
2026-08-30T19:54:07.866+00:00,calibration,0,44,HNSW_HYBRID,category_narrow_price,category_06,62,True,0,0.00506,"[0.00,0.05)",2.733084,1.0,False,exact_bitmap,,False
2026-08-30T19:54:07.870+00:00,calibration,0,44,IVFFLAT_HYBRID,category_narrow_price,category_06,62,True,0,0.00506,"[0.00,0.05)",2.402,1.0,False,exact_bitmap,,False
2026-08-30T19:54:07.931+00:00,calibration,0,28,SQL_FIRST,category_and_stock,category_08,639,False,0,0.04925,"[0.00,0.05)",8.604667,1.0,True,exact_bitmap,,False
2026-08-30T19:54:07.956+00:00,calibration,0,28,VECTOR_FIRST_HNSW,category_and_stock,category_08,639,False,0,0.04925,"[0.00,0.05)",23.797917,0.3,False,exact_bitmap,,False
2026-08-30T19:54:07.966+00:00,calibration,0,28,HNSW_HYBRID,category_and_stock,category_08,639,False,0,0.04925,"[0.00,0.05)",9.52375,1.0,False,exact_bitmap,,False
2026-08-30T19:54:07.976+00:00,calibration,0,28,IVFFLAT_HYBRID,category_and_stock,category_08,639,False,0,0.04925,"[0.00,0.05)",8.731667,1.0,False,exact_bitmap,,False
2026-08-30T19:54:08.011+00:00,calibration,0,25,SQL_FIRST,category_narrow_price,category_01,261,False,0,0.00494,"[0.00,0.05)",2.149084,1.0,True,exact_bitmap,,False
2026-08-30T19:54:08.036+00:00,calibration,0,25,VECTOR_FIRST_HNSW,category_narrow_price,category_01,261,False,0,0.00494,"[0.00,0.05)",23.7735,0.1,False,exact_bitmap,,False
2026-08-30T19:54:08.039+00:00,calibration,0,25,HNSW_HYBRID,category_narrow_price,category_01,261,False,0,0.00494,"[0.00,0.05)",2.623458,1.0,False,exact_bitmap,,False
2026-08-30T19:54:08.042+00:00,calibration,0,25,IVFFLAT_HYBRID,category_narrow_price,category_01,261,False,0,0.00494,"[0.00,0.05)",2.178875,1.0,False,exact_bitmap,,False
2026-08-30T19:54:08.115+00:00,calibration,0,59,SQL_FIRST,single_category,category_01,604,True,1,0.098665,"[0.05,0.10)",11.143125,1.0,True,exact_bitmap,,False
2026-08-30T19:54:08.140+00:00,calibration,0,59,VECTOR_FIRST_HNSW,single_category,category_01,604,True,1,0.098665,"[0.05,0.10)",23.906792,1.0,False,exact_bitmap,,False
2026-08-30T19:54:08.153+00:00,calibration,0,59,HNSW_HYBRID,single_category,category_01,604,True,1,0.098665,"[0.05,0.10)",11.509875,1.0,False,exact_bitmap,,False
2026-08-30T19:54:08.164+00:00,calibration,0,59,IVFFLAT_HYBRID,single_category,category_01,604,True,1,0.098665,"[0.05,0.10)",10.700583,1.0,False,exact_bitmap,,False
2026-08-30T19:54:08.200+00:00,calibration,0,27,SQL_FIRST,category_narrow_price,category_07,143,False,0,0.005205,"[0.00,0.05)",2.176583,1.0,True,exact_bitmap,,False
2026-08-30T19:54:08.224+00:00,calibration,0,27,VECTOR_FIRST_HNSW,category_narrow_price,category_07,143,False,0,0.005205,"[0.00,0.05)",23.266666,0.1,False,exact_bitmap,,False
2026-08-30T19:54:08.228+00:00,calibration,0,27,HNSW_HYBRID,category_narrow_price,category_07,143,False,0,0.005205,"[0.00,0.05)",2.653792,1.0,False,exact_bitmap,,False
2026-08-30T19:54:08.231+00:00,calibration,0,27,IVFFLAT_HYBRID,category_narrow_price,category_07,143,False,0,0.005205,"[0.00,0.05)",2.188875,1.0,False,exact_bitmap,,False
2026-08-30T19:54:08.326+00:00,calibration,0,180,SQL_FIRST,three_categories,category_04,751,False,3,0.267975,"[0.25,0.50)",16.643875,1.0,True,exact_bitmap,,False
2026-08-30T19:54:08.351+00:00,calibration,0,180,VECTOR_FIRST_HNSW,three_categories,category_04,751,False,3,0.267975,"[0.25,0.50)",23.211583,1.0,False,exact_bitmap,,False
2026-08-30T19:54:08.369+00:00,calibration,0,180,HNSW_HYBRID,three_categories,category_04,751,False,3,0.267975,"[0.25,0.50)",17.298125,1.0,False,exact_bitmap,,False
2026-08-30T19:54:08.391+00:00,calibration,0,180,IVFFLAT_HYBRID,three_categories,category_04,751,False,3,0.267975,"[0.25,0.50)",20.179542,1.0,False,exact_bitmap,,False
2026-08-30T19:54:08.514+00:00,calibration,0,220,SQL_FIRST,wide_or,category_07,251,True,4,0.66151,"[0.50,1.00)",23.100041,1.0,True,exact_seq,,False
2026-08-30T19:54:08.540+00:00,calibration,0,220,VECTOR_FIRST_HNSW,wide_or,category_07,251,True,4,0.66151,"[0.50,1.00)",24.464917,1.0,False,exact_bitmap,,False
2026-08-30T19:54:08.566+00:00,calibration,0,220,HNSW_HYBRID,wide_or,category_07,251,True,4,0.66151,"[0.50,1.00)",25.938,1.0,False,exact_seq,,False
2026-08-30T19:54:08.590+00:00,calibration,0,220,IVFFLAT_HYBRID,wide_or,category_07,251,True,4,0.66151,"[0.50,1.00)",22.64625,1.0,False,exact_seq,,False
2026-08-30T19:54:08.652+00:00,calibration,0,30,SQL_FIRST,category_and_stock,category_05,960,False,0,0.049935,"[0.00,0.05)",9.202791,1.0,True,exact_bitmap,,False
2026-08-30T19:54:08.676+00:00,calibration,0,30,VECTOR_FIRST_HNSW,category_and_stock,category_05,960,False,0,0.049935,"[0.00,0.05)",23.119333,1.0,False,exact_bitmap,,False
2026-08-30T19:54:08.687+00:00,calibration,0,30,HNSW_HYBRID,category_and_stock,category_05,960,False,0,0.049935,"[0.00,0.05)",9.27125,1.0,False,exact_bitmap,,False
2026-08-30T19:54:08.698+00:00,calibration,0,30,IVFFLAT_HYBRID,category_and_stock,category_05,960,False,0,0.049935,"[0.00,0.05)",8.783083,1.0,False,exact_bitmap,,False
2026-08-30T19:54:08.797+00:00,calibration,0,142,SQL_FIRST,two_categories,category_00,961,False,2,0.202065,"[0.10,0.25)",19.19475,1.0,True,exact_bitmap,,False
2026-08-30T19:54:08.823+00:00,calibration,0,142,VECTOR_FIRST_HNSW,two_categories,category_00,961,False,2,0.202065,"[0.10,0.25)",24.512917,1.0,False,exact_bitmap,,False
2026-08-30T19:54:08.843+00:00,calibration,0,142,HNSW_HYBRID,two_categories,category_00,961,False,2,0.202065,"[0.10,0.25)",18.914833,1.0,False,exact_bitmap,,False
2026-08-30T19:54:08.863+00:00,calibration,0,142,IVFFLAT_HYBRID,two_categories,category_00,961,False,2,0.202065,"[0.10,0.25)",18.000708,1.0,False,exact_bitmap,,False
2026-08-30T19:54:08.988+00:00,calibration,0,219,SQL_FIRST,wide_or,category_06,468,True,4,0.758965,"[0.50,1.00)",25.563375,1.0,True,exact_seq,,False
2026-08-30T19:54:09.012+00:00,calibration,0,219,VECTOR_FIRST_HNSW,wide_or,category_06,468,True,4,0.758965,"[0.50,1.00)",23.854667,1.0,False,exact_bitmap,,False
2026-08-30T19:54:09.037+00:00,calibration,0,219,HNSW_HYBRID,wide_or,category_06,468,True,4,0.758965,"[0.50,1.00)",24.085084,1.0,False,exact_seq,,False
2026-08-30T19:54:09.063+00:00,calibration,0,219,IVFFLAT_HYBRID,wide_or,category_06,468,True,4,0.758965,"[0.50,1.00)",24.459,1.0,False,exact_seq,,False
2026-08-30T19:54:09.158+00:00,calibration,0,168,SQL_FIRST,three_categories,category_04,763,False,3,0.267975,"[0.25,0.50)",17.06075,1.0,True,exact_bitmap,,False
2026-08-30T19:54:09.183+00:00,calibration,0,168,VECTOR_FIRST_HNSW,three_categories,category_04,763,False,3,0.267975,"[0.25,0.50)",23.033291,1.0,False,exact_bitmap,,False
2026-08-30T19:54:09.200+00:00,calibration,0,168,HNSW_HYBRID,three_categories,category_04,763,False,3,0.267975,"[0.25,0.50)",16.332166,1.0,False,exact_bitmap,,False
2026-08-30T19:54:09.221+00:00,calibration,0,168,IVFFLAT_HYBRID,three_categories,category_04,763,False,3,0.267975,"[0.25,0.50)",17.199167,1.0,False,exact_bitmap,,False
2026-08-30T19:54:09.257+00:00,calibration,0,49,SQL_FIRST,category_narrow_price,category_03,474,True,0,0.00511,"[0.00,0.05)",2.197959,1.0,True,exact_bitmap,,False
2026-08-30T19:54:09.281+00:00,calibration,0,49,VECTOR_FIRST_HNSW,category_narrow_price,category_03,474,True,0,0.00511,"[0.00,0.05)",23.146708,0.0,False,exact_bitmap,,False
2026-08-30T19:54:09.285+00:00,calibration,0,49,HNSW_HYBRID,category_narrow_price,category_03,474,True,0,0.00511,"[0.00,0.05)",2.639917,1.0,False,exact_bitmap,,False
2026-08-30T19:54:09.289+00:00,calibration,0,49,IVFFLAT_HYBRID,category_narrow_price,category_03,474,True,0,0.00511,"[0.00,0.05)",2.34875,1.0,False,exact_bitmap,,False
2026-08-30T19:54:09.359+00:00,calibration,0,39,SQL_FIRST,category_and_stock,category_02,118,False,0,0.0494,"[0.00,0.05)",13.196541,1.0,True,exact_bitmap,,False
2026-08-30T19:54:09.386+00:00,calibration,0,39,VECTOR_FIRST_HNSW,category_and_stock,category_02,118,False,0,0.0494,"[0.00,0.05)",26.582667,0.4,False,exact_bitmap,,False
2026-08-30T19:54:09.397+00:00,calibration,0,39,HNSW_HYBRID,category_and_stock,category_02,118,False,0,0.0494,"[0.00,0.05)",9.581875,1.0,False,exact_bitmap,,False
2026-08-30T19:54:09.407+00:00,calibration,0,39,IVFFLAT_HYBRID,category_and_stock,category_02,118,False,0,0.0494,"[0.00,0.05)",8.91825,1.0,False,exact_bitmap,,False
2026-08-30T19:54:09.482+00:00,calibration,0,110,SQL_FIRST,price_range_mid,category_01,313,False,2,0.101255,"[0.10,0.25)",11.353542,1.0,True,exact_bitmap,,False
2026-08-30T19:54:09.507+00:00,calibration,0,110,VECTOR_FIRST_HNSW,price_range_mid,category_01,313,False,2,0.101255,"[0.10,0.25)",23.505584,1.0,False,exact_bitmap,,False
2026-08-30T19:54:09.520+00:00,calibration,0,110,HNSW_HYBRID,price_range_mid,category_01,313,False,2,0.101255,"[0.10,0.25)",11.578666,1.0,False,exact_bitmap,,False
2026-08-30T19:54:09.533+00:00,calibration,0,110,IVFFLAT_HYBRID,price_range_mid,category_01,313,False,2,0.101255,"[0.10,0.25)",11.348666,1.0,False,exact_bitmap,,False
2026-08-30T19:54:09.603+00:00,calibration,0,113,SQL_FIRST,single_category_alone,category_03,107,True,2,0.1037,"[0.10,0.25)",11.049375,1.0,True,exact_bitmap,,False
2026-08-30T19:54:09.628+00:00,calibration,0,113,VECTOR_FIRST_HNSW,single_category_alone,category_03,107,True,2,0.1037,"[0.10,0.25)",23.135333,1.0,False,exact_bitmap,,False
2026-08-30T19:54:09.640+00:00,calibration,0,113,HNSW_HYBRID,single_category_alone,category_03,107,True,2,0.1037,"[0.10,0.25)",11.1605,1.0,False,exact_bitmap,,False
2026-08-30T19:54:09.652+00:00,calibration,0,113,IVFFLAT_HYBRID,single_category_alone,category_03,107,True,2,0.1037,"[0.10,0.25)",10.989542,1.0,False,exact_bitmap,,False
2026-08-30T19:54:09.781+00:00,calibration,0,204,SQL_FIRST,wide_or,category_02,725,False,4,0.873695,"[0.50,1.00)",25.097583,1.0,True,exact_seq,,False
2026-08-30T19:54:09.806+00:00,calibration,0,204,VECTOR_FIRST_HNSW,wide_or,category_02,725,False,4,0.873695,"[0.50,1.00)",23.029166,1.0,False,exact_bitmap,,False
2026-08-30T19:54:09.833+00:00,calibration,0,204,HNSW_HYBRID,wide_or,category_02,725,False,4,0.873695,"[0.50,1.00)",25.565958,1.0,False,exact_seq,,False
2026-08-30T19:54:09.860+00:00,calibration,0,204,IVFFLAT_HYBRID,wide_or,category_02,725,False,4,0.873695,"[0.50,1.00)",26.018625,1.0,False,exact_seq,,False
2026-08-30T19:54:09.936+00:00,calibration,0,102,SQL_FIRST,price_range_mid,category_06,837,True,2,0.101985,"[0.10,0.25)",11.893375,1.0,True,exact_bitmap,,False
2026-08-30T19:54:09.961+00:00,calibration,0,102,VECTOR_FIRST_HNSW,price_range_mid,category_06,837,True,2,0.101985,"[0.10,0.25)",23.967167,0.9,False,exact_bitmap,,False
2026-08-30T19:54:09.975+00:00,calibration,0,102,HNSW_HYBRID,price_range_mid,category_06,837,True,2,0.101985,"[0.10,0.25)",12.112542,1.0,False,exact_bitmap,,False
2026-08-30T19:54:09.988+00:00,calibration,0,102,IVFFLAT_HYBRID,price_range_mid,category_06,837,True,2,0.101985,"[0.10,0.25)",12.463791,1.0,False,exact_bitmap,,False
2026-08-30T19:54:10.103+00:00,calibration,0,211,SQL_FIRST,wide_or,category_06,97,False,4,0.58957,"[0.50,1.00)",21.780417,1.0,True,exact_seq,,False
2026-08-30T19:54:10.127+00:00,calibration,0,211,VECTOR_FIRST_HNSW,wide_or,category_06,97,False,4,0.58957,"[0.50,1.00)",22.976375,1.0,False,exact_bitmap,,False
2026-08-30T19:54:10.150+00:00,calibration,0,211,HNSW_HYBRID,wide_or,category_06,97,False,4,0.58957,"[0.50,1.00)",22.407542,1.0,False,exact_seq,,False
2026-08-30T19:54:10.173+00:00,calibration,0,211,IVFFLAT_HYBRID,wide_or,category_06,97,False,4,0.58957,"[0.50,1.00)",21.775584,1.0,False,exact_seq,,False
2026-08-30T19:54:10.301+00:00,calibration,0,208,SQL_FIRST,wide_or,category_01,819,True,4,0.9173,"[0.50,1.00)",25.407083,1.0,True,exact_seq,,False
2026-08-30T19:54:10.325+00:00,calibration,0,208,VECTOR_FIRST_HNSW,wide_or,category_01,819,True,4,0.9173,"[0.50,1.00)",23.103208,1.0,False,exact_bitmap,,False
2026-08-30T19:54:10.352+00:00,calibration,0,208,HNSW_HYBRID,wide_or,category_01,819,True,4,0.9173,"[0.50,1.00)",25.371667,1.0,False,exact_seq,,False
2026-08-30T19:54:10.379+00:00,calibration,0,208,IVFFLAT_HYBRID,wide_or,category_01,819,True,4,0.9173,"[0.50,1.00)",26.207625,1.0,False,exact_seq,,False
2026-08-30T19:54:10.484+00:00,calibration,0,226,SQL_FIRST,stock_alone,category_00,289,True,4,0.500835,"[0.50,1.00)",19.156459,1.0,True,exact_seq,,False
2026-08-30T19:54:10.510+00:00,calibration,0,226,VECTOR_FIRST_HNSW,stock_alone,category_00,289,True,4,0.500835,"[0.50,1.00)",23.485042,1.0,False,exact_bitmap,,False
2026-08-30T19:54:10.530+00:00,calibration,0,226,HNSW_HYBRID,stock_alone,category_00,289,True,4,0.500835,"[0.50,1.00)",18.751916,1.0,False,exact_seq,,False
2026-08-30T19:54:10.549+00:00,calibration,0,226,IVFFLAT_HYBRID,stock_alone,category_00,289,True,4,0.500835,"[0.50,1.00)",18.757208,1.0,False,exact_seq,,False
2026-08-30T19:54:10.644+00:00,calibration,0,170,SQL_FIRST,three_categories,category_08,59,False,3,0.272595,"[0.25,0.50)",17.775583,1.0,True,exact_bitmap,,False
2026-08-30T19:54:10.672+00:00,calibration,0,170,VECTOR_FIRST_HNSW,three_categories,category_08,59,False,3,0.272595,"[0.25,0.50)",27.360625,1.0,False,exact_bitmap,,False
2026-08-30T19:54:10.693+00:00,calibration,0,170,HNSW_HYBRID,three_categories,category_08,59,False,3,0.272595,"[0.25,0.50)",20.060042,1.0,False,exact_bitmap,,False
2026-08-30T19:54:10.711+00:00,calibration,0,170,IVFFLAT_HYBRID,three_categories,category_08,59,False,3,0.272595,"[0.25,0.50)",17.192375,1.0,False,exact_bitmap,,False
2026-08-30T19:54:10.782+00:00,calibration,0,78,SQL_FIRST,single_category,category_06,428,True,1,0.099535,"[0.05,0.10)",11.238917,1.0,True,exact_bitmap,,False
2026-08-30T19:54:10.808+00:00,calibration,0,78,VECTOR_FIRST_HNSW,single_category,category_06,428,True,1,0.099535,"[0.05,0.10)",23.526541,1.0,False,exact_bitmap,,False
2026-08-30T19:54:10.822+00:00,calibration,0,78,HNSW_HYBRID,single_category,category_06,428,True,1,0.099535,"[0.05,0.10)",12.33925,1.0,False,exact_bitmap,,False
2026-08-30T19:54:10.833+00:00,calibration,0,78,IVFFLAT_HYBRID,single_category,category_06,428,True,1,0.099535,"[0.05,0.10)",10.746375,1.0,False,exact_bitmap,,False
2026-08-30T19:54:10.962+00:00,calibration,0,250,SQL_FIRST,wide_or,category_00,387,False,4,0.723435,"[0.50,1.00)",24.919541,1.0,True,exact_seq,,False
2026-08-30T19:54:10.987+00:00,calibration,0,250,VECTOR_FIRST_HNSW,wide_or,category_00,387,False,4,0.723435,"[0.50,1.00)",23.82025,1.0,False,exact_bitmap,,False
2026-08-30T19:54:11.012+00:00,calibration,0,250,HNSW_HYBRID,wide_or,category_00,387,False,4,0.723435,"[0.50,1.00)",24.203958,1.0,False,exact_seq,,False
2026-08-30T19:54:11.036+00:00,calibration,0,250,IVFFLAT_HYBRID,wide_or,category_00,387,False,4,0.723435,"[0.50,1.00)",23.342375,1.0,False,exact_seq,,False
2026-08-30T19:54:11.098+00:00,calibration,0,38,SQL_FIRST,category_and_stock,category_01,838,False,0,0.04925,"[0.00,0.05)",9.553291,1.0,True,exact_bitmap,,False
2026-08-30T19:54:11.125+00:00,calibration,0,38,VECTOR_FIRST_HNSW,category_and_stock,category_01,838,False,0,0.04925,"[0.00,0.05)",25.91225,0.7,False,exact_bitmap,,False
2026-08-30T19:54:11.136+00:00,calibration,0,38,HNSW_HYBRID,category_and_stock,category_01,838,False,0,0.04925,"[0.00,0.05)",9.577708,1.0,False,exact_bitmap,,False
2026-08-30T19:54:11.146+00:00,calibration,0,38,IVFFLAT_HYBRID,category_and_stock,category_01,838,False,0,0.04925,"[0.00,0.05)",9.398458,1.0,False,exact_bitmap,,False
2026-08-30T19:54:11.239+00:00,calibration,0,167,SQL_FIRST,three_categories,category_09,740,True,3,0.272595,"[0.25,0.50)",16.893583,1.0,True,exact_bitmap,,False
2026-08-30T19:54:11.264+00:00,calibration,0,167,VECTOR_FIRST_HNSW,three_categories,category_09,740,True,3,0.272595,"[0.25,0.50)",23.075875,1.0,False,exact_bitmap,,False
2026-08-30T19:54:11.281+00:00,calibration,0,167,HNSW_HYBRID,three_categories,category_09,740,True,3,0.272595,"[0.25,0.50)",16.310625,1.0,False,exact_bitmap,,False
2026-08-30T19:54:11.309+00:00,calibration,0,167,IVFFLAT_HYBRID,three_categories,category_09,740,True,3,0.272595,"[0.25,0.50)",25.789583,1.0,False,exact_bitmap,,False
2026-08-30T19:54:11.382+00:00,calibration,0,70,SQL_FIRST,single_category,category_09,468,True,1,0.0999,"[0.05,0.10)",11.846792,1.0,True,exact_bitmap,,False
2026-08-30T19:54:11.407+00:00,calibration,0,70,VECTOR_FIRST_HNSW,single_category,category_09,468,True,1,0.0999,"[0.05,0.10)",23.255,0.9,False,exact_bitmap,,False
2026-08-30T19:54:11.420+00:00,calibration,0,70,HNSW_HYBRID,single_category,category_09,468,True,1,0.0999,"[0.05,0.10)",12.225291,1.0,False,exact_bitmap,,False
2026-08-30T19:54:11.433+00:00,calibration,0,70,IVFFLAT_HYBRID,single_category,category_09,468,True,1,0.0999,"[0.05,0.10)",11.59675,1.0,False,exact_bitmap,,False
2026-08-30T19:54:11.506+00:00,calibration,0,52,SQL_FIRST,single_category,category_09,734,True,1,0.0999,"[0.05,0.10)",11.719959,1.0,True,exact_bitmap,,False
2026-08-30T19:54:11.532+00:00,calibration,0,52,VECTOR_FIRST_HNSW,single_category,category_09,734,True,1,0.0999,"[0.05,0.10)",23.43925,1.0,False,exact_bitmap,,False
2026-08-30T19:54:11.544+00:00,calibration,0,52,HNSW_HYBRID,single_category,category_09,734,True,1,0.0999,"[0.05,0.10)",10.9805,1.0,False,exact_bitmap,,False
2026-08-30T19:54:11.556+00:00,calibration,0,52,IVFFLAT_HYBRID,single_category,category_09,734,True,1,0.0999,"[0.05,0.10)",10.945792,1.0,False,exact_bitmap,,False
2026-08-30T19:54:11.679+00:00,calibration,0,228,SQL_FIRST,wide_or,category_03,538,True,4,0.791675,"[0.50,1.00)",24.235625,1.0,True,exact_seq,,False
2026-08-30T19:54:11.711+00:00,calibration,0,228,VECTOR_FIRST_HNSW,wide_or,category_03,538,True,4,0.791675,"[0.50,1.00)",30.200417,1.0,False,exact_bitmap,,False
2026-08-30T19:54:11.737+00:00,calibration,0,228,HNSW_HYBRID,wide_or,category_03,538,True,4,0.791675,"[0.50,1.00)",25.028625,1.0,False,exact_seq,,False
2026-08-30T19:54:11.763+00:00,calibration,0,228,IVFFLAT_HYBRID,wide_or,category_03,538,True,4,0.791675,"[0.50,1.00)",25.10075,1.0,False,exact_seq,,False
2026-08-30T19:54:11.833+00:00,calibration,0,86,SQL_FIRST,single_category,category_06,178,False,1,0.099535,"[0.05,0.10)",10.80275,1.0,True,exact_bitmap,,False
2026-08-30T19:54:11.858+00:00,calibration,0,86,VECTOR_FIRST_HNSW,single_category,category_06,178,False,1,0.099535,"[0.05,0.10)",23.190292,0.7,False,exact_bitmap,,False
2026-08-30T19:54:11.871+00:00,calibration,0,86,HNSW_HYBRID,single_category,category_06,178,False,1,0.099535,"[0.05,0.10)",11.575584,1.0,False,exact_bitmap,,False
2026-08-30T19:54:11.885+00:00,calibration,0,86,IVFFLAT_HYBRID,single_category,category_06,178,False,1,0.099535,"[0.05,0.10)",12.269625,1.0,False,exact_bitmap,,False
2026-08-30T19:54:11.923+00:00,calibration,0,23,SQL_FIRST,category_narrow_price,category_09,163,True,0,0.0052,"[0.00,0.05)",2.209959,1.0,True,exact_bitmap,,False
2026-08-30T19:54:11.951+00:00,calibration,0,23,VECTOR_FIRST_HNSW,category_narrow_price,category_09,163,True,0,0.0052,"[0.00,0.05)",26.258833,0.0,False,exact_bitmap,,False
2026-08-30T19:54:11.954+00:00,calibration,0,23,HNSW_HYBRID,category_narrow_price,category_09,163,True,0,0.0052,"[0.00,0.05)",2.897583,1.0,False,exact_bitmap,,False
2026-08-30T19:54:11.957+00:00,calibration,0,23,IVFFLAT_HYBRID,category_narrow_price,category_09,163,True,0,0.0052,"[0.00,0.05)",2.172041,1.0,False,exact_bitmap,,False
2026-08-30T19:54:12.058+00:00,calibration,0,138,SQL_FIRST,two_categories,category_06,786,False,2,0.199965,"[0.10,0.25)",18.181958,1.0,True,exact_bitmap,,False
2026-08-30T19:54:12.083+00:00,calibration,0,138,VECTOR_FIRST_HNSW,two_categories,category_06,786,False,2,0.199965,"[0.10,0.25)",23.774459,1.0,False,exact_bitmap,,False
2026-08-30T19:54:12.103+00:00,calibration,0,138,HNSW_HYBRID,two_categories,category_06,786,False,2,0.199965,"[0.10,0.25)",19.111291,1.0,False,exact_bitmap,,False
2026-08-30T19:54:12.124+00:00,calibration,0,138,IVFFLAT_HYBRID,two_categories,category_06,786,False,2,0.199965,"[0.10,0.25)",19.339209,1.0,False,exact_bitmap,,False
2026-08-30T19:54:12.217+00:00,calibration,0,169,SQL_FIRST,three_categories,category_00,255,True,3,0.271845,"[0.25,0.50)",16.55425,1.0,True,exact_bitmap,,False
2026-08-30T19:54:12.241+00:00,calibration,0,169,VECTOR_FIRST_HNSW,three_categories,category_00,255,True,3,0.271845,"[0.25,0.50)",23.144792,1.0,False,exact_bitmap,,False
2026-08-30T19:54:12.259+00:00,calibration,0,169,HNSW_HYBRID,three_categories,category_00,255,True,3,0.271845,"[0.25,0.50)",16.435708,1.0,False,exact_bitmap,,False
2026-08-30T19:54:12.277+00:00,calibration,0,169,IVFFLAT_HYBRID,three_categories,category_00,255,True,3,0.271845,"[0.25,0.50)",16.797667,1.0,False,exact_bitmap,,False
2026-08-30T19:54:12.347+00:00,calibration,0,74,SQL_FIRST,single_category,category_02,832,False,1,0.098965,"[0.05,0.10)",10.63625,1.0,True,exact_bitmap,,False
2026-08-30T19:54:12.371+00:00,calibration,0,74,VECTOR_FIRST_HNSW,single_category,category_02,832,False,1,0.098965,"[0.05,0.10)",23.075083,0.8,False,exact_bitmap,,False
2026-08-30T19:54:12.383+00:00,calibration,0,74,HNSW_HYBRID,single_category,category_02,832,False,1,0.098965,"[0.05,0.10)",10.754917,1.0,False,exact_bitmap,,False
2026-08-30T19:54:12.394+00:00,calibration,0,74,IVFFLAT_HYBRID,single_category,category_02,832,False,1,0.098965,"[0.05,0.10)",10.753708,1.0,False,exact_bitmap,,False
2026-08-30T19:54:12.504+00:00,calibration,0,136,SQL_FIRST,two_categories,category_08,742,False,2,0.198565,"[0.10,0.25)",19.020583,1.0,True,exact_bitmap,,False
2026-08-30T19:54:12.529+00:00,calibration,0,136,VECTOR_FIRST_HNSW,two_categories,category_08,742,False,2,0.198565,"[0.10,0.25)",23.525833,1.0,False,exact_bitmap,,False
2026-08-30T19:54:12.549+00:00,calibration,0,136,HNSW_HYBRID,two_categories,category_08,742,False,2,0.198565,"[0.10,0.25)",18.721542,1.0,False,exact_bitmap,,False
2026-08-30T19:54:12.569+00:00,calibration,0,136,IVFFLAT_HYBRID,two_categories,category_08,742,False,2,0.198565,"[0.10,0.25)",18.778959,1.0,False,exact_bitmap,,False
2026-08-30T19:54:12.704+00:00,calibration,0,240,SQL_FIRST,wide_or,category_03,833,False,4,0.923975,"[0.50,1.00)",25.892917,1.0,True,exact_seq,,False
2026-08-30T19:54:12.728+00:00,calibration,0,240,VECTOR_FIRST_HNSW,wide_or,category_03,833,False,4,0.923975,"[0.50,1.00)",23.173625,1.0,False,exact_bitmap,,False
2026-08-30T19:54:12.756+00:00,calibration,0,240,HNSW_HYBRID,wide_or,category_03,833,False,4,0.923975,"[0.50,1.00)",26.702209,1.0,False,exact_seq,,False
2026-08-30T19:54:12.789+00:00,calibration,0,240,IVFFLAT_HYBRID,wide_or,category_03,833,False,4,0.923975,"[0.50,1.00)",31.939958,1.0,False,exact_seq,,False
2026-08-30T19:54:12.864+00:00,calibration,0,56,SQL_FIRST,single_category,category_04,433,True,1,0.0967,"[0.05,0.10)",11.22925,1.0,True,exact_bitmap,,False
2026-08-30T19:54:12.889+00:00,calibration,0,56,VECTOR_FIRST_HNSW,single_category,category_04,433,True,1,0.0967,"[0.05,0.10)",23.579042,1.0,False,exact_bitmap,,False
2026-08-30T19:54:12.901+00:00,calibration,0,56,HNSW_HYBRID,single_category,category_04,433,True,1,0.0967,"[0.05,0.10)",11.417417,1.0,False,exact_bitmap,,False
2026-08-30T19:54:12.914+00:00,calibration,0,56,IVFFLAT_HYBRID,single_category,category_04,433,True,1,0.0967,"[0.05,0.10)",11.550125,1.0,False,exact_bitmap,,False
2026-08-30T19:54:13.028+00:00,calibration,0,137,SQL_FIRST,two_categories,category_06,484,True,2,0.199965,"[0.10,0.25)",20.261833,1.0,True,exact_bitmap,,False
2026-08-30T19:54:13.062+00:00,calibration,0,137,VECTOR_FIRST_HNSW,two_categories,category_06,484,True,2,0.199965,"[0.10,0.25)",32.84075,1.0,False,exact_bitmap,,False
2026-08-30T19:54:13.083+00:00,calibration,0,137,HNSW_HYBRID,two_categories,category_06,484,True,2,0.199965,"[0.10,0.25)",20.118459,1.0,False,exact_bitmap,,False
2026-08-30T19:54:13.103+00:00,calibration,0,137,IVFFLAT_HYBRID,two_categories,category_06,484,True,2,0.199965,"[0.10,0.25)",19.186083,1.0,False,exact_bitmap,,False
2026-08-30T19:54:13.183+00:00,calibration,0,54,SQL_FIRST,single_category,category_08,764,True,1,0.098665,"[0.05,0.10)",12.177042,1.0,True,exact_bitmap,,False
2026-08-30T19:54:13.208+00:00,calibration,0,54,VECTOR_FIRST_HNSW,single_category,category_08,764,True,1,0.098665,"[0.05,0.10)",23.850959,1.0,False,exact_bitmap,,False
2026-08-30T19:54:13.220+00:00,calibration,0,54,HNSW_HYBRID,single_category,category_08,764,True,1,0.098665,"[0.05,0.10)",10.989834,1.0,False,exact_bitmap,,False
2026-08-30T19:54:13.232+00:00,calibration,0,54,IVFFLAT_HYBRID,single_category,category_08,764,True,1,0.098665,"[0.05,0.10)",11.043292,1.0,False,exact_bitmap,,False
2026-08-30T19:54:13.310+00:00,calibration,0,134,SQL_FIRST,price_range_mid,category_05,257,False,2,0.100535,"[0.10,0.25)",14.262209,1.0,True,exact_bitmap,,False
2026-08-30T19:54:13.344+00:00,calibration,0,134,VECTOR_FIRST_HNSW,price_range_mid,category_05,257,False,2,0.100535,"[0.10,0.25)",32.537541,1.0,False,exact_bitmap,,False
2026-08-30T19:54:13.357+00:00,calibration,0,134,HNSW_HYBRID,price_range_mid,category_05,257,False,2,0.100535,"[0.10,0.25)",12.324708,1.0,False,exact_bitmap,,False
2026-08-30T19:54:13.370+00:00,calibration,0,134,IVFFLAT_HYBRID,price_range_mid,category_05,257,False,2,0.100535,"[0.10,0.25)",11.585458,1.0,False,exact_bitmap,,False
2026-08-30T19:54:13.471+00:00,calibration,0,162,SQL_FIRST,three_categories,category_01,687,True,3,0.272085,"[0.25,0.50)",17.978083,1.0,True,exact_bitmap,,False
2026-08-30T19:54:13.496+00:00,calibration,0,162,VECTOR_FIRST_HNSW,three_categories,category_01,687,True,3,0.272085,"[0.25,0.50)",23.4485,1.0,False,exact_bitmap,,False
2026-08-30T19:54:13.515+00:00,calibration,0,162,HNSW_HYBRID,three_categories,category_01,687,True,3,0.272085,"[0.25,0.50)",18.781083,1.0,False,exact_bitmap,,False
2026-08-30T19:54:13.535+00:00,calibration,0,162,IVFFLAT_HYBRID,three_categories,category_01,687,True,3,0.272085,"[0.25,0.50)",18.302875,1.0,False,exact_bitmap,,False
2026-08-30T19:54:13.596+00:00,calibration,0,16,SQL_FIRST,category_and_stock,category_04,187,True,0,0.04843,"[0.00,0.05)",8.766959,1.0,True,exact_bitmap,,False
2026-08-30T19:54:13.621+00:00,calibration,0,16,VECTOR_FIRST_HNSW,category_and_stock,category_04,187,True,0,0.04843,"[0.00,0.05)",23.320125,0.4,False,exact_bitmap,,False
2026-08-30T19:54:13.631+00:00,calibration,0,16,HNSW_HYBRID,category_and_stock,category_04,187,True,0,0.04843,"[0.00,0.05)",8.830459,1.0,False,exact_bitmap,,False
2026-08-30T19:54:13.641+00:00,calibration,0,16,IVFFLAT_HYBRID,category_and_stock,category_04,187,True,0,0.04843,"[0.00,0.05)",8.544625,1.0,False,exact_bitmap,,False
2026-08-30T19:54:13.678+00:00,calibration,0,46,SQL_FIRST,category_narrow_price,category_05,700,True,0,0.00489,"[0.00,0.05)",2.208958,1.0,True,exact_bitmap,,False
2026-08-30T19:54:13.702+00:00,calibration,0,46,VECTOR_FIRST_HNSW,category_narrow_price,category_05,700,True,0,0.00489,"[0.00,0.05)",23.325375,0.1,False,exact_bitmap,,False
2026-08-30T19:54:13.706+00:00,calibration,0,46,HNSW_HYBRID,category_narrow_price,category_05,700,True,0,0.00489,"[0.00,0.05)",2.639792,1.0,False,exact_bitmap,,False
2026-08-30T19:54:13.709+00:00,calibration,0,46,IVFFLAT_HYBRID,category_narrow_price,category_05,700,True,0,0.00489,"[0.00,0.05)",2.147292,1.0,False,exact_bitmap,,False
2026-08-30T19:54:13.784+00:00,calibration,0,61,SQL_FIRST,single_category,category_09,464,False,1,0.0999,"[0.05,0.10)",11.884291,1.0,True,exact_bitmap,,False
2026-08-30T19:54:13.809+00:00,calibration,0,61,VECTOR_FIRST_HNSW,single_category,category_09,464,False,1,0.0999,"[0.05,0.10)",23.661666,1.0,False,exact_bitmap,,False
2026-08-30T19:54:13.821+00:00,calibration,0,61,HNSW_HYBRID,single_category,category_09,464,False,1,0.0999,"[0.05,0.10)",11.049667,1.0,False,exact_bitmap,,False
2026-08-30T19:54:13.833+00:00,calibration,0,61,IVFFLAT_HYBRID,single_category,category_09,464,False,1,0.0999,"[0.05,0.10)",10.776416,1.0,False,exact_bitmap,,False
2026-08-30T19:54:13.903+00:00,calibration,0,58,SQL_FIRST,single_category,category_09,232,True,1,0.0999,"[0.05,0.10)",11.025583,1.0,True,exact_bitmap,,False
2026-08-30T19:54:13.928+00:00,calibration,0,58,VECTOR_FIRST_HNSW,single_category,category_09,232,True,1,0.0999,"[0.05,0.10)",23.772292,0.9,False,exact_bitmap,,False
2026-08-30T19:54:13.941+00:00,calibration,0,58,HNSW_HYBRID,single_category,category_09,232,True,1,0.0999,"[0.05,0.10)",11.307875,1.0,False,exact_bitmap,,False
2026-08-30T19:54:13.953+00:00,calibration,0,58,IVFFLAT_HYBRID,single_category,category_09,232,True,1,0.0999,"[0.05,0.10)",11.2895,1.0,False,exact_bitmap,,False
2026-08-30T19:54:14.024+00:00,calibration,0,98,SQL_FIRST,single_category,category_08,420,True,1,0.098665,"[0.05,0.10)",11.4195,1.0,True,exact_bitmap,,False
2026-08-30T19:54:14.049+00:00,calibration,0,98,VECTOR_FIRST_HNSW,single_category,category_08,420,True,1,0.098665,"[0.05,0.10)",23.838208,0.7,False,exact_bitmap,,False
2026-08-30T19:54:14.061+00:00,calibration,0,98,HNSW_HYBRID,single_category,category_08,420,True,1,0.098665,"[0.05,0.10)",11.428292,1.0,False,exact_bitmap,,False
2026-08-30T19:54:14.074+00:00,calibration,0,98,IVFFLAT_HYBRID,single_category,category_08,420,True,1,0.098665,"[0.05,0.10)",10.873416,1.0,False,exact_bitmap,,False
2026-08-30T19:54:14.205+00:00,calibration,0,235,SQL_FIRST,wide_or,category_07,474,False,4,0.761275,"[0.50,1.00)",24.270792,1.0,True,exact_seq,,False
2026-08-30T19:54:14.231+00:00,calibration,0,235,VECTOR_FIRST_HNSW,wide_or,category_07,474,False,4,0.761275,"[0.50,1.00)",23.738875,1.0,False,exact_bitmap,,False
2026-08-30T19:54:14.265+00:00,calibration,0,235,HNSW_HYBRID,wide_or,category_07,474,False,4,0.761275,"[0.50,1.00)",32.663,1.0,False,exact_seq,,False
2026-08-30T19:54:14.291+00:00,calibration,0,235,IVFFLAT_HYBRID,wide_or,category_07,474,False,4,0.761275,"[0.50,1.00)",24.390375,1.0,False,exact_seq,,False
2026-08-30T19:54:14.369+00:00,calibration,0,63,SQL_FIRST,single_category,category_09,76,False,1,0.0999,"[0.05,0.10)",11.604625,1.0,True,exact_bitmap,,False
2026-08-30T19:54:14.394+00:00,calibration,0,63,VECTOR_FIRST_HNSW,single_category,category_09,76,False,1,0.0999,"[0.05,0.10)",23.695459,0.9,False,exact_bitmap,,False
2026-08-30T19:54:14.406+00:00,calibration,0,63,HNSW_HYBRID,single_category,category_09,76,False,1,0.0999,"[0.05,0.10)",11.272167,1.0,False,exact_bitmap,,False
2026-08-30T19:54:14.420+00:00,calibration,0,63,IVFFLAT_HYBRID,single_category,category_09,76,False,1,0.0999,"[0.05,0.10)",12.487084,1.0,False,exact_bitmap,,False
2026-08-30T19:54:14.523+00:00,calibration,0,117,SQL_FIRST,two_categories,category_03,102,True,2,0.2004,"[0.10,0.25)",18.464791,1.0,True,exact_bitmap,,False
2026-08-30T19:54:14.548+00:00,calibration,0,117,VECTOR_FIRST_HNSW,two_categories,category_03,102,True,2,0.2004,"[0.10,0.25)",23.818625,1.0,False,exact_bitmap,,False
2026-08-30T19:54:14.570+00:00,calibration,0,117,HNSW_HYBRID,two_categories,category_03,102,True,2,0.2004,"[0.10,0.25)",20.463166,1.0,False,exact_bitmap,,False
2026-08-30T19:54:14.589+00:00,calibration,0,117,IVFFLAT_HYBRID,two_categories,category_03,102,True,2,0.2004,"[0.10,0.25)",18.72525,1.0,False,exact_bitmap,,False
2026-08-30T19:54:14.659+00:00,calibration,0,62,SQL_FIRST,single_category,category_01,722,False,1,0.098665,"[0.05,0.10)",10.908375,1.0,True,exact_bitmap,,False
2026-08-30T19:54:14.684+00:00,calibration,0,62,VECTOR_FIRST_HNSW,single_category,category_01,722,False,1,0.098665,"[0.05,0.10)",24.039541,1.0,False,exact_bitmap,,False
2026-08-30T19:54:14.696+00:00,calibration,0,62,HNSW_HYBRID,single_category,category_01,722,False,1,0.098665,"[0.05,0.10)",10.740583,1.0,False,exact_bitmap,,False
2026-08-30T19:54:14.708+00:00,calibration,0,62,IVFFLAT_HYBRID,single_category,category_01,722,False,1,0.098665,"[0.05,0.10)",10.86875,1.0,False,exact_bitmap,,False
2026-08-30T19:54:14.781+00:00,calibration,0,123,SQL_FIRST,price_range_mid,category_08,136,True,2,0.10457,"[0.10,0.25)",12.631083,1.0,True,exact_bitmap,,False
2026-08-30T19:54:14.806+00:00,calibration,0,123,VECTOR_FIRST_HNSW,price_range_mid,category_08,136,True,2,0.10457,"[0.10,0.25)",23.7535,1.0,False,exact_bitmap,,False
2026-08-30T19:54:14.819+00:00,calibration,0,123,HNSW_HYBRID,price_range_mid,category_08,136,True,2,0.10457,"[0.10,0.25)",12.22075,1.0,False,exact_bitmap,,False
2026-08-30T19:54:14.832+00:00,calibration,0,123,IVFFLAT_HYBRID,price_range_mid,category_08,136,True,2,0.10457,"[0.10,0.25)",11.748458,1.0,False,exact_bitmap,,False
2026-08-30T19:54:14.938+00:00,calibration,0,194,SQL_FIRST,category_or_price,category_02,228,True,3,0.29922,"[0.25,0.50)",22.661,1.0,True,exact_seq,,False
2026-08-30T19:54:14.963+00:00,calibration,0,194,VECTOR_FIRST_HNSW,category_or_price,category_02,228,True,3,0.29922,"[0.25,0.50)",24.348541,1.0,False,exact_bitmap,,False
2026-08-30T19:54:14.984+00:00,calibration,0,194,HNSW_HYBRID,category_or_price,category_02,228,True,3,0.29922,"[0.25,0.50)",19.738417,1.0,False,exact_seq,,False
2026-08-30T19:54:15.005+00:00,calibration,0,194,IVFFLAT_HYBRID,category_or_price,category_02,228,True,3,0.29922,"[0.25,0.50)",19.921708,1.0,False,exact_seq,,False
2026-08-30T19:54:15.066+00:00,calibration,0,6,SQL_FIRST,category_and_stock,category_05,479,False,0,0.049935,"[0.00,0.05)",9.250417,1.0,True,exact_bitmap,,False
2026-08-30T19:54:15.093+00:00,calibration,0,6,VECTOR_FIRST_HNSW,category_and_stock,category_05,479,False,0,0.049935,"[0.00,0.05)",25.206291,0.4,False,exact_bitmap,,False
2026-08-30T19:54:15.104+00:00,calibration,0,6,HNSW_HYBRID,category_and_stock,category_05,479,False,0,0.049935,"[0.00,0.05)",9.882583,1.0,False,exact_bitmap,,False
2026-08-30T19:54:15.114+00:00,calibration,0,6,IVFFLAT_HYBRID,category_and_stock,category_05,479,False,0,0.049935,"[0.00,0.05)",9.412083,1.0,False,exact_bitmap,,False
2026-08-30T19:54:15.194+00:00,calibration,0,73,SQL_FIRST,single_category,category_04,272,True,1,0.0967,"[0.05,0.10)",11.286416,1.0,True,exact_bitmap,,False
2026-08-30T19:54:15.220+00:00,calibration,0,73,VECTOR_FIRST_HNSW,single_category,category_04,272,True,1,0.0967,"[0.05,0.10)",25.08425,0.6,False,exact_bitmap,,False
2026-08-30T19:54:15.233+00:00,calibration,0,73,HNSW_HYBRID,single_category,category_04,272,True,1,0.0967,"[0.05,0.10)",12.020125,1.0,False,exact_bitmap,,False
2026-08-30T19:54:15.246+00:00,calibration,0,73,IVFFLAT_HYBRID,single_category,category_04,272,True,1,0.0967,"[0.05,0.10)",11.429458,1.0,False,exact_bitmap,,False
2026-08-30T19:54:15.281+00:00,calibration,0,45,SQL_FIRST,category_narrow_price,category_09,292,False,0,0.005085,"[0.00,0.05)",2.169292,1.0,True,exact_bitmap,,False
2026-08-30T19:54:15.305+00:00,calibration,0,45,VECTOR_FIRST_HNSW,category_narrow_price,category_09,292,False,0,0.005085,"[0.00,0.05)",23.112166,0.0,False,exact_bitmap,,False
2026-08-30T19:54:15.309+00:00,calibration,0,45,HNSW_HYBRID,category_narrow_price,category_09,292,False,0,0.005085,"[0.00,0.05)",2.564667,1.0,False,exact_bitmap,,False
2026-08-30T19:54:15.312+00:00,calibration,0,45,IVFFLAT_HYBRID,category_narrow_price,category_09,292,False,0,0.005085,"[0.00,0.05)",2.159,1.0,False,exact_bitmap,,False
2026-08-30T19:54:15.413+00:00,calibration,0,210,SQL_FIRST,stock_alone,category_05,403,True,4,0.500835,"[0.50,1.00)",18.773292,1.0,True,exact_seq,,False
2026-08-30T19:54:15.438+00:00,calibration,0,210,VECTOR_FIRST_HNSW,stock_alone,category_05,403,True,4,0.500835,"[0.50,1.00)",24.395791,1.0,False,exact_bitmap,,False
2026-08-30T19:54:15.459+00:00,calibration,0,210,HNSW_HYBRID,stock_alone,category_05,403,True,4,0.500835,"[0.50,1.00)",19.848583,1.0,False,exact_seq,,False
2026-08-30T19:54:15.479+00:00,calibration,0,210,IVFFLAT_HYBRID,stock_alone,category_05,403,True,4,0.500835,"[0.50,1.00)",18.8625,1.0,False,exact_seq,,False
2026-08-30T19:54:15.573+00:00,calibration,0,192,SQL_FIRST,three_categories,category_06,167,True,3,0.269895,"[0.25,0.50)",16.515208,1.0,True,exact_bitmap,,False
2026-08-30T19:54:15.604+00:00,calibration,0,192,VECTOR_FIRST_HNSW,three_categories,category_06,167,True,3,0.269895,"[0.25,0.50)",29.69275,1.0,False,exact_bitmap,,False
2026-08-30T19:54:15.626+00:00,calibration,0,192,HNSW_HYBRID,three_categories,category_06,167,True,3,0.269895,"[0.25,0.50)",20.894625,1.0,False,exact_bitmap,,False
2026-08-30T19:54:15.646+00:00,calibration,0,192,IVFFLAT_HYBRID,three_categories,category_06,167,True,3,0.269895,"[0.25,0.50)",19.090584,1.0,False,exact_bitmap,,False
2026-08-30T19:54:15.750+00:00,calibration,0,156,SQL_FIRST,three_categories,category_09,872,True,3,0.272595,"[0.25,0.50)",18.470875,1.0,True,exact_bitmap,,False
2026-08-30T19:54:15.775+00:00,calibration,0,156,VECTOR_FIRST_HNSW,three_categories,category_09,872,True,3,0.272595,"[0.25,0.50)",23.192292,1.0,False,exact_bitmap,,False
2026-08-30T19:54:15.793+00:00,calibration,0,156,HNSW_HYBRID,three_categories,category_09,872,True,3,0.272595,"[0.25,0.50)",16.724083,1.0,False,exact_bitmap,,False
2026-08-30T19:54:15.811+00:00,calibration,0,156,IVFFLAT_HYBRID,three_categories,category_09,872,True,3,0.272595,"[0.25,0.50)",17.095833,1.0,False,exact_bitmap,,False
2026-08-30T19:54:15.942+00:00,calibration,0,215,SQL_FIRST,wide_or,category_06,718,False,4,0.870745,"[0.50,1.00)",28.788916,1.0,True,exact_seq,,False
2026-08-30T19:54:15.972+00:00,calibration,0,215,VECTOR_FIRST_HNSW,wide_or,category_06,718,False,4,0.870745,"[0.50,1.00)",29.076291,1.0,False,exact_bitmap,,False
2026-08-30T19:54:16.002+00:00,calibration,0,215,HNSW_HYBRID,wide_or,category_06,718,False,4,0.870745,"[0.50,1.00)",28.421458,1.0,False,exact_seq,,False
2026-08-30T19:54:16.028+00:00,calibration,0,215,IVFFLAT_HYBRID,wide_or,category_06,718,False,4,0.870745,"[0.50,1.00)",25.162833,1.0,False,exact_seq,,False
2026-08-30T19:54:16.129+00:00,calibration,0,148,SQL_FIRST,two_categories,category_04,653,False,2,0.196735,"[0.10,0.25)",19.740875,1.0,True,exact_bitmap,,False
2026-08-30T19:54:16.154+00:00,calibration,0,148,VECTOR_FIRST_HNSW,two_categories,category_04,653,False,2,0.196735,"[0.10,0.25)",24.383917,1.0,False,exact_bitmap,,False
2026-08-30T19:54:16.173+00:00,calibration,0,148,HNSW_HYBRID,two_categories,category_04,653,False,2,0.196735,"[0.10,0.25)",18.069542,1.0,False,exact_bitmap,,False
2026-08-30T19:54:16.192+00:00,calibration,0,148,IVFFLAT_HYBRID,two_categories,category_04,653,False,2,0.196735,"[0.10,0.25)",18.011541,1.0,False,exact_bitmap,,False
2026-08-30T19:54:16.271+00:00,calibration,0,80,SQL_FIRST,single_category,category_02,530,True,1,0.098965,"[0.05,0.10)",11.582917,1.0,True,exact_bitmap,,False
2026-08-30T19:54:16.296+00:00,calibration,0,80,VECTOR_FIRST_HNSW,single_category,category_02,530,True,1,0.098965,"[0.05,0.10)",23.643666,0.8,False,exact_bitmap,,False
2026-08-30T19:54:16.309+00:00,calibration,0,80,HNSW_HYBRID,single_category,category_02,530,True,1,0.098965,"[0.05,0.10)",11.028375,1.0,False,exact_bitmap,,False
2026-08-30T19:54:16.321+00:00,calibration,0,80,IVFFLAT_HYBRID,single_category,category_02,530,True,1,0.098965,"[0.05,0.10)",11.252833,1.0,False,exact_bitmap,,False
2026-08-30T19:54:16.447+00:00,calibration,0,243,SQL_FIRST,wide_or,category_03,431,True,4,0.74388,"[0.50,1.00)",26.143334,1.0,True,exact_seq,,False
2026-08-30T19:54:16.472+00:00,calibration,0,243,VECTOR_FIRST_HNSW,wide_or,category_03,431,True,4,0.74388,"[0.50,1.00)",23.998625,1.0,False,exact_bitmap,,False
2026-08-30T19:54:16.497+00:00,calibration,0,243,HNSW_HYBRID,wide_or,category_03,431,True,4,0.74388,"[0.50,1.00)",24.065542,1.0,False,exact_seq,,False
2026-08-30T19:54:16.524+00:00,calibration,0,243,IVFFLAT_HYBRID,wide_or,category_03,431,True,4,0.74388,"[0.50,1.00)",25.426916,1.0,False,exact_seq,,False
2026-08-30T19:54:16.594+00:00,calibration,0,150,SQL_FIRST,single_category_alone,category_07,159,True,2,0.100435,"[0.10,0.25)",10.847916,1.0,True,exact_bitmap,,False
2026-08-30T19:54:16.619+00:00,calibration,0,150,VECTOR_FIRST_HNSW,single_category_alone,category_07,159,True,2,0.100435,"[0.10,0.25)",23.128083,0.8,False,exact_bitmap,,False
2026-08-30T19:54:16.631+00:00,calibration,0,150,HNSW_HYBRID,single_category_alone,category_07,159,True,2,0.100435,"[0.10,0.25)",10.889959,1.0,False,exact_bitmap,,False
2026-08-30T19:54:16.644+00:00,calibration,0,150,IVFFLAT_HYBRID,single_category_alone,category_07,159,True,2,0.100435,"[0.10,0.25)",11.544166,1.0,False,exact_bitmap,,False
2026-08-30T19:54:16.715+00:00,calibration,0,79,SQL_FIRST,single_category,category_06,410,False,1,0.099535,"[0.05,0.10)",10.835,1.0,True,exact_bitmap,,False
2026-08-30T19:54:16.739+00:00,calibration,0,79,VECTOR_FIRST_HNSW,single_category,category_06,410,False,1,0.099535,"[0.05,0.10)",23.255167,1.0,False,exact_bitmap,,False
2026-08-30T19:54:16.751+00:00,calibration,0,79,HNSW_HYBRID,single_category,category_06,410,False,1,0.099535,"[0.05,0.10)",11.078375,1.0,False,exact_bitmap,,False
2026-08-30T19:54:16.763+00:00,calibration,0,79,IVFFLAT_HYBRID,single_category,category_06,410,False,1,0.099535,"[0.05,0.10)",11.125834,1.0,False,exact_bitmap,,False
2026-08-30T19:54:16.870+00:00,calibration,0,149,SQL_FIRST,two_categories,category_04,943,True,2,0.196735,"[0.10,0.25)",18.554917,1.0,True,exact_bitmap,,False
2026-08-30T19:54:16.896+00:00,calibration,0,149,VECTOR_FIRST_HNSW,two_categories,category_04,943,True,2,0.196735,"[0.10,0.25)",23.584167,1.0,False,exact_bitmap,,False
2026-08-30T19:54:16.916+00:00,calibration,0,149,HNSW_HYBRID,two_categories,category_04,943,True,2,0.196735,"[0.10,0.25)",18.496625,1.0,False,exact_bitmap,,False
2026-08-30T19:54:16.936+00:00,calibration,0,149,IVFFLAT_HYBRID,two_categories,category_04,943,True,2,0.196735,"[0.10,0.25)",18.466917,1.0,False,exact_bitmap,,False
2026-08-30T19:54:17.008+00:00,calibration,0,64,SQL_FIRST,single_category,category_09,249,False,1,0.0999,"[0.05,0.10)",11.211666,1.0,True,exact_bitmap,,False
2026-08-30T19:54:17.032+00:00,calibration,0,64,VECTOR_FIRST_HNSW,single_category,category_09,249,False,1,0.0999,"[0.05,0.10)",23.050958,1.0,False,exact_bitmap,,False
2026-08-30T19:54:17.044+00:00,calibration,0,64,HNSW_HYBRID,single_category,category_09,249,False,1,0.0999,"[0.05,0.10)",10.905375,1.0,False,exact_bitmap,,False
2026-08-30T19:54:17.057+00:00,calibration,0,64,IVFFLAT_HYBRID,single_category,category_09,249,False,1,0.0999,"[0.05,0.10)",11.727083,1.0,False,exact_bitmap,,False
2026-08-30T19:54:17.155+00:00,calibration,0,179,SQL_FIRST,three_categories,category_02,675,True,3,0.2705,"[0.25,0.50)",16.856834,1.0,True,exact_bitmap,,False
2026-08-30T19:54:17.180+00:00,calibration,0,179,VECTOR_FIRST_HNSW,three_categories,category_02,675,True,3,0.2705,"[0.25,0.50)",24.028875,1.0,False,exact_bitmap,,False
2026-08-30T19:54:17.201+00:00,calibration,0,179,HNSW_HYBRID,three_categories,category_02,675,True,3,0.2705,"[0.25,0.50)",19.495166,1.0,False,exact_bitmap,,False
2026-08-30T19:54:17.219+00:00,calibration,0,179,IVFFLAT_HYBRID,three_categories,category_02,675,True,3,0.2705,"[0.25,0.50)",16.7665,1.0,False,exact_bitmap,,False
2026-08-30T19:54:17.319+00:00,calibration,0,104,SQL_FIRST,two_categories,category_02,392,True,2,0.202665,"[0.10,0.25)",18.17025,1.0,True,exact_bitmap,,False
2026-08-30T19:54:17.344+00:00,calibration,0,104,VECTOR_FIRST_HNSW,two_categories,category_02,392,True,2,0.202665,"[0.10,0.25)",23.826708,1.0,False,exact_bitmap,,False
2026-08-30T19:54:17.365+00:00,calibration,0,104,HNSW_HYBRID,two_categories,category_02,392,True,2,0.202665,"[0.10,0.25)",20.10275,1.0,False,exact_bitmap,,False
2026-08-30T19:54:17.385+00:00,calibration,0,104,IVFFLAT_HYBRID,two_categories,category_02,392,True,2,0.202665,"[0.10,0.25)",18.833,1.0,False,exact_bitmap,,False
2026-08-30T19:54:17.488+00:00,calibration,0,115,SQL_FIRST,two_categories,category_07,593,True,2,0.1991,"[0.10,0.25)",18.310458,1.0,True,exact_bitmap,,False
2026-08-30T19:54:17.513+00:00,calibration,0,115,VECTOR_FIRST_HNSW,two_categories,category_07,593,True,2,0.1991,"[0.10,0.25)",23.307,1.0,False,exact_bitmap,,False
2026-08-30T19:54:17.533+00:00,calibration,0,115,HNSW_HYBRID,two_categories,category_07,593,True,2,0.1991,"[0.10,0.25)",18.317959,1.0,False,exact_bitmap,,False
2026-08-30T19:54:17.552+00:00,calibration,0,115,IVFFLAT_HYBRID,two_categories,category_07,593,True,2,0.1991,"[0.10,0.25)",18.416209,1.0,False,exact_bitmap,,False
2026-08-30T19:54:17.652+00:00,calibration,0,152,SQL_FIRST,category_or_price,category_07,239,False,3,0.310775,"[0.25,0.50)",18.636125,1.0,True,exact_seq,,False
2026-08-30T19:54:17.689+00:00,calibration,0,152,VECTOR_FIRST_HNSW,category_or_price,category_07,239,False,3,0.310775,"[0.25,0.50)",35.423291,1.0,False,exact_bitmap,,False
2026-08-30T19:54:17.711+00:00,calibration,0,152,HNSW_HYBRID,category_or_price,category_07,239,False,3,0.310775,"[0.25,0.50)",21.040666,1.0,False,exact_seq,,False
2026-08-30T19:54:17.733+00:00,calibration,0,152,IVFFLAT_HYBRID,category_or_price,category_07,239,False,3,0.310775,"[0.25,0.50)",20.44725,1.0,False,exact_seq,,False
2026-08-30T19:54:17.771+00:00,calibration,0,13,SQL_FIRST,category_narrow_price,category_02,452,True,0,0.00481,"[0.00,0.05)",3.079083,1.0,True,exact_bitmap,,False
2026-08-30T19:54:17.796+00:00,calibration,0,13,VECTOR_FIRST_HNSW,category_narrow_price,category_02,452,True,0,0.00481,"[0.00,0.05)",24.369166,0.0,False,exact_bitmap,,False
2026-08-30T19:54:17.800+00:00,calibration,0,13,HNSW_HYBRID,category_narrow_price,category_02,452,True,0,0.00481,"[0.00,0.05)",2.752292,1.0,False,exact_bitmap,,False
2026-08-30T19:54:17.804+00:00,calibration,0,13,IVFFLAT_HYBRID,category_narrow_price,category_02,452,True,0,0.00481,"[0.00,0.05)",3.2165,1.0,False,exact_bitmap,,False
2026-08-30T19:54:17.886+00:00,calibration,0,88,SQL_FIRST,single_category,category_09,13,False,1,0.0999,"[0.05,0.10)",12.175583,1.0,True,exact_bitmap,,False
2026-08-30T19:54:17.913+00:00,calibration,0,88,VECTOR_FIRST_HNSW,single_category,category_09,13,False,1,0.0999,"[0.05,0.10)",25.579458,1.0,False,exact_bitmap,,False
2026-08-30T19:54:17.926+00:00,calibration,0,88,HNSW_HYBRID,single_category,category_09,13,False,1,0.0999,"[0.05,0.10)",12.362041,1.0,False,exact_bitmap,,False
2026-08-30T19:54:17.940+00:00,calibration,0,88,IVFFLAT_HYBRID,single_category,category_09,13,False,1,0.0999,"[0.05,0.10)",13.009208,1.0,False,exact_bitmap,,False
2026-08-30T19:54:18.082+00:00,calibration,0,212,SQL_FIRST,wide_or,category_02,693,False,4,0.859005,"[0.50,1.00)",27.007333,1.0,True,exact_seq,,False
2026-08-30T19:54:18.108+00:00,calibration,0,212,VECTOR_FIRST_HNSW,wide_or,category_02,693,False,4,0.859005,"[0.50,1.00)",24.553583,1.0,False,exact_bitmap,,False
2026-08-30T19:54:18.140+00:00,calibration,0,212,HNSW_HYBRID,wide_or,category_02,693,False,4,0.859005,"[0.50,1.00)",31.328458,1.0,False,exact_seq,,False
2026-08-30T19:54:18.173+00:00,calibration,0,212,IVFFLAT_HYBRID,wide_or,category_02,693,False,4,0.859005,"[0.50,1.00)",32.190917,1.0,False,exact_seq,,False
2026-08-30T19:54:18.220+00:00,calibration,0,47,SQL_FIRST,category_narrow_price,category_05,816,True,0,0.0051,"[0.00,0.05)",2.778375,1.0,True,exact_bitmap,,False
2026-08-30T19:54:18.252+00:00,calibration,0,47,VECTOR_FIRST_HNSW,category_narrow_price,category_05,816,True,0,0.0051,"[0.00,0.05)",31.07125,0.2,False,exact_bitmap,,False
2026-08-30T19:54:18.256+00:00,calibration,0,47,HNSW_HYBRID,category_narrow_price,category_05,816,True,0,0.0051,"[0.00,0.05)",3.167083,1.0,False,exact_bitmap,,False
2026-08-30T19:54:18.261+00:00,calibration,0,47,IVFFLAT_HYBRID,category_narrow_price,category_05,816,True,0,0.0051,"[0.00,0.05)",3.646292,1.0,False,exact_bitmap,,False
2026-08-30T19:54:18.372+00:00,calibration,0,112,SQL_FIRST,two_categories,category_05,514,False,2,0.199565,"[0.10,0.25)",18.852041,1.0,True,exact_bitmap,,False
2026-08-30T19:54:18.397+00:00,calibration,0,112,VECTOR_FIRST_HNSW,two_categories,category_05,514,False,2,0.199565,"[0.10,0.25)",24.061375,1.0,False,exact_bitmap,,False
2026-08-30T19:54:18.418+00:00,calibration,0,112,HNSW_HYBRID,two_categories,category_05,514,False,2,0.199565,"[0.10,0.25)",19.431,1.0,False,exact_bitmap,,False
2026-08-30T19:54:18.437+00:00,calibration,0,112,IVFFLAT_HYBRID,two_categories,category_05,514,False,2,0.199565,"[0.10,0.25)",18.421625,1.0,False,exact_bitmap,,False
2026-08-30T19:54:18.474+00:00,calibration,0,17,SQL_FIRST,category_narrow_price,category_08,598,False,0,0.004995,"[0.00,0.05)",2.223417,1.0,True,exact_bitmap,,False
2026-08-30T19:54:18.498+00:00,calibration,0,17,VECTOR_FIRST_HNSW,category_narrow_price,category_08,598,False,0,0.004995,"[0.00,0.05)",23.527625,0.0,False,exact_bitmap,,False
2026-08-30T19:54:18.503+00:00,calibration,0,17,HNSW_HYBRID,category_narrow_price,category_08,598,False,0,0.004995,"[0.00,0.05)",3.189667,1.0,False,exact_bitmap,,False
2026-08-30T19:54:18.506+00:00,calibration,0,17,IVFFLAT_HYBRID,category_narrow_price,category_08,598,False,0,0.004995,"[0.00,0.05)",2.263292,1.0,False,exact_bitmap,,False
2026-08-30T19:54:18.543+00:00,calibration,0,33,SQL_FIRST,category_narrow_price,category_02,148,False,0,0.005115,"[0.00,0.05)",2.157417,1.0,True,exact_bitmap,,False
2026-08-30T19:54:18.569+00:00,calibration,0,33,VECTOR_FIRST_HNSW,category_narrow_price,category_02,148,False,0,0.005115,"[0.00,0.05)",24.2335,0.1,False,exact_bitmap,,False
2026-08-30T19:54:18.572+00:00,calibration,0,33,HNSW_HYBRID,category_narrow_price,category_02,148,False,0,0.005115,"[0.00,0.05)",2.546666,1.0,False,exact_bitmap,,False
2026-08-30T19:54:18.575+00:00,calibration,0,33,IVFFLAT_HYBRID,category_narrow_price,category_02,148,False,0,0.005115,"[0.00,0.05)",2.065875,1.0,False,exact_bitmap,,False
2026-08-30T19:54:18.603+00:00,heldout,0,101,SQL_FIRST,two_categories,category_03,813,False,2,0.2004,"[0.10,0.25)",19.097833,1.0,True,exact_bitmap,HNSW_HYBRID,False
2026-08-30T19:54:18.628+00:00,heldout,0,101,VECTOR_FIRST_HNSW,two_categories,category_03,813,False,2,0.2004,"[0.10,0.25)",23.725291,1.0,False,exact_bitmap,HNSW_HYBRID,False
2026-08-30T19:54:18.648+00:00,heldout,0,101,HNSW_HYBRID,two_categories,category_03,813,False,2,0.2004,"[0.10,0.25)",18.529917,1.0,False,exact_bitmap,HNSW_HYBRID,True
2026-08-30T19:54:18.668+00:00,heldout,0,101,IVFFLAT_HYBRID,two_categories,category_03,813,False,2,0.2004,"[0.10,0.25)",19.0995,1.0,False,exact_bitmap,HNSW_HYBRID,False
2026-08-30T19:54:18.687+00:00,heldout,1,101,SQL_FIRST,two_categories,category_03,813,False,2,0.2004,"[0.10,0.25)",18.442791,1.0,True,exact_bitmap,HNSW_HYBRID,False
2026-08-30T19:54:18.711+00:00,heldout,1,101,VECTOR_FIRST_HNSW,two_categories,category_03,813,False,2,0.2004,"[0.10,0.25)",23.480292,1.0,False,exact_bitmap,HNSW_HYBRID,False
2026-08-30T19:54:18.732+00:00,heldout,1,101,HNSW_HYBRID,two_categories,category_03,813,False,2,0.2004,"[0.10,0.25)",20.6965,1.0,False,exact_bitmap,HNSW_HYBRID,True
2026-08-30T19:54:18.753+00:00,heldout,1,101,IVFFLAT_HYBRID,two_categories,category_03,813,False,2,0.2004,"[0.10,0.25)",20.330791,1.0,False,exact_bitmap,HNSW_HYBRID,False
2026-08-30T19:54:18.773+00:00,heldout,2,101,SQL_FIRST,two_categories,category_03,813,False,2,0.2004,"[0.10,0.25)",18.89875,1.0,True,exact_bitmap,HNSW_HYBRID,False
2026-08-30T19:54:18.796+00:00,heldout,2,101,VECTOR_FIRST_HNSW,two_categories,category_03,813,False,2,0.2004,"[0.10,0.25)",23.466792,1.0,False,exact_bitmap,HNSW_HYBRID,False
2026-08-30T19:54:18.815+00:00,heldout,2,101,HNSW_HYBRID,two_categories,category_03,813,False,2,0.2004,"[0.10,0.25)",18.389583,1.0,False,exact_bitmap,HNSW_HYBRID,True
2026-08-30T19:54:18.835+00:00,heldout,2,101,IVFFLAT_HYBRID,two_categories,category_03,813,False,2,0.2004,"[0.10,0.25)",18.551042,1.0,False,exact_bitmap,HNSW_HYBRID,False
2026-08-30T19:54:18.857+00:00,heldout,0,196,SQL_FIRST,category_or_price,category_02,335,True,3,0.396645,"[0.25,0.50)",19.564292,1.0,True,exact_seq,IVFFLAT_HYBRID,False
2026-08-30T19:54:18.882+00:00,heldout,0,196,VECTOR_FIRST_HNSW,category_or_price,category_02,335,True,3,0.396645,"[0.25,0.50)",24.035708,1.0,False,exact_bitmap,IVFFLAT_HYBRID,False
2026-08-30T19:54:18.903+00:00,heldout,0,196,HNSW_HYBRID,category_or_price,category_02,335,True,3,0.396645,"[0.25,0.50)",20.467125,1.0,False,exact_seq,IVFFLAT_HYBRID,False
2026-08-30T19:54:18.925+00:00,heldout,0,196,IVFFLAT_HYBRID,category_or_price,category_02,335,True,3,0.396645,"[0.25,0.50)",20.340125,1.0,False,exact_seq,IVFFLAT_HYBRID,True
2026-08-30T19:54:18.945+00:00,heldout,1,196,SQL_FIRST,category_or_price,category_02,335,True,3,0.396645,"[0.25,0.50)",19.855292,1.0,True,exact_seq,IVFFLAT_HYBRID,False
2026-08-30T19:54:18.968+00:00,heldout,1,196,VECTOR_FIRST_HNSW,category_or_price,category_02,335,True,3,0.396645,"[0.25,0.50)",23.475,1.0,False,exact_bitmap,IVFFLAT_HYBRID,False
2026-08-30T19:54:18.992+00:00,heldout,1,196,HNSW_HYBRID,category_or_price,category_02,335,True,3,0.396645,"[0.25,0.50)",22.818542,1.0,False,exact_seq,IVFFLAT_HYBRID,False
2026-08-30T19:54:19.012+00:00,heldout,1,196,IVFFLAT_HYBRID,category_or_price,category_02,335,True,3,0.396645,"[0.25,0.50)",20.226958,1.0,False,exact_seq,IVFFLAT_HYBRID,True
2026-08-30T19:54:19.032+00:00,heldout,2,196,SQL_FIRST,category_or_price,category_02,335,True,3,0.396645,"[0.25,0.50)",19.1775,1.0,True,exact_seq,IVFFLAT_HYBRID,False
2026-08-30T19:54:19.055+00:00,heldout,2,196,VECTOR_FIRST_HNSW,category_or_price,category_02,335,True,3,0.396645,"[0.25,0.50)",23.273209,1.0,False,exact_bitmap,IVFFLAT_HYBRID,False
2026-08-30T19:54:19.075+00:00,heldout,2,196,HNSW_HYBRID,category_or_price,category_02,335,True,3,0.396645,"[0.25,0.50)",19.363084,1.0,False,exact_seq,IVFFLAT_HYBRID,False
2026-08-30T19:54:19.095+00:00,heldout,2,196,IVFFLAT_HYBRID,category_or_price,category_02,335,True,3,0.396645,"[0.25,0.50)",19.181459,1.0,False,exact_seq,IVFFLAT_HYBRID,True
2026-08-30T19:54:19.106+00:00,heldout,0,8,SQL_FIRST,category_and_stock,category_06,875,False,0,0.049685,"[0.00,0.05)",9.098125,1.0,True,exact_bitmap,SQL_FIRST,True
2026-08-30T19:54:19.130+00:00,heldout,0,8,VECTOR_FIRST_HNSW,category_and_stock,category_06,875,False,0,0.049685,"[0.00,0.05)",23.188584,0.7,False,exact_bitmap,SQL_FIRST,False
2026-08-30T19:54:19.140+00:00,heldout,0,8,HNSW_HYBRID,category_and_stock,category_06,875,False,0,0.049685,"[0.00,0.05)",8.989833,1.0,False,exact_bitmap,SQL_FIRST,False
2026-08-30T19:54:19.150+00:00,heldout,0,8,IVFFLAT_HYBRID,category_and_stock,category_06,875,False,0,0.049685,"[0.00,0.05)",9.578083,1.0,False,exact_bitmap,SQL_FIRST,False
2026-08-30T19:54:19.159+00:00,heldout,1,8,SQL_FIRST,category_and_stock,category_06,875,False,0,0.049685,"[0.00,0.05)",8.877458,1.0,True,exact_bitmap,SQL_FIRST,True
2026-08-30T19:54:19.184+00:00,heldout,1,8,VECTOR_FIRST_HNSW,category_and_stock,category_06,875,False,0,0.049685,"[0.00,0.05)",24.655709,0.7,False,exact_bitmap,SQL_FIRST,False
2026-08-30T19:54:19.194+00:00,heldout,1,8,HNSW_HYBRID,category_and_stock,category_06,875,False,0,0.049685,"[0.00,0.05)",9.608375,1.0,False,exact_bitmap,SQL_FIRST,False
2026-08-30T19:54:19.204+00:00,heldout,1,8,IVFFLAT_HYBRID,category_and_stock,category_06,875,False,0,0.049685,"[0.00,0.05)",9.094208,1.0,False,exact_bitmap,SQL_FIRST,False
2026-08-30T19:54:19.213+00:00,heldout,2,8,SQL_FIRST,category_and_stock,category_06,875,False,0,0.049685,"[0.00,0.05)",8.777,1.0,True,exact_bitmap,SQL_FIRST,True
2026-08-30T19:54:19.237+00:00,heldout,2,8,VECTOR_FIRST_HNSW,category_and_stock,category_06,875,False,0,0.049685,"[0.00,0.05)",24.592875,0.7,False,exact_bitmap,SQL_FIRST,False
2026-08-30T19:54:19.248+00:00,heldout,2,8,HNSW_HYBRID,category_and_stock,category_06,875,False,0,0.049685,"[0.00,0.05)",10.069459,1.0,False,exact_bitmap,SQL_FIRST,False
2026-08-30T19:54:19.259+00:00,heldout,2,8,IVFFLAT_HYBRID,category_and_stock,category_06,875,False,0,0.049685,"[0.00,0.05)",10.556458,1.0,False,exact_bitmap,SQL_FIRST,False
2026-08-30T19:54:19.264+00:00,heldout,0,12,SQL_FIRST,category_narrow_price,category_03,743,True,0,0.00528,"[0.00,0.05)",2.755583,1.0,True,exact_bitmap,SQL_FIRST,True
2026-08-30T19:54:19.291+00:00,heldout,0,12,VECTOR_FIRST_HNSW,category_narrow_price,category_03,743,True,0,0.00528,"[0.00,0.05)",25.732292,0.0,False,exact_bitmap,SQL_FIRST,False
2026-08-30T19:54:19.295+00:00,heldout,0,12,HNSW_HYBRID,category_narrow_price,category_03,743,True,0,0.00528,"[0.00,0.05)",2.688916,1.0,False,exact_bitmap,SQL_FIRST,False
2026-08-30T19:54:19.298+00:00,heldout,0,12,IVFFLAT_HYBRID,category_narrow_price,category_03,743,True,0,0.00528,"[0.00,0.05)",2.2035,1.0,False,exact_bitmap,SQL_FIRST,False
2026-08-30T19:54:19.300+00:00,heldout,1,12,SQL_FIRST,category_narrow_price,category_03,743,True,0,0.00528,"[0.00,0.05)",2.13075,1.0,True,exact_bitmap,SQL_FIRST,True
2026-08-30T19:54:19.324+00:00,heldout,1,12,VECTOR_FIRST_HNSW,category_narrow_price,category_03,743,True,0,0.00528,"[0.00,0.05)",23.264792,0.0,False,exact_bitmap,SQL_FIRST,False
2026-08-30T19:54:19.327+00:00,heldout,1,12,HNSW_HYBRID,category_narrow_price,category_03,743,True,0,0.00528,"[0.00,0.05)",2.72325,1.0,False,exact_bitmap,SQL_FIRST,False
2026-08-30T19:54:19.330+00:00,heldout,1,12,IVFFLAT_HYBRID,category_narrow_price,category_03,743,True,0,0.00528,"[0.00,0.05)",2.2415,1.0,False,exact_bitmap,SQL_FIRST,False
2026-08-30T19:54:19.333+00:00,heldout,2,12,SQL_FIRST,category_narrow_price,category_03,743,True,0,0.00528,"[0.00,0.05)",2.188083,1.0,True,exact_bitmap,SQL_FIRST,True
2026-08-30T19:54:19.356+00:00,heldout,2,12,VECTOR_FIRST_HNSW,category_narrow_price,category_03,743,True,0,0.00528,"[0.00,0.05)",23.308167,0.0,False,exact_bitmap,SQL_FIRST,False
2026-08-30T19:54:19.359+00:00,heldout,2,12,HNSW_HYBRID,category_narrow_price,category_03,743,True,0,0.00528,"[0.00,0.05)",2.724459,1.0,False,exact_bitmap,SQL_FIRST,False
2026-08-30T19:54:19.362+00:00,heldout,2,12,IVFFLAT_HYBRID,category_narrow_price,category_03,743,True,0,0.00528,"[0.00,0.05)",2.209291,1.0,False,exact_bitmap,SQL_FIRST,False
2026-08-30T19:54:19.382+00:00,heldout,0,107,SQL_FIRST,two_categories,category_06,401,True,2,0.199965,"[0.10,0.25)",18.117791,1.0,True,exact_bitmap,HNSW_HYBRID,False
2026-08-30T19:54:19.406+00:00,heldout,0,107,VECTOR_FIRST_HNSW,two_categories,category_06,401,True,2,0.199965,"[0.10,0.25)",23.167,1.0,False,exact_bitmap,HNSW_HYBRID,False
2026-08-30T19:54:19.427+00:00,heldout,0,107,HNSW_HYBRID,two_categories,category_06,401,True,2,0.199965,"[0.10,0.25)",19.413375,1.0,False,exact_bitmap,HNSW_HYBRID,True
2026-08-30T19:54:19.447+00:00,heldout,0,107,IVFFLAT_HYBRID,two_categories,category_06,401,True,2,0.199965,"[0.10,0.25)",18.90125,1.0,False,exact_bitmap,HNSW_HYBRID,False
2026-08-30T19:54:19.466+00:00,heldout,1,107,SQL_FIRST,two_categories,category_06,401,True,2,0.199965,"[0.10,0.25)",18.540792,1.0,True,exact_bitmap,HNSW_HYBRID,False
2026-08-30T19:54:19.490+00:00,heldout,1,107,VECTOR_FIRST_HNSW,two_categories,category_06,401,True,2,0.199965,"[0.10,0.25)",23.320375,1.0,False,exact_bitmap,HNSW_HYBRID,False
2026-08-30T19:54:19.509+00:00,heldout,1,107,HNSW_HYBRID,two_categories,category_06,401,True,2,0.199965,"[0.10,0.25)",18.211875,1.0,False,exact_bitmap,HNSW_HYBRID,True
2026-08-30T19:54:19.528+00:00,heldout,1,107,IVFFLAT_HYBRID,two_categories,category_06,401,True,2,0.199965,"[0.10,0.25)",18.101125,1.0,False,exact_bitmap,HNSW_HYBRID,False
2026-08-30T19:54:19.547+00:00,heldout,2,107,SQL_FIRST,two_categories,category_06,401,True,2,0.199965,"[0.10,0.25)",18.294792,1.0,True,exact_bitmap,HNSW_HYBRID,False
2026-08-30T19:54:19.571+00:00,heldout,2,107,VECTOR_FIRST_HNSW,two_categories,category_06,401,True,2,0.199965,"[0.10,0.25)",23.37925,1.0,False,exact_bitmap,HNSW_HYBRID,False
2026-08-30T19:54:19.590+00:00,heldout,2,107,HNSW_HYBRID,two_categories,category_06,401,True,2,0.199965,"[0.10,0.25)",18.245375,1.0,False,exact_bitmap,HNSW_HYBRID,True
2026-08-30T19:54:19.609+00:00,heldout,2,107,IVFFLAT_HYBRID,two_categories,category_06,401,True,2,0.199965,"[0.10,0.25)",18.200125,1.0,False,exact_bitmap,HNSW_HYBRID,False
2026-08-30T19:54:19.630+00:00,heldout,0,246,SQL_FIRST,stock_alone,category_04,511,True,4,0.500835,"[0.50,1.00)",19.174458,1.0,True,exact_seq,VECTOR_FIRST_HNSW,False
2026-08-30T19:54:19.654+00:00,heldout,0,246,VECTOR_FIRST_HNSW,stock_alone,category_04,511,True,4,0.500835,"[0.50,1.00)",23.405542,1.0,False,exact_bitmap,VECTOR_FIRST_HNSW,True
2026-08-30T19:54:19.675+00:00,heldout,0,246,HNSW_HYBRID,stock_alone,category_04,511,True,4,0.500835,"[0.50,1.00)",19.72775,1.0,False,exact_seq,VECTOR_FIRST_HNSW,False
2026-08-30T19:54:19.695+00:00,heldout,0,246,IVFFLAT_HYBRID,stock_alone,category_04,511,True,4,0.500835,"[0.50,1.00)",18.72025,1.0,False,exact_seq,VECTOR_FIRST_HNSW,False
2026-08-30T19:54:19.714+00:00,heldout,1,246,SQL_FIRST,stock_alone,category_04,511,True,4,0.500835,"[0.50,1.00)",18.759208,1.0,True,exact_seq,VECTOR_FIRST_HNSW,False
2026-08-30T19:54:19.738+00:00,heldout,1,246,VECTOR_FIRST_HNSW,stock_alone,category_04,511,True,4,0.500835,"[0.50,1.00)",23.088667,1.0,False,exact_bitmap,VECTOR_FIRST_HNSW,True
2026-08-30T19:54:19.757+00:00,heldout,1,246,HNSW_HYBRID,stock_alone,category_04,511,True,4,0.500835,"[0.50,1.00)",18.902042,1.0,False,exact_seq,VECTOR_FIRST_HNSW,False
2026-08-30T19:54:19.777+00:00,heldout,1,246,IVFFLAT_HYBRID,stock_alone,category_04,511,True,4,0.500835,"[0.50,1.00)",19.591042,1.0,False,exact_seq,VECTOR_FIRST_HNSW,False
2026-08-30T19:54:19.798+00:00,heldout,2,246,SQL_FIRST,stock_alone,category_04,511,True,4,0.500835,"[0.50,1.00)",20.209833,1.0,True,exact_seq,VECTOR_FIRST_HNSW,False
2026-08-30T19:54:19.823+00:00,heldout,2,246,VECTOR_FIRST_HNSW,stock_alone,category_04,511,True,4,0.500835,"[0.50,1.00)",24.789958,1.0,False,exact_bitmap,VECTOR_FIRST_HNSW,True
2026-08-30T19:54:19.843+00:00,heldout,2,246,HNSW_HYBRID,stock_alone,category_04,511,True,4,0.500835,"[0.50,1.00)",18.926875,1.0,False,exact_seq,VECTOR_FIRST_HNSW,False
2026-08-30T19:54:19.862+00:00,heldout,2,246,IVFFLAT_HYBRID,stock_alone,category_04,511,True,4,0.500835,"[0.50,1.00)",18.825458,1.0,False,exact_seq,VECTOR_FIRST_HNSW,False
2026-08-30T19:54:19.869+00:00,heldout,0,7,SQL_FIRST,category_narrow_price,category_06,645,False,0,0.004995,"[0.00,0.05)",4.9575,1.0,True,exact_bitmap,SQL_FIRST,True
2026-08-30T19:54:19.894+00:00,heldout,0,7,VECTOR_FIRST_HNSW,category_narrow_price,category_06,645,False,0,0.004995,"[0.00,0.05)",23.100833,0.0,False,exact_bitmap,SQL_FIRST,False
2026-08-30T19:54:19.897+00:00,heldout,0,7,HNSW_HYBRID,category_narrow_price,category_06,645,False,0,0.004995,"[0.00,0.05)",2.641541,1.0,False,exact_bitmap,SQL_FIRST,False
2026-08-30T19:54:19.901+00:00,heldout,0,7,IVFFLAT_HYBRID,category_narrow_price,category_06,645,False,0,0.004995,"[0.00,0.05)",2.319792,1.0,False,exact_bitmap,SQL_FIRST,False
2026-08-30T19:54:19.903+00:00,heldout,1,7,SQL_FIRST,category_narrow_price,category_06,645,False,0,0.004995,"[0.00,0.05)",2.141667,1.0,True,exact_bitmap,SQL_FIRST,True
2026-08-30T19:54:19.927+00:00,heldout,1,7,VECTOR_FIRST_HNSW,category_narrow_price,category_06,645,False,0,0.004995,"[0.00,0.05)",23.017209,0.0,False,exact_bitmap,SQL_FIRST,False
2026-08-30T19:54:19.930+00:00,heldout,1,7,HNSW_HYBRID,category_narrow_price,category_06,645,False,0,0.004995,"[0.00,0.05)",2.763792,1.0,False,exact_bitmap,SQL_FIRST,False
2026-08-30T19:54:19.934+00:00,heldout,1,7,IVFFLAT_HYBRID,category_narrow_price,category_06,645,False,0,0.004995,"[0.00,0.05)",3.036125,1.0,False,exact_bitmap,SQL_FIRST,False
2026-08-30T19:54:19.937+00:00,heldout,2,7,SQL_FIRST,category_narrow_price,category_06,645,False,0,0.004995,"[0.00,0.05)",2.238875,1.0,True,exact_bitmap,SQL_FIRST,True
2026-08-30T19:54:19.961+00:00,heldout,2,7,VECTOR_FIRST_HNSW,category_narrow_price,category_06,645,False,0,0.004995,"[0.00,0.05)",23.756875,0.0,False,exact_bitmap,SQL_FIRST,False
2026-08-30T19:54:19.964+00:00,heldout,2,7,HNSW_HYBRID,category_narrow_price,category_06,645,False,0,0.004995,"[0.00,0.05)",2.848375,1.0,False,exact_bitmap,SQL_FIRST,False
2026-08-30T19:54:19.968+00:00,heldout,2,7,IVFFLAT_HYBRID,category_narrow_price,category_06,645,False,0,0.004995,"[0.00,0.05)",3.27825,1.0,False,exact_bitmap,SQL_FIRST,False
2026-08-30T19:54:19.988+00:00,heldout,0,188,SQL_FIRST,three_categories,category_05,524,False,3,0.271,"[0.25,0.50)",18.730917,1.0,True,exact_bitmap,IVFFLAT_HYBRID,False
2026-08-30T19:54:20.013+00:00,heldout,0,188,VECTOR_FIRST_HNSW,three_categories,category_05,524,False,3,0.271,"[0.25,0.50)",23.6915,1.0,False,exact_bitmap,IVFFLAT_HYBRID,False
2026-08-30T19:54:20.030+00:00,heldout,0,188,HNSW_HYBRID,three_categories,category_05,524,False,3,0.271,"[0.25,0.50)",16.422417,1.0,False,exact_bitmap,IVFFLAT_HYBRID,False
2026-08-30T19:54:20.055+00:00,heldout,0,188,IVFFLAT_HYBRID,three_categories,category_05,524,False,3,0.271,"[0.25,0.50)",19.482791,1.0,False,exact_bitmap,IVFFLAT_HYBRID,True
2026-08-30T19:54:20.079+00:00,heldout,1,188,SQL_FIRST,three_categories,category_05,524,False,3,0.271,"[0.25,0.50)",23.003875,1.0,True,exact_bitmap,IVFFLAT_HYBRID,False
2026-08-30T19:54:20.103+00:00,heldout,1,188,VECTOR_FIRST_HNSW,three_categories,category_05,524,False,3,0.271,"[0.25,0.50)",23.991333,1.0,False,exact_bitmap,IVFFLAT_HYBRID,False
2026-08-30T19:54:20.120+00:00,heldout,1,188,HNSW_HYBRID,three_categories,category_05,524,False,3,0.271,"[0.25,0.50)",16.979208,1.0,False,exact_bitmap,IVFFLAT_HYBRID,False
2026-08-30T19:54:20.138+00:00,heldout,1,188,IVFFLAT_HYBRID,three_categories,category_05,524,False,3,0.271,"[0.25,0.50)",17.34075,1.0,False,exact_bitmap,IVFFLAT_HYBRID,True
2026-08-30T19:54:20.156+00:00,heldout,2,188,SQL_FIRST,three_categories,category_05,524,False,3,0.271,"[0.25,0.50)",17.342917,1.0,True,exact_bitmap,IVFFLAT_HYBRID,False
2026-08-30T19:54:20.179+00:00,heldout,2,188,VECTOR_FIRST_HNSW,three_categories,category_05,524,False,3,0.271,"[0.25,0.50)",23.067708,1.0,False,exact_bitmap,IVFFLAT_HYBRID,False
2026-08-30T19:54:20.196+00:00,heldout,2,188,HNSW_HYBRID,three_categories,category_05,524,False,3,0.271,"[0.25,0.50)",16.534334,1.0,False,exact_bitmap,IVFFLAT_HYBRID,False
2026-08-30T19:54:20.216+00:00,heldout,2,188,IVFFLAT_HYBRID,three_categories,category_05,524,False,3,0.271,"[0.25,0.50)",19.5005,1.0,False,exact_bitmap,IVFFLAT_HYBRID,True
2026-08-30T19:54:20.238+00:00,heldout,0,106,SQL_FIRST,two_categories,category_06,294,True,2,0.199965,"[0.10,0.25)",20.03675,1.0,True,exact_bitmap,HNSW_HYBRID,False
2026-08-30T19:54:20.263+00:00,heldout,0,106,VECTOR_FIRST_HNSW,two_categories,category_06,294,True,2,0.199965,"[0.10,0.25)",23.660459,1.0,False,exact_bitmap,HNSW_HYBRID,False
2026-08-30T19:54:20.283+00:00,heldout,0,106,HNSW_HYBRID,two_categories,category_06,294,True,2,0.199965,"[0.10,0.25)",18.231042,1.0,False,exact_bitmap,HNSW_HYBRID,True
2026-08-30T19:54:20.303+00:00,heldout,0,106,IVFFLAT_HYBRID,two_categories,category_06,294,True,2,0.199965,"[0.10,0.25)",19.271542,1.0,False,exact_bitmap,HNSW_HYBRID,False
2026-08-30T19:54:20.323+00:00,heldout,1,106,SQL_FIRST,two_categories,category_06,294,True,2,0.199965,"[0.10,0.25)",19.309625,1.0,True,exact_bitmap,HNSW_HYBRID,False
2026-08-30T19:54:20.348+00:00,heldout,1,106,VECTOR_FIRST_HNSW,two_categories,category_06,294,True,2,0.199965,"[0.10,0.25)",24.929792,1.0,False,exact_bitmap,HNSW_HYBRID,False
2026-08-30T19:54:20.367+00:00,heldout,1,106,HNSW_HYBRID,two_categories,category_06,294,True,2,0.199965,"[0.10,0.25)",18.147,1.0,False,exact_bitmap,HNSW_HYBRID,True
2026-08-30T19:54:20.385+00:00,heldout,1,106,IVFFLAT_HYBRID,two_categories,category_06,294,True,2,0.199965,"[0.10,0.25)",18.094834,1.0,False,exact_bitmap,HNSW_HYBRID,False
2026-08-30T19:54:20.404+00:00,heldout,2,106,SQL_FIRST,two_categories,category_06,294,True,2,0.199965,"[0.10,0.25)",18.145,1.0,True,exact_bitmap,HNSW_HYBRID,False
2026-08-30T19:54:20.429+00:00,heldout,2,106,VECTOR_FIRST_HNSW,two_categories,category_06,294,True,2,0.199965,"[0.10,0.25)",24.157417,1.0,False,exact_bitmap,HNSW_HYBRID,False
2026-08-30T19:54:20.449+00:00,heldout,2,106,HNSW_HYBRID,two_categories,category_06,294,True,2,0.199965,"[0.10,0.25)",19.453834,1.0,False,exact_bitmap,HNSW_HYBRID,True
2026-08-30T19:54:20.468+00:00,heldout,2,106,IVFFLAT_HYBRID,two_categories,category_06,294,True,2,0.199965,"[0.10,0.25)",19.014083,1.0,False,exact_bitmap,HNSW_HYBRID,False
2026-08-30T19:54:20.481+00:00,heldout,0,85,SQL_FIRST,single_category,category_08,887,False,1,0.098665,"[0.05,0.10)",10.970208,1.0,True,exact_bitmap,HNSW_HYBRID,False
2026-08-30T19:54:20.506+00:00,heldout,0,85,VECTOR_FIRST_HNSW,single_category,category_08,887,False,1,0.098665,"[0.05,0.10)",23.124,0.9,False,exact_bitmap,HNSW_HYBRID,False
2026-08-30T19:54:20.518+00:00,heldout,0,85,HNSW_HYBRID,single_category,category_08,887,False,1,0.098665,"[0.05,0.10)",10.977542,1.0,False,exact_bitmap,HNSW_HYBRID,True
2026-08-30T19:54:20.531+00:00,heldout,0,85,IVFFLAT_HYBRID,single_category,category_08,887,False,1,0.098665,"[0.05,0.10)",10.790417,1.0,False,exact_bitmap,HNSW_HYBRID,False
2026-08-30T19:54:20.542+00:00,heldout,1,85,SQL_FIRST,single_category,category_08,887,False,1,0.098665,"[0.05,0.10)",10.745708,1.0,True,exact_bitmap,HNSW_HYBRID,False
2026-08-30T19:54:20.565+00:00,heldout,1,85,VECTOR_FIRST_HNSW,single_category,category_08,887,False,1,0.098665,"[0.05,0.10)",23.167709,0.9,False,exact_bitmap,HNSW_HYBRID,False
2026-08-30T19:54:20.577+00:00,heldout,1,85,HNSW_HYBRID,single_category,category_08,887,False,1,0.098665,"[0.05,0.10)",11.339916,1.0,False,exact_bitmap,HNSW_HYBRID,True
2026-08-30T19:54:20.589+00:00,heldout,1,85,IVFFLAT_HYBRID,single_category,category_08,887,False,1,0.098665,"[0.05,0.10)",10.953625,1.0,False,exact_bitmap,HNSW_HYBRID,False
2026-08-30T19:54:20.600+00:00,heldout,2,85,SQL_FIRST,single_category,category_08,887,False,1,0.098665,"[0.05,0.10)",10.738292,1.0,True,exact_bitmap,HNSW_HYBRID,False
2026-08-30T19:54:20.624+00:00,heldout,2,85,VECTOR_FIRST_HNSW,single_category,category_08,887,False,1,0.098665,"[0.05,0.10)",23.283916,0.9,False,exact_bitmap,HNSW_HYBRID,False
2026-08-30T19:54:20.636+00:00,heldout,2,85,HNSW_HYBRID,single_category,category_08,887,False,1,0.098665,"[0.05,0.10)",11.154833,1.0,False,exact_bitmap,HNSW_HYBRID,True
2026-08-30T19:54:20.647+00:00,heldout,2,85,IVFFLAT_HYBRID,single_category,category_08,887,False,1,0.098665,"[0.05,0.10)",10.692209,1.0,False,exact_bitmap,HNSW_HYBRID,False
2026-08-30T19:54:20.668+00:00,heldout,0,232,SQL_FIRST,stock_alone,category_06,551,True,4,0.500835,"[0.50,1.00)",19.191958,1.0,True,exact_seq,VECTOR_FIRST_HNSW,False
2026-08-30T19:54:20.693+00:00,heldout,0,232,VECTOR_FIRST_HNSW,stock_alone,category_06,551,True,4,0.500835,"[0.50,1.00)",23.139209,1.0,False,exact_bitmap,VECTOR_FIRST_HNSW,True
2026-08-30T19:54:20.713+00:00,heldout,0,232,HNSW_HYBRID,stock_alone,category_06,551,True,4,0.500835,"[0.50,1.00)",18.834792,1.0,False,exact_seq,VECTOR_FIRST_HNSW,False
2026-08-30T19:54:20.733+00:00,heldout,0,232,IVFFLAT_HYBRID,stock_alone,category_06,551,True,4,0.500835,"[0.50,1.00)",18.728541,1.0,False,exact_seq,VECTOR_FIRST_HNSW,False
2026-08-30T19:54:20.752+00:00,heldout,1,232,SQL_FIRST,stock_alone,category_06,551,True,4,0.500835,"[0.50,1.00)",18.923542,1.0,True,exact_seq,VECTOR_FIRST_HNSW,False
2026-08-30T19:54:20.776+00:00,heldout,1,232,VECTOR_FIRST_HNSW,stock_alone,category_06,551,True,4,0.500835,"[0.50,1.00)",23.307959,1.0,False,exact_bitmap,VECTOR_FIRST_HNSW,True
2026-08-30T19:54:20.795+00:00,heldout,1,232,HNSW_HYBRID,stock_alone,category_06,551,True,4,0.500835,"[0.50,1.00)",18.970167,1.0,False,exact_seq,VECTOR_FIRST_HNSW,False
2026-08-30T19:54:20.815+00:00,heldout,1,232,IVFFLAT_HYBRID,stock_alone,category_06,551,True,4,0.500835,"[0.50,1.00)",18.949959,1.0,False,exact_seq,VECTOR_FIRST_HNSW,False
2026-08-30T19:54:20.836+00:00,heldout,2,232,SQL_FIRST,stock_alone,category_06,551,True,4,0.500835,"[0.50,1.00)",20.425917,1.0,True,exact_seq,VECTOR_FIRST_HNSW,False
2026-08-30T19:54:20.860+00:00,heldout,2,232,VECTOR_FIRST_HNSW,stock_alone,category_06,551,True,4,0.500835,"[0.50,1.00)",24.138834,1.0,False,exact_bitmap,VECTOR_FIRST_HNSW,True
2026-08-30T19:54:20.880+00:00,heldout,2,232,HNSW_HYBRID,stock_alone,category_06,551,True,4,0.500835,"[0.50,1.00)",19.745708,1.0,False,exact_seq,VECTOR_FIRST_HNSW,False
2026-08-30T19:54:20.900+00:00,heldout,2,232,IVFFLAT_HYBRID,stock_alone,category_06,551,True,4,0.500835,"[0.50,1.00)",18.860291,1.0,False,exact_seq,VECTOR_FIRST_HNSW,False
2026-08-30T19:54:20.905+00:00,heldout,0,36,SQL_FIRST,category_narrow_price,category_00,619,True,0,0.0052,"[0.00,0.05)",2.683083,1.0,True,exact_bitmap,SQL_FIRST,True
2026-08-30T19:54:20.929+00:00,heldout,0,36,VECTOR_FIRST_HNSW,category_narrow_price,category_00,619,True,0,0.0052,"[0.00,0.05)",23.160708,0.1,False,exact_bitmap,SQL_FIRST,False
2026-08-30T19:54:20.933+00:00,heldout,0,36,HNSW_HYBRID,category_narrow_price,category_00,619,True,0,0.0052,"[0.00,0.05)",2.661584,1.0,False,exact_bitmap,SQL_FIRST,False
2026-08-30T19:54:20.936+00:00,heldout,0,36,IVFFLAT_HYBRID,category_narrow_price,category_00,619,True,0,0.0052,"[0.00,0.05)",2.300833,1.0,False,exact_bitmap,SQL_FIRST,False
2026-08-30T19:54:20.939+00:00,heldout,1,36,SQL_FIRST,category_narrow_price,category_00,619,True,0,0.0052,"[0.00,0.05)",2.254,1.0,True,exact_bitmap,SQL_FIRST,True
2026-08-30T19:54:20.962+00:00,heldout,1,36,VECTOR_FIRST_HNSW,category_narrow_price,category_00,619,True,0,0.0052,"[0.00,0.05)",23.25925,0.1,False,exact_bitmap,SQL_FIRST,False
2026-08-30T19:54:20.966+00:00,heldout,1,36,HNSW_HYBRID,category_narrow_price,category_00,619,True,0,0.0052,"[0.00,0.05)",2.905833,1.0,False,exact_bitmap,SQL_FIRST,False
2026-08-30T19:54:20.969+00:00,heldout,1,36,IVFFLAT_HYBRID,category_narrow_price,category_00,619,True,0,0.0052,"[0.00,0.05)",2.868834,1.0,False,exact_bitmap,SQL_FIRST,False
2026-08-30T19:54:20.971+00:00,heldout,2,36,SQL_FIRST,category_narrow_price,category_00,619,True,0,0.0052,"[0.00,0.05)",2.189084,1.0,True,exact_bitmap,SQL_FIRST,True
2026-08-30T19:54:20.996+00:00,heldout,2,36,VECTOR_FIRST_HNSW,category_narrow_price,category_00,619,True,0,0.0052,"[0.00,0.05)",24.053333,0.1,False,exact_bitmap,SQL_FIRST,False
2026-08-30T19:54:20.999+00:00,heldout,2,36,HNSW_HYBRID,category_narrow_price,category_00,619,True,0,0.0052,"[0.00,0.05)",3.01075,1.0,False,exact_bitmap,SQL_FIRST,False
2026-08-30T19:54:21.002+00:00,heldout,2,36,IVFFLAT_HYBRID,category_narrow_price,category_00,619,True,0,0.0052,"[0.00,0.05)",2.810083,1.0,False,exact_bitmap,SQL_FIRST,False
2026-08-30T19:54:21.014+00:00,heldout,0,133,SQL_FIRST,single_category_alone,category_07,267,False,2,0.100435,"[0.10,0.25)",10.734375,1.0,True,exact_bitmap,HNSW_HYBRID,False
2026-08-30T19:54:21.038+00:00,heldout,0,133,VECTOR_FIRST_HNSW,single_category_alone,category_07,267,False,2,0.100435,"[0.10,0.25)",23.024042,1.0,False,exact_bitmap,HNSW_HYBRID,False
2026-08-30T19:54:21.050+00:00,heldout,0,133,HNSW_HYBRID,single_category_alone,category_07,267,False,2,0.100435,"[0.10,0.25)",10.893667,1.0,False,exact_bitmap,HNSW_HYBRID,True
2026-08-30T19:54:21.061+00:00,heldout,0,133,IVFFLAT_HYBRID,single_category_alone,category_07,267,False,2,0.100435,"[0.10,0.25)",10.713583,1.0,False,exact_bitmap,HNSW_HYBRID,False
2026-08-30T19:54:21.073+00:00,heldout,1,133,SQL_FIRST,single_category_alone,category_07,267,False,2,0.100435,"[0.10,0.25)",10.924542,1.0,True,exact_bitmap,HNSW_HYBRID,False
2026-08-30T19:54:21.096+00:00,heldout,1,133,VECTOR_FIRST_HNSW,single_category_alone,category_07,267,False,2,0.100435,"[0.10,0.25)",23.1045,1.0,False,exact_bitmap,HNSW_HYBRID,False
2026-08-30T19:54:21.108+00:00,heldout,1,133,HNSW_HYBRID,single_category_alone,category_07,267,False,2,0.100435,"[0.10,0.25)",11.0125,1.0,False,exact_bitmap,HNSW_HYBRID,True
2026-08-30T19:54:21.120+00:00,heldout,1,133,IVFFLAT_HYBRID,single_category_alone,category_07,267,False,2,0.100435,"[0.10,0.25)",11.06925,1.0,False,exact_bitmap,HNSW_HYBRID,False
2026-08-30T19:54:21.131+00:00,heldout,2,133,SQL_FIRST,single_category_alone,category_07,267,False,2,0.100435,"[0.10,0.25)",10.926541,1.0,True,exact_bitmap,HNSW_HYBRID,False
2026-08-30T19:54:21.155+00:00,heldout,2,133,VECTOR_FIRST_HNSW,single_category_alone,category_07,267,False,2,0.100435,"[0.10,0.25)",23.7415,1.0,False,exact_bitmap,HNSW_HYBRID,False
2026-08-30T19:54:21.167+00:00,heldout,2,133,HNSW_HYBRID,single_category_alone,category_07,267,False,2,0.100435,"[0.10,0.25)",10.975584,1.0,False,exact_bitmap,HNSW_HYBRID,True
2026-08-30T19:54:21.178+00:00,heldout,2,133,IVFFLAT_HYBRID,single_category_alone,category_07,267,False,2,0.100435,"[0.10,0.25)",11.452958,1.0,False,exact_bitmap,HNSW_HYBRID,False
2026-08-30T19:54:21.192+00:00,heldout,0,55,SQL_FIRST,single_category,category_09,884,True,1,0.0999,"[0.05,0.10)",11.846084,1.0,True,exact_bitmap,HNSW_HYBRID,False
2026-08-30T19:54:21.232+00:00,heldout,0,55,VECTOR_FIRST_HNSW,single_category,category_09,884,True,1,0.0999,"[0.05,0.10)",37.003583,1.0,False,exact_bitmap,HNSW_HYBRID,False
2026-08-30T19:54:21.438+00:00,heldout,0,55,HNSW_HYBRID,single_category,category_09,884,True,1,0.0999,"[0.05,0.10)",204.467291,1.0,False,exact_bitmap,HNSW_HYBRID,True
2026-08-30T19:54:21.459+00:00,heldout,0,55,IVFFLAT_HYBRID,single_category,category_09,884,True,1,0.0999,"[0.05,0.10)",19.301542,1.0,False,exact_bitmap,HNSW_HYBRID,False
2026-08-30T19:54:21.472+00:00,heldout,1,55,SQL_FIRST,single_category,category_09,884,True,1,0.0999,"[0.05,0.10)",13.552084,1.0,True,exact_bitmap,HNSW_HYBRID,False
2026-08-30T19:54:21.498+00:00,heldout,1,55,VECTOR_FIRST_HNSW,single_category,category_09,884,True,1,0.0999,"[0.05,0.10)",24.785166,1.0,False,exact_bitmap,HNSW_HYBRID,False
2026-08-30T19:54:21.510+00:00,heldout,1,55,HNSW_HYBRID,single_category,category_09,884,True,1,0.0999,"[0.05,0.10)",11.894583,1.0,False,exact_bitmap,HNSW_HYBRID,True
2026-08-30T19:54:21.522+00:00,heldout,1,55,IVFFLAT_HYBRID,single_category,category_09,884,True,1,0.0999,"[0.05,0.10)",11.774625,1.0,False,exact_bitmap,HNSW_HYBRID,False
2026-08-30T19:54:21.533+00:00,heldout,2,55,SQL_FIRST,single_category,category_09,884,True,1,0.0999,"[0.05,0.10)",10.910584,1.0,True,exact_bitmap,HNSW_HYBRID,False
2026-08-30T19:54:21.559+00:00,heldout,2,55,VECTOR_FIRST_HNSW,single_category,category_09,884,True,1,0.0999,"[0.05,0.10)",26.051042,1.0,False,exact_bitmap,HNSW_HYBRID,False
2026-08-30T19:54:21.572+00:00,heldout,2,55,HNSW_HYBRID,single_category,category_09,884,True,1,0.0999,"[0.05,0.10)",12.436333,1.0,False,exact_bitmap,HNSW_HYBRID,True
2026-08-30T19:54:21.584+00:00,heldout,2,55,IVFFLAT_HYBRID,single_category,category_09,884,True,1,0.0999,"[0.05,0.10)",10.896875,1.0,False,exact_bitmap,HNSW_HYBRID,False
2026-08-30T19:54:21.597+00:00,heldout,0,68,SQL_FIRST,single_category,category_01,454,True,1,0.098665,"[0.05,0.10)",10.901334,1.0,True,exact_bitmap,HNSW_HYBRID,False
2026-08-30T19:54:21.623+00:00,heldout,0,68,VECTOR_FIRST_HNSW,single_category,category_01,454,True,1,0.098665,"[0.05,0.10)",25.087875,0.9,False,exact_bitmap,HNSW_HYBRID,False
2026-08-30T19:54:21.635+00:00,heldout,0,68,HNSW_HYBRID,single_category,category_01,454,True,1,0.098665,"[0.05,0.10)",10.973292,1.0,False,exact_bitmap,HNSW_HYBRID,True
2026-08-30T19:54:21.646+00:00,heldout,0,68,IVFFLAT_HYBRID,single_category,category_01,454,True,1,0.098665,"[0.05,0.10)",10.84975,1.0,False,exact_bitmap,HNSW_HYBRID,False
2026-08-30T19:54:21.658+00:00,heldout,1,68,SQL_FIRST,single_category,category_01,454,True,1,0.098665,"[0.05,0.10)",11.18625,1.0,True,exact_bitmap,HNSW_HYBRID,False
2026-08-30T19:54:21.682+00:00,heldout,1,68,VECTOR_FIRST_HNSW,single_category,category_01,454,True,1,0.098665,"[0.05,0.10)",23.640375,0.9,False,exact_bitmap,HNSW_HYBRID,False
2026-08-30T19:54:21.693+00:00,heldout,1,68,HNSW_HYBRID,single_category,category_01,454,True,1,0.098665,"[0.05,0.10)",10.962292,1.0,False,exact_bitmap,HNSW_HYBRID,True
2026-08-30T19:54:21.705+00:00,heldout,1,68,IVFFLAT_HYBRID,single_category,category_01,454,True,1,0.098665,"[0.05,0.10)",11.009792,1.0,False,exact_bitmap,HNSW_HYBRID,False
2026-08-30T19:54:21.716+00:00,heldout,2,68,SQL_FIRST,single_category,category_01,454,True,1,0.098665,"[0.05,0.10)",10.972,1.0,True,exact_bitmap,HNSW_HYBRID,False
2026-08-30T19:54:21.743+00:00,heldout,2,68,VECTOR_FIRST_HNSW,single_category,category_01,454,True,1,0.098665,"[0.05,0.10)",24.009584,0.9,False,exact_bitmap,HNSW_HYBRID,False
2026-08-30T19:54:21.755+00:00,heldout,2,68,HNSW_HYBRID,single_category,category_01,454,True,1,0.098665,"[0.05,0.10)",11.244792,1.0,False,exact_bitmap,HNSW_HYBRID,True
2026-08-30T19:54:21.767+00:00,heldout,2,68,IVFFLAT_HYBRID,single_category,category_01,454,True,1,0.098665,"[0.05,0.10)",11.223208,1.0,False,exact_bitmap,HNSW_HYBRID,False
2026-08-30T19:54:21.782+00:00,heldout,0,66,SQL_FIRST,single_category,category_02,775,False,1,0.098965,"[0.05,0.10)",10.826667,1.0,True,exact_bitmap,HNSW_HYBRID,False
2026-08-30T19:54:21.806+00:00,heldout,0,66,VECTOR_FIRST_HNSW,single_category,category_02,775,False,1,0.098965,"[0.05,0.10)",23.537042,0.6,False,exact_bitmap,HNSW_HYBRID,False
2026-08-30T19:54:21.819+00:00,heldout,0,66,HNSW_HYBRID,single_category,category_02,775,False,1,0.098965,"[0.05,0.10)",11.796,1.0,False,exact_bitmap,HNSW_HYBRID,True
2026-08-30T19:54:21.831+00:00,heldout,0,66,IVFFLAT_HYBRID,single_category,category_02,775,False,1,0.098965,"[0.05,0.10)",10.82475,1.0,False,exact_bitmap,HNSW_HYBRID,False
2026-08-30T19:54:21.843+00:00,heldout,1,66,SQL_FIRST,single_category,category_02,775,False,1,0.098965,"[0.05,0.10)",11.243834,1.0,True,exact_bitmap,HNSW_HYBRID,False
2026-08-30T19:54:21.867+00:00,heldout,1,66,VECTOR_FIRST_HNSW,single_category,category_02,775,False,1,0.098965,"[0.05,0.10)",23.254542,0.6,False,exact_bitmap,HNSW_HYBRID,False
2026-08-30T19:54:21.878+00:00,heldout,1,66,HNSW_HYBRID,single_category,category_02,775,False,1,0.098965,"[0.05,0.10)",11.066459,1.0,False,exact_bitmap,HNSW_HYBRID,True
2026-08-30T19:54:21.890+00:00,heldout,1,66,IVFFLAT_HYBRID,single_category,category_02,775,False,1,0.098965,"[0.05,0.10)",10.945291,1.0,False,exact_bitmap,HNSW_HYBRID,False
2026-08-30T19:54:21.902+00:00,heldout,2,66,SQL_FIRST,single_category,category_02,775,False,1,0.098965,"[0.05,0.10)",12.066166,1.0,True,exact_bitmap,HNSW_HYBRID,False
2026-08-30T19:54:21.928+00:00,heldout,2,66,VECTOR_FIRST_HNSW,single_category,category_02,775,False,1,0.098965,"[0.05,0.10)",25.842583,0.6,False,exact_bitmap,HNSW_HYBRID,False
2026-08-30T19:54:21.941+00:00,heldout,2,66,HNSW_HYBRID,single_category,category_02,775,False,1,0.098965,"[0.05,0.10)",12.406959,1.0,False,exact_bitmap,HNSW_HYBRID,True
2026-08-30T19:54:21.953+00:00,heldout,2,66,IVFFLAT_HYBRID,single_category,category_02,775,False,1,0.098965,"[0.05,0.10)",11.716166,1.0,False,exact_bitmap,HNSW_HYBRID,False
2026-08-30T19:54:21.974+00:00,heldout,0,186,SQL_FIRST,three_categories,category_00,417,True,3,0.271845,"[0.25,0.50)",20.120291,1.0,True,exact_bitmap,IVFFLAT_HYBRID,False
2026-08-30T19:54:22.000+00:00,heldout,0,186,VECTOR_FIRST_HNSW,three_categories,category_00,417,True,3,0.271845,"[0.25,0.50)",24.747792,1.0,False,exact_bitmap,IVFFLAT_HYBRID,False
2026-08-30T19:54:22.018+00:00,heldout,0,186,HNSW_HYBRID,three_categories,category_00,417,True,3,0.271845,"[0.25,0.50)",17.283916,1.0,False,exact_bitmap,IVFFLAT_HYBRID,False
2026-08-30T19:54:22.036+00:00,heldout,0,186,IVFFLAT_HYBRID,three_categories,category_00,417,True,3,0.271845,"[0.25,0.50)",16.9405,1.0,False,exact_bitmap,IVFFLAT_HYBRID,True
2026-08-30T19:54:22.053+00:00,heldout,1,186,SQL_FIRST,three_categories,category_00,417,True,3,0.271845,"[0.25,0.50)",16.573791,1.0,True,exact_bitmap,IVFFLAT_HYBRID,False
2026-08-30T19:54:22.076+00:00,heldout,1,186,VECTOR_FIRST_HNSW,three_categories,category_00,417,True,3,0.271845,"[0.25,0.50)",23.097208,1.0,False,exact_bitmap,IVFFLAT_HYBRID,False
2026-08-30T19:54:22.094+00:00,heldout,1,186,HNSW_HYBRID,three_categories,category_00,417,True,3,0.271845,"[0.25,0.50)",16.9825,1.0,False,exact_bitmap,IVFFLAT_HYBRID,False
2026-08-30T19:54:22.113+00:00,heldout,1,186,IVFFLAT_HYBRID,three_categories,category_00,417,True,3,0.271845,"[0.25,0.50)",17.29275,1.0,False,exact_bitmap,IVFFLAT_HYBRID,True
2026-08-30T19:54:22.130+00:00,heldout,2,186,SQL_FIRST,three_categories,category_00,417,True,3,0.271845,"[0.25,0.50)",17.13525,1.0,True,exact_bitmap,IVFFLAT_HYBRID,False
2026-08-30T19:54:22.155+00:00,heldout,2,186,VECTOR_FIRST_HNSW,three_categories,category_00,417,True,3,0.271845,"[0.25,0.50)",24.793667,1.0,False,exact_bitmap,IVFFLAT_HYBRID,False
2026-08-30T19:54:22.174+00:00,heldout,2,186,HNSW_HYBRID,three_categories,category_00,417,True,3,0.271845,"[0.25,0.50)",18.295125,1.0,False,exact_bitmap,IVFFLAT_HYBRID,False
2026-08-30T19:54:22.193+00:00,heldout,2,186,IVFFLAT_HYBRID,three_categories,category_00,417,True,3,0.271845,"[0.25,0.50)",18.767667,1.0,False,exact_bitmap,IVFFLAT_HYBRID,True
2026-08-30T19:54:22.216+00:00,heldout,0,218,SQL_FIRST,stock_alone,category_01,784,True,4,0.500835,"[0.50,1.00)",21.093542,1.0,True,exact_seq,VECTOR_FIRST_HNSW,False
2026-08-30T19:54:22.245+00:00,heldout,0,218,VECTOR_FIRST_HNSW,stock_alone,category_01,784,True,4,0.500835,"[0.50,1.00)",28.106667,1.0,False,exact_bitmap,VECTOR_FIRST_HNSW,True
2026-08-30T19:54:22.271+00:00,heldout,0,218,HNSW_HYBRID,stock_alone,category_01,784,True,4,0.500835,"[0.50,1.00)",23.892125,1.0,False,exact_seq,VECTOR_FIRST_HNSW,False
2026-08-30T19:54:22.291+00:00,heldout,0,218,IVFFLAT_HYBRID,stock_alone,category_01,784,True,4,0.500835,"[0.50,1.00)",19.259667,1.0,False,exact_seq,VECTOR_FIRST_HNSW,False
2026-08-30T19:54:22.311+00:00,heldout,1,218,SQL_FIRST,stock_alone,category_01,784,True,4,0.500835,"[0.50,1.00)",19.200417,1.0,True,exact_seq,VECTOR_FIRST_HNSW,False
2026-08-30T19:54:22.336+00:00,heldout,1,218,VECTOR_FIRST_HNSW,stock_alone,category_01,784,True,4,0.500835,"[0.50,1.00)",24.307292,1.0,False,exact_bitmap,VECTOR_FIRST_HNSW,True
2026-08-30T19:54:22.355+00:00,heldout,1,218,HNSW_HYBRID,stock_alone,category_01,784,True,4,0.500835,"[0.50,1.00)",19.198542,1.0,False,exact_seq,VECTOR_FIRST_HNSW,False
2026-08-30T19:54:22.376+00:00,heldout,1,218,IVFFLAT_HYBRID,stock_alone,category_01,784,True,4,0.500835,"[0.50,1.00)",19.985042,1.0,False,exact_seq,VECTOR_FIRST_HNSW,False
2026-08-30T19:54:22.396+00:00,heldout,2,218,SQL_FIRST,stock_alone,category_01,784,True,4,0.500835,"[0.50,1.00)",19.341541,1.0,True,exact_seq,VECTOR_FIRST_HNSW,False
2026-08-30T19:54:22.422+00:00,heldout,2,218,VECTOR_FIRST_HNSW,stock_alone,category_01,784,True,4,0.500835,"[0.50,1.00)",25.074541,1.0,False,exact_bitmap,VECTOR_FIRST_HNSW,True
2026-08-30T19:54:22.443+00:00,heldout,2,218,HNSW_HYBRID,stock_alone,category_01,784,True,4,0.500835,"[0.50,1.00)",20.821708,1.0,False,exact_seq,VECTOR_FIRST_HNSW,False
2026-08-30T19:54:22.463+00:00,heldout,2,218,IVFFLAT_HYBRID,stock_alone,category_01,784,True,4,0.500835,"[0.50,1.00)",19.857208,1.0,False,exact_seq,VECTOR_FIRST_HNSW,False
2026-08-30T19:54:22.487+00:00,heldout,0,114,SQL_FIRST,two_categories,category_00,965,False,2,0.202065,"[0.10,0.25)",21.683375,1.0,True,exact_bitmap,HNSW_HYBRID,False
2026-08-30T19:54:22.513+00:00,heldout,0,114,VECTOR_FIRST_HNSW,two_categories,category_00,965,False,2,0.202065,"[0.10,0.25)",24.957583,1.0,False,exact_bitmap,HNSW_HYBRID,False
2026-08-30T19:54:22.533+00:00,heldout,0,114,HNSW_HYBRID,two_categories,category_00,965,False,2,0.202065,"[0.10,0.25)",18.800541,1.0,False,exact_bitmap,HNSW_HYBRID,True
2026-08-30T19:54:22.553+00:00,heldout,0,114,IVFFLAT_HYBRID,two_categories,category_00,965,False,2,0.202065,"[0.10,0.25)",18.771333,1.0,False,exact_bitmap,HNSW_HYBRID,False
2026-08-30T19:54:22.574+00:00,heldout,1,114,SQL_FIRST,two_categories,category_00,965,False,2,0.202065,"[0.10,0.25)",20.60275,1.0,True,exact_bitmap,HNSW_HYBRID,False
2026-08-30T19:54:22.601+00:00,heldout,1,114,VECTOR_FIRST_HNSW,two_categories,category_00,965,False,2,0.202065,"[0.10,0.25)",25.308167,1.0,False,exact_bitmap,HNSW_HYBRID,False
2026-08-30T19:54:22.621+00:00,heldout,1,114,HNSW_HYBRID,two_categories,category_00,965,False,2,0.202065,"[0.10,0.25)",18.322917,1.0,False,exact_bitmap,HNSW_HYBRID,True
2026-08-30T19:54:22.640+00:00,heldout,1,114,IVFFLAT_HYBRID,two_categories,category_00,965,False,2,0.202065,"[0.10,0.25)",18.758667,1.0,False,exact_bitmap,HNSW_HYBRID,False
2026-08-30T19:54:22.658+00:00,heldout,2,114,SQL_FIRST,two_categories,category_00,965,False,2,0.202065,"[0.10,0.25)",18.305875,1.0,True,exact_bitmap,HNSW_HYBRID,False
2026-08-30T19:54:22.682+00:00,heldout,2,114,VECTOR_FIRST_HNSW,two_categories,category_00,965,False,2,0.202065,"[0.10,0.25)",23.249,1.0,False,exact_bitmap,HNSW_HYBRID,False
2026-08-30T19:54:22.702+00:00,heldout,2,114,HNSW_HYBRID,two_categories,category_00,965,False,2,0.202065,"[0.10,0.25)",19.514041,1.0,False,exact_bitmap,HNSW_HYBRID,True
2026-08-30T19:54:22.721+00:00,heldout,2,114,IVFFLAT_HYBRID,two_categories,category_00,965,False,2,0.202065,"[0.10,0.25)",18.391375,1.0,False,exact_bitmap,HNSW_HYBRID,False
2026-08-30T19:54:22.741+00:00,heldout,0,185,SQL_FIRST,three_categories,category_08,331,False,3,0.272595,"[0.25,0.50)",17.303792,1.0,True,exact_bitmap,IVFFLAT_HYBRID,False
2026-08-30T19:54:22.765+00:00,heldout,0,185,VECTOR_FIRST_HNSW,three_categories,category_08,331,False,3,0.272595,"[0.25,0.50)",23.115333,1.0,False,exact_bitmap,IVFFLAT_HYBRID,False
2026-08-30T19:54:22.783+00:00,heldout,0,185,HNSW_HYBRID,three_categories,category_08,331,False,3,0.272595,"[0.25,0.50)",16.552916,1.0,False,exact_bitmap,IVFFLAT_HYBRID,False
2026-08-30T19:54:22.811+00:00,heldout,0,185,IVFFLAT_HYBRID,three_categories,category_08,331,False,3,0.272595,"[0.25,0.50)",25.695541,1.0,False,exact_bitmap,IVFFLAT_HYBRID,True
2026-08-30T19:54:22.828+00:00,heldout,1,185,SQL_FIRST,three_categories,category_08,331,False,3,0.272595,"[0.25,0.50)",17.234709,1.0,True,exact_bitmap,IVFFLAT_HYBRID,False
2026-08-30T19:54:22.853+00:00,heldout,1,185,VECTOR_FIRST_HNSW,three_categories,category_08,331,False,3,0.272595,"[0.25,0.50)",23.890375,1.0,False,exact_bitmap,IVFFLAT_HYBRID,False
2026-08-30T19:54:22.871+00:00,heldout,1,185,HNSW_HYBRID,three_categories,category_08,331,False,3,0.272595,"[0.25,0.50)",17.365041,1.0,False,exact_bitmap,IVFFLAT_HYBRID,False
2026-08-30T19:54:22.889+00:00,heldout,1,185,IVFFLAT_HYBRID,three_categories,category_08,331,False,3,0.272595,"[0.25,0.50)",16.714625,1.0,False,exact_bitmap,IVFFLAT_HYBRID,True
2026-08-30T19:54:22.906+00:00,heldout,2,185,SQL_FIRST,three_categories,category_08,331,False,3,0.272595,"[0.25,0.50)",16.672916,1.0,True,exact_bitmap,IVFFLAT_HYBRID,False
2026-08-30T19:54:22.929+00:00,heldout,2,185,VECTOR_FIRST_HNSW,three_categories,category_08,331,False,3,0.272595,"[0.25,0.50)",23.182875,1.0,False,exact_bitmap,IVFFLAT_HYBRID,False
2026-08-30T19:54:22.954+00:00,heldout,2,185,HNSW_HYBRID,three_categories,category_08,331,False,3,0.272595,"[0.25,0.50)",24.43975,1.0,False,exact_bitmap,IVFFLAT_HYBRID,False
2026-08-30T19:54:22.974+00:00,heldout,2,185,IVFFLAT_HYBRID,three_categories,category_08,331,False,3,0.272595,"[0.25,0.50)",19.392375,1.0,False,exact_bitmap,IVFFLAT_HYBRID,True
2026-08-30T19:54:22.986+00:00,heldout,0,31,SQL_FIRST,category_and_stock,category_02,262,True,0,0.049565,"[0.00,0.05)",11.210417,1.0,True,exact_bitmap,SQL_FIRST,True
2026-08-30T19:54:23.011+00:00,heldout,0,31,VECTOR_FIRST_HNSW,category_and_stock,category_02,262,True,0,0.049565,"[0.00,0.05)",24.231708,0.5,False,exact_bitmap,SQL_FIRST,False
2026-08-30T19:54:23.022+00:00,heldout,0,31,HNSW_HYBRID,category_and_stock,category_02,262,True,0,0.049565,"[0.00,0.05)",9.353,1.0,False,exact_bitmap,SQL_FIRST,False
2026-08-30T19:54:23.031+00:00,heldout,0,31,IVFFLAT_HYBRID,category_and_stock,category_02,262,True,0,0.049565,"[0.00,0.05)",8.632958,1.0,False,exact_bitmap,SQL_FIRST,False
2026-08-30T19:54:23.040+00:00,heldout,1,31,SQL_FIRST,category_and_stock,category_02,262,True,0,0.049565,"[0.00,0.05)",8.833916,1.0,True,exact_bitmap,SQL_FIRST,True
2026-08-30T19:54:23.069+00:00,heldout,1,31,VECTOR_FIRST_HNSW,category_and_stock,category_02,262,True,0,0.049565,"[0.00,0.05)",28.968292,0.5,False,exact_bitmap,SQL_FIRST,False
2026-08-30T19:54:23.081+00:00,heldout,1,31,HNSW_HYBRID,category_and_stock,category_02,262,True,0,0.049565,"[0.00,0.05)",10.90025,1.0,False,exact_bitmap,SQL_FIRST,False
2026-08-30T19:54:23.092+00:00,heldout,1,31,IVFFLAT_HYBRID,category_and_stock,category_02,262,True,0,0.049565,"[0.00,0.05)",9.931542,1.0,False,exact_bitmap,SQL_FIRST,False
2026-08-30T19:54:23.102+00:00,heldout,2,31,SQL_FIRST,category_and_stock,category_02,262,True,0,0.049565,"[0.00,0.05)",9.232625,1.0,True,exact_bitmap,SQL_FIRST,True
2026-08-30T19:54:23.127+00:00,heldout,2,31,VECTOR_FIRST_HNSW,category_and_stock,category_02,262,True,0,0.049565,"[0.00,0.05)",24.289875,0.5,False,exact_bitmap,SQL_FIRST,False
2026-08-30T19:54:23.137+00:00,heldout,2,31,HNSW_HYBRID,category_and_stock,category_02,262,True,0,0.049565,"[0.00,0.05)",9.894417,1.0,False,exact_bitmap,SQL_FIRST,False
2026-08-30T19:54:23.147+00:00,heldout,2,31,IVFFLAT_HYBRID,category_and_stock,category_02,262,True,0,0.049565,"[0.00,0.05)",9.542416,1.0,False,exact_bitmap,SQL_FIRST,False
2026-08-30T19:54:23.162+00:00,heldout,0,127,SQL_FIRST,single_category_alone,category_00,54,True,2,0.1034,"[0.10,0.25)",13.772458,1.0,True,exact_bitmap,HNSW_HYBRID,False
2026-08-30T19:54:23.191+00:00,heldout,0,127,VECTOR_FIRST_HNSW,single_category_alone,category_00,54,True,2,0.1034,"[0.10,0.25)",28.267667,1.0,False,exact_bitmap,HNSW_HYBRID,False
2026-08-30T19:54:23.204+00:00,heldout,0,127,HNSW_HYBRID,single_category_alone,category_00,54,True,2,0.1034,"[0.10,0.25)",11.410791,1.0,False,exact_bitmap,HNSW_HYBRID,True
2026-08-30T19:54:23.216+00:00,heldout,0,127,IVFFLAT_HYBRID,single_category_alone,category_00,54,True,2,0.1034,"[0.10,0.25)",11.150625,1.0,False,exact_bitmap,HNSW_HYBRID,False
2026-08-30T19:54:23.227+00:00,heldout,1,127,SQL_FIRST,single_category_alone,category_00,54,True,2,0.1034,"[0.10,0.25)",11.031666,1.0,True,exact_bitmap,HNSW_HYBRID,False
2026-08-30T19:54:23.252+00:00,heldout,1,127,VECTOR_FIRST_HNSW,single_category_alone,category_00,54,True,2,0.1034,"[0.10,0.25)",24.601208,1.0,False,exact_bitmap,HNSW_HYBRID,False
2026-08-30T19:54:23.264+00:00,heldout,1,127,HNSW_HYBRID,single_category_alone,category_00,54,True,2,0.1034,"[0.10,0.25)",11.094542,1.0,False,exact_bitmap,HNSW_HYBRID,True
2026-08-30T19:54:23.277+00:00,heldout,1,127,IVFFLAT_HYBRID,single_category_alone,category_00,54,True,2,0.1034,"[0.10,0.25)",12.81075,1.0,False,exact_bitmap,HNSW_HYBRID,False
2026-08-30T19:54:23.289+00:00,heldout,2,127,SQL_FIRST,single_category_alone,category_00,54,True,2,0.1034,"[0.10,0.25)",11.579333,1.0,True,exact_bitmap,HNSW_HYBRID,False
2026-08-30T19:54:23.314+00:00,heldout,2,127,VECTOR_FIRST_HNSW,single_category_alone,category_00,54,True,2,0.1034,"[0.10,0.25)",24.192583,1.0,False,exact_bitmap,HNSW_HYBRID,False
2026-08-30T19:54:23.325+00:00,heldout,2,127,HNSW_HYBRID,single_category_alone,category_00,54,True,2,0.1034,"[0.10,0.25)",11.138833,1.0,False,exact_bitmap,HNSW_HYBRID,True
2026-08-30T19:54:23.337+00:00,heldout,2,127,IVFFLAT_HYBRID,single_category_alone,category_00,54,True,2,0.1034,"[0.10,0.25)",11.322875,1.0,False,exact_bitmap,HNSW_HYBRID,False
2026-08-30T19:54:23.362+00:00,heldout,0,234,SQL_FIRST,wide_or,category_00,207,False,4,0.64168,"[0.50,1.00)",23.302375,1.0,True,exact_seq,VECTOR_FIRST_HNSW,False
2026-08-30T19:54:23.387+00:00,heldout,0,234,VECTOR_FIRST_HNSW,wide_or,category_00,207,False,4,0.64168,"[0.50,1.00)",23.632209,1.0,False,exact_bitmap,VECTOR_FIRST_HNSW,True
2026-08-30T19:54:23.411+00:00,heldout,0,234,HNSW_HYBRID,wide_or,category_00,207,False,4,0.64168,"[0.50,1.00)",22.39775,1.0,False,exact_seq,VECTOR_FIRST_HNSW,False
2026-08-30T19:54:23.436+00:00,heldout,0,234,IVFFLAT_HYBRID,wide_or,category_00,207,False,4,0.64168,"[0.50,1.00)",24.471083,1.0,False,exact_seq,VECTOR_FIRST_HNSW,False
2026-08-30T19:54:23.461+00:00,heldout,1,234,SQL_FIRST,wide_or,category_00,207,False,4,0.64168,"[0.50,1.00)",23.874333,1.0,True,exact_seq,VECTOR_FIRST_HNSW,False
2026-08-30T19:54:23.485+00:00,heldout,1,234,VECTOR_FIRST_HNSW,wide_or,category_00,207,False,4,0.64168,"[0.50,1.00)",24.377125,1.0,False,exact_bitmap,VECTOR_FIRST_HNSW,True
2026-08-30T19:54:23.509+00:00,heldout,1,234,HNSW_HYBRID,wide_or,category_00,207,False,4,0.64168,"[0.50,1.00)",22.8875,1.0,False,exact_seq,VECTOR_FIRST_HNSW,False
2026-08-30T19:54:23.532+00:00,heldout,1,234,IVFFLAT_HYBRID,wide_or,category_00,207,False,4,0.64168,"[0.50,1.00)",22.390417,1.0,False,exact_seq,VECTOR_FIRST_HNSW,False
2026-08-30T19:54:23.554+00:00,heldout,2,234,SQL_FIRST,wide_or,category_00,207,False,4,0.64168,"[0.50,1.00)",22.488583,1.0,True,exact_seq,VECTOR_FIRST_HNSW,False
2026-08-30T19:54:23.580+00:00,heldout,2,234,VECTOR_FIRST_HNSW,wide_or,category_00,207,False,4,0.64168,"[0.50,1.00)",25.278459,1.0,False,exact_bitmap,VECTOR_FIRST_HNSW,True
2026-08-30T19:54:23.604+00:00,heldout,2,234,HNSW_HYBRID,wide_or,category_00,207,False,4,0.64168,"[0.50,1.00)",23.230917,1.0,False,exact_seq,VECTOR_FIRST_HNSW,False
2026-08-30T19:54:23.627+00:00,heldout,2,234,IVFFLAT_HYBRID,wide_or,category_00,207,False,4,0.64168,"[0.50,1.00)",22.97975,1.0,False,exact_seq,VECTOR_FIRST_HNSW,False
2026-08-30T19:54:23.641+00:00,heldout,0,92,SQL_FIRST,single_category,category_06,118,True,1,0.099535,"[0.05,0.10)",12.22775,1.0,True,exact_bitmap,HNSW_HYBRID,False
2026-08-30T19:54:23.670+00:00,heldout,0,92,VECTOR_FIRST_HNSW,single_category,category_06,118,True,1,0.099535,"[0.05,0.10)",27.533916,1.0,False,exact_bitmap,HNSW_HYBRID,False
2026-08-30T19:54:23.687+00:00,heldout,0,92,HNSW_HYBRID,single_category,category_06,118,True,1,0.099535,"[0.05,0.10)",15.456042,1.0,False,exact_bitmap,HNSW_HYBRID,True
2026-08-30T19:54:23.702+00:00,heldout,0,92,IVFFLAT_HYBRID,single_category,category_06,118,True,1,0.099535,"[0.05,0.10)",12.111709,1.0,False,exact_bitmap,HNSW_HYBRID,False
2026-08-30T19:54:23.716+00:00,heldout,1,92,SQL_FIRST,single_category,category_06,118,True,1,0.099535,"[0.05,0.10)",13.326625,1.0,True,exact_bitmap,HNSW_HYBRID,False
2026-08-30T19:54:23.749+00:00,heldout,1,92,VECTOR_FIRST_HNSW,single_category,category_06,118,True,1,0.099535,"[0.05,0.10)",31.642,1.0,False,exact_bitmap,HNSW_HYBRID,False
2026-08-30T19:54:23.761+00:00,heldout,1,92,HNSW_HYBRID,single_category,category_06,118,True,1,0.099535,"[0.05,0.10)",11.194833,1.0,False,exact_bitmap,HNSW_HYBRID,True
2026-08-30T19:54:23.773+00:00,heldout,1,92,IVFFLAT_HYBRID,single_category,category_06,118,True,1,0.099535,"[0.05,0.10)",11.660917,1.0,False,exact_bitmap,HNSW_HYBRID,False
2026-08-30T19:54:23.786+00:00,heldout,2,92,SQL_FIRST,single_category,category_06,118,True,1,0.099535,"[0.05,0.10)",12.453708,1.0,True,exact_bitmap,HNSW_HYBRID,False
2026-08-30T19:54:23.812+00:00,heldout,2,92,VECTOR_FIRST_HNSW,single_category,category_06,118,True,1,0.099535,"[0.05,0.10)",25.25975,1.0,False,exact_bitmap,HNSW_HYBRID,False
2026-08-30T19:54:23.824+00:00,heldout,2,92,HNSW_HYBRID,single_category,category_06,118,True,1,0.099535,"[0.05,0.10)",12.076,1.0,False,exact_bitmap,HNSW_HYBRID,True
2026-08-30T19:54:23.837+00:00,heldout,2,92,IVFFLAT_HYBRID,single_category,category_06,118,True,1,0.099535,"[0.05,0.10)",11.799167,1.0,False,exact_bitmap,HNSW_HYBRID,False
2026-08-30T19:54:23.852+00:00,heldout,0,53,SQL_FIRST,single_category,category_08,363,False,1,0.098665,"[0.05,0.10)",13.627292,1.0,True,exact_bitmap,HNSW_HYBRID,False
2026-08-30T19:54:23.880+00:00,heldout,0,53,VECTOR_FIRST_HNSW,single_category,category_08,363,False,1,0.098665,"[0.05,0.10)",25.725042,0.9,False,exact_bitmap,HNSW_HYBRID,False
2026-08-30T19:54:23.897+00:00,heldout,0,53,HNSW_HYBRID,single_category,category_08,363,False,1,0.098665,"[0.05,0.10)",16.395458,1.0,False,exact_bitmap,HNSW_HYBRID,True
2026-08-30T19:54:23.916+00:00,heldout,0,53,IVFFLAT_HYBRID,single_category,category_08,363,False,1,0.098665,"[0.05,0.10)",17.169541,1.0,False,exact_bitmap,HNSW_HYBRID,False
2026-08-30T19:54:23.931+00:00,heldout,1,53,SQL_FIRST,single_category,category_08,363,False,1,0.098665,"[0.05,0.10)",14.067834,1.0,True,exact_bitmap,HNSW_HYBRID,False
2026-08-30T19:54:23.990+00:00,heldout,1,53,VECTOR_FIRST_HNSW,single_category,category_08,363,False,1,0.098665,"[0.05,0.10)",58.718541,0.9,False,exact_bitmap,HNSW_HYBRID,False
2026-08-30T19:54:24.008+00:00,heldout,1,53,HNSW_HYBRID,single_category,category_08,363,False,1,0.098665,"[0.05,0.10)",17.580584,1.0,False,exact_bitmap,HNSW_HYBRID,True
2026-08-30T19:54:24.025+00:00,heldout,1,53,IVFFLAT_HYBRID,single_category,category_08,363,False,1,0.098665,"[0.05,0.10)",16.518208,1.0,False,exact_bitmap,HNSW_HYBRID,False
2026-08-30T19:54:24.040+00:00,heldout,2,53,SQL_FIRST,single_category,category_08,363,False,1,0.098665,"[0.05,0.10)",15.526959,1.0,True,exact_bitmap,HNSW_HYBRID,False
2026-08-30T19:54:24.082+00:00,heldout,2,53,VECTOR_FIRST_HNSW,single_category,category_08,363,False,1,0.098665,"[0.05,0.10)",41.21375,0.9,False,exact_bitmap,HNSW_HYBRID,False
2026-08-30T19:54:24.095+00:00,heldout,2,53,HNSW_HYBRID,single_category,category_08,363,False,1,0.098665,"[0.05,0.10)",12.410833,1.0,False,exact_bitmap,HNSW_HYBRID,True
2026-08-30T19:54:24.108+00:00,heldout,2,53,IVFFLAT_HYBRID,single_category,category_08,363,False,1,0.098665,"[0.05,0.10)",12.5435,1.0,False,exact_bitmap,HNSW_HYBRID,False
2026-08-30T19:54:24.124+00:00,heldout,0,83,SQL_FIRST,single_category,category_06,692,True,1,0.099535,"[0.05,0.10)",12.807042,1.0,True,exact_bitmap,HNSW_HYBRID,False
2026-08-30T19:54:24.154+00:00,heldout,0,83,VECTOR_FIRST_HNSW,single_category,category_06,692,True,1,0.099535,"[0.05,0.10)",29.535208,0.9,False,exact_bitmap,HNSW_HYBRID,False
2026-08-30T19:54:24.168+00:00,heldout,0,83,HNSW_HYBRID,single_category,category_06,692,True,1,0.099535,"[0.05,0.10)",12.185333,1.0,False,exact_bitmap,HNSW_HYBRID,True
2026-08-30T19:54:24.183+00:00,heldout,0,83,IVFFLAT_HYBRID,single_category,category_06,692,True,1,0.099535,"[0.05,0.10)",13.940667,1.0,False,exact_bitmap,HNSW_HYBRID,False
2026-08-30T19:54:24.199+00:00,heldout,1,83,SQL_FIRST,single_category,category_06,692,True,1,0.099535,"[0.05,0.10)",13.211916,1.0,True,exact_bitmap,HNSW_HYBRID,False
2026-08-30T19:54:24.226+00:00,heldout,1,83,VECTOR_FIRST_HNSW,single_category,category_06,692,True,1,0.099535,"[0.05,0.10)",27.08075,0.9,False,exact_bitmap,HNSW_HYBRID,False
2026-08-30T19:54:24.242+00:00,heldout,1,83,HNSW_HYBRID,single_category,category_06,692,True,1,0.099535,"[0.05,0.10)",14.12775,1.0,False,exact_bitmap,HNSW_HYBRID,True
2026-08-30T19:54:24.256+00:00,heldout,1,83,IVFFLAT_HYBRID,single_category,category_06,692,True,1,0.099535,"[0.05,0.10)",14.122083,1.0,False,exact_bitmap,HNSW_HYBRID,False
2026-08-30T19:54:24.269+00:00,heldout,2,83,SQL_FIRST,single_category,category_06,692,True,1,0.099535,"[0.05,0.10)",13.017333,1.0,True,exact_bitmap,HNSW_HYBRID,False
2026-08-30T19:54:24.295+00:00,heldout,2,83,VECTOR_FIRST_HNSW,single_category,category_06,692,True,1,0.099535,"[0.05,0.10)",24.569916,0.9,False,exact_bitmap,HNSW_HYBRID,False
2026-08-30T19:54:24.307+00:00,heldout,2,83,HNSW_HYBRID,single_category,category_06,692,True,1,0.099535,"[0.05,0.10)",11.63275,1.0,False,exact_bitmap,HNSW_HYBRID,True
2026-08-30T19:54:24.319+00:00,heldout,2,83,IVFFLAT_HYBRID,single_category,category_06,692,True,1,0.099535,"[0.05,0.10)",11.745,1.0,False,exact_bitmap,HNSW_HYBRID,False
2026-08-30T19:54:24.341+00:00,heldout,0,198,SQL_FIRST,category_or_price,category_01,248,False,3,0.317735,"[0.25,0.50)",19.439667,1.0,True,exact_seq,IVFFLAT_HYBRID,False
2026-08-30T19:54:24.366+00:00,heldout,0,198,VECTOR_FIRST_HNSW,category_or_price,category_01,248,False,3,0.317735,"[0.25,0.50)",24.3045,1.0,False,exact_bitmap,IVFFLAT_HYBRID,False
2026-08-30T19:54:24.388+00:00,heldout,0,198,HNSW_HYBRID,category_or_price,category_01,248,False,3,0.317735,"[0.25,0.50)",20.411958,1.0,False,exact_seq,IVFFLAT_HYBRID,False
2026-08-30T19:54:24.409+00:00,heldout,0,198,IVFFLAT_HYBRID,category_or_price,category_01,248,False,3,0.317735,"[0.25,0.50)",19.671333,1.0,False,exact_seq,IVFFLAT_HYBRID,True
2026-08-30T19:54:24.432+00:00,heldout,1,198,SQL_FIRST,category_or_price,category_01,248,False,3,0.317735,"[0.25,0.50)",22.926584,1.0,True,exact_seq,IVFFLAT_HYBRID,False
2026-08-30T19:54:24.458+00:00,heldout,1,198,VECTOR_FIRST_HNSW,category_or_price,category_01,248,False,3,0.317735,"[0.25,0.50)",25.053667,1.0,False,exact_bitmap,IVFFLAT_HYBRID,False
2026-08-30T19:54:24.478+00:00,heldout,1,198,HNSW_HYBRID,category_or_price,category_01,248,False,3,0.317735,"[0.25,0.50)",19.441291,1.0,False,exact_seq,IVFFLAT_HYBRID,False
2026-08-30T19:54:24.499+00:00,heldout,1,198,IVFFLAT_HYBRID,category_or_price,category_01,248,False,3,0.317735,"[0.25,0.50)",20.702583,1.0,False,exact_seq,IVFFLAT_HYBRID,True
2026-08-30T19:54:24.522+00:00,heldout,2,198,SQL_FIRST,category_or_price,category_01,248,False,3,0.317735,"[0.25,0.50)",22.469541,1.0,True,exact_seq,IVFFLAT_HYBRID,False
2026-08-30T19:54:24.548+00:00,heldout,2,198,VECTOR_FIRST_HNSW,category_or_price,category_01,248,False,3,0.317735,"[0.25,0.50)",25.312459,1.0,False,exact_bitmap,IVFFLAT_HYBRID,False
2026-08-30T19:54:24.578+00:00,heldout,2,198,HNSW_HYBRID,category_or_price,category_01,248,False,3,0.317735,"[0.25,0.50)",29.505375,1.0,False,exact_seq,IVFFLAT_HYBRID,False
2026-08-30T19:54:24.599+00:00,heldout,2,198,IVFFLAT_HYBRID,category_or_price,category_01,248,False,3,0.317735,"[0.25,0.50)",20.566125,1.0,False,exact_seq,IVFFLAT_HYBRID,True
2026-08-30T19:54:24.624+00:00,heldout,0,206,SQL_FIRST,wide_or,category_06,211,True,4,0.64305,"[0.50,1.00)",23.220584,1.0,True,exact_seq,VECTOR_FIRST_HNSW,False
2026-08-30T19:54:24.653+00:00,heldout,0,206,VECTOR_FIRST_HNSW,wide_or,category_06,211,True,4,0.64305,"[0.50,1.00)",25.529292,1.0,False,exact_bitmap,VECTOR_FIRST_HNSW,True
2026-08-30T19:54:24.678+00:00,heldout,0,206,HNSW_HYBRID,wide_or,category_06,211,True,4,0.64305,"[0.50,1.00)",23.568875,1.0,False,exact_seq,VECTOR_FIRST_HNSW,False
2026-08-30T19:54:24.704+00:00,heldout,0,206,IVFFLAT_HYBRID,wide_or,category_06,211,True,4,0.64305,"[0.50,1.00)",23.849542,1.0,False,exact_seq,VECTOR_FIRST_HNSW,False
2026-08-30T19:54:24.727+00:00,heldout,1,206,SQL_FIRST,wide_or,category_06,211,True,4,0.64305,"[0.50,1.00)",23.196125,1.0,True,exact_seq,VECTOR_FIRST_HNSW,False
2026-08-30T19:54:24.753+00:00,heldout,1,206,VECTOR_FIRST_HNSW,wide_or,category_06,211,True,4,0.64305,"[0.50,1.00)",25.402833,1.0,False,exact_bitmap,VECTOR_FIRST_HNSW,True
2026-08-30T19:54:24.780+00:00,heldout,1,206,HNSW_HYBRID,wide_or,category_06,211,True,4,0.64305,"[0.50,1.00)",26.369916,1.0,False,exact_seq,VECTOR_FIRST_HNSW,False
2026-08-30T19:54:24.809+00:00,heldout,1,206,IVFFLAT_HYBRID,wide_or,category_06,211,True,4,0.64305,"[0.50,1.00)",28.870375,1.0,False,exact_seq,VECTOR_FIRST_HNSW,False
2026-08-30T19:54:24.839+00:00,heldout,2,206,SQL_FIRST,wide_or,category_06,211,True,4,0.64305,"[0.50,1.00)",29.3755,1.0,True,exact_seq,VECTOR_FIRST_HNSW,False
2026-08-30T19:54:24.865+00:00,heldout,2,206,VECTOR_FIRST_HNSW,wide_or,category_06,211,True,4,0.64305,"[0.50,1.00)",25.427875,1.0,False,exact_bitmap,VECTOR_FIRST_HNSW,True
2026-08-30T19:54:24.889+00:00,heldout,2,206,HNSW_HYBRID,wide_or,category_06,211,True,4,0.64305,"[0.50,1.00)",23.794125,1.0,False,exact_seq,VECTOR_FIRST_HNSW,False
2026-08-30T19:54:24.913+00:00,heldout,2,206,IVFFLAT_HYBRID,wide_or,category_06,211,True,4,0.64305,"[0.50,1.00)",23.867083,1.0,False,exact_seq,VECTOR_FIRST_HNSW,False
2026-08-30T19:54:24.940+00:00,heldout,0,202,SQL_FIRST,wide_or,category_04,323,True,4,0.69298,"[0.50,1.00)",25.143375,1.0,True,exact_seq,VECTOR_FIRST_HNSW,False
2026-08-30T19:54:24.971+00:00,heldout,0,202,VECTOR_FIRST_HNSW,wide_or,category_04,323,True,4,0.69298,"[0.50,1.00)",29.333125,1.0,False,exact_bitmap,VECTOR_FIRST_HNSW,True
2026-08-30T19:54:25.010+00:00,heldout,0,202,HNSW_HYBRID,wide_or,category_04,323,True,4,0.69298,"[0.50,1.00)",38.005583,1.0,False,exact_seq,VECTOR_FIRST_HNSW,False
2026-08-30T19:54:25.048+00:00,heldout,0,202,IVFFLAT_HYBRID,wide_or,category_04,323,True,4,0.69298,"[0.50,1.00)",37.653875,1.0,False,exact_seq,VECTOR_FIRST_HNSW,False
2026-08-30T19:54:25.085+00:00,heldout,1,202,SQL_FIRST,wide_or,category_04,323,True,4,0.69298,"[0.50,1.00)",37.038292,1.0,True,exact_seq,VECTOR_FIRST_HNSW,False
2026-08-30T19:54:25.115+00:00,heldout,1,202,VECTOR_FIRST_HNSW,wide_or,category_04,323,True,4,0.69298,"[0.50,1.00)",28.807625,1.0,False,exact_bitmap,VECTOR_FIRST_HNSW,True
2026-08-30T19:54:25.142+00:00,heldout,1,202,HNSW_HYBRID,wide_or,category_04,323,True,4,0.69298,"[0.50,1.00)",26.332708,1.0,False,exact_seq,VECTOR_FIRST_HNSW,False
2026-08-30T19:54:25.169+00:00,heldout,1,202,IVFFLAT_HYBRID,wide_or,category_04,323,True,4,0.69298,"[0.50,1.00)",27.305042,1.0,False,exact_seq,VECTOR_FIRST_HNSW,False
2026-08-30T19:54:25.193+00:00,heldout,2,202,SQL_FIRST,wide_or,category_04,323,True,4,0.69298,"[0.50,1.00)",23.476541,1.0,True,exact_seq,VECTOR_FIRST_HNSW,False
2026-08-30T19:54:25.219+00:00,heldout,2,202,VECTOR_FIRST_HNSW,wide_or,category_04,323,True,4,0.69298,"[0.50,1.00)",24.973833,1.0,False,exact_bitmap,VECTOR_FIRST_HNSW,True
2026-08-30T19:54:25.244+00:00,heldout,2,202,HNSW_HYBRID,wide_or,category_04,323,True,4,0.69298,"[0.50,1.00)",24.831833,1.0,False,exact_seq,VECTOR_FIRST_HNSW,False
2026-08-30T19:54:25.275+00:00,heldout,2,202,IVFFLAT_HYBRID,wide_or,category_04,323,True,4,0.69298,"[0.50,1.00)",29.806792,1.0,False,exact_seq,VECTOR_FIRST_HNSW,False
2026-08-30T19:54:25.280+00:00,heldout,0,40,SQL_FIRST,category_narrow_price,category_02,774,True,0,0.00498,"[0.00,0.05)",3.188209,1.0,True,exact_bitmap,SQL_FIRST,True
2026-08-30T19:54:25.306+00:00,heldout,0,40,VECTOR_FIRST_HNSW,category_narrow_price,category_02,774,True,0,0.00498,"[0.00,0.05)",24.539417,0.0,False,exact_bitmap,SQL_FIRST,False
2026-08-30T19:54:25.310+00:00,heldout,0,40,HNSW_HYBRID,category_narrow_price,category_02,774,True,0,0.00498,"[0.00,0.05)",2.921666,1.0,False,exact_bitmap,SQL_FIRST,False
2026-08-30T19:54:25.313+00:00,heldout,0,40,IVFFLAT_HYBRID,category_narrow_price,category_02,774,True,0,0.00498,"[0.00,0.05)",2.302084,1.0,False,exact_bitmap,SQL_FIRST,False
2026-08-30T19:54:25.316+00:00,heldout,1,40,SQL_FIRST,category_narrow_price,category_02,774,True,0,0.00498,"[0.00,0.05)",2.258875,1.0,True,exact_bitmap,SQL_FIRST,True
2026-08-30T19:54:25.342+00:00,heldout,1,40,VECTOR_FIRST_HNSW,category_narrow_price,category_02,774,True,0,0.00498,"[0.00,0.05)",25.582834,0.0,False,exact_bitmap,SQL_FIRST,False
2026-08-30T19:54:25.345+00:00,heldout,1,40,HNSW_HYBRID,category_narrow_price,category_02,774,True,0,0.00498,"[0.00,0.05)",2.6955,1.0,False,exact_bitmap,SQL_FIRST,False
2026-08-30T19:54:25.348+00:00,heldout,1,40,IVFFLAT_HYBRID,category_narrow_price,category_02,774,True,0,0.00498,"[0.00,0.05)",2.615041,1.0,False,exact_bitmap,SQL_FIRST,False
2026-08-30T19:54:25.352+00:00,heldout,2,40,SQL_FIRST,category_narrow_price,category_02,774,True,0,0.00498,"[0.00,0.05)",3.478875,1.0,True,exact_bitmap,SQL_FIRST,True
2026-08-30T19:54:25.377+00:00,heldout,2,40,VECTOR_FIRST_HNSW,category_narrow_price,category_02,774,True,0,0.00498,"[0.00,0.05)",24.385,0.0,False,exact_bitmap,SQL_FIRST,False
2026-08-30T19:54:25.381+00:00,heldout,2,40,HNSW_HYBRID,category_narrow_price,category_02,774,True,0,0.00498,"[0.00,0.05)",3.106625,1.0,False,exact_bitmap,SQL_FIRST,False
2026-08-30T19:54:25.385+00:00,heldout,2,40,IVFFLAT_HYBRID,category_narrow_price,category_02,774,True,0,0.00498,"[0.00,0.05)",3.360708,1.0,False,exact_bitmap,SQL_FIRST,False
2026-08-30T19:54:25.411+00:00,heldout,0,203,SQL_FIRST,wide_or,category_03,192,False,4,0.63494,"[0.50,1.00)",22.768917,1.0,True,exact_seq,VECTOR_FIRST_HNSW,False
2026-08-30T19:54:25.440+00:00,heldout,0,203,VECTOR_FIRST_HNSW,wide_or,category_03,192,False,4,0.63494,"[0.50,1.00)",27.976208,1.0,False,exact_bitmap,VECTOR_FIRST_HNSW,True
2026-08-30T19:54:25.465+00:00,heldout,0,203,HNSW_HYBRID,wide_or,category_03,192,False,4,0.63494,"[0.50,1.00)",23.585167,1.0,False,exact_seq,VECTOR_FIRST_HNSW,False
2026-08-30T19:54:25.489+00:00,heldout,0,203,IVFFLAT_HYBRID,wide_or,category_03,192,False,4,0.63494,"[0.50,1.00)",23.056375,1.0,False,exact_seq,VECTOR_FIRST_HNSW,False
2026-08-30T19:54:25.512+00:00,heldout,1,203,SQL_FIRST,wide_or,category_03,192,False,4,0.63494,"[0.50,1.00)",22.408334,1.0,True,exact_seq,VECTOR_FIRST_HNSW,False
2026-08-30T19:54:25.535+00:00,heldout,1,203,VECTOR_FIRST_HNSW,wide_or,category_03,192,False,4,0.63494,"[0.50,1.00)",23.319084,1.0,False,exact_bitmap,VECTOR_FIRST_HNSW,True
2026-08-30T19:54:25.561+00:00,heldout,1,203,HNSW_HYBRID,wide_or,category_03,192,False,4,0.63494,"[0.50,1.00)",24.929583,1.0,False,exact_seq,VECTOR_FIRST_HNSW,False
2026-08-30T19:54:25.589+00:00,heldout,1,203,IVFFLAT_HYBRID,wide_or,category_03,192,False,4,0.63494,"[0.50,1.00)",27.137375,1.0,False,exact_seq,VECTOR_FIRST_HNSW,False
2026-08-30T19:54:25.612+00:00,heldout,2,203,SQL_FIRST,wide_or,category_03,192,False,4,0.63494,"[0.50,1.00)",23.070708,1.0,True,exact_seq,VECTOR_FIRST_HNSW,False
2026-08-30T19:54:25.636+00:00,heldout,2,203,VECTOR_FIRST_HNSW,wide_or,category_03,192,False,4,0.63494,"[0.50,1.00)",23.474583,1.0,False,exact_bitmap,VECTOR_FIRST_HNSW,True
2026-08-30T19:54:25.659+00:00,heldout,2,203,HNSW_HYBRID,wide_or,category_03,192,False,4,0.63494,"[0.50,1.00)",22.511834,1.0,False,exact_seq,VECTOR_FIRST_HNSW,False
2026-08-30T19:54:25.682+00:00,heldout,2,203,IVFFLAT_HYBRID,wide_or,category_03,192,False,4,0.63494,"[0.50,1.00)",22.551917,1.0,False,exact_seq,VECTOR_FIRST_HNSW,False
2026-08-30T19:54:25.703+00:00,heldout,0,183,SQL_FIRST,three_categories,category_00,77,True,3,0.271845,"[0.25,0.50)",19.65825,1.0,True,exact_bitmap,IVFFLAT_HYBRID,False
2026-08-30T19:54:25.728+00:00,heldout,0,183,VECTOR_FIRST_HNSW,three_categories,category_00,77,True,3,0.271845,"[0.25,0.50)",23.86475,1.0,False,exact_bitmap,IVFFLAT_HYBRID,False
2026-08-30T19:54:25.746+00:00,heldout,0,183,HNSW_HYBRID,three_categories,category_00,77,True,3,0.271845,"[0.25,0.50)",17.327125,1.0,False,exact_bitmap,IVFFLAT_HYBRID,False
2026-08-30T19:54:25.764+00:00,heldout,0,183,IVFFLAT_HYBRID,three_categories,category_00,77,True,3,0.271845,"[0.25,0.50)",16.771833,1.0,False,exact_bitmap,IVFFLAT_HYBRID,True
2026-08-30T19:54:25.782+00:00,heldout,1,183,SQL_FIRST,three_categories,category_00,77,True,3,0.271845,"[0.25,0.50)",17.212834,1.0,True,exact_bitmap,IVFFLAT_HYBRID,False
2026-08-30T19:54:25.808+00:00,heldout,1,183,VECTOR_FIRST_HNSW,three_categories,category_00,77,True,3,0.271845,"[0.25,0.50)",25.978625,1.0,False,exact_bitmap,IVFFLAT_HYBRID,False
2026-08-30T19:54:25.830+00:00,heldout,1,183,HNSW_HYBRID,three_categories,category_00,77,True,3,0.271845,"[0.25,0.50)",21.120084,1.0,False,exact_bitmap,IVFFLAT_HYBRID,False
2026-08-30T19:54:25.857+00:00,heldout,1,183,IVFFLAT_HYBRID,three_categories,category_00,77,True,3,0.271845,"[0.25,0.50)",26.8215,1.0,False,exact_bitmap,IVFFLAT_HYBRID,True
2026-08-30T19:54:25.885+00:00,heldout,2,183,SQL_FIRST,three_categories,category_00,77,True,3,0.271845,"[0.25,0.50)",27.986125,1.0,True,exact_bitmap,IVFFLAT_HYBRID,False
2026-08-30T19:54:25.914+00:00,heldout,2,183,VECTOR_FIRST_HNSW,three_categories,category_00,77,True,3,0.271845,"[0.25,0.50)",27.25225,1.0,False,exact_bitmap,IVFFLAT_HYBRID,False
2026-08-30T19:54:25.938+00:00,heldout,2,183,HNSW_HYBRID,three_categories,category_00,77,True,3,0.271845,"[0.25,0.50)",23.441583,1.0,False,exact_bitmap,IVFFLAT_HYBRID,False
2026-08-30T19:54:25.963+00:00,heldout,2,183,IVFFLAT_HYBRID,three_categories,category_00,77,True,3,0.271845,"[0.25,0.50)",24.342458,1.0,False,exact_bitmap,IVFFLAT_HYBRID,True
2026-08-30T19:54:26.020+00:00,heldout,0,151,SQL_FIRST,three_categories,category_01,672,False,3,0.272085,"[0.25,0.50)",55.020666,1.0,True,exact_bitmap,IVFFLAT_HYBRID,False
2026-08-30T19:54:26.061+00:00,heldout,0,151,VECTOR_FIRST_HNSW,three_categories,category_01,672,False,3,0.272085,"[0.25,0.50)",39.405,1.0,False,exact_bitmap,IVFFLAT_HYBRID,False
2026-08-30T19:54:26.100+00:00,heldout,0,151,HNSW_HYBRID,three_categories,category_01,672,False,3,0.272085,"[0.25,0.50)",37.917375,1.0,False,exact_bitmap,IVFFLAT_HYBRID,False
2026-08-30T19:54:26.121+00:00,heldout,0,151,IVFFLAT_HYBRID,three_categories,category_01,672,False,3,0.272085,"[0.25,0.50)",19.337,1.0,False,exact_bitmap,IVFFLAT_HYBRID,True
2026-08-30T19:54:26.146+00:00,heldout,1,151,SQL_FIRST,three_categories,category_01,672,False,3,0.272085,"[0.25,0.50)",24.514125,1.0,True,exact_bitmap,IVFFLAT_HYBRID,False
2026-08-30T19:54:26.176+00:00,heldout,1,151,VECTOR_FIRST_HNSW,three_categories,category_01,672,False,3,0.272085,"[0.25,0.50)",29.86275,1.0,False,exact_bitmap,IVFFLAT_HYBRID,False
2026-08-30T19:54:26.196+00:00,heldout,1,151,HNSW_HYBRID,three_categories,category_01,672,False,3,0.272085,"[0.25,0.50)",19.037667,1.0,False,exact_bitmap,IVFFLAT_HYBRID,False
2026-08-30T19:54:26.217+00:00,heldout,1,151,IVFFLAT_HYBRID,three_categories,category_01,672,False,3,0.272085,"[0.25,0.50)",20.53125,1.0,False,exact_bitmap,IVFFLAT_HYBRID,True
2026-08-30T19:54:26.262+00:00,heldout,2,151,SQL_FIRST,three_categories,category_01,672,False,3,0.272085,"[0.25,0.50)",45.141,1.0,True,exact_bitmap,IVFFLAT_HYBRID,False
2026-08-30T19:54:26.303+00:00,heldout,2,151,VECTOR_FIRST_HNSW,three_categories,category_01,672,False,3,0.272085,"[0.25,0.50)",39.601958,1.0,False,exact_bitmap,IVFFLAT_HYBRID,False
2026-08-30T19:54:26.326+00:00,heldout,2,151,HNSW_HYBRID,three_categories,category_01,672,False,3,0.272085,"[0.25,0.50)",22.585625,1.0,False,exact_bitmap,IVFFLAT_HYBRID,False
2026-08-30T19:54:26.344+00:00,heldout,2,151,IVFFLAT_HYBRID,three_categories,category_01,672,False,3,0.272085,"[0.25,0.50)",17.923625,1.0,False,exact_bitmap,IVFFLAT_HYBRID,True
2026-08-30T19:54:26.360+00:00,heldout,0,120,SQL_FIRST,price_range_mid,category_08,414,True,2,0.101075,"[0.10,0.25)",12.628292,1.0,True,exact_bitmap,HNSW_HYBRID,False
2026-08-30T19:54:26.387+00:00,heldout,0,120,VECTOR_FIRST_HNSW,price_range_mid,category_08,414,True,2,0.101075,"[0.10,0.25)",26.49375,1.0,False,exact_bitmap,HNSW_HYBRID,False
2026-08-30T19:54:26.403+00:00,heldout,0,120,HNSW_HYBRID,price_range_mid,category_08,414,True,2,0.101075,"[0.10,0.25)",12.507292,1.0,False,exact_bitmap,HNSW_HYBRID,True
2026-08-30T19:54:26.417+00:00,heldout,0,120,IVFFLAT_HYBRID,price_range_mid,category_08,414,True,2,0.101075,"[0.10,0.25)",12.349625,1.0,False,exact_bitmap,HNSW_HYBRID,False
2026-08-30T19:54:26.430+00:00,heldout,1,120,SQL_FIRST,price_range_mid,category_08,414,True,2,0.101075,"[0.10,0.25)",12.095666,1.0,True,exact_bitmap,HNSW_HYBRID,False
2026-08-30T19:54:26.458+00:00,heldout,1,120,VECTOR_FIRST_HNSW,price_range_mid,category_08,414,True,2,0.101075,"[0.10,0.25)",27.082542,1.0,False,exact_bitmap,HNSW_HYBRID,False
2026-08-30T19:54:26.471+00:00,heldout,1,120,HNSW_HYBRID,price_range_mid,category_08,414,True,2,0.101075,"[0.10,0.25)",12.151166,1.0,False,exact_bitmap,HNSW_HYBRID,True
2026-08-30T19:54:26.483+00:00,heldout,1,120,IVFFLAT_HYBRID,price_range_mid,category_08,414,True,2,0.101075,"[0.10,0.25)",11.909583,1.0,False,exact_bitmap,HNSW_HYBRID,False
2026-08-30T19:54:26.495+00:00,heldout,2,120,SQL_FIRST,price_range_mid,category_08,414,True,2,0.101075,"[0.10,0.25)",11.359708,1.0,True,exact_bitmap,HNSW_HYBRID,False
2026-08-30T19:54:26.519+00:00,heldout,2,120,VECTOR_FIRST_HNSW,price_range_mid,category_08,414,True,2,0.101075,"[0.10,0.25)",23.933625,1.0,False,exact_bitmap,HNSW_HYBRID,False
2026-08-30T19:54:26.532+00:00,heldout,2,120,HNSW_HYBRID,price_range_mid,category_08,414,True,2,0.101075,"[0.10,0.25)",12.382917,1.0,False,exact_bitmap,HNSW_HYBRID,True
2026-08-30T19:54:26.545+00:00,heldout,2,120,IVFFLAT_HYBRID,price_range_mid,category_08,414,True,2,0.101075,"[0.10,0.25)",12.191209,1.0,False,exact_bitmap,HNSW_HYBRID,False
2026-08-30T19:54:26.565+00:00,heldout,0,164,SQL_FIRST,three_categories,category_03,232,False,3,0.27136,"[0.25,0.50)",17.981584,1.0,True,exact_bitmap,IVFFLAT_HYBRID,False
2026-08-30T19:54:26.593+00:00,heldout,0,164,VECTOR_FIRST_HNSW,three_categories,category_03,232,False,3,0.27136,"[0.25,0.50)",26.251875,1.0,False,exact_bitmap,IVFFLAT_HYBRID,False
2026-08-30T19:54:26.618+00:00,heldout,0,164,HNSW_HYBRID,three_categories,category_03,232,False,3,0.27136,"[0.25,0.50)",24.146542,1.0,False,exact_bitmap,IVFFLAT_HYBRID,False
2026-08-30T19:54:26.639+00:00,heldout,0,164,IVFFLAT_HYBRID,three_categories,category_03,232,False,3,0.27136,"[0.25,0.50)",19.475458,1.0,False,exact_bitmap,IVFFLAT_HYBRID,True
2026-08-30T19:54:26.657+00:00,heldout,1,164,SQL_FIRST,three_categories,category_03,232,False,3,0.27136,"[0.25,0.50)",17.609875,1.0,True,exact_bitmap,IVFFLAT_HYBRID,False
2026-08-30T19:54:26.681+00:00,heldout,1,164,VECTOR_FIRST_HNSW,three_categories,category_03,232,False,3,0.27136,"[0.25,0.50)",23.608709,1.0,False,exact_bitmap,IVFFLAT_HYBRID,False
2026-08-30T19:54:26.698+00:00,heldout,1,164,HNSW_HYBRID,three_categories,category_03,232,False,3,0.27136,"[0.25,0.50)",16.509208,1.0,False,exact_bitmap,IVFFLAT_HYBRID,False
2026-08-30T19:54:26.716+00:00,heldout,1,164,IVFFLAT_HYBRID,three_categories,category_03,232,False,3,0.27136,"[0.25,0.50)",17.170875,1.0,False,exact_bitmap,IVFFLAT_HYBRID,True
2026-08-30T19:54:26.733+00:00,heldout,2,164,SQL_FIRST,three_categories,category_03,232,False,3,0.27136,"[0.25,0.50)",16.440584,1.0,True,exact_bitmap,IVFFLAT_HYBRID,False
2026-08-30T19:54:26.757+00:00,heldout,2,164,VECTOR_FIRST_HNSW,three_categories,category_03,232,False,3,0.27136,"[0.25,0.50)",23.4315,1.0,False,exact_bitmap,IVFFLAT_HYBRID,False
2026-08-30T19:54:26.775+00:00,heldout,2,164,HNSW_HYBRID,three_categories,category_03,232,False,3,0.27136,"[0.25,0.50)",17.594541,1.0,False,exact_bitmap,IVFFLAT_HYBRID,False
2026-08-30T19:54:26.792+00:00,heldout,2,164,IVFFLAT_HYBRID,three_categories,category_03,232,False,3,0.27136,"[0.25,0.50)",16.539375,1.0,False,exact_bitmap,IVFFLAT_HYBRID,True
2026-08-30T19:54:26.804+00:00,heldout,0,4,SQL_FIRST,category_and_stock,category_06,328,True,0,0.04985,"[0.00,0.05)",10.49475,1.0,True,exact_bitmap,SQL_FIRST,True
2026-08-30T19:54:26.830+00:00,heldout,0,4,VECTOR_FIRST_HNSW,category_and_stock,category_06,328,True,0,0.04985,"[0.00,0.05)",24.746917,0.5,False,exact_bitmap,SQL_FIRST,False
2026-08-30T19:54:26.841+00:00,heldout,0,4,HNSW_HYBRID,category_and_stock,category_06,328,True,0,0.04985,"[0.00,0.05)",9.180125,1.0,False,exact_bitmap,SQL_FIRST,False
2026-08-30T19:54:26.853+00:00,heldout,0,4,IVFFLAT_HYBRID,category_and_stock,category_06,328,True,0,0.04985,"[0.00,0.05)",10.472625,1.0,False,exact_bitmap,SQL_FIRST,False
2026-08-30T19:54:26.862+00:00,heldout,1,4,SQL_FIRST,category_and_stock,category_06,328,True,0,0.04985,"[0.00,0.05)",8.774792,1.0,True,exact_bitmap,SQL_FIRST,True
2026-08-30T19:54:26.887+00:00,heldout,1,4,VECTOR_FIRST_HNSW,category_and_stock,category_06,328,True,0,0.04985,"[0.00,0.05)",24.377666,0.5,False,exact_bitmap,SQL_FIRST,False
2026-08-30T19:54:26.896+00:00,heldout,1,4,HNSW_HYBRID,category_and_stock,category_06,328,True,0,0.04985,"[0.00,0.05)",8.951209,1.0,False,exact_bitmap,SQL_FIRST,False
2026-08-30T19:54:26.906+00:00,heldout,1,4,IVFFLAT_HYBRID,category_and_stock,category_06,328,True,0,0.04985,"[0.00,0.05)",9.087917,1.0,False,exact_bitmap,SQL_FIRST,False
2026-08-30T19:54:26.915+00:00,heldout,2,4,SQL_FIRST,category_and_stock,category_06,328,True,0,0.04985,"[0.00,0.05)",8.833416,1.0,True,exact_bitmap,SQL_FIRST,True
2026-08-30T19:54:26.939+00:00,heldout,2,4,VECTOR_FIRST_HNSW,category_and_stock,category_06,328,True,0,0.04985,"[0.00,0.05)",24.241791,0.5,False,exact_bitmap,SQL_FIRST,False
2026-08-30T19:54:26.952+00:00,heldout,2,4,HNSW_HYBRID,category_and_stock,category_06,328,True,0,0.04985,"[0.00,0.05)",11.824084,1.0,False,exact_bitmap,SQL_FIRST,False
2026-08-30T19:54:26.961+00:00,heldout,2,4,IVFFLAT_HYBRID,category_and_stock,category_06,328,True,0,0.04985,"[0.00,0.05)",9.155875,1.0,False,exact_bitmap,SQL_FIRST,False
2026-08-30T19:54:26.983+00:00,heldout,0,109,SQL_FIRST,two_categories,category_09,224,False,2,0.2033,"[0.10,0.25)",21.100583,1.0,True,exact_bitmap,HNSW_HYBRID,False
2026-08-30T19:54:27.011+00:00,heldout,0,109,VECTOR_FIRST_HNSW,two_categories,category_09,224,False,2,0.2033,"[0.10,0.25)",27.1545,1.0,False,exact_bitmap,HNSW_HYBRID,False
2026-08-30T19:54:27.033+00:00,heldout,0,109,HNSW_HYBRID,two_categories,category_09,224,False,2,0.2033,"[0.10,0.25)",20.940833,1.0,False,exact_bitmap,HNSW_HYBRID,True
2026-08-30T19:54:27.054+00:00,heldout,0,109,IVFFLAT_HYBRID,two_categories,category_09,224,False,2,0.2033,"[0.10,0.25)",20.649417,1.0,False,exact_bitmap,HNSW_HYBRID,False
2026-08-30T19:54:27.074+00:00,heldout,1,109,SQL_FIRST,two_categories,category_09,224,False,2,0.2033,"[0.10,0.25)",19.941625,1.0,True,exact_bitmap,HNSW_HYBRID,False
2026-08-30T19:54:27.102+00:00,heldout,1,109,VECTOR_FIRST_HNSW,two_categories,category_09,224,False,2,0.2033,"[0.10,0.25)",26.725583,1.0,False,exact_bitmap,HNSW_HYBRID,False
2026-08-30T19:54:27.122+00:00,heldout,1,109,HNSW_HYBRID,two_categories,category_09,224,False,2,0.2033,"[0.10,0.25)",19.103083,1.0,False,exact_bitmap,HNSW_HYBRID,True
2026-08-30T19:54:27.143+00:00,heldout,1,109,IVFFLAT_HYBRID,two_categories,category_09,224,False,2,0.2033,"[0.10,0.25)",20.654125,1.0,False,exact_bitmap,HNSW_HYBRID,False
2026-08-30T19:54:27.170+00:00,heldout,2,109,SQL_FIRST,two_categories,category_09,224,False,2,0.2033,"[0.10,0.25)",26.2385,1.0,True,exact_bitmap,HNSW_HYBRID,False
2026-08-30T19:54:27.196+00:00,heldout,2,109,VECTOR_FIRST_HNSW,two_categories,category_09,224,False,2,0.2033,"[0.10,0.25)",26.39075,1.0,False,exact_bitmap,HNSW_HYBRID,False
2026-08-30T19:54:27.217+00:00,heldout,2,109,HNSW_HYBRID,two_categories,category_09,224,False,2,0.2033,"[0.10,0.25)",19.833458,1.0,False,exact_bitmap,HNSW_HYBRID,True
2026-08-30T19:54:27.242+00:00,heldout,2,109,IVFFLAT_HYBRID,two_categories,category_09,224,False,2,0.2033,"[0.10,0.25)",20.749625,1.0,False,exact_bitmap,HNSW_HYBRID,False
2026-08-30T19:54:27.277+00:00,heldout,0,239,SQL_FIRST,wide_or,category_06,726,True,4,0.87468,"[0.50,1.00)",33.023041,1.0,True,exact_seq,VECTOR_FIRST_HNSW,False
2026-08-30T19:54:27.308+00:00,heldout,0,239,VECTOR_FIRST_HNSW,wide_or,category_06,726,True,4,0.87468,"[0.50,1.00)",29.950916,1.0,False,exact_bitmap,VECTOR_FIRST_HNSW,True
2026-08-30T19:54:27.348+00:00,heldout,0,239,HNSW_HYBRID,wide_or,category_06,726,True,4,0.87468,"[0.50,1.00)",38.461708,1.0,False,exact_seq,VECTOR_FIRST_HNSW,False
2026-08-30T19:54:27.386+00:00,heldout,0,239,IVFFLAT_HYBRID,wide_or,category_06,726,True,4,0.87468,"[0.50,1.00)",35.162625,1.0,False,exact_seq,VECTOR_FIRST_HNSW,False
2026-08-30T19:54:27.412+00:00,heldout,1,239,SQL_FIRST,wide_or,category_06,726,True,4,0.87468,"[0.50,1.00)",25.615042,1.0,True,exact_seq,VECTOR_FIRST_HNSW,False
2026-08-30T19:54:27.441+00:00,heldout,1,239,VECTOR_FIRST_HNSW,wide_or,category_06,726,True,4,0.87468,"[0.50,1.00)",28.580125,1.0,False,exact_bitmap,VECTOR_FIRST_HNSW,True
2026-08-30T19:54:27.468+00:00,heldout,1,239,HNSW_HYBRID,wide_or,category_06,726,True,4,0.87468,"[0.50,1.00)",26.762209,1.0,False,exact_seq,VECTOR_FIRST_HNSW,False
2026-08-30T19:54:27.494+00:00,heldout,1,239,IVFFLAT_HYBRID,wide_or,category_06,726,True,4,0.87468,"[0.50,1.00)",25.509625,1.0,False,exact_seq,VECTOR_FIRST_HNSW,False
2026-08-30T19:54:27.521+00:00,heldout,2,239,SQL_FIRST,wide_or,category_06,726,True,4,0.87468,"[0.50,1.00)",26.254417,1.0,True,exact_seq,VECTOR_FIRST_HNSW,False
2026-08-30T19:54:27.546+00:00,heldout,2,239,VECTOR_FIRST_HNSW,wide_or,category_06,726,True,4,0.87468,"[0.50,1.00)",24.3195,1.0,False,exact_bitmap,VECTOR_FIRST_HNSW,True
2026-08-30T19:54:27.572+00:00,heldout,2,239,HNSW_HYBRID,wide_or,category_06,726,True,4,0.87468,"[0.50,1.00)",25.801042,1.0,False,exact_seq,VECTOR_FIRST_HNSW,False
2026-08-30T19:54:27.599+00:00,heldout,2,239,IVFFLAT_HYBRID,wide_or,category_06,726,True,4,0.87468,"[0.50,1.00)",26.769292,1.0,False,exact_seq,VECTOR_FIRST_HNSW,False
2026-08-30T19:54:27.626+00:00,heldout,0,222,SQL_FIRST,wide_or,category_00,200,True,4,0.63975,"[0.50,1.00)",22.744209,1.0,True,exact_seq,VECTOR_FIRST_HNSW,False
2026-08-30T19:54:27.653+00:00,heldout,0,222,VECTOR_FIRST_HNSW,wide_or,category_00,200,True,4,0.63975,"[0.50,1.00)",26.208917,1.0,False,exact_bitmap,VECTOR_FIRST_HNSW,True
2026-08-30T19:54:27.679+00:00,heldout,0,222,HNSW_HYBRID,wide_or,category_00,200,True,4,0.63975,"[0.50,1.00)",24.030542,1.0,False,exact_seq,VECTOR_FIRST_HNSW,False
2026-08-30T19:54:27.704+00:00,heldout,0,222,IVFFLAT_HYBRID,wide_or,category_00,200,True,4,0.63975,"[0.50,1.00)",24.4055,1.0,False,exact_seq,VECTOR_FIRST_HNSW,False
2026-08-30T19:54:27.728+00:00,heldout,1,222,SQL_FIRST,wide_or,category_00,200,True,4,0.63975,"[0.50,1.00)",23.59325,1.0,True,exact_seq,VECTOR_FIRST_HNSW,False
2026-08-30T19:54:27.753+00:00,heldout,1,222,VECTOR_FIRST_HNSW,wide_or,category_00,200,True,4,0.63975,"[0.50,1.00)",24.746125,1.0,False,exact_bitmap,VECTOR_FIRST_HNSW,True
2026-08-30T19:54:27.781+00:00,heldout,1,222,HNSW_HYBRID,wide_or,category_00,200,True,4,0.63975,"[0.50,1.00)",27.02925,1.0,False,exact_seq,VECTOR_FIRST_HNSW,False
2026-08-30T19:54:27.806+00:00,heldout,1,222,IVFFLAT_HYBRID,wide_or,category_00,200,True,4,0.63975,"[0.50,1.00)",24.692084,1.0,False,exact_seq,VECTOR_FIRST_HNSW,False
2026-08-30T19:54:27.832+00:00,heldout,2,222,SQL_FIRST,wide_or,category_00,200,True,4,0.63975,"[0.50,1.00)",26.025167,1.0,True,exact_seq,VECTOR_FIRST_HNSW,False
2026-08-30T19:54:27.858+00:00,heldout,2,222,VECTOR_FIRST_HNSW,wide_or,category_00,200,True,4,0.63975,"[0.50,1.00)",25.498375,1.0,False,exact_bitmap,VECTOR_FIRST_HNSW,True
2026-08-30T19:54:27.883+00:00,heldout,2,222,HNSW_HYBRID,wide_or,category_00,200,True,4,0.63975,"[0.50,1.00)",24.17175,1.0,False,exact_seq,VECTOR_FIRST_HNSW,False
2026-08-30T19:54:27.908+00:00,heldout,2,222,IVFFLAT_HYBRID,wide_or,category_00,200,True,4,0.63975,"[0.50,1.00)",25.155875,1.0,False,exact_seq,VECTOR_FIRST_HNSW,False
2026-08-30T19:54:27.938+00:00,heldout,0,230,SQL_FIRST,wide_or,category_02,918,False,4,0.962215,"[0.50,1.00)",28.011583,1.0,True,exact_seq,VECTOR_FIRST_HNSW,False
2026-08-30T19:54:27.967+00:00,heldout,0,230,VECTOR_FIRST_HNSW,wide_or,category_02,918,False,4,0.962215,"[0.50,1.00)",27.922666,1.0,False,exact_bitmap,VECTOR_FIRST_HNSW,True
2026-08-30T19:54:27.998+00:00,heldout,0,230,HNSW_HYBRID,wide_or,category_02,918,False,4,0.962215,"[0.50,1.00)",29.381833,1.0,False,exact_seq,VECTOR_FIRST_HNSW,False
2026-08-30T19:54:28.027+00:00,heldout,0,230,IVFFLAT_HYBRID,wide_or,category_02,918,False,4,0.962215,"[0.50,1.00)",28.087125,1.0,False,exact_seq,VECTOR_FIRST_HNSW,False
2026-08-30T19:54:28.055+00:00,heldout,1,230,SQL_FIRST,wide_or,category_02,918,False,4,0.962215,"[0.50,1.00)",28.178833,1.0,True,exact_seq,VECTOR_FIRST_HNSW,False
2026-08-30T19:54:28.080+00:00,heldout,1,230,VECTOR_FIRST_HNSW,wide_or,category_02,918,False,4,0.962215,"[0.50,1.00)",24.125125,1.0,False,exact_bitmap,VECTOR_FIRST_HNSW,True
2026-08-30T19:54:28.109+00:00,heldout,1,230,HNSW_HYBRID,wide_or,category_02,918,False,4,0.962215,"[0.50,1.00)",28.521459,1.0,False,exact_seq,VECTOR_FIRST_HNSW,False
2026-08-30T19:54:28.140+00:00,heldout,1,230,IVFFLAT_HYBRID,wide_or,category_02,918,False,4,0.962215,"[0.50,1.00)",30.812291,1.0,False,exact_seq,VECTOR_FIRST_HNSW,False
2026-08-30T19:54:28.173+00:00,heldout,2,230,SQL_FIRST,wide_or,category_02,918,False,4,0.962215,"[0.50,1.00)",32.240333,1.0,True,exact_seq,VECTOR_FIRST_HNSW,False
2026-08-30T19:54:28.202+00:00,heldout,2,230,VECTOR_FIRST_HNSW,wide_or,category_02,918,False,4,0.962215,"[0.50,1.00)",28.442959,1.0,False,exact_bitmap,VECTOR_FIRST_HNSW,True
2026-08-30T19:54:28.231+00:00,heldout,2,230,HNSW_HYBRID,wide_or,category_02,918,False,4,0.962215,"[0.50,1.00)",28.565125,1.0,False,exact_seq,VECTOR_FIRST_HNSW,False
2026-08-30T19:54:28.263+00:00,heldout,2,230,IVFFLAT_HYBRID,wide_or,category_02,918,False,4,0.962215,"[0.50,1.00)",31.682208,1.0,False,exact_seq,VECTOR_FIRST_HNSW,False
2026-08-30T19:54:28.287+00:00,heldout,0,184,SQL_FIRST,category_or_price,category_08,199,True,3,0.273565,"[0.25,0.50)",21.192833,1.0,True,exact_seq,IVFFLAT_HYBRID,False
2026-08-30T19:54:28.313+00:00,heldout,0,184,VECTOR_FIRST_HNSW,category_or_price,category_08,199,True,3,0.273565,"[0.25,0.50)",24.302416,1.0,False,exact_bitmap,IVFFLAT_HYBRID,False
2026-08-30T19:54:28.337+00:00,heldout,0,184,HNSW_HYBRID,category_or_price,category_08,199,True,3,0.273565,"[0.25,0.50)",23.143958,1.0,False,exact_seq,IVFFLAT_HYBRID,False
2026-08-30T19:54:28.361+00:00,heldout,0,184,IVFFLAT_HYBRID,category_or_price,category_08,199,True,3,0.273565,"[0.25,0.50)",23.063291,1.0,False,exact_seq,IVFFLAT_HYBRID,True
2026-08-30T19:54:28.382+00:00,heldout,1,184,SQL_FIRST,category_or_price,category_08,199,True,3,0.273565,"[0.25,0.50)",20.414708,1.0,True,exact_seq,IVFFLAT_HYBRID,False
2026-08-30T19:54:28.410+00:00,heldout,1,184,VECTOR_FIRST_HNSW,category_or_price,category_08,199,True,3,0.273565,"[0.25,0.50)",27.726917,1.0,False,exact_bitmap,IVFFLAT_HYBRID,False
2026-08-30T19:54:28.436+00:00,heldout,1,184,HNSW_HYBRID,category_or_price,category_08,199,True,3,0.273565,"[0.25,0.50)",25.904458,1.0,False,exact_seq,IVFFLAT_HYBRID,False
2026-08-30T19:54:28.463+00:00,heldout,1,184,IVFFLAT_HYBRID,category_or_price,category_08,199,True,3,0.273565,"[0.25,0.50)",25.888875,1.0,False,exact_seq,IVFFLAT_HYBRID,True
2026-08-30T19:54:28.496+00:00,heldout,2,184,SQL_FIRST,category_or_price,category_08,199,True,3,0.273565,"[0.25,0.50)",32.707917,1.0,True,exact_seq,IVFFLAT_HYBRID,False
2026-08-30T19:54:28.524+00:00,heldout,2,184,VECTOR_FIRST_HNSW,category_or_price,category_08,199,True,3,0.273565,"[0.25,0.50)",26.845167,1.0,False,exact_bitmap,IVFFLAT_HYBRID,False
2026-08-30T19:54:28.547+00:00,heldout,2,184,HNSW_HYBRID,category_or_price,category_08,199,True,3,0.273565,"[0.25,0.50)",22.26325,1.0,False,exact_seq,IVFFLAT_HYBRID,False
2026-08-30T19:54:28.568+00:00,heldout,2,184,IVFFLAT_HYBRID,category_or_price,category_08,199,True,3,0.273565,"[0.25,0.50)",20.8505,1.0,False,exact_seq,IVFFLAT_HYBRID,True
2026-08-30T19:54:28.597+00:00,heldout,0,244,SQL_FIRST,wide_or,category_00,565,False,4,0.802885,"[0.50,1.00)",26.566208,1.0,True,exact_seq,VECTOR_FIRST_HNSW,False
2026-08-30T19:54:28.623+00:00,heldout,0,244,VECTOR_FIRST_HNSW,wide_or,category_00,565,False,4,0.802885,"[0.50,1.00)",25.047417,1.0,False,exact_bitmap,VECTOR_FIRST_HNSW,True
2026-08-30T19:54:28.652+00:00,heldout,0,244,HNSW_HYBRID,wide_or,category_00,565,False,4,0.802885,"[0.50,1.00)",27.302084,1.0,False,exact_seq,VECTOR_FIRST_HNSW,False
2026-08-30T19:54:28.679+00:00,heldout,0,244,IVFFLAT_HYBRID,wide_or,category_00,565,False,4,0.802885,"[0.50,1.00)",26.227292,1.0,False,exact_seq,VECTOR_FIRST_HNSW,False
2026-08-30T19:54:28.705+00:00,heldout,1,244,SQL_FIRST,wide_or,category_00,565,False,4,0.802885,"[0.50,1.00)",25.844584,1.0,True,exact_seq,VECTOR_FIRST_HNSW,False
2026-08-30T19:54:28.736+00:00,heldout,1,244,VECTOR_FIRST_HNSW,wide_or,category_00,565,False,4,0.802885,"[0.50,1.00)",29.694083,1.0,False,exact_bitmap,VECTOR_FIRST_HNSW,True
2026-08-30T19:54:28.768+00:00,heldout,1,244,HNSW_HYBRID,wide_or,category_00,565,False,4,0.802885,"[0.50,1.00)",32.010375,1.0,False,exact_seq,VECTOR_FIRST_HNSW,False
2026-08-30T19:54:28.797+00:00,heldout,1,244,IVFFLAT_HYBRID,wide_or,category_00,565,False,4,0.802885,"[0.50,1.00)",28.879625,1.0,False,exact_seq,VECTOR_FIRST_HNSW,False
2026-08-30T19:54:28.824+00:00,heldout,2,244,SQL_FIRST,wide_or,category_00,565,False,4,0.802885,"[0.50,1.00)",26.38775,1.0,True,exact_seq,VECTOR_FIRST_HNSW,False
2026-08-30T19:54:28.850+00:00,heldout,2,244,VECTOR_FIRST_HNSW,wide_or,category_00,565,False,4,0.802885,"[0.50,1.00)",25.2665,1.0,False,exact_bitmap,VECTOR_FIRST_HNSW,True
2026-08-30T19:54:28.877+00:00,heldout,2,244,HNSW_HYBRID,wide_or,category_00,565,False,4,0.802885,"[0.50,1.00)",25.517375,1.0,False,exact_seq,VECTOR_FIRST_HNSW,False
2026-08-30T19:54:28.904+00:00,heldout,2,244,IVFFLAT_HYBRID,wide_or,category_00,565,False,4,0.802885,"[0.50,1.00)",27.047083,1.0,False,exact_seq,VECTOR_FIRST_HNSW,False
2026-08-30T19:54:28.919+00:00,heldout,0,87,SQL_FIRST,single_category,category_08,682,True,1,0.098665,"[0.05,0.10)",12.954084,1.0,True,exact_bitmap,HNSW_HYBRID,False
2026-08-30T19:54:28.948+00:00,heldout,0,87,VECTOR_FIRST_HNSW,single_category,category_08,682,True,1,0.098665,"[0.05,0.10)",26.888791,0.6,False,exact_bitmap,HNSW_HYBRID,False
2026-08-30T19:54:28.961+00:00,heldout,0,87,HNSW_HYBRID,single_category,category_08,682,True,1,0.098665,"[0.05,0.10)",12.412875,1.0,False,exact_bitmap,HNSW_HYBRID,True
2026-08-30T19:54:28.977+00:00,heldout,0,87,IVFFLAT_HYBRID,single_category,category_08,682,True,1,0.098665,"[0.05,0.10)",15.409667,1.0,False,exact_bitmap,HNSW_HYBRID,False
2026-08-30T19:54:28.992+00:00,heldout,1,87,SQL_FIRST,single_category,category_08,682,True,1,0.098665,"[0.05,0.10)",14.787166,1.0,True,exact_bitmap,HNSW_HYBRID,False
2026-08-30T19:54:29.021+00:00,heldout,1,87,VECTOR_FIRST_HNSW,single_category,category_08,682,True,1,0.098665,"[0.05,0.10)",28.211708,0.6,False,exact_bitmap,HNSW_HYBRID,False
2026-08-30T19:54:29.034+00:00,heldout,1,87,HNSW_HYBRID,single_category,category_08,682,True,1,0.098665,"[0.05,0.10)",12.011833,1.0,False,exact_bitmap,HNSW_HYBRID,True
2026-08-30T19:54:29.046+00:00,heldout,1,87,IVFFLAT_HYBRID,single_category,category_08,682,True,1,0.098665,"[0.05,0.10)",11.482625,1.0,False,exact_bitmap,HNSW_HYBRID,False
2026-08-30T19:54:29.058+00:00,heldout,2,87,SQL_FIRST,single_category,category_08,682,True,1,0.098665,"[0.05,0.10)",12.072417,1.0,True,exact_bitmap,HNSW_HYBRID,False
2026-08-30T19:54:29.085+00:00,heldout,2,87,VECTOR_FIRST_HNSW,single_category,category_08,682,True,1,0.098665,"[0.05,0.10)",26.738333,0.6,False,exact_bitmap,HNSW_HYBRID,False
2026-08-30T19:54:29.099+00:00,heldout,2,87,HNSW_HYBRID,single_category,category_08,682,True,1,0.098665,"[0.05,0.10)",12.433417,1.0,False,exact_bitmap,HNSW_HYBRID,True
2026-08-30T19:54:29.110+00:00,heldout,2,87,IVFFLAT_HYBRID,single_category,category_08,682,True,1,0.098665,"[0.05,0.10)",11.164834,1.0,False,exact_bitmap,HNSW_HYBRID,False
2026-08-30T19:54:29.139+00:00,heldout,0,242,SQL_FIRST,wide_or,category_03,596,False,4,0.81711,"[0.50,1.00)",27.333416,1.0,True,exact_seq,VECTOR_FIRST_HNSW,False
2026-08-30T19:54:29.169+00:00,heldout,0,242,VECTOR_FIRST_HNSW,wide_or,category_03,596,False,4,0.81711,"[0.50,1.00)",28.447958,1.0,False,exact_bitmap,VECTOR_FIRST_HNSW,True
2026-08-30T19:54:29.196+00:00,heldout,0,242,HNSW_HYBRID,wide_or,category_03,596,False,4,0.81711,"[0.50,1.00)",25.969167,1.0,False,exact_seq,VECTOR_FIRST_HNSW,False
2026-08-30T19:54:29.226+00:00,heldout,0,242,IVFFLAT_HYBRID,wide_or,category_03,596,False,4,0.81711,"[0.50,1.00)",29.543792,1.0,False,exact_seq,VECTOR_FIRST_HNSW,False
2026-08-30T19:54:29.261+00:00,heldout,1,242,SQL_FIRST,wide_or,category_03,596,False,4,0.81711,"[0.50,1.00)",34.093208,1.0,True,exact_seq,VECTOR_FIRST_HNSW,False
2026-08-30T19:54:29.300+00:00,heldout,1,242,VECTOR_FIRST_HNSW,wide_or,category_03,596,False,4,0.81711,"[0.50,1.00)",37.233584,1.0,False,exact_bitmap,VECTOR_FIRST_HNSW,True
2026-08-30T19:54:29.326+00:00,heldout,1,242,HNSW_HYBRID,wide_or,category_03,596,False,4,0.81711,"[0.50,1.00)",25.525333,1.0,False,exact_seq,VECTOR_FIRST_HNSW,False
2026-08-30T19:54:29.352+00:00,heldout,1,242,IVFFLAT_HYBRID,wide_or,category_03,596,False,4,0.81711,"[0.50,1.00)",26.079792,1.0,False,exact_seq,VECTOR_FIRST_HNSW,False
2026-08-30T19:54:29.378+00:00,heldout,2,242,SQL_FIRST,wide_or,category_03,596,False,4,0.81711,"[0.50,1.00)",24.91975,1.0,True,exact_seq,VECTOR_FIRST_HNSW,False
2026-08-30T19:54:29.403+00:00,heldout,2,242,VECTOR_FIRST_HNSW,wide_or,category_03,596,False,4,0.81711,"[0.50,1.00)",24.579208,1.0,False,exact_bitmap,VECTOR_FIRST_HNSW,True
2026-08-30T19:54:29.432+00:00,heldout,2,242,HNSW_HYBRID,wide_or,category_03,596,False,4,0.81711,"[0.50,1.00)",27.506875,1.0,False,exact_seq,VECTOR_FIRST_HNSW,False
2026-08-30T19:54:29.461+00:00,heldout,2,242,IVFFLAT_HYBRID,wide_or,category_03,596,False,4,0.81711,"[0.50,1.00)",28.710542,1.0,False,exact_seq,VECTOR_FIRST_HNSW,False
2026-08-30T19:54:29.475+00:00,heldout,0,95,SQL_FIRST,single_category,category_08,27,True,1,0.098665,"[0.05,0.10)",12.831041,1.0,True,exact_bitmap,HNSW_HYBRID,False
2026-08-30T19:54:29.505+00:00,heldout,0,95,VECTOR_FIRST_HNSW,single_category,category_08,27,True,1,0.098665,"[0.05,0.10)",28.029334,1.0,False,exact_bitmap,HNSW_HYBRID,False
2026-08-30T19:54:29.519+00:00,heldout,0,95,HNSW_HYBRID,single_category,category_08,27,True,1,0.098665,"[0.05,0.10)",12.952708,1.0,False,exact_bitmap,HNSW_HYBRID,True
2026-08-30T19:54:29.532+00:00,heldout,0,95,IVFFLAT_HYBRID,single_category,category_08,27,True,1,0.098665,"[0.05,0.10)",11.48525,1.0,False,exact_bitmap,HNSW_HYBRID,False
2026-08-30T19:54:29.543+00:00,heldout,1,95,SQL_FIRST,single_category,category_08,27,True,1,0.098665,"[0.05,0.10)",11.5365,1.0,True,exact_bitmap,HNSW_HYBRID,False
2026-08-30T19:54:29.571+00:00,heldout,1,95,VECTOR_FIRST_HNSW,single_category,category_08,27,True,1,0.098665,"[0.05,0.10)",27.524292,1.0,False,exact_bitmap,HNSW_HYBRID,False
2026-08-30T19:54:29.586+00:00,heldout,1,95,HNSW_HYBRID,single_category,category_08,27,True,1,0.098665,"[0.05,0.10)",13.7745,1.0,False,exact_bitmap,HNSW_HYBRID,True
2026-08-30T19:54:29.598+00:00,heldout,1,95,IVFFLAT_HYBRID,single_category,category_08,27,True,1,0.098665,"[0.05,0.10)",11.6825,1.0,False,exact_bitmap,HNSW_HYBRID,False
2026-08-30T19:54:29.610+00:00,heldout,2,95,SQL_FIRST,single_category,category_08,27,True,1,0.098665,"[0.05,0.10)",11.876833,1.0,True,exact_bitmap,HNSW_HYBRID,False
2026-08-30T19:54:29.636+00:00,heldout,2,95,VECTOR_FIRST_HNSW,single_category,category_08,27,True,1,0.098665,"[0.05,0.10)",25.305166,1.0,False,exact_bitmap,HNSW_HYBRID,False
2026-08-30T19:54:29.648+00:00,heldout,2,95,HNSW_HYBRID,single_category,category_08,27,True,1,0.098665,"[0.05,0.10)",11.84075,1.0,False,exact_bitmap,HNSW_HYBRID,True
2026-08-30T19:54:29.661+00:00,heldout,2,95,IVFFLAT_HYBRID,single_category,category_08,27,True,1,0.098665,"[0.05,0.10)",12.038291,1.0,False,exact_bitmap,HNSW_HYBRID,False
2026-08-30T19:54:29.677+00:00,heldout,0,81,SQL_FIRST,single_category,category_01,469,True,1,0.098665,"[0.05,0.10)",13.673792,1.0,True,exact_bitmap,HNSW_HYBRID,False
2026-08-30T19:54:29.704+00:00,heldout,0,81,VECTOR_FIRST_HNSW,single_category,category_01,469,True,1,0.098665,"[0.05,0.10)",26.018166,1.0,False,exact_bitmap,HNSW_HYBRID,False
2026-08-30T19:54:29.719+00:00,heldout,0,81,HNSW_HYBRID,single_category,category_01,469,True,1,0.098665,"[0.05,0.10)",13.147292,1.0,False,exact_bitmap,HNSW_HYBRID,True
2026-08-30T19:54:29.731+00:00,heldout,0,81,IVFFLAT_HYBRID,single_category,category_01,469,True,1,0.098665,"[0.05,0.10)",11.580333,1.0,False,exact_bitmap,HNSW_HYBRID,False
2026-08-30T19:54:29.744+00:00,heldout,1,81,SQL_FIRST,single_category,category_01,469,True,1,0.098665,"[0.05,0.10)",12.280166,1.0,True,exact_bitmap,HNSW_HYBRID,False
2026-08-30T19:54:29.772+00:00,heldout,1,81,VECTOR_FIRST_HNSW,single_category,category_01,469,True,1,0.098665,"[0.05,0.10)",27.885834,1.0,False,exact_bitmap,HNSW_HYBRID,False
2026-08-30T19:54:29.786+00:00,heldout,1,81,HNSW_HYBRID,single_category,category_01,469,True,1,0.098665,"[0.05,0.10)",13.045584,1.0,False,exact_bitmap,HNSW_HYBRID,True
2026-08-30T19:54:29.798+00:00,heldout,1,81,IVFFLAT_HYBRID,single_category,category_01,469,True,1,0.098665,"[0.05,0.10)",11.5545,1.0,False,exact_bitmap,HNSW_HYBRID,False
2026-08-30T19:54:29.813+00:00,heldout,2,81,SQL_FIRST,single_category,category_01,469,True,1,0.098665,"[0.05,0.10)",14.75025,1.0,True,exact_bitmap,HNSW_HYBRID,False
2026-08-30T19:54:29.844+00:00,heldout,2,81,VECTOR_FIRST_HNSW,single_category,category_01,469,True,1,0.098665,"[0.05,0.10)",30.148916,1.0,False,exact_bitmap,HNSW_HYBRID,False
2026-08-30T19:54:29.857+00:00,heldout,2,81,HNSW_HYBRID,single_category,category_01,469,True,1,0.098665,"[0.05,0.10)",12.6145,1.0,False,exact_bitmap,HNSW_HYBRID,True
2026-08-30T19:54:29.871+00:00,heldout,2,81,IVFFLAT_HYBRID,single_category,category_01,469,True,1,0.098665,"[0.05,0.10)",13.295833,1.0,False,exact_bitmap,HNSW_HYBRID,False
2026-08-30T19:54:29.886+00:00,heldout,0,147,SQL_FIRST,single_category_alone,category_07,756,False,2,0.100435,"[0.10,0.25)",13.547834,1.0,True,exact_bitmap,HNSW_HYBRID,False
2026-08-30T19:54:29.913+00:00,heldout,0,147,VECTOR_FIRST_HNSW,single_category_alone,category_07,756,False,2,0.100435,"[0.10,0.25)",25.442583,0.8,False,exact_bitmap,HNSW_HYBRID,False
2026-08-30T19:54:29.926+00:00,heldout,0,147,HNSW_HYBRID,single_category_alone,category_07,756,False,2,0.100435,"[0.10,0.25)",11.885167,1.0,False,exact_bitmap,HNSW_HYBRID,True
2026-08-30T19:54:29.939+00:00,heldout,0,147,IVFFLAT_HYBRID,single_category_alone,category_07,756,False,2,0.100435,"[0.10,0.25)",12.974333,1.0,False,exact_bitmap,HNSW_HYBRID,False
2026-08-30T19:54:29.955+00:00,heldout,1,147,SQL_FIRST,single_category_alone,category_07,756,False,2,0.100435,"[0.10,0.25)",15.631708,1.0,True,exact_bitmap,HNSW_HYBRID,False
2026-08-30T19:54:29.987+00:00,heldout,1,147,VECTOR_FIRST_HNSW,single_category_alone,category_07,756,False,2,0.100435,"[0.10,0.25)",31.652792,0.8,False,exact_bitmap,HNSW_HYBRID,False
2026-08-30T19:54:30.002+00:00,heldout,1,147,HNSW_HYBRID,single_category_alone,category_07,756,False,2,0.100435,"[0.10,0.25)",14.344292,1.0,False,exact_bitmap,HNSW_HYBRID,True
2026-08-30T19:54:30.015+00:00,heldout,1,147,IVFFLAT_HYBRID,single_category_alone,category_07,756,False,2,0.100435,"[0.10,0.25)",12.687292,1.0,False,exact_bitmap,HNSW_HYBRID,False
2026-08-30T19:54:30.029+00:00,heldout,2,147,SQL_FIRST,single_category_alone,category_07,756,False,2,0.100435,"[0.10,0.25)",13.741875,1.0,True,exact_bitmap,HNSW_HYBRID,False
2026-08-30T19:54:30.058+00:00,heldout,2,147,VECTOR_FIRST_HNSW,single_category_alone,category_07,756,False,2,0.100435,"[0.10,0.25)",28.944792,0.8,False,exact_bitmap,HNSW_HYBRID,False
2026-08-30T19:54:30.073+00:00,heldout,2,147,HNSW_HYBRID,single_category_alone,category_07,756,False,2,0.100435,"[0.10,0.25)",13.949,1.0,False,exact_bitmap,HNSW_HYBRID,True
2026-08-30T19:54:30.088+00:00,heldout,2,147,IVFFLAT_HYBRID,single_category_alone,category_07,756,False,2,0.100435,"[0.10,0.25)",14.995125,1.0,False,exact_bitmap,HNSW_HYBRID,False
2026-08-30T19:54:30.108+00:00,heldout,0,176,SQL_FIRST,three_categories,category_06,787,False,3,0.269895,"[0.25,0.50)",18.848333,1.0,True,exact_bitmap,IVFFLAT_HYBRID,False
2026-08-30T19:54:30.136+00:00,heldout,0,176,VECTOR_FIRST_HNSW,three_categories,category_06,787,False,3,0.269895,"[0.25,0.50)",26.756667,1.0,False,exact_bitmap,IVFFLAT_HYBRID,False
2026-08-30T19:54:30.157+00:00,heldout,0,176,HNSW_HYBRID,three_categories,category_06,787,False,3,0.269895,"[0.25,0.50)",20.010833,1.0,False,exact_bitmap,IVFFLAT_HYBRID,False
2026-08-30T19:54:30.177+00:00,heldout,0,176,IVFFLAT_HYBRID,three_categories,category_06,787,False,3,0.269895,"[0.25,0.50)",18.919625,1.0,False,exact_bitmap,IVFFLAT_HYBRID,True
2026-08-30T19:54:30.195+00:00,heldout,1,176,SQL_FIRST,three_categories,category_06,787,False,3,0.269895,"[0.25,0.50)",18.397042,1.0,True,exact_bitmap,IVFFLAT_HYBRID,False
2026-08-30T19:54:30.222+00:00,heldout,1,176,VECTOR_FIRST_HNSW,three_categories,category_06,787,False,3,0.269895,"[0.25,0.50)",26.019375,1.0,False,exact_bitmap,IVFFLAT_HYBRID,False
2026-08-30T19:54:30.244+00:00,heldout,1,176,HNSW_HYBRID,three_categories,category_06,787,False,3,0.269895,"[0.25,0.50)",21.538708,1.0,False,exact_bitmap,IVFFLAT_HYBRID,False
2026-08-30T19:54:30.263+00:00,heldout,1,176,IVFFLAT_HYBRID,three_categories,category_06,787,False,3,0.269895,"[0.25,0.50)",18.330791,1.0,False,exact_bitmap,IVFFLAT_HYBRID,True
2026-08-30T19:54:30.281+00:00,heldout,2,176,SQL_FIRST,three_categories,category_06,787,False,3,0.269895,"[0.25,0.50)",18.082125,1.0,True,exact_bitmap,IVFFLAT_HYBRID,False
2026-08-30T19:54:30.309+00:00,heldout,2,176,VECTOR_FIRST_HNSW,three_categories,category_06,787,False,3,0.269895,"[0.25,0.50)",26.779416,1.0,False,exact_bitmap,IVFFLAT_HYBRID,False
2026-08-30T19:54:30.334+00:00,heldout,2,176,HNSW_HYBRID,three_categories,category_06,787,False,3,0.269895,"[0.25,0.50)",24.488542,1.0,False,exact_bitmap,IVFFLAT_HYBRID,False
2026-08-30T19:54:30.360+00:00,heldout,2,176,IVFFLAT_HYBRID,three_categories,category_06,787,False,3,0.269895,"[0.25,0.50)",24.96875,1.0,False,exact_bitmap,IVFFLAT_HYBRID,True
2026-08-30T19:54:30.388+00:00,heldout,0,238,SQL_FIRST,stock_alone,category_05,539,True,4,0.500835,"[0.50,1.00)",26.044,1.0,True,exact_seq,VECTOR_FIRST_HNSW,False
2026-08-30T19:54:30.421+00:00,heldout,0,238,VECTOR_FIRST_HNSW,stock_alone,category_05,539,True,4,0.500835,"[0.50,1.00)",31.370916,1.0,False,exact_bitmap,VECTOR_FIRST_HNSW,True
2026-08-30T19:54:30.446+00:00,heldout,0,238,HNSW_HYBRID,stock_alone,category_05,539,True,4,0.500835,"[0.50,1.00)",23.902667,1.0,False,exact_seq,VECTOR_FIRST_HNSW,False
2026-08-30T19:54:30.470+00:00,heldout,0,238,IVFFLAT_HYBRID,stock_alone,category_05,539,True,4,0.500835,"[0.50,1.00)",22.981708,1.0,False,exact_seq,VECTOR_FIRST_HNSW,False
2026-08-30T19:54:30.494+00:00,heldout,1,238,SQL_FIRST,stock_alone,category_05,539,True,4,0.500835,"[0.50,1.00)",23.64525,1.0,True,exact_seq,VECTOR_FIRST_HNSW,False
2026-08-30T19:54:30.524+00:00,heldout,1,238,VECTOR_FIRST_HNSW,stock_alone,category_05,539,True,4,0.500835,"[0.50,1.00)",28.70225,1.0,False,exact_bitmap,VECTOR_FIRST_HNSW,True
2026-08-30T19:54:30.546+00:00,heldout,1,238,HNSW_HYBRID,stock_alone,category_05,539,True,4,0.500835,"[0.50,1.00)",21.546042,1.0,False,exact_seq,VECTOR_FIRST_HNSW,False
2026-08-30T19:54:30.568+00:00,heldout,1,238,IVFFLAT_HYBRID,stock_alone,category_05,539,True,4,0.500835,"[0.50,1.00)",22.287708,1.0,False,exact_seq,VECTOR_FIRST_HNSW,False
2026-08-30T19:54:30.591+00:00,heldout,2,238,SQL_FIRST,stock_alone,category_05,539,True,4,0.500835,"[0.50,1.00)",22.520166,1.0,True,exact_seq,VECTOR_FIRST_HNSW,False
2026-08-30T19:54:30.619+00:00,heldout,2,238,VECTOR_FIRST_HNSW,stock_alone,category_05,539,True,4,0.500835,"[0.50,1.00)",27.135625,1.0,False,exact_bitmap,VECTOR_FIRST_HNSW,True
2026-08-30T19:54:30.641+00:00,heldout,2,238,HNSW_HYBRID,stock_alone,category_05,539,True,4,0.500835,"[0.50,1.00)",21.125417,1.0,False,exact_seq,VECTOR_FIRST_HNSW,False
2026-08-30T19:54:30.663+00:00,heldout,2,238,IVFFLAT_HYBRID,stock_alone,category_05,539,True,4,0.500835,"[0.50,1.00)",21.361458,1.0,False,exact_seq,VECTOR_FIRST_HNSW,False
2026-08-30T19:54:30.684+00:00,heldout,0,163,SQL_FIRST,three_categories,category_02,373,False,3,0.2705,"[0.25,0.50)",18.773125,1.0,True,exact_bitmap,IVFFLAT_HYBRID,False
2026-08-30T19:54:30.711+00:00,heldout,0,163,VECTOR_FIRST_HNSW,three_categories,category_02,373,False,3,0.2705,"[0.25,0.50)",24.845292,1.0,False,exact_bitmap,IVFFLAT_HYBRID,False
2026-08-30T19:54:30.730+00:00,heldout,0,163,HNSW_HYBRID,three_categories,category_02,373,False,3,0.2705,"[0.25,0.50)",18.470042,1.0,False,exact_bitmap,IVFFLAT_HYBRID,False
2026-08-30T19:54:30.749+00:00,heldout,0,163,IVFFLAT_HYBRID,three_categories,category_02,373,False,3,0.2705,"[0.25,0.50)",17.741625,1.0,False,exact_bitmap,IVFFLAT_HYBRID,True
2026-08-30T19:54:30.768+00:00,heldout,1,163,SQL_FIRST,three_categories,category_02,373,False,3,0.2705,"[0.25,0.50)",18.820625,1.0,True,exact_bitmap,IVFFLAT_HYBRID,False
2026-08-30T19:54:30.793+00:00,heldout,1,163,VECTOR_FIRST_HNSW,three_categories,category_02,373,False,3,0.2705,"[0.25,0.50)",24.448916,1.0,False,exact_bitmap,IVFFLAT_HYBRID,False
2026-08-30T19:54:30.820+00:00,heldout,1,163,HNSW_HYBRID,three_categories,category_02,373,False,3,0.2705,"[0.25,0.50)",25.610875,1.0,False,exact_bitmap,IVFFLAT_HYBRID,False
2026-08-30T19:54:30.845+00:00,heldout,1,163,IVFFLAT_HYBRID,three_categories,category_02,373,False,3,0.2705,"[0.25,0.50)",25.267708,1.0,False,exact_bitmap,IVFFLAT_HYBRID,True
2026-08-30T19:54:30.868+00:00,heldout,2,163,SQL_FIRST,three_categories,category_02,373,False,3,0.2705,"[0.25,0.50)",21.716167,1.0,True,exact_bitmap,IVFFLAT_HYBRID,False
2026-08-30T19:54:30.893+00:00,heldout,2,163,VECTOR_FIRST_HNSW,three_categories,category_02,373,False,3,0.2705,"[0.25,0.50)",25.009667,1.0,False,exact_bitmap,IVFFLAT_HYBRID,False
2026-08-30T19:54:30.912+00:00,heldout,2,163,HNSW_HYBRID,three_categories,category_02,373,False,3,0.2705,"[0.25,0.50)",17.807,1.0,False,exact_bitmap,IVFFLAT_HYBRID,False
2026-08-30T19:54:30.930+00:00,heldout,2,163,IVFFLAT_HYBRID,three_categories,category_02,373,False,3,0.2705,"[0.25,0.50)",17.830209,1.0,False,exact_bitmap,IVFFLAT_HYBRID,True
2026-08-30T19:54:30.946+00:00,heldout,0,130,SQL_FIRST,price_range_mid,category_02,336,True,2,0.10057,"[0.10,0.25)",14.516,1.0,True,exact_bitmap,HNSW_HYBRID,False
2026-08-30T19:54:30.978+00:00,heldout,0,130,VECTOR_FIRST_HNSW,price_range_mid,category_02,336,True,2,0.10057,"[0.10,0.25)",30.8565,1.0,False,exact_bitmap,HNSW_HYBRID,False
2026-08-30T19:54:31.000+00:00,heldout,0,130,HNSW_HYBRID,price_range_mid,category_02,336,True,2,0.10057,"[0.10,0.25)",20.009917,1.0,False,exact_bitmap,HNSW_HYBRID,True
2026-08-30T19:54:31.015+00:00,heldout,0,130,IVFFLAT_HYBRID,price_range_mid,category_02,336,True,2,0.10057,"[0.10,0.25)",14.342417,1.0,False,exact_bitmap,HNSW_HYBRID,False
2026-08-30T19:54:31.029+00:00,heldout,1,130,SQL_FIRST,price_range_mid,category_02,336,True,2,0.10057,"[0.10,0.25)",14.1905,1.0,True,exact_bitmap,HNSW_HYBRID,False
2026-08-30T19:54:31.060+00:00,heldout,1,130,VECTOR_FIRST_HNSW,price_range_mid,category_02,336,True,2,0.10057,"[0.10,0.25)",29.839917,1.0,False,exact_bitmap,HNSW_HYBRID,False
2026-08-30T19:54:31.079+00:00,heldout,1,130,HNSW_HYBRID,price_range_mid,category_02,336,True,2,0.10057,"[0.10,0.25)",18.73825,1.0,False,exact_bitmap,HNSW_HYBRID,True
2026-08-30T19:54:31.102+00:00,heldout,1,130,IVFFLAT_HYBRID,price_range_mid,category_02,336,True,2,0.10057,"[0.10,0.25)",22.219,1.0,False,exact_bitmap,HNSW_HYBRID,False
2026-08-30T19:54:31.118+00:00,heldout,2,130,SQL_FIRST,price_range_mid,category_02,336,True,2,0.10057,"[0.10,0.25)",15.848125,1.0,True,exact_bitmap,HNSW_HYBRID,False
2026-08-30T19:54:31.157+00:00,heldout,2,130,VECTOR_FIRST_HNSW,price_range_mid,category_02,336,True,2,0.10057,"[0.10,0.25)",37.802041,1.0,False,exact_bitmap,HNSW_HYBRID,False
2026-08-30T19:54:31.173+00:00,heldout,2,130,HNSW_HYBRID,price_range_mid,category_02,336,True,2,0.10057,"[0.10,0.25)",16.085041,1.0,False,exact_bitmap,HNSW_HYBRID,True
2026-08-30T19:54:31.191+00:00,heldout,2,130,IVFFLAT_HYBRID,price_range_mid,category_02,336,True,2,0.10057,"[0.10,0.25)",17.423542,1.0,False,exact_bitmap,HNSW_HYBRID,False
2026-08-30T19:54:31.218+00:00,heldout,0,197,SQL_FIRST,three_categories,category_08,114,True,3,0.272595,"[0.25,0.50)",24.100875,1.0,True,exact_bitmap,IVFFLAT_HYBRID,False
2026-08-30T19:54:31.248+00:00,heldout,0,197,VECTOR_FIRST_HNSW,three_categories,category_08,114,True,3,0.272595,"[0.25,0.50)",27.791333,1.0,False,exact_bitmap,IVFFLAT_HYBRID,False
2026-08-30T19:54:31.272+00:00,heldout,0,197,HNSW_HYBRID,three_categories,category_08,114,True,3,0.272595,"[0.25,0.50)",23.639916,1.0,False,exact_bitmap,IVFFLAT_HYBRID,False
2026-08-30T19:54:31.295+00:00,heldout,0,197,IVFFLAT_HYBRID,three_categories,category_08,114,True,3,0.272595,"[0.25,0.50)",21.465375,1.0,False,exact_bitmap,IVFFLAT_HYBRID,True
2026-08-30T19:54:31.315+00:00,heldout,1,197,SQL_FIRST,three_categories,category_08,114,True,3,0.272595,"[0.25,0.50)",20.077125,1.0,True,exact_bitmap,IVFFLAT_HYBRID,False
2026-08-30T19:54:31.343+00:00,heldout,1,197,VECTOR_FIRST_HNSW,three_categories,category_08,114,True,3,0.272595,"[0.25,0.50)",26.720334,1.0,False,exact_bitmap,IVFFLAT_HYBRID,False
2026-08-30T19:54:31.365+00:00,heldout,1,197,HNSW_HYBRID,three_categories,category_08,114,True,3,0.272595,"[0.25,0.50)",21.5635,1.0,False,exact_bitmap,IVFFLAT_HYBRID,False
2026-08-30T19:54:31.387+00:00,heldout,1,197,IVFFLAT_HYBRID,three_categories,category_08,114,True,3,0.272595,"[0.25,0.50)",21.726834,1.0,False,exact_bitmap,IVFFLAT_HYBRID,True
2026-08-30T19:54:31.414+00:00,heldout,2,197,SQL_FIRST,three_categories,category_08,114,True,3,0.272595,"[0.25,0.50)",26.1815,1.0,True,exact_bitmap,IVFFLAT_HYBRID,False
2026-08-30T19:54:31.458+00:00,heldout,2,197,VECTOR_FIRST_HNSW,three_categories,category_08,114,True,3,0.272595,"[0.25,0.50)",44.030166,1.0,False,exact_bitmap,IVFFLAT_HYBRID,False
2026-08-30T19:54:31.485+00:00,heldout,2,197,HNSW_HYBRID,three_categories,category_08,114,True,3,0.272595,"[0.25,0.50)",26.363708,1.0,False,exact_bitmap,IVFFLAT_HYBRID,False
2026-08-30T19:54:31.513+00:00,heldout,2,197,IVFFLAT_HYBRID,three_categories,category_08,114,True,3,0.272595,"[0.25,0.50)",27.15775,1.0,False,exact_bitmap,IVFFLAT_HYBRID,True
2026-08-30T19:54:31.538+00:00,heldout,0,161,SQL_FIRST,three_categories,category_00,258,True,3,0.271845,"[0.25,0.50)",22.898875,1.0,True,exact_bitmap,IVFFLAT_HYBRID,False
2026-08-30T19:54:31.570+00:00,heldout,0,161,VECTOR_FIRST_HNSW,three_categories,category_00,258,True,3,0.271845,"[0.25,0.50)",29.999167,1.0,False,exact_bitmap,IVFFLAT_HYBRID,False
2026-08-30T19:54:31.604+00:00,heldout,0,161,HNSW_HYBRID,three_categories,category_00,258,True,3,0.271845,"[0.25,0.50)",32.466125,1.0,False,exact_bitmap,IVFFLAT_HYBRID,False
2026-08-30T19:54:31.629+00:00,heldout,0,161,IVFFLAT_HYBRID,three_categories,category_00,258,True,3,0.271845,"[0.25,0.50)",24.459083,1.0,False,exact_bitmap,IVFFLAT_HYBRID,True
2026-08-30T19:54:31.652+00:00,heldout,1,161,SQL_FIRST,three_categories,category_00,258,True,3,0.271845,"[0.25,0.50)",22.035958,1.0,True,exact_bitmap,IVFFLAT_HYBRID,False
2026-08-30T19:54:31.680+00:00,heldout,1,161,VECTOR_FIRST_HNSW,three_categories,category_00,258,True,3,0.271845,"[0.25,0.50)",28.084209,1.0,False,exact_bitmap,IVFFLAT_HYBRID,False
2026-08-30T19:54:31.700+00:00,heldout,1,161,HNSW_HYBRID,three_categories,category_00,258,True,3,0.271845,"[0.25,0.50)",18.911417,1.0,False,exact_bitmap,IVFFLAT_HYBRID,False
2026-08-30T19:54:31.721+00:00,heldout,1,161,IVFFLAT_HYBRID,three_categories,category_00,258,True,3,0.271845,"[0.25,0.50)",19.865417,1.0,False,exact_bitmap,IVFFLAT_HYBRID,True
2026-08-30T19:54:31.743+00:00,heldout,2,161,SQL_FIRST,three_categories,category_00,258,True,3,0.271845,"[0.25,0.50)",20.795666,1.0,True,exact_bitmap,IVFFLAT_HYBRID,False
2026-08-30T19:54:31.771+00:00,heldout,2,161,VECTOR_FIRST_HNSW,three_categories,category_00,258,True,3,0.271845,"[0.25,0.50)",28.277709,1.0,False,exact_bitmap,IVFFLAT_HYBRID,False
2026-08-30T19:54:31.791+00:00,heldout,2,161,HNSW_HYBRID,three_categories,category_00,258,True,3,0.271845,"[0.25,0.50)",19.164791,1.0,False,exact_bitmap,IVFFLAT_HYBRID,False
2026-08-30T19:54:31.813+00:00,heldout,2,161,IVFFLAT_HYBRID,three_categories,category_00,258,True,3,0.271845,"[0.25,0.50)",21.262459,1.0,False,exact_bitmap,IVFFLAT_HYBRID,True
2026-08-30T19:54:31.836+00:00,heldout,0,190,SQL_FIRST,three_categories,category_04,100,True,3,0.267975,"[0.25,0.50)",18.998958,1.0,True,exact_bitmap,IVFFLAT_HYBRID,False
2026-08-30T19:54:31.864+00:00,heldout,0,190,VECTOR_FIRST_HNSW,three_categories,category_04,100,True,3,0.267975,"[0.25,0.50)",26.302708,1.0,False,exact_bitmap,IVFFLAT_HYBRID,False
2026-08-30T19:54:31.887+00:00,heldout,0,190,HNSW_HYBRID,three_categories,category_04,100,True,3,0.267975,"[0.25,0.50)",21.479583,1.0,False,exact_bitmap,IVFFLAT_HYBRID,False
2026-08-30T19:54:31.908+00:00,heldout,0,190,IVFFLAT_HYBRID,three_categories,category_04,100,True,3,0.267975,"[0.25,0.50)",20.355292,1.0,False,exact_bitmap,IVFFLAT_HYBRID,True
2026-08-30T19:54:31.928+00:00,heldout,1,190,SQL_FIRST,three_categories,category_04,100,True,3,0.267975,"[0.25,0.50)",19.652042,1.0,True,exact_bitmap,IVFFLAT_HYBRID,False
2026-08-30T19:54:31.957+00:00,heldout,1,190,VECTOR_FIRST_HNSW,three_categories,category_04,100,True,3,0.267975,"[0.25,0.50)",27.992125,1.0,False,exact_bitmap,IVFFLAT_HYBRID,False
2026-08-30T19:54:31.978+00:00,heldout,1,190,HNSW_HYBRID,three_categories,category_04,100,True,3,0.267975,"[0.25,0.50)",21.113917,1.0,False,exact_bitmap,IVFFLAT_HYBRID,False
2026-08-30T19:54:32.001+00:00,heldout,1,190,IVFFLAT_HYBRID,three_categories,category_04,100,True,3,0.267975,"[0.25,0.50)",22.590583,1.0,False,exact_bitmap,IVFFLAT_HYBRID,True
2026-08-30T19:54:32.021+00:00,heldout,2,190,SQL_FIRST,three_categories,category_04,100,True,3,0.267975,"[0.25,0.50)",19.677209,1.0,True,exact_bitmap,IVFFLAT_HYBRID,False
2026-08-30T19:54:32.049+00:00,heldout,2,190,VECTOR_FIRST_HNSW,three_categories,category_04,100,True,3,0.267975,"[0.25,0.50)",27.846833,1.0,False,exact_bitmap,IVFFLAT_HYBRID,False
2026-08-30T19:54:32.072+00:00,heldout,2,190,HNSW_HYBRID,three_categories,category_04,100,True,3,0.267975,"[0.25,0.50)",22.700833,1.0,False,exact_bitmap,IVFFLAT_HYBRID,False
2026-08-30T19:54:32.101+00:00,heldout,2,190,IVFFLAT_HYBRID,three_categories,category_04,100,True,3,0.267975,"[0.25,0.50)",28.506958,1.0,False,exact_bitmap,IVFFLAT_HYBRID,True
2026-08-30T19:54:32.130+00:00,heldout,0,247,SQL_FIRST,wide_or,category_02,278,False,4,0.67208,"[0.50,1.00)",27.431583,1.0,True,exact_seq,VECTOR_FIRST_HNSW,False
2026-08-30T19:54:32.158+00:00,heldout,0,247,VECTOR_FIRST_HNSW,wide_or,category_02,278,False,4,0.67208,"[0.50,1.00)",27.270625,1.0,False,exact_bitmap,VECTOR_FIRST_HNSW,True
2026-08-30T19:54:32.184+00:00,heldout,0,247,HNSW_HYBRID,wide_or,category_02,278,False,4,0.67208,"[0.50,1.00)",25.0835,1.0,False,exact_seq,VECTOR_FIRST_HNSW,False
2026-08-30T19:54:32.209+00:00,heldout,0,247,IVFFLAT_HYBRID,wide_or,category_02,278,False,4,0.67208,"[0.50,1.00)",23.827,1.0,False,exact_seq,VECTOR_FIRST_HNSW,False
2026-08-30T19:54:32.235+00:00,heldout,1,247,SQL_FIRST,wide_or,category_02,278,False,4,0.67208,"[0.50,1.00)",26.305,1.0,True,exact_seq,VECTOR_FIRST_HNSW,False
2026-08-30T19:54:32.260+00:00,heldout,1,247,VECTOR_FIRST_HNSW,wide_or,category_02,278,False,4,0.67208,"[0.50,1.00)",24.189834,1.0,False,exact_bitmap,VECTOR_FIRST_HNSW,True
2026-08-30T19:54:32.285+00:00,heldout,1,247,HNSW_HYBRID,wide_or,category_02,278,False,4,0.67208,"[0.50,1.00)",24.493125,1.0,False,exact_seq,VECTOR_FIRST_HNSW,False
2026-08-30T19:54:32.309+00:00,heldout,1,247,IVFFLAT_HYBRID,wide_or,category_02,278,False,4,0.67208,"[0.50,1.00)",23.282208,1.0,False,exact_seq,VECTOR_FIRST_HNSW,False
2026-08-30T19:54:32.336+00:00,heldout,2,247,SQL_FIRST,wide_or,category_02,278,False,4,0.67208,"[0.50,1.00)",26.387125,1.0,True,exact_seq,VECTOR_FIRST_HNSW,False
2026-08-30T19:54:32.368+00:00,heldout,2,247,VECTOR_FIRST_HNSW,wide_or,category_02,278,False,4,0.67208,"[0.50,1.00)",32.001292,1.0,False,exact_bitmap,VECTOR_FIRST_HNSW,True
2026-08-30T19:54:32.402+00:00,heldout,2,247,HNSW_HYBRID,wide_or,category_02,278,False,4,0.67208,"[0.50,1.00)",32.019417,1.0,False,exact_seq,VECTOR_FIRST_HNSW,False
2026-08-30T19:54:32.437+00:00,heldout,2,247,IVFFLAT_HYBRID,wide_or,category_02,278,False,4,0.67208,"[0.50,1.00)",34.309792,1.0,False,exact_seq,VECTOR_FIRST_HNSW,False
2026-08-30T19:54:32.453+00:00,heldout,0,72,SQL_FIRST,single_category,category_09,488,False,1,0.0999,"[0.05,0.10)",14.208542,1.0,True,exact_bitmap,HNSW_HYBRID,False
2026-08-30T19:54:32.483+00:00,heldout,0,72,VECTOR_FIRST_HNSW,single_category,category_09,488,False,1,0.0999,"[0.05,0.10)",29.257291,0.9,False,exact_bitmap,HNSW_HYBRID,False
2026-08-30T19:54:32.496+00:00,heldout,0,72,HNSW_HYBRID,single_category,category_09,488,False,1,0.0999,"[0.05,0.10)",11.101375,1.0,False,exact_bitmap,HNSW_HYBRID,True
2026-08-30T19:54:32.508+00:00,heldout,0,72,IVFFLAT_HYBRID,single_category,category_09,488,False,1,0.0999,"[0.05,0.10)",11.575291,1.0,False,exact_bitmap,HNSW_HYBRID,False
2026-08-30T19:54:32.523+00:00,heldout,1,72,SQL_FIRST,single_category,category_09,488,False,1,0.0999,"[0.05,0.10)",13.81425,1.0,True,exact_bitmap,HNSW_HYBRID,False
2026-08-30T19:54:32.551+00:00,heldout,1,72,VECTOR_FIRST_HNSW,single_category,category_09,488,False,1,0.0999,"[0.05,0.10)",27.756041,0.9,False,exact_bitmap,HNSW_HYBRID,False
2026-08-30T19:54:32.563+00:00,heldout,1,72,HNSW_HYBRID,single_category,category_09,488,False,1,0.0999,"[0.05,0.10)",11.259792,1.0,False,exact_bitmap,HNSW_HYBRID,True
2026-08-30T19:54:32.577+00:00,heldout,1,72,IVFFLAT_HYBRID,single_category,category_09,488,False,1,0.0999,"[0.05,0.10)",13.317791,1.0,False,exact_bitmap,HNSW_HYBRID,False
2026-08-30T19:54:32.591+00:00,heldout,2,72,SQL_FIRST,single_category,category_09,488,False,1,0.0999,"[0.05,0.10)",13.554333,1.0,True,exact_bitmap,HNSW_HYBRID,False
2026-08-30T19:54:32.628+00:00,heldout,2,72,VECTOR_FIRST_HNSW,single_category,category_09,488,False,1,0.0999,"[0.05,0.10)",35.461708,0.9,False,exact_bitmap,HNSW_HYBRID,False
2026-08-30T19:54:32.642+00:00,heldout,2,72,HNSW_HYBRID,single_category,category_09,488,False,1,0.0999,"[0.05,0.10)",13.06725,1.0,False,exact_bitmap,HNSW_HYBRID,True
2026-08-30T19:54:32.655+00:00,heldout,2,72,IVFFLAT_HYBRID,single_category,category_09,488,False,1,0.0999,"[0.05,0.10)",12.831333,1.0,False,exact_bitmap,HNSW_HYBRID,False
2026-08-30T19:54:32.668+00:00,heldout,0,50,SQL_FIRST,category_and_stock,category_09,145,False,0,0.049865,"[0.00,0.05)",11.375083,1.0,True,exact_bitmap,SQL_FIRST,True
2026-08-30T19:54:32.697+00:00,heldout,0,50,VECTOR_FIRST_HNSW,category_and_stock,category_09,145,False,0,0.049865,"[0.00,0.05)",27.248375,0.5,False,exact_bitmap,SQL_FIRST,False
2026-08-30T19:54:32.708+00:00,heldout,0,50,HNSW_HYBRID,category_and_stock,category_09,145,False,0,0.049865,"[0.00,0.05)",9.74875,1.0,False,exact_bitmap,SQL_FIRST,False
2026-08-30T19:54:32.721+00:00,heldout,0,50,IVFFLAT_HYBRID,category_and_stock,category_09,145,False,0,0.049865,"[0.00,0.05)",11.11175,1.0,False,exact_bitmap,SQL_FIRST,False
2026-08-30T19:54:32.731+00:00,heldout,1,50,SQL_FIRST,category_and_stock,category_09,145,False,0,0.049865,"[0.00,0.05)",10.241667,1.0,True,exact_bitmap,SQL_FIRST,True
2026-08-30T19:54:32.760+00:00,heldout,1,50,VECTOR_FIRST_HNSW,category_and_stock,category_09,145,False,0,0.049865,"[0.00,0.05)",28.491875,0.5,False,exact_bitmap,SQL_FIRST,False
2026-08-30T19:54:32.771+00:00,heldout,1,50,HNSW_HYBRID,category_and_stock,category_09,145,False,0,0.049865,"[0.00,0.05)",10.362625,1.0,False,exact_bitmap,SQL_FIRST,False
2026-08-30T19:54:32.783+00:00,heldout,1,50,IVFFLAT_HYBRID,category_and_stock,category_09,145,False,0,0.049865,"[0.00,0.05)",10.89125,1.0,False,exact_bitmap,SQL_FIRST,False
2026-08-30T19:54:32.797+00:00,heldout,2,50,SQL_FIRST,category_and_stock,category_09,145,False,0,0.049865,"[0.00,0.05)",12.199875,1.0,True,exact_bitmap,SQL_FIRST,True
2026-08-30T19:54:32.837+00:00,heldout,2,50,VECTOR_FIRST_HNSW,category_and_stock,category_09,145,False,0,0.049865,"[0.00,0.05)",39.733834,0.5,False,exact_bitmap,SQL_FIRST,False
2026-08-30T19:54:32.855+00:00,heldout,2,50,HNSW_HYBRID,category_and_stock,category_09,145,False,0,0.049865,"[0.00,0.05)",17.20875,1.0,False,exact_bitmap,SQL_FIRST,False
2026-08-30T19:54:32.871+00:00,heldout,2,50,IVFFLAT_HYBRID,category_and_stock,category_09,145,False,0,0.049865,"[0.00,0.05)",15.967208,1.0,False,exact_bitmap,SQL_FIRST,False
2026-08-30T19:54:32.891+00:00,heldout,0,42,SQL_FIRST,category_and_stock,category_05,937,False,0,0.049935,"[0.00,0.05)",17.159292,1.0,True,exact_bitmap,SQL_FIRST,True
2026-08-30T19:54:32.952+00:00,heldout,0,42,VECTOR_FIRST_HNSW,category_and_stock,category_05,937,False,0,0.049935,"[0.00,0.05)",59.958084,0.2,False,exact_bitmap,SQL_FIRST,False
2026-08-30T19:54:32.971+00:00,heldout,0,42,HNSW_HYBRID,category_and_stock,category_05,937,False,0,0.049935,"[0.00,0.05)",17.108541,1.0,False,exact_bitmap,SQL_FIRST,False
2026-08-30T19:54:33.001+00:00,heldout,0,42,IVFFLAT_HYBRID,category_and_stock,category_05,937,False,0,0.049935,"[0.00,0.05)",27.703208,1.0,False,exact_bitmap,SQL_FIRST,False
2026-08-30T19:54:33.024+00:00,heldout,1,42,SQL_FIRST,category_and_stock,category_05,937,False,0,0.049935,"[0.00,0.05)",21.636334,1.0,True,exact_bitmap,SQL_FIRST,True
2026-08-30T19:54:33.071+00:00,heldout,1,42,VECTOR_FIRST_HNSW,category_and_stock,category_05,937,False,0,0.049935,"[0.00,0.05)",46.561208,0.2,False,exact_bitmap,SQL_FIRST,False
2026-08-30T19:54:33.083+00:00,heldout,1,42,HNSW_HYBRID,category_and_stock,category_05,937,False,0,0.049935,"[0.00,0.05)",11.948042,1.0,False,exact_bitmap,SQL_FIRST,False
2026-08-30T19:54:33.094+00:00,heldout,1,42,IVFFLAT_HYBRID,category_and_stock,category_05,937,False,0,0.049935,"[0.00,0.05)",10.357375,1.0,False,exact_bitmap,SQL_FIRST,False
2026-08-30T19:54:33.105+00:00,heldout,2,42,SQL_FIRST,category_and_stock,category_05,937,False,0,0.049935,"[0.00,0.05)",10.038042,1.0,True,exact_bitmap,SQL_FIRST,True
2026-08-30T19:54:33.131+00:00,heldout,2,42,VECTOR_FIRST_HNSW,category_and_stock,category_05,937,False,0,0.049935,"[0.00,0.05)",25.709125,0.2,False,exact_bitmap,SQL_FIRST,False
2026-08-30T19:54:33.140+00:00,heldout,2,42,HNSW_HYBRID,category_and_stock,category_05,937,False,0,0.049935,"[0.00,0.05)",9.122792,1.0,False,exact_bitmap,SQL_FIRST,False
2026-08-30T19:54:33.150+00:00,heldout,2,42,IVFFLAT_HYBRID,category_and_stock,category_05,937,False,0,0.049935,"[0.00,0.05)",9.518833,1.0,False,exact_bitmap,SQL_FIRST,False
2026-08-30T19:54:33.155+00:00,heldout,0,32,SQL_FIRST,category_narrow_price,category_07,759,True,0,0.005065,"[0.00,0.05)",3.111084,1.0,True,exact_bitmap,SQL_FIRST,True
2026-08-30T19:54:33.181+00:00,heldout,0,32,VECTOR_FIRST_HNSW,category_narrow_price,category_07,759,True,0,0.005065,"[0.00,0.05)",25.811042,0.0,False,exact_bitmap,SQL_FIRST,False
2026-08-30T19:54:33.185+00:00,heldout,0,32,HNSW_HYBRID,category_narrow_price,category_07,759,True,0,0.005065,"[0.00,0.05)",2.977041,1.0,False,exact_bitmap,SQL_FIRST,False
2026-08-30T19:54:33.188+00:00,heldout,0,32,IVFFLAT_HYBRID,category_narrow_price,category_07,759,True,0,0.005065,"[0.00,0.05)",2.320667,1.0,False,exact_bitmap,SQL_FIRST,False
2026-08-30T19:54:33.190+00:00,heldout,1,32,SQL_FIRST,category_narrow_price,category_07,759,True,0,0.005065,"[0.00,0.05)",2.046208,1.0,True,exact_bitmap,SQL_FIRST,True
2026-08-30T19:54:33.216+00:00,heldout,1,32,VECTOR_FIRST_HNSW,category_narrow_price,category_07,759,True,0,0.005065,"[0.00,0.05)",25.907958,0.0,False,exact_bitmap,SQL_FIRST,False
2026-08-30T19:54:33.220+00:00,heldout,1,32,HNSW_HYBRID,category_narrow_price,category_07,759,True,0,0.005065,"[0.00,0.05)",2.90525,1.0,False,exact_bitmap,SQL_FIRST,False
2026-08-30T19:54:33.222+00:00,heldout,1,32,IVFFLAT_HYBRID,category_narrow_price,category_07,759,True,0,0.005065,"[0.00,0.05)",2.188542,1.0,False,exact_bitmap,SQL_FIRST,False
2026-08-30T19:54:33.224+00:00,heldout,2,32,SQL_FIRST,category_narrow_price,category_07,759,True,0,0.005065,"[0.00,0.05)",2.083291,1.0,True,exact_bitmap,SQL_FIRST,True
2026-08-30T19:54:33.249+00:00,heldout,2,32,VECTOR_FIRST_HNSW,category_narrow_price,category_07,759,True,0,0.005065,"[0.00,0.05)",24.705375,0.0,False,exact_bitmap,SQL_FIRST,False
2026-08-30T19:54:33.255+00:00,heldout,2,32,HNSW_HYBRID,category_narrow_price,category_07,759,True,0,0.005065,"[0.00,0.05)",2.812458,1.0,False,exact_bitmap,SQL_FIRST,False
2026-08-30T19:54:33.258+00:00,heldout,2,32,IVFFLAT_HYBRID,category_narrow_price,category_07,759,True,0,0.005065,"[0.00,0.05)",2.411542,1.0,False,exact_bitmap,SQL_FIRST,False
2026-08-30T19:54:33.283+00:00,heldout,0,165,SQL_FIRST,three_categories,category_07,976,True,3,0.27019,"[0.25,0.50)",22.56925,1.0,True,exact_bitmap,IVFFLAT_HYBRID,False
2026-08-30T19:54:33.313+00:00,heldout,0,165,VECTOR_FIRST_HNSW,three_categories,category_07,976,True,3,0.27019,"[0.25,0.50)",26.413167,1.0,False,exact_bitmap,IVFFLAT_HYBRID,False
2026-08-30T19:54:33.333+00:00,heldout,0,165,HNSW_HYBRID,three_categories,category_07,976,True,3,0.27019,"[0.25,0.50)",18.822458,1.0,False,exact_bitmap,IVFFLAT_HYBRID,False
2026-08-30T19:54:33.363+00:00,heldout,0,165,IVFFLAT_HYBRID,three_categories,category_07,976,True,3,0.27019,"[0.25,0.50)",27.124041,1.0,False,exact_bitmap,IVFFLAT_HYBRID,True
2026-08-30T19:54:33.386+00:00,heldout,1,165,SQL_FIRST,three_categories,category_07,976,True,3,0.27019,"[0.25,0.50)",22.434375,1.0,True,exact_bitmap,IVFFLAT_HYBRID,False
2026-08-30T19:54:33.421+00:00,heldout,1,165,VECTOR_FIRST_HNSW,three_categories,category_07,976,True,3,0.27019,"[0.25,0.50)",34.3535,1.0,False,exact_bitmap,IVFFLAT_HYBRID,False
2026-08-30T19:54:33.449+00:00,heldout,1,165,HNSW_HYBRID,three_categories,category_07,976,True,3,0.27019,"[0.25,0.50)",27.342667,1.0,False,exact_bitmap,IVFFLAT_HYBRID,False
2026-08-30T19:54:33.474+00:00,heldout,1,165,IVFFLAT_HYBRID,three_categories,category_07,976,True,3,0.27019,"[0.25,0.50)",25.1035,1.0,False,exact_bitmap,IVFFLAT_HYBRID,True
2026-08-30T19:54:33.504+00:00,heldout,2,165,SQL_FIRST,three_categories,category_07,976,True,3,0.27019,"[0.25,0.50)",29.259041,1.0,True,exact_bitmap,IVFFLAT_HYBRID,False
2026-08-30T19:54:33.533+00:00,heldout,2,165,VECTOR_FIRST_HNSW,three_categories,category_07,976,True,3,0.27019,"[0.25,0.50)",28.753125,1.0,False,exact_bitmap,IVFFLAT_HYBRID,False
2026-08-30T19:54:33.553+00:00,heldout,2,165,HNSW_HYBRID,three_categories,category_07,976,True,3,0.27019,"[0.25,0.50)",18.541125,1.0,False,exact_bitmap,IVFFLAT_HYBRID,False
2026-08-30T19:54:33.572+00:00,heldout,2,165,IVFFLAT_HYBRID,three_categories,category_07,976,True,3,0.27019,"[0.25,0.50)",17.985375,1.0,False,exact_bitmap,IVFFLAT_HYBRID,True
2026-08-30T19:54:33.587+00:00,heldout,0,96,SQL_FIRST,single_category,category_08,708,False,1,0.098665,"[0.05,0.10)",11.973583,1.0,True,exact_bitmap,HNSW_HYBRID,False
2026-08-30T19:54:33.613+00:00,heldout,0,96,VECTOR_FIRST_HNSW,single_category,category_08,708,False,1,0.098665,"[0.05,0.10)",24.936666,0.6,False,exact_bitmap,HNSW_HYBRID,False
2026-08-30T19:54:33.625+00:00,heldout,0,96,HNSW_HYBRID,single_category,category_08,708,False,1,0.098665,"[0.05,0.10)",11.24775,1.0,False,exact_bitmap,HNSW_HYBRID,True
2026-08-30T19:54:33.638+00:00,heldout,0,96,IVFFLAT_HYBRID,single_category,category_08,708,False,1,0.098665,"[0.05,0.10)",11.544167,1.0,False,exact_bitmap,HNSW_HYBRID,False
2026-08-30T19:54:33.652+00:00,heldout,1,96,SQL_FIRST,single_category,category_08,708,False,1,0.098665,"[0.05,0.10)",13.474583,1.0,True,exact_bitmap,HNSW_HYBRID,False
2026-08-30T19:54:33.682+00:00,heldout,1,96,VECTOR_FIRST_HNSW,single_category,category_08,708,False,1,0.098665,"[0.05,0.10)",29.231167,0.6,False,exact_bitmap,HNSW_HYBRID,False
2026-08-30T19:54:33.694+00:00,heldout,1,96,HNSW_HYBRID,single_category,category_08,708,False,1,0.098665,"[0.05,0.10)",12.143792,1.0,False,exact_bitmap,HNSW_HYBRID,True
2026-08-30T19:54:33.708+00:00,heldout,1,96,IVFFLAT_HYBRID,single_category,category_08,708,False,1,0.098665,"[0.05,0.10)",12.535,1.0,False,exact_bitmap,HNSW_HYBRID,False
2026-08-30T19:54:33.720+00:00,heldout,2,96,SQL_FIRST,single_category,category_08,708,False,1,0.098665,"[0.05,0.10)",12.423042,1.0,True,exact_bitmap,HNSW_HYBRID,False
2026-08-30T19:54:33.748+00:00,heldout,2,96,VECTOR_FIRST_HNSW,single_category,category_08,708,False,1,0.098665,"[0.05,0.10)",26.58325,0.6,False,exact_bitmap,HNSW_HYBRID,False
2026-08-30T19:54:33.759+00:00,heldout,2,96,HNSW_HYBRID,single_category,category_08,708,False,1,0.098665,"[0.05,0.10)",11.138875,1.0,False,exact_bitmap,HNSW_HYBRID,True
2026-08-30T19:54:33.772+00:00,heldout,2,96,IVFFLAT_HYBRID,single_category,category_08,708,False,1,0.098665,"[0.05,0.10)",12.3495,1.0,False,exact_bitmap,HNSW_HYBRID,False
2026-08-30T19:54:33.787+00:00,heldout,0,65,SQL_FIRST,single_category,category_04,270,False,1,0.0967,"[0.05,0.10)",12.07975,1.0,True,exact_bitmap,HNSW_HYBRID,False
2026-08-30T19:54:33.813+00:00,heldout,0,65,VECTOR_FIRST_HNSW,single_category,category_04,270,False,1,0.0967,"[0.05,0.10)",24.986875,1.0,False,exact_bitmap,HNSW_HYBRID,False
2026-08-30T19:54:33.825+00:00,heldout,0,65,HNSW_HYBRID,single_category,category_04,270,False,1,0.0967,"[0.05,0.10)",10.935416,1.0,False,exact_bitmap,HNSW_HYBRID,True
2026-08-30T19:54:33.838+00:00,heldout,0,65,IVFFLAT_HYBRID,single_category,category_04,270,False,1,0.0967,"[0.05,0.10)",12.181625,1.0,False,exact_bitmap,HNSW_HYBRID,False
2026-08-30T19:54:33.850+00:00,heldout,1,65,SQL_FIRST,single_category,category_04,270,False,1,0.0967,"[0.05,0.10)",11.027208,1.0,True,exact_bitmap,HNSW_HYBRID,False
2026-08-30T19:54:33.874+00:00,heldout,1,65,VECTOR_FIRST_HNSW,single_category,category_04,270,False,1,0.0967,"[0.05,0.10)",23.773667,1.0,False,exact_bitmap,HNSW_HYBRID,False
2026-08-30T19:54:33.886+00:00,heldout,1,65,HNSW_HYBRID,single_category,category_04,270,False,1,0.0967,"[0.05,0.10)",11.355334,1.0,False,exact_bitmap,HNSW_HYBRID,True
2026-08-30T19:54:33.898+00:00,heldout,1,65,IVFFLAT_HYBRID,single_category,category_04,270,False,1,0.0967,"[0.05,0.10)",11.076917,1.0,False,exact_bitmap,HNSW_HYBRID,False
2026-08-30T19:54:33.909+00:00,heldout,2,65,SQL_FIRST,single_category,category_04,270,False,1,0.0967,"[0.05,0.10)",10.919208,1.0,True,exact_bitmap,HNSW_HYBRID,False
2026-08-30T19:54:33.935+00:00,heldout,2,65,VECTOR_FIRST_HNSW,single_category,category_04,270,False,1,0.0967,"[0.05,0.10)",25.972167,1.0,False,exact_bitmap,HNSW_HYBRID,False
2026-08-30T19:54:33.948+00:00,heldout,2,65,HNSW_HYBRID,single_category,category_04,270,False,1,0.0967,"[0.05,0.10)",12.37025,1.0,False,exact_bitmap,HNSW_HYBRID,True
2026-08-30T19:54:33.960+00:00,heldout,2,65,IVFFLAT_HYBRID,single_category,category_04,270,False,1,0.0967,"[0.05,0.10)",11.244959,1.0,False,exact_bitmap,HNSW_HYBRID,False
2026-08-30T19:54:33.990+00:00,heldout,0,174,SQL_FIRST,category_or_price,category_04,377,True,3,0.43448,"[0.25,0.50)",27.432958,1.0,True,exact_seq,IVFFLAT_HYBRID,False
2026-08-30T19:54:34.024+00:00,heldout,0,174,VECTOR_FIRST_HNSW,category_or_price,category_04,377,True,3,0.43448,"[0.25,0.50)",33.637708,1.0,False,exact_bitmap,IVFFLAT_HYBRID,False
2026-08-30T19:54:34.050+00:00,heldout,0,174,HNSW_HYBRID,category_or_price,category_04,377,True,3,0.43448,"[0.25,0.50)",25.216459,1.0,False,exact_seq,IVFFLAT_HYBRID,False
2026-08-30T19:54:34.076+00:00,heldout,0,174,IVFFLAT_HYBRID,category_or_price,category_04,377,True,3,0.43448,"[0.25,0.50)",24.114,1.0,False,exact_seq,IVFFLAT_HYBRID,True
2026-08-30T19:54:34.097+00:00,heldout,1,174,SQL_FIRST,category_or_price,category_04,377,True,3,0.43448,"[0.25,0.50)",20.668666,1.0,True,exact_seq,IVFFLAT_HYBRID,False
2026-08-30T19:54:34.122+00:00,heldout,1,174,VECTOR_FIRST_HNSW,category_or_price,category_04,377,True,3,0.43448,"[0.25,0.50)",24.1945,1.0,False,exact_bitmap,IVFFLAT_HYBRID,False
2026-08-30T19:54:34.146+00:00,heldout,1,174,HNSW_HYBRID,category_or_price,category_04,377,True,3,0.43448,"[0.25,0.50)",23.515041,1.0,False,exact_seq,IVFFLAT_HYBRID,False
2026-08-30T19:54:34.168+00:00,heldout,1,174,IVFFLAT_HYBRID,category_or_price,category_04,377,True,3,0.43448,"[0.25,0.50)",22.136292,1.0,False,exact_seq,IVFFLAT_HYBRID,True
2026-08-30T19:54:34.189+00:00,heldout,2,174,SQL_FIRST,category_or_price,category_04,377,True,3,0.43448,"[0.25,0.50)",20.468708,1.0,True,exact_seq,IVFFLAT_HYBRID,False
2026-08-30T19:54:34.215+00:00,heldout,2,174,VECTOR_FIRST_HNSW,category_or_price,category_04,377,True,3,0.43448,"[0.25,0.50)",26.05725,1.0,False,exact_bitmap,IVFFLAT_HYBRID,False
2026-08-30T19:54:34.239+00:00,heldout,2,174,HNSW_HYBRID,category_or_price,category_04,377,True,3,0.43448,"[0.25,0.50)",23.04675,1.0,False,exact_seq,IVFFLAT_HYBRID,False
2026-08-30T19:54:34.260+00:00,heldout,2,174,IVFFLAT_HYBRID,category_or_price,category_04,377,True,3,0.43448,"[0.25,0.50)",20.808334,1.0,False,exact_seq,IVFFLAT_HYBRID,True
2026-08-30T19:54:34.273+00:00,heldout,0,140,SQL_FIRST,single_category_alone,category_03,574,True,2,0.1037,"[0.10,0.25)",11.533375,1.0,True,exact_bitmap,HNSW_HYBRID,False
2026-08-30T19:54:34.298+00:00,heldout,0,140,VECTOR_FIRST_HNSW,single_category_alone,category_03,574,True,2,0.1037,"[0.10,0.25)",24.005583,1.0,False,exact_bitmap,HNSW_HYBRID,False
2026-08-30T19:54:34.310+00:00,heldout,0,140,HNSW_HYBRID,single_category_alone,category_03,574,True,2,0.1037,"[0.10,0.25)",10.926833,1.0,False,exact_bitmap,HNSW_HYBRID,True
2026-08-30T19:54:34.323+00:00,heldout,0,140,IVFFLAT_HYBRID,single_category_alone,category_03,574,True,2,0.1037,"[0.10,0.25)",12.278208,1.0,False,exact_bitmap,HNSW_HYBRID,False
2026-08-30T19:54:34.339+00:00,heldout,1,140,SQL_FIRST,single_category_alone,category_03,574,True,2,0.1037,"[0.10,0.25)",15.296208,1.0,True,exact_bitmap,HNSW_HYBRID,False
2026-08-30T19:54:34.363+00:00,heldout,1,140,VECTOR_FIRST_HNSW,single_category_alone,category_03,574,True,2,0.1037,"[0.10,0.25)",24.145667,1.0,False,exact_bitmap,HNSW_HYBRID,False
2026-08-30T19:54:34.375+00:00,heldout,1,140,HNSW_HYBRID,single_category_alone,category_03,574,True,2,0.1037,"[0.10,0.25)",11.037167,1.0,False,exact_bitmap,HNSW_HYBRID,True
2026-08-30T19:54:34.387+00:00,heldout,1,140,IVFFLAT_HYBRID,single_category_alone,category_03,574,True,2,0.1037,"[0.10,0.25)",11.403959,1.0,False,exact_bitmap,HNSW_HYBRID,False
2026-08-30T19:54:34.399+00:00,heldout,2,140,SQL_FIRST,single_category_alone,category_03,574,True,2,0.1037,"[0.10,0.25)",11.2695,1.0,True,exact_bitmap,HNSW_HYBRID,False
2026-08-30T19:54:34.427+00:00,heldout,2,140,VECTOR_FIRST_HNSW,single_category_alone,category_03,574,True,2,0.1037,"[0.10,0.25)",28.123625,1.0,False,exact_bitmap,HNSW_HYBRID,False
2026-08-30T19:54:34.440+00:00,heldout,2,140,HNSW_HYBRID,single_category_alone,category_03,574,True,2,0.1037,"[0.10,0.25)",12.3475,1.0,False,exact_bitmap,HNSW_HYBRID,True
2026-08-30T19:54:34.454+00:00,heldout,2,140,IVFFLAT_HYBRID,single_category_alone,category_03,574,True,2,0.1037,"[0.10,0.25)",13.087584,1.0,False,exact_bitmap,HNSW_HYBRID,False
2026-08-30T19:54:34.469+00:00,heldout,0,122,SQL_FIRST,single_category_alone,category_07,500,False,2,0.100435,"[0.10,0.25)",13.603,1.0,True,exact_bitmap,HNSW_HYBRID,False
2026-08-30T19:54:34.496+00:00,heldout,0,122,VECTOR_FIRST_HNSW,single_category_alone,category_07,500,False,2,0.100435,"[0.10,0.25)",24.5745,1.0,False,exact_bitmap,HNSW_HYBRID,False
2026-08-30T19:54:34.508+00:00,heldout,0,122,HNSW_HYBRID,single_category_alone,category_07,500,False,2,0.100435,"[0.10,0.25)",11.868584,1.0,False,exact_bitmap,HNSW_HYBRID,True
2026-08-30T19:54:34.523+00:00,heldout,0,122,IVFFLAT_HYBRID,single_category_alone,category_07,500,False,2,0.100435,"[0.10,0.25)",13.236917,1.0,False,exact_bitmap,HNSW_HYBRID,False
2026-08-30T19:54:34.535+00:00,heldout,1,122,SQL_FIRST,single_category_alone,category_07,500,False,2,0.100435,"[0.10,0.25)",12.046917,1.0,True,exact_bitmap,HNSW_HYBRID,False
2026-08-30T19:54:34.559+00:00,heldout,1,122,VECTOR_FIRST_HNSW,single_category_alone,category_07,500,False,2,0.100435,"[0.10,0.25)",23.688875,1.0,False,exact_bitmap,HNSW_HYBRID,False
2026-08-30T19:54:34.571+00:00,heldout,1,122,HNSW_HYBRID,single_category_alone,category_07,500,False,2,0.100435,"[0.10,0.25)",11.370125,1.0,False,exact_bitmap,HNSW_HYBRID,True
2026-08-30T19:54:34.584+00:00,heldout,1,122,IVFFLAT_HYBRID,single_category_alone,category_07,500,False,2,0.100435,"[0.10,0.25)",12.249458,1.0,False,exact_bitmap,HNSW_HYBRID,False
2026-08-30T19:54:34.596+00:00,heldout,2,122,SQL_FIRST,single_category_alone,category_07,500,False,2,0.100435,"[0.10,0.25)",11.353417,1.0,True,exact_bitmap,HNSW_HYBRID,False
2026-08-30T19:54:34.621+00:00,heldout,2,122,VECTOR_FIRST_HNSW,single_category_alone,category_07,500,False,2,0.100435,"[0.10,0.25)",24.314834,1.0,False,exact_bitmap,HNSW_HYBRID,False
2026-08-30T19:54:34.633+00:00,heldout,2,122,HNSW_HYBRID,single_category_alone,category_07,500,False,2,0.100435,"[0.10,0.25)",11.4415,1.0,False,exact_bitmap,HNSW_HYBRID,True
2026-08-30T19:54:34.648+00:00,heldout,2,122,IVFFLAT_HYBRID,single_category_alone,category_07,500,False,2,0.100435,"[0.10,0.25)",11.307,1.0,False,exact_bitmap,HNSW_HYBRID,False
2026-08-30T19:54:34.672+00:00,heldout,0,187,SQL_FIRST,three_categories,category_09,933,True,3,0.272595,"[0.25,0.50)",17.668834,1.0,True,exact_bitmap,IVFFLAT_HYBRID,False
2026-08-30T19:54:34.698+00:00,heldout,0,187,VECTOR_FIRST_HNSW,three_categories,category_09,933,True,3,0.272595,"[0.25,0.50)",24.766666,1.0,False,exact_bitmap,IVFFLAT_HYBRID,False
2026-08-30T19:54:34.716+00:00,heldout,0,187,HNSW_HYBRID,three_categories,category_09,933,True,3,0.272595,"[0.25,0.50)",16.492583,1.0,False,exact_bitmap,IVFFLAT_HYBRID,False
2026-08-30T19:54:34.734+00:00,heldout,0,187,IVFFLAT_HYBRID,three_categories,category_09,933,True,3,0.272595,"[0.25,0.50)",16.435709,1.0,False,exact_bitmap,IVFFLAT_HYBRID,True
2026-08-30T19:54:34.752+00:00,heldout,1,187,SQL_FIRST,three_categories,category_09,933,True,3,0.272595,"[0.25,0.50)",16.865292,1.0,True,exact_bitmap,IVFFLAT_HYBRID,False
2026-08-30T19:54:34.775+00:00,heldout,1,187,VECTOR_FIRST_HNSW,three_categories,category_09,933,True,3,0.272595,"[0.25,0.50)",23.102791,1.0,False,exact_bitmap,IVFFLAT_HYBRID,False
2026-08-30T19:54:34.793+00:00,heldout,1,187,HNSW_HYBRID,three_categories,category_09,933,True,3,0.272595,"[0.25,0.50)",16.827458,1.0,False,exact_bitmap,IVFFLAT_HYBRID,False
2026-08-30T19:54:34.810+00:00,heldout,1,187,IVFFLAT_HYBRID,three_categories,category_09,933,True,3,0.272595,"[0.25,0.50)",17.211375,1.0,False,exact_bitmap,IVFFLAT_HYBRID,True
2026-08-30T19:54:34.828+00:00,heldout,2,187,SQL_FIRST,three_categories,category_09,933,True,3,0.272595,"[0.25,0.50)",17.888417,1.0,True,exact_bitmap,IVFFLAT_HYBRID,False
2026-08-30T19:54:34.853+00:00,heldout,2,187,VECTOR_FIRST_HNSW,three_categories,category_09,933,True,3,0.272595,"[0.25,0.50)",24.483833,1.0,False,exact_bitmap,IVFFLAT_HYBRID,False
2026-08-30T19:54:34.871+00:00,heldout,2,187,HNSW_HYBRID,three_categories,category_09,933,True,3,0.272595,"[0.25,0.50)",17.633833,1.0,False,exact_bitmap,IVFFLAT_HYBRID,False
2026-08-30T19:54:34.889+00:00,heldout,2,187,IVFFLAT_HYBRID,three_categories,category_09,933,True,3,0.272595,"[0.25,0.50)",17.595708,1.0,False,exact_bitmap,IVFFLAT_HYBRID,True
2026-08-30T19:54:34.903+00:00,heldout,0,75,SQL_FIRST,single_category,category_08,841,True,1,0.098665,"[0.05,0.10)",11.322917,1.0,True,exact_bitmap,HNSW_HYBRID,False
2026-08-30T19:54:34.928+00:00,heldout,0,75,VECTOR_FIRST_HNSW,single_category,category_08,841,True,1,0.098665,"[0.05,0.10)",23.719875,1.0,False,exact_bitmap,HNSW_HYBRID,False
2026-08-30T19:54:34.941+00:00,heldout,0,75,HNSW_HYBRID,single_category,category_08,841,True,1,0.098665,"[0.05,0.10)",11.163042,1.0,False,exact_bitmap,HNSW_HYBRID,True
2026-08-30T19:54:34.953+00:00,heldout,0,75,IVFFLAT_HYBRID,single_category,category_08,841,True,1,0.098665,"[0.05,0.10)",11.585667,1.0,False,exact_bitmap,HNSW_HYBRID,False
2026-08-30T19:54:34.965+00:00,heldout,1,75,SQL_FIRST,single_category,category_08,841,True,1,0.098665,"[0.05,0.10)",11.356708,1.0,True,exact_bitmap,HNSW_HYBRID,False
2026-08-30T19:54:34.990+00:00,heldout,1,75,VECTOR_FIRST_HNSW,single_category,category_08,841,True,1,0.098665,"[0.05,0.10)",25.086042,1.0,False,exact_bitmap,HNSW_HYBRID,False
2026-08-30T19:54:35.003+00:00,heldout,1,75,HNSW_HYBRID,single_category,category_08,841,True,1,0.098665,"[0.05,0.10)",12.552167,1.0,False,exact_bitmap,HNSW_HYBRID,True
2026-08-30T19:54:35.015+00:00,heldout,1,75,IVFFLAT_HYBRID,single_category,category_08,841,True,1,0.098665,"[0.05,0.10)",11.153333,1.0,False,exact_bitmap,HNSW_HYBRID,False
2026-08-30T19:54:35.027+00:00,heldout,2,75,SQL_FIRST,single_category,category_08,841,True,1,0.098665,"[0.05,0.10)",12.363292,1.0,True,exact_bitmap,HNSW_HYBRID,False
2026-08-30T19:54:35.053+00:00,heldout,2,75,VECTOR_FIRST_HNSW,single_category,category_08,841,True,1,0.098665,"[0.05,0.10)",25.338833,1.0,False,exact_bitmap,HNSW_HYBRID,False
2026-08-30T19:54:35.064+00:00,heldout,2,75,HNSW_HYBRID,single_category,category_08,841,True,1,0.098665,"[0.05,0.10)",10.867459,1.0,False,exact_bitmap,HNSW_HYBRID,True
2026-08-30T19:54:35.076+00:00,heldout,2,75,IVFFLAT_HYBRID,single_category,category_08,841,True,1,0.098665,"[0.05,0.10)",10.940583,1.0,False,exact_bitmap,HNSW_HYBRID,False
2026-08-30T19:54:35.095+00:00,heldout,0,189,SQL_FIRST,three_categories,category_05,530,True,3,0.271,"[0.25,0.50)",17.003792,1.0,True,exact_bitmap,IVFFLAT_HYBRID,False
2026-08-30T19:54:35.120+00:00,heldout,0,189,VECTOR_FIRST_HNSW,three_categories,category_05,530,True,3,0.271,"[0.25,0.50)",24.133083,1.0,False,exact_bitmap,IVFFLAT_HYBRID,False
2026-08-30T19:54:35.139+00:00,heldout,0,189,HNSW_HYBRID,three_categories,category_05,530,True,3,0.271,"[0.25,0.50)",18.2765,1.0,False,exact_bitmap,IVFFLAT_HYBRID,False
2026-08-30T19:54:35.160+00:00,heldout,0,189,IVFFLAT_HYBRID,three_categories,category_05,530,True,3,0.271,"[0.25,0.50)",20.236584,1.0,False,exact_bitmap,IVFFLAT_HYBRID,True
2026-08-30T19:54:35.179+00:00,heldout,1,189,SQL_FIRST,three_categories,category_05,530,True,3,0.271,"[0.25,0.50)",18.206833,1.0,True,exact_bitmap,IVFFLAT_HYBRID,False
2026-08-30T19:54:35.204+00:00,heldout,1,189,VECTOR_FIRST_HNSW,three_categories,category_05,530,True,3,0.271,"[0.25,0.50)",24.828459,1.0,False,exact_bitmap,IVFFLAT_HYBRID,False
2026-08-30T19:54:35.224+00:00,heldout,1,189,HNSW_HYBRID,three_categories,category_05,530,True,3,0.271,"[0.25,0.50)",18.004167,1.0,False,exact_bitmap,IVFFLAT_HYBRID,False
2026-08-30T19:54:35.241+00:00,heldout,1,189,IVFFLAT_HYBRID,three_categories,category_05,530,True,3,0.271,"[0.25,0.50)",16.896834,1.0,False,exact_bitmap,IVFFLAT_HYBRID,True
2026-08-30T19:54:35.259+00:00,heldout,2,189,SQL_FIRST,three_categories,category_05,530,True,3,0.271,"[0.25,0.50)",16.798792,1.0,True,exact_bitmap,IVFFLAT_HYBRID,False
2026-08-30T19:54:35.284+00:00,heldout,2,189,VECTOR_FIRST_HNSW,three_categories,category_05,530,True,3,0.271,"[0.25,0.50)",24.594542,1.0,False,exact_bitmap,IVFFLAT_HYBRID,False
2026-08-30T19:54:35.301+00:00,heldout,2,189,HNSW_HYBRID,three_categories,category_05,530,True,3,0.271,"[0.25,0.50)",16.519959,1.0,False,exact_bitmap,IVFFLAT_HYBRID,False
2026-08-30T19:54:35.319+00:00,heldout,2,189,IVFFLAT_HYBRID,three_categories,category_05,530,True,3,0.271,"[0.25,0.50)",16.766875,1.0,False,exact_bitmap,IVFFLAT_HYBRID,True
2026-08-30T19:54:35.331+00:00,heldout,0,76,SQL_FIRST,single_category,category_06,954,True,1,0.099535,"[0.05,0.10)",10.826666,1.0,True,exact_bitmap,HNSW_HYBRID,False
2026-08-30T19:54:35.356+00:00,heldout,0,76,VECTOR_FIRST_HNSW,single_category,category_06,954,True,1,0.099535,"[0.05,0.10)",23.201417,1.0,False,exact_bitmap,HNSW_HYBRID,False
2026-08-30T19:54:35.369+00:00,heldout,0,76,HNSW_HYBRID,single_category,category_06,954,True,1,0.099535,"[0.05,0.10)",11.78825,1.0,False,exact_bitmap,HNSW_HYBRID,True
2026-08-30T19:54:35.381+00:00,heldout,0,76,IVFFLAT_HYBRID,single_category,category_06,954,True,1,0.099535,"[0.05,0.10)",10.748334,1.0,False,exact_bitmap,HNSW_HYBRID,False
2026-08-30T19:54:35.393+00:00,heldout,1,76,SQL_FIRST,single_category,category_06,954,True,1,0.099535,"[0.05,0.10)",10.961,1.0,True,exact_bitmap,HNSW_HYBRID,False
2026-08-30T19:54:35.418+00:00,heldout,1,76,VECTOR_FIRST_HNSW,single_category,category_06,954,True,1,0.099535,"[0.05,0.10)",24.892916,1.0,False,exact_bitmap,HNSW_HYBRID,False
2026-08-30T19:54:35.430+00:00,heldout,1,76,HNSW_HYBRID,single_category,category_06,954,True,1,0.099535,"[0.05,0.10)",11.19725,1.0,False,exact_bitmap,HNSW_HYBRID,True
2026-08-30T19:54:35.442+00:00,heldout,1,76,IVFFLAT_HYBRID,single_category,category_06,954,True,1,0.099535,"[0.05,0.10)",11.882416,1.0,False,exact_bitmap,HNSW_HYBRID,False
2026-08-30T19:54:35.456+00:00,heldout,2,76,SQL_FIRST,single_category,category_06,954,True,1,0.099535,"[0.05,0.10)",13.059209,1.0,True,exact_bitmap,HNSW_HYBRID,False
2026-08-30T19:54:35.485+00:00,heldout,2,76,VECTOR_FIRST_HNSW,single_category,category_06,954,True,1,0.099535,"[0.05,0.10)",28.807,1.0,False,exact_bitmap,HNSW_HYBRID,False
2026-08-30T19:54:35.498+00:00,heldout,2,76,HNSW_HYBRID,single_category,category_06,954,True,1,0.099535,"[0.05,0.10)",12.641708,1.0,False,exact_bitmap,HNSW_HYBRID,True
2026-08-30T19:54:35.510+00:00,heldout,2,76,IVFFLAT_HYBRID,single_category,category_06,954,True,1,0.099535,"[0.05,0.10)",11.50325,1.0,False,exact_bitmap,HNSW_HYBRID,False
2026-08-30T19:54:35.542+00:00,heldout,0,233,SQL_FIRST,wide_or,category_07,897,False,4,0.95265,"[0.50,1.00)",29.07625,1.0,True,exact_seq,VECTOR_FIRST_HNSW,False
2026-08-30T19:54:35.570+00:00,heldout,0,233,VECTOR_FIRST_HNSW,wide_or,category_07,897,False,4,0.95265,"[0.50,1.00)",27.20075,1.0,False,exact_bitmap,VECTOR_FIRST_HNSW,True
2026-08-30T19:54:35.599+00:00,heldout,0,233,HNSW_HYBRID,wide_or,category_07,897,False,4,0.95265,"[0.50,1.00)",28.12725,1.0,False,exact_seq,VECTOR_FIRST_HNSW,False
2026-08-30T19:54:35.627+00:00,heldout,0,233,IVFFLAT_HYBRID,wide_or,category_07,897,False,4,0.95265,"[0.50,1.00)",26.431209,1.0,False,exact_seq,VECTOR_FIRST_HNSW,False
2026-08-30T19:54:35.654+00:00,heldout,1,233,SQL_FIRST,wide_or,category_07,897,False,4,0.95265,"[0.50,1.00)",27.120208,1.0,True,exact_seq,VECTOR_FIRST_HNSW,False
2026-08-30T19:54:35.678+00:00,heldout,1,233,VECTOR_FIRST_HNSW,wide_or,category_07,897,False,4,0.95265,"[0.50,1.00)",23.512041,1.0,False,exact_bitmap,VECTOR_FIRST_HNSW,True
2026-08-30T19:54:35.705+00:00,heldout,1,233,HNSW_HYBRID,wide_or,category_07,897,False,4,0.95265,"[0.50,1.00)",25.895042,1.0,False,exact_seq,VECTOR_FIRST_HNSW,False
2026-08-30T19:54:35.731+00:00,heldout,1,233,IVFFLAT_HYBRID,wide_or,category_07,897,False,4,0.95265,"[0.50,1.00)",25.882041,1.0,False,exact_seq,VECTOR_FIRST_HNSW,False
2026-08-30T19:54:35.758+00:00,heldout,2,233,SQL_FIRST,wide_or,category_07,897,False,4,0.95265,"[0.50,1.00)",26.771584,1.0,True,exact_seq,VECTOR_FIRST_HNSW,False
2026-08-30T19:54:35.782+00:00,heldout,2,233,VECTOR_FIRST_HNSW,wide_or,category_07,897,False,4,0.95265,"[0.50,1.00)",23.620625,1.0,False,exact_bitmap,VECTOR_FIRST_HNSW,True
2026-08-30T19:54:35.810+00:00,heldout,2,233,HNSW_HYBRID,wide_or,category_07,897,False,4,0.95265,"[0.50,1.00)",27.158416,1.0,False,exact_seq,VECTOR_FIRST_HNSW,False
2026-08-30T19:54:35.838+00:00,heldout,2,233,IVFFLAT_HYBRID,wide_or,category_07,897,False,4,0.95265,"[0.50,1.00)",27.599833,1.0,False,exact_seq,VECTOR_FIRST_HNSW,False
2026-08-30T19:54:35.852+00:00,heldout,0,93,SQL_FIRST,single_category,category_02,123,False,1,0.098965,"[0.05,0.10)",12.513084,1.0,True,exact_bitmap,HNSW_HYBRID,False
2026-08-30T19:54:35.877+00:00,heldout,0,93,VECTOR_FIRST_HNSW,single_category,category_02,123,False,1,0.098965,"[0.05,0.10)",23.604042,0.9,False,exact_bitmap,HNSW_HYBRID,False
2026-08-30T19:54:35.890+00:00,heldout,0,93,HNSW_HYBRID,single_category,category_02,123,False,1,0.098965,"[0.05,0.10)",11.349458,1.0,False,exact_bitmap,HNSW_HYBRID,True
2026-08-30T19:54:35.903+00:00,heldout,0,93,IVFFLAT_HYBRID,single_category,category_02,123,False,1,0.098965,"[0.05,0.10)",12.174917,1.0,False,exact_bitmap,HNSW_HYBRID,False
2026-08-30T19:54:35.915+00:00,heldout,1,93,SQL_FIRST,single_category,category_02,123,False,1,0.098965,"[0.05,0.10)",11.502834,1.0,True,exact_bitmap,HNSW_HYBRID,False
2026-08-30T19:54:35.941+00:00,heldout,1,93,VECTOR_FIRST_HNSW,single_category,category_02,123,False,1,0.098965,"[0.05,0.10)",24.950916,0.9,False,exact_bitmap,HNSW_HYBRID,False
2026-08-30T19:54:35.953+00:00,heldout,1,93,HNSW_HYBRID,single_category,category_02,123,False,1,0.098965,"[0.05,0.10)",11.577083,1.0,False,exact_bitmap,HNSW_HYBRID,True
2026-08-30T19:54:35.965+00:00,heldout,1,93,IVFFLAT_HYBRID,single_category,category_02,123,False,1,0.098965,"[0.05,0.10)",11.67625,1.0,False,exact_bitmap,HNSW_HYBRID,False
2026-08-30T19:54:35.976+00:00,heldout,2,93,SQL_FIRST,single_category,category_02,123,False,1,0.098965,"[0.05,0.10)",11.186667,1.0,True,exact_bitmap,HNSW_HYBRID,False
2026-08-30T19:54:36.002+00:00,heldout,2,93,VECTOR_FIRST_HNSW,single_category,category_02,123,False,1,0.098965,"[0.05,0.10)",25.590125,0.9,False,exact_bitmap,HNSW_HYBRID,False
2026-08-30T19:54:36.013+00:00,heldout,2,93,HNSW_HYBRID,single_category,category_02,123,False,1,0.098965,"[0.05,0.10)",10.943625,1.0,False,exact_bitmap,HNSW_HYBRID,True
2026-08-30T19:54:36.025+00:00,heldout,2,93,IVFFLAT_HYBRID,single_category,category_02,123,False,1,0.098965,"[0.05,0.10)",11.389959,1.0,False,exact_bitmap,HNSW_HYBRID,False
2026-08-30T19:54:36.037+00:00,heldout,0,84,SQL_FIRST,single_category,category_04,309,True,1,0.0967,"[0.05,0.10)",11.586708,1.0,True,exact_bitmap,HNSW_HYBRID,False
2026-08-30T19:54:36.062+00:00,heldout,0,84,VECTOR_FIRST_HNSW,single_category,category_04,309,True,1,0.0967,"[0.05,0.10)",23.293292,0.8,False,exact_bitmap,HNSW_HYBRID,False
2026-08-30T19:54:36.075+00:00,heldout,0,84,HNSW_HYBRID,single_category,category_04,309,True,1,0.0967,"[0.05,0.10)",12.037416,1.0,False,exact_bitmap,HNSW_HYBRID,True
2026-08-30T19:54:36.088+00:00,heldout,0,84,IVFFLAT_HYBRID,single_category,category_04,309,True,1,0.0967,"[0.05,0.10)",11.699292,1.0,False,exact_bitmap,HNSW_HYBRID,False
2026-08-30T19:54:36.099+00:00,heldout,1,84,SQL_FIRST,single_category,category_04,309,True,1,0.0967,"[0.05,0.10)",11.25525,1.0,True,exact_bitmap,HNSW_HYBRID,False
2026-08-30T19:54:36.124+00:00,heldout,1,84,VECTOR_FIRST_HNSW,single_category,category_04,309,True,1,0.0967,"[0.05,0.10)",23.673166,0.8,False,exact_bitmap,HNSW_HYBRID,False
2026-08-30T19:54:36.136+00:00,heldout,1,84,HNSW_HYBRID,single_category,category_04,309,True,1,0.0967,"[0.05,0.10)",12.146167,1.0,False,exact_bitmap,HNSW_HYBRID,True
2026-08-30T19:54:36.148+00:00,heldout,1,84,IVFFLAT_HYBRID,single_category,category_04,309,True,1,0.0967,"[0.05,0.10)",11.949917,1.0,False,exact_bitmap,HNSW_HYBRID,False
2026-08-30T19:54:36.160+00:00,heldout,2,84,SQL_FIRST,single_category,category_04,309,True,1,0.0967,"[0.05,0.10)",11.2565,1.0,True,exact_bitmap,HNSW_HYBRID,False
2026-08-30T19:54:36.185+00:00,heldout,2,84,VECTOR_FIRST_HNSW,single_category,category_04,309,True,1,0.0967,"[0.05,0.10)",24.290666,0.8,False,exact_bitmap,HNSW_HYBRID,False
2026-08-30T19:54:36.197+00:00,heldout,2,84,HNSW_HYBRID,single_category,category_04,309,True,1,0.0967,"[0.05,0.10)",11.163792,1.0,False,exact_bitmap,HNSW_HYBRID,True
2026-08-30T19:54:36.209+00:00,heldout,2,84,IVFFLAT_HYBRID,single_category,category_04,309,True,1,0.0967,"[0.05,0.10)",11.592375,1.0,False,exact_bitmap,HNSW_HYBRID,False
2026-08-30T19:54:36.235+00:00,heldout,0,229,SQL_FIRST,wide_or,category_02,52,False,4,0.567745,"[0.50,1.00)",23.186292,1.0,True,exact_seq,VECTOR_FIRST_HNSW,False
2026-08-30T19:54:36.263+00:00,heldout,0,229,VECTOR_FIRST_HNSW,wide_or,category_02,52,False,4,0.567745,"[0.50,1.00)",26.299042,1.0,False,exact_bitmap,VECTOR_FIRST_HNSW,True
2026-08-30T19:54:36.289+00:00,heldout,0,229,HNSW_HYBRID,wide_or,category_02,52,False,4,0.567745,"[0.50,1.00)",25.094958,1.0,False,exact_seq,VECTOR_FIRST_HNSW,False
2026-08-30T19:54:36.312+00:00,heldout,0,229,IVFFLAT_HYBRID,wide_or,category_02,52,False,4,0.567745,"[0.50,1.00)",22.172958,1.0,False,exact_seq,VECTOR_FIRST_HNSW,False
2026-08-30T19:54:36.335+00:00,heldout,1,229,SQL_FIRST,wide_or,category_02,52,False,4,0.567745,"[0.50,1.00)",22.695416,1.0,True,exact_seq,VECTOR_FIRST_HNSW,False
2026-08-30T19:54:36.362+00:00,heldout,1,229,VECTOR_FIRST_HNSW,wide_or,category_02,52,False,4,0.567745,"[0.50,1.00)",26.167042,1.0,False,exact_bitmap,VECTOR_FIRST_HNSW,True
2026-08-30T19:54:36.385+00:00,heldout,1,229,HNSW_HYBRID,wide_or,category_02,52,False,4,0.567745,"[0.50,1.00)",23.370708,1.0,False,exact_seq,VECTOR_FIRST_HNSW,False
2026-08-30T19:54:36.408+00:00,heldout,1,229,IVFFLAT_HYBRID,wide_or,category_02,52,False,4,0.567745,"[0.50,1.00)",22.573833,1.0,False,exact_seq,VECTOR_FIRST_HNSW,False
2026-08-30T19:54:36.432+00:00,heldout,2,229,SQL_FIRST,wide_or,category_02,52,False,4,0.567745,"[0.50,1.00)",22.946583,1.0,True,exact_seq,VECTOR_FIRST_HNSW,False
2026-08-30T19:54:36.459+00:00,heldout,2,229,VECTOR_FIRST_HNSW,wide_or,category_02,52,False,4,0.567745,"[0.50,1.00)",27.123417,1.0,False,exact_bitmap,VECTOR_FIRST_HNSW,True
2026-08-30T19:54:36.485+00:00,heldout,2,229,HNSW_HYBRID,wide_or,category_02,52,False,4,0.567745,"[0.50,1.00)",25.2495,1.0,False,exact_seq,VECTOR_FIRST_HNSW,False
2026-08-30T19:54:36.509+00:00,heldout,2,229,IVFFLAT_HYBRID,wide_or,category_02,52,False,4,0.567745,"[0.50,1.00)",23.324125,1.0,False,exact_seq,VECTOR_FIRST_HNSW,False
2026-08-30T19:54:36.531+00:00,heldout,0,125,SQL_FIRST,two_categories,category_07,963,False,2,0.1991,"[0.10,0.25)",20.086958,1.0,True,exact_bitmap,HNSW_HYBRID,False
2026-08-30T19:54:36.558+00:00,heldout,0,125,VECTOR_FIRST_HNSW,two_categories,category_07,963,False,2,0.1991,"[0.10,0.25)",24.775458,1.0,False,exact_bitmap,HNSW_HYBRID,False
2026-08-30T19:54:36.579+00:00,heldout,0,125,HNSW_HYBRID,two_categories,category_07,963,False,2,0.1991,"[0.10,0.25)",20.006791,1.0,False,exact_bitmap,HNSW_HYBRID,True
2026-08-30T19:54:36.602+00:00,heldout,0,125,IVFFLAT_HYBRID,two_categories,category_07,963,False,2,0.1991,"[0.10,0.25)",20.485375,1.0,False,exact_bitmap,HNSW_HYBRID,False
2026-08-30T19:54:36.623+00:00,heldout,1,125,SQL_FIRST,two_categories,category_07,963,False,2,0.1991,"[0.10,0.25)",20.307458,1.0,True,exact_bitmap,HNSW_HYBRID,False
2026-08-30T19:54:36.649+00:00,heldout,1,125,VECTOR_FIRST_HNSW,two_categories,category_07,963,False,2,0.1991,"[0.10,0.25)",25.160417,1.0,False,exact_bitmap,HNSW_HYBRID,False
2026-08-30T19:54:36.671+00:00,heldout,1,125,HNSW_HYBRID,two_categories,category_07,963,False,2,0.1991,"[0.10,0.25)",20.882541,1.0,False,exact_bitmap,HNSW_HYBRID,True
2026-08-30T19:54:36.690+00:00,heldout,1,125,IVFFLAT_HYBRID,two_categories,category_07,963,False,2,0.1991,"[0.10,0.25)",19.076333,1.0,False,exact_bitmap,HNSW_HYBRID,False
2026-08-30T19:54:36.710+00:00,heldout,2,125,SQL_FIRST,two_categories,category_07,963,False,2,0.1991,"[0.10,0.25)",19.277709,1.0,True,exact_bitmap,HNSW_HYBRID,False
2026-08-30T19:54:36.735+00:00,heldout,2,125,VECTOR_FIRST_HNSW,two_categories,category_07,963,False,2,0.1991,"[0.10,0.25)",24.063417,1.0,False,exact_bitmap,HNSW_HYBRID,False
2026-08-30T19:54:36.754+00:00,heldout,2,125,HNSW_HYBRID,two_categories,category_07,963,False,2,0.1991,"[0.10,0.25)",19.073042,1.0,False,exact_bitmap,HNSW_HYBRID,True
2026-08-30T19:54:36.774+00:00,heldout,2,125,IVFFLAT_HYBRID,two_categories,category_07,963,False,2,0.1991,"[0.10,0.25)",19.300167,1.0,False,exact_bitmap,HNSW_HYBRID,False
2026-08-30T19:54:36.789+00:00,heldout,0,99,SQL_FIRST,single_category,category_01,26,False,1,0.098665,"[0.05,0.10)",12.816917,1.0,True,exact_bitmap,HNSW_HYBRID,False
2026-08-30T19:54:36.815+00:00,heldout,0,99,VECTOR_FIRST_HNSW,single_category,category_01,26,False,1,0.098665,"[0.05,0.10)",24.542709,0.7,False,exact_bitmap,HNSW_HYBRID,False
2026-08-30T19:54:36.827+00:00,heldout,0,99,HNSW_HYBRID,single_category,category_01,26,False,1,0.098665,"[0.05,0.10)",11.009542,1.0,False,exact_bitmap,HNSW_HYBRID,True
2026-08-30T19:54:36.840+00:00,heldout,0,99,IVFFLAT_HYBRID,single_category,category_01,26,False,1,0.098665,"[0.05,0.10)",11.440125,1.0,False,exact_bitmap,HNSW_HYBRID,False
2026-08-30T19:54:36.851+00:00,heldout,1,99,SQL_FIRST,single_category,category_01,26,False,1,0.098665,"[0.05,0.10)",11.385625,1.0,True,exact_bitmap,HNSW_HYBRID,False
2026-08-30T19:54:36.875+00:00,heldout,1,99,VECTOR_FIRST_HNSW,single_category,category_01,26,False,1,0.098665,"[0.05,0.10)",23.247291,0.7,False,exact_bitmap,HNSW_HYBRID,False
2026-08-30T19:54:36.888+00:00,heldout,1,99,HNSW_HYBRID,single_category,category_01,26,False,1,0.098665,"[0.05,0.10)",11.625333,1.0,False,exact_bitmap,HNSW_HYBRID,True
2026-08-30T19:54:36.900+00:00,heldout,1,99,IVFFLAT_HYBRID,single_category,category_01,26,False,1,0.098665,"[0.05,0.10)",11.4095,1.0,False,exact_bitmap,HNSW_HYBRID,False
2026-08-30T19:54:36.912+00:00,heldout,2,99,SQL_FIRST,single_category,category_01,26,False,1,0.098665,"[0.05,0.10)",11.224583,1.0,True,exact_bitmap,HNSW_HYBRID,False
2026-08-30T19:54:36.936+00:00,heldout,2,99,VECTOR_FIRST_HNSW,single_category,category_01,26,False,1,0.098665,"[0.05,0.10)",23.492708,0.7,False,exact_bitmap,HNSW_HYBRID,False
2026-08-30T19:54:36.948+00:00,heldout,2,99,HNSW_HYBRID,single_category,category_01,26,False,1,0.098665,"[0.05,0.10)",11.346375,1.0,False,exact_bitmap,HNSW_HYBRID,True
2026-08-30T19:54:36.960+00:00,heldout,2,99,IVFFLAT_HYBRID,single_category,category_01,26,False,1,0.098665,"[0.05,0.10)",11.259875,1.0,False,exact_bitmap,HNSW_HYBRID,False
2026-08-30T19:54:36.974+00:00,heldout,0,139,SQL_FIRST,price_range_mid,category_05,126,False,2,0.10396,"[0.10,0.25)",12.58825,1.0,True,exact_bitmap,HNSW_HYBRID,False
2026-08-30T19:54:37.001+00:00,heldout,0,139,VECTOR_FIRST_HNSW,price_range_mid,category_05,126,False,2,0.10396,"[0.10,0.25)",25.848833,0.7,False,exact_bitmap,HNSW_HYBRID,False
2026-08-30T19:54:37.013+00:00,heldout,0,139,HNSW_HYBRID,price_range_mid,category_05,126,False,2,0.10396,"[0.10,0.25)",11.534583,1.0,False,exact_bitmap,HNSW_HYBRID,True
2026-08-30T19:54:37.026+00:00,heldout,0,139,IVFFLAT_HYBRID,price_range_mid,category_05,126,False,2,0.10396,"[0.10,0.25)",11.950291,1.0,False,exact_bitmap,HNSW_HYBRID,False
2026-08-30T19:54:37.038+00:00,heldout,1,139,SQL_FIRST,price_range_mid,category_05,126,False,2,0.10396,"[0.10,0.25)",12.114458,1.0,True,exact_bitmap,HNSW_HYBRID,False
2026-08-30T19:54:37.062+00:00,heldout,1,139,VECTOR_FIRST_HNSW,price_range_mid,category_05,126,False,2,0.10396,"[0.10,0.25)",23.547583,0.7,False,exact_bitmap,HNSW_HYBRID,False
2026-08-30T19:54:37.074+00:00,heldout,1,139,HNSW_HYBRID,price_range_mid,category_05,126,False,2,0.10396,"[0.10,0.25)",11.882917,1.0,False,exact_bitmap,HNSW_HYBRID,True
2026-08-30T19:54:37.087+00:00,heldout,1,139,IVFFLAT_HYBRID,price_range_mid,category_05,126,False,2,0.10396,"[0.10,0.25)",11.807125,1.0,False,exact_bitmap,HNSW_HYBRID,False
2026-08-30T19:54:37.099+00:00,heldout,2,139,SQL_FIRST,price_range_mid,category_05,126,False,2,0.10396,"[0.10,0.25)",11.700458,1.0,True,exact_bitmap,HNSW_HYBRID,False
2026-08-30T19:54:37.123+00:00,heldout,2,139,VECTOR_FIRST_HNSW,price_range_mid,category_05,126,False,2,0.10396,"[0.10,0.25)",23.911958,0.7,False,exact_bitmap,HNSW_HYBRID,False
2026-08-30T19:54:37.137+00:00,heldout,2,139,HNSW_HYBRID,price_range_mid,category_05,126,False,2,0.10396,"[0.10,0.25)",13.1325,1.0,False,exact_bitmap,HNSW_HYBRID,True
2026-08-30T19:54:37.150+00:00,heldout,2,139,IVFFLAT_HYBRID,price_range_mid,category_05,126,False,2,0.10396,"[0.10,0.25)",12.705083,1.0,False,exact_bitmap,HNSW_HYBRID,False
2026-08-30T19:54:37.154+00:00,heldout,0,9,SQL_FIRST,category_narrow_price,category_04,406,True,0,0.00505,"[0.00,0.05)",2.859333,1.0,True,exact_bitmap,SQL_FIRST,True
2026-08-30T19:54:37.178+00:00,heldout,0,9,VECTOR_FIRST_HNSW,category_narrow_price,category_04,406,True,0,0.00505,"[0.00,0.05)",23.351334,0.1,False,exact_bitmap,SQL_FIRST,False
2026-08-30T19:54:37.182+00:00,heldout,0,9,HNSW_HYBRID,category_narrow_price,category_04,406,True,0,0.00505,"[0.00,0.05)",2.710542,1.0,False,exact_bitmap,SQL_FIRST,False
2026-08-30T19:54:37.187+00:00,heldout,0,9,IVFFLAT_HYBRID,category_narrow_price,category_04,406,True,0,0.00505,"[0.00,0.05)",2.936041,1.0,False,exact_bitmap,SQL_FIRST,False
2026-08-30T19:54:37.189+00:00,heldout,1,9,SQL_FIRST,category_narrow_price,category_04,406,True,0,0.00505,"[0.00,0.05)",2.307709,1.0,True,exact_bitmap,SQL_FIRST,True
2026-08-30T19:54:37.213+00:00,heldout,1,9,VECTOR_FIRST_HNSW,category_narrow_price,category_04,406,True,0,0.00505,"[0.00,0.05)",23.273167,0.1,False,exact_bitmap,SQL_FIRST,False
2026-08-30T19:54:37.218+00:00,heldout,1,9,HNSW_HYBRID,category_narrow_price,category_04,406,True,0,0.00505,"[0.00,0.05)",4.203583,1.0,False,exact_bitmap,SQL_FIRST,False
2026-08-30T19:54:37.221+00:00,heldout,1,9,IVFFLAT_HYBRID,category_narrow_price,category_04,406,True,0,0.00505,"[0.00,0.05)",2.358167,1.0,False,exact_bitmap,SQL_FIRST,False
2026-08-30T19:54:37.223+00:00,heldout,2,9,SQL_FIRST,category_narrow_price,category_04,406,True,0,0.00505,"[0.00,0.05)",2.311041,1.0,True,exact_bitmap,SQL_FIRST,True
2026-08-30T19:54:37.247+00:00,heldout,2,9,VECTOR_FIRST_HNSW,category_narrow_price,category_04,406,True,0,0.00505,"[0.00,0.05)",23.215916,0.1,False,exact_bitmap,SQL_FIRST,False
2026-08-30T19:54:37.252+00:00,heldout,2,9,HNSW_HYBRID,category_narrow_price,category_04,406,True,0,0.00505,"[0.00,0.05)",4.209,1.0,False,exact_bitmap,SQL_FIRST,False
2026-08-30T19:54:37.255+00:00,heldout,2,9,IVFFLAT_HYBRID,category_narrow_price,category_04,406,True,0,0.00505,"[0.00,0.05)",2.8335,1.0,False,exact_bitmap,SQL_FIRST,False
2026-08-30T19:54:37.285+00:00,heldout,0,248,SQL_FIRST,wide_or,category_04,657,False,4,0.842725,"[0.50,1.00)",26.532875,1.0,True,exact_seq,VECTOR_FIRST_HNSW,False
2026-08-30T19:54:37.310+00:00,heldout,0,248,VECTOR_FIRST_HNSW,wide_or,category_04,657,False,4,0.842725,"[0.50,1.00)",23.387584,1.0,False,exact_bitmap,VECTOR_FIRST_HNSW,True
2026-08-30T19:54:37.336+00:00,heldout,0,248,HNSW_HYBRID,wide_or,category_04,657,False,4,0.842725,"[0.50,1.00)",24.992125,1.0,False,exact_seq,VECTOR_FIRST_HNSW,False
2026-08-30T19:54:37.363+00:00,heldout,0,248,IVFFLAT_HYBRID,wide_or,category_04,657,False,4,0.842725,"[0.50,1.00)",25.794541,1.0,False,exact_seq,VECTOR_FIRST_HNSW,False
2026-08-30T19:54:37.389+00:00,heldout,1,248,SQL_FIRST,wide_or,category_04,657,False,4,0.842725,"[0.50,1.00)",24.826166,1.0,True,exact_seq,VECTOR_FIRST_HNSW,False
2026-08-30T19:54:37.413+00:00,heldout,1,248,VECTOR_FIRST_HNSW,wide_or,category_04,657,False,4,0.842725,"[0.50,1.00)",24.212416,1.0,False,exact_bitmap,VECTOR_FIRST_HNSW,True
2026-08-30T19:54:37.441+00:00,heldout,1,248,HNSW_HYBRID,wide_or,category_04,657,False,4,0.842725,"[0.50,1.00)",27.34925,1.0,False,exact_seq,VECTOR_FIRST_HNSW,False
2026-08-30T19:54:37.469+00:00,heldout,1,248,IVFFLAT_HYBRID,wide_or,category_04,657,False,4,0.842725,"[0.50,1.00)",27.544708,1.0,False,exact_seq,VECTOR_FIRST_HNSW,False
2026-08-30T19:54:37.496+00:00,heldout,2,248,SQL_FIRST,wide_or,category_04,657,False,4,0.842725,"[0.50,1.00)",26.392292,1.0,True,exact_seq,VECTOR_FIRST_HNSW,False
2026-08-30T19:54:37.521+00:00,heldout,2,248,VECTOR_FIRST_HNSW,wide_or,category_04,657,False,4,0.842725,"[0.50,1.00)",24.408625,1.0,False,exact_bitmap,VECTOR_FIRST_HNSW,True
2026-08-30T19:54:37.548+00:00,heldout,2,248,HNSW_HYBRID,wide_or,category_04,657,False,4,0.842725,"[0.50,1.00)",26.331792,1.0,False,exact_seq,VECTOR_FIRST_HNSW,False
2026-08-30T19:54:37.574+00:00,heldout,2,248,IVFFLAT_HYBRID,wide_or,category_04,657,False,4,0.842725,"[0.50,1.00)",26.089709,1.0,False,exact_seq,VECTOR_FIRST_HNSW,False
2026-08-30T19:54:37.580+00:00,heldout,0,10,SQL_FIRST,category_narrow_price,category_00,892,True,0,0.00523,"[0.00,0.05)",2.862292,1.0,True,exact_bitmap,SQL_FIRST,True
2026-08-30T19:54:37.606+00:00,heldout,0,10,VECTOR_FIRST_HNSW,category_narrow_price,category_00,892,True,0,0.00523,"[0.00,0.05)",25.034708,0.0,False,exact_bitmap,SQL_FIRST,False
2026-08-30T19:54:37.610+00:00,heldout,0,10,HNSW_HYBRID,category_narrow_price,category_00,892,True,0,0.00523,"[0.00,0.05)",2.637084,1.0,False,exact_bitmap,SQL_FIRST,False
2026-08-30T19:54:37.613+00:00,heldout,0,10,IVFFLAT_HYBRID,category_narrow_price,category_00,892,True,0,0.00523,"[0.00,0.05)",2.177333,1.0,False,exact_bitmap,SQL_FIRST,False
2026-08-30T19:54:37.615+00:00,heldout,1,10,SQL_FIRST,category_narrow_price,category_00,892,True,0,0.00523,"[0.00,0.05)",2.413958,1.0,True,exact_bitmap,SQL_FIRST,True
2026-08-30T19:54:37.640+00:00,heldout,1,10,VECTOR_FIRST_HNSW,category_narrow_price,category_00,892,True,0,0.00523,"[0.00,0.05)",24.617291,0.0,False,exact_bitmap,SQL_FIRST,False
2026-08-30T19:54:37.644+00:00,heldout,1,10,HNSW_HYBRID,category_narrow_price,category_00,892,True,0,0.00523,"[0.00,0.05)",2.989458,1.0,False,exact_bitmap,SQL_FIRST,False
2026-08-30T19:54:37.647+00:00,heldout,1,10,IVFFLAT_HYBRID,category_narrow_price,category_00,892,True,0,0.00523,"[0.00,0.05)",2.719042,1.0,False,exact_bitmap,SQL_FIRST,False
2026-08-30T19:54:37.651+00:00,heldout,2,10,SQL_FIRST,category_narrow_price,category_00,892,True,0,0.00523,"[0.00,0.05)",3.907333,1.0,True,exact_bitmap,SQL_FIRST,True
2026-08-30T19:54:37.677+00:00,heldout,2,10,VECTOR_FIRST_HNSW,category_narrow_price,category_00,892,True,0,0.00523,"[0.00,0.05)",25.1605,0.0,False,exact_bitmap,SQL_FIRST,False
2026-08-30T19:54:37.680+00:00,heldout,2,10,HNSW_HYBRID,category_narrow_price,category_00,892,True,0,0.00523,"[0.00,0.05)",2.864791,1.0,False,exact_bitmap,SQL_FIRST,False
2026-08-30T19:54:37.683+00:00,heldout,2,10,IVFFLAT_HYBRID,category_narrow_price,category_00,892,True,0,0.00523,"[0.00,0.05)",2.14825,1.0,False,exact_bitmap,SQL_FIRST,False
2026-08-30T19:54:37.699+00:00,heldout,0,126,SQL_FIRST,single_category_alone,category_07,436,True,2,0.100435,"[0.10,0.25)",11.820166,1.0,True,exact_bitmap,HNSW_HYBRID,False
2026-08-30T19:54:37.724+00:00,heldout,0,126,VECTOR_FIRST_HNSW,single_category_alone,category_07,436,True,2,0.100435,"[0.10,0.25)",24.655334,1.0,False,exact_bitmap,HNSW_HYBRID,False
2026-08-30T19:54:37.737+00:00,heldout,0,126,HNSW_HYBRID,single_category_alone,category_07,436,True,2,0.100435,"[0.10,0.25)",11.768125,1.0,False,exact_bitmap,HNSW_HYBRID,True
2026-08-30T19:54:37.752+00:00,heldout,0,126,IVFFLAT_HYBRID,single_category_alone,category_07,436,True,2,0.100435,"[0.10,0.25)",11.808584,1.0,False,exact_bitmap,HNSW_HYBRID,False
2026-08-30T19:54:37.764+00:00,heldout,1,126,SQL_FIRST,single_category_alone,category_07,436,True,2,0.100435,"[0.10,0.25)",11.714042,1.0,True,exact_bitmap,HNSW_HYBRID,False
2026-08-30T19:54:37.790+00:00,heldout,1,126,VECTOR_FIRST_HNSW,single_category_alone,category_07,436,True,2,0.100435,"[0.10,0.25)",24.815292,1.0,False,exact_bitmap,HNSW_HYBRID,False
2026-08-30T19:54:37.802+00:00,heldout,1,126,HNSW_HYBRID,single_category_alone,category_07,436,True,2,0.100435,"[0.10,0.25)",12.241042,1.0,False,exact_bitmap,HNSW_HYBRID,True
2026-08-30T19:54:37.815+00:00,heldout,1,126,IVFFLAT_HYBRID,single_category_alone,category_07,436,True,2,0.100435,"[0.10,0.25)",11.992333,1.0,False,exact_bitmap,HNSW_HYBRID,False
2026-08-30T19:54:37.827+00:00,heldout,2,126,SQL_FIRST,single_category_alone,category_07,436,True,2,0.100435,"[0.10,0.25)",12.036791,1.0,True,exact_bitmap,HNSW_HYBRID,False
2026-08-30T19:54:37.853+00:00,heldout,2,126,VECTOR_FIRST_HNSW,single_category_alone,category_07,436,True,2,0.100435,"[0.10,0.25)",24.609958,1.0,False,exact_bitmap,HNSW_HYBRID,False
2026-08-30T19:54:37.865+00:00,heldout,2,126,HNSW_HYBRID,single_category_alone,category_07,436,True,2,0.100435,"[0.10,0.25)",11.859917,1.0,False,exact_bitmap,HNSW_HYBRID,True
2026-08-30T19:54:37.879+00:00,heldout,2,126,IVFFLAT_HYBRID,single_category_alone,category_07,436,True,2,0.100435,"[0.10,0.25)",13.329208,1.0,False,exact_bitmap,HNSW_HYBRID,False
2026-08-30T19:54:37.886+00:00,heldout,0,1,SQL_FIRST,category_narrow_price,category_05,205,False,0,0.005045,"[0.00,0.05)",4.270542,1.0,True,exact_bitmap,SQL_FIRST,True
2026-08-30T19:54:37.912+00:00,heldout,0,1,VECTOR_FIRST_HNSW,category_narrow_price,category_05,205,False,0,0.005045,"[0.00,0.05)",24.638292,0.1,False,exact_bitmap,SQL_FIRST,False
2026-08-30T19:54:37.916+00:00,heldout,0,1,HNSW_HYBRID,category_narrow_price,category_05,205,False,0,0.005045,"[0.00,0.05)",2.643792,1.0,False,exact_bitmap,SQL_FIRST,False
2026-08-30T19:54:37.919+00:00,heldout,0,1,IVFFLAT_HYBRID,category_narrow_price,category_05,205,False,0,0.005045,"[0.00,0.05)",2.595292,1.0,False,exact_bitmap,SQL_FIRST,False
2026-08-30T19:54:37.922+00:00,heldout,1,1,SQL_FIRST,category_narrow_price,category_05,205,False,0,0.005045,"[0.00,0.05)",2.373125,1.0,True,exact_bitmap,SQL_FIRST,True
2026-08-30T19:54:37.947+00:00,heldout,1,1,VECTOR_FIRST_HNSW,category_narrow_price,category_05,205,False,0,0.005045,"[0.00,0.05)",25.032958,0.1,False,exact_bitmap,SQL_FIRST,False
2026-08-30T19:54:37.951+00:00,heldout,1,1,HNSW_HYBRID,category_narrow_price,category_05,205,False,0,0.005045,"[0.00,0.05)",2.901875,1.0,False,exact_bitmap,SQL_FIRST,False
2026-08-30T19:54:37.954+00:00,heldout,1,1,IVFFLAT_HYBRID,category_narrow_price,category_05,205,False,0,0.005045,"[0.00,0.05)",2.3135,1.0,False,exact_bitmap,SQL_FIRST,False
2026-08-30T19:54:37.956+00:00,heldout,2,1,SQL_FIRST,category_narrow_price,category_05,205,False,0,0.005045,"[0.00,0.05)",2.26575,1.0,True,exact_bitmap,SQL_FIRST,True
2026-08-30T19:54:37.983+00:00,heldout,2,1,VECTOR_FIRST_HNSW,category_narrow_price,category_05,205,False,0,0.005045,"[0.00,0.05)",26.187834,0.1,False,exact_bitmap,SQL_FIRST,False
2026-08-30T19:54:37.986+00:00,heldout,2,1,HNSW_HYBRID,category_narrow_price,category_05,205,False,0,0.005045,"[0.00,0.05)",2.875791,1.0,False,exact_bitmap,SQL_FIRST,False
2026-08-30T19:54:37.989+00:00,heldout,2,1,IVFFLAT_HYBRID,category_narrow_price,category_05,205,False,0,0.005045,"[0.00,0.05)",2.858708,1.0,False,exact_bitmap,SQL_FIRST,False
2026-08-30T19:54:38.004+00:00,heldout,0,129,SQL_FIRST,price_range_mid,category_05,333,False,2,0.100885,"[0.10,0.25)",13.388292,1.0,True,exact_bitmap,HNSW_HYBRID,False
2026-08-30T19:54:38.030+00:00,heldout,0,129,VECTOR_FIRST_HNSW,price_range_mid,category_05,333,False,2,0.100885,"[0.10,0.25)",25.1635,1.0,False,exact_bitmap,HNSW_HYBRID,False
2026-08-30T19:54:38.043+00:00,heldout,0,129,HNSW_HYBRID,price_range_mid,category_05,333,False,2,0.100885,"[0.10,0.25)",12.166375,1.0,False,exact_bitmap,HNSW_HYBRID,True
2026-08-30T19:54:38.056+00:00,heldout,0,129,IVFFLAT_HYBRID,price_range_mid,category_05,333,False,2,0.100885,"[0.10,0.25)",12.288333,1.0,False,exact_bitmap,HNSW_HYBRID,False
2026-08-30T19:54:38.069+00:00,heldout,1,129,SQL_FIRST,price_range_mid,category_05,333,False,2,0.100885,"[0.10,0.25)",12.407417,1.0,True,exact_bitmap,HNSW_HYBRID,False
2026-08-30T19:54:38.094+00:00,heldout,1,129,VECTOR_FIRST_HNSW,price_range_mid,category_05,333,False,2,0.100885,"[0.10,0.25)",24.665,1.0,False,exact_bitmap,HNSW_HYBRID,False
2026-08-30T19:54:38.107+00:00,heldout,1,129,HNSW_HYBRID,price_range_mid,category_05,333,False,2,0.100885,"[0.10,0.25)",12.038416,1.0,False,exact_bitmap,HNSW_HYBRID,True
2026-08-30T19:54:38.120+00:00,heldout,1,129,IVFFLAT_HYBRID,price_range_mid,category_05,333,False,2,0.100885,"[0.10,0.25)",12.483666,1.0,False,exact_bitmap,HNSW_HYBRID,False
2026-08-30T19:54:38.133+00:00,heldout,2,129,SQL_FIRST,price_range_mid,category_05,333,False,2,0.100885,"[0.10,0.25)",12.807458,1.0,True,exact_bitmap,HNSW_HYBRID,False
2026-08-30T19:54:38.159+00:00,heldout,2,129,VECTOR_FIRST_HNSW,price_range_mid,category_05,333,False,2,0.100885,"[0.10,0.25)",25.366792,1.0,False,exact_bitmap,HNSW_HYBRID,False
2026-08-30T19:54:38.171+00:00,heldout,2,129,HNSW_HYBRID,price_range_mid,category_05,333,False,2,0.100885,"[0.10,0.25)",12.363791,1.0,False,exact_bitmap,HNSW_HYBRID,True
2026-08-30T19:54:38.184+00:00,heldout,2,129,IVFFLAT_HYBRID,price_range_mid,category_05,333,False,2,0.100885,"[0.10,0.25)",12.462541,1.0,False,exact_bitmap,HNSW_HYBRID,False
2026-08-30T19:54:38.213+00:00,heldout,0,201,SQL_FIRST,wide_or,category_06,919,True,4,0.962845,"[0.50,1.00)",26.737541,1.0,True,exact_seq,VECTOR_FIRST_HNSW,False
2026-08-30T19:54:38.238+00:00,heldout,0,201,VECTOR_FIRST_HNSW,wide_or,category_06,919,True,4,0.962845,"[0.50,1.00)",24.193792,1.0,False,exact_bitmap,VECTOR_FIRST_HNSW,True
2026-08-30T19:54:38.269+00:00,heldout,0,201,HNSW_HYBRID,wide_or,category_06,919,True,4,0.962845,"[0.50,1.00)",27.432542,1.0,False,exact_seq,VECTOR_FIRST_HNSW,False
2026-08-30T19:54:38.298+00:00,heldout,0,201,IVFFLAT_HYBRID,wide_or,category_06,919,True,4,0.962845,"[0.50,1.00)",27.558917,1.0,False,exact_seq,VECTOR_FIRST_HNSW,False
2026-08-30T19:54:38.326+00:00,heldout,1,201,SQL_FIRST,wide_or,category_06,919,True,4,0.962845,"[0.50,1.00)",27.610042,1.0,True,exact_seq,VECTOR_FIRST_HNSW,False
2026-08-30T19:54:38.351+00:00,heldout,1,201,VECTOR_FIRST_HNSW,wide_or,category_06,919,True,4,0.962845,"[0.50,1.00)",24.448542,1.0,False,exact_bitmap,VECTOR_FIRST_HNSW,True
2026-08-30T19:54:38.394+00:00,heldout,1,201,HNSW_HYBRID,wide_or,category_06,919,True,4,0.962845,"[0.50,1.00)",42.696667,1.0,False,exact_seq,VECTOR_FIRST_HNSW,False
2026-08-30T19:54:38.427+00:00,heldout,1,201,IVFFLAT_HYBRID,wide_or,category_06,919,True,4,0.962845,"[0.50,1.00)",32.110667,1.0,False,exact_seq,VECTOR_FIRST_HNSW,False
2026-08-30T19:54:38.456+00:00,heldout,2,201,SQL_FIRST,wide_or,category_06,919,True,4,0.962845,"[0.50,1.00)",29.100167,1.0,True,exact_seq,VECTOR_FIRST_HNSW,False
2026-08-30T19:54:38.484+00:00,heldout,2,201,VECTOR_FIRST_HNSW,wide_or,category_06,919,True,4,0.962845,"[0.50,1.00)",27.276417,1.0,False,exact_bitmap,VECTOR_FIRST_HNSW,True
2026-08-30T19:54:38.513+00:00,heldout,2,201,HNSW_HYBRID,wide_or,category_06,919,True,4,0.962845,"[0.50,1.00)",28.4585,1.0,False,exact_seq,VECTOR_FIRST_HNSW,False
2026-08-30T19:54:38.542+00:00,heldout,2,201,IVFFLAT_HYBRID,wide_or,category_06,919,True,4,0.962845,"[0.50,1.00)",28.48975,1.0,False,exact_seq,VECTOR_FIRST_HNSW,False
2026-08-30T19:54:38.554+00:00,heldout,0,22,SQL_FIRST,category_and_stock,category_06,754,False,0,0.049685,"[0.00,0.05)",10.34725,1.0,True,exact_bitmap,SQL_FIRST,True
2026-08-30T19:54:38.583+00:00,heldout,0,22,VECTOR_FIRST_HNSW,category_and_stock,category_06,754,False,0,0.049685,"[0.00,0.05)",27.264334,0.7,False,exact_bitmap,SQL_FIRST,False
2026-08-30T19:54:38.594+00:00,heldout,0,22,HNSW_HYBRID,category_and_stock,category_06,754,False,0,0.049685,"[0.00,0.05)",9.664542,1.0,False,exact_bitmap,SQL_FIRST,False
2026-08-30T19:54:38.606+00:00,heldout,0,22,IVFFLAT_HYBRID,category_and_stock,category_06,754,False,0,0.049685,"[0.00,0.05)",11.057833,1.0,False,exact_bitmap,SQL_FIRST,False
2026-08-30T19:54:38.617+00:00,heldout,1,22,SQL_FIRST,category_and_stock,category_06,754,False,0,0.049685,"[0.00,0.05)",10.245167,1.0,True,exact_bitmap,SQL_FIRST,True
2026-08-30T19:54:38.646+00:00,heldout,1,22,VECTOR_FIRST_HNSW,category_and_stock,category_06,754,False,0,0.049685,"[0.00,0.05)",25.710125,0.7,False,exact_bitmap,SQL_FIRST,False
2026-08-30T19:54:38.656+00:00,heldout,1,22,HNSW_HYBRID,category_and_stock,category_06,754,False,0,0.049685,"[0.00,0.05)",10.214708,1.0,False,exact_bitmap,SQL_FIRST,False
2026-08-30T19:54:38.672+00:00,heldout,1,22,IVFFLAT_HYBRID,category_and_stock,category_06,754,False,0,0.049685,"[0.00,0.05)",14.973916,1.0,False,exact_bitmap,SQL_FIRST,False
2026-08-30T19:54:38.684+00:00,heldout,2,22,SQL_FIRST,category_and_stock,category_06,754,False,0,0.049685,"[0.00,0.05)",11.5445,1.0,True,exact_bitmap,SQL_FIRST,True
2026-08-30T19:54:38.715+00:00,heldout,2,22,VECTOR_FIRST_HNSW,category_and_stock,category_06,754,False,0,0.049685,"[0.00,0.05)",29.785084,0.7,False,exact_bitmap,SQL_FIRST,False
2026-08-30T19:54:38.726+00:00,heldout,2,22,HNSW_HYBRID,category_and_stock,category_06,754,False,0,0.049685,"[0.00,0.05)",10.978833,1.0,False,exact_bitmap,SQL_FIRST,False
2026-08-30T19:54:38.738+00:00,heldout,2,22,IVFFLAT_HYBRID,category_and_stock,category_06,754,False,0,0.049685,"[0.00,0.05)",11.088917,1.0,False,exact_bitmap,SQL_FIRST,False
2026-08-30T19:54:38.754+00:00,heldout,0,77,SQL_FIRST,single_category,category_08,431,False,1,0.098665,"[0.05,0.10)",13.884958,1.0,True,exact_bitmap,HNSW_HYBRID,False
2026-08-30T19:54:38.791+00:00,heldout,0,77,VECTOR_FIRST_HNSW,single_category,category_08,431,False,1,0.098665,"[0.05,0.10)",35.795125,1.0,False,exact_bitmap,HNSW_HYBRID,False
2026-08-30T19:54:38.808+00:00,heldout,0,77,HNSW_HYBRID,single_category,category_08,431,False,1,0.098665,"[0.05,0.10)",15.641417,1.0,False,exact_bitmap,HNSW_HYBRID,True
2026-08-30T19:54:38.840+00:00,heldout,0,77,IVFFLAT_HYBRID,single_category,category_08,431,False,1,0.098665,"[0.05,0.10)",30.074375,1.0,False,exact_bitmap,HNSW_HYBRID,False
2026-08-30T19:54:38.860+00:00,heldout,1,77,SQL_FIRST,single_category,category_08,431,False,1,0.098665,"[0.05,0.10)",19.878542,1.0,True,exact_bitmap,HNSW_HYBRID,False
2026-08-30T19:54:38.890+00:00,heldout,1,77,VECTOR_FIRST_HNSW,single_category,category_08,431,False,1,0.098665,"[0.05,0.10)",29.164875,1.0,False,exact_bitmap,HNSW_HYBRID,False
2026-08-30T19:54:38.903+00:00,heldout,1,77,HNSW_HYBRID,single_category,category_08,431,False,1,0.098665,"[0.05,0.10)",12.627333,1.0,False,exact_bitmap,HNSW_HYBRID,True
2026-08-30T19:54:38.915+00:00,heldout,1,77,IVFFLAT_HYBRID,single_category,category_08,431,False,1,0.098665,"[0.05,0.10)",12.356916,1.0,False,exact_bitmap,HNSW_HYBRID,False
2026-08-30T19:54:38.929+00:00,heldout,2,77,SQL_FIRST,single_category,category_08,431,False,1,0.098665,"[0.05,0.10)",12.866625,1.0,True,exact_bitmap,HNSW_HYBRID,False
2026-08-30T19:54:38.959+00:00,heldout,2,77,VECTOR_FIRST_HNSW,single_category,category_08,431,False,1,0.098665,"[0.05,0.10)",29.433625,1.0,False,exact_bitmap,HNSW_HYBRID,False
2026-08-30T19:54:38.974+00:00,heldout,2,77,HNSW_HYBRID,single_category,category_08,431,False,1,0.098665,"[0.05,0.10)",14.09275,1.0,False,exact_bitmap,HNSW_HYBRID,True
2026-08-30T19:54:38.989+00:00,heldout,2,77,IVFFLAT_HYBRID,single_category,category_08,431,False,1,0.098665,"[0.05,0.10)",14.742916,1.0,False,exact_bitmap,HNSW_HYBRID,False
2026-08-30T19:54:39.005+00:00,heldout,0,118,SQL_FIRST,price_range_mid,category_02,114,True,2,0.102585,"[0.10,0.25)",15.401125,1.0,True,exact_bitmap,HNSW_HYBRID,False
2026-08-30T19:54:39.031+00:00,heldout,0,118,VECTOR_FIRST_HNSW,price_range_mid,category_02,114,True,2,0.102585,"[0.10,0.25)",24.93,1.0,False,exact_bitmap,HNSW_HYBRID,False
2026-08-30T19:54:39.044+00:00,heldout,0,118,HNSW_HYBRID,price_range_mid,category_02,114,True,2,0.102585,"[0.10,0.25)",11.823542,1.0,False,exact_bitmap,HNSW_HYBRID,True
2026-08-30T19:54:39.057+00:00,heldout,0,118,IVFFLAT_HYBRID,price_range_mid,category_02,114,True,2,0.102585,"[0.10,0.25)",12.271125,1.0,False,exact_bitmap,HNSW_HYBRID,False
2026-08-30T19:54:39.069+00:00,heldout,1,118,SQL_FIRST,price_range_mid,category_02,114,True,2,0.102585,"[0.10,0.25)",11.989791,1.0,True,exact_bitmap,HNSW_HYBRID,False
2026-08-30T19:54:39.094+00:00,heldout,1,118,VECTOR_FIRST_HNSW,price_range_mid,category_02,114,True,2,0.102585,"[0.10,0.25)",24.626208,1.0,False,exact_bitmap,HNSW_HYBRID,False
2026-08-30T19:54:39.106+00:00,heldout,1,118,HNSW_HYBRID,price_range_mid,category_02,114,True,2,0.102585,"[0.10,0.25)",12.06075,1.0,False,exact_bitmap,HNSW_HYBRID,True
2026-08-30T19:54:39.119+00:00,heldout,1,118,IVFFLAT_HYBRID,price_range_mid,category_02,114,True,2,0.102585,"[0.10,0.25)",12.063958,1.0,False,exact_bitmap,HNSW_HYBRID,False
2026-08-30T19:54:39.132+00:00,heldout,2,118,SQL_FIRST,price_range_mid,category_02,114,True,2,0.102585,"[0.10,0.25)",12.976125,1.0,True,exact_bitmap,HNSW_HYBRID,False
2026-08-30T19:54:39.162+00:00,heldout,2,118,VECTOR_FIRST_HNSW,price_range_mid,category_02,114,True,2,0.102585,"[0.10,0.25)",28.513458,1.0,False,exact_bitmap,HNSW_HYBRID,False
2026-08-30T19:54:39.175+00:00,heldout,2,118,HNSW_HYBRID,price_range_mid,category_02,114,True,2,0.102585,"[0.10,0.25)",12.026667,1.0,False,exact_bitmap,HNSW_HYBRID,True
2026-08-30T19:54:39.187+00:00,heldout,2,118,IVFFLAT_HYBRID,price_range_mid,category_02,114,True,2,0.102585,"[0.10,0.25)",12.118333,1.0,False,exact_bitmap,HNSW_HYBRID,False
2026-08-30T19:54:39.203+00:00,heldout,0,67,SQL_FIRST,single_category,category_01,546,False,1,0.098665,"[0.05,0.10)",13.195333,1.0,True,exact_bitmap,HNSW_HYBRID,False
2026-08-30T19:54:39.230+00:00,heldout,0,67,VECTOR_FIRST_HNSW,single_category,category_01,546,False,1,0.098665,"[0.05,0.10)",26.420708,0.8,False,exact_bitmap,HNSW_HYBRID,False
2026-08-30T19:54:39.243+00:00,heldout,0,67,HNSW_HYBRID,single_category,category_01,546,False,1,0.098665,"[0.05,0.10)",11.979541,1.0,False,exact_bitmap,HNSW_HYBRID,True
2026-08-30T19:54:39.257+00:00,heldout,0,67,IVFFLAT_HYBRID,single_category,category_01,546,False,1,0.098665,"[0.05,0.10)",11.925375,1.0,False,exact_bitmap,HNSW_HYBRID,False
2026-08-30T19:54:39.269+00:00,heldout,1,67,SQL_FIRST,single_category,category_01,546,False,1,0.098665,"[0.05,0.10)",11.474792,1.0,True,exact_bitmap,HNSW_HYBRID,False
2026-08-30T19:54:39.303+00:00,heldout,1,67,VECTOR_FIRST_HNSW,single_category,category_01,546,False,1,0.098665,"[0.05,0.10)",33.754333,0.8,False,exact_bitmap,HNSW_HYBRID,False
2026-08-30T19:54:39.326+00:00,heldout,1,67,HNSW_HYBRID,single_category,category_01,546,False,1,0.098665,"[0.05,0.10)",22.295875,1.0,False,exact_bitmap,HNSW_HYBRID,True
2026-08-30T19:54:39.357+00:00,heldout,1,67,IVFFLAT_HYBRID,single_category,category_01,546,False,1,0.098665,"[0.05,0.10)",30.5625,1.0,False,exact_bitmap,HNSW_HYBRID,False
2026-08-30T19:54:39.374+00:00,heldout,2,67,SQL_FIRST,single_category,category_01,546,False,1,0.098665,"[0.05,0.10)",16.747,1.0,True,exact_bitmap,HNSW_HYBRID,False
2026-08-30T19:54:39.414+00:00,heldout,2,67,VECTOR_FIRST_HNSW,single_category,category_01,546,False,1,0.098665,"[0.05,0.10)",39.306416,0.8,False,exact_bitmap,HNSW_HYBRID,False
2026-08-30T19:54:39.457+00:00,heldout,2,67,HNSW_HYBRID,single_category,category_01,546,False,1,0.098665,"[0.05,0.10)",41.6025,1.0,False,exact_bitmap,HNSW_HYBRID,True
2026-08-30T19:54:39.613+00:00,heldout,2,67,IVFFLAT_HYBRID,single_category,category_01,546,False,1,0.098665,"[0.05,0.10)",156.344875,1.0,False,exact_bitmap,HNSW_HYBRID,False
2026-08-30T19:54:39.622+00:00,heldout,0,34,SQL_FIRST,category_narrow_price,category_05,464,True,0,0.004845,"[0.00,0.05)",3.229417,1.0,True,exact_bitmap,SQL_FIRST,True
2026-08-30T19:54:39.649+00:00,heldout,0,34,VECTOR_FIRST_HNSW,category_narrow_price,category_05,464,True,0,0.004845,"[0.00,0.05)",26.272833,0.3,False,exact_bitmap,SQL_FIRST,False
2026-08-30T19:54:39.652+00:00,heldout,0,34,HNSW_HYBRID,category_narrow_price,category_05,464,True,0,0.004845,"[0.00,0.05)",2.952208,1.0,False,exact_bitmap,SQL_FIRST,False
2026-08-30T19:54:39.656+00:00,heldout,0,34,IVFFLAT_HYBRID,category_narrow_price,category_05,464,True,0,0.004845,"[0.00,0.05)",2.654875,1.0,False,exact_bitmap,SQL_FIRST,False
2026-08-30T19:54:39.658+00:00,heldout,1,34,SQL_FIRST,category_narrow_price,category_05,464,True,0,0.004845,"[0.00,0.05)",2.589583,1.0,True,exact_bitmap,SQL_FIRST,True
2026-08-30T19:54:39.688+00:00,heldout,1,34,VECTOR_FIRST_HNSW,category_narrow_price,category_05,464,True,0,0.004845,"[0.00,0.05)",29.307333,0.3,False,exact_bitmap,SQL_FIRST,False
2026-08-30T19:54:39.691+00:00,heldout,1,34,HNSW_HYBRID,category_narrow_price,category_05,464,True,0,0.004845,"[0.00,0.05)",3.184708,1.0,False,exact_bitmap,SQL_FIRST,False
2026-08-30T19:54:39.695+00:00,heldout,1,34,IVFFLAT_HYBRID,category_narrow_price,category_05,464,True,0,0.004845,"[0.00,0.05)",3.136417,1.0,False,exact_bitmap,SQL_FIRST,False
2026-08-30T19:54:39.698+00:00,heldout,2,34,SQL_FIRST,category_narrow_price,category_05,464,True,0,0.004845,"[0.00,0.05)",2.879333,1.0,True,exact_bitmap,SQL_FIRST,True
2026-08-30T19:54:39.728+00:00,heldout,2,34,VECTOR_FIRST_HNSW,category_narrow_price,category_05,464,True,0,0.004845,"[0.00,0.05)",29.223792,0.3,False,exact_bitmap,SQL_FIRST,False
2026-08-30T19:54:39.731+00:00,heldout,2,34,HNSW_HYBRID,category_narrow_price,category_05,464,True,0,0.004845,"[0.00,0.05)",2.979833,1.0,False,exact_bitmap,SQL_FIRST,False
2026-08-30T19:54:39.735+00:00,heldout,2,34,IVFFLAT_HYBRID,category_narrow_price,category_05,464,True,0,0.004845,"[0.00,0.05)",3.737834,1.0,False,exact_bitmap,SQL_FIRST,False
2026-08-30T19:54:39.752+00:00,heldout,0,19,SQL_FIRST,category_and_stock,category_06,966,False,0,0.049685,"[0.00,0.05)",14.063083,1.0,True,exact_bitmap,SQL_FIRST,True
2026-08-30T19:54:39.789+00:00,heldout,0,19,VECTOR_FIRST_HNSW,category_and_stock,category_06,966,False,0,0.049685,"[0.00,0.05)",36.335375,0.4,False,exact_bitmap,SQL_FIRST,False
2026-08-30T19:54:39.799+00:00,heldout,0,19,HNSW_HYBRID,category_and_stock,category_06,966,False,0,0.049685,"[0.00,0.05)",9.431208,1.0,False,exact_bitmap,SQL_FIRST,False
2026-08-30T19:54:39.810+00:00,heldout,0,19,IVFFLAT_HYBRID,category_and_stock,category_06,966,False,0,0.049685,"[0.00,0.05)",9.367625,1.0,False,exact_bitmap,SQL_FIRST,False
2026-08-30T19:54:39.820+00:00,heldout,1,19,SQL_FIRST,category_and_stock,category_06,966,False,0,0.049685,"[0.00,0.05)",9.851666,1.0,True,exact_bitmap,SQL_FIRST,True
2026-08-30T19:54:39.844+00:00,heldout,1,19,VECTOR_FIRST_HNSW,category_and_stock,category_06,966,False,0,0.049685,"[0.00,0.05)",23.623958,0.4,False,exact_bitmap,SQL_FIRST,False
2026-08-30T19:54:39.854+00:00,heldout,1,19,HNSW_HYBRID,category_and_stock,category_06,966,False,0,0.049685,"[0.00,0.05)",9.527542,1.0,False,exact_bitmap,SQL_FIRST,False
2026-08-30T19:54:39.864+00:00,heldout,1,19,IVFFLAT_HYBRID,category_and_stock,category_06,966,False,0,0.049685,"[0.00,0.05)",9.381958,1.0,False,exact_bitmap,SQL_FIRST,False
2026-08-30T19:54:39.873+00:00,heldout,2,19,SQL_FIRST,category_and_stock,category_06,966,False,0,0.049685,"[0.00,0.05)",8.860791,1.0,True,exact_bitmap,SQL_FIRST,True
2026-08-30T19:54:39.899+00:00,heldout,2,19,VECTOR_FIRST_HNSW,category_and_stock,category_06,966,False,0,0.049685,"[0.00,0.05)",25.734125,0.4,False,exact_bitmap,SQL_FIRST,False
2026-08-30T19:54:39.910+00:00,heldout,2,19,HNSW_HYBRID,category_and_stock,category_06,966,False,0,0.049685,"[0.00,0.05)",9.992166,1.0,False,exact_bitmap,SQL_FIRST,False
2026-08-30T19:54:39.922+00:00,heldout,2,19,IVFFLAT_HYBRID,category_and_stock,category_06,966,False,0,0.049685,"[0.00,0.05)",12.102583,1.0,False,exact_bitmap,SQL_FIRST,False
2026-08-30T19:54:39.945+00:00,heldout,0,97,SQL_FIRST,single_category,category_01,565,True,1,0.098665,"[0.05,0.10)",21.871375,1.0,True,exact_bitmap,HNSW_HYBRID,False
2026-08-30T19:54:40.000+00:00,heldout,0,97,VECTOR_FIRST_HNSW,single_category,category_01,565,True,1,0.098665,"[0.05,0.10)",53.437416,1.0,False,exact_bitmap,HNSW_HYBRID,False
2026-08-30T19:54:40.033+00:00,heldout,0,97,HNSW_HYBRID,single_category,category_01,565,True,1,0.098665,"[0.05,0.10)",30.889,1.0,False,exact_bitmap,HNSW_HYBRID,True
2026-08-30T19:54:40.047+00:00,heldout,0,97,IVFFLAT_HYBRID,single_category,category_01,565,True,1,0.098665,"[0.05,0.10)",13.594542,1.0,False,exact_bitmap,HNSW_HYBRID,False
2026-08-30T19:54:40.062+00:00,heldout,1,97,SQL_FIRST,single_category,category_01,565,True,1,0.098665,"[0.05,0.10)",14.717042,1.0,True,exact_bitmap,HNSW_HYBRID,False
2026-08-30T19:54:40.094+00:00,heldout,1,97,VECTOR_FIRST_HNSW,single_category,category_01,565,True,1,0.098665,"[0.05,0.10)",31.072334,1.0,False,exact_bitmap,HNSW_HYBRID,False
2026-08-30T19:54:40.131+00:00,heldout,1,97,HNSW_HYBRID,single_category,category_01,565,True,1,0.098665,"[0.05,0.10)",35.206334,1.0,False,exact_bitmap,HNSW_HYBRID,True
2026-08-30T19:54:40.159+00:00,heldout,1,97,IVFFLAT_HYBRID,single_category,category_01,565,True,1,0.098665,"[0.05,0.10)",23.78175,1.0,False,exact_bitmap,HNSW_HYBRID,False
2026-08-30T19:54:40.177+00:00,heldout,2,97,SQL_FIRST,single_category,category_01,565,True,1,0.098665,"[0.05,0.10)",18.43875,1.0,True,exact_bitmap,HNSW_HYBRID,False
2026-08-30T19:54:40.231+00:00,heldout,2,97,VECTOR_FIRST_HNSW,single_category,category_01,565,True,1,0.098665,"[0.05,0.10)",53.275917,1.0,False,exact_bitmap,HNSW_HYBRID,False
2026-08-30T19:54:40.250+00:00,heldout,2,97,HNSW_HYBRID,single_category,category_01,565,True,1,0.098665,"[0.05,0.10)",18.720292,1.0,False,exact_bitmap,HNSW_HYBRID,True
2026-08-30T19:54:40.269+00:00,heldout,2,97,IVFFLAT_HYBRID,single_category,category_01,565,True,1,0.098665,"[0.05,0.10)",18.228,1.0,False,exact_bitmap,HNSW_HYBRID,False
2026-08-30T19:54:40.323+00:00,heldout,0,223,SQL_FIRST,wide_or,category_08,243,False,4,0.65597,"[0.50,1.00)",52.6465,1.0,True,exact_seq,VECTOR_FIRST_HNSW,False
2026-08-30T19:54:40.356+00:00,heldout,0,223,VECTOR_FIRST_HNSW,wide_or,category_08,243,False,4,0.65597,"[0.50,1.00)",31.600625,1.0,False,exact_bitmap,VECTOR_FIRST_HNSW,True
2026-08-30T19:54:40.390+00:00,heldout,0,223,HNSW_HYBRID,wide_or,category_08,243,False,4,0.65597,"[0.50,1.00)",33.107958,1.0,False,exact_seq,VECTOR_FIRST_HNSW,False
2026-08-30T19:54:40.459+00:00,heldout,0,223,IVFFLAT_HYBRID,wide_or,category_08,243,False,4,0.65597,"[0.50,1.00)",67.506541,1.0,False,exact_seq,VECTOR_FIRST_HNSW,False
2026-08-30T19:54:40.540+00:00,heldout,1,223,SQL_FIRST,wide_or,category_08,243,False,4,0.65597,"[0.50,1.00)",80.033958,1.0,True,exact_seq,VECTOR_FIRST_HNSW,False
2026-08-30T19:54:40.598+00:00,heldout,1,223,VECTOR_FIRST_HNSW,wide_or,category_08,243,False,4,0.65597,"[0.50,1.00)",58.136875,1.0,False,exact_bitmap,VECTOR_FIRST_HNSW,True
2026-08-30T19:54:40.675+00:00,heldout,1,223,HNSW_HYBRID,wide_or,category_08,243,False,4,0.65597,"[0.50,1.00)",75.755833,1.0,False,exact_seq,VECTOR_FIRST_HNSW,False
2026-08-30T19:54:40.708+00:00,heldout,1,223,IVFFLAT_HYBRID,wide_or,category_08,243,False,4,0.65597,"[0.50,1.00)",32.590125,1.0,False,exact_seq,VECTOR_FIRST_HNSW,False
2026-08-30T19:54:40.751+00:00,heldout,2,223,SQL_FIRST,wide_or,category_08,243,False,4,0.65597,"[0.50,1.00)",42.286208,1.0,True,exact_seq,VECTOR_FIRST_HNSW,False
2026-08-30T19:54:40.783+00:00,heldout,2,223,VECTOR_FIRST_HNSW,wide_or,category_08,243,False,4,0.65597,"[0.50,1.00)",30.933959,1.0,False,exact_bitmap,VECTOR_FIRST_HNSW,True
2026-08-30T19:54:40.825+00:00,heldout,2,223,HNSW_HYBRID,wide_or,category_08,243,False,4,0.65597,"[0.50,1.00)",41.451667,1.0,False,exact_seq,VECTOR_FIRST_HNSW,False
2026-08-30T19:54:40.861+00:00,heldout,2,223,IVFFLAT_HYBRID,wide_or,category_08,243,False,4,0.65597,"[0.50,1.00)",36.161958,1.0,False,exact_seq,VECTOR_FIRST_HNSW,False
2026-08-30T19:54:40.877+00:00,heldout,0,37,SQL_FIRST,category_and_stock,category_01,99,True,0,0.049415,"[0.00,0.05)",14.221083,1.0,True,exact_bitmap,SQL_FIRST,True
2026-08-30T19:54:40.927+00:00,heldout,0,37,VECTOR_FIRST_HNSW,category_and_stock,category_01,99,True,0,0.049415,"[0.00,0.05)",48.60175,0.6,False,exact_bitmap,SQL_FIRST,False
2026-08-30T19:54:40.958+00:00,heldout,0,37,HNSW_HYBRID,category_and_stock,category_01,99,True,0,0.049415,"[0.00,0.05)",29.3065,1.0,False,exact_bitmap,SQL_FIRST,False
2026-08-30T19:54:41.174+00:00,heldout,0,37,IVFFLAT_HYBRID,category_and_stock,category_01,99,True,0,0.049415,"[0.00,0.05)",211.879875,1.0,False,exact_bitmap,SQL_FIRST,False
2026-08-30T19:54:41.216+00:00,heldout,1,37,SQL_FIRST,category_and_stock,category_01,99,True,0,0.049415,"[0.00,0.05)",41.838917,1.0,True,exact_bitmap,SQL_FIRST,True
2026-08-30T19:54:41.326+00:00,heldout,1,37,VECTOR_FIRST_HNSW,category_and_stock,category_01,99,True,0,0.049415,"[0.00,0.05)",107.984083,0.6,False,exact_bitmap,SQL_FIRST,False
2026-08-30T19:54:41.360+00:00,heldout,1,37,HNSW_HYBRID,category_and_stock,category_01,99,True,0,0.049415,"[0.00,0.05)",34.266375,1.0,False,exact_bitmap,SQL_FIRST,False
2026-08-30T19:54:41.389+00:00,heldout,1,37,IVFFLAT_HYBRID,category_and_stock,category_01,99,True,0,0.049415,"[0.00,0.05)",27.792541,1.0,False,exact_bitmap,SQL_FIRST,False
2026-08-30T19:54:41.464+00:00,heldout,2,37,SQL_FIRST,category_and_stock,category_01,99,True,0,0.049415,"[0.00,0.05)",74.011333,1.0,True,exact_bitmap,SQL_FIRST,True
2026-08-30T19:54:41.512+00:00,heldout,2,37,VECTOR_FIRST_HNSW,category_and_stock,category_01,99,True,0,0.049415,"[0.00,0.05)",46.998292,0.6,False,exact_bitmap,SQL_FIRST,False
2026-08-30T19:54:41.524+00:00,heldout,2,37,HNSW_HYBRID,category_and_stock,category_01,99,True,0,0.049415,"[0.00,0.05)",11.943416,1.0,False,exact_bitmap,SQL_FIRST,False
2026-08-30T19:54:41.538+00:00,heldout,2,37,IVFFLAT_HYBRID,category_and_stock,category_01,99,True,0,0.049415,"[0.00,0.05)",13.70675,1.0,False,exact_bitmap,SQL_FIRST,False
2026-08-30T19:54:41.576+00:00,heldout,0,90,SQL_FIRST,single_category,category_09,808,True,1,0.0999,"[0.05,0.10)",34.732167,1.0,True,exact_bitmap,HNSW_HYBRID,False
2026-08-30T19:54:41.662+00:00,heldout,0,90,VECTOR_FIRST_HNSW,single_category,category_09,808,True,1,0.0999,"[0.05,0.10)",80.783958,1.0,False,exact_bitmap,HNSW_HYBRID,False
2026-08-30T19:54:41.789+00:00,heldout,0,90,HNSW_HYBRID,single_category,category_09,808,True,1,0.0999,"[0.05,0.10)",111.156,1.0,False,exact_bitmap,HNSW_HYBRID,True
2026-08-30T19:54:41.838+00:00,heldout,0,90,IVFFLAT_HYBRID,single_category,category_09,808,True,1,0.0999,"[0.05,0.10)",45.647375,1.0,False,exact_bitmap,HNSW_HYBRID,False
2026-08-30T19:54:41.870+00:00,heldout,1,90,SQL_FIRST,single_category,category_09,808,True,1,0.0999,"[0.05,0.10)",31.66225,1.0,True,exact_bitmap,HNSW_HYBRID,False
2026-08-30T19:54:41.963+00:00,heldout,1,90,VECTOR_FIRST_HNSW,single_category,category_09,808,True,1,0.0999,"[0.05,0.10)",92.704833,1.0,False,exact_bitmap,HNSW_HYBRID,False
2026-08-30T19:54:41.989+00:00,heldout,1,90,HNSW_HYBRID,single_category,category_09,808,True,1,0.0999,"[0.05,0.10)",22.784958,1.0,False,exact_bitmap,HNSW_HYBRID,True
2026-08-30T19:54:42.009+00:00,heldout,1,90,IVFFLAT_HYBRID,single_category,category_09,808,True,1,0.0999,"[0.05,0.10)",20.460375,1.0,False,exact_bitmap,HNSW_HYBRID,False
2026-08-30T19:54:42.039+00:00,heldout,2,90,SQL_FIRST,single_category,category_09,808,True,1,0.0999,"[0.05,0.10)",29.387791,1.0,True,exact_bitmap,HNSW_HYBRID,False
2026-08-30T19:54:42.078+00:00,heldout,2,90,VECTOR_FIRST_HNSW,single_category,category_09,808,True,1,0.0999,"[0.05,0.10)",37.990833,1.0,False,exact_bitmap,HNSW_HYBRID,False
2026-08-30T19:54:42.092+00:00,heldout,2,90,HNSW_HYBRID,single_category,category_09,808,True,1,0.0999,"[0.05,0.10)",13.627,1.0,False,exact_bitmap,HNSW_HYBRID,True
2026-08-30T19:54:42.110+00:00,heldout,2,90,IVFFLAT_HYBRID,single_category,category_09,808,True,1,0.0999,"[0.05,0.10)",17.999625,1.0,False,exact_bitmap,HNSW_HYBRID,False
2026-08-30T19:54:42.134+00:00,heldout,0,166,SQL_FIRST,three_categories,category_01,563,False,3,0.272085,"[0.25,0.50)",20.194459,1.0,True,exact_bitmap,IVFFLAT_HYBRID,False
2026-08-30T19:54:42.177+00:00,heldout,0,166,VECTOR_FIRST_HNSW,three_categories,category_01,563,False,3,0.272085,"[0.25,0.50)",41.39025,1.0,False,exact_bitmap,IVFFLAT_HYBRID,False
2026-08-30T19:54:42.212+00:00,heldout,0,166,HNSW_HYBRID,three_categories,category_01,563,False,3,0.272085,"[0.25,0.50)",34.547833,1.0,False,exact_bitmap,IVFFLAT_HYBRID,False
2026-08-30T19:54:42.240+00:00,heldout,0,166,IVFFLAT_HYBRID,three_categories,category_01,563,False,3,0.272085,"[0.25,0.50)",27.480291,1.0,False,exact_bitmap,IVFFLAT_HYBRID,True
2026-08-30T19:54:42.262+00:00,heldout,1,166,SQL_FIRST,three_categories,category_01,563,False,3,0.272085,"[0.25,0.50)",21.330625,1.0,True,exact_bitmap,IVFFLAT_HYBRID,False
2026-08-30T19:54:42.291+00:00,heldout,1,166,VECTOR_FIRST_HNSW,three_categories,category_01,563,False,3,0.272085,"[0.25,0.50)",28.535541,1.0,False,exact_bitmap,IVFFLAT_HYBRID,False
2026-08-30T19:54:42.313+00:00,heldout,1,166,HNSW_HYBRID,three_categories,category_01,563,False,3,0.272085,"[0.25,0.50)",21.599334,1.0,False,exact_bitmap,IVFFLAT_HYBRID,False
2026-08-30T19:54:42.335+00:00,heldout,1,166,IVFFLAT_HYBRID,three_categories,category_01,563,False,3,0.272085,"[0.25,0.50)",22.312583,1.0,False,exact_bitmap,IVFFLAT_HYBRID,True
2026-08-30T19:54:42.357+00:00,heldout,2,166,SQL_FIRST,three_categories,category_01,563,False,3,0.272085,"[0.25,0.50)",21.302375,1.0,True,exact_bitmap,IVFFLAT_HYBRID,False
2026-08-30T19:54:42.385+00:00,heldout,2,166,VECTOR_FIRST_HNSW,three_categories,category_01,563,False,3,0.272085,"[0.25,0.50)",28.147584,1.0,False,exact_bitmap,IVFFLAT_HYBRID,False
2026-08-30T19:54:42.425+00:00,heldout,2,166,HNSW_HYBRID,three_categories,category_01,563,False,3,0.272085,"[0.25,0.50)",39.348125,1.0,False,exact_bitmap,IVFFLAT_HYBRID,False
2026-08-30T19:54:42.460+00:00,heldout,2,166,IVFFLAT_HYBRID,three_categories,category_01,563,False,3,0.272085,"[0.25,0.50)",34.060417,1.0,False,exact_bitmap,IVFFLAT_HYBRID,True
2026-08-30T19:54:42.476+00:00,heldout,0,143,SQL_FIRST,single_category_alone,category_05,280,True,2,0.100035,"[0.10,0.25)",15.649417,1.0,True,exact_bitmap,HNSW_HYBRID,False
2026-08-30T19:54:42.511+00:00,heldout,0,143,VECTOR_FIRST_HNSW,single_category_alone,category_05,280,True,2,0.100035,"[0.10,0.25)",33.442542,0.7,False,exact_bitmap,HNSW_HYBRID,False
2026-08-30T19:54:42.525+00:00,heldout,0,143,HNSW_HYBRID,single_category_alone,category_05,280,True,2,0.100035,"[0.10,0.25)",13.635584,1.0,False,exact_bitmap,HNSW_HYBRID,True
2026-08-30T19:54:42.542+00:00,heldout,0,143,IVFFLAT_HYBRID,single_category_alone,category_05,280,True,2,0.100035,"[0.10,0.25)",16.481542,1.0,False,exact_bitmap,HNSW_HYBRID,False
2026-08-30T19:54:42.556+00:00,heldout,1,143,SQL_FIRST,single_category_alone,category_05,280,True,2,0.100035,"[0.10,0.25)",13.738583,1.0,True,exact_bitmap,HNSW_HYBRID,False
2026-08-30T19:54:42.588+00:00,heldout,1,143,VECTOR_FIRST_HNSW,single_category_alone,category_05,280,True,2,0.100035,"[0.10,0.25)",32.153542,0.7,False,exact_bitmap,HNSW_HYBRID,False
2026-08-30T19:54:42.604+00:00,heldout,1,143,HNSW_HYBRID,single_category_alone,category_05,280,True,2,0.100035,"[0.10,0.25)",15.667541,1.0,False,exact_bitmap,HNSW_HYBRID,True
2026-08-30T19:54:42.635+00:00,heldout,1,143,IVFFLAT_HYBRID,single_category_alone,category_05,280,True,2,0.100035,"[0.10,0.25)",30.294541,1.0,False,exact_bitmap,HNSW_HYBRID,False
2026-08-30T19:54:42.672+00:00,heldout,2,143,SQL_FIRST,single_category_alone,category_05,280,True,2,0.100035,"[0.10,0.25)",36.894875,1.0,True,exact_bitmap,HNSW_HYBRID,False
2026-08-30T19:54:42.732+00:00,heldout,2,143,VECTOR_FIRST_HNSW,single_category_alone,category_05,280,True,2,0.100035,"[0.10,0.25)",59.196417,0.7,False,exact_bitmap,HNSW_HYBRID,False
2026-08-30T19:54:42.745+00:00,heldout,2,143,HNSW_HYBRID,single_category_alone,category_05,280,True,2,0.100035,"[0.10,0.25)",12.823375,1.0,False,exact_bitmap,HNSW_HYBRID,True
2026-08-30T19:54:42.761+00:00,heldout,2,143,IVFFLAT_HYBRID,single_category_alone,category_05,280,True,2,0.100035,"[0.10,0.25)",15.205375,1.0,False,exact_bitmap,HNSW_HYBRID,False
2026-08-30T19:54:42.772+00:00,heldout,0,21,SQL_FIRST,category_and_stock,category_02,740,True,0,0.049565,"[0.00,0.05)",10.010292,1.0,True,exact_bitmap,SQL_FIRST,True
2026-08-30T19:54:42.797+00:00,heldout,0,21,VECTOR_FIRST_HNSW,category_and_stock,category_02,740,True,0,0.049565,"[0.00,0.05)",24.423208,0.5,False,exact_bitmap,SQL_FIRST,False
2026-08-30T19:54:42.807+00:00,heldout,0,21,HNSW_HYBRID,category_and_stock,category_02,740,True,0,0.049565,"[0.00,0.05)",9.27575,1.0,False,exact_bitmap,SQL_FIRST,False
2026-08-30T19:54:42.817+00:00,heldout,0,21,IVFFLAT_HYBRID,category_and_stock,category_02,740,True,0,0.049565,"[0.00,0.05)",8.677917,1.0,False,exact_bitmap,SQL_FIRST,False
2026-08-30T19:54:42.826+00:00,heldout,1,21,SQL_FIRST,category_and_stock,category_02,740,True,0,0.049565,"[0.00,0.05)",8.7275,1.0,True,exact_bitmap,SQL_FIRST,True
2026-08-30T19:54:42.851+00:00,heldout,1,21,VECTOR_FIRST_HNSW,category_and_stock,category_02,740,True,0,0.049565,"[0.00,0.05)",24.148208,0.5,False,exact_bitmap,SQL_FIRST,False
2026-08-30T19:54:42.860+00:00,heldout,1,21,HNSW_HYBRID,category_and_stock,category_02,740,True,0,0.049565,"[0.00,0.05)",8.947875,1.0,False,exact_bitmap,SQL_FIRST,False
2026-08-30T19:54:42.869+00:00,heldout,1,21,IVFFLAT_HYBRID,category_and_stock,category_02,740,True,0,0.049565,"[0.00,0.05)",9.278458,1.0,False,exact_bitmap,SQL_FIRST,False
2026-08-30T19:54:42.878+00:00,heldout,2,21,SQL_FIRST,category_and_stock,category_02,740,True,0,0.049565,"[0.00,0.05)",8.683958,1.0,True,exact_bitmap,SQL_FIRST,True
2026-08-30T19:54:42.903+00:00,heldout,2,21,VECTOR_FIRST_HNSW,category_and_stock,category_02,740,True,0,0.049565,"[0.00,0.05)",24.343542,0.5,False,exact_bitmap,SQL_FIRST,False
2026-08-30T19:54:42.912+00:00,heldout,2,21,HNSW_HYBRID,category_and_stock,category_02,740,True,0,0.049565,"[0.00,0.05)",8.772125,1.0,False,exact_bitmap,SQL_FIRST,False
2026-08-30T19:54:42.922+00:00,heldout,2,21,IVFFLAT_HYBRID,category_and_stock,category_02,740,True,0,0.049565,"[0.00,0.05)",9.30575,1.0,False,exact_bitmap,SQL_FIRST,False
2026-08-30T19:54:42.950+00:00,heldout,0,225,SQL_FIRST,wide_or,category_04,472,False,4,0.75933,"[0.50,1.00)",26.524667,1.0,True,exact_seq,VECTOR_FIRST_HNSW,False
2026-08-30T19:54:42.979+00:00,heldout,0,225,VECTOR_FIRST_HNSW,wide_or,category_04,472,False,4,0.75933,"[0.50,1.00)",27.617042,1.0,False,exact_bitmap,VECTOR_FIRST_HNSW,True
2026-08-30T19:54:43.008+00:00,heldout,0,225,HNSW_HYBRID,wide_or,category_04,472,False,4,0.75933,"[0.50,1.00)",28.792125,1.0,False,exact_seq,VECTOR_FIRST_HNSW,False
2026-08-30T19:54:43.034+00:00,heldout,0,225,IVFFLAT_HYBRID,wide_or,category_04,472,False,4,0.75933,"[0.50,1.00)",24.373416,1.0,False,exact_seq,VECTOR_FIRST_HNSW,False
2026-08-30T19:54:43.059+00:00,heldout,1,225,SQL_FIRST,wide_or,category_04,472,False,4,0.75933,"[0.50,1.00)",24.442916,1.0,True,exact_seq,VECTOR_FIRST_HNSW,False
2026-08-30T19:54:43.082+00:00,heldout,1,225,VECTOR_FIRST_HNSW,wide_or,category_04,472,False,4,0.75933,"[0.50,1.00)",23.224333,1.0,False,exact_bitmap,VECTOR_FIRST_HNSW,True
2026-08-30T19:54:43.108+00:00,heldout,1,225,HNSW_HYBRID,wide_or,category_04,472,False,4,0.75933,"[0.50,1.00)",23.96325,1.0,False,exact_seq,VECTOR_FIRST_HNSW,False
2026-08-30T19:54:43.133+00:00,heldout,1,225,IVFFLAT_HYBRID,wide_or,category_04,472,False,4,0.75933,"[0.50,1.00)",24.078541,1.0,False,exact_seq,VECTOR_FIRST_HNSW,False
2026-08-30T19:54:43.159+00:00,heldout,2,225,SQL_FIRST,wide_or,category_04,472,False,4,0.75933,"[0.50,1.00)",25.874583,1.0,True,exact_seq,VECTOR_FIRST_HNSW,False
2026-08-30T19:54:43.186+00:00,heldout,2,225,VECTOR_FIRST_HNSW,wide_or,category_04,472,False,4,0.75933,"[0.50,1.00)",26.871292,1.0,False,exact_bitmap,VECTOR_FIRST_HNSW,True
2026-08-30T19:54:43.211+00:00,heldout,2,225,HNSW_HYBRID,wide_or,category_04,472,False,4,0.75933,"[0.50,1.00)",24.067375,1.0,False,exact_seq,VECTOR_FIRST_HNSW,False
2026-08-30T19:54:43.237+00:00,heldout,2,225,IVFFLAT_HYBRID,wide_or,category_04,472,False,4,0.75933,"[0.50,1.00)",25.633583,1.0,False,exact_seq,VECTOR_FIRST_HNSW,False
2026-08-30T19:54:43.252+00:00,heldout,0,100,SQL_FIRST,single_category,category_09,365,False,1,0.0999,"[0.05,0.10)",11.072208,1.0,True,exact_bitmap,HNSW_HYBRID,False
2026-08-30T19:54:43.278+00:00,heldout,0,100,VECTOR_FIRST_HNSW,single_category,category_09,365,False,1,0.0999,"[0.05,0.10)",24.272667,1.0,False,exact_bitmap,HNSW_HYBRID,False
2026-08-30T19:54:43.292+00:00,heldout,0,100,HNSW_HYBRID,single_category,category_09,365,False,1,0.0999,"[0.05,0.10)",11.969833,1.0,False,exact_bitmap,HNSW_HYBRID,True
2026-08-30T19:54:43.304+00:00,heldout,0,100,IVFFLAT_HYBRID,single_category,category_09,365,False,1,0.0999,"[0.05,0.10)",11.206834,1.0,False,exact_bitmap,HNSW_HYBRID,False
2026-08-30T19:54:43.318+00:00,heldout,1,100,SQL_FIRST,single_category,category_09,365,False,1,0.0999,"[0.05,0.10)",13.880042,1.0,True,exact_bitmap,HNSW_HYBRID,False
2026-08-30T19:54:43.344+00:00,heldout,1,100,VECTOR_FIRST_HNSW,single_category,category_09,365,False,1,0.0999,"[0.05,0.10)",24.762208,1.0,False,exact_bitmap,HNSW_HYBRID,False
2026-08-30T19:54:43.356+00:00,heldout,1,100,HNSW_HYBRID,single_category,category_09,365,False,1,0.0999,"[0.05,0.10)",11.662625,1.0,False,exact_bitmap,HNSW_HYBRID,True
2026-08-30T19:54:43.367+00:00,heldout,1,100,IVFFLAT_HYBRID,single_category,category_09,365,False,1,0.0999,"[0.05,0.10)",11.472958,1.0,False,exact_bitmap,HNSW_HYBRID,False
2026-08-30T19:54:43.378+00:00,heldout,2,100,SQL_FIRST,single_category,category_09,365,False,1,0.0999,"[0.05,0.10)",10.789125,1.0,True,exact_bitmap,HNSW_HYBRID,False
2026-08-30T19:54:43.402+00:00,heldout,2,100,VECTOR_FIRST_HNSW,single_category,category_09,365,False,1,0.0999,"[0.05,0.10)",23.271833,1.0,False,exact_bitmap,HNSW_HYBRID,False
2026-08-30T19:54:43.414+00:00,heldout,2,100,HNSW_HYBRID,single_category,category_09,365,False,1,0.0999,"[0.05,0.10)",11.8845,1.0,False,exact_bitmap,HNSW_HYBRID,True
2026-08-30T19:54:43.427+00:00,heldout,2,100,IVFFLAT_HYBRID,single_category,category_09,365,False,1,0.0999,"[0.05,0.10)",12.650917,1.0,False,exact_bitmap,HNSW_HYBRID,False
2026-08-30T19:54:43.443+00:00,heldout,0,135,SQL_FIRST,price_range_mid,category_07,818,False,2,0.10161,"[0.10,0.25)",13.709958,1.0,True,exact_bitmap,HNSW_HYBRID,False
2026-08-30T19:54:43.473+00:00,heldout,0,135,VECTOR_FIRST_HNSW,price_range_mid,category_07,818,False,2,0.10161,"[0.10,0.25)",27.85725,1.0,False,exact_bitmap,HNSW_HYBRID,False
2026-08-30T19:54:43.486+00:00,heldout,0,135,HNSW_HYBRID,price_range_mid,category_07,818,False,2,0.10161,"[0.10,0.25)",11.946292,1.0,False,exact_bitmap,HNSW_HYBRID,True
2026-08-30T19:54:43.498+00:00,heldout,0,135,IVFFLAT_HYBRID,price_range_mid,category_07,818,False,2,0.10161,"[0.10,0.25)",11.187584,1.0,False,exact_bitmap,HNSW_HYBRID,False
2026-08-30T19:54:43.511+00:00,heldout,1,135,SQL_FIRST,price_range_mid,category_07,818,False,2,0.10161,"[0.10,0.25)",11.891375,1.0,True,exact_bitmap,HNSW_HYBRID,False
2026-08-30T19:54:43.536+00:00,heldout,1,135,VECTOR_FIRST_HNSW,price_range_mid,category_07,818,False,2,0.10161,"[0.10,0.25)",24.612459,1.0,False,exact_bitmap,HNSW_HYBRID,False
2026-08-30T19:54:43.548+00:00,heldout,1,135,HNSW_HYBRID,price_range_mid,category_07,818,False,2,0.10161,"[0.10,0.25)",11.248583,1.0,False,exact_bitmap,HNSW_HYBRID,True
2026-08-30T19:54:43.560+00:00,heldout,1,135,IVFFLAT_HYBRID,price_range_mid,category_07,818,False,2,0.10161,"[0.10,0.25)",11.827084,1.0,False,exact_bitmap,HNSW_HYBRID,False
2026-08-30T19:54:43.572+00:00,heldout,2,135,SQL_FIRST,price_range_mid,category_07,818,False,2,0.10161,"[0.10,0.25)",12.134958,1.0,True,exact_bitmap,HNSW_HYBRID,False
2026-08-30T19:54:43.601+00:00,heldout,2,135,VECTOR_FIRST_HNSW,price_range_mid,category_07,818,False,2,0.10161,"[0.10,0.25)",27.383792,1.0,False,exact_bitmap,HNSW_HYBRID,False
2026-08-30T19:54:43.613+00:00,heldout,2,135,HNSW_HYBRID,price_range_mid,category_07,818,False,2,0.10161,"[0.10,0.25)",11.973166,1.0,False,exact_bitmap,HNSW_HYBRID,True
2026-08-30T19:54:43.626+00:00,heldout,2,135,IVFFLAT_HYBRID,price_range_mid,category_07,818,False,2,0.10161,"[0.10,0.25)",12.253709,1.0,False,exact_bitmap,HNSW_HYBRID,False
2026-08-30T19:54:43.647+00:00,heldout,0,181,SQL_FIRST,three_categories,category_08,799,True,3,0.272595,"[0.25,0.50)",19.079375,1.0,True,exact_bitmap,IVFFLAT_HYBRID,False
2026-08-30T19:54:43.672+00:00,heldout,0,181,VECTOR_FIRST_HNSW,three_categories,category_08,799,True,3,0.272595,"[0.25,0.50)",23.333417,1.0,False,exact_bitmap,IVFFLAT_HYBRID,False
2026-08-30T19:54:43.691+00:00,heldout,0,181,HNSW_HYBRID,three_categories,category_08,799,True,3,0.272595,"[0.25,0.50)",17.081583,1.0,False,exact_bitmap,IVFFLAT_HYBRID,False
2026-08-30T19:54:43.709+00:00,heldout,0,181,IVFFLAT_HYBRID,three_categories,category_08,799,True,3,0.272595,"[0.25,0.50)",17.027542,1.0,False,exact_bitmap,IVFFLAT_HYBRID,True
2026-08-30T19:54:43.726+00:00,heldout,1,181,SQL_FIRST,three_categories,category_08,799,True,3,0.272595,"[0.25,0.50)",16.714416,1.0,True,exact_bitmap,IVFFLAT_HYBRID,False
2026-08-30T19:54:43.750+00:00,heldout,1,181,VECTOR_FIRST_HNSW,three_categories,category_08,799,True,3,0.272595,"[0.25,0.50)",24.142542,1.0,False,exact_bitmap,IVFFLAT_HYBRID,False
2026-08-30T19:54:43.769+00:00,heldout,1,181,HNSW_HYBRID,three_categories,category_08,799,True,3,0.272595,"[0.25,0.50)",17.408667,1.0,False,exact_bitmap,IVFFLAT_HYBRID,False
2026-08-30T19:54:43.789+00:00,heldout,1,181,IVFFLAT_HYBRID,three_categories,category_08,799,True,3,0.272595,"[0.25,0.50)",19.078375,1.0,False,exact_bitmap,IVFFLAT_HYBRID,True
2026-08-30T19:54:43.807+00:00,heldout,2,181,SQL_FIRST,three_categories,category_08,799,True,3,0.272595,"[0.25,0.50)",17.098583,1.0,True,exact_bitmap,IVFFLAT_HYBRID,False
2026-08-30T19:54:43.831+00:00,heldout,2,181,VECTOR_FIRST_HNSW,three_categories,category_08,799,True,3,0.272595,"[0.25,0.50)",23.137458,1.0,False,exact_bitmap,IVFFLAT_HYBRID,False
2026-08-30T19:54:43.848+00:00,heldout,2,181,HNSW_HYBRID,three_categories,category_08,799,True,3,0.272595,"[0.25,0.50)",16.499209,1.0,False,exact_bitmap,IVFFLAT_HYBRID,False
2026-08-30T19:54:43.864+00:00,heldout,2,181,IVFFLAT_HYBRID,three_categories,category_08,799,True,3,0.272595,"[0.25,0.50)",16.408166,1.0,False,exact_bitmap,IVFFLAT_HYBRID,True
2026-08-30T19:54:43.886+00:00,heldout,0,141,SQL_FIRST,two_categories,category_08,12,True,2,0.198565,"[0.10,0.25)",18.814375,1.0,True,exact_bitmap,HNSW_HYBRID,False
2026-08-30T19:54:43.910+00:00,heldout,0,141,VECTOR_FIRST_HNSW,two_categories,category_08,12,True,2,0.198565,"[0.10,0.25)",23.118709,1.0,False,exact_bitmap,HNSW_HYBRID,False
2026-08-30T19:54:43.931+00:00,heldout,0,141,HNSW_HYBRID,two_categories,category_08,12,True,2,0.198565,"[0.10,0.25)",18.729208,1.0,False,exact_bitmap,HNSW_HYBRID,True
2026-08-30T19:54:43.955+00:00,heldout,0,141,IVFFLAT_HYBRID,two_categories,category_08,12,True,2,0.198565,"[0.10,0.25)",23.044834,1.0,False,exact_bitmap,HNSW_HYBRID,False
2026-08-30T19:54:43.974+00:00,heldout,1,141,SQL_FIRST,two_categories,category_08,12,True,2,0.198565,"[0.10,0.25)",18.849792,1.0,True,exact_bitmap,HNSW_HYBRID,False
2026-08-30T19:54:44.006+00:00,heldout,1,141,VECTOR_FIRST_HNSW,two_categories,category_08,12,True,2,0.198565,"[0.10,0.25)",31.710541,1.0,False,exact_bitmap,HNSW_HYBRID,False
2026-08-30T19:54:44.026+00:00,heldout,1,141,HNSW_HYBRID,two_categories,category_08,12,True,2,0.198565,"[0.10,0.25)",19.740667,1.0,False,exact_bitmap,HNSW_HYBRID,True
2026-08-30T19:54:44.047+00:00,heldout,1,141,IVFFLAT_HYBRID,two_categories,category_08,12,True,2,0.198565,"[0.10,0.25)",20.182125,1.0,False,exact_bitmap,HNSW_HYBRID,False
2026-08-30T19:54:44.068+00:00,heldout,2,141,SQL_FIRST,two_categories,category_08,12,True,2,0.198565,"[0.10,0.25)",21.028792,1.0,True,exact_bitmap,HNSW_HYBRID,False
2026-08-30T19:54:44.092+00:00,heldout,2,141,VECTOR_FIRST_HNSW,two_categories,category_08,12,True,2,0.198565,"[0.10,0.25)",23.781458,1.0,False,exact_bitmap,HNSW_HYBRID,False
2026-08-30T19:54:44.111+00:00,heldout,2,141,HNSW_HYBRID,two_categories,category_08,12,True,2,0.198565,"[0.10,0.25)",18.845417,1.0,False,exact_bitmap,HNSW_HYBRID,True
2026-08-30T19:54:44.131+00:00,heldout,2,141,IVFFLAT_HYBRID,two_categories,category_08,12,True,2,0.198565,"[0.10,0.25)",19.081375,1.0,False,exact_bitmap,HNSW_HYBRID,False
2026-08-30T19:54:44.151+00:00,heldout,0,177,SQL_FIRST,three_categories,category_09,352,True,3,0.272595,"[0.25,0.50)",18.365708,1.0,True,exact_bitmap,IVFFLAT_HYBRID,False
2026-08-30T19:54:44.175+00:00,heldout,0,177,VECTOR_FIRST_HNSW,three_categories,category_09,352,True,3,0.272595,"[0.25,0.50)",23.354791,1.0,False,exact_bitmap,IVFFLAT_HYBRID,False
2026-08-30T19:54:44.193+00:00,heldout,0,177,HNSW_HYBRID,three_categories,category_09,352,True,3,0.272595,"[0.25,0.50)",16.820625,1.0,False,exact_bitmap,IVFFLAT_HYBRID,False
2026-08-30T19:54:44.211+00:00,heldout,0,177,IVFFLAT_HYBRID,three_categories,category_09,352,True,3,0.272595,"[0.25,0.50)",17.192459,1.0,False,exact_bitmap,IVFFLAT_HYBRID,True
2026-08-30T19:54:44.228+00:00,heldout,1,177,SQL_FIRST,three_categories,category_09,352,True,3,0.272595,"[0.25,0.50)",16.495209,1.0,True,exact_bitmap,IVFFLAT_HYBRID,False
2026-08-30T19:54:44.252+00:00,heldout,1,177,VECTOR_FIRST_HNSW,three_categories,category_09,352,True,3,0.272595,"[0.25,0.50)",23.209,1.0,False,exact_bitmap,IVFFLAT_HYBRID,False
2026-08-30T19:54:44.270+00:00,heldout,1,177,HNSW_HYBRID,three_categories,category_09,352,True,3,0.272595,"[0.25,0.50)",17.604,1.0,False,exact_bitmap,IVFFLAT_HYBRID,False
2026-08-30T19:54:44.287+00:00,heldout,1,177,IVFFLAT_HYBRID,three_categories,category_09,352,True,3,0.272595,"[0.25,0.50)",16.823584,1.0,False,exact_bitmap,IVFFLAT_HYBRID,True
2026-08-30T19:54:44.306+00:00,heldout,2,177,SQL_FIRST,three_categories,category_09,352,True,3,0.272595,"[0.25,0.50)",18.5145,1.0,True,exact_bitmap,IVFFLAT_HYBRID,False
2026-08-30T19:54:44.330+00:00,heldout,2,177,VECTOR_FIRST_HNSW,three_categories,category_09,352,True,3,0.272595,"[0.25,0.50)",23.508334,1.0,False,exact_bitmap,IVFFLAT_HYBRID,False
2026-08-30T19:54:44.349+00:00,heldout,2,177,HNSW_HYBRID,three_categories,category_09,352,True,3,0.272595,"[0.25,0.50)",18.53125,1.0,False,exact_bitmap,IVFFLAT_HYBRID,False
2026-08-30T19:54:44.366+00:00,heldout,2,177,IVFFLAT_HYBRID,three_categories,category_09,352,True,3,0.272595,"[0.25,0.50)",16.66925,1.0,False,exact_bitmap,IVFFLAT_HYBRID,True
2026-08-30T19:54:44.387+00:00,heldout,0,157,SQL_FIRST,three_categories,category_04,418,True,3,0.267975,"[0.25,0.50)",16.844667,1.0,True,exact_bitmap,IVFFLAT_HYBRID,False
2026-08-30T19:54:44.411+00:00,heldout,0,157,VECTOR_FIRST_HNSW,three_categories,category_04,418,True,3,0.267975,"[0.25,0.50)",23.080209,1.0,False,exact_bitmap,IVFFLAT_HYBRID,False
2026-08-30T19:54:44.431+00:00,heldout,0,157,HNSW_HYBRID,three_categories,category_04,418,True,3,0.267975,"[0.25,0.50)",18.398208,1.0,False,exact_bitmap,IVFFLAT_HYBRID,False
2026-08-30T19:54:44.449+00:00,heldout,0,157,IVFFLAT_HYBRID,three_categories,category_04,418,True,3,0.267975,"[0.25,0.50)",17.192791,1.0,False,exact_bitmap,IVFFLAT_HYBRID,True
2026-08-30T19:54:44.467+00:00,heldout,1,157,SQL_FIRST,three_categories,category_04,418,True,3,0.267975,"[0.25,0.50)",17.970458,1.0,True,exact_bitmap,IVFFLAT_HYBRID,False
2026-08-30T19:54:44.491+00:00,heldout,1,157,VECTOR_FIRST_HNSW,three_categories,category_04,418,True,3,0.267975,"[0.25,0.50)",23.281166,1.0,False,exact_bitmap,IVFFLAT_HYBRID,False
2026-08-30T19:54:44.511+00:00,heldout,1,157,HNSW_HYBRID,three_categories,category_04,418,True,3,0.267975,"[0.25,0.50)",19.092291,1.0,False,exact_bitmap,IVFFLAT_HYBRID,False
2026-08-30T19:54:44.530+00:00,heldout,1,157,IVFFLAT_HYBRID,three_categories,category_04,418,True,3,0.267975,"[0.25,0.50)",18.30075,1.0,False,exact_bitmap,IVFFLAT_HYBRID,True
2026-08-30T19:54:44.548+00:00,heldout,2,157,SQL_FIRST,three_categories,category_04,418,True,3,0.267975,"[0.25,0.50)",17.625292,1.0,True,exact_bitmap,IVFFLAT_HYBRID,False
2026-08-30T19:54:44.573+00:00,heldout,2,157,VECTOR_FIRST_HNSW,three_categories,category_04,418,True,3,0.267975,"[0.25,0.50)",24.629416,1.0,False,exact_bitmap,IVFFLAT_HYBRID,False
2026-08-30T19:54:44.592+00:00,heldout,2,157,HNSW_HYBRID,three_categories,category_04,418,True,3,0.267975,"[0.25,0.50)",18.980083,1.0,False,exact_bitmap,IVFFLAT_HYBRID,False
2026-08-30T19:54:44.610+00:00,heldout,2,157,IVFFLAT_HYBRID,three_categories,category_04,418,True,3,0.267975,"[0.25,0.50)",17.307041,1.0,False,exact_bitmap,IVFFLAT_HYBRID,True
2026-08-30T19:54:44.641+00:00,heldout,0,231,SQL_FIRST,wide_or,category_07,982,False,4,0.991465,"[0.50,1.00)",28.219833,1.0,True,exact_seq,VECTOR_FIRST_HNSW,False
2026-08-30T19:54:44.666+00:00,heldout,0,231,VECTOR_FIRST_HNSW,wide_or,category_07,982,False,4,0.991465,"[0.50,1.00)",24.364958,1.0,False,exact_bitmap,VECTOR_FIRST_HNSW,True
2026-08-30T19:54:44.697+00:00,heldout,0,231,HNSW_HYBRID,wide_or,category_07,982,False,4,0.991465,"[0.50,1.00)",27.830166,1.0,False,exact_seq,VECTOR_FIRST_HNSW,False
2026-08-30T19:54:44.726+00:00,heldout,0,231,IVFFLAT_HYBRID,wide_or,category_07,982,False,4,0.991465,"[0.50,1.00)",27.722666,1.0,False,exact_seq,VECTOR_FIRST_HNSW,False
2026-08-30T19:54:44.754+00:00,heldout,1,231,SQL_FIRST,wide_or,category_07,982,False,4,0.991465,"[0.50,1.00)",27.82725,1.0,True,exact_seq,VECTOR_FIRST_HNSW,False
2026-08-30T19:54:44.780+00:00,heldout,1,231,VECTOR_FIRST_HNSW,wide_or,category_07,982,False,4,0.991465,"[0.50,1.00)",24.874584,1.0,False,exact_bitmap,VECTOR_FIRST_HNSW,True
2026-08-30T19:54:44.809+00:00,heldout,1,231,HNSW_HYBRID,wide_or,category_07,982,False,4,0.991465,"[0.50,1.00)",28.590208,1.0,False,exact_seq,VECTOR_FIRST_HNSW,False
2026-08-30T19:54:44.839+00:00,heldout,1,231,IVFFLAT_HYBRID,wide_or,category_07,982,False,4,0.991465,"[0.50,1.00)",29.854167,1.0,False,exact_seq,VECTOR_FIRST_HNSW,False
2026-08-30T19:54:44.869+00:00,heldout,2,231,SQL_FIRST,wide_or,category_07,982,False,4,0.991465,"[0.50,1.00)",29.817875,1.0,True,exact_seq,VECTOR_FIRST_HNSW,False
2026-08-30T19:54:44.895+00:00,heldout,2,231,VECTOR_FIRST_HNSW,wide_or,category_07,982,False,4,0.991465,"[0.50,1.00)",25.776958,1.0,False,exact_bitmap,VECTOR_FIRST_HNSW,True
2026-08-30T19:54:44.924+00:00,heldout,2,231,HNSW_HYBRID,wide_or,category_07,982,False,4,0.991465,"[0.50,1.00)",28.680375,1.0,False,exact_seq,VECTOR_FIRST_HNSW,False
2026-08-30T19:54:44.954+00:00,heldout,2,231,IVFFLAT_HYBRID,wide_or,category_07,982,False,4,0.991465,"[0.50,1.00)",29.684834,1.0,False,exact_seq,VECTOR_FIRST_HNSW,False
2026-08-30T19:54:44.977+00:00,heldout,0,178,SQL_FIRST,category_or_price,category_00,416,True,3,0.473735,"[0.25,0.50)",22.148333,1.0,True,exact_seq,IVFFLAT_HYBRID,False
2026-08-30T19:54:45.005+00:00,heldout,0,178,VECTOR_FIRST_HNSW,category_or_price,category_00,416,True,3,0.473735,"[0.25,0.50)",26.825667,1.0,False,exact_bitmap,IVFFLAT_HYBRID,False
2026-08-30T19:54:45.027+00:00,heldout,0,178,HNSW_HYBRID,category_or_price,category_00,416,True,3,0.473735,"[0.25,0.50)",21.705834,1.0,False,exact_seq,IVFFLAT_HYBRID,False
2026-08-30T19:54:45.051+00:00,heldout,0,178,IVFFLAT_HYBRID,category_or_price,category_00,416,True,3,0.473735,"[0.25,0.50)",22.905292,1.0,False,exact_seq,IVFFLAT_HYBRID,True
2026-08-30T19:54:45.074+00:00,heldout,1,178,SQL_FIRST,category_or_price,category_00,416,True,3,0.473735,"[0.25,0.50)",22.434042,1.0,True,exact_seq,IVFFLAT_HYBRID,False
2026-08-30T19:54:45.099+00:00,heldout,1,178,VECTOR_FIRST_HNSW,category_or_price,category_00,416,True,3,0.473735,"[0.25,0.50)",24.442292,1.0,False,exact_bitmap,IVFFLAT_HYBRID,False
2026-08-30T19:54:45.121+00:00,heldout,1,178,HNSW_HYBRID,category_or_price,category_00,416,True,3,0.473735,"[0.25,0.50)",21.69025,1.0,False,exact_seq,IVFFLAT_HYBRID,False
2026-08-30T19:54:45.144+00:00,heldout,1,178,IVFFLAT_HYBRID,category_or_price,category_00,416,True,3,0.473735,"[0.25,0.50)",22.451667,1.0,False,exact_seq,IVFFLAT_HYBRID,True
2026-08-30T19:54:45.167+00:00,heldout,2,178,SQL_FIRST,category_or_price,category_00,416,True,3,0.473735,"[0.25,0.50)",22.868,1.0,True,exact_seq,IVFFLAT_HYBRID,False
2026-08-30T19:54:45.193+00:00,heldout,2,178,VECTOR_FIRST_HNSW,category_or_price,category_00,416,True,3,0.473735,"[0.25,0.50)",25.480416,1.0,False,exact_bitmap,IVFFLAT_HYBRID,False
2026-08-30T19:54:45.218+00:00,heldout,2,178,HNSW_HYBRID,category_or_price,category_00,416,True,3,0.473735,"[0.25,0.50)",23.800041,1.0,False,exact_seq,IVFFLAT_HYBRID,False
2026-08-30T19:54:45.240+00:00,heldout,2,178,IVFFLAT_HYBRID,category_or_price,category_00,416,True,3,0.473735,"[0.25,0.50)",21.255917,1.0,False,exact_seq,IVFFLAT_HYBRID,True
2026-08-30T19:54:45.254+00:00,heldout,0,51,SQL_FIRST,single_category,category_02,916,False,1,0.098965,"[0.05,0.10)",11.731792,1.0,True,exact_bitmap,HNSW_HYBRID,False
2026-08-30T19:54:45.280+00:00,heldout,0,51,VECTOR_FIRST_HNSW,single_category,category_02,916,False,1,0.098965,"[0.05,0.10)",24.58775,0.7,False,exact_bitmap,HNSW_HYBRID,False
2026-08-30T19:54:45.292+00:00,heldout,0,51,HNSW_HYBRID,single_category,category_02,916,False,1,0.098965,"[0.05,0.10)",11.765083,1.0,False,exact_bitmap,HNSW_HYBRID,True
2026-08-30T19:54:45.306+00:00,heldout,0,51,IVFFLAT_HYBRID,single_category,category_02,916,False,1,0.098965,"[0.05,0.10)",12.208291,1.0,False,exact_bitmap,HNSW_HYBRID,False
2026-08-30T19:54:45.320+00:00,heldout,1,51,SQL_FIRST,single_category,category_02,916,False,1,0.098965,"[0.05,0.10)",14.194834,1.0,True,exact_bitmap,HNSW_HYBRID,False
2026-08-30T19:54:45.346+00:00,heldout,1,51,VECTOR_FIRST_HNSW,single_category,category_02,916,False,1,0.098965,"[0.05,0.10)",24.814708,0.7,False,exact_bitmap,HNSW_HYBRID,False
2026-08-30T19:54:45.358+00:00,heldout,1,51,HNSW_HYBRID,single_category,category_02,916,False,1,0.098965,"[0.05,0.10)",11.646625,1.0,False,exact_bitmap,HNSW_HYBRID,True
2026-08-30T19:54:45.370+00:00,heldout,1,51,IVFFLAT_HYBRID,single_category,category_02,916,False,1,0.098965,"[0.05,0.10)",11.987708,1.0,False,exact_bitmap,HNSW_HYBRID,False
2026-08-30T19:54:45.382+00:00,heldout,2,51,SQL_FIRST,single_category,category_02,916,False,1,0.098965,"[0.05,0.10)",11.828208,1.0,True,exact_bitmap,HNSW_HYBRID,False
2026-08-30T19:54:45.408+00:00,heldout,2,51,VECTOR_FIRST_HNSW,single_category,category_02,916,False,1,0.098965,"[0.05,0.10)",24.81825,0.7,False,exact_bitmap,HNSW_HYBRID,False
2026-08-30T19:54:45.421+00:00,heldout,2,51,HNSW_HYBRID,single_category,category_02,916,False,1,0.098965,"[0.05,0.10)",13.1425,1.0,False,exact_bitmap,HNSW_HYBRID,True
2026-08-30T19:54:45.434+00:00,heldout,2,51,IVFFLAT_HYBRID,single_category,category_02,916,False,1,0.098965,"[0.05,0.10)",12.71825,1.0,False,exact_bitmap,HNSW_HYBRID,False
2026-08-30T19:54:45.464+00:00,heldout,0,217,SQL_FIRST,wide_or,category_04,688,True,4,0.856805,"[0.50,1.00)",27.320416,1.0,True,exact_seq,VECTOR_FIRST_HNSW,False
2026-08-30T19:54:45.489+00:00,heldout,0,217,VECTOR_FIRST_HNSW,wide_or,category_04,688,True,4,0.856805,"[0.50,1.00)",24.376084,1.0,False,exact_bitmap,VECTOR_FIRST_HNSW,True
2026-08-30T19:54:45.518+00:00,heldout,0,217,HNSW_HYBRID,wide_or,category_04,688,True,4,0.856805,"[0.50,1.00)",27.218416,1.0,False,exact_seq,VECTOR_FIRST_HNSW,False
2026-08-30T19:54:45.546+00:00,heldout,0,217,IVFFLAT_HYBRID,wide_or,category_04,688,True,4,0.856805,"[0.50,1.00)",27.121916,1.0,False,exact_seq,VECTOR_FIRST_HNSW,False
2026-08-30T19:54:45.578+00:00,heldout,1,217,SQL_FIRST,wide_or,category_04,688,True,4,0.856805,"[0.50,1.00)",31.509542,1.0,True,exact_seq,VECTOR_FIRST_HNSW,False
2026-08-30T19:54:45.613+00:00,heldout,1,217,VECTOR_FIRST_HNSW,wide_or,category_04,688,True,4,0.856805,"[0.50,1.00)",34.125834,1.0,False,exact_bitmap,VECTOR_FIRST_HNSW,True
2026-08-30T19:54:45.641+00:00,heldout,1,217,HNSW_HYBRID,wide_or,category_04,688,True,4,0.856805,"[0.50,1.00)",27.545959,1.0,False,exact_seq,VECTOR_FIRST_HNSW,False
2026-08-30T19:54:45.669+00:00,heldout,1,217,IVFFLAT_HYBRID,wide_or,category_04,688,True,4,0.856805,"[0.50,1.00)",28.003166,1.0,False,exact_seq,VECTOR_FIRST_HNSW,False
2026-08-30T19:54:45.697+00:00,heldout,2,217,SQL_FIRST,wide_or,category_04,688,True,4,0.856805,"[0.50,1.00)",27.100916,1.0,True,exact_seq,VECTOR_FIRST_HNSW,False
2026-08-30T19:54:45.722+00:00,heldout,2,217,VECTOR_FIRST_HNSW,wide_or,category_04,688,True,4,0.856805,"[0.50,1.00)",24.514875,1.0,False,exact_bitmap,VECTOR_FIRST_HNSW,True
2026-08-30T19:54:45.749+00:00,heldout,2,217,HNSW_HYBRID,wide_or,category_04,688,True,4,0.856805,"[0.50,1.00)",26.596458,1.0,False,exact_seq,VECTOR_FIRST_HNSW,False
2026-08-30T19:54:45.777+00:00,heldout,2,217,IVFFLAT_HYBRID,wide_or,category_04,688,True,4,0.856805,"[0.50,1.00)",27.373291,1.0,False,exact_seq,VECTOR_FIRST_HNSW,False
2026-08-30T19:54:45.804+00:00,heldout,0,236,SQL_FIRST,stock_alone,category_06,870,True,4,0.500835,"[0.50,1.00)",22.912708,1.0,True,exact_seq,VECTOR_FIRST_HNSW,False
2026-08-30T19:54:45.831+00:00,heldout,0,236,VECTOR_FIRST_HNSW,stock_alone,category_06,870,True,4,0.500835,"[0.50,1.00)",25.224416,1.0,False,exact_bitmap,VECTOR_FIRST_HNSW,True
2026-08-30T19:54:45.854+00:00,heldout,0,236,HNSW_HYBRID,stock_alone,category_06,870,True,4,0.500835,"[0.50,1.00)",21.862708,1.0,False,exact_seq,VECTOR_FIRST_HNSW,False
2026-08-30T19:54:45.875+00:00,heldout,0,236,IVFFLAT_HYBRID,stock_alone,category_06,870,True,4,0.500835,"[0.50,1.00)",19.761583,1.0,False,exact_seq,VECTOR_FIRST_HNSW,False
2026-08-30T19:54:45.895+00:00,heldout,1,236,SQL_FIRST,stock_alone,category_06,870,True,4,0.500835,"[0.50,1.00)",19.620541,1.0,True,exact_seq,VECTOR_FIRST_HNSW,False
2026-08-30T19:54:45.920+00:00,heldout,1,236,VECTOR_FIRST_HNSW,stock_alone,category_06,870,True,4,0.500835,"[0.50,1.00)",24.605875,1.0,False,exact_bitmap,VECTOR_FIRST_HNSW,True
2026-08-30T19:54:45.940+00:00,heldout,1,236,HNSW_HYBRID,stock_alone,category_06,870,True,4,0.500835,"[0.50,1.00)",19.990791,1.0,False,exact_seq,VECTOR_FIRST_HNSW,False
2026-08-30T19:54:45.962+00:00,heldout,1,236,IVFFLAT_HYBRID,stock_alone,category_06,870,True,4,0.500835,"[0.50,1.00)",21.134625,1.0,False,exact_seq,VECTOR_FIRST_HNSW,False
2026-08-30T19:54:45.986+00:00,heldout,2,236,SQL_FIRST,stock_alone,category_06,870,True,4,0.500835,"[0.50,1.00)",23.554167,1.0,True,exact_seq,VECTOR_FIRST_HNSW,False
2026-08-30T19:54:46.013+00:00,heldout,2,236,VECTOR_FIRST_HNSW,stock_alone,category_06,870,True,4,0.500835,"[0.50,1.00)",27.126041,1.0,False,exact_bitmap,VECTOR_FIRST_HNSW,True
2026-08-30T19:54:46.034+00:00,heldout,2,236,HNSW_HYBRID,stock_alone,category_06,870,True,4,0.500835,"[0.50,1.00)",21.218166,1.0,False,exact_seq,VECTOR_FIRST_HNSW,False
2026-08-30T19:54:46.056+00:00,heldout,2,236,IVFFLAT_HYBRID,stock_alone,category_06,870,True,4,0.500835,"[0.50,1.00)",20.903625,1.0,False,exact_seq,VECTOR_FIRST_HNSW,False
2026-08-30T19:54:46.070+00:00,heldout,0,91,SQL_FIRST,single_category,category_04,995,True,1,0.0967,"[0.05,0.10)",12.433167,1.0,True,exact_bitmap,HNSW_HYBRID,False
2026-08-30T19:54:46.099+00:00,heldout,0,91,VECTOR_FIRST_HNSW,single_category,category_04,995,True,1,0.0967,"[0.05,0.10)",27.413792,0.9,False,exact_bitmap,HNSW_HYBRID,False
2026-08-30T19:54:46.113+00:00,heldout,0,91,HNSW_HYBRID,single_category,category_04,995,True,1,0.0967,"[0.05,0.10)",13.782208,1.0,False,exact_bitmap,HNSW_HYBRID,True
2026-08-30T19:54:46.130+00:00,heldout,0,91,IVFFLAT_HYBRID,single_category,category_04,995,True,1,0.0967,"[0.05,0.10)",15.508,1.0,False,exact_bitmap,HNSW_HYBRID,False
2026-08-30T19:54:46.144+00:00,heldout,1,91,SQL_FIRST,single_category,category_04,995,True,1,0.0967,"[0.05,0.10)",13.56225,1.0,True,exact_bitmap,HNSW_HYBRID,False
2026-08-30T19:54:46.169+00:00,heldout,1,91,VECTOR_FIRST_HNSW,single_category,category_04,995,True,1,0.0967,"[0.05,0.10)",25.438084,0.9,False,exact_bitmap,HNSW_HYBRID,False
2026-08-30T19:54:46.181+00:00,heldout,1,91,HNSW_HYBRID,single_category,category_04,995,True,1,0.0967,"[0.05,0.10)",11.504833,1.0,False,exact_bitmap,HNSW_HYBRID,True
2026-08-30T19:54:46.193+00:00,heldout,1,91,IVFFLAT_HYBRID,single_category,category_04,995,True,1,0.0967,"[0.05,0.10)",11.810958,1.0,False,exact_bitmap,HNSW_HYBRID,False
2026-08-30T19:54:46.206+00:00,heldout,2,91,SQL_FIRST,single_category,category_04,995,True,1,0.0967,"[0.05,0.10)",11.915083,1.0,True,exact_bitmap,HNSW_HYBRID,False
2026-08-30T19:54:46.232+00:00,heldout,2,91,VECTOR_FIRST_HNSW,single_category,category_04,995,True,1,0.0967,"[0.05,0.10)",25.419,0.9,False,exact_bitmap,HNSW_HYBRID,False
2026-08-30T19:54:46.244+00:00,heldout,2,91,HNSW_HYBRID,single_category,category_04,995,True,1,0.0967,"[0.05,0.10)",11.617,1.0,False,exact_bitmap,HNSW_HYBRID,True
2026-08-30T19:54:46.257+00:00,heldout,2,91,IVFFLAT_HYBRID,single_category,category_04,995,True,1,0.0967,"[0.05,0.10)",12.186,1.0,False,exact_bitmap,HNSW_HYBRID,False
2026-08-30T19:54:46.262+00:00,heldout,0,15,SQL_FIRST,category_narrow_price,category_07,760,False,0,0.005055,"[0.00,0.05)",2.976,1.0,True,exact_bitmap,SQL_FIRST,True
2026-08-30T19:54:46.288+00:00,heldout,0,15,VECTOR_FIRST_HNSW,category_narrow_price,category_07,760,False,0,0.005055,"[0.00,0.05)",24.752959,0.0,False,exact_bitmap,SQL_FIRST,False
2026-08-30T19:54:46.291+00:00,heldout,0,15,HNSW_HYBRID,category_narrow_price,category_07,760,False,0,0.005055,"[0.00,0.05)",2.60125,1.0,False,exact_bitmap,SQL_FIRST,False
2026-08-30T19:54:46.295+00:00,heldout,0,15,IVFFLAT_HYBRID,category_narrow_price,category_07,760,False,0,0.005055,"[0.00,0.05)",2.315625,1.0,False,exact_bitmap,SQL_FIRST,False
2026-08-30T19:54:46.298+00:00,heldout,1,15,SQL_FIRST,category_narrow_price,category_07,760,False,0,0.005055,"[0.00,0.05)",2.350291,1.0,True,exact_bitmap,SQL_FIRST,True
2026-08-30T19:54:46.323+00:00,heldout,1,15,VECTOR_FIRST_HNSW,category_narrow_price,category_07,760,False,0,0.005055,"[0.00,0.05)",24.632584,0.0,False,exact_bitmap,SQL_FIRST,False
2026-08-30T19:54:46.326+00:00,heldout,1,15,HNSW_HYBRID,category_narrow_price,category_07,760,False,0,0.005055,"[0.00,0.05)",2.642042,1.0,False,exact_bitmap,SQL_FIRST,False
2026-08-30T19:54:46.328+00:00,heldout,1,15,IVFFLAT_HYBRID,category_narrow_price,category_07,760,False,0,0.005055,"[0.00,0.05)",2.172167,1.0,False,exact_bitmap,SQL_FIRST,False
2026-08-30T19:54:46.331+00:00,heldout,2,15,SQL_FIRST,category_narrow_price,category_07,760,False,0,0.005055,"[0.00,0.05)",2.363083,1.0,True,exact_bitmap,SQL_FIRST,True
2026-08-30T19:54:46.356+00:00,heldout,2,15,VECTOR_FIRST_HNSW,category_narrow_price,category_07,760,False,0,0.005055,"[0.00,0.05)",24.655833,0.0,False,exact_bitmap,SQL_FIRST,False
2026-08-30T19:54:46.359+00:00,heldout,2,15,HNSW_HYBRID,category_narrow_price,category_07,760,False,0,0.005055,"[0.00,0.05)",2.78975,1.0,False,exact_bitmap,SQL_FIRST,False
2026-08-30T19:54:46.362+00:00,heldout,2,15,IVFFLAT_HYBRID,category_narrow_price,category_07,760,False,0,0.005055,"[0.00,0.05)",2.260459,1.0,False,exact_bitmap,SQL_FIRST,False
2026-08-30T19:54:46.376+00:00,heldout,0,145,SQL_FIRST,price_range_mid,category_05,290,True,2,0.101095,"[0.10,0.25)",12.271,1.0,True,exact_bitmap,HNSW_HYBRID,False
2026-08-30T19:54:46.403+00:00,heldout,0,145,VECTOR_FIRST_HNSW,price_range_mid,category_05,290,True,2,0.101095,"[0.10,0.25)",26.006666,1.0,False,exact_bitmap,HNSW_HYBRID,False
2026-08-30T19:54:46.418+00:00,heldout,0,145,HNSW_HYBRID,price_range_mid,category_05,290,True,2,0.101095,"[0.10,0.25)",12.568417,1.0,False,exact_bitmap,HNSW_HYBRID,True
2026-08-30T19:54:46.431+00:00,heldout,0,145,IVFFLAT_HYBRID,price_range_mid,category_05,290,True,2,0.101095,"[0.10,0.25)",12.2955,1.0,False,exact_bitmap,HNSW_HYBRID,False
2026-08-30T19:54:46.444+00:00,heldout,1,145,SQL_FIRST,price_range_mid,category_05,290,True,2,0.101095,"[0.10,0.25)",12.733417,1.0,True,exact_bitmap,HNSW_HYBRID,False
2026-08-30T19:54:46.470+00:00,heldout,1,145,VECTOR_FIRST_HNSW,price_range_mid,category_05,290,True,2,0.101095,"[0.10,0.25)",25.325542,1.0,False,exact_bitmap,HNSW_HYBRID,False
2026-08-30T19:54:46.483+00:00,heldout,1,145,HNSW_HYBRID,price_range_mid,category_05,290,True,2,0.101095,"[0.10,0.25)",12.70125,1.0,False,exact_bitmap,HNSW_HYBRID,True
2026-08-30T19:54:46.496+00:00,heldout,1,145,IVFFLAT_HYBRID,price_range_mid,category_05,290,True,2,0.101095,"[0.10,0.25)",12.106167,1.0,False,exact_bitmap,HNSW_HYBRID,False
2026-08-30T19:54:46.509+00:00,heldout,2,145,SQL_FIRST,price_range_mid,category_05,290,True,2,0.101095,"[0.10,0.25)",12.487167,1.0,True,exact_bitmap,HNSW_HYBRID,False
2026-08-30T19:54:46.535+00:00,heldout,2,145,VECTOR_FIRST_HNSW,price_range_mid,category_05,290,True,2,0.101095,"[0.10,0.25)",24.928458,1.0,False,exact_bitmap,HNSW_HYBRID,False
2026-08-30T19:54:46.547+00:00,heldout,2,145,HNSW_HYBRID,price_range_mid,category_05,290,True,2,0.101095,"[0.10,0.25)",11.828958,1.0,False,exact_bitmap,HNSW_HYBRID,True
2026-08-30T19:54:46.560+00:00,heldout,2,145,IVFFLAT_HYBRID,price_range_mid,category_05,290,True,2,0.101095,"[0.10,0.25)",12.149833,1.0,False,exact_bitmap,HNSW_HYBRID,False
2026-08-30T19:54:46.565+00:00,heldout,0,41,SQL_FIRST,category_narrow_price,category_05,541,True,0,0.00507,"[0.00,0.05)",3.02425,1.0,True,exact_bitmap,SQL_FIRST,True
2026-08-30T19:54:46.591+00:00,heldout,0,41,VECTOR_FIRST_HNSW,category_narrow_price,category_05,541,True,0,0.00507,"[0.00,0.05)",24.733917,0.0,False,exact_bitmap,SQL_FIRST,False
2026-08-30T19:54:46.595+00:00,heldout,0,41,HNSW_HYBRID,category_narrow_price,category_05,541,True,0,0.00507,"[0.00,0.05)",2.72775,1.0,False,exact_bitmap,SQL_FIRST,False
2026-08-30T19:54:46.599+00:00,heldout,0,41,IVFFLAT_HYBRID,category_narrow_price,category_05,541,True,0,0.00507,"[0.00,0.05)",2.865208,1.0,False,exact_bitmap,SQL_FIRST,False
2026-08-30T19:54:46.602+00:00,heldout,1,41,SQL_FIRST,category_narrow_price,category_05,541,True,0,0.00507,"[0.00,0.05)",3.272583,1.0,True,exact_bitmap,SQL_FIRST,True
2026-08-30T19:54:46.628+00:00,heldout,1,41,VECTOR_FIRST_HNSW,category_narrow_price,category_05,541,True,0,0.00507,"[0.00,0.05)",25.370042,0.0,False,exact_bitmap,SQL_FIRST,False
2026-08-30T19:54:46.631+00:00,heldout,1,41,HNSW_HYBRID,category_narrow_price,category_05,541,True,0,0.00507,"[0.00,0.05)",2.98225,1.0,False,exact_bitmap,SQL_FIRST,False
2026-08-30T19:54:46.634+00:00,heldout,1,41,IVFFLAT_HYBRID,category_narrow_price,category_05,541,True,0,0.00507,"[0.00,0.05)",2.295,1.0,False,exact_bitmap,SQL_FIRST,False
2026-08-30T19:54:46.638+00:00,heldout,2,41,SQL_FIRST,category_narrow_price,category_05,541,True,0,0.00507,"[0.00,0.05)",3.018209,1.0,True,exact_bitmap,SQL_FIRST,True
2026-08-30T19:54:46.665+00:00,heldout,2,41,VECTOR_FIRST_HNSW,category_narrow_price,category_05,541,True,0,0.00507,"[0.00,0.05)",27.506958,0.0,False,exact_bitmap,SQL_FIRST,False
2026-08-30T19:54:46.669+00:00,heldout,2,41,HNSW_HYBRID,category_narrow_price,category_05,541,True,0,0.00507,"[0.00,0.05)",2.782292,1.0,False,exact_bitmap,SQL_FIRST,False
2026-08-30T19:54:46.671+00:00,heldout,2,41,IVFFLAT_HYBRID,category_narrow_price,category_05,541,True,0,0.00507,"[0.00,0.05)",2.203125,1.0,False,exact_bitmap,SQL_FIRST,False
2026-08-30T19:54:46.676+00:00,heldout,0,26,SQL_FIRST,category_narrow_price,category_04,612,True,0,0.00491,"[0.00,0.05)",2.875416,1.0,True,exact_bitmap,SQL_FIRST,True
2026-08-30T19:54:46.703+00:00,heldout,0,26,VECTOR_FIRST_HNSW,category_narrow_price,category_04,612,True,0,0.00491,"[0.00,0.05)",25.219459,0.0,False,exact_bitmap,SQL_FIRST,False
2026-08-30T19:54:46.706+00:00,heldout,0,26,HNSW_HYBRID,category_narrow_price,category_04,612,True,0,0.00491,"[0.00,0.05)",2.694334,1.0,False,exact_bitmap,SQL_FIRST,False
2026-08-30T19:54:46.710+00:00,heldout,0,26,IVFFLAT_HYBRID,category_narrow_price,category_04,612,True,0,0.00491,"[0.00,0.05)",2.537334,1.0,False,exact_bitmap,SQL_FIRST,False
2026-08-30T19:54:46.713+00:00,heldout,1,26,SQL_FIRST,category_narrow_price,category_04,612,True,0,0.00491,"[0.00,0.05)",2.55075,1.0,True,exact_bitmap,SQL_FIRST,True
2026-08-30T19:54:46.738+00:00,heldout,1,26,VECTOR_FIRST_HNSW,category_narrow_price,category_04,612,True,0,0.00491,"[0.00,0.05)",24.612417,0.0,False,exact_bitmap,SQL_FIRST,False
2026-08-30T19:54:46.741+00:00,heldout,1,26,HNSW_HYBRID,category_narrow_price,category_04,612,True,0,0.00491,"[0.00,0.05)",2.7105,1.0,False,exact_bitmap,SQL_FIRST,False
2026-08-30T19:54:46.744+00:00,heldout,1,26,IVFFLAT_HYBRID,category_narrow_price,category_04,612,True,0,0.00491,"[0.00,0.05)",2.51825,1.0,False,exact_bitmap,SQL_FIRST,False
2026-08-30T19:54:46.747+00:00,heldout,2,26,SQL_FIRST,category_narrow_price,category_04,612,True,0,0.00491,"[0.00,0.05)",2.531459,1.0,True,exact_bitmap,SQL_FIRST,True
2026-08-30T19:54:46.772+00:00,heldout,2,26,VECTOR_FIRST_HNSW,category_narrow_price,category_04,612,True,0,0.00491,"[0.00,0.05)",24.808041,0.0,False,exact_bitmap,SQL_FIRST,False
2026-08-30T19:54:46.775+00:00,heldout,2,26,HNSW_HYBRID,category_narrow_price,category_04,612,True,0,0.00491,"[0.00,0.05)",2.837916,1.0,False,exact_bitmap,SQL_FIRST,False
2026-08-30T19:54:46.778+00:00,heldout,2,26,IVFFLAT_HYBRID,category_narrow_price,category_04,612,True,0,0.00491,"[0.00,0.05)",2.456583,1.0,False,exact_bitmap,SQL_FIRST,False
2026-08-30T19:54:46.793+00:00,heldout,0,111,SQL_FIRST,price_range_mid,category_06,818,True,2,0.10161,"[0.10,0.25)",12.943458,1.0,True,exact_bitmap,HNSW_HYBRID,False
2026-08-30T19:54:46.821+00:00,heldout,0,111,VECTOR_FIRST_HNSW,price_range_mid,category_06,818,True,2,0.10161,"[0.10,0.25)",26.048,0.9,False,exact_bitmap,HNSW_HYBRID,False
2026-08-30T19:54:46.835+00:00,heldout,0,111,HNSW_HYBRID,price_range_mid,category_06,818,True,2,0.10161,"[0.10,0.25)",12.420917,1.0,False,exact_bitmap,HNSW_HYBRID,True
2026-08-30T19:54:46.849+00:00,heldout,0,111,IVFFLAT_HYBRID,price_range_mid,category_06,818,True,2,0.10161,"[0.10,0.25)",12.814292,1.0,False,exact_bitmap,HNSW_HYBRID,False
2026-08-30T19:54:46.863+00:00,heldout,1,111,SQL_FIRST,price_range_mid,category_06,818,True,2,0.10161,"[0.10,0.25)",13.759084,1.0,True,exact_bitmap,HNSW_HYBRID,False
2026-08-30T19:54:46.888+00:00,heldout,1,111,VECTOR_FIRST_HNSW,price_range_mid,category_06,818,True,2,0.10161,"[0.10,0.25)",24.587542,0.9,False,exact_bitmap,HNSW_HYBRID,False
2026-08-30T19:54:46.901+00:00,heldout,1,111,HNSW_HYBRID,price_range_mid,category_06,818,True,2,0.10161,"[0.10,0.25)",12.550667,1.0,False,exact_bitmap,HNSW_HYBRID,True
2026-08-30T19:54:46.914+00:00,heldout,1,111,IVFFLAT_HYBRID,price_range_mid,category_06,818,True,2,0.10161,"[0.10,0.25)",12.282333,1.0,False,exact_bitmap,HNSW_HYBRID,False
2026-08-30T19:54:46.928+00:00,heldout,2,111,SQL_FIRST,price_range_mid,category_06,818,True,2,0.10161,"[0.10,0.25)",13.371667,1.0,True,exact_bitmap,HNSW_HYBRID,False
2026-08-30T19:54:46.954+00:00,heldout,2,111,VECTOR_FIRST_HNSW,price_range_mid,category_06,818,True,2,0.10161,"[0.10,0.25)",25.351958,0.9,False,exact_bitmap,HNSW_HYBRID,False
2026-08-30T19:54:46.967+00:00,heldout,2,111,HNSW_HYBRID,price_range_mid,category_06,818,True,2,0.10161,"[0.10,0.25)",12.92075,1.0,False,exact_bitmap,HNSW_HYBRID,True
2026-08-30T19:54:46.980+00:00,heldout,2,111,IVFFLAT_HYBRID,price_range_mid,category_06,818,True,2,0.10161,"[0.10,0.25)",12.797792,1.0,False,exact_bitmap,HNSW_HYBRID,False
2026-08-30T19:54:46.997+00:00,heldout,0,94,SQL_FIRST,single_category,category_08,519,True,1,0.098665,"[0.05,0.10)",15.300958,1.0,True,exact_bitmap,HNSW_HYBRID,False
2026-08-30T19:54:47.025+00:00,heldout,0,94,VECTOR_FIRST_HNSW,single_category,category_08,519,True,1,0.098665,"[0.05,0.10)",27.596583,1.0,False,exact_bitmap,HNSW_HYBRID,False
2026-08-30T19:54:47.038+00:00,heldout,0,94,HNSW_HYBRID,single_category,category_08,519,True,1,0.098665,"[0.05,0.10)",12.258708,1.0,False,exact_bitmap,HNSW_HYBRID,True
2026-08-30T19:54:47.051+00:00,heldout,0,94,IVFFLAT_HYBRID,single_category,category_08,519,True,1,0.098665,"[0.05,0.10)",11.990792,1.0,False,exact_bitmap,HNSW_HYBRID,False
2026-08-30T19:54:47.063+00:00,heldout,1,94,SQL_FIRST,single_category,category_08,519,True,1,0.098665,"[0.05,0.10)",11.830083,1.0,True,exact_bitmap,HNSW_HYBRID,False
2026-08-30T19:54:47.088+00:00,heldout,1,94,VECTOR_FIRST_HNSW,single_category,category_08,519,True,1,0.098665,"[0.05,0.10)",25.098208,1.0,False,exact_bitmap,HNSW_HYBRID,False
2026-08-30T19:54:47.101+00:00,heldout,1,94,HNSW_HYBRID,single_category,category_08,519,True,1,0.098665,"[0.05,0.10)",12.448375,1.0,False,exact_bitmap,HNSW_HYBRID,True
2026-08-30T19:54:47.114+00:00,heldout,1,94,IVFFLAT_HYBRID,single_category,category_08,519,True,1,0.098665,"[0.05,0.10)",11.900875,1.0,False,exact_bitmap,HNSW_HYBRID,False
2026-08-30T19:54:47.128+00:00,heldout,2,94,SQL_FIRST,single_category,category_08,519,True,1,0.098665,"[0.05,0.10)",13.102041,1.0,True,exact_bitmap,HNSW_HYBRID,False
2026-08-30T19:54:47.158+00:00,heldout,2,94,VECTOR_FIRST_HNSW,single_category,category_08,519,True,1,0.098665,"[0.05,0.10)",29.604042,1.0,False,exact_bitmap,HNSW_HYBRID,False
2026-08-30T19:54:47.172+00:00,heldout,2,94,HNSW_HYBRID,single_category,category_08,519,True,1,0.098665,"[0.05,0.10)",13.60025,1.0,False,exact_bitmap,HNSW_HYBRID,True
2026-08-30T19:54:47.187+00:00,heldout,2,94,IVFFLAT_HYBRID,single_category,category_08,519,True,1,0.098665,"[0.05,0.10)",14.779083,1.0,False,exact_bitmap,HNSW_HYBRID,False
2026-08-30T19:54:47.208+00:00,heldout,0,146,SQL_FIRST,two_categories,category_01,555,False,2,0.197635,"[0.10,0.25)",19.902792,1.0,True,exact_bitmap,HNSW_HYBRID,False
2026-08-30T19:54:47.236+00:00,heldout,0,146,VECTOR_FIRST_HNSW,two_categories,category_01,555,False,2,0.197635,"[0.10,0.25)",25.464334,1.0,False,exact_bitmap,HNSW_HYBRID,False
2026-08-30T19:54:47.257+00:00,heldout,0,146,HNSW_HYBRID,two_categories,category_01,555,False,2,0.197635,"[0.10,0.25)",19.439041,1.0,False,exact_bitmap,HNSW_HYBRID,True
2026-08-30T19:54:47.278+00:00,heldout,0,146,IVFFLAT_HYBRID,two_categories,category_01,555,False,2,0.197635,"[0.10,0.25)",19.824834,1.0,False,exact_bitmap,HNSW_HYBRID,False
2026-08-30T19:54:47.298+00:00,heldout,1,146,SQL_FIRST,two_categories,category_01,555,False,2,0.197635,"[0.10,0.25)",19.989875,1.0,True,exact_bitmap,HNSW_HYBRID,False
2026-08-30T19:54:47.323+00:00,heldout,1,146,VECTOR_FIRST_HNSW,two_categories,category_01,555,False,2,0.197635,"[0.10,0.25)",24.773083,1.0,False,exact_bitmap,HNSW_HYBRID,False
2026-08-30T19:54:47.343+00:00,heldout,1,146,HNSW_HYBRID,two_categories,category_01,555,False,2,0.197635,"[0.10,0.25)",19.649708,1.0,False,exact_bitmap,HNSW_HYBRID,True
2026-08-30T19:54:47.365+00:00,heldout,1,146,IVFFLAT_HYBRID,two_categories,category_01,555,False,2,0.197635,"[0.10,0.25)",20.762292,1.0,False,exact_bitmap,HNSW_HYBRID,False
2026-08-30T19:54:47.385+00:00,heldout,2,146,SQL_FIRST,two_categories,category_01,555,False,2,0.197635,"[0.10,0.25)",19.923417,1.0,True,exact_bitmap,HNSW_HYBRID,False
2026-08-30T19:54:47.410+00:00,heldout,2,146,VECTOR_FIRST_HNSW,two_categories,category_01,555,False,2,0.197635,"[0.10,0.25)",25.020333,1.0,False,exact_bitmap,HNSW_HYBRID,False
2026-08-30T19:54:47.431+00:00,heldout,2,146,HNSW_HYBRID,two_categories,category_01,555,False,2,0.197635,"[0.10,0.25)",20.469583,1.0,False,exact_bitmap,HNSW_HYBRID,True
2026-08-30T19:54:47.454+00:00,heldout,2,146,IVFFLAT_HYBRID,two_categories,category_01,555,False,2,0.197635,"[0.10,0.25)",22.185875,1.0,False,exact_bitmap,HNSW_HYBRID,False
2026-08-30T19:54:47.474+00:00,heldout,0,175,SQL_FIRST,three_categories,category_07,616,False,3,0.27019,"[0.25,0.50)",18.428625,1.0,True,exact_bitmap,IVFFLAT_HYBRID,False
2026-08-30T19:54:47.501+00:00,heldout,0,175,VECTOR_FIRST_HNSW,three_categories,category_07,616,False,3,0.27019,"[0.25,0.50)",24.556542,1.0,False,exact_bitmap,IVFFLAT_HYBRID,False
2026-08-30T19:54:47.519+00:00,heldout,0,175,HNSW_HYBRID,three_categories,category_07,616,False,3,0.27019,"[0.25,0.50)",17.071625,1.0,False,exact_bitmap,IVFFLAT_HYBRID,False
2026-08-30T19:54:47.538+00:00,heldout,0,175,IVFFLAT_HYBRID,three_categories,category_07,616,False,3,0.27019,"[0.25,0.50)",17.171458,1.0,False,exact_bitmap,IVFFLAT_HYBRID,True
2026-08-30T19:54:47.555+00:00,heldout,1,175,SQL_FIRST,three_categories,category_07,616,False,3,0.27019,"[0.25,0.50)",17.160834,1.0,True,exact_bitmap,IVFFLAT_HYBRID,False
2026-08-30T19:54:47.580+00:00,heldout,1,175,VECTOR_FIRST_HNSW,three_categories,category_07,616,False,3,0.27019,"[0.25,0.50)",24.3315,1.0,False,exact_bitmap,IVFFLAT_HYBRID,False
2026-08-30T19:54:47.598+00:00,heldout,1,175,HNSW_HYBRID,three_categories,category_07,616,False,3,0.27019,"[0.25,0.50)",17.101209,1.0,False,exact_bitmap,IVFFLAT_HYBRID,False
2026-08-30T19:54:47.621+00:00,heldout,1,175,IVFFLAT_HYBRID,three_categories,category_07,616,False,3,0.27019,"[0.25,0.50)",23.392583,1.0,False,exact_bitmap,IVFFLAT_HYBRID,True
2026-08-30T19:54:47.642+00:00,heldout,2,175,SQL_FIRST,three_categories,category_07,616,False,3,0.27019,"[0.25,0.50)",20.073542,1.0,True,exact_bitmap,IVFFLAT_HYBRID,False
2026-08-30T19:54:47.669+00:00,heldout,2,175,VECTOR_FIRST_HNSW,three_categories,category_07,616,False,3,0.27019,"[0.25,0.50)",27.060292,1.0,False,exact_bitmap,IVFFLAT_HYBRID,False
2026-08-30T19:54:47.688+00:00,heldout,2,175,HNSW_HYBRID,three_categories,category_07,616,False,3,0.27019,"[0.25,0.50)",18.016584,1.0,False,exact_bitmap,IVFFLAT_HYBRID,False
2026-08-30T19:54:47.708+00:00,heldout,2,175,IVFFLAT_HYBRID,three_categories,category_07,616,False,3,0.27019,"[0.25,0.50)",19.880916,1.0,False,exact_bitmap,IVFFLAT_HYBRID,True
2026-08-30T19:54:47.738+00:00,heldout,0,205,SQL_FIRST,wide_or,category_07,564,False,4,0.801775,"[0.50,1.00)",28.044459,1.0,True,exact_seq,VECTOR_FIRST_HNSW,False
2026-08-30T19:54:47.765+00:00,heldout,0,205,VECTOR_FIRST_HNSW,wide_or,category_07,564,False,4,0.801775,"[0.50,1.00)",25.529708,1.0,False,exact_bitmap,VECTOR_FIRST_HNSW,True
2026-08-30T19:54:47.793+00:00,heldout,0,205,HNSW_HYBRID,wide_or,category_07,564,False,4,0.801775,"[0.50,1.00)",27.020917,1.0,False,exact_seq,VECTOR_FIRST_HNSW,False
2026-08-30T19:54:47.821+00:00,heldout,0,205,IVFFLAT_HYBRID,wide_or,category_07,564,False,4,0.801775,"[0.50,1.00)",26.696042,1.0,False,exact_seq,VECTOR_FIRST_HNSW,False
2026-08-30T19:54:47.848+00:00,heldout,1,205,SQL_FIRST,wide_or,category_07,564,False,4,0.801775,"[0.50,1.00)",26.779333,1.0,True,exact_seq,VECTOR_FIRST_HNSW,False
2026-08-30T19:54:47.874+00:00,heldout,1,205,VECTOR_FIRST_HNSW,wide_or,category_07,564,False,4,0.801775,"[0.50,1.00)",25.478417,1.0,False,exact_bitmap,VECTOR_FIRST_HNSW,True
2026-08-30T19:54:47.902+00:00,heldout,1,205,HNSW_HYBRID,wide_or,category_07,564,False,4,0.801775,"[0.50,1.00)",26.917958,1.0,False,exact_seq,VECTOR_FIRST_HNSW,False
2026-08-30T19:54:47.929+00:00,heldout,1,205,IVFFLAT_HYBRID,wide_or,category_07,564,False,4,0.801775,"[0.50,1.00)",26.86125,1.0,False,exact_seq,VECTOR_FIRST_HNSW,False
2026-08-30T19:54:47.958+00:00,heldout,2,205,SQL_FIRST,wide_or,category_07,564,False,4,0.801775,"[0.50,1.00)",27.913917,1.0,True,exact_seq,VECTOR_FIRST_HNSW,False
2026-08-30T19:54:47.987+00:00,heldout,2,205,VECTOR_FIRST_HNSW,wide_or,category_07,564,False,4,0.801775,"[0.50,1.00)",28.537875,1.0,False,exact_bitmap,VECTOR_FIRST_HNSW,True
2026-08-30T19:54:48.015+00:00,heldout,2,205,HNSW_HYBRID,wide_or,category_07,564,False,4,0.801775,"[0.50,1.00)",28.5915,1.0,False,exact_seq,VECTOR_FIRST_HNSW,False
2026-08-30T19:54:48.043+00:00,heldout,2,205,IVFFLAT_HYBRID,wide_or,category_07,564,False,4,0.801775,"[0.50,1.00)",27.413542,1.0,False,exact_seq,VECTOR_FIRST_HNSW,False
2026-08-30T19:54:48.073+00:00,heldout,0,209,SQL_FIRST,wide_or,category_04,656,False,4,0.842265,"[0.50,1.00)",28.43175,1.0,True,exact_seq,VECTOR_FIRST_HNSW,False
2026-08-30T19:54:48.100+00:00,heldout,0,209,VECTOR_FIRST_HNSW,wide_or,category_04,656,False,4,0.842265,"[0.50,1.00)",25.968625,1.0,False,exact_bitmap,VECTOR_FIRST_HNSW,True
2026-08-30T19:54:48.128+00:00,heldout,0,209,HNSW_HYBRID,wide_or,category_04,656,False,4,0.842265,"[0.50,1.00)",27.738083,1.0,False,exact_seq,VECTOR_FIRST_HNSW,False
2026-08-30T19:54:48.158+00:00,heldout,0,209,IVFFLAT_HYBRID,wide_or,category_04,656,False,4,0.842265,"[0.50,1.00)",29.206458,1.0,False,exact_seq,VECTOR_FIRST_HNSW,False
2026-08-30T19:54:48.188+00:00,heldout,1,209,SQL_FIRST,wide_or,category_04,656,False,4,0.842265,"[0.50,1.00)",29.224584,1.0,True,exact_seq,VECTOR_FIRST_HNSW,False
2026-08-30T19:54:48.214+00:00,heldout,1,209,VECTOR_FIRST_HNSW,wide_or,category_04,656,False,4,0.842265,"[0.50,1.00)",25.800792,1.0,False,exact_bitmap,VECTOR_FIRST_HNSW,True
2026-08-30T19:54:48.243+00:00,heldout,1,209,HNSW_HYBRID,wide_or,category_04,656,False,4,0.842265,"[0.50,1.00)",28.419833,1.0,False,exact_seq,VECTOR_FIRST_HNSW,False
2026-08-30T19:54:48.274+00:00,heldout,1,209,IVFFLAT_HYBRID,wide_or,category_04,656,False,4,0.842265,"[0.50,1.00)",30.347708,1.0,False,exact_seq,VECTOR_FIRST_HNSW,False
2026-08-30T19:54:48.302+00:00,heldout,2,209,SQL_FIRST,wide_or,category_04,656,False,4,0.842265,"[0.50,1.00)",27.881875,1.0,True,exact_seq,VECTOR_FIRST_HNSW,False
2026-08-30T19:54:48.328+00:00,heldout,2,209,VECTOR_FIRST_HNSW,wide_or,category_04,656,False,4,0.842265,"[0.50,1.00)",25.779041,1.0,False,exact_bitmap,VECTOR_FIRST_HNSW,True
2026-08-30T19:54:48.360+00:00,heldout,2,209,HNSW_HYBRID,wide_or,category_04,656,False,4,0.842265,"[0.50,1.00)",31.475,1.0,False,exact_seq,VECTOR_FIRST_HNSW,False
2026-08-30T19:54:48.390+00:00,heldout,2,209,IVFFLAT_HYBRID,wide_or,category_04,656,False,4,0.842265,"[0.50,1.00)",29.187958,1.0,False,exact_seq,VECTOR_FIRST_HNSW,False
2026-08-30T19:54:48.404+00:00,heldout,0,131,SQL_FIRST,single_category_alone,category_03,883,True,2,0.1037,"[0.10,0.25)",12.526667,1.0,True,exact_bitmap,HNSW_HYBRID,False
2026-08-30T19:54:48.434+00:00,heldout,0,131,VECTOR_FIRST_HNSW,single_category_alone,category_03,883,True,2,0.1037,"[0.10,0.25)",27.665459,0.8,False,exact_bitmap,HNSW_HYBRID,False
2026-08-30T19:54:48.448+00:00,heldout,0,131,HNSW_HYBRID,single_category_alone,category_03,883,True,2,0.1037,"[0.10,0.25)",12.598458,1.0,False,exact_bitmap,HNSW_HYBRID,True
2026-08-30T19:54:48.461+00:00,heldout,0,131,IVFFLAT_HYBRID,single_category_alone,category_03,883,True,2,0.1037,"[0.10,0.25)",12.809834,1.0,False,exact_bitmap,HNSW_HYBRID,False
2026-08-30T19:54:48.474+00:00,heldout,1,131,SQL_FIRST,single_category_alone,category_03,883,True,2,0.1037,"[0.10,0.25)",12.524292,1.0,True,exact_bitmap,HNSW_HYBRID,False
2026-08-30T19:54:48.501+00:00,heldout,1,131,VECTOR_FIRST_HNSW,single_category_alone,category_03,883,True,2,0.1037,"[0.10,0.25)",26.694667,0.8,False,exact_bitmap,HNSW_HYBRID,False
2026-08-30T19:54:48.515+00:00,heldout,1,131,HNSW_HYBRID,single_category_alone,category_03,883,True,2,0.1037,"[0.10,0.25)",12.974916,1.0,False,exact_bitmap,HNSW_HYBRID,True
2026-08-30T19:54:48.529+00:00,heldout,1,131,IVFFLAT_HYBRID,single_category_alone,category_03,883,True,2,0.1037,"[0.10,0.25)",13.789917,1.0,False,exact_bitmap,HNSW_HYBRID,False
2026-08-30T19:54:48.542+00:00,heldout,2,131,SQL_FIRST,single_category_alone,category_03,883,True,2,0.1037,"[0.10,0.25)",12.72875,1.0,True,exact_bitmap,HNSW_HYBRID,False
2026-08-30T19:54:48.570+00:00,heldout,2,131,VECTOR_FIRST_HNSW,single_category_alone,category_03,883,True,2,0.1037,"[0.10,0.25)",26.942958,0.8,False,exact_bitmap,HNSW_HYBRID,False
2026-08-30T19:54:48.585+00:00,heldout,2,131,HNSW_HYBRID,single_category_alone,category_03,883,True,2,0.1037,"[0.10,0.25)",12.592875,1.0,False,exact_bitmap,HNSW_HYBRID,True
2026-08-30T19:54:48.599+00:00,heldout,2,131,IVFFLAT_HYBRID,single_category_alone,category_03,883,True,2,0.1037,"[0.10,0.25)",13.18875,1.0,False,exact_bitmap,HNSW_HYBRID,False
2026-08-30T19:54:48.616+00:00,heldout,0,57,SQL_FIRST,single_category,category_04,686,True,1,0.0967,"[0.05,0.10)",12.868917,1.0,True,exact_bitmap,HNSW_HYBRID,False
2026-08-30T19:54:48.646+00:00,heldout,0,57,VECTOR_FIRST_HNSW,single_category,category_04,686,True,1,0.0967,"[0.05,0.10)",26.899583,1.0,False,exact_bitmap,HNSW_HYBRID,False
2026-08-30T19:54:48.660+00:00,heldout,0,57,HNSW_HYBRID,single_category,category_04,686,True,1,0.0967,"[0.05,0.10)",12.199,1.0,False,exact_bitmap,HNSW_HYBRID,True
2026-08-30T19:54:48.673+00:00,heldout,0,57,IVFFLAT_HYBRID,single_category,category_04,686,True,1,0.0967,"[0.05,0.10)",12.539541,1.0,False,exact_bitmap,HNSW_HYBRID,False
2026-08-30T19:54:48.686+00:00,heldout,1,57,SQL_FIRST,single_category,category_04,686,True,1,0.0967,"[0.05,0.10)",12.458542,1.0,True,exact_bitmap,HNSW_HYBRID,False
2026-08-30T19:54:48.714+00:00,heldout,1,57,VECTOR_FIRST_HNSW,single_category,category_04,686,True,1,0.0967,"[0.05,0.10)",27.501125,1.0,False,exact_bitmap,HNSW_HYBRID,False
2026-08-30T19:54:48.727+00:00,heldout,1,57,HNSW_HYBRID,single_category,category_04,686,True,1,0.0967,"[0.05,0.10)",12.452667,1.0,False,exact_bitmap,HNSW_HYBRID,True
2026-08-30T19:54:48.740+00:00,heldout,1,57,IVFFLAT_HYBRID,single_category,category_04,686,True,1,0.0967,"[0.05,0.10)",12.58525,1.0,False,exact_bitmap,HNSW_HYBRID,False
2026-08-30T19:54:48.753+00:00,heldout,2,57,SQL_FIRST,single_category,category_04,686,True,1,0.0967,"[0.05,0.10)",12.526083,1.0,True,exact_bitmap,HNSW_HYBRID,False
2026-08-30T19:54:48.782+00:00,heldout,2,57,VECTOR_FIRST_HNSW,single_category,category_04,686,True,1,0.0967,"[0.05,0.10)",28.398333,1.0,False,exact_bitmap,HNSW_HYBRID,False
2026-08-30T19:54:48.797+00:00,heldout,2,57,HNSW_HYBRID,single_category,category_04,686,True,1,0.0967,"[0.05,0.10)",13.903042,1.0,False,exact_bitmap,HNSW_HYBRID,True
2026-08-30T19:54:48.810+00:00,heldout,2,57,IVFFLAT_HYBRID,single_category,category_04,686,True,1,0.0967,"[0.05,0.10)",12.443042,1.0,False,exact_bitmap,HNSW_HYBRID,False
2026-08-30T19:54:48.835+00:00,heldout,0,249,SQL_FIRST,stock_alone,category_06,194,True,4,0.500835,"[0.50,1.00)",21.425708,1.0,True,exact_seq,VECTOR_FIRST_HNSW,False
2026-08-30T19:54:48.862+00:00,heldout,0,249,VECTOR_FIRST_HNSW,stock_alone,category_06,194,True,4,0.500835,"[0.50,1.00)",25.756792,1.0,False,exact_bitmap,VECTOR_FIRST_HNSW,True
2026-08-30T19:54:48.885+00:00,heldout,0,249,HNSW_HYBRID,stock_alone,category_06,194,True,4,0.500835,"[0.50,1.00)",20.6845,1.0,False,exact_seq,VECTOR_FIRST_HNSW,False
2026-08-30T19:54:48.908+00:00,heldout,0,249,IVFFLAT_HYBRID,stock_alone,category_06,194,True,4,0.500835,"[0.50,1.00)",22.021916,1.0,False,exact_seq,VECTOR_FIRST_HNSW,False
2026-08-30T19:54:48.930+00:00,heldout,1,249,SQL_FIRST,stock_alone,category_06,194,True,4,0.500835,"[0.50,1.00)",21.299958,1.0,True,exact_seq,VECTOR_FIRST_HNSW,False
2026-08-30T19:54:48.957+00:00,heldout,1,249,VECTOR_FIRST_HNSW,stock_alone,category_06,194,True,4,0.500835,"[0.50,1.00)",26.577208,1.0,False,exact_bitmap,VECTOR_FIRST_HNSW,True
2026-08-30T19:54:48.979+00:00,heldout,1,249,HNSW_HYBRID,stock_alone,category_06,194,True,4,0.500835,"[0.50,1.00)",21.678292,1.0,False,exact_seq,VECTOR_FIRST_HNSW,False
2026-08-30T19:54:49.003+00:00,heldout,1,249,IVFFLAT_HYBRID,stock_alone,category_06,194,True,4,0.500835,"[0.50,1.00)",23.327875,1.0,False,exact_seq,VECTOR_FIRST_HNSW,False
2026-08-30T19:54:49.024+00:00,heldout,2,249,SQL_FIRST,stock_alone,category_06,194,True,4,0.500835,"[0.50,1.00)",21.485166,1.0,True,exact_seq,VECTOR_FIRST_HNSW,False
2026-08-30T19:54:49.052+00:00,heldout,2,249,VECTOR_FIRST_HNSW,stock_alone,category_06,194,True,4,0.500835,"[0.50,1.00)",26.784583,1.0,False,exact_bitmap,VECTOR_FIRST_HNSW,True
2026-08-30T19:54:49.073+00:00,heldout,2,249,HNSW_HYBRID,stock_alone,category_06,194,True,4,0.500835,"[0.50,1.00)",20.603417,1.0,False,exact_seq,VECTOR_FIRST_HNSW,False
2026-08-30T19:54:49.094+00:00,heldout,2,249,IVFFLAT_HYBRID,stock_alone,category_06,194,True,4,0.500835,"[0.50,1.00)",20.533792,1.0,False,exact_seq,VECTOR_FIRST_HNSW,False
2026-08-30T19:54:49.109+00:00,heldout,0,60,SQL_FIRST,single_category,category_08,406,False,1,0.098665,"[0.05,0.10)",12.452209,1.0,True,exact_bitmap,HNSW_HYBRID,False
2026-08-30T19:54:49.140+00:00,heldout,0,60,VECTOR_FIRST_HNSW,single_category,category_08,406,False,1,0.098665,"[0.05,0.10)",30.276042,0.8,False,exact_bitmap,HNSW_HYBRID,False
2026-08-30T19:54:49.154+00:00,heldout,0,60,HNSW_HYBRID,single_category,category_08,406,False,1,0.098665,"[0.05,0.10)",13.35275,1.0,False,exact_bitmap,HNSW_HYBRID,True
2026-08-30T19:54:49.168+00:00,heldout,0,60,IVFFLAT_HYBRID,single_category,category_08,406,False,1,0.098665,"[0.05,0.10)",12.507417,1.0,False,exact_bitmap,HNSW_HYBRID,False
2026-08-30T19:54:49.180+00:00,heldout,1,60,SQL_FIRST,single_category,category_08,406,False,1,0.098665,"[0.05,0.10)",12.199209,1.0,True,exact_bitmap,HNSW_HYBRID,False
2026-08-30T19:54:49.207+00:00,heldout,1,60,VECTOR_FIRST_HNSW,single_category,category_08,406,False,1,0.098665,"[0.05,0.10)",27.029708,0.8,False,exact_bitmap,HNSW_HYBRID,False
2026-08-30T19:54:49.221+00:00,heldout,1,60,HNSW_HYBRID,single_category,category_08,406,False,1,0.098665,"[0.05,0.10)",12.73975,1.0,False,exact_bitmap,HNSW_HYBRID,True
2026-08-30T19:54:49.252+00:00,heldout,1,60,IVFFLAT_HYBRID,single_category,category_08,406,False,1,0.098665,"[0.05,0.10)",30.791334,1.0,False,exact_bitmap,HNSW_HYBRID,False
2026-08-30T19:54:49.340+00:00,heldout,2,60,SQL_FIRST,single_category,category_08,406,False,1,0.098665,"[0.05,0.10)",87.464083,1.0,True,exact_bitmap,HNSW_HYBRID,False
2026-08-30T19:54:49.367+00:00,heldout,2,60,VECTOR_FIRST_HNSW,single_category,category_08,406,False,1,0.098665,"[0.05,0.10)",26.982458,0.8,False,exact_bitmap,HNSW_HYBRID,False
2026-08-30T19:54:49.379+00:00,heldout,2,60,HNSW_HYBRID,single_category,category_08,406,False,1,0.098665,"[0.05,0.10)",11.839583,1.0,False,exact_bitmap,HNSW_HYBRID,True
2026-08-30T19:54:49.392+00:00,heldout,2,60,IVFFLAT_HYBRID,single_category,category_08,406,False,1,0.098665,"[0.05,0.10)",12.756,1.0,False,exact_bitmap,HNSW_HYBRID,False
2026-08-30T19:54:49.404+00:00,heldout,0,35,SQL_FIRST,category_and_stock,category_02,181,False,0,0.0494,"[0.00,0.05)",11.159708,1.0,True,exact_bitmap,SQL_FIRST,True
2026-08-30T19:54:49.434+00:00,heldout,0,35,VECTOR_FIRST_HNSW,category_and_stock,category_02,181,False,0,0.0494,"[0.00,0.05)",28.0965,0.4,False,exact_bitmap,SQL_FIRST,False
2026-08-30T19:54:49.444+00:00,heldout,0,35,HNSW_HYBRID,category_and_stock,category_02,181,False,0,0.0494,"[0.00,0.05)",9.507458,1.0,False,exact_bitmap,SQL_FIRST,False
2026-08-30T19:54:49.456+00:00,heldout,0,35,IVFFLAT_HYBRID,category_and_stock,category_02,181,False,0,0.0494,"[0.00,0.05)",10.937667,1.0,False,exact_bitmap,SQL_FIRST,False
2026-08-30T19:54:49.467+00:00,heldout,1,35,SQL_FIRST,category_and_stock,category_02,181,False,0,0.0494,"[0.00,0.05)",10.733209,1.0,True,exact_bitmap,SQL_FIRST,True
2026-08-30T19:54:49.494+00:00,heldout,1,35,VECTOR_FIRST_HNSW,category_and_stock,category_02,181,False,0,0.0494,"[0.00,0.05)",26.425417,0.4,False,exact_bitmap,SQL_FIRST,False
2026-08-30T19:54:49.504+00:00,heldout,1,35,HNSW_HYBRID,category_and_stock,category_02,181,False,0,0.0494,"[0.00,0.05)",9.938875,1.0,False,exact_bitmap,SQL_FIRST,False
2026-08-30T19:54:49.515+00:00,heldout,1,35,IVFFLAT_HYBRID,category_and_stock,category_02,181,False,0,0.0494,"[0.00,0.05)",10.186209,1.0,False,exact_bitmap,SQL_FIRST,False
2026-08-30T19:54:49.525+00:00,heldout,2,35,SQL_FIRST,category_and_stock,category_02,181,False,0,0.0494,"[0.00,0.05)",10.365459,1.0,True,exact_bitmap,SQL_FIRST,True
2026-08-30T19:54:49.552+00:00,heldout,2,35,VECTOR_FIRST_HNSW,category_and_stock,category_02,181,False,0,0.0494,"[0.00,0.05)",26.607708,0.4,False,exact_bitmap,SQL_FIRST,False
2026-08-30T19:54:49.562+00:00,heldout,2,35,HNSW_HYBRID,category_and_stock,category_02,181,False,0,0.0494,"[0.00,0.05)",9.642666,1.0,False,exact_bitmap,SQL_FIRST,False
2026-08-30T19:54:49.574+00:00,heldout,2,35,IVFFLAT_HYBRID,category_and_stock,category_02,181,False,0,0.0494,"[0.00,0.05)",10.977792,1.0,False,exact_bitmap,SQL_FIRST,False
2026-08-30T19:54:49.596+00:00,heldout,0,159,SQL_FIRST,three_categories,category_09,875,False,3,0.272595,"[0.25,0.50)",19.196625,1.0,True,exact_bitmap,IVFFLAT_HYBRID,False
2026-08-30T19:54:49.623+00:00,heldout,0,159,VECTOR_FIRST_HNSW,three_categories,category_09,875,False,3,0.272595,"[0.25,0.50)",25.823,1.0,False,exact_bitmap,IVFFLAT_HYBRID,False
2026-08-30T19:54:49.642+00:00,heldout,0,159,HNSW_HYBRID,three_categories,category_09,875,False,3,0.272595,"[0.25,0.50)",17.7815,1.0,False,exact_bitmap,IVFFLAT_HYBRID,False
2026-08-30T19:54:49.661+00:00,heldout,0,159,IVFFLAT_HYBRID,three_categories,category_09,875,False,3,0.272595,"[0.25,0.50)",17.782709,1.0,False,exact_bitmap,IVFFLAT_HYBRID,True
2026-08-30T19:54:49.680+00:00,heldout,1,159,SQL_FIRST,three_categories,category_09,875,False,3,0.272595,"[0.25,0.50)",17.992875,1.0,True,exact_bitmap,IVFFLAT_HYBRID,False
2026-08-30T19:54:49.706+00:00,heldout,1,159,VECTOR_FIRST_HNSW,three_categories,category_09,875,False,3,0.272595,"[0.25,0.50)",25.651958,1.0,False,exact_bitmap,IVFFLAT_HYBRID,False
2026-08-30T19:54:49.725+00:00,heldout,1,159,HNSW_HYBRID,three_categories,category_09,875,False,3,0.272595,"[0.25,0.50)",18.508667,1.0,False,exact_bitmap,IVFFLAT_HYBRID,False
2026-08-30T19:54:49.744+00:00,heldout,1,159,IVFFLAT_HYBRID,three_categories,category_09,875,False,3,0.272595,"[0.25,0.50)",18.452,1.0,False,exact_bitmap,IVFFLAT_HYBRID,True
2026-08-30T19:54:49.763+00:00,heldout,2,159,SQL_FIRST,three_categories,category_09,875,False,3,0.272595,"[0.25,0.50)",18.796125,1.0,True,exact_bitmap,IVFFLAT_HYBRID,False
2026-08-30T19:54:49.791+00:00,heldout,2,159,VECTOR_FIRST_HNSW,three_categories,category_09,875,False,3,0.272595,"[0.25,0.50)",27.044,1.0,False,exact_bitmap,IVFFLAT_HYBRID,False
2026-08-30T19:54:49.809+00:00,heldout,2,159,HNSW_HYBRID,three_categories,category_09,875,False,3,0.272595,"[0.25,0.50)",18.051875,1.0,False,exact_bitmap,IVFFLAT_HYBRID,False
2026-08-30T19:54:49.828+00:00,heldout,2,159,IVFFLAT_HYBRID,three_categories,category_09,875,False,3,0.272595,"[0.25,0.50)",17.803666,1.0,False,exact_bitmap,IVFFLAT_HYBRID,True
