ts_utc,phase,repetition,query_id,strategy,template,category,price_limit,in_stock,target_bucket_idx,estimated_selectivity,bucket,latency_ms,recall_at_10,plan_verified,access_path,adaptive_selected,is_adaptive_selection
2026-08-30T19:31:18.305+00:00,calibration,0,138,SQL_FIRST,two_categories,category_05,34,False,2,0.199565,"[0.10,0.25)",18.088667,1.0,True,exact_bitmap,,False
2026-08-30T19:31:18.331+00:00,calibration,0,138,VECTOR_FIRST_HNSW,two_categories,category_05,34,False,2,0.199565,"[0.10,0.25)",25.359208,1.0,False,exact_bitmap,,False
2026-08-30T19:31:18.351+00:00,calibration,0,138,HNSW_HYBRID,two_categories,category_05,34,False,2,0.199565,"[0.10,0.25)",18.930209,1.0,False,exact_bitmap,,False
2026-08-30T19:31:18.370+00:00,calibration,0,138,IVFFLAT_HYBRID,two_categories,category_05,34,False,2,0.199565,"[0.10,0.25)",18.391792,1.0,False,exact_bitmap,,False
2026-08-30T19:31:18.479+00:00,calibration,0,164,SQL_FIRST,category_or_price,category_01,425,False,3,0.47886,"[0.25,0.50)",21.8475,1.0,True,exact_seq,,False
2026-08-30T19:31:18.504+00:00,calibration,0,164,VECTOR_FIRST_HNSW,category_or_price,category_01,425,False,3,0.47886,"[0.25,0.50)",23.8755,1.0,False,exact_bitmap,,False
2026-08-30T19:31:18.528+00:00,calibration,0,164,HNSW_HYBRID,category_or_price,category_01,425,False,3,0.47886,"[0.25,0.50)",23.139292,1.0,False,exact_seq,,False
2026-08-30T19:31:18.551+00:00,calibration,0,164,IVFFLAT_HYBRID,category_or_price,category_01,425,False,3,0.47886,"[0.25,0.50)",22.142458,1.0,False,exact_seq,,False
2026-08-30T19:31:18.590+00:00,calibration,0,41,SQL_FIRST,category_narrow_price,category_03,806,True,0,0.00526,"[0.00,0.05)",2.283083,1.0,True,exact_bitmap,,False
2026-08-30T19:31:18.615+00:00,calibration,0,41,VECTOR_FIRST_HNSW,category_narrow_price,category_03,806,True,0,0.00526,"[0.00,0.05)",23.325667,0.0,False,exact_bitmap,,False
2026-08-30T19:31:18.620+00:00,calibration,0,41,HNSW_HYBRID,category_narrow_price,category_03,806,True,0,0.00526,"[0.00,0.05)",3.393208,1.0,False,exact_bitmap,,False
2026-08-30T19:31:18.624+00:00,calibration,0,41,IVFFLAT_HYBRID,category_narrow_price,category_03,806,True,0,0.00526,"[0.00,0.05)",2.371083,1.0,False,exact_bitmap,,False
2026-08-30T19:31:18.732+00:00,calibration,0,208,SQL_FIRST,stock_alone,category_07,492,True,4,0.500835,"[0.50,1.00)",20.67675,1.0,True,exact_seq,,False
2026-08-30T19:31:18.811+00:00,calibration,0,208,VECTOR_FIRST_HNSW,stock_alone,category_07,492,True,4,0.500835,"[0.50,1.00)",76.884125,1.0,False,exact_bitmap,,False
2026-08-30T19:31:18.962+00:00,calibration,0,208,HNSW_HYBRID,stock_alone,category_07,492,True,4,0.500835,"[0.50,1.00)",146.43525,1.0,False,exact_seq,,False
2026-08-30T19:31:18.985+00:00,calibration,0,208,IVFFLAT_HYBRID,stock_alone,category_07,492,True,4,0.500835,"[0.50,1.00)",21.51825,1.0,False,exact_seq,,False
2026-08-30T19:31:19.058+00:00,calibration,0,132,SQL_FIRST,single_category_alone,category_03,14,False,2,0.1037,"[0.10,0.25)",11.05475,1.0,True,exact_bitmap,,False
2026-08-30T19:31:19.082+00:00,calibration,0,132,VECTOR_FIRST_HNSW,single_category_alone,category_03,14,False,2,0.1037,"[0.10,0.25)",23.862666,0.9,False,exact_bitmap,,False
2026-08-30T19:31:19.095+00:00,calibration,0,132,HNSW_HYBRID,single_category_alone,category_03,14,False,2,0.1037,"[0.10,0.25)",12.133,1.0,False,exact_bitmap,,False
2026-08-30T19:31:19.107+00:00,calibration,0,132,IVFFLAT_HYBRID,single_category_alone,category_03,14,False,2,0.1037,"[0.10,0.25)",11.051792,1.0,False,exact_bitmap,,False
2026-08-30T19:31:19.227+00:00,calibration,0,227,SQL_FIRST,wide_or,category_01,390,False,4,0.723345,"[0.50,1.00)",23.421125,1.0,True,exact_seq,,False
2026-08-30T19:31:19.252+00:00,calibration,0,227,VECTOR_FIRST_HNSW,wide_or,category_01,390,False,4,0.723345,"[0.50,1.00)",23.023083,1.0,False,exact_bitmap,,False
2026-08-30T19:31:19.285+00:00,calibration,0,227,HNSW_HYBRID,wide_or,category_01,390,False,4,0.723345,"[0.50,1.00)",31.109834,1.0,False,exact_seq,,False
2026-08-30T19:31:19.310+00:00,calibration,0,227,IVFFLAT_HYBRID,wide_or,category_01,390,False,4,0.723345,"[0.50,1.00)",24.067125,1.0,False,exact_seq,,False
2026-08-30T19:31:19.388+00:00,calibration,0,126,SQL_FIRST,price_range_mid,category_02,412,True,2,0.101065,"[0.10,0.25)",12.250334,1.0,True,exact_bitmap,,False
2026-08-30T19:31:19.413+00:00,calibration,0,126,VECTOR_FIRST_HNSW,price_range_mid,category_02,412,True,2,0.101065,"[0.10,0.25)",24.408375,0.6,False,exact_bitmap,,False
2026-08-30T19:31:19.429+00:00,calibration,0,126,HNSW_HYBRID,price_range_mid,category_02,412,True,2,0.101065,"[0.10,0.25)",14.279709,1.0,False,exact_bitmap,,False
2026-08-30T19:31:19.442+00:00,calibration,0,126,IVFFLAT_HYBRID,price_range_mid,category_02,412,True,2,0.101065,"[0.10,0.25)",12.5625,1.0,False,exact_bitmap,,False
2026-08-30T19:31:19.546+00:00,calibration,0,240,SQL_FIRST,stock_alone,category_04,912,True,4,0.500835,"[0.50,1.00)",19.000125,1.0,True,exact_seq,,False
2026-08-30T19:31:19.570+00:00,calibration,0,240,VECTOR_FIRST_HNSW,stock_alone,category_04,912,True,4,0.500835,"[0.50,1.00)",23.166958,1.0,False,exact_bitmap,,False
2026-08-30T19:31:19.590+00:00,calibration,0,240,HNSW_HYBRID,stock_alone,category_04,912,True,4,0.500835,"[0.50,1.00)",18.821584,1.0,False,exact_seq,,False
2026-08-30T19:31:19.611+00:00,calibration,0,240,IVFFLAT_HYBRID,stock_alone,category_04,912,True,4,0.500835,"[0.50,1.00)",19.88,1.0,False,exact_seq,,False
2026-08-30T19:31:19.729+00:00,calibration,0,243,SQL_FIRST,wide_or,category_01,108,True,4,0.59524,"[0.50,1.00)",24.01925,1.0,True,exact_seq,,False
2026-08-30T19:31:19.755+00:00,calibration,0,243,VECTOR_FIRST_HNSW,wide_or,category_01,108,True,4,0.59524,"[0.50,1.00)",24.346416,1.0,False,exact_bitmap,,False
2026-08-30T19:31:19.779+00:00,calibration,0,243,HNSW_HYBRID,wide_or,category_01,108,True,4,0.59524,"[0.50,1.00)",23.075042,1.0,False,exact_seq,,False
2026-08-30T19:31:19.809+00:00,calibration,0,243,IVFFLAT_HYBRID,wide_or,category_01,108,True,4,0.59524,"[0.50,1.00)",28.711459,1.0,False,exact_seq,,False
2026-08-30T19:31:19.884+00:00,calibration,0,92,SQL_FIRST,single_category,category_04,474,True,1,0.0967,"[0.05,0.10)",11.08825,1.0,True,exact_bitmap,,False
2026-08-30T19:31:19.908+00:00,calibration,0,92,VECTOR_FIRST_HNSW,single_category,category_04,474,True,1,0.0967,"[0.05,0.10)",23.246459,1.0,False,exact_bitmap,,False
2026-08-30T19:31:19.921+00:00,calibration,0,92,HNSW_HYBRID,single_category,category_04,474,True,1,0.0967,"[0.05,0.10)",11.521708,1.0,False,exact_bitmap,,False
2026-08-30T19:31:19.934+00:00,calibration,0,92,IVFFLAT_HYBRID,single_category,category_04,474,True,1,0.0967,"[0.05,0.10)",10.986375,1.0,False,exact_bitmap,,False
2026-08-30T19:31:20.007+00:00,calibration,0,66,SQL_FIRST,single_category,category_02,762,True,1,0.098965,"[0.05,0.10)",11.907958,1.0,True,exact_bitmap,,False
2026-08-30T19:31:20.032+00:00,calibration,0,66,VECTOR_FIRST_HNSW,single_category,category_02,762,True,1,0.098965,"[0.05,0.10)",24.029792,1.0,False,exact_bitmap,,False
2026-08-30T19:31:20.044+00:00,calibration,0,66,HNSW_HYBRID,single_category,category_02,762,True,1,0.098965,"[0.05,0.10)",11.001125,1.0,False,exact_bitmap,,False
2026-08-30T19:31:20.055+00:00,calibration,0,66,IVFFLAT_HYBRID,single_category,category_02,762,True,1,0.098965,"[0.05,0.10)",10.94375,1.0,False,exact_bitmap,,False
2026-08-30T19:31:20.150+00:00,calibration,0,166,SQL_FIRST,three_categories,category_08,184,False,3,0.272595,"[0.25,0.50)",17.663,1.0,True,exact_bitmap,,False
2026-08-30T19:31:20.175+00:00,calibration,0,166,VECTOR_FIRST_HNSW,three_categories,category_08,184,False,3,0.272595,"[0.25,0.50)",23.479375,1.0,False,exact_bitmap,,False
2026-08-30T19:31:20.192+00:00,calibration,0,166,HNSW_HYBRID,three_categories,category_08,184,False,3,0.272595,"[0.25,0.50)",16.562375,1.0,False,exact_bitmap,,False
2026-08-30T19:31:20.210+00:00,calibration,0,166,IVFFLAT_HYBRID,three_categories,category_08,184,False,3,0.272595,"[0.25,0.50)",16.375375,1.0,False,exact_bitmap,,False
2026-08-30T19:31:20.306+00:00,calibration,0,191,SQL_FIRST,category_or_price,category_03,170,True,3,0.250905,"[0.25,0.50)",16.072625,1.0,True,exact_bitmap,,False
2026-08-30T19:31:20.330+00:00,calibration,0,191,VECTOR_FIRST_HNSW,category_or_price,category_03,170,True,3,0.250905,"[0.25,0.50)",23.040833,1.0,False,exact_bitmap,,False
2026-08-30T19:31:20.348+00:00,calibration,0,191,HNSW_HYBRID,category_or_price,category_03,170,True,3,0.250905,"[0.25,0.50)",16.245375,1.0,False,exact_bitmap,,False
2026-08-30T19:31:20.365+00:00,calibration,0,191,IVFFLAT_HYBRID,category_or_price,category_03,170,True,3,0.250905,"[0.25,0.50)",15.576208,1.0,False,exact_bitmap,,False
2026-08-30T19:31:20.462+00:00,calibration,0,186,SQL_FIRST,three_categories,category_07,49,False,3,0.27019,"[0.25,0.50)",17.155917,1.0,True,exact_bitmap,,False
2026-08-30T19:31:20.487+00:00,calibration,0,186,VECTOR_FIRST_HNSW,three_categories,category_07,49,False,3,0.27019,"[0.25,0.50)",23.601083,1.0,False,exact_bitmap,,False
2026-08-30T19:31:20.505+00:00,calibration,0,186,HNSW_HYBRID,three_categories,category_07,49,False,3,0.27019,"[0.25,0.50)",16.925792,1.0,False,exact_bitmap,,False
2026-08-30T19:31:20.523+00:00,calibration,0,186,IVFFLAT_HYBRID,three_categories,category_07,49,False,3,0.27019,"[0.25,0.50)",16.455416,1.0,False,exact_bitmap,,False
2026-08-30T19:31:20.595+00:00,calibration,0,128,SQL_FIRST,price_range_mid,category_07,988,False,2,0.101035,"[0.10,0.25)",11.314917,1.0,True,exact_bitmap,,False
2026-08-30T19:31:20.619+00:00,calibration,0,128,VECTOR_FIRST_HNSW,price_range_mid,category_07,988,False,2,0.101035,"[0.10,0.25)",23.016542,0.9,False,exact_bitmap,,False
2026-08-30T19:31:20.634+00:00,calibration,0,128,HNSW_HYBRID,price_range_mid,category_07,988,False,2,0.101035,"[0.10,0.25)",13.054834,1.0,False,exact_bitmap,,False
2026-08-30T19:31:20.647+00:00,calibration,0,128,IVFFLAT_HYBRID,price_range_mid,category_07,988,False,2,0.101035,"[0.10,0.25)",12.021625,1.0,False,exact_bitmap,,False
2026-08-30T19:31:20.743+00:00,calibration,0,171,SQL_FIRST,three_categories,category_01,367,True,3,0.272085,"[0.25,0.50)",16.775542,1.0,True,exact_bitmap,,False
2026-08-30T19:31:20.768+00:00,calibration,0,171,VECTOR_FIRST_HNSW,three_categories,category_01,367,True,3,0.272085,"[0.25,0.50)",23.653958,1.0,False,exact_bitmap,,False
2026-08-30T19:31:20.786+00:00,calibration,0,171,HNSW_HYBRID,three_categories,category_01,367,True,3,0.272085,"[0.25,0.50)",16.530542,1.0,False,exact_bitmap,,False
2026-08-30T19:31:20.803+00:00,calibration,0,171,IVFFLAT_HYBRID,three_categories,category_01,367,True,3,0.272085,"[0.25,0.50)",16.542583,1.0,False,exact_bitmap,,False
2026-08-30T19:31:20.839+00:00,calibration,0,36,SQL_FIRST,category_narrow_price,category_01,378,True,0,0.005045,"[0.00,0.05)",2.155333,1.0,True,exact_bitmap,,False
2026-08-30T19:31:20.864+00:00,calibration,0,36,VECTOR_FIRST_HNSW,category_narrow_price,category_01,378,True,0,0.005045,"[0.00,0.05)",24.209333,0.1,False,exact_bitmap,,False
2026-08-30T19:31:20.868+00:00,calibration,0,36,HNSW_HYBRID,category_narrow_price,category_01,378,True,0,0.005045,"[0.00,0.05)",2.5695,1.0,False,exact_bitmap,,False
2026-08-30T19:31:20.871+00:00,calibration,0,36,IVFFLAT_HYBRID,category_narrow_price,category_01,378,True,0,0.005045,"[0.00,0.05)",2.192209,1.0,False,exact_bitmap,,False
2026-08-30T19:31:20.905+00:00,calibration,0,50,SQL_FIRST,category_narrow_price,category_06,458,True,0,0.00482,"[0.00,0.05)",2.200917,1.0,True,exact_bitmap,,False
2026-08-30T19:31:20.930+00:00,calibration,0,50,VECTOR_FIRST_HNSW,category_narrow_price,category_06,458,True,0,0.00482,"[0.00,0.05)",23.155667,0.0,False,exact_bitmap,,False
2026-08-30T19:31:20.933+00:00,calibration,0,50,HNSW_HYBRID,category_narrow_price,category_06,458,True,0,0.00482,"[0.00,0.05)",2.676584,1.0,False,exact_bitmap,,False
2026-08-30T19:31:20.936+00:00,calibration,0,50,IVFFLAT_HYBRID,category_narrow_price,category_06,458,True,0,0.00482,"[0.00,0.05)",2.092625,1.0,False,exact_bitmap,,False
2026-08-30T19:31:20.966+00:00,calibration,0,31,SQL_FIRST,category_narrow_price,category_01,11,False,0,9.5e-05,"[0.00,0.05)",0.949959,1.0,True,exact_bitmap,,False
2026-08-30T19:31:20.994+00:00,calibration,0,31,VECTOR_FIRST_HNSW,category_narrow_price,category_01,11,False,0,9.5e-05,"[0.00,0.05)",27.559916,0.0,False,exact_bitmap,,False
2026-08-30T19:31:20.996+00:00,calibration,0,31,HNSW_HYBRID,category_narrow_price,category_01,11,False,0,9.5e-05,"[0.00,0.05)",0.992458,1.0,False,exact_bitmap,,False
2026-08-30T19:31:20.998+00:00,calibration,0,31,IVFFLAT_HYBRID,category_narrow_price,category_01,11,False,0,9.5e-05,"[0.00,0.05)",0.9625,1.0,False,exact_bitmap,,False
2026-08-30T19:31:21.035+00:00,calibration,0,27,SQL_FIRST,category_narrow_price,category_04,833,False,0,0.005045,"[0.00,0.05)",2.201584,1.0,True,exact_bitmap,,False
2026-08-30T19:31:21.059+00:00,calibration,0,27,VECTOR_FIRST_HNSW,category_narrow_price,category_04,833,False,0,0.005045,"[0.00,0.05)",23.043333,0.0,False,exact_bitmap,,False
2026-08-30T19:31:21.062+00:00,calibration,0,27,HNSW_HYBRID,category_narrow_price,category_04,833,False,0,0.005045,"[0.00,0.05)",2.654667,1.0,False,exact_bitmap,,False
2026-08-30T19:31:21.066+00:00,calibration,0,27,IVFFLAT_HYBRID,category_narrow_price,category_04,833,False,0,0.005045,"[0.00,0.05)",2.41525,1.0,False,exact_bitmap,,False
2026-08-30T19:31:21.160+00:00,calibration,0,196,SQL_FIRST,three_categories,category_00,953,True,3,0.271845,"[0.25,0.50)",17.716583,1.0,True,exact_bitmap,,False
2026-08-30T19:31:21.187+00:00,calibration,0,196,VECTOR_FIRST_HNSW,three_categories,category_00,953,True,3,0.271845,"[0.25,0.50)",26.81525,1.0,False,exact_bitmap,,False
2026-08-30T19:31:21.205+00:00,calibration,0,196,HNSW_HYBRID,three_categories,category_00,953,True,3,0.271845,"[0.25,0.50)",16.564458,1.0,False,exact_bitmap,,False
2026-08-30T19:31:21.223+00:00,calibration,0,196,IVFFLAT_HYBRID,three_categories,category_00,953,True,3,0.271845,"[0.25,0.50)",16.467584,1.0,False,exact_bitmap,,False
2026-08-30T19:31:21.317+00:00,calibration,0,169,SQL_FIRST,three_categories,category_05,245,True,3,0.271,"[0.25,0.50)",16.604583,1.0,True,exact_bitmap,,False
2026-08-30T19:31:21.341+00:00,calibration,0,169,VECTOR_FIRST_HNSW,three_categories,category_05,245,True,3,0.271,"[0.25,0.50)",23.00375,1.0,False,exact_bitmap,,False
2026-08-30T19:31:21.359+00:00,calibration,0,169,HNSW_HYBRID,three_categories,category_05,245,True,3,0.271,"[0.25,0.50)",16.991583,1.0,False,exact_bitmap,,False
2026-08-30T19:31:21.380+00:00,calibration,0,169,IVFFLAT_HYBRID,three_categories,category_05,245,True,3,0.271,"[0.25,0.50)",19.23525,1.0,False,exact_bitmap,,False
2026-08-30T19:31:21.476+00:00,calibration,0,184,SQL_FIRST,three_categories,category_00,281,False,3,0.271845,"[0.25,0.50)",16.668458,1.0,True,exact_bitmap,,False
2026-08-30T19:31:21.504+00:00,calibration,0,184,VECTOR_FIRST_HNSW,three_categories,category_00,281,False,3,0.271845,"[0.25,0.50)",26.577416,1.0,False,exact_bitmap,,False
2026-08-30T19:31:21.524+00:00,calibration,0,184,HNSW_HYBRID,three_categories,category_00,281,False,3,0.271845,"[0.25,0.50)",18.745583,1.0,False,exact_bitmap,,False
2026-08-30T19:31:21.543+00:00,calibration,0,184,IVFFLAT_HYBRID,three_categories,category_00,281,False,3,0.271845,"[0.25,0.50)",18.263875,1.0,False,exact_bitmap,,False
2026-08-30T19:31:21.669+00:00,calibration,0,204,SQL_FIRST,wide_or,category_09,659,False,4,0.844195,"[0.50,1.00)",24.771083,1.0,True,exact_seq,,False
2026-08-30T19:31:21.694+00:00,calibration,0,204,VECTOR_FIRST_HNSW,wide_or,category_09,659,False,4,0.844195,"[0.50,1.00)",23.284166,1.0,False,exact_bitmap,,False
2026-08-30T19:31:21.720+00:00,calibration,0,204,HNSW_HYBRID,wide_or,category_09,659,False,4,0.844195,"[0.50,1.00)",24.685833,1.0,False,exact_seq,,False
2026-08-30T19:31:21.748+00:00,calibration,0,204,IVFFLAT_HYBRID,wide_or,category_09,659,False,4,0.844195,"[0.50,1.00)",26.584542,1.0,False,exact_seq,,False
2026-08-30T19:31:21.855+00:00,calibration,0,189,SQL_FIRST,category_or_price,category_03,255,False,3,0.328055,"[0.25,0.50)",18.813667,1.0,True,exact_seq,,False
2026-08-30T19:31:21.880+00:00,calibration,0,189,VECTOR_FIRST_HNSW,category_or_price,category_03,255,False,3,0.328055,"[0.25,0.50)",23.041292,1.0,False,exact_bitmap,,False
2026-08-30T19:31:21.900+00:00,calibration,0,189,HNSW_HYBRID,category_or_price,category_03,255,False,3,0.328055,"[0.25,0.50)",18.874833,1.0,False,exact_seq,,False
2026-08-30T19:31:21.920+00:00,calibration,0,189,IVFFLAT_HYBRID,category_or_price,category_03,255,False,3,0.328055,"[0.25,0.50)",18.7305,1.0,False,exact_seq,,False
2026-08-30T19:31:22.046+00:00,calibration,0,245,SQL_FIRST,wide_or,category_01,394,False,4,0.725165,"[0.50,1.00)",24.035917,1.0,True,exact_seq,,False
2026-08-30T19:31:22.072+00:00,calibration,0,245,VECTOR_FIRST_HNSW,wide_or,category_01,394,False,4,0.725165,"[0.50,1.00)",24.110375,1.0,False,exact_bitmap,,False
2026-08-30T19:31:22.096+00:00,calibration,0,245,HNSW_HYBRID,wide_or,category_01,394,False,4,0.725165,"[0.50,1.00)",23.539292,1.0,False,exact_seq,,False
2026-08-30T19:31:22.121+00:00,calibration,0,245,IVFFLAT_HYBRID,wide_or,category_01,394,False,4,0.725165,"[0.50,1.00)",23.32225,1.0,False,exact_seq,,False
2026-08-30T19:31:22.191+00:00,calibration,0,54,SQL_FIRST,single_category,category_04,565,True,1,0.0967,"[0.05,0.10)",10.940917,1.0,True,exact_bitmap,,False
2026-08-30T19:31:22.216+00:00,calibration,0,54,VECTOR_FIRST_HNSW,single_category,category_04,565,True,1,0.0967,"[0.05,0.10)",23.234791,1.0,False,exact_bitmap,,False
2026-08-30T19:31:22.228+00:00,calibration,0,54,HNSW_HYBRID,single_category,category_04,565,True,1,0.0967,"[0.05,0.10)",11.338209,1.0,False,exact_bitmap,,False
2026-08-30T19:31:22.242+00:00,calibration,0,54,IVFFLAT_HYBRID,single_category,category_04,565,True,1,0.0967,"[0.05,0.10)",12.53575,1.0,False,exact_bitmap,,False
2026-08-30T19:31:22.313+00:00,calibration,0,56,SQL_FIRST,single_category,category_04,519,False,1,0.0967,"[0.05,0.10)",10.858916,1.0,True,exact_bitmap,,False
2026-08-30T19:31:22.337+00:00,calibration,0,56,VECTOR_FIRST_HNSW,single_category,category_04,519,False,1,0.0967,"[0.05,0.10)",23.026333,0.7,False,exact_bitmap,,False
2026-08-30T19:31:22.349+00:00,calibration,0,56,HNSW_HYBRID,single_category,category_04,519,False,1,0.0967,"[0.05,0.10)",11.630208,1.0,False,exact_bitmap,,False
2026-08-30T19:31:22.362+00:00,calibration,0,56,IVFFLAT_HYBRID,single_category,category_04,519,False,1,0.0967,"[0.05,0.10)",11.560625,1.0,False,exact_bitmap,,False
2026-08-30T19:31:22.434+00:00,calibration,0,122,SQL_FIRST,single_category_alone,category_05,890,False,2,0.100035,"[0.10,0.25)",11.387625,1.0,True,exact_bitmap,,False
2026-08-30T19:31:22.459+00:00,calibration,0,122,VECTOR_FIRST_HNSW,single_category_alone,category_05,890,False,2,0.100035,"[0.10,0.25)",23.279292,0.7,False,exact_bitmap,,False
2026-08-30T19:31:22.471+00:00,calibration,0,122,HNSW_HYBRID,single_category_alone,category_05,890,False,2,0.100035,"[0.10,0.25)",11.191666,1.0,False,exact_bitmap,,False
2026-08-30T19:31:22.484+00:00,calibration,0,122,IVFFLAT_HYBRID,single_category_alone,category_05,890,False,2,0.100035,"[0.10,0.25)",11.287209,1.0,False,exact_bitmap,,False
2026-08-30T19:31:22.587+00:00,calibration,0,148,SQL_FIRST,two_categories,category_04,921,False,2,0.196735,"[0.10,0.25)",18.177125,1.0,True,exact_bitmap,,False
2026-08-30T19:31:22.612+00:00,calibration,0,148,VECTOR_FIRST_HNSW,two_categories,category_04,921,False,2,0.196735,"[0.10,0.25)",23.07175,1.0,False,exact_bitmap,,False
2026-08-30T19:31:22.631+00:00,calibration,0,148,HNSW_HYBRID,two_categories,category_04,921,False,2,0.196735,"[0.10,0.25)",18.375875,1.0,False,exact_bitmap,,False
2026-08-30T19:31:22.651+00:00,calibration,0,148,IVFFLAT_HYBRID,two_categories,category_04,921,False,2,0.196735,"[0.10,0.25)",17.897084,1.0,False,exact_bitmap,,False
2026-08-30T19:31:22.688+00:00,calibration,0,24,SQL_FIRST,category_narrow_price,category_02,216,True,0,0.004975,"[0.00,0.05)",2.538042,1.0,True,exact_bitmap,,False
2026-08-30T19:31:22.713+00:00,calibration,0,24,VECTOR_FIRST_HNSW,category_narrow_price,category_02,216,True,0,0.004975,"[0.00,0.05)",23.172792,0.1,False,exact_bitmap,,False
2026-08-30T19:31:22.717+00:00,calibration,0,24,HNSW_HYBRID,category_narrow_price,category_02,216,True,0,0.004975,"[0.00,0.05)",2.578208,1.0,False,exact_bitmap,,False
2026-08-30T19:31:22.721+00:00,calibration,0,24,IVFFLAT_HYBRID,category_narrow_price,category_02,216,True,0,0.004975,"[0.00,0.05)",2.20275,1.0,False,exact_bitmap,,False
2026-08-30T19:31:22.793+00:00,calibration,0,73,SQL_FIRST,single_category,category_02,340,False,1,0.098965,"[0.05,0.10)",11.327584,1.0,True,exact_bitmap,,False
2026-08-30T19:31:22.819+00:00,calibration,0,73,VECTOR_FIRST_HNSW,single_category,category_02,340,False,1,0.098965,"[0.05,0.10)",23.975,1.0,False,exact_bitmap,,False
2026-08-30T19:31:22.831+00:00,calibration,0,73,HNSW_HYBRID,single_category,category_02,340,False,1,0.098965,"[0.05,0.10)",11.212958,1.0,False,exact_bitmap,,False
2026-08-30T19:31:22.843+00:00,calibration,0,73,IVFFLAT_HYBRID,single_category,category_02,340,False,1,0.098965,"[0.05,0.10)",10.756708,1.0,False,exact_bitmap,,False
2026-08-30T19:31:22.916+00:00,calibration,0,124,SQL_FIRST,price_range_mid,category_03,935,False,2,0.10056,"[0.10,0.25)",11.218833,1.0,True,exact_bitmap,,False
2026-08-30T19:31:22.940+00:00,calibration,0,124,VECTOR_FIRST_HNSW,price_range_mid,category_03,935,False,2,0.10056,"[0.10,0.25)",23.083833,0.8,False,exact_bitmap,,False
2026-08-30T19:31:22.953+00:00,calibration,0,124,HNSW_HYBRID,price_range_mid,category_03,935,False,2,0.10056,"[0.10,0.25)",11.525833,1.0,False,exact_bitmap,,False
2026-08-30T19:31:22.967+00:00,calibration,0,124,IVFFLAT_HYBRID,price_range_mid,category_03,935,False,2,0.10056,"[0.10,0.25)",12.593333,1.0,False,exact_bitmap,,False
2026-08-30T19:31:23.042+00:00,calibration,0,145,SQL_FIRST,price_range_mid,category_07,173,False,2,0.102435,"[0.10,0.25)",13.246458,1.0,True,exact_bitmap,,False
2026-08-30T19:31:23.067+00:00,calibration,0,145,VECTOR_FIRST_HNSW,price_range_mid,category_07,173,False,2,0.102435,"[0.10,0.25)",23.626333,0.6,False,exact_bitmap,,False
2026-08-30T19:31:23.081+00:00,calibration,0,145,HNSW_HYBRID,price_range_mid,category_07,173,False,2,0.102435,"[0.10,0.25)",13.27525,1.0,False,exact_bitmap,,False
2026-08-30T19:31:23.095+00:00,calibration,0,145,IVFFLAT_HYBRID,price_range_mid,category_07,173,False,2,0.102435,"[0.10,0.25)",13.353709,1.0,False,exact_bitmap,,False
2026-08-30T19:31:23.159+00:00,calibration,0,32,SQL_FIRST,category_and_stock,category_08,871,True,0,0.049415,"[0.00,0.05)",9.8445,1.0,True,exact_bitmap,,False
2026-08-30T19:31:23.184+00:00,calibration,0,32,VECTOR_FIRST_HNSW,category_and_stock,category_08,871,True,0,0.049415,"[0.00,0.05)",23.182792,0.2,False,exact_bitmap,,False
2026-08-30T19:31:23.194+00:00,calibration,0,32,HNSW_HYBRID,category_and_stock,category_08,871,True,0,0.049415,"[0.00,0.05)",8.861625,1.0,False,exact_bitmap,,False
2026-08-30T19:31:23.204+00:00,calibration,0,32,IVFFLAT_HYBRID,category_and_stock,category_08,871,True,0,0.049415,"[0.00,0.05)",8.562667,1.0,False,exact_bitmap,,False
2026-08-30T19:31:23.240+00:00,calibration,0,35,SQL_FIRST,category_narrow_price,category_00,510,True,0,0.005215,"[0.00,0.05)",2.235625,1.0,True,exact_bitmap,,False
2026-08-30T19:31:23.265+00:00,calibration,0,35,VECTOR_FIRST_HNSW,category_narrow_price,category_00,510,True,0,0.005215,"[0.00,0.05)",23.132542,0.0,False,exact_bitmap,,False
2026-08-30T19:31:23.270+00:00,calibration,0,35,HNSW_HYBRID,category_narrow_price,category_00,510,True,0,0.005215,"[0.00,0.05)",2.720209,1.0,False,exact_bitmap,,False
2026-08-30T19:31:23.273+00:00,calibration,0,35,IVFFLAT_HYBRID,category_narrow_price,category_00,510,True,0,0.005215,"[0.00,0.05)",2.341291,1.0,False,exact_bitmap,,False
2026-08-30T19:31:23.375+00:00,calibration,0,214,SQL_FIRST,stock_alone,category_01,778,True,4,0.500835,"[0.50,1.00)",19.012583,1.0,True,exact_seq,,False
2026-08-30T19:31:23.400+00:00,calibration,0,214,VECTOR_FIRST_HNSW,stock_alone,category_01,778,True,4,0.500835,"[0.50,1.00)",23.001833,1.0,False,exact_bitmap,,False
2026-08-30T19:31:23.421+00:00,calibration,0,214,HNSW_HYBRID,stock_alone,category_01,778,True,4,0.500835,"[0.50,1.00)",18.817417,1.0,False,exact_seq,,False
2026-08-30T19:31:23.441+00:00,calibration,0,214,IVFFLAT_HYBRID,stock_alone,category_01,778,True,4,0.500835,"[0.50,1.00)",18.885958,1.0,False,exact_seq,,False
2026-08-30T19:31:23.554+00:00,calibration,0,219,SQL_FIRST,wide_or,category_08,66,False,4,0.574485,"[0.50,1.00)",21.617875,1.0,True,exact_seq,,False
2026-08-30T19:31:23.580+00:00,calibration,0,219,VECTOR_FIRST_HNSW,wide_or,category_08,66,False,4,0.574485,"[0.50,1.00)",24.764167,1.0,False,exact_bitmap,,False
2026-08-30T19:31:23.604+00:00,calibration,0,219,HNSW_HYBRID,wide_or,category_08,66,False,4,0.574485,"[0.50,1.00)",22.196541,1.0,False,exact_seq,,False
2026-08-30T19:31:23.627+00:00,calibration,0,219,IVFFLAT_HYBRID,wide_or,category_08,66,False,4,0.574485,"[0.50,1.00)",21.506708,1.0,False,exact_seq,,False
2026-08-30T19:31:23.726+00:00,calibration,0,121,SQL_FIRST,two_categories,category_06,403,False,2,0.199965,"[0.10,0.25)",18.088333,1.0,True,exact_bitmap,,False
2026-08-30T19:31:23.750+00:00,calibration,0,121,VECTOR_FIRST_HNSW,two_categories,category_06,403,False,2,0.199965,"[0.10,0.25)",23.202041,1.0,False,exact_bitmap,,False
2026-08-30T19:31:23.769+00:00,calibration,0,121,HNSW_HYBRID,two_categories,category_06,403,False,2,0.199965,"[0.10,0.25)",18.027583,1.0,False,exact_bitmap,,False
2026-08-30T19:31:23.789+00:00,calibration,0,121,IVFFLAT_HYBRID,two_categories,category_06,403,False,2,0.199965,"[0.10,0.25)",18.0725,1.0,False,exact_bitmap,,False
2026-08-30T19:31:23.882+00:00,calibration,0,198,SQL_FIRST,three_categories,category_03,482,True,3,0.27136,"[0.25,0.50)",17.742709,1.0,True,exact_bitmap,,False
2026-08-30T19:31:23.907+00:00,calibration,0,198,VECTOR_FIRST_HNSW,three_categories,category_03,482,True,3,0.27136,"[0.25,0.50)",23.055209,1.0,False,exact_bitmap,,False
2026-08-30T19:31:23.925+00:00,calibration,0,198,HNSW_HYBRID,three_categories,category_03,482,True,3,0.27136,"[0.25,0.50)",16.531,1.0,False,exact_bitmap,,False
2026-08-30T19:31:23.943+00:00,calibration,0,198,IVFFLAT_HYBRID,three_categories,category_03,482,True,3,0.27136,"[0.25,0.50)",16.320917,1.0,False,exact_bitmap,,False
2026-08-30T19:31:24.071+00:00,calibration,0,234,SQL_FIRST,wide_or,category_06,645,True,4,0.838955,"[0.50,1.00)",24.856792,1.0,True,exact_seq,,False
2026-08-30T19:31:24.097+00:00,calibration,0,234,VECTOR_FIRST_HNSW,wide_or,category_06,645,True,4,0.838955,"[0.50,1.00)",23.492667,1.0,False,exact_bitmap,,False
2026-08-30T19:31:24.124+00:00,calibration,0,234,HNSW_HYBRID,wide_or,category_06,645,True,4,0.838955,"[0.50,1.00)",26.08725,1.0,False,exact_seq,,False
2026-08-30T19:31:24.149+00:00,calibration,0,234,IVFFLAT_HYBRID,wide_or,category_06,645,True,4,0.838955,"[0.50,1.00)",24.6455,1.0,False,exact_seq,,False
2026-08-30T19:31:24.219+00:00,calibration,0,81,SQL_FIRST,single_category,category_02,688,True,1,0.098965,"[0.05,0.10)",10.818708,1.0,True,exact_bitmap,,False
2026-08-30T19:31:24.244+00:00,calibration,0,81,VECTOR_FIRST_HNSW,single_category,category_02,688,True,1,0.098965,"[0.05,0.10)",23.103333,1.0,False,exact_bitmap,,False
2026-08-30T19:31:24.257+00:00,calibration,0,81,HNSW_HYBRID,single_category,category_02,688,True,1,0.098965,"[0.05,0.10)",11.21975,1.0,False,exact_bitmap,,False
2026-08-30T19:31:24.268+00:00,calibration,0,81,IVFFLAT_HYBRID,single_category,category_02,688,True,1,0.098965,"[0.05,0.10)",10.604583,1.0,False,exact_bitmap,,False
2026-08-30T19:31:24.363+00:00,calibration,0,193,SQL_FIRST,three_categories,category_03,882,False,3,0.27136,"[0.25,0.50)",16.818125,1.0,True,exact_bitmap,,False
2026-08-30T19:31:24.388+00:00,calibration,0,193,VECTOR_FIRST_HNSW,three_categories,category_03,882,False,3,0.27136,"[0.25,0.50)",22.982958,1.0,False,exact_bitmap,,False
2026-08-30T19:31:24.406+00:00,calibration,0,193,HNSW_HYBRID,three_categories,category_03,882,False,3,0.27136,"[0.25,0.50)",16.445167,1.0,False,exact_bitmap,,False
2026-08-30T19:31:24.424+00:00,calibration,0,193,IVFFLAT_HYBRID,three_categories,category_03,882,False,3,0.27136,"[0.25,0.50)",16.491041,1.0,False,exact_bitmap,,False
2026-08-30T19:31:24.516+00:00,calibration,0,182,SQL_FIRST,three_categories,category_06,457,False,3,0.269895,"[0.25,0.50)",16.524375,1.0,True,exact_bitmap,,False
2026-08-30T19:31:24.541+00:00,calibration,0,182,VECTOR_FIRST_HNSW,three_categories,category_06,457,False,3,0.269895,"[0.25,0.50)",23.008667,1.0,False,exact_bitmap,,False
2026-08-30T19:31:24.559+00:00,calibration,0,182,HNSW_HYBRID,three_categories,category_06,457,False,3,0.269895,"[0.25,0.50)",17.031,1.0,False,exact_bitmap,,False
2026-08-30T19:31:24.579+00:00,calibration,0,182,IVFFLAT_HYBRID,three_categories,category_06,457,False,3,0.269895,"[0.25,0.50)",18.974042,1.0,False,exact_bitmap,,False
2026-08-30T19:31:24.661+00:00,calibration,0,108,SQL_FIRST,price_range_mid,category_04,844,False,2,0.102255,"[0.10,0.25)",11.258291,1.0,True,exact_bitmap,,False
2026-08-30T19:31:24.686+00:00,calibration,0,108,VECTOR_FIRST_HNSW,price_range_mid,category_04,844,False,2,0.102255,"[0.10,0.25)",23.171167,0.9,False,exact_bitmap,,False
2026-08-30T19:31:24.699+00:00,calibration,0,108,HNSW_HYBRID,price_range_mid,category_04,844,False,2,0.102255,"[0.10,0.25)",11.223167,1.0,False,exact_bitmap,,False
2026-08-30T19:31:24.712+00:00,calibration,0,108,IVFFLAT_HYBRID,price_range_mid,category_04,844,False,2,0.102255,"[0.10,0.25)",11.194,1.0,False,exact_bitmap,,False
2026-08-30T19:31:24.782+00:00,calibration,0,75,SQL_FIRST,single_category,category_09,503,False,1,0.0999,"[0.05,0.10)",11.430959,1.0,True,exact_bitmap,,False
2026-08-30T19:31:24.807+00:00,calibration,0,75,VECTOR_FIRST_HNSW,single_category,category_09,503,False,1,0.0999,"[0.05,0.10)",23.391291,0.8,False,exact_bitmap,,False
2026-08-30T19:31:24.819+00:00,calibration,0,75,HNSW_HYBRID,single_category,category_09,503,False,1,0.0999,"[0.05,0.10)",11.030792,1.0,False,exact_bitmap,,False
2026-08-30T19:31:24.831+00:00,calibration,0,75,IVFFLAT_HYBRID,single_category,category_09,503,False,1,0.0999,"[0.05,0.10)",10.916791,1.0,False,exact_bitmap,,False
2026-08-30T19:31:24.900+00:00,calibration,0,86,SQL_FIRST,single_category,category_08,973,True,1,0.098665,"[0.05,0.10)",10.840958,1.0,True,exact_bitmap,,False
2026-08-30T19:31:24.925+00:00,calibration,0,86,VECTOR_FIRST_HNSW,single_category,category_08,973,True,1,0.098665,"[0.05,0.10)",23.208375,1.0,False,exact_bitmap,,False
2026-08-30T19:31:24.938+00:00,calibration,0,86,HNSW_HYBRID,single_category,category_08,973,True,1,0.098665,"[0.05,0.10)",10.849542,1.0,False,exact_bitmap,,False
2026-08-30T19:31:24.950+00:00,calibration,0,86,IVFFLAT_HYBRID,single_category,category_08,973,True,1,0.098665,"[0.05,0.10)",10.818709,1.0,False,exact_bitmap,,False
2026-08-30T19:31:25.024+00:00,calibration,0,131,SQL_FIRST,price_range_mid,category_09,865,False,2,0.100935,"[0.10,0.25)",12.665584,1.0,True,exact_bitmap,,False
2026-08-30T19:31:25.049+00:00,calibration,0,131,VECTOR_FIRST_HNSW,price_range_mid,category_09,865,False,2,0.100935,"[0.10,0.25)",23.268917,1.0,False,exact_bitmap,,False
2026-08-30T19:31:25.061+00:00,calibration,0,131,HNSW_HYBRID,price_range_mid,category_09,865,False,2,0.100935,"[0.10,0.25)",11.466334,1.0,False,exact_bitmap,,False
2026-08-30T19:31:25.074+00:00,calibration,0,131,IVFFLAT_HYBRID,price_range_mid,category_09,865,False,2,0.100935,"[0.10,0.25)",11.46325,1.0,False,exact_bitmap,,False
2026-08-30T19:31:25.202+00:00,calibration,0,210,SQL_FIRST,wide_or,category_02,355,False,4,0.70661,"[0.50,1.00)",23.188542,1.0,True,exact_seq,,False
2026-08-30T19:31:25.227+00:00,calibration,0,210,VECTOR_FIRST_HNSW,wide_or,category_02,355,False,4,0.70661,"[0.50,1.00)",23.464042,1.0,False,exact_bitmap,,False
2026-08-30T19:31:25.251+00:00,calibration,0,210,HNSW_HYBRID,wide_or,category_02,355,False,4,0.70661,"[0.50,1.00)",23.170291,1.0,False,exact_seq,,False
2026-08-30T19:31:25.276+00:00,calibration,0,210,IVFFLAT_HYBRID,wide_or,category_02,355,False,4,0.70661,"[0.50,1.00)",23.156083,1.0,False,exact_seq,,False
2026-08-30T19:31:25.378+00:00,calibration,0,127,SQL_FIRST,two_categories,category_08,19,True,2,0.198565,"[0.10,0.25)",18.606375,1.0,True,exact_bitmap,,False
2026-08-30T19:31:25.403+00:00,calibration,0,127,VECTOR_FIRST_HNSW,two_categories,category_08,19,True,2,0.198565,"[0.10,0.25)",23.205459,1.0,False,exact_bitmap,,False
2026-08-30T19:31:25.423+00:00,calibration,0,127,HNSW_HYBRID,two_categories,category_08,19,True,2,0.198565,"[0.10,0.25)",18.81025,1.0,False,exact_bitmap,,False
2026-08-30T19:31:25.443+00:00,calibration,0,127,IVFFLAT_HYBRID,two_categories,category_08,19,True,2,0.198565,"[0.10,0.25)",18.946,1.0,False,exact_bitmap,,False
2026-08-30T19:31:25.479+00:00,calibration,0,18,SQL_FIRST,category_narrow_price,category_02,943,False,0,0.004885,"[0.00,0.05)",2.141875,1.0,True,exact_bitmap,,False
2026-08-30T19:31:25.503+00:00,calibration,0,18,VECTOR_FIRST_HNSW,category_narrow_price,category_02,943,False,0,0.004885,"[0.00,0.05)",23.137916,0.3,False,exact_bitmap,,False
2026-08-30T19:31:25.507+00:00,calibration,0,18,HNSW_HYBRID,category_narrow_price,category_02,943,False,0,0.004885,"[0.00,0.05)",2.760417,1.0,False,exact_bitmap,,False
2026-08-30T19:31:25.511+00:00,calibration,0,18,IVFFLAT_HYBRID,category_narrow_price,category_02,943,False,0,0.004885,"[0.00,0.05)",2.564792,1.0,False,exact_bitmap,,False
2026-08-30T19:31:25.613+00:00,calibration,0,236,SQL_FIRST,stock_alone,category_09,796,True,4,0.500835,"[0.50,1.00)",18.837959,1.0,True,exact_seq,,False
2026-08-30T19:31:25.638+00:00,calibration,0,236,VECTOR_FIRST_HNSW,stock_alone,category_09,796,True,4,0.500835,"[0.50,1.00)",23.038042,1.0,False,exact_bitmap,,False
2026-08-30T19:31:25.659+00:00,calibration,0,236,HNSW_HYBRID,stock_alone,category_09,796,True,4,0.500835,"[0.50,1.00)",19.948834,1.0,False,exact_seq,,False
2026-08-30T19:31:25.679+00:00,calibration,0,236,IVFFLAT_HYBRID,stock_alone,category_09,796,True,4,0.500835,"[0.50,1.00)",19.026416,1.0,False,exact_seq,,False
2026-08-30T19:31:25.845+00:00,calibration,0,202,SQL_FIRST,wide_or,category_01,278,True,4,0.67306,"[0.50,1.00)",24.985625,1.0,True,exact_seq,,False
2026-08-30T19:31:25.871+00:00,calibration,0,202,VECTOR_FIRST_HNSW,wide_or,category_01,278,True,4,0.67306,"[0.50,1.00)",23.802875,1.0,False,exact_bitmap,,False
2026-08-30T19:31:25.903+00:00,calibration,0,202,HNSW_HYBRID,wide_or,category_01,278,True,4,0.67306,"[0.50,1.00)",30.4515,1.0,False,exact_seq,,False
2026-08-30T19:31:25.930+00:00,calibration,0,202,IVFFLAT_HYBRID,wide_or,category_01,278,True,4,0.67306,"[0.50,1.00)",25.1065,1.0,False,exact_seq,,False
2026-08-30T19:31:25.998+00:00,calibration,0,49,SQL_FIRST,category_and_stock,category_04,765,True,0,0.04843,"[0.00,0.05)",9.929417,1.0,True,exact_bitmap,,False
2026-08-30T19:31:26.026+00:00,calibration,0,49,VECTOR_FIRST_HNSW,category_and_stock,category_04,765,True,0,0.04843,"[0.00,0.05)",26.30375,0.1,False,exact_bitmap,,False
2026-08-30T19:31:26.035+00:00,calibration,0,49,HNSW_HYBRID,category_and_stock,category_04,765,True,0,0.04843,"[0.00,0.05)",8.871375,1.0,False,exact_bitmap,,False
2026-08-30T19:31:26.047+00:00,calibration,0,49,IVFFLAT_HYBRID,category_and_stock,category_04,765,True,0,0.04843,"[0.00,0.05)",10.38475,1.0,False,exact_bitmap,,False
2026-08-30T19:31:26.152+00:00,calibration,0,223,SQL_FIRST,stock_alone,category_02,427,True,4,0.500835,"[0.50,1.00)",19.984625,1.0,True,exact_seq,,False
2026-08-30T19:31:26.178+00:00,calibration,0,223,VECTOR_FIRST_HNSW,stock_alone,category_02,427,True,4,0.500835,"[0.50,1.00)",25.427083,1.0,False,exact_bitmap,,False
2026-08-30T19:31:26.198+00:00,calibration,0,223,HNSW_HYBRID,stock_alone,category_02,427,True,4,0.500835,"[0.50,1.00)",19.013834,1.0,False,exact_seq,,False
2026-08-30T19:31:26.220+00:00,calibration,0,223,IVFFLAT_HYBRID,stock_alone,category_02,427,True,4,0.500835,"[0.50,1.00)",20.586958,1.0,False,exact_seq,,False
2026-08-30T19:31:26.291+00:00,calibration,0,70,SQL_FIRST,single_category,category_06,73,True,1,0.099535,"[0.05,0.10)",11.052834,1.0,True,exact_bitmap,,False
2026-08-30T19:31:26.316+00:00,calibration,0,70,VECTOR_FIRST_HNSW,single_category,category_06,73,True,1,0.099535,"[0.05,0.10)",23.120375,0.9,False,exact_bitmap,,False
2026-08-30T19:31:26.329+00:00,calibration,0,70,HNSW_HYBRID,single_category,category_06,73,True,1,0.099535,"[0.05,0.10)",11.917208,1.0,False,exact_bitmap,,False
2026-08-30T19:31:26.342+00:00,calibration,0,70,IVFFLAT_HYBRID,single_category,category_06,73,True,1,0.099535,"[0.05,0.10)",10.910625,1.0,False,exact_bitmap,,False
2026-08-30T19:31:26.411+00:00,calibration,0,95,SQL_FIRST,single_category,category_08,718,True,1,0.098665,"[0.05,0.10)",10.679833,1.0,True,exact_bitmap,,False
2026-08-30T19:31:26.437+00:00,calibration,0,95,VECTOR_FIRST_HNSW,single_category,category_08,718,True,1,0.098665,"[0.05,0.10)",23.231959,0.6,False,exact_bitmap,,False
2026-08-30T19:31:26.449+00:00,calibration,0,95,HNSW_HYBRID,single_category,category_08,718,True,1,0.098665,"[0.05,0.10)",10.789917,1.0,False,exact_bitmap,,False
2026-08-30T19:31:26.461+00:00,calibration,0,95,IVFFLAT_HYBRID,single_category,category_08,718,True,1,0.098665,"[0.05,0.10)",10.770333,1.0,False,exact_bitmap,,False
2026-08-30T19:31:26.568+00:00,calibration,0,201,SQL_FIRST,stock_alone,category_02,530,True,4,0.500835,"[0.50,1.00)",21.061333,1.0,True,exact_seq,,False
2026-08-30T19:31:26.594+00:00,calibration,0,201,VECTOR_FIRST_HNSW,stock_alone,category_02,530,True,4,0.500835,"[0.50,1.00)",24.175375,1.0,False,exact_bitmap,,False
2026-08-30T19:31:26.621+00:00,calibration,0,201,HNSW_HYBRID,stock_alone,category_02,530,True,4,0.500835,"[0.50,1.00)",24.645125,1.0,False,exact_seq,,False
2026-08-30T19:31:26.641+00:00,calibration,0,201,IVFFLAT_HYBRID,stock_alone,category_02,530,True,4,0.500835,"[0.50,1.00)",18.947,1.0,False,exact_seq,,False
2026-08-30T19:31:26.737+00:00,calibration,0,163,SQL_FIRST,three_categories,category_04,503,True,3,0.267975,"[0.25,0.50)",16.495583,1.0,True,exact_bitmap,,False
2026-08-30T19:31:26.761+00:00,calibration,0,163,VECTOR_FIRST_HNSW,three_categories,category_04,503,True,3,0.267975,"[0.25,0.50)",23.090916,1.0,False,exact_bitmap,,False
2026-08-30T19:31:26.779+00:00,calibration,0,163,HNSW_HYBRID,three_categories,category_04,503,True,3,0.267975,"[0.25,0.50)",16.633917,1.0,False,exact_bitmap,,False
2026-08-30T19:31:26.797+00:00,calibration,0,163,IVFFLAT_HYBRID,three_categories,category_04,503,True,3,0.267975,"[0.25,0.50)",16.976667,1.0,False,exact_bitmap,,False
2026-08-30T19:31:26.867+00:00,calibration,0,64,SQL_FIRST,single_category,category_04,603,False,1,0.0967,"[0.05,0.10)",10.739,1.0,True,exact_bitmap,,False
2026-08-30T19:31:26.892+00:00,calibration,0,64,VECTOR_FIRST_HNSW,single_category,category_04,603,False,1,0.0967,"[0.05,0.10)",23.216792,1.0,False,exact_bitmap,,False
2026-08-30T19:31:26.904+00:00,calibration,0,64,HNSW_HYBRID,single_category,category_04,603,False,1,0.0967,"[0.05,0.10)",10.739333,1.0,False,exact_bitmap,,False
2026-08-30T19:31:26.917+00:00,calibration,0,64,IVFFLAT_HYBRID,single_category,category_04,603,False,1,0.0967,"[0.05,0.10)",10.998875,1.0,False,exact_bitmap,,False
2026-08-30T19:31:26.993+00:00,calibration,0,119,SQL_FIRST,price_range_mid,category_04,413,True,2,0.101075,"[0.10,0.25)",12.732625,1.0,True,exact_bitmap,,False
2026-08-30T19:31:27.018+00:00,calibration,0,119,VECTOR_FIRST_HNSW,price_range_mid,category_04,413,True,2,0.101075,"[0.10,0.25)",24.756417,1.0,False,exact_bitmap,,False
2026-08-30T19:31:27.030+00:00,calibration,0,119,HNSW_HYBRID,price_range_mid,category_04,413,True,2,0.101075,"[0.10,0.25)",11.11075,1.0,False,exact_bitmap,,False
2026-08-30T19:31:27.042+00:00,calibration,0,119,IVFFLAT_HYBRID,price_range_mid,category_04,413,True,2,0.101075,"[0.10,0.25)",11.195666,1.0,False,exact_bitmap,,False
2026-08-30T19:31:27.113+00:00,calibration,0,93,SQL_FIRST,single_category,category_08,148,True,1,0.098665,"[0.05,0.10)",11.526208,1.0,True,exact_bitmap,,False
2026-08-30T19:31:27.139+00:00,calibration,0,93,VECTOR_FIRST_HNSW,single_category,category_08,148,True,1,0.098665,"[0.05,0.10)",25.082125,1.0,False,exact_bitmap,,False
2026-08-30T19:31:27.152+00:00,calibration,0,93,HNSW_HYBRID,single_category,category_08,148,True,1,0.098665,"[0.05,0.10)",11.901083,1.0,False,exact_bitmap,,False
2026-08-30T19:31:27.165+00:00,calibration,0,93,IVFFLAT_HYBRID,single_category,category_08,148,True,1,0.098665,"[0.05,0.10)",12.385833,1.0,False,exact_bitmap,,False
2026-08-30T19:31:27.238+00:00,calibration,0,149,SQL_FIRST,price_range_mid,category_09,850,True,2,0.101735,"[0.10,0.25)",11.321833,1.0,True,exact_bitmap,,False
2026-08-30T19:31:27.263+00:00,calibration,0,149,VECTOR_FIRST_HNSW,price_range_mid,category_09,850,True,2,0.101735,"[0.10,0.25)",23.300375,1.0,False,exact_bitmap,,False
2026-08-30T19:31:27.275+00:00,calibration,0,149,HNSW_HYBRID,price_range_mid,category_09,850,True,2,0.101735,"[0.10,0.25)",11.332916,1.0,False,exact_bitmap,,False
2026-08-30T19:31:27.288+00:00,calibration,0,149,IVFFLAT_HYBRID,price_range_mid,category_09,850,True,2,0.101735,"[0.10,0.25)",11.438584,1.0,False,exact_bitmap,,False
2026-08-30T19:31:27.325+00:00,calibration,0,21,SQL_FIRST,category_narrow_price,category_06,933,False,0,0.005,"[0.00,0.05)",2.38125,1.0,True,exact_bitmap,,False
2026-08-30T19:31:27.351+00:00,calibration,0,21,VECTOR_FIRST_HNSW,category_narrow_price,category_06,933,False,0,0.005,"[0.00,0.05)",23.1485,0.0,False,exact_bitmap,,False
2026-08-30T19:31:27.355+00:00,calibration,0,21,HNSW_HYBRID,category_narrow_price,category_06,933,False,0,0.005,"[0.00,0.05)",2.73325,1.0,False,exact_bitmap,,False
2026-08-30T19:31:27.359+00:00,calibration,0,21,IVFFLAT_HYBRID,category_narrow_price,category_06,933,False,0,0.005,"[0.00,0.05)",2.285041,1.0,False,exact_bitmap,,False
2026-08-30T19:31:27.464+00:00,calibration,0,238,SQL_FIRST,stock_alone,category_06,200,True,4,0.500835,"[0.50,1.00)",18.756667,1.0,True,exact_seq,,False
2026-08-30T19:31:27.489+00:00,calibration,0,238,VECTOR_FIRST_HNSW,stock_alone,category_06,200,True,4,0.500835,"[0.50,1.00)",23.126459,1.0,False,exact_bitmap,,False
2026-08-30T19:31:27.509+00:00,calibration,0,238,HNSW_HYBRID,stock_alone,category_06,200,True,4,0.500835,"[0.50,1.00)",18.642292,1.0,False,exact_seq,,False
2026-08-30T19:31:27.530+00:00,calibration,0,238,IVFFLAT_HYBRID,stock_alone,category_06,200,True,4,0.500835,"[0.50,1.00)",18.779375,1.0,False,exact_seq,,False
2026-08-30T19:31:27.600+00:00,calibration,0,62,SQL_FIRST,single_category,category_01,795,True,1,0.098665,"[0.05,0.10)",10.883875,1.0,True,exact_bitmap,,False
2026-08-30T19:31:27.625+00:00,calibration,0,62,VECTOR_FIRST_HNSW,single_category,category_01,795,True,1,0.098665,"[0.05,0.10)",23.253959,0.8,False,exact_bitmap,,False
2026-08-30T19:31:27.638+00:00,calibration,0,62,HNSW_HYBRID,single_category,category_01,795,True,1,0.098665,"[0.05,0.10)",10.952583,1.0,False,exact_bitmap,,False
2026-08-30T19:31:27.650+00:00,calibration,0,62,IVFFLAT_HYBRID,single_category,category_01,795,True,1,0.098665,"[0.05,0.10)",11.527,1.0,False,exact_bitmap,,False
2026-08-30T19:31:27.756+00:00,calibration,0,104,SQL_FIRST,two_categories,category_07,804,True,2,0.1991,"[0.10,0.25)",22.074083,1.0,True,exact_bitmap,,False
2026-08-30T19:31:27.781+00:00,calibration,0,104,VECTOR_FIRST_HNSW,two_categories,category_07,804,True,2,0.1991,"[0.10,0.25)",23.144792,1.0,False,exact_bitmap,,False
2026-08-30T19:31:27.800+00:00,calibration,0,104,HNSW_HYBRID,two_categories,category_07,804,True,2,0.1991,"[0.10,0.25)",18.340292,1.0,False,exact_bitmap,,False
2026-08-30T19:31:27.823+00:00,calibration,0,104,IVFFLAT_HYBRID,two_categories,category_07,804,True,2,0.1991,"[0.10,0.25)",21.962042,1.0,False,exact_bitmap,,False
2026-08-30T19:31:27.943+00:00,calibration,0,218,SQL_FIRST,wide_or,category_09,248,True,4,0.659905,"[0.50,1.00)",24.088958,1.0,True,exact_seq,,False
2026-08-30T19:31:27.967+00:00,calibration,0,218,VECTOR_FIRST_HNSW,wide_or,category_09,248,True,4,0.659905,"[0.50,1.00)",23.378125,1.0,False,exact_bitmap,,False
2026-08-30T19:31:27.993+00:00,calibration,0,218,HNSW_HYBRID,wide_or,category_09,248,True,4,0.659905,"[0.50,1.00)",24.817667,1.0,False,exact_seq,,False
2026-08-30T19:31:28.018+00:00,calibration,0,218,IVFFLAT_HYBRID,wide_or,category_09,248,True,4,0.659905,"[0.50,1.00)",24.036375,1.0,False,exact_seq,,False
2026-08-30T19:31:28.110+00:00,calibration,0,160,SQL_FIRST,three_categories,category_02,659,True,3,0.2705,"[0.25,0.50)",16.612625,1.0,True,exact_bitmap,,False
2026-08-30T19:31:28.135+00:00,calibration,0,160,VECTOR_FIRST_HNSW,three_categories,category_02,659,True,3,0.2705,"[0.25,0.50)",22.950042,1.0,False,exact_bitmap,,False
2026-08-30T19:31:28.155+00:00,calibration,0,160,HNSW_HYBRID,three_categories,category_02,659,True,3,0.2705,"[0.25,0.50)",17.721917,1.0,False,exact_bitmap,,False
2026-08-30T19:31:28.173+00:00,calibration,0,160,IVFFLAT_HYBRID,three_categories,category_02,659,True,3,0.2705,"[0.25,0.50)",17.253167,1.0,False,exact_bitmap,,False
2026-08-30T19:31:28.208+00:00,calibration,0,20,SQL_FIRST,category_narrow_price,category_08,151,True,0,0.00512,"[0.00,0.05)",2.116083,1.0,True,exact_bitmap,,False
2026-08-30T19:31:28.233+00:00,calibration,0,20,VECTOR_FIRST_HNSW,category_narrow_price,category_08,151,True,0,0.00512,"[0.00,0.05)",23.277417,0.0,False,exact_bitmap,,False
2026-08-30T19:31:28.237+00:00,calibration,0,20,HNSW_HYBRID,category_narrow_price,category_08,151,True,0,0.00512,"[0.00,0.05)",2.499,1.0,False,exact_bitmap,,False
2026-08-30T19:31:28.240+00:00,calibration,0,20,IVFFLAT_HYBRID,category_narrow_price,category_08,151,True,0,0.00512,"[0.00,0.05)",2.402208,1.0,False,exact_bitmap,,False
2026-08-30T19:31:28.276+00:00,calibration,0,15,SQL_FIRST,category_narrow_price,category_04,858,True,0,0.004875,"[0.00,0.05)",2.10625,1.0,True,exact_bitmap,,False
2026-08-30T19:31:28.301+00:00,calibration,0,15,VECTOR_FIRST_HNSW,category_narrow_price,category_04,858,True,0,0.004875,"[0.00,0.05)",23.349208,0.0,False,exact_bitmap,,False
2026-08-30T19:31:28.305+00:00,calibration,0,15,HNSW_HYBRID,category_narrow_price,category_04,858,True,0,0.004875,"[0.00,0.05)",2.654125,1.0,False,exact_bitmap,,False
2026-08-30T19:31:28.309+00:00,calibration,0,15,IVFFLAT_HYBRID,category_narrow_price,category_04,858,True,0,0.004875,"[0.00,0.05)",2.169167,1.0,False,exact_bitmap,,False
2026-08-30T19:31:28.381+00:00,calibration,0,123,SQL_FIRST,single_category_alone,category_05,955,False,2,0.100035,"[0.10,0.25)",10.834083,1.0,True,exact_bitmap,,False
2026-08-30T19:31:28.406+00:00,calibration,0,123,VECTOR_FIRST_HNSW,single_category_alone,category_05,955,False,2,0.100035,"[0.10,0.25)",23.060875,1.0,False,exact_bitmap,,False
2026-08-30T19:31:28.419+00:00,calibration,0,123,HNSW_HYBRID,single_category_alone,category_05,955,False,2,0.100035,"[0.10,0.25)",11.033292,1.0,False,exact_bitmap,,False
2026-08-30T19:31:28.432+00:00,calibration,0,123,IVFFLAT_HYBRID,single_category_alone,category_05,955,False,2,0.100035,"[0.10,0.25)",10.946667,1.0,False,exact_bitmap,,False
2026-08-30T19:31:28.495+00:00,calibration,0,14,SQL_FIRST,category_and_stock,category_05,593,False,0,0.049935,"[0.00,0.05)",8.982125,1.0,True,exact_bitmap,,False
2026-08-30T19:31:28.521+00:00,calibration,0,14,VECTOR_FIRST_HNSW,category_and_stock,category_05,593,False,0,0.049935,"[0.00,0.05)",23.645917,0.4,False,exact_bitmap,,False
2026-08-30T19:31:28.532+00:00,calibration,0,14,HNSW_HYBRID,category_and_stock,category_05,593,False,0,0.049935,"[0.00,0.05)",10.133583,1.0,False,exact_bitmap,,False
2026-08-30T19:31:28.542+00:00,calibration,0,14,IVFFLAT_HYBRID,category_and_stock,category_05,593,False,0,0.049935,"[0.00,0.05)",8.660042,1.0,False,exact_bitmap,,False
2026-08-30T19:31:28.666+00:00,calibration,0,230,SQL_FIRST,wide_or,category_04,599,False,4,0.817115,"[0.50,1.00)",24.554958,1.0,True,exact_seq,,False
2026-08-30T19:31:28.691+00:00,calibration,0,230,VECTOR_FIRST_HNSW,wide_or,category_04,599,False,4,0.817115,"[0.50,1.00)",23.247833,1.0,False,exact_bitmap,,False
2026-08-30T19:31:28.721+00:00,calibration,0,230,HNSW_HYBRID,wide_or,category_04,599,False,4,0.817115,"[0.50,1.00)",28.085959,1.0,False,exact_seq,,False
2026-08-30T19:31:28.749+00:00,calibration,0,230,IVFFLAT_HYBRID,wide_or,category_04,599,False,4,0.817115,"[0.50,1.00)",26.10575,1.0,False,exact_seq,,False
2026-08-30T19:31:28.817+00:00,calibration,0,38,SQL_FIRST,category_and_stock,category_04,44,True,0,0.04843,"[0.00,0.05)",9.519708,1.0,True,exact_bitmap,,False
2026-08-30T19:31:28.841+00:00,calibration,0,38,VECTOR_FIRST_HNSW,category_and_stock,category_04,44,True,0,0.04843,"[0.00,0.05)",23.008041,0.8,False,exact_bitmap,,False
2026-08-30T19:31:28.852+00:00,calibration,0,38,HNSW_HYBRID,category_and_stock,category_04,44,True,0,0.04843,"[0.00,0.05)",8.987625,1.0,False,exact_bitmap,,False
2026-08-30T19:31:28.862+00:00,calibration,0,38,IVFFLAT_HYBRID,category_and_stock,category_04,44,True,0,0.04843,"[0.00,0.05)",8.635917,1.0,False,exact_bitmap,,False
2026-08-30T19:31:28.994+00:00,calibration,0,247,SQL_FIRST,wide_or,category_07,952,False,4,0.9776,"[0.50,1.00)",26.902458,1.0,True,exact_seq,,False
2026-08-30T19:31:29.019+00:00,calibration,0,247,VECTOR_FIRST_HNSW,wide_or,category_07,952,False,4,0.9776,"[0.50,1.00)",24.483791,1.0,False,exact_bitmap,,False
2026-08-30T19:31:29.046+00:00,calibration,0,247,HNSW_HYBRID,wide_or,category_07,952,False,4,0.9776,"[0.50,1.00)",25.93675,1.0,False,exact_seq,,False
2026-08-30T19:31:29.073+00:00,calibration,0,247,IVFFLAT_HYBRID,wide_or,category_07,952,False,4,0.9776,"[0.50,1.00)",26.161041,1.0,False,exact_seq,,False
2026-08-30T19:31:29.175+00:00,calibration,0,194,SQL_FIRST,category_or_price,category_05,237,False,3,0.30864,"[0.25,0.50)",18.510333,1.0,True,exact_seq,,False
2026-08-30T19:31:29.200+00:00,calibration,0,194,VECTOR_FIRST_HNSW,category_or_price,category_05,237,False,3,0.30864,"[0.25,0.50)",23.145125,1.0,False,exact_bitmap,,False
2026-08-30T19:31:29.221+00:00,calibration,0,194,HNSW_HYBRID,category_or_price,category_05,237,False,3,0.30864,"[0.25,0.50)",19.675792,1.0,False,exact_seq,,False
2026-08-30T19:31:29.240+00:00,calibration,0,194,IVFFLAT_HYBRID,category_or_price,category_05,237,False,3,0.30864,"[0.25,0.50)",18.330375,1.0,False,exact_seq,,False
2026-08-30T19:31:29.315+00:00,calibration,0,106,SQL_FIRST,single_category_alone,category_03,663,True,2,0.1037,"[0.10,0.25)",10.956958,1.0,True,exact_bitmap,,False
2026-08-30T19:31:29.343+00:00,calibration,0,106,VECTOR_FIRST_HNSW,single_category_alone,category_03,663,True,2,0.1037,"[0.10,0.25)",25.522,1.0,False,exact_bitmap,,False
2026-08-30T19:31:29.355+00:00,calibration,0,106,HNSW_HYBRID,single_category_alone,category_03,663,True,2,0.1037,"[0.10,0.25)",11.837458,1.0,False,exact_bitmap,,False
2026-08-30T19:31:29.367+00:00,calibration,0,106,IVFFLAT_HYBRID,single_category_alone,category_03,663,True,2,0.1037,"[0.10,0.25)",10.765292,1.0,False,exact_bitmap,,False
2026-08-30T19:31:29.437+00:00,calibration,0,142,SQL_FIRST,single_category_alone,category_00,223,True,2,0.1034,"[0.10,0.25)",11.025666,1.0,True,exact_bitmap,,False
2026-08-30T19:31:29.463+00:00,calibration,0,142,VECTOR_FIRST_HNSW,single_category_alone,category_00,223,True,2,0.1034,"[0.10,0.25)",23.173542,0.7,False,exact_bitmap,,False
2026-08-30T19:31:29.475+00:00,calibration,0,142,HNSW_HYBRID,single_category_alone,category_00,223,True,2,0.1034,"[0.10,0.25)",11.067666,1.0,False,exact_bitmap,,False
2026-08-30T19:31:29.488+00:00,calibration,0,142,IVFFLAT_HYBRID,single_category_alone,category_00,223,True,2,0.1034,"[0.10,0.25)",11.308917,1.0,False,exact_bitmap,,False
2026-08-30T19:31:29.525+00:00,calibration,0,44,SQL_FIRST,category_narrow_price,category_04,102,True,0,0.00508,"[0.00,0.05)",2.37925,1.0,True,exact_bitmap,,False
2026-08-30T19:31:29.549+00:00,calibration,0,44,VECTOR_FIRST_HNSW,category_narrow_price,category_04,102,True,0,0.00508,"[0.00,0.05)",23.099625,0.0,False,exact_bitmap,,False
2026-08-30T19:31:29.553+00:00,calibration,0,44,HNSW_HYBRID,category_narrow_price,category_04,102,True,0,0.00508,"[0.00,0.05)",2.802125,1.0,False,exact_bitmap,,False
2026-08-30T19:31:29.557+00:00,calibration,0,44,IVFFLAT_HYBRID,category_narrow_price,category_04,102,True,0,0.00508,"[0.00,0.05)",2.329709,1.0,False,exact_bitmap,,False
2026-08-30T19:31:29.594+00:00,calibration,0,3,SQL_FIRST,category_narrow_price,category_01,626,False,0,0.00491,"[0.00,0.05)",2.149083,1.0,True,exact_bitmap,,False
2026-08-30T19:31:29.619+00:00,calibration,0,3,VECTOR_FIRST_HNSW,category_narrow_price,category_01,626,False,0,0.00491,"[0.00,0.05)",23.190791,0.1,False,exact_bitmap,,False
2026-08-30T19:31:29.623+00:00,calibration,0,3,HNSW_HYBRID,category_narrow_price,category_01,626,False,0,0.00491,"[0.00,0.05)",2.733292,1.0,False,exact_bitmap,,False
2026-08-30T19:31:29.626+00:00,calibration,0,3,IVFFLAT_HYBRID,category_narrow_price,category_01,626,False,0,0.00491,"[0.00,0.05)",2.156708,1.0,False,exact_bitmap,,False
2026-08-30T19:31:29.660+00:00,calibration,0,43,SQL_FIRST,category_narrow_price,category_02,713,True,0,0.004955,"[0.00,0.05)",2.074792,1.0,True,exact_bitmap,,False
2026-08-30T19:31:29.685+00:00,calibration,0,43,VECTOR_FIRST_HNSW,category_narrow_price,category_02,713,True,0,0.004955,"[0.00,0.05)",23.199917,0.0,False,exact_bitmap,,False
2026-08-30T19:31:29.689+00:00,calibration,0,43,HNSW_HYBRID,category_narrow_price,category_02,713,True,0,0.004955,"[0.00,0.05)",2.640417,1.0,False,exact_bitmap,,False
2026-08-30T19:31:29.692+00:00,calibration,0,43,IVFFLAT_HYBRID,category_narrow_price,category_02,713,True,0,0.004955,"[0.00,0.05)",2.121875,1.0,False,exact_bitmap,,False
2026-08-30T19:31:29.764+00:00,calibration,0,110,SQL_FIRST,price_range_mid,category_01,325,True,2,0.10188,"[0.10,0.25)",11.200209,1.0,True,exact_bitmap,,False
2026-08-30T19:31:29.789+00:00,calibration,0,110,VECTOR_FIRST_HNSW,price_range_mid,category_01,325,True,2,0.10188,"[0.10,0.25)",23.547792,0.8,False,exact_bitmap,,False
2026-08-30T19:31:29.802+00:00,calibration,0,110,HNSW_HYBRID,price_range_mid,category_01,325,True,2,0.10188,"[0.10,0.25)",11.871625,1.0,False,exact_bitmap,,False
2026-08-30T19:31:29.816+00:00,calibration,0,110,IVFFLAT_HYBRID,price_range_mid,category_01,325,True,2,0.10188,"[0.10,0.25)",13.030583,1.0,False,exact_bitmap,,False
2026-08-30T19:31:29.887+00:00,calibration,0,115,SQL_FIRST,single_category_alone,category_00,89,False,2,0.1034,"[0.10,0.25)",11.163833,1.0,True,exact_bitmap,,False
2026-08-30T19:31:29.911+00:00,calibration,0,115,VECTOR_FIRST_HNSW,single_category_alone,category_00,89,False,2,0.1034,"[0.10,0.25)",23.140916,1.0,False,exact_bitmap,,False
2026-08-30T19:31:29.924+00:00,calibration,0,115,HNSW_HYBRID,single_category_alone,category_00,89,False,2,0.1034,"[0.10,0.25)",11.224667,1.0,False,exact_bitmap,,False
2026-08-30T19:31:29.936+00:00,calibration,0,115,IVFFLAT_HYBRID,single_category_alone,category_00,89,False,2,0.1034,"[0.10,0.25)",10.892834,1.0,False,exact_bitmap,,False
2026-08-30T19:31:30.047+00:00,calibration,0,175,SQL_FIRST,category_or_price,category_07,420,False,3,0.475515,"[0.25,0.50)",21.173708,1.0,True,exact_seq,,False
2026-08-30T19:31:30.072+00:00,calibration,0,175,VECTOR_FIRST_HNSW,category_or_price,category_07,420,False,3,0.475515,"[0.25,0.50)",23.286083,1.0,False,exact_bitmap,,False
2026-08-30T19:31:30.093+00:00,calibration,0,175,HNSW_HYBRID,category_or_price,category_07,420,False,3,0.475515,"[0.25,0.50)",20.181625,1.0,False,exact_seq,,False
2026-08-30T19:31:30.115+00:00,calibration,0,175,IVFFLAT_HYBRID,category_or_price,category_07,420,False,3,0.475515,"[0.25,0.50)",19.936667,1.0,False,exact_seq,,False
2026-08-30T19:31:30.235+00:00,calibration,0,207,SQL_FIRST,wide_or,category_03,292,False,4,0.680295,"[0.50,1.00)",22.794375,1.0,True,exact_seq,,False
2026-08-30T19:31:30.260+00:00,calibration,0,207,VECTOR_FIRST_HNSW,wide_or,category_03,292,False,4,0.680295,"[0.50,1.00)",23.136917,1.0,False,exact_bitmap,,False
2026-08-30T19:31:30.284+00:00,calibration,0,207,HNSW_HYBRID,wide_or,category_03,292,False,4,0.680295,"[0.50,1.00)",23.333666,1.0,False,exact_seq,,False
2026-08-30T19:31:30.309+00:00,calibration,0,207,IVFFLAT_HYBRID,wide_or,category_03,292,False,4,0.680295,"[0.50,1.00)",22.84075,1.0,False,exact_seq,,False
2026-08-30T19:31:30.380+00:00,calibration,0,57,SQL_FIRST,single_category,category_02,947,False,1,0.098965,"[0.05,0.10)",10.82275,1.0,True,exact_bitmap,,False
2026-08-30T19:31:30.405+00:00,calibration,0,57,VECTOR_FIRST_HNSW,single_category,category_02,947,False,1,0.098965,"[0.05,0.10)",23.133916,0.7,False,exact_bitmap,,False
2026-08-30T19:31:30.418+00:00,calibration,0,57,HNSW_HYBRID,single_category,category_02,947,False,1,0.098965,"[0.05,0.10)",11.632125,1.0,False,exact_bitmap,,False
2026-08-30T19:31:30.430+00:00,calibration,0,57,IVFFLAT_HYBRID,single_category,category_02,947,False,1,0.098965,"[0.05,0.10)",10.900625,1.0,False,exact_bitmap,,False
2026-08-30T19:31:30.500+00:00,calibration,0,78,SQL_FIRST,single_category,category_04,323,True,1,0.0967,"[0.05,0.10)",10.836333,1.0,True,exact_bitmap,,False
2026-08-30T19:31:30.524+00:00,calibration,0,78,VECTOR_FIRST_HNSW,single_category,category_04,323,True,1,0.0967,"[0.05,0.10)",22.978625,0.7,False,exact_bitmap,,False
2026-08-30T19:31:30.537+00:00,calibration,0,78,HNSW_HYBRID,single_category,category_04,323,True,1,0.0967,"[0.05,0.10)",10.849,1.0,False,exact_bitmap,,False
2026-08-30T19:31:30.550+00:00,calibration,0,78,IVFFLAT_HYBRID,single_category,category_04,323,True,1,0.0967,"[0.05,0.10)",11.177167,1.0,False,exact_bitmap,,False
2026-08-30T19:31:30.621+00:00,calibration,0,63,SQL_FIRST,single_category,category_01,465,False,1,0.098665,"[0.05,0.10)",11.2835,1.0,True,exact_bitmap,,False
2026-08-30T19:31:30.645+00:00,calibration,0,63,VECTOR_FIRST_HNSW,single_category,category_01,465,False,1,0.098665,"[0.05,0.10)",23.02475,1.0,False,exact_bitmap,,False
2026-08-30T19:31:30.658+00:00,calibration,0,63,HNSW_HYBRID,single_category,category_01,465,False,1,0.098665,"[0.05,0.10)",11.063792,1.0,False,exact_bitmap,,False
2026-08-30T19:31:30.670+00:00,calibration,0,63,IVFFLAT_HYBRID,single_category,category_01,465,False,1,0.098665,"[0.05,0.10)",10.707541,1.0,False,exact_bitmap,,False
2026-08-30T19:31:30.744+00:00,calibration,0,87,SQL_FIRST,single_category,category_02,618,False,1,0.098965,"[0.05,0.10)",11.88175,1.0,True,exact_bitmap,,False
2026-08-30T19:31:30.769+00:00,calibration,0,87,VECTOR_FIRST_HNSW,single_category,category_02,618,False,1,0.098965,"[0.05,0.10)",23.988292,1.0,False,exact_bitmap,,False
2026-08-30T19:31:30.786+00:00,calibration,0,87,HNSW_HYBRID,single_category,category_02,618,False,1,0.098965,"[0.05,0.10)",13.298916,1.0,False,exact_bitmap,,False
2026-08-30T19:31:30.798+00:00,calibration,0,87,IVFFLAT_HYBRID,single_category,category_02,618,False,1,0.098965,"[0.05,0.10)",10.94875,1.0,False,exact_bitmap,,False
2026-08-30T19:31:30.869+00:00,calibration,0,83,SQL_FIRST,single_category,category_04,203,False,1,0.0967,"[0.05,0.10)",10.982917,1.0,True,exact_bitmap,,False
2026-08-30T19:31:30.894+00:00,calibration,0,83,VECTOR_FIRST_HNSW,single_category,category_04,203,False,1,0.0967,"[0.05,0.10)",23.367209,0.7,False,exact_bitmap,,False
2026-08-30T19:31:30.906+00:00,calibration,0,83,HNSW_HYBRID,single_category,category_04,203,False,1,0.0967,"[0.05,0.10)",10.898167,1.0,False,exact_bitmap,,False
2026-08-30T19:31:30.918+00:00,calibration,0,83,IVFFLAT_HYBRID,single_category,category_04,203,False,1,0.0967,"[0.05,0.10)",10.817708,1.0,False,exact_bitmap,,False
2026-08-30T19:31:30.980+00:00,calibration,0,42,SQL_FIRST,category_and_stock,category_05,183,False,0,0.049935,"[0.00,0.05)",8.812041,1.0,True,exact_bitmap,,False
2026-08-30T19:31:31.005+00:00,calibration,0,42,VECTOR_FIRST_HNSW,category_and_stock,category_05,183,False,0,0.049935,"[0.00,0.05)",23.815416,0.8,False,exact_bitmap,,False
2026-08-30T19:31:31.015+00:00,calibration,0,42,HNSW_HYBRID,category_and_stock,category_05,183,False,0,0.049935,"[0.00,0.05)",9.622458,1.0,False,exact_bitmap,,False
2026-08-30T19:31:31.025+00:00,calibration,0,42,IVFFLAT_HYBRID,category_and_stock,category_05,183,False,0,0.049935,"[0.00,0.05)",9.09475,1.0,False,exact_bitmap,,False
2026-08-30T19:31:31.127+00:00,calibration,0,226,SQL_FIRST,stock_alone,category_00,335,True,4,0.500835,"[0.50,1.00)",18.925125,1.0,True,exact_seq,,False
2026-08-30T19:31:31.151+00:00,calibration,0,226,VECTOR_FIRST_HNSW,stock_alone,category_00,335,True,4,0.500835,"[0.50,1.00)",23.342125,1.0,False,exact_bitmap,,False
2026-08-30T19:31:31.172+00:00,calibration,0,226,HNSW_HYBRID,stock_alone,category_00,335,True,4,0.500835,"[0.50,1.00)",19.592125,1.0,False,exact_seq,,False
2026-08-30T19:31:31.191+00:00,calibration,0,226,IVFFLAT_HYBRID,stock_alone,category_00,335,True,4,0.500835,"[0.50,1.00)",18.779166,1.0,False,exact_seq,,False
2026-08-30T19:31:31.227+00:00,calibration,0,6,SQL_FIRST,category_narrow_price,category_00,373,True,0,0.00525,"[0.00,0.05)",2.109125,1.0,True,exact_bitmap,,False
2026-08-30T19:31:31.251+00:00,calibration,0,6,VECTOR_FIRST_HNSW,category_narrow_price,category_00,373,True,0,0.00525,"[0.00,0.05)",23.0465,0.0,False,exact_bitmap,,False
2026-08-30T19:31:31.255+00:00,calibration,0,6,HNSW_HYBRID,category_narrow_price,category_00,373,True,0,0.00525,"[0.00,0.05)",2.791458,1.0,False,exact_bitmap,,False
2026-08-30T19:31:31.259+00:00,calibration,0,6,IVFFLAT_HYBRID,category_narrow_price,category_00,373,True,0,0.00525,"[0.00,0.05)",2.210375,1.0,False,exact_bitmap,,False
2026-08-30T19:31:31.354+00:00,calibration,0,158,SQL_FIRST,three_categories,category_06,346,False,3,0.269895,"[0.25,0.50)",18.186375,1.0,True,exact_bitmap,,False
2026-08-30T19:31:31.384+00:00,calibration,0,158,VECTOR_FIRST_HNSW,three_categories,category_06,346,False,3,0.269895,"[0.25,0.50)",28.552209,1.0,False,exact_bitmap,,False
2026-08-30T19:31:31.405+00:00,calibration,0,158,HNSW_HYBRID,three_categories,category_06,346,False,3,0.269895,"[0.25,0.50)",20.302,1.0,False,exact_bitmap,,False
2026-08-30T19:31:31.426+00:00,calibration,0,158,IVFFLAT_HYBRID,three_categories,category_06,346,False,3,0.269895,"[0.25,0.50)",19.769834,1.0,False,exact_bitmap,,False
2026-08-30T19:31:31.546+00:00,calibration,0,139,SQL_FIRST,two_categories,category_08,645,True,2,0.198565,"[0.10,0.25)",23.374958,1.0,True,exact_bitmap,,False
2026-08-30T19:31:31.588+00:00,calibration,0,139,VECTOR_FIRST_HNSW,two_categories,category_08,645,True,2,0.198565,"[0.10,0.25)",39.874125,1.0,False,exact_bitmap,,False
2026-08-30T19:31:31.617+00:00,calibration,0,139,HNSW_HYBRID,two_categories,category_08,645,True,2,0.198565,"[0.10,0.25)",28.0405,1.0,False,exact_bitmap,,False
2026-08-30T19:31:31.641+00:00,calibration,0,139,IVFFLAT_HYBRID,two_categories,category_08,645,True,2,0.198565,"[0.10,0.25)",22.533208,1.0,False,exact_bitmap,,False
2026-08-30T19:31:31.737+00:00,calibration,0,192,SQL_FIRST,three_categories,category_04,583,False,3,0.267975,"[0.25,0.50)",16.660375,1.0,True,exact_bitmap,,False
2026-08-30T19:31:31.761+00:00,calibration,0,192,VECTOR_FIRST_HNSW,three_categories,category_04,583,False,3,0.267975,"[0.25,0.50)",23.315125,1.0,False,exact_bitmap,,False
2026-08-30T19:31:31.779+00:00,calibration,0,192,HNSW_HYBRID,three_categories,category_04,583,False,3,0.267975,"[0.25,0.50)",16.589958,1.0,False,exact_bitmap,,False
2026-08-30T19:31:31.797+00:00,calibration,0,192,IVFFLAT_HYBRID,three_categories,category_04,583,False,3,0.267975,"[0.25,0.50)",16.495375,1.0,False,exact_bitmap,,False
2026-08-30T19:31:31.926+00:00,calibration,0,250,SQL_FIRST,wide_or,category_09,634,True,4,0.83355,"[0.50,1.00)",25.933167,1.0,True,exact_seq,,False
2026-08-30T19:31:31.951+00:00,calibration,0,250,VECTOR_FIRST_HNSW,wide_or,category_09,634,True,4,0.83355,"[0.50,1.00)",23.411958,1.0,False,exact_bitmap,,False
2026-08-30T19:31:31.977+00:00,calibration,0,250,HNSW_HYBRID,wide_or,category_09,634,True,4,0.83355,"[0.50,1.00)",25.058666,1.0,False,exact_seq,,False
2026-08-30T19:31:32.003+00:00,calibration,0,250,IVFFLAT_HYBRID,wide_or,category_09,634,True,4,0.83355,"[0.50,1.00)",25.228292,1.0,False,exact_seq,,False
2026-08-30T19:31:32.038+00:00,calibration,0,1,SQL_FIRST,category_narrow_price,category_07,105,True,0,0.00525,"[0.00,0.05)",2.122042,1.0,True,exact_bitmap,,False
2026-08-30T19:31:32.062+00:00,calibration,0,1,VECTOR_FIRST_HNSW,category_narrow_price,category_07,105,True,0,0.00525,"[0.00,0.05)",22.98775,0.1,False,exact_bitmap,,False
2026-08-30T19:31:32.066+00:00,calibration,0,1,HNSW_HYBRID,category_narrow_price,category_07,105,True,0,0.00525,"[0.00,0.05)",2.65175,1.0,False,exact_bitmap,,False
2026-08-30T19:31:32.070+00:00,calibration,0,1,IVFFLAT_HYBRID,category_narrow_price,category_07,105,True,0,0.00525,"[0.00,0.05)",2.178208,1.0,False,exact_bitmap,,False
2026-08-30T19:31:32.139+00:00,calibration,0,96,SQL_FIRST,single_category,category_04,186,True,1,0.0967,"[0.05,0.10)",10.885208,1.0,True,exact_bitmap,,False
2026-08-30T19:31:32.166+00:00,calibration,0,96,VECTOR_FIRST_HNSW,single_category,category_04,186,True,1,0.0967,"[0.05,0.10)",26.025916,1.0,False,exact_bitmap,,False
2026-08-30T19:31:32.178+00:00,calibration,0,96,HNSW_HYBRID,single_category,category_04,186,True,1,0.0967,"[0.05,0.10)",10.681958,1.0,False,exact_bitmap,,False
2026-08-30T19:31:32.190+00:00,calibration,0,96,IVFFLAT_HYBRID,single_category,category_04,186,True,1,0.0967,"[0.05,0.10)",11.008958,1.0,False,exact_bitmap,,False
2026-08-30T19:31:32.289+00:00,calibration,0,146,SQL_FIRST,two_categories,category_04,747,False,2,0.196735,"[0.10,0.25)",18.538417,1.0,True,exact_bitmap,,False
2026-08-30T19:31:32.313+00:00,calibration,0,146,VECTOR_FIRST_HNSW,two_categories,category_04,747,False,2,0.196735,"[0.10,0.25)",23.112291,1.0,False,exact_bitmap,,False
2026-08-30T19:31:32.333+00:00,calibration,0,146,HNSW_HYBRID,two_categories,category_04,747,False,2,0.196735,"[0.10,0.25)",18.140708,1.0,False,exact_bitmap,,False
2026-08-30T19:31:32.356+00:00,calibration,0,146,IVFFLAT_HYBRID,two_categories,category_04,747,False,2,0.196735,"[0.10,0.25)",18.375875,1.0,False,exact_bitmap,,False
2026-08-30T19:31:32.396+00:00,calibration,0,16,SQL_FIRST,category_narrow_price,category_04,802,False,0,0.0049,"[0.00,0.05)",3.07875,1.0,True,exact_bitmap,,False
2026-08-30T19:31:32.422+00:00,calibration,0,16,VECTOR_FIRST_HNSW,category_narrow_price,category_04,802,False,0,0.0049,"[0.00,0.05)",25.036958,0.1,False,exact_bitmap,,False
2026-08-30T19:31:32.426+00:00,calibration,0,16,HNSW_HYBRID,category_narrow_price,category_04,802,False,0,0.0049,"[0.00,0.05)",2.620709,1.0,False,exact_bitmap,,False
2026-08-30T19:31:32.429+00:00,calibration,0,16,IVFFLAT_HYBRID,category_narrow_price,category_04,802,False,0,0.0049,"[0.00,0.05)",2.18525,1.0,False,exact_bitmap,,False
2026-08-30T19:31:32.528+00:00,calibration,0,136,SQL_FIRST,two_categories,category_01,898,True,2,0.197635,"[0.10,0.25)",18.21575,1.0,True,exact_bitmap,,False
2026-08-30T19:31:32.553+00:00,calibration,0,136,VECTOR_FIRST_HNSW,two_categories,category_01,898,True,2,0.197635,"[0.10,0.25)",23.4245,1.0,False,exact_bitmap,,False
2026-08-30T19:31:32.572+00:00,calibration,0,136,HNSW_HYBRID,two_categories,category_01,898,True,2,0.197635,"[0.10,0.25)",18.049959,1.0,False,exact_bitmap,,False
2026-08-30T19:31:32.591+00:00,calibration,0,136,IVFFLAT_HYBRID,two_categories,category_01,898,True,2,0.197635,"[0.10,0.25)",18.053917,1.0,False,exact_bitmap,,False
2026-08-30T19:31:32.686+00:00,calibration,0,162,SQL_FIRST,three_categories,category_02,128,True,3,0.2705,"[0.25,0.50)",17.432709,1.0,True,exact_bitmap,,False
2026-08-30T19:31:32.710+00:00,calibration,0,162,VECTOR_FIRST_HNSW,three_categories,category_02,128,True,3,0.2705,"[0.25,0.50)",23.04275,1.0,False,exact_bitmap,,False
2026-08-30T19:31:32.728+00:00,calibration,0,162,HNSW_HYBRID,three_categories,category_02,128,True,3,0.2705,"[0.25,0.50)",16.602167,1.0,False,exact_bitmap,,False
2026-08-30T19:31:32.746+00:00,calibration,0,162,IVFFLAT_HYBRID,three_categories,category_02,128,True,3,0.2705,"[0.25,0.50)",17.125041,1.0,False,exact_bitmap,,False
2026-08-30T19:31:32.848+00:00,calibration,0,209,SQL_FIRST,stock_alone,category_04,462,True,4,0.500835,"[0.50,1.00)",18.683542,1.0,True,exact_seq,,False
2026-08-30T19:31:32.873+00:00,calibration,0,209,VECTOR_FIRST_HNSW,stock_alone,category_04,462,True,4,0.500835,"[0.50,1.00)",23.07625,1.0,False,exact_bitmap,,False
2026-08-30T19:31:32.894+00:00,calibration,0,209,HNSW_HYBRID,stock_alone,category_04,462,True,4,0.500835,"[0.50,1.00)",20.759334,1.0,False,exact_seq,,False
2026-08-30T19:31:32.914+00:00,calibration,0,209,IVFFLAT_HYBRID,stock_alone,category_04,462,True,4,0.500835,"[0.50,1.00)",18.757667,1.0,False,exact_seq,,False
2026-08-30T19:31:32.986+00:00,calibration,0,59,SQL_FIRST,single_category,category_02,440,False,1,0.098965,"[0.05,0.10)",11.333791,1.0,True,exact_bitmap,,False
2026-08-30T19:31:33.011+00:00,calibration,0,59,VECTOR_FIRST_HNSW,single_category,category_02,440,False,1,0.098965,"[0.05,0.10)",24.389875,1.0,False,exact_bitmap,,False
2026-08-30T19:31:33.024+00:00,calibration,0,59,HNSW_HYBRID,single_category,category_02,440,False,1,0.098965,"[0.05,0.10)",11.299583,1.0,False,exact_bitmap,,False
2026-08-30T19:31:33.035+00:00,calibration,0,59,IVFFLAT_HYBRID,single_category,category_02,440,False,1,0.098965,"[0.05,0.10)",10.677333,1.0,False,exact_bitmap,,False
2026-08-30T19:31:33.134+00:00,calibration,0,141,SQL_FIRST,two_categories,category_02,989,True,2,0.202665,"[0.10,0.25)",18.197583,1.0,True,exact_bitmap,,False
2026-08-30T19:31:33.159+00:00,calibration,0,141,VECTOR_FIRST_HNSW,two_categories,category_02,989,True,2,0.202665,"[0.10,0.25)",23.929083,1.0,False,exact_bitmap,,False
2026-08-30T19:31:33.178+00:00,calibration,0,141,HNSW_HYBRID,two_categories,category_02,989,True,2,0.202665,"[0.10,0.25)",18.081125,1.0,False,exact_bitmap,,False
2026-08-30T19:31:33.197+00:00,calibration,0,141,IVFFLAT_HYBRID,two_categories,category_02,989,True,2,0.202665,"[0.10,0.25)",18.219792,1.0,False,exact_bitmap,,False
2026-08-30T19:31:33.269+00:00,calibration,0,103,SQL_FIRST,price_range_mid,category_01,210,True,2,0.10253,"[0.10,0.25)",11.129625,1.0,True,exact_bitmap,,False
2026-08-30T19:31:33.294+00:00,calibration,0,103,VECTOR_FIRST_HNSW,price_range_mid,category_01,210,True,2,0.10253,"[0.10,0.25)",23.369875,1.0,False,exact_bitmap,,False
2026-08-30T19:31:33.307+00:00,calibration,0,103,HNSW_HYBRID,price_range_mid,category_01,210,True,2,0.10253,"[0.10,0.25)",11.262709,1.0,False,exact_bitmap,,False
2026-08-30T19:31:33.319+00:00,calibration,0,103,IVFFLAT_HYBRID,price_range_mid,category_01,210,True,2,0.10253,"[0.10,0.25)",11.148583,1.0,False,exact_bitmap,,False
2026-08-30T19:31:33.356+00:00,calibration,0,28,SQL_FIRST,category_narrow_price,category_09,301,False,0,0.00509,"[0.00,0.05)",2.192459,1.0,True,exact_bitmap,,False
2026-08-30T19:31:33.381+00:00,calibration,0,28,VECTOR_FIRST_HNSW,category_narrow_price,category_09,301,False,0,0.00509,"[0.00,0.05)",23.587917,0.0,False,exact_bitmap,,False
2026-08-30T19:31:33.385+00:00,calibration,0,28,HNSW_HYBRID,category_narrow_price,category_09,301,False,0,0.00509,"[0.00,0.05)",2.60525,1.0,False,exact_bitmap,,False
2026-08-30T19:31:33.388+00:00,calibration,0,28,IVFFLAT_HYBRID,category_narrow_price,category_09,301,False,0,0.00509,"[0.00,0.05)",2.289625,1.0,False,exact_bitmap,,False
2026-08-30T19:31:33.459+00:00,calibration,0,52,SQL_FIRST,single_category,category_08,370,False,1,0.098665,"[0.05,0.10)",11.762333,1.0,True,exact_bitmap,,False
2026-08-30T19:31:33.485+00:00,calibration,0,52,VECTOR_FIRST_HNSW,single_category,category_08,370,False,1,0.098665,"[0.05,0.10)",24.279959,1.0,False,exact_bitmap,,False
2026-08-30T19:31:33.498+00:00,calibration,0,52,HNSW_HYBRID,single_category,category_08,370,False,1,0.098665,"[0.05,0.10)",10.888291,1.0,False,exact_bitmap,,False
2026-08-30T19:31:33.510+00:00,calibration,0,52,IVFFLAT_HYBRID,single_category,category_08,370,False,1,0.098665,"[0.05,0.10)",10.73575,1.0,False,exact_bitmap,,False
2026-08-30T19:31:33.613+00:00,calibration,0,233,SQL_FIRST,stock_alone,category_09,622,True,4,0.500835,"[0.50,1.00)",20.403709,1.0,True,exact_seq,,False
2026-08-30T19:31:33.636+00:00,calibration,0,233,VECTOR_FIRST_HNSW,stock_alone,category_09,622,True,4,0.500835,"[0.50,1.00)",23.026167,1.0,False,exact_bitmap,,False
2026-08-30T19:31:33.656+00:00,calibration,0,233,HNSW_HYBRID,stock_alone,category_09,622,True,4,0.500835,"[0.50,1.00)",18.794792,1.0,False,exact_seq,,False
2026-08-30T19:31:33.677+00:00,calibration,0,233,IVFFLAT_HYBRID,stock_alone,category_09,622,True,4,0.500835,"[0.50,1.00)",19.394708,1.0,False,exact_seq,,False
2026-08-30T19:31:33.749+00:00,calibration,0,53,SQL_FIRST,single_category,category_01,926,False,1,0.098665,"[0.05,0.10)",12.27225,1.0,True,exact_bitmap,,False
2026-08-30T19:31:33.774+00:00,calibration,0,53,VECTOR_FIRST_HNSW,single_category,category_01,926,False,1,0.098665,"[0.05,0.10)",24.204417,1.0,False,exact_bitmap,,False
2026-08-30T19:31:33.787+00:00,calibration,0,53,HNSW_HYBRID,single_category,category_01,926,False,1,0.098665,"[0.05,0.10)",11.867208,1.0,False,exact_bitmap,,False
2026-08-30T19:31:33.800+00:00,calibration,0,53,IVFFLAT_HYBRID,single_category,category_01,926,False,1,0.098665,"[0.05,0.10)",10.92975,1.0,False,exact_bitmap,,False
2026-08-30T19:31:33.903+00:00,calibration,0,246,SQL_FIRST,stock_alone,category_02,387,True,4,0.500835,"[0.50,1.00)",18.744084,1.0,True,exact_seq,,False
2026-08-30T19:31:33.928+00:00,calibration,0,246,VECTOR_FIRST_HNSW,stock_alone,category_02,387,True,4,0.500835,"[0.50,1.00)",22.929625,1.0,False,exact_bitmap,,False
2026-08-30T19:31:33.948+00:00,calibration,0,246,HNSW_HYBRID,stock_alone,category_02,387,True,4,0.500835,"[0.50,1.00)",18.814583,1.0,False,exact_seq,,False
2026-08-30T19:31:33.972+00:00,calibration,0,246,IVFFLAT_HYBRID,stock_alone,category_02,387,True,4,0.500835,"[0.50,1.00)",22.895167,1.0,False,exact_seq,,False
2026-08-30T19:31:34.044+00:00,calibration,0,60,SQL_FIRST,single_category,category_06,38,False,1,0.099535,"[0.05,0.10)",10.682333,1.0,True,exact_bitmap,,False
2026-08-30T19:31:34.068+00:00,calibration,0,60,VECTOR_FIRST_HNSW,single_category,category_06,38,False,1,0.099535,"[0.05,0.10)",23.028,0.6,False,exact_bitmap,,False
2026-08-30T19:31:34.080+00:00,calibration,0,60,HNSW_HYBRID,single_category,category_06,38,False,1,0.099535,"[0.05,0.10)",10.757083,1.0,False,exact_bitmap,,False
2026-08-30T19:31:34.093+00:00,calibration,0,60,IVFFLAT_HYBRID,single_category,category_06,38,False,1,0.099535,"[0.05,0.10)",10.8905,1.0,False,exact_bitmap,,False
2026-08-30T19:31:34.214+00:00,calibration,0,211,SQL_FIRST,wide_or,category_05,433,True,4,0.74369,"[0.50,1.00)",23.520916,1.0,True,exact_seq,,False
2026-08-30T19:31:34.240+00:00,calibration,0,211,VECTOR_FIRST_HNSW,wide_or,category_05,433,True,4,0.74369,"[0.50,1.00)",23.5315,1.0,False,exact_bitmap,,False
2026-08-30T19:31:34.265+00:00,calibration,0,211,HNSW_HYBRID,wide_or,category_05,433,True,4,0.74369,"[0.50,1.00)",23.387208,1.0,False,exact_seq,,False
2026-08-30T19:31:34.290+00:00,calibration,0,211,IVFFLAT_HYBRID,wide_or,category_05,433,True,4,0.74369,"[0.50,1.00)",23.525416,1.0,False,exact_seq,,False
2026-08-30T19:31:34.393+00:00,calibration,0,181,SQL_FIRST,category_or_price,category_03,278,False,3,0.34869,"[0.25,0.50)",18.830167,1.0,True,exact_seq,,False
2026-08-30T19:31:34.418+00:00,calibration,0,181,VECTOR_FIRST_HNSW,category_or_price,category_03,278,False,3,0.34869,"[0.25,0.50)",22.908833,1.0,False,exact_bitmap,,False
2026-08-30T19:31:34.438+00:00,calibration,0,181,HNSW_HYBRID,category_or_price,category_03,278,False,3,0.34869,"[0.25,0.50)",19.133875,1.0,False,exact_seq,,False
2026-08-30T19:31:34.459+00:00,calibration,0,181,IVFFLAT_HYBRID,category_or_price,category_03,278,False,3,0.34869,"[0.25,0.50)",18.913875,1.0,False,exact_seq,,False
2026-08-30T19:31:34.530+00:00,calibration,0,65,SQL_FIRST,single_category,category_09,614,True,1,0.0999,"[0.05,0.10)",11.533291,1.0,True,exact_bitmap,,False
2026-08-30T19:31:34.555+00:00,calibration,0,65,VECTOR_FIRST_HNSW,single_category,category_09,614,True,1,0.0999,"[0.05,0.10)",23.177125,0.4,False,exact_bitmap,,False
2026-08-30T19:31:34.567+00:00,calibration,0,65,HNSW_HYBRID,single_category,category_09,614,True,1,0.0999,"[0.05,0.10)",10.874125,1.0,False,exact_bitmap,,False
2026-08-30T19:31:34.579+00:00,calibration,0,65,IVFFLAT_HYBRID,single_category,category_09,614,True,1,0.0999,"[0.05,0.10)",10.842083,1.0,False,exact_bitmap,,False
2026-08-30T19:31:34.614+00:00,calibration,0,40,SQL_FIRST,category_narrow_price,category_05,416,True,0,0.00512,"[0.00,0.05)",2.167375,1.0,True,exact_bitmap,,False
2026-08-30T19:31:34.639+00:00,calibration,0,40,VECTOR_FIRST_HNSW,category_narrow_price,category_05,416,True,0,0.00512,"[0.00,0.05)",23.52125,0.0,False,exact_bitmap,,False
2026-08-30T19:31:34.642+00:00,calibration,0,40,HNSW_HYBRID,category_narrow_price,category_05,416,True,0,0.00512,"[0.00,0.05)",2.475709,1.0,False,exact_bitmap,,False
2026-08-30T19:31:34.645+00:00,calibration,0,40,IVFFLAT_HYBRID,category_narrow_price,category_05,416,True,0,0.00512,"[0.00,0.05)",2.051875,1.0,False,exact_bitmap,,False
2026-08-30T19:31:34.774+00:00,calibration,0,213,SQL_FIRST,wide_or,category_07,827,False,4,0.921025,"[0.50,1.00)",26.20625,1.0,True,exact_seq,,False
2026-08-30T19:31:34.798+00:00,calibration,0,213,VECTOR_FIRST_HNSW,wide_or,category_07,827,False,4,0.921025,"[0.50,1.00)",23.273125,1.0,False,exact_bitmap,,False
2026-08-30T19:31:34.825+00:00,calibration,0,213,HNSW_HYBRID,wide_or,category_07,827,False,4,0.921025,"[0.50,1.00)",25.458584,1.0,False,exact_seq,,False
2026-08-30T19:31:34.852+00:00,calibration,0,213,IVFFLAT_HYBRID,wide_or,category_07,827,False,4,0.921025,"[0.50,1.00)",25.43425,1.0,False,exact_seq,,False
2026-08-30T19:31:34.922+00:00,calibration,0,90,SQL_FIRST,single_category,category_04,577,True,1,0.0967,"[0.05,0.10)",10.879709,1.0,True,exact_bitmap,,False
2026-08-30T19:31:34.947+00:00,calibration,0,90,VECTOR_FIRST_HNSW,single_category,category_04,577,True,1,0.0967,"[0.05,0.10)",23.05175,1.0,False,exact_bitmap,,False
2026-08-30T19:31:34.960+00:00,calibration,0,90,HNSW_HYBRID,single_category,category_04,577,True,1,0.0967,"[0.05,0.10)",11.36275,1.0,False,exact_bitmap,,False
2026-08-30T19:31:34.971+00:00,calibration,0,90,IVFFLAT_HYBRID,single_category,category_04,577,True,1,0.0967,"[0.05,0.10)",10.821792,1.0,False,exact_bitmap,,False
2026-08-30T19:31:35.045+00:00,calibration,0,120,SQL_FIRST,price_range_mid,category_07,808,True,2,0.10114,"[0.10,0.25)",11.174792,1.0,True,exact_bitmap,,False
2026-08-30T19:31:35.070+00:00,calibration,0,120,VECTOR_FIRST_HNSW,price_range_mid,category_07,808,True,2,0.10114,"[0.10,0.25)",23.232792,0.9,False,exact_bitmap,,False
2026-08-30T19:31:35.083+00:00,calibration,0,120,HNSW_HYBRID,price_range_mid,category_07,808,True,2,0.10114,"[0.10,0.25)",11.210333,1.0,False,exact_bitmap,,False
2026-08-30T19:31:35.095+00:00,calibration,0,120,IVFFLAT_HYBRID,price_range_mid,category_07,808,True,2,0.10114,"[0.10,0.25)",11.249083,1.0,False,exact_bitmap,,False
2026-08-30T19:31:35.194+00:00,calibration,0,102,SQL_FIRST,two_categories,category_09,918,True,2,0.2033,"[0.10,0.25)",18.221084,1.0,True,exact_bitmap,,False
2026-08-30T19:31:35.219+00:00,calibration,0,102,VECTOR_FIRST_HNSW,two_categories,category_09,918,True,2,0.2033,"[0.10,0.25)",23.291375,1.0,False,exact_bitmap,,False
2026-08-30T19:31:35.239+00:00,calibration,0,102,HNSW_HYBRID,two_categories,category_09,918,True,2,0.2033,"[0.10,0.25)",18.194167,1.0,False,exact_bitmap,,False
2026-08-30T19:31:35.259+00:00,calibration,0,102,IVFFLAT_HYBRID,two_categories,category_09,918,True,2,0.2033,"[0.10,0.25)",18.271584,1.0,False,exact_bitmap,,False
2026-08-30T19:31:35.364+00:00,calibration,0,176,SQL_FIRST,category_or_price,category_00,350,True,3,0.4127,"[0.25,0.50)",19.422625,1.0,True,exact_seq,,False
2026-08-30T19:31:35.389+00:00,calibration,0,176,VECTOR_FIRST_HNSW,category_or_price,category_00,350,True,3,0.4127,"[0.25,0.50)",23.0315,1.0,False,exact_bitmap,,False
2026-08-30T19:31:35.410+00:00,calibration,0,176,HNSW_HYBRID,category_or_price,category_00,350,True,3,0.4127,"[0.25,0.50)",19.260625,1.0,False,exact_seq,,False
2026-08-30T19:31:35.431+00:00,calibration,0,176,IVFFLAT_HYBRID,category_or_price,category_00,350,True,3,0.4127,"[0.25,0.50)",19.278375,1.0,False,exact_seq,,False
2026-08-30T19:31:35.495+00:00,calibration,0,23,SQL_FIRST,category_and_stock,category_08,78,True,0,0.049415,"[0.00,0.05)",10.130958,1.0,True,exact_bitmap,,False
2026-08-30T19:31:35.519+00:00,calibration,0,23,VECTOR_FIRST_HNSW,category_and_stock,category_08,78,True,0,0.049415,"[0.00,0.05)",23.211208,0.1,False,exact_bitmap,,False
2026-08-30T19:31:35.530+00:00,calibration,0,23,HNSW_HYBRID,category_and_stock,category_08,78,True,0,0.049415,"[0.00,0.05)",8.819667,1.0,False,exact_bitmap,,False
2026-08-30T19:31:35.540+00:00,calibration,0,23,IVFFLAT_HYBRID,category_and_stock,category_08,78,True,0,0.049415,"[0.00,0.05)",8.917709,1.0,False,exact_bitmap,,False
2026-08-30T19:31:35.602+00:00,calibration,0,34,SQL_FIRST,category_and_stock,category_05,575,False,0,0.049935,"[0.00,0.05)",8.580958,1.0,True,exact_bitmap,,False
2026-08-30T19:31:35.627+00:00,calibration,0,34,VECTOR_FIRST_HNSW,category_and_stock,category_05,575,False,0,0.049935,"[0.00,0.05)",23.062167,0.5,False,exact_bitmap,,False
2026-08-30T19:31:35.638+00:00,calibration,0,34,HNSW_HYBRID,category_and_stock,category_05,575,False,0,0.049935,"[0.00,0.05)",9.057875,1.0,False,exact_bitmap,,False
2026-08-30T19:31:35.649+00:00,calibration,0,34,IVFFLAT_HYBRID,category_and_stock,category_05,575,False,0,0.049935,"[0.00,0.05)",8.8785,1.0,False,exact_bitmap,,False
2026-08-30T19:31:35.672+00:00,heldout,0,68,SQL_FIRST,single_category,category_08,938,False,1,0.098665,"[0.05,0.10)",11.062708,1.0,True,exact_bitmap,IVFFLAT_HYBRID,False
2026-08-30T19:31:35.696+00:00,heldout,0,68,VECTOR_FIRST_HNSW,single_category,category_08,938,False,1,0.098665,"[0.05,0.10)",23.82125,0.9,False,exact_bitmap,IVFFLAT_HYBRID,False
2026-08-30T19:31:35.708+00:00,heldout,0,68,HNSW_HYBRID,single_category,category_08,938,False,1,0.098665,"[0.05,0.10)",10.668,1.0,False,exact_bitmap,IVFFLAT_HYBRID,False
2026-08-30T19:31:35.720+00:00,heldout,0,68,IVFFLAT_HYBRID,single_category,category_08,938,False,1,0.098665,"[0.05,0.10)",11.159625,1.0,False,exact_bitmap,IVFFLAT_HYBRID,True
2026-08-30T19:31:35.732+00:00,heldout,1,68,SQL_FIRST,single_category,category_08,938,False,1,0.098665,"[0.05,0.10)",11.881625,1.0,True,exact_bitmap,IVFFLAT_HYBRID,False
2026-08-30T19:31:35.756+00:00,heldout,1,68,VECTOR_FIRST_HNSW,single_category,category_08,938,False,1,0.098665,"[0.05,0.10)",23.734541,0.9,False,exact_bitmap,IVFFLAT_HYBRID,False
2026-08-30T19:31:35.767+00:00,heldout,1,68,HNSW_HYBRID,single_category,category_08,938,False,1,0.098665,"[0.05,0.10)",10.774667,1.0,False,exact_bitmap,IVFFLAT_HYBRID,False
2026-08-30T19:31:35.778+00:00,heldout,1,68,IVFFLAT_HYBRID,single_category,category_08,938,False,1,0.098665,"[0.05,0.10)",10.69625,1.0,False,exact_bitmap,IVFFLAT_HYBRID,True
2026-08-30T19:31:35.799+00:00,heldout,0,173,SQL_FIRST,category_or_price,category_03,189,False,3,0.268215,"[0.25,0.50)",18.401709,1.0,True,exact_seq,HNSW_HYBRID,False
2026-08-30T19:31:35.823+00:00,heldout,0,173,VECTOR_FIRST_HNSW,category_or_price,category_03,189,False,3,0.268215,"[0.25,0.50)",23.316959,1.0,False,exact_bitmap,HNSW_HYBRID,False
2026-08-30T19:31:35.844+00:00,heldout,0,173,HNSW_HYBRID,category_or_price,category_03,189,False,3,0.268215,"[0.25,0.50)",19.595834,1.0,False,exact_seq,HNSW_HYBRID,True
2026-08-30T19:31:35.863+00:00,heldout,0,173,IVFFLAT_HYBRID,category_or_price,category_03,189,False,3,0.268215,"[0.25,0.50)",17.96775,1.0,False,exact_seq,HNSW_HYBRID,False
2026-08-30T19:31:35.881+00:00,heldout,1,173,SQL_FIRST,category_or_price,category_03,189,False,3,0.268215,"[0.25,0.50)",17.840542,1.0,True,exact_seq,HNSW_HYBRID,False
2026-08-30T19:31:35.905+00:00,heldout,1,173,VECTOR_FIRST_HNSW,category_or_price,category_03,189,False,3,0.268215,"[0.25,0.50)",23.015167,1.0,False,exact_bitmap,HNSW_HYBRID,False
2026-08-30T19:31:35.923+00:00,heldout,1,173,HNSW_HYBRID,category_or_price,category_03,189,False,3,0.268215,"[0.25,0.50)",18.116917,1.0,False,exact_seq,HNSW_HYBRID,True
2026-08-30T19:31:35.942+00:00,heldout,1,173,IVFFLAT_HYBRID,category_or_price,category_03,189,False,3,0.268215,"[0.25,0.50)",18.046875,1.0,False,exact_seq,HNSW_HYBRID,False
2026-08-30T19:31:35.948+00:00,heldout,0,19,SQL_FIRST,category_narrow_price,category_01,273,True,0,0.00502,"[0.00,0.05)",2.855041,1.0,True,exact_bitmap,SQL_FIRST,True
2026-08-30T19:31:35.973+00:00,heldout,0,19,VECTOR_FIRST_HNSW,category_narrow_price,category_01,273,True,0,0.00502,"[0.00,0.05)",24.071166,0.2,False,exact_bitmap,SQL_FIRST,False
2026-08-30T19:31:35.977+00:00,heldout,0,19,HNSW_HYBRID,category_narrow_price,category_01,273,True,0,0.00502,"[0.00,0.05)",2.5885,1.0,False,exact_bitmap,SQL_FIRST,False
2026-08-30T19:31:35.980+00:00,heldout,0,19,IVFFLAT_HYBRID,category_narrow_price,category_01,273,True,0,0.00502,"[0.00,0.05)",2.447792,1.0,False,exact_bitmap,SQL_FIRST,False
2026-08-30T19:31:35.983+00:00,heldout,1,19,SQL_FIRST,category_narrow_price,category_01,273,True,0,0.00502,"[0.00,0.05)",2.812458,1.0,True,exact_bitmap,SQL_FIRST,True
2026-08-30T19:31:36.008+00:00,heldout,1,19,VECTOR_FIRST_HNSW,category_narrow_price,category_01,273,True,0,0.00502,"[0.00,0.05)",24.001458,0.2,False,exact_bitmap,SQL_FIRST,False
2026-08-30T19:31:36.011+00:00,heldout,1,19,HNSW_HYBRID,category_narrow_price,category_01,273,True,0,0.00502,"[0.00,0.05)",2.87275,1.0,False,exact_bitmap,SQL_FIRST,False
2026-08-30T19:31:36.014+00:00,heldout,1,19,IVFFLAT_HYBRID,category_narrow_price,category_01,273,True,0,0.00502,"[0.00,0.05)",2.673375,1.0,False,exact_bitmap,SQL_FIRST,False
2026-08-30T19:31:36.017+00:00,heldout,0,11,SQL_FIRST,category_narrow_price,category_06,145,True,0,0.005145,"[0.00,0.05)",2.681125,1.0,True,exact_bitmap,SQL_FIRST,True
2026-08-30T19:31:36.041+00:00,heldout,0,11,VECTOR_FIRST_HNSW,category_narrow_price,category_06,145,True,0,0.005145,"[0.00,0.05)",22.867375,0.1,False,exact_bitmap,SQL_FIRST,False
2026-08-30T19:31:36.044+00:00,heldout,0,11,HNSW_HYBRID,category_narrow_price,category_06,145,True,0,0.005145,"[0.00,0.05)",2.482708,1.0,False,exact_bitmap,SQL_FIRST,False
2026-08-30T19:31:36.047+00:00,heldout,0,11,IVFFLAT_HYBRID,category_narrow_price,category_06,145,True,0,0.005145,"[0.00,0.05)",2.239958,1.0,False,exact_bitmap,SQL_FIRST,False
2026-08-30T19:31:36.050+00:00,heldout,1,11,SQL_FIRST,category_narrow_price,category_06,145,True,0,0.005145,"[0.00,0.05)",2.192875,1.0,True,exact_bitmap,SQL_FIRST,True
2026-08-30T19:31:36.076+00:00,heldout,1,11,VECTOR_FIRST_HNSW,category_narrow_price,category_06,145,True,0,0.005145,"[0.00,0.05)",26.05025,0.1,False,exact_bitmap,SQL_FIRST,False
2026-08-30T19:31:36.080+00:00,heldout,1,11,HNSW_HYBRID,category_narrow_price,category_06,145,True,0,0.005145,"[0.00,0.05)",2.698291,1.0,False,exact_bitmap,SQL_FIRST,False
2026-08-30T19:31:36.083+00:00,heldout,1,11,IVFFLAT_HYBRID,category_narrow_price,category_06,145,True,0,0.005145,"[0.00,0.05)",2.324667,1.0,False,exact_bitmap,SQL_FIRST,False
2026-08-30T19:31:36.105+00:00,heldout,0,195,SQL_FIRST,three_categories,category_01,806,True,3,0.272085,"[0.25,0.50)",20.484625,1.0,True,exact_bitmap,HNSW_HYBRID,False
2026-08-30T19:31:36.130+00:00,heldout,0,195,VECTOR_FIRST_HNSW,three_categories,category_01,806,True,3,0.272085,"[0.25,0.50)",23.538333,1.0,False,exact_bitmap,HNSW_HYBRID,False
2026-08-30T19:31:36.148+00:00,heldout,0,195,HNSW_HYBRID,three_categories,category_01,806,True,3,0.272085,"[0.25,0.50)",16.912,1.0,False,exact_bitmap,HNSW_HYBRID,True
2026-08-30T19:31:36.167+00:00,heldout,0,195,IVFFLAT_HYBRID,three_categories,category_01,806,True,3,0.272085,"[0.25,0.50)",17.790917,1.0,False,exact_bitmap,HNSW_HYBRID,False
2026-08-30T19:31:36.183+00:00,heldout,1,195,SQL_FIRST,three_categories,category_01,806,True,3,0.272085,"[0.25,0.50)",16.522167,1.0,True,exact_bitmap,HNSW_HYBRID,False
2026-08-30T19:31:36.207+00:00,heldout,1,195,VECTOR_FIRST_HNSW,three_categories,category_01,806,True,3,0.272085,"[0.25,0.50)",23.073708,1.0,False,exact_bitmap,HNSW_HYBRID,False
2026-08-30T19:31:36.225+00:00,heldout,1,195,HNSW_HYBRID,three_categories,category_01,806,True,3,0.272085,"[0.25,0.50)",16.849584,1.0,False,exact_bitmap,HNSW_HYBRID,True
2026-08-30T19:31:36.242+00:00,heldout,1,195,IVFFLAT_HYBRID,three_categories,category_01,806,True,3,0.272085,"[0.25,0.50)",16.798917,1.0,False,exact_bitmap,HNSW_HYBRID,False
2026-08-30T19:31:36.256+00:00,heldout,0,82,SQL_FIRST,single_category,category_01,405,True,1,0.098665,"[0.05,0.10)",11.19025,1.0,True,exact_bitmap,IVFFLAT_HYBRID,False
2026-08-30T19:31:36.281+00:00,heldout,0,82,VECTOR_FIRST_HNSW,single_category,category_01,405,True,1,0.098665,"[0.05,0.10)",23.039583,1.0,False,exact_bitmap,IVFFLAT_HYBRID,False
2026-08-30T19:31:36.294+00:00,heldout,0,82,HNSW_HYBRID,single_category,category_01,405,True,1,0.098665,"[0.05,0.10)",11.112958,1.0,False,exact_bitmap,IVFFLAT_HYBRID,False
2026-08-30T19:31:36.306+00:00,heldout,0,82,IVFFLAT_HYBRID,single_category,category_01,405,True,1,0.098665,"[0.05,0.10)",10.735375,1.0,False,exact_bitmap,IVFFLAT_HYBRID,True
2026-08-30T19:31:36.317+00:00,heldout,1,82,SQL_FIRST,single_category,category_01,405,True,1,0.098665,"[0.05,0.10)",10.774875,1.0,True,exact_bitmap,IVFFLAT_HYBRID,False
2026-08-30T19:31:36.341+00:00,heldout,1,82,VECTOR_FIRST_HNSW,single_category,category_01,405,True,1,0.098665,"[0.05,0.10)",23.042666,1.0,False,exact_bitmap,IVFFLAT_HYBRID,False
2026-08-30T19:31:36.352+00:00,heldout,1,82,HNSW_HYBRID,single_category,category_01,405,True,1,0.098665,"[0.05,0.10)",11.007208,1.0,False,exact_bitmap,IVFFLAT_HYBRID,False
2026-08-30T19:31:36.364+00:00,heldout,1,82,IVFFLAT_HYBRID,single_category,category_01,405,True,1,0.098665,"[0.05,0.10)",10.776625,1.0,False,exact_bitmap,IVFFLAT_HYBRID,True
2026-08-30T19:31:36.385+00:00,heldout,0,135,SQL_FIRST,two_categories,category_09,248,True,2,0.2033,"[0.10,0.25)",18.250042,1.0,True,exact_bitmap,HNSW_HYBRID,False
2026-08-30T19:31:36.410+00:00,heldout,0,135,VECTOR_FIRST_HNSW,two_categories,category_09,248,True,2,0.2033,"[0.10,0.25)",23.179208,1.0,False,exact_bitmap,HNSW_HYBRID,False
2026-08-30T19:31:36.430+00:00,heldout,0,135,HNSW_HYBRID,two_categories,category_09,248,True,2,0.2033,"[0.10,0.25)",18.218958,1.0,False,exact_bitmap,HNSW_HYBRID,True
2026-08-30T19:31:36.450+00:00,heldout,0,135,IVFFLAT_HYBRID,two_categories,category_09,248,True,2,0.2033,"[0.10,0.25)",17.952167,1.0,False,exact_bitmap,HNSW_HYBRID,False
2026-08-30T19:31:36.469+00:00,heldout,1,135,SQL_FIRST,two_categories,category_09,248,True,2,0.2033,"[0.10,0.25)",18.187708,1.0,True,exact_bitmap,HNSW_HYBRID,False
2026-08-30T19:31:36.493+00:00,heldout,1,135,VECTOR_FIRST_HNSW,two_categories,category_09,248,True,2,0.2033,"[0.10,0.25)",23.475125,1.0,False,exact_bitmap,HNSW_HYBRID,False
2026-08-30T19:31:36.511+00:00,heldout,1,135,HNSW_HYBRID,two_categories,category_09,248,True,2,0.2033,"[0.10,0.25)",18.162959,1.0,False,exact_bitmap,HNSW_HYBRID,True
2026-08-30T19:31:36.531+00:00,heldout,1,135,IVFFLAT_HYBRID,two_categories,category_09,248,True,2,0.2033,"[0.10,0.25)",18.381542,1.0,False,exact_bitmap,HNSW_HYBRID,False
2026-08-30T19:31:36.544+00:00,heldout,0,84,SQL_FIRST,single_category,category_01,331,False,1,0.098665,"[0.05,0.10)",10.957875,1.0,True,exact_bitmap,IVFFLAT_HYBRID,False
2026-08-30T19:31:36.569+00:00,heldout,0,84,VECTOR_FIRST_HNSW,single_category,category_01,331,False,1,0.098665,"[0.05,0.10)",23.18075,0.9,False,exact_bitmap,IVFFLAT_HYBRID,False
2026-08-30T19:31:36.582+00:00,heldout,0,84,HNSW_HYBRID,single_category,category_01,331,False,1,0.098665,"[0.05,0.10)",10.866125,1.0,False,exact_bitmap,IVFFLAT_HYBRID,False
2026-08-30T19:31:36.594+00:00,heldout,0,84,IVFFLAT_HYBRID,single_category,category_01,331,False,1,0.098665,"[0.05,0.10)",11.115542,1.0,False,exact_bitmap,IVFFLAT_HYBRID,True
2026-08-30T19:31:36.606+00:00,heldout,1,84,SQL_FIRST,single_category,category_01,331,False,1,0.098665,"[0.05,0.10)",11.240042,1.0,True,exact_bitmap,IVFFLAT_HYBRID,False
2026-08-30T19:31:36.630+00:00,heldout,1,84,VECTOR_FIRST_HNSW,single_category,category_01,331,False,1,0.098665,"[0.05,0.10)",23.908959,0.9,False,exact_bitmap,IVFFLAT_HYBRID,False
2026-08-30T19:31:36.642+00:00,heldout,1,84,HNSW_HYBRID,single_category,category_01,331,False,1,0.098665,"[0.05,0.10)",10.891042,1.0,False,exact_bitmap,IVFFLAT_HYBRID,False
2026-08-30T19:31:36.653+00:00,heldout,1,84,IVFFLAT_HYBRID,single_category,category_01,331,False,1,0.098665,"[0.05,0.10)",10.957958,1.0,False,exact_bitmap,IVFFLAT_HYBRID,True
2026-08-30T19:31:36.673+00:00,heldout,0,180,SQL_FIRST,three_categories,category_08,740,False,3,0.272595,"[0.25,0.50)",16.608292,1.0,True,exact_bitmap,HNSW_HYBRID,False
2026-08-30T19:31:36.698+00:00,heldout,0,180,VECTOR_FIRST_HNSW,three_categories,category_08,740,False,3,0.272595,"[0.25,0.50)",23.106583,1.0,False,exact_bitmap,HNSW_HYBRID,False
2026-08-30T19:31:36.716+00:00,heldout,0,180,HNSW_HYBRID,three_categories,category_08,740,False,3,0.272595,"[0.25,0.50)",16.5315,1.0,False,exact_bitmap,HNSW_HYBRID,True
2026-08-30T19:31:36.734+00:00,heldout,0,180,IVFFLAT_HYBRID,three_categories,category_08,740,False,3,0.272595,"[0.25,0.50)",16.366334,1.0,False,exact_bitmap,HNSW_HYBRID,False
2026-08-30T19:31:36.751+00:00,heldout,1,180,SQL_FIRST,three_categories,category_08,740,False,3,0.272595,"[0.25,0.50)",16.485875,1.0,True,exact_bitmap,HNSW_HYBRID,False
2026-08-30T19:31:36.775+00:00,heldout,1,180,VECTOR_FIRST_HNSW,three_categories,category_08,740,False,3,0.272595,"[0.25,0.50)",23.062792,1.0,False,exact_bitmap,HNSW_HYBRID,False
2026-08-30T19:31:36.793+00:00,heldout,1,180,HNSW_HYBRID,three_categories,category_08,740,False,3,0.272595,"[0.25,0.50)",17.813792,1.0,False,exact_bitmap,HNSW_HYBRID,True
2026-08-30T19:31:36.813+00:00,heldout,1,180,IVFFLAT_HYBRID,three_categories,category_08,740,False,3,0.272595,"[0.25,0.50)",18.969541,1.0,False,exact_bitmap,HNSW_HYBRID,False
2026-08-30T19:31:36.834+00:00,heldout,0,107,SQL_FIRST,two_categories,category_02,13,True,2,0.202665,"[0.10,0.25)",19.204375,1.0,True,exact_bitmap,HNSW_HYBRID,False
2026-08-30T19:31:36.859+00:00,heldout,0,107,VECTOR_FIRST_HNSW,two_categories,category_02,13,True,2,0.202665,"[0.10,0.25)",23.776708,1.0,False,exact_bitmap,HNSW_HYBRID,False
2026-08-30T19:31:36.880+00:00,heldout,0,107,HNSW_HYBRID,two_categories,category_02,13,True,2,0.202665,"[0.10,0.25)",19.3145,1.0,False,exact_bitmap,HNSW_HYBRID,True
2026-08-30T19:31:36.900+00:00,heldout,0,107,IVFFLAT_HYBRID,two_categories,category_02,13,True,2,0.202665,"[0.10,0.25)",18.055875,1.0,False,exact_bitmap,HNSW_HYBRID,False
2026-08-30T19:31:36.919+00:00,heldout,1,107,SQL_FIRST,two_categories,category_02,13,True,2,0.202665,"[0.10,0.25)",18.384833,1.0,True,exact_bitmap,HNSW_HYBRID,False
2026-08-30T19:31:36.943+00:00,heldout,1,107,VECTOR_FIRST_HNSW,two_categories,category_02,13,True,2,0.202665,"[0.10,0.25)",23.674167,1.0,False,exact_bitmap,HNSW_HYBRID,False
2026-08-30T19:31:36.963+00:00,heldout,1,107,HNSW_HYBRID,two_categories,category_02,13,True,2,0.202665,"[0.10,0.25)",18.676042,1.0,False,exact_bitmap,HNSW_HYBRID,True
2026-08-30T19:31:36.981+00:00,heldout,1,107,IVFFLAT_HYBRID,two_categories,category_02,13,True,2,0.202665,"[0.10,0.25)",18.517875,1.0,False,exact_bitmap,HNSW_HYBRID,False
2026-08-30T19:31:37.006+00:00,heldout,0,217,SQL_FIRST,wide_or,category_00,324,True,4,0.695705,"[0.50,1.00)",23.880833,1.0,True,exact_seq,SQL_FIRST,True
2026-08-30T19:31:37.031+00:00,heldout,0,217,VECTOR_FIRST_HNSW,wide_or,category_00,324,True,4,0.695705,"[0.50,1.00)",23.59075,1.0,False,exact_bitmap,SQL_FIRST,False
2026-08-30T19:31:37.055+00:00,heldout,0,217,HNSW_HYBRID,wide_or,category_00,324,True,4,0.695705,"[0.50,1.00)",22.883708,1.0,False,exact_seq,SQL_FIRST,False
2026-08-30T19:31:37.079+00:00,heldout,0,217,IVFFLAT_HYBRID,wide_or,category_00,324,True,4,0.695705,"[0.50,1.00)",22.901833,1.0,False,exact_seq,SQL_FIRST,False
2026-08-30T19:31:37.102+00:00,heldout,1,217,SQL_FIRST,wide_or,category_00,324,True,4,0.695705,"[0.50,1.00)",22.927417,1.0,True,exact_seq,SQL_FIRST,True
2026-08-30T19:31:37.127+00:00,heldout,1,217,VECTOR_FIRST_HNSW,wide_or,category_00,324,True,4,0.695705,"[0.50,1.00)",23.64,1.0,False,exact_bitmap,SQL_FIRST,False
2026-08-30T19:31:37.151+00:00,heldout,1,217,HNSW_HYBRID,wide_or,category_00,324,True,4,0.695705,"[0.50,1.00)",23.9415,1.0,False,exact_seq,SQL_FIRST,False
2026-08-30T19:31:37.175+00:00,heldout,1,217,IVFFLAT_HYBRID,wide_or,category_00,324,True,4,0.695705,"[0.50,1.00)",23.684166,1.0,False,exact_seq,SQL_FIRST,False
2026-08-30T19:31:37.195+00:00,heldout,0,205,SQL_FIRST,stock_alone,category_00,752,True,4,0.500835,"[0.50,1.00)",18.857666,1.0,True,exact_seq,SQL_FIRST,True
2026-08-30T19:31:37.220+00:00,heldout,0,205,VECTOR_FIRST_HNSW,stock_alone,category_00,752,True,4,0.500835,"[0.50,1.00)",23.008166,1.0,False,exact_bitmap,SQL_FIRST,False
2026-08-30T19:31:37.241+00:00,heldout,0,205,HNSW_HYBRID,stock_alone,category_00,752,True,4,0.500835,"[0.50,1.00)",18.820291,1.0,False,exact_seq,SQL_FIRST,False
2026-08-30T19:31:37.261+00:00,heldout,0,205,IVFFLAT_HYBRID,stock_alone,category_00,752,True,4,0.500835,"[0.50,1.00)",18.905875,1.0,False,exact_seq,SQL_FIRST,False
2026-08-30T19:31:37.280+00:00,heldout,1,205,SQL_FIRST,stock_alone,category_00,752,True,4,0.500835,"[0.50,1.00)",18.618,1.0,True,exact_seq,SQL_FIRST,True
2026-08-30T19:31:37.304+00:00,heldout,1,205,VECTOR_FIRST_HNSW,stock_alone,category_00,752,True,4,0.500835,"[0.50,1.00)",23.105709,1.0,False,exact_bitmap,SQL_FIRST,False
2026-08-30T19:31:37.324+00:00,heldout,1,205,HNSW_HYBRID,stock_alone,category_00,752,True,4,0.500835,"[0.50,1.00)",19.061,1.0,False,exact_seq,SQL_FIRST,False
2026-08-30T19:31:37.343+00:00,heldout,1,205,IVFFLAT_HYBRID,stock_alone,category_00,752,True,4,0.500835,"[0.50,1.00)",18.820666,1.0,False,exact_seq,SQL_FIRST,False
2026-08-30T19:31:37.357+00:00,heldout,0,150,SQL_FIRST,price_range_mid,category_07,210,False,2,0.10253,"[0.10,0.25)",11.593542,1.0,True,exact_bitmap,HNSW_HYBRID,False
2026-08-30T19:31:37.382+00:00,heldout,0,150,VECTOR_FIRST_HNSW,price_range_mid,category_07,210,False,2,0.10253,"[0.10,0.25)",23.337084,1.0,False,exact_bitmap,HNSW_HYBRID,False
2026-08-30T19:31:37.395+00:00,heldout,0,150,HNSW_HYBRID,price_range_mid,category_07,210,False,2,0.10253,"[0.10,0.25)",11.273666,1.0,False,exact_bitmap,HNSW_HYBRID,True
2026-08-30T19:31:37.407+00:00,heldout,0,150,IVFFLAT_HYBRID,price_range_mid,category_07,210,False,2,0.10253,"[0.10,0.25)",11.190792,1.0,False,exact_bitmap,HNSW_HYBRID,False
2026-08-30T19:31:37.441+00:00,heldout,1,150,SQL_FIRST,price_range_mid,category_07,210,False,2,0.10253,"[0.10,0.25)",33.196875,1.0,True,exact_bitmap,HNSW_HYBRID,False
2026-08-30T19:31:37.567+00:00,heldout,1,150,VECTOR_FIRST_HNSW,price_range_mid,category_07,210,False,2,0.10253,"[0.10,0.25)",122.87175,1.0,False,exact_bitmap,HNSW_HYBRID,False
2026-08-30T19:31:37.590+00:00,heldout,1,150,HNSW_HYBRID,price_range_mid,category_07,210,False,2,0.10253,"[0.10,0.25)",22.349291,1.0,False,exact_bitmap,HNSW_HYBRID,True
2026-08-30T19:31:37.604+00:00,heldout,1,150,IVFFLAT_HYBRID,price_range_mid,category_07,210,False,2,0.10253,"[0.10,0.25)",13.254583,1.0,False,exact_bitmap,HNSW_HYBRID,False
2026-08-30T19:31:37.637+00:00,heldout,0,183,SQL_FIRST,category_or_price,category_00,274,True,3,0.344765,"[0.25,0.50)",30.441416,1.0,True,exact_seq,HNSW_HYBRID,False
2026-08-30T19:31:37.671+00:00,heldout,0,183,VECTOR_FIRST_HNSW,category_or_price,category_00,274,True,3,0.344765,"[0.25,0.50)",33.120375,1.0,False,exact_bitmap,HNSW_HYBRID,False
2026-08-30T19:31:37.696+00:00,heldout,0,183,HNSW_HYBRID,category_or_price,category_00,274,True,3,0.344765,"[0.25,0.50)",24.026,1.0,False,exact_seq,HNSW_HYBRID,True
2026-08-30T19:31:37.717+00:00,heldout,0,183,IVFFLAT_HYBRID,category_or_price,category_00,274,True,3,0.344765,"[0.25,0.50)",19.739208,1.0,False,exact_seq,HNSW_HYBRID,False
2026-08-30T19:31:37.736+00:00,heldout,1,183,SQL_FIRST,category_or_price,category_00,274,True,3,0.344765,"[0.25,0.50)",18.88925,1.0,True,exact_seq,HNSW_HYBRID,False
2026-08-30T19:31:37.760+00:00,heldout,1,183,VECTOR_FIRST_HNSW,category_or_price,category_00,274,True,3,0.344765,"[0.25,0.50)",23.667916,1.0,False,exact_bitmap,HNSW_HYBRID,False
2026-08-30T19:31:37.780+00:00,heldout,1,183,HNSW_HYBRID,category_or_price,category_00,274,True,3,0.344765,"[0.25,0.50)",19.203583,1.0,False,exact_seq,HNSW_HYBRID,True
2026-08-30T19:31:37.800+00:00,heldout,1,183,IVFFLAT_HYBRID,category_or_price,category_00,274,True,3,0.344765,"[0.25,0.50)",19.163375,1.0,False,exact_seq,HNSW_HYBRID,False
2026-08-30T19:31:37.821+00:00,heldout,0,187,SQL_FIRST,category_or_price,category_02,238,True,3,0.308735,"[0.25,0.50)",19.415125,1.0,True,exact_seq,HNSW_HYBRID,False
2026-08-30T19:31:37.848+00:00,heldout,0,187,VECTOR_FIRST_HNSW,category_or_price,category_02,238,True,3,0.308735,"[0.25,0.50)",25.069167,1.0,False,exact_bitmap,HNSW_HYBRID,False
2026-08-30T19:31:37.871+00:00,heldout,0,187,HNSW_HYBRID,category_or_price,category_02,238,True,3,0.308735,"[0.25,0.50)",22.799,1.0,False,exact_seq,HNSW_HYBRID,True
2026-08-30T19:31:37.890+00:00,heldout,0,187,IVFFLAT_HYBRID,category_or_price,category_02,238,True,3,0.308735,"[0.25,0.50)",18.446917,1.0,False,exact_seq,HNSW_HYBRID,False
2026-08-30T19:31:37.910+00:00,heldout,1,187,SQL_FIRST,category_or_price,category_02,238,True,3,0.308735,"[0.25,0.50)",18.9885,1.0,True,exact_seq,HNSW_HYBRID,False
2026-08-30T19:31:37.933+00:00,heldout,1,187,VECTOR_FIRST_HNSW,category_or_price,category_02,238,True,3,0.308735,"[0.25,0.50)",23.259416,1.0,False,exact_bitmap,HNSW_HYBRID,False
2026-08-30T19:31:37.953+00:00,heldout,1,187,HNSW_HYBRID,category_or_price,category_02,238,True,3,0.308735,"[0.25,0.50)",18.987125,1.0,False,exact_seq,HNSW_HYBRID,True
2026-08-30T19:31:37.972+00:00,heldout,1,187,IVFFLAT_HYBRID,category_or_price,category_02,238,True,3,0.308735,"[0.25,0.50)",18.965584,1.0,False,exact_seq,HNSW_HYBRID,False
2026-08-30T19:31:37.985+00:00,heldout,0,61,SQL_FIRST,single_category,category_08,698,True,1,0.098665,"[0.05,0.10)",11.625375,1.0,True,exact_bitmap,IVFFLAT_HYBRID,False
2026-08-30T19:31:38.010+00:00,heldout,0,61,VECTOR_FIRST_HNSW,single_category,category_08,698,True,1,0.098665,"[0.05,0.10)",23.969042,0.8,False,exact_bitmap,IVFFLAT_HYBRID,False
2026-08-30T19:31:38.022+00:00,heldout,0,61,HNSW_HYBRID,single_category,category_08,698,True,1,0.098665,"[0.05,0.10)",11.330291,1.0,False,exact_bitmap,IVFFLAT_HYBRID,False
2026-08-30T19:31:38.034+00:00,heldout,0,61,IVFFLAT_HYBRID,single_category,category_08,698,True,1,0.098665,"[0.05,0.10)",10.671167,1.0,False,exact_bitmap,IVFFLAT_HYBRID,True
2026-08-30T19:31:38.044+00:00,heldout,1,61,SQL_FIRST,single_category,category_08,698,True,1,0.098665,"[0.05,0.10)",10.682458,1.0,True,exact_bitmap,IVFFLAT_HYBRID,False
2026-08-30T19:31:38.068+00:00,heldout,1,61,VECTOR_FIRST_HNSW,single_category,category_08,698,True,1,0.098665,"[0.05,0.10)",23.014833,0.8,False,exact_bitmap,IVFFLAT_HYBRID,False
2026-08-30T19:31:38.079+00:00,heldout,1,61,HNSW_HYBRID,single_category,category_08,698,True,1,0.098665,"[0.05,0.10)",10.839583,1.0,False,exact_bitmap,IVFFLAT_HYBRID,False
2026-08-30T19:31:38.091+00:00,heldout,1,61,IVFFLAT_HYBRID,single_category,category_08,698,True,1,0.098665,"[0.05,0.10)",10.868083,1.0,False,exact_bitmap,IVFFLAT_HYBRID,True
2026-08-30T19:31:38.096+00:00,heldout,0,4,SQL_FIRST,category_narrow_price,category_01,435,True,0,0.00487,"[0.00,0.05)",2.771042,1.0,True,exact_bitmap,SQL_FIRST,True
2026-08-30T19:31:38.121+00:00,heldout,0,4,VECTOR_FIRST_HNSW,category_narrow_price,category_01,435,True,0,0.00487,"[0.00,0.05)",23.133333,0.0,False,exact_bitmap,SQL_FIRST,False
2026-08-30T19:31:38.124+00:00,heldout,0,4,HNSW_HYBRID,category_narrow_price,category_01,435,True,0,0.00487,"[0.00,0.05)",2.601042,1.0,False,exact_bitmap,SQL_FIRST,False
2026-08-30T19:31:38.128+00:00,heldout,0,4,IVFFLAT_HYBRID,category_narrow_price,category_01,435,True,0,0.00487,"[0.00,0.05)",2.168458,1.0,False,exact_bitmap,SQL_FIRST,False
2026-08-30T19:31:38.130+00:00,heldout,1,4,SQL_FIRST,category_narrow_price,category_01,435,True,0,0.00487,"[0.00,0.05)",2.234792,1.0,True,exact_bitmap,SQL_FIRST,True
2026-08-30T19:31:38.154+00:00,heldout,1,4,VECTOR_FIRST_HNSW,category_narrow_price,category_01,435,True,0,0.00487,"[0.00,0.05)",23.248667,0.0,False,exact_bitmap,SQL_FIRST,False
2026-08-30T19:31:38.158+00:00,heldout,1,4,HNSW_HYBRID,category_narrow_price,category_01,435,True,0,0.00487,"[0.00,0.05)",3.068458,1.0,False,exact_bitmap,SQL_FIRST,False
2026-08-30T19:31:38.161+00:00,heldout,1,4,IVFFLAT_HYBRID,category_narrow_price,category_01,435,True,0,0.00487,"[0.00,0.05)",2.855667,1.0,False,exact_bitmap,SQL_FIRST,False
2026-08-30T19:31:38.187+00:00,heldout,0,225,SQL_FIRST,wide_or,category_07,520,True,4,0.7826,"[0.50,1.00)",24.77875,1.0,True,exact_seq,SQL_FIRST,True
2026-08-30T19:31:38.211+00:00,heldout,0,225,VECTOR_FIRST_HNSW,wide_or,category_07,520,True,4,0.7826,"[0.50,1.00)",23.219917,1.0,False,exact_bitmap,SQL_FIRST,False
2026-08-30T19:31:38.238+00:00,heldout,0,225,HNSW_HYBRID,wide_or,category_07,520,True,4,0.7826,"[0.50,1.00)",23.863125,1.0,False,exact_seq,SQL_FIRST,False
2026-08-30T19:31:38.263+00:00,heldout,0,225,IVFFLAT_HYBRID,wide_or,category_07,520,True,4,0.7826,"[0.50,1.00)",23.912292,1.0,False,exact_seq,SQL_FIRST,False
2026-08-30T19:31:38.288+00:00,heldout,1,225,SQL_FIRST,wide_or,category_07,520,True,4,0.7826,"[0.50,1.00)",24.458083,1.0,True,exact_seq,SQL_FIRST,True
2026-08-30T19:31:38.312+00:00,heldout,1,225,VECTOR_FIRST_HNSW,wide_or,category_07,520,True,4,0.7826,"[0.50,1.00)",23.016917,1.0,False,exact_bitmap,SQL_FIRST,False
2026-08-30T19:31:38.337+00:00,heldout,1,225,HNSW_HYBRID,wide_or,category_07,520,True,4,0.7826,"[0.50,1.00)",24.126625,1.0,False,exact_seq,SQL_FIRST,False
2026-08-30T19:31:38.362+00:00,heldout,1,225,IVFFLAT_HYBRID,wide_or,category_07,520,True,4,0.7826,"[0.50,1.00)",24.097,1.0,False,exact_seq,SQL_FIRST,False
2026-08-30T19:31:38.384+00:00,heldout,0,241,SQL_FIRST,stock_alone,category_02,912,True,4,0.500835,"[0.50,1.00)",18.829459,1.0,True,exact_seq,SQL_FIRST,True
2026-08-30T19:31:38.409+00:00,heldout,0,241,VECTOR_FIRST_HNSW,stock_alone,category_02,912,True,4,0.500835,"[0.50,1.00)",23.275625,1.0,False,exact_bitmap,SQL_FIRST,False
2026-08-30T19:31:38.429+00:00,heldout,0,241,HNSW_HYBRID,stock_alone,category_02,912,True,4,0.500835,"[0.50,1.00)",18.655167,1.0,False,exact_seq,SQL_FIRST,False
2026-08-30T19:31:38.449+00:00,heldout,0,241,IVFFLAT_HYBRID,stock_alone,category_02,912,True,4,0.500835,"[0.50,1.00)",18.769292,1.0,False,exact_seq,SQL_FIRST,False
2026-08-30T19:31:38.469+00:00,heldout,1,241,SQL_FIRST,stock_alone,category_02,912,True,4,0.500835,"[0.50,1.00)",18.843542,1.0,True,exact_seq,SQL_FIRST,True
2026-08-30T19:31:38.492+00:00,heldout,1,241,VECTOR_FIRST_HNSW,stock_alone,category_02,912,True,4,0.500835,"[0.50,1.00)",23.053959,1.0,False,exact_bitmap,SQL_FIRST,False
2026-08-30T19:31:38.513+00:00,heldout,1,241,HNSW_HYBRID,stock_alone,category_02,912,True,4,0.500835,"[0.50,1.00)",19.53,1.0,False,exact_seq,SQL_FIRST,False
2026-08-30T19:31:38.535+00:00,heldout,1,241,IVFFLAT_HYBRID,stock_alone,category_02,912,True,4,0.500835,"[0.50,1.00)",19.681375,1.0,False,exact_seq,SQL_FIRST,False
2026-08-30T19:31:38.548+00:00,heldout,0,130,SQL_FIRST,price_range_mid,category_02,140,False,2,0.104585,"[0.10,0.25)",11.274541,1.0,True,exact_bitmap,HNSW_HYBRID,False
2026-08-30T19:31:38.573+00:00,heldout,0,130,VECTOR_FIRST_HNSW,price_range_mid,category_02,140,False,2,0.104585,"[0.10,0.25)",23.100417,1.0,False,exact_bitmap,HNSW_HYBRID,False
2026-08-30T19:31:38.585+00:00,heldout,0,130,HNSW_HYBRID,price_range_mid,category_02,140,False,2,0.104585,"[0.10,0.25)",11.238958,1.0,False,exact_bitmap,HNSW_HYBRID,True
2026-08-30T19:31:38.598+00:00,heldout,0,130,IVFFLAT_HYBRID,price_range_mid,category_02,140,False,2,0.104585,"[0.10,0.25)",11.129625,1.0,False,exact_bitmap,HNSW_HYBRID,False
2026-08-30T19:31:38.610+00:00,heldout,1,130,SQL_FIRST,price_range_mid,category_02,140,False,2,0.104585,"[0.10,0.25)",11.460083,1.0,True,exact_bitmap,HNSW_HYBRID,False
2026-08-30T19:31:38.634+00:00,heldout,1,130,VECTOR_FIRST_HNSW,price_range_mid,category_02,140,False,2,0.104585,"[0.10,0.25)",23.129417,1.0,False,exact_bitmap,HNSW_HYBRID,False
2026-08-30T19:31:38.647+00:00,heldout,1,130,HNSW_HYBRID,price_range_mid,category_02,140,False,2,0.104585,"[0.10,0.25)",11.688542,1.0,False,exact_bitmap,HNSW_HYBRID,True
2026-08-30T19:31:38.659+00:00,heldout,1,130,IVFFLAT_HYBRID,price_range_mid,category_02,140,False,2,0.104585,"[0.10,0.25)",11.18225,1.0,False,exact_bitmap,HNSW_HYBRID,False
2026-08-30T19:31:38.686+00:00,heldout,0,212,SQL_FIRST,wide_or,category_00,550,False,4,0.79608,"[0.50,1.00)",24.574958,1.0,True,exact_seq,SQL_FIRST,True
2026-08-30T19:31:38.711+00:00,heldout,0,212,VECTOR_FIRST_HNSW,wide_or,category_00,550,False,4,0.79608,"[0.50,1.00)",23.843958,1.0,False,exact_bitmap,SQL_FIRST,False
2026-08-30T19:31:38.740+00:00,heldout,0,212,HNSW_HYBRID,wide_or,category_00,550,False,4,0.79608,"[0.50,1.00)",27.562125,1.0,False,exact_seq,SQL_FIRST,False
2026-08-30T19:31:38.769+00:00,heldout,0,212,IVFFLAT_HYBRID,wide_or,category_00,550,False,4,0.79608,"[0.50,1.00)",27.410667,1.0,False,exact_seq,SQL_FIRST,False
2026-08-30T19:31:38.793+00:00,heldout,1,212,SQL_FIRST,wide_or,category_00,550,False,4,0.79608,"[0.50,1.00)",24.303166,1.0,True,exact_seq,SQL_FIRST,True
2026-08-30T19:31:38.822+00:00,heldout,1,212,VECTOR_FIRST_HNSW,wide_or,category_00,550,False,4,0.79608,"[0.50,1.00)",28.221375,1.0,False,exact_bitmap,SQL_FIRST,False
2026-08-30T19:31:38.848+00:00,heldout,1,212,HNSW_HYBRID,wide_or,category_00,550,False,4,0.79608,"[0.50,1.00)",26.008042,1.0,False,exact_seq,SQL_FIRST,False
2026-08-30T19:31:38.873+00:00,heldout,1,212,IVFFLAT_HYBRID,wide_or,category_00,550,False,4,0.79608,"[0.50,1.00)",24.280625,1.0,False,exact_seq,SQL_FIRST,False
2026-08-30T19:31:38.886+00:00,heldout,0,100,SQL_FIRST,single_category,category_06,339,True,1,0.099535,"[0.05,0.10)",11.105,1.0,True,exact_bitmap,IVFFLAT_HYBRID,False
2026-08-30T19:31:38.912+00:00,heldout,0,100,VECTOR_FIRST_HNSW,single_category,category_06,339,True,1,0.099535,"[0.05,0.10)",24.379625,1.0,False,exact_bitmap,IVFFLAT_HYBRID,False
2026-08-30T19:31:38.924+00:00,heldout,0,100,HNSW_HYBRID,single_category,category_06,339,True,1,0.099535,"[0.05,0.10)",10.764791,1.0,False,exact_bitmap,IVFFLAT_HYBRID,False
2026-08-30T19:31:38.937+00:00,heldout,0,100,IVFFLAT_HYBRID,single_category,category_06,339,True,1,0.099535,"[0.05,0.10)",10.79725,1.0,False,exact_bitmap,IVFFLAT_HYBRID,True
2026-08-30T19:31:38.949+00:00,heldout,1,100,SQL_FIRST,single_category,category_06,339,True,1,0.099535,"[0.05,0.10)",11.150292,1.0,True,exact_bitmap,IVFFLAT_HYBRID,False
2026-08-30T19:31:38.973+00:00,heldout,1,100,VECTOR_FIRST_HNSW,single_category,category_06,339,True,1,0.099535,"[0.05,0.10)",23.927625,1.0,False,exact_bitmap,IVFFLAT_HYBRID,False
2026-08-30T19:31:38.985+00:00,heldout,1,100,HNSW_HYBRID,single_category,category_06,339,True,1,0.099535,"[0.05,0.10)",11.603167,1.0,False,exact_bitmap,IVFFLAT_HYBRID,False
2026-08-30T19:31:38.996+00:00,heldout,1,100,IVFFLAT_HYBRID,single_category,category_06,339,True,1,0.099535,"[0.05,0.10)",11.024,1.0,False,exact_bitmap,IVFFLAT_HYBRID,True
2026-08-30T19:31:39.016+00:00,heldout,0,154,SQL_FIRST,three_categories,category_03,805,True,3,0.27136,"[0.25,0.50)",18.665667,1.0,True,exact_bitmap,HNSW_HYBRID,False
2026-08-30T19:31:39.040+00:00,heldout,0,154,VECTOR_FIRST_HNSW,three_categories,category_03,805,True,3,0.27136,"[0.25,0.50)",23.181542,1.0,False,exact_bitmap,HNSW_HYBRID,False
2026-08-30T19:31:39.059+00:00,heldout,0,154,HNSW_HYBRID,three_categories,category_03,805,True,3,0.27136,"[0.25,0.50)",16.678209,1.0,False,exact_bitmap,HNSW_HYBRID,True
2026-08-30T19:31:39.077+00:00,heldout,0,154,IVFFLAT_HYBRID,three_categories,category_03,805,True,3,0.27136,"[0.25,0.50)",17.061333,1.0,False,exact_bitmap,HNSW_HYBRID,False
2026-08-30T19:31:39.094+00:00,heldout,1,154,SQL_FIRST,three_categories,category_03,805,True,3,0.27136,"[0.25,0.50)",16.506291,1.0,True,exact_bitmap,HNSW_HYBRID,False
2026-08-30T19:31:39.117+00:00,heldout,1,154,VECTOR_FIRST_HNSW,three_categories,category_03,805,True,3,0.27136,"[0.25,0.50)",23.076709,1.0,False,exact_bitmap,HNSW_HYBRID,False
2026-08-30T19:31:39.135+00:00,heldout,1,154,HNSW_HYBRID,three_categories,category_03,805,True,3,0.27136,"[0.25,0.50)",16.617125,1.0,False,exact_bitmap,HNSW_HYBRID,True
2026-08-30T19:31:39.153+00:00,heldout,1,154,IVFFLAT_HYBRID,three_categories,category_03,805,True,3,0.27136,"[0.25,0.50)",17.508792,1.0,False,exact_bitmap,HNSW_HYBRID,False
2026-08-30T19:31:39.165+00:00,heldout,0,91,SQL_FIRST,single_category,category_06,545,False,1,0.099535,"[0.05,0.10)",11.056416,1.0,True,exact_bitmap,IVFFLAT_HYBRID,False
2026-08-30T19:31:39.189+00:00,heldout,0,91,VECTOR_FIRST_HNSW,single_category,category_06,545,False,1,0.099535,"[0.05,0.10)",23.060167,0.9,False,exact_bitmap,IVFFLAT_HYBRID,False
2026-08-30T19:31:39.201+00:00,heldout,0,91,HNSW_HYBRID,single_category,category_06,545,False,1,0.099535,"[0.05,0.10)",11.036375,1.0,False,exact_bitmap,IVFFLAT_HYBRID,False
2026-08-30T19:31:39.214+00:00,heldout,0,91,IVFFLAT_HYBRID,single_category,category_06,545,False,1,0.099535,"[0.05,0.10)",11.767292,1.0,False,exact_bitmap,IVFFLAT_HYBRID,True
2026-08-30T19:31:39.226+00:00,heldout,1,91,SQL_FIRST,single_category,category_06,545,False,1,0.099535,"[0.05,0.10)",11.350083,1.0,True,exact_bitmap,IVFFLAT_HYBRID,False
2026-08-30T19:31:39.251+00:00,heldout,1,91,VECTOR_FIRST_HNSW,single_category,category_06,545,False,1,0.099535,"[0.05,0.10)",23.798792,0.9,False,exact_bitmap,IVFFLAT_HYBRID,False
2026-08-30T19:31:39.262+00:00,heldout,1,91,HNSW_HYBRID,single_category,category_06,545,False,1,0.099535,"[0.05,0.10)",10.831209,1.0,False,exact_bitmap,IVFFLAT_HYBRID,False
2026-08-30T19:31:39.274+00:00,heldout,1,91,IVFFLAT_HYBRID,single_category,category_06,545,False,1,0.099535,"[0.05,0.10)",11.049791,1.0,False,exact_bitmap,IVFFLAT_HYBRID,True
2026-08-30T19:31:39.287+00:00,heldout,0,109,SQL_FIRST,single_category_alone,category_03,64,False,2,0.1037,"[0.10,0.25)",11.136375,1.0,True,exact_bitmap,HNSW_HYBRID,False
2026-08-30T19:31:39.311+00:00,heldout,0,109,VECTOR_FIRST_HNSW,single_category_alone,category_03,64,False,2,0.1037,"[0.10,0.25)",23.153334,1.0,False,exact_bitmap,HNSW_HYBRID,False
2026-08-30T19:31:39.324+00:00,heldout,0,109,HNSW_HYBRID,single_category_alone,category_03,64,False,2,0.1037,"[0.10,0.25)",10.923583,1.0,False,exact_bitmap,HNSW_HYBRID,True
2026-08-30T19:31:39.338+00:00,heldout,0,109,IVFFLAT_HYBRID,single_category_alone,category_03,64,False,2,0.1037,"[0.10,0.25)",10.974958,1.0,False,exact_bitmap,HNSW_HYBRID,False
2026-08-30T19:31:39.350+00:00,heldout,1,109,SQL_FIRST,single_category_alone,category_03,64,False,2,0.1037,"[0.10,0.25)",11.279,1.0,True,exact_bitmap,HNSW_HYBRID,False
2026-08-30T19:31:39.373+00:00,heldout,1,109,VECTOR_FIRST_HNSW,single_category_alone,category_03,64,False,2,0.1037,"[0.10,0.25)",23.074084,1.0,False,exact_bitmap,HNSW_HYBRID,False
2026-08-30T19:31:39.385+00:00,heldout,1,109,HNSW_HYBRID,single_category_alone,category_03,64,False,2,0.1037,"[0.10,0.25)",11.201,1.0,False,exact_bitmap,HNSW_HYBRID,True
2026-08-30T19:31:39.397+00:00,heldout,1,109,IVFFLAT_HYBRID,single_category_alone,category_03,64,False,2,0.1037,"[0.10,0.25)",11.293541,1.0,False,exact_bitmap,HNSW_HYBRID,False
2026-08-30T19:31:39.426+00:00,heldout,0,237,SQL_FIRST,wide_or,category_06,723,True,4,0.87333,"[0.50,1.00)",25.203084,1.0,True,exact_seq,SQL_FIRST,True
2026-08-30T19:31:39.450+00:00,heldout,0,237,VECTOR_FIRST_HNSW,wide_or,category_06,723,True,4,0.87333,"[0.50,1.00)",23.031125,1.0,False,exact_bitmap,SQL_FIRST,False
2026-08-30T19:31:39.477+00:00,heldout,0,237,HNSW_HYBRID,wide_or,category_06,723,True,4,0.87333,"[0.50,1.00)",25.040209,1.0,False,exact_seq,SQL_FIRST,False
2026-08-30T19:31:39.505+00:00,heldout,0,237,IVFFLAT_HYBRID,wide_or,category_06,723,True,4,0.87333,"[0.50,1.00)",27.3915,1.0,False,exact_seq,SQL_FIRST,False
2026-08-30T19:31:39.531+00:00,heldout,1,237,SQL_FIRST,wide_or,category_06,723,True,4,0.87333,"[0.50,1.00)",24.917458,1.0,True,exact_seq,SQL_FIRST,True
2026-08-30T19:31:39.555+00:00,heldout,1,237,VECTOR_FIRST_HNSW,wide_or,category_06,723,True,4,0.87333,"[0.50,1.00)",23.969666,1.0,False,exact_bitmap,SQL_FIRST,False
2026-08-30T19:31:39.580+00:00,heldout,1,237,HNSW_HYBRID,wide_or,category_06,723,True,4,0.87333,"[0.50,1.00)",24.872417,1.0,False,exact_seq,SQL_FIRST,False
2026-08-30T19:31:39.606+00:00,heldout,1,237,IVFFLAT_HYBRID,wide_or,category_06,723,True,4,0.87333,"[0.50,1.00)",24.994833,1.0,False,exact_seq,SQL_FIRST,False
2026-08-30T19:31:39.633+00:00,heldout,0,224,SQL_FIRST,wide_or,category_01,591,False,4,0.81378,"[0.50,1.00)",25.147791,1.0,True,exact_seq,SQL_FIRST,True
2026-08-30T19:31:39.658+00:00,heldout,0,224,VECTOR_FIRST_HNSW,wide_or,category_01,591,False,4,0.81378,"[0.50,1.00)",22.909125,1.0,False,exact_bitmap,SQL_FIRST,False
2026-08-30T19:31:39.683+00:00,heldout,0,224,HNSW_HYBRID,wide_or,category_01,591,False,4,0.81378,"[0.50,1.00)",24.428042,1.0,False,exact_seq,SQL_FIRST,False
2026-08-30T19:31:39.709+00:00,heldout,0,224,IVFFLAT_HYBRID,wide_or,category_01,591,False,4,0.81378,"[0.50,1.00)",24.472583,1.0,False,exact_seq,SQL_FIRST,False
2026-08-30T19:31:39.735+00:00,heldout,1,224,SQL_FIRST,wide_or,category_01,591,False,4,0.81378,"[0.50,1.00)",25.317958,1.0,True,exact_seq,SQL_FIRST,True
2026-08-30T19:31:39.760+00:00,heldout,1,224,VECTOR_FIRST_HNSW,wide_or,category_01,591,False,4,0.81378,"[0.50,1.00)",24.201333,1.0,False,exact_bitmap,SQL_FIRST,False
2026-08-30T19:31:39.785+00:00,heldout,1,224,HNSW_HYBRID,wide_or,category_01,591,False,4,0.81378,"[0.50,1.00)",24.505375,1.0,False,exact_seq,SQL_FIRST,False
2026-08-30T19:31:39.811+00:00,heldout,1,224,IVFFLAT_HYBRID,wide_or,category_01,591,False,4,0.81378,"[0.50,1.00)",24.80425,1.0,False,exact_seq,SQL_FIRST,False
2026-08-30T19:31:39.831+00:00,heldout,0,232,SQL_FIRST,stock_alone,category_00,876,True,4,0.500835,"[0.50,1.00)",18.803208,1.0,True,exact_seq,SQL_FIRST,True
2026-08-30T19:31:39.856+00:00,heldout,0,232,VECTOR_FIRST_HNSW,stock_alone,category_00,876,True,4,0.500835,"[0.50,1.00)",23.482166,1.0,False,exact_bitmap,SQL_FIRST,False
2026-08-30T19:31:39.877+00:00,heldout,0,232,HNSW_HYBRID,stock_alone,category_00,876,True,4,0.500835,"[0.50,1.00)",19.479792,1.0,False,exact_seq,SQL_FIRST,False
2026-08-30T19:31:39.897+00:00,heldout,0,232,IVFFLAT_HYBRID,stock_alone,category_00,876,True,4,0.500835,"[0.50,1.00)",19.604417,1.0,False,exact_seq,SQL_FIRST,False
2026-08-30T19:31:39.917+00:00,heldout,1,232,SQL_FIRST,stock_alone,category_00,876,True,4,0.500835,"[0.50,1.00)",19.620375,1.0,True,exact_seq,SQL_FIRST,True
2026-08-30T19:31:39.942+00:00,heldout,1,232,VECTOR_FIRST_HNSW,stock_alone,category_00,876,True,4,0.500835,"[0.50,1.00)",23.963834,1.0,False,exact_bitmap,SQL_FIRST,False
2026-08-30T19:31:39.962+00:00,heldout,1,232,HNSW_HYBRID,stock_alone,category_00,876,True,4,0.500835,"[0.50,1.00)",20.036875,1.0,False,exact_seq,SQL_FIRST,False
2026-08-30T19:31:39.984+00:00,heldout,1,232,IVFFLAT_HYBRID,stock_alone,category_00,876,True,4,0.500835,"[0.50,1.00)",21.83475,1.0,False,exact_seq,SQL_FIRST,False
2026-08-30T19:31:40.005+00:00,heldout,0,159,SQL_FIRST,three_categories,category_03,782,True,3,0.27136,"[0.25,0.50)",19.932459,1.0,True,exact_bitmap,HNSW_HYBRID,False
2026-08-30T19:31:40.030+00:00,heldout,0,159,VECTOR_FIRST_HNSW,three_categories,category_03,782,True,3,0.27136,"[0.25,0.50)",23.705541,1.0,False,exact_bitmap,HNSW_HYBRID,False
2026-08-30T19:31:40.047+00:00,heldout,0,159,HNSW_HYBRID,three_categories,category_03,782,True,3,0.27136,"[0.25,0.50)",16.434041,1.0,False,exact_bitmap,HNSW_HYBRID,True
2026-08-30T19:31:40.065+00:00,heldout,0,159,IVFFLAT_HYBRID,three_categories,category_03,782,True,3,0.27136,"[0.25,0.50)",16.980834,1.0,False,exact_bitmap,HNSW_HYBRID,False
2026-08-30T19:31:40.081+00:00,heldout,1,159,SQL_FIRST,three_categories,category_03,782,True,3,0.27136,"[0.25,0.50)",16.572166,1.0,True,exact_bitmap,HNSW_HYBRID,False
2026-08-30T19:31:40.105+00:00,heldout,1,159,VECTOR_FIRST_HNSW,three_categories,category_03,782,True,3,0.27136,"[0.25,0.50)",23.055917,1.0,False,exact_bitmap,HNSW_HYBRID,False
2026-08-30T19:31:40.125+00:00,heldout,1,159,HNSW_HYBRID,three_categories,category_03,782,True,3,0.27136,"[0.25,0.50)",19.284125,1.0,False,exact_bitmap,HNSW_HYBRID,True
2026-08-30T19:31:40.142+00:00,heldout,1,159,IVFFLAT_HYBRID,three_categories,category_03,782,True,3,0.27136,"[0.25,0.50)",16.860042,1.0,False,exact_bitmap,HNSW_HYBRID,False
2026-08-30T19:31:40.147+00:00,heldout,0,46,SQL_FIRST,category_narrow_price,category_03,448,True,0,0.005075,"[0.00,0.05)",2.863208,1.0,True,exact_bitmap,SQL_FIRST,True
2026-08-30T19:31:40.172+00:00,heldout,0,46,VECTOR_FIRST_HNSW,category_narrow_price,category_03,448,True,0,0.005075,"[0.00,0.05)",23.661292,0.0,False,exact_bitmap,SQL_FIRST,False
2026-08-30T19:31:40.175+00:00,heldout,0,46,HNSW_HYBRID,category_narrow_price,category_03,448,True,0,0.005075,"[0.00,0.05)",2.557167,1.0,False,exact_bitmap,SQL_FIRST,False
2026-08-30T19:31:40.178+00:00,heldout,0,46,IVFFLAT_HYBRID,category_narrow_price,category_03,448,True,0,0.005075,"[0.00,0.05)",2.103375,1.0,False,exact_bitmap,SQL_FIRST,False
2026-08-30T19:31:40.180+00:00,heldout,1,46,SQL_FIRST,category_narrow_price,category_03,448,True,0,0.005075,"[0.00,0.05)",2.178125,1.0,True,exact_bitmap,SQL_FIRST,True
2026-08-30T19:31:40.203+00:00,heldout,1,46,VECTOR_FIRST_HNSW,category_narrow_price,category_03,448,True,0,0.005075,"[0.00,0.05)",23.01875,0.0,False,exact_bitmap,SQL_FIRST,False
2026-08-30T19:31:40.207+00:00,heldout,1,46,HNSW_HYBRID,category_narrow_price,category_03,448,True,0,0.005075,"[0.00,0.05)",2.804833,1.0,False,exact_bitmap,SQL_FIRST,False
2026-08-30T19:31:40.209+00:00,heldout,1,46,IVFFLAT_HYBRID,category_narrow_price,category_03,448,True,0,0.005075,"[0.00,0.05)",2.19075,1.0,False,exact_bitmap,SQL_FIRST,False
2026-08-30T19:31:40.230+00:00,heldout,0,242,SQL_FIRST,stock_alone,category_06,357,True,4,0.500835,"[0.50,1.00)",18.809417,1.0,True,exact_seq,SQL_FIRST,True
2026-08-30T19:31:40.256+00:00,heldout,0,242,VECTOR_FIRST_HNSW,stock_alone,category_06,357,True,4,0.500835,"[0.50,1.00)",23.890084,1.0,False,exact_bitmap,SQL_FIRST,False
2026-08-30T19:31:40.277+00:00,heldout,0,242,HNSW_HYBRID,stock_alone,category_06,357,True,4,0.500835,"[0.50,1.00)",19.590875,1.0,False,exact_seq,SQL_FIRST,False
2026-08-30T19:31:40.297+00:00,heldout,0,242,IVFFLAT_HYBRID,stock_alone,category_06,357,True,4,0.500835,"[0.50,1.00)",19.359625,1.0,False,exact_seq,SQL_FIRST,False
2026-08-30T19:31:40.317+00:00,heldout,1,242,SQL_FIRST,stock_alone,category_06,357,True,4,0.500835,"[0.50,1.00)",18.952833,1.0,True,exact_seq,SQL_FIRST,True
2026-08-30T19:31:40.340+00:00,heldout,1,242,VECTOR_FIRST_HNSW,stock_alone,category_06,357,True,4,0.500835,"[0.50,1.00)",23.121417,1.0,False,exact_bitmap,SQL_FIRST,False
2026-08-30T19:31:40.360+00:00,heldout,1,242,HNSW_HYBRID,stock_alone,category_06,357,True,4,0.500835,"[0.50,1.00)",18.880834,1.0,False,exact_seq,SQL_FIRST,False
2026-08-30T19:31:40.379+00:00,heldout,1,242,IVFFLAT_HYBRID,stock_alone,category_06,357,True,4,0.500835,"[0.50,1.00)",18.832833,1.0,False,exact_seq,SQL_FIRST,False
2026-08-30T19:31:40.399+00:00,heldout,0,161,SQL_FIRST,three_categories,category_09,335,False,3,0.272595,"[0.25,0.50)",16.703459,1.0,True,exact_bitmap,HNSW_HYBRID,False
2026-08-30T19:31:40.424+00:00,heldout,0,161,VECTOR_FIRST_HNSW,three_categories,category_09,335,False,3,0.272595,"[0.25,0.50)",23.309042,1.0,False,exact_bitmap,HNSW_HYBRID,False
2026-08-30T19:31:40.442+00:00,heldout,0,161,HNSW_HYBRID,three_categories,category_09,335,False,3,0.272595,"[0.25,0.50)",16.447959,1.0,False,exact_bitmap,HNSW_HYBRID,True
2026-08-30T19:31:40.460+00:00,heldout,0,161,IVFFLAT_HYBRID,three_categories,category_09,335,False,3,0.272595,"[0.25,0.50)",16.7405,1.0,False,exact_bitmap,HNSW_HYBRID,False
2026-08-30T19:31:40.477+00:00,heldout,1,161,SQL_FIRST,three_categories,category_09,335,False,3,0.272595,"[0.25,0.50)",16.968917,1.0,True,exact_bitmap,HNSW_HYBRID,False
2026-08-30T19:31:40.501+00:00,heldout,1,161,VECTOR_FIRST_HNSW,three_categories,category_09,335,False,3,0.272595,"[0.25,0.50)",23.160625,1.0,False,exact_bitmap,HNSW_HYBRID,False
2026-08-30T19:31:40.521+00:00,heldout,1,161,HNSW_HYBRID,three_categories,category_09,335,False,3,0.272595,"[0.25,0.50)",17.568875,1.0,False,exact_bitmap,HNSW_HYBRID,True
2026-08-30T19:31:40.539+00:00,heldout,1,161,IVFFLAT_HYBRID,three_categories,category_09,335,False,3,0.272595,"[0.25,0.50)",17.724584,1.0,False,exact_bitmap,HNSW_HYBRID,False
2026-08-30T19:31:40.558+00:00,heldout,0,167,SQL_FIRST,three_categories,category_03,310,True,3,0.27136,"[0.25,0.50)",16.690375,1.0,True,exact_bitmap,HNSW_HYBRID,False
2026-08-30T19:31:40.582+00:00,heldout,0,167,VECTOR_FIRST_HNSW,three_categories,category_03,310,True,3,0.27136,"[0.25,0.50)",22.966167,1.0,False,exact_bitmap,HNSW_HYBRID,False
2026-08-30T19:31:40.600+00:00,heldout,0,167,HNSW_HYBRID,three_categories,category_03,310,True,3,0.27136,"[0.25,0.50)",16.324208,1.0,False,exact_bitmap,HNSW_HYBRID,True
2026-08-30T19:31:40.618+00:00,heldout,0,167,IVFFLAT_HYBRID,three_categories,category_03,310,True,3,0.27136,"[0.25,0.50)",16.685834,1.0,False,exact_bitmap,HNSW_HYBRID,False
2026-08-30T19:31:40.635+00:00,heldout,1,167,SQL_FIRST,three_categories,category_03,310,True,3,0.27136,"[0.25,0.50)",16.297792,1.0,True,exact_bitmap,HNSW_HYBRID,False
2026-08-30T19:31:40.658+00:00,heldout,1,167,VECTOR_FIRST_HNSW,three_categories,category_03,310,True,3,0.27136,"[0.25,0.50)",23.090667,1.0,False,exact_bitmap,HNSW_HYBRID,False
2026-08-30T19:31:40.676+00:00,heldout,1,167,HNSW_HYBRID,three_categories,category_03,310,True,3,0.27136,"[0.25,0.50)",16.832791,1.0,False,exact_bitmap,HNSW_HYBRID,True
2026-08-30T19:31:40.693+00:00,heldout,1,167,IVFFLAT_HYBRID,three_categories,category_03,310,True,3,0.27136,"[0.25,0.50)",16.530417,1.0,False,exact_bitmap,HNSW_HYBRID,False
2026-08-30T19:31:40.712+00:00,heldout,0,151,SQL_FIRST,three_categories,category_00,524,False,3,0.271845,"[0.25,0.50)",16.874042,1.0,True,exact_bitmap,HNSW_HYBRID,False
2026-08-30T19:31:40.737+00:00,heldout,0,151,VECTOR_FIRST_HNSW,three_categories,category_00,524,False,3,0.271845,"[0.25,0.50)",23.044416,1.0,False,exact_bitmap,HNSW_HYBRID,False
2026-08-30T19:31:40.756+00:00,heldout,0,151,HNSW_HYBRID,three_categories,category_00,524,False,3,0.271845,"[0.25,0.50)",16.92075,1.0,False,exact_bitmap,HNSW_HYBRID,True
2026-08-30T19:31:40.775+00:00,heldout,0,151,IVFFLAT_HYBRID,three_categories,category_00,524,False,3,0.271845,"[0.25,0.50)",18.123583,1.0,False,exact_bitmap,HNSW_HYBRID,False
2026-08-30T19:31:40.793+00:00,heldout,1,151,SQL_FIRST,three_categories,category_00,524,False,3,0.271845,"[0.25,0.50)",17.328583,1.0,True,exact_bitmap,HNSW_HYBRID,False
2026-08-30T19:31:40.817+00:00,heldout,1,151,VECTOR_FIRST_HNSW,three_categories,category_00,524,False,3,0.271845,"[0.25,0.50)",24.118292,1.0,False,exact_bitmap,HNSW_HYBRID,False
2026-08-30T19:31:40.834+00:00,heldout,1,151,HNSW_HYBRID,three_categories,category_00,524,False,3,0.271845,"[0.25,0.50)",16.542791,1.0,False,exact_bitmap,HNSW_HYBRID,True
2026-08-30T19:31:40.851+00:00,heldout,1,151,IVFFLAT_HYBRID,three_categories,category_00,524,False,3,0.271845,"[0.25,0.50)",16.393375,1.0,False,exact_bitmap,HNSW_HYBRID,False
2026-08-30T19:31:40.866+00:00,heldout,0,55,SQL_FIRST,single_category,category_04,518,True,1,0.0967,"[0.05,0.10)",10.934125,1.0,True,exact_bitmap,IVFFLAT_HYBRID,False
2026-08-30T19:31:40.890+00:00,heldout,0,55,VECTOR_FIRST_HNSW,single_category,category_04,518,True,1,0.0967,"[0.05,0.10)",23.3375,1.0,False,exact_bitmap,IVFFLAT_HYBRID,False
2026-08-30T19:31:40.903+00:00,heldout,0,55,HNSW_HYBRID,single_category,category_04,518,True,1,0.0967,"[0.05,0.10)",10.982458,1.0,False,exact_bitmap,IVFFLAT_HYBRID,False
2026-08-30T19:31:40.915+00:00,heldout,0,55,IVFFLAT_HYBRID,single_category,category_04,518,True,1,0.0967,"[0.05,0.10)",10.6805,1.0,False,exact_bitmap,IVFFLAT_HYBRID,True
2026-08-30T19:31:40.926+00:00,heldout,1,55,SQL_FIRST,single_category,category_04,518,True,1,0.0967,"[0.05,0.10)",10.915125,1.0,True,exact_bitmap,IVFFLAT_HYBRID,False
2026-08-30T19:31:40.950+00:00,heldout,1,55,VECTOR_FIRST_HNSW,single_category,category_04,518,True,1,0.0967,"[0.05,0.10)",23.612959,1.0,False,exact_bitmap,IVFFLAT_HYBRID,False
2026-08-30T19:31:40.962+00:00,heldout,1,55,HNSW_HYBRID,single_category,category_04,518,True,1,0.0967,"[0.05,0.10)",11.149625,1.0,False,exact_bitmap,IVFFLAT_HYBRID,False
2026-08-30T19:31:40.973+00:00,heldout,1,55,IVFFLAT_HYBRID,single_category,category_04,518,True,1,0.0967,"[0.05,0.10)",10.995291,1.0,False,exact_bitmap,IVFFLAT_HYBRID,True
2026-08-30T19:31:40.992+00:00,heldout,0,101,SQL_FIRST,two_categories,category_02,683,False,2,0.202665,"[0.10,0.25)",18.652833,1.0,True,exact_bitmap,HNSW_HYBRID,False
2026-08-30T19:31:41.019+00:00,heldout,0,101,VECTOR_FIRST_HNSW,two_categories,category_02,683,False,2,0.202665,"[0.10,0.25)",25.467958,1.0,False,exact_bitmap,HNSW_HYBRID,False
2026-08-30T19:31:41.038+00:00,heldout,0,101,HNSW_HYBRID,two_categories,category_02,683,False,2,0.202665,"[0.10,0.25)",18.042083,1.0,False,exact_bitmap,HNSW_HYBRID,True
2026-08-30T19:31:41.056+00:00,heldout,0,101,IVFFLAT_HYBRID,two_categories,category_02,683,False,2,0.202665,"[0.10,0.25)",17.853709,1.0,False,exact_bitmap,HNSW_HYBRID,False
2026-08-30T19:31:41.075+00:00,heldout,1,101,SQL_FIRST,two_categories,category_02,683,False,2,0.202665,"[0.10,0.25)",18.334042,1.0,True,exact_bitmap,HNSW_HYBRID,False
2026-08-30T19:31:41.099+00:00,heldout,1,101,VECTOR_FIRST_HNSW,two_categories,category_02,683,False,2,0.202665,"[0.10,0.25)",23.356875,1.0,False,exact_bitmap,HNSW_HYBRID,False
2026-08-30T19:31:41.118+00:00,heldout,1,101,HNSW_HYBRID,two_categories,category_02,683,False,2,0.202665,"[0.10,0.25)",18.231958,1.0,False,exact_bitmap,HNSW_HYBRID,True
2026-08-30T19:31:41.137+00:00,heldout,1,101,IVFFLAT_HYBRID,two_categories,category_02,683,False,2,0.202665,"[0.10,0.25)",18.099791,1.0,False,exact_bitmap,HNSW_HYBRID,False
2026-08-30T19:31:41.159+00:00,heldout,0,118,SQL_FIRST,two_categories,category_03,975,False,2,0.2004,"[0.10,0.25)",19.47075,1.0,True,exact_bitmap,HNSW_HYBRID,False
2026-08-30T19:31:41.183+00:00,heldout,0,118,VECTOR_FIRST_HNSW,two_categories,category_03,975,False,2,0.2004,"[0.10,0.25)",23.25825,1.0,False,exact_bitmap,HNSW_HYBRID,False
2026-08-30T19:31:41.204+00:00,heldout,0,118,HNSW_HYBRID,two_categories,category_03,975,False,2,0.2004,"[0.10,0.25)",18.331083,1.0,False,exact_bitmap,HNSW_HYBRID,True
2026-08-30T19:31:41.224+00:00,heldout,0,118,IVFFLAT_HYBRID,two_categories,category_03,975,False,2,0.2004,"[0.10,0.25)",18.470916,1.0,False,exact_bitmap,HNSW_HYBRID,False
2026-08-30T19:31:41.243+00:00,heldout,1,118,SQL_FIRST,two_categories,category_03,975,False,2,0.2004,"[0.10,0.25)",18.545417,1.0,True,exact_bitmap,HNSW_HYBRID,False
2026-08-30T19:31:41.267+00:00,heldout,1,118,VECTOR_FIRST_HNSW,two_categories,category_03,975,False,2,0.2004,"[0.10,0.25)",23.102041,1.0,False,exact_bitmap,HNSW_HYBRID,False
2026-08-30T19:31:41.287+00:00,heldout,1,118,HNSW_HYBRID,two_categories,category_03,975,False,2,0.2004,"[0.10,0.25)",19.291875,1.0,False,exact_bitmap,HNSW_HYBRID,True
2026-08-30T19:31:41.306+00:00,heldout,1,118,IVFFLAT_HYBRID,two_categories,category_03,975,False,2,0.2004,"[0.10,0.25)",19.194333,1.0,False,exact_bitmap,HNSW_HYBRID,False
2026-08-30T19:31:41.311+00:00,heldout,0,2,SQL_FIRST,category_narrow_price,category_03,41,True,0,0.00319,"[0.00,0.05)",2.087375,1.0,True,exact_bitmap,SQL_FIRST,True
2026-08-30T19:31:41.337+00:00,heldout,0,2,VECTOR_FIRST_HNSW,category_narrow_price,category_03,41,True,0,0.00319,"[0.00,0.05)",23.787417,0.0,False,exact_bitmap,SQL_FIRST,False
2026-08-30T19:31:41.340+00:00,heldout,0,2,HNSW_HYBRID,category_narrow_price,category_03,41,True,0,0.00319,"[0.00,0.05)",2.279292,1.0,False,exact_bitmap,SQL_FIRST,False
2026-08-30T19:31:41.343+00:00,heldout,0,2,IVFFLAT_HYBRID,category_narrow_price,category_03,41,True,0,0.00319,"[0.00,0.05)",1.75625,1.0,False,exact_bitmap,SQL_FIRST,False
2026-08-30T19:31:41.345+00:00,heldout,1,2,SQL_FIRST,category_narrow_price,category_03,41,True,0,0.00319,"[0.00,0.05)",1.637541,1.0,True,exact_bitmap,SQL_FIRST,True
2026-08-30T19:31:41.373+00:00,heldout,1,2,VECTOR_FIRST_HNSW,category_narrow_price,category_03,41,True,0,0.00319,"[0.00,0.05)",28.2295,0.0,False,exact_bitmap,SQL_FIRST,False
2026-08-30T19:31:41.376+00:00,heldout,1,2,HNSW_HYBRID,category_narrow_price,category_03,41,True,0,0.00319,"[0.00,0.05)",2.183708,1.0,False,exact_bitmap,SQL_FIRST,False
2026-08-30T19:31:41.378+00:00,heldout,1,2,IVFFLAT_HYBRID,category_narrow_price,category_03,41,True,0,0.00319,"[0.00,0.05)",1.670792,1.0,False,exact_bitmap,SQL_FIRST,False
2026-08-30T19:31:41.382+00:00,heldout,0,29,SQL_FIRST,category_narrow_price,category_06,903,True,0,0.004995,"[0.00,0.05)",2.634375,1.0,True,exact_bitmap,SQL_FIRST,True
2026-08-30T19:31:41.408+00:00,heldout,0,29,VECTOR_FIRST_HNSW,category_narrow_price,category_06,903,True,0,0.004995,"[0.00,0.05)",24.544625,0.2,False,exact_bitmap,SQL_FIRST,False
2026-08-30T19:31:41.412+00:00,heldout,0,29,HNSW_HYBRID,category_narrow_price,category_06,903,True,0,0.004995,"[0.00,0.05)",2.583208,1.0,False,exact_bitmap,SQL_FIRST,False
2026-08-30T19:31:41.415+00:00,heldout,0,29,IVFFLAT_HYBRID,category_narrow_price,category_06,903,True,0,0.004995,"[0.00,0.05)",2.247125,1.0,False,exact_bitmap,SQL_FIRST,False
2026-08-30T19:31:41.417+00:00,heldout,1,29,SQL_FIRST,category_narrow_price,category_06,903,True,0,0.004995,"[0.00,0.05)",2.191084,1.0,True,exact_bitmap,SQL_FIRST,True
2026-08-30T19:31:41.441+00:00,heldout,1,29,VECTOR_FIRST_HNSW,category_narrow_price,category_06,903,True,0,0.004995,"[0.00,0.05)",23.071208,0.2,False,exact_bitmap,SQL_FIRST,False
2026-08-30T19:31:41.444+00:00,heldout,1,29,HNSW_HYBRID,category_narrow_price,category_06,903,True,0,0.004995,"[0.00,0.05)",2.671625,1.0,False,exact_bitmap,SQL_FIRST,False
2026-08-30T19:31:41.447+00:00,heldout,1,29,IVFFLAT_HYBRID,category_narrow_price,category_06,903,True,0,0.004995,"[0.00,0.05)",2.238333,1.0,False,exact_bitmap,SQL_FIRST,False
2026-08-30T19:31:41.460+00:00,heldout,0,51,SQL_FIRST,single_category,category_01,203,False,1,0.098665,"[0.05,0.10)",10.887292,1.0,True,exact_bitmap,IVFFLAT_HYBRID,False
2026-08-30T19:31:41.485+00:00,heldout,0,51,VECTOR_FIRST_HNSW,single_category,category_01,203,False,1,0.098665,"[0.05,0.10)",23.229,1.0,False,exact_bitmap,IVFFLAT_HYBRID,False
2026-08-30T19:31:41.498+00:00,heldout,0,51,HNSW_HYBRID,single_category,category_01,203,False,1,0.098665,"[0.05,0.10)",10.86575,1.0,False,exact_bitmap,IVFFLAT_HYBRID,False
2026-08-30T19:31:41.511+00:00,heldout,0,51,IVFFLAT_HYBRID,single_category,category_01,203,False,1,0.098665,"[0.05,0.10)",10.952667,1.0,False,exact_bitmap,IVFFLAT_HYBRID,True
2026-08-30T19:31:41.523+00:00,heldout,1,51,SQL_FIRST,single_category,category_01,203,False,1,0.098665,"[0.05,0.10)",10.938917,1.0,True,exact_bitmap,IVFFLAT_HYBRID,False
2026-08-30T19:31:41.547+00:00,heldout,1,51,VECTOR_FIRST_HNSW,single_category,category_01,203,False,1,0.098665,"[0.05,0.10)",23.3825,1.0,False,exact_bitmap,IVFFLAT_HYBRID,False
2026-08-30T19:31:41.559+00:00,heldout,1,51,HNSW_HYBRID,single_category,category_01,203,False,1,0.098665,"[0.05,0.10)",10.930666,1.0,False,exact_bitmap,IVFFLAT_HYBRID,False
2026-08-30T19:31:41.570+00:00,heldout,1,51,IVFFLAT_HYBRID,single_category,category_01,203,False,1,0.098665,"[0.05,0.10)",11.047875,1.0,False,exact_bitmap,IVFFLAT_HYBRID,True
2026-08-30T19:31:41.582+00:00,heldout,0,5,SQL_FIRST,category_and_stock,category_09,317,False,0,0.049865,"[0.00,0.05)",8.974833,1.0,True,exact_bitmap,SQL_FIRST,True
2026-08-30T19:31:41.606+00:00,heldout,0,5,VECTOR_FIRST_HNSW,category_and_stock,category_09,317,False,0,0.049865,"[0.00,0.05)",23.179458,0.3,False,exact_bitmap,SQL_FIRST,False
2026-08-30T19:31:41.618+00:00,heldout,0,5,HNSW_HYBRID,category_and_stock,category_09,317,False,0,0.049865,"[0.00,0.05)",10.004042,1.0,False,exact_bitmap,SQL_FIRST,False
2026-08-30T19:31:41.628+00:00,heldout,0,5,IVFFLAT_HYBRID,category_and_stock,category_09,317,False,0,0.049865,"[0.00,0.05)",8.513209,1.0,False,exact_bitmap,SQL_FIRST,False
2026-08-30T19:31:41.637+00:00,heldout,1,5,SQL_FIRST,category_and_stock,category_09,317,False,0,0.049865,"[0.00,0.05)",8.743417,1.0,True,exact_bitmap,SQL_FIRST,True
2026-08-30T19:31:41.661+00:00,heldout,1,5,VECTOR_FIRST_HNSW,category_and_stock,category_09,317,False,0,0.049865,"[0.00,0.05)",23.24825,0.3,False,exact_bitmap,SQL_FIRST,False
2026-08-30T19:31:41.670+00:00,heldout,1,5,HNSW_HYBRID,category_and_stock,category_09,317,False,0,0.049865,"[0.00,0.05)",9.096833,1.0,False,exact_bitmap,SQL_FIRST,False
2026-08-30T19:31:41.680+00:00,heldout,1,5,IVFFLAT_HYBRID,category_and_stock,category_09,317,False,0,0.049865,"[0.00,0.05)",8.781209,1.0,False,exact_bitmap,SQL_FIRST,False
2026-08-30T19:31:41.701+00:00,heldout,0,203,SQL_FIRST,stock_alone,category_07,382,True,4,0.500835,"[0.50,1.00)",18.843166,1.0,True,exact_seq,SQL_FIRST,True
2026-08-30T19:31:41.725+00:00,heldout,0,203,VECTOR_FIRST_HNSW,stock_alone,category_07,382,True,4,0.500835,"[0.50,1.00)",22.932708,1.0,False,exact_bitmap,SQL_FIRST,False
2026-08-30T19:31:41.745+00:00,heldout,0,203,HNSW_HYBRID,stock_alone,category_07,382,True,4,0.500835,"[0.50,1.00)",19.207875,1.0,False,exact_seq,SQL_FIRST,False
2026-08-30T19:31:41.766+00:00,heldout,0,203,IVFFLAT_HYBRID,stock_alone,category_07,382,True,4,0.500835,"[0.50,1.00)",18.902375,1.0,False,exact_seq,SQL_FIRST,False
2026-08-30T19:31:41.785+00:00,heldout,1,203,SQL_FIRST,stock_alone,category_07,382,True,4,0.500835,"[0.50,1.00)",18.973167,1.0,True,exact_seq,SQL_FIRST,True
2026-08-30T19:31:41.809+00:00,heldout,1,203,VECTOR_FIRST_HNSW,stock_alone,category_07,382,True,4,0.500835,"[0.50,1.00)",23.299625,1.0,False,exact_bitmap,SQL_FIRST,False
2026-08-30T19:31:41.830+00:00,heldout,1,203,HNSW_HYBRID,stock_alone,category_07,382,True,4,0.500835,"[0.50,1.00)",19.82025,1.0,False,exact_seq,SQL_FIRST,False
2026-08-30T19:31:41.852+00:00,heldout,1,203,IVFFLAT_HYBRID,stock_alone,category_07,382,True,4,0.500835,"[0.50,1.00)",21.522333,1.0,False,exact_seq,SQL_FIRST,False
2026-08-30T19:31:41.863+00:00,heldout,0,30,SQL_FIRST,category_and_stock,category_09,770,False,0,0.049865,"[0.00,0.05)",8.963334,1.0,True,exact_bitmap,SQL_FIRST,True
2026-08-30T19:31:41.887+00:00,heldout,0,30,VECTOR_FIRST_HNSW,category_and_stock,category_09,770,False,0,0.049865,"[0.00,0.05)",23.370292,0.7,False,exact_bitmap,SQL_FIRST,False
2026-08-30T19:31:41.897+00:00,heldout,0,30,HNSW_HYBRID,category_and_stock,category_09,770,False,0,0.049865,"[0.00,0.05)",9.054125,1.0,False,exact_bitmap,SQL_FIRST,False
2026-08-30T19:31:41.907+00:00,heldout,0,30,IVFFLAT_HYBRID,category_and_stock,category_09,770,False,0,0.049865,"[0.00,0.05)",8.695334,1.0,False,exact_bitmap,SQL_FIRST,False
2026-08-30T19:31:41.916+00:00,heldout,1,30,SQL_FIRST,category_and_stock,category_09,770,False,0,0.049865,"[0.00,0.05)",8.602208,1.0,True,exact_bitmap,SQL_FIRST,True
2026-08-30T19:31:41.940+00:00,heldout,1,30,VECTOR_FIRST_HNSW,category_and_stock,category_09,770,False,0,0.049865,"[0.00,0.05)",23.180916,0.7,False,exact_bitmap,SQL_FIRST,False
2026-08-30T19:31:41.950+00:00,heldout,1,30,HNSW_HYBRID,category_and_stock,category_09,770,False,0,0.049865,"[0.00,0.05)",8.986125,1.0,False,exact_bitmap,SQL_FIRST,False
2026-08-30T19:31:41.959+00:00,heldout,1,30,IVFFLAT_HYBRID,category_and_stock,category_09,770,False,0,0.049865,"[0.00,0.05)",9.102292,1.0,False,exact_bitmap,SQL_FIRST,False
2026-08-30T19:31:41.981+00:00,heldout,0,177,SQL_FIRST,category_or_price,category_07,368,False,3,0.428,"[0.25,0.50)",20.488584,1.0,True,exact_seq,HNSW_HYBRID,False
2026-08-30T19:31:42.009+00:00,heldout,0,177,VECTOR_FIRST_HNSW,category_or_price,category_07,368,False,3,0.428,"[0.25,0.50)",27.220291,1.0,False,exact_bitmap,HNSW_HYBRID,False
2026-08-30T19:31:42.035+00:00,heldout,0,177,HNSW_HYBRID,category_or_price,category_07,368,False,3,0.428,"[0.25,0.50)",24.795833,1.0,False,exact_seq,HNSW_HYBRID,True
2026-08-30T19:31:42.057+00:00,heldout,0,177,IVFFLAT_HYBRID,category_or_price,category_07,368,False,3,0.428,"[0.25,0.50)",21.300416,1.0,False,exact_seq,HNSW_HYBRID,False
2026-08-30T19:31:42.077+00:00,heldout,1,177,SQL_FIRST,category_or_price,category_07,368,False,3,0.428,"[0.25,0.50)",20.055333,1.0,True,exact_seq,HNSW_HYBRID,False
2026-08-30T19:31:42.102+00:00,heldout,1,177,VECTOR_FIRST_HNSW,category_or_price,category_07,368,False,3,0.428,"[0.25,0.50)",23.759584,1.0,False,exact_bitmap,HNSW_HYBRID,False
2026-08-30T19:31:42.126+00:00,heldout,1,177,HNSW_HYBRID,category_or_price,category_07,368,False,3,0.428,"[0.25,0.50)",23.921708,1.0,False,exact_seq,HNSW_HYBRID,True
2026-08-30T19:31:42.147+00:00,heldout,1,177,IVFFLAT_HYBRID,category_or_price,category_07,368,False,3,0.428,"[0.25,0.50)",20.452708,1.0,False,exact_seq,HNSW_HYBRID,False
2026-08-30T19:31:42.166+00:00,heldout,0,153,SQL_FIRST,three_categories,category_04,615,True,3,0.267975,"[0.25,0.50)",18.123542,1.0,True,exact_bitmap,HNSW_HYBRID,False
2026-08-30T19:31:42.190+00:00,heldout,0,153,VECTOR_FIRST_HNSW,three_categories,category_04,615,True,3,0.267975,"[0.25,0.50)",23.011,1.0,False,exact_bitmap,HNSW_HYBRID,False
2026-08-30T19:31:42.208+00:00,heldout,0,153,HNSW_HYBRID,three_categories,category_04,615,True,3,0.267975,"[0.25,0.50)",16.620959,1.0,False,exact_bitmap,HNSW_HYBRID,True
2026-08-30T19:31:42.227+00:00,heldout,0,153,IVFFLAT_HYBRID,three_categories,category_04,615,True,3,0.267975,"[0.25,0.50)",17.629166,1.0,False,exact_bitmap,HNSW_HYBRID,False
2026-08-30T19:31:42.244+00:00,heldout,1,153,SQL_FIRST,three_categories,category_04,615,True,3,0.267975,"[0.25,0.50)",16.783291,1.0,True,exact_bitmap,HNSW_HYBRID,False
2026-08-30T19:31:42.268+00:00,heldout,1,153,VECTOR_FIRST_HNSW,three_categories,category_04,615,True,3,0.267975,"[0.25,0.50)",24.244958,1.0,False,exact_bitmap,HNSW_HYBRID,False
2026-08-30T19:31:42.288+00:00,heldout,1,153,HNSW_HYBRID,three_categories,category_04,615,True,3,0.267975,"[0.25,0.50)",19.189,1.0,False,exact_bitmap,HNSW_HYBRID,True
2026-08-30T19:31:42.308+00:00,heldout,1,153,IVFFLAT_HYBRID,three_categories,category_04,615,True,3,0.267975,"[0.25,0.50)",19.002875,1.0,False,exact_bitmap,HNSW_HYBRID,False
2026-08-30T19:31:42.330+00:00,heldout,0,185,SQL_FIRST,category_or_price,category_08,319,True,3,0.382635,"[0.25,0.50)",20.010583,1.0,True,exact_seq,HNSW_HYBRID,False
2026-08-30T19:31:42.355+00:00,heldout,0,185,VECTOR_FIRST_HNSW,category_or_price,category_08,319,True,3,0.382635,"[0.25,0.50)",24.367166,1.0,False,exact_bitmap,HNSW_HYBRID,False
2026-08-30T19:31:42.376+00:00,heldout,0,185,HNSW_HYBRID,category_or_price,category_08,319,True,3,0.382635,"[0.25,0.50)",19.718084,1.0,False,exact_seq,HNSW_HYBRID,True
2026-08-30T19:31:42.397+00:00,heldout,0,185,IVFFLAT_HYBRID,category_or_price,category_08,319,True,3,0.382635,"[0.25,0.50)",19.161125,1.0,False,exact_seq,HNSW_HYBRID,False
2026-08-30T19:31:42.418+00:00,heldout,1,185,SQL_FIRST,category_or_price,category_08,319,True,3,0.382635,"[0.25,0.50)",19.841875,1.0,True,exact_seq,HNSW_HYBRID,False
2026-08-30T19:31:42.443+00:00,heldout,1,185,VECTOR_FIRST_HNSW,category_or_price,category_08,319,True,3,0.382635,"[0.25,0.50)",24.301458,1.0,False,exact_bitmap,HNSW_HYBRID,False
2026-08-30T19:31:42.463+00:00,heldout,1,185,HNSW_HYBRID,category_or_price,category_08,319,True,3,0.382635,"[0.25,0.50)",19.9485,1.0,False,exact_seq,HNSW_HYBRID,True
2026-08-30T19:31:42.484+00:00,heldout,1,185,IVFFLAT_HYBRID,category_or_price,category_08,319,True,3,0.382635,"[0.25,0.50)",19.941375,1.0,False,exact_seq,HNSW_HYBRID,False
2026-08-30T19:31:42.497+00:00,heldout,0,77,SQL_FIRST,single_category,category_01,458,True,1,0.098665,"[0.05,0.10)",10.799,1.0,True,exact_bitmap,IVFFLAT_HYBRID,False
2026-08-30T19:31:42.522+00:00,heldout,0,77,VECTOR_FIRST_HNSW,single_category,category_01,458,True,1,0.098665,"[0.05,0.10)",23.336333,1.0,False,exact_bitmap,IVFFLAT_HYBRID,False
2026-08-30T19:31:42.534+00:00,heldout,0,77,HNSW_HYBRID,single_category,category_01,458,True,1,0.098665,"[0.05,0.10)",11.492,1.0,False,exact_bitmap,IVFFLAT_HYBRID,False
2026-08-30T19:31:42.547+00:00,heldout,0,77,IVFFLAT_HYBRID,single_category,category_01,458,True,1,0.098665,"[0.05,0.10)",11.189875,1.0,False,exact_bitmap,IVFFLAT_HYBRID,True
2026-08-30T19:31:42.559+00:00,heldout,1,77,SQL_FIRST,single_category,category_01,458,True,1,0.098665,"[0.05,0.10)",10.913667,1.0,True,exact_bitmap,IVFFLAT_HYBRID,False
2026-08-30T19:31:42.582+00:00,heldout,1,77,VECTOR_FIRST_HNSW,single_category,category_01,458,True,1,0.098665,"[0.05,0.10)",23.180458,1.0,False,exact_bitmap,IVFFLAT_HYBRID,False
2026-08-30T19:31:42.594+00:00,heldout,1,77,HNSW_HYBRID,single_category,category_01,458,True,1,0.098665,"[0.05,0.10)",10.847916,1.0,False,exact_bitmap,IVFFLAT_HYBRID,False
2026-08-30T19:31:42.605+00:00,heldout,1,77,IVFFLAT_HYBRID,single_category,category_01,458,True,1,0.098665,"[0.05,0.10)",11.038459,1.0,False,exact_bitmap,IVFFLAT_HYBRID,True
2026-08-30T19:31:42.617+00:00,heldout,0,26,SQL_FIRST,category_and_stock,category_06,533,True,0,0.04985,"[0.00,0.05)",9.048458,1.0,True,exact_bitmap,SQL_FIRST,True
2026-08-30T19:31:42.642+00:00,heldout,0,26,VECTOR_FIRST_HNSW,category_and_stock,category_06,533,True,0,0.04985,"[0.00,0.05)",24.294833,0.0,False,exact_bitmap,SQL_FIRST,False
2026-08-30T19:31:42.652+00:00,heldout,0,26,HNSW_HYBRID,category_and_stock,category_06,533,True,0,0.04985,"[0.00,0.05)",8.679667,1.0,False,exact_bitmap,SQL_FIRST,False
2026-08-30T19:31:42.662+00:00,heldout,0,26,IVFFLAT_HYBRID,category_and_stock,category_06,533,True,0,0.04985,"[0.00,0.05)",8.43225,1.0,False,exact_bitmap,SQL_FIRST,False
2026-08-30T19:31:42.671+00:00,heldout,1,26,SQL_FIRST,category_and_stock,category_06,533,True,0,0.04985,"[0.00,0.05)",8.804583,1.0,True,exact_bitmap,SQL_FIRST,True
2026-08-30T19:31:42.695+00:00,heldout,1,26,VECTOR_FIRST_HNSW,category_and_stock,category_06,533,True,0,0.04985,"[0.00,0.05)",23.988875,0.0,False,exact_bitmap,SQL_FIRST,False
2026-08-30T19:31:42.705+00:00,heldout,1,26,HNSW_HYBRID,category_and_stock,category_06,533,True,0,0.04985,"[0.00,0.05)",8.907292,1.0,False,exact_bitmap,SQL_FIRST,False
2026-08-30T19:31:42.714+00:00,heldout,1,26,IVFFLAT_HYBRID,category_and_stock,category_06,533,True,0,0.04985,"[0.00,0.05)",8.498541,1.0,False,exact_bitmap,SQL_FIRST,False
2026-08-30T19:31:42.718+00:00,heldout,0,37,SQL_FIRST,category_narrow_price,category_03,22,False,0,0.0012,"[0.00,0.05)",1.486917,1.0,True,exact_bitmap,SQL_FIRST,True
2026-08-30T19:31:42.742+00:00,heldout,0,37,VECTOR_FIRST_HNSW,category_narrow_price,category_03,22,False,0,0.0012,"[0.00,0.05)",23.171709,0.0,False,exact_bitmap,SQL_FIRST,False
2026-08-30T19:31:42.744+00:00,heldout,0,37,HNSW_HYBRID,category_narrow_price,category_03,22,False,0,0.0012,"[0.00,0.05)",1.34575,1.0,False,exact_bitmap,SQL_FIRST,False
2026-08-30T19:31:42.746+00:00,heldout,0,37,IVFFLAT_HYBRID,category_narrow_price,category_03,22,False,0,0.0012,"[0.00,0.05)",1.177208,1.0,False,exact_bitmap,SQL_FIRST,False
2026-08-30T19:31:42.748+00:00,heldout,1,37,SQL_FIRST,category_narrow_price,category_03,22,False,0,0.0012,"[0.00,0.05)",1.219916,1.0,True,exact_bitmap,SQL_FIRST,True
2026-08-30T19:31:42.772+00:00,heldout,1,37,VECTOR_FIRST_HNSW,category_narrow_price,category_03,22,False,0,0.0012,"[0.00,0.05)",23.142375,0.0,False,exact_bitmap,SQL_FIRST,False
2026-08-30T19:31:42.774+00:00,heldout,1,37,HNSW_HYBRID,category_narrow_price,category_03,22,False,0,0.0012,"[0.00,0.05)",1.366334,1.0,False,exact_bitmap,SQL_FIRST,False
2026-08-30T19:31:42.775+00:00,heldout,1,37,IVFFLAT_HYBRID,category_narrow_price,category_03,22,False,0,0.0012,"[0.00,0.05)",1.181208,1.0,False,exact_bitmap,SQL_FIRST,False
2026-08-30T19:31:42.803+00:00,heldout,0,220,SQL_FIRST,wide_or,category_01,866,False,4,0.93802,"[0.50,1.00)",26.507334,1.0,True,exact_seq,SQL_FIRST,True
2026-08-30T19:31:42.829+00:00,heldout,0,220,VECTOR_FIRST_HNSW,wide_or,category_01,866,False,4,0.93802,"[0.50,1.00)",23.822292,1.0,False,exact_bitmap,SQL_FIRST,False
2026-08-30T19:31:42.856+00:00,heldout,0,220,HNSW_HYBRID,wide_or,category_01,866,False,4,0.93802,"[0.50,1.00)",26.51225,1.0,False,exact_seq,SQL_FIRST,False
2026-08-30T19:31:42.884+00:00,heldout,0,220,IVFFLAT_HYBRID,wide_or,category_01,866,False,4,0.93802,"[0.50,1.00)",26.271833,1.0,False,exact_seq,SQL_FIRST,False
2026-08-30T19:31:42.911+00:00,heldout,1,220,SQL_FIRST,wide_or,category_01,866,False,4,0.93802,"[0.50,1.00)",27.007125,1.0,True,exact_seq,SQL_FIRST,True
2026-08-30T19:31:42.936+00:00,heldout,1,220,VECTOR_FIRST_HNSW,wide_or,category_01,866,False,4,0.93802,"[0.50,1.00)",24.181666,1.0,False,exact_bitmap,SQL_FIRST,False
2026-08-30T19:31:42.964+00:00,heldout,1,220,HNSW_HYBRID,wide_or,category_01,866,False,4,0.93802,"[0.50,1.00)",27.168,1.0,False,exact_seq,SQL_FIRST,False
2026-08-30T19:31:42.990+00:00,heldout,1,220,IVFFLAT_HYBRID,wide_or,category_01,866,False,4,0.93802,"[0.50,1.00)",26.329667,1.0,False,exact_seq,SQL_FIRST,False
2026-08-30T19:31:43.004+00:00,heldout,0,129,SQL_FIRST,price_range_mid,category_08,975,False,2,0.10135,"[0.10,0.25)",12.807834,1.0,True,exact_bitmap,HNSW_HYBRID,False
2026-08-30T19:31:43.029+00:00,heldout,0,129,VECTOR_FIRST_HNSW,price_range_mid,category_08,975,False,2,0.10135,"[0.10,0.25)",23.870791,1.0,False,exact_bitmap,HNSW_HYBRID,False
2026-08-30T19:31:43.041+00:00,heldout,0,129,HNSW_HYBRID,price_range_mid,category_08,975,False,2,0.10135,"[0.10,0.25)",11.124834,1.0,False,exact_bitmap,HNSW_HYBRID,True
2026-08-30T19:31:43.054+00:00,heldout,0,129,IVFFLAT_HYBRID,price_range_mid,category_08,975,False,2,0.10135,"[0.10,0.25)",11.887125,1.0,False,exact_bitmap,HNSW_HYBRID,False
2026-08-30T19:31:43.066+00:00,heldout,1,129,SQL_FIRST,price_range_mid,category_08,975,False,2,0.10135,"[0.10,0.25)",11.593834,1.0,True,exact_bitmap,HNSW_HYBRID,False
2026-08-30T19:31:43.092+00:00,heldout,1,129,VECTOR_FIRST_HNSW,price_range_mid,category_08,975,False,2,0.10135,"[0.10,0.25)",25.130916,1.0,False,exact_bitmap,HNSW_HYBRID,False
2026-08-30T19:31:43.103+00:00,heldout,1,129,HNSW_HYBRID,price_range_mid,category_08,975,False,2,0.10135,"[0.10,0.25)",11.448167,1.0,False,exact_bitmap,HNSW_HYBRID,True
2026-08-30T19:31:43.115+00:00,heldout,1,129,IVFFLAT_HYBRID,price_range_mid,category_08,975,False,2,0.10135,"[0.10,0.25)",11.1555,1.0,False,exact_bitmap,HNSW_HYBRID,False
2026-08-30T19:31:43.128+00:00,heldout,0,74,SQL_FIRST,single_category,category_02,465,True,1,0.098965,"[0.05,0.10)",10.841875,1.0,True,exact_bitmap,IVFFLAT_HYBRID,False
2026-08-30T19:31:43.153+00:00,heldout,0,74,VECTOR_FIRST_HNSW,single_category,category_02,465,True,1,0.098965,"[0.05,0.10)",23.362417,0.7,False,exact_bitmap,IVFFLAT_HYBRID,False
2026-08-30T19:31:43.165+00:00,heldout,0,74,HNSW_HYBRID,single_category,category_02,465,True,1,0.098965,"[0.05,0.10)",11.368458,1.0,False,exact_bitmap,IVFFLAT_HYBRID,False
2026-08-30T19:31:43.177+00:00,heldout,0,74,IVFFLAT_HYBRID,single_category,category_02,465,True,1,0.098965,"[0.05,0.10)",10.829,1.0,False,exact_bitmap,IVFFLAT_HYBRID,True
2026-08-30T19:31:43.187+00:00,heldout,1,74,SQL_FIRST,single_category,category_02,465,True,1,0.098965,"[0.05,0.10)",10.6945,1.0,True,exact_bitmap,IVFFLAT_HYBRID,False
2026-08-30T19:31:43.211+00:00,heldout,1,74,VECTOR_FIRST_HNSW,single_category,category_02,465,True,1,0.098965,"[0.05,0.10)",23.310833,0.7,False,exact_bitmap,IVFFLAT_HYBRID,False
2026-08-30T19:31:43.223+00:00,heldout,1,74,HNSW_HYBRID,single_category,category_02,465,True,1,0.098965,"[0.05,0.10)",11.046167,1.0,False,exact_bitmap,IVFFLAT_HYBRID,False
2026-08-30T19:31:43.234+00:00,heldout,1,74,IVFFLAT_HYBRID,single_category,category_02,465,True,1,0.098965,"[0.05,0.10)",10.900709,1.0,False,exact_bitmap,IVFFLAT_HYBRID,True
2026-08-30T19:31:43.257+00:00,heldout,0,114,SQL_FIRST,two_categories,category_02,385,False,2,0.202665,"[0.10,0.25)",18.197541,1.0,True,exact_bitmap,HNSW_HYBRID,False
2026-08-30T19:31:43.281+00:00,heldout,0,114,VECTOR_FIRST_HNSW,two_categories,category_02,385,False,2,0.202665,"[0.10,0.25)",23.283375,1.0,False,exact_bitmap,HNSW_HYBRID,False
2026-08-30T19:31:43.301+00:00,heldout,0,114,HNSW_HYBRID,two_categories,category_02,385,False,2,0.202665,"[0.10,0.25)",18.071417,1.0,False,exact_bitmap,HNSW_HYBRID,True
2026-08-30T19:31:43.321+00:00,heldout,0,114,IVFFLAT_HYBRID,two_categories,category_02,385,False,2,0.202665,"[0.10,0.25)",18.241833,1.0,False,exact_bitmap,HNSW_HYBRID,False
2026-08-30T19:31:43.341+00:00,heldout,1,114,SQL_FIRST,two_categories,category_02,385,False,2,0.202665,"[0.10,0.25)",19.333958,1.0,True,exact_bitmap,HNSW_HYBRID,False
2026-08-30T19:31:43.365+00:00,heldout,1,114,VECTOR_FIRST_HNSW,two_categories,category_02,385,False,2,0.202665,"[0.10,0.25)",23.551292,1.0,False,exact_bitmap,HNSW_HYBRID,False
2026-08-30T19:31:43.385+00:00,heldout,1,114,HNSW_HYBRID,two_categories,category_02,385,False,2,0.202665,"[0.10,0.25)",19.322292,1.0,False,exact_bitmap,HNSW_HYBRID,True
2026-08-30T19:31:43.404+00:00,heldout,1,114,IVFFLAT_HYBRID,two_categories,category_02,385,False,2,0.202665,"[0.10,0.25)",18.898416,1.0,False,exact_bitmap,HNSW_HYBRID,False
2026-08-30T19:31:43.418+00:00,heldout,0,89,SQL_FIRST,single_category,category_09,746,True,1,0.0999,"[0.05,0.10)",11.157083,1.0,True,exact_bitmap,IVFFLAT_HYBRID,False
2026-08-30T19:31:43.442+00:00,heldout,0,89,VECTOR_FIRST_HNSW,single_category,category_09,746,True,1,0.0999,"[0.05,0.10)",23.519458,1.0,False,exact_bitmap,IVFFLAT_HYBRID,False
2026-08-30T19:31:43.455+00:00,heldout,0,89,HNSW_HYBRID,single_category,category_09,746,True,1,0.0999,"[0.05,0.10)",11.032042,1.0,False,exact_bitmap,IVFFLAT_HYBRID,False
2026-08-30T19:31:43.467+00:00,heldout,0,89,IVFFLAT_HYBRID,single_category,category_09,746,True,1,0.0999,"[0.05,0.10)",11.093583,1.0,False,exact_bitmap,IVFFLAT_HYBRID,True
2026-08-30T19:31:43.479+00:00,heldout,1,89,SQL_FIRST,single_category,category_09,746,True,1,0.0999,"[0.05,0.10)",11.417959,1.0,True,exact_bitmap,IVFFLAT_HYBRID,False
2026-08-30T19:31:43.504+00:00,heldout,1,89,VECTOR_FIRST_HNSW,single_category,category_09,746,True,1,0.0999,"[0.05,0.10)",24.208375,1.0,False,exact_bitmap,IVFFLAT_HYBRID,False
2026-08-30T19:31:43.515+00:00,heldout,1,89,HNSW_HYBRID,single_category,category_09,746,True,1,0.0999,"[0.05,0.10)",11.171417,1.0,False,exact_bitmap,IVFFLAT_HYBRID,False
2026-08-30T19:31:43.527+00:00,heldout,1,89,IVFFLAT_HYBRID,single_category,category_09,746,True,1,0.0999,"[0.05,0.10)",11.103791,1.0,False,exact_bitmap,IVFFLAT_HYBRID,True
2026-08-30T19:31:43.542+00:00,heldout,0,140,SQL_FIRST,price_range_mid,category_01,758,True,2,0.100395,"[0.10,0.25)",12.629209,1.0,True,exact_bitmap,HNSW_HYBRID,False
2026-08-30T19:31:43.566+00:00,heldout,0,140,VECTOR_FIRST_HNSW,price_range_mid,category_01,758,True,2,0.100395,"[0.10,0.25)",23.437125,0.9,False,exact_bitmap,HNSW_HYBRID,False
2026-08-30T19:31:43.579+00:00,heldout,0,140,HNSW_HYBRID,price_range_mid,category_01,758,True,2,0.100395,"[0.10,0.25)",11.523125,1.0,False,exact_bitmap,HNSW_HYBRID,True
2026-08-30T19:31:43.593+00:00,heldout,0,140,IVFFLAT_HYBRID,price_range_mid,category_01,758,True,2,0.100395,"[0.10,0.25)",13.090375,1.0,False,exact_bitmap,HNSW_HYBRID,False
2026-08-30T19:31:43.606+00:00,heldout,1,140,SQL_FIRST,price_range_mid,category_01,758,True,2,0.100395,"[0.10,0.25)",12.5545,1.0,True,exact_bitmap,HNSW_HYBRID,False
2026-08-30T19:31:43.632+00:00,heldout,1,140,VECTOR_FIRST_HNSW,price_range_mid,category_01,758,True,2,0.100395,"[0.10,0.25)",25.852417,0.9,False,exact_bitmap,HNSW_HYBRID,False
2026-08-30T19:31:43.644+00:00,heldout,1,140,HNSW_HYBRID,price_range_mid,category_01,758,True,2,0.100395,"[0.10,0.25)",11.263,1.0,False,exact_bitmap,HNSW_HYBRID,True
2026-08-30T19:31:43.656+00:00,heldout,1,140,IVFFLAT_HYBRID,price_range_mid,category_01,758,True,2,0.100395,"[0.10,0.25)",11.293709,1.0,False,exact_bitmap,HNSW_HYBRID,False
2026-08-30T19:31:43.670+00:00,heldout,0,98,SQL_FIRST,single_category,category_02,986,True,1,0.098965,"[0.05,0.10)",10.921458,1.0,True,exact_bitmap,IVFFLAT_HYBRID,False
2026-08-30T19:31:43.695+00:00,heldout,0,98,VECTOR_FIRST_HNSW,single_category,category_02,986,True,1,0.098965,"[0.05,0.10)",23.386209,0.7,False,exact_bitmap,IVFFLAT_HYBRID,False
2026-08-30T19:31:43.708+00:00,heldout,0,98,HNSW_HYBRID,single_category,category_02,986,True,1,0.098965,"[0.05,0.10)",10.950333,1.0,False,exact_bitmap,IVFFLAT_HYBRID,False
2026-08-30T19:31:43.719+00:00,heldout,0,98,IVFFLAT_HYBRID,single_category,category_02,986,True,1,0.098965,"[0.05,0.10)",10.870375,1.0,False,exact_bitmap,IVFFLAT_HYBRID,True
2026-08-30T19:31:43.730+00:00,heldout,1,98,SQL_FIRST,single_category,category_02,986,True,1,0.098965,"[0.05,0.10)",10.6035,1.0,True,exact_bitmap,IVFFLAT_HYBRID,False
2026-08-30T19:31:43.756+00:00,heldout,1,98,VECTOR_FIRST_HNSW,single_category,category_02,986,True,1,0.098965,"[0.05,0.10)",24.875916,0.7,False,exact_bitmap,IVFFLAT_HYBRID,False
2026-08-30T19:31:43.767+00:00,heldout,1,98,HNSW_HYBRID,single_category,category_02,986,True,1,0.098965,"[0.05,0.10)",10.965792,1.0,False,exact_bitmap,IVFFLAT_HYBRID,False
2026-08-30T19:31:43.779+00:00,heldout,1,98,IVFFLAT_HYBRID,single_category,category_02,986,True,1,0.098965,"[0.05,0.10)",10.767875,1.0,False,exact_bitmap,IVFFLAT_HYBRID,True
2026-08-30T19:31:43.801+00:00,heldout,0,229,SQL_FIRST,stock_alone,category_00,327,True,4,0.500835,"[0.50,1.00)",20.162833,1.0,True,exact_seq,SQL_FIRST,True
2026-08-30T19:31:43.826+00:00,heldout,0,229,VECTOR_FIRST_HNSW,stock_alone,category_00,327,True,4,0.500835,"[0.50,1.00)",23.885666,1.0,False,exact_bitmap,SQL_FIRST,False
2026-08-30T19:31:43.848+00:00,heldout,0,229,HNSW_HYBRID,stock_alone,category_00,327,True,4,0.500835,"[0.50,1.00)",20.686708,1.0,False,exact_seq,SQL_FIRST,False
2026-08-30T19:31:43.868+00:00,heldout,0,229,IVFFLAT_HYBRID,stock_alone,category_00,327,True,4,0.500835,"[0.50,1.00)",19.030875,1.0,False,exact_seq,SQL_FIRST,False
2026-08-30T19:31:43.889+00:00,heldout,1,229,SQL_FIRST,stock_alone,category_00,327,True,4,0.500835,"[0.50,1.00)",20.00525,1.0,True,exact_seq,SQL_FIRST,True
2026-08-30T19:31:43.912+00:00,heldout,1,229,VECTOR_FIRST_HNSW,stock_alone,category_00,327,True,4,0.500835,"[0.50,1.00)",23.349625,1.0,False,exact_bitmap,SQL_FIRST,False
2026-08-30T19:31:43.932+00:00,heldout,1,229,HNSW_HYBRID,stock_alone,category_00,327,True,4,0.500835,"[0.50,1.00)",19.39775,1.0,False,exact_seq,SQL_FIRST,False
2026-08-30T19:31:43.952+00:00,heldout,1,229,IVFFLAT_HYBRID,stock_alone,category_00,327,True,4,0.500835,"[0.50,1.00)",18.818833,1.0,False,exact_seq,SQL_FIRST,False
2026-08-30T19:31:43.956+00:00,heldout,0,13,SQL_FIRST,category_narrow_price,category_04,299,True,0,0.00493,"[0.00,0.05)",2.8285,1.0,True,exact_bitmap,SQL_FIRST,True
2026-08-30T19:31:43.981+00:00,heldout,0,13,VECTOR_FIRST_HNSW,category_narrow_price,category_04,299,True,0,0.00493,"[0.00,0.05)",23.690833,0.0,False,exact_bitmap,SQL_FIRST,False
2026-08-30T19:31:43.984+00:00,heldout,0,13,HNSW_HYBRID,category_narrow_price,category_04,299,True,0,0.00493,"[0.00,0.05)",2.876792,1.0,False,exact_bitmap,SQL_FIRST,False
2026-08-30T19:31:43.987+00:00,heldout,0,13,IVFFLAT_HYBRID,category_narrow_price,category_04,299,True,0,0.00493,"[0.00,0.05)",2.465541,1.0,False,exact_bitmap,SQL_FIRST,False
2026-08-30T19:31:43.990+00:00,heldout,1,13,SQL_FIRST,category_narrow_price,category_04,299,True,0,0.00493,"[0.00,0.05)",2.236084,1.0,True,exact_bitmap,SQL_FIRST,True
2026-08-30T19:31:44.014+00:00,heldout,1,13,VECTOR_FIRST_HNSW,category_narrow_price,category_04,299,True,0,0.00493,"[0.00,0.05)",24.443459,0.0,False,exact_bitmap,SQL_FIRST,False
2026-08-30T19:31:44.018+00:00,heldout,1,13,HNSW_HYBRID,category_narrow_price,category_04,299,True,0,0.00493,"[0.00,0.05)",2.810417,1.0,False,exact_bitmap,SQL_FIRST,False
2026-08-30T19:31:44.020+00:00,heldout,1,13,IVFFLAT_HYBRID,category_narrow_price,category_04,299,True,0,0.00493,"[0.00,0.05)",2.311167,1.0,False,exact_bitmap,SQL_FIRST,False
2026-08-30T19:31:44.045+00:00,heldout,0,228,SQL_FIRST,wide_or,category_00,576,True,4,0.808535,"[0.50,1.00)",24.206042,1.0,True,exact_seq,SQL_FIRST,True
2026-08-30T19:31:44.070+00:00,heldout,0,228,VECTOR_FIRST_HNSW,wide_or,category_00,576,True,4,0.808535,"[0.50,1.00)",22.953875,1.0,False,exact_bitmap,SQL_FIRST,False
2026-08-30T19:31:44.096+00:00,heldout,0,228,HNSW_HYBRID,wide_or,category_00,576,True,4,0.808535,"[0.50,1.00)",24.144834,1.0,False,exact_seq,SQL_FIRST,False
2026-08-30T19:31:44.122+00:00,heldout,0,228,IVFFLAT_HYBRID,wide_or,category_00,576,True,4,0.808535,"[0.50,1.00)",24.711041,1.0,False,exact_seq,SQL_FIRST,False
2026-08-30T19:31:44.146+00:00,heldout,1,228,SQL_FIRST,wide_or,category_00,576,True,4,0.808535,"[0.50,1.00)",24.331,1.0,True,exact_seq,SQL_FIRST,True
2026-08-30T19:31:44.170+00:00,heldout,1,228,VECTOR_FIRST_HNSW,wide_or,category_00,576,True,4,0.808535,"[0.50,1.00)",23.5815,1.0,False,exact_bitmap,SQL_FIRST,False
2026-08-30T19:31:44.195+00:00,heldout,1,228,HNSW_HYBRID,wide_or,category_00,576,True,4,0.808535,"[0.50,1.00)",24.511041,1.0,False,exact_seq,SQL_FIRST,False
2026-08-30T19:31:44.220+00:00,heldout,1,228,IVFFLAT_HYBRID,wide_or,category_00,576,True,4,0.808535,"[0.50,1.00)",24.328625,1.0,False,exact_seq,SQL_FIRST,False
2026-08-30T19:31:44.239+00:00,heldout,0,168,SQL_FIRST,three_categories,category_08,375,False,3,0.272595,"[0.25,0.50)",17.155334,1.0,True,exact_bitmap,HNSW_HYBRID,False
2026-08-30T19:31:44.269+00:00,heldout,0,168,VECTOR_FIRST_HNSW,three_categories,category_08,375,False,3,0.272595,"[0.25,0.50)",28.542459,1.0,False,exact_bitmap,HNSW_HYBRID,False
2026-08-30T19:31:44.286+00:00,heldout,0,168,HNSW_HYBRID,three_categories,category_08,375,False,3,0.272595,"[0.25,0.50)",16.360583,1.0,False,exact_bitmap,HNSW_HYBRID,True
2026-08-30T19:31:44.304+00:00,heldout,0,168,IVFFLAT_HYBRID,three_categories,category_08,375,False,3,0.272595,"[0.25,0.50)",16.487875,1.0,False,exact_bitmap,HNSW_HYBRID,False
2026-08-30T19:31:44.321+00:00,heldout,1,168,SQL_FIRST,three_categories,category_08,375,False,3,0.272595,"[0.25,0.50)",16.438958,1.0,True,exact_bitmap,HNSW_HYBRID,False
2026-08-30T19:31:44.344+00:00,heldout,1,168,VECTOR_FIRST_HNSW,three_categories,category_08,375,False,3,0.272595,"[0.25,0.50)",22.973667,1.0,False,exact_bitmap,HNSW_HYBRID,False
2026-08-30T19:31:44.361+00:00,heldout,1,168,HNSW_HYBRID,three_categories,category_08,375,False,3,0.272595,"[0.25,0.50)",16.334542,1.0,False,exact_bitmap,HNSW_HYBRID,True
2026-08-30T19:31:44.379+00:00,heldout,1,168,IVFFLAT_HYBRID,three_categories,category_08,375,False,3,0.272595,"[0.25,0.50)",16.829,1.0,False,exact_bitmap,HNSW_HYBRID,False
2026-08-30T19:31:44.390+00:00,heldout,0,8,SQL_FIRST,category_and_stock,category_01,295,False,0,0.04925,"[0.00,0.05)",9.138791,1.0,True,exact_bitmap,SQL_FIRST,True
2026-08-30T19:31:44.415+00:00,heldout,0,8,VECTOR_FIRST_HNSW,category_and_stock,category_01,295,False,0,0.04925,"[0.00,0.05)",24.185083,0.2,False,exact_bitmap,SQL_FIRST,False
2026-08-30T19:31:44.426+00:00,heldout,0,8,HNSW_HYBRID,category_and_stock,category_01,295,False,0,0.04925,"[0.00,0.05)",8.802041,1.0,False,exact_bitmap,SQL_FIRST,False
2026-08-30T19:31:44.437+00:00,heldout,0,8,IVFFLAT_HYBRID,category_and_stock,category_01,295,False,0,0.04925,"[0.00,0.05)",8.924041,1.0,False,exact_bitmap,SQL_FIRST,False
2026-08-30T19:31:44.446+00:00,heldout,1,8,SQL_FIRST,category_and_stock,category_01,295,False,0,0.04925,"[0.00,0.05)",8.964083,1.0,True,exact_bitmap,SQL_FIRST,True
2026-08-30T19:31:44.470+00:00,heldout,1,8,VECTOR_FIRST_HNSW,category_and_stock,category_01,295,False,0,0.04925,"[0.00,0.05)",23.175833,0.2,False,exact_bitmap,SQL_FIRST,False
2026-08-30T19:31:44.479+00:00,heldout,1,8,HNSW_HYBRID,category_and_stock,category_01,295,False,0,0.04925,"[0.00,0.05)",8.857459,1.0,False,exact_bitmap,SQL_FIRST,False
2026-08-30T19:31:44.489+00:00,heldout,1,8,IVFFLAT_HYBRID,category_and_stock,category_01,295,False,0,0.04925,"[0.00,0.05)",8.7665,1.0,False,exact_bitmap,SQL_FIRST,False
2026-08-30T19:31:44.511+00:00,heldout,0,197,SQL_FIRST,category_or_price,category_03,297,True,3,0.3663,"[0.25,0.50)",19.3335,1.0,True,exact_seq,HNSW_HYBRID,False
2026-08-30T19:31:44.535+00:00,heldout,0,197,VECTOR_FIRST_HNSW,category_or_price,category_03,297,True,3,0.3663,"[0.25,0.50)",23.195875,1.0,False,exact_bitmap,HNSW_HYBRID,False
2026-08-30T19:31:44.555+00:00,heldout,0,197,HNSW_HYBRID,category_or_price,category_03,297,True,3,0.3663,"[0.25,0.50)",18.987541,1.0,False,exact_seq,HNSW_HYBRID,True
2026-08-30T19:31:44.576+00:00,heldout,0,197,IVFFLAT_HYBRID,category_or_price,category_03,297,True,3,0.3663,"[0.25,0.50)",20.155292,1.0,False,exact_seq,HNSW_HYBRID,False
2026-08-30T19:31:44.595+00:00,heldout,1,197,SQL_FIRST,category_or_price,category_03,297,True,3,0.3663,"[0.25,0.50)",18.891959,1.0,True,exact_seq,HNSW_HYBRID,False
2026-08-30T19:31:44.620+00:00,heldout,1,197,VECTOR_FIRST_HNSW,category_or_price,category_03,297,True,3,0.3663,"[0.25,0.50)",23.695791,1.0,False,exact_bitmap,HNSW_HYBRID,False
2026-08-30T19:31:44.639+00:00,heldout,1,197,HNSW_HYBRID,category_or_price,category_03,297,True,3,0.3663,"[0.25,0.50)",19.430625,1.0,False,exact_seq,HNSW_HYBRID,True
2026-08-30T19:31:44.659+00:00,heldout,1,197,IVFFLAT_HYBRID,category_or_price,category_03,297,True,3,0.3663,"[0.25,0.50)",19.014833,1.0,False,exact_seq,HNSW_HYBRID,False
2026-08-30T19:31:44.677+00:00,heldout,0,199,SQL_FIRST,three_categories,category_02,322,True,3,0.2705,"[0.25,0.50)",16.595417,1.0,True,exact_bitmap,HNSW_HYBRID,False
2026-08-30T19:31:44.703+00:00,heldout,0,199,VECTOR_FIRST_HNSW,three_categories,category_02,322,True,3,0.2705,"[0.25,0.50)",22.988709,1.0,False,exact_bitmap,HNSW_HYBRID,False
2026-08-30T19:31:44.721+00:00,heldout,0,199,HNSW_HYBRID,three_categories,category_02,322,True,3,0.2705,"[0.25,0.50)",16.691208,1.0,False,exact_bitmap,HNSW_HYBRID,True
2026-08-30T19:31:44.739+00:00,heldout,0,199,IVFFLAT_HYBRID,three_categories,category_02,322,True,3,0.2705,"[0.25,0.50)",16.6215,1.0,False,exact_bitmap,HNSW_HYBRID,False
2026-08-30T19:31:44.755+00:00,heldout,1,199,SQL_FIRST,three_categories,category_02,322,True,3,0.2705,"[0.25,0.50)",16.354208,1.0,True,exact_bitmap,HNSW_HYBRID,False
2026-08-30T19:31:44.780+00:00,heldout,1,199,VECTOR_FIRST_HNSW,three_categories,category_02,322,True,3,0.2705,"[0.25,0.50)",24.059166,1.0,False,exact_bitmap,HNSW_HYBRID,False
2026-08-30T19:31:44.797+00:00,heldout,1,199,HNSW_HYBRID,three_categories,category_02,322,True,3,0.2705,"[0.25,0.50)",16.785416,1.0,False,exact_bitmap,HNSW_HYBRID,True
2026-08-30T19:31:44.815+00:00,heldout,1,199,IVFFLAT_HYBRID,three_categories,category_02,322,True,3,0.2705,"[0.25,0.50)",17.182459,1.0,False,exact_bitmap,HNSW_HYBRID,False
2026-08-30T19:31:44.834+00:00,heldout,0,174,SQL_FIRST,three_categories,category_00,926,False,3,0.271845,"[0.25,0.50)",17.316542,1.0,True,exact_bitmap,HNSW_HYBRID,False
2026-08-30T19:31:44.858+00:00,heldout,0,174,VECTOR_FIRST_HNSW,three_categories,category_00,926,False,3,0.271845,"[0.25,0.50)",22.943292,1.0,False,exact_bitmap,HNSW_HYBRID,False
2026-08-30T19:31:44.876+00:00,heldout,0,174,HNSW_HYBRID,three_categories,category_00,926,False,3,0.271845,"[0.25,0.50)",16.637708,1.0,False,exact_bitmap,HNSW_HYBRID,True
2026-08-30T19:31:44.894+00:00,heldout,0,174,IVFFLAT_HYBRID,three_categories,category_00,926,False,3,0.271845,"[0.25,0.50)",16.335709,1.0,False,exact_bitmap,HNSW_HYBRID,False
2026-08-30T19:31:44.911+00:00,heldout,1,174,SQL_FIRST,three_categories,category_00,926,False,3,0.271845,"[0.25,0.50)",17.238375,1.0,True,exact_bitmap,HNSW_HYBRID,False
2026-08-30T19:31:44.936+00:00,heldout,1,174,VECTOR_FIRST_HNSW,three_categories,category_00,926,False,3,0.271845,"[0.25,0.50)",23.708208,1.0,False,exact_bitmap,HNSW_HYBRID,False
2026-08-30T19:31:44.955+00:00,heldout,1,174,HNSW_HYBRID,three_categories,category_00,926,False,3,0.271845,"[0.25,0.50)",18.397375,1.0,False,exact_bitmap,HNSW_HYBRID,True
2026-08-30T19:31:44.972+00:00,heldout,1,174,IVFFLAT_HYBRID,three_categories,category_00,926,False,3,0.271845,"[0.25,0.50)",16.792917,1.0,False,exact_bitmap,HNSW_HYBRID,False
2026-08-30T19:31:44.984+00:00,heldout,0,125,SQL_FIRST,single_category_alone,category_07,583,False,2,0.100435,"[0.10,0.25)",11.715208,1.0,True,exact_bitmap,HNSW_HYBRID,False
2026-08-30T19:31:45.009+00:00,heldout,0,125,VECTOR_FIRST_HNSW,single_category_alone,category_07,583,False,2,0.100435,"[0.10,0.25)",24.196959,0.8,False,exact_bitmap,HNSW_HYBRID,False
2026-08-30T19:31:45.022+00:00,heldout,0,125,HNSW_HYBRID,single_category_alone,category_07,583,False,2,0.100435,"[0.10,0.25)",11.689,1.0,False,exact_bitmap,HNSW_HYBRID,True
2026-08-30T19:31:45.034+00:00,heldout,0,125,IVFFLAT_HYBRID,single_category_alone,category_07,583,False,2,0.100435,"[0.10,0.25)",10.784834,1.0,False,exact_bitmap,HNSW_HYBRID,False
2026-08-30T19:31:45.045+00:00,heldout,1,125,SQL_FIRST,single_category_alone,category_07,583,False,2,0.100435,"[0.10,0.25)",10.79125,1.0,True,exact_bitmap,HNSW_HYBRID,False
2026-08-30T19:31:45.068+00:00,heldout,1,125,VECTOR_FIRST_HNSW,single_category_alone,category_07,583,False,2,0.100435,"[0.10,0.25)",23.172625,0.8,False,exact_bitmap,HNSW_HYBRID,False
2026-08-30T19:31:45.080+00:00,heldout,1,125,HNSW_HYBRID,single_category_alone,category_07,583,False,2,0.100435,"[0.10,0.25)",11.007,1.0,False,exact_bitmap,HNSW_HYBRID,True
2026-08-30T19:31:45.091+00:00,heldout,1,125,IVFFLAT_HYBRID,single_category_alone,category_07,583,False,2,0.100435,"[0.10,0.25)",10.717375,1.0,False,exact_bitmap,HNSW_HYBRID,False
2026-08-30T19:31:45.111+00:00,heldout,0,172,SQL_FIRST,category_or_price,category_06,182,False,3,0.25821,"[0.25,0.50)",16.350042,1.0,True,exact_bitmap,HNSW_HYBRID,False
2026-08-30T19:31:45.135+00:00,heldout,0,172,VECTOR_FIRST_HNSW,category_or_price,category_06,182,False,3,0.25821,"[0.25,0.50)",23.014042,1.0,False,exact_bitmap,HNSW_HYBRID,False
2026-08-30T19:31:45.153+00:00,heldout,0,172,HNSW_HYBRID,category_or_price,category_06,182,False,3,0.25821,"[0.25,0.50)",16.57225,1.0,False,exact_bitmap,HNSW_HYBRID,True
2026-08-30T19:31:45.171+00:00,heldout,0,172,IVFFLAT_HYBRID,category_or_price,category_06,182,False,3,0.25821,"[0.25,0.50)",17.060917,1.0,False,exact_bitmap,HNSW_HYBRID,False
2026-08-30T19:31:45.189+00:00,heldout,1,172,SQL_FIRST,category_or_price,category_06,182,False,3,0.25821,"[0.25,0.50)",18.3675,1.0,True,exact_bitmap,HNSW_HYBRID,False
2026-08-30T19:31:45.213+00:00,heldout,1,172,VECTOR_FIRST_HNSW,category_or_price,category_06,182,False,3,0.25821,"[0.25,0.50)",23.456791,1.0,False,exact_bitmap,HNSW_HYBRID,False
2026-08-30T19:31:45.231+00:00,heldout,1,172,HNSW_HYBRID,category_or_price,category_06,182,False,3,0.25821,"[0.25,0.50)",16.651,1.0,False,exact_bitmap,HNSW_HYBRID,True
2026-08-30T19:31:45.249+00:00,heldout,1,172,IVFFLAT_HYBRID,category_or_price,category_06,182,False,3,0.25821,"[0.25,0.50)",18.033917,1.0,False,exact_bitmap,HNSW_HYBRID,False
2026-08-30T19:31:45.263+00:00,heldout,0,71,SQL_FIRST,single_category,category_04,323,True,1,0.0967,"[0.05,0.10)",10.803917,1.0,True,exact_bitmap,IVFFLAT_HYBRID,False
2026-08-30T19:31:45.288+00:00,heldout,0,71,VECTOR_FIRST_HNSW,single_category,category_04,323,True,1,0.0967,"[0.05,0.10)",23.22225,0.7,False,exact_bitmap,IVFFLAT_HYBRID,False
2026-08-30T19:31:45.300+00:00,heldout,0,71,HNSW_HYBRID,single_category,category_04,323,True,1,0.0967,"[0.05,0.10)",10.800709,1.0,False,exact_bitmap,IVFFLAT_HYBRID,False
2026-08-30T19:31:45.313+00:00,heldout,0,71,IVFFLAT_HYBRID,single_category,category_04,323,True,1,0.0967,"[0.05,0.10)",10.736875,1.0,False,exact_bitmap,IVFFLAT_HYBRID,True
2026-08-30T19:31:45.324+00:00,heldout,1,71,SQL_FIRST,single_category,category_04,323,True,1,0.0967,"[0.05,0.10)",10.796959,1.0,True,exact_bitmap,IVFFLAT_HYBRID,False
2026-08-30T19:31:45.348+00:00,heldout,1,71,VECTOR_FIRST_HNSW,single_category,category_04,323,True,1,0.0967,"[0.05,0.10)",23.2895,0.7,False,exact_bitmap,IVFFLAT_HYBRID,False
2026-08-30T19:31:45.359+00:00,heldout,1,71,HNSW_HYBRID,single_category,category_04,323,True,1,0.0967,"[0.05,0.10)",10.854375,1.0,False,exact_bitmap,IVFFLAT_HYBRID,False
2026-08-30T19:31:45.371+00:00,heldout,1,71,IVFFLAT_HYBRID,single_category,category_04,323,True,1,0.0967,"[0.05,0.10)",10.911416,1.0,False,exact_bitmap,IVFFLAT_HYBRID,True
2026-08-30T19:31:45.393+00:00,heldout,0,134,SQL_FIRST,two_categories,category_06,495,False,2,0.199965,"[0.10,0.25)",18.270708,1.0,True,exact_bitmap,HNSW_HYBRID,False
2026-08-30T19:31:45.418+00:00,heldout,0,134,VECTOR_FIRST_HNSW,two_categories,category_06,495,False,2,0.199965,"[0.10,0.25)",23.007375,1.0,False,exact_bitmap,HNSW_HYBRID,False
2026-08-30T19:31:45.437+00:00,heldout,0,134,HNSW_HYBRID,two_categories,category_06,495,False,2,0.199965,"[0.10,0.25)",18.355458,1.0,False,exact_bitmap,HNSW_HYBRID,True
2026-08-30T19:31:45.459+00:00,heldout,0,134,IVFFLAT_HYBRID,two_categories,category_06,495,False,2,0.199965,"[0.10,0.25)",20.053375,1.0,False,exact_bitmap,HNSW_HYBRID,False
2026-08-30T19:31:45.478+00:00,heldout,1,134,SQL_FIRST,two_categories,category_06,495,False,2,0.199965,"[0.10,0.25)",18.829417,1.0,True,exact_bitmap,HNSW_HYBRID,False
2026-08-30T19:31:45.502+00:00,heldout,1,134,VECTOR_FIRST_HNSW,two_categories,category_06,495,False,2,0.199965,"[0.10,0.25)",23.903417,1.0,False,exact_bitmap,HNSW_HYBRID,False
2026-08-30T19:31:45.521+00:00,heldout,1,134,HNSW_HYBRID,two_categories,category_06,495,False,2,0.199965,"[0.10,0.25)",17.989584,1.0,False,exact_bitmap,HNSW_HYBRID,True
2026-08-30T19:31:45.539+00:00,heldout,1,134,IVFFLAT_HYBRID,two_categories,category_06,495,False,2,0.199965,"[0.10,0.25)",17.998542,1.0,False,exact_bitmap,HNSW_HYBRID,False
2026-08-30T19:31:45.545+00:00,heldout,0,39,SQL_FIRST,category_narrow_price,category_07,779,False,0,0.005025,"[0.00,0.05)",2.719833,1.0,True,exact_bitmap,SQL_FIRST,True
2026-08-30T19:31:45.570+00:00,heldout,0,39,VECTOR_FIRST_HNSW,category_narrow_price,category_07,779,False,0,0.005025,"[0.00,0.05)",23.125125,0.0,False,exact_bitmap,SQL_FIRST,False
2026-08-30T19:31:45.575+00:00,heldout,0,39,HNSW_HYBRID,category_narrow_price,category_07,779,False,0,0.005025,"[0.00,0.05)",2.642708,1.0,False,exact_bitmap,SQL_FIRST,False
2026-08-30T19:31:45.578+00:00,heldout,0,39,IVFFLAT_HYBRID,category_narrow_price,category_07,779,False,0,0.005025,"[0.00,0.05)",2.2195,1.0,False,exact_bitmap,SQL_FIRST,False
2026-08-30T19:31:45.581+00:00,heldout,1,39,SQL_FIRST,category_narrow_price,category_07,779,False,0,0.005025,"[0.00,0.05)",2.129917,1.0,True,exact_bitmap,SQL_FIRST,True
2026-08-30T19:31:45.607+00:00,heldout,1,39,VECTOR_FIRST_HNSW,category_narrow_price,category_07,779,False,0,0.005025,"[0.00,0.05)",26.119625,0.0,False,exact_bitmap,SQL_FIRST,False
2026-08-30T19:31:45.611+00:00,heldout,1,39,HNSW_HYBRID,category_narrow_price,category_07,779,False,0,0.005025,"[0.00,0.05)",2.669958,1.0,False,exact_bitmap,SQL_FIRST,False
2026-08-30T19:31:45.613+00:00,heldout,1,39,IVFFLAT_HYBRID,category_narrow_price,category_07,779,False,0,0.005025,"[0.00,0.05)",2.264458,1.0,False,exact_bitmap,SQL_FIRST,False
2026-08-30T19:31:45.625+00:00,heldout,0,72,SQL_FIRST,single_category,category_06,567,False,1,0.099535,"[0.05,0.10)",11.160458,1.0,True,exact_bitmap,IVFFLAT_HYBRID,False
2026-08-30T19:31:45.650+00:00,heldout,0,72,VECTOR_FIRST_HNSW,single_category,category_06,567,False,1,0.099535,"[0.05,0.10)",23.534333,1.0,False,exact_bitmap,IVFFLAT_HYBRID,False
2026-08-30T19:31:45.662+00:00,heldout,0,72,HNSW_HYBRID,single_category,category_06,567,False,1,0.099535,"[0.05,0.10)",10.753958,1.0,False,exact_bitmap,IVFFLAT_HYBRID,False
2026-08-30T19:31:45.674+00:00,heldout,0,72,IVFFLAT_HYBRID,single_category,category_06,567,False,1,0.099535,"[0.05,0.10)",11.03575,1.0,False,exact_bitmap,IVFFLAT_HYBRID,True
2026-08-30T19:31:45.686+00:00,heldout,1,72,SQL_FIRST,single_category,category_06,567,False,1,0.099535,"[0.05,0.10)",10.79475,1.0,True,exact_bitmap,IVFFLAT_HYBRID,False
2026-08-30T19:31:45.712+00:00,heldout,1,72,VECTOR_FIRST_HNSW,single_category,category_06,567,False,1,0.099535,"[0.05,0.10)",23.643,1.0,False,exact_bitmap,IVFFLAT_HYBRID,False
2026-08-30T19:31:45.725+00:00,heldout,1,72,HNSW_HYBRID,single_category,category_06,567,False,1,0.099535,"[0.05,0.10)",11.763917,1.0,False,exact_bitmap,IVFFLAT_HYBRID,False
2026-08-30T19:31:45.737+00:00,heldout,1,72,IVFFLAT_HYBRID,single_category,category_06,567,False,1,0.099535,"[0.05,0.10)",11.135917,1.0,False,exact_bitmap,IVFFLAT_HYBRID,True
2026-08-30T19:31:45.757+00:00,heldout,0,112,SQL_FIRST,two_categories,category_07,596,True,2,0.1991,"[0.10,0.25)",18.122666,1.0,True,exact_bitmap,HNSW_HYBRID,False
2026-08-30T19:31:45.782+00:00,heldout,0,112,VECTOR_FIRST_HNSW,two_categories,category_07,596,True,2,0.1991,"[0.10,0.25)",23.203584,1.0,False,exact_bitmap,HNSW_HYBRID,False
2026-08-30T19:31:45.802+00:00,heldout,0,112,HNSW_HYBRID,two_categories,category_07,596,True,2,0.1991,"[0.10,0.25)",18.189416,1.0,False,exact_bitmap,HNSW_HYBRID,True
2026-08-30T19:31:45.822+00:00,heldout,0,112,IVFFLAT_HYBRID,two_categories,category_07,596,True,2,0.1991,"[0.10,0.25)",18.236292,1.0,False,exact_bitmap,HNSW_HYBRID,False
2026-08-30T19:31:45.840+00:00,heldout,1,112,SQL_FIRST,two_categories,category_07,596,True,2,0.1991,"[0.10,0.25)",18.352542,1.0,True,exact_bitmap,HNSW_HYBRID,False
2026-08-30T19:31:45.865+00:00,heldout,1,112,VECTOR_FIRST_HNSW,two_categories,category_07,596,True,2,0.1991,"[0.10,0.25)",24.175,1.0,False,exact_bitmap,HNSW_HYBRID,False
2026-08-30T19:31:45.884+00:00,heldout,1,112,HNSW_HYBRID,two_categories,category_07,596,True,2,0.1991,"[0.10,0.25)",18.601792,1.0,False,exact_bitmap,HNSW_HYBRID,True
2026-08-30T19:31:45.905+00:00,heldout,1,112,IVFFLAT_HYBRID,two_categories,category_07,596,True,2,0.1991,"[0.10,0.25)",19.915792,1.0,False,exact_bitmap,HNSW_HYBRID,False
2026-08-30T19:31:45.918+00:00,heldout,0,79,SQL_FIRST,single_category,category_01,403,True,1,0.098665,"[0.05,0.10)",11.431,1.0,True,exact_bitmap,IVFFLAT_HYBRID,False
2026-08-30T19:31:45.945+00:00,heldout,0,79,VECTOR_FIRST_HNSW,single_category,category_01,403,True,1,0.098665,"[0.05,0.10)",25.867042,1.0,False,exact_bitmap,IVFFLAT_HYBRID,False
2026-08-30T19:31:45.959+00:00,heldout,0,79,HNSW_HYBRID,single_category,category_01,403,True,1,0.098665,"[0.05,0.10)",12.656708,1.0,False,exact_bitmap,IVFFLAT_HYBRID,False
2026-08-30T19:31:45.974+00:00,heldout,0,79,IVFFLAT_HYBRID,single_category,category_01,403,True,1,0.098665,"[0.05,0.10)",14.150958,1.0,False,exact_bitmap,IVFFLAT_HYBRID,True
2026-08-30T19:31:45.988+00:00,heldout,1,79,SQL_FIRST,single_category,category_01,403,True,1,0.098665,"[0.05,0.10)",14.023292,1.0,True,exact_bitmap,IVFFLAT_HYBRID,False
2026-08-30T19:31:46.017+00:00,heldout,1,79,VECTOR_FIRST_HNSW,single_category,category_01,403,True,1,0.098665,"[0.05,0.10)",28.368,1.0,False,exact_bitmap,IVFFLAT_HYBRID,False
2026-08-30T19:31:46.028+00:00,heldout,1,79,HNSW_HYBRID,single_category,category_01,403,True,1,0.098665,"[0.05,0.10)",11.050167,1.0,False,exact_bitmap,IVFFLAT_HYBRID,False
2026-08-30T19:31:46.040+00:00,heldout,1,79,IVFFLAT_HYBRID,single_category,category_01,403,True,1,0.098665,"[0.05,0.10)",11.091417,1.0,False,exact_bitmap,IVFFLAT_HYBRID,True
2026-08-30T19:31:46.059+00:00,heldout,0,190,SQL_FIRST,three_categories,category_02,187,False,3,0.2705,"[0.25,0.50)",17.686625,1.0,True,exact_bitmap,HNSW_HYBRID,False
2026-08-30T19:31:46.083+00:00,heldout,0,190,VECTOR_FIRST_HNSW,three_categories,category_02,187,False,3,0.2705,"[0.25,0.50)",23.056458,1.0,False,exact_bitmap,HNSW_HYBRID,False
2026-08-30T19:31:46.101+00:00,heldout,0,190,HNSW_HYBRID,three_categories,category_02,187,False,3,0.2705,"[0.25,0.50)",16.601875,1.0,False,exact_bitmap,HNSW_HYBRID,True
2026-08-30T19:31:46.122+00:00,heldout,0,190,IVFFLAT_HYBRID,three_categories,category_02,187,False,3,0.2705,"[0.25,0.50)",16.569334,1.0,False,exact_bitmap,HNSW_HYBRID,False
2026-08-30T19:31:46.139+00:00,heldout,1,190,SQL_FIRST,three_categories,category_02,187,False,3,0.2705,"[0.25,0.50)",16.746333,1.0,True,exact_bitmap,HNSW_HYBRID,False
2026-08-30T19:31:46.163+00:00,heldout,1,190,VECTOR_FIRST_HNSW,three_categories,category_02,187,False,3,0.2705,"[0.25,0.50)",23.713375,1.0,False,exact_bitmap,HNSW_HYBRID,False
2026-08-30T19:31:46.181+00:00,heldout,1,190,HNSW_HYBRID,three_categories,category_02,187,False,3,0.2705,"[0.25,0.50)",16.925917,1.0,False,exact_bitmap,HNSW_HYBRID,True
2026-08-30T19:31:46.198+00:00,heldout,1,190,IVFFLAT_HYBRID,three_categories,category_02,187,False,3,0.2705,"[0.25,0.50)",16.734,1.0,False,exact_bitmap,HNSW_HYBRID,False
2026-08-30T19:31:46.211+00:00,heldout,0,97,SQL_FIRST,single_category,category_04,932,False,1,0.0967,"[0.05,0.10)",11.029959,1.0,True,exact_bitmap,IVFFLAT_HYBRID,False
2026-08-30T19:31:46.236+00:00,heldout,0,97,VECTOR_FIRST_HNSW,single_category,category_04,932,False,1,0.0967,"[0.05,0.10)",23.107042,0.8,False,exact_bitmap,IVFFLAT_HYBRID,False
2026-08-30T19:31:46.248+00:00,heldout,0,97,HNSW_HYBRID,single_category,category_04,932,False,1,0.0967,"[0.05,0.10)",10.945584,1.0,False,exact_bitmap,IVFFLAT_HYBRID,False
2026-08-30T19:31:46.260+00:00,heldout,0,97,IVFFLAT_HYBRID,single_category,category_04,932,False,1,0.0967,"[0.05,0.10)",10.654041,1.0,False,exact_bitmap,IVFFLAT_HYBRID,True
2026-08-30T19:31:46.272+00:00,heldout,1,97,SQL_FIRST,single_category,category_04,932,False,1,0.0967,"[0.05,0.10)",11.529875,1.0,True,exact_bitmap,IVFFLAT_HYBRID,False
2026-08-30T19:31:46.297+00:00,heldout,1,97,VECTOR_FIRST_HNSW,single_category,category_04,932,False,1,0.0967,"[0.05,0.10)",24.152291,0.8,False,exact_bitmap,IVFFLAT_HYBRID,False
2026-08-30T19:31:46.309+00:00,heldout,1,97,HNSW_HYBRID,single_category,category_04,932,False,1,0.0967,"[0.05,0.10)",11.3325,1.0,False,exact_bitmap,IVFFLAT_HYBRID,False
2026-08-30T19:31:46.321+00:00,heldout,1,97,IVFFLAT_HYBRID,single_category,category_04,932,False,1,0.0967,"[0.05,0.10)",11.344917,1.0,False,exact_bitmap,IVFFLAT_HYBRID,True
2026-08-30T19:31:46.341+00:00,heldout,0,157,SQL_FIRST,three_categories,category_09,915,False,3,0.272595,"[0.25,0.50)",18.750875,1.0,True,exact_bitmap,HNSW_HYBRID,False
2026-08-30T19:31:46.366+00:00,heldout,0,157,VECTOR_FIRST_HNSW,three_categories,category_09,915,False,3,0.272595,"[0.25,0.50)",24.045875,1.0,False,exact_bitmap,HNSW_HYBRID,False
2026-08-30T19:31:46.386+00:00,heldout,0,157,HNSW_HYBRID,three_categories,category_09,915,False,3,0.272595,"[0.25,0.50)",18.622084,1.0,False,exact_bitmap,HNSW_HYBRID,True
2026-08-30T19:31:46.403+00:00,heldout,0,157,IVFFLAT_HYBRID,three_categories,category_09,915,False,3,0.272595,"[0.25,0.50)",16.575917,1.0,False,exact_bitmap,HNSW_HYBRID,False
2026-08-30T19:31:46.421+00:00,heldout,1,157,SQL_FIRST,three_categories,category_09,915,False,3,0.272595,"[0.25,0.50)",18.244583,1.0,True,exact_bitmap,HNSW_HYBRID,False
2026-08-30T19:31:46.447+00:00,heldout,1,157,VECTOR_FIRST_HNSW,three_categories,category_09,915,False,3,0.272595,"[0.25,0.50)",24.915708,1.0,False,exact_bitmap,HNSW_HYBRID,False
2026-08-30T19:31:46.465+00:00,heldout,1,157,HNSW_HYBRID,three_categories,category_09,915,False,3,0.272595,"[0.25,0.50)",17.556042,1.0,False,exact_bitmap,HNSW_HYBRID,True
2026-08-30T19:31:46.484+00:00,heldout,1,157,IVFFLAT_HYBRID,three_categories,category_09,915,False,3,0.272595,"[0.25,0.50)",18.336583,1.0,False,exact_bitmap,HNSW_HYBRID,False
2026-08-30T19:31:46.489+00:00,heldout,0,45,SQL_FIRST,category_narrow_price,category_07,904,True,0,0.005055,"[0.00,0.05)",3.930084,1.0,True,exact_bitmap,SQL_FIRST,True
2026-08-30T19:31:46.515+00:00,heldout,0,45,VECTOR_FIRST_HNSW,category_narrow_price,category_07,904,True,0,0.005055,"[0.00,0.05)",24.499667,0.0,False,exact_bitmap,SQL_FIRST,False
2026-08-30T19:31:46.519+00:00,heldout,0,45,HNSW_HYBRID,category_narrow_price,category_07,904,True,0,0.005055,"[0.00,0.05)",2.853416,1.0,False,exact_bitmap,SQL_FIRST,False
2026-08-30T19:31:46.523+00:00,heldout,0,45,IVFFLAT_HYBRID,category_narrow_price,category_07,904,True,0,0.005055,"[0.00,0.05)",2.4755,1.0,False,exact_bitmap,SQL_FIRST,False
2026-08-30T19:31:46.525+00:00,heldout,1,45,SQL_FIRST,category_narrow_price,category_07,904,True,0,0.005055,"[0.00,0.05)",2.236541,1.0,True,exact_bitmap,SQL_FIRST,True
2026-08-30T19:31:46.549+00:00,heldout,1,45,VECTOR_FIRST_HNSW,category_narrow_price,category_07,904,True,0,0.005055,"[0.00,0.05)",23.494958,0.0,False,exact_bitmap,SQL_FIRST,False
2026-08-30T19:31:46.554+00:00,heldout,1,45,HNSW_HYBRID,category_narrow_price,category_07,904,True,0,0.005055,"[0.00,0.05)",4.091542,1.0,False,exact_bitmap,SQL_FIRST,False
2026-08-30T19:31:46.557+00:00,heldout,1,45,IVFFLAT_HYBRID,category_narrow_price,category_07,904,True,0,0.005055,"[0.00,0.05)",2.575167,1.0,False,exact_bitmap,SQL_FIRST,False
2026-08-30T19:31:46.577+00:00,heldout,0,133,SQL_FIRST,two_categories,category_02,718,False,2,0.202665,"[0.10,0.25)",18.079042,1.0,True,exact_bitmap,HNSW_HYBRID,False
2026-08-30T19:31:46.602+00:00,heldout,0,133,VECTOR_FIRST_HNSW,two_categories,category_02,718,False,2,0.202665,"[0.10,0.25)",23.574417,1.0,False,exact_bitmap,HNSW_HYBRID,False
2026-08-30T19:31:46.621+00:00,heldout,0,133,HNSW_HYBRID,two_categories,category_02,718,False,2,0.202665,"[0.10,0.25)",17.972959,1.0,False,exact_bitmap,HNSW_HYBRID,True
2026-08-30T19:31:46.641+00:00,heldout,0,133,IVFFLAT_HYBRID,two_categories,category_02,718,False,2,0.202665,"[0.10,0.25)",18.081625,1.0,False,exact_bitmap,HNSW_HYBRID,False
2026-08-30T19:31:46.659+00:00,heldout,1,133,SQL_FIRST,two_categories,category_02,718,False,2,0.202665,"[0.10,0.25)",18.050083,1.0,True,exact_bitmap,HNSW_HYBRID,False
2026-08-30T19:31:46.683+00:00,heldout,1,133,VECTOR_FIRST_HNSW,two_categories,category_02,718,False,2,0.202665,"[0.10,0.25)",23.156375,1.0,False,exact_bitmap,HNSW_HYBRID,False
2026-08-30T19:31:46.702+00:00,heldout,1,133,HNSW_HYBRID,two_categories,category_02,718,False,2,0.202665,"[0.10,0.25)",18.184625,1.0,False,exact_bitmap,HNSW_HYBRID,True
2026-08-30T19:31:46.722+00:00,heldout,1,133,IVFFLAT_HYBRID,two_categories,category_02,718,False,2,0.202665,"[0.10,0.25)",18.087916,1.0,False,exact_bitmap,HNSW_HYBRID,False
2026-08-30T19:31:46.751+00:00,heldout,0,235,SQL_FIRST,wide_or,category_00,993,False,4,0.99667,"[0.50,1.00)",26.406917,1.0,True,exact_seq,SQL_FIRST,True
2026-08-30T19:31:46.776+00:00,heldout,0,235,VECTOR_FIRST_HNSW,wide_or,category_00,993,False,4,0.99667,"[0.50,1.00)",23.694541,1.0,False,exact_bitmap,SQL_FIRST,False
2026-08-30T19:31:46.804+00:00,heldout,0,235,HNSW_HYBRID,wide_or,category_00,993,False,4,0.99667,"[0.50,1.00)",26.893916,1.0,False,exact_seq,SQL_FIRST,False
2026-08-30T19:31:46.832+00:00,heldout,0,235,IVFFLAT_HYBRID,wide_or,category_00,993,False,4,0.99667,"[0.50,1.00)",26.313083,1.0,False,exact_seq,SQL_FIRST,False
2026-08-30T19:31:46.858+00:00,heldout,1,235,SQL_FIRST,wide_or,category_00,993,False,4,0.99667,"[0.50,1.00)",26.31325,1.0,True,exact_seq,SQL_FIRST,True
2026-08-30T19:31:46.882+00:00,heldout,1,235,VECTOR_FIRST_HNSW,wide_or,category_00,993,False,4,0.99667,"[0.50,1.00)",23.238542,1.0,False,exact_bitmap,SQL_FIRST,False
2026-08-30T19:31:46.909+00:00,heldout,1,235,HNSW_HYBRID,wide_or,category_00,993,False,4,0.99667,"[0.50,1.00)",26.257666,1.0,False,exact_seq,SQL_FIRST,False
2026-08-30T19:31:46.937+00:00,heldout,1,235,IVFFLAT_HYBRID,wide_or,category_00,993,False,4,0.99667,"[0.50,1.00)",26.339917,1.0,False,exact_seq,SQL_FIRST,False
2026-08-30T19:31:46.948+00:00,heldout,0,33,SQL_FIRST,category_and_stock,category_02,922,True,0,0.049565,"[0.00,0.05)",8.800541,1.0,True,exact_bitmap,SQL_FIRST,True
2026-08-30T19:31:46.973+00:00,heldout,0,33,VECTOR_FIRST_HNSW,category_and_stock,category_02,922,True,0,0.049565,"[0.00,0.05)",23.682541,0.2,False,exact_bitmap,SQL_FIRST,False
2026-08-30T19:31:46.983+00:00,heldout,0,33,HNSW_HYBRID,category_and_stock,category_02,922,True,0,0.049565,"[0.00,0.05)",9.249583,1.0,False,exact_bitmap,SQL_FIRST,False
2026-08-30T19:31:46.993+00:00,heldout,0,33,IVFFLAT_HYBRID,category_and_stock,category_02,922,True,0,0.049565,"[0.00,0.05)",9.34525,1.0,False,exact_bitmap,SQL_FIRST,False
2026-08-30T19:31:47.003+00:00,heldout,1,33,SQL_FIRST,category_and_stock,category_02,922,True,0,0.049565,"[0.00,0.05)",9.857667,1.0,True,exact_bitmap,SQL_FIRST,True
2026-08-30T19:31:47.029+00:00,heldout,1,33,VECTOR_FIRST_HNSW,category_and_stock,category_02,922,True,0,0.049565,"[0.00,0.05)",25.513458,0.2,False,exact_bitmap,SQL_FIRST,False
2026-08-30T19:31:47.039+00:00,heldout,1,33,HNSW_HYBRID,category_and_stock,category_02,922,True,0,0.049565,"[0.00,0.05)",9.646167,1.0,False,exact_bitmap,SQL_FIRST,False
2026-08-30T19:31:47.048+00:00,heldout,1,33,IVFFLAT_HYBRID,category_and_stock,category_02,922,True,0,0.049565,"[0.00,0.05)",8.694833,1.0,False,exact_bitmap,SQL_FIRST,False
2026-08-30T19:31:47.068+00:00,heldout,0,200,SQL_FIRST,three_categories,category_04,914,True,3,0.267975,"[0.25,0.50)",18.41125,1.0,True,exact_bitmap,HNSW_HYBRID,False
2026-08-30T19:31:47.093+00:00,heldout,0,200,VECTOR_FIRST_HNSW,three_categories,category_04,914,True,3,0.267975,"[0.25,0.50)",22.999875,1.0,False,exact_bitmap,HNSW_HYBRID,False
2026-08-30T19:31:47.111+00:00,heldout,0,200,HNSW_HYBRID,three_categories,category_04,914,True,3,0.267975,"[0.25,0.50)",16.725583,1.0,False,exact_bitmap,HNSW_HYBRID,True
2026-08-30T19:31:47.129+00:00,heldout,0,200,IVFFLAT_HYBRID,three_categories,category_04,914,True,3,0.267975,"[0.25,0.50)",16.573167,1.0,False,exact_bitmap,HNSW_HYBRID,False
2026-08-30T19:31:47.147+00:00,heldout,1,200,SQL_FIRST,three_categories,category_04,914,True,3,0.267975,"[0.25,0.50)",16.854292,1.0,True,exact_bitmap,HNSW_HYBRID,False
2026-08-30T19:31:47.171+00:00,heldout,1,200,VECTOR_FIRST_HNSW,three_categories,category_04,914,True,3,0.267975,"[0.25,0.50)",23.484084,1.0,False,exact_bitmap,HNSW_HYBRID,False
2026-08-30T19:31:47.188+00:00,heldout,1,200,HNSW_HYBRID,three_categories,category_04,914,True,3,0.267975,"[0.25,0.50)",16.70725,1.0,False,exact_bitmap,HNSW_HYBRID,True
2026-08-30T19:31:47.205+00:00,heldout,1,200,IVFFLAT_HYBRID,three_categories,category_04,914,True,3,0.267975,"[0.25,0.50)",16.715792,1.0,False,exact_bitmap,HNSW_HYBRID,False
2026-08-30T19:31:47.217+00:00,heldout,0,25,SQL_FIRST,category_and_stock,category_02,444,True,0,0.049565,"[0.00,0.05)",8.953542,1.0,True,exact_bitmap,SQL_FIRST,True
2026-08-30T19:31:47.242+00:00,heldout,0,25,VECTOR_FIRST_HNSW,category_and_stock,category_02,444,True,0,0.049565,"[0.00,0.05)",23.114542,0.4,False,exact_bitmap,SQL_FIRST,False
2026-08-30T19:31:47.253+00:00,heldout,0,25,HNSW_HYBRID,category_and_stock,category_02,444,True,0,0.049565,"[0.00,0.05)",8.882584,1.0,False,exact_bitmap,SQL_FIRST,False
2026-08-30T19:31:47.263+00:00,heldout,0,25,IVFFLAT_HYBRID,category_and_stock,category_02,444,True,0,0.049565,"[0.00,0.05)",8.56775,1.0,False,exact_bitmap,SQL_FIRST,False
2026-08-30T19:31:47.273+00:00,heldout,1,25,SQL_FIRST,category_and_stock,category_02,444,True,0,0.049565,"[0.00,0.05)",8.922041,1.0,True,exact_bitmap,SQL_FIRST,True
2026-08-30T19:31:47.296+00:00,heldout,1,25,VECTOR_FIRST_HNSW,category_and_stock,category_02,444,True,0,0.049565,"[0.00,0.05)",23.148084,0.4,False,exact_bitmap,SQL_FIRST,False
2026-08-30T19:31:47.306+00:00,heldout,1,25,HNSW_HYBRID,category_and_stock,category_02,444,True,0,0.049565,"[0.00,0.05)",9.540208,1.0,False,exact_bitmap,SQL_FIRST,False
2026-08-30T19:31:47.316+00:00,heldout,1,25,IVFFLAT_HYBRID,category_and_stock,category_02,444,True,0,0.049565,"[0.00,0.05)",8.912917,1.0,False,exact_bitmap,SQL_FIRST,False
2026-08-30T19:31:47.330+00:00,heldout,0,69,SQL_FIRST,single_category,category_02,30,False,1,0.098965,"[0.05,0.10)",11.545959,1.0,True,exact_bitmap,IVFFLAT_HYBRID,False
2026-08-30T19:31:47.355+00:00,heldout,0,69,VECTOR_FIRST_HNSW,single_category,category_02,30,False,1,0.098965,"[0.05,0.10)",23.35175,1.0,False,exact_bitmap,IVFFLAT_HYBRID,False
2026-08-30T19:31:47.367+00:00,heldout,0,69,HNSW_HYBRID,single_category,category_02,30,False,1,0.098965,"[0.05,0.10)",10.877208,1.0,False,exact_bitmap,IVFFLAT_HYBRID,False
2026-08-30T19:31:47.379+00:00,heldout,0,69,IVFFLAT_HYBRID,single_category,category_02,30,False,1,0.098965,"[0.05,0.10)",11.046667,1.0,False,exact_bitmap,IVFFLAT_HYBRID,True
2026-08-30T19:31:47.390+00:00,heldout,1,69,SQL_FIRST,single_category,category_02,30,False,1,0.098965,"[0.05,0.10)",10.610417,1.0,True,exact_bitmap,IVFFLAT_HYBRID,False
2026-08-30T19:31:47.414+00:00,heldout,1,69,VECTOR_FIRST_HNSW,single_category,category_02,30,False,1,0.098965,"[0.05,0.10)",23.142959,1.0,False,exact_bitmap,IVFFLAT_HYBRID,False
2026-08-30T19:31:47.425+00:00,heldout,1,69,HNSW_HYBRID,single_category,category_02,30,False,1,0.098965,"[0.05,0.10)",10.792125,1.0,False,exact_bitmap,IVFFLAT_HYBRID,False
2026-08-30T19:31:47.437+00:00,heldout,1,69,IVFFLAT_HYBRID,single_category,category_02,30,False,1,0.098965,"[0.05,0.10)",11.052292,1.0,False,exact_bitmap,IVFFLAT_HYBRID,True
2026-08-30T19:31:47.451+00:00,heldout,0,113,SQL_FIRST,price_range_mid,category_00,227,True,2,0.10058,"[0.10,0.25)",12.098708,1.0,True,exact_bitmap,HNSW_HYBRID,False
2026-08-30T19:31:47.477+00:00,heldout,0,113,VECTOR_FIRST_HNSW,price_range_mid,category_00,227,True,2,0.10058,"[0.10,0.25)",24.013709,1.0,False,exact_bitmap,HNSW_HYBRID,False
2026-08-30T19:31:47.489+00:00,heldout,0,113,HNSW_HYBRID,price_range_mid,category_00,227,True,2,0.10058,"[0.10,0.25)",11.426584,1.0,False,exact_bitmap,HNSW_HYBRID,True
2026-08-30T19:31:47.502+00:00,heldout,0,113,IVFFLAT_HYBRID,price_range_mid,category_00,227,True,2,0.10058,"[0.10,0.25)",11.32,1.0,False,exact_bitmap,HNSW_HYBRID,False
2026-08-30T19:31:47.513+00:00,heldout,1,113,SQL_FIRST,price_range_mid,category_00,227,True,2,0.10058,"[0.10,0.25)",11.240958,1.0,True,exact_bitmap,HNSW_HYBRID,False
2026-08-30T19:31:47.538+00:00,heldout,1,113,VECTOR_FIRST_HNSW,price_range_mid,category_00,227,True,2,0.10058,"[0.10,0.25)",24.290417,1.0,False,exact_bitmap,HNSW_HYBRID,False
2026-08-30T19:31:47.550+00:00,heldout,1,113,HNSW_HYBRID,price_range_mid,category_00,227,True,2,0.10058,"[0.10,0.25)",11.489625,1.0,False,exact_bitmap,HNSW_HYBRID,True
2026-08-30T19:31:47.563+00:00,heldout,1,113,IVFFLAT_HYBRID,price_range_mid,category_00,227,True,2,0.10058,"[0.10,0.25)",12.411917,1.0,False,exact_bitmap,HNSW_HYBRID,False
2026-08-30T19:31:47.583+00:00,heldout,0,117,SQL_FIRST,two_categories,category_02,197,True,2,0.202665,"[0.10,0.25)",18.537625,1.0,True,exact_bitmap,HNSW_HYBRID,False
2026-08-30T19:31:47.608+00:00,heldout,0,117,VECTOR_FIRST_HNSW,two_categories,category_02,197,True,2,0.202665,"[0.10,0.25)",23.1385,1.0,False,exact_bitmap,HNSW_HYBRID,False
2026-08-30T19:31:47.627+00:00,heldout,0,117,HNSW_HYBRID,two_categories,category_02,197,True,2,0.202665,"[0.10,0.25)",18.082625,1.0,False,exact_bitmap,HNSW_HYBRID,True
2026-08-30T19:31:47.649+00:00,heldout,0,117,IVFFLAT_HYBRID,two_categories,category_02,197,True,2,0.202665,"[0.10,0.25)",18.042333,1.0,False,exact_bitmap,HNSW_HYBRID,False
2026-08-30T19:31:47.672+00:00,heldout,1,117,SQL_FIRST,two_categories,category_02,197,True,2,0.202665,"[0.10,0.25)",22.483125,1.0,True,exact_bitmap,HNSW_HYBRID,False
2026-08-30T19:31:47.700+00:00,heldout,1,117,VECTOR_FIRST_HNSW,two_categories,category_02,197,True,2,0.202665,"[0.10,0.25)",26.712959,1.0,False,exact_bitmap,HNSW_HYBRID,False
2026-08-30T19:31:47.719+00:00,heldout,1,117,HNSW_HYBRID,two_categories,category_02,197,True,2,0.202665,"[0.10,0.25)",18.6915,1.0,False,exact_bitmap,HNSW_HYBRID,True
2026-08-30T19:31:47.739+00:00,heldout,1,117,IVFFLAT_HYBRID,two_categories,category_02,197,True,2,0.202665,"[0.10,0.25)",19.219,1.0,False,exact_bitmap,HNSW_HYBRID,False
2026-08-30T19:31:47.750+00:00,heldout,0,47,SQL_FIRST,category_and_stock,category_04,997,True,0,0.04843,"[0.00,0.05)",9.078291,1.0,True,exact_bitmap,SQL_FIRST,True
2026-08-30T19:31:47.774+00:00,heldout,0,47,VECTOR_FIRST_HNSW,category_and_stock,category_04,997,True,0,0.04843,"[0.00,0.05)",23.253959,0.4,False,exact_bitmap,SQL_FIRST,False
2026-08-30T19:31:47.785+00:00,heldout,0,47,HNSW_HYBRID,category_and_stock,category_04,997,True,0,0.04843,"[0.00,0.05)",8.975625,1.0,False,exact_bitmap,SQL_FIRST,False
2026-08-30T19:31:47.795+00:00,heldout,0,47,IVFFLAT_HYBRID,category_and_stock,category_04,997,True,0,0.04843,"[0.00,0.05)",8.651042,1.0,False,exact_bitmap,SQL_FIRST,False
2026-08-30T19:31:47.804+00:00,heldout,1,47,SQL_FIRST,category_and_stock,category_04,997,True,0,0.04843,"[0.00,0.05)",9.043625,1.0,True,exact_bitmap,SQL_FIRST,True
2026-08-30T19:31:47.828+00:00,heldout,1,47,VECTOR_FIRST_HNSW,category_and_stock,category_04,997,True,0,0.04843,"[0.00,0.05)",23.199916,0.4,False,exact_bitmap,SQL_FIRST,False
2026-08-30T19:31:47.838+00:00,heldout,1,47,HNSW_HYBRID,category_and_stock,category_04,997,True,0,0.04843,"[0.00,0.05)",9.26125,1.0,False,exact_bitmap,SQL_FIRST,False
2026-08-30T19:31:47.848+00:00,heldout,1,47,IVFFLAT_HYBRID,category_and_stock,category_04,997,True,0,0.04843,"[0.00,0.05)",9.227209,1.0,False,exact_bitmap,SQL_FIRST,False
2026-08-30T19:31:47.863+00:00,heldout,0,88,SQL_FIRST,single_category,category_08,170,False,1,0.098665,"[0.05,0.10)",13.104292,1.0,True,exact_bitmap,IVFFLAT_HYBRID,False
2026-08-30T19:31:47.888+00:00,heldout,0,88,VECTOR_FIRST_HNSW,single_category,category_08,170,False,1,0.098665,"[0.05,0.10)",24.033625,0.5,False,exact_bitmap,IVFFLAT_HYBRID,False
2026-08-30T19:31:47.901+00:00,heldout,0,88,HNSW_HYBRID,single_category,category_08,170,False,1,0.098665,"[0.05,0.10)",11.135584,1.0,False,exact_bitmap,IVFFLAT_HYBRID,False
2026-08-30T19:31:47.914+00:00,heldout,0,88,IVFFLAT_HYBRID,single_category,category_08,170,False,1,0.098665,"[0.05,0.10)",11.802875,1.0,False,exact_bitmap,IVFFLAT_HYBRID,True
2026-08-30T19:31:47.925+00:00,heldout,1,88,SQL_FIRST,single_category,category_08,170,False,1,0.098665,"[0.05,0.10)",11.016291,1.0,True,exact_bitmap,IVFFLAT_HYBRID,False
2026-08-30T19:31:47.950+00:00,heldout,1,88,VECTOR_FIRST_HNSW,single_category,category_08,170,False,1,0.098665,"[0.05,0.10)",24.085583,0.5,False,exact_bitmap,IVFFLAT_HYBRID,False
2026-08-30T19:31:47.962+00:00,heldout,1,88,HNSW_HYBRID,single_category,category_08,170,False,1,0.098665,"[0.05,0.10)",11.20225,1.0,False,exact_bitmap,IVFFLAT_HYBRID,False
2026-08-30T19:31:47.973+00:00,heldout,1,88,IVFFLAT_HYBRID,single_category,category_08,170,False,1,0.098665,"[0.05,0.10)",11.138208,1.0,False,exact_bitmap,IVFFLAT_HYBRID,True
2026-08-30T19:31:47.986+00:00,heldout,0,85,SQL_FIRST,single_category,category_04,839,False,1,0.0967,"[0.05,0.10)",11.579709,1.0,True,exact_bitmap,IVFFLAT_HYBRID,False
2026-08-30T19:31:48.011+00:00,heldout,0,85,VECTOR_FIRST_HNSW,single_category,category_04,839,False,1,0.0967,"[0.05,0.10)",24.054,1.0,False,exact_bitmap,IVFFLAT_HYBRID,False
2026-08-30T19:31:48.023+00:00,heldout,0,85,HNSW_HYBRID,single_category,category_04,839,False,1,0.0967,"[0.05,0.10)",11.1825,1.0,False,exact_bitmap,IVFFLAT_HYBRID,False
2026-08-30T19:31:48.035+00:00,heldout,0,85,IVFFLAT_HYBRID,single_category,category_04,839,False,1,0.0967,"[0.05,0.10)",10.908042,1.0,False,exact_bitmap,IVFFLAT_HYBRID,True
2026-08-30T19:31:48.047+00:00,heldout,1,85,SQL_FIRST,single_category,category_04,839,False,1,0.0967,"[0.05,0.10)",11.432792,1.0,True,exact_bitmap,IVFFLAT_HYBRID,False
2026-08-30T19:31:48.072+00:00,heldout,1,85,VECTOR_FIRST_HNSW,single_category,category_04,839,False,1,0.0967,"[0.05,0.10)",24.943334,1.0,False,exact_bitmap,IVFFLAT_HYBRID,False
2026-08-30T19:31:48.084+00:00,heldout,1,85,HNSW_HYBRID,single_category,category_04,839,False,1,0.0967,"[0.05,0.10)",11.18975,1.0,False,exact_bitmap,IVFFLAT_HYBRID,False
2026-08-30T19:31:48.096+00:00,heldout,1,85,IVFFLAT_HYBRID,single_category,category_04,839,False,1,0.0967,"[0.05,0.10)",11.72225,1.0,False,exact_bitmap,IVFFLAT_HYBRID,True
2026-08-30T19:31:48.112+00:00,heldout,0,99,SQL_FIRST,single_category,category_08,379,False,1,0.098665,"[0.05,0.10)",11.758625,1.0,True,exact_bitmap,IVFFLAT_HYBRID,False
2026-08-30T19:31:48.140+00:00,heldout,0,99,VECTOR_FIRST_HNSW,single_category,category_08,379,False,1,0.098665,"[0.05,0.10)",23.434875,0.9,False,exact_bitmap,IVFFLAT_HYBRID,False
2026-08-30T19:31:48.152+00:00,heldout,0,99,HNSW_HYBRID,single_category,category_08,379,False,1,0.098665,"[0.05,0.10)",11.638875,1.0,False,exact_bitmap,IVFFLAT_HYBRID,False
2026-08-30T19:31:48.164+00:00,heldout,0,99,IVFFLAT_HYBRID,single_category,category_08,379,False,1,0.098665,"[0.05,0.10)",11.150833,1.0,False,exact_bitmap,IVFFLAT_HYBRID,True
2026-08-30T19:31:48.175+00:00,heldout,1,99,SQL_FIRST,single_category,category_08,379,False,1,0.098665,"[0.05,0.10)",10.996209,1.0,True,exact_bitmap,IVFFLAT_HYBRID,False
2026-08-30T19:31:48.199+00:00,heldout,1,99,VECTOR_FIRST_HNSW,single_category,category_08,379,False,1,0.098665,"[0.05,0.10)",23.044708,0.9,False,exact_bitmap,IVFFLAT_HYBRID,False
2026-08-30T19:31:48.211+00:00,heldout,1,99,HNSW_HYBRID,single_category,category_08,379,False,1,0.098665,"[0.05,0.10)",11.039208,1.0,False,exact_bitmap,IVFFLAT_HYBRID,False
2026-08-30T19:31:48.222+00:00,heldout,1,99,IVFFLAT_HYBRID,single_category,category_08,379,False,1,0.098665,"[0.05,0.10)",10.946875,1.0,False,exact_bitmap,IVFFLAT_HYBRID,True
2026-08-30T19:31:48.239+00:00,heldout,0,80,SQL_FIRST,single_category,category_09,636,True,1,0.0999,"[0.05,0.10)",13.708042,1.0,True,exact_bitmap,IVFFLAT_HYBRID,False
2026-08-30T19:31:48.264+00:00,heldout,0,80,VECTOR_FIRST_HNSW,single_category,category_09,636,True,1,0.0999,"[0.05,0.10)",23.759125,1.0,False,exact_bitmap,IVFFLAT_HYBRID,False
2026-08-30T19:31:48.276+00:00,heldout,0,80,HNSW_HYBRID,single_category,category_09,636,True,1,0.0999,"[0.05,0.10)",10.984792,1.0,False,exact_bitmap,IVFFLAT_HYBRID,False
2026-08-30T19:31:48.288+00:00,heldout,0,80,IVFFLAT_HYBRID,single_category,category_09,636,True,1,0.0999,"[0.05,0.10)",10.957583,1.0,False,exact_bitmap,IVFFLAT_HYBRID,True
2026-08-30T19:31:48.299+00:00,heldout,1,80,SQL_FIRST,single_category,category_09,636,True,1,0.0999,"[0.05,0.10)",10.769667,1.0,True,exact_bitmap,IVFFLAT_HYBRID,False
2026-08-30T19:31:48.323+00:00,heldout,1,80,VECTOR_FIRST_HNSW,single_category,category_09,636,True,1,0.0999,"[0.05,0.10)",23.176375,1.0,False,exact_bitmap,IVFFLAT_HYBRID,False
2026-08-30T19:31:48.335+00:00,heldout,1,80,HNSW_HYBRID,single_category,category_09,636,True,1,0.0999,"[0.05,0.10)",11.065167,1.0,False,exact_bitmap,IVFFLAT_HYBRID,False
2026-08-30T19:31:48.348+00:00,heldout,1,80,IVFFLAT_HYBRID,single_category,category_09,636,True,1,0.0999,"[0.05,0.10)",11.002833,1.0,False,exact_bitmap,IVFFLAT_HYBRID,True
2026-08-30T19:31:48.370+00:00,heldout,0,221,SQL_FIRST,stock_alone,category_03,706,True,4,0.500835,"[0.50,1.00)",19.742583,1.0,True,exact_seq,SQL_FIRST,True
2026-08-30T19:31:48.397+00:00,heldout,0,221,VECTOR_FIRST_HNSW,stock_alone,category_03,706,True,4,0.500835,"[0.50,1.00)",25.160084,1.0,False,exact_bitmap,SQL_FIRST,False
2026-08-30T19:31:48.419+00:00,heldout,0,221,HNSW_HYBRID,stock_alone,category_03,706,True,4,0.500835,"[0.50,1.00)",20.921209,1.0,False,exact_seq,SQL_FIRST,False
2026-08-30T19:31:48.439+00:00,heldout,0,221,IVFFLAT_HYBRID,stock_alone,category_03,706,True,4,0.500835,"[0.50,1.00)",19.085292,1.0,False,exact_seq,SQL_FIRST,False
2026-08-30T19:31:48.459+00:00,heldout,1,221,SQL_FIRST,stock_alone,category_03,706,True,4,0.500835,"[0.50,1.00)",19.520416,1.0,True,exact_seq,SQL_FIRST,True
2026-08-30T19:31:48.482+00:00,heldout,1,221,VECTOR_FIRST_HNSW,stock_alone,category_03,706,True,4,0.500835,"[0.50,1.00)",23.087458,1.0,False,exact_bitmap,SQL_FIRST,False
2026-08-30T19:31:48.504+00:00,heldout,1,221,HNSW_HYBRID,stock_alone,category_03,706,True,4,0.500835,"[0.50,1.00)",20.649917,1.0,False,exact_seq,SQL_FIRST,False
2026-08-30T19:31:48.523+00:00,heldout,1,221,IVFFLAT_HYBRID,stock_alone,category_03,706,True,4,0.500835,"[0.50,1.00)",19.296083,1.0,False,exact_seq,SQL_FIRST,False
2026-08-30T19:31:48.543+00:00,heldout,0,137,SQL_FIRST,two_categories,category_03,385,False,2,0.2004,"[0.10,0.25)",18.925667,1.0,True,exact_bitmap,HNSW_HYBRID,False
2026-08-30T19:31:48.569+00:00,heldout,0,137,VECTOR_FIRST_HNSW,two_categories,category_03,385,False,2,0.2004,"[0.10,0.25)",24.248291,1.0,False,exact_bitmap,HNSW_HYBRID,False
2026-08-30T19:31:48.590+00:00,heldout,0,137,HNSW_HYBRID,two_categories,category_03,385,False,2,0.2004,"[0.10,0.25)",19.062584,1.0,False,exact_bitmap,HNSW_HYBRID,True
2026-08-30T19:31:48.611+00:00,heldout,0,137,IVFFLAT_HYBRID,two_categories,category_03,385,False,2,0.2004,"[0.10,0.25)",20.117917,1.0,False,exact_bitmap,HNSW_HYBRID,False
2026-08-30T19:31:48.631+00:00,heldout,1,137,SQL_FIRST,two_categories,category_03,385,False,2,0.2004,"[0.10,0.25)",19.664042,1.0,True,exact_bitmap,HNSW_HYBRID,False
2026-08-30T19:31:48.657+00:00,heldout,1,137,VECTOR_FIRST_HNSW,two_categories,category_03,385,False,2,0.2004,"[0.10,0.25)",24.51175,1.0,False,exact_bitmap,HNSW_HYBRID,False
2026-08-30T19:31:48.676+00:00,heldout,1,137,HNSW_HYBRID,two_categories,category_03,385,False,2,0.2004,"[0.10,0.25)",18.546292,1.0,False,exact_bitmap,HNSW_HYBRID,True
2026-08-30T19:31:48.695+00:00,heldout,1,137,IVFFLAT_HYBRID,two_categories,category_03,385,False,2,0.2004,"[0.10,0.25)",18.567833,1.0,False,exact_bitmap,HNSW_HYBRID,False
2026-08-30T19:31:48.708+00:00,heldout,0,67,SQL_FIRST,single_category,category_04,372,True,1,0.0967,"[0.05,0.10)",11.098333,1.0,True,exact_bitmap,IVFFLAT_HYBRID,False
2026-08-30T19:31:48.732+00:00,heldout,0,67,VECTOR_FIRST_HNSW,single_category,category_04,372,True,1,0.0967,"[0.05,0.10)",23.153541,0.9,False,exact_bitmap,IVFFLAT_HYBRID,False
2026-08-30T19:31:48.744+00:00,heldout,0,67,HNSW_HYBRID,single_category,category_04,372,True,1,0.0967,"[0.05,0.10)",10.853708,1.0,False,exact_bitmap,IVFFLAT_HYBRID,False
2026-08-30T19:31:48.756+00:00,heldout,0,67,IVFFLAT_HYBRID,single_category,category_04,372,True,1,0.0967,"[0.05,0.10)",10.86325,1.0,False,exact_bitmap,IVFFLAT_HYBRID,True
2026-08-30T19:31:48.768+00:00,heldout,1,67,SQL_FIRST,single_category,category_04,372,True,1,0.0967,"[0.05,0.10)",10.92475,1.0,True,exact_bitmap,IVFFLAT_HYBRID,False
2026-08-30T19:31:48.791+00:00,heldout,1,67,VECTOR_FIRST_HNSW,single_category,category_04,372,True,1,0.0967,"[0.05,0.10)",23.142334,0.9,False,exact_bitmap,IVFFLAT_HYBRID,False
2026-08-30T19:31:48.804+00:00,heldout,1,67,HNSW_HYBRID,single_category,category_04,372,True,1,0.0967,"[0.05,0.10)",11.465375,1.0,False,exact_bitmap,IVFFLAT_HYBRID,False
2026-08-30T19:31:48.815+00:00,heldout,1,67,IVFFLAT_HYBRID,single_category,category_04,372,True,1,0.0967,"[0.05,0.10)",10.987541,1.0,False,exact_bitmap,IVFFLAT_HYBRID,True
2026-08-30T19:31:48.836+00:00,heldout,0,116,SQL_FIRST,two_categories,category_01,459,True,2,0.197635,"[0.10,0.25)",18.280583,1.0,True,exact_bitmap,HNSW_HYBRID,False
2026-08-30T19:31:48.861+00:00,heldout,0,116,VECTOR_FIRST_HNSW,two_categories,category_01,459,True,2,0.197635,"[0.10,0.25)",23.095125,1.0,False,exact_bitmap,HNSW_HYBRID,False
2026-08-30T19:31:48.880+00:00,heldout,0,116,HNSW_HYBRID,two_categories,category_01,459,True,2,0.197635,"[0.10,0.25)",18.342792,1.0,False,exact_bitmap,HNSW_HYBRID,True
2026-08-30T19:31:48.900+00:00,heldout,0,116,IVFFLAT_HYBRID,two_categories,category_01,459,True,2,0.197635,"[0.10,0.25)",18.653334,1.0,False,exact_bitmap,HNSW_HYBRID,False
2026-08-30T19:31:48.920+00:00,heldout,1,116,SQL_FIRST,two_categories,category_01,459,True,2,0.197635,"[0.10,0.25)",19.264542,1.0,True,exact_bitmap,HNSW_HYBRID,False
2026-08-30T19:31:48.945+00:00,heldout,1,116,VECTOR_FIRST_HNSW,two_categories,category_01,459,True,2,0.197635,"[0.10,0.25)",24.414375,1.0,False,exact_bitmap,HNSW_HYBRID,False
2026-08-30T19:31:48.965+00:00,heldout,1,116,HNSW_HYBRID,two_categories,category_01,459,True,2,0.197635,"[0.10,0.25)",19.981666,1.0,False,exact_bitmap,HNSW_HYBRID,True
2026-08-30T19:31:48.986+00:00,heldout,1,116,IVFFLAT_HYBRID,two_categories,category_01,459,True,2,0.197635,"[0.10,0.25)",20.469834,1.0,False,exact_bitmap,HNSW_HYBRID,False
2026-08-30T19:31:49.016+00:00,heldout,0,239,SQL_FIRST,wide_or,category_05,191,False,4,0.632965,"[0.50,1.00)",28.333792,1.0,True,exact_seq,SQL_FIRST,True
2026-08-30T19:31:49.041+00:00,heldout,0,239,VECTOR_FIRST_HNSW,wide_or,category_05,191,False,4,0.632965,"[0.50,1.00)",24.570917,1.0,False,exact_bitmap,SQL_FIRST,False
2026-08-30T19:31:49.065+00:00,heldout,0,239,HNSW_HYBRID,wide_or,category_05,191,False,4,0.632965,"[0.50,1.00)",22.699291,1.0,False,exact_seq,SQL_FIRST,False
2026-08-30T19:31:49.088+00:00,heldout,0,239,IVFFLAT_HYBRID,wide_or,category_05,191,False,4,0.632965,"[0.50,1.00)",22.241625,1.0,False,exact_seq,SQL_FIRST,False
2026-08-30T19:31:49.111+00:00,heldout,1,239,SQL_FIRST,wide_or,category_05,191,False,4,0.632965,"[0.50,1.00)",22.97625,1.0,True,exact_seq,SQL_FIRST,True
2026-08-30T19:31:49.136+00:00,heldout,1,239,VECTOR_FIRST_HNSW,wide_or,category_05,191,False,4,0.632965,"[0.50,1.00)",23.631708,1.0,False,exact_bitmap,SQL_FIRST,False
2026-08-30T19:31:49.160+00:00,heldout,1,239,HNSW_HYBRID,wide_or,category_05,191,False,4,0.632965,"[0.50,1.00)",23.581417,1.0,False,exact_seq,SQL_FIRST,False
2026-08-30T19:31:49.186+00:00,heldout,1,239,IVFFLAT_HYBRID,wide_or,category_05,191,False,4,0.632965,"[0.50,1.00)",25.385292,1.0,False,exact_seq,SQL_FIRST,False
2026-08-30T19:31:49.197+00:00,heldout,0,7,SQL_FIRST,category_and_stock,category_05,610,False,0,0.049935,"[0.00,0.05)",9.196708,1.0,True,exact_bitmap,SQL_FIRST,True
2026-08-30T19:31:49.222+00:00,heldout,0,7,VECTOR_FIRST_HNSW,category_and_stock,category_05,610,False,0,0.049935,"[0.00,0.05)",23.309333,0.8,False,exact_bitmap,SQL_FIRST,False
2026-08-30T19:31:49.232+00:00,heldout,0,7,HNSW_HYBRID,category_and_stock,category_05,610,False,0,0.049935,"[0.00,0.05)",9.015875,1.0,False,exact_bitmap,SQL_FIRST,False
2026-08-30T19:31:49.243+00:00,heldout,0,7,IVFFLAT_HYBRID,category_and_stock,category_05,610,False,0,0.049935,"[0.00,0.05)",8.820375,1.0,False,exact_bitmap,SQL_FIRST,False
2026-08-30T19:31:49.252+00:00,heldout,1,7,SQL_FIRST,category_and_stock,category_05,610,False,0,0.049935,"[0.00,0.05)",9.031041,1.0,True,exact_bitmap,SQL_FIRST,True
2026-08-30T19:31:49.277+00:00,heldout,1,7,VECTOR_FIRST_HNSW,category_and_stock,category_05,610,False,0,0.049935,"[0.00,0.05)",23.76175,0.8,False,exact_bitmap,SQL_FIRST,False
2026-08-30T19:31:49.287+00:00,heldout,1,7,HNSW_HYBRID,category_and_stock,category_05,610,False,0,0.049935,"[0.00,0.05)",9.10775,1.0,False,exact_bitmap,SQL_FIRST,False
2026-08-30T19:31:49.297+00:00,heldout,1,7,IVFFLAT_HYBRID,category_and_stock,category_05,610,False,0,0.049935,"[0.00,0.05)",8.912458,1.0,False,exact_bitmap,SQL_FIRST,False
2026-08-30T19:31:49.319+00:00,heldout,0,111,SQL_FIRST,two_categories,category_08,166,True,2,0.198565,"[0.10,0.25)",18.701709,1.0,True,exact_bitmap,HNSW_HYBRID,False
2026-08-30T19:31:49.344+00:00,heldout,0,111,VECTOR_FIRST_HNSW,two_categories,category_08,166,True,2,0.198565,"[0.10,0.25)",23.118542,1.0,False,exact_bitmap,HNSW_HYBRID,False
2026-08-30T19:31:49.364+00:00,heldout,0,111,HNSW_HYBRID,two_categories,category_08,166,True,2,0.198565,"[0.10,0.25)",18.380792,1.0,False,exact_bitmap,HNSW_HYBRID,True
2026-08-30T19:31:49.384+00:00,heldout,0,111,IVFFLAT_HYBRID,two_categories,category_08,166,True,2,0.198565,"[0.10,0.25)",18.47475,1.0,False,exact_bitmap,HNSW_HYBRID,False
2026-08-30T19:31:49.403+00:00,heldout,1,111,SQL_FIRST,two_categories,category_08,166,True,2,0.198565,"[0.10,0.25)",18.604792,1.0,True,exact_bitmap,HNSW_HYBRID,False
2026-08-30T19:31:49.428+00:00,heldout,1,111,VECTOR_FIRST_HNSW,two_categories,category_08,166,True,2,0.198565,"[0.10,0.25)",23.798542,1.0,False,exact_bitmap,HNSW_HYBRID,False
2026-08-30T19:31:49.448+00:00,heldout,1,111,HNSW_HYBRID,two_categories,category_08,166,True,2,0.198565,"[0.10,0.25)",19.418,1.0,False,exact_bitmap,HNSW_HYBRID,True
2026-08-30T19:31:49.467+00:00,heldout,1,111,IVFFLAT_HYBRID,two_categories,category_08,166,True,2,0.198565,"[0.10,0.25)",18.588916,1.0,False,exact_bitmap,HNSW_HYBRID,False
2026-08-30T19:31:49.473+00:00,heldout,0,12,SQL_FIRST,category_narrow_price,category_06,228,True,0,0.00499,"[0.00,0.05)",2.735125,1.0,True,exact_bitmap,SQL_FIRST,True
2026-08-30T19:31:49.497+00:00,heldout,0,12,VECTOR_FIRST_HNSW,category_narrow_price,category_06,228,True,0,0.00499,"[0.00,0.05)",23.189,0.0,False,exact_bitmap,SQL_FIRST,False
2026-08-30T19:31:49.502+00:00,heldout,0,12,HNSW_HYBRID,category_narrow_price,category_06,228,True,0,0.00499,"[0.00,0.05)",2.697542,1.0,False,exact_bitmap,SQL_FIRST,False
2026-08-30T19:31:49.506+00:00,heldout,0,12,IVFFLAT_HYBRID,category_narrow_price,category_06,228,True,0,0.00499,"[0.00,0.05)",2.361875,1.0,False,exact_bitmap,SQL_FIRST,False
2026-08-30T19:31:49.509+00:00,heldout,1,12,SQL_FIRST,category_narrow_price,category_06,228,True,0,0.00499,"[0.00,0.05)",2.175041,1.0,True,exact_bitmap,SQL_FIRST,True
2026-08-30T19:31:49.533+00:00,heldout,1,12,VECTOR_FIRST_HNSW,category_narrow_price,category_06,228,True,0,0.00499,"[0.00,0.05)",23.178084,0.0,False,exact_bitmap,SQL_FIRST,False
2026-08-30T19:31:49.536+00:00,heldout,1,12,HNSW_HYBRID,category_narrow_price,category_06,228,True,0,0.00499,"[0.00,0.05)",2.773875,1.0,False,exact_bitmap,SQL_FIRST,False
2026-08-30T19:31:49.539+00:00,heldout,1,12,IVFFLAT_HYBRID,category_narrow_price,category_06,228,True,0,0.00499,"[0.00,0.05)",2.274,1.0,False,exact_bitmap,SQL_FIRST,False
2026-08-30T19:31:49.553+00:00,heldout,0,76,SQL_FIRST,single_category,category_09,208,True,1,0.0999,"[0.05,0.10)",11.539625,1.0,True,exact_bitmap,IVFFLAT_HYBRID,False
2026-08-30T19:31:49.578+00:00,heldout,0,76,VECTOR_FIRST_HNSW,single_category,category_09,208,True,1,0.0999,"[0.05,0.10)",23.7395,0.8,False,exact_bitmap,IVFFLAT_HYBRID,False
2026-08-30T19:31:49.591+00:00,heldout,0,76,HNSW_HYBRID,single_category,category_09,208,True,1,0.0999,"[0.05,0.10)",11.243875,1.0,False,exact_bitmap,IVFFLAT_HYBRID,False
2026-08-30T19:31:49.603+00:00,heldout,0,76,IVFFLAT_HYBRID,single_category,category_09,208,True,1,0.0999,"[0.05,0.10)",11.053834,1.0,False,exact_bitmap,IVFFLAT_HYBRID,True
2026-08-30T19:31:49.615+00:00,heldout,1,76,SQL_FIRST,single_category,category_09,208,True,1,0.0999,"[0.05,0.10)",11.5075,1.0,True,exact_bitmap,IVFFLAT_HYBRID,False
2026-08-30T19:31:49.641+00:00,heldout,1,76,VECTOR_FIRST_HNSW,single_category,category_09,208,True,1,0.0999,"[0.05,0.10)",24.912,0.8,False,exact_bitmap,IVFFLAT_HYBRID,False
2026-08-30T19:31:49.652+00:00,heldout,1,76,HNSW_HYBRID,single_category,category_09,208,True,1,0.0999,"[0.05,0.10)",11.103417,1.0,False,exact_bitmap,IVFFLAT_HYBRID,False
2026-08-30T19:31:49.664+00:00,heldout,1,76,IVFFLAT_HYBRID,single_category,category_09,208,True,1,0.0999,"[0.05,0.10)",11.214583,1.0,False,exact_bitmap,IVFFLAT_HYBRID,True
2026-08-30T19:31:49.684+00:00,heldout,0,188,SQL_FIRST,three_categories,category_06,753,False,3,0.269895,"[0.25,0.50)",16.615083,1.0,True,exact_bitmap,HNSW_HYBRID,False
2026-08-30T19:31:49.708+00:00,heldout,0,188,VECTOR_FIRST_HNSW,three_categories,category_06,753,False,3,0.269895,"[0.25,0.50)",23.047375,1.0,False,exact_bitmap,HNSW_HYBRID,False
2026-08-30T19:31:49.727+00:00,heldout,0,188,HNSW_HYBRID,three_categories,category_06,753,False,3,0.269895,"[0.25,0.50)",16.893292,1.0,False,exact_bitmap,HNSW_HYBRID,True
2026-08-30T19:31:49.744+00:00,heldout,0,188,IVFFLAT_HYBRID,three_categories,category_06,753,False,3,0.269895,"[0.25,0.50)",16.474125,1.0,False,exact_bitmap,HNSW_HYBRID,False
2026-08-30T19:31:49.761+00:00,heldout,1,188,SQL_FIRST,three_categories,category_06,753,False,3,0.269895,"[0.25,0.50)",16.593625,1.0,True,exact_bitmap,HNSW_HYBRID,False
2026-08-30T19:31:49.785+00:00,heldout,1,188,VECTOR_FIRST_HNSW,three_categories,category_06,753,False,3,0.269895,"[0.25,0.50)",23.1635,1.0,False,exact_bitmap,HNSW_HYBRID,False
2026-08-30T19:31:49.804+00:00,heldout,1,188,HNSW_HYBRID,three_categories,category_06,753,False,3,0.269895,"[0.25,0.50)",17.621084,1.0,False,exact_bitmap,HNSW_HYBRID,True
2026-08-30T19:31:49.821+00:00,heldout,1,188,IVFFLAT_HYBRID,three_categories,category_06,753,False,3,0.269895,"[0.25,0.50)",16.611958,1.0,False,exact_bitmap,HNSW_HYBRID,False
2026-08-30T19:31:49.842+00:00,heldout,0,215,SQL_FIRST,stock_alone,category_09,492,True,4,0.500835,"[0.50,1.00)",18.959916,1.0,True,exact_seq,SQL_FIRST,True
2026-08-30T19:31:49.867+00:00,heldout,0,215,VECTOR_FIRST_HNSW,stock_alone,category_09,492,True,4,0.500835,"[0.50,1.00)",23.59675,1.0,False,exact_bitmap,SQL_FIRST,False
2026-08-30T19:31:49.887+00:00,heldout,0,215,HNSW_HYBRID,stock_alone,category_09,492,True,4,0.500835,"[0.50,1.00)",18.961459,1.0,False,exact_seq,SQL_FIRST,False
2026-08-30T19:31:49.907+00:00,heldout,0,215,IVFFLAT_HYBRID,stock_alone,category_09,492,True,4,0.500835,"[0.50,1.00)",18.804333,1.0,False,exact_seq,SQL_FIRST,False
2026-08-30T19:31:49.927+00:00,heldout,1,215,SQL_FIRST,stock_alone,category_09,492,True,4,0.500835,"[0.50,1.00)",18.955875,1.0,True,exact_seq,SQL_FIRST,True
2026-08-30T19:31:49.950+00:00,heldout,1,215,VECTOR_FIRST_HNSW,stock_alone,category_09,492,True,4,0.500835,"[0.50,1.00)",22.908583,1.0,False,exact_bitmap,SQL_FIRST,False
2026-08-30T19:31:49.970+00:00,heldout,1,215,HNSW_HYBRID,stock_alone,category_09,492,True,4,0.500835,"[0.50,1.00)",19.336166,1.0,False,exact_seq,SQL_FIRST,False
2026-08-30T19:31:49.991+00:00,heldout,1,215,IVFFLAT_HYBRID,stock_alone,category_09,492,True,4,0.500835,"[0.50,1.00)",20.339125,1.0,False,exact_seq,SQL_FIRST,False
2026-08-30T19:31:50.016+00:00,heldout,0,249,SQL_FIRST,wide_or,category_06,238,True,4,0.65516,"[0.50,1.00)",24.280458,1.0,True,exact_seq,SQL_FIRST,True
2026-08-30T19:31:50.040+00:00,heldout,0,249,VECTOR_FIRST_HNSW,wide_or,category_06,238,True,4,0.65516,"[0.50,1.00)",23.134083,1.0,False,exact_bitmap,SQL_FIRST,False
2026-08-30T19:31:50.064+00:00,heldout,0,249,HNSW_HYBRID,wide_or,category_06,238,True,4,0.65516,"[0.50,1.00)",22.930542,1.0,False,exact_seq,SQL_FIRST,False
2026-08-30T19:31:50.087+00:00,heldout,0,249,IVFFLAT_HYBRID,wide_or,category_06,238,True,4,0.65516,"[0.50,1.00)",22.395625,1.0,False,exact_seq,SQL_FIRST,False
2026-08-30T19:31:50.110+00:00,heldout,1,249,SQL_FIRST,wide_or,category_06,238,True,4,0.65516,"[0.50,1.00)",22.351583,1.0,True,exact_seq,SQL_FIRST,True
2026-08-30T19:31:50.134+00:00,heldout,1,249,VECTOR_FIRST_HNSW,wide_or,category_06,238,True,4,0.65516,"[0.50,1.00)",23.295584,1.0,False,exact_bitmap,SQL_FIRST,False
2026-08-30T19:31:50.160+00:00,heldout,1,249,HNSW_HYBRID,wide_or,category_06,238,True,4,0.65516,"[0.50,1.00)",25.3135,1.0,False,exact_seq,SQL_FIRST,False
2026-08-30T19:31:50.184+00:00,heldout,1,249,IVFFLAT_HYBRID,wide_or,category_06,238,True,4,0.65516,"[0.50,1.00)",23.926416,1.0,False,exact_seq,SQL_FIRST,False
2026-08-30T19:31:50.197+00:00,heldout,0,58,SQL_FIRST,single_category,category_02,789,False,1,0.098965,"[0.05,0.10)",11.226166,1.0,True,exact_bitmap,IVFFLAT_HYBRID,False
2026-08-30T19:31:50.222+00:00,heldout,0,58,VECTOR_FIRST_HNSW,single_category,category_02,789,False,1,0.098965,"[0.05,0.10)",23.196875,0.9,False,exact_bitmap,IVFFLAT_HYBRID,False
2026-08-30T19:31:50.234+00:00,heldout,0,58,HNSW_HYBRID,single_category,category_02,789,False,1,0.098965,"[0.05,0.10)",10.856125,1.0,False,exact_bitmap,IVFFLAT_HYBRID,False
2026-08-30T19:31:50.246+00:00,heldout,0,58,IVFFLAT_HYBRID,single_category,category_02,789,False,1,0.098965,"[0.05,0.10)",10.697542,1.0,False,exact_bitmap,IVFFLAT_HYBRID,True
2026-08-30T19:31:50.257+00:00,heldout,1,58,SQL_FIRST,single_category,category_02,789,False,1,0.098965,"[0.05,0.10)",11.27225,1.0,True,exact_bitmap,IVFFLAT_HYBRID,False
2026-08-30T19:31:50.281+00:00,heldout,1,58,VECTOR_FIRST_HNSW,single_category,category_02,789,False,1,0.098965,"[0.05,0.10)",23.320375,0.9,False,exact_bitmap,IVFFLAT_HYBRID,False
2026-08-30T19:31:50.293+00:00,heldout,1,58,HNSW_HYBRID,single_category,category_02,789,False,1,0.098965,"[0.05,0.10)",10.991292,1.0,False,exact_bitmap,IVFFLAT_HYBRID,False
2026-08-30T19:31:50.304+00:00,heldout,1,58,IVFFLAT_HYBRID,single_category,category_02,789,False,1,0.098965,"[0.05,0.10)",10.952875,1.0,False,exact_bitmap,IVFFLAT_HYBRID,True
2026-08-30T19:31:50.326+00:00,heldout,0,248,SQL_FIRST,stock_alone,category_02,392,True,4,0.500835,"[0.50,1.00)",20.069667,1.0,True,exact_seq,SQL_FIRST,True
2026-08-30T19:31:50.351+00:00,heldout,0,248,VECTOR_FIRST_HNSW,stock_alone,category_02,392,True,4,0.500835,"[0.50,1.00)",23.565,1.0,False,exact_bitmap,SQL_FIRST,False
2026-08-30T19:31:50.372+00:00,heldout,0,248,HNSW_HYBRID,stock_alone,category_02,392,True,4,0.500835,"[0.50,1.00)",18.826417,1.0,False,exact_seq,SQL_FIRST,False
2026-08-30T19:31:50.392+00:00,heldout,0,248,IVFFLAT_HYBRID,stock_alone,category_02,392,True,4,0.500835,"[0.50,1.00)",18.892916,1.0,False,exact_seq,SQL_FIRST,False
2026-08-30T19:31:50.411+00:00,heldout,1,248,SQL_FIRST,stock_alone,category_02,392,True,4,0.500835,"[0.50,1.00)",18.795292,1.0,True,exact_seq,SQL_FIRST,True
2026-08-30T19:31:50.434+00:00,heldout,1,248,VECTOR_FIRST_HNSW,stock_alone,category_02,392,True,4,0.500835,"[0.50,1.00)",23.00425,1.0,False,exact_bitmap,SQL_FIRST,False
2026-08-30T19:31:50.454+00:00,heldout,1,248,HNSW_HYBRID,stock_alone,category_02,392,True,4,0.500835,"[0.50,1.00)",18.754333,1.0,False,exact_seq,SQL_FIRST,False
2026-08-30T19:31:50.473+00:00,heldout,1,248,IVFFLAT_HYBRID,stock_alone,category_02,392,True,4,0.500835,"[0.50,1.00)",19.063083,1.0,False,exact_seq,SQL_FIRST,False
2026-08-30T19:31:50.493+00:00,heldout,0,143,SQL_FIRST,two_categories,category_01,945,False,2,0.197635,"[0.10,0.25)",18.156959,1.0,True,exact_bitmap,HNSW_HYBRID,False
2026-08-30T19:31:50.518+00:00,heldout,0,143,VECTOR_FIRST_HNSW,two_categories,category_01,945,False,2,0.197635,"[0.10,0.25)",23.073166,1.0,False,exact_bitmap,HNSW_HYBRID,False
2026-08-30T19:31:50.538+00:00,heldout,0,143,HNSW_HYBRID,two_categories,category_01,945,False,2,0.197635,"[0.10,0.25)",18.641291,1.0,False,exact_bitmap,HNSW_HYBRID,True
2026-08-30T19:31:50.558+00:00,heldout,0,143,IVFFLAT_HYBRID,two_categories,category_01,945,False,2,0.197635,"[0.10,0.25)",18.135666,1.0,False,exact_bitmap,HNSW_HYBRID,False
2026-08-30T19:31:50.576+00:00,heldout,1,143,SQL_FIRST,two_categories,category_01,945,False,2,0.197635,"[0.10,0.25)",17.948375,1.0,True,exact_bitmap,HNSW_HYBRID,False
2026-08-30T19:31:50.600+00:00,heldout,1,143,VECTOR_FIRST_HNSW,two_categories,category_01,945,False,2,0.197635,"[0.10,0.25)",23.254208,1.0,False,exact_bitmap,HNSW_HYBRID,False
2026-08-30T19:31:50.618+00:00,heldout,1,143,HNSW_HYBRID,two_categories,category_01,945,False,2,0.197635,"[0.10,0.25)",17.951,1.0,False,exact_bitmap,HNSW_HYBRID,True
2026-08-30T19:31:50.638+00:00,heldout,1,143,IVFFLAT_HYBRID,two_categories,category_01,945,False,2,0.197635,"[0.10,0.25)",19.383667,1.0,False,exact_bitmap,HNSW_HYBRID,False
2026-08-30T19:31:50.648+00:00,heldout,0,22,SQL_FIRST,category_and_stock,category_04,930,False,0,0.04827,"[0.00,0.05)",9.131791,1.0,True,exact_bitmap,SQL_FIRST,True
2026-08-30T19:31:50.678+00:00,heldout,0,22,VECTOR_FIRST_HNSW,category_and_stock,category_04,930,False,0,0.04827,"[0.00,0.05)",28.221417,0.6,False,exact_bitmap,SQL_FIRST,False
2026-08-30T19:31:50.688+00:00,heldout,0,22,HNSW_HYBRID,category_and_stock,category_04,930,False,0,0.04827,"[0.00,0.05)",9.399042,1.0,False,exact_bitmap,SQL_FIRST,False
2026-08-30T19:31:50.699+00:00,heldout,0,22,IVFFLAT_HYBRID,category_and_stock,category_04,930,False,0,0.04827,"[0.00,0.05)",8.770583,1.0,False,exact_bitmap,SQL_FIRST,False
2026-08-30T19:31:50.708+00:00,heldout,1,22,SQL_FIRST,category_and_stock,category_04,930,False,0,0.04827,"[0.00,0.05)",8.816708,1.0,True,exact_bitmap,SQL_FIRST,True
2026-08-30T19:31:50.732+00:00,heldout,1,22,VECTOR_FIRST_HNSW,category_and_stock,category_04,930,False,0,0.04827,"[0.00,0.05)",23.626333,0.6,False,exact_bitmap,SQL_FIRST,False
2026-08-30T19:31:50.742+00:00,heldout,1,22,HNSW_HYBRID,category_and_stock,category_04,930,False,0,0.04827,"[0.00,0.05)",9.077291,1.0,False,exact_bitmap,SQL_FIRST,False
2026-08-30T19:31:50.751+00:00,heldout,1,22,IVFFLAT_HYBRID,category_and_stock,category_04,930,False,0,0.04827,"[0.00,0.05)",8.857875,1.0,False,exact_bitmap,SQL_FIRST,False
2026-08-30T19:31:50.773+00:00,heldout,0,170,SQL_FIRST,three_categories,category_02,642,True,3,0.2705,"[0.25,0.50)",17.207084,1.0,True,exact_bitmap,HNSW_HYBRID,False
2026-08-30T19:31:50.798+00:00,heldout,0,170,VECTOR_FIRST_HNSW,three_categories,category_02,642,True,3,0.2705,"[0.25,0.50)",23.634792,1.0,False,exact_bitmap,HNSW_HYBRID,False
2026-08-30T19:31:50.816+00:00,heldout,0,170,HNSW_HYBRID,three_categories,category_02,642,True,3,0.2705,"[0.25,0.50)",17.1585,1.0,False,exact_bitmap,HNSW_HYBRID,True
2026-08-30T19:31:50.834+00:00,heldout,0,170,IVFFLAT_HYBRID,three_categories,category_02,642,True,3,0.2705,"[0.25,0.50)",16.763791,1.0,False,exact_bitmap,HNSW_HYBRID,False
2026-08-30T19:31:50.851+00:00,heldout,1,170,SQL_FIRST,three_categories,category_02,642,True,3,0.2705,"[0.25,0.50)",16.417583,1.0,True,exact_bitmap,HNSW_HYBRID,False
2026-08-30T19:31:50.875+00:00,heldout,1,170,VECTOR_FIRST_HNSW,three_categories,category_02,642,True,3,0.2705,"[0.25,0.50)",23.235916,1.0,False,exact_bitmap,HNSW_HYBRID,False
2026-08-30T19:31:50.892+00:00,heldout,1,170,HNSW_HYBRID,three_categories,category_02,642,True,3,0.2705,"[0.25,0.50)",16.503917,1.0,False,exact_bitmap,HNSW_HYBRID,True
2026-08-30T19:31:50.909+00:00,heldout,1,170,IVFFLAT_HYBRID,three_categories,category_02,642,True,3,0.2705,"[0.25,0.50)",16.529042,1.0,False,exact_bitmap,HNSW_HYBRID,False
2026-08-30T19:31:50.921+00:00,heldout,0,9,SQL_FIRST,category_and_stock,category_02,545,False,0,0.0494,"[0.00,0.05)",9.087917,1.0,True,exact_bitmap,SQL_FIRST,True
2026-08-30T19:31:50.946+00:00,heldout,0,9,VECTOR_FIRST_HNSW,category_and_stock,category_02,545,False,0,0.0494,"[0.00,0.05)",23.290875,0.7,False,exact_bitmap,SQL_FIRST,False
2026-08-30T19:31:50.957+00:00,heldout,0,9,HNSW_HYBRID,category_and_stock,category_02,545,False,0,0.0494,"[0.00,0.05)",9.339,1.0,False,exact_bitmap,SQL_FIRST,False
2026-08-30T19:31:50.966+00:00,heldout,0,9,IVFFLAT_HYBRID,category_and_stock,category_02,545,False,0,0.0494,"[0.00,0.05)",8.736916,1.0,False,exact_bitmap,SQL_FIRST,False
2026-08-30T19:31:50.975+00:00,heldout,1,9,SQL_FIRST,category_and_stock,category_02,545,False,0,0.0494,"[0.00,0.05)",8.804584,1.0,True,exact_bitmap,SQL_FIRST,True
2026-08-30T19:31:51.000+00:00,heldout,1,9,VECTOR_FIRST_HNSW,category_and_stock,category_02,545,False,0,0.0494,"[0.00,0.05)",24.138125,0.7,False,exact_bitmap,SQL_FIRST,False
2026-08-30T19:31:51.009+00:00,heldout,1,9,HNSW_HYBRID,category_and_stock,category_02,545,False,0,0.0494,"[0.00,0.05)",9.412625,1.0,False,exact_bitmap,SQL_FIRST,False
2026-08-30T19:31:51.019+00:00,heldout,1,9,IVFFLAT_HYBRID,category_and_stock,category_02,545,False,0,0.0494,"[0.00,0.05)",9.422333,1.0,False,exact_bitmap,SQL_FIRST,False
2026-08-30T19:31:51.037+00:00,heldout,0,152,SQL_FIRST,three_categories,category_06,195,True,3,0.269895,"[0.25,0.50)",16.555917,1.0,True,exact_bitmap,HNSW_HYBRID,False
2026-08-30T19:31:51.061+00:00,heldout,0,152,VECTOR_FIRST_HNSW,three_categories,category_06,195,True,3,0.269895,"[0.25,0.50)",23.078792,1.0,False,exact_bitmap,HNSW_HYBRID,False
2026-08-30T19:31:51.080+00:00,heldout,0,152,HNSW_HYBRID,three_categories,category_06,195,True,3,0.269895,"[0.25,0.50)",17.326042,1.0,False,exact_bitmap,HNSW_HYBRID,True
2026-08-30T19:31:51.097+00:00,heldout,0,152,IVFFLAT_HYBRID,three_categories,category_06,195,True,3,0.269895,"[0.25,0.50)",16.297,1.0,False,exact_bitmap,HNSW_HYBRID,False
2026-08-30T19:31:51.114+00:00,heldout,1,152,SQL_FIRST,three_categories,category_06,195,True,3,0.269895,"[0.25,0.50)",16.478542,1.0,True,exact_bitmap,HNSW_HYBRID,False
2026-08-30T19:31:51.138+00:00,heldout,1,152,VECTOR_FIRST_HNSW,three_categories,category_06,195,True,3,0.269895,"[0.25,0.50)",23.153291,1.0,False,exact_bitmap,HNSW_HYBRID,False
2026-08-30T19:31:51.156+00:00,heldout,1,152,HNSW_HYBRID,three_categories,category_06,195,True,3,0.269895,"[0.25,0.50)",17.80125,1.0,False,exact_bitmap,HNSW_HYBRID,True
2026-08-30T19:31:51.175+00:00,heldout,1,152,IVFFLAT_HYBRID,three_categories,category_06,195,True,3,0.269895,"[0.25,0.50)",18.351,1.0,False,exact_bitmap,HNSW_HYBRID,False
2026-08-30T19:31:51.188+00:00,heldout,0,147,SQL_FIRST,price_range_mid,category_08,871,True,2,0.101725,"[0.10,0.25)",11.868792,1.0,True,exact_bitmap,HNSW_HYBRID,False
2026-08-30T19:31:51.214+00:00,heldout,0,147,VECTOR_FIRST_HNSW,price_range_mid,category_08,871,True,2,0.101725,"[0.10,0.25)",23.799958,1.0,False,exact_bitmap,HNSW_HYBRID,False
2026-08-30T19:31:51.226+00:00,heldout,0,147,HNSW_HYBRID,price_range_mid,category_08,871,True,2,0.101725,"[0.10,0.25)",11.221167,1.0,False,exact_bitmap,HNSW_HYBRID,True
2026-08-30T19:31:51.239+00:00,heldout,0,147,IVFFLAT_HYBRID,price_range_mid,category_08,871,True,2,0.101725,"[0.10,0.25)",11.377416,1.0,False,exact_bitmap,HNSW_HYBRID,False
2026-08-30T19:31:51.250+00:00,heldout,1,147,SQL_FIRST,price_range_mid,category_08,871,True,2,0.101725,"[0.10,0.25)",11.155709,1.0,True,exact_bitmap,HNSW_HYBRID,False
2026-08-30T19:31:51.275+00:00,heldout,1,147,VECTOR_FIRST_HNSW,price_range_mid,category_08,871,True,2,0.101725,"[0.10,0.25)",23.414916,1.0,False,exact_bitmap,HNSW_HYBRID,False
2026-08-30T19:31:51.287+00:00,heldout,1,147,HNSW_HYBRID,price_range_mid,category_08,871,True,2,0.101725,"[0.10,0.25)",11.485208,1.0,False,exact_bitmap,HNSW_HYBRID,True
2026-08-30T19:31:51.299+00:00,heldout,1,147,IVFFLAT_HYBRID,price_range_mid,category_08,871,True,2,0.101725,"[0.10,0.25)",11.220791,1.0,False,exact_bitmap,HNSW_HYBRID,False
2026-08-30T19:31:51.312+00:00,heldout,0,94,SQL_FIRST,single_category,category_02,803,True,1,0.098965,"[0.05,0.10)",10.849875,1.0,True,exact_bitmap,IVFFLAT_HYBRID,False
2026-08-30T19:31:51.337+00:00,heldout,0,94,VECTOR_FIRST_HNSW,single_category,category_02,803,True,1,0.098965,"[0.05,0.10)",23.240042,0.9,False,exact_bitmap,IVFFLAT_HYBRID,False
2026-08-30T19:31:51.349+00:00,heldout,0,94,HNSW_HYBRID,single_category,category_02,803,True,1,0.098965,"[0.05,0.10)",10.787125,1.0,False,exact_bitmap,IVFFLAT_HYBRID,False
2026-08-30T19:31:51.362+00:00,heldout,0,94,IVFFLAT_HYBRID,single_category,category_02,803,True,1,0.098965,"[0.05,0.10)",10.755625,1.0,False,exact_bitmap,IVFFLAT_HYBRID,True
2026-08-30T19:31:51.373+00:00,heldout,1,94,SQL_FIRST,single_category,category_02,803,True,1,0.098965,"[0.05,0.10)",11.001208,1.0,True,exact_bitmap,IVFFLAT_HYBRID,False
2026-08-30T19:31:51.397+00:00,heldout,1,94,VECTOR_FIRST_HNSW,single_category,category_02,803,True,1,0.098965,"[0.05,0.10)",23.152541,0.9,False,exact_bitmap,IVFFLAT_HYBRID,False
2026-08-30T19:31:51.409+00:00,heldout,1,94,HNSW_HYBRID,single_category,category_02,803,True,1,0.098965,"[0.05,0.10)",11.03625,1.0,False,exact_bitmap,IVFFLAT_HYBRID,False
2026-08-30T19:31:51.421+00:00,heldout,1,94,IVFFLAT_HYBRID,single_category,category_02,803,True,1,0.098965,"[0.05,0.10)",11.067625,1.0,False,exact_bitmap,IVFFLAT_HYBRID,True
2026-08-30T19:31:51.435+00:00,heldout,0,105,SQL_FIRST,price_range_mid,category_00,121,True,2,0.10331,"[0.10,0.25)",11.445042,1.0,True,exact_bitmap,HNSW_HYBRID,False
2026-08-30T19:31:51.462+00:00,heldout,0,105,VECTOR_FIRST_HNSW,price_range_mid,category_00,121,True,2,0.10331,"[0.10,0.25)",24.294833,1.0,False,exact_bitmap,HNSW_HYBRID,False
2026-08-30T19:31:51.475+00:00,heldout,0,105,HNSW_HYBRID,price_range_mid,category_00,121,True,2,0.10331,"[0.10,0.25)",11.366792,1.0,False,exact_bitmap,HNSW_HYBRID,True
2026-08-30T19:31:51.488+00:00,heldout,0,105,IVFFLAT_HYBRID,price_range_mid,category_00,121,True,2,0.10331,"[0.10,0.25)",11.322458,1.0,False,exact_bitmap,HNSW_HYBRID,False
2026-08-30T19:31:51.500+00:00,heldout,1,105,SQL_FIRST,price_range_mid,category_00,121,True,2,0.10331,"[0.10,0.25)",11.433125,1.0,True,exact_bitmap,HNSW_HYBRID,False
2026-08-30T19:31:51.524+00:00,heldout,1,105,VECTOR_FIRST_HNSW,price_range_mid,category_00,121,True,2,0.10331,"[0.10,0.25)",23.120416,1.0,False,exact_bitmap,HNSW_HYBRID,False
2026-08-30T19:31:51.536+00:00,heldout,1,105,HNSW_HYBRID,price_range_mid,category_00,121,True,2,0.10331,"[0.10,0.25)",11.748333,1.0,False,exact_bitmap,HNSW_HYBRID,True
2026-08-30T19:31:51.548+00:00,heldout,1,105,IVFFLAT_HYBRID,price_range_mid,category_00,121,True,2,0.10331,"[0.10,0.25)",11.361583,1.0,False,exact_bitmap,HNSW_HYBRID,False
2026-08-30T19:31:51.567+00:00,heldout,0,155,SQL_FIRST,three_categories,category_00,233,True,3,0.271845,"[0.25,0.50)",16.46675,1.0,True,exact_bitmap,HNSW_HYBRID,False
2026-08-30T19:31:51.591+00:00,heldout,0,155,VECTOR_FIRST_HNSW,three_categories,category_00,233,True,3,0.271845,"[0.25,0.50)",23.044583,1.0,False,exact_bitmap,HNSW_HYBRID,False
2026-08-30T19:31:51.610+00:00,heldout,0,155,HNSW_HYBRID,three_categories,category_00,233,True,3,0.271845,"[0.25,0.50)",16.887667,1.0,False,exact_bitmap,HNSW_HYBRID,True
2026-08-30T19:31:51.628+00:00,heldout,0,155,IVFFLAT_HYBRID,three_categories,category_00,233,True,3,0.271845,"[0.25,0.50)",16.589416,1.0,False,exact_bitmap,HNSW_HYBRID,False
2026-08-30T19:31:51.645+00:00,heldout,1,155,SQL_FIRST,three_categories,category_00,233,True,3,0.271845,"[0.25,0.50)",16.638959,1.0,True,exact_bitmap,HNSW_HYBRID,False
2026-08-30T19:31:51.669+00:00,heldout,1,155,VECTOR_FIRST_HNSW,three_categories,category_00,233,True,3,0.271845,"[0.25,0.50)",23.231625,1.0,False,exact_bitmap,HNSW_HYBRID,False
2026-08-30T19:31:51.686+00:00,heldout,1,155,HNSW_HYBRID,three_categories,category_00,233,True,3,0.271845,"[0.25,0.50)",16.55275,1.0,False,exact_bitmap,HNSW_HYBRID,True
2026-08-30T19:31:51.705+00:00,heldout,1,155,IVFFLAT_HYBRID,three_categories,category_00,233,True,3,0.271845,"[0.25,0.50)",18.806125,1.0,False,exact_bitmap,HNSW_HYBRID,False
2026-08-30T19:31:51.731+00:00,heldout,0,222,SQL_FIRST,wide_or,category_03,302,True,4,0.685995,"[0.50,1.00)",23.132792,1.0,True,exact_seq,SQL_FIRST,True
2026-08-30T19:31:51.755+00:00,heldout,0,222,VECTOR_FIRST_HNSW,wide_or,category_03,302,True,4,0.685995,"[0.50,1.00)",23.151667,1.0,False,exact_bitmap,SQL_FIRST,False
2026-08-30T19:31:51.779+00:00,heldout,0,222,HNSW_HYBRID,wide_or,category_03,302,True,4,0.685995,"[0.50,1.00)",22.839417,1.0,False,exact_seq,SQL_FIRST,False
2026-08-30T19:31:51.804+00:00,heldout,0,222,IVFFLAT_HYBRID,wide_or,category_03,302,True,4,0.685995,"[0.50,1.00)",22.842,1.0,False,exact_seq,SQL_FIRST,False
2026-08-30T19:31:51.827+00:00,heldout,1,222,SQL_FIRST,wide_or,category_03,302,True,4,0.685995,"[0.50,1.00)",22.663709,1.0,True,exact_seq,SQL_FIRST,True
2026-08-30T19:31:51.850+00:00,heldout,1,222,VECTOR_FIRST_HNSW,wide_or,category_03,302,True,4,0.685995,"[0.50,1.00)",22.987125,1.0,False,exact_bitmap,SQL_FIRST,False
2026-08-30T19:31:51.876+00:00,heldout,1,222,HNSW_HYBRID,wide_or,category_03,302,True,4,0.685995,"[0.50,1.00)",23.812,1.0,False,exact_seq,SQL_FIRST,False
2026-08-30T19:31:51.900+00:00,heldout,1,222,IVFFLAT_HYBRID,wide_or,category_03,302,True,4,0.685995,"[0.50,1.00)",22.690667,1.0,False,exact_seq,SQL_FIRST,False
2026-08-30T19:31:51.911+00:00,heldout,0,17,SQL_FIRST,category_and_stock,category_09,786,False,0,0.049865,"[0.00,0.05)",8.890666,1.0,True,exact_bitmap,SQL_FIRST,True
2026-08-30T19:31:51.936+00:00,heldout,0,17,VECTOR_FIRST_HNSW,category_and_stock,category_09,786,False,0,0.049865,"[0.00,0.05)",23.226916,0.7,False,exact_bitmap,SQL_FIRST,False
2026-08-30T19:31:51.946+00:00,heldout,0,17,HNSW_HYBRID,category_and_stock,category_09,786,False,0,0.049865,"[0.00,0.05)",8.90225,1.0,False,exact_bitmap,SQL_FIRST,False
2026-08-30T19:31:51.956+00:00,heldout,0,17,IVFFLAT_HYBRID,category_and_stock,category_09,786,False,0,0.049865,"[0.00,0.05)",9.009417,1.0,False,exact_bitmap,SQL_FIRST,False
2026-08-30T19:31:51.965+00:00,heldout,1,17,SQL_FIRST,category_and_stock,category_09,786,False,0,0.049865,"[0.00,0.05)",8.784958,1.0,True,exact_bitmap,SQL_FIRST,True
2026-08-30T19:31:51.990+00:00,heldout,1,17,VECTOR_FIRST_HNSW,category_and_stock,category_09,786,False,0,0.049865,"[0.00,0.05)",24.117,0.7,False,exact_bitmap,SQL_FIRST,False
2026-08-30T19:31:52.000+00:00,heldout,1,17,HNSW_HYBRID,category_and_stock,category_09,786,False,0,0.049865,"[0.00,0.05)",9.959125,1.0,False,exact_bitmap,SQL_FIRST,False
2026-08-30T19:31:52.010+00:00,heldout,1,17,IVFFLAT_HYBRID,category_and_stock,category_09,786,False,0,0.049865,"[0.00,0.05)",9.709583,1.0,False,exact_bitmap,SQL_FIRST,False
2026-08-30T19:31:52.031+00:00,heldout,0,178,SQL_FIRST,category_or_price,category_06,322,True,3,0.38595,"[0.25,0.50)",20.240417,1.0,True,exact_seq,HNSW_HYBRID,False
2026-08-30T19:31:52.056+00:00,heldout,0,178,VECTOR_FIRST_HNSW,category_or_price,category_06,322,True,3,0.38595,"[0.25,0.50)",23.898834,1.0,False,exact_bitmap,HNSW_HYBRID,False
2026-08-30T19:31:52.078+00:00,heldout,0,178,HNSW_HYBRID,category_or_price,category_06,322,True,3,0.38595,"[0.25,0.50)",20.351959,1.0,False,exact_seq,HNSW_HYBRID,True
2026-08-30T19:31:52.099+00:00,heldout,0,178,IVFFLAT_HYBRID,category_or_price,category_06,322,True,3,0.38595,"[0.25,0.50)",19.786541,1.0,False,exact_seq,HNSW_HYBRID,False
2026-08-30T19:31:52.118+00:00,heldout,1,178,SQL_FIRST,category_or_price,category_06,322,True,3,0.38595,"[0.25,0.50)",19.205375,1.0,True,exact_seq,HNSW_HYBRID,False
2026-08-30T19:31:52.142+00:00,heldout,1,178,VECTOR_FIRST_HNSW,category_or_price,category_06,322,True,3,0.38595,"[0.25,0.50)",23.146875,1.0,False,exact_bitmap,HNSW_HYBRID,False
2026-08-30T19:31:52.163+00:00,heldout,1,178,HNSW_HYBRID,category_or_price,category_06,322,True,3,0.38595,"[0.25,0.50)",19.8565,1.0,False,exact_seq,HNSW_HYBRID,True
2026-08-30T19:31:52.182+00:00,heldout,1,178,IVFFLAT_HYBRID,category_or_price,category_06,322,True,3,0.38595,"[0.25,0.50)",19.289375,1.0,False,exact_seq,HNSW_HYBRID,False
2026-08-30T19:31:52.201+00:00,heldout,0,179,SQL_FIRST,three_categories,category_01,418,True,3,0.272085,"[0.25,0.50)",17.001541,1.0,True,exact_bitmap,HNSW_HYBRID,False
2026-08-30T19:31:52.227+00:00,heldout,0,179,VECTOR_FIRST_HNSW,three_categories,category_01,418,True,3,0.272085,"[0.25,0.50)",23.967,1.0,False,exact_bitmap,HNSW_HYBRID,False
2026-08-30T19:31:52.245+00:00,heldout,0,179,HNSW_HYBRID,three_categories,category_01,418,True,3,0.272085,"[0.25,0.50)",17.082375,1.0,False,exact_bitmap,HNSW_HYBRID,True
2026-08-30T19:31:52.265+00:00,heldout,0,179,IVFFLAT_HYBRID,three_categories,category_01,418,True,3,0.272085,"[0.25,0.50)",18.112166,1.0,False,exact_bitmap,HNSW_HYBRID,False
2026-08-30T19:31:52.282+00:00,heldout,1,179,SQL_FIRST,three_categories,category_01,418,True,3,0.272085,"[0.25,0.50)",16.593,1.0,True,exact_bitmap,HNSW_HYBRID,False
2026-08-30T19:31:52.306+00:00,heldout,1,179,VECTOR_FIRST_HNSW,three_categories,category_01,418,True,3,0.272085,"[0.25,0.50)",23.1675,1.0,False,exact_bitmap,HNSW_HYBRID,False
2026-08-30T19:31:52.323+00:00,heldout,1,179,HNSW_HYBRID,three_categories,category_01,418,True,3,0.272085,"[0.25,0.50)",16.677709,1.0,False,exact_bitmap,HNSW_HYBRID,True
2026-08-30T19:31:52.340+00:00,heldout,1,179,IVFFLAT_HYBRID,three_categories,category_01,418,True,3,0.272085,"[0.25,0.50)",16.723667,1.0,False,exact_bitmap,HNSW_HYBRID,False
2026-08-30T19:31:52.359+00:00,heldout,0,165,SQL_FIRST,three_categories,category_08,102,False,3,0.272595,"[0.25,0.50)",16.648834,1.0,True,exact_bitmap,HNSW_HYBRID,False
2026-08-30T19:31:52.384+00:00,heldout,0,165,VECTOR_FIRST_HNSW,three_categories,category_08,102,False,3,0.272595,"[0.25,0.50)",22.945875,1.0,False,exact_bitmap,HNSW_HYBRID,False
2026-08-30T19:31:52.402+00:00,heldout,0,165,HNSW_HYBRID,three_categories,category_08,102,False,3,0.272595,"[0.25,0.50)",16.865625,1.0,False,exact_bitmap,HNSW_HYBRID,True
2026-08-30T19:31:52.420+00:00,heldout,0,165,IVFFLAT_HYBRID,three_categories,category_08,102,False,3,0.272595,"[0.25,0.50)",16.328792,1.0,False,exact_bitmap,HNSW_HYBRID,False
2026-08-30T19:31:52.437+00:00,heldout,1,165,SQL_FIRST,three_categories,category_08,102,False,3,0.272595,"[0.25,0.50)",16.4735,1.0,True,exact_bitmap,HNSW_HYBRID,False
2026-08-30T19:31:52.461+00:00,heldout,1,165,VECTOR_FIRST_HNSW,three_categories,category_08,102,False,3,0.272595,"[0.25,0.50)",22.997042,1.0,False,exact_bitmap,HNSW_HYBRID,False
2026-08-30T19:31:52.480+00:00,heldout,1,165,HNSW_HYBRID,three_categories,category_08,102,False,3,0.272595,"[0.25,0.50)",18.236584,1.0,False,exact_bitmap,HNSW_HYBRID,True
2026-08-30T19:31:52.498+00:00,heldout,1,165,IVFFLAT_HYBRID,three_categories,category_08,102,False,3,0.272595,"[0.25,0.50)",17.385625,1.0,False,exact_bitmap,HNSW_HYBRID,False
2026-08-30T19:31:52.518+00:00,heldout,0,144,SQL_FIRST,two_categories,category_02,216,False,2,0.202665,"[0.10,0.25)",18.146875,1.0,True,exact_bitmap,HNSW_HYBRID,False
2026-08-30T19:31:52.543+00:00,heldout,0,144,VECTOR_FIRST_HNSW,two_categories,category_02,216,False,2,0.202665,"[0.10,0.25)",23.279916,1.0,False,exact_bitmap,HNSW_HYBRID,False
2026-08-30T19:31:52.563+00:00,heldout,0,144,HNSW_HYBRID,two_categories,category_02,216,False,2,0.202665,"[0.10,0.25)",18.090209,1.0,False,exact_bitmap,HNSW_HYBRID,True
2026-08-30T19:31:52.582+00:00,heldout,0,144,IVFFLAT_HYBRID,two_categories,category_02,216,False,2,0.202665,"[0.10,0.25)",17.956167,1.0,False,exact_bitmap,HNSW_HYBRID,False
2026-08-30T19:31:52.601+00:00,heldout,1,144,SQL_FIRST,two_categories,category_02,216,False,2,0.202665,"[0.10,0.25)",18.438791,1.0,True,exact_bitmap,HNSW_HYBRID,False
2026-08-30T19:31:52.625+00:00,heldout,1,144,VECTOR_FIRST_HNSW,two_categories,category_02,216,False,2,0.202665,"[0.10,0.25)",23.122292,1.0,False,exact_bitmap,HNSW_HYBRID,False
2026-08-30T19:31:52.644+00:00,heldout,1,144,HNSW_HYBRID,two_categories,category_02,216,False,2,0.202665,"[0.10,0.25)",18.281667,1.0,False,exact_bitmap,HNSW_HYBRID,True
2026-08-30T19:31:52.663+00:00,heldout,1,144,IVFFLAT_HYBRID,two_categories,category_02,216,False,2,0.202665,"[0.10,0.25)",18.345042,1.0,False,exact_bitmap,HNSW_HYBRID,False
2026-08-30T19:31:52.668+00:00,heldout,0,10,SQL_FIRST,category_narrow_price,category_05,761,True,0,0.00503,"[0.00,0.05)",2.679958,1.0,True,exact_bitmap,SQL_FIRST,True
2026-08-30T19:31:52.693+00:00,heldout,0,10,VECTOR_FIRST_HNSW,category_narrow_price,category_05,761,True,0,0.00503,"[0.00,0.05)",23.133666,0.1,False,exact_bitmap,SQL_FIRST,False
2026-08-30T19:31:52.697+00:00,heldout,0,10,HNSW_HYBRID,category_narrow_price,category_05,761,True,0,0.00503,"[0.00,0.05)",2.672333,1.0,False,exact_bitmap,SQL_FIRST,False
2026-08-30T19:31:52.701+00:00,heldout,0,10,IVFFLAT_HYBRID,category_narrow_price,category_05,761,True,0,0.00503,"[0.00,0.05)",2.374833,1.0,False,exact_bitmap,SQL_FIRST,False
2026-08-30T19:31:52.704+00:00,heldout,1,10,SQL_FIRST,category_narrow_price,category_05,761,True,0,0.00503,"[0.00,0.05)",2.313709,1.0,True,exact_bitmap,SQL_FIRST,True
2026-08-30T19:31:52.728+00:00,heldout,1,10,VECTOR_FIRST_HNSW,category_narrow_price,category_05,761,True,0,0.00503,"[0.00,0.05)",23.481,0.1,False,exact_bitmap,SQL_FIRST,False
2026-08-30T19:31:52.732+00:00,heldout,1,10,HNSW_HYBRID,category_narrow_price,category_05,761,True,0,0.00503,"[0.00,0.05)",2.725167,1.0,False,exact_bitmap,SQL_FIRST,False
2026-08-30T19:31:52.735+00:00,heldout,1,10,IVFFLAT_HYBRID,category_narrow_price,category_05,761,True,0,0.00503,"[0.00,0.05)",3.082625,1.0,False,exact_bitmap,SQL_FIRST,False
2026-08-30T19:31:52.762+00:00,heldout,0,216,SQL_FIRST,wide_or,category_01,113,False,4,0.596165,"[0.50,1.00)",24.562833,1.0,True,exact_seq,SQL_FIRST,True
2026-08-30T19:31:52.787+00:00,heldout,0,216,VECTOR_FIRST_HNSW,wide_or,category_01,113,False,4,0.596165,"[0.50,1.00)",23.881541,1.0,False,exact_bitmap,SQL_FIRST,False
2026-08-30T19:31:52.810+00:00,heldout,0,216,HNSW_HYBRID,wide_or,category_01,113,False,4,0.596165,"[0.50,1.00)",22.163834,1.0,False,exact_seq,SQL_FIRST,False
2026-08-30T19:31:52.833+00:00,heldout,0,216,IVFFLAT_HYBRID,wide_or,category_01,113,False,4,0.596165,"[0.50,1.00)",21.827042,1.0,False,exact_seq,SQL_FIRST,False
2026-08-30T19:31:52.855+00:00,heldout,1,216,SQL_FIRST,wide_or,category_01,113,False,4,0.596165,"[0.50,1.00)",21.83725,1.0,True,exact_seq,SQL_FIRST,True
2026-08-30T19:31:52.880+00:00,heldout,1,216,VECTOR_FIRST_HNSW,wide_or,category_01,113,False,4,0.596165,"[0.50,1.00)",23.601917,1.0,False,exact_bitmap,SQL_FIRST,False
2026-08-30T19:31:52.902+00:00,heldout,1,216,HNSW_HYBRID,wide_or,category_01,113,False,4,0.596165,"[0.50,1.00)",21.835125,1.0,False,exact_seq,SQL_FIRST,False
2026-08-30T19:31:52.925+00:00,heldout,1,216,IVFFLAT_HYBRID,wide_or,category_01,113,False,4,0.596165,"[0.50,1.00)",22.092375,1.0,False,exact_seq,SQL_FIRST,False
2026-08-30T19:31:52.950+00:00,heldout,0,231,SQL_FIRST,wide_or,category_03,266,False,4,0.668145,"[0.50,1.00)",23.057458,1.0,True,exact_seq,SQL_FIRST,True
2026-08-30T19:31:52.975+00:00,heldout,0,231,VECTOR_FIRST_HNSW,wide_or,category_03,266,False,4,0.668145,"[0.50,1.00)",23.60025,1.0,False,exact_bitmap,SQL_FIRST,False
2026-08-30T19:31:53.000+00:00,heldout,0,231,HNSW_HYBRID,wide_or,category_03,266,False,4,0.668145,"[0.50,1.00)",23.8645,1.0,False,exact_seq,SQL_FIRST,False
2026-08-30T19:31:53.024+00:00,heldout,0,231,IVFFLAT_HYBRID,wide_or,category_03,266,False,4,0.668145,"[0.50,1.00)",23.605708,1.0,False,exact_seq,SQL_FIRST,False
2026-08-30T19:31:53.047+00:00,heldout,1,231,SQL_FIRST,wide_or,category_03,266,False,4,0.668145,"[0.50,1.00)",22.78025,1.0,True,exact_seq,SQL_FIRST,True
2026-08-30T19:31:53.070+00:00,heldout,1,231,VECTOR_FIRST_HNSW,wide_or,category_03,266,False,4,0.668145,"[0.50,1.00)",23.144792,1.0,False,exact_bitmap,SQL_FIRST,False
2026-08-30T19:31:53.094+00:00,heldout,1,231,HNSW_HYBRID,wide_or,category_03,266,False,4,0.668145,"[0.50,1.00)",22.581667,1.0,False,exact_seq,SQL_FIRST,False
2026-08-30T19:31:53.117+00:00,heldout,1,231,IVFFLAT_HYBRID,wide_or,category_03,266,False,4,0.668145,"[0.50,1.00)",22.626375,1.0,False,exact_seq,SQL_FIRST,False
2026-08-30T19:31:53.140+00:00,heldout,0,156,SQL_FIRST,category_or_price,category_09,394,False,3,0.451995,"[0.25,0.50)",20.256083,1.0,True,exact_seq,HNSW_HYBRID,False
2026-08-30T19:31:53.165+00:00,heldout,0,156,VECTOR_FIRST_HNSW,category_or_price,category_09,394,False,3,0.451995,"[0.25,0.50)",23.6025,1.0,False,exact_bitmap,HNSW_HYBRID,False
2026-08-30T19:31:53.186+00:00,heldout,0,156,HNSW_HYBRID,category_or_price,category_09,394,False,3,0.451995,"[0.25,0.50)",19.821292,1.0,False,exact_seq,HNSW_HYBRID,True
2026-08-30T19:31:53.207+00:00,heldout,0,156,IVFFLAT_HYBRID,category_or_price,category_09,394,False,3,0.451995,"[0.25,0.50)",20.024584,1.0,False,exact_seq,HNSW_HYBRID,False
2026-08-30T19:31:53.227+00:00,heldout,1,156,SQL_FIRST,category_or_price,category_09,394,False,3,0.451995,"[0.25,0.50)",19.762625,1.0,True,exact_seq,HNSW_HYBRID,False
2026-08-30T19:31:53.250+00:00,heldout,1,156,VECTOR_FIRST_HNSW,category_or_price,category_09,394,False,3,0.451995,"[0.25,0.50)",22.865583,1.0,False,exact_bitmap,HNSW_HYBRID,False
2026-08-30T19:31:53.273+00:00,heldout,1,156,HNSW_HYBRID,category_or_price,category_09,394,False,3,0.451995,"[0.25,0.50)",22.088583,1.0,False,exact_seq,HNSW_HYBRID,True
2026-08-30T19:31:53.294+00:00,heldout,1,156,IVFFLAT_HYBRID,category_or_price,category_09,394,False,3,0.451995,"[0.25,0.50)",20.204333,1.0,False,exact_seq,HNSW_HYBRID,False
2026-08-30T19:31:53.323+00:00,heldout,0,206,SQL_FIRST,wide_or,category_00,997,True,4,0.998575,"[0.50,1.00)",26.725584,1.0,True,exact_seq,SQL_FIRST,True
2026-08-30T19:31:53.348+00:00,heldout,0,206,VECTOR_FIRST_HNSW,wide_or,category_00,997,True,4,0.998575,"[0.50,1.00)",23.095041,1.0,False,exact_bitmap,SQL_FIRST,False
2026-08-30T19:31:53.376+00:00,heldout,0,206,HNSW_HYBRID,wide_or,category_00,997,True,4,0.998575,"[0.50,1.00)",26.461458,1.0,False,exact_seq,SQL_FIRST,False
2026-08-30T19:31:53.404+00:00,heldout,0,206,IVFFLAT_HYBRID,wide_or,category_00,997,True,4,0.998575,"[0.50,1.00)",26.585666,1.0,False,exact_seq,SQL_FIRST,False
2026-08-30T19:31:53.430+00:00,heldout,1,206,SQL_FIRST,wide_or,category_00,997,True,4,0.998575,"[0.50,1.00)",26.275291,1.0,True,exact_seq,SQL_FIRST,True
2026-08-30T19:31:53.454+00:00,heldout,1,206,VECTOR_FIRST_HNSW,wide_or,category_00,997,True,4,0.998575,"[0.50,1.00)",22.99625,1.0,False,exact_bitmap,SQL_FIRST,False
2026-08-30T19:31:53.481+00:00,heldout,1,206,HNSW_HYBRID,wide_or,category_00,997,True,4,0.998575,"[0.50,1.00)",26.639208,1.0,False,exact_seq,SQL_FIRST,False
2026-08-30T19:31:53.508+00:00,heldout,1,206,IVFFLAT_HYBRID,wide_or,category_00,997,True,4,0.998575,"[0.50,1.00)",26.220208,1.0,False,exact_seq,SQL_FIRST,False
2026-08-30T19:31:53.513+00:00,heldout,0,48,SQL_FIRST,category_narrow_price,category_08,377,True,0,0.005035,"[0.00,0.05)",2.534125,1.0,True,exact_bitmap,SQL_FIRST,True
2026-08-30T19:31:53.538+00:00,heldout,0,48,VECTOR_FIRST_HNSW,category_narrow_price,category_08,377,True,0,0.005035,"[0.00,0.05)",23.227917,0.0,False,exact_bitmap,SQL_FIRST,False
2026-08-30T19:31:53.541+00:00,heldout,0,48,HNSW_HYBRID,category_narrow_price,category_08,377,True,0,0.005035,"[0.00,0.05)",2.494459,1.0,False,exact_bitmap,SQL_FIRST,False
2026-08-30T19:31:53.544+00:00,heldout,0,48,IVFFLAT_HYBRID,category_narrow_price,category_08,377,True,0,0.005035,"[0.00,0.05)",2.101417,1.0,False,exact_bitmap,SQL_FIRST,False
2026-08-30T19:31:53.547+00:00,heldout,1,48,SQL_FIRST,category_narrow_price,category_08,377,True,0,0.005035,"[0.00,0.05)",2.113625,1.0,True,exact_bitmap,SQL_FIRST,True
2026-08-30T19:31:53.570+00:00,heldout,1,48,VECTOR_FIRST_HNSW,category_narrow_price,category_08,377,True,0,0.005035,"[0.00,0.05)",22.989,0.0,False,exact_bitmap,SQL_FIRST,False
2026-08-30T19:31:53.573+00:00,heldout,1,48,HNSW_HYBRID,category_narrow_price,category_08,377,True,0,0.005035,"[0.00,0.05)",2.470916,1.0,False,exact_bitmap,SQL_FIRST,False
2026-08-30T19:31:53.576+00:00,heldout,1,48,IVFFLAT_HYBRID,category_narrow_price,category_08,377,True,0,0.005035,"[0.00,0.05)",2.092416,1.0,False,exact_bitmap,SQL_FIRST,False
2026-08-30T19:31:53.604+00:00,heldout,0,244,SQL_FIRST,wide_or,category_02,825,True,4,0.92027,"[0.50,1.00)",25.938666,1.0,True,exact_seq,SQL_FIRST,True
2026-08-30T19:31:53.628+00:00,heldout,0,244,VECTOR_FIRST_HNSW,wide_or,category_02,825,True,4,0.92027,"[0.50,1.00)",22.876625,1.0,False,exact_bitmap,SQL_FIRST,False
2026-08-30T19:31:53.655+00:00,heldout,0,244,HNSW_HYBRID,wide_or,category_02,825,True,4,0.92027,"[0.50,1.00)",25.417583,1.0,False,exact_seq,SQL_FIRST,False
2026-08-30T19:31:53.682+00:00,heldout,0,244,IVFFLAT_HYBRID,wide_or,category_02,825,True,4,0.92027,"[0.50,1.00)",25.48975,1.0,False,exact_seq,SQL_FIRST,False
2026-08-30T19:31:53.708+00:00,heldout,1,244,SQL_FIRST,wide_or,category_02,825,True,4,0.92027,"[0.50,1.00)",25.3565,1.0,True,exact_seq,SQL_FIRST,True
2026-08-30T19:31:53.733+00:00,heldout,1,244,VECTOR_FIRST_HNSW,wide_or,category_02,825,True,4,0.92027,"[0.50,1.00)",24.197792,1.0,False,exact_bitmap,SQL_FIRST,False
2026-08-30T19:31:53.843+00:00,heldout,1,244,HNSW_HYBRID,wide_or,category_02,825,True,4,0.92027,"[0.50,1.00)",109.046542,1.0,False,exact_seq,SQL_FIRST,False
2026-08-30T19:31:53.875+00:00,heldout,1,244,IVFFLAT_HYBRID,wide_or,category_02,825,True,4,0.92027,"[0.50,1.00)",31.574541,1.0,False,exact_seq,SQL_FIRST,False
