query_id,strategy,bucket,latency_ms,recall_at_10,repetition
0,SQL_FIRST,"[0.00,0.05)",7.615625,1.0,0
0,VECTOR_FIRST_HNSW,"[0.00,0.05)",23.324833,0.3,0
0,HNSW_HYBRID,"[0.00,0.05)",8.280084,1.0,0
0,IVFFLAT_HYBRID,"[0.00,0.05)",7.579417,1.0,0
0,SQL_FIRST,"[0.00,0.05)",7.44725,1.0,1
0,VECTOR_FIRST_HNSW,"[0.00,0.05)",22.986667,0.3,1
0,HNSW_HYBRID,"[0.00,0.05)",8.365208,1.0,1
0,IVFFLAT_HYBRID,"[0.00,0.05)",7.870667,1.0,1
0,SQL_FIRST,"[0.00,0.05)",7.660292,1.0,2
0,VECTOR_FIRST_HNSW,"[0.00,0.05)",22.965583,0.3,2
0,HNSW_HYBRID,"[0.00,0.05)",8.353167,1.0,2
0,IVFFLAT_HYBRID,"[0.00,0.05)",7.840334,1.0,2
0,SQL_FIRST,"[0.00,0.05)",7.7025,1.0,3
0,VECTOR_FIRST_HNSW,"[0.00,0.05)",22.976042,0.3,3
0,HNSW_HYBRID,"[0.00,0.05)",8.54125,1.0,3
0,IVFFLAT_HYBRID,"[0.00,0.05)",8.585125,1.0,3
0,SQL_FIRST,"[0.00,0.05)",7.819125,1.0,4
0,VECTOR_FIRST_HNSW,"[0.00,0.05)",22.924958,0.3,4
0,HNSW_HYBRID,"[0.00,0.05)",8.456,1.0,4
0,IVFFLAT_HYBRID,"[0.00,0.05)",7.759,1.0,4
1,SQL_FIRST,"[0.00,0.05)",8.974292,1.0,0
1,VECTOR_FIRST_HNSW,"[0.00,0.05)",22.933542,0.4,0
1,HNSW_HYBRID,"[0.00,0.05)",9.402834,1.0,0
1,IVFFLAT_HYBRID,"[0.00,0.05)",8.940375,1.0,0
1,SQL_FIRST,"[0.00,0.05)",9.044041,1.0,1
1,VECTOR_FIRST_HNSW,"[0.00,0.05)",23.57425,0.4,1
1,HNSW_HYBRID,"[0.00,0.05)",9.33225,1.0,1
1,IVFFLAT_HYBRID,"[0.00,0.05)",8.681417,1.0,1
1,SQL_FIRST,"[0.00,0.05)",8.839583,1.0,2
1,VECTOR_FIRST_HNSW,"[0.00,0.05)",22.896833,0.4,2
1,HNSW_HYBRID,"[0.00,0.05)",9.307583,1.0,2
1,IVFFLAT_HYBRID,"[0.00,0.05)",8.855166,1.0,2
1,SQL_FIRST,"[0.00,0.05)",9.432875,1.0,3
1,VECTOR_FIRST_HNSW,"[0.00,0.05)",22.704416,0.4,3
1,HNSW_HYBRID,"[0.00,0.05)",9.567375,1.0,3
1,IVFFLAT_HYBRID,"[0.00,0.05)",8.823583,1.0,3
1,SQL_FIRST,"[0.00,0.05)",8.899167,1.0,4
1,VECTOR_FIRST_HNSW,"[0.00,0.05)",22.876417,0.4,4
1,HNSW_HYBRID,"[0.00,0.05)",9.158458,1.0,4
1,IVFFLAT_HYBRID,"[0.00,0.05)",8.702375,1.0,4
3,SQL_FIRST,"[0.00,0.05)",6.347333,1.0,0
3,VECTOR_FIRST_HNSW,"[0.00,0.05)",22.792417,0.0,0
3,HNSW_HYBRID,"[0.00,0.05)",5.633666,1.0,0
3,IVFFLAT_HYBRID,"[0.00,0.05)",5.081083,1.0,0
3,SQL_FIRST,"[0.00,0.05)",5.159708,1.0,1
3,VECTOR_FIRST_HNSW,"[0.00,0.05)",22.941709,0.0,1
3,HNSW_HYBRID,"[0.00,0.05)",5.804541,1.0,1
3,IVFFLAT_HYBRID,"[0.00,0.05)",5.159791,1.0,1
3,SQL_FIRST,"[0.00,0.05)",5.166459,1.0,2
3,VECTOR_FIRST_HNSW,"[0.00,0.05)",22.916416,0.0,2
3,HNSW_HYBRID,"[0.00,0.05)",5.897583,1.0,2
3,IVFFLAT_HYBRID,"[0.00,0.05)",5.344083,1.0,2
3,SQL_FIRST,"[0.00,0.05)",5.485541,1.0,3
3,VECTOR_FIRST_HNSW,"[0.00,0.05)",23.008917,0.0,3
3,HNSW_HYBRID,"[0.00,0.05)",6.030291,1.0,3
3,IVFFLAT_HYBRID,"[0.00,0.05)",5.7345,1.0,3
3,SQL_FIRST,"[0.00,0.05)",5.085542,1.0,4
3,VECTOR_FIRST_HNSW,"[0.00,0.05)",22.792709,0.0,4
3,HNSW_HYBRID,"[0.00,0.05)",5.754375,1.0,4
3,IVFFLAT_HYBRID,"[0.00,0.05)",5.087375,1.0,4
6,SQL_FIRST,"[0.00,0.05)",6.619916,1.0,0
6,VECTOR_FIRST_HNSW,"[0.00,0.05)",22.860208,0.2,0
6,HNSW_HYBRID,"[0.00,0.05)",7.174375,1.0,0
6,IVFFLAT_HYBRID,"[0.00,0.05)",7.278375,1.0,0
6,SQL_FIRST,"[0.00,0.05)",6.871125,1.0,1
6,VECTOR_FIRST_HNSW,"[0.00,0.05)",22.833042,0.2,1
6,HNSW_HYBRID,"[0.00,0.05)",7.111417,1.0,1
6,IVFFLAT_HYBRID,"[0.00,0.05)",6.444542,1.0,1
6,SQL_FIRST,"[0.00,0.05)",6.503125,1.0,2
6,VECTOR_FIRST_HNSW,"[0.00,0.05)",22.970916,0.2,2
6,HNSW_HYBRID,"[0.00,0.05)",7.263875,1.0,2
6,IVFFLAT_HYBRID,"[0.00,0.05)",6.513667,1.0,2
6,SQL_FIRST,"[0.00,0.05)",6.497458,1.0,3
6,VECTOR_FIRST_HNSW,"[0.00,0.05)",22.877917,0.2,3
6,HNSW_HYBRID,"[0.00,0.05)",7.22925,1.0,3
6,IVFFLAT_HYBRID,"[0.00,0.05)",6.802334,1.0,3
6,SQL_FIRST,"[0.00,0.05)",6.508584,1.0,4
6,VECTOR_FIRST_HNSW,"[0.00,0.05)",22.880459,0.2,4
6,HNSW_HYBRID,"[0.00,0.05)",7.225541,1.0,4
6,IVFFLAT_HYBRID,"[0.00,0.05)",6.638708,1.0,4
7,SQL_FIRST,"[0.00,0.05)",7.596958,1.0,0
7,VECTOR_FIRST_HNSW,"[0.00,0.05)",22.907291,0.3,0
7,HNSW_HYBRID,"[0.00,0.05)",8.244375,1.0,0
7,IVFFLAT_HYBRID,"[0.00,0.05)",7.694292,1.0,0
7,SQL_FIRST,"[0.00,0.05)",7.558041,1.0,1
7,VECTOR_FIRST_HNSW,"[0.00,0.05)",22.981125,0.3,1
7,HNSW_HYBRID,"[0.00,0.05)",8.140792,1.0,1
7,IVFFLAT_HYBRID,"[0.00,0.05)",7.594667,1.0,1
7,SQL_FIRST,"[0.00,0.05)",7.650084,1.0,2
7,VECTOR_FIRST_HNSW,"[0.00,0.05)",23.391292,0.3,2
7,HNSW_HYBRID,"[0.00,0.05)",8.148041,1.0,2
7,IVFFLAT_HYBRID,"[0.00,0.05)",7.601917,1.0,2
7,SQL_FIRST,"[0.00,0.05)",7.522959,1.0,3
7,VECTOR_FIRST_HNSW,"[0.00,0.05)",22.913209,0.3,3
7,HNSW_HYBRID,"[0.00,0.05)",8.088875,1.0,3
7,IVFFLAT_HYBRID,"[0.00,0.05)",7.368541,1.0,3
7,SQL_FIRST,"[0.00,0.05)",7.153417,1.0,4
7,VECTOR_FIRST_HNSW,"[0.00,0.05)",23.575125,0.3,4
7,HNSW_HYBRID,"[0.00,0.05)",8.09625,1.0,4
7,IVFFLAT_HYBRID,"[0.00,0.05)",7.796292,1.0,4
8,SQL_FIRST,"[0.00,0.05)",4.585625,1.0,0
8,VECTOR_FIRST_HNSW,"[0.00,0.05)",23.214875,0.0,0
8,HNSW_HYBRID,"[0.00,0.05)",5.154708,1.0,0
8,IVFFLAT_HYBRID,"[0.00,0.05)",4.554625,1.0,0
8,SQL_FIRST,"[0.00,0.05)",4.506667,1.0,1
8,VECTOR_FIRST_HNSW,"[0.00,0.05)",22.805917,0.0,1
8,HNSW_HYBRID,"[0.00,0.05)",5.133417,1.0,1
8,IVFFLAT_HYBRID,"[0.00,0.05)",4.537417,1.0,1
8,SQL_FIRST,"[0.00,0.05)",4.522708,1.0,2
8,VECTOR_FIRST_HNSW,"[0.00,0.05)",22.920417,0.0,2
8,HNSW_HYBRID,"[0.00,0.05)",5.057542,1.0,2
8,IVFFLAT_HYBRID,"[0.00,0.05)",4.6455,1.0,2
8,SQL_FIRST,"[0.00,0.05)",4.564209,1.0,3
8,VECTOR_FIRST_HNSW,"[0.00,0.05)",22.826916,0.0,3
8,HNSW_HYBRID,"[0.00,0.05)",5.114417,1.0,3
8,IVFFLAT_HYBRID,"[0.00,0.05)",4.597958,1.0,3
8,SQL_FIRST,"[0.00,0.05)",4.64125,1.0,4
8,VECTOR_FIRST_HNSW,"[0.00,0.05)",22.877792,0.0,4
8,HNSW_HYBRID,"[0.00,0.05)",5.130542,1.0,4
8,IVFFLAT_HYBRID,"[0.00,0.05)",4.625959,1.0,4
9,SQL_FIRST,"[0.00,0.05)",8.68675,1.0,0
9,VECTOR_FIRST_HNSW,"[0.00,0.05)",22.890958,0.6,0
9,HNSW_HYBRID,"[0.00,0.05)",9.294083,1.0,0
9,IVFFLAT_HYBRID,"[0.00,0.05)",8.797959,1.0,0
9,SQL_FIRST,"[0.00,0.05)",8.82975,1.0,1
9,VECTOR_FIRST_HNSW,"[0.00,0.05)",22.916542,0.6,1
9,HNSW_HYBRID,"[0.00,0.05)",9.344666,1.0,1
9,IVFFLAT_HYBRID,"[0.00,0.05)",9.19825,1.0,1
9,SQL_FIRST,"[0.00,0.05)",9.4945,1.0,2
9,VECTOR_FIRST_HNSW,"[0.00,0.05)",23.442417,0.6,2
9,HNSW_HYBRID,"[0.00,0.05)",9.554167,1.0,2
9,IVFFLAT_HYBRID,"[0.00,0.05)",8.535417,1.0,2
9,SQL_FIRST,"[0.00,0.05)",8.75,1.0,3
9,VECTOR_FIRST_HNSW,"[0.00,0.05)",22.905792,0.6,3
9,HNSW_HYBRID,"[0.00,0.05)",9.350708,1.0,3
9,IVFFLAT_HYBRID,"[0.00,0.05)",8.733125,1.0,3
9,SQL_FIRST,"[0.00,0.05)",8.858334,1.0,4
9,VECTOR_FIRST_HNSW,"[0.00,0.05)",23.362875,0.6,4
9,HNSW_HYBRID,"[0.00,0.05)",9.85175,1.0,4
9,IVFFLAT_HYBRID,"[0.00,0.05)",9.366333,1.0,4
10,SQL_FIRST,"[0.00,0.05)",9.783667,1.0,0
10,VECTOR_FIRST_HNSW,"[0.00,0.05)",22.965375,0.4,0
10,HNSW_HYBRID,"[0.00,0.05)",9.953042,1.0,0
10,IVFFLAT_HYBRID,"[0.00,0.05)",9.468833,1.0,0
10,SQL_FIRST,"[0.00,0.05)",9.9315,1.0,1
10,VECTOR_FIRST_HNSW,"[0.00,0.05)",22.945292,0.4,1
10,HNSW_HYBRID,"[0.00,0.05)",10.141667,1.0,1
10,IVFFLAT_HYBRID,"[0.00,0.05)",9.302083,1.0,1
10,SQL_FIRST,"[0.00,0.05)",9.5905,1.0,2
10,VECTOR_FIRST_HNSW,"[0.00,0.05)",22.895333,0.4,2
10,HNSW_HYBRID,"[0.00,0.05)",9.95025,1.0,2
10,IVFFLAT_HYBRID,"[0.00,0.05)",9.842875,1.0,2
10,SQL_FIRST,"[0.00,0.05)",9.388709,1.0,3
10,VECTOR_FIRST_HNSW,"[0.00,0.05)",23.117416,0.4,3
10,HNSW_HYBRID,"[0.00,0.05)",10.019083,1.0,3
10,IVFFLAT_HYBRID,"[0.00,0.05)",9.721834,1.0,3
10,SQL_FIRST,"[0.00,0.05)",9.373292,1.0,4
10,VECTOR_FIRST_HNSW,"[0.00,0.05)",22.904375,0.4,4
10,HNSW_HYBRID,"[0.00,0.05)",9.930125,1.0,4
10,IVFFLAT_HYBRID,"[0.00,0.05)",9.668083,1.0,4
12,SQL_FIRST,"[0.00,0.05)",7.177417,1.0,0
12,VECTOR_FIRST_HNSW,"[0.00,0.05)",23.517834,0.4,0
12,HNSW_HYBRID,"[0.00,0.05)",7.881291,1.0,0
12,IVFFLAT_HYBRID,"[0.00,0.05)",7.349875,1.0,0
12,SQL_FIRST,"[0.00,0.05)",6.930292,1.0,1
12,VECTOR_FIRST_HNSW,"[0.00,0.05)",23.002625,0.4,1
12,HNSW_HYBRID,"[0.00,0.05)",7.849666,1.0,1
12,IVFFLAT_HYBRID,"[0.00,0.05)",7.254167,1.0,1
12,SQL_FIRST,"[0.00,0.05)",7.077917,1.0,2
12,VECTOR_FIRST_HNSW,"[0.00,0.05)",22.874292,0.4,2
12,HNSW_HYBRID,"[0.00,0.05)",7.84225,1.0,2
12,IVFFLAT_HYBRID,"[0.00,0.05)",7.985625,1.0,2
12,SQL_FIRST,"[0.00,0.05)",7.844042,1.0,3
12,VECTOR_FIRST_HNSW,"[0.00,0.05)",23.197958,0.4,3
12,HNSW_HYBRID,"[0.00,0.05)",7.85225,1.0,3
12,IVFFLAT_HYBRID,"[0.00,0.05)",7.153875,1.0,3
12,SQL_FIRST,"[0.00,0.05)",7.102416,1.0,4
12,VECTOR_FIRST_HNSW,"[0.00,0.05)",23.406541,0.4,4
12,HNSW_HYBRID,"[0.00,0.05)",7.905,1.0,4
12,IVFFLAT_HYBRID,"[0.00,0.05)",7.016792,1.0,4
13,SQL_FIRST,"[0.00,0.05)",10.156041,1.0,0
13,VECTOR_FIRST_HNSW,"[0.00,0.05)",22.917292,0.3,0
13,HNSW_HYBRID,"[0.00,0.05)",10.6325,1.0,0
13,IVFFLAT_HYBRID,"[0.00,0.05)",10.304833,1.0,0
13,SQL_FIRST,"[0.00,0.05)",10.213084,1.0,1
13,VECTOR_FIRST_HNSW,"[0.00,0.05)",23.013417,0.3,1
13,HNSW_HYBRID,"[0.00,0.05)",10.67925,1.0,1
13,IVFFLAT_HYBRID,"[0.00,0.05)",10.084167,1.0,1
13,SQL_FIRST,"[0.00,0.05)",10.28375,1.0,2
13,VECTOR_FIRST_HNSW,"[0.00,0.05)",23.112625,0.3,2
13,HNSW_HYBRID,"[0.00,0.05)",11.421208,1.0,2
13,IVFFLAT_HYBRID,"[0.00,0.05)",11.288917,1.0,2
13,SQL_FIRST,"[0.00,0.05)",10.259667,1.0,3
13,VECTOR_FIRST_HNSW,"[0.00,0.05)",23.002792,0.3,3
13,HNSW_HYBRID,"[0.00,0.05)",10.543167,1.0,3
13,IVFFLAT_HYBRID,"[0.00,0.05)",10.249084,1.0,3
13,SQL_FIRST,"[0.00,0.05)",10.168458,1.0,4
13,VECTOR_FIRST_HNSW,"[0.00,0.05)",23.126458,0.3,4
13,HNSW_HYBRID,"[0.00,0.05)",10.897541,1.0,4
13,IVFFLAT_HYBRID,"[0.00,0.05)",10.693208,1.0,4
16,SQL_FIRST,"[0.00,0.05)",10.7835,1.0,0
16,VECTOR_FIRST_HNSW,"[0.00,0.05)",22.83375,0.3,0
16,HNSW_HYBRID,"[0.00,0.05)",11.769875,1.0,0
16,IVFFLAT_HYBRID,"[0.00,0.05)",11.211583,1.0,0
16,SQL_FIRST,"[0.00,0.05)",10.70625,1.0,1
16,VECTOR_FIRST_HNSW,"[0.00,0.05)",23.234708,0.3,1
16,HNSW_HYBRID,"[0.00,0.05)",11.221959,1.0,1
16,IVFFLAT_HYBRID,"[0.00,0.05)",11.183667,1.0,1
16,SQL_FIRST,"[0.00,0.05)",10.829125,1.0,2
16,VECTOR_FIRST_HNSW,"[0.00,0.05)",22.967792,0.3,2
16,HNSW_HYBRID,"[0.00,0.05)",11.096791,1.0,2
16,IVFFLAT_HYBRID,"[0.00,0.05)",10.606167,1.0,2
16,SQL_FIRST,"[0.00,0.05)",10.647375,1.0,3
16,VECTOR_FIRST_HNSW,"[0.00,0.05)",22.942917,0.3,3
16,HNSW_HYBRID,"[0.00,0.05)",10.9745,1.0,3
16,IVFFLAT_HYBRID,"[0.00,0.05)",10.644708,1.0,3
16,SQL_FIRST,"[0.00,0.05)",10.531042,1.0,4
16,VECTOR_FIRST_HNSW,"[0.00,0.05)",22.95975,0.3,4
16,HNSW_HYBRID,"[0.00,0.05)",11.035875,1.0,4
16,IVFFLAT_HYBRID,"[0.00,0.05)",10.507708,1.0,4
18,SQL_FIRST,"[0.00,0.05)",9.653625,1.0,0
18,VECTOR_FIRST_HNSW,"[0.00,0.05)",22.832417,0.3,0
18,HNSW_HYBRID,"[0.00,0.05)",10.135667,1.0,0
18,IVFFLAT_HYBRID,"[0.00,0.05)",9.496583,1.0,0
18,SQL_FIRST,"[0.00,0.05)",9.277125,1.0,1
18,VECTOR_FIRST_HNSW,"[0.00,0.05)",22.762959,0.3,1
18,HNSW_HYBRID,"[0.00,0.05)",10.137584,1.0,1
18,IVFFLAT_HYBRID,"[0.00,0.05)",9.763542,1.0,1
18,SQL_FIRST,"[0.00,0.05)",10.133833,1.0,2
18,VECTOR_FIRST_HNSW,"[0.00,0.05)",23.2655,0.3,2
18,HNSW_HYBRID,"[0.00,0.05)",10.195291,1.0,2
18,IVFFLAT_HYBRID,"[0.00,0.05)",9.493416,1.0,2
18,SQL_FIRST,"[0.00,0.05)",9.774666,1.0,3
18,VECTOR_FIRST_HNSW,"[0.00,0.05)",22.979541,0.3,3
18,HNSW_HYBRID,"[0.00,0.05)",10.072083,1.0,3
18,IVFFLAT_HYBRID,"[0.00,0.05)",9.430417,1.0,3
18,SQL_FIRST,"[0.00,0.05)",10.041833,1.0,4
18,VECTOR_FIRST_HNSW,"[0.00,0.05)",23.66925,0.3,4
18,HNSW_HYBRID,"[0.00,0.05)",10.270792,1.0,4
18,IVFFLAT_HYBRID,"[0.00,0.05)",9.764833,1.0,4
20,SQL_FIRST,"[0.00,0.05)",10.802459,1.0,0
20,VECTOR_FIRST_HNSW,"[0.00,0.05)",22.914834,0.3,0
20,HNSW_HYBRID,"[0.00,0.05)",11.164083,1.0,0
20,IVFFLAT_HYBRID,"[0.00,0.05)",10.866041,1.0,0
20,SQL_FIRST,"[0.00,0.05)",10.739166,1.0,1
20,VECTOR_FIRST_HNSW,"[0.00,0.05)",22.82175,0.3,1
20,HNSW_HYBRID,"[0.00,0.05)",11.318333,1.0,1
20,IVFFLAT_HYBRID,"[0.00,0.05)",10.749417,1.0,1
20,SQL_FIRST,"[0.00,0.05)",10.825709,1.0,2
20,VECTOR_FIRST_HNSW,"[0.00,0.05)",22.993417,0.3,2
20,HNSW_HYBRID,"[0.00,0.05)",11.303833,1.0,2
20,IVFFLAT_HYBRID,"[0.00,0.05)",11.432125,1.0,2
20,SQL_FIRST,"[0.00,0.05)",10.81225,1.0,3
20,VECTOR_FIRST_HNSW,"[0.00,0.05)",22.954875,0.3,3
20,HNSW_HYBRID,"[0.00,0.05)",11.17825,1.0,3
20,IVFFLAT_HYBRID,"[0.00,0.05)",10.719375,1.0,3
20,SQL_FIRST,"[0.00,0.05)",11.185875,1.0,4
20,VECTOR_FIRST_HNSW,"[0.00,0.05)",22.867375,0.3,4
20,HNSW_HYBRID,"[0.00,0.05)",11.097875,1.0,4
20,IVFFLAT_HYBRID,"[0.00,0.05)",10.765584,1.0,4
21,SQL_FIRST,"[0.00,0.05)",9.333583,1.0,0
21,VECTOR_FIRST_HNSW,"[0.00,0.05)",22.917042,0.6,0
21,HNSW_HYBRID,"[0.00,0.05)",9.612459,1.0,0
21,IVFFLAT_HYBRID,"[0.00,0.05)",9.166375,1.0,0
21,SQL_FIRST,"[0.00,0.05)",9.617834,1.0,1
21,VECTOR_FIRST_HNSW,"[0.00,0.05)",22.706917,0.6,1
21,HNSW_HYBRID,"[0.00,0.05)",9.910166,1.0,1
21,IVFFLAT_HYBRID,"[0.00,0.05)",9.669625,1.0,1
21,SQL_FIRST,"[0.00,0.05)",9.573,1.0,2
21,VECTOR_FIRST_HNSW,"[0.00,0.05)",22.953,0.6,2
21,HNSW_HYBRID,"[0.00,0.05)",9.578791,1.0,2
21,IVFFLAT_HYBRID,"[0.00,0.05)",9.942666,1.0,2
21,SQL_FIRST,"[0.00,0.05)",9.801916,1.0,3
21,VECTOR_FIRST_HNSW,"[0.00,0.05)",22.960458,0.6,3
21,HNSW_HYBRID,"[0.00,0.05)",9.488166,1.0,3
21,IVFFLAT_HYBRID,"[0.00,0.05)",9.185375,1.0,3
21,SQL_FIRST,"[0.00,0.05)",9.138917,1.0,4
21,VECTOR_FIRST_HNSW,"[0.00,0.05)",23.006333,0.6,4
21,HNSW_HYBRID,"[0.00,0.05)",9.608583,1.0,4
21,IVFFLAT_HYBRID,"[0.00,0.05)",9.471458,1.0,4
24,SQL_FIRST,"[0.00,0.05)",9.554042,1.0,0
24,VECTOR_FIRST_HNSW,"[0.00,0.05)",23.24375,0.4,0
24,HNSW_HYBRID,"[0.00,0.05)",10.434667,1.0,0
24,IVFFLAT_HYBRID,"[0.00,0.05)",9.265292,1.0,0
24,SQL_FIRST,"[0.00,0.05)",9.13925,1.0,1
24,VECTOR_FIRST_HNSW,"[0.00,0.05)",22.950125,0.4,1
24,HNSW_HYBRID,"[0.00,0.05)",9.557958,1.0,1
24,IVFFLAT_HYBRID,"[0.00,0.05)",9.299541,1.0,1
24,SQL_FIRST,"[0.00,0.05)",9.231333,1.0,2
24,VECTOR_FIRST_HNSW,"[0.00,0.05)",22.888583,0.4,2
24,HNSW_HYBRID,"[0.00,0.05)",9.583417,1.0,2
24,IVFFLAT_HYBRID,"[0.00,0.05)",9.237917,1.0,2
24,SQL_FIRST,"[0.00,0.05)",9.1215,1.0,3
24,VECTOR_FIRST_HNSW,"[0.00,0.05)",23.295583,0.4,3
24,HNSW_HYBRID,"[0.00,0.05)",9.822542,1.0,3
24,IVFFLAT_HYBRID,"[0.00,0.05)",9.4205,1.0,3
24,SQL_FIRST,"[0.00,0.05)",9.236084,1.0,4
24,VECTOR_FIRST_HNSW,"[0.00,0.05)",22.872792,0.4,4
24,HNSW_HYBRID,"[0.00,0.05)",9.544792,1.0,4
24,IVFFLAT_HYBRID,"[0.00,0.05)",9.229125,1.0,4
29,SQL_FIRST,"[0.00,0.05)",8.743666,1.0,0
29,VECTOR_FIRST_HNSW,"[0.00,0.05)",22.925,0.3,0
29,HNSW_HYBRID,"[0.00,0.05)",8.677042,1.0,0
29,IVFFLAT_HYBRID,"[0.00,0.05)",8.518084,1.0,0
29,SQL_FIRST,"[0.00,0.05)",8.726917,1.0,1
29,VECTOR_FIRST_HNSW,"[0.00,0.05)",23.142083,0.3,1
29,HNSW_HYBRID,"[0.00,0.05)",8.817667,1.0,1
29,IVFFLAT_HYBRID,"[0.00,0.05)",8.033,1.0,1
29,SQL_FIRST,"[0.00,0.05)",8.03575,1.0,2
29,VECTOR_FIRST_HNSW,"[0.00,0.05)",22.897916,0.3,2
29,HNSW_HYBRID,"[0.00,0.05)",8.777375,1.0,2
29,IVFFLAT_HYBRID,"[0.00,0.05)",7.992,1.0,2
29,SQL_FIRST,"[0.00,0.05)",8.316375,1.0,3
29,VECTOR_FIRST_HNSW,"[0.00,0.05)",23.991875,0.3,3
29,HNSW_HYBRID,"[0.00,0.05)",8.708333,1.0,3
29,IVFFLAT_HYBRID,"[0.00,0.05)",8.028334,1.0,3
29,SQL_FIRST,"[0.00,0.05)",8.1235,1.0,4
29,VECTOR_FIRST_HNSW,"[0.00,0.05)",22.967916,0.3,4
29,HNSW_HYBRID,"[0.00,0.05)",8.773333,1.0,4
29,IVFFLAT_HYBRID,"[0.00,0.05)",8.075625,1.0,4
32,SQL_FIRST,"[0.00,0.05)",4.274708,1.0,0
32,VECTOR_FIRST_HNSW,"[0.00,0.05)",22.843667,0.0,0
32,HNSW_HYBRID,"[0.00,0.05)",4.723792,1.0,0
32,IVFFLAT_HYBRID,"[0.00,0.05)",4.244541,1.0,0
32,SQL_FIRST,"[0.00,0.05)",4.268417,1.0,1
32,VECTOR_FIRST_HNSW,"[0.00,0.05)",22.938667,0.0,1
32,HNSW_HYBRID,"[0.00,0.05)",4.799958,1.0,1
32,IVFFLAT_HYBRID,"[0.00,0.05)",4.316917,1.0,1
32,SQL_FIRST,"[0.00,0.05)",4.361333,1.0,2
32,VECTOR_FIRST_HNSW,"[0.00,0.05)",22.928208,0.0,2
32,HNSW_HYBRID,"[0.00,0.05)",4.7515,1.0,2
32,IVFFLAT_HYBRID,"[0.00,0.05)",4.586042,1.0,2
32,SQL_FIRST,"[0.00,0.05)",4.418416,1.0,3
32,VECTOR_FIRST_HNSW,"[0.00,0.05)",22.996,0.0,3
32,HNSW_HYBRID,"[0.00,0.05)",4.764208,1.0,3
32,IVFFLAT_HYBRID,"[0.00,0.05)",4.295542,1.0,3
32,SQL_FIRST,"[0.00,0.05)",4.242125,1.0,4
32,VECTOR_FIRST_HNSW,"[0.00,0.05)",22.791083,0.0,4
32,HNSW_HYBRID,"[0.00,0.05)",4.689583,1.0,4
32,IVFFLAT_HYBRID,"[0.00,0.05)",4.297292,1.0,4
36,SQL_FIRST,"[0.00,0.05)",7.065125,1.0,0
36,VECTOR_FIRST_HNSW,"[0.00,0.05)",23.142375,0.0,0
36,HNSW_HYBRID,"[0.00,0.05)",7.222209,1.0,0
36,IVFFLAT_HYBRID,"[0.00,0.05)",6.498042,1.0,0
36,SQL_FIRST,"[0.00,0.05)",6.664583,1.0,1
36,VECTOR_FIRST_HNSW,"[0.00,0.05)",23.558333,0.0,1
36,HNSW_HYBRID,"[0.00,0.05)",7.308125,1.0,1
36,IVFFLAT_HYBRID,"[0.00,0.05)",6.503833,1.0,1
36,SQL_FIRST,"[0.00,0.05)",6.779583,1.0,2
36,VECTOR_FIRST_HNSW,"[0.00,0.05)",22.776959,0.0,2
36,HNSW_HYBRID,"[0.00,0.05)",7.456209,1.0,2
36,IVFFLAT_HYBRID,"[0.00,0.05)",6.750917,1.0,2
36,SQL_FIRST,"[0.00,0.05)",6.561333,1.0,3
36,VECTOR_FIRST_HNSW,"[0.00,0.05)",22.894042,0.0,3
36,HNSW_HYBRID,"[0.00,0.05)",7.342875,1.0,3
36,IVFFLAT_HYBRID,"[0.00,0.05)",6.661542,1.0,3
36,SQL_FIRST,"[0.00,0.05)",6.52475,1.0,4
36,VECTOR_FIRST_HNSW,"[0.00,0.05)",22.926333,0.0,4
36,HNSW_HYBRID,"[0.00,0.05)",7.23225,1.0,4
36,IVFFLAT_HYBRID,"[0.00,0.05)",6.609459,1.0,4
38,SQL_FIRST,"[0.00,0.05)",7.243791,1.0,0
38,VECTOR_FIRST_HNSW,"[0.00,0.05)",22.785292,0.1,0
38,HNSW_HYBRID,"[0.00,0.05)",8.038583,1.0,0
38,IVFFLAT_HYBRID,"[0.00,0.05)",7.138875,1.0,0
38,SQL_FIRST,"[0.00,0.05)",8.320584,1.0,1
38,VECTOR_FIRST_HNSW,"[0.00,0.05)",22.844167,0.1,1
38,HNSW_HYBRID,"[0.00,0.05)",8.031333,1.0,1
38,IVFFLAT_HYBRID,"[0.00,0.05)",7.33775,1.0,1
38,SQL_FIRST,"[0.00,0.05)",7.307125,1.0,2
38,VECTOR_FIRST_HNSW,"[0.00,0.05)",22.921,0.1,2
38,HNSW_HYBRID,"[0.00,0.05)",8.230209,1.0,2
38,IVFFLAT_HYBRID,"[0.00,0.05)",7.558708,1.0,2
38,SQL_FIRST,"[0.00,0.05)",7.324625,1.0,3
38,VECTOR_FIRST_HNSW,"[0.00,0.05)",22.831833,0.1,3
38,HNSW_HYBRID,"[0.00,0.05)",7.894708,1.0,3
38,IVFFLAT_HYBRID,"[0.00,0.05)",7.585917,1.0,3
38,SQL_FIRST,"[0.00,0.05)",7.140292,1.0,4
38,VECTOR_FIRST_HNSW,"[0.00,0.05)",22.924917,0.1,4
38,HNSW_HYBRID,"[0.00,0.05)",7.901541,1.0,4
38,IVFFLAT_HYBRID,"[0.00,0.05)",7.228708,1.0,4
39,SQL_FIRST,"[0.00,0.05)",8.972125,1.0,0
39,VECTOR_FIRST_HNSW,"[0.00,0.05)",23.001792,0.5,0
39,HNSW_HYBRID,"[0.00,0.05)",9.963083,1.0,0
39,IVFFLAT_HYBRID,"[0.00,0.05)",9.751333,1.0,0
39,SQL_FIRST,"[0.00,0.05)",9.6365,1.0,1
39,VECTOR_FIRST_HNSW,"[0.00,0.05)",22.909916,0.5,1
39,HNSW_HYBRID,"[0.00,0.05)",9.845916,1.0,1
39,IVFFLAT_HYBRID,"[0.00,0.05)",9.335417,1.0,1
39,SQL_FIRST,"[0.00,0.05)",9.512792,1.0,2
39,VECTOR_FIRST_HNSW,"[0.00,0.05)",22.911083,0.5,2
39,HNSW_HYBRID,"[0.00,0.05)",9.570625,1.0,2
39,IVFFLAT_HYBRID,"[0.00,0.05)",9.194875,1.0,2
39,SQL_FIRST,"[0.00,0.05)",9.540083,1.0,3
39,VECTOR_FIRST_HNSW,"[0.00,0.05)",22.875083,0.5,3
39,HNSW_HYBRID,"[0.00,0.05)",9.57325,1.0,3
39,IVFFLAT_HYBRID,"[0.00,0.05)",9.286125,1.0,3
39,SQL_FIRST,"[0.00,0.05)",9.161458,1.0,4
39,VECTOR_FIRST_HNSW,"[0.00,0.05)",22.9035,0.5,4
39,HNSW_HYBRID,"[0.00,0.05)",9.642292,1.0,4
39,IVFFLAT_HYBRID,"[0.00,0.05)",9.649375,1.0,4
41,SQL_FIRST,"[0.00,0.05)",6.333583,1.0,0
41,VECTOR_FIRST_HNSW,"[0.00,0.05)",22.819125,0.1,0
41,HNSW_HYBRID,"[0.00,0.05)",6.996875,1.0,0
41,IVFFLAT_HYBRID,"[0.00,0.05)",6.364625,1.0,0
41,SQL_FIRST,"[0.00,0.05)",6.50325,1.0,1
41,VECTOR_FIRST_HNSW,"[0.00,0.05)",23.667375,0.1,1
41,HNSW_HYBRID,"[0.00,0.05)",7.036542,1.0,1
41,IVFFLAT_HYBRID,"[0.00,0.05)",6.484083,1.0,1
41,SQL_FIRST,"[0.00,0.05)",6.38325,1.0,2
41,VECTOR_FIRST_HNSW,"[0.00,0.05)",22.941916,0.1,2
41,HNSW_HYBRID,"[0.00,0.05)",7.123125,1.0,2
41,IVFFLAT_HYBRID,"[0.00,0.05)",6.428792,1.0,2
41,SQL_FIRST,"[0.00,0.05)",6.2945,1.0,3
41,VECTOR_FIRST_HNSW,"[0.00,0.05)",22.848042,0.1,3
41,HNSW_HYBRID,"[0.00,0.05)",6.99725,1.0,3
41,IVFFLAT_HYBRID,"[0.00,0.05)",6.436666,1.0,3
41,SQL_FIRST,"[0.00,0.05)",6.503917,1.0,4
41,VECTOR_FIRST_HNSW,"[0.00,0.05)",23.172167,0.1,4
41,HNSW_HYBRID,"[0.00,0.05)",7.25,1.0,4
41,IVFFLAT_HYBRID,"[0.00,0.05)",6.702666,1.0,4
43,SQL_FIRST,"[0.00,0.05)",8.924375,1.0,0
43,VECTOR_FIRST_HNSW,"[0.00,0.05)",22.895416,0.5,0
43,HNSW_HYBRID,"[0.00,0.05)",9.207208,1.0,0
43,IVFFLAT_HYBRID,"[0.00,0.05)",8.8675,1.0,0
43,SQL_FIRST,"[0.00,0.05)",8.732542,1.0,1
43,VECTOR_FIRST_HNSW,"[0.00,0.05)",22.903667,0.5,1
43,HNSW_HYBRID,"[0.00,0.05)",9.209,1.0,1
43,IVFFLAT_HYBRID,"[0.00,0.05)",8.740541,1.0,1
43,SQL_FIRST,"[0.00,0.05)",9.192166,1.0,2
43,VECTOR_FIRST_HNSW,"[0.00,0.05)",22.907958,0.5,2
43,HNSW_HYBRID,"[0.00,0.05)",9.297125,1.0,2
43,IVFFLAT_HYBRID,"[0.00,0.05)",8.304,1.0,2
43,SQL_FIRST,"[0.00,0.05)",8.591,1.0,3
43,VECTOR_FIRST_HNSW,"[0.00,0.05)",22.965667,0.5,3
43,HNSW_HYBRID,"[0.00,0.05)",9.212584,1.0,3
43,IVFFLAT_HYBRID,"[0.00,0.05)",8.564125,1.0,3
43,SQL_FIRST,"[0.00,0.05)",8.864625,1.0,4
43,VECTOR_FIRST_HNSW,"[0.00,0.05)",22.941417,0.5,4
43,HNSW_HYBRID,"[0.00,0.05)",9.428042,1.0,4
43,IVFFLAT_HYBRID,"[0.00,0.05)",8.685083,1.0,4
44,SQL_FIRST,"[0.00,0.05)",9.676375,1.0,0
44,VECTOR_FIRST_HNSW,"[0.00,0.05)",23.249792,0.8,0
44,HNSW_HYBRID,"[0.00,0.05)",9.751875,1.0,0
44,IVFFLAT_HYBRID,"[0.00,0.05)",9.276333,1.0,0
44,SQL_FIRST,"[0.00,0.05)",9.4015,1.0,1
44,VECTOR_FIRST_HNSW,"[0.00,0.05)",22.928166,0.8,1
44,HNSW_HYBRID,"[0.00,0.05)",9.784625,1.0,1
44,IVFFLAT_HYBRID,"[0.00,0.05)",9.1365,1.0,1
44,SQL_FIRST,"[0.00,0.05)",9.585959,1.0,2
44,VECTOR_FIRST_HNSW,"[0.00,0.05)",23.081083,0.8,2
44,HNSW_HYBRID,"[0.00,0.05)",9.887584,1.0,2
44,IVFFLAT_HYBRID,"[0.00,0.05)",9.900209,1.0,2
44,SQL_FIRST,"[0.00,0.05)",9.739459,1.0,3
44,VECTOR_FIRST_HNSW,"[0.00,0.05)",23.437708,0.8,3
44,HNSW_HYBRID,"[0.00,0.05)",9.914584,1.0,3
44,IVFFLAT_HYBRID,"[0.00,0.05)",9.517375,1.0,3
44,SQL_FIRST,"[0.00,0.05)",9.372125,1.0,4
44,VECTOR_FIRST_HNSW,"[0.00,0.05)",22.911166,0.8,4
44,HNSW_HYBRID,"[0.00,0.05)",9.757958,1.0,4
44,IVFFLAT_HYBRID,"[0.00,0.05)",9.841209,1.0,4
45,SQL_FIRST,"[0.00,0.05)",8.704042,1.0,0
45,VECTOR_FIRST_HNSW,"[0.00,0.05)",22.950917,0.2,0
45,HNSW_HYBRID,"[0.00,0.05)",9.244375,1.0,0
45,IVFFLAT_HYBRID,"[0.00,0.05)",8.604959,1.0,0
45,SQL_FIRST,"[0.00,0.05)",8.585125,1.0,1
45,VECTOR_FIRST_HNSW,"[0.00,0.05)",22.874125,0.2,1
45,HNSW_HYBRID,"[0.00,0.05)",9.360583,1.0,1
45,IVFFLAT_HYBRID,"[0.00,0.05)",10.111875,1.0,1
45,SQL_FIRST,"[0.00,0.05)",9.263625,1.0,2
45,VECTOR_FIRST_HNSW,"[0.00,0.05)",24.111542,0.2,2
45,HNSW_HYBRID,"[0.00,0.05)",9.263208,1.0,2
45,IVFFLAT_HYBRID,"[0.00,0.05)",8.585583,1.0,2
45,SQL_FIRST,"[0.00,0.05)",8.629333,1.0,3
45,VECTOR_FIRST_HNSW,"[0.00,0.05)",22.903458,0.2,3
45,HNSW_HYBRID,"[0.00,0.05)",9.233125,1.0,3
45,IVFFLAT_HYBRID,"[0.00,0.05)",8.688083,1.0,3
45,SQL_FIRST,"[0.00,0.05)",8.796167,1.0,4
45,VECTOR_FIRST_HNSW,"[0.00,0.05)",23.437542,0.2,4
45,HNSW_HYBRID,"[0.00,0.05)",9.19525,1.0,4
45,IVFFLAT_HYBRID,"[0.00,0.05)",8.657625,1.0,4
46,SQL_FIRST,"[0.00,0.05)",8.213417,1.0,0
46,VECTOR_FIRST_HNSW,"[0.00,0.05)",23.493083,0.1,0
46,HNSW_HYBRID,"[0.00,0.05)",8.882125,1.0,0
46,IVFFLAT_HYBRID,"[0.00,0.05)",8.663125,1.0,0
46,SQL_FIRST,"[0.00,0.05)",8.853917,1.0,1
46,VECTOR_FIRST_HNSW,"[0.00,0.05)",23.086917,0.1,1
46,HNSW_HYBRID,"[0.00,0.05)",8.885833,1.0,1
46,IVFFLAT_HYBRID,"[0.00,0.05)",8.706709,1.0,1
46,SQL_FIRST,"[0.00,0.05)",8.805125,1.0,2
46,VECTOR_FIRST_HNSW,"[0.00,0.05)",23.154083,0.1,2
46,HNSW_HYBRID,"[0.00,0.05)",8.796042,1.0,2
46,IVFFLAT_HYBRID,"[0.00,0.05)",8.330959,1.0,2
46,SQL_FIRST,"[0.00,0.05)",8.175625,1.0,3
46,VECTOR_FIRST_HNSW,"[0.00,0.05)",22.940709,0.1,3
46,HNSW_HYBRID,"[0.00,0.05)",8.996416,1.0,3
46,IVFFLAT_HYBRID,"[0.00,0.05)",8.527625,1.0,3
46,SQL_FIRST,"[0.00,0.05)",8.107834,1.0,4
46,VECTOR_FIRST_HNSW,"[0.00,0.05)",22.90425,0.1,4
46,HNSW_HYBRID,"[0.00,0.05)",8.976125,1.0,4
46,IVFFLAT_HYBRID,"[0.00,0.05)",8.349625,1.0,4
47,SQL_FIRST,"[0.00,0.05)",10.588458,1.0,0
47,VECTOR_FIRST_HNSW,"[0.00,0.05)",22.980167,0.3,0
47,HNSW_HYBRID,"[0.00,0.05)",10.978459,1.0,0
47,IVFFLAT_HYBRID,"[0.00,0.05)",10.990583,1.0,0
47,SQL_FIRST,"[0.00,0.05)",10.737458,1.0,1
47,VECTOR_FIRST_HNSW,"[0.00,0.05)",22.876209,0.3,1
47,HNSW_HYBRID,"[0.00,0.05)",10.902375,1.0,1
47,IVFFLAT_HYBRID,"[0.00,0.05)",10.631458,1.0,1
47,SQL_FIRST,"[0.00,0.05)",10.822791,1.0,2
47,VECTOR_FIRST_HNSW,"[0.00,0.05)",23.645875,0.3,2
47,HNSW_HYBRID,"[0.00,0.05)",11.075709,1.0,2
47,IVFFLAT_HYBRID,"[0.00,0.05)",10.579542,1.0,2
47,SQL_FIRST,"[0.00,0.05)",10.799042,1.0,3
47,VECTOR_FIRST_HNSW,"[0.00,0.05)",23.0945,0.3,3
47,HNSW_HYBRID,"[0.00,0.05)",11.289125,1.0,3
47,IVFFLAT_HYBRID,"[0.00,0.05)",11.034792,1.0,3
47,SQL_FIRST,"[0.00,0.05)",11.361084,1.0,4
47,VECTOR_FIRST_HNSW,"[0.00,0.05)",25.046541,0.3,4
47,HNSW_HYBRID,"[0.00,0.05)",11.735084,1.0,4
47,IVFFLAT_HYBRID,"[0.00,0.05)",11.221292,1.0,4
50,SQL_FIRST,"[0.00,0.05)",9.777125,1.0,0
50,VECTOR_FIRST_HNSW,"[0.00,0.05)",22.988875,0.3,0
50,HNSW_HYBRID,"[0.00,0.05)",10.378459,1.0,0
50,IVFFLAT_HYBRID,"[0.00,0.05)",9.56725,1.0,0
50,SQL_FIRST,"[0.00,0.05)",9.62575,1.0,1
50,VECTOR_FIRST_HNSW,"[0.00,0.05)",22.957,0.3,1
50,HNSW_HYBRID,"[0.00,0.05)",9.767458,1.0,1
50,IVFFLAT_HYBRID,"[0.00,0.05)",9.66475,1.0,1
50,SQL_FIRST,"[0.00,0.05)",9.595,1.0,2
50,VECTOR_FIRST_HNSW,"[0.00,0.05)",23.142167,0.3,2
50,HNSW_HYBRID,"[0.00,0.05)",9.537125,1.0,2
50,IVFFLAT_HYBRID,"[0.00,0.05)",9.50325,1.0,2
50,SQL_FIRST,"[0.00,0.05)",9.493458,1.0,3
50,VECTOR_FIRST_HNSW,"[0.00,0.05)",25.07825,0.3,3
50,HNSW_HYBRID,"[0.00,0.05)",9.908625,1.0,3
50,IVFFLAT_HYBRID,"[0.00,0.05)",9.378833,1.0,3
50,SQL_FIRST,"[0.00,0.05)",9.892,1.0,4
50,VECTOR_FIRST_HNSW,"[0.00,0.05)",23.221292,0.3,4
50,HNSW_HYBRID,"[0.00,0.05)",9.513959,1.0,4
50,IVFFLAT_HYBRID,"[0.00,0.05)",8.89675,1.0,4
52,SQL_FIRST,"[0.00,0.05)",6.596458,1.0,0
52,VECTOR_FIRST_HNSW,"[0.00,0.05)",22.996583,0.1,0
52,HNSW_HYBRID,"[0.00,0.05)",6.671,1.0,0
52,IVFFLAT_HYBRID,"[0.00,0.05)",6.179333,1.0,0
52,SQL_FIRST,"[0.00,0.05)",6.093084,1.0,1
52,VECTOR_FIRST_HNSW,"[0.00,0.05)",22.972208,0.1,1
52,HNSW_HYBRID,"[0.00,0.05)",6.750458,1.0,1
52,IVFFLAT_HYBRID,"[0.00,0.05)",6.095375,1.0,1
52,SQL_FIRST,"[0.00,0.05)",6.327875,1.0,2
52,VECTOR_FIRST_HNSW,"[0.00,0.05)",23.2375,0.1,2
52,HNSW_HYBRID,"[0.00,0.05)",6.888416,1.0,2
52,IVFFLAT_HYBRID,"[0.00,0.05)",6.257041,1.0,2
52,SQL_FIRST,"[0.00,0.05)",6.217083,1.0,3
52,VECTOR_FIRST_HNSW,"[0.00,0.05)",23.598917,0.1,3
52,HNSW_HYBRID,"[0.00,0.05)",6.665417,1.0,3
52,IVFFLAT_HYBRID,"[0.00,0.05)",6.196167,1.0,3
52,SQL_FIRST,"[0.00,0.05)",6.083917,1.0,4
52,VECTOR_FIRST_HNSW,"[0.00,0.05)",23.734375,0.1,4
52,HNSW_HYBRID,"[0.00,0.05)",6.781625,1.0,4
52,IVFFLAT_HYBRID,"[0.00,0.05)",5.997084,1.0,4
55,SQL_FIRST,"[0.00,0.05)",9.11125,1.0,0
55,VECTOR_FIRST_HNSW,"[0.00,0.05)",23.89425,0.4,0
55,HNSW_HYBRID,"[0.00,0.05)",9.492625,1.0,0
55,IVFFLAT_HYBRID,"[0.00,0.05)",9.558542,1.0,0
55,SQL_FIRST,"[0.00,0.05)",9.114958,1.0,1
55,VECTOR_FIRST_HNSW,"[0.00,0.05)",22.962125,0.4,1
55,HNSW_HYBRID,"[0.00,0.05)",9.510083,1.0,1
55,IVFFLAT_HYBRID,"[0.00,0.05)",9.093875,1.0,1
55,SQL_FIRST,"[0.00,0.05)",9.131666,1.0,2
55,VECTOR_FIRST_HNSW,"[0.00,0.05)",22.950791,0.4,2
55,HNSW_HYBRID,"[0.00,0.05)",9.642792,1.0,2
55,IVFFLAT_HYBRID,"[0.00,0.05)",9.084333,1.0,2
55,SQL_FIRST,"[0.00,0.05)",9.138417,1.0,3
55,VECTOR_FIRST_HNSW,"[0.00,0.05)",23.020667,0.4,3
55,HNSW_HYBRID,"[0.00,0.05)",9.640333,1.0,3
55,IVFFLAT_HYBRID,"[0.00,0.05)",8.899083,1.0,3
55,SQL_FIRST,"[0.00,0.05)",9.543917,1.0,4
55,VECTOR_FIRST_HNSW,"[0.00,0.05)",22.794084,0.4,4
55,HNSW_HYBRID,"[0.00,0.05)",9.86425,1.0,4
55,IVFFLAT_HYBRID,"[0.00,0.05)",9.803292,1.0,4
56,SQL_FIRST,"[0.00,0.05)",9.074042,1.0,0
56,VECTOR_FIRST_HNSW,"[0.00,0.05)",22.939875,0.3,0
56,HNSW_HYBRID,"[0.00,0.05)",9.284834,1.0,0
56,IVFFLAT_HYBRID,"[0.00,0.05)",9.329458,1.0,0
56,SQL_FIRST,"[0.00,0.05)",9.233458,1.0,1
56,VECTOR_FIRST_HNSW,"[0.00,0.05)",23.686459,0.3,1
56,HNSW_HYBRID,"[0.00,0.05)",9.592542,1.0,1
56,IVFFLAT_HYBRID,"[0.00,0.05)",9.034291,1.0,1
56,SQL_FIRST,"[0.00,0.05)",8.988667,1.0,2
56,VECTOR_FIRST_HNSW,"[0.00,0.05)",23.478375,0.3,2
56,HNSW_HYBRID,"[0.00,0.05)",9.837708,1.0,2
56,IVFFLAT_HYBRID,"[0.00,0.05)",8.984167,1.0,2
56,SQL_FIRST,"[0.00,0.05)",9.367208,1.0,3
56,VECTOR_FIRST_HNSW,"[0.00,0.05)",22.893083,0.3,3
56,HNSW_HYBRID,"[0.00,0.05)",9.722167,1.0,3
56,IVFFLAT_HYBRID,"[0.00,0.05)",8.842792,1.0,3
56,SQL_FIRST,"[0.00,0.05)",8.951,1.0,4
56,VECTOR_FIRST_HNSW,"[0.00,0.05)",22.82625,0.3,4
56,HNSW_HYBRID,"[0.00,0.05)",9.360791,1.0,4
56,IVFFLAT_HYBRID,"[0.00,0.05)",8.920792,1.0,4
58,SQL_FIRST,"[0.00,0.05)",7.788541,1.0,0
58,VECTOR_FIRST_HNSW,"[0.00,0.05)",23.130375,0.2,0
58,HNSW_HYBRID,"[0.00,0.05)",9.414959,1.0,0
58,IVFFLAT_HYBRID,"[0.00,0.05)",8.509458,1.0,0
58,SQL_FIRST,"[0.00,0.05)",7.925,1.0,1
58,VECTOR_FIRST_HNSW,"[0.00,0.05)",23.849042,0.2,1
58,HNSW_HYBRID,"[0.00,0.05)",8.998792,1.0,1
58,IVFFLAT_HYBRID,"[0.00,0.05)",9.19475,1.0,1
58,SQL_FIRST,"[0.00,0.05)",9.070625,1.0,2
58,VECTOR_FIRST_HNSW,"[0.00,0.05)",23.103292,0.2,2
58,HNSW_HYBRID,"[0.00,0.05)",8.592334,1.0,2
58,IVFFLAT_HYBRID,"[0.00,0.05)",9.351042,1.0,2
58,SQL_FIRST,"[0.00,0.05)",8.184584,1.0,3
58,VECTOR_FIRST_HNSW,"[0.00,0.05)",23.389834,0.2,3
58,HNSW_HYBRID,"[0.00,0.05)",8.582125,1.0,3
58,IVFFLAT_HYBRID,"[0.00,0.05)",7.881916,1.0,3
58,SQL_FIRST,"[0.00,0.05)",7.831708,1.0,4
58,VECTOR_FIRST_HNSW,"[0.00,0.05)",22.962708,0.2,4
58,HNSW_HYBRID,"[0.00,0.05)",8.624125,1.0,4
58,IVFFLAT_HYBRID,"[0.00,0.05)",8.244167,1.0,4
59,SQL_FIRST,"[0.00,0.05)",10.996333,1.0,0
59,VECTOR_FIRST_HNSW,"[0.00,0.05)",22.857208,0.3,0
59,HNSW_HYBRID,"[0.00,0.05)",11.429916,1.0,0
59,IVFFLAT_HYBRID,"[0.00,0.05)",11.072875,1.0,0
59,SQL_FIRST,"[0.00,0.05)",10.833958,1.0,1
59,VECTOR_FIRST_HNSW,"[0.00,0.05)",23.227958,0.3,1
59,HNSW_HYBRID,"[0.00,0.05)",11.304959,1.0,1
59,IVFFLAT_HYBRID,"[0.00,0.05)",10.947166,1.0,1
59,SQL_FIRST,"[0.00,0.05)",10.802708,1.0,2
59,VECTOR_FIRST_HNSW,"[0.00,0.05)",22.774208,0.3,2
59,HNSW_HYBRID,"[0.00,0.05)",11.156166,1.0,2
59,IVFFLAT_HYBRID,"[0.00,0.05)",11.277125,1.0,2
59,SQL_FIRST,"[0.00,0.05)",10.962833,1.0,3
59,VECTOR_FIRST_HNSW,"[0.00,0.05)",22.9915,0.3,3
59,HNSW_HYBRID,"[0.00,0.05)",11.2635,1.0,3
59,IVFFLAT_HYBRID,"[0.00,0.05)",10.745542,1.0,3
59,SQL_FIRST,"[0.00,0.05)",11.058,1.0,4
59,VECTOR_FIRST_HNSW,"[0.00,0.05)",22.860417,0.3,4
59,HNSW_HYBRID,"[0.00,0.05)",11.104166,1.0,4
59,IVFFLAT_HYBRID,"[0.00,0.05)",10.896167,1.0,4
61,SQL_FIRST,"[0.00,0.05)",4.435542,1.0,0
61,VECTOR_FIRST_HNSW,"[0.00,0.05)",22.793083,0.0,0
61,HNSW_HYBRID,"[0.00,0.05)",5.010583,1.0,0
61,IVFFLAT_HYBRID,"[0.00,0.05)",4.579209,1.0,0
61,SQL_FIRST,"[0.00,0.05)",5.135916,1.0,1
61,VECTOR_FIRST_HNSW,"[0.00,0.05)",23.682583,0.0,1
61,HNSW_HYBRID,"[0.00,0.05)",4.949709,1.0,1
61,IVFFLAT_HYBRID,"[0.00,0.05)",4.551292,1.0,1
61,SQL_FIRST,"[0.00,0.05)",4.444417,1.0,2
61,VECTOR_FIRST_HNSW,"[0.00,0.05)",22.781958,0.0,2
61,HNSW_HYBRID,"[0.00,0.05)",5.007917,1.0,2
61,IVFFLAT_HYBRID,"[0.00,0.05)",4.518209,1.0,2
61,SQL_FIRST,"[0.00,0.05)",4.397958,1.0,3
61,VECTOR_FIRST_HNSW,"[0.00,0.05)",22.903125,0.0,3
61,HNSW_HYBRID,"[0.00,0.05)",4.905833,1.0,3
61,IVFFLAT_HYBRID,"[0.00,0.05)",4.450166,1.0,3
61,SQL_FIRST,"[0.00,0.05)",4.77725,1.0,4
61,VECTOR_FIRST_HNSW,"[0.00,0.05)",22.835125,0.0,4
61,HNSW_HYBRID,"[0.00,0.05)",4.93375,1.0,4
61,IVFFLAT_HYBRID,"[0.00,0.05)",4.80825,1.0,4
64,SQL_FIRST,"[0.00,0.05)",9.279125,1.0,0
64,VECTOR_FIRST_HNSW,"[0.00,0.05)",22.995667,0.6,0
64,HNSW_HYBRID,"[0.00,0.05)",9.316125,1.0,0
64,IVFFLAT_HYBRID,"[0.00,0.05)",9.0405,1.0,0
64,SQL_FIRST,"[0.00,0.05)",9.223209,1.0,1
64,VECTOR_FIRST_HNSW,"[0.00,0.05)",22.960875,0.6,1
64,HNSW_HYBRID,"[0.00,0.05)",9.351042,1.0,1
64,IVFFLAT_HYBRID,"[0.00,0.05)",8.979042,1.0,1
64,SQL_FIRST,"[0.00,0.05)",9.04075,1.0,2
64,VECTOR_FIRST_HNSW,"[0.00,0.05)",22.952458,0.6,2
64,HNSW_HYBRID,"[0.00,0.05)",9.552458,1.0,2
64,IVFFLAT_HYBRID,"[0.00,0.05)",8.807667,1.0,2
64,SQL_FIRST,"[0.00,0.05)",9.313,1.0,3
64,VECTOR_FIRST_HNSW,"[0.00,0.05)",22.917917,0.6,3
64,HNSW_HYBRID,"[0.00,0.05)",9.680375,1.0,3
64,IVFFLAT_HYBRID,"[0.00,0.05)",9.04025,1.0,3
64,SQL_FIRST,"[0.00,0.05)",8.990458,1.0,4
64,VECTOR_FIRST_HNSW,"[0.00,0.05)",22.861291,0.6,4
64,HNSW_HYBRID,"[0.00,0.05)",9.496542,1.0,4
64,IVFFLAT_HYBRID,"[0.00,0.05)",9.249292,1.0,4
68,SQL_FIRST,"[0.00,0.05)",8.1145,1.0,0
68,VECTOR_FIRST_HNSW,"[0.00,0.05)",23.622125,0.4,0
68,HNSW_HYBRID,"[0.00,0.05)",8.835583,1.0,0
68,IVFFLAT_HYBRID,"[0.00,0.05)",8.553292,1.0,0
68,SQL_FIRST,"[0.00,0.05)",8.100375,1.0,1
68,VECTOR_FIRST_HNSW,"[0.00,0.05)",22.93725,0.4,1
68,HNSW_HYBRID,"[0.00,0.05)",8.916333,1.0,1
68,IVFFLAT_HYBRID,"[0.00,0.05)",8.323583,1.0,1
68,SQL_FIRST,"[0.00,0.05)",8.090125,1.0,2
68,VECTOR_FIRST_HNSW,"[0.00,0.05)",23.33575,0.4,2
68,HNSW_HYBRID,"[0.00,0.05)",9.046833,1.0,2
68,IVFFLAT_HYBRID,"[0.00,0.05)",8.788917,1.0,2
68,SQL_FIRST,"[0.00,0.05)",8.813584,1.0,3
68,VECTOR_FIRST_HNSW,"[0.00,0.05)",23.418417,0.4,3
68,HNSW_HYBRID,"[0.00,0.05)",9.3635,1.0,3
68,IVFFLAT_HYBRID,"[0.00,0.05)",8.8595,1.0,3
68,SQL_FIRST,"[0.00,0.05)",8.694458,1.0,4
68,VECTOR_FIRST_HNSW,"[0.00,0.05)",23.606041,0.4,4
68,HNSW_HYBRID,"[0.00,0.05)",8.788708,1.0,4
68,IVFFLAT_HYBRID,"[0.00,0.05)",8.33425,1.0,4
70,SQL_FIRST,"[0.00,0.05)",10.031083,1.0,0
70,VECTOR_FIRST_HNSW,"[0.00,0.05)",22.855416,0.3,0
70,HNSW_HYBRID,"[0.00,0.05)",10.55775,1.0,0
70,IVFFLAT_HYBRID,"[0.00,0.05)",10.11125,1.0,0
70,SQL_FIRST,"[0.00,0.05)",9.968375,1.0,1
70,VECTOR_FIRST_HNSW,"[0.00,0.05)",22.82375,0.3,1
70,HNSW_HYBRID,"[0.00,0.05)",10.479791,1.0,1
70,IVFFLAT_HYBRID,"[0.00,0.05)",10.155,1.0,1
70,SQL_FIRST,"[0.00,0.05)",10.129208,1.0,2
70,VECTOR_FIRST_HNSW,"[0.00,0.05)",24.022167,0.3,2
70,HNSW_HYBRID,"[0.00,0.05)",10.578792,1.0,2
70,IVFFLAT_HYBRID,"[0.00,0.05)",10.21925,1.0,2
70,SQL_FIRST,"[0.00,0.05)",10.458709,1.0,3
70,VECTOR_FIRST_HNSW,"[0.00,0.05)",22.871709,0.3,3
70,HNSW_HYBRID,"[0.00,0.05)",10.500958,1.0,3
70,IVFFLAT_HYBRID,"[0.00,0.05)",10.200167,1.0,3
70,SQL_FIRST,"[0.00,0.05)",9.9855,1.0,4
70,VECTOR_FIRST_HNSW,"[0.00,0.05)",23.63375,0.3,4
70,HNSW_HYBRID,"[0.00,0.05)",10.556083,1.0,4
70,IVFFLAT_HYBRID,"[0.00,0.05)",10.036584,1.0,4
76,SQL_FIRST,"[0.00,0.05)",9.551625,1.0,0
76,VECTOR_FIRST_HNSW,"[0.00,0.05)",23.192209,0.5,0
76,HNSW_HYBRID,"[0.00,0.05)",9.883375,1.0,0
76,IVFFLAT_HYBRID,"[0.00,0.05)",9.700125,1.0,0
76,SQL_FIRST,"[0.00,0.05)",9.678292,1.0,1
76,VECTOR_FIRST_HNSW,"[0.00,0.05)",22.977084,0.5,1
76,HNSW_HYBRID,"[0.00,0.05)",9.706875,1.0,1
76,IVFFLAT_HYBRID,"[0.00,0.05)",10.166125,1.0,1
76,SQL_FIRST,"[0.00,0.05)",9.579167,1.0,2
76,VECTOR_FIRST_HNSW,"[0.00,0.05)",22.970334,0.5,2
76,HNSW_HYBRID,"[0.00,0.05)",9.544834,1.0,2
76,IVFFLAT_HYBRID,"[0.00,0.05)",9.250292,1.0,2
76,SQL_FIRST,"[0.00,0.05)",10.052917,1.0,3
76,VECTOR_FIRST_HNSW,"[0.00,0.05)",22.955166,0.5,3
76,HNSW_HYBRID,"[0.00,0.05)",9.877583,1.0,3
76,IVFFLAT_HYBRID,"[0.00,0.05)",9.091792,1.0,3
76,SQL_FIRST,"[0.00,0.05)",9.131375,1.0,4
76,VECTOR_FIRST_HNSW,"[0.00,0.05)",23.707291,0.5,4
76,HNSW_HYBRID,"[0.00,0.05)",9.787708,1.0,4
76,IVFFLAT_HYBRID,"[0.00,0.05)",9.177417,1.0,4
78,SQL_FIRST,"[0.00,0.05)",5.548208,1.0,0
78,VECTOR_FIRST_HNSW,"[0.00,0.05)",23.9215,0.0,0
78,HNSW_HYBRID,"[0.00,0.05)",5.303208,1.0,0
78,IVFFLAT_HYBRID,"[0.00,0.05)",4.755459,1.0,0
78,SQL_FIRST,"[0.00,0.05)",4.773292,1.0,1
78,VECTOR_FIRST_HNSW,"[0.00,0.05)",22.894666,0.0,1
78,HNSW_HYBRID,"[0.00,0.05)",5.373791,1.0,1
78,IVFFLAT_HYBRID,"[0.00,0.05)",4.914083,1.0,1
78,SQL_FIRST,"[0.00,0.05)",4.838083,1.0,2
78,VECTOR_FIRST_HNSW,"[0.00,0.05)",22.978,0.0,2
78,HNSW_HYBRID,"[0.00,0.05)",5.399,1.0,2
78,IVFFLAT_HYBRID,"[0.00,0.05)",4.907583,1.0,2
78,SQL_FIRST,"[0.00,0.05)",4.834,1.0,3
78,VECTOR_FIRST_HNSW,"[0.00,0.05)",23.772958,0.0,3
78,HNSW_HYBRID,"[0.00,0.05)",5.332959,1.0,3
78,IVFFLAT_HYBRID,"[0.00,0.05)",4.885042,1.0,3
78,SQL_FIRST,"[0.00,0.05)",4.902375,1.0,4
78,VECTOR_FIRST_HNSW,"[0.00,0.05)",22.837792,0.0,4
78,HNSW_HYBRID,"[0.00,0.05)",5.438417,1.0,4
78,IVFFLAT_HYBRID,"[0.00,0.05)",4.96475,1.0,4
79,SQL_FIRST,"[0.00,0.05)",10.463375,1.0,0
79,VECTOR_FIRST_HNSW,"[0.00,0.05)",23.772542,0.3,0
79,HNSW_HYBRID,"[0.00,0.05)",10.853917,1.0,0
79,IVFFLAT_HYBRID,"[0.00,0.05)",10.347,1.0,0
79,SQL_FIRST,"[0.00,0.05)",10.101666,1.0,1
79,VECTOR_FIRST_HNSW,"[0.00,0.05)",23.354708,0.3,1
79,HNSW_HYBRID,"[0.00,0.05)",10.6805,1.0,1
79,IVFFLAT_HYBRID,"[0.00,0.05)",10.329417,1.0,1
79,SQL_FIRST,"[0.00,0.05)",10.323917,1.0,2
79,VECTOR_FIRST_HNSW,"[0.00,0.05)",22.927292,0.3,2
79,HNSW_HYBRID,"[0.00,0.05)",10.748917,1.0,2
79,IVFFLAT_HYBRID,"[0.00,0.05)",10.264459,1.0,2
79,SQL_FIRST,"[0.00,0.05)",10.347208,1.0,3
79,VECTOR_FIRST_HNSW,"[0.00,0.05)",22.867667,0.3,3
79,HNSW_HYBRID,"[0.00,0.05)",10.890416,1.0,3
79,IVFFLAT_HYBRID,"[0.00,0.05)",10.364333,1.0,3
79,SQL_FIRST,"[0.00,0.05)",10.288375,1.0,4
79,VECTOR_FIRST_HNSW,"[0.00,0.05)",23.004375,0.3,4
79,HNSW_HYBRID,"[0.00,0.05)",10.906542,1.0,4
79,IVFFLAT_HYBRID,"[0.00,0.05)",10.761083,1.0,4
81,SQL_FIRST,"[0.00,0.05)",11.285875,1.0,0
81,VECTOR_FIRST_HNSW,"[0.00,0.05)",23.005625,0.1,0
81,HNSW_HYBRID,"[0.00,0.05)",11.179375,1.0,0
81,IVFFLAT_HYBRID,"[0.00,0.05)",10.749833,1.0,0
81,SQL_FIRST,"[0.00,0.05)",11.081791,1.0,1
81,VECTOR_FIRST_HNSW,"[0.00,0.05)",23.3775,0.1,1
81,HNSW_HYBRID,"[0.00,0.05)",11.115333,1.0,1
81,IVFFLAT_HYBRID,"[0.00,0.05)",10.603667,1.0,1
81,SQL_FIRST,"[0.00,0.05)",10.732375,1.0,2
81,VECTOR_FIRST_HNSW,"[0.00,0.05)",22.971208,0.1,2
81,HNSW_HYBRID,"[0.00,0.05)",11.201959,1.0,2
81,IVFFLAT_HYBRID,"[0.00,0.05)",10.879375,1.0,2
81,SQL_FIRST,"[0.00,0.05)",10.961042,1.0,3
81,VECTOR_FIRST_HNSW,"[0.00,0.05)",22.822916,0.1,3
81,HNSW_HYBRID,"[0.00,0.05)",11.457916,1.0,3
81,IVFFLAT_HYBRID,"[0.00,0.05)",11.217875,1.0,3
81,SQL_FIRST,"[0.00,0.05)",10.7165,1.0,4
81,VECTOR_FIRST_HNSW,"[0.00,0.05)",22.926875,0.1,4
81,HNSW_HYBRID,"[0.00,0.05)",11.261709,1.0,4
81,IVFFLAT_HYBRID,"[0.00,0.05)",10.907916,1.0,4
83,SQL_FIRST,"[0.00,0.05)",5.9485,1.0,0
83,VECTOR_FIRST_HNSW,"[0.00,0.05)",22.911792,0.1,0
83,HNSW_HYBRID,"[0.00,0.05)",6.59625,1.0,0
83,IVFFLAT_HYBRID,"[0.00,0.05)",5.924375,1.0,0
83,SQL_FIRST,"[0.00,0.05)",5.959,1.0,1
83,VECTOR_FIRST_HNSW,"[0.00,0.05)",22.843,0.1,1
83,HNSW_HYBRID,"[0.00,0.05)",6.730458,1.0,1
83,IVFFLAT_HYBRID,"[0.00,0.05)",6.071083,1.0,1
83,SQL_FIRST,"[0.00,0.05)",5.927583,1.0,2
83,VECTOR_FIRST_HNSW,"[0.00,0.05)",22.778083,0.1,2
83,HNSW_HYBRID,"[0.00,0.05)",6.655458,1.0,2
83,IVFFLAT_HYBRID,"[0.00,0.05)",6.1065,1.0,2
83,SQL_FIRST,"[0.00,0.05)",6.146042,1.0,3
83,VECTOR_FIRST_HNSW,"[0.00,0.05)",22.838333,0.1,3
83,HNSW_HYBRID,"[0.00,0.05)",6.802791,1.0,3
83,IVFFLAT_HYBRID,"[0.00,0.05)",6.027417,1.0,3
83,SQL_FIRST,"[0.00,0.05)",6.058791,1.0,4
83,VECTOR_FIRST_HNSW,"[0.00,0.05)",23.019083,0.1,4
83,HNSW_HYBRID,"[0.00,0.05)",6.569916,1.0,4
83,IVFFLAT_HYBRID,"[0.00,0.05)",6.0815,1.0,4
84,SQL_FIRST,"[0.00,0.05)",9.592959,1.0,0
84,VECTOR_FIRST_HNSW,"[0.00,0.05)",23.033291,0.5,0
84,HNSW_HYBRID,"[0.00,0.05)",9.243209,1.0,0
84,IVFFLAT_HYBRID,"[0.00,0.05)",8.978708,1.0,0
84,SQL_FIRST,"[0.00,0.05)",10.430917,1.0,1
84,VECTOR_FIRST_HNSW,"[0.00,0.05)",22.863291,0.5,1
84,HNSW_HYBRID,"[0.00,0.05)",9.598083,1.0,1
84,IVFFLAT_HYBRID,"[0.00,0.05)",9.485416,1.0,1
84,SQL_FIRST,"[0.00,0.05)",9.443,1.0,2
84,VECTOR_FIRST_HNSW,"[0.00,0.05)",23.18375,0.5,2
84,HNSW_HYBRID,"[0.00,0.05)",9.409,1.0,2
84,IVFFLAT_HYBRID,"[0.00,0.05)",8.8645,1.0,2
84,SQL_FIRST,"[0.00,0.05)",8.782958,1.0,3
84,VECTOR_FIRST_HNSW,"[0.00,0.05)",22.86975,0.5,3
84,HNSW_HYBRID,"[0.00,0.05)",9.73675,1.0,3
84,IVFFLAT_HYBRID,"[0.00,0.05)",9.395291,1.0,3
84,SQL_FIRST,"[0.00,0.05)",8.868,1.0,4
84,VECTOR_FIRST_HNSW,"[0.00,0.05)",22.999583,0.5,4
84,HNSW_HYBRID,"[0.00,0.05)",9.352625,1.0,4
84,IVFFLAT_HYBRID,"[0.00,0.05)",9.490583,1.0,4
86,SQL_FIRST,"[0.00,0.05)",8.572375,1.0,0
86,VECTOR_FIRST_HNSW,"[0.00,0.05)",23.167,0.1,0
86,HNSW_HYBRID,"[0.00,0.05)",8.834041,1.0,0
86,IVFFLAT_HYBRID,"[0.00,0.05)",8.449875,1.0,0
86,SQL_FIRST,"[0.00,0.05)",8.258333,1.0,1
86,VECTOR_FIRST_HNSW,"[0.00,0.05)",22.99325,0.1,1
86,HNSW_HYBRID,"[0.00,0.05)",8.94075,1.0,1
86,IVFFLAT_HYBRID,"[0.00,0.05)",8.333416,1.0,1
86,SQL_FIRST,"[0.00,0.05)",8.182875,1.0,2
86,VECTOR_FIRST_HNSW,"[0.00,0.05)",22.878917,0.1,2
86,HNSW_HYBRID,"[0.00,0.05)",8.964583,1.0,2
86,IVFFLAT_HYBRID,"[0.00,0.05)",8.482792,1.0,2
86,SQL_FIRST,"[0.00,0.05)",8.4195,1.0,3
86,VECTOR_FIRST_HNSW,"[0.00,0.05)",22.993042,0.1,3
86,HNSW_HYBRID,"[0.00,0.05)",8.971708,1.0,3
86,IVFFLAT_HYBRID,"[0.00,0.05)",8.168667,1.0,3
86,SQL_FIRST,"[0.00,0.05)",8.948333,1.0,4
86,VECTOR_FIRST_HNSW,"[0.00,0.05)",23.751084,0.1,4
86,HNSW_HYBRID,"[0.00,0.05)",8.991708,1.0,4
86,IVFFLAT_HYBRID,"[0.00,0.05)",8.302666,1.0,4
88,SQL_FIRST,"[0.00,0.05)",4.662917,1.0,0
88,VECTOR_FIRST_HNSW,"[0.00,0.05)",22.854334,0.0,0
88,HNSW_HYBRID,"[0.00,0.05)",5.365208,1.0,0
88,IVFFLAT_HYBRID,"[0.00,0.05)",4.790542,1.0,0
88,SQL_FIRST,"[0.00,0.05)",4.690584,1.0,1
88,VECTOR_FIRST_HNSW,"[0.00,0.05)",23.282916,0.0,1
88,HNSW_HYBRID,"[0.00,0.05)",5.441292,1.0,1
88,IVFFLAT_HYBRID,"[0.00,0.05)",4.845542,1.0,1
88,SQL_FIRST,"[0.00,0.05)",4.779833,1.0,2
88,VECTOR_FIRST_HNSW,"[0.00,0.05)",22.847417,0.0,2
88,HNSW_HYBRID,"[0.00,0.05)",5.179208,1.0,2
88,IVFFLAT_HYBRID,"[0.00,0.05)",4.897292,1.0,2
88,SQL_FIRST,"[0.00,0.05)",5.033375,1.0,3
88,VECTOR_FIRST_HNSW,"[0.00,0.05)",23.245458,0.0,3
88,HNSW_HYBRID,"[0.00,0.05)",5.346583,1.0,3
88,IVFFLAT_HYBRID,"[0.00,0.05)",4.719,1.0,3
88,SQL_FIRST,"[0.00,0.05)",4.691958,1.0,4
88,VECTOR_FIRST_HNSW,"[0.00,0.05)",22.984875,0.0,4
88,HNSW_HYBRID,"[0.00,0.05)",5.186083,1.0,4
88,IVFFLAT_HYBRID,"[0.00,0.05)",4.703625,1.0,4
90,SQL_FIRST,"[0.00,0.05)",8.890958,1.0,0
90,VECTOR_FIRST_HNSW,"[0.00,0.05)",22.816333,0.2,0
90,HNSW_HYBRID,"[0.00,0.05)",9.453542,1.0,0
90,IVFFLAT_HYBRID,"[0.00,0.05)",8.826667,1.0,0
90,SQL_FIRST,"[0.00,0.05)",8.727917,1.0,1
90,VECTOR_FIRST_HNSW,"[0.00,0.05)",24.551208,0.2,1
90,HNSW_HYBRID,"[0.00,0.05)",9.332417,1.0,1
90,IVFFLAT_HYBRID,"[0.00,0.05)",8.982209,1.0,1
90,SQL_FIRST,"[0.00,0.05)",8.659625,1.0,2
90,VECTOR_FIRST_HNSW,"[0.00,0.05)",22.927916,0.2,2
90,HNSW_HYBRID,"[0.00,0.05)",9.333791,1.0,2
90,IVFFLAT_HYBRID,"[0.00,0.05)",8.820542,1.0,2
90,SQL_FIRST,"[0.00,0.05)",8.844375,1.0,3
90,VECTOR_FIRST_HNSW,"[0.00,0.05)",22.996166,0.2,3
90,HNSW_HYBRID,"[0.00,0.05)",9.483167,1.0,3
90,IVFFLAT_HYBRID,"[0.00,0.05)",9.328083,1.0,3
90,SQL_FIRST,"[0.00,0.05)",9.54125,1.0,4
90,VECTOR_FIRST_HNSW,"[0.00,0.05)",22.953917,0.2,4
90,HNSW_HYBRID,"[0.00,0.05)",9.420833,1.0,4
90,IVFFLAT_HYBRID,"[0.00,0.05)",8.750084,1.0,4
93,SQL_FIRST,"[0.00,0.05)",6.541417,1.0,0
93,VECTOR_FIRST_HNSW,"[0.00,0.05)",22.937833,0.3,0
93,HNSW_HYBRID,"[0.00,0.05)",6.942,1.0,0
93,IVFFLAT_HYBRID,"[0.00,0.05)",6.285833,1.0,0
93,SQL_FIRST,"[0.00,0.05)",6.144833,1.0,1
93,VECTOR_FIRST_HNSW,"[0.00,0.05)",22.92825,0.3,1
93,HNSW_HYBRID,"[0.00,0.05)",6.929625,1.0,1
93,IVFFLAT_HYBRID,"[0.00,0.05)",6.25925,1.0,1
93,SQL_FIRST,"[0.00,0.05)",6.924333,1.0,2
93,VECTOR_FIRST_HNSW,"[0.00,0.05)",23.255917,0.3,2
93,HNSW_HYBRID,"[0.00,0.05)",7.027333,1.0,2
93,IVFFLAT_HYBRID,"[0.00,0.05)",6.304958,1.0,2
93,SQL_FIRST,"[0.00,0.05)",6.2075,1.0,3
93,VECTOR_FIRST_HNSW,"[0.00,0.05)",23.00525,0.3,3
93,HNSW_HYBRID,"[0.00,0.05)",6.831959,1.0,3
93,IVFFLAT_HYBRID,"[0.00,0.05)",6.348416,1.0,3
93,SQL_FIRST,"[0.00,0.05)",6.212708,1.0,4
93,VECTOR_FIRST_HNSW,"[0.00,0.05)",22.920208,0.3,4
93,HNSW_HYBRID,"[0.00,0.05)",6.950792,1.0,4
93,IVFFLAT_HYBRID,"[0.00,0.05)",6.243583,1.0,4
94,SQL_FIRST,"[0.00,0.05)",9.077,1.0,0
94,VECTOR_FIRST_HNSW,"[0.00,0.05)",23.004083,0.4,0
94,HNSW_HYBRID,"[0.00,0.05)",9.610125,1.0,0
94,IVFFLAT_HYBRID,"[0.00,0.05)",9.344417,1.0,0
94,SQL_FIRST,"[0.00,0.05)",8.962708,1.0,1
94,VECTOR_FIRST_HNSW,"[0.00,0.05)",23.033,0.4,1
94,HNSW_HYBRID,"[0.00,0.05)",9.519875,1.0,1
94,IVFFLAT_HYBRID,"[0.00,0.05)",9.2755,1.0,1
94,SQL_FIRST,"[0.00,0.05)",9.151625,1.0,2
94,VECTOR_FIRST_HNSW,"[0.00,0.05)",22.876416,0.4,2
94,HNSW_HYBRID,"[0.00,0.05)",9.572,1.0,2
94,IVFFLAT_HYBRID,"[0.00,0.05)",9.294708,1.0,2
94,SQL_FIRST,"[0.00,0.05)",9.119333,1.0,3
94,VECTOR_FIRST_HNSW,"[0.00,0.05)",23.530833,0.4,3
94,HNSW_HYBRID,"[0.00,0.05)",9.457333,1.0,3
94,IVFFLAT_HYBRID,"[0.00,0.05)",8.999375,1.0,3
94,SQL_FIRST,"[0.00,0.05)",9.5175,1.0,4
94,VECTOR_FIRST_HNSW,"[0.00,0.05)",23.013625,0.4,4
94,HNSW_HYBRID,"[0.00,0.05)",9.850208,1.0,4
94,IVFFLAT_HYBRID,"[0.00,0.05)",9.48075,1.0,4
95,SQL_FIRST,"[0.00,0.05)",4.297375,1.0,0
95,VECTOR_FIRST_HNSW,"[0.00,0.05)",23.075,0.0,0
95,HNSW_HYBRID,"[0.00,0.05)",4.702209,1.0,0
95,IVFFLAT_HYBRID,"[0.00,0.05)",4.202958,1.0,0
95,SQL_FIRST,"[0.00,0.05)",4.154917,1.0,1
95,VECTOR_FIRST_HNSW,"[0.00,0.05)",23.393,0.0,1
95,HNSW_HYBRID,"[0.00,0.05)",4.708042,1.0,1
95,IVFFLAT_HYBRID,"[0.00,0.05)",4.191125,1.0,1
95,SQL_FIRST,"[0.00,0.05)",4.217125,1.0,2
95,VECTOR_FIRST_HNSW,"[0.00,0.05)",22.951459,0.0,2
95,HNSW_HYBRID,"[0.00,0.05)",4.659291,1.0,2
95,IVFFLAT_HYBRID,"[0.00,0.05)",4.320459,1.0,2
95,SQL_FIRST,"[0.00,0.05)",4.2835,1.0,3
95,VECTOR_FIRST_HNSW,"[0.00,0.05)",22.800834,0.0,3
95,HNSW_HYBRID,"[0.00,0.05)",4.707375,1.0,3
95,IVFFLAT_HYBRID,"[0.00,0.05)",4.255041,1.0,3
95,SQL_FIRST,"[0.00,0.05)",4.151125,1.0,4
95,VECTOR_FIRST_HNSW,"[0.00,0.05)",22.769875,0.0,4
95,HNSW_HYBRID,"[0.00,0.05)",4.801625,1.0,4
95,IVFFLAT_HYBRID,"[0.00,0.05)",4.181959,1.0,4
96,SQL_FIRST,"[0.00,0.05)",9.464291,1.0,0
96,VECTOR_FIRST_HNSW,"[0.00,0.05)",22.855958,0.4,0
96,HNSW_HYBRID,"[0.00,0.05)",9.601041,1.0,0
96,IVFFLAT_HYBRID,"[0.00,0.05)",8.947375,1.0,0
96,SQL_FIRST,"[0.00,0.05)",8.923042,1.0,1
96,VECTOR_FIRST_HNSW,"[0.00,0.05)",24.361,0.4,1
96,HNSW_HYBRID,"[0.00,0.05)",9.447167,1.0,1
96,IVFFLAT_HYBRID,"[0.00,0.05)",9.056917,1.0,1
96,SQL_FIRST,"[0.00,0.05)",8.772833,1.0,2
96,VECTOR_FIRST_HNSW,"[0.00,0.05)",22.894084,0.4,2
96,HNSW_HYBRID,"[0.00,0.05)",9.32875,1.0,2
96,IVFFLAT_HYBRID,"[0.00,0.05)",9.1385,1.0,2
96,SQL_FIRST,"[0.00,0.05)",9.518541,1.0,3
96,VECTOR_FIRST_HNSW,"[0.00,0.05)",23.071625,0.4,3
96,HNSW_HYBRID,"[0.00,0.05)",9.702208,1.0,3
96,IVFFLAT_HYBRID,"[0.00,0.05)",10.04975,1.0,3
96,SQL_FIRST,"[0.00,0.05)",9.416,1.0,4
96,VECTOR_FIRST_HNSW,"[0.00,0.05)",22.919625,0.4,4
96,HNSW_HYBRID,"[0.00,0.05)",9.563708,1.0,4
96,IVFFLAT_HYBRID,"[0.00,0.05)",9.048208,1.0,4
97,SQL_FIRST,"[0.00,0.05)",8.8425,1.0,0
97,VECTOR_FIRST_HNSW,"[0.00,0.05)",25.490666,0.0,0
97,HNSW_HYBRID,"[0.00,0.05)",9.376,1.0,0
97,IVFFLAT_HYBRID,"[0.00,0.05)",8.953167,1.0,0
97,SQL_FIRST,"[0.00,0.05)",8.701292,1.0,1
97,VECTOR_FIRST_HNSW,"[0.00,0.05)",22.877958,0.0,1
97,HNSW_HYBRID,"[0.00,0.05)",9.369916,1.0,1
97,IVFFLAT_HYBRID,"[0.00,0.05)",8.951958,1.0,1
97,SQL_FIRST,"[0.00,0.05)",9.032958,1.0,2
97,VECTOR_FIRST_HNSW,"[0.00,0.05)",22.864666,0.0,2
97,HNSW_HYBRID,"[0.00,0.05)",9.33625,1.0,2
97,IVFFLAT_HYBRID,"[0.00,0.05)",9.399375,1.0,2
97,SQL_FIRST,"[0.00,0.05)",8.751334,1.0,3
97,VECTOR_FIRST_HNSW,"[0.00,0.05)",22.881375,0.0,3
97,HNSW_HYBRID,"[0.00,0.05)",9.326917,1.0,3
97,IVFFLAT_HYBRID,"[0.00,0.05)",8.822167,1.0,3
97,SQL_FIRST,"[0.00,0.05)",8.838,1.0,4
97,VECTOR_FIRST_HNSW,"[0.00,0.05)",22.894834,0.0,4
97,HNSW_HYBRID,"[0.00,0.05)",9.291584,1.0,4
97,IVFFLAT_HYBRID,"[0.00,0.05)",9.090333,1.0,4
98,SQL_FIRST,"[0.00,0.05)",10.074041,1.0,0
98,VECTOR_FIRST_HNSW,"[0.00,0.05)",22.917958,0.1,0
98,HNSW_HYBRID,"[0.00,0.05)",10.064709,1.0,0
98,IVFFLAT_HYBRID,"[0.00,0.05)",9.476667,1.0,0
98,SQL_FIRST,"[0.00,0.05)",9.062541,1.0,1
98,VECTOR_FIRST_HNSW,"[0.00,0.05)",23.081917,0.1,1
98,HNSW_HYBRID,"[0.00,0.05)",9.672667,1.0,1
98,IVFFLAT_HYBRID,"[0.00,0.05)",9.497292,1.0,1
98,SQL_FIRST,"[0.00,0.05)",9.258084,1.0,2
98,VECTOR_FIRST_HNSW,"[0.00,0.05)",22.928084,0.1,2
98,HNSW_HYBRID,"[0.00,0.05)",9.600542,1.0,2
98,IVFFLAT_HYBRID,"[0.00,0.05)",9.664334,1.0,2
98,SQL_FIRST,"[0.00,0.05)",9.57975,1.0,3
98,VECTOR_FIRST_HNSW,"[0.00,0.05)",23.684625,0.1,3
98,HNSW_HYBRID,"[0.00,0.05)",9.744458,1.0,3
98,IVFFLAT_HYBRID,"[0.00,0.05)",8.852833,1.0,3
98,SQL_FIRST,"[0.00,0.05)",9.042834,1.0,4
98,VECTOR_FIRST_HNSW,"[0.00,0.05)",23.343125,0.1,4
98,HNSW_HYBRID,"[0.00,0.05)",9.89575,1.0,4
98,IVFFLAT_HYBRID,"[0.00,0.05)",9.283,1.0,4
100,SQL_FIRST,"[0.00,0.05)",5.095916,1.0,0
100,VECTOR_FIRST_HNSW,"[0.00,0.05)",23.030792,0.1,0
100,HNSW_HYBRID,"[0.00,0.05)",5.565291,1.0,0
100,IVFFLAT_HYBRID,"[0.00,0.05)",5.022458,1.0,0
100,SQL_FIRST,"[0.00,0.05)",5.013042,1.0,1
100,VECTOR_FIRST_HNSW,"[0.00,0.05)",22.862041,0.1,1
100,HNSW_HYBRID,"[0.00,0.05)",5.5905,1.0,1
100,IVFFLAT_HYBRID,"[0.00,0.05)",5.127291,1.0,1
100,SQL_FIRST,"[0.00,0.05)",5.124125,1.0,2
100,VECTOR_FIRST_HNSW,"[0.00,0.05)",22.823958,0.1,2
100,HNSW_HYBRID,"[0.00,0.05)",5.760458,1.0,2
100,IVFFLAT_HYBRID,"[0.00,0.05)",5.2105,1.0,2
100,SQL_FIRST,"[0.00,0.05)",5.064542,1.0,3
100,VECTOR_FIRST_HNSW,"[0.00,0.05)",24.144458,0.1,3
100,HNSW_HYBRID,"[0.00,0.05)",5.539459,1.0,3
100,IVFFLAT_HYBRID,"[0.00,0.05)",5.029666,1.0,3
100,SQL_FIRST,"[0.00,0.05)",5.005458,1.0,4
100,VECTOR_FIRST_HNSW,"[0.00,0.05)",22.848542,0.1,4
100,HNSW_HYBRID,"[0.00,0.05)",5.697875,1.0,4
100,IVFFLAT_HYBRID,"[0.00,0.05)",5.078167,1.0,4
101,SQL_FIRST,"[0.00,0.05)",9.041667,1.0,0
101,VECTOR_FIRST_HNSW,"[0.00,0.05)",23.361334,0.6,0
101,HNSW_HYBRID,"[0.00,0.05)",9.819542,1.0,0
101,IVFFLAT_HYBRID,"[0.00,0.05)",9.099584,1.0,0
101,SQL_FIRST,"[0.00,0.05)",9.353542,1.0,1
101,VECTOR_FIRST_HNSW,"[0.00,0.05)",22.897583,0.6,1
101,HNSW_HYBRID,"[0.00,0.05)",9.690834,1.0,1
101,IVFFLAT_HYBRID,"[0.00,0.05)",8.9985,1.0,1
101,SQL_FIRST,"[0.00,0.05)",8.941,1.0,2
101,VECTOR_FIRST_HNSW,"[0.00,0.05)",23.421875,0.6,2
101,HNSW_HYBRID,"[0.00,0.05)",9.637583,1.0,2
101,IVFFLAT_HYBRID,"[0.00,0.05)",9.558541,1.0,2
101,SQL_FIRST,"[0.00,0.05)",9.246792,1.0,3
101,VECTOR_FIRST_HNSW,"[0.00,0.05)",23.06475,0.6,3
101,HNSW_HYBRID,"[0.00,0.05)",9.536334,1.0,3
101,IVFFLAT_HYBRID,"[0.00,0.05)",9.524625,1.0,3
101,SQL_FIRST,"[0.00,0.05)",9.5555,1.0,4
101,VECTOR_FIRST_HNSW,"[0.00,0.05)",23.023583,0.6,4
101,HNSW_HYBRID,"[0.00,0.05)",9.445042,1.0,4
101,IVFFLAT_HYBRID,"[0.00,0.05)",9.391958,1.0,4
105,SQL_FIRST,"[0.00,0.05)",9.196708,1.0,0
105,VECTOR_FIRST_HNSW,"[0.00,0.05)",22.882416,0.4,0
105,HNSW_HYBRID,"[0.00,0.05)",9.842834,1.0,0
105,IVFFLAT_HYBRID,"[0.00,0.05)",9.047708,1.0,0
105,SQL_FIRST,"[0.00,0.05)",8.974083,1.0,1
105,VECTOR_FIRST_HNSW,"[0.00,0.05)",22.919792,0.4,1
105,HNSW_HYBRID,"[0.00,0.05)",9.537292,1.0,1
105,IVFFLAT_HYBRID,"[0.00,0.05)",9.069584,1.0,1
105,SQL_FIRST,"[0.00,0.05)",9.375833,1.0,2
105,VECTOR_FIRST_HNSW,"[0.00,0.05)",22.790625,0.4,2
105,HNSW_HYBRID,"[0.00,0.05)",9.628083,1.0,2
105,IVFFLAT_HYBRID,"[0.00,0.05)",9.076167,1.0,2
105,SQL_FIRST,"[0.00,0.05)",8.955417,1.0,3
105,VECTOR_FIRST_HNSW,"[0.00,0.05)",23.042,0.4,3
105,HNSW_HYBRID,"[0.00,0.05)",9.572041,1.0,3
105,IVFFLAT_HYBRID,"[0.00,0.05)",9.478375,1.0,3
105,SQL_FIRST,"[0.00,0.05)",9.084416,1.0,4
105,VECTOR_FIRST_HNSW,"[0.00,0.05)",22.952042,0.4,4
105,HNSW_HYBRID,"[0.00,0.05)",9.462834,1.0,4
105,IVFFLAT_HYBRID,"[0.00,0.05)",9.431958,1.0,4
106,SQL_FIRST,"[0.00,0.05)",9.027708,1.0,0
106,VECTOR_FIRST_HNSW,"[0.00,0.05)",22.702875,0.4,0
106,HNSW_HYBRID,"[0.00,0.05)",9.650875,1.0,0
106,IVFFLAT_HYBRID,"[0.00,0.05)",9.619792,1.0,0
106,SQL_FIRST,"[0.00,0.05)",9.626541,1.0,1
106,VECTOR_FIRST_HNSW,"[0.00,0.05)",22.861458,0.4,1
106,HNSW_HYBRID,"[0.00,0.05)",9.693459,1.0,1
106,IVFFLAT_HYBRID,"[0.00,0.05)",9.164875,1.0,1
106,SQL_FIRST,"[0.00,0.05)",9.378958,1.0,2
106,VECTOR_FIRST_HNSW,"[0.00,0.05)",22.966833,0.4,2
106,HNSW_HYBRID,"[0.00,0.05)",9.475833,1.0,2
106,IVFFLAT_HYBRID,"[0.00,0.05)",9.0565,1.0,2
106,SQL_FIRST,"[0.00,0.05)",8.993958,1.0,3
106,VECTOR_FIRST_HNSW,"[0.00,0.05)",22.779417,0.4,3
106,HNSW_HYBRID,"[0.00,0.05)",9.301209,1.0,3
106,IVFFLAT_HYBRID,"[0.00,0.05)",9.088292,1.0,3
106,SQL_FIRST,"[0.00,0.05)",8.874083,1.0,4
106,VECTOR_FIRST_HNSW,"[0.00,0.05)",22.783667,0.4,4
106,HNSW_HYBRID,"[0.00,0.05)",9.3715,1.0,4
106,IVFFLAT_HYBRID,"[0.00,0.05)",9.503875,1.0,4
107,SQL_FIRST,"[0.00,0.05)",5.372584,1.0,0
107,VECTOR_FIRST_HNSW,"[0.00,0.05)",22.903958,0.1,0
107,HNSW_HYBRID,"[0.00,0.05)",6.016292,1.0,0
107,IVFFLAT_HYBRID,"[0.00,0.05)",5.318958,1.0,0
107,SQL_FIRST,"[0.00,0.05)",5.259708,1.0,1
107,VECTOR_FIRST_HNSW,"[0.00,0.05)",22.848292,0.1,1
107,HNSW_HYBRID,"[0.00,0.05)",5.873625,1.0,1
107,IVFFLAT_HYBRID,"[0.00,0.05)",5.307459,1.0,1
107,SQL_FIRST,"[0.00,0.05)",5.352,1.0,2
107,VECTOR_FIRST_HNSW,"[0.00,0.05)",22.834833,0.1,2
107,HNSW_HYBRID,"[0.00,0.05)",5.96,1.0,2
107,IVFFLAT_HYBRID,"[0.00,0.05)",5.529209,1.0,2
107,SQL_FIRST,"[0.00,0.05)",5.337667,1.0,3
107,VECTOR_FIRST_HNSW,"[0.00,0.05)",22.853792,0.1,3
107,HNSW_HYBRID,"[0.00,0.05)",5.979166,1.0,3
107,IVFFLAT_HYBRID,"[0.00,0.05)",5.302167,1.0,3
107,SQL_FIRST,"[0.00,0.05)",5.28975,1.0,4
107,VECTOR_FIRST_HNSW,"[0.00,0.05)",23.330625,0.1,4
107,HNSW_HYBRID,"[0.00,0.05)",5.956542,1.0,4
107,IVFFLAT_HYBRID,"[0.00,0.05)",5.458834,1.0,4
108,SQL_FIRST,"[0.00,0.05)",4.655167,1.0,0
108,VECTOR_FIRST_HNSW,"[0.00,0.05)",25.137,0.1,0
108,HNSW_HYBRID,"[0.00,0.05)",4.956041,1.0,0
108,IVFFLAT_HYBRID,"[0.00,0.05)",4.690875,1.0,0
108,SQL_FIRST,"[0.00,0.05)",4.69525,1.0,1
108,VECTOR_FIRST_HNSW,"[0.00,0.05)",23.0725,0.1,1
108,HNSW_HYBRID,"[0.00,0.05)",4.964916,1.0,1
108,IVFFLAT_HYBRID,"[0.00,0.05)",4.548375,1.0,1
108,SQL_FIRST,"[0.00,0.05)",4.438333,1.0,2
108,VECTOR_FIRST_HNSW,"[0.00,0.05)",23.55725,0.1,2
108,HNSW_HYBRID,"[0.00,0.05)",5.059959,1.0,2
108,IVFFLAT_HYBRID,"[0.00,0.05)",4.468041,1.0,2
108,SQL_FIRST,"[0.00,0.05)",4.420375,1.0,3
108,VECTOR_FIRST_HNSW,"[0.00,0.05)",22.869125,0.1,3
108,HNSW_HYBRID,"[0.00,0.05)",4.901792,1.0,3
108,IVFFLAT_HYBRID,"[0.00,0.05)",4.56275,1.0,3
108,SQL_FIRST,"[0.00,0.05)",4.448208,1.0,4
108,VECTOR_FIRST_HNSW,"[0.00,0.05)",22.809625,0.1,4
108,HNSW_HYBRID,"[0.00,0.05)",4.875375,1.0,4
108,IVFFLAT_HYBRID,"[0.00,0.05)",4.484042,1.0,4
109,SQL_FIRST,"[0.00,0.05)",8.558834,1.0,0
109,VECTOR_FIRST_HNSW,"[0.00,0.05)",22.896,0.4,0
109,HNSW_HYBRID,"[0.00,0.05)",9.138042,1.0,0
109,IVFFLAT_HYBRID,"[0.00,0.05)",8.660209,1.0,0
109,SQL_FIRST,"[0.00,0.05)",8.506417,1.0,1
109,VECTOR_FIRST_HNSW,"[0.00,0.05)",22.979917,0.4,1
109,HNSW_HYBRID,"[0.00,0.05)",9.263083,1.0,1
109,IVFFLAT_HYBRID,"[0.00,0.05)",9.048333,1.0,1
109,SQL_FIRST,"[0.00,0.05)",8.721584,1.0,2
109,VECTOR_FIRST_HNSW,"[0.00,0.05)",22.942833,0.4,2
109,HNSW_HYBRID,"[0.00,0.05)",9.318167,1.0,2
109,IVFFLAT_HYBRID,"[0.00,0.05)",8.769875,1.0,2
109,SQL_FIRST,"[0.00,0.05)",8.946417,1.0,3
109,VECTOR_FIRST_HNSW,"[0.00,0.05)",22.804042,0.4,3
109,HNSW_HYBRID,"[0.00,0.05)",9.284625,1.0,3
109,IVFFLAT_HYBRID,"[0.00,0.05)",8.78275,1.0,3
109,SQL_FIRST,"[0.00,0.05)",9.0215,1.0,4
109,VECTOR_FIRST_HNSW,"[0.00,0.05)",23.065833,0.4,4
109,HNSW_HYBRID,"[0.00,0.05)",9.179417,1.0,4
109,IVFFLAT_HYBRID,"[0.00,0.05)",8.675792,1.0,4
110,SQL_FIRST,"[0.00,0.05)",10.686708,1.0,0
110,VECTOR_FIRST_HNSW,"[0.00,0.05)",25.018167,0.2,0
110,HNSW_HYBRID,"[0.00,0.05)",10.324584,1.0,0
110,IVFFLAT_HYBRID,"[0.00,0.05)",9.926083,1.0,0
110,SQL_FIRST,"[0.00,0.05)",10.38625,1.0,1
110,VECTOR_FIRST_HNSW,"[0.00,0.05)",23.0675,0.2,1
110,HNSW_HYBRID,"[0.00,0.05)",10.390167,1.0,1
110,IVFFLAT_HYBRID,"[0.00,0.05)",9.705667,1.0,1
110,SQL_FIRST,"[0.00,0.05)",9.923167,1.0,2
110,VECTOR_FIRST_HNSW,"[0.00,0.05)",22.745584,0.2,2
110,HNSW_HYBRID,"[0.00,0.05)",10.334625,1.0,2
110,IVFFLAT_HYBRID,"[0.00,0.05)",9.862125,1.0,2
110,SQL_FIRST,"[0.00,0.05)",9.671584,1.0,3
110,VECTOR_FIRST_HNSW,"[0.00,0.05)",22.856542,0.2,3
110,HNSW_HYBRID,"[0.00,0.05)",10.307958,1.0,3
110,IVFFLAT_HYBRID,"[0.00,0.05)",10.092667,1.0,3
110,SQL_FIRST,"[0.00,0.05)",9.865166,1.0,4
110,VECTOR_FIRST_HNSW,"[0.00,0.05)",22.728584,0.2,4
110,HNSW_HYBRID,"[0.00,0.05)",11.052375,1.0,4
110,IVFFLAT_HYBRID,"[0.00,0.05)",10.376167,1.0,4
111,SQL_FIRST,"[0.00,0.05)",6.484125,1.0,0
111,VECTOR_FIRST_HNSW,"[0.00,0.05)",22.930208,0.3,0
111,HNSW_HYBRID,"[0.00,0.05)",7.066625,1.0,0
111,IVFFLAT_HYBRID,"[0.00,0.05)",6.462458,1.0,0
111,SQL_FIRST,"[0.00,0.05)",6.547166,1.0,1
111,VECTOR_FIRST_HNSW,"[0.00,0.05)",22.955291,0.3,1
111,HNSW_HYBRID,"[0.00,0.05)",7.166833,1.0,1
111,IVFFLAT_HYBRID,"[0.00,0.05)",6.90175,1.0,1
111,SQL_FIRST,"[0.00,0.05)",6.670792,1.0,2
111,VECTOR_FIRST_HNSW,"[0.00,0.05)",23.154334,0.3,2
111,HNSW_HYBRID,"[0.00,0.05)",7.243833,1.0,2
111,IVFFLAT_HYBRID,"[0.00,0.05)",6.433584,1.0,2
111,SQL_FIRST,"[0.00,0.05)",6.39975,1.0,3
111,VECTOR_FIRST_HNSW,"[0.00,0.05)",22.934958,0.3,3
111,HNSW_HYBRID,"[0.00,0.05)",7.1405,1.0,3
111,IVFFLAT_HYBRID,"[0.00,0.05)",6.325792,1.0,3
111,SQL_FIRST,"[0.00,0.05)",6.259583,1.0,4
111,VECTOR_FIRST_HNSW,"[0.00,0.05)",23.4135,0.3,4
111,HNSW_HYBRID,"[0.00,0.05)",7.217208,1.0,4
111,IVFFLAT_HYBRID,"[0.00,0.05)",6.997667,1.0,4
112,SQL_FIRST,"[0.00,0.05)",8.842334,1.0,0
112,VECTOR_FIRST_HNSW,"[0.00,0.05)",22.952209,0.3,0
112,HNSW_HYBRID,"[0.00,0.05)",9.306458,1.0,0
112,IVFFLAT_HYBRID,"[0.00,0.05)",9.34975,1.0,0
112,SQL_FIRST,"[0.00,0.05)",8.852875,1.0,1
112,VECTOR_FIRST_HNSW,"[0.00,0.05)",22.90725,0.3,1
112,HNSW_HYBRID,"[0.00,0.05)",9.317208,1.0,1
112,IVFFLAT_HYBRID,"[0.00,0.05)",8.864166,1.0,1
112,SQL_FIRST,"[0.00,0.05)",8.83975,1.0,2
112,VECTOR_FIRST_HNSW,"[0.00,0.05)",22.914042,0.3,2
112,HNSW_HYBRID,"[0.00,0.05)",9.44225,1.0,2
112,IVFFLAT_HYBRID,"[0.00,0.05)",9.063958,1.0,2
112,SQL_FIRST,"[0.00,0.05)",8.977917,1.0,3
112,VECTOR_FIRST_HNSW,"[0.00,0.05)",22.954875,0.3,3
112,HNSW_HYBRID,"[0.00,0.05)",9.43,1.0,3
112,IVFFLAT_HYBRID,"[0.00,0.05)",8.833125,1.0,3
112,SQL_FIRST,"[0.00,0.05)",9.332292,1.0,4
112,VECTOR_FIRST_HNSW,"[0.00,0.05)",22.883709,0.3,4
112,HNSW_HYBRID,"[0.00,0.05)",9.713167,1.0,4
112,IVFFLAT_HYBRID,"[0.00,0.05)",8.944792,1.0,4
114,SQL_FIRST,"[0.00,0.05)",9.201875,1.0,0
114,VECTOR_FIRST_HNSW,"[0.00,0.05)",22.907834,0.3,0
114,HNSW_HYBRID,"[0.00,0.05)",9.824333,1.0,0
114,IVFFLAT_HYBRID,"[0.00,0.05)",9.210833,1.0,0
114,SQL_FIRST,"[0.00,0.05)",9.496,1.0,1
114,VECTOR_FIRST_HNSW,"[0.00,0.05)",23.04325,0.3,1
114,HNSW_HYBRID,"[0.00,0.05)",9.742208,1.0,1
114,IVFFLAT_HYBRID,"[0.00,0.05)",9.307834,1.0,1
114,SQL_FIRST,"[0.00,0.05)",9.14475,1.0,2
114,VECTOR_FIRST_HNSW,"[0.00,0.05)",22.845542,0.3,2
114,HNSW_HYBRID,"[0.00,0.05)",10.093167,1.0,2
114,IVFFLAT_HYBRID,"[0.00,0.05)",10.016584,1.0,2
114,SQL_FIRST,"[0.00,0.05)",9.954084,1.0,3
114,VECTOR_FIRST_HNSW,"[0.00,0.05)",23.016875,0.3,3
114,HNSW_HYBRID,"[0.00,0.05)",9.813833,1.0,3
114,IVFFLAT_HYBRID,"[0.00,0.05)",9.769209,1.0,3
114,SQL_FIRST,"[0.00,0.05)",9.661792,1.0,4
114,VECTOR_FIRST_HNSW,"[0.00,0.05)",23.023959,0.3,4
114,HNSW_HYBRID,"[0.00,0.05)",9.59825,1.0,4
114,IVFFLAT_HYBRID,"[0.00,0.05)",9.551291,1.0,4
116,SQL_FIRST,"[0.00,0.05)",7.99525,1.0,0
116,VECTOR_FIRST_HNSW,"[0.00,0.05)",22.9495,0.0,0
116,HNSW_HYBRID,"[0.00,0.05)",8.712458,1.0,0
116,IVFFLAT_HYBRID,"[0.00,0.05)",8.548417,1.0,0
116,SQL_FIRST,"[0.00,0.05)",8.155375,1.0,1
116,VECTOR_FIRST_HNSW,"[0.00,0.05)",22.864459,0.0,1
116,HNSW_HYBRID,"[0.00,0.05)",8.822958,1.0,1
116,IVFFLAT_HYBRID,"[0.00,0.05)",8.311334,1.0,1
116,SQL_FIRST,"[0.00,0.05)",8.113667,1.0,2
116,VECTOR_FIRST_HNSW,"[0.00,0.05)",22.941,0.0,2
116,HNSW_HYBRID,"[0.00,0.05)",8.860917,1.0,2
116,IVFFLAT_HYBRID,"[0.00,0.05)",8.613,1.0,2
116,SQL_FIRST,"[0.00,0.05)",8.250125,1.0,3
116,VECTOR_FIRST_HNSW,"[0.00,0.05)",22.901959,0.0,3
116,HNSW_HYBRID,"[0.00,0.05)",8.821292,1.0,3
116,IVFFLAT_HYBRID,"[0.00,0.05)",8.226667,1.0,3
116,SQL_FIRST,"[0.00,0.05)",7.985959,1.0,4
116,VECTOR_FIRST_HNSW,"[0.00,0.05)",22.958875,0.0,4
116,HNSW_HYBRID,"[0.00,0.05)",8.781583,1.0,4
116,IVFFLAT_HYBRID,"[0.00,0.05)",8.500625,1.0,4
119,SQL_FIRST,"[0.00,0.05)",9.566125,1.0,0
119,VECTOR_FIRST_HNSW,"[0.00,0.05)",23.047875,0.8,0
119,HNSW_HYBRID,"[0.00,0.05)",9.634917,1.0,0
119,IVFFLAT_HYBRID,"[0.00,0.05)",9.345625,1.0,0
119,SQL_FIRST,"[0.00,0.05)",9.917041,1.0,1
119,VECTOR_FIRST_HNSW,"[0.00,0.05)",23.255375,0.8,1
119,HNSW_HYBRID,"[0.00,0.05)",9.463417,1.0,1
119,IVFFLAT_HYBRID,"[0.00,0.05)",9.056292,1.0,1
119,SQL_FIRST,"[0.00,0.05)",9.199083,1.0,2
119,VECTOR_FIRST_HNSW,"[0.00,0.05)",23.2545,0.8,2
119,HNSW_HYBRID,"[0.00,0.05)",10.094916,1.0,2
119,IVFFLAT_HYBRID,"[0.00,0.05)",10.131917,1.0,2
119,SQL_FIRST,"[0.00,0.05)",9.266542,1.0,3
119,VECTOR_FIRST_HNSW,"[0.00,0.05)",22.84425,0.8,3
119,HNSW_HYBRID,"[0.00,0.05)",9.415292,1.0,3
119,IVFFLAT_HYBRID,"[0.00,0.05)",9.485916,1.0,3
119,SQL_FIRST,"[0.00,0.05)",9.030666,1.0,4
119,VECTOR_FIRST_HNSW,"[0.00,0.05)",23.014583,0.8,4
119,HNSW_HYBRID,"[0.00,0.05)",9.51925,1.0,4
119,IVFFLAT_HYBRID,"[0.00,0.05)",9.141542,1.0,4
121,SQL_FIRST,"[0.00,0.05)",5.980084,1.0,0
121,VECTOR_FIRST_HNSW,"[0.00,0.05)",22.81175,0.0,0
121,HNSW_HYBRID,"[0.00,0.05)",6.364084,1.0,0
121,IVFFLAT_HYBRID,"[0.00,0.05)",5.61475,1.0,0
121,SQL_FIRST,"[0.00,0.05)",5.60025,1.0,1
121,VECTOR_FIRST_HNSW,"[0.00,0.05)",22.800334,0.0,1
121,HNSW_HYBRID,"[0.00,0.05)",6.18575,1.0,1
121,IVFFLAT_HYBRID,"[0.00,0.05)",5.651584,1.0,1
121,SQL_FIRST,"[0.00,0.05)",5.537875,1.0,2
121,VECTOR_FIRST_HNSW,"[0.00,0.05)",22.911416,0.0,2
121,HNSW_HYBRID,"[0.00,0.05)",6.261583,1.0,2
121,IVFFLAT_HYBRID,"[0.00,0.05)",5.62925,1.0,2
121,SQL_FIRST,"[0.00,0.05)",5.58875,1.0,3
121,VECTOR_FIRST_HNSW,"[0.00,0.05)",22.822291,0.0,3
121,HNSW_HYBRID,"[0.00,0.05)",6.258541,1.0,3
121,IVFFLAT_HYBRID,"[0.00,0.05)",5.820584,1.0,3
121,SQL_FIRST,"[0.00,0.05)",5.70625,1.0,4
121,VECTOR_FIRST_HNSW,"[0.00,0.05)",23.602417,0.0,4
121,HNSW_HYBRID,"[0.00,0.05)",6.249792,1.0,4
121,IVFFLAT_HYBRID,"[0.00,0.05)",5.604125,1.0,4
124,SQL_FIRST,"[0.00,0.05)",11.112917,1.0,0
124,VECTOR_FIRST_HNSW,"[0.00,0.05)",23.64125,0.2,0
124,HNSW_HYBRID,"[0.00,0.05)",11.222625,1.0,0
124,IVFFLAT_HYBRID,"[0.00,0.05)",10.676542,1.0,0
124,SQL_FIRST,"[0.00,0.05)",10.748625,1.0,1
124,VECTOR_FIRST_HNSW,"[0.00,0.05)",23.3675,0.2,1
124,HNSW_HYBRID,"[0.00,0.05)",11.227875,1.0,1
124,IVFFLAT_HYBRID,"[0.00,0.05)",10.841959,1.0,1
124,SQL_FIRST,"[0.00,0.05)",10.638,1.0,2
124,VECTOR_FIRST_HNSW,"[0.00,0.05)",22.977875,0.2,2
124,HNSW_HYBRID,"[0.00,0.05)",11.157667,1.0,2
124,IVFFLAT_HYBRID,"[0.00,0.05)",10.787458,1.0,2
124,SQL_FIRST,"[0.00,0.05)",10.714667,1.0,3
124,VECTOR_FIRST_HNSW,"[0.00,0.05)",23.008,0.2,3
124,HNSW_HYBRID,"[0.00,0.05)",11.182833,1.0,3
124,IVFFLAT_HYBRID,"[0.00,0.05)",10.8775,1.0,3
124,SQL_FIRST,"[0.00,0.05)",10.777292,1.0,4
124,VECTOR_FIRST_HNSW,"[0.00,0.05)",22.927709,0.2,4
124,HNSW_HYBRID,"[0.00,0.05)",13.403333,1.0,4
124,IVFFLAT_HYBRID,"[0.00,0.05)",11.828333,1.0,4
128,SQL_FIRST,"[0.00,0.05)",7.29875,1.0,0
128,VECTOR_FIRST_HNSW,"[0.00,0.05)",22.959875,0.0,0
128,HNSW_HYBRID,"[0.00,0.05)",7.968666,1.0,0
128,IVFFLAT_HYBRID,"[0.00,0.05)",7.362292,1.0,0
128,SQL_FIRST,"[0.00,0.05)",7.192667,1.0,1
128,VECTOR_FIRST_HNSW,"[0.00,0.05)",22.89875,0.0,1
128,HNSW_HYBRID,"[0.00,0.05)",7.879583,1.0,1
128,IVFFLAT_HYBRID,"[0.00,0.05)",7.559167,1.0,1
128,SQL_FIRST,"[0.00,0.05)",7.098042,1.0,2
128,VECTOR_FIRST_HNSW,"[0.00,0.05)",23.419792,0.0,2
128,HNSW_HYBRID,"[0.00,0.05)",7.927208,1.0,2
128,IVFFLAT_HYBRID,"[0.00,0.05)",7.337125,1.0,2
128,SQL_FIRST,"[0.00,0.05)",7.136417,1.0,3
128,VECTOR_FIRST_HNSW,"[0.00,0.05)",22.890125,0.0,3
128,HNSW_HYBRID,"[0.00,0.05)",7.83,1.0,3
128,IVFFLAT_HYBRID,"[0.00,0.05)",7.058541,1.0,3
128,SQL_FIRST,"[0.00,0.05)",7.587292,1.0,4
128,VECTOR_FIRST_HNSW,"[0.00,0.05)",23.622416,0.0,4
128,HNSW_HYBRID,"[0.00,0.05)",8.204041,1.0,4
128,IVFFLAT_HYBRID,"[0.00,0.05)",7.296917,1.0,4
129,SQL_FIRST,"[0.00,0.05)",9.326917,1.0,0
129,VECTOR_FIRST_HNSW,"[0.00,0.05)",22.98425,0.6,0
129,HNSW_HYBRID,"[0.00,0.05)",9.495917,1.0,0
129,IVFFLAT_HYBRID,"[0.00,0.05)",9.205958,1.0,0
129,SQL_FIRST,"[0.00,0.05)",8.968041,1.0,1
129,VECTOR_FIRST_HNSW,"[0.00,0.05)",22.97025,0.6,1
129,HNSW_HYBRID,"[0.00,0.05)",9.540583,1.0,1
129,IVFFLAT_HYBRID,"[0.00,0.05)",9.644917,1.0,1
129,SQL_FIRST,"[0.00,0.05)",9.157208,1.0,2
129,VECTOR_FIRST_HNSW,"[0.00,0.05)",22.915625,0.6,2
129,HNSW_HYBRID,"[0.00,0.05)",9.53075,1.0,2
129,IVFFLAT_HYBRID,"[0.00,0.05)",9.136708,1.0,2
129,SQL_FIRST,"[0.00,0.05)",9.05875,1.0,3
129,VECTOR_FIRST_HNSW,"[0.00,0.05)",22.94625,0.6,3
129,HNSW_HYBRID,"[0.00,0.05)",9.66625,1.0,3
129,IVFFLAT_HYBRID,"[0.00,0.05)",9.330625,1.0,3
129,SQL_FIRST,"[0.00,0.05)",9.226375,1.0,4
129,VECTOR_FIRST_HNSW,"[0.00,0.05)",22.940042,0.6,4
129,HNSW_HYBRID,"[0.00,0.05)",9.648458,1.0,4
129,IVFFLAT_HYBRID,"[0.00,0.05)",9.115708,1.0,4
130,SQL_FIRST,"[0.00,0.05)",11.05175,1.0,0
130,VECTOR_FIRST_HNSW,"[0.00,0.05)",23.3935,0.3,0
130,HNSW_HYBRID,"[0.00,0.05)",11.550458,1.0,0
130,IVFFLAT_HYBRID,"[0.00,0.05)",10.945583,1.0,0
130,SQL_FIRST,"[0.00,0.05)",10.931125,1.0,1
130,VECTOR_FIRST_HNSW,"[0.00,0.05)",22.892959,0.3,1
130,HNSW_HYBRID,"[0.00,0.05)",11.37975,1.0,1
130,IVFFLAT_HYBRID,"[0.00,0.05)",11.239375,1.0,1
130,SQL_FIRST,"[0.00,0.05)",11.719209,1.0,2
130,VECTOR_FIRST_HNSW,"[0.00,0.05)",23.391167,0.3,2
130,HNSW_HYBRID,"[0.00,0.05)",11.289792,1.0,2
130,IVFFLAT_HYBRID,"[0.00,0.05)",10.676333,1.0,2
130,SQL_FIRST,"[0.00,0.05)",11.130333,1.0,3
130,VECTOR_FIRST_HNSW,"[0.00,0.05)",23.476833,0.3,3
130,HNSW_HYBRID,"[0.00,0.05)",11.387,1.0,3
130,IVFFLAT_HYBRID,"[0.00,0.05)",10.781541,1.0,3
130,SQL_FIRST,"[0.00,0.05)",10.966792,1.0,4
130,VECTOR_FIRST_HNSW,"[0.00,0.05)",23.034125,0.3,4
130,HNSW_HYBRID,"[0.00,0.05)",11.531792,1.0,4
130,IVFFLAT_HYBRID,"[0.00,0.05)",11.023333,1.0,4
131,SQL_FIRST,"[0.00,0.05)",7.76425,1.0,0
131,VECTOR_FIRST_HNSW,"[0.00,0.05)",22.833083,0.0,0
131,HNSW_HYBRID,"[0.00,0.05)",7.78575,1.0,0
131,IVFFLAT_HYBRID,"[0.00,0.05)",7.155791,1.0,0
131,SQL_FIRST,"[0.00,0.05)",7.000834,1.0,1
131,VECTOR_FIRST_HNSW,"[0.00,0.05)",22.903917,0.0,1
131,HNSW_HYBRID,"[0.00,0.05)",7.578208,1.0,1
131,IVFFLAT_HYBRID,"[0.00,0.05)",6.951041,1.0,1
131,SQL_FIRST,"[0.00,0.05)",6.761958,1.0,2
131,VECTOR_FIRST_HNSW,"[0.00,0.05)",22.898167,0.0,2
131,HNSW_HYBRID,"[0.00,0.05)",7.551416,1.0,2
131,IVFFLAT_HYBRID,"[0.00,0.05)",7.030334,1.0,2
131,SQL_FIRST,"[0.00,0.05)",7.096458,1.0,3
131,VECTOR_FIRST_HNSW,"[0.00,0.05)",22.840292,0.0,3
131,HNSW_HYBRID,"[0.00,0.05)",7.656167,1.0,3
131,IVFFLAT_HYBRID,"[0.00,0.05)",6.8705,1.0,3
131,SQL_FIRST,"[0.00,0.05)",6.895375,1.0,4
131,VECTOR_FIRST_HNSW,"[0.00,0.05)",22.814708,0.0,4
131,HNSW_HYBRID,"[0.00,0.05)",7.884958,1.0,4
131,IVFFLAT_HYBRID,"[0.00,0.05)",7.086291,1.0,4
133,SQL_FIRST,"[0.00,0.05)",5.416208,1.0,0
133,VECTOR_FIRST_HNSW,"[0.00,0.05)",22.884583,0.0,0
133,HNSW_HYBRID,"[0.00,0.05)",6.181625,1.0,0
133,IVFFLAT_HYBRID,"[0.00,0.05)",5.5485,1.0,0
133,SQL_FIRST,"[0.00,0.05)",5.631583,1.0,1
133,VECTOR_FIRST_HNSW,"[0.00,0.05)",23.402417,0.0,1
133,HNSW_HYBRID,"[0.00,0.05)",6.094375,1.0,1
133,IVFFLAT_HYBRID,"[0.00,0.05)",5.544375,1.0,1
133,SQL_FIRST,"[0.00,0.05)",5.315792,1.0,2
133,VECTOR_FIRST_HNSW,"[0.00,0.05)",23.424583,0.0,2
133,HNSW_HYBRID,"[0.00,0.05)",5.982792,1.0,2
133,IVFFLAT_HYBRID,"[0.00,0.05)",5.305458,1.0,2
133,SQL_FIRST,"[0.00,0.05)",5.408167,1.0,3
133,VECTOR_FIRST_HNSW,"[0.00,0.05)",22.915125,0.0,3
133,HNSW_HYBRID,"[0.00,0.05)",5.8555,1.0,3
133,IVFFLAT_HYBRID,"[0.00,0.05)",5.543625,1.0,3
133,SQL_FIRST,"[0.00,0.05)",5.463625,1.0,4
133,VECTOR_FIRST_HNSW,"[0.00,0.05)",22.891083,0.0,4
133,HNSW_HYBRID,"[0.00,0.05)",6.05975,1.0,4
133,IVFFLAT_HYBRID,"[0.00,0.05)",5.38525,1.0,4
134,SQL_FIRST,"[0.00,0.05)",9.141,1.0,0
134,VECTOR_FIRST_HNSW,"[0.00,0.05)",22.860042,0.3,0
134,HNSW_HYBRID,"[0.00,0.05)",9.641958,1.0,0
134,IVFFLAT_HYBRID,"[0.00,0.05)",9.112666,1.0,0
134,SQL_FIRST,"[0.00,0.05)",8.877375,1.0,1
134,VECTOR_FIRST_HNSW,"[0.00,0.05)",22.984125,0.3,1
134,HNSW_HYBRID,"[0.00,0.05)",9.412958,1.0,1
134,IVFFLAT_HYBRID,"[0.00,0.05)",8.758875,1.0,1
134,SQL_FIRST,"[0.00,0.05)",9.027916,1.0,2
134,VECTOR_FIRST_HNSW,"[0.00,0.05)",22.758041,0.3,2
134,HNSW_HYBRID,"[0.00,0.05)",9.657333,1.0,2
134,IVFFLAT_HYBRID,"[0.00,0.05)",8.987958,1.0,2
134,SQL_FIRST,"[0.00,0.05)",8.901,1.0,3
134,VECTOR_FIRST_HNSW,"[0.00,0.05)",22.833792,0.3,3
134,HNSW_HYBRID,"[0.00,0.05)",9.519542,1.0,3
134,IVFFLAT_HYBRID,"[0.00,0.05)",9.32475,1.0,3
134,SQL_FIRST,"[0.00,0.05)",9.354667,1.0,4
134,VECTOR_FIRST_HNSW,"[0.00,0.05)",23.113375,0.3,4
134,HNSW_HYBRID,"[0.00,0.05)",9.548333,1.0,4
134,IVFFLAT_HYBRID,"[0.00,0.05)",8.941542,1.0,4
136,SQL_FIRST,"[0.00,0.05)",9.057,1.0,0
136,VECTOR_FIRST_HNSW,"[0.00,0.05)",23.352666,0.2,0
136,HNSW_HYBRID,"[0.00,0.05)",9.400083,1.0,0
136,IVFFLAT_HYBRID,"[0.00,0.05)",8.692459,1.0,0
136,SQL_FIRST,"[0.00,0.05)",9.142791,1.0,1
136,VECTOR_FIRST_HNSW,"[0.00,0.05)",23.59025,0.2,1
136,HNSW_HYBRID,"[0.00,0.05)",9.547875,1.0,1
136,IVFFLAT_HYBRID,"[0.00,0.05)",8.719875,1.0,1
136,SQL_FIRST,"[0.00,0.05)",8.606625,1.0,2
136,VECTOR_FIRST_HNSW,"[0.00,0.05)",22.997916,0.2,2
136,HNSW_HYBRID,"[0.00,0.05)",9.173042,1.0,2
136,IVFFLAT_HYBRID,"[0.00,0.05)",9.14625,1.0,2
136,SQL_FIRST,"[0.00,0.05)",9.318167,1.0,3
136,VECTOR_FIRST_HNSW,"[0.00,0.05)",22.997167,0.2,3
136,HNSW_HYBRID,"[0.00,0.05)",9.447125,1.0,3
136,IVFFLAT_HYBRID,"[0.00,0.05)",8.858584,1.0,3
136,SQL_FIRST,"[0.00,0.05)",8.697292,1.0,4
136,VECTOR_FIRST_HNSW,"[0.00,0.05)",22.856375,0.2,4
136,HNSW_HYBRID,"[0.00,0.05)",9.308167,1.0,4
136,IVFFLAT_HYBRID,"[0.00,0.05)",9.990916,1.0,4
137,SQL_FIRST,"[0.00,0.05)",7.883917,1.0,0
137,VECTOR_FIRST_HNSW,"[0.00,0.05)",23.003208,0.2,0
137,HNSW_HYBRID,"[0.00,0.05)",8.850417,1.0,0
137,IVFFLAT_HYBRID,"[0.00,0.05)",8.661916,1.0,0
137,SQL_FIRST,"[0.00,0.05)",8.330166,1.0,1
137,VECTOR_FIRST_HNSW,"[0.00,0.05)",23.021959,0.2,1
137,HNSW_HYBRID,"[0.00,0.05)",8.897875,1.0,1
137,IVFFLAT_HYBRID,"[0.00,0.05)",8.182875,1.0,1
137,SQL_FIRST,"[0.00,0.05)",8.125334,1.0,2
137,VECTOR_FIRST_HNSW,"[0.00,0.05)",23.44475,0.2,2
137,HNSW_HYBRID,"[0.00,0.05)",9.014334,1.0,2
137,IVFFLAT_HYBRID,"[0.00,0.05)",8.585917,1.0,2
137,SQL_FIRST,"[0.00,0.05)",8.184916,1.0,3
137,VECTOR_FIRST_HNSW,"[0.00,0.05)",22.916209,0.2,3
137,HNSW_HYBRID,"[0.00,0.05)",8.771792,1.0,3
137,IVFFLAT_HYBRID,"[0.00,0.05)",8.262458,1.0,3
137,SQL_FIRST,"[0.00,0.05)",8.011708,1.0,4
137,VECTOR_FIRST_HNSW,"[0.00,0.05)",23.461667,0.2,4
137,HNSW_HYBRID,"[0.00,0.05)",8.85175,1.0,4
137,IVFFLAT_HYBRID,"[0.00,0.05)",8.744875,1.0,4
138,SQL_FIRST,"[0.00,0.05)",9.417167,1.0,0
138,VECTOR_FIRST_HNSW,"[0.00,0.05)",23.096167,0.2,0
138,HNSW_HYBRID,"[0.00,0.05)",9.3585,1.0,0
138,IVFFLAT_HYBRID,"[0.00,0.05)",8.783583,1.0,0
138,SQL_FIRST,"[0.00,0.05)",8.71675,1.0,1
138,VECTOR_FIRST_HNSW,"[0.00,0.05)",22.84175,0.2,1
138,HNSW_HYBRID,"[0.00,0.05)",9.262417,1.0,1
138,IVFFLAT_HYBRID,"[0.00,0.05)",8.563667,1.0,1
138,SQL_FIRST,"[0.00,0.05)",9.093083,1.0,2
138,VECTOR_FIRST_HNSW,"[0.00,0.05)",22.810916,0.2,2
138,HNSW_HYBRID,"[0.00,0.05)",9.413667,1.0,2
138,IVFFLAT_HYBRID,"[0.00,0.05)",8.579417,1.0,2
138,SQL_FIRST,"[0.00,0.05)",8.659667,1.0,3
138,VECTOR_FIRST_HNSW,"[0.00,0.05)",22.83675,0.2,3
138,HNSW_HYBRID,"[0.00,0.05)",9.108,1.0,3
138,IVFFLAT_HYBRID,"[0.00,0.05)",8.53675,1.0,3
138,SQL_FIRST,"[0.00,0.05)",8.9875,1.0,4
138,VECTOR_FIRST_HNSW,"[0.00,0.05)",22.785791,0.2,4
138,HNSW_HYBRID,"[0.00,0.05)",9.363583,1.0,4
138,IVFFLAT_HYBRID,"[0.00,0.05)",8.618292,1.0,4
139,SQL_FIRST,"[0.00,0.05)",10.391666,1.0,0
139,VECTOR_FIRST_HNSW,"[0.00,0.05)",22.857333,0.3,0
139,HNSW_HYBRID,"[0.00,0.05)",11.156459,1.0,0
139,IVFFLAT_HYBRID,"[0.00,0.05)",10.743625,1.0,0
139,SQL_FIRST,"[0.00,0.05)",10.519625,1.0,1
139,VECTOR_FIRST_HNSW,"[0.00,0.05)",23.342958,0.3,1
139,HNSW_HYBRID,"[0.00,0.05)",11.324,1.0,1
139,IVFFLAT_HYBRID,"[0.00,0.05)",11.176583,1.0,1
139,SQL_FIRST,"[0.00,0.05)",10.983833,1.0,2
139,VECTOR_FIRST_HNSW,"[0.00,0.05)",24.96125,0.3,2
139,HNSW_HYBRID,"[0.00,0.05)",11.619667,1.0,2
139,IVFFLAT_HYBRID,"[0.00,0.05)",10.807959,1.0,2
139,SQL_FIRST,"[0.00,0.05)",10.922459,1.0,3
139,VECTOR_FIRST_HNSW,"[0.00,0.05)",23.239542,0.3,3
139,HNSW_HYBRID,"[0.00,0.05)",11.160334,1.0,3
139,IVFFLAT_HYBRID,"[0.00,0.05)",11.1195,1.0,3
139,SQL_FIRST,"[0.00,0.05)",10.925375,1.0,4
139,VECTOR_FIRST_HNSW,"[0.00,0.05)",22.955917,0.3,4
139,HNSW_HYBRID,"[0.00,0.05)",10.84275,1.0,4
139,IVFFLAT_HYBRID,"[0.00,0.05)",10.560083,1.0,4
142,SQL_FIRST,"[0.00,0.05)",11.749792,1.0,0
142,VECTOR_FIRST_HNSW,"[0.00,0.05)",23.267583,0.6,0
142,HNSW_HYBRID,"[0.00,0.05)",11.973791,1.0,0
142,IVFFLAT_HYBRID,"[0.00,0.05)",11.532125,1.0,0
142,SQL_FIRST,"[0.00,0.05)",12.0235,1.0,1
142,VECTOR_FIRST_HNSW,"[0.00,0.05)",27.901125,0.6,1
142,HNSW_HYBRID,"[0.00,0.05)",12.482208,1.0,1
142,IVFFLAT_HYBRID,"[0.00,0.05)",11.5065,1.0,1
142,SQL_FIRST,"[0.00,0.05)",11.449792,1.0,2
142,VECTOR_FIRST_HNSW,"[0.00,0.05)",23.293542,0.6,2
142,HNSW_HYBRID,"[0.00,0.05)",11.430125,1.0,2
142,IVFFLAT_HYBRID,"[0.00,0.05)",11.301083,1.0,2
142,SQL_FIRST,"[0.00,0.05)",11.264958,1.0,3
142,VECTOR_FIRST_HNSW,"[0.00,0.05)",22.979,0.6,3
142,HNSW_HYBRID,"[0.00,0.05)",11.794417,1.0,3
142,IVFFLAT_HYBRID,"[0.00,0.05)",11.550958,1.0,3
142,SQL_FIRST,"[0.00,0.05)",11.407833,1.0,4
142,VECTOR_FIRST_HNSW,"[0.00,0.05)",23.11,0.6,4
142,HNSW_HYBRID,"[0.00,0.05)",11.653083,1.0,4
142,IVFFLAT_HYBRID,"[0.00,0.05)",11.1995,1.0,4
146,SQL_FIRST,"[0.00,0.05)",8.103292,1.0,0
146,VECTOR_FIRST_HNSW,"[0.00,0.05)",22.846625,0.2,0
146,HNSW_HYBRID,"[0.00,0.05)",8.533916,1.0,0
146,IVFFLAT_HYBRID,"[0.00,0.05)",8.677375,1.0,0
146,SQL_FIRST,"[0.00,0.05)",8.807083,1.0,1
146,VECTOR_FIRST_HNSW,"[0.00,0.05)",23.003542,0.2,1
146,HNSW_HYBRID,"[0.00,0.05)",8.753792,1.0,1
146,IVFFLAT_HYBRID,"[0.00,0.05)",8.0845,1.0,1
146,SQL_FIRST,"[0.00,0.05)",8.061166,1.0,2
146,VECTOR_FIRST_HNSW,"[0.00,0.05)",22.916584,0.2,2
146,HNSW_HYBRID,"[0.00,0.05)",8.625833,1.0,2
146,IVFFLAT_HYBRID,"[0.00,0.05)",8.053375,1.0,2
146,SQL_FIRST,"[0.00,0.05)",8.31825,1.0,3
146,VECTOR_FIRST_HNSW,"[0.00,0.05)",22.769083,0.2,3
146,HNSW_HYBRID,"[0.00,0.05)",8.691625,1.0,3
146,IVFFLAT_HYBRID,"[0.00,0.05)",8.151333,1.0,3
146,SQL_FIRST,"[0.00,0.05)",8.231333,1.0,4
146,VECTOR_FIRST_HNSW,"[0.00,0.05)",27.624958,0.2,4
146,HNSW_HYBRID,"[0.00,0.05)",8.600625,1.0,4
146,IVFFLAT_HYBRID,"[0.00,0.05)",8.065666,1.0,4
149,SQL_FIRST,"[0.00,0.05)",8.660709,1.0,0
149,VECTOR_FIRST_HNSW,"[0.00,0.05)",23.066583,0.5,0
149,HNSW_HYBRID,"[0.00,0.05)",8.973167,1.0,0
149,IVFFLAT_HYBRID,"[0.00,0.05)",8.727334,1.0,0
149,SQL_FIRST,"[0.00,0.05)",8.768042,1.0,1
149,VECTOR_FIRST_HNSW,"[0.00,0.05)",22.93,0.5,1
149,HNSW_HYBRID,"[0.00,0.05)",9.312417,1.0,1
149,IVFFLAT_HYBRID,"[0.00,0.05)",9.147125,1.0,1
149,SQL_FIRST,"[0.00,0.05)",8.9175,1.0,2
149,VECTOR_FIRST_HNSW,"[0.00,0.05)",22.98275,0.5,2
149,HNSW_HYBRID,"[0.00,0.05)",9.127333,1.0,2
149,IVFFLAT_HYBRID,"[0.00,0.05)",9.054625,1.0,2
149,SQL_FIRST,"[0.00,0.05)",8.955375,1.0,3
149,VECTOR_FIRST_HNSW,"[0.00,0.05)",23.306625,0.5,3
149,HNSW_HYBRID,"[0.00,0.05)",9.206,1.0,3
149,IVFFLAT_HYBRID,"[0.00,0.05)",8.819041,1.0,3
149,SQL_FIRST,"[0.00,0.05)",9.081,1.0,4
149,VECTOR_FIRST_HNSW,"[0.00,0.05)",23.633291,0.5,4
149,HNSW_HYBRID,"[0.00,0.05)",9.141,1.0,4
149,IVFFLAT_HYBRID,"[0.00,0.05)",8.717208,1.0,4
150,SQL_FIRST,"[0.00,0.05)",4.62225,1.0,0
150,VECTOR_FIRST_HNSW,"[0.00,0.05)",22.92975,0.1,0
150,HNSW_HYBRID,"[0.00,0.05)",5.267916,1.0,0
150,IVFFLAT_HYBRID,"[0.00,0.05)",4.672917,1.0,0
150,SQL_FIRST,"[0.00,0.05)",4.601,1.0,1
150,VECTOR_FIRST_HNSW,"[0.00,0.05)",22.945959,0.1,1
150,HNSW_HYBRID,"[0.00,0.05)",5.195709,1.0,1
150,IVFFLAT_HYBRID,"[0.00,0.05)",4.672833,1.0,1
150,SQL_FIRST,"[0.00,0.05)",4.663292,1.0,2
150,VECTOR_FIRST_HNSW,"[0.00,0.05)",22.831917,0.1,2
150,HNSW_HYBRID,"[0.00,0.05)",5.0845,1.0,2
150,IVFFLAT_HYBRID,"[0.00,0.05)",4.714875,1.0,2
150,SQL_FIRST,"[0.00,0.05)",4.711667,1.0,3
150,VECTOR_FIRST_HNSW,"[0.00,0.05)",23.223833,0.1,3
150,HNSW_HYBRID,"[0.00,0.05)",5.4125,1.0,3
150,IVFFLAT_HYBRID,"[0.00,0.05)",5.878459,1.0,3
150,SQL_FIRST,"[0.00,0.05)",4.726458,1.0,4
150,VECTOR_FIRST_HNSW,"[0.00,0.05)",23.446,0.1,4
150,HNSW_HYBRID,"[0.00,0.05)",5.076416,1.0,4
150,IVFFLAT_HYBRID,"[0.00,0.05)",4.571958,1.0,4
151,SQL_FIRST,"[0.00,0.05)",9.55725,1.0,0
151,VECTOR_FIRST_HNSW,"[0.00,0.05)",22.850875,0.5,0
151,HNSW_HYBRID,"[0.00,0.05)",9.826875,1.0,0
151,IVFFLAT_HYBRID,"[0.00,0.05)",9.422,1.0,0
151,SQL_FIRST,"[0.00,0.05)",9.230542,1.0,1
151,VECTOR_FIRST_HNSW,"[0.00,0.05)",23.139958,0.5,1
151,HNSW_HYBRID,"[0.00,0.05)",9.664083,1.0,1
151,IVFFLAT_HYBRID,"[0.00,0.05)",9.658792,1.0,1
151,SQL_FIRST,"[0.00,0.05)",9.269625,1.0,2
151,VECTOR_FIRST_HNSW,"[0.00,0.05)",23.002084,0.5,2
151,HNSW_HYBRID,"[0.00,0.05)",9.799583,1.0,2
151,IVFFLAT_HYBRID,"[0.00,0.05)",9.196584,1.0,2
151,SQL_FIRST,"[0.00,0.05)",10.208125,1.0,3
151,VECTOR_FIRST_HNSW,"[0.00,0.05)",23.379,0.5,3
151,HNSW_HYBRID,"[0.00,0.05)",10.840958,1.0,3
151,IVFFLAT_HYBRID,"[0.00,0.05)",10.116334,1.0,3
151,SQL_FIRST,"[0.00,0.05)",9.666833,1.0,4
151,VECTOR_FIRST_HNSW,"[0.00,0.05)",23.184875,0.5,4
151,HNSW_HYBRID,"[0.00,0.05)",10.174375,1.0,4
151,IVFFLAT_HYBRID,"[0.00,0.05)",10.157667,1.0,4
153,SQL_FIRST,"[0.00,0.05)",7.151459,1.0,0
153,VECTOR_FIRST_HNSW,"[0.00,0.05)",22.961333,0.3,0
153,HNSW_HYBRID,"[0.00,0.05)",7.998334,1.0,0
153,IVFFLAT_HYBRID,"[0.00,0.05)",7.564292,1.0,0
153,SQL_FIRST,"[0.00,0.05)",7.445542,1.0,1
153,VECTOR_FIRST_HNSW,"[0.00,0.05)",22.887875,0.3,1
153,HNSW_HYBRID,"[0.00,0.05)",8.029958,1.0,1
153,IVFFLAT_HYBRID,"[0.00,0.05)",7.373083,1.0,1
153,SQL_FIRST,"[0.00,0.05)",7.222958,1.0,2
153,VECTOR_FIRST_HNSW,"[0.00,0.05)",22.788167,0.3,2
153,HNSW_HYBRID,"[0.00,0.05)",8.033334,1.0,2
153,IVFFLAT_HYBRID,"[0.00,0.05)",7.2515,1.0,2
153,SQL_FIRST,"[0.00,0.05)",7.561709,1.0,3
153,VECTOR_FIRST_HNSW,"[0.00,0.05)",22.950292,0.3,3
153,HNSW_HYBRID,"[0.00,0.05)",8.315208,1.0,3
153,IVFFLAT_HYBRID,"[0.00,0.05)",7.436792,1.0,3
153,SQL_FIRST,"[0.00,0.05)",7.340625,1.0,4
153,VECTOR_FIRST_HNSW,"[0.00,0.05)",22.906708,0.3,4
153,HNSW_HYBRID,"[0.00,0.05)",8.068959,1.0,4
153,IVFFLAT_HYBRID,"[0.00,0.05)",7.148792,1.0,4
154,SQL_FIRST,"[0.00,0.05)",9.276083,1.0,0
154,VECTOR_FIRST_HNSW,"[0.00,0.05)",22.951167,0.3,0
154,HNSW_HYBRID,"[0.00,0.05)",9.381416,1.0,0
154,IVFFLAT_HYBRID,"[0.00,0.05)",9.209416,1.0,0
154,SQL_FIRST,"[0.00,0.05)",9.481791,1.0,1
154,VECTOR_FIRST_HNSW,"[0.00,0.05)",22.820375,0.3,1
154,HNSW_HYBRID,"[0.00,0.05)",9.540708,1.0,1
154,IVFFLAT_HYBRID,"[0.00,0.05)",9.039709,1.0,1
154,SQL_FIRST,"[0.00,0.05)",8.927708,1.0,2
154,VECTOR_FIRST_HNSW,"[0.00,0.05)",23.626667,0.3,2
154,HNSW_HYBRID,"[0.00,0.05)",9.418583,1.0,2
154,IVFFLAT_HYBRID,"[0.00,0.05)",9.424209,1.0,2
154,SQL_FIRST,"[0.00,0.05)",8.863667,1.0,3
154,VECTOR_FIRST_HNSW,"[0.00,0.05)",23.622916,0.3,3
154,HNSW_HYBRID,"[0.00,0.05)",9.75775,1.0,3
154,IVFFLAT_HYBRID,"[0.00,0.05)",9.1475,1.0,3
154,SQL_FIRST,"[0.00,0.05)",9.05375,1.0,4
154,VECTOR_FIRST_HNSW,"[0.00,0.05)",22.98525,0.3,4
154,HNSW_HYBRID,"[0.00,0.05)",9.463,1.0,4
154,IVFFLAT_HYBRID,"[0.00,0.05)",8.813,1.0,4
155,SQL_FIRST,"[0.00,0.05)",7.14875,1.0,0
155,VECTOR_FIRST_HNSW,"[0.00,0.05)",23.056333,0.1,0
155,HNSW_HYBRID,"[0.00,0.05)",8.005041,1.0,0
155,IVFFLAT_HYBRID,"[0.00,0.05)",7.5265,1.0,0
155,SQL_FIRST,"[0.00,0.05)",7.222875,1.0,1
155,VECTOR_FIRST_HNSW,"[0.00,0.05)",22.903834,0.1,1
155,HNSW_HYBRID,"[0.00,0.05)",7.92325,1.0,1
155,IVFFLAT_HYBRID,"[0.00,0.05)",7.384125,1.0,1
155,SQL_FIRST,"[0.00,0.05)",7.1665,1.0,2
155,VECTOR_FIRST_HNSW,"[0.00,0.05)",22.783833,0.1,2
155,HNSW_HYBRID,"[0.00,0.05)",8.157667,1.0,2
155,IVFFLAT_HYBRID,"[0.00,0.05)",7.42575,1.0,2
155,SQL_FIRST,"[0.00,0.05)",7.429208,1.0,3
155,VECTOR_FIRST_HNSW,"[0.00,0.05)",22.833458,0.1,3
155,HNSW_HYBRID,"[0.00,0.05)",8.082833,1.0,3
155,IVFFLAT_HYBRID,"[0.00,0.05)",7.445792,1.0,3
155,SQL_FIRST,"[0.00,0.05)",7.685375,1.0,4
155,VECTOR_FIRST_HNSW,"[0.00,0.05)",22.913459,0.1,4
155,HNSW_HYBRID,"[0.00,0.05)",8.073667,1.0,4
155,IVFFLAT_HYBRID,"[0.00,0.05)",7.477167,1.0,4
156,SQL_FIRST,"[0.00,0.05)",1.288125,1.0,0
156,VECTOR_FIRST_HNSW,"[0.00,0.05)",22.888625,0.0,0
156,HNSW_HYBRID,"[0.00,0.05)",1.590958,1.0,0
156,IVFFLAT_HYBRID,"[0.00,0.05)",1.28875,1.0,0
156,SQL_FIRST,"[0.00,0.05)",1.287875,1.0,1
156,VECTOR_FIRST_HNSW,"[0.00,0.05)",23.332792,0.0,1
156,HNSW_HYBRID,"[0.00,0.05)",1.556541,1.0,1
156,IVFFLAT_HYBRID,"[0.00,0.05)",1.313958,1.0,1
156,SQL_FIRST,"[0.00,0.05)",1.336875,1.0,2
156,VECTOR_FIRST_HNSW,"[0.00,0.05)",24.625167,0.0,2
156,HNSW_HYBRID,"[0.00,0.05)",1.665875,1.0,2
156,IVFFLAT_HYBRID,"[0.00,0.05)",1.348,1.0,2
156,SQL_FIRST,"[0.00,0.05)",1.316791,1.0,3
156,VECTOR_FIRST_HNSW,"[0.00,0.05)",23.131458,0.0,3
156,HNSW_HYBRID,"[0.00,0.05)",1.56025,1.0,3
156,IVFFLAT_HYBRID,"[0.00,0.05)",1.33475,1.0,3
156,SQL_FIRST,"[0.00,0.05)",1.283208,1.0,4
156,VECTOR_FIRST_HNSW,"[0.00,0.05)",23.4015,0.0,4
156,HNSW_HYBRID,"[0.00,0.05)",1.679916,1.0,4
156,IVFFLAT_HYBRID,"[0.00,0.05)",1.298334,1.0,4
157,SQL_FIRST,"[0.00,0.05)",9.100708,1.0,0
157,VECTOR_FIRST_HNSW,"[0.00,0.05)",22.971916,0.3,0
157,HNSW_HYBRID,"[0.00,0.05)",9.557458,1.0,0
157,IVFFLAT_HYBRID,"[0.00,0.05)",9.343042,1.0,0
157,SQL_FIRST,"[0.00,0.05)",9.14875,1.0,1
157,VECTOR_FIRST_HNSW,"[0.00,0.05)",22.971583,0.3,1
157,HNSW_HYBRID,"[0.00,0.05)",9.637,1.0,1
157,IVFFLAT_HYBRID,"[0.00,0.05)",9.070916,1.0,1
157,SQL_FIRST,"[0.00,0.05)",9.516791,1.0,2
157,VECTOR_FIRST_HNSW,"[0.00,0.05)",23.342458,0.3,2
157,HNSW_HYBRID,"[0.00,0.05)",10.086208,1.0,2
157,IVFFLAT_HYBRID,"[0.00,0.05)",9.176042,1.0,2
157,SQL_FIRST,"[0.00,0.05)",9.189583,1.0,3
157,VECTOR_FIRST_HNSW,"[0.00,0.05)",22.92625,0.3,3
157,HNSW_HYBRID,"[0.00,0.05)",9.622875,1.0,3
157,IVFFLAT_HYBRID,"[0.00,0.05)",9.207291,1.0,3
157,SQL_FIRST,"[0.00,0.05)",9.278041,1.0,4
157,VECTOR_FIRST_HNSW,"[0.00,0.05)",22.865625,0.3,4
157,HNSW_HYBRID,"[0.00,0.05)",9.693792,1.0,4
157,IVFFLAT_HYBRID,"[0.00,0.05)",9.336208,1.0,4
161,SQL_FIRST,"[0.00,0.05)",9.015917,1.0,0
161,VECTOR_FIRST_HNSW,"[0.00,0.05)",22.956875,0.3,0
161,HNSW_HYBRID,"[0.00,0.05)",9.502458,1.0,0
161,IVFFLAT_HYBRID,"[0.00,0.05)",8.877584,1.0,0
161,SQL_FIRST,"[0.00,0.05)",10.011834,1.0,1
161,VECTOR_FIRST_HNSW,"[0.00,0.05)",23.125208,0.3,1
161,HNSW_HYBRID,"[0.00,0.05)",9.993167,1.0,1
161,IVFFLAT_HYBRID,"[0.00,0.05)",9.229042,1.0,1
161,SQL_FIRST,"[0.00,0.05)",9.436416,1.0,2
161,VECTOR_FIRST_HNSW,"[0.00,0.05)",22.973667,0.3,2
161,HNSW_HYBRID,"[0.00,0.05)",9.75175,1.0,2
161,IVFFLAT_HYBRID,"[0.00,0.05)",9.324,1.0,2
161,SQL_FIRST,"[0.00,0.05)",9.489875,1.0,3
161,VECTOR_FIRST_HNSW,"[0.00,0.05)",23.38625,0.3,3
161,HNSW_HYBRID,"[0.00,0.05)",9.522542,1.0,3
161,IVFFLAT_HYBRID,"[0.00,0.05)",9.266125,1.0,3
161,SQL_FIRST,"[0.00,0.05)",8.893167,1.0,4
161,VECTOR_FIRST_HNSW,"[0.00,0.05)",23.054084,0.3,4
161,HNSW_HYBRID,"[0.00,0.05)",9.484875,1.0,4
161,IVFFLAT_HYBRID,"[0.00,0.05)",9.478334,1.0,4
162,SQL_FIRST,"[0.00,0.05)",11.201,1.0,0
162,VECTOR_FIRST_HNSW,"[0.00,0.05)",23.168542,0.9,0
162,HNSW_HYBRID,"[0.00,0.05)",9.5115,1.0,0
162,IVFFLAT_HYBRID,"[0.00,0.05)",8.764375,1.0,0
162,SQL_FIRST,"[0.00,0.05)",9.001458,1.0,1
162,VECTOR_FIRST_HNSW,"[0.00,0.05)",23.161625,0.9,1
162,HNSW_HYBRID,"[0.00,0.05)",9.33725,1.0,1
162,IVFFLAT_HYBRID,"[0.00,0.05)",8.761125,1.0,1
162,SQL_FIRST,"[0.00,0.05)",9.472375,1.0,2
162,VECTOR_FIRST_HNSW,"[0.00,0.05)",23.039125,0.9,2
162,HNSW_HYBRID,"[0.00,0.05)",9.567541,1.0,2
162,IVFFLAT_HYBRID,"[0.00,0.05)",9.055583,1.0,2
162,SQL_FIRST,"[0.00,0.05)",8.838375,1.0,3
162,VECTOR_FIRST_HNSW,"[0.00,0.05)",23.685083,0.9,3
162,HNSW_HYBRID,"[0.00,0.05)",9.485792,1.0,3
162,IVFFLAT_HYBRID,"[0.00,0.05)",9.311666,1.0,3
162,SQL_FIRST,"[0.00,0.05)",8.851167,1.0,4
162,VECTOR_FIRST_HNSW,"[0.00,0.05)",23.00825,0.9,4
162,HNSW_HYBRID,"[0.00,0.05)",9.457208,1.0,4
162,IVFFLAT_HYBRID,"[0.00,0.05)",8.934208,1.0,4
164,SQL_FIRST,"[0.00,0.05)",9.60625,1.0,0
164,VECTOR_FIRST_HNSW,"[0.00,0.05)",22.999333,1.0,0
164,HNSW_HYBRID,"[0.00,0.05)",9.709666,1.0,0
164,IVFFLAT_HYBRID,"[0.00,0.05)",9.551208,1.0,0
164,SQL_FIRST,"[0.00,0.05)",9.840834,1.0,1
164,VECTOR_FIRST_HNSW,"[0.00,0.05)",22.961416,1.0,1
164,HNSW_HYBRID,"[0.00,0.05)",9.719292,1.0,1
164,IVFFLAT_HYBRID,"[0.00,0.05)",9.1455,1.0,1
164,SQL_FIRST,"[0.00,0.05)",9.149792,1.0,2
164,VECTOR_FIRST_HNSW,"[0.00,0.05)",23.069041,1.0,2
164,HNSW_HYBRID,"[0.00,0.05)",9.3765,1.0,2
164,IVFFLAT_HYBRID,"[0.00,0.05)",9.320917,1.0,2
164,SQL_FIRST,"[0.00,0.05)",9.179333,1.0,3
164,VECTOR_FIRST_HNSW,"[0.00,0.05)",22.966,1.0,3
164,HNSW_HYBRID,"[0.00,0.05)",9.666542,1.0,3
164,IVFFLAT_HYBRID,"[0.00,0.05)",9.106917,1.0,3
164,SQL_FIRST,"[0.00,0.05)",9.064209,1.0,4
164,VECTOR_FIRST_HNSW,"[0.00,0.05)",22.938916,1.0,4
164,HNSW_HYBRID,"[0.00,0.05)",9.612209,1.0,4
164,IVFFLAT_HYBRID,"[0.00,0.05)",9.319083,1.0,4
165,SQL_FIRST,"[0.00,0.05)",10.904125,1.0,0
165,VECTOR_FIRST_HNSW,"[0.00,0.05)",22.8345,0.2,0
165,HNSW_HYBRID,"[0.00,0.05)",10.884333,1.0,0
165,IVFFLAT_HYBRID,"[0.00,0.05)",10.576042,1.0,0
165,SQL_FIRST,"[0.00,0.05)",10.678584,1.0,1
165,VECTOR_FIRST_HNSW,"[0.00,0.05)",23.607959,0.2,1
165,HNSW_HYBRID,"[0.00,0.05)",11.237167,1.0,1
165,IVFFLAT_HYBRID,"[0.00,0.05)",10.498209,1.0,1
165,SQL_FIRST,"[0.00,0.05)",10.545958,1.0,2
165,VECTOR_FIRST_HNSW,"[0.00,0.05)",22.906209,0.2,2
165,HNSW_HYBRID,"[0.00,0.05)",10.891292,1.0,2
165,IVFFLAT_HYBRID,"[0.00,0.05)",11.378916,1.0,2
165,SQL_FIRST,"[0.00,0.05)",10.716667,1.0,3
165,VECTOR_FIRST_HNSW,"[0.00,0.05)",23.415208,0.2,3
165,HNSW_HYBRID,"[0.00,0.05)",10.980583,1.0,3
165,IVFFLAT_HYBRID,"[0.00,0.05)",10.344583,1.0,3
165,SQL_FIRST,"[0.00,0.05)",10.744625,1.0,4
165,VECTOR_FIRST_HNSW,"[0.00,0.05)",23.490375,0.2,4
165,HNSW_HYBRID,"[0.00,0.05)",10.783959,1.0,4
165,IVFFLAT_HYBRID,"[0.00,0.05)",10.549042,1.0,4
167,SQL_FIRST,"[0.00,0.05)",10.115333,1.0,0
167,VECTOR_FIRST_HNSW,"[0.00,0.05)",22.949958,0.4,0
167,HNSW_HYBRID,"[0.00,0.05)",10.706625,1.0,0
167,IVFFLAT_HYBRID,"[0.00,0.05)",10.213583,1.0,0
167,SQL_FIRST,"[0.00,0.05)",10.369542,1.0,1
167,VECTOR_FIRST_HNSW,"[0.00,0.05)",23.033583,0.4,1
167,HNSW_HYBRID,"[0.00,0.05)",10.709333,1.0,1
167,IVFFLAT_HYBRID,"[0.00,0.05)",10.218583,1.0,1
167,SQL_FIRST,"[0.00,0.05)",10.1325,1.0,2
167,VECTOR_FIRST_HNSW,"[0.00,0.05)",22.899708,0.4,2
167,HNSW_HYBRID,"[0.00,0.05)",10.83425,1.0,2
167,IVFFLAT_HYBRID,"[0.00,0.05)",10.253917,1.0,2
167,SQL_FIRST,"[0.00,0.05)",10.154541,1.0,3
167,VECTOR_FIRST_HNSW,"[0.00,0.05)",22.949917,0.4,3
167,HNSW_HYBRID,"[0.00,0.05)",10.706083,1.0,3
167,IVFFLAT_HYBRID,"[0.00,0.05)",10.211459,1.0,3
167,SQL_FIRST,"[0.00,0.05)",10.334917,1.0,4
167,VECTOR_FIRST_HNSW,"[0.00,0.05)",22.992584,0.4,4
167,HNSW_HYBRID,"[0.00,0.05)",11.068875,1.0,4
167,IVFFLAT_HYBRID,"[0.00,0.05)",10.485333,1.0,4
169,SQL_FIRST,"[0.00,0.05)",8.034709,1.0,0
169,VECTOR_FIRST_HNSW,"[0.00,0.05)",23.24375,0.1,0
169,HNSW_HYBRID,"[0.00,0.05)",8.562334,1.0,0
169,IVFFLAT_HYBRID,"[0.00,0.05)",8.055041,1.0,0
169,SQL_FIRST,"[0.00,0.05)",8.468917,1.0,1
169,VECTOR_FIRST_HNSW,"[0.00,0.05)",23.003125,0.1,1
169,HNSW_HYBRID,"[0.00,0.05)",8.57075,1.0,1
169,IVFFLAT_HYBRID,"[0.00,0.05)",8.0685,1.0,1
169,SQL_FIRST,"[0.00,0.05)",7.800042,1.0,2
169,VECTOR_FIRST_HNSW,"[0.00,0.05)",23.192209,0.1,2
169,HNSW_HYBRID,"[0.00,0.05)",8.447208,1.0,2
169,IVFFLAT_HYBRID,"[0.00,0.05)",7.856875,1.0,2
169,SQL_FIRST,"[0.00,0.05)",7.749,1.0,3
169,VECTOR_FIRST_HNSW,"[0.00,0.05)",22.915292,0.1,3
169,HNSW_HYBRID,"[0.00,0.05)",8.595958,1.0,3
169,IVFFLAT_HYBRID,"[0.00,0.05)",8.208834,1.0,3
169,SQL_FIRST,"[0.00,0.05)",7.773375,1.0,4
169,VECTOR_FIRST_HNSW,"[0.00,0.05)",22.936875,0.1,4
169,HNSW_HYBRID,"[0.00,0.05)",8.577375,1.0,4
169,IVFFLAT_HYBRID,"[0.00,0.05)",8.036083,1.0,4
170,SQL_FIRST,"[0.00,0.05)",9.532459,1.0,0
170,VECTOR_FIRST_HNSW,"[0.00,0.05)",22.88275,0.2,0
170,HNSW_HYBRID,"[0.00,0.05)",10.022333,1.0,0
170,IVFFLAT_HYBRID,"[0.00,0.05)",9.358625,1.0,0
170,SQL_FIRST,"[0.00,0.05)",9.765584,1.0,1
170,VECTOR_FIRST_HNSW,"[0.00,0.05)",22.840042,0.2,1
170,HNSW_HYBRID,"[0.00,0.05)",10.153916,1.0,1
170,IVFFLAT_HYBRID,"[0.00,0.05)",9.687458,1.0,1
170,SQL_FIRST,"[0.00,0.05)",9.553583,1.0,2
170,VECTOR_FIRST_HNSW,"[0.00,0.05)",23.079334,0.2,2
170,HNSW_HYBRID,"[0.00,0.05)",10.220125,1.0,2
170,IVFFLAT_HYBRID,"[0.00,0.05)",10.591375,1.0,2
170,SQL_FIRST,"[0.00,0.05)",10.152333,1.0,3
170,VECTOR_FIRST_HNSW,"[0.00,0.05)",23.059917,0.2,3
170,HNSW_HYBRID,"[0.00,0.05)",10.133042,1.0,3
170,IVFFLAT_HYBRID,"[0.00,0.05)",9.488292,1.0,3
170,SQL_FIRST,"[0.00,0.05)",9.792875,1.0,4
170,VECTOR_FIRST_HNSW,"[0.00,0.05)",22.828375,0.2,4
170,HNSW_HYBRID,"[0.00,0.05)",10.579834,1.0,4
170,IVFFLAT_HYBRID,"[0.00,0.05)",9.8045,1.0,4
171,SQL_FIRST,"[0.00,0.05)",7.817,1.0,0
171,VECTOR_FIRST_HNSW,"[0.00,0.05)",23.269625,0.0,0
171,HNSW_HYBRID,"[0.00,0.05)",8.530625,1.0,0
171,IVFFLAT_HYBRID,"[0.00,0.05)",7.511875,1.0,0
171,SQL_FIRST,"[0.00,0.05)",7.6215,1.0,1
171,VECTOR_FIRST_HNSW,"[0.00,0.05)",22.959916,0.0,1
171,HNSW_HYBRID,"[0.00,0.05)",8.304333,1.0,1
171,IVFFLAT_HYBRID,"[0.00,0.05)",7.521125,1.0,1
171,SQL_FIRST,"[0.00,0.05)",7.883959,1.0,2
171,VECTOR_FIRST_HNSW,"[0.00,0.05)",22.981417,0.0,2
171,HNSW_HYBRID,"[0.00,0.05)",8.28325,1.0,2
171,IVFFLAT_HYBRID,"[0.00,0.05)",7.780125,1.0,2
171,SQL_FIRST,"[0.00,0.05)",7.604209,1.0,3
171,VECTOR_FIRST_HNSW,"[0.00,0.05)",22.870959,0.0,3
171,HNSW_HYBRID,"[0.00,0.05)",8.429,1.0,3
171,IVFFLAT_HYBRID,"[0.00,0.05)",8.652208,1.0,3
171,SQL_FIRST,"[0.00,0.05)",9.359542,1.0,4
171,VECTOR_FIRST_HNSW,"[0.00,0.05)",23.012666,0.0,4
171,HNSW_HYBRID,"[0.00,0.05)",8.171917,1.0,4
171,IVFFLAT_HYBRID,"[0.00,0.05)",7.797625,1.0,4
173,SQL_FIRST,"[0.00,0.05)",9.528916,1.0,0
173,VECTOR_FIRST_HNSW,"[0.00,0.05)",23.062167,0.2,0
173,HNSW_HYBRID,"[0.00,0.05)",9.932459,1.0,0
173,IVFFLAT_HYBRID,"[0.00,0.05)",9.02775,1.0,0
173,SQL_FIRST,"[0.00,0.05)",9.099417,1.0,1
173,VECTOR_FIRST_HNSW,"[0.00,0.05)",23.617875,0.2,1
173,HNSW_HYBRID,"[0.00,0.05)",9.704833,1.0,1
173,IVFFLAT_HYBRID,"[0.00,0.05)",8.992458,1.0,1
173,SQL_FIRST,"[0.00,0.05)",9.185417,1.0,2
173,VECTOR_FIRST_HNSW,"[0.00,0.05)",22.8735,0.2,2
173,HNSW_HYBRID,"[0.00,0.05)",9.75475,1.0,2
173,IVFFLAT_HYBRID,"[0.00,0.05)",9.069459,1.0,2
173,SQL_FIRST,"[0.00,0.05)",9.604625,1.0,3
173,VECTOR_FIRST_HNSW,"[0.00,0.05)",23.006208,0.2,3
173,HNSW_HYBRID,"[0.00,0.05)",9.703209,1.0,3
173,IVFFLAT_HYBRID,"[0.00,0.05)",9.808708,1.0,3
173,SQL_FIRST,"[0.00,0.05)",9.3315,1.0,4
173,VECTOR_FIRST_HNSW,"[0.00,0.05)",23.047709,0.2,4
173,HNSW_HYBRID,"[0.00,0.05)",9.832458,1.0,4
173,IVFFLAT_HYBRID,"[0.00,0.05)",9.690917,1.0,4
175,SQL_FIRST,"[0.00,0.05)",8.997584,1.0,0
175,VECTOR_FIRST_HNSW,"[0.00,0.05)",22.92175,0.3,0
175,HNSW_HYBRID,"[0.00,0.05)",9.343375,1.0,0
175,IVFFLAT_HYBRID,"[0.00,0.05)",8.440292,1.0,0
175,SQL_FIRST,"[0.00,0.05)",8.984708,1.0,1
175,VECTOR_FIRST_HNSW,"[0.00,0.05)",22.812,0.3,1
175,HNSW_HYBRID,"[0.00,0.05)",9.604334,1.0,1
175,IVFFLAT_HYBRID,"[0.00,0.05)",9.221167,1.0,1
175,SQL_FIRST,"[0.00,0.05)",8.674917,1.0,2
175,VECTOR_FIRST_HNSW,"[0.00,0.05)",22.93175,0.3,2
175,HNSW_HYBRID,"[0.00,0.05)",9.274542,1.0,2
175,IVFFLAT_HYBRID,"[0.00,0.05)",8.916209,1.0,2
175,SQL_FIRST,"[0.00,0.05)",8.91975,1.0,3
175,VECTOR_FIRST_HNSW,"[0.00,0.05)",22.91875,0.3,3
175,HNSW_HYBRID,"[0.00,0.05)",9.425208,1.0,3
175,IVFFLAT_HYBRID,"[0.00,0.05)",9.271459,1.0,3
175,SQL_FIRST,"[0.00,0.05)",8.800041,1.0,4
175,VECTOR_FIRST_HNSW,"[0.00,0.05)",22.947666,0.3,4
175,HNSW_HYBRID,"[0.00,0.05)",9.245667,1.0,4
175,IVFFLAT_HYBRID,"[0.00,0.05)",9.100334,1.0,4
178,SQL_FIRST,"[0.00,0.05)",9.695583,1.0,0
178,VECTOR_FIRST_HNSW,"[0.00,0.05)",23.096959,0.5,0
178,HNSW_HYBRID,"[0.00,0.05)",10.350959,1.0,0
178,IVFFLAT_HYBRID,"[0.00,0.05)",9.510333,1.0,0
178,SQL_FIRST,"[0.00,0.05)",9.5205,1.0,1
178,VECTOR_FIRST_HNSW,"[0.00,0.05)",24.192708,0.5,1
178,HNSW_HYBRID,"[0.00,0.05)",10.032667,1.0,1
178,IVFFLAT_HYBRID,"[0.00,0.05)",9.618292,1.0,1
178,SQL_FIRST,"[0.00,0.05)",9.566792,1.0,2
178,VECTOR_FIRST_HNSW,"[0.00,0.05)",23.018542,0.5,2
178,HNSW_HYBRID,"[0.00,0.05)",10.019292,1.0,2
178,IVFFLAT_HYBRID,"[0.00,0.05)",10.114166,1.0,2
178,SQL_FIRST,"[0.00,0.05)",9.548084,1.0,3
178,VECTOR_FIRST_HNSW,"[0.00,0.05)",23.121333,0.5,3
178,HNSW_HYBRID,"[0.00,0.05)",10.231375,1.0,3
178,IVFFLAT_HYBRID,"[0.00,0.05)",9.561875,1.0,3
178,SQL_FIRST,"[0.00,0.05)",9.457792,1.0,4
178,VECTOR_FIRST_HNSW,"[0.00,0.05)",23.575042,0.5,4
178,HNSW_HYBRID,"[0.00,0.05)",10.033833,1.0,4
178,IVFFLAT_HYBRID,"[0.00,0.05)",9.281916,1.0,4
179,SQL_FIRST,"[0.00,0.05)",10.374583,1.0,0
179,VECTOR_FIRST_HNSW,"[0.00,0.05)",23.060791,0.2,0
179,HNSW_HYBRID,"[0.00,0.05)",10.845833,1.0,0
179,IVFFLAT_HYBRID,"[0.00,0.05)",10.494125,1.0,0
179,SQL_FIRST,"[0.00,0.05)",10.465625,1.0,1
179,VECTOR_FIRST_HNSW,"[0.00,0.05)",22.883833,0.2,1
179,HNSW_HYBRID,"[0.00,0.05)",10.812042,1.0,1
179,IVFFLAT_HYBRID,"[0.00,0.05)",10.577834,1.0,1
179,SQL_FIRST,"[0.00,0.05)",10.312083,1.0,2
179,VECTOR_FIRST_HNSW,"[0.00,0.05)",22.98825,0.2,2
179,HNSW_HYBRID,"[0.00,0.05)",10.746541,1.0,2
179,IVFFLAT_HYBRID,"[0.00,0.05)",10.386,1.0,2
179,SQL_FIRST,"[0.00,0.05)",10.693959,1.0,3
179,VECTOR_FIRST_HNSW,"[0.00,0.05)",23.573166,0.2,3
179,HNSW_HYBRID,"[0.00,0.05)",11.119833,1.0,3
179,IVFFLAT_HYBRID,"[0.00,0.05)",10.396458,1.0,3
179,SQL_FIRST,"[0.00,0.05)",10.360334,1.0,4
179,VECTOR_FIRST_HNSW,"[0.00,0.05)",22.959167,0.2,4
179,HNSW_HYBRID,"[0.00,0.05)",10.941709,1.0,4
179,IVFFLAT_HYBRID,"[0.00,0.05)",10.95075,1.0,4
182,SQL_FIRST,"[0.00,0.05)",6.205334,1.0,0
182,VECTOR_FIRST_HNSW,"[0.00,0.05)",22.821042,0.1,0
182,HNSW_HYBRID,"[0.00,0.05)",7.195291,1.0,0
182,IVFFLAT_HYBRID,"[0.00,0.05)",6.333708,1.0,0
182,SQL_FIRST,"[0.00,0.05)",6.539167,1.0,1
182,VECTOR_FIRST_HNSW,"[0.00,0.05)",23.082833,0.1,1
182,HNSW_HYBRID,"[0.00,0.05)",7.103625,1.0,1
182,IVFFLAT_HYBRID,"[0.00,0.05)",6.533666,1.0,1
182,SQL_FIRST,"[0.00,0.05)",6.219875,1.0,2
182,VECTOR_FIRST_HNSW,"[0.00,0.05)",22.994083,0.1,2
182,HNSW_HYBRID,"[0.00,0.05)",8.428166,1.0,2
182,IVFFLAT_HYBRID,"[0.00,0.05)",6.583875,1.0,2
182,SQL_FIRST,"[0.00,0.05)",6.184334,1.0,3
182,VECTOR_FIRST_HNSW,"[0.00,0.05)",22.896458,0.1,3
182,HNSW_HYBRID,"[0.00,0.05)",7.083875,1.0,3
182,IVFFLAT_HYBRID,"[0.00,0.05)",6.293292,1.0,3
182,SQL_FIRST,"[0.00,0.05)",6.562208,1.0,4
182,VECTOR_FIRST_HNSW,"[0.00,0.05)",22.776542,0.1,4
182,HNSW_HYBRID,"[0.00,0.05)",7.147792,1.0,4
182,IVFFLAT_HYBRID,"[0.00,0.05)",6.539375,1.0,4
183,SQL_FIRST,"[0.00,0.05)",9.706458,1.0,0
183,VECTOR_FIRST_HNSW,"[0.00,0.05)",22.834041,0.4,0
183,HNSW_HYBRID,"[0.00,0.05)",9.978459,1.0,0
183,IVFFLAT_HYBRID,"[0.00,0.05)",9.173125,1.0,0
183,SQL_FIRST,"[0.00,0.05)",9.178541,1.0,1
183,VECTOR_FIRST_HNSW,"[0.00,0.05)",22.866708,0.4,1
183,HNSW_HYBRID,"[0.00,0.05)",9.553375,1.0,1
183,IVFFLAT_HYBRID,"[0.00,0.05)",9.069333,1.0,1
183,SQL_FIRST,"[0.00,0.05)",9.291959,1.0,2
183,VECTOR_FIRST_HNSW,"[0.00,0.05)",23.361292,0.4,2
183,HNSW_HYBRID,"[0.00,0.05)",9.986625,1.0,2
183,IVFFLAT_HYBRID,"[0.00,0.05)",9.658875,1.0,2
183,SQL_FIRST,"[0.00,0.05)",9.081,1.0,3
183,VECTOR_FIRST_HNSW,"[0.00,0.05)",26.348209,0.4,3
183,HNSW_HYBRID,"[0.00,0.05)",10.010083,1.0,3
183,IVFFLAT_HYBRID,"[0.00,0.05)",9.384959,1.0,3
183,SQL_FIRST,"[0.00,0.05)",9.248417,1.0,4
183,VECTOR_FIRST_HNSW,"[0.00,0.05)",22.916542,0.4,4
183,HNSW_HYBRID,"[0.00,0.05)",9.6135,1.0,4
183,IVFFLAT_HYBRID,"[0.00,0.05)",9.026375,1.0,4
186,SQL_FIRST,"[0.00,0.05)",9.148833,1.0,0
186,VECTOR_FIRST_HNSW,"[0.00,0.05)",22.847666,0.5,0
186,HNSW_HYBRID,"[0.00,0.05)",9.518916,1.0,0
186,IVFFLAT_HYBRID,"[0.00,0.05)",9.480791,1.0,0
186,SQL_FIRST,"[0.00,0.05)",9.134458,1.0,1
186,VECTOR_FIRST_HNSW,"[0.00,0.05)",22.9165,0.5,1
186,HNSW_HYBRID,"[0.00,0.05)",9.582417,1.0,1
186,IVFFLAT_HYBRID,"[0.00,0.05)",9.269875,1.0,1
186,SQL_FIRST,"[0.00,0.05)",8.948958,1.0,2
186,VECTOR_FIRST_HNSW,"[0.00,0.05)",23.746042,0.5,2
186,HNSW_HYBRID,"[0.00,0.05)",9.842041,1.0,2
186,IVFFLAT_HYBRID,"[0.00,0.05)",9.237458,1.0,2
186,SQL_FIRST,"[0.00,0.05)",9.045375,1.0,3
186,VECTOR_FIRST_HNSW,"[0.00,0.05)",27.475709,0.5,3
186,HNSW_HYBRID,"[0.00,0.05)",9.614625,1.0,3
186,IVFFLAT_HYBRID,"[0.00,0.05)",9.008167,1.0,3
186,SQL_FIRST,"[0.00,0.05)",9.338458,1.0,4
186,VECTOR_FIRST_HNSW,"[0.00,0.05)",22.852375,0.5,4
186,HNSW_HYBRID,"[0.00,0.05)",9.55425,1.0,4
186,IVFFLAT_HYBRID,"[0.00,0.05)",9.146667,1.0,4
187,SQL_FIRST,"[0.00,0.05)",5.453916,1.0,0
187,VECTOR_FIRST_HNSW,"[0.00,0.05)",23.487542,0.0,0
187,HNSW_HYBRID,"[0.00,0.05)",6.049708,1.0,0
187,IVFFLAT_HYBRID,"[0.00,0.05)",5.6405,1.0,0
187,SQL_FIRST,"[0.00,0.05)",5.459375,1.0,1
187,VECTOR_FIRST_HNSW,"[0.00,0.05)",22.841458,0.0,1
187,HNSW_HYBRID,"[0.00,0.05)",6.118875,1.0,1
187,IVFFLAT_HYBRID,"[0.00,0.05)",5.409334,1.0,1
187,SQL_FIRST,"[0.00,0.05)",5.446791,1.0,2
187,VECTOR_FIRST_HNSW,"[0.00,0.05)",23.462458,0.0,2
187,HNSW_HYBRID,"[0.00,0.05)",5.988959,1.0,2
187,IVFFLAT_HYBRID,"[0.00,0.05)",5.49675,1.0,2
187,SQL_FIRST,"[0.00,0.05)",5.3755,1.0,3
187,VECTOR_FIRST_HNSW,"[0.00,0.05)",23.252459,0.0,3
187,HNSW_HYBRID,"[0.00,0.05)",6.037875,1.0,3
187,IVFFLAT_HYBRID,"[0.00,0.05)",5.381459,1.0,3
187,SQL_FIRST,"[0.00,0.05)",5.52725,1.0,4
187,VECTOR_FIRST_HNSW,"[0.00,0.05)",23.324833,0.0,4
187,HNSW_HYBRID,"[0.00,0.05)",6.19025,1.0,4
187,IVFFLAT_HYBRID,"[0.00,0.05)",5.853458,1.0,4
188,SQL_FIRST,"[0.00,0.05)",7.315167,1.0,0
188,VECTOR_FIRST_HNSW,"[0.00,0.05)",23.038875,0.3,0
188,HNSW_HYBRID,"[0.00,0.05)",7.97625,1.0,0
188,IVFFLAT_HYBRID,"[0.00,0.05)",7.216791,1.0,0
188,SQL_FIRST,"[0.00,0.05)",7.629208,1.0,1
188,VECTOR_FIRST_HNSW,"[0.00,0.05)",22.881167,0.3,1
188,HNSW_HYBRID,"[0.00,0.05)",8.124625,1.0,1
188,IVFFLAT_HYBRID,"[0.00,0.05)",7.375042,1.0,1
188,SQL_FIRST,"[0.00,0.05)",7.264042,1.0,2
188,VECTOR_FIRST_HNSW,"[0.00,0.05)",22.932083,0.3,2
188,HNSW_HYBRID,"[0.00,0.05)",8.07,1.0,2
188,IVFFLAT_HYBRID,"[0.00,0.05)",7.36525,1.0,2
188,SQL_FIRST,"[0.00,0.05)",7.595958,1.0,3
188,VECTOR_FIRST_HNSW,"[0.00,0.05)",22.942292,0.3,3
188,HNSW_HYBRID,"[0.00,0.05)",8.130834,1.0,3
188,IVFFLAT_HYBRID,"[0.00,0.05)",7.482166,1.0,3
188,SQL_FIRST,"[0.00,0.05)",7.403209,1.0,4
188,VECTOR_FIRST_HNSW,"[0.00,0.05)",22.863042,0.3,4
188,HNSW_HYBRID,"[0.00,0.05)",8.042542,1.0,4
188,IVFFLAT_HYBRID,"[0.00,0.05)",7.381708,1.0,4
189,SQL_FIRST,"[0.00,0.05)",8.966875,1.0,0
189,VECTOR_FIRST_HNSW,"[0.00,0.05)",22.909208,0.1,0
189,HNSW_HYBRID,"[0.00,0.05)",9.306459,1.0,0
189,IVFFLAT_HYBRID,"[0.00,0.05)",8.812625,1.0,0
189,SQL_FIRST,"[0.00,0.05)",8.631916,1.0,1
189,VECTOR_FIRST_HNSW,"[0.00,0.05)",22.860417,0.1,1
189,HNSW_HYBRID,"[0.00,0.05)",9.405666,1.0,1
189,IVFFLAT_HYBRID,"[0.00,0.05)",8.892625,1.0,1
189,SQL_FIRST,"[0.00,0.05)",8.508333,1.0,2
189,VECTOR_FIRST_HNSW,"[0.00,0.05)",22.772833,0.1,2
189,HNSW_HYBRID,"[0.00,0.05)",8.975584,1.0,2
189,IVFFLAT_HYBRID,"[0.00,0.05)",8.275458,1.0,2
189,SQL_FIRST,"[0.00,0.05)",8.716708,1.0,3
189,VECTOR_FIRST_HNSW,"[0.00,0.05)",23.406417,0.1,3
189,HNSW_HYBRID,"[0.00,0.05)",9.389958,1.0,3
189,IVFFLAT_HYBRID,"[0.00,0.05)",8.45875,1.0,3
189,SQL_FIRST,"[0.00,0.05)",8.390209,1.0,4
189,VECTOR_FIRST_HNSW,"[0.00,0.05)",23.085833,0.1,4
189,HNSW_HYBRID,"[0.00,0.05)",9.069709,1.0,4
189,IVFFLAT_HYBRID,"[0.00,0.05)",8.365791,1.0,4
195,SQL_FIRST,"[0.00,0.05)",8.722833,1.0,0
195,VECTOR_FIRST_HNSW,"[0.00,0.05)",22.976292,0.5,0
195,HNSW_HYBRID,"[0.00,0.05)",9.1615,1.0,0
195,IVFFLAT_HYBRID,"[0.00,0.05)",8.912041,1.0,0
195,SQL_FIRST,"[0.00,0.05)",8.850792,1.0,1
195,VECTOR_FIRST_HNSW,"[0.00,0.05)",22.796208,0.5,1
195,HNSW_HYBRID,"[0.00,0.05)",9.254125,1.0,1
195,IVFFLAT_HYBRID,"[0.00,0.05)",8.745042,1.0,1
195,SQL_FIRST,"[0.00,0.05)",8.523041,1.0,2
195,VECTOR_FIRST_HNSW,"[0.00,0.05)",22.958291,0.5,2
195,HNSW_HYBRID,"[0.00,0.05)",9.215291,1.0,2
195,IVFFLAT_HYBRID,"[0.00,0.05)",9.181667,1.0,2
195,SQL_FIRST,"[0.00,0.05)",8.636666,1.0,3
195,VECTOR_FIRST_HNSW,"[0.00,0.05)",22.927541,0.5,3
195,HNSW_HYBRID,"[0.00,0.05)",9.177875,1.0,3
195,IVFFLAT_HYBRID,"[0.00,0.05)",8.764708,1.0,3
195,SQL_FIRST,"[0.00,0.05)",8.615292,1.0,4
195,VECTOR_FIRST_HNSW,"[0.00,0.05)",23.551625,0.5,4
195,HNSW_HYBRID,"[0.00,0.05)",9.114625,1.0,4
195,IVFFLAT_HYBRID,"[0.00,0.05)",9.047084,1.0,4
196,SQL_FIRST,"[0.00,0.05)",8.073334,1.0,0
196,VECTOR_FIRST_HNSW,"[0.00,0.05)",22.924375,0.2,0
196,HNSW_HYBRID,"[0.00,0.05)",8.714791,1.0,0
196,IVFFLAT_HYBRID,"[0.00,0.05)",8.217708,1.0,0
196,SQL_FIRST,"[0.00,0.05)",8.025084,1.0,1
196,VECTOR_FIRST_HNSW,"[0.00,0.05)",22.890125,0.2,1
196,HNSW_HYBRID,"[0.00,0.05)",8.218042,1.0,1
196,IVFFLAT_HYBRID,"[0.00,0.05)",8.1375,1.0,1
196,SQL_FIRST,"[0.00,0.05)",7.668041,1.0,2
196,VECTOR_FIRST_HNSW,"[0.00,0.05)",22.939333,0.2,2
196,HNSW_HYBRID,"[0.00,0.05)",8.24825,1.0,2
196,IVFFLAT_HYBRID,"[0.00,0.05)",7.973667,1.0,2
196,SQL_FIRST,"[0.00,0.05)",7.550125,1.0,3
196,VECTOR_FIRST_HNSW,"[0.00,0.05)",22.831875,0.2,3
196,HNSW_HYBRID,"[0.00,0.05)",8.256458,1.0,3
196,IVFFLAT_HYBRID,"[0.00,0.05)",7.980708,1.0,3
196,SQL_FIRST,"[0.00,0.05)",7.579375,1.0,4
196,VECTOR_FIRST_HNSW,"[0.00,0.05)",22.855458,0.2,4
196,HNSW_HYBRID,"[0.00,0.05)",8.345542,1.0,4
196,IVFFLAT_HYBRID,"[0.00,0.05)",8.001416,1.0,4
197,SQL_FIRST,"[0.00,0.05)",7.058292,1.0,0
197,VECTOR_FIRST_HNSW,"[0.00,0.05)",22.885208,0.1,0
197,HNSW_HYBRID,"[0.00,0.05)",7.99575,1.0,0
197,IVFFLAT_HYBRID,"[0.00,0.05)",7.212167,1.0,0
197,SQL_FIRST,"[0.00,0.05)",7.156709,1.0,1
197,VECTOR_FIRST_HNSW,"[0.00,0.05)",22.837833,0.1,1
197,HNSW_HYBRID,"[0.00,0.05)",7.882792,1.0,1
197,IVFFLAT_HYBRID,"[0.00,0.05)",7.0995,1.0,1
197,SQL_FIRST,"[0.00,0.05)",7.132791,1.0,2
197,VECTOR_FIRST_HNSW,"[0.00,0.05)",22.829,0.1,2
197,HNSW_HYBRID,"[0.00,0.05)",7.87725,1.0,2
197,IVFFLAT_HYBRID,"[0.00,0.05)",7.443375,1.0,2
197,SQL_FIRST,"[0.00,0.05)",7.178333,1.0,3
197,VECTOR_FIRST_HNSW,"[0.00,0.05)",22.975917,0.1,3
197,HNSW_HYBRID,"[0.00,0.05)",7.984334,1.0,3
197,IVFFLAT_HYBRID,"[0.00,0.05)",7.656291,1.0,3
197,SQL_FIRST,"[0.00,0.05)",7.111917,1.0,4
197,VECTOR_FIRST_HNSW,"[0.00,0.05)",22.970541,0.1,4
197,HNSW_HYBRID,"[0.00,0.05)",7.719208,1.0,4
197,IVFFLAT_HYBRID,"[0.00,0.05)",7.103,1.0,4
198,SQL_FIRST,"[0.00,0.05)",6.383291,1.0,0
198,VECTOR_FIRST_HNSW,"[0.00,0.05)",22.875625,0.1,0
198,HNSW_HYBRID,"[0.00,0.05)",6.734166,1.0,0
198,IVFFLAT_HYBRID,"[0.00,0.05)",6.039042,1.0,0
198,SQL_FIRST,"[0.00,0.05)",6.022542,1.0,1
198,VECTOR_FIRST_HNSW,"[0.00,0.05)",23.504917,0.1,1
198,HNSW_HYBRID,"[0.00,0.05)",6.580208,1.0,1
198,IVFFLAT_HYBRID,"[0.00,0.05)",5.980708,1.0,1
198,SQL_FIRST,"[0.00,0.05)",6.146875,1.0,2
198,VECTOR_FIRST_HNSW,"[0.00,0.05)",22.875333,0.1,2
198,HNSW_HYBRID,"[0.00,0.05)",6.864541,1.0,2
198,IVFFLAT_HYBRID,"[0.00,0.05)",6.065416,1.0,2
198,SQL_FIRST,"[0.00,0.05)",5.984958,1.0,3
198,VECTOR_FIRST_HNSW,"[0.00,0.05)",22.936209,0.1,3
198,HNSW_HYBRID,"[0.00,0.05)",6.664125,1.0,3
198,IVFFLAT_HYBRID,"[0.00,0.05)",6.184667,1.0,3
198,SQL_FIRST,"[0.00,0.05)",5.979791,1.0,4
198,VECTOR_FIRST_HNSW,"[0.00,0.05)",22.936792,0.1,4
198,HNSW_HYBRID,"[0.00,0.05)",6.784292,1.0,4
198,IVFFLAT_HYBRID,"[0.00,0.05)",6.982833,1.0,4
205,SQL_FIRST,"[0.00,0.05)",1.5055,1.0,0
205,VECTOR_FIRST_HNSW,"[0.00,0.05)",22.800459,0.0,0
205,HNSW_HYBRID,"[0.00,0.05)",1.945666,1.0,0
205,IVFFLAT_HYBRID,"[0.00,0.05)",1.571583,1.0,0
205,SQL_FIRST,"[0.00,0.05)",1.546375,1.0,1
205,VECTOR_FIRST_HNSW,"[0.00,0.05)",22.813458,0.0,1
205,HNSW_HYBRID,"[0.00,0.05)",2.012625,1.0,1
205,IVFFLAT_HYBRID,"[0.00,0.05)",1.601666,1.0,1
205,SQL_FIRST,"[0.00,0.05)",1.590292,1.0,2
205,VECTOR_FIRST_HNSW,"[0.00,0.05)",22.845542,0.0,2
205,HNSW_HYBRID,"[0.00,0.05)",1.988875,1.0,2
205,IVFFLAT_HYBRID,"[0.00,0.05)",1.562,1.0,2
205,SQL_FIRST,"[0.00,0.05)",1.541084,1.0,3
205,VECTOR_FIRST_HNSW,"[0.00,0.05)",22.789459,0.0,3
205,HNSW_HYBRID,"[0.00,0.05)",1.977417,1.0,3
205,IVFFLAT_HYBRID,"[0.00,0.05)",1.601584,1.0,3
205,SQL_FIRST,"[0.00,0.05)",1.628041,1.0,4
205,VECTOR_FIRST_HNSW,"[0.00,0.05)",22.881542,0.0,4
205,HNSW_HYBRID,"[0.00,0.05)",1.927917,1.0,4
205,IVFFLAT_HYBRID,"[0.00,0.05)",1.549625,1.0,4
207,SQL_FIRST,"[0.00,0.05)",4.46875,1.0,0
207,VECTOR_FIRST_HNSW,"[0.00,0.05)",23.060291,0.2,0
207,HNSW_HYBRID,"[0.00,0.05)",4.652875,1.0,0
207,IVFFLAT_HYBRID,"[0.00,0.05)",4.398291,1.0,0
207,SQL_FIRST,"[0.00,0.05)",4.363875,1.0,1
207,VECTOR_FIRST_HNSW,"[0.00,0.05)",22.75725,0.2,1
207,HNSW_HYBRID,"[0.00,0.05)",4.950416,1.0,1
207,IVFFLAT_HYBRID,"[0.00,0.05)",4.329667,1.0,1
207,SQL_FIRST,"[0.00,0.05)",4.296,1.0,2
207,VECTOR_FIRST_HNSW,"[0.00,0.05)",23.19425,0.2,2
207,HNSW_HYBRID,"[0.00,0.05)",4.790209,1.0,2
207,IVFFLAT_HYBRID,"[0.00,0.05)",4.399584,1.0,2
207,SQL_FIRST,"[0.00,0.05)",4.312125,1.0,3
207,VECTOR_FIRST_HNSW,"[0.00,0.05)",22.933,0.2,3
207,HNSW_HYBRID,"[0.00,0.05)",4.747458,1.0,3
207,IVFFLAT_HYBRID,"[0.00,0.05)",4.322542,1.0,3
207,SQL_FIRST,"[0.00,0.05)",4.640167,1.0,4
207,VECTOR_FIRST_HNSW,"[0.00,0.05)",23.096959,0.2,4
207,HNSW_HYBRID,"[0.00,0.05)",6.9205,1.0,4
207,IVFFLAT_HYBRID,"[0.00,0.05)",4.494875,1.0,4
209,SQL_FIRST,"[0.00,0.05)",9.177083,1.0,0
209,VECTOR_FIRST_HNSW,"[0.00,0.05)",22.996375,0.6,0
209,HNSW_HYBRID,"[0.00,0.05)",9.805,1.0,0
209,IVFFLAT_HYBRID,"[0.00,0.05)",9.123208,1.0,0
209,SQL_FIRST,"[0.00,0.05)",9.066084,1.0,1
209,VECTOR_FIRST_HNSW,"[0.00,0.05)",22.844,0.6,1
209,HNSW_HYBRID,"[0.00,0.05)",9.659542,1.0,1
209,IVFFLAT_HYBRID,"[0.00,0.05)",9.0985,1.0,1
209,SQL_FIRST,"[0.00,0.05)",9.376458,1.0,2
209,VECTOR_FIRST_HNSW,"[0.00,0.05)",22.773292,0.6,2
209,HNSW_HYBRID,"[0.00,0.05)",9.555,1.0,2
209,IVFFLAT_HYBRID,"[0.00,0.05)",9.371584,1.0,2
209,SQL_FIRST,"[0.00,0.05)",9.2645,1.0,3
209,VECTOR_FIRST_HNSW,"[0.00,0.05)",22.931667,0.6,3
209,HNSW_HYBRID,"[0.00,0.05)",9.45675,1.0,3
209,IVFFLAT_HYBRID,"[0.00,0.05)",9.49875,1.0,3
209,SQL_FIRST,"[0.00,0.05)",8.943583,1.0,4
209,VECTOR_FIRST_HNSW,"[0.00,0.05)",23.03825,0.6,4
209,HNSW_HYBRID,"[0.00,0.05)",9.563542,1.0,4
209,IVFFLAT_HYBRID,"[0.00,0.05)",9.314875,1.0,4
210,SQL_FIRST,"[0.00,0.05)",8.848,1.0,0
210,VECTOR_FIRST_HNSW,"[0.00,0.05)",22.917792,0.5,0
210,HNSW_HYBRID,"[0.00,0.05)",9.791167,1.0,0
210,IVFFLAT_HYBRID,"[0.00,0.05)",9.441083,1.0,0
210,SQL_FIRST,"[0.00,0.05)",9.464583,1.0,1
210,VECTOR_FIRST_HNSW,"[0.00,0.05)",23.478041,0.5,1
210,HNSW_HYBRID,"[0.00,0.05)",9.653834,1.0,1
210,IVFFLAT_HYBRID,"[0.00,0.05)",9.208125,1.0,1
210,SQL_FIRST,"[0.00,0.05)",9.142416,1.0,2
210,VECTOR_FIRST_HNSW,"[0.00,0.05)",23.771833,0.5,2
210,HNSW_HYBRID,"[0.00,0.05)",9.456917,1.0,2
210,IVFFLAT_HYBRID,"[0.00,0.05)",9.354125,1.0,2
210,SQL_FIRST,"[0.00,0.05)",8.754209,1.0,3
210,VECTOR_FIRST_HNSW,"[0.00,0.05)",23.133333,0.5,3
210,HNSW_HYBRID,"[0.00,0.05)",9.497708,1.0,3
210,IVFFLAT_HYBRID,"[0.00,0.05)",9.177542,1.0,3
210,SQL_FIRST,"[0.00,0.05)",8.821125,1.0,4
210,VECTOR_FIRST_HNSW,"[0.00,0.05)",22.902125,0.5,4
210,HNSW_HYBRID,"[0.00,0.05)",9.44075,1.0,4
210,IVFFLAT_HYBRID,"[0.00,0.05)",9.395292,1.0,4
212,SQL_FIRST,"[0.00,0.05)",9.448709,1.0,0
212,VECTOR_FIRST_HNSW,"[0.00,0.05)",23.081,0.4,0
212,HNSW_HYBRID,"[0.00,0.05)",9.800709,1.0,0
212,IVFFLAT_HYBRID,"[0.00,0.05)",9.5595,1.0,0
212,SQL_FIRST,"[0.00,0.05)",9.2465,1.0,1
212,VECTOR_FIRST_HNSW,"[0.00,0.05)",22.898917,0.4,1
212,HNSW_HYBRID,"[0.00,0.05)",9.807917,1.0,1
212,IVFFLAT_HYBRID,"[0.00,0.05)",9.736333,1.0,1
212,SQL_FIRST,"[0.00,0.05)",9.28,1.0,2
212,VECTOR_FIRST_HNSW,"[0.00,0.05)",22.939,0.4,2
212,HNSW_HYBRID,"[0.00,0.05)",9.806125,1.0,2
212,IVFFLAT_HYBRID,"[0.00,0.05)",9.502959,1.0,2
212,SQL_FIRST,"[0.00,0.05)",9.821625,1.0,3
212,VECTOR_FIRST_HNSW,"[0.00,0.05)",23.818709,0.4,3
212,HNSW_HYBRID,"[0.00,0.05)",9.984708,1.0,3
212,IVFFLAT_HYBRID,"[0.00,0.05)",9.340875,1.0,3
212,SQL_FIRST,"[0.00,0.05)",9.233416,1.0,4
212,VECTOR_FIRST_HNSW,"[0.00,0.05)",22.857375,0.4,4
212,HNSW_HYBRID,"[0.00,0.05)",10.11175,1.0,4
212,IVFFLAT_HYBRID,"[0.00,0.05)",9.779292,1.0,4
213,SQL_FIRST,"[0.00,0.05)",8.643583,1.0,0
213,VECTOR_FIRST_HNSW,"[0.00,0.05)",23.568291,0.3,0
213,HNSW_HYBRID,"[0.00,0.05)",9.01175,1.0,0
213,IVFFLAT_HYBRID,"[0.00,0.05)",8.969,1.0,0
213,SQL_FIRST,"[0.00,0.05)",8.669208,1.0,1
213,VECTOR_FIRST_HNSW,"[0.00,0.05)",23.07225,0.3,1
213,HNSW_HYBRID,"[0.00,0.05)",9.13375,1.0,1
213,IVFFLAT_HYBRID,"[0.00,0.05)",8.600125,1.0,1
213,SQL_FIRST,"[0.00,0.05)",8.218709,1.0,2
213,VECTOR_FIRST_HNSW,"[0.00,0.05)",23.012625,0.3,2
213,HNSW_HYBRID,"[0.00,0.05)",9.090875,1.0,2
213,IVFFLAT_HYBRID,"[0.00,0.05)",9.017417,1.0,2
213,SQL_FIRST,"[0.00,0.05)",8.516375,1.0,3
213,VECTOR_FIRST_HNSW,"[0.00,0.05)",22.874167,0.3,3
213,HNSW_HYBRID,"[0.00,0.05)",9.104916,1.0,3
213,IVFFLAT_HYBRID,"[0.00,0.05)",8.772625,1.0,3
213,SQL_FIRST,"[0.00,0.05)",8.677125,1.0,4
213,VECTOR_FIRST_HNSW,"[0.00,0.05)",22.870125,0.3,4
213,HNSW_HYBRID,"[0.00,0.05)",8.8915,1.0,4
213,IVFFLAT_HYBRID,"[0.00,0.05)",9.078791,1.0,4
219,SQL_FIRST,"[0.00,0.05)",8.983375,1.0,0
219,VECTOR_FIRST_HNSW,"[0.00,0.05)",22.987458,0.2,0
219,HNSW_HYBRID,"[0.00,0.05)",9.422292,1.0,0
219,IVFFLAT_HYBRID,"[0.00,0.05)",8.780542,1.0,0
219,SQL_FIRST,"[0.00,0.05)",8.458625,1.0,1
219,VECTOR_FIRST_HNSW,"[0.00,0.05)",22.792542,0.2,1
219,HNSW_HYBRID,"[0.00,0.05)",9.546042,1.0,1
219,IVFFLAT_HYBRID,"[0.00,0.05)",8.914625,1.0,1
219,SQL_FIRST,"[0.00,0.05)",9.2595,1.0,2
219,VECTOR_FIRST_HNSW,"[0.00,0.05)",22.848167,0.2,2
219,HNSW_HYBRID,"[0.00,0.05)",9.472917,1.0,2
219,IVFFLAT_HYBRID,"[0.00,0.05)",8.840709,1.0,2
219,SQL_FIRST,"[0.00,0.05)",9.535167,1.0,3
219,VECTOR_FIRST_HNSW,"[0.00,0.05)",23.15375,0.2,3
219,HNSW_HYBRID,"[0.00,0.05)",9.241958,1.0,3
219,IVFFLAT_HYBRID,"[0.00,0.05)",9.104,1.0,3
219,SQL_FIRST,"[0.00,0.05)",8.631917,1.0,4
219,VECTOR_FIRST_HNSW,"[0.00,0.05)",23.391084,0.2,4
219,HNSW_HYBRID,"[0.00,0.05)",9.621125,1.0,4
219,IVFFLAT_HYBRID,"[0.00,0.05)",9.1415,1.0,4
221,SQL_FIRST,"[0.00,0.05)",6.467583,1.0,0
221,VECTOR_FIRST_HNSW,"[0.00,0.05)",22.80675,0.2,0
221,HNSW_HYBRID,"[0.00,0.05)",7.110292,1.0,0
221,IVFFLAT_HYBRID,"[0.00,0.05)",6.511542,1.0,0
221,SQL_FIRST,"[0.00,0.05)",6.315333,1.0,1
221,VECTOR_FIRST_HNSW,"[0.00,0.05)",22.869,0.2,1
221,HNSW_HYBRID,"[0.00,0.05)",7.0,1.0,1
221,IVFFLAT_HYBRID,"[0.00,0.05)",7.239292,1.0,1
221,SQL_FIRST,"[0.00,0.05)",7.869792,1.0,2
221,VECTOR_FIRST_HNSW,"[0.00,0.05)",22.942541,0.2,2
221,HNSW_HYBRID,"[0.00,0.05)",6.895958,1.0,2
221,IVFFLAT_HYBRID,"[0.00,0.05)",6.337291,1.0,2
221,SQL_FIRST,"[0.00,0.05)",6.423167,1.0,3
221,VECTOR_FIRST_HNSW,"[0.00,0.05)",22.873625,0.2,3
221,HNSW_HYBRID,"[0.00,0.05)",7.214875,1.0,3
221,IVFFLAT_HYBRID,"[0.00,0.05)",6.291083,1.0,3
221,SQL_FIRST,"[0.00,0.05)",6.319333,1.0,4
221,VECTOR_FIRST_HNSW,"[0.00,0.05)",22.990291,0.2,4
221,HNSW_HYBRID,"[0.00,0.05)",6.979458,1.0,4
221,IVFFLAT_HYBRID,"[0.00,0.05)",6.469583,1.0,4
223,SQL_FIRST,"[0.00,0.05)",9.077333,1.0,0
223,VECTOR_FIRST_HNSW,"[0.00,0.05)",22.974333,0.5,0
223,HNSW_HYBRID,"[0.00,0.05)",9.735792,1.0,0
223,IVFFLAT_HYBRID,"[0.00,0.05)",9.530417,1.0,0
223,SQL_FIRST,"[0.00,0.05)",9.5595,1.0,1
223,VECTOR_FIRST_HNSW,"[0.00,0.05)",22.887792,0.5,1
223,HNSW_HYBRID,"[0.00,0.05)",9.623292,1.0,1
223,IVFFLAT_HYBRID,"[0.00,0.05)",9.069459,1.0,1
223,SQL_FIRST,"[0.00,0.05)",9.498416,1.0,2
223,VECTOR_FIRST_HNSW,"[0.00,0.05)",23.191334,0.5,2
223,HNSW_HYBRID,"[0.00,0.05)",9.616583,1.0,2
223,IVFFLAT_HYBRID,"[0.00,0.05)",9.155,1.0,2
223,SQL_FIRST,"[0.00,0.05)",8.833792,1.0,3
223,VECTOR_FIRST_HNSW,"[0.00,0.05)",22.8875,0.5,3
223,HNSW_HYBRID,"[0.00,0.05)",9.588167,1.0,3
223,IVFFLAT_HYBRID,"[0.00,0.05)",9.301292,1.0,3
223,SQL_FIRST,"[0.00,0.05)",8.850125,1.0,4
223,VECTOR_FIRST_HNSW,"[0.00,0.05)",22.920542,0.5,4
223,HNSW_HYBRID,"[0.00,0.05)",9.353083,1.0,4
223,IVFFLAT_HYBRID,"[0.00,0.05)",9.452833,1.0,4
227,SQL_FIRST,"[0.00,0.05)",4.384792,1.0,0
227,VECTOR_FIRST_HNSW,"[0.00,0.05)",22.861084,0.1,0
227,HNSW_HYBRID,"[0.00,0.05)",4.70575,1.0,0
227,IVFFLAT_HYBRID,"[0.00,0.05)",4.2625,1.0,0
227,SQL_FIRST,"[0.00,0.05)",4.238167,1.0,1
227,VECTOR_FIRST_HNSW,"[0.00,0.05)",22.921959,0.1,1
227,HNSW_HYBRID,"[0.00,0.05)",4.72125,1.0,1
227,IVFFLAT_HYBRID,"[0.00,0.05)",4.296666,1.0,1
227,SQL_FIRST,"[0.00,0.05)",4.270917,1.0,2
227,VECTOR_FIRST_HNSW,"[0.00,0.05)",22.768458,0.1,2
227,HNSW_HYBRID,"[0.00,0.05)",4.657958,1.0,2
227,IVFFLAT_HYBRID,"[0.00,0.05)",4.229958,1.0,2
227,SQL_FIRST,"[0.00,0.05)",4.194125,1.0,3
227,VECTOR_FIRST_HNSW,"[0.00,0.05)",22.87325,0.1,3
227,HNSW_HYBRID,"[0.00,0.05)",4.736208,1.0,3
227,IVFFLAT_HYBRID,"[0.00,0.05)",4.279458,1.0,3
227,SQL_FIRST,"[0.00,0.05)",4.279833,1.0,4
227,VECTOR_FIRST_HNSW,"[0.00,0.05)",22.913709,0.1,4
227,HNSW_HYBRID,"[0.00,0.05)",4.676167,1.0,4
227,IVFFLAT_HYBRID,"[0.00,0.05)",4.247167,1.0,4
228,SQL_FIRST,"[0.00,0.05)",8.540791,1.0,0
228,VECTOR_FIRST_HNSW,"[0.00,0.05)",23.153542,0.6,0
228,HNSW_HYBRID,"[0.00,0.05)",9.595875,1.0,0
228,IVFFLAT_HYBRID,"[0.00,0.05)",9.401709,1.0,0
228,SQL_FIRST,"[0.00,0.05)",8.794625,1.0,1
228,VECTOR_FIRST_HNSW,"[0.00,0.05)",22.9245,0.6,1
228,HNSW_HYBRID,"[0.00,0.05)",9.354834,1.0,1
228,IVFFLAT_HYBRID,"[0.00,0.05)",9.34425,1.0,1
228,SQL_FIRST,"[0.00,0.05)",9.373667,1.0,2
228,VECTOR_FIRST_HNSW,"[0.00,0.05)",23.122833,0.6,2
228,HNSW_HYBRID,"[0.00,0.05)",9.222125,1.0,2
228,IVFFLAT_HYBRID,"[0.00,0.05)",8.980708,1.0,2
228,SQL_FIRST,"[0.00,0.05)",9.168917,1.0,3
228,VECTOR_FIRST_HNSW,"[0.00,0.05)",23.323584,0.6,3
228,HNSW_HYBRID,"[0.00,0.05)",9.649708,1.0,3
228,IVFFLAT_HYBRID,"[0.00,0.05)",9.131917,1.0,3
228,SQL_FIRST,"[0.00,0.05)",9.283667,1.0,4
228,VECTOR_FIRST_HNSW,"[0.00,0.05)",22.924292,0.6,4
228,HNSW_HYBRID,"[0.00,0.05)",9.776833,1.0,4
228,IVFFLAT_HYBRID,"[0.00,0.05)",8.868875,1.0,4
229,SQL_FIRST,"[0.00,0.05)",5.468667,1.0,0
229,VECTOR_FIRST_HNSW,"[0.00,0.05)",25.543459,0.2,0
229,HNSW_HYBRID,"[0.00,0.05)",6.174667,1.0,0
229,IVFFLAT_HYBRID,"[0.00,0.05)",5.670625,1.0,0
229,SQL_FIRST,"[0.00,0.05)",5.6675,1.0,1
229,VECTOR_FIRST_HNSW,"[0.00,0.05)",22.883208,0.2,1
229,HNSW_HYBRID,"[0.00,0.05)",6.344333,1.0,1
229,IVFFLAT_HYBRID,"[0.00,0.05)",5.655083,1.0,1
229,SQL_FIRST,"[0.00,0.05)",5.624583,1.0,2
229,VECTOR_FIRST_HNSW,"[0.00,0.05)",23.073584,0.2,2
229,HNSW_HYBRID,"[0.00,0.05)",6.178458,1.0,2
229,IVFFLAT_HYBRID,"[0.00,0.05)",5.604209,1.0,2
229,SQL_FIRST,"[0.00,0.05)",5.592625,1.0,3
229,VECTOR_FIRST_HNSW,"[0.00,0.05)",22.876834,0.2,3
229,HNSW_HYBRID,"[0.00,0.05)",6.091541,1.0,3
229,IVFFLAT_HYBRID,"[0.00,0.05)",5.477708,1.0,3
229,SQL_FIRST,"[0.00,0.05)",5.485625,1.0,4
229,VECTOR_FIRST_HNSW,"[0.00,0.05)",22.945541,0.2,4
229,HNSW_HYBRID,"[0.00,0.05)",6.229291,1.0,4
229,IVFFLAT_HYBRID,"[0.00,0.05)",5.760625,1.0,4
230,SQL_FIRST,"[0.00,0.05)",9.668042,1.0,0
230,VECTOR_FIRST_HNSW,"[0.00,0.05)",23.048584,0.4,0
230,HNSW_HYBRID,"[0.00,0.05)",9.684,1.0,0
230,IVFFLAT_HYBRID,"[0.00,0.05)",9.352792,1.0,0
230,SQL_FIRST,"[0.00,0.05)",9.309584,1.0,1
230,VECTOR_FIRST_HNSW,"[0.00,0.05)",25.346417,0.4,1
230,HNSW_HYBRID,"[0.00,0.05)",9.804958,1.0,1
230,IVFFLAT_HYBRID,"[0.00,0.05)",9.142292,1.0,1
230,SQL_FIRST,"[0.00,0.05)",9.308,1.0,2
230,VECTOR_FIRST_HNSW,"[0.00,0.05)",22.899,0.4,2
230,HNSW_HYBRID,"[0.00,0.05)",9.986542,1.0,2
230,IVFFLAT_HYBRID,"[0.00,0.05)",9.397667,1.0,2
230,SQL_FIRST,"[0.00,0.05)",9.17575,1.0,3
230,VECTOR_FIRST_HNSW,"[0.00,0.05)",22.988875,0.4,3
230,HNSW_HYBRID,"[0.00,0.05)",9.673625,1.0,3
230,IVFFLAT_HYBRID,"[0.00,0.05)",9.775125,1.0,3
230,SQL_FIRST,"[0.00,0.05)",9.154833,1.0,4
230,VECTOR_FIRST_HNSW,"[0.00,0.05)",23.082209,0.4,4
230,HNSW_HYBRID,"[0.00,0.05)",9.936541,1.0,4
230,IVFFLAT_HYBRID,"[0.00,0.05)",9.3465,1.0,4
232,SQL_FIRST,"[0.00,0.05)",10.594875,1.0,0
232,VECTOR_FIRST_HNSW,"[0.00,0.05)",22.922042,0.2,0
232,HNSW_HYBRID,"[0.00,0.05)",11.025292,1.0,0
232,IVFFLAT_HYBRID,"[0.00,0.05)",10.801125,1.0,0
232,SQL_FIRST,"[0.00,0.05)",10.649125,1.0,1
232,VECTOR_FIRST_HNSW,"[0.00,0.05)",22.894375,0.2,1
232,HNSW_HYBRID,"[0.00,0.05)",10.9625,1.0,1
232,IVFFLAT_HYBRID,"[0.00,0.05)",10.317583,1.0,1
232,SQL_FIRST,"[0.00,0.05)",10.933417,1.0,2
232,VECTOR_FIRST_HNSW,"[0.00,0.05)",23.099709,0.2,2
232,HNSW_HYBRID,"[0.00,0.05)",11.0235,1.0,2
232,IVFFLAT_HYBRID,"[0.00,0.05)",10.5145,1.0,2
232,SQL_FIRST,"[0.00,0.05)",10.490666,1.0,3
232,VECTOR_FIRST_HNSW,"[0.00,0.05)",22.853167,0.2,3
232,HNSW_HYBRID,"[0.00,0.05)",11.346667,1.0,3
232,IVFFLAT_HYBRID,"[0.00,0.05)",10.689958,1.0,3
232,SQL_FIRST,"[0.00,0.05)",10.638333,1.0,4
232,VECTOR_FIRST_HNSW,"[0.00,0.05)",23.129083,0.2,4
232,HNSW_HYBRID,"[0.00,0.05)",11.281041,1.0,4
232,IVFFLAT_HYBRID,"[0.00,0.05)",10.951375,1.0,4
233,SQL_FIRST,"[0.00,0.05)",9.336209,1.0,0
233,VECTOR_FIRST_HNSW,"[0.00,0.05)",23.610958,0.4,0
233,HNSW_HYBRID,"[0.00,0.05)",9.652417,1.0,0
233,IVFFLAT_HYBRID,"[0.00,0.05)",9.420125,1.0,0
233,SQL_FIRST,"[0.00,0.05)",9.234708,1.0,1
233,VECTOR_FIRST_HNSW,"[0.00,0.05)",23.116041,0.4,1
233,HNSW_HYBRID,"[0.00,0.05)",9.714458,1.0,1
233,IVFFLAT_HYBRID,"[0.00,0.05)",8.984167,1.0,1
233,SQL_FIRST,"[0.00,0.05)",9.610708,1.0,2
233,VECTOR_FIRST_HNSW,"[0.00,0.05)",22.929542,0.4,2
233,HNSW_HYBRID,"[0.00,0.05)",9.890208,1.0,2
233,IVFFLAT_HYBRID,"[0.00,0.05)",10.330084,1.0,2
233,SQL_FIRST,"[0.00,0.05)",11.702541,1.0,3
233,VECTOR_FIRST_HNSW,"[0.00,0.05)",22.895958,0.4,3
233,HNSW_HYBRID,"[0.00,0.05)",9.587583,1.0,3
233,IVFFLAT_HYBRID,"[0.00,0.05)",9.756,1.0,3
233,SQL_FIRST,"[0.00,0.05)",9.29175,1.0,4
233,VECTOR_FIRST_HNSW,"[0.00,0.05)",22.986917,0.4,4
233,HNSW_HYBRID,"[0.00,0.05)",9.65975,1.0,4
233,IVFFLAT_HYBRID,"[0.00,0.05)",9.199458,1.0,4
234,SQL_FIRST,"[0.00,0.05)",8.83775,1.0,0
234,VECTOR_FIRST_HNSW,"[0.00,0.05)",22.914708,0.6,0
234,HNSW_HYBRID,"[0.00,0.05)",9.125125,1.0,0
234,IVFFLAT_HYBRID,"[0.00,0.05)",8.391333,1.0,0
234,SQL_FIRST,"[0.00,0.05)",9.046916,1.0,1
234,VECTOR_FIRST_HNSW,"[0.00,0.05)",23.446792,0.6,1
234,HNSW_HYBRID,"[0.00,0.05)",9.643833,1.0,1
234,IVFFLAT_HYBRID,"[0.00,0.05)",8.749875,1.0,1
234,SQL_FIRST,"[0.00,0.05)",8.798,1.0,2
234,VECTOR_FIRST_HNSW,"[0.00,0.05)",23.018292,0.6,2
234,HNSW_HYBRID,"[0.00,0.05)",9.075334,1.0,2
234,IVFFLAT_HYBRID,"[0.00,0.05)",9.518459,1.0,2
234,SQL_FIRST,"[0.00,0.05)",9.365917,1.0,3
234,VECTOR_FIRST_HNSW,"[0.00,0.05)",23.157208,0.6,3
234,HNSW_HYBRID,"[0.00,0.05)",9.074792,1.0,3
234,IVFFLAT_HYBRID,"[0.00,0.05)",8.790792,1.0,3
234,SQL_FIRST,"[0.00,0.05)",8.862667,1.0,4
234,VECTOR_FIRST_HNSW,"[0.00,0.05)",23.463333,0.6,4
234,HNSW_HYBRID,"[0.00,0.05)",8.989542,1.0,4
234,IVFFLAT_HYBRID,"[0.00,0.05)",9.010083,1.0,4
236,SQL_FIRST,"[0.00,0.05)",7.403958,1.0,0
236,VECTOR_FIRST_HNSW,"[0.00,0.05)",22.923208,0.3,0
236,HNSW_HYBRID,"[0.00,0.05)",8.285333,1.0,0
236,IVFFLAT_HYBRID,"[0.00,0.05)",7.955417,1.0,0
236,SQL_FIRST,"[0.00,0.05)",7.60225,1.0,1
236,VECTOR_FIRST_HNSW,"[0.00,0.05)",22.846792,0.3,1
236,HNSW_HYBRID,"[0.00,0.05)",8.243208,1.0,1
236,IVFFLAT_HYBRID,"[0.00,0.05)",7.787167,1.0,1
236,SQL_FIRST,"[0.00,0.05)",7.654958,1.0,2
236,VECTOR_FIRST_HNSW,"[0.00,0.05)",23.151875,0.3,2
236,HNSW_HYBRID,"[0.00,0.05)",8.265875,1.0,2
236,IVFFLAT_HYBRID,"[0.00,0.05)",7.652542,1.0,2
236,SQL_FIRST,"[0.00,0.05)",7.755541,1.0,3
236,VECTOR_FIRST_HNSW,"[0.00,0.05)",22.866625,0.3,3
236,HNSW_HYBRID,"[0.00,0.05)",8.311542,1.0,3
236,IVFFLAT_HYBRID,"[0.00,0.05)",7.412209,1.0,3
236,SQL_FIRST,"[0.00,0.05)",7.421833,1.0,4
236,VECTOR_FIRST_HNSW,"[0.00,0.05)",22.876292,0.3,4
236,HNSW_HYBRID,"[0.00,0.05)",8.380666,1.0,4
236,IVFFLAT_HYBRID,"[0.00,0.05)",7.793958,1.0,4
237,SQL_FIRST,"[0.00,0.05)",3.696292,1.0,0
237,VECTOR_FIRST_HNSW,"[0.00,0.05)",22.943125,0.0,0
237,HNSW_HYBRID,"[0.00,0.05)",4.002417,1.0,0
237,IVFFLAT_HYBRID,"[0.00,0.05)",3.74525,1.0,0
237,SQL_FIRST,"[0.00,0.05)",3.639042,1.0,1
237,VECTOR_FIRST_HNSW,"[0.00,0.05)",22.734625,0.0,1
237,HNSW_HYBRID,"[0.00,0.05)",4.119625,1.0,1
237,IVFFLAT_HYBRID,"[0.00,0.05)",3.699708,1.0,1
237,SQL_FIRST,"[0.00,0.05)",3.643042,1.0,2
237,VECTOR_FIRST_HNSW,"[0.00,0.05)",23.35875,0.0,2
237,HNSW_HYBRID,"[0.00,0.05)",4.059125,1.0,2
237,IVFFLAT_HYBRID,"[0.00,0.05)",3.590542,1.0,2
237,SQL_FIRST,"[0.00,0.05)",3.666541,1.0,3
237,VECTOR_FIRST_HNSW,"[0.00,0.05)",25.347083,0.0,3
237,HNSW_HYBRID,"[0.00,0.05)",4.043459,1.0,3
237,IVFFLAT_HYBRID,"[0.00,0.05)",3.648083,1.0,3
237,SQL_FIRST,"[0.00,0.05)",3.713125,1.0,4
237,VECTOR_FIRST_HNSW,"[0.00,0.05)",23.362458,0.0,4
237,HNSW_HYBRID,"[0.00,0.05)",4.152792,1.0,4
237,IVFFLAT_HYBRID,"[0.00,0.05)",3.791916,1.0,4
238,SQL_FIRST,"[0.00,0.05)",9.7295,1.0,0
238,VECTOR_FIRST_HNSW,"[0.00,0.05)",23.048625,0.5,0
238,HNSW_HYBRID,"[0.00,0.05)",9.896208,1.0,0
238,IVFFLAT_HYBRID,"[0.00,0.05)",9.7975,1.0,0
238,SQL_FIRST,"[0.00,0.05)",9.801833,1.0,1
238,VECTOR_FIRST_HNSW,"[0.00,0.05)",23.03225,0.5,1
238,HNSW_HYBRID,"[0.00,0.05)",9.812084,1.0,1
238,IVFFLAT_HYBRID,"[0.00,0.05)",9.506125,1.0,1
238,SQL_FIRST,"[0.00,0.05)",9.689875,1.0,2
238,VECTOR_FIRST_HNSW,"[0.00,0.05)",23.432125,0.5,2
238,HNSW_HYBRID,"[0.00,0.05)",9.977583,1.0,2
238,IVFFLAT_HYBRID,"[0.00,0.05)",9.568416,1.0,2
238,SQL_FIRST,"[0.00,0.05)",9.805167,1.0,3
238,VECTOR_FIRST_HNSW,"[0.00,0.05)",23.11925,0.5,3
238,HNSW_HYBRID,"[0.00,0.05)",9.737042,1.0,3
238,IVFFLAT_HYBRID,"[0.00,0.05)",9.660792,1.0,3
238,SQL_FIRST,"[0.00,0.05)",9.582,1.0,4
238,VECTOR_FIRST_HNSW,"[0.00,0.05)",23.02425,0.5,4
238,HNSW_HYBRID,"[0.00,0.05)",9.838708,1.0,4
238,IVFFLAT_HYBRID,"[0.00,0.05)",9.83925,1.0,4
240,SQL_FIRST,"[0.00,0.05)",1.38,1.0,0
240,VECTOR_FIRST_HNSW,"[0.00,0.05)",24.675541,0.0,0
240,HNSW_HYBRID,"[0.00,0.05)",1.576625,1.0,0
240,IVFFLAT_HYBRID,"[0.00,0.05)",1.382958,1.0,0
240,SQL_FIRST,"[0.00,0.05)",1.326792,1.0,1
240,VECTOR_FIRST_HNSW,"[0.00,0.05)",23.233542,0.0,1
240,HNSW_HYBRID,"[0.00,0.05)",1.450958,1.0,1
240,IVFFLAT_HYBRID,"[0.00,0.05)",1.212375,1.0,1
240,SQL_FIRST,"[0.00,0.05)",1.251083,1.0,2
240,VECTOR_FIRST_HNSW,"[0.00,0.05)",23.263291,0.0,2
240,HNSW_HYBRID,"[0.00,0.05)",1.508917,1.0,2
240,IVFFLAT_HYBRID,"[0.00,0.05)",1.3135,1.0,2
240,SQL_FIRST,"[0.00,0.05)",1.285334,1.0,3
240,VECTOR_FIRST_HNSW,"[0.00,0.05)",22.906708,0.0,3
240,HNSW_HYBRID,"[0.00,0.05)",1.537792,1.0,3
240,IVFFLAT_HYBRID,"[0.00,0.05)",1.234875,1.0,3
240,SQL_FIRST,"[0.00,0.05)",1.34575,1.0,4
240,VECTOR_FIRST_HNSW,"[0.00,0.05)",23.163042,0.0,4
240,HNSW_HYBRID,"[0.00,0.05)",1.462625,1.0,4
240,IVFFLAT_HYBRID,"[0.00,0.05)",1.268292,1.0,4
243,SQL_FIRST,"[0.00,0.05)",9.478333,1.0,0
243,VECTOR_FIRST_HNSW,"[0.00,0.05)",22.956375,0.3,0
243,HNSW_HYBRID,"[0.00,0.05)",9.66975,1.0,0
243,IVFFLAT_HYBRID,"[0.00,0.05)",9.303375,1.0,0
243,SQL_FIRST,"[0.00,0.05)",9.090583,1.0,1
243,VECTOR_FIRST_HNSW,"[0.00,0.05)",22.988333,0.3,1
243,HNSW_HYBRID,"[0.00,0.05)",9.882292,1.0,1
243,IVFFLAT_HYBRID,"[0.00,0.05)",9.415917,1.0,1
243,SQL_FIRST,"[0.00,0.05)",9.374833,1.0,2
243,VECTOR_FIRST_HNSW,"[0.00,0.05)",23.212792,0.3,2
243,HNSW_HYBRID,"[0.00,0.05)",9.902042,1.0,2
243,IVFFLAT_HYBRID,"[0.00,0.05)",9.216,1.0,2
243,SQL_FIRST,"[0.00,0.05)",9.76275,1.0,3
243,VECTOR_FIRST_HNSW,"[0.00,0.05)",22.840041,0.3,3
243,HNSW_HYBRID,"[0.00,0.05)",9.968084,1.0,3
243,IVFFLAT_HYBRID,"[0.00,0.05)",9.46475,1.0,3
243,SQL_FIRST,"[0.00,0.05)",9.421958,1.0,4
243,VECTOR_FIRST_HNSW,"[0.00,0.05)",22.961625,0.3,4
243,HNSW_HYBRID,"[0.00,0.05)",9.645834,1.0,4
243,IVFFLAT_HYBRID,"[0.00,0.05)",9.616875,1.0,4
254,SQL_FIRST,"[0.00,0.05)",5.669,1.0,0
254,VECTOR_FIRST_HNSW,"[0.00,0.05)",22.744416,0.1,0
254,HNSW_HYBRID,"[0.00,0.05)",6.575958,1.0,0
254,IVFFLAT_HYBRID,"[0.00,0.05)",5.919958,1.0,0
254,SQL_FIRST,"[0.00,0.05)",5.650083,1.0,1
254,VECTOR_FIRST_HNSW,"[0.00,0.05)",23.032417,0.1,1
254,HNSW_HYBRID,"[0.00,0.05)",6.192792,1.0,1
254,IVFFLAT_HYBRID,"[0.00,0.05)",5.589958,1.0,1
254,SQL_FIRST,"[0.00,0.05)",5.877542,1.0,2
254,VECTOR_FIRST_HNSW,"[0.00,0.05)",23.301209,0.1,2
254,HNSW_HYBRID,"[0.00,0.05)",6.592125,1.0,2
254,IVFFLAT_HYBRID,"[0.00,0.05)",5.796875,1.0,2
254,SQL_FIRST,"[0.00,0.05)",5.571959,1.0,3
254,VECTOR_FIRST_HNSW,"[0.00,0.05)",23.403875,0.1,3
254,HNSW_HYBRID,"[0.00,0.05)",6.373375,1.0,3
254,IVFFLAT_HYBRID,"[0.00,0.05)",5.644459,1.0,3
254,SQL_FIRST,"[0.00,0.05)",5.658291,1.0,4
254,VECTOR_FIRST_HNSW,"[0.00,0.05)",23.885125,0.1,4
254,HNSW_HYBRID,"[0.00,0.05)",6.2505,1.0,4
254,IVFFLAT_HYBRID,"[0.00,0.05)",5.651625,1.0,4
255,SQL_FIRST,"[0.00,0.05)",8.122,1.0,0
255,VECTOR_FIRST_HNSW,"[0.00,0.05)",23.61525,0.2,0
255,HNSW_HYBRID,"[0.00,0.05)",8.898458,1.0,0
255,IVFFLAT_HYBRID,"[0.00,0.05)",8.673167,1.0,0
255,SQL_FIRST,"[0.00,0.05)",9.230584,1.0,1
255,VECTOR_FIRST_HNSW,"[0.00,0.05)",26.743,0.2,1
255,HNSW_HYBRID,"[0.00,0.05)",8.852125,1.0,1
255,IVFFLAT_HYBRID,"[0.00,0.05)",8.131208,1.0,1
255,SQL_FIRST,"[0.00,0.05)",8.196416,1.0,2
255,VECTOR_FIRST_HNSW,"[0.00,0.05)",22.815291,0.2,2
255,HNSW_HYBRID,"[0.00,0.05)",8.748833,1.0,2
255,IVFFLAT_HYBRID,"[0.00,0.05)",7.937625,1.0,2
255,SQL_FIRST,"[0.00,0.05)",8.313917,1.0,3
255,VECTOR_FIRST_HNSW,"[0.00,0.05)",22.91225,0.2,3
255,HNSW_HYBRID,"[0.00,0.05)",8.83275,1.0,3
255,IVFFLAT_HYBRID,"[0.00,0.05)",8.129208,1.0,3
255,SQL_FIRST,"[0.00,0.05)",8.111459,1.0,4
255,VECTOR_FIRST_HNSW,"[0.00,0.05)",22.74525,0.2,4
255,HNSW_HYBRID,"[0.00,0.05)",8.842417,1.0,4
255,IVFFLAT_HYBRID,"[0.00,0.05)",8.173625,1.0,4
257,SQL_FIRST,"[0.00,0.05)",9.3835,1.0,0
257,VECTOR_FIRST_HNSW,"[0.00,0.05)",23.937958,0.5,0
257,HNSW_HYBRID,"[0.00,0.05)",9.8055,1.0,0
257,IVFFLAT_HYBRID,"[0.00,0.05)",10.009375,1.0,0
257,SQL_FIRST,"[0.00,0.05)",9.582458,1.0,1
257,VECTOR_FIRST_HNSW,"[0.00,0.05)",23.562291,0.5,1
257,HNSW_HYBRID,"[0.00,0.05)",9.309083,1.0,1
257,IVFFLAT_HYBRID,"[0.00,0.05)",9.302375,1.0,1
257,SQL_FIRST,"[0.00,0.05)",9.2525,1.0,2
257,VECTOR_FIRST_HNSW,"[0.00,0.05)",22.960333,0.5,2
257,HNSW_HYBRID,"[0.00,0.05)",9.800375,1.0,2
257,IVFFLAT_HYBRID,"[0.00,0.05)",9.205833,1.0,2
257,SQL_FIRST,"[0.00,0.05)",8.933625,1.0,3
257,VECTOR_FIRST_HNSW,"[0.00,0.05)",22.980083,0.5,3
257,HNSW_HYBRID,"[0.00,0.05)",9.370125,1.0,3
257,IVFFLAT_HYBRID,"[0.00,0.05)",8.818625,1.0,3
257,SQL_FIRST,"[0.00,0.05)",9.257875,1.0,4
257,VECTOR_FIRST_HNSW,"[0.00,0.05)",22.928125,0.5,4
257,HNSW_HYBRID,"[0.00,0.05)",9.439291,1.0,4
257,IVFFLAT_HYBRID,"[0.00,0.05)",9.1985,1.0,4
258,SQL_FIRST,"[0.00,0.05)",10.0925,1.0,0
258,VECTOR_FIRST_HNSW,"[0.00,0.05)",23.187875,0.2,0
258,HNSW_HYBRID,"[0.00,0.05)",24.055334,1.0,0
258,IVFFLAT_HYBRID,"[0.00,0.05)",27.364916,1.0,0
258,SQL_FIRST,"[0.00,0.05)",25.921125,1.0,1
258,VECTOR_FIRST_HNSW,"[0.00,0.05)",38.29175,0.2,1
258,HNSW_HYBRID,"[0.00,0.05)",11.649208,1.0,1
258,IVFFLAT_HYBRID,"[0.00,0.05)",11.42375,1.0,1
258,SQL_FIRST,"[0.00,0.05)",11.296834,1.0,2
258,VECTOR_FIRST_HNSW,"[0.00,0.05)",22.923458,0.2,2
258,HNSW_HYBRID,"[0.00,0.05)",10.475667,1.0,2
258,IVFFLAT_HYBRID,"[0.00,0.05)",10.628291,1.0,2
258,SQL_FIRST,"[0.00,0.05)",10.674292,1.0,3
258,VECTOR_FIRST_HNSW,"[0.00,0.05)",22.985791,0.2,3
258,HNSW_HYBRID,"[0.00,0.05)",10.370542,1.0,3
258,IVFFLAT_HYBRID,"[0.00,0.05)",10.036541,1.0,3
258,SQL_FIRST,"[0.00,0.05)",10.779541,1.0,4
258,VECTOR_FIRST_HNSW,"[0.00,0.05)",23.476791,0.2,4
258,HNSW_HYBRID,"[0.00,0.05)",12.183875,1.0,4
258,IVFFLAT_HYBRID,"[0.00,0.05)",10.290917,1.0,4
259,SQL_FIRST,"[0.00,0.05)",9.789875,1.0,0
259,VECTOR_FIRST_HNSW,"[0.00,0.05)",23.143416,0.3,0
259,HNSW_HYBRID,"[0.00,0.05)",10.298084,1.0,0
259,IVFFLAT_HYBRID,"[0.00,0.05)",9.633125,1.0,0
259,SQL_FIRST,"[0.00,0.05)",10.001167,1.0,1
259,VECTOR_FIRST_HNSW,"[0.00,0.05)",22.9575,0.3,1
259,HNSW_HYBRID,"[0.00,0.05)",10.333166,1.0,1
259,IVFFLAT_HYBRID,"[0.00,0.05)",9.676583,1.0,1
259,SQL_FIRST,"[0.00,0.05)",9.602333,1.0,2
259,VECTOR_FIRST_HNSW,"[0.00,0.05)",23.017708,0.3,2
259,HNSW_HYBRID,"[0.00,0.05)",10.253083,1.0,2
259,IVFFLAT_HYBRID,"[0.00,0.05)",10.047833,1.0,2
259,SQL_FIRST,"[0.00,0.05)",9.614083,1.0,3
259,VECTOR_FIRST_HNSW,"[0.00,0.05)",22.973958,0.3,3
259,HNSW_HYBRID,"[0.00,0.05)",10.089708,1.0,3
259,IVFFLAT_HYBRID,"[0.00,0.05)",9.799125,1.0,3
259,SQL_FIRST,"[0.00,0.05)",10.104125,1.0,4
259,VECTOR_FIRST_HNSW,"[0.00,0.05)",22.830125,0.3,4
259,HNSW_HYBRID,"[0.00,0.05)",10.327875,1.0,4
259,IVFFLAT_HYBRID,"[0.00,0.05)",9.744,1.0,4
260,SQL_FIRST,"[0.00,0.05)",8.894125,1.0,0
260,VECTOR_FIRST_HNSW,"[0.00,0.05)",23.650834,0.2,0
260,HNSW_HYBRID,"[0.00,0.05)",9.408292,1.0,0
260,IVFFLAT_HYBRID,"[0.00,0.05)",8.85325,1.0,0
260,SQL_FIRST,"[0.00,0.05)",8.655,1.0,1
260,VECTOR_FIRST_HNSW,"[0.00,0.05)",22.952333,0.2,1
260,HNSW_HYBRID,"[0.00,0.05)",9.430625,1.0,1
260,IVFFLAT_HYBRID,"[0.00,0.05)",9.503917,1.0,1
260,SQL_FIRST,"[0.00,0.05)",9.312959,1.0,2
260,VECTOR_FIRST_HNSW,"[0.00,0.05)",23.080417,0.2,2
260,HNSW_HYBRID,"[0.00,0.05)",9.264583,1.0,2
260,IVFFLAT_HYBRID,"[0.00,0.05)",8.836792,1.0,2
260,SQL_FIRST,"[0.00,0.05)",8.813334,1.0,3
260,VECTOR_FIRST_HNSW,"[0.00,0.05)",23.143459,0.2,3
260,HNSW_HYBRID,"[0.00,0.05)",9.0615,1.0,3
260,IVFFLAT_HYBRID,"[0.00,0.05)",9.007042,1.0,3
260,SQL_FIRST,"[0.00,0.05)",8.433208,1.0,4
260,VECTOR_FIRST_HNSW,"[0.00,0.05)",23.076916,0.2,4
260,HNSW_HYBRID,"[0.00,0.05)",9.220084,1.0,4
260,IVFFLAT_HYBRID,"[0.00,0.05)",8.796125,1.0,4
262,SQL_FIRST,"[0.00,0.05)",7.024666,1.0,0
262,VECTOR_FIRST_HNSW,"[0.00,0.05)",22.847917,0.1,0
262,HNSW_HYBRID,"[0.00,0.05)",7.876875,1.0,0
262,IVFFLAT_HYBRID,"[0.00,0.05)",7.356958,1.0,0
262,SQL_FIRST,"[0.00,0.05)",7.188292,1.0,1
262,VECTOR_FIRST_HNSW,"[0.00,0.05)",23.101375,0.1,1
262,HNSW_HYBRID,"[0.00,0.05)",7.862375,1.0,1
262,IVFFLAT_HYBRID,"[0.00,0.05)",7.367458,1.0,1
262,SQL_FIRST,"[0.00,0.05)",7.411667,1.0,2
262,VECTOR_FIRST_HNSW,"[0.00,0.05)",22.957042,0.1,2
262,HNSW_HYBRID,"[0.00,0.05)",8.007958,1.0,2
262,IVFFLAT_HYBRID,"[0.00,0.05)",7.175833,1.0,2
262,SQL_FIRST,"[0.00,0.05)",7.159458,1.0,3
262,VECTOR_FIRST_HNSW,"[0.00,0.05)",27.901834,0.1,3
262,HNSW_HYBRID,"[0.00,0.05)",8.196917,1.0,3
262,IVFFLAT_HYBRID,"[0.00,0.05)",8.150375,1.0,3
262,SQL_FIRST,"[0.00,0.05)",7.550375,1.0,4
262,VECTOR_FIRST_HNSW,"[0.00,0.05)",22.866875,0.1,4
262,HNSW_HYBRID,"[0.00,0.05)",8.141875,1.0,4
262,IVFFLAT_HYBRID,"[0.00,0.05)",7.574334,1.0,4
265,SQL_FIRST,"[0.00,0.05)",9.18675,1.0,0
265,VECTOR_FIRST_HNSW,"[0.00,0.05)",23.482333,0.2,0
265,HNSW_HYBRID,"[0.00,0.05)",9.402541,1.0,0
265,IVFFLAT_HYBRID,"[0.00,0.05)",9.284084,1.0,0
265,SQL_FIRST,"[0.00,0.05)",8.927208,1.0,1
265,VECTOR_FIRST_HNSW,"[0.00,0.05)",23.061708,0.2,1
265,HNSW_HYBRID,"[0.00,0.05)",9.15625,1.0,1
265,IVFFLAT_HYBRID,"[0.00,0.05)",9.241708,1.0,1
265,SQL_FIRST,"[0.00,0.05)",9.276583,1.0,2
265,VECTOR_FIRST_HNSW,"[0.00,0.05)",23.165208,0.2,2
265,HNSW_HYBRID,"[0.00,0.05)",9.367792,1.0,2
265,IVFFLAT_HYBRID,"[0.00,0.05)",8.761416,1.0,2
265,SQL_FIRST,"[0.00,0.05)",8.865666,1.0,3
265,VECTOR_FIRST_HNSW,"[0.00,0.05)",22.911,0.2,3
265,HNSW_HYBRID,"[0.00,0.05)",9.128167,1.0,3
265,IVFFLAT_HYBRID,"[0.00,0.05)",8.549083,1.0,3
265,SQL_FIRST,"[0.00,0.05)",8.761959,1.0,4
265,VECTOR_FIRST_HNSW,"[0.00,0.05)",23.4985,0.2,4
265,HNSW_HYBRID,"[0.00,0.05)",9.935834,1.0,4
265,IVFFLAT_HYBRID,"[0.00,0.05)",8.778375,1.0,4
266,SQL_FIRST,"[0.00,0.05)",8.949667,1.0,0
266,VECTOR_FIRST_HNSW,"[0.00,0.05)",23.013458,0.3,0
266,HNSW_HYBRID,"[0.00,0.05)",9.618709,1.0,0
266,IVFFLAT_HYBRID,"[0.00,0.05)",9.490417,1.0,0
266,SQL_FIRST,"[0.00,0.05)",9.020041,1.0,1
266,VECTOR_FIRST_HNSW,"[0.00,0.05)",22.909375,0.3,1
266,HNSW_HYBRID,"[0.00,0.05)",9.575292,1.0,1
266,IVFFLAT_HYBRID,"[0.00,0.05)",9.01025,1.0,1
266,SQL_FIRST,"[0.00,0.05)",9.011459,1.0,2
266,VECTOR_FIRST_HNSW,"[0.00,0.05)",23.144084,0.3,2
266,HNSW_HYBRID,"[0.00,0.05)",9.329667,1.0,2
266,IVFFLAT_HYBRID,"[0.00,0.05)",9.379417,1.0,2
266,SQL_FIRST,"[0.00,0.05)",9.23275,1.0,3
266,VECTOR_FIRST_HNSW,"[0.00,0.05)",23.691375,0.3,3
266,HNSW_HYBRID,"[0.00,0.05)",9.634583,1.0,3
266,IVFFLAT_HYBRID,"[0.00,0.05)",9.073541,1.0,3
266,SQL_FIRST,"[0.00,0.05)",9.372083,1.0,4
266,VECTOR_FIRST_HNSW,"[0.00,0.05)",23.365875,0.3,4
266,HNSW_HYBRID,"[0.00,0.05)",10.186167,1.0,4
266,IVFFLAT_HYBRID,"[0.00,0.05)",9.716959,1.0,4
267,SQL_FIRST,"[0.00,0.05)",6.731416,1.0,0
267,VECTOR_FIRST_HNSW,"[0.00,0.05)",23.158166,0.0,0
267,HNSW_HYBRID,"[0.00,0.05)",6.913,1.0,0
267,IVFFLAT_HYBRID,"[0.00,0.05)",6.528167,1.0,0
267,SQL_FIRST,"[0.00,0.05)",6.148667,1.0,1
267,VECTOR_FIRST_HNSW,"[0.00,0.05)",22.9425,0.0,1
267,HNSW_HYBRID,"[0.00,0.05)",6.990583,1.0,1
267,IVFFLAT_HYBRID,"[0.00,0.05)",6.235667,1.0,1
267,SQL_FIRST,"[0.00,0.05)",6.195875,1.0,2
267,VECTOR_FIRST_HNSW,"[0.00,0.05)",22.967792,0.0,2
267,HNSW_HYBRID,"[0.00,0.05)",6.885875,1.0,2
267,IVFFLAT_HYBRID,"[0.00,0.05)",6.263833,1.0,2
267,SQL_FIRST,"[0.00,0.05)",6.252167,1.0,3
267,VECTOR_FIRST_HNSW,"[0.00,0.05)",22.878125,0.0,3
267,HNSW_HYBRID,"[0.00,0.05)",6.8855,1.0,3
267,IVFFLAT_HYBRID,"[0.00,0.05)",6.578125,1.0,3
267,SQL_FIRST,"[0.00,0.05)",6.383584,1.0,4
267,VECTOR_FIRST_HNSW,"[0.00,0.05)",22.951042,0.0,4
267,HNSW_HYBRID,"[0.00,0.05)",6.960958,1.0,4
267,IVFFLAT_HYBRID,"[0.00,0.05)",6.224875,1.0,4
268,SQL_FIRST,"[0.00,0.05)",6.336542,1.0,0
268,VECTOR_FIRST_HNSW,"[0.00,0.05)",22.856875,0.0,0
268,HNSW_HYBRID,"[0.00,0.05)",6.950625,1.0,0
268,IVFFLAT_HYBRID,"[0.00,0.05)",6.706875,1.0,0
268,SQL_FIRST,"[0.00,0.05)",6.514667,1.0,1
268,VECTOR_FIRST_HNSW,"[0.00,0.05)",22.9295,0.0,1
268,HNSW_HYBRID,"[0.00,0.05)",7.04775,1.0,1
268,IVFFLAT_HYBRID,"[0.00,0.05)",6.376583,1.0,1
268,SQL_FIRST,"[0.00,0.05)",6.3705,1.0,2
268,VECTOR_FIRST_HNSW,"[0.00,0.05)",22.843208,0.0,2
268,HNSW_HYBRID,"[0.00,0.05)",7.049,1.0,2
268,IVFFLAT_HYBRID,"[0.00,0.05)",6.759667,1.0,2
268,SQL_FIRST,"[0.00,0.05)",6.79025,1.0,3
268,VECTOR_FIRST_HNSW,"[0.00,0.05)",23.533875,0.0,3
268,HNSW_HYBRID,"[0.00,0.05)",6.984959,1.0,3
268,IVFFLAT_HYBRID,"[0.00,0.05)",6.653208,1.0,3
268,SQL_FIRST,"[0.00,0.05)",6.802125,1.0,4
268,VECTOR_FIRST_HNSW,"[0.00,0.05)",23.37025,0.0,4
268,HNSW_HYBRID,"[0.00,0.05)",7.04225,1.0,4
268,IVFFLAT_HYBRID,"[0.00,0.05)",6.970375,1.0,4
272,SQL_FIRST,"[0.00,0.05)",6.47225,1.0,0
272,VECTOR_FIRST_HNSW,"[0.00,0.05)",23.443542,0.2,0
272,HNSW_HYBRID,"[0.00,0.05)",6.819708,1.0,0
272,IVFFLAT_HYBRID,"[0.00,0.05)",6.271583,1.0,0
272,SQL_FIRST,"[0.00,0.05)",6.06425,1.0,1
272,VECTOR_FIRST_HNSW,"[0.00,0.05)",23.091083,0.2,1
272,HNSW_HYBRID,"[0.00,0.05)",6.750833,1.0,1
272,IVFFLAT_HYBRID,"[0.00,0.05)",6.160667,1.0,1
272,SQL_FIRST,"[0.00,0.05)",5.998875,1.0,2
272,VECTOR_FIRST_HNSW,"[0.00,0.05)",22.835875,0.2,2
272,HNSW_HYBRID,"[0.00,0.05)",6.840083,1.0,2
272,IVFFLAT_HYBRID,"[0.00,0.05)",6.098666,1.0,2
272,SQL_FIRST,"[0.00,0.05)",6.18075,1.0,3
272,VECTOR_FIRST_HNSW,"[0.00,0.05)",22.816208,0.2,3
272,HNSW_HYBRID,"[0.00,0.05)",6.635833,1.0,3
272,IVFFLAT_HYBRID,"[0.00,0.05)",6.347459,1.0,3
272,SQL_FIRST,"[0.00,0.05)",6.119125,1.0,4
272,VECTOR_FIRST_HNSW,"[0.00,0.05)",22.9825,0.2,4
272,HNSW_HYBRID,"[0.00,0.05)",6.88125,1.0,4
272,IVFFLAT_HYBRID,"[0.00,0.05)",6.044958,1.0,4
275,SQL_FIRST,"[0.00,0.05)",9.2985,1.0,0
275,VECTOR_FIRST_HNSW,"[0.00,0.05)",22.837625,0.3,0
275,HNSW_HYBRID,"[0.00,0.05)",9.464334,1.0,0
275,IVFFLAT_HYBRID,"[0.00,0.05)",9.468458,1.0,0
275,SQL_FIRST,"[0.00,0.05)",9.36975,1.0,1
275,VECTOR_FIRST_HNSW,"[0.00,0.05)",22.961833,0.3,1
275,HNSW_HYBRID,"[0.00,0.05)",9.51525,1.0,1
275,IVFFLAT_HYBRID,"[0.00,0.05)",9.757083,1.0,1
275,SQL_FIRST,"[0.00,0.05)",9.532,1.0,2
275,VECTOR_FIRST_HNSW,"[0.00,0.05)",23.336583,0.3,2
275,HNSW_HYBRID,"[0.00,0.05)",9.625667,1.0,2
275,IVFFLAT_HYBRID,"[0.00,0.05)",9.117417,1.0,2
275,SQL_FIRST,"[0.00,0.05)",9.420041,1.0,3
275,VECTOR_FIRST_HNSW,"[0.00,0.05)",23.726125,0.3,3
275,HNSW_HYBRID,"[0.00,0.05)",10.071541,1.0,3
275,IVFFLAT_HYBRID,"[0.00,0.05)",9.265417,1.0,3
275,SQL_FIRST,"[0.00,0.05)",9.652875,1.0,4
275,VECTOR_FIRST_HNSW,"[0.00,0.05)",23.166042,0.3,4
275,HNSW_HYBRID,"[0.00,0.05)",9.610125,1.0,4
275,IVFFLAT_HYBRID,"[0.00,0.05)",10.007458,1.0,4
277,SQL_FIRST,"[0.00,0.05)",3.775042,1.0,0
277,VECTOR_FIRST_HNSW,"[0.00,0.05)",22.869958,0.0,0
277,HNSW_HYBRID,"[0.00,0.05)",4.132,1.0,0
277,IVFFLAT_HYBRID,"[0.00,0.05)",3.7615,1.0,0
277,SQL_FIRST,"[0.00,0.05)",3.73575,1.0,1
277,VECTOR_FIRST_HNSW,"[0.00,0.05)",22.682958,0.0,1
277,HNSW_HYBRID,"[0.00,0.05)",4.108,1.0,1
277,IVFFLAT_HYBRID,"[0.00,0.05)",3.802167,1.0,1
277,SQL_FIRST,"[0.00,0.05)",3.784834,1.0,2
277,VECTOR_FIRST_HNSW,"[0.00,0.05)",22.966041,0.0,2
277,HNSW_HYBRID,"[0.00,0.05)",4.055,1.0,2
277,IVFFLAT_HYBRID,"[0.00,0.05)",3.732083,1.0,2
277,SQL_FIRST,"[0.00,0.05)",3.804,1.0,3
277,VECTOR_FIRST_HNSW,"[0.00,0.05)",22.786708,0.0,3
277,HNSW_HYBRID,"[0.00,0.05)",4.103208,1.0,3
277,IVFFLAT_HYBRID,"[0.00,0.05)",3.834292,1.0,3
277,SQL_FIRST,"[0.00,0.05)",3.741209,1.0,4
277,VECTOR_FIRST_HNSW,"[0.00,0.05)",22.876709,0.0,4
277,HNSW_HYBRID,"[0.00,0.05)",4.071584,1.0,4
277,IVFFLAT_HYBRID,"[0.00,0.05)",3.792833,1.0,4
281,SQL_FIRST,"[0.00,0.05)",9.3015,1.0,0
281,VECTOR_FIRST_HNSW,"[0.00,0.05)",22.860958,0.2,0
281,HNSW_HYBRID,"[0.00,0.05)",10.134375,1.0,0
281,IVFFLAT_HYBRID,"[0.00,0.05)",9.345791,1.0,0
281,SQL_FIRST,"[0.00,0.05)",9.6275,1.0,1
281,VECTOR_FIRST_HNSW,"[0.00,0.05)",22.779708,0.2,1
281,HNSW_HYBRID,"[0.00,0.05)",10.015042,1.0,1
281,IVFFLAT_HYBRID,"[0.00,0.05)",9.392708,1.0,1
281,SQL_FIRST,"[0.00,0.05)",9.896458,1.0,2
281,VECTOR_FIRST_HNSW,"[0.00,0.05)",23.218458,0.2,2
281,HNSW_HYBRID,"[0.00,0.05)",9.822542,1.0,2
281,IVFFLAT_HYBRID,"[0.00,0.05)",9.204833,1.0,2
281,SQL_FIRST,"[0.00,0.05)",9.2855,1.0,3
281,VECTOR_FIRST_HNSW,"[0.00,0.05)",23.399792,0.2,3
281,HNSW_HYBRID,"[0.00,0.05)",10.161458,1.0,3
281,IVFFLAT_HYBRID,"[0.00,0.05)",10.001042,1.0,3
281,SQL_FIRST,"[0.00,0.05)",9.279916,1.0,4
281,VECTOR_FIRST_HNSW,"[0.00,0.05)",22.945958,0.2,4
281,HNSW_HYBRID,"[0.00,0.05)",10.031709,1.0,4
281,IVFFLAT_HYBRID,"[0.00,0.05)",10.021959,1.0,4
282,SQL_FIRST,"[0.00,0.05)",9.581708,1.0,0
282,VECTOR_FIRST_HNSW,"[0.00,0.05)",22.87075,0.4,0
282,HNSW_HYBRID,"[0.00,0.05)",9.816792,1.0,0
282,IVFFLAT_HYBRID,"[0.00,0.05)",9.08475,1.0,0
282,SQL_FIRST,"[0.00,0.05)",9.124375,1.0,1
282,VECTOR_FIRST_HNSW,"[0.00,0.05)",24.083791,0.4,1
282,HNSW_HYBRID,"[0.00,0.05)",9.36425,1.0,1
282,IVFFLAT_HYBRID,"[0.00,0.05)",8.931167,1.0,1
282,SQL_FIRST,"[0.00,0.05)",9.094084,1.0,2
282,VECTOR_FIRST_HNSW,"[0.00,0.05)",22.930083,0.4,2
282,HNSW_HYBRID,"[0.00,0.05)",9.636125,1.0,2
282,IVFFLAT_HYBRID,"[0.00,0.05)",9.157834,1.0,2
282,SQL_FIRST,"[0.00,0.05)",8.947583,1.0,3
282,VECTOR_FIRST_HNSW,"[0.00,0.05)",23.050667,0.4,3
282,HNSW_HYBRID,"[0.00,0.05)",9.587667,1.0,3
282,IVFFLAT_HYBRID,"[0.00,0.05)",9.746667,1.0,3
282,SQL_FIRST,"[0.00,0.05)",9.157667,1.0,4
282,VECTOR_FIRST_HNSW,"[0.00,0.05)",22.866417,0.4,4
282,HNSW_HYBRID,"[0.00,0.05)",9.559791,1.0,4
282,IVFFLAT_HYBRID,"[0.00,0.05)",9.128083,1.0,4
284,SQL_FIRST,"[0.00,0.05)",8.862333,1.0,0
284,VECTOR_FIRST_HNSW,"[0.00,0.05)",23.625042,0.5,0
284,HNSW_HYBRID,"[0.00,0.05)",9.126292,1.0,0
284,IVFFLAT_HYBRID,"[0.00,0.05)",8.620458,1.0,0
284,SQL_FIRST,"[0.00,0.05)",9.193959,1.0,1
284,VECTOR_FIRST_HNSW,"[0.00,0.05)",22.945542,0.5,1
284,HNSW_HYBRID,"[0.00,0.05)",9.747625,1.0,1
284,IVFFLAT_HYBRID,"[0.00,0.05)",9.241292,1.0,1
284,SQL_FIRST,"[0.00,0.05)",9.048375,1.0,2
284,VECTOR_FIRST_HNSW,"[0.00,0.05)",22.957208,0.5,2
284,HNSW_HYBRID,"[0.00,0.05)",9.295,1.0,2
284,IVFFLAT_HYBRID,"[0.00,0.05)",9.271292,1.0,2
284,SQL_FIRST,"[0.00,0.05)",9.292917,1.0,3
284,VECTOR_FIRST_HNSW,"[0.00,0.05)",23.213292,0.5,3
284,HNSW_HYBRID,"[0.00,0.05)",8.99975,1.0,3
284,IVFFLAT_HYBRID,"[0.00,0.05)",8.835458,1.0,3
284,SQL_FIRST,"[0.00,0.05)",8.801,1.0,4
284,VECTOR_FIRST_HNSW,"[0.00,0.05)",23.043625,0.5,4
284,HNSW_HYBRID,"[0.00,0.05)",8.987625,1.0,4
284,IVFFLAT_HYBRID,"[0.00,0.05)",9.111042,1.0,4
287,SQL_FIRST,"[0.00,0.05)",1.55925,1.0,0
287,VECTOR_FIRST_HNSW,"[0.00,0.05)",22.726125,0.0,0
287,HNSW_HYBRID,"[0.00,0.05)",1.914167,1.0,0
287,IVFFLAT_HYBRID,"[0.00,0.05)",1.5635,1.0,0
287,SQL_FIRST,"[0.00,0.05)",1.622458,1.0,1
287,VECTOR_FIRST_HNSW,"[0.00,0.05)",22.828666,0.0,1
287,HNSW_HYBRID,"[0.00,0.05)",1.960583,1.0,1
287,IVFFLAT_HYBRID,"[0.00,0.05)",1.547416,1.0,1
287,SQL_FIRST,"[0.00,0.05)",1.544708,1.0,2
287,VECTOR_FIRST_HNSW,"[0.00,0.05)",22.795125,0.0,2
287,HNSW_HYBRID,"[0.00,0.05)",1.890125,1.0,2
287,IVFFLAT_HYBRID,"[0.00,0.05)",1.53475,1.0,2
287,SQL_FIRST,"[0.00,0.05)",1.52025,1.0,3
287,VECTOR_FIRST_HNSW,"[0.00,0.05)",22.863209,0.0,3
287,HNSW_HYBRID,"[0.00,0.05)",1.933458,1.0,3
287,IVFFLAT_HYBRID,"[0.00,0.05)",1.536459,1.0,3
287,SQL_FIRST,"[0.00,0.05)",1.512791,1.0,4
287,VECTOR_FIRST_HNSW,"[0.00,0.05)",22.784375,0.0,4
287,HNSW_HYBRID,"[0.00,0.05)",1.901,1.0,4
287,IVFFLAT_HYBRID,"[0.00,0.05)",1.543083,1.0,4
294,SQL_FIRST,"[0.00,0.05)",8.713417,1.0,0
294,VECTOR_FIRST_HNSW,"[0.00,0.05)",22.863208,0.3,0
294,HNSW_HYBRID,"[0.00,0.05)",9.022166,1.0,0
294,IVFFLAT_HYBRID,"[0.00,0.05)",8.749375,1.0,0
294,SQL_FIRST,"[0.00,0.05)",8.700917,1.0,1
294,VECTOR_FIRST_HNSW,"[0.00,0.05)",23.322417,0.3,1
294,HNSW_HYBRID,"[0.00,0.05)",9.103958,1.0,1
294,IVFFLAT_HYBRID,"[0.00,0.05)",8.893291,1.0,1
294,SQL_FIRST,"[0.00,0.05)",8.813042,1.0,2
294,VECTOR_FIRST_HNSW,"[0.00,0.05)",23.301875,0.3,2
294,HNSW_HYBRID,"[0.00,0.05)",9.173541,1.0,2
294,IVFFLAT_HYBRID,"[0.00,0.05)",9.176459,1.0,2
294,SQL_FIRST,"[0.00,0.05)",8.773625,1.0,3
294,VECTOR_FIRST_HNSW,"[0.00,0.05)",22.975292,0.3,3
294,HNSW_HYBRID,"[0.00,0.05)",9.178917,1.0,3
294,IVFFLAT_HYBRID,"[0.00,0.05)",9.35175,1.0,3
294,SQL_FIRST,"[0.00,0.05)",9.303375,1.0,4
294,VECTOR_FIRST_HNSW,"[0.00,0.05)",22.93075,0.3,4
294,HNSW_HYBRID,"[0.00,0.05)",9.267708,1.0,4
294,IVFFLAT_HYBRID,"[0.00,0.05)",8.786709,1.0,4
295,SQL_FIRST,"[0.00,0.05)",9.4125,1.0,0
295,VECTOR_FIRST_HNSW,"[0.00,0.05)",23.0555,0.4,0
295,HNSW_HYBRID,"[0.00,0.05)",9.634667,1.0,0
295,IVFFLAT_HYBRID,"[0.00,0.05)",9.250416,1.0,0
295,SQL_FIRST,"[0.00,0.05)",9.352042,1.0,1
295,VECTOR_FIRST_HNSW,"[0.00,0.05)",22.969417,0.4,1
295,HNSW_HYBRID,"[0.00,0.05)",9.695334,1.0,1
295,IVFFLAT_HYBRID,"[0.00,0.05)",9.296042,1.0,1
295,SQL_FIRST,"[0.00,0.05)",8.93725,1.0,2
295,VECTOR_FIRST_HNSW,"[0.00,0.05)",22.921666,0.4,2
295,HNSW_HYBRID,"[0.00,0.05)",9.722959,1.0,2
295,IVFFLAT_HYBRID,"[0.00,0.05)",9.648334,1.0,2
295,SQL_FIRST,"[0.00,0.05)",9.277791,1.0,3
295,VECTOR_FIRST_HNSW,"[0.00,0.05)",22.927583,0.4,3
295,HNSW_HYBRID,"[0.00,0.05)",9.599167,1.0,3
295,IVFFLAT_HYBRID,"[0.00,0.05)",9.318791,1.0,3
295,SQL_FIRST,"[0.00,0.05)",10.348459,1.0,4
295,VECTOR_FIRST_HNSW,"[0.00,0.05)",23.14775,0.4,4
295,HNSW_HYBRID,"[0.00,0.05)",9.871875,1.0,4
295,IVFFLAT_HYBRID,"[0.00,0.05)",9.254166,1.0,4
296,SQL_FIRST,"[0.00,0.05)",9.25475,1.0,0
296,VECTOR_FIRST_HNSW,"[0.00,0.05)",23.7615,0.2,0
296,HNSW_HYBRID,"[0.00,0.05)",9.857041,1.0,0
296,IVFFLAT_HYBRID,"[0.00,0.05)",9.735916,1.0,0
296,SQL_FIRST,"[0.00,0.05)",9.734833,1.0,1
296,VECTOR_FIRST_HNSW,"[0.00,0.05)",23.18275,0.2,1
296,HNSW_HYBRID,"[0.00,0.05)",10.098458,1.0,1
296,IVFFLAT_HYBRID,"[0.00,0.05)",9.747792,1.0,1
296,SQL_FIRST,"[0.00,0.05)",9.427375,1.0,2
296,VECTOR_FIRST_HNSW,"[0.00,0.05)",22.883834,0.2,2
296,HNSW_HYBRID,"[0.00,0.05)",9.975333,1.0,2
296,IVFFLAT_HYBRID,"[0.00,0.05)",9.547708,1.0,2
296,SQL_FIRST,"[0.00,0.05)",9.762208,1.0,3
296,VECTOR_FIRST_HNSW,"[0.00,0.05)",22.812,0.2,3
296,HNSW_HYBRID,"[0.00,0.05)",9.990667,1.0,3
296,IVFFLAT_HYBRID,"[0.00,0.05)",9.405833,1.0,3
296,SQL_FIRST,"[0.00,0.05)",9.388792,1.0,4
296,VECTOR_FIRST_HNSW,"[0.00,0.05)",23.006,0.2,4
296,HNSW_HYBRID,"[0.00,0.05)",9.573125,1.0,4
296,IVFFLAT_HYBRID,"[0.00,0.05)",9.75225,1.0,4
298,SQL_FIRST,"[0.00,0.05)",8.44,1.0,0
298,VECTOR_FIRST_HNSW,"[0.00,0.05)",22.909667,0.2,0
298,HNSW_HYBRID,"[0.00,0.05)",9.663458,1.0,0
298,IVFFLAT_HYBRID,"[0.00,0.05)",8.563708,1.0,0
298,SQL_FIRST,"[0.00,0.05)",8.535625,1.0,1
298,VECTOR_FIRST_HNSW,"[0.00,0.05)",22.922,0.2,1
298,HNSW_HYBRID,"[0.00,0.05)",9.195292,1.0,1
298,IVFFLAT_HYBRID,"[0.00,0.05)",8.567458,1.0,1
298,SQL_FIRST,"[0.00,0.05)",8.8855,1.0,2
298,VECTOR_FIRST_HNSW,"[0.00,0.05)",22.844875,0.2,2
298,HNSW_HYBRID,"[0.00,0.05)",9.206542,1.0,2
298,IVFFLAT_HYBRID,"[0.00,0.05)",8.941041,1.0,2
298,SQL_FIRST,"[0.00,0.05)",9.05525,1.0,3
298,VECTOR_FIRST_HNSW,"[0.00,0.05)",23.420417,0.2,3
298,HNSW_HYBRID,"[0.00,0.05)",9.175917,1.0,3
298,IVFFLAT_HYBRID,"[0.00,0.05)",8.3815,1.0,3
298,SQL_FIRST,"[0.00,0.05)",8.704416,1.0,4
298,VECTOR_FIRST_HNSW,"[0.00,0.05)",23.284375,0.2,4
298,HNSW_HYBRID,"[0.00,0.05)",9.627041,1.0,4
298,IVFFLAT_HYBRID,"[0.00,0.05)",9.116708,1.0,4
301,SQL_FIRST,"[0.00,0.05)",11.050542,1.0,0
301,VECTOR_FIRST_HNSW,"[0.00,0.05)",22.945792,0.3,0
301,HNSW_HYBRID,"[0.00,0.05)",11.266917,1.0,0
301,IVFFLAT_HYBRID,"[0.00,0.05)",11.240167,1.0,0
301,SQL_FIRST,"[0.00,0.05)",10.875875,1.0,1
301,VECTOR_FIRST_HNSW,"[0.00,0.05)",22.889625,0.3,1
301,HNSW_HYBRID,"[0.00,0.05)",11.273083,1.0,1
301,IVFFLAT_HYBRID,"[0.00,0.05)",10.961959,1.0,1
301,SQL_FIRST,"[0.00,0.05)",11.9465,1.0,2
301,VECTOR_FIRST_HNSW,"[0.00,0.05)",23.650958,0.3,2
301,HNSW_HYBRID,"[0.00,0.05)",11.182,1.0,2
301,IVFFLAT_HYBRID,"[0.00,0.05)",11.020041,1.0,2
301,SQL_FIRST,"[0.00,0.05)",10.785125,1.0,3
301,VECTOR_FIRST_HNSW,"[0.00,0.05)",23.021042,0.3,3
301,HNSW_HYBRID,"[0.00,0.05)",11.071167,1.0,3
301,IVFFLAT_HYBRID,"[0.00,0.05)",10.900583,1.0,3
301,SQL_FIRST,"[0.00,0.05)",10.929125,1.0,4
301,VECTOR_FIRST_HNSW,"[0.00,0.05)",23.114167,0.3,4
301,HNSW_HYBRID,"[0.00,0.05)",11.177625,1.0,4
301,IVFFLAT_HYBRID,"[0.00,0.05)",10.554375,1.0,4
302,SQL_FIRST,"[0.00,0.05)",4.241083,1.0,0
302,VECTOR_FIRST_HNSW,"[0.00,0.05)",22.80375,0.0,0
302,HNSW_HYBRID,"[0.00,0.05)",4.68775,1.0,0
302,IVFFLAT_HYBRID,"[0.00,0.05)",4.216084,1.0,0
302,SQL_FIRST,"[0.00,0.05)",4.165542,1.0,1
302,VECTOR_FIRST_HNSW,"[0.00,0.05)",23.673542,0.0,1
302,HNSW_HYBRID,"[0.00,0.05)",4.573042,1.0,1
302,IVFFLAT_HYBRID,"[0.00,0.05)",4.109041,1.0,1
302,SQL_FIRST,"[0.00,0.05)",4.1345,1.0,2
302,VECTOR_FIRST_HNSW,"[0.00,0.05)",23.109208,0.0,2
302,HNSW_HYBRID,"[0.00,0.05)",4.587417,1.0,2
302,IVFFLAT_HYBRID,"[0.00,0.05)",4.286708,1.0,2
302,SQL_FIRST,"[0.00,0.05)",4.498875,1.0,3
302,VECTOR_FIRST_HNSW,"[0.00,0.05)",23.939834,0.0,3
302,HNSW_HYBRID,"[0.00,0.05)",4.580958,1.0,3
302,IVFFLAT_HYBRID,"[0.00,0.05)",4.107166,1.0,3
302,SQL_FIRST,"[0.00,0.05)",4.070791,1.0,4
302,VECTOR_FIRST_HNSW,"[0.00,0.05)",22.921083,0.0,4
302,HNSW_HYBRID,"[0.00,0.05)",4.617,1.0,4
302,IVFFLAT_HYBRID,"[0.00,0.05)",4.144459,1.0,4
303,SQL_FIRST,"[0.00,0.05)",9.3825,1.0,0
303,VECTOR_FIRST_HNSW,"[0.00,0.05)",23.039292,0.5,0
303,HNSW_HYBRID,"[0.00,0.05)",9.681917,1.0,0
303,IVFFLAT_HYBRID,"[0.00,0.05)",9.160917,1.0,0
303,SQL_FIRST,"[0.00,0.05)",9.482709,1.0,1
303,VECTOR_FIRST_HNSW,"[0.00,0.05)",23.07925,0.5,1
303,HNSW_HYBRID,"[0.00,0.05)",9.703542,1.0,1
303,IVFFLAT_HYBRID,"[0.00,0.05)",9.543625,1.0,1
303,SQL_FIRST,"[0.00,0.05)",9.224125,1.0,2
303,VECTOR_FIRST_HNSW,"[0.00,0.05)",22.951,0.5,2
303,HNSW_HYBRID,"[0.00,0.05)",9.710208,1.0,2
303,IVFFLAT_HYBRID,"[0.00,0.05)",9.671083,1.0,2
303,SQL_FIRST,"[0.00,0.05)",9.232,1.0,3
303,VECTOR_FIRST_HNSW,"[0.00,0.05)",22.957083,0.5,3
303,HNSW_HYBRID,"[0.00,0.05)",9.666792,1.0,3
303,IVFFLAT_HYBRID,"[0.00,0.05)",9.214375,1.0,3
303,SQL_FIRST,"[0.00,0.05)",9.643125,1.0,4
303,VECTOR_FIRST_HNSW,"[0.00,0.05)",22.78825,0.5,4
303,HNSW_HYBRID,"[0.00,0.05)",9.751875,1.0,4
303,IVFFLAT_HYBRID,"[0.00,0.05)",9.371292,1.0,4
304,SQL_FIRST,"[0.00,0.05)",9.732584,1.0,0
304,VECTOR_FIRST_HNSW,"[0.00,0.05)",23.314625,0.3,0
304,HNSW_HYBRID,"[0.00,0.05)",10.348333,1.0,0
304,IVFFLAT_HYBRID,"[0.00,0.05)",9.8705,1.0,0
304,SQL_FIRST,"[0.00,0.05)",9.891459,1.0,1
304,VECTOR_FIRST_HNSW,"[0.00,0.05)",23.667167,0.3,1
304,HNSW_HYBRID,"[0.00,0.05)",10.498292,1.0,1
304,IVFFLAT_HYBRID,"[0.00,0.05)",9.943375,1.0,1
304,SQL_FIRST,"[0.00,0.05)",10.156667,1.0,2
304,VECTOR_FIRST_HNSW,"[0.00,0.05)",23.090208,0.3,2
304,HNSW_HYBRID,"[0.00,0.05)",10.413833,1.0,2
304,IVFFLAT_HYBRID,"[0.00,0.05)",10.332334,1.0,2
304,SQL_FIRST,"[0.00,0.05)",10.346208,1.0,3
304,VECTOR_FIRST_HNSW,"[0.00,0.05)",22.93075,0.3,3
304,HNSW_HYBRID,"[0.00,0.05)",10.238375,1.0,3
304,IVFFLAT_HYBRID,"[0.00,0.05)",9.893334,1.0,3
304,SQL_FIRST,"[0.00,0.05)",10.016958,1.0,4
304,VECTOR_FIRST_HNSW,"[0.00,0.05)",22.861292,0.3,4
304,HNSW_HYBRID,"[0.00,0.05)",10.360292,1.0,4
304,IVFFLAT_HYBRID,"[0.00,0.05)",9.991042,1.0,4
310,SQL_FIRST,"[0.00,0.05)",9.419333,1.0,0
310,VECTOR_FIRST_HNSW,"[0.00,0.05)",23.0055,0.6,0
310,HNSW_HYBRID,"[0.00,0.05)",9.862708,1.0,0
310,IVFFLAT_HYBRID,"[0.00,0.05)",9.554167,1.0,0
310,SQL_FIRST,"[0.00,0.05)",9.283083,1.0,1
310,VECTOR_FIRST_HNSW,"[0.00,0.05)",22.894625,0.6,1
310,HNSW_HYBRID,"[0.00,0.05)",9.784167,1.0,1
310,IVFFLAT_HYBRID,"[0.00,0.05)",9.959792,1.0,1
310,SQL_FIRST,"[0.00,0.05)",9.454792,1.0,2
310,VECTOR_FIRST_HNSW,"[0.00,0.05)",22.794417,0.6,2
310,HNSW_HYBRID,"[0.00,0.05)",9.98875,1.0,2
310,IVFFLAT_HYBRID,"[0.00,0.05)",9.549709,1.0,2
310,SQL_FIRST,"[0.00,0.05)",9.811041,1.0,3
310,VECTOR_FIRST_HNSW,"[0.00,0.05)",22.736875,0.6,3
310,HNSW_HYBRID,"[0.00,0.05)",9.992416,1.0,3
310,IVFFLAT_HYBRID,"[0.00,0.05)",9.22625,1.0,3
310,SQL_FIRST,"[0.00,0.05)",10.075958,1.0,4
310,VECTOR_FIRST_HNSW,"[0.00,0.05)",23.155625,0.6,4
310,HNSW_HYBRID,"[0.00,0.05)",9.80825,1.0,4
310,IVFFLAT_HYBRID,"[0.00,0.05)",9.505875,1.0,4
312,SQL_FIRST,"[0.00,0.05)",4.08975,1.0,0
312,VECTOR_FIRST_HNSW,"[0.00,0.05)",22.895708,0.0,0
312,HNSW_HYBRID,"[0.00,0.05)",4.418167,1.0,0
312,IVFFLAT_HYBRID,"[0.00,0.05)",4.144792,1.0,0
312,SQL_FIRST,"[0.00,0.05)",4.031958,1.0,1
312,VECTOR_FIRST_HNSW,"[0.00,0.05)",23.230792,0.0,1
312,HNSW_HYBRID,"[0.00,0.05)",4.325041,1.0,1
312,IVFFLAT_HYBRID,"[0.00,0.05)",4.197541,1.0,1
312,SQL_FIRST,"[0.00,0.05)",4.034791,1.0,2
312,VECTOR_FIRST_HNSW,"[0.00,0.05)",22.790584,0.0,2
312,HNSW_HYBRID,"[0.00,0.05)",4.42,1.0,2
312,IVFFLAT_HYBRID,"[0.00,0.05)",4.456583,1.0,2
312,SQL_FIRST,"[0.00,0.05)",4.019959,1.0,3
312,VECTOR_FIRST_HNSW,"[0.00,0.05)",22.843625,0.0,3
312,HNSW_HYBRID,"[0.00,0.05)",4.427958,1.0,3
312,IVFFLAT_HYBRID,"[0.00,0.05)",4.125792,1.0,3
312,SQL_FIRST,"[0.00,0.05)",3.996625,1.0,4
312,VECTOR_FIRST_HNSW,"[0.00,0.05)",22.784417,0.0,4
312,HNSW_HYBRID,"[0.00,0.05)",4.406833,1.0,4
312,IVFFLAT_HYBRID,"[0.00,0.05)",3.990792,1.0,4
313,SQL_FIRST,"[0.00,0.05)",6.971625,1.0,0
313,VECTOR_FIRST_HNSW,"[0.00,0.05)",23.016833,0.2,0
313,HNSW_HYBRID,"[0.00,0.05)",7.813459,1.0,0
313,IVFFLAT_HYBRID,"[0.00,0.05)",7.332667,1.0,0
313,SQL_FIRST,"[0.00,0.05)",7.1,1.0,1
313,VECTOR_FIRST_HNSW,"[0.00,0.05)",22.93425,0.2,1
313,HNSW_HYBRID,"[0.00,0.05)",7.87075,1.0,1
313,IVFFLAT_HYBRID,"[0.00,0.05)",7.131125,1.0,1
313,SQL_FIRST,"[0.00,0.05)",7.313459,1.0,2
313,VECTOR_FIRST_HNSW,"[0.00,0.05)",22.845292,0.2,2
313,HNSW_HYBRID,"[0.00,0.05)",7.87125,1.0,2
313,IVFFLAT_HYBRID,"[0.00,0.05)",7.192084,1.0,2
313,SQL_FIRST,"[0.00,0.05)",7.19125,1.0,3
313,VECTOR_FIRST_HNSW,"[0.00,0.05)",22.937917,0.2,3
313,HNSW_HYBRID,"[0.00,0.05)",7.809292,1.0,3
313,IVFFLAT_HYBRID,"[0.00,0.05)",7.092875,1.0,3
313,SQL_FIRST,"[0.00,0.05)",7.153792,1.0,4
313,VECTOR_FIRST_HNSW,"[0.00,0.05)",23.277542,0.2,4
313,HNSW_HYBRID,"[0.00,0.05)",7.832,1.0,4
313,IVFFLAT_HYBRID,"[0.00,0.05)",7.424959,1.0,4
314,SQL_FIRST,"[0.00,0.05)",1.483166,1.0,0
314,VECTOR_FIRST_HNSW,"[0.00,0.05)",23.49925,0.0,0
314,HNSW_HYBRID,"[0.00,0.05)",1.836541,1.0,0
314,IVFFLAT_HYBRID,"[0.00,0.05)",1.515667,1.0,0
314,SQL_FIRST,"[0.00,0.05)",1.508417,1.0,1
314,VECTOR_FIRST_HNSW,"[0.00,0.05)",23.380625,0.0,1
314,HNSW_HYBRID,"[0.00,0.05)",1.865166,1.0,1
314,IVFFLAT_HYBRID,"[0.00,0.05)",1.51625,1.0,1
314,SQL_FIRST,"[0.00,0.05)",1.496209,1.0,2
314,VECTOR_FIRST_HNSW,"[0.00,0.05)",22.852416,0.0,2
314,HNSW_HYBRID,"[0.00,0.05)",1.775208,1.0,2
314,IVFFLAT_HYBRID,"[0.00,0.05)",1.45975,1.0,2
314,SQL_FIRST,"[0.00,0.05)",1.45225,1.0,3
314,VECTOR_FIRST_HNSW,"[0.00,0.05)",23.481125,0.0,3
314,HNSW_HYBRID,"[0.00,0.05)",1.813667,1.0,3
314,IVFFLAT_HYBRID,"[0.00,0.05)",1.4225,1.0,3
314,SQL_FIRST,"[0.00,0.05)",1.389042,1.0,4
314,VECTOR_FIRST_HNSW,"[0.00,0.05)",22.845834,0.0,4
314,HNSW_HYBRID,"[0.00,0.05)",1.851959,1.0,4
314,IVFFLAT_HYBRID,"[0.00,0.05)",1.447083,1.0,4
315,SQL_FIRST,"[0.00,0.05)",8.273458,1.0,0
315,VECTOR_FIRST_HNSW,"[0.00,0.05)",23.97575,0.2,0
315,HNSW_HYBRID,"[0.00,0.05)",9.439375,1.0,0
315,IVFFLAT_HYBRID,"[0.00,0.05)",8.503292,1.0,0
315,SQL_FIRST,"[0.00,0.05)",8.118042,1.0,1
315,VECTOR_FIRST_HNSW,"[0.00,0.05)",22.932166,0.2,1
315,HNSW_HYBRID,"[0.00,0.05)",8.902916,1.0,1
315,IVFFLAT_HYBRID,"[0.00,0.05)",8.715416,1.0,1
315,SQL_FIRST,"[0.00,0.05)",8.290417,1.0,2
315,VECTOR_FIRST_HNSW,"[0.00,0.05)",22.990042,0.2,2
315,HNSW_HYBRID,"[0.00,0.05)",9.085917,1.0,2
315,IVFFLAT_HYBRID,"[0.00,0.05)",8.453541,1.0,2
315,SQL_FIRST,"[0.00,0.05)",8.223167,1.0,3
315,VECTOR_FIRST_HNSW,"[0.00,0.05)",23.016416,0.2,3
315,HNSW_HYBRID,"[0.00,0.05)",8.871625,1.0,3
315,IVFFLAT_HYBRID,"[0.00,0.05)",8.875459,1.0,3
315,SQL_FIRST,"[0.00,0.05)",9.14275,1.0,4
315,VECTOR_FIRST_HNSW,"[0.00,0.05)",23.601709,0.2,4
315,HNSW_HYBRID,"[0.00,0.05)",8.85375,1.0,4
315,IVFFLAT_HYBRID,"[0.00,0.05)",8.374041,1.0,4
316,SQL_FIRST,"[0.00,0.05)",7.03,1.0,0
316,VECTOR_FIRST_HNSW,"[0.00,0.05)",23.206042,0.1,0
316,HNSW_HYBRID,"[0.00,0.05)",7.327458,1.0,0
316,IVFFLAT_HYBRID,"[0.00,0.05)",6.763042,1.0,0
316,SQL_FIRST,"[0.00,0.05)",6.6375,1.0,1
316,VECTOR_FIRST_HNSW,"[0.00,0.05)",23.4835,0.1,1
316,HNSW_HYBRID,"[0.00,0.05)",7.296667,1.0,1
316,IVFFLAT_HYBRID,"[0.00,0.05)",6.549875,1.0,1
316,SQL_FIRST,"[0.00,0.05)",6.756333,1.0,2
316,VECTOR_FIRST_HNSW,"[0.00,0.05)",23.026625,0.1,2
316,HNSW_HYBRID,"[0.00,0.05)",7.469083,1.0,2
316,IVFFLAT_HYBRID,"[0.00,0.05)",7.530542,1.0,2
316,SQL_FIRST,"[0.00,0.05)",6.66275,1.0,3
316,VECTOR_FIRST_HNSW,"[0.00,0.05)",22.856792,0.1,3
316,HNSW_HYBRID,"[0.00,0.05)",7.431583,1.0,3
316,IVFFLAT_HYBRID,"[0.00,0.05)",6.767875,1.0,3
316,SQL_FIRST,"[0.00,0.05)",6.646833,1.0,4
316,VECTOR_FIRST_HNSW,"[0.00,0.05)",22.878208,0.1,4
316,HNSW_HYBRID,"[0.00,0.05)",7.286709,1.0,4
316,IVFFLAT_HYBRID,"[0.00,0.05)",6.531875,1.0,4
318,SQL_FIRST,"[0.00,0.05)",9.359041,1.0,0
318,VECTOR_FIRST_HNSW,"[0.00,0.05)",22.981,0.2,0
318,HNSW_HYBRID,"[0.00,0.05)",9.517792,1.0,0
318,IVFFLAT_HYBRID,"[0.00,0.05)",9.522709,1.0,0
318,SQL_FIRST,"[0.00,0.05)",8.94675,1.0,1
318,VECTOR_FIRST_HNSW,"[0.00,0.05)",22.886333,0.2,1
318,HNSW_HYBRID,"[0.00,0.05)",9.548875,1.0,1
318,IVFFLAT_HYBRID,"[0.00,0.05)",9.195834,1.0,1
318,SQL_FIRST,"[0.00,0.05)",9.055833,1.0,2
318,VECTOR_FIRST_HNSW,"[0.00,0.05)",22.852708,0.2,2
318,HNSW_HYBRID,"[0.00,0.05)",9.359042,1.0,2
318,IVFFLAT_HYBRID,"[0.00,0.05)",8.983625,1.0,2
318,SQL_FIRST,"[0.00,0.05)",8.771,1.0,3
318,VECTOR_FIRST_HNSW,"[0.00,0.05)",22.97975,0.2,3
318,HNSW_HYBRID,"[0.00,0.05)",9.475667,1.0,3
318,IVFFLAT_HYBRID,"[0.00,0.05)",9.00575,1.0,3
318,SQL_FIRST,"[0.00,0.05)",9.233167,1.0,4
318,VECTOR_FIRST_HNSW,"[0.00,0.05)",23.399125,0.2,4
318,HNSW_HYBRID,"[0.00,0.05)",10.055583,1.0,4
318,IVFFLAT_HYBRID,"[0.00,0.05)",9.449333,1.0,4
320,SQL_FIRST,"[0.00,0.05)",9.913416,1.0,0
320,VECTOR_FIRST_HNSW,"[0.00,0.05)",23.838167,0.1,0
320,HNSW_HYBRID,"[0.00,0.05)",10.062458,1.0,0
320,IVFFLAT_HYBRID,"[0.00,0.05)",9.917833,1.0,0
320,SQL_FIRST,"[0.00,0.05)",10.338625,1.0,1
320,VECTOR_FIRST_HNSW,"[0.00,0.05)",22.873458,0.1,1
320,HNSW_HYBRID,"[0.00,0.05)",10.326916,1.0,1
320,IVFFLAT_HYBRID,"[0.00,0.05)",9.662708,1.0,1
320,SQL_FIRST,"[0.00,0.05)",9.764458,1.0,2
320,VECTOR_FIRST_HNSW,"[0.00,0.05)",22.958959,0.1,2
320,HNSW_HYBRID,"[0.00,0.05)",10.050958,1.0,2
320,IVFFLAT_HYBRID,"[0.00,0.05)",9.82975,1.0,2
320,SQL_FIRST,"[0.00,0.05)",9.488125,1.0,3
320,VECTOR_FIRST_HNSW,"[0.00,0.05)",23.092375,0.1,3
320,HNSW_HYBRID,"[0.00,0.05)",10.136042,1.0,3
320,IVFFLAT_HYBRID,"[0.00,0.05)",9.973042,1.0,3
320,SQL_FIRST,"[0.00,0.05)",9.766459,1.0,4
320,VECTOR_FIRST_HNSW,"[0.00,0.05)",22.923292,0.1,4
320,HNSW_HYBRID,"[0.00,0.05)",10.092042,1.0,4
320,IVFFLAT_HYBRID,"[0.00,0.05)",9.747958,1.0,4
322,SQL_FIRST,"[0.00,0.05)",6.9905,1.0,0
322,VECTOR_FIRST_HNSW,"[0.00,0.05)",23.090333,0.3,0
322,HNSW_HYBRID,"[0.00,0.05)",7.640584,1.0,0
322,IVFFLAT_HYBRID,"[0.00,0.05)",7.251917,1.0,0
322,SQL_FIRST,"[0.00,0.05)",7.547209,1.0,1
322,VECTOR_FIRST_HNSW,"[0.00,0.05)",23.181667,0.3,1
322,HNSW_HYBRID,"[0.00,0.05)",7.61525,1.0,1
322,IVFFLAT_HYBRID,"[0.00,0.05)",7.087875,1.0,1
322,SQL_FIRST,"[0.00,0.05)",6.867833,1.0,2
322,VECTOR_FIRST_HNSW,"[0.00,0.05)",23.407541,0.3,2
322,HNSW_HYBRID,"[0.00,0.05)",7.836875,1.0,2
322,IVFFLAT_HYBRID,"[0.00,0.05)",7.377875,1.0,2
322,SQL_FIRST,"[0.00,0.05)",7.146166,1.0,3
322,VECTOR_FIRST_HNSW,"[0.00,0.05)",22.866167,0.3,3
322,HNSW_HYBRID,"[0.00,0.05)",7.721667,1.0,3
322,IVFFLAT_HYBRID,"[0.00,0.05)",8.306917,1.0,3
322,SQL_FIRST,"[0.00,0.05)",8.342542,1.0,4
322,VECTOR_FIRST_HNSW,"[0.00,0.05)",23.405167,0.3,4
322,HNSW_HYBRID,"[0.00,0.05)",7.865917,1.0,4
322,IVFFLAT_HYBRID,"[0.00,0.05)",7.320042,1.0,4
324,SQL_FIRST,"[0.00,0.05)",5.754291,1.0,0
324,VECTOR_FIRST_HNSW,"[0.00,0.05)",22.913666,0.1,0
324,HNSW_HYBRID,"[0.00,0.05)",6.458166,1.0,0
324,IVFFLAT_HYBRID,"[0.00,0.05)",6.023791,1.0,0
324,SQL_FIRST,"[0.00,0.05)",5.910916,1.0,1
324,VECTOR_FIRST_HNSW,"[0.00,0.05)",22.991708,0.1,1
324,HNSW_HYBRID,"[0.00,0.05)",6.674542,1.0,1
324,IVFFLAT_HYBRID,"[0.00,0.05)",5.84375,1.0,1
324,SQL_FIRST,"[0.00,0.05)",5.912792,1.0,2
324,VECTOR_FIRST_HNSW,"[0.00,0.05)",22.7785,0.1,2
324,HNSW_HYBRID,"[0.00,0.05)",6.354084,1.0,2
324,IVFFLAT_HYBRID,"[0.00,0.05)",5.902167,1.0,2
324,SQL_FIRST,"[0.00,0.05)",5.704333,1.0,3
324,VECTOR_FIRST_HNSW,"[0.00,0.05)",23.005334,0.1,3
324,HNSW_HYBRID,"[0.00,0.05)",6.393292,1.0,3
324,IVFFLAT_HYBRID,"[0.00,0.05)",5.768417,1.0,3
324,SQL_FIRST,"[0.00,0.05)",5.89025,1.0,4
324,VECTOR_FIRST_HNSW,"[0.00,0.05)",23.059333,0.1,4
324,HNSW_HYBRID,"[0.00,0.05)",6.409667,1.0,4
324,IVFFLAT_HYBRID,"[0.00,0.05)",5.950042,1.0,4
326,SQL_FIRST,"[0.00,0.05)",4.918333,1.0,0
326,VECTOR_FIRST_HNSW,"[0.00,0.05)",22.832125,0.0,0
326,HNSW_HYBRID,"[0.00,0.05)",5.353375,1.0,0
326,IVFFLAT_HYBRID,"[0.00,0.05)",4.993958,1.0,0
326,SQL_FIRST,"[0.00,0.05)",4.829209,1.0,1
326,VECTOR_FIRST_HNSW,"[0.00,0.05)",22.993666,0.0,1
326,HNSW_HYBRID,"[0.00,0.05)",5.544167,1.0,1
326,IVFFLAT_HYBRID,"[0.00,0.05)",4.928167,1.0,1
326,SQL_FIRST,"[0.00,0.05)",4.815292,1.0,2
326,VECTOR_FIRST_HNSW,"[0.00,0.05)",22.926209,0.0,2
326,HNSW_HYBRID,"[0.00,0.05)",5.353292,1.0,2
326,IVFFLAT_HYBRID,"[0.00,0.05)",4.915125,1.0,2
326,SQL_FIRST,"[0.00,0.05)",4.945833,1.0,3
326,VECTOR_FIRST_HNSW,"[0.00,0.05)",23.544458,0.0,3
326,HNSW_HYBRID,"[0.00,0.05)",5.530625,1.0,3
326,IVFFLAT_HYBRID,"[0.00,0.05)",5.114875,1.0,3
326,SQL_FIRST,"[0.00,0.05)",4.893875,1.0,4
326,VECTOR_FIRST_HNSW,"[0.00,0.05)",22.812917,0.0,4
326,HNSW_HYBRID,"[0.00,0.05)",5.716916,1.0,4
326,IVFFLAT_HYBRID,"[0.00,0.05)",4.90675,1.0,4
327,SQL_FIRST,"[0.00,0.05)",9.341041,1.0,0
327,VECTOR_FIRST_HNSW,"[0.00,0.05)",23.634541,0.2,0
327,HNSW_HYBRID,"[0.00,0.05)",9.636875,1.0,0
327,IVFFLAT_HYBRID,"[0.00,0.05)",9.198042,1.0,0
327,SQL_FIRST,"[0.00,0.05)",8.8735,1.0,1
327,VECTOR_FIRST_HNSW,"[0.00,0.05)",23.105959,0.2,1
327,HNSW_HYBRID,"[0.00,0.05)",9.551542,1.0,1
327,IVFFLAT_HYBRID,"[0.00,0.05)",9.532625,1.0,1
327,SQL_FIRST,"[0.00,0.05)",8.890958,1.0,2
327,VECTOR_FIRST_HNSW,"[0.00,0.05)",22.926208,0.2,2
327,HNSW_HYBRID,"[0.00,0.05)",10.035292,1.0,2
327,IVFFLAT_HYBRID,"[0.00,0.05)",10.290125,1.0,2
327,SQL_FIRST,"[0.00,0.05)",9.2685,1.0,3
327,VECTOR_FIRST_HNSW,"[0.00,0.05)",22.877625,0.2,3
327,HNSW_HYBRID,"[0.00,0.05)",9.450458,1.0,3
327,IVFFLAT_HYBRID,"[0.00,0.05)",9.075833,1.0,3
327,SQL_FIRST,"[0.00,0.05)",9.263125,1.0,4
327,VECTOR_FIRST_HNSW,"[0.00,0.05)",22.93975,0.2,4
327,HNSW_HYBRID,"[0.00,0.05)",9.312542,1.0,4
327,IVFFLAT_HYBRID,"[0.00,0.05)",8.86975,1.0,4
329,SQL_FIRST,"[0.00,0.05)",6.09725,1.0,0
329,VECTOR_FIRST_HNSW,"[0.00,0.05)",23.496708,0.2,0
329,HNSW_HYBRID,"[0.00,0.05)",6.775625,1.0,0
329,IVFFLAT_HYBRID,"[0.00,0.05)",6.288083,1.0,0
329,SQL_FIRST,"[0.00,0.05)",6.130084,1.0,1
329,VECTOR_FIRST_HNSW,"[0.00,0.05)",23.0365,0.2,1
329,HNSW_HYBRID,"[0.00,0.05)",6.805916,1.0,1
329,IVFFLAT_HYBRID,"[0.00,0.05)",6.154292,1.0,1
329,SQL_FIRST,"[0.00,0.05)",6.493083,1.0,2
329,VECTOR_FIRST_HNSW,"[0.00,0.05)",23.876542,0.2,2
329,HNSW_HYBRID,"[0.00,0.05)",6.967334,1.0,2
329,IVFFLAT_HYBRID,"[0.00,0.05)",6.472,1.0,2
329,SQL_FIRST,"[0.00,0.05)",6.061667,1.0,3
329,VECTOR_FIRST_HNSW,"[0.00,0.05)",23.0705,0.2,3
329,HNSW_HYBRID,"[0.00,0.05)",7.081708,1.0,3
329,IVFFLAT_HYBRID,"[0.00,0.05)",6.747625,1.0,3
329,SQL_FIRST,"[0.00,0.05)",6.527625,1.0,4
329,VECTOR_FIRST_HNSW,"[0.00,0.05)",23.248125,0.2,4
329,HNSW_HYBRID,"[0.00,0.05)",6.793667,1.0,4
329,IVFFLAT_HYBRID,"[0.00,0.05)",6.036041,1.0,4
331,SQL_FIRST,"[0.00,0.05)",10.170042,1.0,0
331,VECTOR_FIRST_HNSW,"[0.00,0.05)",23.061292,0.5,0
331,HNSW_HYBRID,"[0.00,0.05)",10.9995,1.0,0
331,IVFFLAT_HYBRID,"[0.00,0.05)",10.467542,1.0,0
331,SQL_FIRST,"[0.00,0.05)",10.415541,1.0,1
331,VECTOR_FIRST_HNSW,"[0.00,0.05)",22.948541,0.5,1
331,HNSW_HYBRID,"[0.00,0.05)",10.940625,1.0,1
331,IVFFLAT_HYBRID,"[0.00,0.05)",10.512833,1.0,1
331,SQL_FIRST,"[0.00,0.05)",10.449917,1.0,2
331,VECTOR_FIRST_HNSW,"[0.00,0.05)",22.902292,0.5,2
331,HNSW_HYBRID,"[0.00,0.05)",10.899917,1.0,2
331,IVFFLAT_HYBRID,"[0.00,0.05)",10.573875,1.0,2
331,SQL_FIRST,"[0.00,0.05)",10.734792,1.0,3
331,VECTOR_FIRST_HNSW,"[0.00,0.05)",22.885375,0.5,3
331,HNSW_HYBRID,"[0.00,0.05)",11.192791,1.0,3
331,IVFFLAT_HYBRID,"[0.00,0.05)",10.684709,1.0,3
331,SQL_FIRST,"[0.00,0.05)",10.446708,1.0,4
331,VECTOR_FIRST_HNSW,"[0.00,0.05)",22.8685,0.5,4
331,HNSW_HYBRID,"[0.00,0.05)",11.093333,1.0,4
331,IVFFLAT_HYBRID,"[0.00,0.05)",10.739334,1.0,4
332,SQL_FIRST,"[0.00,0.05)",8.86975,1.0,0
332,VECTOR_FIRST_HNSW,"[0.00,0.05)",23.377792,0.6,0
332,HNSW_HYBRID,"[0.00,0.05)",9.749792,1.0,0
332,IVFFLAT_HYBRID,"[0.00,0.05)",9.419125,1.0,0
332,SQL_FIRST,"[0.00,0.05)",9.025083,1.0,1
332,VECTOR_FIRST_HNSW,"[0.00,0.05)",23.419625,0.6,1
332,HNSW_HYBRID,"[0.00,0.05)",9.501417,1.0,1
332,IVFFLAT_HYBRID,"[0.00,0.05)",9.217,1.0,1
332,SQL_FIRST,"[0.00,0.05)",9.625208,1.0,2
332,VECTOR_FIRST_HNSW,"[0.00,0.05)",22.813834,0.6,2
332,HNSW_HYBRID,"[0.00,0.05)",9.582917,1.0,2
332,IVFFLAT_HYBRID,"[0.00,0.05)",9.198334,1.0,2
332,SQL_FIRST,"[0.00,0.05)",10.470667,1.0,3
332,VECTOR_FIRST_HNSW,"[0.00,0.05)",24.043417,0.6,3
332,HNSW_HYBRID,"[0.00,0.05)",9.658042,1.0,3
332,IVFFLAT_HYBRID,"[0.00,0.05)",9.687084,1.0,3
332,SQL_FIRST,"[0.00,0.05)",9.02575,1.0,4
332,VECTOR_FIRST_HNSW,"[0.00,0.05)",23.058875,0.6,4
332,HNSW_HYBRID,"[0.00,0.05)",9.390709,1.0,4
332,IVFFLAT_HYBRID,"[0.00,0.05)",8.709209,1.0,4
333,SQL_FIRST,"[0.00,0.05)",8.803917,1.0,0
333,VECTOR_FIRST_HNSW,"[0.00,0.05)",22.935125,0.2,0
333,HNSW_HYBRID,"[0.00,0.05)",9.399083,1.0,0
333,IVFFLAT_HYBRID,"[0.00,0.05)",8.88675,1.0,0
333,SQL_FIRST,"[0.00,0.05)",9.515333,1.0,1
333,VECTOR_FIRST_HNSW,"[0.00,0.05)",22.783,0.2,1
333,HNSW_HYBRID,"[0.00,0.05)",10.597958,1.0,1
333,IVFFLAT_HYBRID,"[0.00,0.05)",9.059042,1.0,1
333,SQL_FIRST,"[0.00,0.05)",9.001375,1.0,2
333,VECTOR_FIRST_HNSW,"[0.00,0.05)",22.964875,0.2,2
333,HNSW_HYBRID,"[0.00,0.05)",9.276917,1.0,2
333,IVFFLAT_HYBRID,"[0.00,0.05)",9.44425,1.0,2
333,SQL_FIRST,"[0.00,0.05)",9.408541,1.0,3
333,VECTOR_FIRST_HNSW,"[0.00,0.05)",23.127917,0.2,3
333,HNSW_HYBRID,"[0.00,0.05)",9.215791,1.0,3
333,IVFFLAT_HYBRID,"[0.00,0.05)",8.806666,1.0,3
333,SQL_FIRST,"[0.00,0.05)",8.493542,1.0,4
333,VECTOR_FIRST_HNSW,"[0.00,0.05)",23.647833,0.2,4
333,HNSW_HYBRID,"[0.00,0.05)",9.707209,1.0,4
333,IVFFLAT_HYBRID,"[0.00,0.05)",9.339417,1.0,4
334,SQL_FIRST,"[0.00,0.05)",4.922625,1.0,0
334,VECTOR_FIRST_HNSW,"[0.00,0.05)",23.514958,0.1,0
334,HNSW_HYBRID,"[0.00,0.05)",5.459875,1.0,0
334,IVFFLAT_HYBRID,"[0.00,0.05)",4.847833,1.0,0
334,SQL_FIRST,"[0.00,0.05)",4.787292,1.0,1
334,VECTOR_FIRST_HNSW,"[0.00,0.05)",22.983083,0.1,1
334,HNSW_HYBRID,"[0.00,0.05)",5.36575,1.0,1
334,IVFFLAT_HYBRID,"[0.00,0.05)",4.980125,1.0,1
334,SQL_FIRST,"[0.00,0.05)",5.039125,1.0,2
334,VECTOR_FIRST_HNSW,"[0.00,0.05)",23.03025,0.1,2
334,HNSW_HYBRID,"[0.00,0.05)",5.25525,1.0,2
334,IVFFLAT_HYBRID,"[0.00,0.05)",4.910542,1.0,2
334,SQL_FIRST,"[0.00,0.05)",4.83625,1.0,3
334,VECTOR_FIRST_HNSW,"[0.00,0.05)",22.903209,0.1,3
334,HNSW_HYBRID,"[0.00,0.05)",5.415125,1.0,3
334,IVFFLAT_HYBRID,"[0.00,0.05)",4.911917,1.0,3
334,SQL_FIRST,"[0.00,0.05)",4.759125,1.0,4
334,VECTOR_FIRST_HNSW,"[0.00,0.05)",22.831375,0.1,4
334,HNSW_HYBRID,"[0.00,0.05)",5.398375,1.0,4
334,IVFFLAT_HYBRID,"[0.00,0.05)",4.791166,1.0,4
336,SQL_FIRST,"[0.00,0.05)",1.464542,1.0,0
336,VECTOR_FIRST_HNSW,"[0.00,0.05)",22.775292,0.0,0
336,HNSW_HYBRID,"[0.00,0.05)",1.933333,1.0,0
336,IVFFLAT_HYBRID,"[0.00,0.05)",1.826125,1.0,0
336,SQL_FIRST,"[0.00,0.05)",1.518375,1.0,1
336,VECTOR_FIRST_HNSW,"[0.00,0.05)",22.809334,0.0,1
336,HNSW_HYBRID,"[0.00,0.05)",1.881916,1.0,1
336,IVFFLAT_HYBRID,"[0.00,0.05)",1.479042,1.0,1
336,SQL_FIRST,"[0.00,0.05)",1.479625,1.0,2
336,VECTOR_FIRST_HNSW,"[0.00,0.05)",22.801875,0.0,2
336,HNSW_HYBRID,"[0.00,0.05)",1.815916,1.0,2
336,IVFFLAT_HYBRID,"[0.00,0.05)",1.450834,1.0,2
336,SQL_FIRST,"[0.00,0.05)",1.455583,1.0,3
336,VECTOR_FIRST_HNSW,"[0.00,0.05)",22.788334,0.0,3
336,HNSW_HYBRID,"[0.00,0.05)",1.824291,1.0,3
336,IVFFLAT_HYBRID,"[0.00,0.05)",1.466,1.0,3
336,SQL_FIRST,"[0.00,0.05)",1.452041,1.0,4
336,VECTOR_FIRST_HNSW,"[0.00,0.05)",22.8275,0.0,4
336,HNSW_HYBRID,"[0.00,0.05)",1.771959,1.0,4
336,IVFFLAT_HYBRID,"[0.00,0.05)",1.441084,1.0,4
338,SQL_FIRST,"[0.00,0.05)",9.366167,1.0,0
338,VECTOR_FIRST_HNSW,"[0.00,0.05)",22.8775,0.5,0
338,HNSW_HYBRID,"[0.00,0.05)",10.183,1.0,0
338,IVFFLAT_HYBRID,"[0.00,0.05)",10.077208,1.0,0
338,SQL_FIRST,"[0.00,0.05)",10.004584,1.0,1
338,VECTOR_FIRST_HNSW,"[0.00,0.05)",22.884667,0.5,1
338,HNSW_HYBRID,"[0.00,0.05)",10.125209,1.0,1
338,IVFFLAT_HYBRID,"[0.00,0.05)",10.405208,1.0,1
338,SQL_FIRST,"[0.00,0.05)",9.866125,1.0,2
338,VECTOR_FIRST_HNSW,"[0.00,0.05)",22.926291,0.5,2
338,HNSW_HYBRID,"[0.00,0.05)",9.736125,1.0,2
338,IVFFLAT_HYBRID,"[0.00,0.05)",9.794708,1.0,2
338,SQL_FIRST,"[0.00,0.05)",11.085041,1.0,3
338,VECTOR_FIRST_HNSW,"[0.00,0.05)",23.431208,0.5,3
338,HNSW_HYBRID,"[0.00,0.05)",9.725667,1.0,3
338,IVFFLAT_HYBRID,"[0.00,0.05)",9.12625,1.0,3
338,SQL_FIRST,"[0.00,0.05)",9.835333,1.0,4
338,VECTOR_FIRST_HNSW,"[0.00,0.05)",22.942833,0.5,4
338,HNSW_HYBRID,"[0.00,0.05)",10.132417,1.0,4
338,IVFFLAT_HYBRID,"[0.00,0.05)",9.319166,1.0,4
343,SQL_FIRST,"[0.00,0.05)",9.305375,1.0,0
343,VECTOR_FIRST_HNSW,"[0.00,0.05)",22.979541,0.7,0
343,HNSW_HYBRID,"[0.00,0.05)",9.672,1.0,0
343,IVFFLAT_HYBRID,"[0.00,0.05)",9.426292,1.0,0
343,SQL_FIRST,"[0.00,0.05)",9.406458,1.0,1
343,VECTOR_FIRST_HNSW,"[0.00,0.05)",22.939125,0.7,1
343,HNSW_HYBRID,"[0.00,0.05)",9.621541,1.0,1
343,IVFFLAT_HYBRID,"[0.00,0.05)",9.446667,1.0,1
343,SQL_FIRST,"[0.00,0.05)",10.204958,1.0,2
343,VECTOR_FIRST_HNSW,"[0.00,0.05)",22.882542,0.7,2
343,HNSW_HYBRID,"[0.00,0.05)",9.699125,1.0,2
343,IVFFLAT_HYBRID,"[0.00,0.05)",9.199917,1.0,2
343,SQL_FIRST,"[0.00,0.05)",9.650584,1.0,3
343,VECTOR_FIRST_HNSW,"[0.00,0.05)",22.889708,0.7,3
343,HNSW_HYBRID,"[0.00,0.05)",9.791333,1.0,3
343,IVFFLAT_HYBRID,"[0.00,0.05)",9.200625,1.0,3
343,SQL_FIRST,"[0.00,0.05)",9.02825,1.0,4
343,VECTOR_FIRST_HNSW,"[0.00,0.05)",22.994708,0.7,4
343,HNSW_HYBRID,"[0.00,0.05)",10.144541,1.0,4
343,IVFFLAT_HYBRID,"[0.00,0.05)",10.211625,1.0,4
344,SQL_FIRST,"[0.00,0.05)",9.837083,1.0,0
344,VECTOR_FIRST_HNSW,"[0.00,0.05)",22.927458,0.6,0
344,HNSW_HYBRID,"[0.00,0.05)",9.724625,1.0,0
344,IVFFLAT_HYBRID,"[0.00,0.05)",9.527875,1.0,0
344,SQL_FIRST,"[0.00,0.05)",9.751916,1.0,1
344,VECTOR_FIRST_HNSW,"[0.00,0.05)",22.992833,0.6,1
344,HNSW_HYBRID,"[0.00,0.05)",9.377541,1.0,1
344,IVFFLAT_HYBRID,"[0.00,0.05)",8.918,1.0,1
344,SQL_FIRST,"[0.00,0.05)",9.402375,1.0,2
344,VECTOR_FIRST_HNSW,"[0.00,0.05)",23.028875,0.6,2
344,HNSW_HYBRID,"[0.00,0.05)",9.664209,1.0,2
344,IVFFLAT_HYBRID,"[0.00,0.05)",9.228959,1.0,2
344,SQL_FIRST,"[0.00,0.05)",8.799875,1.0,3
344,VECTOR_FIRST_HNSW,"[0.00,0.05)",23.019375,0.6,3
344,HNSW_HYBRID,"[0.00,0.05)",9.597916,1.0,3
344,IVFFLAT_HYBRID,"[0.00,0.05)",9.697375,1.0,3
344,SQL_FIRST,"[0.00,0.05)",9.189041,1.0,4
344,VECTOR_FIRST_HNSW,"[0.00,0.05)",22.925625,0.6,4
344,HNSW_HYBRID,"[0.00,0.05)",9.57575,1.0,4
344,IVFFLAT_HYBRID,"[0.00,0.05)",9.216084,1.0,4
345,SQL_FIRST,"[0.00,0.05)",9.365208,1.0,0
345,VECTOR_FIRST_HNSW,"[0.00,0.05)",23.128333,0.8,0
345,HNSW_HYBRID,"[0.00,0.05)",9.387166,1.0,0
345,IVFFLAT_HYBRID,"[0.00,0.05)",9.0185,1.0,0
345,SQL_FIRST,"[0.00,0.05)",9.566666,1.0,1
345,VECTOR_FIRST_HNSW,"[0.00,0.05)",22.951625,0.8,1
345,HNSW_HYBRID,"[0.00,0.05)",9.70575,1.0,1
345,IVFFLAT_HYBRID,"[0.00,0.05)",9.034458,1.0,1
345,SQL_FIRST,"[0.00,0.05)",8.765792,1.0,2
345,VECTOR_FIRST_HNSW,"[0.00,0.05)",22.950042,0.8,2
345,HNSW_HYBRID,"[0.00,0.05)",9.8395,1.0,2
345,IVFFLAT_HYBRID,"[0.00,0.05)",9.820834,1.0,2
345,SQL_FIRST,"[0.00,0.05)",9.233125,1.0,3
345,VECTOR_FIRST_HNSW,"[0.00,0.05)",23.002417,0.8,3
345,HNSW_HYBRID,"[0.00,0.05)",9.614333,1.0,3
345,IVFFLAT_HYBRID,"[0.00,0.05)",9.785459,1.0,3
345,SQL_FIRST,"[0.00,0.05)",9.74,1.0,4
345,VECTOR_FIRST_HNSW,"[0.00,0.05)",23.227333,0.8,4
345,HNSW_HYBRID,"[0.00,0.05)",9.600125,1.0,4
345,IVFFLAT_HYBRID,"[0.00,0.05)",9.296541,1.0,4
348,SQL_FIRST,"[0.00,0.05)",9.613834,1.0,0
348,VECTOR_FIRST_HNSW,"[0.00,0.05)",22.962333,0.0,0
348,HNSW_HYBRID,"[0.00,0.05)",9.968416,1.0,0
348,IVFFLAT_HYBRID,"[0.00,0.05)",9.530833,1.0,0
348,SQL_FIRST,"[0.00,0.05)",9.167792,1.0,1
348,VECTOR_FIRST_HNSW,"[0.00,0.05)",22.936,0.0,1
348,HNSW_HYBRID,"[0.00,0.05)",9.99275,1.0,1
348,IVFFLAT_HYBRID,"[0.00,0.05)",9.63275,1.0,1
348,SQL_FIRST,"[0.00,0.05)",9.357083,1.0,2
348,VECTOR_FIRST_HNSW,"[0.00,0.05)",22.886125,0.0,2
348,HNSW_HYBRID,"[0.00,0.05)",10.104375,1.0,2
348,IVFFLAT_HYBRID,"[0.00,0.05)",10.021417,1.0,2
348,SQL_FIRST,"[0.00,0.05)",9.894333,1.0,3
348,VECTOR_FIRST_HNSW,"[0.00,0.05)",22.76225,0.0,3
348,HNSW_HYBRID,"[0.00,0.05)",10.216917,1.0,3
348,IVFFLAT_HYBRID,"[0.00,0.05)",9.3125,1.0,3
348,SQL_FIRST,"[0.00,0.05)",9.473541,1.0,4
348,VECTOR_FIRST_HNSW,"[0.00,0.05)",22.87125,0.0,4
348,HNSW_HYBRID,"[0.00,0.05)",10.044583,1.0,4
348,IVFFLAT_HYBRID,"[0.00,0.05)",9.68425,1.0,4
349,SQL_FIRST,"[0.00,0.05)",11.286917,1.0,0
349,VECTOR_FIRST_HNSW,"[0.00,0.05)",23.544084,0.1,0
349,HNSW_HYBRID,"[0.00,0.05)",11.665083,1.0,0
349,IVFFLAT_HYBRID,"[0.00,0.05)",11.111791,1.0,0
349,SQL_FIRST,"[0.00,0.05)",10.858917,1.0,1
349,VECTOR_FIRST_HNSW,"[0.00,0.05)",24.041125,0.1,1
349,HNSW_HYBRID,"[0.00,0.05)",11.7675,1.0,1
349,IVFFLAT_HYBRID,"[0.00,0.05)",11.556209,1.0,1
349,SQL_FIRST,"[0.00,0.05)",11.360125,1.0,2
349,VECTOR_FIRST_HNSW,"[0.00,0.05)",23.48375,0.1,2
349,HNSW_HYBRID,"[0.00,0.05)",11.82575,1.0,2
349,IVFFLAT_HYBRID,"[0.00,0.05)",11.599334,1.0,2
349,SQL_FIRST,"[0.00,0.05)",11.455125,1.0,3
349,VECTOR_FIRST_HNSW,"[0.00,0.05)",22.859958,0.1,3
349,HNSW_HYBRID,"[0.00,0.05)",11.531333,1.0,3
349,IVFFLAT_HYBRID,"[0.00,0.05)",11.135042,1.0,3
349,SQL_FIRST,"[0.00,0.05)",11.15,1.0,4
349,VECTOR_FIRST_HNSW,"[0.00,0.05)",22.874084,0.1,4
349,HNSW_HYBRID,"[0.00,0.05)",11.601875,1.0,4
349,IVFFLAT_HYBRID,"[0.00,0.05)",11.206875,1.0,4
351,SQL_FIRST,"[0.00,0.05)",6.690875,1.0,0
351,VECTOR_FIRST_HNSW,"[0.00,0.05)",22.928916,0.0,0
351,HNSW_HYBRID,"[0.00,0.05)",7.375375,1.0,0
351,IVFFLAT_HYBRID,"[0.00,0.05)",6.806375,1.0,0
351,SQL_FIRST,"[0.00,0.05)",6.606375,1.0,1
351,VECTOR_FIRST_HNSW,"[0.00,0.05)",22.899583,0.0,1
351,HNSW_HYBRID,"[0.00,0.05)",7.423667,1.0,1
351,IVFFLAT_HYBRID,"[0.00,0.05)",6.754417,1.0,1
351,SQL_FIRST,"[0.00,0.05)",6.89525,1.0,2
351,VECTOR_FIRST_HNSW,"[0.00,0.05)",22.789125,0.0,2
351,HNSW_HYBRID,"[0.00,0.05)",7.506791,1.0,2
351,IVFFLAT_HYBRID,"[0.00,0.05)",6.908125,1.0,2
351,SQL_FIRST,"[0.00,0.05)",6.725625,1.0,3
351,VECTOR_FIRST_HNSW,"[0.00,0.05)",22.907833,0.0,3
351,HNSW_HYBRID,"[0.00,0.05)",7.421708,1.0,3
351,IVFFLAT_HYBRID,"[0.00,0.05)",6.696791,1.0,3
351,SQL_FIRST,"[0.00,0.05)",6.566709,1.0,4
351,VECTOR_FIRST_HNSW,"[0.00,0.05)",23.343083,0.0,4
351,HNSW_HYBRID,"[0.00,0.05)",7.675625,1.0,4
351,IVFFLAT_HYBRID,"[0.00,0.05)",6.827375,1.0,4
352,SQL_FIRST,"[0.00,0.05)",7.737166,1.0,0
352,VECTOR_FIRST_HNSW,"[0.00,0.05)",23.469959,0.2,0
352,HNSW_HYBRID,"[0.00,0.05)",8.299542,1.0,0
352,IVFFLAT_HYBRID,"[0.00,0.05)",7.470875,1.0,0
352,SQL_FIRST,"[0.00,0.05)",8.002625,1.0,1
352,VECTOR_FIRST_HNSW,"[0.00,0.05)",23.2765,0.2,1
352,HNSW_HYBRID,"[0.00,0.05)",8.716041,1.0,1
352,IVFFLAT_HYBRID,"[0.00,0.05)",7.978917,1.0,1
352,SQL_FIRST,"[0.00,0.05)",7.75575,1.0,2
352,VECTOR_FIRST_HNSW,"[0.00,0.05)",22.941416,0.2,2
352,HNSW_HYBRID,"[0.00,0.05)",8.464208,1.0,2
352,IVFFLAT_HYBRID,"[0.00,0.05)",7.7475,1.0,2
352,SQL_FIRST,"[0.00,0.05)",7.963959,1.0,3
352,VECTOR_FIRST_HNSW,"[0.00,0.05)",22.847167,0.2,3
352,HNSW_HYBRID,"[0.00,0.05)",8.694792,1.0,3
352,IVFFLAT_HYBRID,"[0.00,0.05)",9.144667,1.0,3
352,SQL_FIRST,"[0.00,0.05)",8.972167,1.0,4
352,VECTOR_FIRST_HNSW,"[0.00,0.05)",22.974041,0.2,4
352,HNSW_HYBRID,"[0.00,0.05)",8.282208,1.0,4
352,IVFFLAT_HYBRID,"[0.00,0.05)",7.626667,1.0,4
353,SQL_FIRST,"[0.00,0.05)",9.2185,1.0,0
353,VECTOR_FIRST_HNSW,"[0.00,0.05)",23.053041,0.4,0
353,HNSW_HYBRID,"[0.00,0.05)",9.508083,1.0,0
353,IVFFLAT_HYBRID,"[0.00,0.05)",8.978208,1.0,0
353,SQL_FIRST,"[0.00,0.05)",9.010917,1.0,1
353,VECTOR_FIRST_HNSW,"[0.00,0.05)",22.828375,0.4,1
353,HNSW_HYBRID,"[0.00,0.05)",9.513584,1.0,1
353,IVFFLAT_HYBRID,"[0.00,0.05)",9.296291,1.0,1
353,SQL_FIRST,"[0.00,0.05)",9.115583,1.0,2
353,VECTOR_FIRST_HNSW,"[0.00,0.05)",22.821417,0.4,2
353,HNSW_HYBRID,"[0.00,0.05)",9.289125,1.0,2
353,IVFFLAT_HYBRID,"[0.00,0.05)",10.636458,1.0,2
353,SQL_FIRST,"[0.00,0.05)",9.598208,1.0,3
353,VECTOR_FIRST_HNSW,"[0.00,0.05)",23.080917,0.4,3
353,HNSW_HYBRID,"[0.00,0.05)",9.488791,1.0,3
353,IVFFLAT_HYBRID,"[0.00,0.05)",8.809625,1.0,3
353,SQL_FIRST,"[0.00,0.05)",9.297166,1.0,4
353,VECTOR_FIRST_HNSW,"[0.00,0.05)",23.026417,0.4,4
353,HNSW_HYBRID,"[0.00,0.05)",9.74475,1.0,4
353,IVFFLAT_HYBRID,"[0.00,0.05)",9.546125,1.0,4
354,SQL_FIRST,"[0.00,0.05)",10.30975,1.0,0
354,VECTOR_FIRST_HNSW,"[0.00,0.05)",22.972417,0.5,0
354,HNSW_HYBRID,"[0.00,0.05)",11.066542,1.0,0
354,IVFFLAT_HYBRID,"[0.00,0.05)",10.512834,1.0,0
354,SQL_FIRST,"[0.00,0.05)",10.829041,1.0,1
354,VECTOR_FIRST_HNSW,"[0.00,0.05)",22.988625,0.5,1
354,HNSW_HYBRID,"[0.00,0.05)",11.106792,1.0,1
354,IVFFLAT_HYBRID,"[0.00,0.05)",10.664584,1.0,1
354,SQL_FIRST,"[0.00,0.05)",10.438375,1.0,2
354,VECTOR_FIRST_HNSW,"[0.00,0.05)",22.932334,0.5,2
354,HNSW_HYBRID,"[0.00,0.05)",10.886542,1.0,2
354,IVFFLAT_HYBRID,"[0.00,0.05)",10.744917,1.0,2
354,SQL_FIRST,"[0.00,0.05)",10.710416,1.0,3
354,VECTOR_FIRST_HNSW,"[0.00,0.05)",23.094041,0.5,3
354,HNSW_HYBRID,"[0.00,0.05)",10.817208,1.0,3
354,IVFFLAT_HYBRID,"[0.00,0.05)",10.219708,1.0,3
354,SQL_FIRST,"[0.00,0.05)",10.605208,1.0,4
354,VECTOR_FIRST_HNSW,"[0.00,0.05)",22.994542,0.5,4
354,HNSW_HYBRID,"[0.00,0.05)",10.879542,1.0,4
354,IVFFLAT_HYBRID,"[0.00,0.05)",10.616041,1.0,4
355,SQL_FIRST,"[0.00,0.05)",8.787291,1.0,0
355,VECTOR_FIRST_HNSW,"[0.00,0.05)",22.825,0.8,0
355,HNSW_HYBRID,"[0.00,0.05)",9.507791,1.0,0
355,IVFFLAT_HYBRID,"[0.00,0.05)",9.427,1.0,0
355,SQL_FIRST,"[0.00,0.05)",9.235583,1.0,1
355,VECTOR_FIRST_HNSW,"[0.00,0.05)",22.793917,0.8,1
355,HNSW_HYBRID,"[0.00,0.05)",9.453667,1.0,1
355,IVFFLAT_HYBRID,"[0.00,0.05)",9.274041,1.0,1
355,SQL_FIRST,"[0.00,0.05)",9.248958,1.0,2
355,VECTOR_FIRST_HNSW,"[0.00,0.05)",23.361625,0.8,2
355,HNSW_HYBRID,"[0.00,0.05)",9.312042,1.0,2
355,IVFFLAT_HYBRID,"[0.00,0.05)",8.902541,1.0,2
355,SQL_FIRST,"[0.00,0.05)",9.236459,1.0,3
355,VECTOR_FIRST_HNSW,"[0.00,0.05)",23.801083,0.8,3
355,HNSW_HYBRID,"[0.00,0.05)",9.465791,1.0,3
355,IVFFLAT_HYBRID,"[0.00,0.05)",8.725958,1.0,3
355,SQL_FIRST,"[0.00,0.05)",8.568583,1.0,4
355,VECTOR_FIRST_HNSW,"[0.00,0.05)",23.12725,0.8,4
355,HNSW_HYBRID,"[0.00,0.05)",9.835875,1.0,4
355,IVFFLAT_HYBRID,"[0.00,0.05)",9.32775,1.0,4
356,SQL_FIRST,"[0.00,0.05)",8.926208,1.0,0
356,VECTOR_FIRST_HNSW,"[0.00,0.05)",22.922375,0.7,0
356,HNSW_HYBRID,"[0.00,0.05)",9.524083,1.0,0
356,IVFFLAT_HYBRID,"[0.00,0.05)",9.058542,1.0,0
356,SQL_FIRST,"[0.00,0.05)",9.219042,1.0,1
356,VECTOR_FIRST_HNSW,"[0.00,0.05)",22.981208,0.7,1
356,HNSW_HYBRID,"[0.00,0.05)",9.305791,1.0,1
356,IVFFLAT_HYBRID,"[0.00,0.05)",8.658709,1.0,1
356,SQL_FIRST,"[0.00,0.05)",9.521833,1.0,2
356,VECTOR_FIRST_HNSW,"[0.00,0.05)",22.907667,0.7,2
356,HNSW_HYBRID,"[0.00,0.05)",9.827458,1.0,2
356,IVFFLAT_HYBRID,"[0.00,0.05)",8.848542,1.0,2
356,SQL_FIRST,"[0.00,0.05)",8.987417,1.0,3
356,VECTOR_FIRST_HNSW,"[0.00,0.05)",22.936583,0.7,3
356,HNSW_HYBRID,"[0.00,0.05)",9.523334,1.0,3
356,IVFFLAT_HYBRID,"[0.00,0.05)",8.949875,1.0,3
356,SQL_FIRST,"[0.00,0.05)",9.069625,1.0,4
356,VECTOR_FIRST_HNSW,"[0.00,0.05)",22.74125,0.7,4
356,HNSW_HYBRID,"[0.00,0.05)",9.448208,1.0,4
356,IVFFLAT_HYBRID,"[0.00,0.05)",9.583209,1.0,4
360,SQL_FIRST,"[0.00,0.05)",5.381667,1.0,0
360,VECTOR_FIRST_HNSW,"[0.00,0.05)",24.166584,0.0,0
360,HNSW_HYBRID,"[0.00,0.05)",6.020125,1.0,0
360,IVFFLAT_HYBRID,"[0.00,0.05)",5.797459,1.0,0
360,SQL_FIRST,"[0.00,0.05)",5.298875,1.0,1
360,VECTOR_FIRST_HNSW,"[0.00,0.05)",22.769459,0.0,1
360,HNSW_HYBRID,"[0.00,0.05)",5.8575,1.0,1
360,IVFFLAT_HYBRID,"[0.00,0.05)",5.5445,1.0,1
360,SQL_FIRST,"[0.00,0.05)",5.758708,1.0,2
360,VECTOR_FIRST_HNSW,"[0.00,0.05)",23.325041,0.0,2
360,HNSW_HYBRID,"[0.00,0.05)",5.857625,1.0,2
360,IVFFLAT_HYBRID,"[0.00,0.05)",5.292584,1.0,2
360,SQL_FIRST,"[0.00,0.05)",5.249375,1.0,3
360,VECTOR_FIRST_HNSW,"[0.00,0.05)",22.974083,0.0,3
360,HNSW_HYBRID,"[0.00,0.05)",5.788541,1.0,3
360,IVFFLAT_HYBRID,"[0.00,0.05)",5.307542,1.0,3
360,SQL_FIRST,"[0.00,0.05)",5.351459,1.0,4
360,VECTOR_FIRST_HNSW,"[0.00,0.05)",22.866417,0.0,4
360,HNSW_HYBRID,"[0.00,0.05)",5.860792,1.0,4
360,IVFFLAT_HYBRID,"[0.00,0.05)",5.676125,1.0,4
362,SQL_FIRST,"[0.00,0.05)",6.110834,1.0,0
362,VECTOR_FIRST_HNSW,"[0.00,0.05)",22.9145,0.0,0
362,HNSW_HYBRID,"[0.00,0.05)",6.805,1.0,0
362,IVFFLAT_HYBRID,"[0.00,0.05)",6.148084,1.0,0
362,SQL_FIRST,"[0.00,0.05)",6.161791,1.0,1
362,VECTOR_FIRST_HNSW,"[0.00,0.05)",22.834333,0.0,1
362,HNSW_HYBRID,"[0.00,0.05)",6.795708,1.0,1
362,IVFFLAT_HYBRID,"[0.00,0.05)",6.450041,1.0,1
362,SQL_FIRST,"[0.00,0.05)",6.317834,1.0,2
362,VECTOR_FIRST_HNSW,"[0.00,0.05)",22.873458,0.0,2
362,HNSW_HYBRID,"[0.00,0.05)",6.8945,1.0,2
362,IVFFLAT_HYBRID,"[0.00,0.05)",6.055625,1.0,2
362,SQL_FIRST,"[0.00,0.05)",6.114875,1.0,3
362,VECTOR_FIRST_HNSW,"[0.00,0.05)",22.885375,0.0,3
362,HNSW_HYBRID,"[0.00,0.05)",6.844958,1.0,3
362,IVFFLAT_HYBRID,"[0.00,0.05)",6.199167,1.0,3
362,SQL_FIRST,"[0.00,0.05)",6.02775,1.0,4
362,VECTOR_FIRST_HNSW,"[0.00,0.05)",22.874208,0.0,4
362,HNSW_HYBRID,"[0.00,0.05)",6.780708,1.0,4
362,IVFFLAT_HYBRID,"[0.00,0.05)",6.210625,1.0,4
365,SQL_FIRST,"[0.00,0.05)",6.383208,1.0,0
365,VECTOR_FIRST_HNSW,"[0.00,0.05)",23.437667,0.0,0
365,HNSW_HYBRID,"[0.00,0.05)",7.240917,1.0,0
365,IVFFLAT_HYBRID,"[0.00,0.05)",7.024208,1.0,0
365,SQL_FIRST,"[0.00,0.05)",6.891708,1.0,1
365,VECTOR_FIRST_HNSW,"[0.00,0.05)",23.155458,0.0,1
365,HNSW_HYBRID,"[0.00,0.05)",7.095375,1.0,1
365,IVFFLAT_HYBRID,"[0.00,0.05)",6.734708,1.0,1
365,SQL_FIRST,"[0.00,0.05)",6.883791,1.0,2
365,VECTOR_FIRST_HNSW,"[0.00,0.05)",23.595292,0.0,2
365,HNSW_HYBRID,"[0.00,0.05)",7.096792,1.0,2
365,IVFFLAT_HYBRID,"[0.00,0.05)",6.53,1.0,2
365,SQL_FIRST,"[0.00,0.05)",6.298625,1.0,3
365,VECTOR_FIRST_HNSW,"[0.00,0.05)",22.914542,0.0,3
365,HNSW_HYBRID,"[0.00,0.05)",7.065375,1.0,3
365,IVFFLAT_HYBRID,"[0.00,0.05)",6.459459,1.0,3
365,SQL_FIRST,"[0.00,0.05)",6.70125,1.0,4
365,VECTOR_FIRST_HNSW,"[0.00,0.05)",22.885458,0.0,4
365,HNSW_HYBRID,"[0.00,0.05)",7.482708,1.0,4
365,IVFFLAT_HYBRID,"[0.00,0.05)",7.892125,1.0,4
366,SQL_FIRST,"[0.00,0.05)",9.744208,1.0,0
366,VECTOR_FIRST_HNSW,"[0.00,0.05)",23.011833,0.7,0
366,HNSW_HYBRID,"[0.00,0.05)",9.841791,1.0,0
366,IVFFLAT_HYBRID,"[0.00,0.05)",9.341042,1.0,0
366,SQL_FIRST,"[0.00,0.05)",9.052708,1.0,1
366,VECTOR_FIRST_HNSW,"[0.00,0.05)",23.037042,0.7,1
366,HNSW_HYBRID,"[0.00,0.05)",9.807916,1.0,1
366,IVFFLAT_HYBRID,"[0.00,0.05)",9.757125,1.0,1
366,SQL_FIRST,"[0.00,0.05)",9.40575,1.0,2
366,VECTOR_FIRST_HNSW,"[0.00,0.05)",22.983542,0.7,2
366,HNSW_HYBRID,"[0.00,0.05)",9.710792,1.0,2
366,IVFFLAT_HYBRID,"[0.00,0.05)",9.43475,1.0,2
366,SQL_FIRST,"[0.00,0.05)",9.384375,1.0,3
366,VECTOR_FIRST_HNSW,"[0.00,0.05)",22.893834,0.7,3
366,HNSW_HYBRID,"[0.00,0.05)",9.659959,1.0,3
366,IVFFLAT_HYBRID,"[0.00,0.05)",9.507167,1.0,3
366,SQL_FIRST,"[0.00,0.05)",9.364208,1.0,4
366,VECTOR_FIRST_HNSW,"[0.00,0.05)",23.839584,0.7,4
366,HNSW_HYBRID,"[0.00,0.05)",9.732625,1.0,4
366,IVFFLAT_HYBRID,"[0.00,0.05)",9.073209,1.0,4
368,SQL_FIRST,"[0.00,0.05)",9.030167,1.0,0
368,VECTOR_FIRST_HNSW,"[0.00,0.05)",23.02975,0.4,0
368,HNSW_HYBRID,"[0.00,0.05)",10.0185,1.0,0
368,IVFFLAT_HYBRID,"[0.00,0.05)",9.818375,1.0,0
368,SQL_FIRST,"[0.00,0.05)",9.275959,1.0,1
368,VECTOR_FIRST_HNSW,"[0.00,0.05)",22.922416,0.4,1
368,HNSW_HYBRID,"[0.00,0.05)",9.730709,1.0,1
368,IVFFLAT_HYBRID,"[0.00,0.05)",9.381708,1.0,1
368,SQL_FIRST,"[0.00,0.05)",9.396459,1.0,2
368,VECTOR_FIRST_HNSW,"[0.00,0.05)",22.958542,0.4,2
368,HNSW_HYBRID,"[0.00,0.05)",9.66925,1.0,2
368,IVFFLAT_HYBRID,"[0.00,0.05)",9.322458,1.0,2
368,SQL_FIRST,"[0.00,0.05)",9.388583,1.0,3
368,VECTOR_FIRST_HNSW,"[0.00,0.05)",22.958166,0.4,3
368,HNSW_HYBRID,"[0.00,0.05)",9.594542,1.0,3
368,IVFFLAT_HYBRID,"[0.00,0.05)",8.932666,1.0,3
368,SQL_FIRST,"[0.00,0.05)",9.777125,1.0,4
368,VECTOR_FIRST_HNSW,"[0.00,0.05)",22.915333,0.4,4
368,HNSW_HYBRID,"[0.00,0.05)",9.9035,1.0,4
368,IVFFLAT_HYBRID,"[0.00,0.05)",9.12625,1.0,4
369,SQL_FIRST,"[0.00,0.05)",9.074791,1.0,0
369,VECTOR_FIRST_HNSW,"[0.00,0.05)",22.85425,0.4,0
369,HNSW_HYBRID,"[0.00,0.05)",9.691958,1.0,0
369,IVFFLAT_HYBRID,"[0.00,0.05)",9.33975,1.0,0
369,SQL_FIRST,"[0.00,0.05)",9.527334,1.0,1
369,VECTOR_FIRST_HNSW,"[0.00,0.05)",22.925916,0.4,1
369,HNSW_HYBRID,"[0.00,0.05)",9.685125,1.0,1
369,IVFFLAT_HYBRID,"[0.00,0.05)",9.592083,1.0,1
369,SQL_FIRST,"[0.00,0.05)",9.807667,1.0,2
369,VECTOR_FIRST_HNSW,"[0.00,0.05)",23.10975,0.4,2
369,HNSW_HYBRID,"[0.00,0.05)",9.611958,1.0,2
369,IVFFLAT_HYBRID,"[0.00,0.05)",9.14925,1.0,2
369,SQL_FIRST,"[0.00,0.05)",9.88175,1.0,3
369,VECTOR_FIRST_HNSW,"[0.00,0.05)",23.062375,0.4,3
369,HNSW_HYBRID,"[0.00,0.05)",10.018209,1.0,3
369,IVFFLAT_HYBRID,"[0.00,0.05)",9.485083,1.0,3
369,SQL_FIRST,"[0.00,0.05)",9.03675,1.0,4
369,VECTOR_FIRST_HNSW,"[0.00,0.05)",23.569958,0.4,4
369,HNSW_HYBRID,"[0.00,0.05)",9.845834,1.0,4
369,IVFFLAT_HYBRID,"[0.00,0.05)",9.666125,1.0,4
371,SQL_FIRST,"[0.00,0.05)",9.102459,1.0,0
371,VECTOR_FIRST_HNSW,"[0.00,0.05)",22.971792,0.5,0
371,HNSW_HYBRID,"[0.00,0.05)",9.334208,1.0,0
371,IVFFLAT_HYBRID,"[0.00,0.05)",8.926959,1.0,0
371,SQL_FIRST,"[0.00,0.05)",9.044625,1.0,1
371,VECTOR_FIRST_HNSW,"[0.00,0.05)",23.013917,0.5,1
371,HNSW_HYBRID,"[0.00,0.05)",9.227042,1.0,1
371,IVFFLAT_HYBRID,"[0.00,0.05)",8.815166,1.0,1
371,SQL_FIRST,"[0.00,0.05)",9.377166,1.0,2
371,VECTOR_FIRST_HNSW,"[0.00,0.05)",22.936834,0.5,2
371,HNSW_HYBRID,"[0.00,0.05)",9.500084,1.0,2
371,IVFFLAT_HYBRID,"[0.00,0.05)",8.688791,1.0,2
371,SQL_FIRST,"[0.00,0.05)",8.613417,1.0,3
371,VECTOR_FIRST_HNSW,"[0.00,0.05)",22.980166,0.5,3
371,HNSW_HYBRID,"[0.00,0.05)",9.36625,1.0,3
371,IVFFLAT_HYBRID,"[0.00,0.05)",8.948959,1.0,3
371,SQL_FIRST,"[0.00,0.05)",9.042833,1.0,4
371,VECTOR_FIRST_HNSW,"[0.00,0.05)",22.789458,0.5,4
371,HNSW_HYBRID,"[0.00,0.05)",9.251208,1.0,4
371,IVFFLAT_HYBRID,"[0.00,0.05)",9.045291,1.0,4
373,SQL_FIRST,"[0.00,0.05)",1.51775,1.0,0
373,VECTOR_FIRST_HNSW,"[0.00,0.05)",22.743542,0.0,0
373,HNSW_HYBRID,"[0.00,0.05)",1.897833,1.0,0
373,IVFFLAT_HYBRID,"[0.00,0.05)",1.532709,1.0,0
373,SQL_FIRST,"[0.00,0.05)",1.634666,1.0,1
373,VECTOR_FIRST_HNSW,"[0.00,0.05)",23.558917,0.0,1
373,HNSW_HYBRID,"[0.00,0.05)",1.965125,1.0,1
373,IVFFLAT_HYBRID,"[0.00,0.05)",1.48825,1.0,1
373,SQL_FIRST,"[0.00,0.05)",1.47,1.0,2
373,VECTOR_FIRST_HNSW,"[0.00,0.05)",22.70025,0.0,2
373,HNSW_HYBRID,"[0.00,0.05)",2.002042,1.0,2
373,IVFFLAT_HYBRID,"[0.00,0.05)",1.551833,1.0,2
373,SQL_FIRST,"[0.00,0.05)",1.491708,1.0,3
373,VECTOR_FIRST_HNSW,"[0.00,0.05)",23.963583,0.0,3
373,HNSW_HYBRID,"[0.00,0.05)",1.912833,1.0,3
373,IVFFLAT_HYBRID,"[0.00,0.05)",1.615833,1.0,3
373,SQL_FIRST,"[0.00,0.05)",1.6135,1.0,4
373,VECTOR_FIRST_HNSW,"[0.00,0.05)",22.933167,0.0,4
373,HNSW_HYBRID,"[0.00,0.05)",1.9035,1.0,4
373,IVFFLAT_HYBRID,"[0.00,0.05)",1.531625,1.0,4
380,SQL_FIRST,"[0.00,0.05)",9.135667,1.0,0
380,VECTOR_FIRST_HNSW,"[0.00,0.05)",23.0545,0.6,0
380,HNSW_HYBRID,"[0.00,0.05)",9.63125,1.0,0
380,IVFFLAT_HYBRID,"[0.00,0.05)",9.597416,1.0,0
380,SQL_FIRST,"[0.00,0.05)",9.290917,1.0,1
380,VECTOR_FIRST_HNSW,"[0.00,0.05)",22.883083,0.6,1
380,HNSW_HYBRID,"[0.00,0.05)",9.724541,1.0,1
380,IVFFLAT_HYBRID,"[0.00,0.05)",9.667416,1.0,1
380,SQL_FIRST,"[0.00,0.05)",10.542875,1.0,2
380,VECTOR_FIRST_HNSW,"[0.00,0.05)",23.365417,0.6,2
380,HNSW_HYBRID,"[0.00,0.05)",10.610084,1.0,2
380,IVFFLAT_HYBRID,"[0.00,0.05)",10.609041,1.0,2
380,SQL_FIRST,"[0.00,0.05)",10.473333,1.0,3
380,VECTOR_FIRST_HNSW,"[0.00,0.05)",25.14825,0.6,3
380,HNSW_HYBRID,"[0.00,0.05)",10.525334,1.0,3
380,IVFFLAT_HYBRID,"[0.00,0.05)",10.612375,1.0,3
380,SQL_FIRST,"[0.00,0.05)",10.409333,1.0,4
380,VECTOR_FIRST_HNSW,"[0.00,0.05)",25.555584,0.6,4
380,HNSW_HYBRID,"[0.00,0.05)",11.705125,1.0,4
380,IVFFLAT_HYBRID,"[0.00,0.05)",9.67425,1.0,4
382,SQL_FIRST,"[0.00,0.05)",8.854625,1.0,0
382,VECTOR_FIRST_HNSW,"[0.00,0.05)",24.74025,0.1,0
382,HNSW_HYBRID,"[0.00,0.05)",9.574583,1.0,0
382,IVFFLAT_HYBRID,"[0.00,0.05)",8.963042,1.0,0
382,SQL_FIRST,"[0.00,0.05)",9.050084,1.0,1
382,VECTOR_FIRST_HNSW,"[0.00,0.05)",23.107292,0.1,1
382,HNSW_HYBRID,"[0.00,0.05)",9.834,1.0,1
382,IVFFLAT_HYBRID,"[0.00,0.05)",9.676333,1.0,1
382,SQL_FIRST,"[0.00,0.05)",9.595667,1.0,2
382,VECTOR_FIRST_HNSW,"[0.00,0.05)",24.960917,0.1,2
382,HNSW_HYBRID,"[0.00,0.05)",9.667833,1.0,2
382,IVFFLAT_HYBRID,"[0.00,0.05)",9.657833,1.0,2
382,SQL_FIRST,"[0.00,0.05)",9.084291,1.0,3
382,VECTOR_FIRST_HNSW,"[0.00,0.05)",24.578167,0.1,3
382,HNSW_HYBRID,"[0.00,0.05)",9.391,1.0,3
382,IVFFLAT_HYBRID,"[0.00,0.05)",9.258417,1.0,3
382,SQL_FIRST,"[0.00,0.05)",8.909708,1.0,4
382,VECTOR_FIRST_HNSW,"[0.00,0.05)",24.146208,0.1,4
382,HNSW_HYBRID,"[0.00,0.05)",9.550541,1.0,4
382,IVFFLAT_HYBRID,"[0.00,0.05)",9.750292,1.0,4
385,SQL_FIRST,"[0.00,0.05)",4.982917,1.0,0
385,VECTOR_FIRST_HNSW,"[0.00,0.05)",23.288667,0.2,0
385,HNSW_HYBRID,"[0.00,0.05)",5.315958,1.0,0
385,IVFFLAT_HYBRID,"[0.00,0.05)",4.797875,1.0,0
385,SQL_FIRST,"[0.00,0.05)",4.968292,1.0,1
385,VECTOR_FIRST_HNSW,"[0.00,0.05)",23.593667,0.2,1
385,HNSW_HYBRID,"[0.00,0.05)",5.135208,1.0,1
385,IVFFLAT_HYBRID,"[0.00,0.05)",4.741417,1.0,1
385,SQL_FIRST,"[0.00,0.05)",4.707167,1.0,2
385,VECTOR_FIRST_HNSW,"[0.00,0.05)",22.965833,0.2,2
385,HNSW_HYBRID,"[0.00,0.05)",5.224875,1.0,2
385,IVFFLAT_HYBRID,"[0.00,0.05)",4.801083,1.0,2
385,SQL_FIRST,"[0.00,0.05)",4.698833,1.0,3
385,VECTOR_FIRST_HNSW,"[0.00,0.05)",23.192292,0.2,3
385,HNSW_HYBRID,"[0.00,0.05)",5.184583,1.0,3
385,IVFFLAT_HYBRID,"[0.00,0.05)",4.78975,1.0,3
385,SQL_FIRST,"[0.00,0.05)",4.687,1.0,4
385,VECTOR_FIRST_HNSW,"[0.00,0.05)",23.073,0.2,4
385,HNSW_HYBRID,"[0.00,0.05)",5.224417,1.0,4
385,IVFFLAT_HYBRID,"[0.00,0.05)",4.705792,1.0,4
388,SQL_FIRST,"[0.00,0.05)",6.330875,1.0,0
388,VECTOR_FIRST_HNSW,"[0.00,0.05)",24.079625,0.1,0
388,HNSW_HYBRID,"[0.00,0.05)",7.029584,1.0,0
388,IVFFLAT_HYBRID,"[0.00,0.05)",6.499292,1.0,0
388,SQL_FIRST,"[0.00,0.05)",6.208667,1.0,1
388,VECTOR_FIRST_HNSW,"[0.00,0.05)",23.784875,0.1,1
388,HNSW_HYBRID,"[0.00,0.05)",6.866792,1.0,1
388,IVFFLAT_HYBRID,"[0.00,0.05)",6.791708,1.0,1
388,SQL_FIRST,"[0.00,0.05)",6.4445,1.0,2
388,VECTOR_FIRST_HNSW,"[0.00,0.05)",23.281,0.1,2
388,HNSW_HYBRID,"[0.00,0.05)",6.790875,1.0,2
388,IVFFLAT_HYBRID,"[0.00,0.05)",6.345583,1.0,2
388,SQL_FIRST,"[0.00,0.05)",6.720291,1.0,3
388,VECTOR_FIRST_HNSW,"[0.00,0.05)",23.793292,0.1,3
388,HNSW_HYBRID,"[0.00,0.05)",6.806416,1.0,3
388,IVFFLAT_HYBRID,"[0.00,0.05)",6.34725,1.0,3
388,SQL_FIRST,"[0.00,0.05)",6.336042,1.0,4
388,VECTOR_FIRST_HNSW,"[0.00,0.05)",23.58375,0.1,4
388,HNSW_HYBRID,"[0.00,0.05)",6.841208,1.0,4
388,IVFFLAT_HYBRID,"[0.00,0.05)",6.34275,1.0,4
389,SQL_FIRST,"[0.00,0.05)",9.606083,1.0,0
389,VECTOR_FIRST_HNSW,"[0.00,0.05)",23.070208,0.5,0
389,HNSW_HYBRID,"[0.00,0.05)",9.874209,1.0,0
389,IVFFLAT_HYBRID,"[0.00,0.05)",9.598333,1.0,0
389,SQL_FIRST,"[0.00,0.05)",9.59275,1.0,1
389,VECTOR_FIRST_HNSW,"[0.00,0.05)",23.638542,0.5,1
389,HNSW_HYBRID,"[0.00,0.05)",9.538167,1.0,1
389,IVFFLAT_HYBRID,"[0.00,0.05)",9.293958,1.0,1
389,SQL_FIRST,"[0.00,0.05)",9.680416,1.0,2
389,VECTOR_FIRST_HNSW,"[0.00,0.05)",26.600125,0.5,2
389,HNSW_HYBRID,"[0.00,0.05)",11.360041,1.0,2
389,IVFFLAT_HYBRID,"[0.00,0.05)",9.974541,1.0,2
389,SQL_FIRST,"[0.00,0.05)",10.374375,1.0,3
389,VECTOR_FIRST_HNSW,"[0.00,0.05)",23.68125,0.5,3
389,HNSW_HYBRID,"[0.00,0.05)",10.476,1.0,3
389,IVFFLAT_HYBRID,"[0.00,0.05)",9.587709,1.0,3
389,SQL_FIRST,"[0.00,0.05)",10.072625,1.0,4
389,VECTOR_FIRST_HNSW,"[0.00,0.05)",25.804417,0.5,4
389,HNSW_HYBRID,"[0.00,0.05)",10.261375,1.0,4
389,IVFFLAT_HYBRID,"[0.00,0.05)",10.224958,1.0,4
390,SQL_FIRST,"[0.00,0.05)",7.335459,1.0,0
390,VECTOR_FIRST_HNSW,"[0.00,0.05)",23.458041,0.1,0
390,HNSW_HYBRID,"[0.00,0.05)",7.312667,1.0,0
390,IVFFLAT_HYBRID,"[0.00,0.05)",6.85225,1.0,0
390,SQL_FIRST,"[0.00,0.05)",6.737208,1.0,1
390,VECTOR_FIRST_HNSW,"[0.00,0.05)",23.68175,0.1,1
390,HNSW_HYBRID,"[0.00,0.05)",7.3845,1.0,1
390,IVFFLAT_HYBRID,"[0.00,0.05)",6.756167,1.0,1
390,SQL_FIRST,"[0.00,0.05)",6.915041,1.0,2
390,VECTOR_FIRST_HNSW,"[0.00,0.05)",23.441542,0.1,2
390,HNSW_HYBRID,"[0.00,0.05)",7.353542,1.0,2
390,IVFFLAT_HYBRID,"[0.00,0.05)",6.7535,1.0,2
390,SQL_FIRST,"[0.00,0.05)",6.688708,1.0,3
390,VECTOR_FIRST_HNSW,"[0.00,0.05)",22.852958,0.1,3
390,HNSW_HYBRID,"[0.00,0.05)",7.2115,1.0,3
390,IVFFLAT_HYBRID,"[0.00,0.05)",6.762209,1.0,3
390,SQL_FIRST,"[0.00,0.05)",6.597375,1.0,4
390,VECTOR_FIRST_HNSW,"[0.00,0.05)",23.067417,0.1,4
390,HNSW_HYBRID,"[0.00,0.05)",7.313292,1.0,4
390,IVFFLAT_HYBRID,"[0.00,0.05)",6.790625,1.0,4
393,SQL_FIRST,"[0.00,0.05)",9.313958,1.0,0
393,VECTOR_FIRST_HNSW,"[0.00,0.05)",24.383,0.2,0
393,HNSW_HYBRID,"[0.00,0.05)",10.215417,1.0,0
393,IVFFLAT_HYBRID,"[0.00,0.05)",9.800042,1.0,0
393,SQL_FIRST,"[0.00,0.05)",9.805,1.0,1
393,VECTOR_FIRST_HNSW,"[0.00,0.05)",23.390667,0.2,1
393,HNSW_HYBRID,"[0.00,0.05)",9.813792,1.0,1
393,IVFFLAT_HYBRID,"[0.00,0.05)",9.401583,1.0,1
393,SQL_FIRST,"[0.00,0.05)",9.332875,1.0,2
393,VECTOR_FIRST_HNSW,"[0.00,0.05)",23.570083,0.2,2
393,HNSW_HYBRID,"[0.00,0.05)",9.406125,1.0,2
393,IVFFLAT_HYBRID,"[0.00,0.05)",9.326,1.0,2
393,SQL_FIRST,"[0.00,0.05)",9.311041,1.0,3
393,VECTOR_FIRST_HNSW,"[0.00,0.05)",23.635375,0.2,3
393,HNSW_HYBRID,"[0.00,0.05)",9.898125,1.0,3
393,IVFFLAT_HYBRID,"[0.00,0.05)",9.516,1.0,3
393,SQL_FIRST,"[0.00,0.05)",9.45825,1.0,4
393,VECTOR_FIRST_HNSW,"[0.00,0.05)",24.621125,0.2,4
393,HNSW_HYBRID,"[0.00,0.05)",9.889625,1.0,4
393,IVFFLAT_HYBRID,"[0.00,0.05)",9.421042,1.0,4
395,SQL_FIRST,"[0.00,0.05)",10.255125,1.0,0
395,VECTOR_FIRST_HNSW,"[0.00,0.05)",23.518209,0.1,0
395,HNSW_HYBRID,"[0.00,0.05)",10.70075,1.0,0
395,IVFFLAT_HYBRID,"[0.00,0.05)",10.237,1.0,0
395,SQL_FIRST,"[0.00,0.05)",10.539208,1.0,1
395,VECTOR_FIRST_HNSW,"[0.00,0.05)",23.611,0.1,1
395,HNSW_HYBRID,"[0.00,0.05)",10.702958,1.0,1
395,IVFFLAT_HYBRID,"[0.00,0.05)",10.071042,1.0,1
395,SQL_FIRST,"[0.00,0.05)",10.038917,1.0,2
395,VECTOR_FIRST_HNSW,"[0.00,0.05)",22.858125,0.1,2
395,HNSW_HYBRID,"[0.00,0.05)",10.479542,1.0,2
395,IVFFLAT_HYBRID,"[0.00,0.05)",10.453833,1.0,2
395,SQL_FIRST,"[0.00,0.05)",10.202458,1.0,3
395,VECTOR_FIRST_HNSW,"[0.00,0.05)",23.210375,0.1,3
395,HNSW_HYBRID,"[0.00,0.05)",10.517458,1.0,3
395,IVFFLAT_HYBRID,"[0.00,0.05)",10.153667,1.0,3
395,SQL_FIRST,"[0.00,0.05)",10.573958,1.0,4
395,VECTOR_FIRST_HNSW,"[0.00,0.05)",24.67875,0.1,4
395,HNSW_HYBRID,"[0.00,0.05)",10.61825,1.0,4
395,IVFFLAT_HYBRID,"[0.00,0.05)",10.463834,1.0,4
398,SQL_FIRST,"[0.00,0.05)",5.135625,1.0,0
398,VECTOR_FIRST_HNSW,"[0.00,0.05)",23.3845,0.1,0
398,HNSW_HYBRID,"[0.00,0.05)",5.636,1.0,0
398,IVFFLAT_HYBRID,"[0.00,0.05)",5.152583,1.0,0
398,SQL_FIRST,"[0.00,0.05)",5.169084,1.0,1
398,VECTOR_FIRST_HNSW,"[0.00,0.05)",25.426584,0.1,1
398,HNSW_HYBRID,"[0.00,0.05)",5.70475,1.0,1
398,IVFFLAT_HYBRID,"[0.00,0.05)",5.200208,1.0,1
398,SQL_FIRST,"[0.00,0.05)",5.107417,1.0,2
398,VECTOR_FIRST_HNSW,"[0.00,0.05)",23.145541,0.1,2
398,HNSW_HYBRID,"[0.00,0.05)",5.637375,1.0,2
398,IVFFLAT_HYBRID,"[0.00,0.05)",5.259041,1.0,2
398,SQL_FIRST,"[0.00,0.05)",5.667667,1.0,3
398,VECTOR_FIRST_HNSW,"[0.00,0.05)",23.630625,0.1,3
398,HNSW_HYBRID,"[0.00,0.05)",5.950709,1.0,3
398,IVFFLAT_HYBRID,"[0.00,0.05)",5.529167,1.0,3
398,SQL_FIRST,"[0.00,0.05)",5.275542,1.0,4
398,VECTOR_FIRST_HNSW,"[0.00,0.05)",24.157708,0.1,4
398,HNSW_HYBRID,"[0.00,0.05)",5.716458,1.0,4
398,IVFFLAT_HYBRID,"[0.00,0.05)",5.272083,1.0,4
399,SQL_FIRST,"[0.00,0.05)",9.136333,1.0,0
399,VECTOR_FIRST_HNSW,"[0.00,0.05)",23.403708,0.2,0
399,HNSW_HYBRID,"[0.00,0.05)",10.577084,1.0,0
399,IVFFLAT_HYBRID,"[0.00,0.05)",9.420667,1.0,0
399,SQL_FIRST,"[0.00,0.05)",9.075958,1.0,1
399,VECTOR_FIRST_HNSW,"[0.00,0.05)",24.656333,0.2,1
399,HNSW_HYBRID,"[0.00,0.05)",9.35025,1.0,1
399,IVFFLAT_HYBRID,"[0.00,0.05)",8.9175,1.0,1
399,SQL_FIRST,"[0.00,0.05)",9.427625,1.0,2
399,VECTOR_FIRST_HNSW,"[0.00,0.05)",23.014583,0.2,2
399,HNSW_HYBRID,"[0.00,0.05)",9.659625,1.0,2
399,IVFFLAT_HYBRID,"[0.00,0.05)",9.008,1.0,2
399,SQL_FIRST,"[0.00,0.05)",8.660791,1.0,3
399,VECTOR_FIRST_HNSW,"[0.00,0.05)",22.959917,0.2,3
399,HNSW_HYBRID,"[0.00,0.05)",9.446084,1.0,3
399,IVFFLAT_HYBRID,"[0.00,0.05)",9.2935,1.0,3
399,SQL_FIRST,"[0.00,0.05)",9.102583,1.0,4
399,VECTOR_FIRST_HNSW,"[0.00,0.05)",22.939208,0.2,4
399,HNSW_HYBRID,"[0.00,0.05)",9.532167,1.0,4
399,IVFFLAT_HYBRID,"[0.00,0.05)",9.160333,1.0,4
400,SQL_FIRST,"[0.00,0.05)",9.150792,1.0,0
400,VECTOR_FIRST_HNSW,"[0.00,0.05)",22.913083,0.1,0
400,HNSW_HYBRID,"[0.00,0.05)",9.499041,1.0,0
400,IVFFLAT_HYBRID,"[0.00,0.05)",8.723125,1.0,0
400,SQL_FIRST,"[0.00,0.05)",9.130416,1.0,1
400,VECTOR_FIRST_HNSW,"[0.00,0.05)",23.991,0.1,1
400,HNSW_HYBRID,"[0.00,0.05)",9.996541,1.0,1
400,IVFFLAT_HYBRID,"[0.00,0.05)",8.999709,1.0,1
400,SQL_FIRST,"[0.00,0.05)",8.791709,1.0,2
400,VECTOR_FIRST_HNSW,"[0.00,0.05)",23.008834,0.1,2
400,HNSW_HYBRID,"[0.00,0.05)",9.911125,1.0,2
400,IVFFLAT_HYBRID,"[0.00,0.05)",9.07625,1.0,2
400,SQL_FIRST,"[0.00,0.05)",9.234209,1.0,3
400,VECTOR_FIRST_HNSW,"[0.00,0.05)",22.902042,0.1,3
400,HNSW_HYBRID,"[0.00,0.05)",9.581917,1.0,3
400,IVFFLAT_HYBRID,"[0.00,0.05)",9.124708,1.0,3
400,SQL_FIRST,"[0.00,0.05)",8.879459,1.0,4
400,VECTOR_FIRST_HNSW,"[0.00,0.05)",22.888917,0.1,4
400,HNSW_HYBRID,"[0.00,0.05)",9.471375,1.0,4
400,IVFFLAT_HYBRID,"[0.00,0.05)",9.232583,1.0,4
401,SQL_FIRST,"[0.00,0.05)",8.618,1.0,0
401,VECTOR_FIRST_HNSW,"[0.00,0.05)",22.93225,0.3,0
401,HNSW_HYBRID,"[0.00,0.05)",9.327917,1.0,0
401,IVFFLAT_HYBRID,"[0.00,0.05)",9.363125,1.0,0
401,SQL_FIRST,"[0.00,0.05)",8.716625,1.0,1
401,VECTOR_FIRST_HNSW,"[0.00,0.05)",22.982791,0.3,1
401,HNSW_HYBRID,"[0.00,0.05)",9.134084,1.0,1
401,IVFFLAT_HYBRID,"[0.00,0.05)",8.806959,1.0,1
401,SQL_FIRST,"[0.00,0.05)",8.608083,1.0,2
401,VECTOR_FIRST_HNSW,"[0.00,0.05)",22.874917,0.3,2
401,HNSW_HYBRID,"[0.00,0.05)",9.150708,1.0,2
401,IVFFLAT_HYBRID,"[0.00,0.05)",8.710334,1.0,2
401,SQL_FIRST,"[0.00,0.05)",8.906291,1.0,3
401,VECTOR_FIRST_HNSW,"[0.00,0.05)",22.922625,0.3,3
401,HNSW_HYBRID,"[0.00,0.05)",8.981625,1.0,3
401,IVFFLAT_HYBRID,"[0.00,0.05)",8.234584,1.0,3
401,SQL_FIRST,"[0.00,0.05)",9.029666,1.0,4
401,VECTOR_FIRST_HNSW,"[0.00,0.05)",22.861708,0.3,4
401,HNSW_HYBRID,"[0.00,0.05)",9.498083,1.0,4
401,IVFFLAT_HYBRID,"[0.00,0.05)",8.646208,1.0,4
403,SQL_FIRST,"[0.00,0.05)",6.427291,1.0,0
403,VECTOR_FIRST_HNSW,"[0.00,0.05)",23.284875,0.2,0
403,HNSW_HYBRID,"[0.00,0.05)",6.932084,1.0,0
403,IVFFLAT_HYBRID,"[0.00,0.05)",6.491833,1.0,0
403,SQL_FIRST,"[0.00,0.05)",6.294958,1.0,1
403,VECTOR_FIRST_HNSW,"[0.00,0.05)",23.685417,0.2,1
403,HNSW_HYBRID,"[0.00,0.05)",6.930708,1.0,1
403,IVFFLAT_HYBRID,"[0.00,0.05)",6.169042,1.0,1
403,SQL_FIRST,"[0.00,0.05)",6.115708,1.0,2
403,VECTOR_FIRST_HNSW,"[0.00,0.05)",22.944125,0.2,2
403,HNSW_HYBRID,"[0.00,0.05)",6.822625,1.0,2
403,IVFFLAT_HYBRID,"[0.00,0.05)",6.221583,1.0,2
403,SQL_FIRST,"[0.00,0.05)",6.124041,1.0,3
403,VECTOR_FIRST_HNSW,"[0.00,0.05)",22.951,0.2,3
403,HNSW_HYBRID,"[0.00,0.05)",6.989917,1.0,3
403,IVFFLAT_HYBRID,"[0.00,0.05)",7.281458,1.0,3
403,SQL_FIRST,"[0.00,0.05)",7.168708,1.0,4
403,VECTOR_FIRST_HNSW,"[0.00,0.05)",23.340458,0.2,4
403,HNSW_HYBRID,"[0.00,0.05)",6.837542,1.0,4
403,IVFFLAT_HYBRID,"[0.00,0.05)",6.07725,1.0,4
404,SQL_FIRST,"[0.00,0.05)",7.055083,1.0,0
404,VECTOR_FIRST_HNSW,"[0.00,0.05)",22.97475,0.1,0
404,HNSW_HYBRID,"[0.00,0.05)",7.549167,1.0,0
404,IVFFLAT_HYBRID,"[0.00,0.05)",7.039166,1.0,0
404,SQL_FIRST,"[0.00,0.05)",6.758958,1.0,1
404,VECTOR_FIRST_HNSW,"[0.00,0.05)",23.018125,0.1,1
404,HNSW_HYBRID,"[0.00,0.05)",7.547584,1.0,1
404,IVFFLAT_HYBRID,"[0.00,0.05)",6.909083,1.0,1
404,SQL_FIRST,"[0.00,0.05)",6.761833,1.0,2
404,VECTOR_FIRST_HNSW,"[0.00,0.05)",22.9675,0.1,2
404,HNSW_HYBRID,"[0.00,0.05)",7.538833,1.0,2
404,IVFFLAT_HYBRID,"[0.00,0.05)",6.772917,1.0,2
404,SQL_FIRST,"[0.00,0.05)",7.024708,1.0,3
404,VECTOR_FIRST_HNSW,"[0.00,0.05)",22.823667,0.1,3
404,HNSW_HYBRID,"[0.00,0.05)",7.814375,1.0,3
404,IVFFLAT_HYBRID,"[0.00,0.05)",7.025416,1.0,3
404,SQL_FIRST,"[0.00,0.05)",6.985875,1.0,4
404,VECTOR_FIRST_HNSW,"[0.00,0.05)",23.4875,0.1,4
404,HNSW_HYBRID,"[0.00,0.05)",7.701208,1.0,4
404,IVFFLAT_HYBRID,"[0.00,0.05)",6.977667,1.0,4
408,SQL_FIRST,"[0.00,0.05)",9.2015,1.0,0
408,VECTOR_FIRST_HNSW,"[0.00,0.05)",22.949292,0.4,0
408,HNSW_HYBRID,"[0.00,0.05)",10.163209,1.0,0
408,IVFFLAT_HYBRID,"[0.00,0.05)",9.847458,1.0,0
408,SQL_FIRST,"[0.00,0.05)",9.63625,1.0,1
408,VECTOR_FIRST_HNSW,"[0.00,0.05)",23.194417,0.4,1
408,HNSW_HYBRID,"[0.00,0.05)",9.800375,1.0,1
408,IVFFLAT_HYBRID,"[0.00,0.05)",9.544,1.0,1
408,SQL_FIRST,"[0.00,0.05)",9.394417,1.0,2
408,VECTOR_FIRST_HNSW,"[0.00,0.05)",22.885792,0.4,2
408,HNSW_HYBRID,"[0.00,0.05)",9.807333,1.0,2
408,IVFFLAT_HYBRID,"[0.00,0.05)",10.130916,1.0,2
408,SQL_FIRST,"[0.00,0.05)",9.960708,1.0,3
408,VECTOR_FIRST_HNSW,"[0.00,0.05)",23.085041,0.4,3
408,HNSW_HYBRID,"[0.00,0.05)",9.623,1.0,3
408,IVFFLAT_HYBRID,"[0.00,0.05)",9.056792,1.0,3
408,SQL_FIRST,"[0.00,0.05)",9.771375,1.0,4
408,VECTOR_FIRST_HNSW,"[0.00,0.05)",24.133708,0.4,4
408,HNSW_HYBRID,"[0.00,0.05)",10.333,1.0,4
408,IVFFLAT_HYBRID,"[0.00,0.05)",9.800833,1.0,4
409,SQL_FIRST,"[0.00,0.05)",8.124125,1.0,0
409,VECTOR_FIRST_HNSW,"[0.00,0.05)",25.014958,0.3,0
409,HNSW_HYBRID,"[0.00,0.05)",8.913375,1.0,0
409,IVFFLAT_HYBRID,"[0.00,0.05)",8.303708,1.0,0
409,SQL_FIRST,"[0.00,0.05)",8.235833,1.0,1
409,VECTOR_FIRST_HNSW,"[0.00,0.05)",22.938416,0.3,1
409,HNSW_HYBRID,"[0.00,0.05)",8.941458,1.0,1
409,IVFFLAT_HYBRID,"[0.00,0.05)",8.287417,1.0,1
409,SQL_FIRST,"[0.00,0.05)",8.247833,1.0,2
409,VECTOR_FIRST_HNSW,"[0.00,0.05)",23.200875,0.3,2
409,HNSW_HYBRID,"[0.00,0.05)",8.839458,1.0,2
409,IVFFLAT_HYBRID,"[0.00,0.05)",9.042541,1.0,2
409,SQL_FIRST,"[0.00,0.05)",8.825667,1.0,3
409,VECTOR_FIRST_HNSW,"[0.00,0.05)",23.738584,0.3,3
409,HNSW_HYBRID,"[0.00,0.05)",9.246458,1.0,3
409,IVFFLAT_HYBRID,"[0.00,0.05)",8.32325,1.0,3
409,SQL_FIRST,"[0.00,0.05)",8.110208,1.0,4
409,VECTOR_FIRST_HNSW,"[0.00,0.05)",23.21775,0.3,4
409,HNSW_HYBRID,"[0.00,0.05)",9.223208,1.0,4
409,IVFFLAT_HYBRID,"[0.00,0.05)",8.828708,1.0,4
411,SQL_FIRST,"[0.00,0.05)",8.586375,1.0,0
411,VECTOR_FIRST_HNSW,"[0.00,0.05)",22.995959,0.2,0
411,HNSW_HYBRID,"[0.00,0.05)",9.798875,1.0,0
411,IVFFLAT_HYBRID,"[0.00,0.05)",9.696042,1.0,0
411,SQL_FIRST,"[0.00,0.05)",8.699625,1.0,1
411,VECTOR_FIRST_HNSW,"[0.00,0.05)",23.014958,0.2,1
411,HNSW_HYBRID,"[0.00,0.05)",9.097958,1.0,1
411,IVFFLAT_HYBRID,"[0.00,0.05)",8.459041,1.0,1
411,SQL_FIRST,"[0.00,0.05)",8.287583,1.0,2
411,VECTOR_FIRST_HNSW,"[0.00,0.05)",22.987875,0.2,2
411,HNSW_HYBRID,"[0.00,0.05)",9.1815,1.0,2
411,IVFFLAT_HYBRID,"[0.00,0.05)",9.467125,1.0,2
411,SQL_FIRST,"[0.00,0.05)",8.723708,1.0,3
411,VECTOR_FIRST_HNSW,"[0.00,0.05)",22.877333,0.2,3
411,HNSW_HYBRID,"[0.00,0.05)",9.170166,1.0,3
411,IVFFLAT_HYBRID,"[0.00,0.05)",8.655459,1.0,3
411,SQL_FIRST,"[0.00,0.05)",8.4495,1.0,4
411,VECTOR_FIRST_HNSW,"[0.00,0.05)",22.916,0.2,4
411,HNSW_HYBRID,"[0.00,0.05)",9.147875,1.0,4
411,IVFFLAT_HYBRID,"[0.00,0.05)",8.788125,1.0,4
422,SQL_FIRST,"[0.00,0.05)",8.819417,1.0,0
422,VECTOR_FIRST_HNSW,"[0.00,0.05)",22.936833,0.4,0
422,HNSW_HYBRID,"[0.00,0.05)",9.456209,1.0,0
422,IVFFLAT_HYBRID,"[0.00,0.05)",8.988083,1.0,0
422,SQL_FIRST,"[0.00,0.05)",8.847083,1.0,1
422,VECTOR_FIRST_HNSW,"[0.00,0.05)",23.452167,0.4,1
422,HNSW_HYBRID,"[0.00,0.05)",9.38875,1.0,1
422,IVFFLAT_HYBRID,"[0.00,0.05)",9.147958,1.0,1
422,SQL_FIRST,"[0.00,0.05)",9.865209,1.0,2
422,VECTOR_FIRST_HNSW,"[0.00,0.05)",22.759875,0.4,2
422,HNSW_HYBRID,"[0.00,0.05)",9.599333,1.0,2
422,IVFFLAT_HYBRID,"[0.00,0.05)",9.014208,1.0,2
422,SQL_FIRST,"[0.00,0.05)",9.506083,1.0,3
422,VECTOR_FIRST_HNSW,"[0.00,0.05)",22.890458,0.4,3
422,HNSW_HYBRID,"[0.00,0.05)",9.259833,1.0,3
422,IVFFLAT_HYBRID,"[0.00,0.05)",9.0235,1.0,3
422,SQL_FIRST,"[0.00,0.05)",9.147959,1.0,4
422,VECTOR_FIRST_HNSW,"[0.00,0.05)",22.982292,0.4,4
422,HNSW_HYBRID,"[0.00,0.05)",9.994959,1.0,4
422,IVFFLAT_HYBRID,"[0.00,0.05)",9.190625,1.0,4
426,SQL_FIRST,"[0.00,0.05)",9.493459,1.0,0
426,VECTOR_FIRST_HNSW,"[0.00,0.05)",22.793542,0.6,0
426,HNSW_HYBRID,"[0.00,0.05)",9.995166,1.0,0
426,IVFFLAT_HYBRID,"[0.00,0.05)",9.579625,1.0,0
426,SQL_FIRST,"[0.00,0.05)",9.925083,1.0,1
426,VECTOR_FIRST_HNSW,"[0.00,0.05)",22.951291,0.6,1
426,HNSW_HYBRID,"[0.00,0.05)",10.206667,1.0,1
426,IVFFLAT_HYBRID,"[0.00,0.05)",9.807458,1.0,1
426,SQL_FIRST,"[0.00,0.05)",9.862708,1.0,2
426,VECTOR_FIRST_HNSW,"[0.00,0.05)",22.866417,0.6,2
426,HNSW_HYBRID,"[0.00,0.05)",9.516208,1.0,2
426,IVFFLAT_HYBRID,"[0.00,0.05)",9.532292,1.0,2
426,SQL_FIRST,"[0.00,0.05)",9.367375,1.0,3
426,VECTOR_FIRST_HNSW,"[0.00,0.05)",22.826584,0.6,3
426,HNSW_HYBRID,"[0.00,0.05)",9.925583,1.0,3
426,IVFFLAT_HYBRID,"[0.00,0.05)",9.449416,1.0,3
426,SQL_FIRST,"[0.00,0.05)",9.513042,1.0,4
426,VECTOR_FIRST_HNSW,"[0.00,0.05)",22.978125,0.6,4
426,HNSW_HYBRID,"[0.00,0.05)",9.7995,1.0,4
426,IVFFLAT_HYBRID,"[0.00,0.05)",9.634333,1.0,4
427,SQL_FIRST,"[0.00,0.05)",6.858208,1.0,0
427,VECTOR_FIRST_HNSW,"[0.00,0.05)",22.843583,0.4,0
427,HNSW_HYBRID,"[0.00,0.05)",7.338291,1.0,0
427,IVFFLAT_HYBRID,"[0.00,0.05)",6.883625,1.0,0
427,SQL_FIRST,"[0.00,0.05)",6.80075,1.0,1
427,VECTOR_FIRST_HNSW,"[0.00,0.05)",23.900042,0.4,1
427,HNSW_HYBRID,"[0.00,0.05)",7.63825,1.0,1
427,IVFFLAT_HYBRID,"[0.00,0.05)",6.728792,1.0,1
427,SQL_FIRST,"[0.00,0.05)",6.562084,1.0,2
427,VECTOR_FIRST_HNSW,"[0.00,0.05)",22.950208,0.4,2
427,HNSW_HYBRID,"[0.00,0.05)",7.3695,1.0,2
427,IVFFLAT_HYBRID,"[0.00,0.05)",6.673708,1.0,2
427,SQL_FIRST,"[0.00,0.05)",6.744333,1.0,3
427,VECTOR_FIRST_HNSW,"[0.00,0.05)",22.938125,0.4,3
427,HNSW_HYBRID,"[0.00,0.05)",7.368875,1.0,3
427,IVFFLAT_HYBRID,"[0.00,0.05)",6.982917,1.0,3
427,SQL_FIRST,"[0.00,0.05)",6.60275,1.0,4
427,VECTOR_FIRST_HNSW,"[0.00,0.05)",23.052208,0.4,4
427,HNSW_HYBRID,"[0.00,0.05)",7.283708,1.0,4
427,IVFFLAT_HYBRID,"[0.00,0.05)",6.744458,1.0,4
428,SQL_FIRST,"[0.00,0.05)",8.72075,1.0,0
428,VECTOR_FIRST_HNSW,"[0.00,0.05)",22.8165,0.2,0
428,HNSW_HYBRID,"[0.00,0.05)",9.118375,1.0,0
428,IVFFLAT_HYBRID,"[0.00,0.05)",8.915708,1.0,0
428,SQL_FIRST,"[0.00,0.05)",8.879209,1.0,1
428,VECTOR_FIRST_HNSW,"[0.00,0.05)",22.879625,0.2,1
428,HNSW_HYBRID,"[0.00,0.05)",9.091666,1.0,1
428,IVFFLAT_HYBRID,"[0.00,0.05)",8.941417,1.0,1
428,SQL_FIRST,"[0.00,0.05)",8.95975,1.0,2
428,VECTOR_FIRST_HNSW,"[0.00,0.05)",22.918083,0.2,2
428,HNSW_HYBRID,"[0.00,0.05)",9.107042,1.0,2
428,IVFFLAT_HYBRID,"[0.00,0.05)",8.682458,1.0,2
428,SQL_FIRST,"[0.00,0.05)",9.203916,1.0,3
428,VECTOR_FIRST_HNSW,"[0.00,0.05)",22.822625,0.2,3
428,HNSW_HYBRID,"[0.00,0.05)",9.600167,1.0,3
428,IVFFLAT_HYBRID,"[0.00,0.05)",8.5905,1.0,3
428,SQL_FIRST,"[0.00,0.05)",8.570416,1.0,4
428,VECTOR_FIRST_HNSW,"[0.00,0.05)",23.398958,0.2,4
428,HNSW_HYBRID,"[0.00,0.05)",9.527833,1.0,4
428,IVFFLAT_HYBRID,"[0.00,0.05)",8.837083,1.0,4
431,SQL_FIRST,"[0.00,0.05)",7.250458,1.0,0
431,VECTOR_FIRST_HNSW,"[0.00,0.05)",23.395584,0.2,0
431,HNSW_HYBRID,"[0.00,0.05)",7.368583,1.0,0
431,IVFFLAT_HYBRID,"[0.00,0.05)",6.558042,1.0,0
431,SQL_FIRST,"[0.00,0.05)",6.630791,1.0,1
431,VECTOR_FIRST_HNSW,"[0.00,0.05)",25.722,0.2,1
431,HNSW_HYBRID,"[0.00,0.05)",8.341167,1.0,1
431,IVFFLAT_HYBRID,"[0.00,0.05)",7.360334,1.0,1
431,SQL_FIRST,"[0.00,0.05)",6.881292,1.0,2
431,VECTOR_FIRST_HNSW,"[0.00,0.05)",23.988792,0.2,2
431,HNSW_HYBRID,"[0.00,0.05)",7.763208,1.0,2
431,IVFFLAT_HYBRID,"[0.00,0.05)",7.547541,1.0,2
431,SQL_FIRST,"[0.00,0.05)",7.12925,1.0,3
431,VECTOR_FIRST_HNSW,"[0.00,0.05)",24.739042,0.2,3
431,HNSW_HYBRID,"[0.00,0.05)",7.267041,1.0,3
431,IVFFLAT_HYBRID,"[0.00,0.05)",6.951542,1.0,3
431,SQL_FIRST,"[0.00,0.05)",6.939875,1.0,4
431,VECTOR_FIRST_HNSW,"[0.00,0.05)",24.605125,0.2,4
431,HNSW_HYBRID,"[0.00,0.05)",7.416708,1.0,4
431,IVFFLAT_HYBRID,"[0.00,0.05)",6.677584,1.0,4
433,SQL_FIRST,"[0.00,0.05)",6.482,1.0,0
433,VECTOR_FIRST_HNSW,"[0.00,0.05)",22.871083,0.0,0
433,HNSW_HYBRID,"[0.00,0.05)",7.575625,1.0,0
433,IVFFLAT_HYBRID,"[0.00,0.05)",6.090709,1.0,0
433,SQL_FIRST,"[0.00,0.05)",5.977708,1.0,1
433,VECTOR_FIRST_HNSW,"[0.00,0.05)",23.200917,0.0,1
433,HNSW_HYBRID,"[0.00,0.05)",6.5495,1.0,1
433,IVFFLAT_HYBRID,"[0.00,0.05)",5.95025,1.0,1
433,SQL_FIRST,"[0.00,0.05)",5.859875,1.0,2
433,VECTOR_FIRST_HNSW,"[0.00,0.05)",23.110042,0.0,2
433,HNSW_HYBRID,"[0.00,0.05)",6.882417,1.0,2
433,IVFFLAT_HYBRID,"[0.00,0.05)",6.517875,1.0,2
433,SQL_FIRST,"[0.00,0.05)",6.617291,1.0,3
433,VECTOR_FIRST_HNSW,"[0.00,0.05)",22.88425,0.0,3
433,HNSW_HYBRID,"[0.00,0.05)",7.369541,1.0,3
433,IVFFLAT_HYBRID,"[0.00,0.05)",6.085917,1.0,3
433,SQL_FIRST,"[0.00,0.05)",6.684958,1.0,4
433,VECTOR_FIRST_HNSW,"[0.00,0.05)",23.027583,0.0,4
433,HNSW_HYBRID,"[0.00,0.05)",6.85775,1.0,4
433,IVFFLAT_HYBRID,"[0.00,0.05)",6.279459,1.0,4
434,SQL_FIRST,"[0.00,0.05)",7.816458,1.0,0
434,VECTOR_FIRST_HNSW,"[0.00,0.05)",22.925292,0.3,0
434,HNSW_HYBRID,"[0.00,0.05)",8.389333,1.0,0
434,IVFFLAT_HYBRID,"[0.00,0.05)",7.875041,1.0,0
434,SQL_FIRST,"[0.00,0.05)",8.279625,1.0,1
434,VECTOR_FIRST_HNSW,"[0.00,0.05)",23.351,0.3,1
434,HNSW_HYBRID,"[0.00,0.05)",8.964666,1.0,1
434,IVFFLAT_HYBRID,"[0.00,0.05)",8.186333,1.0,1
434,SQL_FIRST,"[0.00,0.05)",7.861292,1.0,2
434,VECTOR_FIRST_HNSW,"[0.00,0.05)",23.147291,0.3,2
434,HNSW_HYBRID,"[0.00,0.05)",8.407125,1.0,2
434,IVFFLAT_HYBRID,"[0.00,0.05)",7.740292,1.0,2
434,SQL_FIRST,"[0.00,0.05)",7.574958,1.0,3
434,VECTOR_FIRST_HNSW,"[0.00,0.05)",22.935792,0.3,3
434,HNSW_HYBRID,"[0.00,0.05)",8.444959,1.0,3
434,IVFFLAT_HYBRID,"[0.00,0.05)",8.040209,1.0,3
434,SQL_FIRST,"[0.00,0.05)",7.891833,1.0,4
434,VECTOR_FIRST_HNSW,"[0.00,0.05)",22.859583,0.3,4
434,HNSW_HYBRID,"[0.00,0.05)",8.558916,1.0,4
434,IVFFLAT_HYBRID,"[0.00,0.05)",7.946041,1.0,4
439,SQL_FIRST,"[0.00,0.05)",5.126167,1.0,0
439,VECTOR_FIRST_HNSW,"[0.00,0.05)",23.011292,0.1,0
439,HNSW_HYBRID,"[0.00,0.05)",5.672333,1.0,0
439,IVFFLAT_HYBRID,"[0.00,0.05)",5.227917,1.0,0
439,SQL_FIRST,"[0.00,0.05)",5.262792,1.0,1
439,VECTOR_FIRST_HNSW,"[0.00,0.05)",22.786333,0.1,1
439,HNSW_HYBRID,"[0.00,0.05)",5.884708,1.0,1
439,IVFFLAT_HYBRID,"[0.00,0.05)",5.276084,1.0,1
439,SQL_FIRST,"[0.00,0.05)",5.093208,1.0,2
439,VECTOR_FIRST_HNSW,"[0.00,0.05)",22.894083,0.1,2
439,HNSW_HYBRID,"[0.00,0.05)",5.713125,1.0,2
439,IVFFLAT_HYBRID,"[0.00,0.05)",5.113916,1.0,2
439,SQL_FIRST,"[0.00,0.05)",5.181084,1.0,3
439,VECTOR_FIRST_HNSW,"[0.00,0.05)",23.645333,0.1,3
439,HNSW_HYBRID,"[0.00,0.05)",5.73725,1.0,3
439,IVFFLAT_HYBRID,"[0.00,0.05)",5.139084,1.0,3
439,SQL_FIRST,"[0.00,0.05)",5.149167,1.0,4
439,VECTOR_FIRST_HNSW,"[0.00,0.05)",23.431291,0.1,4
439,HNSW_HYBRID,"[0.00,0.05)",5.617792,1.0,4
439,IVFFLAT_HYBRID,"[0.00,0.05)",5.178542,1.0,4
441,SQL_FIRST,"[0.00,0.05)",9.067333,1.0,0
441,VECTOR_FIRST_HNSW,"[0.00,0.05)",23.554625,0.2,0
441,HNSW_HYBRID,"[0.00,0.05)",9.929917,1.0,0
441,IVFFLAT_HYBRID,"[0.00,0.05)",9.641792,1.0,0
441,SQL_FIRST,"[0.00,0.05)",9.06625,1.0,1
441,VECTOR_FIRST_HNSW,"[0.00,0.05)",22.989625,0.2,1
441,HNSW_HYBRID,"[0.00,0.05)",9.520917,1.0,1
441,IVFFLAT_HYBRID,"[0.00,0.05)",9.070375,1.0,1
441,SQL_FIRST,"[0.00,0.05)",9.012166,1.0,2
441,VECTOR_FIRST_HNSW,"[0.00,0.05)",22.919208,0.2,2
441,HNSW_HYBRID,"[0.00,0.05)",9.451209,1.0,2
441,IVFFLAT_HYBRID,"[0.00,0.05)",9.137333,1.0,2
441,SQL_FIRST,"[0.00,0.05)",9.202541,1.0,3
441,VECTOR_FIRST_HNSW,"[0.00,0.05)",22.9855,0.2,3
441,HNSW_HYBRID,"[0.00,0.05)",9.586541,1.0,3
441,IVFFLAT_HYBRID,"[0.00,0.05)",9.187167,1.0,3
441,SQL_FIRST,"[0.00,0.05)",9.539917,1.0,4
441,VECTOR_FIRST_HNSW,"[0.00,0.05)",22.97625,0.2,4
441,HNSW_HYBRID,"[0.00,0.05)",9.80375,1.0,4
441,IVFFLAT_HYBRID,"[0.00,0.05)",9.01525,1.0,4
443,SQL_FIRST,"[0.00,0.05)",10.440125,1.0,0
443,VECTOR_FIRST_HNSW,"[0.00,0.05)",22.921,0.3,0
443,HNSW_HYBRID,"[0.00,0.05)",11.041916,1.0,0
443,IVFFLAT_HYBRID,"[0.00,0.05)",10.4555,1.0,0
443,SQL_FIRST,"[0.00,0.05)",10.558417,1.0,1
443,VECTOR_FIRST_HNSW,"[0.00,0.05)",22.917917,0.3,1
443,HNSW_HYBRID,"[0.00,0.05)",11.394166,1.0,1
443,IVFFLAT_HYBRID,"[0.00,0.05)",10.908583,1.0,1
443,SQL_FIRST,"[0.00,0.05)",10.92425,1.0,2
443,VECTOR_FIRST_HNSW,"[0.00,0.05)",23.145042,0.3,2
443,HNSW_HYBRID,"[0.00,0.05)",11.137666,1.0,2
443,IVFFLAT_HYBRID,"[0.00,0.05)",10.640042,1.0,2
443,SQL_FIRST,"[0.00,0.05)",10.881709,1.0,3
443,VECTOR_FIRST_HNSW,"[0.00,0.05)",23.229375,0.3,3
443,HNSW_HYBRID,"[0.00,0.05)",10.846625,1.0,3
443,IVFFLAT_HYBRID,"[0.00,0.05)",10.569416,1.0,3
443,SQL_FIRST,"[0.00,0.05)",10.743708,1.0,4
443,VECTOR_FIRST_HNSW,"[0.00,0.05)",23.605292,0.3,4
443,HNSW_HYBRID,"[0.00,0.05)",11.001458,1.0,4
443,IVFFLAT_HYBRID,"[0.00,0.05)",10.561458,1.0,4
448,SQL_FIRST,"[0.00,0.05)",4.567083,1.0,0
448,VECTOR_FIRST_HNSW,"[0.00,0.05)",22.799958,0.0,0
448,HNSW_HYBRID,"[0.00,0.05)",5.161459,1.0,0
448,IVFFLAT_HYBRID,"[0.00,0.05)",4.627666,1.0,0
448,SQL_FIRST,"[0.00,0.05)",4.64,1.0,1
448,VECTOR_FIRST_HNSW,"[0.00,0.05)",22.958417,0.0,1
448,HNSW_HYBRID,"[0.00,0.05)",5.080584,1.0,1
448,IVFFLAT_HYBRID,"[0.00,0.05)",4.566667,1.0,1
448,SQL_FIRST,"[0.00,0.05)",4.597333,1.0,2
448,VECTOR_FIRST_HNSW,"[0.00,0.05)",22.812417,0.0,2
448,HNSW_HYBRID,"[0.00,0.05)",5.108541,1.0,2
448,IVFFLAT_HYBRID,"[0.00,0.05)",4.606709,1.0,2
448,SQL_FIRST,"[0.00,0.05)",4.692042,1.0,3
448,VECTOR_FIRST_HNSW,"[0.00,0.05)",22.821459,0.0,3
448,HNSW_HYBRID,"[0.00,0.05)",5.083709,1.0,3
448,IVFFLAT_HYBRID,"[0.00,0.05)",4.734167,1.0,3
448,SQL_FIRST,"[0.00,0.05)",4.618458,1.0,4
448,VECTOR_FIRST_HNSW,"[0.00,0.05)",22.828625,0.0,4
448,HNSW_HYBRID,"[0.00,0.05)",5.147583,1.0,4
448,IVFFLAT_HYBRID,"[0.00,0.05)",4.575041,1.0,4
449,SQL_FIRST,"[0.00,0.05)",8.135417,1.0,0
449,VECTOR_FIRST_HNSW,"[0.00,0.05)",22.917458,0.2,0
449,HNSW_HYBRID,"[0.00,0.05)",8.626291,1.0,0
449,IVFFLAT_HYBRID,"[0.00,0.05)",8.152375,1.0,0
449,SQL_FIRST,"[0.00,0.05)",7.915042,1.0,1
449,VECTOR_FIRST_HNSW,"[0.00,0.05)",23.197958,0.2,1
449,HNSW_HYBRID,"[0.00,0.05)",8.73425,1.0,1
449,IVFFLAT_HYBRID,"[0.00,0.05)",8.466333,1.0,1
449,SQL_FIRST,"[0.00,0.05)",8.185667,1.0,2
449,VECTOR_FIRST_HNSW,"[0.00,0.05)",22.869792,0.2,2
449,HNSW_HYBRID,"[0.00,0.05)",9.181917,1.0,2
449,IVFFLAT_HYBRID,"[0.00,0.05)",8.038875,1.0,2
449,SQL_FIRST,"[0.00,0.05)",8.41075,1.0,3
449,VECTOR_FIRST_HNSW,"[0.00,0.05)",22.92725,0.2,3
449,HNSW_HYBRID,"[0.00,0.05)",8.563833,1.0,3
449,IVFFLAT_HYBRID,"[0.00,0.05)",7.898166,1.0,3
449,SQL_FIRST,"[0.00,0.05)",7.997833,1.0,4
449,VECTOR_FIRST_HNSW,"[0.00,0.05)",23.642917,0.2,4
449,HNSW_HYBRID,"[0.00,0.05)",8.551333,1.0,4
449,IVFFLAT_HYBRID,"[0.00,0.05)",7.882708,1.0,4
451,SQL_FIRST,"[0.00,0.05)",10.029708,1.0,0
451,VECTOR_FIRST_HNSW,"[0.00,0.05)",22.824416,0.2,0
451,HNSW_HYBRID,"[0.00,0.05)",10.54775,1.0,0
451,IVFFLAT_HYBRID,"[0.00,0.05)",10.104416,1.0,0
451,SQL_FIRST,"[0.00,0.05)",9.824583,1.0,1
451,VECTOR_FIRST_HNSW,"[0.00,0.05)",22.860708,0.2,1
451,HNSW_HYBRID,"[0.00,0.05)",10.48325,1.0,1
451,IVFFLAT_HYBRID,"[0.00,0.05)",10.104125,1.0,1
451,SQL_FIRST,"[0.00,0.05)",10.146083,1.0,2
451,VECTOR_FIRST_HNSW,"[0.00,0.05)",22.997708,0.2,2
451,HNSW_HYBRID,"[0.00,0.05)",10.570792,1.0,2
451,IVFFLAT_HYBRID,"[0.00,0.05)",10.157583,1.0,2
451,SQL_FIRST,"[0.00,0.05)",10.112417,1.0,3
451,VECTOR_FIRST_HNSW,"[0.00,0.05)",22.809542,0.2,3
451,HNSW_HYBRID,"[0.00,0.05)",10.713375,1.0,3
451,IVFFLAT_HYBRID,"[0.00,0.05)",9.979459,1.0,3
451,SQL_FIRST,"[0.00,0.05)",10.156292,1.0,4
451,VECTOR_FIRST_HNSW,"[0.00,0.05)",23.019,0.2,4
451,HNSW_HYBRID,"[0.00,0.05)",10.461375,1.0,4
451,IVFFLAT_HYBRID,"[0.00,0.05)",10.167958,1.0,4
453,SQL_FIRST,"[0.00,0.05)",6.373041,1.0,0
453,VECTOR_FIRST_HNSW,"[0.00,0.05)",23.003417,0.3,0
453,HNSW_HYBRID,"[0.00,0.05)",6.661583,1.0,0
453,IVFFLAT_HYBRID,"[0.00,0.05)",6.075792,1.0,0
453,SQL_FIRST,"[0.00,0.05)",6.203084,1.0,1
453,VECTOR_FIRST_HNSW,"[0.00,0.05)",23.585042,0.3,1
453,HNSW_HYBRID,"[0.00,0.05)",6.914375,1.0,1
453,IVFFLAT_HYBRID,"[0.00,0.05)",6.174542,1.0,1
453,SQL_FIRST,"[0.00,0.05)",6.096208,1.0,2
453,VECTOR_FIRST_HNSW,"[0.00,0.05)",22.853708,0.3,2
453,HNSW_HYBRID,"[0.00,0.05)",6.789125,1.0,2
453,IVFFLAT_HYBRID,"[0.00,0.05)",6.560375,1.0,2
453,SQL_FIRST,"[0.00,0.05)",6.849208,1.0,3
453,VECTOR_FIRST_HNSW,"[0.00,0.05)",23.945459,0.3,3
453,HNSW_HYBRID,"[0.00,0.05)",6.782833,1.0,3
453,IVFFLAT_HYBRID,"[0.00,0.05)",6.04625,1.0,3
453,SQL_FIRST,"[0.00,0.05)",6.278792,1.0,4
453,VECTOR_FIRST_HNSW,"[0.00,0.05)",22.892625,0.3,4
453,HNSW_HYBRID,"[0.00,0.05)",6.844625,1.0,4
453,IVFFLAT_HYBRID,"[0.00,0.05)",6.196083,1.0,4
454,SQL_FIRST,"[0.00,0.05)",7.477542,1.0,0
454,VECTOR_FIRST_HNSW,"[0.00,0.05)",22.810917,0.1,0
454,HNSW_HYBRID,"[0.00,0.05)",8.346125,1.0,0
454,IVFFLAT_HYBRID,"[0.00,0.05)",8.041917,1.0,0
454,SQL_FIRST,"[0.00,0.05)",7.715167,1.0,1
454,VECTOR_FIRST_HNSW,"[0.00,0.05)",22.935167,0.1,1
454,HNSW_HYBRID,"[0.00,0.05)",8.366042,1.0,1
454,IVFFLAT_HYBRID,"[0.00,0.05)",7.702125,1.0,1
454,SQL_FIRST,"[0.00,0.05)",7.691833,1.0,2
454,VECTOR_FIRST_HNSW,"[0.00,0.05)",22.956291,0.1,2
454,HNSW_HYBRID,"[0.00,0.05)",8.417958,1.0,2
454,IVFFLAT_HYBRID,"[0.00,0.05)",8.514458,1.0,2
454,SQL_FIRST,"[0.00,0.05)",7.792541,1.0,3
454,VECTOR_FIRST_HNSW,"[0.00,0.05)",23.148125,0.1,3
454,HNSW_HYBRID,"[0.00,0.05)",8.41475,1.0,3
454,IVFFLAT_HYBRID,"[0.00,0.05)",7.804167,1.0,3
454,SQL_FIRST,"[0.00,0.05)",7.635042,1.0,4
454,VECTOR_FIRST_HNSW,"[0.00,0.05)",23.326125,0.1,4
454,HNSW_HYBRID,"[0.00,0.05)",8.49225,1.0,4
454,IVFFLAT_HYBRID,"[0.00,0.05)",8.029167,1.0,4
457,SQL_FIRST,"[0.00,0.05)",8.813875,1.0,0
457,VECTOR_FIRST_HNSW,"[0.00,0.05)",23.880083,0.7,0
457,HNSW_HYBRID,"[0.00,0.05)",9.487542,1.0,0
457,IVFFLAT_HYBRID,"[0.00,0.05)",9.433041,1.0,0
457,SQL_FIRST,"[0.00,0.05)",8.927291,1.0,1
457,VECTOR_FIRST_HNSW,"[0.00,0.05)",22.95125,0.7,1
457,HNSW_HYBRID,"[0.00,0.05)",9.716875,1.0,1
457,IVFFLAT_HYBRID,"[0.00,0.05)",9.382042,1.0,1
457,SQL_FIRST,"[0.00,0.05)",9.132583,1.0,2
457,VECTOR_FIRST_HNSW,"[0.00,0.05)",22.885125,0.7,2
457,HNSW_HYBRID,"[0.00,0.05)",9.581167,1.0,2
457,IVFFLAT_HYBRID,"[0.00,0.05)",9.017042,1.0,2
457,SQL_FIRST,"[0.00,0.05)",9.013,1.0,3
457,VECTOR_FIRST_HNSW,"[0.00,0.05)",22.916541,0.7,3
457,HNSW_HYBRID,"[0.00,0.05)",9.459459,1.0,3
457,IVFFLAT_HYBRID,"[0.00,0.05)",8.889166,1.0,3
457,SQL_FIRST,"[0.00,0.05)",9.530666,1.0,4
457,VECTOR_FIRST_HNSW,"[0.00,0.05)",22.879,0.7,4
457,HNSW_HYBRID,"[0.00,0.05)",9.603542,1.0,4
457,IVFFLAT_HYBRID,"[0.00,0.05)",8.708042,1.0,4
461,SQL_FIRST,"[0.00,0.05)",9.568667,1.0,0
461,VECTOR_FIRST_HNSW,"[0.00,0.05)",22.846166,0.1,0
461,HNSW_HYBRID,"[0.00,0.05)",10.044167,1.0,0
461,IVFFLAT_HYBRID,"[0.00,0.05)",9.518541,1.0,0
461,SQL_FIRST,"[0.00,0.05)",9.705416,1.0,1
461,VECTOR_FIRST_HNSW,"[0.00,0.05)",22.85025,0.1,1
461,HNSW_HYBRID,"[0.00,0.05)",10.324708,1.0,1
461,IVFFLAT_HYBRID,"[0.00,0.05)",9.600667,1.0,1
461,SQL_FIRST,"[0.00,0.05)",9.564708,1.0,2
461,VECTOR_FIRST_HNSW,"[0.00,0.05)",22.863333,0.1,2
461,HNSW_HYBRID,"[0.00,0.05)",10.400375,1.0,2
461,IVFFLAT_HYBRID,"[0.00,0.05)",9.744916,1.0,2
461,SQL_FIRST,"[0.00,0.05)",9.541417,1.0,3
461,VECTOR_FIRST_HNSW,"[0.00,0.05)",23.721708,0.1,3
461,HNSW_HYBRID,"[0.00,0.05)",10.027416,1.0,3
461,IVFFLAT_HYBRID,"[0.00,0.05)",9.5995,1.0,3
461,SQL_FIRST,"[0.00,0.05)",10.221666,1.0,4
461,VECTOR_FIRST_HNSW,"[0.00,0.05)",23.512792,0.1,4
461,HNSW_HYBRID,"[0.00,0.05)",10.070584,1.0,4
461,IVFFLAT_HYBRID,"[0.00,0.05)",9.665542,1.0,4
463,SQL_FIRST,"[0.00,0.05)",9.083083,1.0,0
463,VECTOR_FIRST_HNSW,"[0.00,0.05)",22.913833,0.1,0
463,HNSW_HYBRID,"[0.00,0.05)",9.393334,1.0,0
463,IVFFLAT_HYBRID,"[0.00,0.05)",8.853792,1.0,0
463,SQL_FIRST,"[0.00,0.05)",8.820667,1.0,1
463,VECTOR_FIRST_HNSW,"[0.00,0.05)",23.178084,0.1,1
463,HNSW_HYBRID,"[0.00,0.05)",9.369042,1.0,1
463,IVFFLAT_HYBRID,"[0.00,0.05)",9.416375,1.0,1
463,SQL_FIRST,"[0.00,0.05)",9.740166,1.0,2
463,VECTOR_FIRST_HNSW,"[0.00,0.05)",23.455167,0.1,2
463,HNSW_HYBRID,"[0.00,0.05)",9.294709,1.0,2
463,IVFFLAT_HYBRID,"[0.00,0.05)",9.222791,1.0,2
463,SQL_FIRST,"[0.00,0.05)",9.069083,1.0,3
463,VECTOR_FIRST_HNSW,"[0.00,0.05)",23.015333,0.1,3
463,HNSW_HYBRID,"[0.00,0.05)",9.628625,1.0,3
463,IVFFLAT_HYBRID,"[0.00,0.05)",9.467542,1.0,3
463,SQL_FIRST,"[0.00,0.05)",9.01175,1.0,4
463,VECTOR_FIRST_HNSW,"[0.00,0.05)",23.393166,0.1,4
463,HNSW_HYBRID,"[0.00,0.05)",9.447959,1.0,4
463,IVFFLAT_HYBRID,"[0.00,0.05)",9.193,1.0,4
465,SQL_FIRST,"[0.00,0.05)",9.168208,1.0,0
465,VECTOR_FIRST_HNSW,"[0.00,0.05)",23.063333,0.5,0
465,HNSW_HYBRID,"[0.00,0.05)",9.196834,1.0,0
465,IVFFLAT_HYBRID,"[0.00,0.05)",9.589625,1.0,0
465,SQL_FIRST,"[0.00,0.05)",9.518792,1.0,1
465,VECTOR_FIRST_HNSW,"[0.00,0.05)",23.926792,0.5,1
465,HNSW_HYBRID,"[0.00,0.05)",9.188333,1.0,1
465,IVFFLAT_HYBRID,"[0.00,0.05)",9.110375,1.0,1
465,SQL_FIRST,"[0.00,0.05)",9.375792,1.0,2
465,VECTOR_FIRST_HNSW,"[0.00,0.05)",24.450625,0.5,2
465,HNSW_HYBRID,"[0.00,0.05)",9.129042,1.0,2
465,IVFFLAT_HYBRID,"[0.00,0.05)",8.894209,1.0,2
465,SQL_FIRST,"[0.00,0.05)",8.287958,1.0,3
465,VECTOR_FIRST_HNSW,"[0.00,0.05)",23.061959,0.5,3
465,HNSW_HYBRID,"[0.00,0.05)",9.415083,1.0,3
465,IVFFLAT_HYBRID,"[0.00,0.05)",9.122125,1.0,3
465,SQL_FIRST,"[0.00,0.05)",8.462375,1.0,4
465,VECTOR_FIRST_HNSW,"[0.00,0.05)",22.944709,0.5,4
465,HNSW_HYBRID,"[0.00,0.05)",9.120958,1.0,4
465,IVFFLAT_HYBRID,"[0.00,0.05)",8.831375,1.0,4
466,SQL_FIRST,"[0.00,0.05)",8.490083,1.0,0
466,VECTOR_FIRST_HNSW,"[0.00,0.05)",23.112,0.3,0
466,HNSW_HYBRID,"[0.00,0.05)",8.991542,1.0,0
466,IVFFLAT_HYBRID,"[0.00,0.05)",8.309125,1.0,0
466,SQL_FIRST,"[0.00,0.05)",8.500417,1.0,1
466,VECTOR_FIRST_HNSW,"[0.00,0.05)",23.012125,0.3,1
466,HNSW_HYBRID,"[0.00,0.05)",8.935167,1.0,1
466,IVFFLAT_HYBRID,"[0.00,0.05)",8.505708,1.0,1
466,SQL_FIRST,"[0.00,0.05)",8.652167,1.0,2
466,VECTOR_FIRST_HNSW,"[0.00,0.05)",22.854,0.3,2
466,HNSW_HYBRID,"[0.00,0.05)",9.134084,1.0,2
466,IVFFLAT_HYBRID,"[0.00,0.05)",8.376083,1.0,2
466,SQL_FIRST,"[0.00,0.05)",8.293583,1.0,3
466,VECTOR_FIRST_HNSW,"[0.00,0.05)",22.840334,0.3,3
466,HNSW_HYBRID,"[0.00,0.05)",8.97375,1.0,3
466,IVFFLAT_HYBRID,"[0.00,0.05)",8.337292,1.0,3
466,SQL_FIRST,"[0.00,0.05)",8.607625,1.0,4
466,VECTOR_FIRST_HNSW,"[0.00,0.05)",22.877209,0.3,4
466,HNSW_HYBRID,"[0.00,0.05)",9.2055,1.0,4
466,IVFFLAT_HYBRID,"[0.00,0.05)",8.152417,1.0,4
468,SQL_FIRST,"[0.00,0.05)",8.745917,1.0,0
468,VECTOR_FIRST_HNSW,"[0.00,0.05)",22.9235,0.6,0
468,HNSW_HYBRID,"[0.00,0.05)",9.3905,1.0,0
468,IVFFLAT_HYBRID,"[0.00,0.05)",9.429583,1.0,0
468,SQL_FIRST,"[0.00,0.05)",8.710083,1.0,1
468,VECTOR_FIRST_HNSW,"[0.00,0.05)",22.96825,0.6,1
468,HNSW_HYBRID,"[0.00,0.05)",9.117375,1.0,1
468,IVFFLAT_HYBRID,"[0.00,0.05)",9.103792,1.0,1
468,SQL_FIRST,"[0.00,0.05)",9.435291,1.0,2
468,VECTOR_FIRST_HNSW,"[0.00,0.05)",24.763833,0.6,2
468,HNSW_HYBRID,"[0.00,0.05)",9.044916,1.0,2
468,IVFFLAT_HYBRID,"[0.00,0.05)",8.581875,1.0,2
468,SQL_FIRST,"[0.00,0.05)",8.543833,1.0,3
468,VECTOR_FIRST_HNSW,"[0.00,0.05)",23.070416,0.6,3
468,HNSW_HYBRID,"[0.00,0.05)",9.092667,1.0,3
468,IVFFLAT_HYBRID,"[0.00,0.05)",8.827125,1.0,3
468,SQL_FIRST,"[0.00,0.05)",8.675958,1.0,4
468,VECTOR_FIRST_HNSW,"[0.00,0.05)",22.980792,0.6,4
468,HNSW_HYBRID,"[0.00,0.05)",9.119458,1.0,4
468,IVFFLAT_HYBRID,"[0.00,0.05)",8.560208,1.0,4
469,SQL_FIRST,"[0.00,0.05)",9.067667,1.0,0
469,VECTOR_FIRST_HNSW,"[0.00,0.05)",23.094959,0.2,0
469,HNSW_HYBRID,"[0.00,0.05)",9.350083,1.0,0
469,IVFFLAT_HYBRID,"[0.00,0.05)",8.909208,1.0,0
469,SQL_FIRST,"[0.00,0.05)",9.069792,1.0,1
469,VECTOR_FIRST_HNSW,"[0.00,0.05)",22.930041,0.2,1
469,HNSW_HYBRID,"[0.00,0.05)",9.380375,1.0,1
469,IVFFLAT_HYBRID,"[0.00,0.05)",8.890458,1.0,1
469,SQL_FIRST,"[0.00,0.05)",8.7775,1.0,2
469,VECTOR_FIRST_HNSW,"[0.00,0.05)",23.088875,0.2,2
469,HNSW_HYBRID,"[0.00,0.05)",9.375709,1.0,2
469,IVFFLAT_HYBRID,"[0.00,0.05)",9.194709,1.0,2
469,SQL_FIRST,"[0.00,0.05)",9.278708,1.0,3
469,VECTOR_FIRST_HNSW,"[0.00,0.05)",23.196458,0.2,3
469,HNSW_HYBRID,"[0.00,0.05)",9.566125,1.0,3
469,IVFFLAT_HYBRID,"[0.00,0.05)",9.543167,1.0,3
469,SQL_FIRST,"[0.00,0.05)",9.266375,1.0,4
469,VECTOR_FIRST_HNSW,"[0.00,0.05)",22.905708,0.2,4
469,HNSW_HYBRID,"[0.00,0.05)",9.986292,1.0,4
469,IVFFLAT_HYBRID,"[0.00,0.05)",10.238917,1.0,4
470,SQL_FIRST,"[0.00,0.05)",1.5595,1.0,0
470,VECTOR_FIRST_HNSW,"[0.00,0.05)",22.937666,0.0,0
470,HNSW_HYBRID,"[0.00,0.05)",2.200917,1.0,0
470,IVFFLAT_HYBRID,"[0.00,0.05)",1.545208,1.0,0
470,SQL_FIRST,"[0.00,0.05)",1.714459,1.0,1
470,VECTOR_FIRST_HNSW,"[0.00,0.05)",23.295583,0.0,1
470,HNSW_HYBRID,"[0.00,0.05)",1.988833,1.0,1
470,IVFFLAT_HYBRID,"[0.00,0.05)",1.608834,1.0,1
470,SQL_FIRST,"[0.00,0.05)",1.615291,1.0,2
470,VECTOR_FIRST_HNSW,"[0.00,0.05)",22.887542,0.0,2
470,HNSW_HYBRID,"[0.00,0.05)",1.94825,1.0,2
470,IVFFLAT_HYBRID,"[0.00,0.05)",1.638459,1.0,2
470,SQL_FIRST,"[0.00,0.05)",1.577292,1.0,3
470,VECTOR_FIRST_HNSW,"[0.00,0.05)",22.86075,0.0,3
470,HNSW_HYBRID,"[0.00,0.05)",1.931958,1.0,3
470,IVFFLAT_HYBRID,"[0.00,0.05)",1.556833,1.0,3
470,SQL_FIRST,"[0.00,0.05)",1.530833,1.0,4
470,VECTOR_FIRST_HNSW,"[0.00,0.05)",22.932416,0.0,4
470,HNSW_HYBRID,"[0.00,0.05)",2.017125,1.0,4
470,IVFFLAT_HYBRID,"[0.00,0.05)",1.579541,1.0,4
471,SQL_FIRST,"[0.00,0.05)",7.617667,1.0,0
471,VECTOR_FIRST_HNSW,"[0.00,0.05)",22.992875,0.4,0
471,HNSW_HYBRID,"[0.00,0.05)",8.40725,1.0,0
471,IVFFLAT_HYBRID,"[0.00,0.05)",7.562625,1.0,0
471,SQL_FIRST,"[0.00,0.05)",7.407042,1.0,1
471,VECTOR_FIRST_HNSW,"[0.00,0.05)",22.823292,0.4,1
471,HNSW_HYBRID,"[0.00,0.05)",8.294542,1.0,1
471,IVFFLAT_HYBRID,"[0.00,0.05)",7.832667,1.0,1
471,SQL_FIRST,"[0.00,0.05)",7.371459,1.0,2
471,VECTOR_FIRST_HNSW,"[0.00,0.05)",23.032667,0.4,2
471,HNSW_HYBRID,"[0.00,0.05)",8.205209,1.0,2
471,IVFFLAT_HYBRID,"[0.00,0.05)",7.685042,1.0,2
471,SQL_FIRST,"[0.00,0.05)",7.600666,1.0,3
471,VECTOR_FIRST_HNSW,"[0.00,0.05)",23.074959,0.4,3
471,HNSW_HYBRID,"[0.00,0.05)",8.239917,1.0,3
471,IVFFLAT_HYBRID,"[0.00,0.05)",7.682625,1.0,3
471,SQL_FIRST,"[0.00,0.05)",7.669334,1.0,4
471,VECTOR_FIRST_HNSW,"[0.00,0.05)",23.561333,0.4,4
471,HNSW_HYBRID,"[0.00,0.05)",8.295167,1.0,4
471,IVFFLAT_HYBRID,"[0.00,0.05)",8.312458,1.0,4
476,SQL_FIRST,"[0.00,0.05)",10.002416,1.0,0
476,VECTOR_FIRST_HNSW,"[0.00,0.05)",23.103875,0.2,0
476,HNSW_HYBRID,"[0.00,0.05)",10.175417,1.0,0
476,IVFFLAT_HYBRID,"[0.00,0.05)",9.560667,1.0,0
476,SQL_FIRST,"[0.00,0.05)",10.1695,1.0,1
476,VECTOR_FIRST_HNSW,"[0.00,0.05)",23.705542,0.2,1
476,HNSW_HYBRID,"[0.00,0.05)",10.299541,1.0,1
476,IVFFLAT_HYBRID,"[0.00,0.05)",9.701209,1.0,1
476,SQL_FIRST,"[0.00,0.05)",9.586166,1.0,2
476,VECTOR_FIRST_HNSW,"[0.00,0.05)",23.036,0.2,2
476,HNSW_HYBRID,"[0.00,0.05)",10.387291,1.0,2
476,IVFFLAT_HYBRID,"[0.00,0.05)",10.784625,1.0,2
476,SQL_FIRST,"[0.00,0.05)",9.932666,1.0,3
476,VECTOR_FIRST_HNSW,"[0.00,0.05)",22.968125,0.2,3
476,HNSW_HYBRID,"[0.00,0.05)",10.094583,1.0,3
476,IVFFLAT_HYBRID,"[0.00,0.05)",9.686542,1.0,3
476,SQL_FIRST,"[0.00,0.05)",9.786542,1.0,4
476,VECTOR_FIRST_HNSW,"[0.00,0.05)",22.988958,0.2,4
476,HNSW_HYBRID,"[0.00,0.05)",10.387875,1.0,4
476,IVFFLAT_HYBRID,"[0.00,0.05)",9.707625,1.0,4
477,SQL_FIRST,"[0.00,0.05)",8.117125,1.0,0
477,VECTOR_FIRST_HNSW,"[0.00,0.05)",22.87275,0.1,0
477,HNSW_HYBRID,"[0.00,0.05)",8.711667,1.0,0
477,IVFFLAT_HYBRID,"[0.00,0.05)",7.78575,1.0,0
477,SQL_FIRST,"[0.00,0.05)",7.784334,1.0,1
477,VECTOR_FIRST_HNSW,"[0.00,0.05)",22.974708,0.1,1
477,HNSW_HYBRID,"[0.00,0.05)",8.482708,1.0,1
477,IVFFLAT_HYBRID,"[0.00,0.05)",7.641833,1.0,1
477,SQL_FIRST,"[0.00,0.05)",7.729417,1.0,2
477,VECTOR_FIRST_HNSW,"[0.00,0.05)",23.354083,0.1,2
477,HNSW_HYBRID,"[0.00,0.05)",8.494583,1.0,2
477,IVFFLAT_HYBRID,"[0.00,0.05)",7.896541,1.0,2
477,SQL_FIRST,"[0.00,0.05)",7.881333,1.0,3
477,VECTOR_FIRST_HNSW,"[0.00,0.05)",23.517166,0.1,3
477,HNSW_HYBRID,"[0.00,0.05)",8.373334,1.0,3
477,IVFFLAT_HYBRID,"[0.00,0.05)",7.711417,1.0,3
477,SQL_FIRST,"[0.00,0.05)",7.62375,1.0,4
477,VECTOR_FIRST_HNSW,"[0.00,0.05)",23.744542,0.1,4
477,HNSW_HYBRID,"[0.00,0.05)",8.394541,1.0,4
477,IVFFLAT_HYBRID,"[0.00,0.05)",7.998792,1.0,4
480,SQL_FIRST,"[0.00,0.05)",6.926208,1.0,0
480,VECTOR_FIRST_HNSW,"[0.00,0.05)",22.92825,0.2,0
480,HNSW_HYBRID,"[0.00,0.05)",7.231292,1.0,0
480,IVFFLAT_HYBRID,"[0.00,0.05)",6.547333,1.0,0
480,SQL_FIRST,"[0.00,0.05)",6.802083,1.0,1
480,VECTOR_FIRST_HNSW,"[0.00,0.05)",22.871875,0.2,1
480,HNSW_HYBRID,"[0.00,0.05)",7.384334,1.0,1
480,IVFFLAT_HYBRID,"[0.00,0.05)",6.659792,1.0,1
480,SQL_FIRST,"[0.00,0.05)",6.880417,1.0,2
480,VECTOR_FIRST_HNSW,"[0.00,0.05)",23.806166,0.2,2
480,HNSW_HYBRID,"[0.00,0.05)",7.351417,1.0,2
480,IVFFLAT_HYBRID,"[0.00,0.05)",6.597084,1.0,2
480,SQL_FIRST,"[0.00,0.05)",6.574541,1.0,3
480,VECTOR_FIRST_HNSW,"[0.00,0.05)",22.866042,0.2,3
480,HNSW_HYBRID,"[0.00,0.05)",7.37,1.0,3
480,IVFFLAT_HYBRID,"[0.00,0.05)",6.862875,1.0,3
480,SQL_FIRST,"[0.00,0.05)",6.696542,1.0,4
480,VECTOR_FIRST_HNSW,"[0.00,0.05)",22.979459,0.2,4
480,HNSW_HYBRID,"[0.00,0.05)",7.264292,1.0,4
480,IVFFLAT_HYBRID,"[0.00,0.05)",6.541208,1.0,4
482,SQL_FIRST,"[0.00,0.05)",8.912583,1.0,0
482,VECTOR_FIRST_HNSW,"[0.00,0.05)",22.877625,0.4,0
482,HNSW_HYBRID,"[0.00,0.05)",9.381792,1.0,0
482,IVFFLAT_HYBRID,"[0.00,0.05)",9.074292,1.0,0
482,SQL_FIRST,"[0.00,0.05)",8.951042,1.0,1
482,VECTOR_FIRST_HNSW,"[0.00,0.05)",22.867459,0.4,1
482,HNSW_HYBRID,"[0.00,0.05)",9.351542,1.0,1
482,IVFFLAT_HYBRID,"[0.00,0.05)",9.61175,1.0,1
482,SQL_FIRST,"[0.00,0.05)",9.474042,1.0,2
482,VECTOR_FIRST_HNSW,"[0.00,0.05)",23.254209,0.4,2
482,HNSW_HYBRID,"[0.00,0.05)",9.381625,1.0,2
482,IVFFLAT_HYBRID,"[0.00,0.05)",8.966375,1.0,2
482,SQL_FIRST,"[0.00,0.05)",9.446625,1.0,3
482,VECTOR_FIRST_HNSW,"[0.00,0.05)",23.370291,0.4,3
482,HNSW_HYBRID,"[0.00,0.05)",9.207125,1.0,3
482,IVFFLAT_HYBRID,"[0.00,0.05)",8.778916,1.0,3
482,SQL_FIRST,"[0.00,0.05)",9.0015,1.0,4
482,VECTOR_FIRST_HNSW,"[0.00,0.05)",22.870916,0.4,4
482,HNSW_HYBRID,"[0.00,0.05)",10.135541,1.0,4
482,IVFFLAT_HYBRID,"[0.00,0.05)",10.7195,1.0,4
484,SQL_FIRST,"[0.00,0.05)",9.279375,1.0,0
484,VECTOR_FIRST_HNSW,"[0.00,0.05)",23.036542,0.6,0
484,HNSW_HYBRID,"[0.00,0.05)",9.613417,1.0,0
484,IVFFLAT_HYBRID,"[0.00,0.05)",9.891417,1.0,0
484,SQL_FIRST,"[0.00,0.05)",9.442666,1.0,1
484,VECTOR_FIRST_HNSW,"[0.00,0.05)",22.997208,0.6,1
484,HNSW_HYBRID,"[0.00,0.05)",9.602042,1.0,1
484,IVFFLAT_HYBRID,"[0.00,0.05)",9.28675,1.0,1
484,SQL_FIRST,"[0.00,0.05)",9.326291,1.0,2
484,VECTOR_FIRST_HNSW,"[0.00,0.05)",22.956083,0.6,2
484,HNSW_HYBRID,"[0.00,0.05)",9.862458,1.0,2
484,IVFFLAT_HYBRID,"[0.00,0.05)",9.215,1.0,2
484,SQL_FIRST,"[0.00,0.05)",9.143667,1.0,3
484,VECTOR_FIRST_HNSW,"[0.00,0.05)",23.002458,0.6,3
484,HNSW_HYBRID,"[0.00,0.05)",9.811625,1.0,3
484,IVFFLAT_HYBRID,"[0.00,0.05)",9.252583,1.0,3
484,SQL_FIRST,"[0.00,0.05)",9.604458,1.0,4
484,VECTOR_FIRST_HNSW,"[0.00,0.05)",22.906375,0.6,4
484,HNSW_HYBRID,"[0.00,0.05)",9.864041,1.0,4
484,IVFFLAT_HYBRID,"[0.00,0.05)",9.478167,1.0,4
485,SQL_FIRST,"[0.00,0.05)",8.537,1.0,0
485,VECTOR_FIRST_HNSW,"[0.00,0.05)",23.350375,0.4,0
485,HNSW_HYBRID,"[0.00,0.05)",8.40725,1.0,0
485,IVFFLAT_HYBRID,"[0.00,0.05)",8.071125,1.0,0
485,SQL_FIRST,"[0.00,0.05)",7.676833,1.0,1
485,VECTOR_FIRST_HNSW,"[0.00,0.05)",23.6505,0.4,1
485,HNSW_HYBRID,"[0.00,0.05)",8.44975,1.0,1
485,IVFFLAT_HYBRID,"[0.00,0.05)",7.7285,1.0,1
485,SQL_FIRST,"[0.00,0.05)",7.819166,1.0,2
485,VECTOR_FIRST_HNSW,"[0.00,0.05)",22.86425,0.4,2
485,HNSW_HYBRID,"[0.00,0.05)",8.402583,1.0,2
485,IVFFLAT_HYBRID,"[0.00,0.05)",7.864,1.0,2
485,SQL_FIRST,"[0.00,0.05)",8.222792,1.0,3
485,VECTOR_FIRST_HNSW,"[0.00,0.05)",23.310708,0.4,3
485,HNSW_HYBRID,"[0.00,0.05)",8.481875,1.0,3
485,IVFFLAT_HYBRID,"[0.00,0.05)",7.699542,1.0,3
485,SQL_FIRST,"[0.00,0.05)",8.361125,1.0,4
485,VECTOR_FIRST_HNSW,"[0.00,0.05)",23.004,0.4,4
485,HNSW_HYBRID,"[0.00,0.05)",8.434125,1.0,4
485,IVFFLAT_HYBRID,"[0.00,0.05)",7.678875,1.0,4
489,SQL_FIRST,"[0.00,0.05)",10.764833,1.0,0
489,VECTOR_FIRST_HNSW,"[0.00,0.05)",22.972125,0.4,0
489,HNSW_HYBRID,"[0.00,0.05)",11.216666,1.0,0
489,IVFFLAT_HYBRID,"[0.00,0.05)",10.6725,1.0,0
489,SQL_FIRST,"[0.00,0.05)",10.825916,1.0,1
489,VECTOR_FIRST_HNSW,"[0.00,0.05)",22.857792,0.4,1
489,HNSW_HYBRID,"[0.00,0.05)",11.3175,1.0,1
489,IVFFLAT_HYBRID,"[0.00,0.05)",10.879125,1.0,1
489,SQL_FIRST,"[0.00,0.05)",10.737667,1.0,2
489,VECTOR_FIRST_HNSW,"[0.00,0.05)",22.843875,0.4,2
489,HNSW_HYBRID,"[0.00,0.05)",11.292833,1.0,2
489,IVFFLAT_HYBRID,"[0.00,0.05)",12.235541,1.0,2
489,SQL_FIRST,"[0.00,0.05)",11.032208,1.0,3
489,VECTOR_FIRST_HNSW,"[0.00,0.05)",22.948708,0.4,3
489,HNSW_HYBRID,"[0.00,0.05)",11.398334,1.0,3
489,IVFFLAT_HYBRID,"[0.00,0.05)",11.519958,1.0,3
489,SQL_FIRST,"[0.00,0.05)",11.368292,1.0,4
489,VECTOR_FIRST_HNSW,"[0.00,0.05)",23.130791,0.4,4
489,HNSW_HYBRID,"[0.00,0.05)",11.223042,1.0,4
489,IVFFLAT_HYBRID,"[0.00,0.05)",10.893958,1.0,4
490,SQL_FIRST,"[0.00,0.05)",4.121292,1.0,0
490,VECTOR_FIRST_HNSW,"[0.00,0.05)",22.989375,0.0,0
490,HNSW_HYBRID,"[0.00,0.05)",4.516208,1.0,0
490,IVFFLAT_HYBRID,"[0.00,0.05)",4.153209,1.0,0
490,SQL_FIRST,"[0.00,0.05)",4.093833,1.0,1
490,VECTOR_FIRST_HNSW,"[0.00,0.05)",23.446792,0.0,1
490,HNSW_HYBRID,"[0.00,0.05)",4.484625,1.0,1
490,IVFFLAT_HYBRID,"[0.00,0.05)",4.12625,1.0,1
490,SQL_FIRST,"[0.00,0.05)",4.038375,1.0,2
490,VECTOR_FIRST_HNSW,"[0.00,0.05)",22.870375,0.0,2
490,HNSW_HYBRID,"[0.00,0.05)",4.483333,1.0,2
490,IVFFLAT_HYBRID,"[0.00,0.05)",4.068708,1.0,2
490,SQL_FIRST,"[0.00,0.05)",4.08325,1.0,3
490,VECTOR_FIRST_HNSW,"[0.00,0.05)",22.9335,0.0,3
490,HNSW_HYBRID,"[0.00,0.05)",4.453083,1.0,3
490,IVFFLAT_HYBRID,"[0.00,0.05)",4.084375,1.0,3
490,SQL_FIRST,"[0.00,0.05)",4.059208,1.0,4
490,VECTOR_FIRST_HNSW,"[0.00,0.05)",22.789042,0.0,4
490,HNSW_HYBRID,"[0.00,0.05)",4.488333,1.0,4
490,IVFFLAT_HYBRID,"[0.00,0.05)",4.05175,1.0,4
491,SQL_FIRST,"[0.00,0.05)",9.172084,1.0,0
491,VECTOR_FIRST_HNSW,"[0.00,0.05)",25.644708,0.7,0
491,HNSW_HYBRID,"[0.00,0.05)",9.640667,1.0,0
491,IVFFLAT_HYBRID,"[0.00,0.05)",9.058209,1.0,0
491,SQL_FIRST,"[0.00,0.05)",9.558458,1.0,1
491,VECTOR_FIRST_HNSW,"[0.00,0.05)",22.958167,0.7,1
491,HNSW_HYBRID,"[0.00,0.05)",9.70125,1.0,1
491,IVFFLAT_HYBRID,"[0.00,0.05)",8.973625,1.0,1
491,SQL_FIRST,"[0.00,0.05)",8.999625,1.0,2
491,VECTOR_FIRST_HNSW,"[0.00,0.05)",22.886625,0.7,2
491,HNSW_HYBRID,"[0.00,0.05)",9.577458,1.0,2
491,IVFFLAT_HYBRID,"[0.00,0.05)",9.341334,1.0,2
491,SQL_FIRST,"[0.00,0.05)",8.922625,1.0,3
491,VECTOR_FIRST_HNSW,"[0.00,0.05)",23.242417,0.7,3
491,HNSW_HYBRID,"[0.00,0.05)",9.934292,1.0,3
491,IVFFLAT_HYBRID,"[0.00,0.05)",9.605709,1.0,3
491,SQL_FIRST,"[0.00,0.05)",8.981625,1.0,4
491,VECTOR_FIRST_HNSW,"[0.00,0.05)",22.924084,0.7,4
491,HNSW_HYBRID,"[0.00,0.05)",9.548125,1.0,4
491,IVFFLAT_HYBRID,"[0.00,0.05)",10.05525,1.0,4
492,SQL_FIRST,"[0.00,0.05)",8.238708,1.0,0
492,VECTOR_FIRST_HNSW,"[0.00,0.05)",23.331833,0.3,0
492,HNSW_HYBRID,"[0.00,0.05)",9.016291,1.0,0
492,IVFFLAT_HYBRID,"[0.00,0.05)",8.601959,1.0,0
492,SQL_FIRST,"[0.00,0.05)",8.132875,1.0,1
492,VECTOR_FIRST_HNSW,"[0.00,0.05)",22.995541,0.3,1
492,HNSW_HYBRID,"[0.00,0.05)",8.678791,1.0,1
492,IVFFLAT_HYBRID,"[0.00,0.05)",8.033875,1.0,1
492,SQL_FIRST,"[0.00,0.05)",8.068709,1.0,2
492,VECTOR_FIRST_HNSW,"[0.00,0.05)",22.9795,0.3,2
492,HNSW_HYBRID,"[0.00,0.05)",8.859792,1.0,2
492,IVFFLAT_HYBRID,"[0.00,0.05)",8.170666,1.0,2
492,SQL_FIRST,"[0.00,0.05)",8.069333,1.0,3
492,VECTOR_FIRST_HNSW,"[0.00,0.05)",22.908334,0.3,3
492,HNSW_HYBRID,"[0.00,0.05)",8.682584,1.0,3
492,IVFFLAT_HYBRID,"[0.00,0.05)",8.146375,1.0,3
492,SQL_FIRST,"[0.00,0.05)",8.239459,1.0,4
492,VECTOR_FIRST_HNSW,"[0.00,0.05)",22.97925,0.3,4
492,HNSW_HYBRID,"[0.00,0.05)",8.7025,1.0,4
492,IVFFLAT_HYBRID,"[0.00,0.05)",8.246375,1.0,4
493,SQL_FIRST,"[0.00,0.05)",6.831041,1.0,0
493,VECTOR_FIRST_HNSW,"[0.00,0.05)",22.856375,0.2,0
493,HNSW_HYBRID,"[0.00,0.05)",7.730708,1.0,0
493,IVFFLAT_HYBRID,"[0.00,0.05)",7.423916,1.0,0
493,SQL_FIRST,"[0.00,0.05)",7.0785,1.0,1
493,VECTOR_FIRST_HNSW,"[0.00,0.05)",22.920125,0.2,1
493,HNSW_HYBRID,"[0.00,0.05)",7.653541,1.0,1
493,IVFFLAT_HYBRID,"[0.00,0.05)",7.590917,1.0,1
493,SQL_FIRST,"[0.00,0.05)",7.068083,1.0,2
493,VECTOR_FIRST_HNSW,"[0.00,0.05)",23.095417,0.2,2
493,HNSW_HYBRID,"[0.00,0.05)",7.946792,1.0,2
493,IVFFLAT_HYBRID,"[0.00,0.05)",7.280375,1.0,2
493,SQL_FIRST,"[0.00,0.05)",7.369042,1.0,3
493,VECTOR_FIRST_HNSW,"[0.00,0.05)",22.946292,0.2,3
493,HNSW_HYBRID,"[0.00,0.05)",8.005917,1.0,3
493,IVFFLAT_HYBRID,"[0.00,0.05)",7.476541,1.0,3
493,SQL_FIRST,"[0.00,0.05)",7.51925,1.0,4
493,VECTOR_FIRST_HNSW,"[0.00,0.05)",23.010666,0.2,4
493,HNSW_HYBRID,"[0.00,0.05)",7.679083,1.0,4
493,IVFFLAT_HYBRID,"[0.00,0.05)",7.165625,1.0,4
495,SQL_FIRST,"[0.00,0.05)",10.581209,1.0,0
495,VECTOR_FIRST_HNSW,"[0.00,0.05)",22.999542,0.3,0
495,HNSW_HYBRID,"[0.00,0.05)",11.165042,1.0,0
495,IVFFLAT_HYBRID,"[0.00,0.05)",10.779542,1.0,0
495,SQL_FIRST,"[0.00,0.05)",10.786709,1.0,1
495,VECTOR_FIRST_HNSW,"[0.00,0.05)",23.085875,0.3,1
495,HNSW_HYBRID,"[0.00,0.05)",11.217458,1.0,1
495,IVFFLAT_HYBRID,"[0.00,0.05)",10.630959,1.0,1
495,SQL_FIRST,"[0.00,0.05)",10.823084,1.0,2
495,VECTOR_FIRST_HNSW,"[0.00,0.05)",22.890041,0.3,2
495,HNSW_HYBRID,"[0.00,0.05)",11.196333,1.0,2
495,IVFFLAT_HYBRID,"[0.00,0.05)",10.826375,1.0,2
495,SQL_FIRST,"[0.00,0.05)",10.810542,1.0,3
495,VECTOR_FIRST_HNSW,"[0.00,0.05)",22.820959,0.3,3
495,HNSW_HYBRID,"[0.00,0.05)",11.385958,1.0,3
495,IVFFLAT_HYBRID,"[0.00,0.05)",10.805584,1.0,3
495,SQL_FIRST,"[0.00,0.05)",10.662875,1.0,4
495,VECTOR_FIRST_HNSW,"[0.00,0.05)",22.877375,0.3,4
495,HNSW_HYBRID,"[0.00,0.05)",11.110125,1.0,4
495,IVFFLAT_HYBRID,"[0.00,0.05)",11.013792,1.0,4
496,SQL_FIRST,"[0.00,0.05)",8.506666,1.0,0
496,VECTOR_FIRST_HNSW,"[0.00,0.05)",23.346875,0.2,0
496,HNSW_HYBRID,"[0.00,0.05)",8.923958,1.0,0
496,IVFFLAT_HYBRID,"[0.00,0.05)",8.647209,1.0,0
496,SQL_FIRST,"[0.00,0.05)",8.039292,1.0,1
496,VECTOR_FIRST_HNSW,"[0.00,0.05)",23.835417,0.2,1
496,HNSW_HYBRID,"[0.00,0.05)",8.876167,1.0,1
496,IVFFLAT_HYBRID,"[0.00,0.05)",8.14925,1.0,1
496,SQL_FIRST,"[0.00,0.05)",8.078166,1.0,2
496,VECTOR_FIRST_HNSW,"[0.00,0.05)",22.939958,0.2,2
496,HNSW_HYBRID,"[0.00,0.05)",8.774333,1.0,2
496,IVFFLAT_HYBRID,"[0.00,0.05)",8.356625,1.0,2
496,SQL_FIRST,"[0.00,0.05)",8.613167,1.0,3
496,VECTOR_FIRST_HNSW,"[0.00,0.05)",23.082584,0.2,3
496,HNSW_HYBRID,"[0.00,0.05)",8.760041,1.0,3
496,IVFFLAT_HYBRID,"[0.00,0.05)",8.106083,1.0,3
496,SQL_FIRST,"[0.00,0.05)",8.119,1.0,4
496,VECTOR_FIRST_HNSW,"[0.00,0.05)",23.026875,0.2,4
496,HNSW_HYBRID,"[0.00,0.05)",8.698375,1.0,4
496,IVFFLAT_HYBRID,"[0.00,0.05)",8.30375,1.0,4
497,SQL_FIRST,"[0.00,0.05)",9.743708,1.0,0
497,VECTOR_FIRST_HNSW,"[0.00,0.05)",22.881,0.2,0
497,HNSW_HYBRID,"[0.00,0.05)",9.956583,1.0,0
497,IVFFLAT_HYBRID,"[0.00,0.05)",9.435,1.0,0
497,SQL_FIRST,"[0.00,0.05)",9.418917,1.0,1
497,VECTOR_FIRST_HNSW,"[0.00,0.05)",22.915959,0.2,1
497,HNSW_HYBRID,"[0.00,0.05)",9.623917,1.0,1
497,IVFFLAT_HYBRID,"[0.00,0.05)",9.583041,1.0,1
497,SQL_FIRST,"[0.00,0.05)",9.423166,1.0,2
497,VECTOR_FIRST_HNSW,"[0.00,0.05)",22.881,0.2,2
497,HNSW_HYBRID,"[0.00,0.05)",9.70325,1.0,2
497,IVFFLAT_HYBRID,"[0.00,0.05)",9.333166,1.0,2
497,SQL_FIRST,"[0.00,0.05)",9.261333,1.0,3
497,VECTOR_FIRST_HNSW,"[0.00,0.05)",22.916625,0.2,3
497,HNSW_HYBRID,"[0.00,0.05)",9.787458,1.0,3
497,IVFFLAT_HYBRID,"[0.00,0.05)",9.84975,1.0,3
497,SQL_FIRST,"[0.00,0.05)",9.939708,1.0,4
497,VECTOR_FIRST_HNSW,"[0.00,0.05)",22.936792,0.2,4
497,HNSW_HYBRID,"[0.00,0.05)",9.831,1.0,4
497,IVFFLAT_HYBRID,"[0.00,0.05)",10.039542,1.0,4
498,SQL_FIRST,"[0.00,0.05)",8.8365,1.0,0
498,VECTOR_FIRST_HNSW,"[0.00,0.05)",22.944625,0.2,0
498,HNSW_HYBRID,"[0.00,0.05)",9.072208,1.0,0
498,IVFFLAT_HYBRID,"[0.00,0.05)",8.691916,1.0,0
498,SQL_FIRST,"[0.00,0.05)",8.619458,1.0,1
498,VECTOR_FIRST_HNSW,"[0.00,0.05)",23.6375,0.2,1
498,HNSW_HYBRID,"[0.00,0.05)",9.075458,1.0,1
498,IVFFLAT_HYBRID,"[0.00,0.05)",8.59825,1.0,1
498,SQL_FIRST,"[0.00,0.05)",8.424542,1.0,2
498,VECTOR_FIRST_HNSW,"[0.00,0.05)",23.048708,0.2,2
498,HNSW_HYBRID,"[0.00,0.05)",9.129541,1.0,2
498,IVFFLAT_HYBRID,"[0.00,0.05)",8.959041,1.0,2
498,SQL_FIRST,"[0.00,0.05)",8.472834,1.0,3
498,VECTOR_FIRST_HNSW,"[0.00,0.05)",23.228125,0.2,3
498,HNSW_HYBRID,"[0.00,0.05)",9.151625,1.0,3
498,IVFFLAT_HYBRID,"[0.00,0.05)",8.606208,1.0,3
498,SQL_FIRST,"[0.00,0.05)",8.357708,1.0,4
498,VECTOR_FIRST_HNSW,"[0.00,0.05)",22.781,0.2,4
498,HNSW_HYBRID,"[0.00,0.05)",9.119833,1.0,4
498,IVFFLAT_HYBRID,"[0.00,0.05)",8.734459,1.0,4
499,SQL_FIRST,"[0.00,0.05)",10.756917,1.0,0
499,VECTOR_FIRST_HNSW,"[0.00,0.05)",22.872959,0.3,0
499,HNSW_HYBRID,"[0.00,0.05)",11.063791,1.0,0
499,IVFFLAT_HYBRID,"[0.00,0.05)",10.610417,1.0,0
499,SQL_FIRST,"[0.00,0.05)",10.484333,1.0,1
499,VECTOR_FIRST_HNSW,"[0.00,0.05)",22.885292,0.3,1
499,HNSW_HYBRID,"[0.00,0.05)",10.914792,1.0,1
499,IVFFLAT_HYBRID,"[0.00,0.05)",10.554417,1.0,1
499,SQL_FIRST,"[0.00,0.05)",11.005875,1.0,2
499,VECTOR_FIRST_HNSW,"[0.00,0.05)",23.03225,0.3,2
499,HNSW_HYBRID,"[0.00,0.05)",11.354417,1.0,2
499,IVFFLAT_HYBRID,"[0.00,0.05)",11.136375,1.0,2
499,SQL_FIRST,"[0.00,0.05)",10.595292,1.0,3
499,VECTOR_FIRST_HNSW,"[0.00,0.05)",23.899125,0.3,3
499,HNSW_HYBRID,"[0.00,0.05)",11.094416,1.0,3
499,IVFFLAT_HYBRID,"[0.00,0.05)",10.683333,1.0,3
499,SQL_FIRST,"[0.00,0.05)",10.950041,1.0,4
499,VECTOR_FIRST_HNSW,"[0.00,0.05)",22.929167,0.3,4
499,HNSW_HYBRID,"[0.00,0.05)",11.204875,1.0,4
499,IVFFLAT_HYBRID,"[0.00,0.05)",11.030541,1.0,4
