query_id,strategy,bucket,latency_ms,recall_at_10,repetition
0,SQL_FIRST,"[0.00,0.05)",7.639042,1.0,0
0,VECTOR_FIRST_HNSW,"[0.00,0.05)",23.858917,0.3,0
0,HNSW_HYBRID,"[0.00,0.05)",8.204666,1.0,0
0,IVFFLAT_HYBRID,"[0.00,0.05)",7.791083,1.0,0
0,SQL_FIRST,"[0.00,0.05)",7.595459,1.0,1
0,VECTOR_FIRST_HNSW,"[0.00,0.05)",22.989208,0.3,1
0,HNSW_HYBRID,"[0.00,0.05)",8.390834,1.0,1
0,IVFFLAT_HYBRID,"[0.00,0.05)",7.719959,1.0,1
0,SQL_FIRST,"[0.00,0.05)",7.570792,1.0,2
0,VECTOR_FIRST_HNSW,"[0.00,0.05)",22.87575,0.3,2
0,HNSW_HYBRID,"[0.00,0.05)",8.299958,1.0,2
0,IVFFLAT_HYBRID,"[0.00,0.05)",8.077042,1.0,2
0,SQL_FIRST,"[0.00,0.05)",7.707125,1.0,3
0,VECTOR_FIRST_HNSW,"[0.00,0.05)",22.913,0.3,3
0,HNSW_HYBRID,"[0.00,0.05)",8.99175,1.0,3
0,IVFFLAT_HYBRID,"[0.00,0.05)",8.313791,1.0,3
0,SQL_FIRST,"[0.00,0.05)",7.69625,1.0,4
0,VECTOR_FIRST_HNSW,"[0.00,0.05)",23.016042,0.3,4
0,HNSW_HYBRID,"[0.00,0.05)",8.379042,1.0,4
0,IVFFLAT_HYBRID,"[0.00,0.05)",7.688041,1.0,4
1,SQL_FIRST,"[0.00,0.05)",9.29675,1.0,0
1,VECTOR_FIRST_HNSW,"[0.00,0.05)",22.993875,0.4,0
1,HNSW_HYBRID,"[0.00,0.05)",9.340125,1.0,0
1,IVFFLAT_HYBRID,"[0.00,0.05)",9.570833,1.0,0
1,SQL_FIRST,"[0.00,0.05)",9.534583,1.0,1
1,VECTOR_FIRST_HNSW,"[0.00,0.05)",26.688708,0.4,1
1,HNSW_HYBRID,"[0.00,0.05)",9.252334,1.0,1
1,IVFFLAT_HYBRID,"[0.00,0.05)",8.835,1.0,1
1,SQL_FIRST,"[0.00,0.05)",9.756542,1.0,2
1,VECTOR_FIRST_HNSW,"[0.00,0.05)",24.755458,0.4,2
1,HNSW_HYBRID,"[0.00,0.05)",9.203458,1.0,2
1,IVFFLAT_HYBRID,"[0.00,0.05)",8.686084,1.0,2
1,SQL_FIRST,"[0.00,0.05)",8.68475,1.0,3
1,VECTOR_FIRST_HNSW,"[0.00,0.05)",23.022042,0.4,3
1,HNSW_HYBRID,"[0.00,0.05)",9.327,1.0,3
1,IVFFLAT_HYBRID,"[0.00,0.05)",8.886792,1.0,3
1,SQL_FIRST,"[0.00,0.05)",8.866875,1.0,4
1,VECTOR_FIRST_HNSW,"[0.00,0.05)",23.072083,0.4,4
1,HNSW_HYBRID,"[0.00,0.05)",9.302042,1.0,4
1,IVFFLAT_HYBRID,"[0.00,0.05)",8.975875,1.0,4
3,SQL_FIRST,"[0.00,0.05)",5.125542,1.0,0
3,VECTOR_FIRST_HNSW,"[0.00,0.05)",22.864541,0.0,0
3,HNSW_HYBRID,"[0.00,0.05)",5.694,1.0,0
3,IVFFLAT_HYBRID,"[0.00,0.05)",5.237042,1.0,0
3,SQL_FIRST,"[0.00,0.05)",5.259667,1.0,1
3,VECTOR_FIRST_HNSW,"[0.00,0.05)",22.774833,0.0,1
3,HNSW_HYBRID,"[0.00,0.05)",5.946416,1.0,1
3,IVFFLAT_HYBRID,"[0.00,0.05)",5.267125,1.0,1
3,SQL_FIRST,"[0.00,0.05)",5.308125,1.0,2
3,VECTOR_FIRST_HNSW,"[0.00,0.05)",22.867042,0.0,2
3,HNSW_HYBRID,"[0.00,0.05)",5.653208,1.0,2
3,IVFFLAT_HYBRID,"[0.00,0.05)",5.125958,1.0,2
3,SQL_FIRST,"[0.00,0.05)",5.184042,1.0,3
3,VECTOR_FIRST_HNSW,"[0.00,0.05)",22.966875,0.0,3
3,HNSW_HYBRID,"[0.00,0.05)",5.7255,1.0,3
3,IVFFLAT_HYBRID,"[0.00,0.05)",5.131292,1.0,3
3,SQL_FIRST,"[0.00,0.05)",5.054583,1.0,4
3,VECTOR_FIRST_HNSW,"[0.00,0.05)",23.282458,0.0,4
3,HNSW_HYBRID,"[0.00,0.05)",5.649041,1.0,4
3,IVFFLAT_HYBRID,"[0.00,0.05)",5.138167,1.0,4
6,SQL_FIRST,"[0.00,0.05)",6.585959,1.0,0
6,VECTOR_FIRST_HNSW,"[0.00,0.05)",23.327667,0.2,0
6,HNSW_HYBRID,"[0.00,0.05)",7.329875,1.0,0
6,IVFFLAT_HYBRID,"[0.00,0.05)",6.973958,1.0,0
6,SQL_FIRST,"[0.00,0.05)",6.452791,1.0,1
6,VECTOR_FIRST_HNSW,"[0.00,0.05)",22.945417,0.2,1
6,HNSW_HYBRID,"[0.00,0.05)",7.197042,1.0,1
6,IVFFLAT_HYBRID,"[0.00,0.05)",6.693166,1.0,1
6,SQL_FIRST,"[0.00,0.05)",6.664042,1.0,2
6,VECTOR_FIRST_HNSW,"[0.00,0.05)",23.265667,0.2,2
6,HNSW_HYBRID,"[0.00,0.05)",7.275833,1.0,2
6,IVFFLAT_HYBRID,"[0.00,0.05)",6.584292,1.0,2
6,SQL_FIRST,"[0.00,0.05)",6.534208,1.0,3
6,VECTOR_FIRST_HNSW,"[0.00,0.05)",22.896541,0.2,3
6,HNSW_HYBRID,"[0.00,0.05)",7.286875,1.0,3
6,IVFFLAT_HYBRID,"[0.00,0.05)",6.48525,1.0,3
6,SQL_FIRST,"[0.00,0.05)",6.480792,1.0,4
6,VECTOR_FIRST_HNSW,"[0.00,0.05)",23.031834,0.2,4
6,HNSW_HYBRID,"[0.00,0.05)",7.155125,1.0,4
6,IVFFLAT_HYBRID,"[0.00,0.05)",6.854,1.0,4
7,SQL_FIRST,"[0.00,0.05)",7.181084,1.0,0
7,VECTOR_FIRST_HNSW,"[0.00,0.05)",22.990083,0.3,0
7,HNSW_HYBRID,"[0.00,0.05)",8.112833,1.0,0
7,IVFFLAT_HYBRID,"[0.00,0.05)",7.674084,1.0,0
7,SQL_FIRST,"[0.00,0.05)",7.593583,1.0,1
7,VECTOR_FIRST_HNSW,"[0.00,0.05)",22.840584,0.3,1
7,HNSW_HYBRID,"[0.00,0.05)",8.248834,1.0,1
7,IVFFLAT_HYBRID,"[0.00,0.05)",7.422333,1.0,1
7,SQL_FIRST,"[0.00,0.05)",7.511833,1.0,2
7,VECTOR_FIRST_HNSW,"[0.00,0.05)",22.847875,0.3,2
7,HNSW_HYBRID,"[0.00,0.05)",8.068209,1.0,2
7,IVFFLAT_HYBRID,"[0.00,0.05)",7.537333,1.0,2
7,SQL_FIRST,"[0.00,0.05)",7.479125,1.0,3
7,VECTOR_FIRST_HNSW,"[0.00,0.05)",22.9235,0.3,3
7,HNSW_HYBRID,"[0.00,0.05)",8.1455,1.0,3
7,IVFFLAT_HYBRID,"[0.00,0.05)",7.493042,1.0,3
7,SQL_FIRST,"[0.00,0.05)",7.239042,1.0,4
7,VECTOR_FIRST_HNSW,"[0.00,0.05)",23.465208,0.3,4
7,HNSW_HYBRID,"[0.00,0.05)",8.10875,1.0,4
7,IVFFLAT_HYBRID,"[0.00,0.05)",7.841209,1.0,4
8,SQL_FIRST,"[0.00,0.05)",5.09625,1.0,0
8,VECTOR_FIRST_HNSW,"[0.00,0.05)",23.263792,0.0,0
8,HNSW_HYBRID,"[0.00,0.05)",5.02025,1.0,0
8,IVFFLAT_HYBRID,"[0.00,0.05)",4.6315,1.0,0
8,SQL_FIRST,"[0.00,0.05)",4.574959,1.0,1
8,VECTOR_FIRST_HNSW,"[0.00,0.05)",22.822833,0.0,1
8,HNSW_HYBRID,"[0.00,0.05)",5.206875,1.0,1
8,IVFFLAT_HYBRID,"[0.00,0.05)",4.624083,1.0,1
8,SQL_FIRST,"[0.00,0.05)",4.523875,1.0,2
8,VECTOR_FIRST_HNSW,"[0.00,0.05)",23.528625,0.0,2
8,HNSW_HYBRID,"[0.00,0.05)",5.133584,1.0,2
8,IVFFLAT_HYBRID,"[0.00,0.05)",4.555833,1.0,2
8,SQL_FIRST,"[0.00,0.05)",4.650459,1.0,3
8,VECTOR_FIRST_HNSW,"[0.00,0.05)",22.8965,0.0,3
8,HNSW_HYBRID,"[0.00,0.05)",5.035792,1.0,3
8,IVFFLAT_HYBRID,"[0.00,0.05)",4.60025,1.0,3
8,SQL_FIRST,"[0.00,0.05)",4.581541,1.0,4
8,VECTOR_FIRST_HNSW,"[0.00,0.05)",23.366334,0.0,4
8,HNSW_HYBRID,"[0.00,0.05)",5.152167,1.0,4
8,IVFFLAT_HYBRID,"[0.00,0.05)",4.547333,1.0,4
9,SQL_FIRST,"[0.00,0.05)",8.722042,1.0,0
9,VECTOR_FIRST_HNSW,"[0.00,0.05)",22.936541,0.6,0
9,HNSW_HYBRID,"[0.00,0.05)",9.344125,1.0,0
9,IVFFLAT_HYBRID,"[0.00,0.05)",8.707583,1.0,0
9,SQL_FIRST,"[0.00,0.05)",9.037792,1.0,1
9,VECTOR_FIRST_HNSW,"[0.00,0.05)",22.868625,0.6,1
9,HNSW_HYBRID,"[0.00,0.05)",9.531917,1.0,1
9,IVFFLAT_HYBRID,"[0.00,0.05)",8.873959,1.0,1
9,SQL_FIRST,"[0.00,0.05)",8.727208,1.0,2
9,VECTOR_FIRST_HNSW,"[0.00,0.05)",22.868333,0.6,2
9,HNSW_HYBRID,"[0.00,0.05)",9.20475,1.0,2
9,IVFFLAT_HYBRID,"[0.00,0.05)",8.647042,1.0,2
9,SQL_FIRST,"[0.00,0.05)",9.129959,1.0,3
9,VECTOR_FIRST_HNSW,"[0.00,0.05)",22.887125,0.6,3
9,HNSW_HYBRID,"[0.00,0.05)",9.4535,1.0,3
9,IVFFLAT_HYBRID,"[0.00,0.05)",8.458,1.0,3
9,SQL_FIRST,"[0.00,0.05)",8.90025,1.0,4
9,VECTOR_FIRST_HNSW,"[0.00,0.05)",24.4025,0.6,4
9,HNSW_HYBRID,"[0.00,0.05)",9.572458,1.0,4
9,IVFFLAT_HYBRID,"[0.00,0.05)",9.208125,1.0,4
10,SQL_FIRST,"[0.00,0.05)",9.662459,1.0,0
10,VECTOR_FIRST_HNSW,"[0.00,0.05)",22.942667,0.4,0
10,HNSW_HYBRID,"[0.00,0.05)",10.116958,1.0,0
10,IVFFLAT_HYBRID,"[0.00,0.05)",10.207792,1.0,0
10,SQL_FIRST,"[0.00,0.05)",9.681125,1.0,1
10,VECTOR_FIRST_HNSW,"[0.00,0.05)",23.054875,0.4,1
10,HNSW_HYBRID,"[0.00,0.05)",10.011208,1.0,1
10,IVFFLAT_HYBRID,"[0.00,0.05)",9.618792,1.0,1
10,SQL_FIRST,"[0.00,0.05)",9.58275,1.0,2
10,VECTOR_FIRST_HNSW,"[0.00,0.05)",22.913125,0.4,2
10,HNSW_HYBRID,"[0.00,0.05)",9.664,1.0,2
10,IVFFLAT_HYBRID,"[0.00,0.05)",9.54875,1.0,2
10,SQL_FIRST,"[0.00,0.05)",9.457958,1.0,3
10,VECTOR_FIRST_HNSW,"[0.00,0.05)",22.935,0.4,3
10,HNSW_HYBRID,"[0.00,0.05)",9.991833,1.0,3
10,IVFFLAT_HYBRID,"[0.00,0.05)",9.914125,1.0,3
10,SQL_FIRST,"[0.00,0.05)",9.882584,1.0,4
10,VECTOR_FIRST_HNSW,"[0.00,0.05)",22.894084,0.4,4
10,HNSW_HYBRID,"[0.00,0.05)",9.995417,1.0,4
10,IVFFLAT_HYBRID,"[0.00,0.05)",9.497208,1.0,4
12,SQL_FIRST,"[0.00,0.05)",7.278167,1.0,0
12,VECTOR_FIRST_HNSW,"[0.00,0.05)",22.894833,0.4,0
12,HNSW_HYBRID,"[0.00,0.05)",7.851333,1.0,0
12,IVFFLAT_HYBRID,"[0.00,0.05)",7.11225,1.0,0
12,SQL_FIRST,"[0.00,0.05)",7.169834,1.0,1
12,VECTOR_FIRST_HNSW,"[0.00,0.05)",22.912917,0.4,1
12,HNSW_HYBRID,"[0.00,0.05)",7.795916,1.0,1
12,IVFFLAT_HYBRID,"[0.00,0.05)",7.357666,1.0,1
12,SQL_FIRST,"[0.00,0.05)",7.301792,1.0,2
12,VECTOR_FIRST_HNSW,"[0.00,0.05)",23.069042,0.4,2
12,HNSW_HYBRID,"[0.00,0.05)",7.900708,1.0,2
12,IVFFLAT_HYBRID,"[0.00,0.05)",7.700166,1.0,2
12,SQL_FIRST,"[0.00,0.05)",7.46925,1.0,3
12,VECTOR_FIRST_HNSW,"[0.00,0.05)",22.852583,0.4,3
12,HNSW_HYBRID,"[0.00,0.05)",7.841208,1.0,3
12,IVFFLAT_HYBRID,"[0.00,0.05)",7.115333,1.0,3
12,SQL_FIRST,"[0.00,0.05)",7.7655,1.0,4
12,VECTOR_FIRST_HNSW,"[0.00,0.05)",23.301666,0.4,4
12,HNSW_HYBRID,"[0.00,0.05)",7.897166,1.0,4
12,IVFFLAT_HYBRID,"[0.00,0.05)",7.079125,1.0,4
13,SQL_FIRST,"[0.00,0.05)",10.232083,1.0,0
13,VECTOR_FIRST_HNSW,"[0.00,0.05)",22.926167,0.3,0
13,HNSW_HYBRID,"[0.00,0.05)",10.701666,1.0,0
13,IVFFLAT_HYBRID,"[0.00,0.05)",10.175541,1.0,0
13,SQL_FIRST,"[0.00,0.05)",10.32,1.0,1
13,VECTOR_FIRST_HNSW,"[0.00,0.05)",22.950792,0.3,1
13,HNSW_HYBRID,"[0.00,0.05)",10.7725,1.0,1
13,IVFFLAT_HYBRID,"[0.00,0.05)",10.291292,1.0,1
13,SQL_FIRST,"[0.00,0.05)",10.043625,1.0,2
13,VECTOR_FIRST_HNSW,"[0.00,0.05)",22.828125,0.3,2
13,HNSW_HYBRID,"[0.00,0.05)",10.658167,1.0,2
13,IVFFLAT_HYBRID,"[0.00,0.05)",10.256,1.0,2
13,SQL_FIRST,"[0.00,0.05)",10.34125,1.0,3
13,VECTOR_FIRST_HNSW,"[0.00,0.05)",22.961417,0.3,3
13,HNSW_HYBRID,"[0.00,0.05)",10.726375,1.0,3
13,IVFFLAT_HYBRID,"[0.00,0.05)",10.068833,1.0,3
13,SQL_FIRST,"[0.00,0.05)",10.293041,1.0,4
13,VECTOR_FIRST_HNSW,"[0.00,0.05)",22.926583,0.3,4
13,HNSW_HYBRID,"[0.00,0.05)",10.613583,1.0,4
13,IVFFLAT_HYBRID,"[0.00,0.05)",10.128334,1.0,4
16,SQL_FIRST,"[0.00,0.05)",10.9735,1.0,0
16,VECTOR_FIRST_HNSW,"[0.00,0.05)",23.7785,0.3,0
16,HNSW_HYBRID,"[0.00,0.05)",11.551458,1.0,0
16,IVFFLAT_HYBRID,"[0.00,0.05)",11.559167,1.0,0
16,SQL_FIRST,"[0.00,0.05)",11.640292,1.0,1
16,VECTOR_FIRST_HNSW,"[0.00,0.05)",23.981291,0.3,1
16,HNSW_HYBRID,"[0.00,0.05)",11.33625,1.0,1
16,IVFFLAT_HYBRID,"[0.00,0.05)",11.1165,1.0,1
16,SQL_FIRST,"[0.00,0.05)",10.734709,1.0,2
16,VECTOR_FIRST_HNSW,"[0.00,0.05)",22.865084,0.3,2
16,HNSW_HYBRID,"[0.00,0.05)",11.539041,1.0,2
16,IVFFLAT_HYBRID,"[0.00,0.05)",11.063333,1.0,2
16,SQL_FIRST,"[0.00,0.05)",10.801417,1.0,3
16,VECTOR_FIRST_HNSW,"[0.00,0.05)",22.856541,0.3,3
16,HNSW_HYBRID,"[0.00,0.05)",10.975084,1.0,3
16,IVFFLAT_HYBRID,"[0.00,0.05)",10.6355,1.0,3
16,SQL_FIRST,"[0.00,0.05)",11.102125,1.0,4
16,VECTOR_FIRST_HNSW,"[0.00,0.05)",23.214208,0.3,4
16,HNSW_HYBRID,"[0.00,0.05)",11.0795,1.0,4
16,IVFFLAT_HYBRID,"[0.00,0.05)",10.95525,1.0,4
18,SQL_FIRST,"[0.00,0.05)",9.645542,1.0,0
18,VECTOR_FIRST_HNSW,"[0.00,0.05)",23.425375,0.3,0
18,HNSW_HYBRID,"[0.00,0.05)",10.313417,1.0,0
18,IVFFLAT_HYBRID,"[0.00,0.05)",9.688708,1.0,0
18,SQL_FIRST,"[0.00,0.05)",9.571292,1.0,1
18,VECTOR_FIRST_HNSW,"[0.00,0.05)",22.87925,0.3,1
18,HNSW_HYBRID,"[0.00,0.05)",10.192625,1.0,1
18,IVFFLAT_HYBRID,"[0.00,0.05)",10.100917,1.0,1
18,SQL_FIRST,"[0.00,0.05)",9.696292,1.0,2
18,VECTOR_FIRST_HNSW,"[0.00,0.05)",22.922625,0.3,2
18,HNSW_HYBRID,"[0.00,0.05)",10.161667,1.0,2
18,IVFFLAT_HYBRID,"[0.00,0.05)",9.682875,1.0,2
18,SQL_FIRST,"[0.00,0.05)",9.3345,1.0,3
18,VECTOR_FIRST_HNSW,"[0.00,0.05)",23.276333,0.3,3
18,HNSW_HYBRID,"[0.00,0.05)",10.21525,1.0,3
18,IVFFLAT_HYBRID,"[0.00,0.05)",10.023792,1.0,3
18,SQL_FIRST,"[0.00,0.05)",10.146458,1.0,4
18,VECTOR_FIRST_HNSW,"[0.00,0.05)",23.212417,0.3,4
18,HNSW_HYBRID,"[0.00,0.05)",10.207084,1.0,4
18,IVFFLAT_HYBRID,"[0.00,0.05)",9.494958,1.0,4
20,SQL_FIRST,"[0.00,0.05)",10.817458,1.0,0
20,VECTOR_FIRST_HNSW,"[0.00,0.05)",23.696459,0.3,0
20,HNSW_HYBRID,"[0.00,0.05)",11.204917,1.0,0
20,IVFFLAT_HYBRID,"[0.00,0.05)",10.796083,1.0,0
20,SQL_FIRST,"[0.00,0.05)",10.748875,1.0,1
20,VECTOR_FIRST_HNSW,"[0.00,0.05)",22.892125,0.3,1
20,HNSW_HYBRID,"[0.00,0.05)",11.366833,1.0,1
20,IVFFLAT_HYBRID,"[0.00,0.05)",11.097417,1.0,1
20,SQL_FIRST,"[0.00,0.05)",10.484209,1.0,2
20,VECTOR_FIRST_HNSW,"[0.00,0.05)",22.919375,0.3,2
20,HNSW_HYBRID,"[0.00,0.05)",11.183292,1.0,2
20,IVFFLAT_HYBRID,"[0.00,0.05)",10.636084,1.0,2
20,SQL_FIRST,"[0.00,0.05)",10.910417,1.0,3
20,VECTOR_FIRST_HNSW,"[0.00,0.05)",22.856333,0.3,3
20,HNSW_HYBRID,"[0.00,0.05)",12.208167,1.0,3
20,IVFFLAT_HYBRID,"[0.00,0.05)",10.872667,1.0,3
20,SQL_FIRST,"[0.00,0.05)",10.676417,1.0,4
20,VECTOR_FIRST_HNSW,"[0.00,0.05)",22.843833,0.3,4
20,HNSW_HYBRID,"[0.00,0.05)",11.147917,1.0,4
20,IVFFLAT_HYBRID,"[0.00,0.05)",10.867958,1.0,4
21,SQL_FIRST,"[0.00,0.05)",9.629834,1.0,0
21,VECTOR_FIRST_HNSW,"[0.00,0.05)",22.867958,0.6,0
21,HNSW_HYBRID,"[0.00,0.05)",9.734584,1.0,0
21,IVFFLAT_HYBRID,"[0.00,0.05)",9.981333,1.0,0
21,SQL_FIRST,"[0.00,0.05)",9.667084,1.0,1
21,VECTOR_FIRST_HNSW,"[0.00,0.05)",23.092208,0.6,1
21,HNSW_HYBRID,"[0.00,0.05)",9.414625,1.0,1
21,IVFFLAT_HYBRID,"[0.00,0.05)",9.579875,1.0,1
21,SQL_FIRST,"[0.00,0.05)",8.868125,1.0,2
21,VECTOR_FIRST_HNSW,"[0.00,0.05)",23.025042,0.6,2
21,HNSW_HYBRID,"[0.00,0.05)",9.960917,1.0,2
21,IVFFLAT_HYBRID,"[0.00,0.05)",9.653,1.0,2
21,SQL_FIRST,"[0.00,0.05)",9.153042,1.0,3
21,VECTOR_FIRST_HNSW,"[0.00,0.05)",22.905667,0.6,3
21,HNSW_HYBRID,"[0.00,0.05)",9.6215,1.0,3
21,IVFFLAT_HYBRID,"[0.00,0.05)",9.235542,1.0,3
21,SQL_FIRST,"[0.00,0.05)",9.80075,1.0,4
21,VECTOR_FIRST_HNSW,"[0.00,0.05)",23.232583,0.6,4
21,HNSW_HYBRID,"[0.00,0.05)",9.991709,1.0,4
21,IVFFLAT_HYBRID,"[0.00,0.05)",10.55825,1.0,4
24,SQL_FIRST,"[0.00,0.05)",9.044125,1.0,0
24,VECTOR_FIRST_HNSW,"[0.00,0.05)",22.963625,0.4,0
24,HNSW_HYBRID,"[0.00,0.05)",9.668208,1.0,0
24,IVFFLAT_HYBRID,"[0.00,0.05)",9.537416,1.0,0
24,SQL_FIRST,"[0.00,0.05)",9.244792,1.0,1
24,VECTOR_FIRST_HNSW,"[0.00,0.05)",22.881958,0.4,1
24,HNSW_HYBRID,"[0.00,0.05)",9.672875,1.0,1
24,IVFFLAT_HYBRID,"[0.00,0.05)",9.227959,1.0,1
24,SQL_FIRST,"[0.00,0.05)",9.434083,1.0,2
24,VECTOR_FIRST_HNSW,"[0.00,0.05)",23.07425,0.4,2
24,HNSW_HYBRID,"[0.00,0.05)",9.729417,1.0,2
24,IVFFLAT_HYBRID,"[0.00,0.05)",9.326,1.0,2
24,SQL_FIRST,"[0.00,0.05)",9.235833,1.0,3
24,VECTOR_FIRST_HNSW,"[0.00,0.05)",22.907,0.4,3
24,HNSW_HYBRID,"[0.00,0.05)",9.503167,1.0,3
24,IVFFLAT_HYBRID,"[0.00,0.05)",9.046458,1.0,3
24,SQL_FIRST,"[0.00,0.05)",9.496458,1.0,4
24,VECTOR_FIRST_HNSW,"[0.00,0.05)",22.907041,0.4,4
24,HNSW_HYBRID,"[0.00,0.05)",9.61575,1.0,4
24,IVFFLAT_HYBRID,"[0.00,0.05)",9.210167,1.0,4
29,SQL_FIRST,"[0.00,0.05)",8.183292,1.0,0
29,VECTOR_FIRST_HNSW,"[0.00,0.05)",23.456416,0.3,0
29,HNSW_HYBRID,"[0.00,0.05)",8.927959,1.0,0
29,IVFFLAT_HYBRID,"[0.00,0.05)",8.244167,1.0,0
29,SQL_FIRST,"[0.00,0.05)",8.018625,1.0,1
29,VECTOR_FIRST_HNSW,"[0.00,0.05)",22.82775,0.3,1
29,HNSW_HYBRID,"[0.00,0.05)",8.625375,1.0,1
29,IVFFLAT_HYBRID,"[0.00,0.05)",9.095708,1.0,1
29,SQL_FIRST,"[0.00,0.05)",9.272167,1.0,2
29,VECTOR_FIRST_HNSW,"[0.00,0.05)",23.763041,0.3,2
29,HNSW_HYBRID,"[0.00,0.05)",8.6915,1.0,2
29,IVFFLAT_HYBRID,"[0.00,0.05)",8.115833,1.0,2
29,SQL_FIRST,"[0.00,0.05)",7.989,1.0,3
29,VECTOR_FIRST_HNSW,"[0.00,0.05)",22.972167,0.3,3
29,HNSW_HYBRID,"[0.00,0.05)",8.711334,1.0,3
29,IVFFLAT_HYBRID,"[0.00,0.05)",8.540541,1.0,3
29,SQL_FIRST,"[0.00,0.05)",8.133125,1.0,4
29,VECTOR_FIRST_HNSW,"[0.00,0.05)",22.924083,0.3,4
29,HNSW_HYBRID,"[0.00,0.05)",8.698125,1.0,4
29,IVFFLAT_HYBRID,"[0.00,0.05)",8.072,1.0,4
32,SQL_FIRST,"[0.00,0.05)",4.267334,1.0,0
32,VECTOR_FIRST_HNSW,"[0.00,0.05)",22.810042,0.0,0
32,HNSW_HYBRID,"[0.00,0.05)",4.697042,1.0,0
32,IVFFLAT_HYBRID,"[0.00,0.05)",4.259,1.0,0
32,SQL_FIRST,"[0.00,0.05)",4.299917,1.0,1
32,VECTOR_FIRST_HNSW,"[0.00,0.05)",22.780084,0.0,1
32,HNSW_HYBRID,"[0.00,0.05)",4.766625,1.0,1
32,IVFFLAT_HYBRID,"[0.00,0.05)",4.377083,1.0,1
32,SQL_FIRST,"[0.00,0.05)",4.274042,1.0,2
32,VECTOR_FIRST_HNSW,"[0.00,0.05)",22.696708,0.0,2
32,HNSW_HYBRID,"[0.00,0.05)",4.787667,1.0,2
32,IVFFLAT_HYBRID,"[0.00,0.05)",4.430834,1.0,2
32,SQL_FIRST,"[0.00,0.05)",4.280875,1.0,3
32,VECTOR_FIRST_HNSW,"[0.00,0.05)",22.781833,0.0,3
32,HNSW_HYBRID,"[0.00,0.05)",4.758458,1.0,3
32,IVFFLAT_HYBRID,"[0.00,0.05)",4.281333,1.0,3
32,SQL_FIRST,"[0.00,0.05)",4.232625,1.0,4
32,VECTOR_FIRST_HNSW,"[0.00,0.05)",22.911916,0.0,4
32,HNSW_HYBRID,"[0.00,0.05)",4.832417,1.0,4
32,IVFFLAT_HYBRID,"[0.00,0.05)",4.54675,1.0,4
36,SQL_FIRST,"[0.00,0.05)",6.564166,1.0,0
36,VECTOR_FIRST_HNSW,"[0.00,0.05)",22.916542,0.0,0
36,HNSW_HYBRID,"[0.00,0.05)",7.486,1.0,0
36,IVFFLAT_HYBRID,"[0.00,0.05)",7.207,1.0,0
36,SQL_FIRST,"[0.00,0.05)",7.200959,1.0,1
36,VECTOR_FIRST_HNSW,"[0.00,0.05)",22.902708,0.0,1
36,HNSW_HYBRID,"[0.00,0.05)",7.301583,1.0,1
36,IVFFLAT_HYBRID,"[0.00,0.05)",7.676875,1.0,1
36,SQL_FIRST,"[0.00,0.05)",6.658083,1.0,2
36,VECTOR_FIRST_HNSW,"[0.00,0.05)",22.863458,0.0,2
36,HNSW_HYBRID,"[0.00,0.05)",7.440542,1.0,2
36,IVFFLAT_HYBRID,"[0.00,0.05)",6.748166,1.0,2
36,SQL_FIRST,"[0.00,0.05)",6.806042,1.0,3
36,VECTOR_FIRST_HNSW,"[0.00,0.05)",22.820917,0.0,3
36,HNSW_HYBRID,"[0.00,0.05)",7.452583,1.0,3
36,IVFFLAT_HYBRID,"[0.00,0.05)",6.716542,1.0,3
36,SQL_FIRST,"[0.00,0.05)",6.538958,1.0,4
36,VECTOR_FIRST_HNSW,"[0.00,0.05)",22.939542,0.0,4
36,HNSW_HYBRID,"[0.00,0.05)",7.329791,1.0,4
36,IVFFLAT_HYBRID,"[0.00,0.05)",6.553375,1.0,4
38,SQL_FIRST,"[0.00,0.05)",7.047416,1.0,0
38,VECTOR_FIRST_HNSW,"[0.00,0.05)",22.880166,0.1,0
38,HNSW_HYBRID,"[0.00,0.05)",7.95775,1.0,0
38,IVFFLAT_HYBRID,"[0.00,0.05)",7.2315,1.0,0
38,SQL_FIRST,"[0.00,0.05)",7.180917,1.0,1
38,VECTOR_FIRST_HNSW,"[0.00,0.05)",22.895333,0.1,1
38,HNSW_HYBRID,"[0.00,0.05)",7.953791,1.0,1
38,IVFFLAT_HYBRID,"[0.00,0.05)",7.171791,1.0,1
38,SQL_FIRST,"[0.00,0.05)",7.406292,1.0,2
38,VECTOR_FIRST_HNSW,"[0.00,0.05)",22.834667,0.1,2
38,HNSW_HYBRID,"[0.00,0.05)",8.159959,1.0,2
38,IVFFLAT_HYBRID,"[0.00,0.05)",7.153208,1.0,2
38,SQL_FIRST,"[0.00,0.05)",7.235959,1.0,3
38,VECTOR_FIRST_HNSW,"[0.00,0.05)",22.933666,0.1,3
38,HNSW_HYBRID,"[0.00,0.05)",7.977042,1.0,3
38,IVFFLAT_HYBRID,"[0.00,0.05)",7.280083,1.0,3
38,SQL_FIRST,"[0.00,0.05)",7.069041,1.0,4
38,VECTOR_FIRST_HNSW,"[0.00,0.05)",23.323,0.1,4
38,HNSW_HYBRID,"[0.00,0.05)",7.908833,1.0,4
38,IVFFLAT_HYBRID,"[0.00,0.05)",7.434375,1.0,4
39,SQL_FIRST,"[0.00,0.05)",9.57925,1.0,0
39,VECTOR_FIRST_HNSW,"[0.00,0.05)",23.493958,0.5,0
39,HNSW_HYBRID,"[0.00,0.05)",9.944958,1.0,0
39,IVFFLAT_HYBRID,"[0.00,0.05)",8.954083,1.0,0
39,SQL_FIRST,"[0.00,0.05)",9.279959,1.0,1
39,VECTOR_FIRST_HNSW,"[0.00,0.05)",23.442541,0.5,1
39,HNSW_HYBRID,"[0.00,0.05)",9.714166,1.0,1
39,IVFFLAT_HYBRID,"[0.00,0.05)",9.269167,1.0,1
39,SQL_FIRST,"[0.00,0.05)",9.297042,1.0,2
39,VECTOR_FIRST_HNSW,"[0.00,0.05)",23.095167,0.5,2
39,HNSW_HYBRID,"[0.00,0.05)",9.610917,1.0,2
39,IVFFLAT_HYBRID,"[0.00,0.05)",9.3955,1.0,2
39,SQL_FIRST,"[0.00,0.05)",9.319625,1.0,3
39,VECTOR_FIRST_HNSW,"[0.00,0.05)",22.932875,0.5,3
39,HNSW_HYBRID,"[0.00,0.05)",9.563625,1.0,3
39,IVFFLAT_HYBRID,"[0.00,0.05)",9.787583,1.0,3
39,SQL_FIRST,"[0.00,0.05)",9.264708,1.0,4
39,VECTOR_FIRST_HNSW,"[0.00,0.05)",22.93125,0.5,4
39,HNSW_HYBRID,"[0.00,0.05)",9.595333,1.0,4
39,IVFFLAT_HYBRID,"[0.00,0.05)",9.160833,1.0,4
41,SQL_FIRST,"[0.00,0.05)",6.297125,1.0,0
41,VECTOR_FIRST_HNSW,"[0.00,0.05)",22.877417,0.1,0
41,HNSW_HYBRID,"[0.00,0.05)",7.035792,1.0,0
41,IVFFLAT_HYBRID,"[0.00,0.05)",6.389417,1.0,0
41,SQL_FIRST,"[0.00,0.05)",6.261042,1.0,1
41,VECTOR_FIRST_HNSW,"[0.00,0.05)",22.873209,0.1,1
41,HNSW_HYBRID,"[0.00,0.05)",7.130208,1.0,1
41,IVFFLAT_HYBRID,"[0.00,0.05)",6.768375,1.0,1
41,SQL_FIRST,"[0.00,0.05)",7.080209,1.0,2
41,VECTOR_FIRST_HNSW,"[0.00,0.05)",23.3025,0.1,2
41,HNSW_HYBRID,"[0.00,0.05)",6.9645,1.0,2
41,IVFFLAT_HYBRID,"[0.00,0.05)",6.543166,1.0,2
41,SQL_FIRST,"[0.00,0.05)",6.302042,1.0,3
41,VECTOR_FIRST_HNSW,"[0.00,0.05)",23.294083,0.1,3
41,HNSW_HYBRID,"[0.00,0.05)",7.12475,1.0,3
41,IVFFLAT_HYBRID,"[0.00,0.05)",6.439291,1.0,3
41,SQL_FIRST,"[0.00,0.05)",6.287334,1.0,4
41,VECTOR_FIRST_HNSW,"[0.00,0.05)",22.8515,0.1,4
41,HNSW_HYBRID,"[0.00,0.05)",7.136458,1.0,4
41,IVFFLAT_HYBRID,"[0.00,0.05)",7.0715,1.0,4
43,SQL_FIRST,"[0.00,0.05)",8.645084,1.0,0
43,VECTOR_FIRST_HNSW,"[0.00,0.05)",22.961208,0.5,0
43,HNSW_HYBRID,"[0.00,0.05)",9.493625,1.0,0
43,IVFFLAT_HYBRID,"[0.00,0.05)",8.827583,1.0,0
43,SQL_FIRST,"[0.00,0.05)",8.6605,1.0,1
43,VECTOR_FIRST_HNSW,"[0.00,0.05)",22.924708,0.5,1
43,HNSW_HYBRID,"[0.00,0.05)",9.1855,1.0,1
43,IVFFLAT_HYBRID,"[0.00,0.05)",8.792708,1.0,1
43,SQL_FIRST,"[0.00,0.05)",8.626667,1.0,2
43,VECTOR_FIRST_HNSW,"[0.00,0.05)",22.890375,0.5,2
43,HNSW_HYBRID,"[0.00,0.05)",9.175791,1.0,2
43,IVFFLAT_HYBRID,"[0.00,0.05)",8.930041,1.0,2
43,SQL_FIRST,"[0.00,0.05)",8.784167,1.0,3
43,VECTOR_FIRST_HNSW,"[0.00,0.05)",22.914,0.5,3
43,HNSW_HYBRID,"[0.00,0.05)",9.095083,1.0,3
43,IVFFLAT_HYBRID,"[0.00,0.05)",8.704458,1.0,3
43,SQL_FIRST,"[0.00,0.05)",8.609792,1.0,4
43,VECTOR_FIRST_HNSW,"[0.00,0.05)",23.001,0.5,4
43,HNSW_HYBRID,"[0.00,0.05)",9.233334,1.0,4
43,IVFFLAT_HYBRID,"[0.00,0.05)",9.113834,1.0,4
44,SQL_FIRST,"[0.00,0.05)",9.607792,1.0,0
44,VECTOR_FIRST_HNSW,"[0.00,0.05)",22.943584,0.8,0
44,HNSW_HYBRID,"[0.00,0.05)",9.886,1.0,0
44,IVFFLAT_HYBRID,"[0.00,0.05)",9.538084,1.0,0
44,SQL_FIRST,"[0.00,0.05)",9.514625,1.0,1
44,VECTOR_FIRST_HNSW,"[0.00,0.05)",22.849208,0.8,1
44,HNSW_HYBRID,"[0.00,0.05)",9.968,1.0,1
44,IVFFLAT_HYBRID,"[0.00,0.05)",9.3615,1.0,1
44,SQL_FIRST,"[0.00,0.05)",9.573958,1.0,2
44,VECTOR_FIRST_HNSW,"[0.00,0.05)",23.415458,0.8,2
44,HNSW_HYBRID,"[0.00,0.05)",9.636291,1.0,2
44,IVFFLAT_HYBRID,"[0.00,0.05)",9.273875,1.0,2
44,SQL_FIRST,"[0.00,0.05)",9.225917,1.0,3
44,VECTOR_FIRST_HNSW,"[0.00,0.05)",23.500125,0.8,3
44,HNSW_HYBRID,"[0.00,0.05)",9.806208,1.0,3
44,IVFFLAT_HYBRID,"[0.00,0.05)",9.813458,1.0,3
44,SQL_FIRST,"[0.00,0.05)",9.370958,1.0,4
44,VECTOR_FIRST_HNSW,"[0.00,0.05)",24.11825,0.8,4
44,HNSW_HYBRID,"[0.00,0.05)",9.9995,1.0,4
44,IVFFLAT_HYBRID,"[0.00,0.05)",9.649542,1.0,4
45,SQL_FIRST,"[0.00,0.05)",8.676334,1.0,0
45,VECTOR_FIRST_HNSW,"[0.00,0.05)",22.97725,0.2,0
45,HNSW_HYBRID,"[0.00,0.05)",9.19575,1.0,0
45,IVFFLAT_HYBRID,"[0.00,0.05)",8.649,1.0,0
45,SQL_FIRST,"[0.00,0.05)",8.85125,1.0,1
45,VECTOR_FIRST_HNSW,"[0.00,0.05)",22.851042,0.2,1
45,HNSW_HYBRID,"[0.00,0.05)",9.274209,1.0,1
45,IVFFLAT_HYBRID,"[0.00,0.05)",8.604291,1.0,1
45,SQL_FIRST,"[0.00,0.05)",8.599958,1.0,2
45,VECTOR_FIRST_HNSW,"[0.00,0.05)",22.886834,0.2,2
45,HNSW_HYBRID,"[0.00,0.05)",9.254542,1.0,2
45,IVFFLAT_HYBRID,"[0.00,0.05)",8.554541,1.0,2
45,SQL_FIRST,"[0.00,0.05)",8.731125,1.0,3
45,VECTOR_FIRST_HNSW,"[0.00,0.05)",22.847208,0.2,3
45,HNSW_HYBRID,"[0.00,0.05)",9.298083,1.0,3
45,IVFFLAT_HYBRID,"[0.00,0.05)",8.655709,1.0,3
45,SQL_FIRST,"[0.00,0.05)",8.549292,1.0,4
45,VECTOR_FIRST_HNSW,"[0.00,0.05)",22.898583,0.2,4
45,HNSW_HYBRID,"[0.00,0.05)",9.254667,1.0,4
45,IVFFLAT_HYBRID,"[0.00,0.05)",8.72025,1.0,4
46,SQL_FIRST,"[0.00,0.05)",9.147625,1.0,0
46,VECTOR_FIRST_HNSW,"[0.00,0.05)",24.026167,0.1,0
46,HNSW_HYBRID,"[0.00,0.05)",8.910041,1.0,0
46,IVFFLAT_HYBRID,"[0.00,0.05)",8.600292,1.0,0
46,SQL_FIRST,"[0.00,0.05)",8.354958,1.0,1
46,VECTOR_FIRST_HNSW,"[0.00,0.05)",23.28775,0.1,1
46,HNSW_HYBRID,"[0.00,0.05)",9.383875,1.0,1
46,IVFFLAT_HYBRID,"[0.00,0.05)",8.570375,1.0,1
46,SQL_FIRST,"[0.00,0.05)",8.488333,1.0,2
46,VECTOR_FIRST_HNSW,"[0.00,0.05)",22.875083,0.1,2
46,HNSW_HYBRID,"[0.00,0.05)",8.812875,1.0,2
46,IVFFLAT_HYBRID,"[0.00,0.05)",8.473834,1.0,2
46,SQL_FIRST,"[0.00,0.05)",8.178708,1.0,3
46,VECTOR_FIRST_HNSW,"[0.00,0.05)",23.604375,0.1,3
46,HNSW_HYBRID,"[0.00,0.05)",8.822834,1.0,3
46,IVFFLAT_HYBRID,"[0.00,0.05)",8.338708,1.0,3
46,SQL_FIRST,"[0.00,0.05)",8.146375,1.0,4
46,VECTOR_FIRST_HNSW,"[0.00,0.05)",22.993291,0.1,4
46,HNSW_HYBRID,"[0.00,0.05)",8.824625,1.0,4
46,IVFFLAT_HYBRID,"[0.00,0.05)",8.468709,1.0,4
47,SQL_FIRST,"[0.00,0.05)",10.691917,1.0,0
47,VECTOR_FIRST_HNSW,"[0.00,0.05)",22.905208,0.3,0
47,HNSW_HYBRID,"[0.00,0.05)",11.03225,1.0,0
47,IVFFLAT_HYBRID,"[0.00,0.05)",11.028041,1.0,0
47,SQL_FIRST,"[0.00,0.05)",10.909916,1.0,1
47,VECTOR_FIRST_HNSW,"[0.00,0.05)",23.000208,0.3,1
47,HNSW_HYBRID,"[0.00,0.05)",10.980375,1.0,1
47,IVFFLAT_HYBRID,"[0.00,0.05)",10.419167,1.0,1
47,SQL_FIRST,"[0.00,0.05)",10.707167,1.0,2
47,VECTOR_FIRST_HNSW,"[0.00,0.05)",22.902625,0.3,2
47,HNSW_HYBRID,"[0.00,0.05)",11.092666,1.0,2
47,IVFFLAT_HYBRID,"[0.00,0.05)",10.563291,1.0,2
47,SQL_FIRST,"[0.00,0.05)",10.546542,1.0,3
47,VECTOR_FIRST_HNSW,"[0.00,0.05)",22.9135,0.3,3
47,HNSW_HYBRID,"[0.00,0.05)",10.999166,1.0,3
47,IVFFLAT_HYBRID,"[0.00,0.05)",10.781792,1.0,3
47,SQL_FIRST,"[0.00,0.05)",11.346667,1.0,4
47,VECTOR_FIRST_HNSW,"[0.00,0.05)",23.733792,0.3,4
47,HNSW_HYBRID,"[0.00,0.05)",10.956875,1.0,4
47,IVFFLAT_HYBRID,"[0.00,0.05)",10.595375,1.0,4
50,SQL_FIRST,"[0.00,0.05)",8.916959,1.0,0
50,VECTOR_FIRST_HNSW,"[0.00,0.05)",22.991542,0.3,0
50,HNSW_HYBRID,"[0.00,0.05)",9.487667,1.0,0
50,IVFFLAT_HYBRID,"[0.00,0.05)",9.774208,1.0,0
50,SQL_FIRST,"[0.00,0.05)",9.602583,1.0,1
50,VECTOR_FIRST_HNSW,"[0.00,0.05)",22.856375,0.3,1
50,HNSW_HYBRID,"[0.00,0.05)",9.42325,1.0,1
50,IVFFLAT_HYBRID,"[0.00,0.05)",8.956166,1.0,1
50,SQL_FIRST,"[0.00,0.05)",9.321208,1.0,2
50,VECTOR_FIRST_HNSW,"[0.00,0.05)",22.875875,0.3,2
50,HNSW_HYBRID,"[0.00,0.05)",9.814375,1.0,2
50,IVFFLAT_HYBRID,"[0.00,0.05)",9.0625,1.0,2
50,SQL_FIRST,"[0.00,0.05)",9.014125,1.0,3
50,VECTOR_FIRST_HNSW,"[0.00,0.05)",22.952083,0.3,3
50,HNSW_HYBRID,"[0.00,0.05)",9.55325,1.0,3
50,IVFFLAT_HYBRID,"[0.00,0.05)",8.732417,1.0,3
50,SQL_FIRST,"[0.00,0.05)",9.435125,1.0,4
50,VECTOR_FIRST_HNSW,"[0.00,0.05)",22.987125,0.3,4
50,HNSW_HYBRID,"[0.00,0.05)",9.641958,1.0,4
50,IVFFLAT_HYBRID,"[0.00,0.05)",9.206,1.0,4
52,SQL_FIRST,"[0.00,0.05)",6.361334,1.0,0
52,VECTOR_FIRST_HNSW,"[0.00,0.05)",22.8255,0.1,0
52,HNSW_HYBRID,"[0.00,0.05)",6.804083,1.0,0
52,IVFFLAT_HYBRID,"[0.00,0.05)",6.40475,1.0,0
52,SQL_FIRST,"[0.00,0.05)",6.806959,1.0,1
52,VECTOR_FIRST_HNSW,"[0.00,0.05)",22.942875,0.1,1
52,HNSW_HYBRID,"[0.00,0.05)",6.770791,1.0,1
52,IVFFLAT_HYBRID,"[0.00,0.05)",6.244875,1.0,1
52,SQL_FIRST,"[0.00,0.05)",6.169292,1.0,2
52,VECTOR_FIRST_HNSW,"[0.00,0.05)",23.522417,0.1,2
52,HNSW_HYBRID,"[0.00,0.05)",6.78875,1.0,2
52,IVFFLAT_HYBRID,"[0.00,0.05)",6.04825,1.0,2
52,SQL_FIRST,"[0.00,0.05)",6.473625,1.0,3
52,VECTOR_FIRST_HNSW,"[0.00,0.05)",23.116042,0.1,3
52,HNSW_HYBRID,"[0.00,0.05)",6.72275,1.0,3
52,IVFFLAT_HYBRID,"[0.00,0.05)",6.383,1.0,3
52,SQL_FIRST,"[0.00,0.05)",6.136084,1.0,4
52,VECTOR_FIRST_HNSW,"[0.00,0.05)",23.527917,0.1,4
52,HNSW_HYBRID,"[0.00,0.05)",6.708542,1.0,4
52,IVFFLAT_HYBRID,"[0.00,0.05)",6.224208,1.0,4
55,SQL_FIRST,"[0.00,0.05)",9.090709,1.0,0
55,VECTOR_FIRST_HNSW,"[0.00,0.05)",23.558542,0.4,0
55,HNSW_HYBRID,"[0.00,0.05)",9.50125,1.0,0
55,IVFFLAT_HYBRID,"[0.00,0.05)",9.108834,1.0,0
55,SQL_FIRST,"[0.00,0.05)",9.118542,1.0,1
55,VECTOR_FIRST_HNSW,"[0.00,0.05)",23.01325,0.4,1
55,HNSW_HYBRID,"[0.00,0.05)",9.354083,1.0,1
55,IVFFLAT_HYBRID,"[0.00,0.05)",9.328292,1.0,1
55,SQL_FIRST,"[0.00,0.05)",9.291166,1.0,2
55,VECTOR_FIRST_HNSW,"[0.00,0.05)",23.641916,0.4,2
55,HNSW_HYBRID,"[0.00,0.05)",9.732042,1.0,2
55,IVFFLAT_HYBRID,"[0.00,0.05)",9.2915,1.0,2
55,SQL_FIRST,"[0.00,0.05)",9.624458,1.0,3
55,VECTOR_FIRST_HNSW,"[0.00,0.05)",22.755,0.4,3
55,HNSW_HYBRID,"[0.00,0.05)",9.791416,1.0,3
55,IVFFLAT_HYBRID,"[0.00,0.05)",9.016458,1.0,3
55,SQL_FIRST,"[0.00,0.05)",9.129375,1.0,4
55,VECTOR_FIRST_HNSW,"[0.00,0.05)",22.925375,0.4,4
55,HNSW_HYBRID,"[0.00,0.05)",9.654833,1.0,4
55,IVFFLAT_HYBRID,"[0.00,0.05)",9.45225,1.0,4
56,SQL_FIRST,"[0.00,0.05)",8.743791,1.0,0
56,VECTOR_FIRST_HNSW,"[0.00,0.05)",22.929375,0.3,0
56,HNSW_HYBRID,"[0.00,0.05)",9.371625,1.0,0
56,IVFFLAT_HYBRID,"[0.00,0.05)",9.374166,1.0,0
56,SQL_FIRST,"[0.00,0.05)",9.063792,1.0,1
56,VECTOR_FIRST_HNSW,"[0.00,0.05)",23.707875,0.3,1
56,HNSW_HYBRID,"[0.00,0.05)",9.591958,1.0,1
56,IVFFLAT_HYBRID,"[0.00,0.05)",8.855,1.0,1
56,SQL_FIRST,"[0.00,0.05)",8.955042,1.0,2
56,VECTOR_FIRST_HNSW,"[0.00,0.05)",23.67,0.3,2
56,HNSW_HYBRID,"[0.00,0.05)",9.579292,1.0,2
56,IVFFLAT_HYBRID,"[0.00,0.05)",9.325959,1.0,2
56,SQL_FIRST,"[0.00,0.05)",9.132625,1.0,3
56,VECTOR_FIRST_HNSW,"[0.00,0.05)",23.725458,0.3,3
56,HNSW_HYBRID,"[0.00,0.05)",10.042292,1.0,3
56,IVFFLAT_HYBRID,"[0.00,0.05)",9.018417,1.0,3
56,SQL_FIRST,"[0.00,0.05)",9.075333,1.0,4
56,VECTOR_FIRST_HNSW,"[0.00,0.05)",22.92775,0.3,4
56,HNSW_HYBRID,"[0.00,0.05)",9.6055,1.0,4
56,IVFFLAT_HYBRID,"[0.00,0.05)",8.99375,1.0,4
58,SQL_FIRST,"[0.00,0.05)",7.990708,1.0,0
58,VECTOR_FIRST_HNSW,"[0.00,0.05)",22.732417,0.2,0
58,HNSW_HYBRID,"[0.00,0.05)",8.553833,1.0,0
58,IVFFLAT_HYBRID,"[0.00,0.05)",7.810375,1.0,0
58,SQL_FIRST,"[0.00,0.05)",7.824666,1.0,1
58,VECTOR_FIRST_HNSW,"[0.00,0.05)",22.974125,0.2,1
58,HNSW_HYBRID,"[0.00,0.05)",8.639041,1.0,1
58,IVFFLAT_HYBRID,"[0.00,0.05)",7.865167,1.0,1
58,SQL_FIRST,"[0.00,0.05)",8.13475,1.0,2
58,VECTOR_FIRST_HNSW,"[0.00,0.05)",22.86875,0.2,2
58,HNSW_HYBRID,"[0.00,0.05)",8.626917,1.0,2
58,IVFFLAT_HYBRID,"[0.00,0.05)",8.651541,1.0,2
58,SQL_FIRST,"[0.00,0.05)",8.224625,1.0,3
58,VECTOR_FIRST_HNSW,"[0.00,0.05)",22.822875,0.2,3
58,HNSW_HYBRID,"[0.00,0.05)",8.666959,1.0,3
58,IVFFLAT_HYBRID,"[0.00,0.05)",8.0525,1.0,3
58,SQL_FIRST,"[0.00,0.05)",8.121125,1.0,4
58,VECTOR_FIRST_HNSW,"[0.00,0.05)",22.830042,0.2,4
58,HNSW_HYBRID,"[0.00,0.05)",8.748166,1.0,4
58,IVFFLAT_HYBRID,"[0.00,0.05)",7.843,1.0,4
59,SQL_FIRST,"[0.00,0.05)",11.173459,1.0,0
59,VECTOR_FIRST_HNSW,"[0.00,0.05)",22.960167,0.3,0
59,HNSW_HYBRID,"[0.00,0.05)",11.471167,1.0,0
59,IVFFLAT_HYBRID,"[0.00,0.05)",10.962833,1.0,0
59,SQL_FIRST,"[0.00,0.05)",10.910792,1.0,1
59,VECTOR_FIRST_HNSW,"[0.00,0.05)",22.871083,0.3,1
59,HNSW_HYBRID,"[0.00,0.05)",11.31325,1.0,1
59,IVFFLAT_HYBRID,"[0.00,0.05)",10.906542,1.0,1
59,SQL_FIRST,"[0.00,0.05)",10.924291,1.0,2
59,VECTOR_FIRST_HNSW,"[0.00,0.05)",23.639375,0.3,2
59,HNSW_HYBRID,"[0.00,0.05)",11.461625,1.0,2
59,IVFFLAT_HYBRID,"[0.00,0.05)",10.771208,1.0,2
59,SQL_FIRST,"[0.00,0.05)",10.71425,1.0,3
59,VECTOR_FIRST_HNSW,"[0.00,0.05)",23.004458,0.3,3
59,HNSW_HYBRID,"[0.00,0.05)",11.150208,1.0,3
59,IVFFLAT_HYBRID,"[0.00,0.05)",11.195416,1.0,3
59,SQL_FIRST,"[0.00,0.05)",11.404667,1.0,4
59,VECTOR_FIRST_HNSW,"[0.00,0.05)",24.219166,0.3,4
59,HNSW_HYBRID,"[0.00,0.05)",11.93075,1.0,4
59,IVFFLAT_HYBRID,"[0.00,0.05)",11.278083,1.0,4
61,SQL_FIRST,"[0.00,0.05)",4.580417,1.0,0
61,VECTOR_FIRST_HNSW,"[0.00,0.05)",22.960125,0.0,0
61,HNSW_HYBRID,"[0.00,0.05)",4.967,1.0,0
61,IVFFLAT_HYBRID,"[0.00,0.05)",4.55325,1.0,0
61,SQL_FIRST,"[0.00,0.05)",4.530333,1.0,1
61,VECTOR_FIRST_HNSW,"[0.00,0.05)",23.039958,0.0,1
61,HNSW_HYBRID,"[0.00,0.05)",5.121792,1.0,1
61,IVFFLAT_HYBRID,"[0.00,0.05)",4.590583,1.0,1
61,SQL_FIRST,"[0.00,0.05)",4.50375,1.0,2
61,VECTOR_FIRST_HNSW,"[0.00,0.05)",22.892042,0.0,2
61,HNSW_HYBRID,"[0.00,0.05)",5.063333,1.0,2
61,IVFFLAT_HYBRID,"[0.00,0.05)",4.460291,1.0,2
61,SQL_FIRST,"[0.00,0.05)",4.47375,1.0,3
61,VECTOR_FIRST_HNSW,"[0.00,0.05)",23.037917,0.0,3
61,HNSW_HYBRID,"[0.00,0.05)",4.983166,1.0,3
61,IVFFLAT_HYBRID,"[0.00,0.05)",4.483292,1.0,3
61,SQL_FIRST,"[0.00,0.05)",4.83525,1.0,4
61,VECTOR_FIRST_HNSW,"[0.00,0.05)",22.935584,0.0,4
61,HNSW_HYBRID,"[0.00,0.05)",5.018417,1.0,4
61,IVFFLAT_HYBRID,"[0.00,0.05)",4.986375,1.0,4
64,SQL_FIRST,"[0.00,0.05)",9.432333,1.0,0
64,VECTOR_FIRST_HNSW,"[0.00,0.05)",22.950458,0.6,0
64,HNSW_HYBRID,"[0.00,0.05)",9.527792,1.0,0
64,IVFFLAT_HYBRID,"[0.00,0.05)",9.268208,1.0,0
64,SQL_FIRST,"[0.00,0.05)",9.308084,1.0,1
64,VECTOR_FIRST_HNSW,"[0.00,0.05)",23.022458,0.6,1
64,HNSW_HYBRID,"[0.00,0.05)",9.729708,1.0,1
64,IVFFLAT_HYBRID,"[0.00,0.05)",9.441708,1.0,1
64,SQL_FIRST,"[0.00,0.05)",11.017416,1.0,2
64,VECTOR_FIRST_HNSW,"[0.00,0.05)",22.796708,0.6,2
64,HNSW_HYBRID,"[0.00,0.05)",9.486209,1.0,2
64,IVFFLAT_HYBRID,"[0.00,0.05)",9.071333,1.0,2
64,SQL_FIRST,"[0.00,0.05)",9.07975,1.0,3
64,VECTOR_FIRST_HNSW,"[0.00,0.05)",22.867,0.6,3
64,HNSW_HYBRID,"[0.00,0.05)",9.360041,1.0,3
64,IVFFLAT_HYBRID,"[0.00,0.05)",9.259584,1.0,3
64,SQL_FIRST,"[0.00,0.05)",9.2945,1.0,4
64,VECTOR_FIRST_HNSW,"[0.00,0.05)",23.198708,0.6,4
64,HNSW_HYBRID,"[0.00,0.05)",9.793875,1.0,4
64,IVFFLAT_HYBRID,"[0.00,0.05)",9.511667,1.0,4
68,SQL_FIRST,"[0.00,0.05)",8.258667,1.0,0
68,VECTOR_FIRST_HNSW,"[0.00,0.05)",22.937833,0.4,0
68,HNSW_HYBRID,"[0.00,0.05)",8.972208,1.0,0
68,IVFFLAT_HYBRID,"[0.00,0.05)",8.265333,1.0,0
68,SQL_FIRST,"[0.00,0.05)",8.132166,1.0,1
68,VECTOR_FIRST_HNSW,"[0.00,0.05)",22.915875,0.4,1
68,HNSW_HYBRID,"[0.00,0.05)",8.852208,1.0,1
68,IVFFLAT_HYBRID,"[0.00,0.05)",8.453167,1.0,1
68,SQL_FIRST,"[0.00,0.05)",8.271458,1.0,2
68,VECTOR_FIRST_HNSW,"[0.00,0.05)",23.115375,0.4,2
68,HNSW_HYBRID,"[0.00,0.05)",9.152416,1.0,2
68,IVFFLAT_HYBRID,"[0.00,0.05)",8.662709,1.0,2
68,SQL_FIRST,"[0.00,0.05)",9.01425,1.0,3
68,VECTOR_FIRST_HNSW,"[0.00,0.05)",23.336333,0.4,3
68,HNSW_HYBRID,"[0.00,0.05)",9.008041,1.0,3
68,IVFFLAT_HYBRID,"[0.00,0.05)",8.300292,1.0,3
68,SQL_FIRST,"[0.00,0.05)",8.174708,1.0,4
68,VECTOR_FIRST_HNSW,"[0.00,0.05)",23.348542,0.4,4
68,HNSW_HYBRID,"[0.00,0.05)",8.953916,1.0,4
68,IVFFLAT_HYBRID,"[0.00,0.05)",8.222458,1.0,4
70,SQL_FIRST,"[0.00,0.05)",10.279458,1.0,0
70,VECTOR_FIRST_HNSW,"[0.00,0.05)",23.050167,0.3,0
70,HNSW_HYBRID,"[0.00,0.05)",10.417625,1.0,0
70,IVFFLAT_HYBRID,"[0.00,0.05)",10.265709,1.0,0
70,SQL_FIRST,"[0.00,0.05)",10.115709,1.0,1
70,VECTOR_FIRST_HNSW,"[0.00,0.05)",22.98125,0.3,1
70,HNSW_HYBRID,"[0.00,0.05)",10.669958,1.0,1
70,IVFFLAT_HYBRID,"[0.00,0.05)",10.075958,1.0,1
70,SQL_FIRST,"[0.00,0.05)",10.397208,1.0,2
70,VECTOR_FIRST_HNSW,"[0.00,0.05)",22.840875,0.3,2
70,HNSW_HYBRID,"[0.00,0.05)",10.559208,1.0,2
70,IVFFLAT_HYBRID,"[0.00,0.05)",10.127916,1.0,2
70,SQL_FIRST,"[0.00,0.05)",9.95675,1.0,3
70,VECTOR_FIRST_HNSW,"[0.00,0.05)",22.948833,0.3,3
70,HNSW_HYBRID,"[0.00,0.05)",10.500875,1.0,3
70,IVFFLAT_HYBRID,"[0.00,0.05)",10.312792,1.0,3
70,SQL_FIRST,"[0.00,0.05)",10.031,1.0,4
70,VECTOR_FIRST_HNSW,"[0.00,0.05)",22.903958,0.3,4
70,HNSW_HYBRID,"[0.00,0.05)",10.470167,1.0,4
70,IVFFLAT_HYBRID,"[0.00,0.05)",9.943667,1.0,4
76,SQL_FIRST,"[0.00,0.05)",9.243583,1.0,0
76,VECTOR_FIRST_HNSW,"[0.00,0.05)",23.524583,0.5,0
76,HNSW_HYBRID,"[0.00,0.05)",9.565334,1.0,0
76,IVFFLAT_HYBRID,"[0.00,0.05)",9.998833,1.0,0
76,SQL_FIRST,"[0.00,0.05)",9.485084,1.0,1
76,VECTOR_FIRST_HNSW,"[0.00,0.05)",23.097541,0.5,1
76,HNSW_HYBRID,"[0.00,0.05)",9.7305,1.0,1
76,IVFFLAT_HYBRID,"[0.00,0.05)",9.42975,1.0,1
76,SQL_FIRST,"[0.00,0.05)",9.540834,1.0,2
76,VECTOR_FIRST_HNSW,"[0.00,0.05)",23.285208,0.5,2
76,HNSW_HYBRID,"[0.00,0.05)",9.905875,1.0,2
76,IVFFLAT_HYBRID,"[0.00,0.05)",10.89525,1.0,2
76,SQL_FIRST,"[0.00,0.05)",9.599834,1.0,3
76,VECTOR_FIRST_HNSW,"[0.00,0.05)",23.75825,0.5,3
76,HNSW_HYBRID,"[0.00,0.05)",9.856791,1.0,3
76,IVFFLAT_HYBRID,"[0.00,0.05)",9.306292,1.0,3
76,SQL_FIRST,"[0.00,0.05)",9.50325,1.0,4
76,VECTOR_FIRST_HNSW,"[0.00,0.05)",22.942375,0.5,4
76,HNSW_HYBRID,"[0.00,0.05)",9.75275,1.0,4
76,IVFFLAT_HYBRID,"[0.00,0.05)",9.448167,1.0,4
78,SQL_FIRST,"[0.00,0.05)",4.8445,1.0,0
78,VECTOR_FIRST_HNSW,"[0.00,0.05)",23.07625,0.0,0
78,HNSW_HYBRID,"[0.00,0.05)",5.576875,1.0,0
78,IVFFLAT_HYBRID,"[0.00,0.05)",4.925666,1.0,0
78,SQL_FIRST,"[0.00,0.05)",4.966791,1.0,1
78,VECTOR_FIRST_HNSW,"[0.00,0.05)",22.891584,0.0,1
78,HNSW_HYBRID,"[0.00,0.05)",5.3945,1.0,1
78,IVFFLAT_HYBRID,"[0.00,0.05)",5.003459,1.0,1
78,SQL_FIRST,"[0.00,0.05)",4.836416,1.0,2
78,VECTOR_FIRST_HNSW,"[0.00,0.05)",22.943583,0.0,2
78,HNSW_HYBRID,"[0.00,0.05)",5.364792,1.0,2
78,IVFFLAT_HYBRID,"[0.00,0.05)",4.795959,1.0,2
78,SQL_FIRST,"[0.00,0.05)",4.859291,1.0,3
78,VECTOR_FIRST_HNSW,"[0.00,0.05)",22.829209,0.0,3
78,HNSW_HYBRID,"[0.00,0.05)",5.375041,1.0,3
78,IVFFLAT_HYBRID,"[0.00,0.05)",4.887208,1.0,3
78,SQL_FIRST,"[0.00,0.05)",4.769166,1.0,4
78,VECTOR_FIRST_HNSW,"[0.00,0.05)",22.798791,0.0,4
78,HNSW_HYBRID,"[0.00,0.05)",5.439,1.0,4
78,IVFFLAT_HYBRID,"[0.00,0.05)",4.850958,1.0,4
79,SQL_FIRST,"[0.00,0.05)",10.30225,1.0,0
79,VECTOR_FIRST_HNSW,"[0.00,0.05)",23.620375,0.3,0
79,HNSW_HYBRID,"[0.00,0.05)",10.8005,1.0,0
79,IVFFLAT_HYBRID,"[0.00,0.05)",10.652125,1.0,0
79,SQL_FIRST,"[0.00,0.05)",10.319292,1.0,1
79,VECTOR_FIRST_HNSW,"[0.00,0.05)",23.52075,0.3,1
79,HNSW_HYBRID,"[0.00,0.05)",10.881,1.0,1
79,IVFFLAT_HYBRID,"[0.00,0.05)",10.255417,1.0,1
79,SQL_FIRST,"[0.00,0.05)",10.53325,1.0,2
79,VECTOR_FIRST_HNSW,"[0.00,0.05)",22.860542,0.3,2
79,HNSW_HYBRID,"[0.00,0.05)",10.779667,1.0,2
79,IVFFLAT_HYBRID,"[0.00,0.05)",10.765625,1.0,2
79,SQL_FIRST,"[0.00,0.05)",10.449541,1.0,3
79,VECTOR_FIRST_HNSW,"[0.00,0.05)",22.96025,0.3,3
79,HNSW_HYBRID,"[0.00,0.05)",10.785,1.0,3
79,IVFFLAT_HYBRID,"[0.00,0.05)",10.537166,1.0,3
79,SQL_FIRST,"[0.00,0.05)",10.450333,1.0,4
79,VECTOR_FIRST_HNSW,"[0.00,0.05)",23.034625,0.3,4
79,HNSW_HYBRID,"[0.00,0.05)",10.812083,1.0,4
79,IVFFLAT_HYBRID,"[0.00,0.05)",10.243333,1.0,4
81,SQL_FIRST,"[0.00,0.05)",10.768375,1.0,0
81,VECTOR_FIRST_HNSW,"[0.00,0.05)",22.896458,0.1,0
81,HNSW_HYBRID,"[0.00,0.05)",11.26525,1.0,0
81,IVFFLAT_HYBRID,"[0.00,0.05)",10.912792,1.0,0
81,SQL_FIRST,"[0.00,0.05)",10.825,1.0,1
81,VECTOR_FIRST_HNSW,"[0.00,0.05)",22.956792,0.1,1
81,HNSW_HYBRID,"[0.00,0.05)",11.159583,1.0,1
81,IVFFLAT_HYBRID,"[0.00,0.05)",11.068458,1.0,1
81,SQL_FIRST,"[0.00,0.05)",10.77125,1.0,2
81,VECTOR_FIRST_HNSW,"[0.00,0.05)",22.921042,0.1,2
81,HNSW_HYBRID,"[0.00,0.05)",11.220583,1.0,2
81,IVFFLAT_HYBRID,"[0.00,0.05)",10.532333,1.0,2
81,SQL_FIRST,"[0.00,0.05)",11.460959,1.0,3
81,VECTOR_FIRST_HNSW,"[0.00,0.05)",22.887875,0.1,3
81,HNSW_HYBRID,"[0.00,0.05)",11.371291,1.0,3
81,IVFFLAT_HYBRID,"[0.00,0.05)",11.116417,1.0,3
81,SQL_FIRST,"[0.00,0.05)",10.620833,1.0,4
81,VECTOR_FIRST_HNSW,"[0.00,0.05)",23.604542,0.1,4
81,HNSW_HYBRID,"[0.00,0.05)",11.102459,1.0,4
81,IVFFLAT_HYBRID,"[0.00,0.05)",10.859,1.0,4
83,SQL_FIRST,"[0.00,0.05)",5.937792,1.0,0
83,VECTOR_FIRST_HNSW,"[0.00,0.05)",22.966208,0.1,0
83,HNSW_HYBRID,"[0.00,0.05)",6.795792,1.0,0
83,IVFFLAT_HYBRID,"[0.00,0.05)",6.071709,1.0,0
83,SQL_FIRST,"[0.00,0.05)",6.226125,1.0,1
83,VECTOR_FIRST_HNSW,"[0.00,0.05)",22.898917,0.1,1
83,HNSW_HYBRID,"[0.00,0.05)",6.705041,1.0,1
83,IVFFLAT_HYBRID,"[0.00,0.05)",6.173667,1.0,1
83,SQL_FIRST,"[0.00,0.05)",5.954125,1.0,2
83,VECTOR_FIRST_HNSW,"[0.00,0.05)",23.010083,0.1,2
83,HNSW_HYBRID,"[0.00,0.05)",6.721125,1.0,2
83,IVFFLAT_HYBRID,"[0.00,0.05)",6.152375,1.0,2
83,SQL_FIRST,"[0.00,0.05)",5.940875,1.0,3
83,VECTOR_FIRST_HNSW,"[0.00,0.05)",22.80425,0.1,3
83,HNSW_HYBRID,"[0.00,0.05)",6.729042,1.0,3
83,IVFFLAT_HYBRID,"[0.00,0.05)",5.994,1.0,3
83,SQL_FIRST,"[0.00,0.05)",6.098458,1.0,4
83,VECTOR_FIRST_HNSW,"[0.00,0.05)",22.815459,0.1,4
83,HNSW_HYBRID,"[0.00,0.05)",6.629625,1.0,4
83,IVFFLAT_HYBRID,"[0.00,0.05)",6.267333,1.0,4
84,SQL_FIRST,"[0.00,0.05)",9.134125,1.0,0
84,VECTOR_FIRST_HNSW,"[0.00,0.05)",22.965167,0.5,0
84,HNSW_HYBRID,"[0.00,0.05)",9.380584,1.0,0
84,IVFFLAT_HYBRID,"[0.00,0.05)",8.961416,1.0,0
84,SQL_FIRST,"[0.00,0.05)",8.998292,1.0,1
84,VECTOR_FIRST_HNSW,"[0.00,0.05)",22.943125,0.5,1
84,HNSW_HYBRID,"[0.00,0.05)",9.489,1.0,1
84,IVFFLAT_HYBRID,"[0.00,0.05)",8.775458,1.0,1
84,SQL_FIRST,"[0.00,0.05)",9.413584,1.0,2
84,VECTOR_FIRST_HNSW,"[0.00,0.05)",23.459042,0.5,2
84,HNSW_HYBRID,"[0.00,0.05)",9.759333,1.0,2
84,IVFFLAT_HYBRID,"[0.00,0.05)",9.655458,1.0,2
84,SQL_FIRST,"[0.00,0.05)",9.225292,1.0,3
84,VECTOR_FIRST_HNSW,"[0.00,0.05)",23.521042,0.5,3
84,HNSW_HYBRID,"[0.00,0.05)",9.723208,1.0,3
84,IVFFLAT_HYBRID,"[0.00,0.05)",9.285833,1.0,3
84,SQL_FIRST,"[0.00,0.05)",9.276042,1.0,4
84,VECTOR_FIRST_HNSW,"[0.00,0.05)",22.882083,0.5,4
84,HNSW_HYBRID,"[0.00,0.05)",9.336292,1.0,4
84,IVFFLAT_HYBRID,"[0.00,0.05)",8.979333,1.0,4
86,SQL_FIRST,"[0.00,0.05)",8.2255,1.0,0
86,VECTOR_FIRST_HNSW,"[0.00,0.05)",22.9465,0.1,0
86,HNSW_HYBRID,"[0.00,0.05)",9.082541,1.0,0
86,IVFFLAT_HYBRID,"[0.00,0.05)",8.431541,1.0,0
86,SQL_FIRST,"[0.00,0.05)",8.201041,1.0,1
86,VECTOR_FIRST_HNSW,"[0.00,0.05)",22.877625,0.1,1
86,HNSW_HYBRID,"[0.00,0.05)",8.877625,1.0,1
86,IVFFLAT_HYBRID,"[0.00,0.05)",8.505208,1.0,1
86,SQL_FIRST,"[0.00,0.05)",8.175875,1.0,2
86,VECTOR_FIRST_HNSW,"[0.00,0.05)",23.089584,0.1,2
86,HNSW_HYBRID,"[0.00,0.05)",8.944209,1.0,2
86,IVFFLAT_HYBRID,"[0.00,0.05)",8.363417,1.0,2
86,SQL_FIRST,"[0.00,0.05)",8.228125,1.0,3
86,VECTOR_FIRST_HNSW,"[0.00,0.05)",23.098042,0.1,3
86,HNSW_HYBRID,"[0.00,0.05)",8.8835,1.0,3
86,IVFFLAT_HYBRID,"[0.00,0.05)",8.372667,1.0,3
86,SQL_FIRST,"[0.00,0.05)",8.156292,1.0,4
86,VECTOR_FIRST_HNSW,"[0.00,0.05)",22.88775,0.1,4
86,HNSW_HYBRID,"[0.00,0.05)",8.948708,1.0,4
86,IVFFLAT_HYBRID,"[0.00,0.05)",8.325208,1.0,4
88,SQL_FIRST,"[0.00,0.05)",4.772584,1.0,0
88,VECTOR_FIRST_HNSW,"[0.00,0.05)",22.945958,0.0,0
88,HNSW_HYBRID,"[0.00,0.05)",5.159125,1.0,0
88,IVFFLAT_HYBRID,"[0.00,0.05)",4.847042,1.0,0
88,SQL_FIRST,"[0.00,0.05)",4.71925,1.0,1
88,VECTOR_FIRST_HNSW,"[0.00,0.05)",23.869208,0.0,1
88,HNSW_HYBRID,"[0.00,0.05)",5.547625,1.0,1
88,IVFFLAT_HYBRID,"[0.00,0.05)",4.852708,1.0,1
88,SQL_FIRST,"[0.00,0.05)",4.695292,1.0,2
88,VECTOR_FIRST_HNSW,"[0.00,0.05)",22.965542,0.0,2
88,HNSW_HYBRID,"[0.00,0.05)",5.186709,1.0,2
88,IVFFLAT_HYBRID,"[0.00,0.05)",4.68075,1.0,2
88,SQL_FIRST,"[0.00,0.05)",4.97175,1.0,3
88,VECTOR_FIRST_HNSW,"[0.00,0.05)",23.033,0.0,3
88,HNSW_HYBRID,"[0.00,0.05)",5.250625,1.0,3
88,IVFFLAT_HYBRID,"[0.00,0.05)",4.716125,1.0,3
88,SQL_FIRST,"[0.00,0.05)",4.697625,1.0,4
88,VECTOR_FIRST_HNSW,"[0.00,0.05)",25.019125,0.0,4
88,HNSW_HYBRID,"[0.00,0.05)",5.120708,1.0,4
88,IVFFLAT_HYBRID,"[0.00,0.05)",4.653875,1.0,4
90,SQL_FIRST,"[0.00,0.05)",8.833875,1.0,0
90,VECTOR_FIRST_HNSW,"[0.00,0.05)",23.045375,0.2,0
90,HNSW_HYBRID,"[0.00,0.05)",9.472417,1.0,0
90,IVFFLAT_HYBRID,"[0.00,0.05)",8.742042,1.0,0
90,SQL_FIRST,"[0.00,0.05)",8.998041,1.0,1
90,VECTOR_FIRST_HNSW,"[0.00,0.05)",22.762667,0.2,1
90,HNSW_HYBRID,"[0.00,0.05)",9.376584,1.0,1
90,IVFFLAT_HYBRID,"[0.00,0.05)",8.838541,1.0,1
90,SQL_FIRST,"[0.00,0.05)",8.863084,1.0,2
90,VECTOR_FIRST_HNSW,"[0.00,0.05)",22.982333,0.2,2
90,HNSW_HYBRID,"[0.00,0.05)",9.426209,1.0,2
90,IVFFLAT_HYBRID,"[0.00,0.05)",9.126584,1.0,2
90,SQL_FIRST,"[0.00,0.05)",9.049125,1.0,3
90,VECTOR_FIRST_HNSW,"[0.00,0.05)",22.942167,0.2,3
90,HNSW_HYBRID,"[0.00,0.05)",9.484,1.0,3
90,IVFFLAT_HYBRID,"[0.00,0.05)",8.868083,1.0,3
90,SQL_FIRST,"[0.00,0.05)",8.777792,1.0,4
90,VECTOR_FIRST_HNSW,"[0.00,0.05)",23.0305,0.2,4
90,HNSW_HYBRID,"[0.00,0.05)",9.296792,1.0,4
90,IVFFLAT_HYBRID,"[0.00,0.05)",8.971542,1.0,4
93,SQL_FIRST,"[0.00,0.05)",6.134083,1.0,0
93,VECTOR_FIRST_HNSW,"[0.00,0.05)",23.02375,0.3,0
93,HNSW_HYBRID,"[0.00,0.05)",7.088125,1.0,0
93,IVFFLAT_HYBRID,"[0.00,0.05)",6.64425,1.0,0
93,SQL_FIRST,"[0.00,0.05)",6.987125,1.0,1
93,VECTOR_FIRST_HNSW,"[0.00,0.05)",23.167125,0.3,1
93,HNSW_HYBRID,"[0.00,0.05)",7.081542,1.0,1
93,IVFFLAT_HYBRID,"[0.00,0.05)",6.405666,1.0,1
93,SQL_FIRST,"[0.00,0.05)",6.142917,1.0,2
93,VECTOR_FIRST_HNSW,"[0.00,0.05)",23.763584,0.3,2
93,HNSW_HYBRID,"[0.00,0.05)",6.892375,1.0,2
93,IVFFLAT_HYBRID,"[0.00,0.05)",6.343167,1.0,2
93,SQL_FIRST,"[0.00,0.05)",6.168709,1.0,3
93,VECTOR_FIRST_HNSW,"[0.00,0.05)",23.11825,0.3,3
93,HNSW_HYBRID,"[0.00,0.05)",6.939125,1.0,3
93,IVFFLAT_HYBRID,"[0.00,0.05)",6.216083,1.0,3
93,SQL_FIRST,"[0.00,0.05)",6.473541,1.0,4
93,VECTOR_FIRST_HNSW,"[0.00,0.05)",23.518291,0.3,4
93,HNSW_HYBRID,"[0.00,0.05)",6.98425,1.0,4
93,IVFFLAT_HYBRID,"[0.00,0.05)",6.394167,1.0,4
94,SQL_FIRST,"[0.00,0.05)",9.430625,1.0,0
94,VECTOR_FIRST_HNSW,"[0.00,0.05)",22.830792,0.4,0
94,HNSW_HYBRID,"[0.00,0.05)",9.800541,1.0,0
94,IVFFLAT_HYBRID,"[0.00,0.05)",9.173375,1.0,0
94,SQL_FIRST,"[0.00,0.05)",8.947875,1.0,1
94,VECTOR_FIRST_HNSW,"[0.00,0.05)",23.001417,0.4,1
94,HNSW_HYBRID,"[0.00,0.05)",9.68975,1.0,1
94,IVFFLAT_HYBRID,"[0.00,0.05)",9.008625,1.0,1
94,SQL_FIRST,"[0.00,0.05)",9.50825,1.0,2
94,VECTOR_FIRST_HNSW,"[0.00,0.05)",22.853917,0.4,2
94,HNSW_HYBRID,"[0.00,0.05)",9.665125,1.0,2
94,IVFFLAT_HYBRID,"[0.00,0.05)",9.203666,1.0,2
94,SQL_FIRST,"[0.00,0.05)",8.957917,1.0,3
94,VECTOR_FIRST_HNSW,"[0.00,0.05)",22.854542,0.4,3
94,HNSW_HYBRID,"[0.00,0.05)",9.607458,1.0,3
94,IVFFLAT_HYBRID,"[0.00,0.05)",9.50975,1.0,3
94,SQL_FIRST,"[0.00,0.05)",9.162917,1.0,4
94,VECTOR_FIRST_HNSW,"[0.00,0.05)",22.9405,0.4,4
94,HNSW_HYBRID,"[0.00,0.05)",9.683208,1.0,4
94,IVFFLAT_HYBRID,"[0.00,0.05)",9.061459,1.0,4
95,SQL_FIRST,"[0.00,0.05)",4.544708,1.0,0
95,VECTOR_FIRST_HNSW,"[0.00,0.05)",23.073834,0.0,0
95,HNSW_HYBRID,"[0.00,0.05)",4.630333,1.0,0
95,IVFFLAT_HYBRID,"[0.00,0.05)",4.289,1.0,0
95,SQL_FIRST,"[0.00,0.05)",4.304958,1.0,1
95,VECTOR_FIRST_HNSW,"[0.00,0.05)",24.459209,0.0,1
95,HNSW_HYBRID,"[0.00,0.05)",4.871541,1.0,1
95,IVFFLAT_HYBRID,"[0.00,0.05)",4.377417,1.0,1
95,SQL_FIRST,"[0.00,0.05)",4.245792,1.0,2
95,VECTOR_FIRST_HNSW,"[0.00,0.05)",22.886875,0.0,2
95,HNSW_HYBRID,"[0.00,0.05)",4.686333,1.0,2
95,IVFFLAT_HYBRID,"[0.00,0.05)",4.223708,1.0,2
95,SQL_FIRST,"[0.00,0.05)",4.217834,1.0,3
95,VECTOR_FIRST_HNSW,"[0.00,0.05)",24.060125,0.0,3
95,HNSW_HYBRID,"[0.00,0.05)",4.673584,1.0,3
95,IVFFLAT_HYBRID,"[0.00,0.05)",4.495125,1.0,3
95,SQL_FIRST,"[0.00,0.05)",4.313459,1.0,4
95,VECTOR_FIRST_HNSW,"[0.00,0.05)",23.149792,0.0,4
95,HNSW_HYBRID,"[0.00,0.05)",4.677042,1.0,4
95,IVFFLAT_HYBRID,"[0.00,0.05)",4.379333,1.0,4
96,SQL_FIRST,"[0.00,0.05)",8.952291,1.0,0
96,VECTOR_FIRST_HNSW,"[0.00,0.05)",22.802875,0.4,0
96,HNSW_HYBRID,"[0.00,0.05)",9.432167,1.0,0
96,IVFFLAT_HYBRID,"[0.00,0.05)",8.691375,1.0,0
96,SQL_FIRST,"[0.00,0.05)",8.821791,1.0,1
96,VECTOR_FIRST_HNSW,"[0.00,0.05)",22.955125,0.4,1
96,HNSW_HYBRID,"[0.00,0.05)",9.454834,1.0,1
96,IVFFLAT_HYBRID,"[0.00,0.05)",8.968375,1.0,1
96,SQL_FIRST,"[0.00,0.05)",9.084917,1.0,2
96,VECTOR_FIRST_HNSW,"[0.00,0.05)",22.846416,0.4,2
96,HNSW_HYBRID,"[0.00,0.05)",9.353917,1.0,2
96,IVFFLAT_HYBRID,"[0.00,0.05)",8.866583,1.0,2
96,SQL_FIRST,"[0.00,0.05)",9.478917,1.0,3
96,VECTOR_FIRST_HNSW,"[0.00,0.05)",22.953792,0.4,3
96,HNSW_HYBRID,"[0.00,0.05)",9.645917,1.0,3
96,IVFFLAT_HYBRID,"[0.00,0.05)",8.871709,1.0,3
96,SQL_FIRST,"[0.00,0.05)",8.844625,1.0,4
96,VECTOR_FIRST_HNSW,"[0.00,0.05)",22.882875,0.4,4
96,HNSW_HYBRID,"[0.00,0.05)",9.428042,1.0,4
96,IVFFLAT_HYBRID,"[0.00,0.05)",8.694292,1.0,4
97,SQL_FIRST,"[0.00,0.05)",8.6305,1.0,0
97,VECTOR_FIRST_HNSW,"[0.00,0.05)",23.386709,0.0,0
97,HNSW_HYBRID,"[0.00,0.05)",9.505625,1.0,0
97,IVFFLAT_HYBRID,"[0.00,0.05)",9.458125,1.0,0
97,SQL_FIRST,"[0.00,0.05)",9.010916,1.0,1
97,VECTOR_FIRST_HNSW,"[0.00,0.05)",22.911334,0.0,1
97,HNSW_HYBRID,"[0.00,0.05)",9.220417,1.0,1
97,IVFFLAT_HYBRID,"[0.00,0.05)",8.962709,1.0,1
97,SQL_FIRST,"[0.00,0.05)",8.91025,1.0,2
97,VECTOR_FIRST_HNSW,"[0.00,0.05)",23.39075,0.0,2
97,HNSW_HYBRID,"[0.00,0.05)",9.379042,1.0,2
97,IVFFLAT_HYBRID,"[0.00,0.05)",8.941916,1.0,2
97,SQL_FIRST,"[0.00,0.05)",8.878709,1.0,3
97,VECTOR_FIRST_HNSW,"[0.00,0.05)",22.987667,0.0,3
97,HNSW_HYBRID,"[0.00,0.05)",9.425625,1.0,3
97,IVFFLAT_HYBRID,"[0.00,0.05)",8.871792,1.0,3
97,SQL_FIRST,"[0.00,0.05)",9.3875,1.0,4
97,VECTOR_FIRST_HNSW,"[0.00,0.05)",24.175083,0.0,4
97,HNSW_HYBRID,"[0.00,0.05)",9.626833,1.0,4
97,IVFFLAT_HYBRID,"[0.00,0.05)",8.912084,1.0,4
98,SQL_FIRST,"[0.00,0.05)",9.199125,1.0,0
98,VECTOR_FIRST_HNSW,"[0.00,0.05)",22.967792,0.1,0
98,HNSW_HYBRID,"[0.00,0.05)",9.75575,1.0,0
98,IVFFLAT_HYBRID,"[0.00,0.05)",9.33325,1.0,0
98,SQL_FIRST,"[0.00,0.05)",9.038041,1.0,1
98,VECTOR_FIRST_HNSW,"[0.00,0.05)",23.208083,0.1,1
98,HNSW_HYBRID,"[0.00,0.05)",10.106625,1.0,1
98,IVFFLAT_HYBRID,"[0.00,0.05)",10.396625,1.0,1
98,SQL_FIRST,"[0.00,0.05)",10.461916,1.0,2
98,VECTOR_FIRST_HNSW,"[0.00,0.05)",22.965625,0.1,2
98,HNSW_HYBRID,"[0.00,0.05)",9.731125,1.0,2
98,IVFFLAT_HYBRID,"[0.00,0.05)",8.957125,1.0,2
98,SQL_FIRST,"[0.00,0.05)",9.726667,1.0,3
98,VECTOR_FIRST_HNSW,"[0.00,0.05)",23.2675,0.1,3
98,HNSW_HYBRID,"[0.00,0.05)",10.091417,1.0,3
98,IVFFLAT_HYBRID,"[0.00,0.05)",9.747708,1.0,3
98,SQL_FIRST,"[0.00,0.05)",9.64625,1.0,4
98,VECTOR_FIRST_HNSW,"[0.00,0.05)",23.383334,0.1,4
98,HNSW_HYBRID,"[0.00,0.05)",9.801792,1.0,4
98,IVFFLAT_HYBRID,"[0.00,0.05)",9.713166,1.0,4
100,SQL_FIRST,"[0.00,0.05)",5.040666,1.0,0
100,VECTOR_FIRST_HNSW,"[0.00,0.05)",23.040625,0.1,0
100,HNSW_HYBRID,"[0.00,0.05)",5.662042,1.0,0
100,IVFFLAT_HYBRID,"[0.00,0.05)",5.507709,1.0,0
100,SQL_FIRST,"[0.00,0.05)",5.307667,1.0,1
100,VECTOR_FIRST_HNSW,"[0.00,0.05)",23.260667,0.1,1
100,HNSW_HYBRID,"[0.00,0.05)",5.631958,1.0,1
100,IVFFLAT_HYBRID,"[0.00,0.05)",5.187333,1.0,1
100,SQL_FIRST,"[0.00,0.05)",5.104333,1.0,2
100,VECTOR_FIRST_HNSW,"[0.00,0.05)",22.989916,0.1,2
100,HNSW_HYBRID,"[0.00,0.05)",5.620125,1.0,2
100,IVFFLAT_HYBRID,"[0.00,0.05)",5.215667,1.0,2
100,SQL_FIRST,"[0.00,0.05)",5.211875,1.0,3
100,VECTOR_FIRST_HNSW,"[0.00,0.05)",22.86975,0.1,3
100,HNSW_HYBRID,"[0.00,0.05)",5.78425,1.0,3
100,IVFFLAT_HYBRID,"[0.00,0.05)",5.064084,1.0,3
100,SQL_FIRST,"[0.00,0.05)",5.000416,1.0,4
100,VECTOR_FIRST_HNSW,"[0.00,0.05)",22.815875,0.1,4
100,HNSW_HYBRID,"[0.00,0.05)",5.585375,1.0,4
100,IVFFLAT_HYBRID,"[0.00,0.05)",5.102541,1.0,4
101,SQL_FIRST,"[0.00,0.05)",9.257041,1.0,0
101,VECTOR_FIRST_HNSW,"[0.00,0.05)",23.041042,0.6,0
101,HNSW_HYBRID,"[0.00,0.05)",9.530875,1.0,0
101,IVFFLAT_HYBRID,"[0.00,0.05)",9.122625,1.0,0
101,SQL_FIRST,"[0.00,0.05)",8.87825,1.0,1
101,VECTOR_FIRST_HNSW,"[0.00,0.05)",22.957583,0.6,1
101,HNSW_HYBRID,"[0.00,0.05)",9.289542,1.0,1
101,IVFFLAT_HYBRID,"[0.00,0.05)",9.430375,1.0,1
101,SQL_FIRST,"[0.00,0.05)",8.881625,1.0,2
101,VECTOR_FIRST_HNSW,"[0.00,0.05)",23.064416,0.6,2
101,HNSW_HYBRID,"[0.00,0.05)",9.453084,1.0,2
101,IVFFLAT_HYBRID,"[0.00,0.05)",9.597584,1.0,2
101,SQL_FIRST,"[0.00,0.05)",9.560042,1.0,3
101,VECTOR_FIRST_HNSW,"[0.00,0.05)",23.046875,0.6,3
101,HNSW_HYBRID,"[0.00,0.05)",9.571833,1.0,3
101,IVFFLAT_HYBRID,"[0.00,0.05)",9.157625,1.0,3
101,SQL_FIRST,"[0.00,0.05)",9.469584,1.0,4
101,VECTOR_FIRST_HNSW,"[0.00,0.05)",23.327458,0.6,4
101,HNSW_HYBRID,"[0.00,0.05)",9.574583,1.0,4
101,IVFFLAT_HYBRID,"[0.00,0.05)",8.946292,1.0,4
105,SQL_FIRST,"[0.00,0.05)",9.668042,1.0,0
105,VECTOR_FIRST_HNSW,"[0.00,0.05)",23.093917,0.4,0
105,HNSW_HYBRID,"[0.00,0.05)",9.463667,1.0,0
105,IVFFLAT_HYBRID,"[0.00,0.05)",9.567208,1.0,0
105,SQL_FIRST,"[0.00,0.05)",9.053292,1.0,1
105,VECTOR_FIRST_HNSW,"[0.00,0.05)",22.976958,0.4,1
105,HNSW_HYBRID,"[0.00,0.05)",9.479917,1.0,1
105,IVFFLAT_HYBRID,"[0.00,0.05)",9.208625,1.0,1
105,SQL_FIRST,"[0.00,0.05)",8.95625,1.0,2
105,VECTOR_FIRST_HNSW,"[0.00,0.05)",22.976459,0.4,2
105,HNSW_HYBRID,"[0.00,0.05)",9.44175,1.0,2
105,IVFFLAT_HYBRID,"[0.00,0.05)",9.259542,1.0,2
105,SQL_FIRST,"[0.00,0.05)",9.080459,1.0,3
105,VECTOR_FIRST_HNSW,"[0.00,0.05)",22.770792,0.4,3
105,HNSW_HYBRID,"[0.00,0.05)",9.444917,1.0,3
105,IVFFLAT_HYBRID,"[0.00,0.05)",9.021,1.0,3
105,SQL_FIRST,"[0.00,0.05)",9.306667,1.0,4
105,VECTOR_FIRST_HNSW,"[0.00,0.05)",22.893167,0.4,4
105,HNSW_HYBRID,"[0.00,0.05)",9.774666,1.0,4
105,IVFFLAT_HYBRID,"[0.00,0.05)",9.079375,1.0,4
106,SQL_FIRST,"[0.00,0.05)",9.022125,1.0,0
106,VECTOR_FIRST_HNSW,"[0.00,0.05)",22.837167,0.4,0
106,HNSW_HYBRID,"[0.00,0.05)",9.445542,1.0,0
106,IVFFLAT_HYBRID,"[0.00,0.05)",9.261125,1.0,0
106,SQL_FIRST,"[0.00,0.05)",9.414375,1.0,1
106,VECTOR_FIRST_HNSW,"[0.00,0.05)",23.466833,0.4,1
106,HNSW_HYBRID,"[0.00,0.05)",9.338417,1.0,1
106,IVFFLAT_HYBRID,"[0.00,0.05)",9.347334,1.0,1
106,SQL_FIRST,"[0.00,0.05)",9.034042,1.0,2
106,VECTOR_FIRST_HNSW,"[0.00,0.05)",23.029208,0.4,2
106,HNSW_HYBRID,"[0.00,0.05)",9.467375,1.0,2
106,IVFFLAT_HYBRID,"[0.00,0.05)",8.961042,1.0,2
106,SQL_FIRST,"[0.00,0.05)",9.010708,1.0,3
106,VECTOR_FIRST_HNSW,"[0.00,0.05)",23.038917,0.4,3
106,HNSW_HYBRID,"[0.00,0.05)",9.505666,1.0,3
106,IVFFLAT_HYBRID,"[0.00,0.05)",9.577042,1.0,3
106,SQL_FIRST,"[0.00,0.05)",9.431084,1.0,4
106,VECTOR_FIRST_HNSW,"[0.00,0.05)",23.059292,0.4,4
106,HNSW_HYBRID,"[0.00,0.05)",9.453875,1.0,4
106,IVFFLAT_HYBRID,"[0.00,0.05)",8.783125,1.0,4
107,SQL_FIRST,"[0.00,0.05)",5.288833,1.0,0
107,VECTOR_FIRST_HNSW,"[0.00,0.05)",22.831375,0.1,0
107,HNSW_HYBRID,"[0.00,0.05)",5.936084,1.0,0
107,IVFFLAT_HYBRID,"[0.00,0.05)",5.272125,1.0,0
107,SQL_FIRST,"[0.00,0.05)",5.343375,1.0,1
107,VECTOR_FIRST_HNSW,"[0.00,0.05)",22.947917,0.1,1
107,HNSW_HYBRID,"[0.00,0.05)",6.001709,1.0,1
107,IVFFLAT_HYBRID,"[0.00,0.05)",5.344666,1.0,1
107,SQL_FIRST,"[0.00,0.05)",5.266209,1.0,2
107,VECTOR_FIRST_HNSW,"[0.00,0.05)",22.975583,0.1,2
107,HNSW_HYBRID,"[0.00,0.05)",5.933167,1.0,2
107,IVFFLAT_HYBRID,"[0.00,0.05)",5.375709,1.0,2
107,SQL_FIRST,"[0.00,0.05)",5.426292,1.0,3
107,VECTOR_FIRST_HNSW,"[0.00,0.05)",22.861041,0.1,3
107,HNSW_HYBRID,"[0.00,0.05)",5.952208,1.0,3
107,IVFFLAT_HYBRID,"[0.00,0.05)",5.523417,1.0,3
107,SQL_FIRST,"[0.00,0.05)",5.274292,1.0,4
107,VECTOR_FIRST_HNSW,"[0.00,0.05)",23.117042,0.1,4
107,HNSW_HYBRID,"[0.00,0.05)",6.226959,1.0,4
107,IVFFLAT_HYBRID,"[0.00,0.05)",5.468333,1.0,4
108,SQL_FIRST,"[0.00,0.05)",4.436709,1.0,0
108,VECTOR_FIRST_HNSW,"[0.00,0.05)",23.390958,0.1,0
108,HNSW_HYBRID,"[0.00,0.05)",5.207833,1.0,0
108,IVFFLAT_HYBRID,"[0.00,0.05)",4.648084,1.0,0
108,SQL_FIRST,"[0.00,0.05)",4.59375,1.0,1
108,VECTOR_FIRST_HNSW,"[0.00,0.05)",23.157875,0.1,1
108,HNSW_HYBRID,"[0.00,0.05)",4.954208,1.0,1
108,IVFFLAT_HYBRID,"[0.00,0.05)",4.399667,1.0,1
108,SQL_FIRST,"[0.00,0.05)",4.486041,1.0,2
108,VECTOR_FIRST_HNSW,"[0.00,0.05)",23.486333,0.1,2
108,HNSW_HYBRID,"[0.00,0.05)",5.075791,1.0,2
108,IVFFLAT_HYBRID,"[0.00,0.05)",4.73225,1.0,2
108,SQL_FIRST,"[0.00,0.05)",4.514084,1.0,3
108,VECTOR_FIRST_HNSW,"[0.00,0.05)",22.902875,0.1,3
108,HNSW_HYBRID,"[0.00,0.05)",5.145667,1.0,3
108,IVFFLAT_HYBRID,"[0.00,0.05)",4.576375,1.0,3
108,SQL_FIRST,"[0.00,0.05)",4.456875,1.0,4
108,VECTOR_FIRST_HNSW,"[0.00,0.05)",22.826084,0.1,4
108,HNSW_HYBRID,"[0.00,0.05)",5.169916,1.0,4
108,IVFFLAT_HYBRID,"[0.00,0.05)",4.676625,1.0,4
109,SQL_FIRST,"[0.00,0.05)",9.220542,1.0,0
109,VECTOR_FIRST_HNSW,"[0.00,0.05)",22.982292,0.4,0
109,HNSW_HYBRID,"[0.00,0.05)",9.333833,1.0,0
109,IVFFLAT_HYBRID,"[0.00,0.05)",8.684708,1.0,0
109,SQL_FIRST,"[0.00,0.05)",8.506875,1.0,1
109,VECTOR_FIRST_HNSW,"[0.00,0.05)",22.917458,0.4,1
109,HNSW_HYBRID,"[0.00,0.05)",9.214625,1.0,1
109,IVFFLAT_HYBRID,"[0.00,0.05)",8.769708,1.0,1
109,SQL_FIRST,"[0.00,0.05)",8.789,1.0,2
109,VECTOR_FIRST_HNSW,"[0.00,0.05)",22.90075,0.4,2
109,HNSW_HYBRID,"[0.00,0.05)",9.280042,1.0,2
109,IVFFLAT_HYBRID,"[0.00,0.05)",8.907208,1.0,2
109,SQL_FIRST,"[0.00,0.05)",8.4465,1.0,3
109,VECTOR_FIRST_HNSW,"[0.00,0.05)",22.939041,0.4,3
109,HNSW_HYBRID,"[0.00,0.05)",9.452458,1.0,3
109,IVFFLAT_HYBRID,"[0.00,0.05)",9.520083,1.0,3
109,SQL_FIRST,"[0.00,0.05)",8.895833,1.0,4
109,VECTOR_FIRST_HNSW,"[0.00,0.05)",22.928209,0.4,4
109,HNSW_HYBRID,"[0.00,0.05)",9.159958,1.0,4
109,IVFFLAT_HYBRID,"[0.00,0.05)",8.806209,1.0,4
110,SQL_FIRST,"[0.00,0.05)",9.831708,1.0,0
110,VECTOR_FIRST_HNSW,"[0.00,0.05)",23.789833,0.2,0
110,HNSW_HYBRID,"[0.00,0.05)",10.399375,1.0,0
110,IVFFLAT_HYBRID,"[0.00,0.05)",10.219791,1.0,0
110,SQL_FIRST,"[0.00,0.05)",10.373625,1.0,1
110,VECTOR_FIRST_HNSW,"[0.00,0.05)",23.156625,0.2,1
110,HNSW_HYBRID,"[0.00,0.05)",10.545834,1.0,1
110,IVFFLAT_HYBRID,"[0.00,0.05)",10.537833,1.0,1
110,SQL_FIRST,"[0.00,0.05)",11.421334,1.0,2
110,VECTOR_FIRST_HNSW,"[0.00,0.05)",22.895875,0.2,2
110,HNSW_HYBRID,"[0.00,0.05)",10.446375,1.0,2
110,IVFFLAT_HYBRID,"[0.00,0.05)",9.916,1.0,2
110,SQL_FIRST,"[0.00,0.05)",10.112791,1.0,3
110,VECTOR_FIRST_HNSW,"[0.00,0.05)",23.032666,0.2,3
110,HNSW_HYBRID,"[0.00,0.05)",10.263041,1.0,3
110,IVFFLAT_HYBRID,"[0.00,0.05)",10.334666,1.0,3
110,SQL_FIRST,"[0.00,0.05)",10.008625,1.0,4
110,VECTOR_FIRST_HNSW,"[0.00,0.05)",22.95775,0.2,4
110,HNSW_HYBRID,"[0.00,0.05)",10.455916,1.0,4
110,IVFFLAT_HYBRID,"[0.00,0.05)",9.872125,1.0,4
111,SQL_FIRST,"[0.00,0.05)",6.401875,1.0,0
111,VECTOR_FIRST_HNSW,"[0.00,0.05)",22.965542,0.3,0
111,HNSW_HYBRID,"[0.00,0.05)",7.121083,1.0,0
111,IVFFLAT_HYBRID,"[0.00,0.05)",6.529417,1.0,0
111,SQL_FIRST,"[0.00,0.05)",6.354083,1.0,1
111,VECTOR_FIRST_HNSW,"[0.00,0.05)",22.8765,0.3,1
111,HNSW_HYBRID,"[0.00,0.05)",7.13725,1.0,1
111,IVFFLAT_HYBRID,"[0.00,0.05)",6.362417,1.0,1
111,SQL_FIRST,"[0.00,0.05)",6.568792,1.0,2
111,VECTOR_FIRST_HNSW,"[0.00,0.05)",22.883583,0.3,2
111,HNSW_HYBRID,"[0.00,0.05)",7.0445,1.0,2
111,IVFFLAT_HYBRID,"[0.00,0.05)",6.605584,1.0,2
111,SQL_FIRST,"[0.00,0.05)",6.338708,1.0,3
111,VECTOR_FIRST_HNSW,"[0.00,0.05)",22.712709,0.3,3
111,HNSW_HYBRID,"[0.00,0.05)",7.077459,1.0,3
111,IVFFLAT_HYBRID,"[0.00,0.05)",6.4395,1.0,3
111,SQL_FIRST,"[0.00,0.05)",6.328875,1.0,4
111,VECTOR_FIRST_HNSW,"[0.00,0.05)",23.07175,0.3,4
111,HNSW_HYBRID,"[0.00,0.05)",7.241625,1.0,4
111,IVFFLAT_HYBRID,"[0.00,0.05)",6.389625,1.0,4
112,SQL_FIRST,"[0.00,0.05)",9.443458,1.0,0
112,VECTOR_FIRST_HNSW,"[0.00,0.05)",23.1345,0.3,0
112,HNSW_HYBRID,"[0.00,0.05)",9.364709,1.0,0
112,IVFFLAT_HYBRID,"[0.00,0.05)",8.898708,1.0,0
112,SQL_FIRST,"[0.00,0.05)",8.98625,1.0,1
112,VECTOR_FIRST_HNSW,"[0.00,0.05)",22.832375,0.3,1
112,HNSW_HYBRID,"[0.00,0.05)",9.336458,1.0,1
112,IVFFLAT_HYBRID,"[0.00,0.05)",8.99025,1.0,1
112,SQL_FIRST,"[0.00,0.05)",9.532625,1.0,2
112,VECTOR_FIRST_HNSW,"[0.00,0.05)",22.9475,0.3,2
112,HNSW_HYBRID,"[0.00,0.05)",9.34375,1.0,2
112,IVFFLAT_HYBRID,"[0.00,0.05)",9.429125,1.0,2
112,SQL_FIRST,"[0.00,0.05)",8.934209,1.0,3
112,VECTOR_FIRST_HNSW,"[0.00,0.05)",23.039792,0.3,3
112,HNSW_HYBRID,"[0.00,0.05)",9.355458,1.0,3
112,IVFFLAT_HYBRID,"[0.00,0.05)",8.995417,1.0,3
112,SQL_FIRST,"[0.00,0.05)",8.859375,1.0,4
112,VECTOR_FIRST_HNSW,"[0.00,0.05)",22.948625,0.3,4
112,HNSW_HYBRID,"[0.00,0.05)",9.294,1.0,4
112,IVFFLAT_HYBRID,"[0.00,0.05)",9.133167,1.0,4
114,SQL_FIRST,"[0.00,0.05)",9.428291,1.0,0
114,VECTOR_FIRST_HNSW,"[0.00,0.05)",22.868708,0.3,0
114,HNSW_HYBRID,"[0.00,0.05)",9.874625,1.0,0
114,IVFFLAT_HYBRID,"[0.00,0.05)",9.188292,1.0,0
114,SQL_FIRST,"[0.00,0.05)",9.050708,1.0,1
114,VECTOR_FIRST_HNSW,"[0.00,0.05)",22.886791,0.3,1
114,HNSW_HYBRID,"[0.00,0.05)",9.706209,1.0,1
114,IVFFLAT_HYBRID,"[0.00,0.05)",9.352542,1.0,1
114,SQL_FIRST,"[0.00,0.05)",9.207625,1.0,2
114,VECTOR_FIRST_HNSW,"[0.00,0.05)",25.116792,0.3,2
114,HNSW_HYBRID,"[0.00,0.05)",10.504834,1.0,2
114,IVFFLAT_HYBRID,"[0.00,0.05)",9.436375,1.0,2
114,SQL_FIRST,"[0.00,0.05)",9.812667,1.0,3
114,VECTOR_FIRST_HNSW,"[0.00,0.05)",23.445375,0.3,3
114,HNSW_HYBRID,"[0.00,0.05)",9.821458,1.0,3
114,IVFFLAT_HYBRID,"[0.00,0.05)",9.850667,1.0,3
114,SQL_FIRST,"[0.00,0.05)",9.803875,1.0,4
114,VECTOR_FIRST_HNSW,"[0.00,0.05)",23.173292,0.3,4
114,HNSW_HYBRID,"[0.00,0.05)",9.791542,1.0,4
114,IVFFLAT_HYBRID,"[0.00,0.05)",8.89475,1.0,4
116,SQL_FIRST,"[0.00,0.05)",8.006916,1.0,0
116,VECTOR_FIRST_HNSW,"[0.00,0.05)",22.971042,0.0,0
116,HNSW_HYBRID,"[0.00,0.05)",8.790625,1.0,0
116,IVFFLAT_HYBRID,"[0.00,0.05)",8.055542,1.0,0
116,SQL_FIRST,"[0.00,0.05)",8.300625,1.0,1
116,VECTOR_FIRST_HNSW,"[0.00,0.05)",23.03625,0.0,1
116,HNSW_HYBRID,"[0.00,0.05)",8.828666,1.0,1
116,IVFFLAT_HYBRID,"[0.00,0.05)",8.138959,1.0,1
116,SQL_FIRST,"[0.00,0.05)",8.126583,1.0,2
116,VECTOR_FIRST_HNSW,"[0.00,0.05)",22.8535,0.0,2
116,HNSW_HYBRID,"[0.00,0.05)",8.770958,1.0,2
116,IVFFLAT_HYBRID,"[0.00,0.05)",8.047084,1.0,2
116,SQL_FIRST,"[0.00,0.05)",8.366917,1.0,3
116,VECTOR_FIRST_HNSW,"[0.00,0.05)",22.753,0.0,3
116,HNSW_HYBRID,"[0.00,0.05)",8.855333,1.0,3
116,IVFFLAT_HYBRID,"[0.00,0.05)",8.2585,1.0,3
116,SQL_FIRST,"[0.00,0.05)",8.134791,1.0,4
116,VECTOR_FIRST_HNSW,"[0.00,0.05)",22.928333,0.0,4
116,HNSW_HYBRID,"[0.00,0.05)",8.822458,1.0,4
116,IVFFLAT_HYBRID,"[0.00,0.05)",8.162333,1.0,4
119,SQL_FIRST,"[0.00,0.05)",9.091959,1.0,0
119,VECTOR_FIRST_HNSW,"[0.00,0.05)",22.996458,0.8,0
119,HNSW_HYBRID,"[0.00,0.05)",9.77525,1.0,0
119,IVFFLAT_HYBRID,"[0.00,0.05)",9.786875,1.0,0
119,SQL_FIRST,"[0.00,0.05)",9.54975,1.0,1
119,VECTOR_FIRST_HNSW,"[0.00,0.05)",23.229709,0.8,1
119,HNSW_HYBRID,"[0.00,0.05)",9.526334,1.0,1
119,IVFFLAT_HYBRID,"[0.00,0.05)",9.0555,1.0,1
119,SQL_FIRST,"[0.00,0.05)",9.242458,1.0,2
119,VECTOR_FIRST_HNSW,"[0.00,0.05)",23.48075,0.8,2
119,HNSW_HYBRID,"[0.00,0.05)",9.775791,1.0,2
119,IVFFLAT_HYBRID,"[0.00,0.05)",9.376792,1.0,2
119,SQL_FIRST,"[0.00,0.05)",9.223,1.0,3
119,VECTOR_FIRST_HNSW,"[0.00,0.05)",22.929084,0.8,3
119,HNSW_HYBRID,"[0.00,0.05)",9.653208,1.0,3
119,IVFFLAT_HYBRID,"[0.00,0.05)",9.044958,1.0,3
119,SQL_FIRST,"[0.00,0.05)",9.6265,1.0,4
119,VECTOR_FIRST_HNSW,"[0.00,0.05)",23.411417,0.8,4
119,HNSW_HYBRID,"[0.00,0.05)",9.602208,1.0,4
119,IVFFLAT_HYBRID,"[0.00,0.05)",9.221291,1.0,4
121,SQL_FIRST,"[0.00,0.05)",5.6225,1.0,0
121,VECTOR_FIRST_HNSW,"[0.00,0.05)",22.943875,0.0,0
121,HNSW_HYBRID,"[0.00,0.05)",6.347458,1.0,0
121,IVFFLAT_HYBRID,"[0.00,0.05)",6.408958,1.0,0
121,SQL_FIRST,"[0.00,0.05)",5.985958,1.0,1
121,VECTOR_FIRST_HNSW,"[0.00,0.05)",22.874917,0.0,1
121,HNSW_HYBRID,"[0.00,0.05)",6.273375,1.0,1
121,IVFFLAT_HYBRID,"[0.00,0.05)",5.631542,1.0,1
121,SQL_FIRST,"[0.00,0.05)",5.651792,1.0,2
121,VECTOR_FIRST_HNSW,"[0.00,0.05)",22.869833,0.0,2
121,HNSW_HYBRID,"[0.00,0.05)",6.227584,1.0,2
121,IVFFLAT_HYBRID,"[0.00,0.05)",5.672292,1.0,2
121,SQL_FIRST,"[0.00,0.05)",5.532916,1.0,3
121,VECTOR_FIRST_HNSW,"[0.00,0.05)",22.893916,0.0,3
121,HNSW_HYBRID,"[0.00,0.05)",6.21075,1.0,3
121,IVFFLAT_HYBRID,"[0.00,0.05)",5.550292,1.0,3
121,SQL_FIRST,"[0.00,0.05)",5.775459,1.0,4
121,VECTOR_FIRST_HNSW,"[0.00,0.05)",22.923917,0.0,4
121,HNSW_HYBRID,"[0.00,0.05)",6.222041,1.0,4
121,IVFFLAT_HYBRID,"[0.00,0.05)",5.830709,1.0,4
124,SQL_FIRST,"[0.00,0.05)",11.30975,1.0,0
124,VECTOR_FIRST_HNSW,"[0.00,0.05)",22.850208,0.2,0
124,HNSW_HYBRID,"[0.00,0.05)",11.305541,1.0,0
124,IVFFLAT_HYBRID,"[0.00,0.05)",11.353042,1.0,0
124,SQL_FIRST,"[0.00,0.05)",11.213209,1.0,1
124,VECTOR_FIRST_HNSW,"[0.00,0.05)",22.907125,0.2,1
124,HNSW_HYBRID,"[0.00,0.05)",11.369166,1.0,1
124,IVFFLAT_HYBRID,"[0.00,0.05)",11.102209,1.0,1
124,SQL_FIRST,"[0.00,0.05)",13.304417,1.0,2
124,VECTOR_FIRST_HNSW,"[0.00,0.05)",23.534958,0.2,2
124,HNSW_HYBRID,"[0.00,0.05)",11.080917,1.0,2
124,IVFFLAT_HYBRID,"[0.00,0.05)",10.981834,1.0,2
124,SQL_FIRST,"[0.00,0.05)",10.934291,1.0,3
124,VECTOR_FIRST_HNSW,"[0.00,0.05)",23.351584,0.2,3
124,HNSW_HYBRID,"[0.00,0.05)",11.163584,1.0,3
124,IVFFLAT_HYBRID,"[0.00,0.05)",10.7165,1.0,3
124,SQL_FIRST,"[0.00,0.05)",11.292084,1.0,4
124,VECTOR_FIRST_HNSW,"[0.00,0.05)",22.929791,0.2,4
124,HNSW_HYBRID,"[0.00,0.05)",11.192417,1.0,4
124,IVFFLAT_HYBRID,"[0.00,0.05)",10.7865,1.0,4
128,SQL_FIRST,"[0.00,0.05)",7.298875,1.0,0
128,VECTOR_FIRST_HNSW,"[0.00,0.05)",22.827459,0.0,0
128,HNSW_HYBRID,"[0.00,0.05)",7.993458,1.0,0
128,IVFFLAT_HYBRID,"[0.00,0.05)",7.304125,1.0,0
128,SQL_FIRST,"[0.00,0.05)",7.07825,1.0,1
128,VECTOR_FIRST_HNSW,"[0.00,0.05)",22.900542,0.0,1
128,HNSW_HYBRID,"[0.00,0.05)",7.986458,1.0,1
128,IVFFLAT_HYBRID,"[0.00,0.05)",7.138458,1.0,1
128,SQL_FIRST,"[0.00,0.05)",7.513167,1.0,2
128,VECTOR_FIRST_HNSW,"[0.00,0.05)",22.899417,0.0,2
128,HNSW_HYBRID,"[0.00,0.05)",8.128042,1.0,2
128,IVFFLAT_HYBRID,"[0.00,0.05)",7.35825,1.0,2
128,SQL_FIRST,"[0.00,0.05)",7.264667,1.0,3
128,VECTOR_FIRST_HNSW,"[0.00,0.05)",22.88475,0.0,3
128,HNSW_HYBRID,"[0.00,0.05)",7.979041,1.0,3
128,IVFFLAT_HYBRID,"[0.00,0.05)",7.207875,1.0,3
128,SQL_FIRST,"[0.00,0.05)",7.039083,1.0,4
128,VECTOR_FIRST_HNSW,"[0.00,0.05)",23.691458,0.0,4
128,HNSW_HYBRID,"[0.00,0.05)",7.899333,1.0,4
128,IVFFLAT_HYBRID,"[0.00,0.05)",7.837875,1.0,4
129,SQL_FIRST,"[0.00,0.05)",9.692792,1.0,0
129,VECTOR_FIRST_HNSW,"[0.00,0.05)",22.987875,0.6,0
129,HNSW_HYBRID,"[0.00,0.05)",9.792625,1.0,0
129,IVFFLAT_HYBRID,"[0.00,0.05)",9.111208,1.0,0
129,SQL_FIRST,"[0.00,0.05)",9.2005,1.0,1
129,VECTOR_FIRST_HNSW,"[0.00,0.05)",22.917084,0.6,1
129,HNSW_HYBRID,"[0.00,0.05)",9.905584,1.0,1
129,IVFFLAT_HYBRID,"[0.00,0.05)",9.354458,1.0,1
129,SQL_FIRST,"[0.00,0.05)",9.484833,1.0,2
129,VECTOR_FIRST_HNSW,"[0.00,0.05)",23.313709,0.6,2
129,HNSW_HYBRID,"[0.00,0.05)",9.822041,1.0,2
129,IVFFLAT_HYBRID,"[0.00,0.05)",9.356083,1.0,2
129,SQL_FIRST,"[0.00,0.05)",9.095375,1.0,3
129,VECTOR_FIRST_HNSW,"[0.00,0.05)",22.892208,0.6,3
129,HNSW_HYBRID,"[0.00,0.05)",9.490666,1.0,3
129,IVFFLAT_HYBRID,"[0.00,0.05)",9.700167,1.0,3
129,SQL_FIRST,"[0.00,0.05)",9.332833,1.0,4
129,VECTOR_FIRST_HNSW,"[0.00,0.05)",22.994459,0.6,4
129,HNSW_HYBRID,"[0.00,0.05)",9.642667,1.0,4
129,IVFFLAT_HYBRID,"[0.00,0.05)",9.133709,1.0,4
130,SQL_FIRST,"[0.00,0.05)",10.904,1.0,0
130,VECTOR_FIRST_HNSW,"[0.00,0.05)",22.937708,0.3,0
130,HNSW_HYBRID,"[0.00,0.05)",11.223042,1.0,0
130,IVFFLAT_HYBRID,"[0.00,0.05)",11.080916,1.0,0
130,SQL_FIRST,"[0.00,0.05)",10.902709,1.0,1
130,VECTOR_FIRST_HNSW,"[0.00,0.05)",22.916959,0.3,1
130,HNSW_HYBRID,"[0.00,0.05)",11.416791,1.0,1
130,IVFFLAT_HYBRID,"[0.00,0.05)",11.008417,1.0,1
130,SQL_FIRST,"[0.00,0.05)",11.568417,1.0,2
130,VECTOR_FIRST_HNSW,"[0.00,0.05)",23.209292,0.3,2
130,HNSW_HYBRID,"[0.00,0.05)",11.425416,1.0,2
130,IVFFLAT_HYBRID,"[0.00,0.05)",10.8235,1.0,2
130,SQL_FIRST,"[0.00,0.05)",11.117042,1.0,3
130,VECTOR_FIRST_HNSW,"[0.00,0.05)",23.635166,0.3,3
130,HNSW_HYBRID,"[0.00,0.05)",11.581041,1.0,3
130,IVFFLAT_HYBRID,"[0.00,0.05)",11.0245,1.0,3
130,SQL_FIRST,"[0.00,0.05)",10.886875,1.0,4
130,VECTOR_FIRST_HNSW,"[0.00,0.05)",22.971125,0.3,4
130,HNSW_HYBRID,"[0.00,0.05)",11.301709,1.0,4
130,IVFFLAT_HYBRID,"[0.00,0.05)",11.44825,1.0,4
131,SQL_FIRST,"[0.00,0.05)",6.764167,1.0,0
131,VECTOR_FIRST_HNSW,"[0.00,0.05)",23.104333,0.0,0
131,HNSW_HYBRID,"[0.00,0.05)",7.57875,1.0,0
131,IVFFLAT_HYBRID,"[0.00,0.05)",6.999875,1.0,0
131,SQL_FIRST,"[0.00,0.05)",7.0065,1.0,1
131,VECTOR_FIRST_HNSW,"[0.00,0.05)",22.935083,0.0,1
131,HNSW_HYBRID,"[0.00,0.05)",7.813917,1.0,1
131,IVFFLAT_HYBRID,"[0.00,0.05)",6.953917,1.0,1
131,SQL_FIRST,"[0.00,0.05)",6.951917,1.0,2
131,VECTOR_FIRST_HNSW,"[0.00,0.05)",22.892083,0.0,2
131,HNSW_HYBRID,"[0.00,0.05)",7.621,1.0,2
131,IVFFLAT_HYBRID,"[0.00,0.05)",6.896833,1.0,2
131,SQL_FIRST,"[0.00,0.05)",6.948167,1.0,3
131,VECTOR_FIRST_HNSW,"[0.00,0.05)",23.113875,0.0,3
131,HNSW_HYBRID,"[0.00,0.05)",7.595833,1.0,3
131,IVFFLAT_HYBRID,"[0.00,0.05)",7.178459,1.0,3
131,SQL_FIRST,"[0.00,0.05)",6.906375,1.0,4
131,VECTOR_FIRST_HNSW,"[0.00,0.05)",22.84525,0.0,4
131,HNSW_HYBRID,"[0.00,0.05)",7.740791,1.0,4
131,IVFFLAT_HYBRID,"[0.00,0.05)",7.009875,1.0,4
133,SQL_FIRST,"[0.00,0.05)",5.396917,1.0,0
133,VECTOR_FIRST_HNSW,"[0.00,0.05)",22.891375,0.0,0
133,HNSW_HYBRID,"[0.00,0.05)",5.904292,1.0,0
133,IVFFLAT_HYBRID,"[0.00,0.05)",5.566333,1.0,0
133,SQL_FIRST,"[0.00,0.05)",5.411875,1.0,1
133,VECTOR_FIRST_HNSW,"[0.00,0.05)",23.51875,0.0,1
133,HNSW_HYBRID,"[0.00,0.05)",6.046541,1.0,1
133,IVFFLAT_HYBRID,"[0.00,0.05)",5.355625,1.0,1
133,SQL_FIRST,"[0.00,0.05)",5.357625,1.0,2
133,VECTOR_FIRST_HNSW,"[0.00,0.05)",22.835625,0.0,2
133,HNSW_HYBRID,"[0.00,0.05)",6.100916,1.0,2
133,IVFFLAT_HYBRID,"[0.00,0.05)",5.742667,1.0,2
133,SQL_FIRST,"[0.00,0.05)",5.559583,1.0,3
133,VECTOR_FIRST_HNSW,"[0.00,0.05)",22.981334,0.0,3
133,HNSW_HYBRID,"[0.00,0.05)",5.957916,1.0,3
133,IVFFLAT_HYBRID,"[0.00,0.05)",5.353584,1.0,3
133,SQL_FIRST,"[0.00,0.05)",5.374,1.0,4
133,VECTOR_FIRST_HNSW,"[0.00,0.05)",22.850291,0.0,4
133,HNSW_HYBRID,"[0.00,0.05)",5.891417,1.0,4
133,IVFFLAT_HYBRID,"[0.00,0.05)",6.015291,1.0,4
134,SQL_FIRST,"[0.00,0.05)",9.275958,1.0,0
134,VECTOR_FIRST_HNSW,"[0.00,0.05)",22.987417,0.3,0
134,HNSW_HYBRID,"[0.00,0.05)",9.520625,1.0,0
134,IVFFLAT_HYBRID,"[0.00,0.05)",9.0805,1.0,0
134,SQL_FIRST,"[0.00,0.05)",8.945125,1.0,1
134,VECTOR_FIRST_HNSW,"[0.00,0.05)",22.856834,0.3,1
134,HNSW_HYBRID,"[0.00,0.05)",9.62125,1.0,1
134,IVFFLAT_HYBRID,"[0.00,0.05)",8.908208,1.0,1
134,SQL_FIRST,"[0.00,0.05)",9.267916,1.0,2
134,VECTOR_FIRST_HNSW,"[0.00,0.05)",22.791083,0.3,2
134,HNSW_HYBRID,"[0.00,0.05)",9.798834,1.0,2
134,IVFFLAT_HYBRID,"[0.00,0.05)",8.950208,1.0,2
134,SQL_FIRST,"[0.00,0.05)",8.933542,1.0,3
134,VECTOR_FIRST_HNSW,"[0.00,0.05)",22.894667,0.3,3
134,HNSW_HYBRID,"[0.00,0.05)",9.604583,1.0,3
134,IVFFLAT_HYBRID,"[0.00,0.05)",8.888708,1.0,3
134,SQL_FIRST,"[0.00,0.05)",9.129125,1.0,4
134,VECTOR_FIRST_HNSW,"[0.00,0.05)",22.862417,0.3,4
134,HNSW_HYBRID,"[0.00,0.05)",9.633583,1.0,4
134,IVFFLAT_HYBRID,"[0.00,0.05)",9.0395,1.0,4
136,SQL_FIRST,"[0.00,0.05)",9.25875,1.0,0
136,VECTOR_FIRST_HNSW,"[0.00,0.05)",22.870042,0.2,0
136,HNSW_HYBRID,"[0.00,0.05)",9.264791,1.0,0
136,IVFFLAT_HYBRID,"[0.00,0.05)",8.583292,1.0,0
136,SQL_FIRST,"[0.00,0.05)",8.598125,1.0,1
136,VECTOR_FIRST_HNSW,"[0.00,0.05)",23.431042,0.2,1
136,HNSW_HYBRID,"[0.00,0.05)",9.419708,1.0,1
136,IVFFLAT_HYBRID,"[0.00,0.05)",9.304459,1.0,1
136,SQL_FIRST,"[0.00,0.05)",9.945541,1.0,2
136,VECTOR_FIRST_HNSW,"[0.00,0.05)",23.722875,0.2,2
136,HNSW_HYBRID,"[0.00,0.05)",9.095125,1.0,2
136,IVFFLAT_HYBRID,"[0.00,0.05)",8.694167,1.0,2
136,SQL_FIRST,"[0.00,0.05)",9.138625,1.0,3
136,VECTOR_FIRST_HNSW,"[0.00,0.05)",23.415792,0.2,3
136,HNSW_HYBRID,"[0.00,0.05)",9.408916,1.0,3
136,IVFFLAT_HYBRID,"[0.00,0.05)",8.737833,1.0,3
136,SQL_FIRST,"[0.00,0.05)",8.85625,1.0,4
136,VECTOR_FIRST_HNSW,"[0.00,0.05)",23.0985,0.2,4
136,HNSW_HYBRID,"[0.00,0.05)",9.274583,1.0,4
136,IVFFLAT_HYBRID,"[0.00,0.05)",8.5965,1.0,4
137,SQL_FIRST,"[0.00,0.05)",8.173958,1.0,0
137,VECTOR_FIRST_HNSW,"[0.00,0.05)",22.893417,0.2,0
137,HNSW_HYBRID,"[0.00,0.05)",8.885458,1.0,0
137,IVFFLAT_HYBRID,"[0.00,0.05)",8.168458,1.0,0
137,SQL_FIRST,"[0.00,0.05)",8.513375,1.0,1
137,VECTOR_FIRST_HNSW,"[0.00,0.05)",22.922583,0.2,1
137,HNSW_HYBRID,"[0.00,0.05)",8.983792,1.0,1
137,IVFFLAT_HYBRID,"[0.00,0.05)",8.340958,1.0,1
137,SQL_FIRST,"[0.00,0.05)",8.147375,1.0,2
137,VECTOR_FIRST_HNSW,"[0.00,0.05)",22.736375,0.2,2
137,HNSW_HYBRID,"[0.00,0.05)",8.893208,1.0,2
137,IVFFLAT_HYBRID,"[0.00,0.05)",8.003333,1.0,2
137,SQL_FIRST,"[0.00,0.05)",8.366875,1.0,3
137,VECTOR_FIRST_HNSW,"[0.00,0.05)",22.73875,0.2,3
137,HNSW_HYBRID,"[0.00,0.05)",8.940334,1.0,3
137,IVFFLAT_HYBRID,"[0.00,0.05)",8.24675,1.0,3
137,SQL_FIRST,"[0.00,0.05)",8.098208,1.0,4
137,VECTOR_FIRST_HNSW,"[0.00,0.05)",23.336875,0.2,4
137,HNSW_HYBRID,"[0.00,0.05)",8.805667,1.0,4
137,IVFFLAT_HYBRID,"[0.00,0.05)",8.685542,1.0,4
138,SQL_FIRST,"[0.00,0.05)",9.139,1.0,0
138,VECTOR_FIRST_HNSW,"[0.00,0.05)",23.183042,0.2,0
138,HNSW_HYBRID,"[0.00,0.05)",9.018375,1.0,0
138,IVFFLAT_HYBRID,"[0.00,0.05)",8.695125,1.0,0
138,SQL_FIRST,"[0.00,0.05)",8.7585,1.0,1
138,VECTOR_FIRST_HNSW,"[0.00,0.05)",22.839667,0.2,1
138,HNSW_HYBRID,"[0.00,0.05)",9.290125,1.0,1
138,IVFFLAT_HYBRID,"[0.00,0.05)",9.280542,1.0,1
138,SQL_FIRST,"[0.00,0.05)",8.831875,1.0,2
138,VECTOR_FIRST_HNSW,"[0.00,0.05)",22.902167,0.2,2
138,HNSW_HYBRID,"[0.00,0.05)",9.147875,1.0,2
138,IVFFLAT_HYBRID,"[0.00,0.05)",9.1075,1.0,2
138,SQL_FIRST,"[0.00,0.05)",8.549375,1.0,3
138,VECTOR_FIRST_HNSW,"[0.00,0.05)",22.972416,0.2,3
138,HNSW_HYBRID,"[0.00,0.05)",9.174042,1.0,3
138,IVFFLAT_HYBRID,"[0.00,0.05)",8.716041,1.0,3
138,SQL_FIRST,"[0.00,0.05)",8.6765,1.0,4
138,VECTOR_FIRST_HNSW,"[0.00,0.05)",22.908459,0.2,4
138,HNSW_HYBRID,"[0.00,0.05)",9.0785,1.0,4
138,IVFFLAT_HYBRID,"[0.00,0.05)",8.772458,1.0,4
139,SQL_FIRST,"[0.00,0.05)",10.429417,1.0,0
139,VECTOR_FIRST_HNSW,"[0.00,0.05)",22.942167,0.3,0
139,HNSW_HYBRID,"[0.00,0.05)",10.955875,1.0,0
139,IVFFLAT_HYBRID,"[0.00,0.05)",10.357333,1.0,0
139,SQL_FIRST,"[0.00,0.05)",10.3015,1.0,1
139,VECTOR_FIRST_HNSW,"[0.00,0.05)",23.136458,0.3,1
139,HNSW_HYBRID,"[0.00,0.05)",10.795459,1.0,1
139,IVFFLAT_HYBRID,"[0.00,0.05)",10.426125,1.0,1
139,SQL_FIRST,"[0.00,0.05)",10.302625,1.0,2
139,VECTOR_FIRST_HNSW,"[0.00,0.05)",23.129959,0.3,2
139,HNSW_HYBRID,"[0.00,0.05)",10.782458,1.0,2
139,IVFFLAT_HYBRID,"[0.00,0.05)",10.381125,1.0,2
139,SQL_FIRST,"[0.00,0.05)",10.264042,1.0,3
139,VECTOR_FIRST_HNSW,"[0.00,0.05)",22.94325,0.3,3
139,HNSW_HYBRID,"[0.00,0.05)",10.850292,1.0,3
139,IVFFLAT_HYBRID,"[0.00,0.05)",11.376167,1.0,3
139,SQL_FIRST,"[0.00,0.05)",13.337416,1.0,4
139,VECTOR_FIRST_HNSW,"[0.00,0.05)",23.736291,0.3,4
139,HNSW_HYBRID,"[0.00,0.05)",10.933958,1.0,4
139,IVFFLAT_HYBRID,"[0.00,0.05)",10.91975,1.0,4
142,SQL_FIRST,"[0.00,0.05)",11.271084,1.0,0
142,VECTOR_FIRST_HNSW,"[0.00,0.05)",23.309958,0.6,0
142,HNSW_HYBRID,"[0.00,0.05)",11.547833,1.0,0
142,IVFFLAT_HYBRID,"[0.00,0.05)",11.513625,1.0,0
142,SQL_FIRST,"[0.00,0.05)",11.157125,1.0,1
142,VECTOR_FIRST_HNSW,"[0.00,0.05)",23.611333,0.6,1
142,HNSW_HYBRID,"[0.00,0.05)",11.511125,1.0,1
142,IVFFLAT_HYBRID,"[0.00,0.05)",11.145209,1.0,1
142,SQL_FIRST,"[0.00,0.05)",11.260417,1.0,2
142,VECTOR_FIRST_HNSW,"[0.00,0.05)",22.929125,0.6,2
142,HNSW_HYBRID,"[0.00,0.05)",11.799208,1.0,2
142,IVFFLAT_HYBRID,"[0.00,0.05)",11.692917,1.0,2
142,SQL_FIRST,"[0.00,0.05)",11.779,1.0,3
142,VECTOR_FIRST_HNSW,"[0.00,0.05)",23.138291,0.6,3
142,HNSW_HYBRID,"[0.00,0.05)",12.240292,1.0,3
142,IVFFLAT_HYBRID,"[0.00,0.05)",11.717917,1.0,3
142,SQL_FIRST,"[0.00,0.05)",11.588333,1.0,4
142,VECTOR_FIRST_HNSW,"[0.00,0.05)",23.0305,0.6,4
142,HNSW_HYBRID,"[0.00,0.05)",11.642042,1.0,4
142,IVFFLAT_HYBRID,"[0.00,0.05)",11.611375,1.0,4
146,SQL_FIRST,"[0.00,0.05)",8.761125,1.0,0
146,VECTOR_FIRST_HNSW,"[0.00,0.05)",23.561625,0.2,0
146,HNSW_HYBRID,"[0.00,0.05)",8.930958,1.0,0
146,IVFFLAT_HYBRID,"[0.00,0.05)",8.948292,1.0,0
146,SQL_FIRST,"[0.00,0.05)",8.577917,1.0,1
146,VECTOR_FIRST_HNSW,"[0.00,0.05)",24.706916,0.2,1
146,HNSW_HYBRID,"[0.00,0.05)",8.711834,1.0,1
146,IVFFLAT_HYBRID,"[0.00,0.05)",8.409291,1.0,1
146,SQL_FIRST,"[0.00,0.05)",8.419291,1.0,2
146,VECTOR_FIRST_HNSW,"[0.00,0.05)",23.127708,0.2,2
146,HNSW_HYBRID,"[0.00,0.05)",8.75125,1.0,2
146,IVFFLAT_HYBRID,"[0.00,0.05)",8.531584,1.0,2
146,SQL_FIRST,"[0.00,0.05)",8.991792,1.0,3
146,VECTOR_FIRST_HNSW,"[0.00,0.05)",23.397375,0.2,3
146,HNSW_HYBRID,"[0.00,0.05)",8.720292,1.0,3
146,IVFFLAT_HYBRID,"[0.00,0.05)",8.22575,1.0,3
146,SQL_FIRST,"[0.00,0.05)",7.987291,1.0,4
146,VECTOR_FIRST_HNSW,"[0.00,0.05)",22.8555,0.2,4
146,HNSW_HYBRID,"[0.00,0.05)",8.604041,1.0,4
146,IVFFLAT_HYBRID,"[0.00,0.05)",7.9415,1.0,4
149,SQL_FIRST,"[0.00,0.05)",8.668375,1.0,0
149,VECTOR_FIRST_HNSW,"[0.00,0.05)",22.907875,0.5,0
149,HNSW_HYBRID,"[0.00,0.05)",9.131708,1.0,0
149,IVFFLAT_HYBRID,"[0.00,0.05)",8.668416,1.0,0
149,SQL_FIRST,"[0.00,0.05)",8.331834,1.0,1
149,VECTOR_FIRST_HNSW,"[0.00,0.05)",22.926708,0.5,1
149,HNSW_HYBRID,"[0.00,0.05)",9.139042,1.0,1
149,IVFFLAT_HYBRID,"[0.00,0.05)",9.147875,1.0,1
149,SQL_FIRST,"[0.00,0.05)",8.644959,1.0,2
149,VECTOR_FIRST_HNSW,"[0.00,0.05)",23.051334,0.5,2
149,HNSW_HYBRID,"[0.00,0.05)",9.085666,1.0,2
149,IVFFLAT_HYBRID,"[0.00,0.05)",8.6265,1.0,2
149,SQL_FIRST,"[0.00,0.05)",8.44375,1.0,3
149,VECTOR_FIRST_HNSW,"[0.00,0.05)",22.825917,0.5,3
149,HNSW_HYBRID,"[0.00,0.05)",9.125,1.0,3
149,IVFFLAT_HYBRID,"[0.00,0.05)",9.4075,1.0,3
149,SQL_FIRST,"[0.00,0.05)",8.8005,1.0,4
149,VECTOR_FIRST_HNSW,"[0.00,0.05)",22.995041,0.5,4
149,HNSW_HYBRID,"[0.00,0.05)",8.955333,1.0,4
149,IVFFLAT_HYBRID,"[0.00,0.05)",8.616125,1.0,4
150,SQL_FIRST,"[0.00,0.05)",4.718417,1.0,0
150,VECTOR_FIRST_HNSW,"[0.00,0.05)",24.005792,0.1,0
150,HNSW_HYBRID,"[0.00,0.05)",5.196541,1.0,0
150,IVFFLAT_HYBRID,"[0.00,0.05)",4.676292,1.0,0
150,SQL_FIRST,"[0.00,0.05)",4.563292,1.0,1
150,VECTOR_FIRST_HNSW,"[0.00,0.05)",22.923042,0.1,1
150,HNSW_HYBRID,"[0.00,0.05)",5.38125,1.0,1
150,IVFFLAT_HYBRID,"[0.00,0.05)",4.825958,1.0,1
150,SQL_FIRST,"[0.00,0.05)",4.85325,1.0,2
150,VECTOR_FIRST_HNSW,"[0.00,0.05)",22.970667,0.1,2
150,HNSW_HYBRID,"[0.00,0.05)",5.141667,1.0,2
150,IVFFLAT_HYBRID,"[0.00,0.05)",4.692375,1.0,2
150,SQL_FIRST,"[0.00,0.05)",4.702166,1.0,3
150,VECTOR_FIRST_HNSW,"[0.00,0.05)",23.0095,0.1,3
150,HNSW_HYBRID,"[0.00,0.05)",5.252417,1.0,3
150,IVFFLAT_HYBRID,"[0.00,0.05)",4.682916,1.0,3
150,SQL_FIRST,"[0.00,0.05)",4.680083,1.0,4
150,VECTOR_FIRST_HNSW,"[0.00,0.05)",22.91075,0.1,4
150,HNSW_HYBRID,"[0.00,0.05)",5.160333,1.0,4
150,IVFFLAT_HYBRID,"[0.00,0.05)",4.620041,1.0,4
151,SQL_FIRST,"[0.00,0.05)",9.310958,1.0,0
151,VECTOR_FIRST_HNSW,"[0.00,0.05)",23.105709,0.5,0
151,HNSW_HYBRID,"[0.00,0.05)",9.708417,1.0,0
151,IVFFLAT_HYBRID,"[0.00,0.05)",9.768584,1.0,0
151,SQL_FIRST,"[0.00,0.05)",9.310083,1.0,1
151,VECTOR_FIRST_HNSW,"[0.00,0.05)",23.073458,0.5,1
151,HNSW_HYBRID,"[0.00,0.05)",9.764625,1.0,1
151,IVFFLAT_HYBRID,"[0.00,0.05)",9.289833,1.0,1
151,SQL_FIRST,"[0.00,0.05)",9.403958,1.0,2
151,VECTOR_FIRST_HNSW,"[0.00,0.05)",23.083917,0.5,2
151,HNSW_HYBRID,"[0.00,0.05)",9.734125,1.0,2
151,IVFFLAT_HYBRID,"[0.00,0.05)",9.992708,1.0,2
151,SQL_FIRST,"[0.00,0.05)",9.448917,1.0,3
151,VECTOR_FIRST_HNSW,"[0.00,0.05)",23.653541,0.5,3
151,HNSW_HYBRID,"[0.00,0.05)",9.792042,1.0,3
151,IVFFLAT_HYBRID,"[0.00,0.05)",9.429916,1.0,3
151,SQL_FIRST,"[0.00,0.05)",9.74775,1.0,4
151,VECTOR_FIRST_HNSW,"[0.00,0.05)",23.059958,0.5,4
151,HNSW_HYBRID,"[0.00,0.05)",9.664875,1.0,4
151,IVFFLAT_HYBRID,"[0.00,0.05)",9.946208,1.0,4
153,SQL_FIRST,"[0.00,0.05)",7.265833,1.0,0
153,VECTOR_FIRST_HNSW,"[0.00,0.05)",22.97275,0.3,0
153,HNSW_HYBRID,"[0.00,0.05)",7.99675,1.0,0
153,IVFFLAT_HYBRID,"[0.00,0.05)",7.38725,1.0,0
153,SQL_FIRST,"[0.00,0.05)",7.494041,1.0,1
153,VECTOR_FIRST_HNSW,"[0.00,0.05)",24.120417,0.3,1
153,HNSW_HYBRID,"[0.00,0.05)",8.839792,1.0,1
153,IVFFLAT_HYBRID,"[0.00,0.05)",8.427917,1.0,1
153,SQL_FIRST,"[0.00,0.05)",8.538625,1.0,2
153,VECTOR_FIRST_HNSW,"[0.00,0.05)",23.814583,0.3,2
153,HNSW_HYBRID,"[0.00,0.05)",8.090375,1.0,2
153,IVFFLAT_HYBRID,"[0.00,0.05)",7.350083,1.0,2
153,SQL_FIRST,"[0.00,0.05)",7.451875,1.0,3
153,VECTOR_FIRST_HNSW,"[0.00,0.05)",22.898375,0.3,3
153,HNSW_HYBRID,"[0.00,0.05)",8.059125,1.0,3
153,IVFFLAT_HYBRID,"[0.00,0.05)",7.438791,1.0,3
153,SQL_FIRST,"[0.00,0.05)",7.412542,1.0,4
153,VECTOR_FIRST_HNSW,"[0.00,0.05)",22.987584,0.3,4
153,HNSW_HYBRID,"[0.00,0.05)",7.971125,1.0,4
153,IVFFLAT_HYBRID,"[0.00,0.05)",7.225583,1.0,4
154,SQL_FIRST,"[0.00,0.05)",8.867958,1.0,0
154,VECTOR_FIRST_HNSW,"[0.00,0.05)",22.996333,0.3,0
154,HNSW_HYBRID,"[0.00,0.05)",9.501125,1.0,0
154,IVFFLAT_HYBRID,"[0.00,0.05)",9.160417,1.0,0
154,SQL_FIRST,"[0.00,0.05)",8.978667,1.0,1
154,VECTOR_FIRST_HNSW,"[0.00,0.05)",22.854875,0.3,1
154,HNSW_HYBRID,"[0.00,0.05)",9.537792,1.0,1
154,IVFFLAT_HYBRID,"[0.00,0.05)",8.889708,1.0,1
154,SQL_FIRST,"[0.00,0.05)",9.125625,1.0,2
154,VECTOR_FIRST_HNSW,"[0.00,0.05)",23.307458,0.3,2
154,HNSW_HYBRID,"[0.00,0.05)",9.190667,1.0,2
154,IVFFLAT_HYBRID,"[0.00,0.05)",9.270584,1.0,2
154,SQL_FIRST,"[0.00,0.05)",9.067708,1.0,3
154,VECTOR_FIRST_HNSW,"[0.00,0.05)",23.477541,0.3,3
154,HNSW_HYBRID,"[0.00,0.05)",9.829666,1.0,3
154,IVFFLAT_HYBRID,"[0.00,0.05)",9.431333,1.0,3
154,SQL_FIRST,"[0.00,0.05)",9.358375,1.0,4
154,VECTOR_FIRST_HNSW,"[0.00,0.05)",23.148167,0.3,4
154,HNSW_HYBRID,"[0.00,0.05)",9.804667,1.0,4
154,IVFFLAT_HYBRID,"[0.00,0.05)",9.064917,1.0,4
155,SQL_FIRST,"[0.00,0.05)",7.6325,1.0,0
155,VECTOR_FIRST_HNSW,"[0.00,0.05)",23.014333,0.1,0
155,HNSW_HYBRID,"[0.00,0.05)",8.202125,1.0,0
155,IVFFLAT_HYBRID,"[0.00,0.05)",7.380625,1.0,0
155,SQL_FIRST,"[0.00,0.05)",7.392417,1.0,1
155,VECTOR_FIRST_HNSW,"[0.00,0.05)",23.08175,0.1,1
155,HNSW_HYBRID,"[0.00,0.05)",8.054458,1.0,1
155,IVFFLAT_HYBRID,"[0.00,0.05)",7.382541,1.0,1
155,SQL_FIRST,"[0.00,0.05)",7.136834,1.0,2
155,VECTOR_FIRST_HNSW,"[0.00,0.05)",22.903125,0.1,2
155,HNSW_HYBRID,"[0.00,0.05)",8.013917,1.0,2
155,IVFFLAT_HYBRID,"[0.00,0.05)",7.545417,1.0,2
155,SQL_FIRST,"[0.00,0.05)",7.26825,1.0,3
155,VECTOR_FIRST_HNSW,"[0.00,0.05)",22.914833,0.1,3
155,HNSW_HYBRID,"[0.00,0.05)",8.225833,1.0,3
155,IVFFLAT_HYBRID,"[0.00,0.05)",7.428166,1.0,3
155,SQL_FIRST,"[0.00,0.05)",7.223333,1.0,4
155,VECTOR_FIRST_HNSW,"[0.00,0.05)",22.91975,0.1,4
155,HNSW_HYBRID,"[0.00,0.05)",8.294083,1.0,4
155,IVFFLAT_HYBRID,"[0.00,0.05)",7.95425,1.0,4
156,SQL_FIRST,"[0.00,0.05)",1.284584,1.0,0
156,VECTOR_FIRST_HNSW,"[0.00,0.05)",22.785334,0.0,0
156,HNSW_HYBRID,"[0.00,0.05)",1.599875,1.0,0
156,IVFFLAT_HYBRID,"[0.00,0.05)",1.322083,1.0,0
156,SQL_FIRST,"[0.00,0.05)",1.30925,1.0,1
156,VECTOR_FIRST_HNSW,"[0.00,0.05)",23.285708,0.0,1
156,HNSW_HYBRID,"[0.00,0.05)",1.585958,1.0,1
156,IVFFLAT_HYBRID,"[0.00,0.05)",1.367708,1.0,1
156,SQL_FIRST,"[0.00,0.05)",1.263709,1.0,2
156,VECTOR_FIRST_HNSW,"[0.00,0.05)",23.292916,0.0,2
156,HNSW_HYBRID,"[0.00,0.05)",1.581333,1.0,2
156,IVFFLAT_HYBRID,"[0.00,0.05)",1.307292,1.0,2
156,SQL_FIRST,"[0.00,0.05)",1.281041,1.0,3
156,VECTOR_FIRST_HNSW,"[0.00,0.05)",22.906875,0.0,3
156,HNSW_HYBRID,"[0.00,0.05)",1.610375,1.0,3
156,IVFFLAT_HYBRID,"[0.00,0.05)",1.342375,1.0,3
156,SQL_FIRST,"[0.00,0.05)",1.331,1.0,4
156,VECTOR_FIRST_HNSW,"[0.00,0.05)",22.967417,0.0,4
156,HNSW_HYBRID,"[0.00,0.05)",1.666583,1.0,4
156,IVFFLAT_HYBRID,"[0.00,0.05)",1.784458,1.0,4
157,SQL_FIRST,"[0.00,0.05)",9.534458,1.0,0
157,VECTOR_FIRST_HNSW,"[0.00,0.05)",22.915,0.3,0
157,HNSW_HYBRID,"[0.00,0.05)",9.857417,1.0,0
157,IVFFLAT_HYBRID,"[0.00,0.05)",9.151209,1.0,0
157,SQL_FIRST,"[0.00,0.05)",9.698667,1.0,1
157,VECTOR_FIRST_HNSW,"[0.00,0.05)",22.860583,0.3,1
157,HNSW_HYBRID,"[0.00,0.05)",9.58175,1.0,1
157,IVFFLAT_HYBRID,"[0.00,0.05)",9.169959,1.0,1
157,SQL_FIRST,"[0.00,0.05)",9.404291,1.0,2
157,VECTOR_FIRST_HNSW,"[0.00,0.05)",22.916833,0.3,2
157,HNSW_HYBRID,"[0.00,0.05)",9.620208,1.0,2
157,IVFFLAT_HYBRID,"[0.00,0.05)",9.233042,1.0,2
157,SQL_FIRST,"[0.00,0.05)",8.871791,1.0,3
157,VECTOR_FIRST_HNSW,"[0.00,0.05)",23.030541,0.3,3
157,HNSW_HYBRID,"[0.00,0.05)",9.64,1.0,3
157,IVFFLAT_HYBRID,"[0.00,0.05)",9.539208,1.0,3
157,SQL_FIRST,"[0.00,0.05)",9.233083,1.0,4
157,VECTOR_FIRST_HNSW,"[0.00,0.05)",23.001,0.3,4
157,HNSW_HYBRID,"[0.00,0.05)",9.578625,1.0,4
157,IVFFLAT_HYBRID,"[0.00,0.05)",9.328542,1.0,4
161,SQL_FIRST,"[0.00,0.05)",9.0465,1.0,0
161,VECTOR_FIRST_HNSW,"[0.00,0.05)",23.187041,0.3,0
161,HNSW_HYBRID,"[0.00,0.05)",9.596709,1.0,0
161,IVFFLAT_HYBRID,"[0.00,0.05)",8.835792,1.0,0
161,SQL_FIRST,"[0.00,0.05)",8.923583,1.0,1
161,VECTOR_FIRST_HNSW,"[0.00,0.05)",26.149541,0.3,1
161,HNSW_HYBRID,"[0.00,0.05)",9.453291,1.0,1
161,IVFFLAT_HYBRID,"[0.00,0.05)",9.077875,1.0,1
161,SQL_FIRST,"[0.00,0.05)",8.832666,1.0,2
161,VECTOR_FIRST_HNSW,"[0.00,0.05)",22.966,0.3,2
161,HNSW_HYBRID,"[0.00,0.05)",9.553708,1.0,2
161,IVFFLAT_HYBRID,"[0.00,0.05)",9.689166,1.0,2
161,SQL_FIRST,"[0.00,0.05)",9.76475,1.0,3
161,VECTOR_FIRST_HNSW,"[0.00,0.05)",24.483625,0.3,3
161,HNSW_HYBRID,"[0.00,0.05)",9.657875,1.0,3
161,IVFFLAT_HYBRID,"[0.00,0.05)",9.046292,1.0,3
161,SQL_FIRST,"[0.00,0.05)",9.437833,1.0,4
161,VECTOR_FIRST_HNSW,"[0.00,0.05)",23.474875,0.3,4
161,HNSW_HYBRID,"[0.00,0.05)",9.694834,1.0,4
161,IVFFLAT_HYBRID,"[0.00,0.05)",9.323417,1.0,4
162,SQL_FIRST,"[0.00,0.05)",9.035083,1.0,0
162,VECTOR_FIRST_HNSW,"[0.00,0.05)",23.039167,0.9,0
162,HNSW_HYBRID,"[0.00,0.05)",9.365541,1.0,0
162,IVFFLAT_HYBRID,"[0.00,0.05)",8.882042,1.0,0
162,SQL_FIRST,"[0.00,0.05)",8.490625,1.0,1
162,VECTOR_FIRST_HNSW,"[0.00,0.05)",22.911833,0.9,1
162,HNSW_HYBRID,"[0.00,0.05)",9.483458,1.0,1
162,IVFFLAT_HYBRID,"[0.00,0.05)",9.341792,1.0,1
162,SQL_FIRST,"[0.00,0.05)",8.937959,1.0,2
162,VECTOR_FIRST_HNSW,"[0.00,0.05)",22.958375,0.9,2
162,HNSW_HYBRID,"[0.00,0.05)",9.119208,1.0,2
162,IVFFLAT_HYBRID,"[0.00,0.05)",9.021708,1.0,2
162,SQL_FIRST,"[0.00,0.05)",9.166334,1.0,3
162,VECTOR_FIRST_HNSW,"[0.00,0.05)",22.959042,0.9,3
162,HNSW_HYBRID,"[0.00,0.05)",9.2485,1.0,3
162,IVFFLAT_HYBRID,"[0.00,0.05)",9.06625,1.0,3
162,SQL_FIRST,"[0.00,0.05)",9.037,1.0,4
162,VECTOR_FIRST_HNSW,"[0.00,0.05)",22.993417,0.9,4
162,HNSW_HYBRID,"[0.00,0.05)",9.428958,1.0,4
162,IVFFLAT_HYBRID,"[0.00,0.05)",8.56975,1.0,4
164,SQL_FIRST,"[0.00,0.05)",9.064417,1.0,0
164,VECTOR_FIRST_HNSW,"[0.00,0.05)",23.009792,1.0,0
164,HNSW_HYBRID,"[0.00,0.05)",9.567375,1.0,0
164,IVFFLAT_HYBRID,"[0.00,0.05)",9.9395,1.0,0
164,SQL_FIRST,"[0.00,0.05)",9.932333,1.0,1
164,VECTOR_FIRST_HNSW,"[0.00,0.05)",23.2115,1.0,1
164,HNSW_HYBRID,"[0.00,0.05)",9.6295,1.0,1
164,IVFFLAT_HYBRID,"[0.00,0.05)",9.310125,1.0,1
164,SQL_FIRST,"[0.00,0.05)",9.332083,1.0,2
164,VECTOR_FIRST_HNSW,"[0.00,0.05)",22.941792,1.0,2
164,HNSW_HYBRID,"[0.00,0.05)",9.488458,1.0,2
164,IVFFLAT_HYBRID,"[0.00,0.05)",9.68075,1.0,2
164,SQL_FIRST,"[0.00,0.05)",9.3325,1.0,3
164,VECTOR_FIRST_HNSW,"[0.00,0.05)",23.172416,1.0,3
164,HNSW_HYBRID,"[0.00,0.05)",9.647208,1.0,3
164,IVFFLAT_HYBRID,"[0.00,0.05)",8.853625,1.0,3
164,SQL_FIRST,"[0.00,0.05)",9.47075,1.0,4
164,VECTOR_FIRST_HNSW,"[0.00,0.05)",23.050334,1.0,4
164,HNSW_HYBRID,"[0.00,0.05)",9.838541,1.0,4
164,IVFFLAT_HYBRID,"[0.00,0.05)",9.1885,1.0,4
165,SQL_FIRST,"[0.00,0.05)",10.486333,1.0,0
165,VECTOR_FIRST_HNSW,"[0.00,0.05)",22.930042,0.2,0
165,HNSW_HYBRID,"[0.00,0.05)",11.139375,1.0,0
165,IVFFLAT_HYBRID,"[0.00,0.05)",10.464125,1.0,0
165,SQL_FIRST,"[0.00,0.05)",10.5915,1.0,1
165,VECTOR_FIRST_HNSW,"[0.00,0.05)",22.730333,0.2,1
165,HNSW_HYBRID,"[0.00,0.05)",10.8935,1.0,1
165,IVFFLAT_HYBRID,"[0.00,0.05)",10.595625,1.0,1
165,SQL_FIRST,"[0.00,0.05)",10.468041,1.0,2
165,VECTOR_FIRST_HNSW,"[0.00,0.05)",22.866541,0.2,2
165,HNSW_HYBRID,"[0.00,0.05)",10.891375,1.0,2
165,IVFFLAT_HYBRID,"[0.00,0.05)",10.591833,1.0,2
165,SQL_FIRST,"[0.00,0.05)",10.498709,1.0,3
165,VECTOR_FIRST_HNSW,"[0.00,0.05)",23.781667,0.2,3
165,HNSW_HYBRID,"[0.00,0.05)",10.831334,1.0,3
165,IVFFLAT_HYBRID,"[0.00,0.05)",10.554875,1.0,3
165,SQL_FIRST,"[0.00,0.05)",10.709291,1.0,4
165,VECTOR_FIRST_HNSW,"[0.00,0.05)",23.619375,0.2,4
165,HNSW_HYBRID,"[0.00,0.05)",11.190708,1.0,4
165,IVFFLAT_HYBRID,"[0.00,0.05)",10.849584,1.0,4
167,SQL_FIRST,"[0.00,0.05)",9.955916,1.0,0
167,VECTOR_FIRST_HNSW,"[0.00,0.05)",23.541667,0.4,0
167,HNSW_HYBRID,"[0.00,0.05)",10.790833,1.0,0
167,IVFFLAT_HYBRID,"[0.00,0.05)",10.902,1.0,0
167,SQL_FIRST,"[0.00,0.05)",10.416667,1.0,1
167,VECTOR_FIRST_HNSW,"[0.00,0.05)",22.923708,0.4,1
167,HNSW_HYBRID,"[0.00,0.05)",10.77575,1.0,1
167,IVFFLAT_HYBRID,"[0.00,0.05)",10.228708,1.0,1
167,SQL_FIRST,"[0.00,0.05)",10.266791,1.0,2
167,VECTOR_FIRST_HNSW,"[0.00,0.05)",22.859167,0.4,2
167,HNSW_HYBRID,"[0.00,0.05)",10.769167,1.0,2
167,IVFFLAT_HYBRID,"[0.00,0.05)",10.154417,1.0,2
167,SQL_FIRST,"[0.00,0.05)",10.107334,1.0,3
167,VECTOR_FIRST_HNSW,"[0.00,0.05)",23.005041,0.4,3
167,HNSW_HYBRID,"[0.00,0.05)",10.58925,1.0,3
167,IVFFLAT_HYBRID,"[0.00,0.05)",10.363667,1.0,3
167,SQL_FIRST,"[0.00,0.05)",10.395417,1.0,4
167,VECTOR_FIRST_HNSW,"[0.00,0.05)",22.953083,0.4,4
167,HNSW_HYBRID,"[0.00,0.05)",10.685583,1.0,4
167,IVFFLAT_HYBRID,"[0.00,0.05)",9.944042,1.0,4
169,SQL_FIRST,"[0.00,0.05)",7.9185,1.0,0
169,VECTOR_FIRST_HNSW,"[0.00,0.05)",22.995167,0.1,0
169,HNSW_HYBRID,"[0.00,0.05)",8.743167,1.0,0
169,IVFFLAT_HYBRID,"[0.00,0.05)",7.977042,1.0,0
169,SQL_FIRST,"[0.00,0.05)",8.777375,1.0,1
169,VECTOR_FIRST_HNSW,"[0.00,0.05)",22.920542,0.1,1
169,HNSW_HYBRID,"[0.00,0.05)",8.60425,1.0,1
169,IVFFLAT_HYBRID,"[0.00,0.05)",8.027708,1.0,1
169,SQL_FIRST,"[0.00,0.05)",7.994042,1.0,2
169,VECTOR_FIRST_HNSW,"[0.00,0.05)",23.309042,0.1,2
169,HNSW_HYBRID,"[0.00,0.05)",8.792333,1.0,2
169,IVFFLAT_HYBRID,"[0.00,0.05)",8.030291,1.0,2
169,SQL_FIRST,"[0.00,0.05)",8.032583,1.0,3
169,VECTOR_FIRST_HNSW,"[0.00,0.05)",22.931833,0.1,3
169,HNSW_HYBRID,"[0.00,0.05)",8.702,1.0,3
169,IVFFLAT_HYBRID,"[0.00,0.05)",7.745042,1.0,3
169,SQL_FIRST,"[0.00,0.05)",7.879625,1.0,4
169,VECTOR_FIRST_HNSW,"[0.00,0.05)",22.851875,0.1,4
169,HNSW_HYBRID,"[0.00,0.05)",8.880709,1.0,4
169,IVFFLAT_HYBRID,"[0.00,0.05)",8.337375,1.0,4
170,SQL_FIRST,"[0.00,0.05)",9.675458,1.0,0
170,VECTOR_FIRST_HNSW,"[0.00,0.05)",23.016875,0.2,0
170,HNSW_HYBRID,"[0.00,0.05)",10.042792,1.0,0
170,IVFFLAT_HYBRID,"[0.00,0.05)",9.841708,1.0,0
170,SQL_FIRST,"[0.00,0.05)",9.542208,1.0,1
170,VECTOR_FIRST_HNSW,"[0.00,0.05)",22.966709,0.2,1
170,HNSW_HYBRID,"[0.00,0.05)",10.072083,1.0,1
170,IVFFLAT_HYBRID,"[0.00,0.05)",9.26725,1.0,1
170,SQL_FIRST,"[0.00,0.05)",9.859875,1.0,2
170,VECTOR_FIRST_HNSW,"[0.00,0.05)",22.956334,0.2,2
170,HNSW_HYBRID,"[0.00,0.05)",10.319625,1.0,2
170,IVFFLAT_HYBRID,"[0.00,0.05)",9.527041,1.0,2
170,SQL_FIRST,"[0.00,0.05)",9.455833,1.0,3
170,VECTOR_FIRST_HNSW,"[0.00,0.05)",22.823375,0.2,3
170,HNSW_HYBRID,"[0.00,0.05)",10.140292,1.0,3
170,IVFFLAT_HYBRID,"[0.00,0.05)",9.966709,1.0,3
170,SQL_FIRST,"[0.00,0.05)",9.517959,1.0,4
170,VECTOR_FIRST_HNSW,"[0.00,0.05)",22.911667,0.2,4
170,HNSW_HYBRID,"[0.00,0.05)",10.141291,1.0,4
170,IVFFLAT_HYBRID,"[0.00,0.05)",9.583666,1.0,4
171,SQL_FIRST,"[0.00,0.05)",7.678875,1.0,0
171,VECTOR_FIRST_HNSW,"[0.00,0.05)",23.445292,0.0,0
171,HNSW_HYBRID,"[0.00,0.05)",8.446,1.0,0
171,IVFFLAT_HYBRID,"[0.00,0.05)",9.241875,1.0,0
171,SQL_FIRST,"[0.00,0.05)",8.565125,1.0,1
171,VECTOR_FIRST_HNSW,"[0.00,0.05)",23.222541,0.0,1
171,HNSW_HYBRID,"[0.00,0.05)",8.290084,1.0,1
171,IVFFLAT_HYBRID,"[0.00,0.05)",7.788583,1.0,1
171,SQL_FIRST,"[0.00,0.05)",7.543833,1.0,2
171,VECTOR_FIRST_HNSW,"[0.00,0.05)",22.995833,0.0,2
171,HNSW_HYBRID,"[0.00,0.05)",8.484541,1.0,2
171,IVFFLAT_HYBRID,"[0.00,0.05)",7.897,1.0,2
171,SQL_FIRST,"[0.00,0.05)",8.051458,1.0,3
171,VECTOR_FIRST_HNSW,"[0.00,0.05)",22.970833,0.0,3
171,HNSW_HYBRID,"[0.00,0.05)",8.286458,1.0,3
171,IVFFLAT_HYBRID,"[0.00,0.05)",8.61025,1.0,3
171,SQL_FIRST,"[0.00,0.05)",7.765625,1.0,4
171,VECTOR_FIRST_HNSW,"[0.00,0.05)",23.108042,0.0,4
171,HNSW_HYBRID,"[0.00,0.05)",8.280958,1.0,4
171,IVFFLAT_HYBRID,"[0.00,0.05)",7.700667,1.0,4
173,SQL_FIRST,"[0.00,0.05)",9.092417,1.0,0
173,VECTOR_FIRST_HNSW,"[0.00,0.05)",22.978208,0.2,0
173,HNSW_HYBRID,"[0.00,0.05)",9.816541,1.0,0
173,IVFFLAT_HYBRID,"[0.00,0.05)",9.112542,1.0,0
173,SQL_FIRST,"[0.00,0.05)",9.48075,1.0,1
173,VECTOR_FIRST_HNSW,"[0.00,0.05)",22.867083,0.2,1
173,HNSW_HYBRID,"[0.00,0.05)",9.951291,1.0,1
173,IVFFLAT_HYBRID,"[0.00,0.05)",9.216708,1.0,1
173,SQL_FIRST,"[0.00,0.05)",9.142958,1.0,2
173,VECTOR_FIRST_HNSW,"[0.00,0.05)",22.911875,0.2,2
173,HNSW_HYBRID,"[0.00,0.05)",9.6115,1.0,2
173,IVFFLAT_HYBRID,"[0.00,0.05)",8.863375,1.0,2
173,SQL_FIRST,"[0.00,0.05)",9.233584,1.0,3
173,VECTOR_FIRST_HNSW,"[0.00,0.05)",23.545917,0.2,3
173,HNSW_HYBRID,"[0.00,0.05)",9.838833,1.0,3
173,IVFFLAT_HYBRID,"[0.00,0.05)",9.761625,1.0,3
173,SQL_FIRST,"[0.00,0.05)",9.00425,1.0,4
173,VECTOR_FIRST_HNSW,"[0.00,0.05)",23.042583,0.2,4
173,HNSW_HYBRID,"[0.00,0.05)",10.006209,1.0,4
173,IVFFLAT_HYBRID,"[0.00,0.05)",9.803209,1.0,4
175,SQL_FIRST,"[0.00,0.05)",9.177208,1.0,0
175,VECTOR_FIRST_HNSW,"[0.00,0.05)",22.893541,0.3,0
175,HNSW_HYBRID,"[0.00,0.05)",9.452958,1.0,0
175,IVFFLAT_HYBRID,"[0.00,0.05)",8.708041,1.0,0
175,SQL_FIRST,"[0.00,0.05)",8.679792,1.0,1
175,VECTOR_FIRST_HNSW,"[0.00,0.05)",22.880625,0.3,1
175,HNSW_HYBRID,"[0.00,0.05)",9.369917,1.0,1
175,IVFFLAT_HYBRID,"[0.00,0.05)",8.657042,1.0,1
175,SQL_FIRST,"[0.00,0.05)",9.215583,1.0,2
175,VECTOR_FIRST_HNSW,"[0.00,0.05)",23.05425,0.3,2
175,HNSW_HYBRID,"[0.00,0.05)",9.493834,1.0,2
175,IVFFLAT_HYBRID,"[0.00,0.05)",8.80875,1.0,2
175,SQL_FIRST,"[0.00,0.05)",8.576334,1.0,3
175,VECTOR_FIRST_HNSW,"[0.00,0.05)",22.894417,0.3,3
175,HNSW_HYBRID,"[0.00,0.05)",9.406167,1.0,3
175,IVFFLAT_HYBRID,"[0.00,0.05)",8.886625,1.0,3
175,SQL_FIRST,"[0.00,0.05)",8.784209,1.0,4
175,VECTOR_FIRST_HNSW,"[0.00,0.05)",23.2825,0.3,4
175,HNSW_HYBRID,"[0.00,0.05)",9.413916,1.0,4
175,IVFFLAT_HYBRID,"[0.00,0.05)",8.634625,1.0,4
178,SQL_FIRST,"[0.00,0.05)",9.70125,1.0,0
178,VECTOR_FIRST_HNSW,"[0.00,0.05)",22.984375,0.5,0
178,HNSW_HYBRID,"[0.00,0.05)",10.025333,1.0,0
178,IVFFLAT_HYBRID,"[0.00,0.05)",9.324042,1.0,0
178,SQL_FIRST,"[0.00,0.05)",9.814167,1.0,1
178,VECTOR_FIRST_HNSW,"[0.00,0.05)",23.2405,0.5,1
178,HNSW_HYBRID,"[0.00,0.05)",10.515375,1.0,1
178,IVFFLAT_HYBRID,"[0.00,0.05)",9.792709,1.0,1
178,SQL_FIRST,"[0.00,0.05)",9.450875,1.0,2
178,VECTOR_FIRST_HNSW,"[0.00,0.05)",23.251959,0.5,2
178,HNSW_HYBRID,"[0.00,0.05)",10.286542,1.0,2
178,IVFFLAT_HYBRID,"[0.00,0.05)",10.342334,1.0,2
178,SQL_FIRST,"[0.00,0.05)",10.244833,1.0,3
178,VECTOR_FIRST_HNSW,"[0.00,0.05)",23.211625,0.5,3
178,HNSW_HYBRID,"[0.00,0.05)",10.366542,1.0,3
178,IVFFLAT_HYBRID,"[0.00,0.05)",9.566916,1.0,3
178,SQL_FIRST,"[0.00,0.05)",10.0515,1.0,4
178,VECTOR_FIRST_HNSW,"[0.00,0.05)",22.883292,0.5,4
178,HNSW_HYBRID,"[0.00,0.05)",10.691375,1.0,4
178,IVFFLAT_HYBRID,"[0.00,0.05)",10.278083,1.0,4
179,SQL_FIRST,"[0.00,0.05)",10.583208,1.0,0
179,VECTOR_FIRST_HNSW,"[0.00,0.05)",22.894,0.2,0
179,HNSW_HYBRID,"[0.00,0.05)",10.794834,1.0,0
179,IVFFLAT_HYBRID,"[0.00,0.05)",10.267667,1.0,0
179,SQL_FIRST,"[0.00,0.05)",10.669167,1.0,1
179,VECTOR_FIRST_HNSW,"[0.00,0.05)",22.898,0.2,1
179,HNSW_HYBRID,"[0.00,0.05)",10.894,1.0,1
179,IVFFLAT_HYBRID,"[0.00,0.05)",10.388792,1.0,1
179,SQL_FIRST,"[0.00,0.05)",10.0735,1.0,2
179,VECTOR_FIRST_HNSW,"[0.00,0.05)",23.019084,0.2,2
179,HNSW_HYBRID,"[0.00,0.05)",10.898291,1.0,2
179,IVFFLAT_HYBRID,"[0.00,0.05)",10.481667,1.0,2
179,SQL_FIRST,"[0.00,0.05)",10.426875,1.0,3
179,VECTOR_FIRST_HNSW,"[0.00,0.05)",23.30975,0.2,3
179,HNSW_HYBRID,"[0.00,0.05)",11.132416,1.0,3
179,IVFFLAT_HYBRID,"[0.00,0.05)",11.149041,1.0,3
179,SQL_FIRST,"[0.00,0.05)",10.4495,1.0,4
179,VECTOR_FIRST_HNSW,"[0.00,0.05)",23.007333,0.2,4
179,HNSW_HYBRID,"[0.00,0.05)",10.878916,1.0,4
179,IVFFLAT_HYBRID,"[0.00,0.05)",10.985542,1.0,4
182,SQL_FIRST,"[0.00,0.05)",6.373542,1.0,0
182,VECTOR_FIRST_HNSW,"[0.00,0.05)",22.979208,0.1,0
182,HNSW_HYBRID,"[0.00,0.05)",7.434334,1.0,0
182,IVFFLAT_HYBRID,"[0.00,0.05)",6.677583,1.0,0
182,SQL_FIRST,"[0.00,0.05)",7.092792,1.0,1
182,VECTOR_FIRST_HNSW,"[0.00,0.05)",24.655583,0.1,1
182,HNSW_HYBRID,"[0.00,0.05)",7.191542,1.0,1
182,IVFFLAT_HYBRID,"[0.00,0.05)",6.35425,1.0,1
182,SQL_FIRST,"[0.00,0.05)",6.529083,1.0,2
182,VECTOR_FIRST_HNSW,"[0.00,0.05)",23.101709,0.1,2
182,HNSW_HYBRID,"[0.00,0.05)",7.007667,1.0,2
182,IVFFLAT_HYBRID,"[0.00,0.05)",6.48425,1.0,2
182,SQL_FIRST,"[0.00,0.05)",6.334583,1.0,3
182,VECTOR_FIRST_HNSW,"[0.00,0.05)",23.426625,0.1,3
182,HNSW_HYBRID,"[0.00,0.05)",7.011,1.0,3
182,IVFFLAT_HYBRID,"[0.00,0.05)",6.422292,1.0,3
182,SQL_FIRST,"[0.00,0.05)",6.313625,1.0,4
182,VECTOR_FIRST_HNSW,"[0.00,0.05)",22.94575,0.1,4
182,HNSW_HYBRID,"[0.00,0.05)",7.178875,1.0,4
182,IVFFLAT_HYBRID,"[0.00,0.05)",6.3895,1.0,4
183,SQL_FIRST,"[0.00,0.05)",9.288166,1.0,0
183,VECTOR_FIRST_HNSW,"[0.00,0.05)",22.985875,0.4,0
183,HNSW_HYBRID,"[0.00,0.05)",9.616625,1.0,0
183,IVFFLAT_HYBRID,"[0.00,0.05)",9.538708,1.0,0
183,SQL_FIRST,"[0.00,0.05)",9.220958,1.0,1
183,VECTOR_FIRST_HNSW,"[0.00,0.05)",22.987,0.4,1
183,HNSW_HYBRID,"[0.00,0.05)",9.605625,1.0,1
183,IVFFLAT_HYBRID,"[0.00,0.05)",9.094458,1.0,1
183,SQL_FIRST,"[0.00,0.05)",8.995667,1.0,2
183,VECTOR_FIRST_HNSW,"[0.00,0.05)",22.986042,0.4,2
183,HNSW_HYBRID,"[0.00,0.05)",9.695792,1.0,2
183,IVFFLAT_HYBRID,"[0.00,0.05)",9.230125,1.0,2
183,SQL_FIRST,"[0.00,0.05)",9.156167,1.0,3
183,VECTOR_FIRST_HNSW,"[0.00,0.05)",22.827667,0.4,3
183,HNSW_HYBRID,"[0.00,0.05)",9.988042,1.0,3
183,IVFFLAT_HYBRID,"[0.00,0.05)",9.702209,1.0,3
183,SQL_FIRST,"[0.00,0.05)",9.888917,1.0,4
183,VECTOR_FIRST_HNSW,"[0.00,0.05)",23.094083,0.4,4
183,HNSW_HYBRID,"[0.00,0.05)",9.654084,1.0,4
183,IVFFLAT_HYBRID,"[0.00,0.05)",9.379625,1.0,4
186,SQL_FIRST,"[0.00,0.05)",9.173541,1.0,0
186,VECTOR_FIRST_HNSW,"[0.00,0.05)",23.125125,0.5,0
186,HNSW_HYBRID,"[0.00,0.05)",9.527709,1.0,0
186,IVFFLAT_HYBRID,"[0.00,0.05)",8.763292,1.0,0
186,SQL_FIRST,"[0.00,0.05)",9.469208,1.0,1
186,VECTOR_FIRST_HNSW,"[0.00,0.05)",23.877834,0.5,1
186,HNSW_HYBRID,"[0.00,0.05)",9.942959,1.0,1
186,IVFFLAT_HYBRID,"[0.00,0.05)",9.115042,1.0,1
186,SQL_FIRST,"[0.00,0.05)",9.021334,1.0,2
186,VECTOR_FIRST_HNSW,"[0.00,0.05)",23.079625,0.5,2
186,HNSW_HYBRID,"[0.00,0.05)",9.572583,1.0,2
186,IVFFLAT_HYBRID,"[0.00,0.05)",9.580208,1.0,2
186,SQL_FIRST,"[0.00,0.05)",9.038041,1.0,3
186,VECTOR_FIRST_HNSW,"[0.00,0.05)",22.99175,0.5,3
186,HNSW_HYBRID,"[0.00,0.05)",9.65675,1.0,3
186,IVFFLAT_HYBRID,"[0.00,0.05)",9.279917,1.0,3
186,SQL_FIRST,"[0.00,0.05)",9.117,1.0,4
186,VECTOR_FIRST_HNSW,"[0.00,0.05)",23.001541,0.5,4
186,HNSW_HYBRID,"[0.00,0.05)",9.348542,1.0,4
186,IVFFLAT_HYBRID,"[0.00,0.05)",9.062583,1.0,4
187,SQL_FIRST,"[0.00,0.05)",5.309458,1.0,0
187,VECTOR_FIRST_HNSW,"[0.00,0.05)",22.726041,0.0,0
187,HNSW_HYBRID,"[0.00,0.05)",5.967625,1.0,0
187,IVFFLAT_HYBRID,"[0.00,0.05)",5.375417,1.0,0
187,SQL_FIRST,"[0.00,0.05)",5.41975,1.0,1
187,VECTOR_FIRST_HNSW,"[0.00,0.05)",22.937,0.0,1
187,HNSW_HYBRID,"[0.00,0.05)",6.053541,1.0,1
187,IVFFLAT_HYBRID,"[0.00,0.05)",5.5775,1.0,1
187,SQL_FIRST,"[0.00,0.05)",5.554667,1.0,2
187,VECTOR_FIRST_HNSW,"[0.00,0.05)",23.430375,0.0,2
187,HNSW_HYBRID,"[0.00,0.05)",6.372292,1.0,2
187,IVFFLAT_HYBRID,"[0.00,0.05)",5.64775,1.0,2
187,SQL_FIRST,"[0.00,0.05)",5.577042,1.0,3
187,VECTOR_FIRST_HNSW,"[0.00,0.05)",23.019,0.0,3
187,HNSW_HYBRID,"[0.00,0.05)",6.122375,1.0,3
187,IVFFLAT_HYBRID,"[0.00,0.05)",5.50025,1.0,3
187,SQL_FIRST,"[0.00,0.05)",5.52025,1.0,4
187,VECTOR_FIRST_HNSW,"[0.00,0.05)",23.73025,0.0,4
187,HNSW_HYBRID,"[0.00,0.05)",6.051667,1.0,4
187,IVFFLAT_HYBRID,"[0.00,0.05)",5.457458,1.0,4
188,SQL_FIRST,"[0.00,0.05)",7.398458,1.0,0
188,VECTOR_FIRST_HNSW,"[0.00,0.05)",22.851833,0.3,0
188,HNSW_HYBRID,"[0.00,0.05)",8.293709,1.0,0
188,IVFFLAT_HYBRID,"[0.00,0.05)",7.99425,1.0,0
188,SQL_FIRST,"[0.00,0.05)",7.621917,1.0,1
188,VECTOR_FIRST_HNSW,"[0.00,0.05)",23.1605,0.3,1
188,HNSW_HYBRID,"[0.00,0.05)",8.114416,1.0,1
188,IVFFLAT_HYBRID,"[0.00,0.05)",7.62525,1.0,1
188,SQL_FIRST,"[0.00,0.05)",7.347959,1.0,2
188,VECTOR_FIRST_HNSW,"[0.00,0.05)",23.008375,0.3,2
188,HNSW_HYBRID,"[0.00,0.05)",7.968125,1.0,2
188,IVFFLAT_HYBRID,"[0.00,0.05)",7.431917,1.0,2
188,SQL_FIRST,"[0.00,0.05)",7.190709,1.0,3
188,VECTOR_FIRST_HNSW,"[0.00,0.05)",23.301417,0.3,3
188,HNSW_HYBRID,"[0.00,0.05)",8.139625,1.0,3
188,IVFFLAT_HYBRID,"[0.00,0.05)",7.805167,1.0,3
188,SQL_FIRST,"[0.00,0.05)",7.360625,1.0,4
188,VECTOR_FIRST_HNSW,"[0.00,0.05)",23.012208,0.3,4
188,HNSW_HYBRID,"[0.00,0.05)",8.115083,1.0,4
188,IVFFLAT_HYBRID,"[0.00,0.05)",7.454667,1.0,4
189,SQL_FIRST,"[0.00,0.05)",8.658625,1.0,0
189,VECTOR_FIRST_HNSW,"[0.00,0.05)",23.032417,0.1,0
189,HNSW_HYBRID,"[0.00,0.05)",9.006584,1.0,0
189,IVFFLAT_HYBRID,"[0.00,0.05)",8.51,1.0,0
189,SQL_FIRST,"[0.00,0.05)",8.260709,1.0,1
189,VECTOR_FIRST_HNSW,"[0.00,0.05)",22.9215,0.1,1
189,HNSW_HYBRID,"[0.00,0.05)",9.253084,1.0,1
189,IVFFLAT_HYBRID,"[0.00,0.05)",9.412,1.0,1
189,SQL_FIRST,"[0.00,0.05)",8.626875,1.0,2
189,VECTOR_FIRST_HNSW,"[0.00,0.05)",23.038,0.1,2
189,HNSW_HYBRID,"[0.00,0.05)",9.147542,1.0,2
189,IVFFLAT_HYBRID,"[0.00,0.05)",8.464041,1.0,2
189,SQL_FIRST,"[0.00,0.05)",8.3525,1.0,3
189,VECTOR_FIRST_HNSW,"[0.00,0.05)",23.656459,0.1,3
189,HNSW_HYBRID,"[0.00,0.05)",9.018166,1.0,3
189,IVFFLAT_HYBRID,"[0.00,0.05)",8.553834,1.0,3
189,SQL_FIRST,"[0.00,0.05)",8.439,1.0,4
189,VECTOR_FIRST_HNSW,"[0.00,0.05)",23.076042,0.1,4
189,HNSW_HYBRID,"[0.00,0.05)",9.045667,1.0,4
189,IVFFLAT_HYBRID,"[0.00,0.05)",8.356625,1.0,4
195,SQL_FIRST,"[0.00,0.05)",8.742333,1.0,0
195,VECTOR_FIRST_HNSW,"[0.00,0.05)",23.40225,0.5,0
195,HNSW_HYBRID,"[0.00,0.05)",9.368459,1.0,0
195,IVFFLAT_HYBRID,"[0.00,0.05)",8.815125,1.0,0
195,SQL_FIRST,"[0.00,0.05)",9.109125,1.0,1
195,VECTOR_FIRST_HNSW,"[0.00,0.05)",22.932542,0.5,1
195,HNSW_HYBRID,"[0.00,0.05)",9.5055,1.0,1
195,IVFFLAT_HYBRID,"[0.00,0.05)",8.890958,1.0,1
195,SQL_FIRST,"[0.00,0.05)",8.756167,1.0,2
195,VECTOR_FIRST_HNSW,"[0.00,0.05)",22.941708,0.5,2
195,HNSW_HYBRID,"[0.00,0.05)",9.214666,1.0,2
195,IVFFLAT_HYBRID,"[0.00,0.05)",8.675333,1.0,2
195,SQL_FIRST,"[0.00,0.05)",8.800667,1.0,3
195,VECTOR_FIRST_HNSW,"[0.00,0.05)",22.9105,0.5,3
195,HNSW_HYBRID,"[0.00,0.05)",9.338,1.0,3
195,IVFFLAT_HYBRID,"[0.00,0.05)",8.86425,1.0,3
195,SQL_FIRST,"[0.00,0.05)",8.376,1.0,4
195,VECTOR_FIRST_HNSW,"[0.00,0.05)",22.950083,0.5,4
195,HNSW_HYBRID,"[0.00,0.05)",9.277333,1.0,4
195,IVFFLAT_HYBRID,"[0.00,0.05)",9.246583,1.0,4
196,SQL_FIRST,"[0.00,0.05)",7.954708,1.0,0
196,VECTOR_FIRST_HNSW,"[0.00,0.05)",23.187583,0.2,0
196,HNSW_HYBRID,"[0.00,0.05)",8.197958,1.0,0
196,IVFFLAT_HYBRID,"[0.00,0.05)",7.782834,1.0,0
196,SQL_FIRST,"[0.00,0.05)",7.729,1.0,1
196,VECTOR_FIRST_HNSW,"[0.00,0.05)",23.088,0.2,1
196,HNSW_HYBRID,"[0.00,0.05)",8.481292,1.0,1
196,IVFFLAT_HYBRID,"[0.00,0.05)",8.390416,1.0,1
196,SQL_FIRST,"[0.00,0.05)",7.723333,1.0,2
196,VECTOR_FIRST_HNSW,"[0.00,0.05)",23.44875,0.2,2
196,HNSW_HYBRID,"[0.00,0.05)",8.267833,1.0,2
196,IVFFLAT_HYBRID,"[0.00,0.05)",7.75325,1.0,2
196,SQL_FIRST,"[0.00,0.05)",7.748458,1.0,3
196,VECTOR_FIRST_HNSW,"[0.00,0.05)",22.906,0.2,3
196,HNSW_HYBRID,"[0.00,0.05)",8.390417,1.0,3
196,IVFFLAT_HYBRID,"[0.00,0.05)",8.070375,1.0,3
196,SQL_FIRST,"[0.00,0.05)",7.727083,1.0,4
196,VECTOR_FIRST_HNSW,"[0.00,0.05)",22.962625,0.2,4
196,HNSW_HYBRID,"[0.00,0.05)",8.188709,1.0,4
196,IVFFLAT_HYBRID,"[0.00,0.05)",7.388625,1.0,4
197,SQL_FIRST,"[0.00,0.05)",7.170583,1.0,0
197,VECTOR_FIRST_HNSW,"[0.00,0.05)",22.861792,0.1,0
197,HNSW_HYBRID,"[0.00,0.05)",8.924291,1.0,0
197,IVFFLAT_HYBRID,"[0.00,0.05)",7.327125,1.0,0
197,SQL_FIRST,"[0.00,0.05)",7.3565,1.0,1
197,VECTOR_FIRST_HNSW,"[0.00,0.05)",22.8835,0.1,1
197,HNSW_HYBRID,"[0.00,0.05)",7.880541,1.0,1
197,IVFFLAT_HYBRID,"[0.00,0.05)",7.473125,1.0,1
197,SQL_FIRST,"[0.00,0.05)",7.328916,1.0,2
197,VECTOR_FIRST_HNSW,"[0.00,0.05)",22.935625,0.1,2
197,HNSW_HYBRID,"[0.00,0.05)",7.798584,1.0,2
197,IVFFLAT_HYBRID,"[0.00,0.05)",7.286083,1.0,2
197,SQL_FIRST,"[0.00,0.05)",6.998459,1.0,3
197,VECTOR_FIRST_HNSW,"[0.00,0.05)",22.935208,0.1,3
197,HNSW_HYBRID,"[0.00,0.05)",7.879166,1.0,3
197,IVFFLAT_HYBRID,"[0.00,0.05)",7.376542,1.0,3
197,SQL_FIRST,"[0.00,0.05)",7.294,1.0,4
197,VECTOR_FIRST_HNSW,"[0.00,0.05)",22.77325,0.1,4
197,HNSW_HYBRID,"[0.00,0.05)",7.883084,1.0,4
197,IVFFLAT_HYBRID,"[0.00,0.05)",8.180709,1.0,4
198,SQL_FIRST,"[0.00,0.05)",6.029708,1.0,0
198,VECTOR_FIRST_HNSW,"[0.00,0.05)",22.89825,0.1,0
198,HNSW_HYBRID,"[0.00,0.05)",6.753541,1.0,0
198,IVFFLAT_HYBRID,"[0.00,0.05)",7.661917,1.0,0
198,SQL_FIRST,"[0.00,0.05)",7.167167,1.0,1
198,VECTOR_FIRST_HNSW,"[0.00,0.05)",25.961666,0.1,1
198,HNSW_HYBRID,"[0.00,0.05)",6.881667,1.0,1
198,IVFFLAT_HYBRID,"[0.00,0.05)",5.977,1.0,1
198,SQL_FIRST,"[0.00,0.05)",6.052584,1.0,2
198,VECTOR_FIRST_HNSW,"[0.00,0.05)",22.975083,0.1,2
198,HNSW_HYBRID,"[0.00,0.05)",6.567791,1.0,2
198,IVFFLAT_HYBRID,"[0.00,0.05)",5.955416,1.0,2
198,SQL_FIRST,"[0.00,0.05)",6.125666,1.0,3
198,VECTOR_FIRST_HNSW,"[0.00,0.05)",23.6475,0.1,3
198,HNSW_HYBRID,"[0.00,0.05)",6.863625,1.0,3
198,IVFFLAT_HYBRID,"[0.00,0.05)",6.25525,1.0,3
198,SQL_FIRST,"[0.00,0.05)",6.014917,1.0,4
198,VECTOR_FIRST_HNSW,"[0.00,0.05)",22.965791,0.1,4
198,HNSW_HYBRID,"[0.00,0.05)",6.654084,1.0,4
198,IVFFLAT_HYBRID,"[0.00,0.05)",6.028625,1.0,4
205,SQL_FIRST,"[0.00,0.05)",1.551667,1.0,0
205,VECTOR_FIRST_HNSW,"[0.00,0.05)",22.792083,0.0,0
205,HNSW_HYBRID,"[0.00,0.05)",2.071709,1.0,0
205,IVFFLAT_HYBRID,"[0.00,0.05)",1.625167,1.0,0
205,SQL_FIRST,"[0.00,0.05)",1.614,1.0,1
205,VECTOR_FIRST_HNSW,"[0.00,0.05)",22.861917,0.0,1
205,HNSW_HYBRID,"[0.00,0.05)",2.036792,1.0,1
205,IVFFLAT_HYBRID,"[0.00,0.05)",1.546291,1.0,1
205,SQL_FIRST,"[0.00,0.05)",1.556875,1.0,2
205,VECTOR_FIRST_HNSW,"[0.00,0.05)",22.716042,0.0,2
205,HNSW_HYBRID,"[0.00,0.05)",1.980709,1.0,2
205,IVFFLAT_HYBRID,"[0.00,0.05)",1.6055,1.0,2
205,SQL_FIRST,"[0.00,0.05)",1.602583,1.0,3
205,VECTOR_FIRST_HNSW,"[0.00,0.05)",22.763,0.0,3
205,HNSW_HYBRID,"[0.00,0.05)",1.959917,1.0,3
205,IVFFLAT_HYBRID,"[0.00,0.05)",1.687084,1.0,3
205,SQL_FIRST,"[0.00,0.05)",1.641333,1.0,4
205,VECTOR_FIRST_HNSW,"[0.00,0.05)",22.8555,0.0,4
205,HNSW_HYBRID,"[0.00,0.05)",1.935833,1.0,4
205,IVFFLAT_HYBRID,"[0.00,0.05)",1.5665,1.0,4
207,SQL_FIRST,"[0.00,0.05)",4.314208,1.0,0
207,VECTOR_FIRST_HNSW,"[0.00,0.05)",22.815959,0.2,0
207,HNSW_HYBRID,"[0.00,0.05)",4.803333,1.0,0
207,IVFFLAT_HYBRID,"[0.00,0.05)",4.339458,1.0,0
207,SQL_FIRST,"[0.00,0.05)",4.313208,1.0,1
207,VECTOR_FIRST_HNSW,"[0.00,0.05)",22.916833,0.2,1
207,HNSW_HYBRID,"[0.00,0.05)",4.770458,1.0,1
207,IVFFLAT_HYBRID,"[0.00,0.05)",4.425291,1.0,1
207,SQL_FIRST,"[0.00,0.05)",4.227291,1.0,2
207,VECTOR_FIRST_HNSW,"[0.00,0.05)",22.99675,0.2,2
207,HNSW_HYBRID,"[0.00,0.05)",4.765959,1.0,2
207,IVFFLAT_HYBRID,"[0.00,0.05)",4.255667,1.0,2
207,SQL_FIRST,"[0.00,0.05)",4.325291,1.0,3
207,VECTOR_FIRST_HNSW,"[0.00,0.05)",23.57375,0.2,3
207,HNSW_HYBRID,"[0.00,0.05)",4.832167,1.0,3
207,IVFFLAT_HYBRID,"[0.00,0.05)",4.47625,1.0,3
207,SQL_FIRST,"[0.00,0.05)",4.332416,1.0,4
207,VECTOR_FIRST_HNSW,"[0.00,0.05)",23.012917,0.2,4
207,HNSW_HYBRID,"[0.00,0.05)",4.884166,1.0,4
207,IVFFLAT_HYBRID,"[0.00,0.05)",4.363916,1.0,4
209,SQL_FIRST,"[0.00,0.05)",9.628917,1.0,0
209,VECTOR_FIRST_HNSW,"[0.00,0.05)",23.017667,0.6,0
209,HNSW_HYBRID,"[0.00,0.05)",9.485833,1.0,0
209,IVFFLAT_HYBRID,"[0.00,0.05)",8.851792,1.0,0
209,SQL_FIRST,"[0.00,0.05)",9.595416,1.0,1
209,VECTOR_FIRST_HNSW,"[0.00,0.05)",22.927125,0.6,1
209,HNSW_HYBRID,"[0.00,0.05)",9.733125,1.0,1
209,IVFFLAT_HYBRID,"[0.00,0.05)",9.237084,1.0,1
209,SQL_FIRST,"[0.00,0.05)",8.966709,1.0,2
209,VECTOR_FIRST_HNSW,"[0.00,0.05)",22.990291,0.6,2
209,HNSW_HYBRID,"[0.00,0.05)",9.608291,1.0,2
209,IVFFLAT_HYBRID,"[0.00,0.05)",9.476167,1.0,2
209,SQL_FIRST,"[0.00,0.05)",9.1105,1.0,3
209,VECTOR_FIRST_HNSW,"[0.00,0.05)",23.031167,0.6,3
209,HNSW_HYBRID,"[0.00,0.05)",9.343166,1.0,3
209,IVFFLAT_HYBRID,"[0.00,0.05)",9.158709,1.0,3
209,SQL_FIRST,"[0.00,0.05)",9.188667,1.0,4
209,VECTOR_FIRST_HNSW,"[0.00,0.05)",22.949625,0.6,4
209,HNSW_HYBRID,"[0.00,0.05)",9.414542,1.0,4
209,IVFFLAT_HYBRID,"[0.00,0.05)",9.604583,1.0,4
210,SQL_FIRST,"[0.00,0.05)",9.446625,1.0,0
210,VECTOR_FIRST_HNSW,"[0.00,0.05)",22.934292,0.5,0
210,HNSW_HYBRID,"[0.00,0.05)",9.730416,1.0,0
210,IVFFLAT_HYBRID,"[0.00,0.05)",9.071917,1.0,0
210,SQL_FIRST,"[0.00,0.05)",8.983792,1.0,1
210,VECTOR_FIRST_HNSW,"[0.00,0.05)",23.018209,0.5,1
210,HNSW_HYBRID,"[0.00,0.05)",9.48125,1.0,1
210,IVFFLAT_HYBRID,"[0.00,0.05)",9.568666,1.0,1
210,SQL_FIRST,"[0.00,0.05)",9.551833,1.0,2
210,VECTOR_FIRST_HNSW,"[0.00,0.05)",23.135625,0.5,2
210,HNSW_HYBRID,"[0.00,0.05)",9.631333,1.0,2
210,IVFFLAT_HYBRID,"[0.00,0.05)",9.13775,1.0,2
210,SQL_FIRST,"[0.00,0.05)",9.150708,1.0,3
210,VECTOR_FIRST_HNSW,"[0.00,0.05)",23.005791,0.5,3
210,HNSW_HYBRID,"[0.00,0.05)",9.310083,1.0,3
210,IVFFLAT_HYBRID,"[0.00,0.05)",9.193375,1.0,3
210,SQL_FIRST,"[0.00,0.05)",9.017792,1.0,4
210,VECTOR_FIRST_HNSW,"[0.00,0.05)",24.064166,0.5,4
210,HNSW_HYBRID,"[0.00,0.05)",9.549125,1.0,4
210,IVFFLAT_HYBRID,"[0.00,0.05)",8.937208,1.0,4
212,SQL_FIRST,"[0.00,0.05)",9.061084,1.0,0
212,VECTOR_FIRST_HNSW,"[0.00,0.05)",22.953,0.4,0
212,HNSW_HYBRID,"[0.00,0.05)",9.885291,1.0,0
212,IVFFLAT_HYBRID,"[0.00,0.05)",9.792792,1.0,0
212,SQL_FIRST,"[0.00,0.05)",9.320542,1.0,1
212,VECTOR_FIRST_HNSW,"[0.00,0.05)",22.950917,0.4,1
212,HNSW_HYBRID,"[0.00,0.05)",10.003125,1.0,1
212,IVFFLAT_HYBRID,"[0.00,0.05)",9.439542,1.0,1
212,SQL_FIRST,"[0.00,0.05)",9.832667,1.0,2
212,VECTOR_FIRST_HNSW,"[0.00,0.05)",22.850125,0.4,2
212,HNSW_HYBRID,"[0.00,0.05)",10.015958,1.0,2
212,IVFFLAT_HYBRID,"[0.00,0.05)",9.43625,1.0,2
212,SQL_FIRST,"[0.00,0.05)",9.456333,1.0,3
212,VECTOR_FIRST_HNSW,"[0.00,0.05)",23.058958,0.4,3
212,HNSW_HYBRID,"[0.00,0.05)",9.847042,1.0,3
212,IVFFLAT_HYBRID,"[0.00,0.05)",9.188291,1.0,3
212,SQL_FIRST,"[0.00,0.05)",9.400625,1.0,4
212,VECTOR_FIRST_HNSW,"[0.00,0.05)",23.053291,0.4,4
212,HNSW_HYBRID,"[0.00,0.05)",10.04375,1.0,4
212,IVFFLAT_HYBRID,"[0.00,0.05)",9.568542,1.0,4
213,SQL_FIRST,"[0.00,0.05)",9.205,1.0,0
213,VECTOR_FIRST_HNSW,"[0.00,0.05)",22.916584,0.3,0
213,HNSW_HYBRID,"[0.00,0.05)",9.111209,1.0,0
213,IVFFLAT_HYBRID,"[0.00,0.05)",8.840709,1.0,0
213,SQL_FIRST,"[0.00,0.05)",8.795458,1.0,1
213,VECTOR_FIRST_HNSW,"[0.00,0.05)",22.989333,0.3,1
213,HNSW_HYBRID,"[0.00,0.05)",9.230583,1.0,1
213,IVFFLAT_HYBRID,"[0.00,0.05)",8.859334,1.0,1
213,SQL_FIRST,"[0.00,0.05)",9.042958,1.0,2
213,VECTOR_FIRST_HNSW,"[0.00,0.05)",23.179959,0.3,2
213,HNSW_HYBRID,"[0.00,0.05)",9.27075,1.0,2
213,IVFFLAT_HYBRID,"[0.00,0.05)",8.383042,1.0,2
213,SQL_FIRST,"[0.00,0.05)",8.929333,1.0,3
213,VECTOR_FIRST_HNSW,"[0.00,0.05)",22.992166,0.3,3
213,HNSW_HYBRID,"[0.00,0.05)",9.422125,1.0,3
213,IVFFLAT_HYBRID,"[0.00,0.05)",9.176792,1.0,3
213,SQL_FIRST,"[0.00,0.05)",8.775833,1.0,4
213,VECTOR_FIRST_HNSW,"[0.00,0.05)",22.915334,0.3,4
213,HNSW_HYBRID,"[0.00,0.05)",9.274042,1.0,4
213,IVFFLAT_HYBRID,"[0.00,0.05)",11.21975,1.0,4
219,SQL_FIRST,"[0.00,0.05)",8.922167,1.0,0
219,VECTOR_FIRST_HNSW,"[0.00,0.05)",22.918167,0.2,0
219,HNSW_HYBRID,"[0.00,0.05)",9.04275,1.0,0
219,IVFFLAT_HYBRID,"[0.00,0.05)",9.16225,1.0,0
219,SQL_FIRST,"[0.00,0.05)",8.965208,1.0,1
219,VECTOR_FIRST_HNSW,"[0.00,0.05)",22.887833,0.2,1
219,HNSW_HYBRID,"[0.00,0.05)",9.323042,1.0,1
219,IVFFLAT_HYBRID,"[0.00,0.05)",9.047167,1.0,1
219,SQL_FIRST,"[0.00,0.05)",8.840459,1.0,2
219,VECTOR_FIRST_HNSW,"[0.00,0.05)",22.953167,0.2,2
219,HNSW_HYBRID,"[0.00,0.05)",9.43275,1.0,2
219,IVFFLAT_HYBRID,"[0.00,0.05)",8.851667,1.0,2
219,SQL_FIRST,"[0.00,0.05)",9.343875,1.0,3
219,VECTOR_FIRST_HNSW,"[0.00,0.05)",22.972875,0.2,3
219,HNSW_HYBRID,"[0.00,0.05)",9.490542,1.0,3
219,IVFFLAT_HYBRID,"[0.00,0.05)",8.915,1.0,3
219,SQL_FIRST,"[0.00,0.05)",10.121541,1.0,4
219,VECTOR_FIRST_HNSW,"[0.00,0.05)",23.9145,0.2,4
219,HNSW_HYBRID,"[0.00,0.05)",9.264125,1.0,4
219,IVFFLAT_HYBRID,"[0.00,0.05)",9.215375,1.0,4
221,SQL_FIRST,"[0.00,0.05)",6.454792,1.0,0
221,VECTOR_FIRST_HNSW,"[0.00,0.05)",23.189292,0.2,0
221,HNSW_HYBRID,"[0.00,0.05)",7.106708,1.0,0
221,IVFFLAT_HYBRID,"[0.00,0.05)",6.515167,1.0,0
221,SQL_FIRST,"[0.00,0.05)",6.207583,1.0,1
221,VECTOR_FIRST_HNSW,"[0.00,0.05)",23.017625,0.2,1
221,HNSW_HYBRID,"[0.00,0.05)",7.028708,1.0,1
221,IVFFLAT_HYBRID,"[0.00,0.05)",6.457625,1.0,1
221,SQL_FIRST,"[0.00,0.05)",6.3285,1.0,2
221,VECTOR_FIRST_HNSW,"[0.00,0.05)",22.947,0.2,2
221,HNSW_HYBRID,"[0.00,0.05)",7.006917,1.0,2
221,IVFFLAT_HYBRID,"[0.00,0.05)",6.207416,1.0,2
221,SQL_FIRST,"[0.00,0.05)",6.460958,1.0,3
221,VECTOR_FIRST_HNSW,"[0.00,0.05)",22.953125,0.2,3
221,HNSW_HYBRID,"[0.00,0.05)",7.170542,1.0,3
221,IVFFLAT_HYBRID,"[0.00,0.05)",6.483291,1.0,3
221,SQL_FIRST,"[0.00,0.05)",6.229625,1.0,4
221,VECTOR_FIRST_HNSW,"[0.00,0.05)",22.934709,0.2,4
221,HNSW_HYBRID,"[0.00,0.05)",6.945666,1.0,4
221,IVFFLAT_HYBRID,"[0.00,0.05)",6.533667,1.0,4
223,SQL_FIRST,"[0.00,0.05)",8.977083,1.0,0
223,VECTOR_FIRST_HNSW,"[0.00,0.05)",23.020083,0.5,0
223,HNSW_HYBRID,"[0.00,0.05)",9.458167,1.0,0
223,IVFFLAT_HYBRID,"[0.00,0.05)",9.01475,1.0,0
223,SQL_FIRST,"[0.00,0.05)",8.737084,1.0,1
223,VECTOR_FIRST_HNSW,"[0.00,0.05)",22.903083,0.5,1
223,HNSW_HYBRID,"[0.00,0.05)",9.445708,1.0,1
223,IVFFLAT_HYBRID,"[0.00,0.05)",9.1705,1.0,1
223,SQL_FIRST,"[0.00,0.05)",9.15525,1.0,2
223,VECTOR_FIRST_HNSW,"[0.00,0.05)",23.005583,0.5,2
223,HNSW_HYBRID,"[0.00,0.05)",9.786875,1.0,2
223,IVFFLAT_HYBRID,"[0.00,0.05)",9.62775,1.0,2
223,SQL_FIRST,"[0.00,0.05)",9.730083,1.0,3
223,VECTOR_FIRST_HNSW,"[0.00,0.05)",22.889542,0.5,3
223,HNSW_HYBRID,"[0.00,0.05)",9.611333,1.0,3
223,IVFFLAT_HYBRID,"[0.00,0.05)",8.916583,1.0,3
223,SQL_FIRST,"[0.00,0.05)",9.081542,1.0,4
223,VECTOR_FIRST_HNSW,"[0.00,0.05)",23.011417,0.5,4
223,HNSW_HYBRID,"[0.00,0.05)",9.195375,1.0,4
223,IVFFLAT_HYBRID,"[0.00,0.05)",9.082542,1.0,4
227,SQL_FIRST,"[0.00,0.05)",4.230334,1.0,0
227,VECTOR_FIRST_HNSW,"[0.00,0.05)",22.93025,0.1,0
227,HNSW_HYBRID,"[0.00,0.05)",4.727,1.0,0
227,IVFFLAT_HYBRID,"[0.00,0.05)",4.282458,1.0,0
227,SQL_FIRST,"[0.00,0.05)",4.337041,1.0,1
227,VECTOR_FIRST_HNSW,"[0.00,0.05)",22.910958,0.1,1
227,HNSW_HYBRID,"[0.00,0.05)",4.660833,1.0,1
227,IVFFLAT_HYBRID,"[0.00,0.05)",4.5955,1.0,1
227,SQL_FIRST,"[0.00,0.05)",4.267875,1.0,2
227,VECTOR_FIRST_HNSW,"[0.00,0.05)",22.884292,0.1,2
227,HNSW_HYBRID,"[0.00,0.05)",4.776041,1.0,2
227,IVFFLAT_HYBRID,"[0.00,0.05)",4.390459,1.0,2
227,SQL_FIRST,"[0.00,0.05)",4.202917,1.0,3
227,VECTOR_FIRST_HNSW,"[0.00,0.05)",22.964084,0.1,3
227,HNSW_HYBRID,"[0.00,0.05)",4.674125,1.0,3
227,IVFFLAT_HYBRID,"[0.00,0.05)",4.267917,1.0,3
227,SQL_FIRST,"[0.00,0.05)",4.239792,1.0,4
227,VECTOR_FIRST_HNSW,"[0.00,0.05)",22.974625,0.1,4
227,HNSW_HYBRID,"[0.00,0.05)",4.759292,1.0,4
227,IVFFLAT_HYBRID,"[0.00,0.05)",4.294917,1.0,4
228,SQL_FIRST,"[0.00,0.05)",8.84225,1.0,0
228,VECTOR_FIRST_HNSW,"[0.00,0.05)",22.969208,0.6,0
228,HNSW_HYBRID,"[0.00,0.05)",9.236333,1.0,0
228,IVFFLAT_HYBRID,"[0.00,0.05)",9.177583,1.0,0
228,SQL_FIRST,"[0.00,0.05)",9.148834,1.0,1
228,VECTOR_FIRST_HNSW,"[0.00,0.05)",22.86225,0.6,1
228,HNSW_HYBRID,"[0.00,0.05)",9.305459,1.0,1
228,IVFFLAT_HYBRID,"[0.00,0.05)",9.00625,1.0,1
228,SQL_FIRST,"[0.00,0.05)",8.605,1.0,2
228,VECTOR_FIRST_HNSW,"[0.00,0.05)",22.907833,0.6,2
228,HNSW_HYBRID,"[0.00,0.05)",9.375375,1.0,2
228,IVFFLAT_HYBRID,"[0.00,0.05)",9.367042,1.0,2
228,SQL_FIRST,"[0.00,0.05)",8.925958,1.0,3
228,VECTOR_FIRST_HNSW,"[0.00,0.05)",23.623333,0.6,3
228,HNSW_HYBRID,"[0.00,0.05)",9.248208,1.0,3
228,IVFFLAT_HYBRID,"[0.00,0.05)",8.891416,1.0,3
228,SQL_FIRST,"[0.00,0.05)",9.269125,1.0,4
228,VECTOR_FIRST_HNSW,"[0.00,0.05)",22.859125,0.6,4
228,HNSW_HYBRID,"[0.00,0.05)",9.459917,1.0,4
228,IVFFLAT_HYBRID,"[0.00,0.05)",9.044541,1.0,4
229,SQL_FIRST,"[0.00,0.05)",5.489083,1.0,0
229,VECTOR_FIRST_HNSW,"[0.00,0.05)",23.045833,0.2,0
229,HNSW_HYBRID,"[0.00,0.05)",6.163,1.0,0
229,IVFFLAT_HYBRID,"[0.00,0.05)",5.592083,1.0,0
229,SQL_FIRST,"[0.00,0.05)",5.815292,1.0,1
229,VECTOR_FIRST_HNSW,"[0.00,0.05)",22.952375,0.2,1
229,HNSW_HYBRID,"[0.00,0.05)",6.218584,1.0,1
229,IVFFLAT_HYBRID,"[0.00,0.05)",5.762333,1.0,1
229,SQL_FIRST,"[0.00,0.05)",5.667791,1.0,2
229,VECTOR_FIRST_HNSW,"[0.00,0.05)",22.988125,0.2,2
229,HNSW_HYBRID,"[0.00,0.05)",6.526959,1.0,2
229,IVFFLAT_HYBRID,"[0.00,0.05)",6.361375,1.0,2
229,SQL_FIRST,"[0.00,0.05)",6.47425,1.0,3
229,VECTOR_FIRST_HNSW,"[0.00,0.05)",23.781125,0.2,3
229,HNSW_HYBRID,"[0.00,0.05)",6.238083,1.0,3
229,IVFFLAT_HYBRID,"[0.00,0.05)",5.628334,1.0,3
229,SQL_FIRST,"[0.00,0.05)",5.663416,1.0,4
229,VECTOR_FIRST_HNSW,"[0.00,0.05)",23.027917,0.2,4
229,HNSW_HYBRID,"[0.00,0.05)",6.127958,1.0,4
229,IVFFLAT_HYBRID,"[0.00,0.05)",5.840375,1.0,4
230,SQL_FIRST,"[0.00,0.05)",8.954708,1.0,0
230,VECTOR_FIRST_HNSW,"[0.00,0.05)",23.006417,0.4,0
230,HNSW_HYBRID,"[0.00,0.05)",9.7555,1.0,0
230,IVFFLAT_HYBRID,"[0.00,0.05)",9.393209,1.0,0
230,SQL_FIRST,"[0.00,0.05)",9.255667,1.0,1
230,VECTOR_FIRST_HNSW,"[0.00,0.05)",23.402667,0.4,1
230,HNSW_HYBRID,"[0.00,0.05)",9.660458,1.0,1
230,IVFFLAT_HYBRID,"[0.00,0.05)",9.273333,1.0,1
230,SQL_FIRST,"[0.00,0.05)",9.766417,1.0,2
230,VECTOR_FIRST_HNSW,"[0.00,0.05)",22.876458,0.4,2
230,HNSW_HYBRID,"[0.00,0.05)",9.900792,1.0,2
230,IVFFLAT_HYBRID,"[0.00,0.05)",9.313458,1.0,2
230,SQL_FIRST,"[0.00,0.05)",9.332375,1.0,3
230,VECTOR_FIRST_HNSW,"[0.00,0.05)",22.872209,0.4,3
230,HNSW_HYBRID,"[0.00,0.05)",9.532708,1.0,3
230,IVFFLAT_HYBRID,"[0.00,0.05)",9.354125,1.0,3
230,SQL_FIRST,"[0.00,0.05)",9.015417,1.0,4
230,VECTOR_FIRST_HNSW,"[0.00,0.05)",30.021875,0.4,4
230,HNSW_HYBRID,"[0.00,0.05)",10.897541,1.0,4
230,IVFFLAT_HYBRID,"[0.00,0.05)",9.719334,1.0,4
232,SQL_FIRST,"[0.00,0.05)",11.282292,1.0,0
232,VECTOR_FIRST_HNSW,"[0.00,0.05)",23.581208,0.2,0
232,HNSW_HYBRID,"[0.00,0.05)",11.166875,1.0,0
232,IVFFLAT_HYBRID,"[0.00,0.05)",11.059208,1.0,0
232,SQL_FIRST,"[0.00,0.05)",10.536208,1.0,1
232,VECTOR_FIRST_HNSW,"[0.00,0.05)",23.092292,0.2,1
232,HNSW_HYBRID,"[0.00,0.05)",11.162667,1.0,1
232,IVFFLAT_HYBRID,"[0.00,0.05)",10.841208,1.0,1
232,SQL_FIRST,"[0.00,0.05)",10.550917,1.0,2
232,VECTOR_FIRST_HNSW,"[0.00,0.05)",23.476042,0.2,2
232,HNSW_HYBRID,"[0.00,0.05)",11.1765,1.0,2
232,IVFFLAT_HYBRID,"[0.00,0.05)",10.969458,1.0,2
232,SQL_FIRST,"[0.00,0.05)",10.815125,1.0,3
232,VECTOR_FIRST_HNSW,"[0.00,0.05)",22.96275,0.2,3
232,HNSW_HYBRID,"[0.00,0.05)",10.927625,1.0,3
232,IVFFLAT_HYBRID,"[0.00,0.05)",10.850208,1.0,3
232,SQL_FIRST,"[0.00,0.05)",11.134083,1.0,4
232,VECTOR_FIRST_HNSW,"[0.00,0.05)",23.155958,0.2,4
232,HNSW_HYBRID,"[0.00,0.05)",11.288042,1.0,4
232,IVFFLAT_HYBRID,"[0.00,0.05)",10.774875,1.0,4
233,SQL_FIRST,"[0.00,0.05)",9.074667,1.0,0
233,VECTOR_FIRST_HNSW,"[0.00,0.05)",23.588,0.4,0
233,HNSW_HYBRID,"[0.00,0.05)",9.773959,1.0,0
233,IVFFLAT_HYBRID,"[0.00,0.05)",9.321458,1.0,0
233,SQL_FIRST,"[0.00,0.05)",9.325916,1.0,1
233,VECTOR_FIRST_HNSW,"[0.00,0.05)",23.357583,0.4,1
233,HNSW_HYBRID,"[0.00,0.05)",10.509458,1.0,1
233,IVFFLAT_HYBRID,"[0.00,0.05)",9.686834,1.0,1
233,SQL_FIRST,"[0.00,0.05)",9.417875,1.0,2
233,VECTOR_FIRST_HNSW,"[0.00,0.05)",23.081958,0.4,2
233,HNSW_HYBRID,"[0.00,0.05)",9.806333,1.0,2
233,IVFFLAT_HYBRID,"[0.00,0.05)",9.45325,1.0,2
233,SQL_FIRST,"[0.00,0.05)",9.409458,1.0,3
233,VECTOR_FIRST_HNSW,"[0.00,0.05)",23.080792,0.4,3
233,HNSW_HYBRID,"[0.00,0.05)",9.516875,1.0,3
233,IVFFLAT_HYBRID,"[0.00,0.05)",9.412667,1.0,3
233,SQL_FIRST,"[0.00,0.05)",9.311667,1.0,4
233,VECTOR_FIRST_HNSW,"[0.00,0.05)",23.051833,0.4,4
233,HNSW_HYBRID,"[0.00,0.05)",9.710667,1.0,4
233,IVFFLAT_HYBRID,"[0.00,0.05)",9.548958,1.0,4
234,SQL_FIRST,"[0.00,0.05)",9.040959,1.0,0
234,VECTOR_FIRST_HNSW,"[0.00,0.05)",22.886042,0.6,0
234,HNSW_HYBRID,"[0.00,0.05)",9.6065,1.0,0
234,IVFFLAT_HYBRID,"[0.00,0.05)",8.741125,1.0,0
234,SQL_FIRST,"[0.00,0.05)",8.719167,1.0,1
234,VECTOR_FIRST_HNSW,"[0.00,0.05)",22.942791,0.6,1
234,HNSW_HYBRID,"[0.00,0.05)",9.344792,1.0,1
234,IVFFLAT_HYBRID,"[0.00,0.05)",8.928125,1.0,1
234,SQL_FIRST,"[0.00,0.05)",9.236584,1.0,2
234,VECTOR_FIRST_HNSW,"[0.00,0.05)",22.831416,0.6,2
234,HNSW_HYBRID,"[0.00,0.05)",9.052208,1.0,2
234,IVFFLAT_HYBRID,"[0.00,0.05)",8.970667,1.0,2
234,SQL_FIRST,"[0.00,0.05)",8.820542,1.0,3
234,VECTOR_FIRST_HNSW,"[0.00,0.05)",23.041125,0.6,3
234,HNSW_HYBRID,"[0.00,0.05)",8.993375,1.0,3
234,IVFFLAT_HYBRID,"[0.00,0.05)",9.007541,1.0,3
234,SQL_FIRST,"[0.00,0.05)",8.708667,1.0,4
234,VECTOR_FIRST_HNSW,"[0.00,0.05)",23.063167,0.6,4
234,HNSW_HYBRID,"[0.00,0.05)",9.176292,1.0,4
234,IVFFLAT_HYBRID,"[0.00,0.05)",8.690958,1.0,4
236,SQL_FIRST,"[0.00,0.05)",7.563334,1.0,0
236,VECTOR_FIRST_HNSW,"[0.00,0.05)",22.997084,0.3,0
236,HNSW_HYBRID,"[0.00,0.05)",8.3925,1.0,0
236,IVFFLAT_HYBRID,"[0.00,0.05)",7.736584,1.0,0
236,SQL_FIRST,"[0.00,0.05)",7.520958,1.0,1
236,VECTOR_FIRST_HNSW,"[0.00,0.05)",23.013709,0.3,1
236,HNSW_HYBRID,"[0.00,0.05)",8.297292,1.0,1
236,IVFFLAT_HYBRID,"[0.00,0.05)",8.00975,1.0,1
236,SQL_FIRST,"[0.00,0.05)",7.767459,1.0,2
236,VECTOR_FIRST_HNSW,"[0.00,0.05)",23.061542,0.3,2
236,HNSW_HYBRID,"[0.00,0.05)",8.418208,1.0,2
236,IVFFLAT_HYBRID,"[0.00,0.05)",7.706167,1.0,2
236,SQL_FIRST,"[0.00,0.05)",7.635042,1.0,3
236,VECTOR_FIRST_HNSW,"[0.00,0.05)",24.057125,0.3,3
236,HNSW_HYBRID,"[0.00,0.05)",8.334334,1.0,3
236,IVFFLAT_HYBRID,"[0.00,0.05)",8.071291,1.0,3
236,SQL_FIRST,"[0.00,0.05)",7.679583,1.0,4
236,VECTOR_FIRST_HNSW,"[0.00,0.05)",22.835209,0.3,4
236,HNSW_HYBRID,"[0.00,0.05)",8.384291,1.0,4
236,IVFFLAT_HYBRID,"[0.00,0.05)",7.701334,1.0,4
237,SQL_FIRST,"[0.00,0.05)",3.716416,1.0,0
237,VECTOR_FIRST_HNSW,"[0.00,0.05)",22.845625,0.0,0
237,HNSW_HYBRID,"[0.00,0.05)",4.009125,1.0,0
237,IVFFLAT_HYBRID,"[0.00,0.05)",3.675541,1.0,0
237,SQL_FIRST,"[0.00,0.05)",3.630333,1.0,1
237,VECTOR_FIRST_HNSW,"[0.00,0.05)",23.004875,0.0,1
237,HNSW_HYBRID,"[0.00,0.05)",4.005208,1.0,1
237,IVFFLAT_HYBRID,"[0.00,0.05)",3.660125,1.0,1
237,SQL_FIRST,"[0.00,0.05)",3.623791,1.0,2
237,VECTOR_FIRST_HNSW,"[0.00,0.05)",22.907125,0.0,2
237,HNSW_HYBRID,"[0.00,0.05)",4.060958,1.0,2
237,IVFFLAT_HYBRID,"[0.00,0.05)",3.649084,1.0,2
237,SQL_FIRST,"[0.00,0.05)",3.686875,1.0,3
237,VECTOR_FIRST_HNSW,"[0.00,0.05)",23.42475,0.0,3
237,HNSW_HYBRID,"[0.00,0.05)",4.051792,1.0,3
237,IVFFLAT_HYBRID,"[0.00,0.05)",3.750792,1.0,3
237,SQL_FIRST,"[0.00,0.05)",3.66825,1.0,4
237,VECTOR_FIRST_HNSW,"[0.00,0.05)",22.90475,0.0,4
237,HNSW_HYBRID,"[0.00,0.05)",4.169958,1.0,4
237,IVFFLAT_HYBRID,"[0.00,0.05)",3.760375,1.0,4
238,SQL_FIRST,"[0.00,0.05)",10.017916,1.0,0
238,VECTOR_FIRST_HNSW,"[0.00,0.05)",23.113875,0.5,0
238,HNSW_HYBRID,"[0.00,0.05)",10.133042,1.0,0
238,IVFFLAT_HYBRID,"[0.00,0.05)",11.1895,1.0,0
238,SQL_FIRST,"[0.00,0.05)",11.049834,1.0,1
238,VECTOR_FIRST_HNSW,"[0.00,0.05)",31.313625,0.5,1
238,HNSW_HYBRID,"[0.00,0.05)",11.586833,1.0,1
238,IVFFLAT_HYBRID,"[0.00,0.05)",13.482083,1.0,1
238,SQL_FIRST,"[0.00,0.05)",14.051292,1.0,2
238,VECTOR_FIRST_HNSW,"[0.00,0.05)",41.729459,0.5,2
238,HNSW_HYBRID,"[0.00,0.05)",13.135292,1.0,2
238,IVFFLAT_HYBRID,"[0.00,0.05)",11.756667,1.0,2
238,SQL_FIRST,"[0.00,0.05)",12.657875,1.0,3
238,VECTOR_FIRST_HNSW,"[0.00,0.05)",25.025125,0.5,3
238,HNSW_HYBRID,"[0.00,0.05)",9.46875,1.0,3
238,IVFFLAT_HYBRID,"[0.00,0.05)",9.206417,1.0,3
238,SQL_FIRST,"[0.00,0.05)",9.22975,1.0,4
238,VECTOR_FIRST_HNSW,"[0.00,0.05)",22.900666,0.5,4
238,HNSW_HYBRID,"[0.00,0.05)",9.4895,1.0,4
238,IVFFLAT_HYBRID,"[0.00,0.05)",9.507,1.0,4
240,SQL_FIRST,"[0.00,0.05)",1.230125,1.0,0
240,VECTOR_FIRST_HNSW,"[0.00,0.05)",22.685708,0.0,0
240,HNSW_HYBRID,"[0.00,0.05)",1.455125,1.0,0
240,IVFFLAT_HYBRID,"[0.00,0.05)",1.192833,1.0,0
240,SQL_FIRST,"[0.00,0.05)",1.183625,1.0,1
240,VECTOR_FIRST_HNSW,"[0.00,0.05)",22.707,0.0,1
240,HNSW_HYBRID,"[0.00,0.05)",1.412125,1.0,1
240,IVFFLAT_HYBRID,"[0.00,0.05)",1.199542,1.0,1
240,SQL_FIRST,"[0.00,0.05)",1.208333,1.0,2
240,VECTOR_FIRST_HNSW,"[0.00,0.05)",22.798375,0.0,2
240,HNSW_HYBRID,"[0.00,0.05)",1.487625,1.0,2
240,IVFFLAT_HYBRID,"[0.00,0.05)",1.220208,1.0,2
240,SQL_FIRST,"[0.00,0.05)",1.226,1.0,3
240,VECTOR_FIRST_HNSW,"[0.00,0.05)",23.124875,0.0,3
240,HNSW_HYBRID,"[0.00,0.05)",1.479292,1.0,3
240,IVFFLAT_HYBRID,"[0.00,0.05)",1.264291,1.0,3
240,SQL_FIRST,"[0.00,0.05)",1.242,1.0,4
240,VECTOR_FIRST_HNSW,"[0.00,0.05)",23.009292,0.0,4
240,HNSW_HYBRID,"[0.00,0.05)",1.436542,1.0,4
240,IVFFLAT_HYBRID,"[0.00,0.05)",1.199417,1.0,4
243,SQL_FIRST,"[0.00,0.05)",9.852833,1.0,0
243,VECTOR_FIRST_HNSW,"[0.00,0.05)",25.408375,0.3,0
243,HNSW_HYBRID,"[0.00,0.05)",10.554708,1.0,0
243,IVFFLAT_HYBRID,"[0.00,0.05)",11.311625,1.0,0
243,SQL_FIRST,"[0.00,0.05)",10.296792,1.0,1
243,VECTOR_FIRST_HNSW,"[0.00,0.05)",23.011834,0.3,1
243,HNSW_HYBRID,"[0.00,0.05)",9.782917,1.0,1
243,IVFFLAT_HYBRID,"[0.00,0.05)",9.427125,1.0,1
243,SQL_FIRST,"[0.00,0.05)",9.304042,1.0,2
243,VECTOR_FIRST_HNSW,"[0.00,0.05)",23.010459,0.3,2
243,HNSW_HYBRID,"[0.00,0.05)",9.846709,1.0,2
243,IVFFLAT_HYBRID,"[0.00,0.05)",9.136166,1.0,2
243,SQL_FIRST,"[0.00,0.05)",9.401083,1.0,3
243,VECTOR_FIRST_HNSW,"[0.00,0.05)",23.014583,0.3,3
243,HNSW_HYBRID,"[0.00,0.05)",9.948833,1.0,3
243,IVFFLAT_HYBRID,"[0.00,0.05)",9.696542,1.0,3
243,SQL_FIRST,"[0.00,0.05)",9.60275,1.0,4
243,VECTOR_FIRST_HNSW,"[0.00,0.05)",22.946958,0.3,4
243,HNSW_HYBRID,"[0.00,0.05)",9.868958,1.0,4
243,IVFFLAT_HYBRID,"[0.00,0.05)",9.976042,1.0,4
254,SQL_FIRST,"[0.00,0.05)",5.690375,1.0,0
254,VECTOR_FIRST_HNSW,"[0.00,0.05)",22.983167,0.1,0
254,HNSW_HYBRID,"[0.00,0.05)",6.351084,1.0,0
254,IVFFLAT_HYBRID,"[0.00,0.05)",5.651209,1.0,0
254,SQL_FIRST,"[0.00,0.05)",5.762208,1.0,1
254,VECTOR_FIRST_HNSW,"[0.00,0.05)",23.110917,0.1,1
254,HNSW_HYBRID,"[0.00,0.05)",6.596834,1.0,1
254,IVFFLAT_HYBRID,"[0.00,0.05)",7.037291,1.0,1
254,SQL_FIRST,"[0.00,0.05)",5.941625,1.0,2
254,VECTOR_FIRST_HNSW,"[0.00,0.05)",23.833417,0.1,2
254,HNSW_HYBRID,"[0.00,0.05)",6.2595,1.0,2
254,IVFFLAT_HYBRID,"[0.00,0.05)",5.734375,1.0,2
254,SQL_FIRST,"[0.00,0.05)",5.799167,1.0,3
254,VECTOR_FIRST_HNSW,"[0.00,0.05)",23.269666,0.1,3
254,HNSW_HYBRID,"[0.00,0.05)",6.422959,1.0,3
254,IVFFLAT_HYBRID,"[0.00,0.05)",5.691167,1.0,3
254,SQL_FIRST,"[0.00,0.05)",5.618042,1.0,4
254,VECTOR_FIRST_HNSW,"[0.00,0.05)",24.030834,0.1,4
254,HNSW_HYBRID,"[0.00,0.05)",6.55875,1.0,4
254,IVFFLAT_HYBRID,"[0.00,0.05)",6.115125,1.0,4
255,SQL_FIRST,"[0.00,0.05)",8.151333,1.0,0
255,VECTOR_FIRST_HNSW,"[0.00,0.05)",22.950291,0.2,0
255,HNSW_HYBRID,"[0.00,0.05)",8.839708,1.0,0
255,IVFFLAT_HYBRID,"[0.00,0.05)",8.6735,1.0,0
255,SQL_FIRST,"[0.00,0.05)",8.238375,1.0,1
255,VECTOR_FIRST_HNSW,"[0.00,0.05)",23.077084,0.2,1
255,HNSW_HYBRID,"[0.00,0.05)",8.885166,1.0,1
255,IVFFLAT_HYBRID,"[0.00,0.05)",8.27175,1.0,1
255,SQL_FIRST,"[0.00,0.05)",7.971209,1.0,2
255,VECTOR_FIRST_HNSW,"[0.00,0.05)",23.019292,0.2,2
255,HNSW_HYBRID,"[0.00,0.05)",8.901084,1.0,2
255,IVFFLAT_HYBRID,"[0.00,0.05)",8.610416,1.0,2
255,SQL_FIRST,"[0.00,0.05)",8.162291,1.0,3
255,VECTOR_FIRST_HNSW,"[0.00,0.05)",23.000291,0.2,3
255,HNSW_HYBRID,"[0.00,0.05)",8.789416,1.0,3
255,IVFFLAT_HYBRID,"[0.00,0.05)",8.399791,1.0,3
255,SQL_FIRST,"[0.00,0.05)",8.246375,1.0,4
255,VECTOR_FIRST_HNSW,"[0.00,0.05)",22.9455,0.2,4
255,HNSW_HYBRID,"[0.00,0.05)",8.856292,1.0,4
255,IVFFLAT_HYBRID,"[0.00,0.05)",8.749458,1.0,4
257,SQL_FIRST,"[0.00,0.05)",8.9135,1.0,0
257,VECTOR_FIRST_HNSW,"[0.00,0.05)",23.010833,0.5,0
257,HNSW_HYBRID,"[0.00,0.05)",10.2605,1.0,0
257,IVFFLAT_HYBRID,"[0.00,0.05)",9.143583,1.0,0
257,SQL_FIRST,"[0.00,0.05)",8.864,1.0,1
257,VECTOR_FIRST_HNSW,"[0.00,0.05)",23.041,0.5,1
257,HNSW_HYBRID,"[0.00,0.05)",9.238666,1.0,1
257,IVFFLAT_HYBRID,"[0.00,0.05)",8.871625,1.0,1
257,SQL_FIRST,"[0.00,0.05)",9.268584,1.0,2
257,VECTOR_FIRST_HNSW,"[0.00,0.05)",23.03975,0.5,2
257,HNSW_HYBRID,"[0.00,0.05)",9.467375,1.0,2
257,IVFFLAT_HYBRID,"[0.00,0.05)",9.232917,1.0,2
257,SQL_FIRST,"[0.00,0.05)",9.116209,1.0,3
257,VECTOR_FIRST_HNSW,"[0.00,0.05)",23.845875,0.5,3
257,HNSW_HYBRID,"[0.00,0.05)",9.13375,1.0,3
257,IVFFLAT_HYBRID,"[0.00,0.05)",9.171542,1.0,3
257,SQL_FIRST,"[0.00,0.05)",8.586708,1.0,4
257,VECTOR_FIRST_HNSW,"[0.00,0.05)",23.139208,0.5,4
257,HNSW_HYBRID,"[0.00,0.05)",9.41525,1.0,4
257,IVFFLAT_HYBRID,"[0.00,0.05)",8.910375,1.0,4
258,SQL_FIRST,"[0.00,0.05)",9.956125,1.0,0
258,VECTOR_FIRST_HNSW,"[0.00,0.05)",22.943166,0.2,0
258,HNSW_HYBRID,"[0.00,0.05)",10.565917,1.0,0
258,IVFFLAT_HYBRID,"[0.00,0.05)",10.376083,1.0,0
258,SQL_FIRST,"[0.00,0.05)",10.011375,1.0,1
258,VECTOR_FIRST_HNSW,"[0.00,0.05)",23.041417,0.2,1
258,HNSW_HYBRID,"[0.00,0.05)",10.586209,1.0,1
258,IVFFLAT_HYBRID,"[0.00,0.05)",10.019,1.0,1
258,SQL_FIRST,"[0.00,0.05)",10.2955,1.0,2
258,VECTOR_FIRST_HNSW,"[0.00,0.05)",22.899625,0.2,2
258,HNSW_HYBRID,"[0.00,0.05)",10.789541,1.0,2
258,IVFFLAT_HYBRID,"[0.00,0.05)",10.159541,1.0,2
258,SQL_FIRST,"[0.00,0.05)",10.075166,1.0,3
258,VECTOR_FIRST_HNSW,"[0.00,0.05)",23.011583,0.2,3
258,HNSW_HYBRID,"[0.00,0.05)",10.527416,1.0,3
258,IVFFLAT_HYBRID,"[0.00,0.05)",10.487542,1.0,3
258,SQL_FIRST,"[0.00,0.05)",9.94125,1.0,4
258,VECTOR_FIRST_HNSW,"[0.00,0.05)",29.179833,0.2,4
258,HNSW_HYBRID,"[0.00,0.05)",10.7135,1.0,4
258,IVFFLAT_HYBRID,"[0.00,0.05)",10.188125,1.0,4
259,SQL_FIRST,"[0.00,0.05)",9.661292,1.0,0
259,VECTOR_FIRST_HNSW,"[0.00,0.05)",23.75825,0.3,0
259,HNSW_HYBRID,"[0.00,0.05)",10.904333,1.0,0
259,IVFFLAT_HYBRID,"[0.00,0.05)",10.052875,1.0,0
259,SQL_FIRST,"[0.00,0.05)",9.673667,1.0,1
259,VECTOR_FIRST_HNSW,"[0.00,0.05)",23.04025,0.3,1
259,HNSW_HYBRID,"[0.00,0.05)",10.281584,1.0,1
259,IVFFLAT_HYBRID,"[0.00,0.05)",9.89275,1.0,1
259,SQL_FIRST,"[0.00,0.05)",9.799459,1.0,2
259,VECTOR_FIRST_HNSW,"[0.00,0.05)",22.943709,0.3,2
259,HNSW_HYBRID,"[0.00,0.05)",10.2705,1.0,2
259,IVFFLAT_HYBRID,"[0.00,0.05)",9.806125,1.0,2
259,SQL_FIRST,"[0.00,0.05)",9.741916,1.0,3
259,VECTOR_FIRST_HNSW,"[0.00,0.05)",22.868375,0.3,3
259,HNSW_HYBRID,"[0.00,0.05)",10.23325,1.0,3
259,IVFFLAT_HYBRID,"[0.00,0.05)",9.653875,1.0,3
259,SQL_FIRST,"[0.00,0.05)",9.84575,1.0,4
259,VECTOR_FIRST_HNSW,"[0.00,0.05)",23.073792,0.3,4
259,HNSW_HYBRID,"[0.00,0.05)",10.226375,1.0,4
259,IVFFLAT_HYBRID,"[0.00,0.05)",9.789125,1.0,4
260,SQL_FIRST,"[0.00,0.05)",8.412667,1.0,0
260,VECTOR_FIRST_HNSW,"[0.00,0.05)",23.147459,0.2,0
260,HNSW_HYBRID,"[0.00,0.05)",9.330333,1.0,0
260,IVFFLAT_HYBRID,"[0.00,0.05)",9.821125,1.0,0
260,SQL_FIRST,"[0.00,0.05)",9.03575,1.0,1
260,VECTOR_FIRST_HNSW,"[0.00,0.05)",23.171375,0.2,1
260,HNSW_HYBRID,"[0.00,0.05)",9.324541,1.0,1
260,IVFFLAT_HYBRID,"[0.00,0.05)",8.905541,1.0,1
260,SQL_FIRST,"[0.00,0.05)",8.627167,1.0,2
260,VECTOR_FIRST_HNSW,"[0.00,0.05)",23.449792,0.2,2
260,HNSW_HYBRID,"[0.00,0.05)",9.156541,1.0,2
260,IVFFLAT_HYBRID,"[0.00,0.05)",8.765834,1.0,2
260,SQL_FIRST,"[0.00,0.05)",8.959833,1.0,3
260,VECTOR_FIRST_HNSW,"[0.00,0.05)",23.078834,0.2,3
260,HNSW_HYBRID,"[0.00,0.05)",9.294833,1.0,3
260,IVFFLAT_HYBRID,"[0.00,0.05)",8.73425,1.0,3
260,SQL_FIRST,"[0.00,0.05)",9.057416,1.0,4
260,VECTOR_FIRST_HNSW,"[0.00,0.05)",23.124458,0.2,4
260,HNSW_HYBRID,"[0.00,0.05)",10.172292,1.0,4
260,IVFFLAT_HYBRID,"[0.00,0.05)",9.31625,1.0,4
262,SQL_FIRST,"[0.00,0.05)",7.858583,1.0,0
262,VECTOR_FIRST_HNSW,"[0.00,0.05)",22.83425,0.1,0
262,HNSW_HYBRID,"[0.00,0.05)",8.166833,1.0,0
262,IVFFLAT_HYBRID,"[0.00,0.05)",7.258625,1.0,0
262,SQL_FIRST,"[0.00,0.05)",7.374083,1.0,1
262,VECTOR_FIRST_HNSW,"[0.00,0.05)",23.064625,0.1,1
262,HNSW_HYBRID,"[0.00,0.05)",8.000958,1.0,1
262,IVFFLAT_HYBRID,"[0.00,0.05)",7.193584,1.0,1
262,SQL_FIRST,"[0.00,0.05)",7.16825,1.0,2
262,VECTOR_FIRST_HNSW,"[0.00,0.05)",23.0845,0.1,2
262,HNSW_HYBRID,"[0.00,0.05)",8.022916,1.0,2
262,IVFFLAT_HYBRID,"[0.00,0.05)",7.526583,1.0,2
262,SQL_FIRST,"[0.00,0.05)",7.2835,1.0,3
262,VECTOR_FIRST_HNSW,"[0.00,0.05)",30.742,0.1,3
262,HNSW_HYBRID,"[0.00,0.05)",8.067667,1.0,3
262,IVFFLAT_HYBRID,"[0.00,0.05)",7.312041,1.0,3
262,SQL_FIRST,"[0.00,0.05)",7.671791,1.0,4
262,VECTOR_FIRST_HNSW,"[0.00,0.05)",22.878958,0.1,4
262,HNSW_HYBRID,"[0.00,0.05)",8.20175,1.0,4
262,IVFFLAT_HYBRID,"[0.00,0.05)",7.388542,1.0,4
265,SQL_FIRST,"[0.00,0.05)",9.09775,1.0,0
265,VECTOR_FIRST_HNSW,"[0.00,0.05)",26.465667,0.2,0
265,HNSW_HYBRID,"[0.00,0.05)",9.819,1.0,0
265,IVFFLAT_HYBRID,"[0.00,0.05)",8.814583,1.0,0
265,SQL_FIRST,"[0.00,0.05)",9.001375,1.0,1
265,VECTOR_FIRST_HNSW,"[0.00,0.05)",23.010417,0.2,1
265,HNSW_HYBRID,"[0.00,0.05)",9.246,1.0,1
265,IVFFLAT_HYBRID,"[0.00,0.05)",9.300583,1.0,1
265,SQL_FIRST,"[0.00,0.05)",8.741084,1.0,2
265,VECTOR_FIRST_HNSW,"[0.00,0.05)",23.375042,0.2,2
265,HNSW_HYBRID,"[0.00,0.05)",9.928583,1.0,2
265,IVFFLAT_HYBRID,"[0.00,0.05)",9.463208,1.0,2
265,SQL_FIRST,"[0.00,0.05)",9.325542,1.0,3
265,VECTOR_FIRST_HNSW,"[0.00,0.05)",23.035292,0.2,3
265,HNSW_HYBRID,"[0.00,0.05)",9.153459,1.0,3
265,IVFFLAT_HYBRID,"[0.00,0.05)",8.400625,1.0,3
265,SQL_FIRST,"[0.00,0.05)",8.912709,1.0,4
265,VECTOR_FIRST_HNSW,"[0.00,0.05)",22.942292,0.2,4
265,HNSW_HYBRID,"[0.00,0.05)",9.638167,1.0,4
265,IVFFLAT_HYBRID,"[0.00,0.05)",8.730333,1.0,4
266,SQL_FIRST,"[0.00,0.05)",9.21075,1.0,0
266,VECTOR_FIRST_HNSW,"[0.00,0.05)",22.984584,0.3,0
266,HNSW_HYBRID,"[0.00,0.05)",9.675625,1.0,0
266,IVFFLAT_HYBRID,"[0.00,0.05)",9.290375,1.0,0
266,SQL_FIRST,"[0.00,0.05)",9.204792,1.0,1
266,VECTOR_FIRST_HNSW,"[0.00,0.05)",23.010833,0.3,1
266,HNSW_HYBRID,"[0.00,0.05)",9.328459,1.0,1
266,IVFFLAT_HYBRID,"[0.00,0.05)",9.646458,1.0,1
266,SQL_FIRST,"[0.00,0.05)",9.649292,1.0,2
266,VECTOR_FIRST_HNSW,"[0.00,0.05)",23.085041,0.3,2
266,HNSW_HYBRID,"[0.00,0.05)",9.3185,1.0,2
266,IVFFLAT_HYBRID,"[0.00,0.05)",8.694375,1.0,2
266,SQL_FIRST,"[0.00,0.05)",8.990541,1.0,3
266,VECTOR_FIRST_HNSW,"[0.00,0.05)",23.087625,0.3,3
266,HNSW_HYBRID,"[0.00,0.05)",9.803917,1.0,3
266,IVFFLAT_HYBRID,"[0.00,0.05)",9.118625,1.0,3
266,SQL_FIRST,"[0.00,0.05)",8.924958,1.0,4
266,VECTOR_FIRST_HNSW,"[0.00,0.05)",23.021167,0.3,4
266,HNSW_HYBRID,"[0.00,0.05)",9.683583,1.0,4
266,IVFFLAT_HYBRID,"[0.00,0.05)",9.156542,1.0,4
267,SQL_FIRST,"[0.00,0.05)",6.309791,1.0,0
267,VECTOR_FIRST_HNSW,"[0.00,0.05)",22.987709,0.0,0
267,HNSW_HYBRID,"[0.00,0.05)",6.943833,1.0,0
267,IVFFLAT_HYBRID,"[0.00,0.05)",6.206625,1.0,0
267,SQL_FIRST,"[0.00,0.05)",6.261625,1.0,1
267,VECTOR_FIRST_HNSW,"[0.00,0.05)",24.160125,0.0,1
267,HNSW_HYBRID,"[0.00,0.05)",7.077875,1.0,1
267,IVFFLAT_HYBRID,"[0.00,0.05)",6.722958,1.0,1
267,SQL_FIRST,"[0.00,0.05)",6.394166,1.0,2
267,VECTOR_FIRST_HNSW,"[0.00,0.05)",22.789959,0.0,2
267,HNSW_HYBRID,"[0.00,0.05)",7.051709,1.0,2
267,IVFFLAT_HYBRID,"[0.00,0.05)",6.25625,1.0,2
267,SQL_FIRST,"[0.00,0.05)",6.368625,1.0,3
267,VECTOR_FIRST_HNSW,"[0.00,0.05)",23.025125,0.0,3
267,HNSW_HYBRID,"[0.00,0.05)",6.998042,1.0,3
267,IVFFLAT_HYBRID,"[0.00,0.05)",6.2355,1.0,3
267,SQL_FIRST,"[0.00,0.05)",6.191083,1.0,4
267,VECTOR_FIRST_HNSW,"[0.00,0.05)",22.9695,0.0,4
267,HNSW_HYBRID,"[0.00,0.05)",7.045833,1.0,4
267,IVFFLAT_HYBRID,"[0.00,0.05)",6.406333,1.0,4
268,SQL_FIRST,"[0.00,0.05)",6.405125,1.0,0
268,VECTOR_FIRST_HNSW,"[0.00,0.05)",22.959417,0.0,0
268,HNSW_HYBRID,"[0.00,0.05)",7.049083,1.0,0
268,IVFFLAT_HYBRID,"[0.00,0.05)",6.318959,1.0,0
268,SQL_FIRST,"[0.00,0.05)",6.34,1.0,1
268,VECTOR_FIRST_HNSW,"[0.00,0.05)",23.058792,0.0,1
268,HNSW_HYBRID,"[0.00,0.05)",7.10575,1.0,1
268,IVFFLAT_HYBRID,"[0.00,0.05)",6.665959,1.0,1
268,SQL_FIRST,"[0.00,0.05)",6.311125,1.0,2
268,VECTOR_FIRST_HNSW,"[0.00,0.05)",22.857,0.0,2
268,HNSW_HYBRID,"[0.00,0.05)",7.292292,1.0,2
268,IVFFLAT_HYBRID,"[0.00,0.05)",6.537666,1.0,2
268,SQL_FIRST,"[0.00,0.05)",6.326666,1.0,3
268,VECTOR_FIRST_HNSW,"[0.00,0.05)",22.942667,0.0,3
268,HNSW_HYBRID,"[0.00,0.05)",7.042666,1.0,3
268,IVFFLAT_HYBRID,"[0.00,0.05)",6.394708,1.0,3
268,SQL_FIRST,"[0.00,0.05)",6.643458,1.0,4
268,VECTOR_FIRST_HNSW,"[0.00,0.05)",23.346125,0.0,4
268,HNSW_HYBRID,"[0.00,0.05)",7.462625,1.0,4
268,IVFFLAT_HYBRID,"[0.00,0.05)",6.751125,1.0,4
272,SQL_FIRST,"[0.00,0.05)",6.127084,1.0,0
272,VECTOR_FIRST_HNSW,"[0.00,0.05)",22.986792,0.2,0
272,HNSW_HYBRID,"[0.00,0.05)",6.764958,1.0,0
272,IVFFLAT_HYBRID,"[0.00,0.05)",6.068166,1.0,0
272,SQL_FIRST,"[0.00,0.05)",6.819041,1.0,1
272,VECTOR_FIRST_HNSW,"[0.00,0.05)",23.854417,0.2,1
272,HNSW_HYBRID,"[0.00,0.05)",7.152417,1.0,1
272,IVFFLAT_HYBRID,"[0.00,0.05)",6.359541,1.0,1
272,SQL_FIRST,"[0.00,0.05)",6.087833,1.0,2
272,VECTOR_FIRST_HNSW,"[0.00,0.05)",22.953167,0.2,2
272,HNSW_HYBRID,"[0.00,0.05)",6.867625,1.0,2
272,IVFFLAT_HYBRID,"[0.00,0.05)",6.423334,1.0,2
272,SQL_FIRST,"[0.00,0.05)",6.147417,1.0,3
272,VECTOR_FIRST_HNSW,"[0.00,0.05)",22.955583,0.2,3
272,HNSW_HYBRID,"[0.00,0.05)",6.793667,1.0,3
272,IVFFLAT_HYBRID,"[0.00,0.05)",6.199792,1.0,3
272,SQL_FIRST,"[0.00,0.05)",6.401792,1.0,4
272,VECTOR_FIRST_HNSW,"[0.00,0.05)",23.008583,0.2,4
272,HNSW_HYBRID,"[0.00,0.05)",6.937667,1.0,4
272,IVFFLAT_HYBRID,"[0.00,0.05)",6.333791,1.0,4
275,SQL_FIRST,"[0.00,0.05)",9.406,1.0,0
275,VECTOR_FIRST_HNSW,"[0.00,0.05)",22.810667,0.3,0
275,HNSW_HYBRID,"[0.00,0.05)",9.8665,1.0,0
275,IVFFLAT_HYBRID,"[0.00,0.05)",9.430666,1.0,0
275,SQL_FIRST,"[0.00,0.05)",9.347792,1.0,1
275,VECTOR_FIRST_HNSW,"[0.00,0.05)",23.027209,0.3,1
275,HNSW_HYBRID,"[0.00,0.05)",9.576042,1.0,1
275,IVFFLAT_HYBRID,"[0.00,0.05)",9.760375,1.0,1
275,SQL_FIRST,"[0.00,0.05)",9.380208,1.0,2
275,VECTOR_FIRST_HNSW,"[0.00,0.05)",23.207458,0.3,2
275,HNSW_HYBRID,"[0.00,0.05)",9.725083,1.0,2
275,IVFFLAT_HYBRID,"[0.00,0.05)",8.955166,1.0,2
275,SQL_FIRST,"[0.00,0.05)",9.346583,1.0,3
275,VECTOR_FIRST_HNSW,"[0.00,0.05)",23.069084,0.3,3
275,HNSW_HYBRID,"[0.00,0.05)",10.026917,1.0,3
275,IVFFLAT_HYBRID,"[0.00,0.05)",9.168416,1.0,3
275,SQL_FIRST,"[0.00,0.05)",9.041292,1.0,4
275,VECTOR_FIRST_HNSW,"[0.00,0.05)",22.98625,0.3,4
275,HNSW_HYBRID,"[0.00,0.05)",9.843458,1.0,4
275,IVFFLAT_HYBRID,"[0.00,0.05)",9.252584,1.0,4
277,SQL_FIRST,"[0.00,0.05)",3.90675,1.0,0
277,VECTOR_FIRST_HNSW,"[0.00,0.05)",24.380125,0.0,0
277,HNSW_HYBRID,"[0.00,0.05)",4.118667,1.0,0
277,IVFFLAT_HYBRID,"[0.00,0.05)",3.722625,1.0,0
277,SQL_FIRST,"[0.00,0.05)",3.7165,1.0,1
277,VECTOR_FIRST_HNSW,"[0.00,0.05)",22.905166,0.0,1
277,HNSW_HYBRID,"[0.00,0.05)",4.195,1.0,1
277,IVFFLAT_HYBRID,"[0.00,0.05)",3.792791,1.0,1
277,SQL_FIRST,"[0.00,0.05)",3.8395,1.0,2
277,VECTOR_FIRST_HNSW,"[0.00,0.05)",22.900417,0.0,2
277,HNSW_HYBRID,"[0.00,0.05)",4.13675,1.0,2
277,IVFFLAT_HYBRID,"[0.00,0.05)",3.818375,1.0,2
277,SQL_FIRST,"[0.00,0.05)",3.8195,1.0,3
277,VECTOR_FIRST_HNSW,"[0.00,0.05)",22.943959,0.0,3
277,HNSW_HYBRID,"[0.00,0.05)",4.184875,1.0,3
277,IVFFLAT_HYBRID,"[0.00,0.05)",3.834,1.0,3
277,SQL_FIRST,"[0.00,0.05)",3.806541,1.0,4
277,VECTOR_FIRST_HNSW,"[0.00,0.05)",22.892167,0.0,4
277,HNSW_HYBRID,"[0.00,0.05)",4.1825,1.0,4
277,IVFFLAT_HYBRID,"[0.00,0.05)",3.794209,1.0,4
281,SQL_FIRST,"[0.00,0.05)",9.216041,1.0,0
281,VECTOR_FIRST_HNSW,"[0.00,0.05)",22.998916,0.2,0
281,HNSW_HYBRID,"[0.00,0.05)",9.94725,1.0,0
281,IVFFLAT_HYBRID,"[0.00,0.05)",9.325208,1.0,0
281,SQL_FIRST,"[0.00,0.05)",9.436542,1.0,1
281,VECTOR_FIRST_HNSW,"[0.00,0.05)",22.859416,0.2,1
281,HNSW_HYBRID,"[0.00,0.05)",9.994791,1.0,1
281,IVFFLAT_HYBRID,"[0.00,0.05)",9.441166,1.0,1
281,SQL_FIRST,"[0.00,0.05)",9.252792,1.0,2
281,VECTOR_FIRST_HNSW,"[0.00,0.05)",22.959875,0.2,2
281,HNSW_HYBRID,"[0.00,0.05)",9.84325,1.0,2
281,IVFFLAT_HYBRID,"[0.00,0.05)",10.146958,1.0,2
281,SQL_FIRST,"[0.00,0.05)",10.794167,1.0,3
281,VECTOR_FIRST_HNSW,"[0.00,0.05)",23.417459,0.2,3
281,HNSW_HYBRID,"[0.00,0.05)",9.763833,1.0,3
281,IVFFLAT_HYBRID,"[0.00,0.05)",9.168083,1.0,3
281,SQL_FIRST,"[0.00,0.05)",9.74475,1.0,4
281,VECTOR_FIRST_HNSW,"[0.00,0.05)",22.947584,0.2,4
281,HNSW_HYBRID,"[0.00,0.05)",10.142375,1.0,4
281,IVFFLAT_HYBRID,"[0.00,0.05)",9.174166,1.0,4
282,SQL_FIRST,"[0.00,0.05)",9.090291,1.0,0
282,VECTOR_FIRST_HNSW,"[0.00,0.05)",23.115584,0.4,0
282,HNSW_HYBRID,"[0.00,0.05)",9.5785,1.0,0
282,IVFFLAT_HYBRID,"[0.00,0.05)",9.216917,1.0,0
282,SQL_FIRST,"[0.00,0.05)",9.115666,1.0,1
282,VECTOR_FIRST_HNSW,"[0.00,0.05)",23.011417,0.4,1
282,HNSW_HYBRID,"[0.00,0.05)",9.60775,1.0,1
282,IVFFLAT_HYBRID,"[0.00,0.05)",9.651958,1.0,1
282,SQL_FIRST,"[0.00,0.05)",9.373833,1.0,2
282,VECTOR_FIRST_HNSW,"[0.00,0.05)",23.073875,0.4,2
282,HNSW_HYBRID,"[0.00,0.05)",9.4255,1.0,2
282,IVFFLAT_HYBRID,"[0.00,0.05)",8.797041,1.0,2
282,SQL_FIRST,"[0.00,0.05)",9.551916,1.0,3
282,VECTOR_FIRST_HNSW,"[0.00,0.05)",23.080166,0.4,3
282,HNSW_HYBRID,"[0.00,0.05)",9.80075,1.0,3
282,IVFFLAT_HYBRID,"[0.00,0.05)",9.102958,1.0,3
282,SQL_FIRST,"[0.00,0.05)",8.800125,1.0,4
282,VECTOR_FIRST_HNSW,"[0.00,0.05)",23.0145,0.4,4
282,HNSW_HYBRID,"[0.00,0.05)",9.619167,1.0,4
282,IVFFLAT_HYBRID,"[0.00,0.05)",9.390417,1.0,4
284,SQL_FIRST,"[0.00,0.05)",8.727791,1.0,0
284,VECTOR_FIRST_HNSW,"[0.00,0.05)",22.910917,0.5,0
284,HNSW_HYBRID,"[0.00,0.05)",9.002042,1.0,0
284,IVFFLAT_HYBRID,"[0.00,0.05)",9.134125,1.0,0
284,SQL_FIRST,"[0.00,0.05)",8.831583,1.0,1
284,VECTOR_FIRST_HNSW,"[0.00,0.05)",23.239,0.5,1
284,HNSW_HYBRID,"[0.00,0.05)",9.120083,1.0,1
284,IVFFLAT_HYBRID,"[0.00,0.05)",8.406458,1.0,1
284,SQL_FIRST,"[0.00,0.05)",8.991709,1.0,2
284,VECTOR_FIRST_HNSW,"[0.00,0.05)",23.033458,0.5,2
284,HNSW_HYBRID,"[0.00,0.05)",9.51525,1.0,2
284,IVFFLAT_HYBRID,"[0.00,0.05)",8.83475,1.0,2
284,SQL_FIRST,"[0.00,0.05)",8.771583,1.0,3
284,VECTOR_FIRST_HNSW,"[0.00,0.05)",23.677084,0.5,3
284,HNSW_HYBRID,"[0.00,0.05)",9.893542,1.0,3
284,IVFFLAT_HYBRID,"[0.00,0.05)",9.226792,1.0,3
284,SQL_FIRST,"[0.00,0.05)",9.164209,1.0,4
284,VECTOR_FIRST_HNSW,"[0.00,0.05)",22.96625,0.5,4
284,HNSW_HYBRID,"[0.00,0.05)",9.480042,1.0,4
284,IVFFLAT_HYBRID,"[0.00,0.05)",8.985791,1.0,4
287,SQL_FIRST,"[0.00,0.05)",1.613833,1.0,0
287,VECTOR_FIRST_HNSW,"[0.00,0.05)",22.924542,0.0,0
287,HNSW_HYBRID,"[0.00,0.05)",1.982834,1.0,0
287,IVFFLAT_HYBRID,"[0.00,0.05)",1.635916,1.0,0
287,SQL_FIRST,"[0.00,0.05)",1.762917,1.0,1
287,VECTOR_FIRST_HNSW,"[0.00,0.05)",22.941042,0.0,1
287,HNSW_HYBRID,"[0.00,0.05)",1.962333,1.0,1
287,IVFFLAT_HYBRID,"[0.00,0.05)",1.648792,1.0,1
287,SQL_FIRST,"[0.00,0.05)",1.614625,1.0,2
287,VECTOR_FIRST_HNSW,"[0.00,0.05)",22.954833,0.0,2
287,HNSW_HYBRID,"[0.00,0.05)",1.960208,1.0,2
287,IVFFLAT_HYBRID,"[0.00,0.05)",1.562666,1.0,2
287,SQL_FIRST,"[0.00,0.05)",1.642,1.0,3
287,VECTOR_FIRST_HNSW,"[0.00,0.05)",22.816208,0.0,3
287,HNSW_HYBRID,"[0.00,0.05)",2.059958,1.0,3
287,IVFFLAT_HYBRID,"[0.00,0.05)",1.661875,1.0,3
287,SQL_FIRST,"[0.00,0.05)",1.637292,1.0,4
287,VECTOR_FIRST_HNSW,"[0.00,0.05)",22.751458,0.0,4
287,HNSW_HYBRID,"[0.00,0.05)",1.995417,1.0,4
287,IVFFLAT_HYBRID,"[0.00,0.05)",1.642292,1.0,4
294,SQL_FIRST,"[0.00,0.05)",8.270833,1.0,0
294,VECTOR_FIRST_HNSW,"[0.00,0.05)",23.009792,0.3,0
294,HNSW_HYBRID,"[0.00,0.05)",9.227208,1.0,0
294,IVFFLAT_HYBRID,"[0.00,0.05)",9.327125,1.0,0
294,SQL_FIRST,"[0.00,0.05)",8.719833,1.0,1
294,VECTOR_FIRST_HNSW,"[0.00,0.05)",23.882375,0.3,1
294,HNSW_HYBRID,"[0.00,0.05)",9.249459,1.0,1
294,IVFFLAT_HYBRID,"[0.00,0.05)",8.844542,1.0,1
294,SQL_FIRST,"[0.00,0.05)",9.070542,1.0,2
294,VECTOR_FIRST_HNSW,"[0.00,0.05)",22.95975,0.3,2
294,HNSW_HYBRID,"[0.00,0.05)",9.24575,1.0,2
294,IVFFLAT_HYBRID,"[0.00,0.05)",8.73975,1.0,2
294,SQL_FIRST,"[0.00,0.05)",9.0775,1.0,3
294,VECTOR_FIRST_HNSW,"[0.00,0.05)",23.079833,0.3,3
294,HNSW_HYBRID,"[0.00,0.05)",9.125959,1.0,3
294,IVFFLAT_HYBRID,"[0.00,0.05)",8.369625,1.0,3
294,SQL_FIRST,"[0.00,0.05)",9.163708,1.0,4
294,VECTOR_FIRST_HNSW,"[0.00,0.05)",25.1445,0.3,4
294,HNSW_HYBRID,"[0.00,0.05)",9.601875,1.0,4
294,IVFFLAT_HYBRID,"[0.00,0.05)",9.172875,1.0,4
295,SQL_FIRST,"[0.00,0.05)",9.312458,1.0,0
295,VECTOR_FIRST_HNSW,"[0.00,0.05)",23.059667,0.4,0
295,HNSW_HYBRID,"[0.00,0.05)",9.815667,1.0,0
295,IVFFLAT_HYBRID,"[0.00,0.05)",9.465792,1.0,0
295,SQL_FIRST,"[0.00,0.05)",9.449792,1.0,1
295,VECTOR_FIRST_HNSW,"[0.00,0.05)",22.888084,0.4,1
295,HNSW_HYBRID,"[0.00,0.05)",9.679792,1.0,1
295,IVFFLAT_HYBRID,"[0.00,0.05)",9.362083,1.0,1
295,SQL_FIRST,"[0.00,0.05)",9.392333,1.0,2
295,VECTOR_FIRST_HNSW,"[0.00,0.05)",23.0495,0.4,2
295,HNSW_HYBRID,"[0.00,0.05)",9.589916,1.0,2
295,IVFFLAT_HYBRID,"[0.00,0.05)",9.228458,1.0,2
295,SQL_FIRST,"[0.00,0.05)",9.598875,1.0,3
295,VECTOR_FIRST_HNSW,"[0.00,0.05)",23.036958,0.4,3
295,HNSW_HYBRID,"[0.00,0.05)",9.804,1.0,3
295,IVFFLAT_HYBRID,"[0.00,0.05)",9.209875,1.0,3
295,SQL_FIRST,"[0.00,0.05)",8.882208,1.0,4
295,VECTOR_FIRST_HNSW,"[0.00,0.05)",23.089042,0.4,4
295,HNSW_HYBRID,"[0.00,0.05)",9.829333,1.0,4
295,IVFFLAT_HYBRID,"[0.00,0.05)",9.787875,1.0,4
296,SQL_FIRST,"[0.00,0.05)",10.205875,1.0,0
296,VECTOR_FIRST_HNSW,"[0.00,0.05)",22.913541,0.2,0
296,HNSW_HYBRID,"[0.00,0.05)",10.224416,1.0,0
296,IVFFLAT_HYBRID,"[0.00,0.05)",9.559708,1.0,0
296,SQL_FIRST,"[0.00,0.05)",9.519375,1.0,1
296,VECTOR_FIRST_HNSW,"[0.00,0.05)",22.947958,0.2,1
296,HNSW_HYBRID,"[0.00,0.05)",9.713958,1.0,1
296,IVFFLAT_HYBRID,"[0.00,0.05)",10.195625,1.0,1
296,SQL_FIRST,"[0.00,0.05)",9.975333,1.0,2
296,VECTOR_FIRST_HNSW,"[0.00,0.05)",23.227667,0.2,2
296,HNSW_HYBRID,"[0.00,0.05)",9.712917,1.0,2
296,IVFFLAT_HYBRID,"[0.00,0.05)",9.223584,1.0,2
296,SQL_FIRST,"[0.00,0.05)",9.563666,1.0,3
296,VECTOR_FIRST_HNSW,"[0.00,0.05)",23.023417,0.2,3
296,HNSW_HYBRID,"[0.00,0.05)",10.003041,1.0,3
296,IVFFLAT_HYBRID,"[0.00,0.05)",9.568083,1.0,3
296,SQL_FIRST,"[0.00,0.05)",9.357875,1.0,4
296,VECTOR_FIRST_HNSW,"[0.00,0.05)",22.935334,0.2,4
296,HNSW_HYBRID,"[0.00,0.05)",10.182875,1.0,4
296,IVFFLAT_HYBRID,"[0.00,0.05)",9.415667,1.0,4
298,SQL_FIRST,"[0.00,0.05)",8.504708,1.0,0
298,VECTOR_FIRST_HNSW,"[0.00,0.05)",22.906667,0.2,0
298,HNSW_HYBRID,"[0.00,0.05)",9.032833,1.0,0
298,IVFFLAT_HYBRID,"[0.00,0.05)",8.930416,1.0,0
298,SQL_FIRST,"[0.00,0.05)",8.641583,1.0,1
298,VECTOR_FIRST_HNSW,"[0.00,0.05)",23.059375,0.2,1
298,HNSW_HYBRID,"[0.00,0.05)",9.095167,1.0,1
298,IVFFLAT_HYBRID,"[0.00,0.05)",8.378417,1.0,1
298,SQL_FIRST,"[0.00,0.05)",8.369,1.0,2
298,VECTOR_FIRST_HNSW,"[0.00,0.05)",22.911209,0.2,2
298,HNSW_HYBRID,"[0.00,0.05)",9.173833,1.0,2
298,IVFFLAT_HYBRID,"[0.00,0.05)",8.797875,1.0,2
298,SQL_FIRST,"[0.00,0.05)",8.256291,1.0,3
298,VECTOR_FIRST_HNSW,"[0.00,0.05)",23.227708,0.2,3
298,HNSW_HYBRID,"[0.00,0.05)",9.747375,1.0,3
298,IVFFLAT_HYBRID,"[0.00,0.05)",8.74,1.0,3
298,SQL_FIRST,"[0.00,0.05)",8.444667,1.0,4
298,VECTOR_FIRST_HNSW,"[0.00,0.05)",23.244417,0.2,4
298,HNSW_HYBRID,"[0.00,0.05)",9.035875,1.0,4
298,IVFFLAT_HYBRID,"[0.00,0.05)",8.779458,1.0,4
301,SQL_FIRST,"[0.00,0.05)",10.924375,1.0,0
301,VECTOR_FIRST_HNSW,"[0.00,0.05)",24.084666,0.3,0
301,HNSW_HYBRID,"[0.00,0.05)",11.116416,1.0,0
301,IVFFLAT_HYBRID,"[0.00,0.05)",10.714209,1.0,0
301,SQL_FIRST,"[0.00,0.05)",10.986542,1.0,1
301,VECTOR_FIRST_HNSW,"[0.00,0.05)",23.065917,0.3,1
301,HNSW_HYBRID,"[0.00,0.05)",11.496333,1.0,1
301,IVFFLAT_HYBRID,"[0.00,0.05)",10.784958,1.0,1
301,SQL_FIRST,"[0.00,0.05)",10.726084,1.0,2
301,VECTOR_FIRST_HNSW,"[0.00,0.05)",22.9945,0.3,2
301,HNSW_HYBRID,"[0.00,0.05)",11.168208,1.0,2
301,IVFFLAT_HYBRID,"[0.00,0.05)",10.8465,1.0,2
301,SQL_FIRST,"[0.00,0.05)",10.586208,1.0,3
301,VECTOR_FIRST_HNSW,"[0.00,0.05)",23.026125,0.3,3
301,HNSW_HYBRID,"[0.00,0.05)",11.262459,1.0,3
301,IVFFLAT_HYBRID,"[0.00,0.05)",10.705167,1.0,3
301,SQL_FIRST,"[0.00,0.05)",10.879375,1.0,4
301,VECTOR_FIRST_HNSW,"[0.00,0.05)",22.970542,0.3,4
301,HNSW_HYBRID,"[0.00,0.05)",11.333167,1.0,4
301,IVFFLAT_HYBRID,"[0.00,0.05)",10.8955,1.0,4
302,SQL_FIRST,"[0.00,0.05)",4.243625,1.0,0
302,VECTOR_FIRST_HNSW,"[0.00,0.05)",22.882583,0.0,0
302,HNSW_HYBRID,"[0.00,0.05)",4.638667,1.0,0
302,IVFFLAT_HYBRID,"[0.00,0.05)",4.280416,1.0,0
302,SQL_FIRST,"[0.00,0.05)",4.204958,1.0,1
302,VECTOR_FIRST_HNSW,"[0.00,0.05)",22.840583,0.0,1
302,HNSW_HYBRID,"[0.00,0.05)",4.651333,1.0,1
302,IVFFLAT_HYBRID,"[0.00,0.05)",4.255709,1.0,1
302,SQL_FIRST,"[0.00,0.05)",4.1765,1.0,2
302,VECTOR_FIRST_HNSW,"[0.00,0.05)",23.137167,0.0,2
302,HNSW_HYBRID,"[0.00,0.05)",4.550959,1.0,2
302,IVFFLAT_HYBRID,"[0.00,0.05)",4.1505,1.0,2
302,SQL_FIRST,"[0.00,0.05)",4.094125,1.0,3
302,VECTOR_FIRST_HNSW,"[0.00,0.05)",22.9245,0.0,3
302,HNSW_HYBRID,"[0.00,0.05)",4.641667,1.0,3
302,IVFFLAT_HYBRID,"[0.00,0.05)",4.158166,1.0,3
302,SQL_FIRST,"[0.00,0.05)",4.24875,1.0,4
302,VECTOR_FIRST_HNSW,"[0.00,0.05)",23.011292,0.0,4
302,HNSW_HYBRID,"[0.00,0.05)",4.605959,1.0,4
302,IVFFLAT_HYBRID,"[0.00,0.05)",4.187042,1.0,4
303,SQL_FIRST,"[0.00,0.05)",9.15625,1.0,0
303,VECTOR_FIRST_HNSW,"[0.00,0.05)",23.047167,0.5,0
303,HNSW_HYBRID,"[0.00,0.05)",9.793167,1.0,0
303,IVFFLAT_HYBRID,"[0.00,0.05)",9.446583,1.0,0
303,SQL_FIRST,"[0.00,0.05)",9.743834,1.0,1
303,VECTOR_FIRST_HNSW,"[0.00,0.05)",22.87875,0.5,1
303,HNSW_HYBRID,"[0.00,0.05)",9.963042,1.0,1
303,IVFFLAT_HYBRID,"[0.00,0.05)",9.367625,1.0,1
303,SQL_FIRST,"[0.00,0.05)",9.3315,1.0,2
303,VECTOR_FIRST_HNSW,"[0.00,0.05)",23.008959,0.5,2
303,HNSW_HYBRID,"[0.00,0.05)",9.515084,1.0,2
303,IVFFLAT_HYBRID,"[0.00,0.05)",9.627583,1.0,2
303,SQL_FIRST,"[0.00,0.05)",9.428458,1.0,3
303,VECTOR_FIRST_HNSW,"[0.00,0.05)",23.049417,0.5,3
303,HNSW_HYBRID,"[0.00,0.05)",9.759667,1.0,3
303,IVFFLAT_HYBRID,"[0.00,0.05)",9.181875,1.0,3
303,SQL_FIRST,"[0.00,0.05)",9.259125,1.0,4
303,VECTOR_FIRST_HNSW,"[0.00,0.05)",23.05525,0.5,4
303,HNSW_HYBRID,"[0.00,0.05)",9.747375,1.0,4
303,IVFFLAT_HYBRID,"[0.00,0.05)",9.380917,1.0,4
304,SQL_FIRST,"[0.00,0.05)",10.003041,1.0,0
304,VECTOR_FIRST_HNSW,"[0.00,0.05)",22.896167,0.3,0
304,HNSW_HYBRID,"[0.00,0.05)",10.458167,1.0,0
304,IVFFLAT_HYBRID,"[0.00,0.05)",9.94975,1.0,0
304,SQL_FIRST,"[0.00,0.05)",10.206833,1.0,1
304,VECTOR_FIRST_HNSW,"[0.00,0.05)",22.968709,0.3,1
304,HNSW_HYBRID,"[0.00,0.05)",10.501875,1.0,1
304,IVFFLAT_HYBRID,"[0.00,0.05)",10.07,1.0,1
304,SQL_FIRST,"[0.00,0.05)",10.011208,1.0,2
304,VECTOR_FIRST_HNSW,"[0.00,0.05)",23.086375,0.3,2
304,HNSW_HYBRID,"[0.00,0.05)",10.274625,1.0,2
304,IVFFLAT_HYBRID,"[0.00,0.05)",9.499959,1.0,2
304,SQL_FIRST,"[0.00,0.05)",10.427708,1.0,3
304,VECTOR_FIRST_HNSW,"[0.00,0.05)",24.096042,0.3,3
304,HNSW_HYBRID,"[0.00,0.05)",10.422083,1.0,3
304,IVFFLAT_HYBRID,"[0.00,0.05)",9.898041,1.0,3
304,SQL_FIRST,"[0.00,0.05)",9.789166,1.0,4
304,VECTOR_FIRST_HNSW,"[0.00,0.05)",23.074917,0.3,4
304,HNSW_HYBRID,"[0.00,0.05)",10.381417,1.0,4
304,IVFFLAT_HYBRID,"[0.00,0.05)",9.877459,1.0,4
310,SQL_FIRST,"[0.00,0.05)",9.860208,1.0,0
310,VECTOR_FIRST_HNSW,"[0.00,0.05)",22.933208,0.6,0
310,HNSW_HYBRID,"[0.00,0.05)",9.923,1.0,0
310,IVFFLAT_HYBRID,"[0.00,0.05)",9.610542,1.0,0
310,SQL_FIRST,"[0.00,0.05)",9.459875,1.0,1
310,VECTOR_FIRST_HNSW,"[0.00,0.05)",23.004166,0.6,1
310,HNSW_HYBRID,"[0.00,0.05)",9.634875,1.0,1
310,IVFFLAT_HYBRID,"[0.00,0.05)",9.859584,1.0,1
310,SQL_FIRST,"[0.00,0.05)",9.444834,1.0,2
310,VECTOR_FIRST_HNSW,"[0.00,0.05)",23.096208,0.6,2
310,HNSW_HYBRID,"[0.00,0.05)",9.86175,1.0,2
310,IVFFLAT_HYBRID,"[0.00,0.05)",9.175208,1.0,2
310,SQL_FIRST,"[0.00,0.05)",10.260541,1.0,3
310,VECTOR_FIRST_HNSW,"[0.00,0.05)",23.002625,0.6,3
310,HNSW_HYBRID,"[0.00,0.05)",10.195625,1.0,3
310,IVFFLAT_HYBRID,"[0.00,0.05)",9.399292,1.0,3
310,SQL_FIRST,"[0.00,0.05)",9.128667,1.0,4
310,VECTOR_FIRST_HNSW,"[0.00,0.05)",23.050958,0.6,4
310,HNSW_HYBRID,"[0.00,0.05)",9.854667,1.0,4
310,IVFFLAT_HYBRID,"[0.00,0.05)",9.868,1.0,4
312,SQL_FIRST,"[0.00,0.05)",4.016833,1.0,0
312,VECTOR_FIRST_HNSW,"[0.00,0.05)",23.0195,0.0,0
312,HNSW_HYBRID,"[0.00,0.05)",4.451583,1.0,0
312,IVFFLAT_HYBRID,"[0.00,0.05)",4.046708,1.0,0
312,SQL_FIRST,"[0.00,0.05)",4.066666,1.0,1
312,VECTOR_FIRST_HNSW,"[0.00,0.05)",23.032458,0.0,1
312,HNSW_HYBRID,"[0.00,0.05)",4.53,1.0,1
312,IVFFLAT_HYBRID,"[0.00,0.05)",4.178375,1.0,1
312,SQL_FIRST,"[0.00,0.05)",4.132,1.0,2
312,VECTOR_FIRST_HNSW,"[0.00,0.05)",23.090333,0.0,2
312,HNSW_HYBRID,"[0.00,0.05)",4.425709,1.0,2
312,IVFFLAT_HYBRID,"[0.00,0.05)",4.030625,1.0,2
312,SQL_FIRST,"[0.00,0.05)",3.998459,1.0,3
312,VECTOR_FIRST_HNSW,"[0.00,0.05)",22.963583,0.0,3
312,HNSW_HYBRID,"[0.00,0.05)",4.440667,1.0,3
312,IVFFLAT_HYBRID,"[0.00,0.05)",4.010083,1.0,3
312,SQL_FIRST,"[0.00,0.05)",3.965542,1.0,4
312,VECTOR_FIRST_HNSW,"[0.00,0.05)",22.918,0.0,4
312,HNSW_HYBRID,"[0.00,0.05)",4.408209,1.0,4
312,IVFFLAT_HYBRID,"[0.00,0.05)",4.014125,1.0,4
313,SQL_FIRST,"[0.00,0.05)",7.116125,1.0,0
313,VECTOR_FIRST_HNSW,"[0.00,0.05)",22.960167,0.2,0
313,HNSW_HYBRID,"[0.00,0.05)",7.945709,1.0,0
313,IVFFLAT_HYBRID,"[0.00,0.05)",7.205042,1.0,0
313,SQL_FIRST,"[0.00,0.05)",7.144667,1.0,1
313,VECTOR_FIRST_HNSW,"[0.00,0.05)",22.903584,0.2,1
313,HNSW_HYBRID,"[0.00,0.05)",7.809,1.0,1
313,IVFFLAT_HYBRID,"[0.00,0.05)",7.4075,1.0,1
313,SQL_FIRST,"[0.00,0.05)",7.143333,1.0,2
313,VECTOR_FIRST_HNSW,"[0.00,0.05)",23.018084,0.2,2
313,HNSW_HYBRID,"[0.00,0.05)",7.868917,1.0,2
313,IVFFLAT_HYBRID,"[0.00,0.05)",7.114209,1.0,2
313,SQL_FIRST,"[0.00,0.05)",7.07975,1.0,3
313,VECTOR_FIRST_HNSW,"[0.00,0.05)",22.943291,0.2,3
313,HNSW_HYBRID,"[0.00,0.05)",7.897625,1.0,3
313,IVFFLAT_HYBRID,"[0.00,0.05)",7.30075,1.0,3
313,SQL_FIRST,"[0.00,0.05)",7.358125,1.0,4
313,VECTOR_FIRST_HNSW,"[0.00,0.05)",22.780375,0.2,4
313,HNSW_HYBRID,"[0.00,0.05)",8.417625,1.0,4
313,IVFFLAT_HYBRID,"[0.00,0.05)",7.959625,1.0,4
314,SQL_FIRST,"[0.00,0.05)",1.388625,1.0,0
314,VECTOR_FIRST_HNSW,"[0.00,0.05)",22.842459,0.0,0
314,HNSW_HYBRID,"[0.00,0.05)",1.882167,1.0,0
314,IVFFLAT_HYBRID,"[0.00,0.05)",1.461375,1.0,0
314,SQL_FIRST,"[0.00,0.05)",1.432416,1.0,1
314,VECTOR_FIRST_HNSW,"[0.00,0.05)",22.92775,0.0,1
314,HNSW_HYBRID,"[0.00,0.05)",1.851625,1.0,1
314,IVFFLAT_HYBRID,"[0.00,0.05)",1.51975,1.0,1
314,SQL_FIRST,"[0.00,0.05)",1.503334,1.0,2
314,VECTOR_FIRST_HNSW,"[0.00,0.05)",22.869916,0.0,2
314,HNSW_HYBRID,"[0.00,0.05)",1.735875,1.0,2
314,IVFFLAT_HYBRID,"[0.00,0.05)",1.414708,1.0,2
314,SQL_FIRST,"[0.00,0.05)",1.610458,1.0,3
314,VECTOR_FIRST_HNSW,"[0.00,0.05)",24.031875,0.0,3
314,HNSW_HYBRID,"[0.00,0.05)",1.927541,1.0,3
314,IVFFLAT_HYBRID,"[0.00,0.05)",1.507209,1.0,3
314,SQL_FIRST,"[0.00,0.05)",1.469667,1.0,4
314,VECTOR_FIRST_HNSW,"[0.00,0.05)",23.108416,0.0,4
314,HNSW_HYBRID,"[0.00,0.05)",1.865417,1.0,4
314,IVFFLAT_HYBRID,"[0.00,0.05)",1.534209,1.0,4
315,SQL_FIRST,"[0.00,0.05)",8.103417,1.0,0
315,VECTOR_FIRST_HNSW,"[0.00,0.05)",23.042334,0.2,0
315,HNSW_HYBRID,"[0.00,0.05)",9.062042,1.0,0
315,IVFFLAT_HYBRID,"[0.00,0.05)",8.262875,1.0,0
315,SQL_FIRST,"[0.00,0.05)",8.743,1.0,1
315,VECTOR_FIRST_HNSW,"[0.00,0.05)",22.861833,0.2,1
315,HNSW_HYBRID,"[0.00,0.05)",9.288375,1.0,1
315,IVFFLAT_HYBRID,"[0.00,0.05)",8.344292,1.0,1
315,SQL_FIRST,"[0.00,0.05)",8.434333,1.0,2
315,VECTOR_FIRST_HNSW,"[0.00,0.05)",23.020459,0.2,2
315,HNSW_HYBRID,"[0.00,0.05)",8.952458,1.0,2
315,IVFFLAT_HYBRID,"[0.00,0.05)",8.340375,1.0,2
315,SQL_FIRST,"[0.00,0.05)",8.535667,1.0,3
315,VECTOR_FIRST_HNSW,"[0.00,0.05)",22.987334,0.2,3
315,HNSW_HYBRID,"[0.00,0.05)",9.046833,1.0,3
315,IVFFLAT_HYBRID,"[0.00,0.05)",8.142541,1.0,3
315,SQL_FIRST,"[0.00,0.05)",8.078333,1.0,4
315,VECTOR_FIRST_HNSW,"[0.00,0.05)",22.885375,0.2,4
315,HNSW_HYBRID,"[0.00,0.05)",9.085167,1.0,4
315,IVFFLAT_HYBRID,"[0.00,0.05)",8.296875,1.0,4
316,SQL_FIRST,"[0.00,0.05)",6.72625,1.0,0
316,VECTOR_FIRST_HNSW,"[0.00,0.05)",23.468292,0.1,0
316,HNSW_HYBRID,"[0.00,0.05)",7.313375,1.0,0
316,IVFFLAT_HYBRID,"[0.00,0.05)",6.689166,1.0,0
316,SQL_FIRST,"[0.00,0.05)",6.683875,1.0,1
316,VECTOR_FIRST_HNSW,"[0.00,0.05)",23.017375,0.1,1
316,HNSW_HYBRID,"[0.00,0.05)",7.492916,1.0,1
316,IVFFLAT_HYBRID,"[0.00,0.05)",7.032875,1.0,1
316,SQL_FIRST,"[0.00,0.05)",6.705083,1.0,2
316,VECTOR_FIRST_HNSW,"[0.00,0.05)",24.131042,0.1,2
316,HNSW_HYBRID,"[0.00,0.05)",8.308083,1.0,2
316,IVFFLAT_HYBRID,"[0.00,0.05)",7.418833,1.0,2
316,SQL_FIRST,"[0.00,0.05)",6.847375,1.0,3
316,VECTOR_FIRST_HNSW,"[0.00,0.05)",23.019083,0.1,3
316,HNSW_HYBRID,"[0.00,0.05)",7.279333,1.0,3
316,IVFFLAT_HYBRID,"[0.00,0.05)",6.677292,1.0,3
316,SQL_FIRST,"[0.00,0.05)",6.924792,1.0,4
316,VECTOR_FIRST_HNSW,"[0.00,0.05)",22.917042,0.1,4
316,HNSW_HYBRID,"[0.00,0.05)",7.660625,1.0,4
316,IVFFLAT_HYBRID,"[0.00,0.05)",6.798125,1.0,4
318,SQL_FIRST,"[0.00,0.05)",9.500583,1.0,0
318,VECTOR_FIRST_HNSW,"[0.00,0.05)",22.848292,0.2,0
318,HNSW_HYBRID,"[0.00,0.05)",9.754208,1.0,0
318,IVFFLAT_HYBRID,"[0.00,0.05)",9.232875,1.0,0
318,SQL_FIRST,"[0.00,0.05)",9.212542,1.0,1
318,VECTOR_FIRST_HNSW,"[0.00,0.05)",22.955167,0.2,1
318,HNSW_HYBRID,"[0.00,0.05)",9.327416,1.0,1
318,IVFFLAT_HYBRID,"[0.00,0.05)",9.514167,1.0,1
318,SQL_FIRST,"[0.00,0.05)",8.998916,1.0,2
318,VECTOR_FIRST_HNSW,"[0.00,0.05)",23.084041,0.2,2
318,HNSW_HYBRID,"[0.00,0.05)",9.560791,1.0,2
318,IVFFLAT_HYBRID,"[0.00,0.05)",8.79375,1.0,2
318,SQL_FIRST,"[0.00,0.05)",8.815541,1.0,3
318,VECTOR_FIRST_HNSW,"[0.00,0.05)",23.262833,0.2,3
318,HNSW_HYBRID,"[0.00,0.05)",9.66825,1.0,3
318,IVFFLAT_HYBRID,"[0.00,0.05)",9.641,1.0,3
318,SQL_FIRST,"[0.00,0.05)",8.999541,1.0,4
318,VECTOR_FIRST_HNSW,"[0.00,0.05)",22.9955,0.2,4
318,HNSW_HYBRID,"[0.00,0.05)",9.687167,1.0,4
318,IVFFLAT_HYBRID,"[0.00,0.05)",9.142834,1.0,4
320,SQL_FIRST,"[0.00,0.05)",9.598667,1.0,0
320,VECTOR_FIRST_HNSW,"[0.00,0.05)",23.261375,0.1,0
320,HNSW_HYBRID,"[0.00,0.05)",10.069167,1.0,0
320,IVFFLAT_HYBRID,"[0.00,0.05)",9.726959,1.0,0
320,SQL_FIRST,"[0.00,0.05)",10.067209,1.0,1
320,VECTOR_FIRST_HNSW,"[0.00,0.05)",23.088125,0.1,1
320,HNSW_HYBRID,"[0.00,0.05)",10.064833,1.0,1
320,IVFFLAT_HYBRID,"[0.00,0.05)",9.381791,1.0,1
320,SQL_FIRST,"[0.00,0.05)",9.989625,1.0,2
320,VECTOR_FIRST_HNSW,"[0.00,0.05)",23.013458,0.1,2
320,HNSW_HYBRID,"[0.00,0.05)",10.226458,1.0,2
320,IVFFLAT_HYBRID,"[0.00,0.05)",9.571375,1.0,2
320,SQL_FIRST,"[0.00,0.05)",9.382875,1.0,3
320,VECTOR_FIRST_HNSW,"[0.00,0.05)",22.973208,0.1,3
320,HNSW_HYBRID,"[0.00,0.05)",10.13375,1.0,3
320,IVFFLAT_HYBRID,"[0.00,0.05)",9.988917,1.0,3
320,SQL_FIRST,"[0.00,0.05)",9.46325,1.0,4
320,VECTOR_FIRST_HNSW,"[0.00,0.05)",22.975292,0.1,4
320,HNSW_HYBRID,"[0.00,0.05)",10.167125,1.0,4
320,IVFFLAT_HYBRID,"[0.00,0.05)",9.595167,1.0,4
322,SQL_FIRST,"[0.00,0.05)",6.81075,1.0,0
322,VECTOR_FIRST_HNSW,"[0.00,0.05)",23.069416,0.3,0
322,HNSW_HYBRID,"[0.00,0.05)",7.621375,1.0,0
322,IVFFLAT_HYBRID,"[0.00,0.05)",6.976458,1.0,0
322,SQL_FIRST,"[0.00,0.05)",6.767417,1.0,1
322,VECTOR_FIRST_HNSW,"[0.00,0.05)",22.933834,0.3,1
322,HNSW_HYBRID,"[0.00,0.05)",7.712542,1.0,1
322,IVFFLAT_HYBRID,"[0.00,0.05)",6.929042,1.0,1
322,SQL_FIRST,"[0.00,0.05)",7.207083,1.0,2
322,VECTOR_FIRST_HNSW,"[0.00,0.05)",22.827084,0.3,2
322,HNSW_HYBRID,"[0.00,0.05)",7.756125,1.0,2
322,IVFFLAT_HYBRID,"[0.00,0.05)",7.008333,1.0,2
322,SQL_FIRST,"[0.00,0.05)",7.000417,1.0,3
322,VECTOR_FIRST_HNSW,"[0.00,0.05)",23.277833,0.3,3
322,HNSW_HYBRID,"[0.00,0.05)",7.550625,1.0,3
322,IVFFLAT_HYBRID,"[0.00,0.05)",6.758542,1.0,3
322,SQL_FIRST,"[0.00,0.05)",6.769917,1.0,4
322,VECTOR_FIRST_HNSW,"[0.00,0.05)",23.058208,0.3,4
322,HNSW_HYBRID,"[0.00,0.05)",7.592542,1.0,4
322,IVFFLAT_HYBRID,"[0.00,0.05)",7.173,1.0,4
324,SQL_FIRST,"[0.00,0.05)",6.006375,1.0,0
324,VECTOR_FIRST_HNSW,"[0.00,0.05)",23.227958,0.1,0
324,HNSW_HYBRID,"[0.00,0.05)",6.395917,1.0,0
324,IVFFLAT_HYBRID,"[0.00,0.05)",5.727958,1.0,0
324,SQL_FIRST,"[0.00,0.05)",5.777292,1.0,1
324,VECTOR_FIRST_HNSW,"[0.00,0.05)",23.036667,0.1,1
324,HNSW_HYBRID,"[0.00,0.05)",6.43975,1.0,1
324,IVFFLAT_HYBRID,"[0.00,0.05)",6.10125,1.0,1
324,SQL_FIRST,"[0.00,0.05)",5.845583,1.0,2
324,VECTOR_FIRST_HNSW,"[0.00,0.05)",22.788917,0.1,2
324,HNSW_HYBRID,"[0.00,0.05)",6.535375,1.0,2
324,IVFFLAT_HYBRID,"[0.00,0.05)",5.807084,1.0,2
324,SQL_FIRST,"[0.00,0.05)",5.830459,1.0,3
324,VECTOR_FIRST_HNSW,"[0.00,0.05)",22.973209,0.1,3
324,HNSW_HYBRID,"[0.00,0.05)",6.525083,1.0,3
324,IVFFLAT_HYBRID,"[0.00,0.05)",5.772042,1.0,3
324,SQL_FIRST,"[0.00,0.05)",5.749625,1.0,4
324,VECTOR_FIRST_HNSW,"[0.00,0.05)",22.9155,0.1,4
324,HNSW_HYBRID,"[0.00,0.05)",6.497666,1.0,4
324,IVFFLAT_HYBRID,"[0.00,0.05)",5.837625,1.0,4
326,SQL_FIRST,"[0.00,0.05)",4.84975,1.0,0
326,VECTOR_FIRST_HNSW,"[0.00,0.05)",23.010042,0.0,0
326,HNSW_HYBRID,"[0.00,0.05)",5.651666,1.0,0
326,IVFFLAT_HYBRID,"[0.00,0.05)",5.038083,1.0,0
326,SQL_FIRST,"[0.00,0.05)",4.89575,1.0,1
326,VECTOR_FIRST_HNSW,"[0.00,0.05)",22.988375,0.0,1
326,HNSW_HYBRID,"[0.00,0.05)",5.543334,1.0,1
326,IVFFLAT_HYBRID,"[0.00,0.05)",4.926625,1.0,1
326,SQL_FIRST,"[0.00,0.05)",4.911458,1.0,2
326,VECTOR_FIRST_HNSW,"[0.00,0.05)",22.926792,0.0,2
326,HNSW_HYBRID,"[0.00,0.05)",5.383208,1.0,2
326,IVFFLAT_HYBRID,"[0.00,0.05)",5.01425,1.0,2
326,SQL_FIRST,"[0.00,0.05)",5.628375,1.0,3
326,VECTOR_FIRST_HNSW,"[0.00,0.05)",24.076333,0.0,3
326,HNSW_HYBRID,"[0.00,0.05)",5.396125,1.0,3
326,IVFFLAT_HYBRID,"[0.00,0.05)",5.030917,1.0,3
326,SQL_FIRST,"[0.00,0.05)",4.969625,1.0,4
326,VECTOR_FIRST_HNSW,"[0.00,0.05)",23.043333,0.0,4
326,HNSW_HYBRID,"[0.00,0.05)",5.633625,1.0,4
326,IVFFLAT_HYBRID,"[0.00,0.05)",4.894625,1.0,4
327,SQL_FIRST,"[0.00,0.05)",9.8055,1.0,0
327,VECTOR_FIRST_HNSW,"[0.00,0.05)",23.929959,0.2,0
327,HNSW_HYBRID,"[0.00,0.05)",9.652458,1.0,0
327,IVFFLAT_HYBRID,"[0.00,0.05)",8.792083,1.0,0
327,SQL_FIRST,"[0.00,0.05)",8.577625,1.0,1
327,VECTOR_FIRST_HNSW,"[0.00,0.05)",23.037458,0.2,1
327,HNSW_HYBRID,"[0.00,0.05)",9.48875,1.0,1
327,IVFFLAT_HYBRID,"[0.00,0.05)",9.350292,1.0,1
327,SQL_FIRST,"[0.00,0.05)",8.980125,1.0,2
327,VECTOR_FIRST_HNSW,"[0.00,0.05)",23.019292,0.2,2
327,HNSW_HYBRID,"[0.00,0.05)",9.498834,1.0,2
327,IVFFLAT_HYBRID,"[0.00,0.05)",9.24225,1.0,2
327,SQL_FIRST,"[0.00,0.05)",8.806167,1.0,3
327,VECTOR_FIRST_HNSW,"[0.00,0.05)",22.890042,0.2,3
327,HNSW_HYBRID,"[0.00,0.05)",9.43825,1.0,3
327,IVFFLAT_HYBRID,"[0.00,0.05)",9.164708,1.0,3
327,SQL_FIRST,"[0.00,0.05)",9.094208,1.0,4
327,VECTOR_FIRST_HNSW,"[0.00,0.05)",22.996542,0.2,4
327,HNSW_HYBRID,"[0.00,0.05)",9.3365,1.0,4
327,IVFFLAT_HYBRID,"[0.00,0.05)",8.629875,1.0,4
329,SQL_FIRST,"[0.00,0.05)",6.237917,1.0,0
329,VECTOR_FIRST_HNSW,"[0.00,0.05)",22.911875,0.2,0
329,HNSW_HYBRID,"[0.00,0.05)",6.910042,1.0,0
329,IVFFLAT_HYBRID,"[0.00,0.05)",6.279084,1.0,0
329,SQL_FIRST,"[0.00,0.05)",6.196041,1.0,1
329,VECTOR_FIRST_HNSW,"[0.00,0.05)",23.0485,0.2,1
329,HNSW_HYBRID,"[0.00,0.05)",6.808708,1.0,1
329,IVFFLAT_HYBRID,"[0.00,0.05)",6.068084,1.0,1
329,SQL_FIRST,"[0.00,0.05)",6.381666,1.0,2
329,VECTOR_FIRST_HNSW,"[0.00,0.05)",22.879042,0.2,2
329,HNSW_HYBRID,"[0.00,0.05)",7.008958,1.0,2
329,IVFFLAT_HYBRID,"[0.00,0.05)",6.377083,1.0,2
329,SQL_FIRST,"[0.00,0.05)",6.022334,1.0,3
329,VECTOR_FIRST_HNSW,"[0.00,0.05)",22.963916,0.2,3
329,HNSW_HYBRID,"[0.00,0.05)",7.040708,1.0,3
329,IVFFLAT_HYBRID,"[0.00,0.05)",6.279625,1.0,3
329,SQL_FIRST,"[0.00,0.05)",6.218,1.0,4
329,VECTOR_FIRST_HNSW,"[0.00,0.05)",22.877792,0.2,4
329,HNSW_HYBRID,"[0.00,0.05)",6.810959,1.0,4
329,IVFFLAT_HYBRID,"[0.00,0.05)",6.0715,1.0,4
331,SQL_FIRST,"[0.00,0.05)",10.062125,1.0,0
331,VECTOR_FIRST_HNSW,"[0.00,0.05)",23.415166,0.5,0
331,HNSW_HYBRID,"[0.00,0.05)",10.917041,1.0,0
331,IVFFLAT_HYBRID,"[0.00,0.05)",10.612,1.0,0
331,SQL_FIRST,"[0.00,0.05)",10.283166,1.0,1
331,VECTOR_FIRST_HNSW,"[0.00,0.05)",22.987167,0.5,1
331,HNSW_HYBRID,"[0.00,0.05)",10.897291,1.0,1
331,IVFFLAT_HYBRID,"[0.00,0.05)",10.546459,1.0,1
331,SQL_FIRST,"[0.00,0.05)",10.447083,1.0,2
331,VECTOR_FIRST_HNSW,"[0.00,0.05)",22.899916,0.5,2
331,HNSW_HYBRID,"[0.00,0.05)",10.862458,1.0,2
331,IVFFLAT_HYBRID,"[0.00,0.05)",10.466125,1.0,2
331,SQL_FIRST,"[0.00,0.05)",10.668833,1.0,3
331,VECTOR_FIRST_HNSW,"[0.00,0.05)",23.126833,0.5,3
331,HNSW_HYBRID,"[0.00,0.05)",11.158625,1.0,3
331,IVFFLAT_HYBRID,"[0.00,0.05)",10.553333,1.0,3
331,SQL_FIRST,"[0.00,0.05)",10.533167,1.0,4
331,VECTOR_FIRST_HNSW,"[0.00,0.05)",23.095,0.5,4
331,HNSW_HYBRID,"[0.00,0.05)",10.798334,1.0,4
331,IVFFLAT_HYBRID,"[0.00,0.05)",10.80725,1.0,4
332,SQL_FIRST,"[0.00,0.05)",8.869667,1.0,0
332,VECTOR_FIRST_HNSW,"[0.00,0.05)",22.945208,0.6,0
332,HNSW_HYBRID,"[0.00,0.05)",9.810667,1.0,0
332,IVFFLAT_HYBRID,"[0.00,0.05)",9.0285,1.0,0
332,SQL_FIRST,"[0.00,0.05)",9.05325,1.0,1
332,VECTOR_FIRST_HNSW,"[0.00,0.05)",22.974791,0.6,1
332,HNSW_HYBRID,"[0.00,0.05)",9.570084,1.0,1
332,IVFFLAT_HYBRID,"[0.00,0.05)",9.254583,1.0,1
332,SQL_FIRST,"[0.00,0.05)",9.316667,1.0,2
332,VECTOR_FIRST_HNSW,"[0.00,0.05)",22.864625,0.6,2
332,HNSW_HYBRID,"[0.00,0.05)",9.747291,1.0,2
332,IVFFLAT_HYBRID,"[0.00,0.05)",9.077916,1.0,2
332,SQL_FIRST,"[0.00,0.05)",9.644,1.0,3
332,VECTOR_FIRST_HNSW,"[0.00,0.05)",23.15475,0.6,3
332,HNSW_HYBRID,"[0.00,0.05)",9.219375,1.0,3
332,IVFFLAT_HYBRID,"[0.00,0.05)",8.976041,1.0,3
332,SQL_FIRST,"[0.00,0.05)",9.088833,1.0,4
332,VECTOR_FIRST_HNSW,"[0.00,0.05)",23.065667,0.6,4
332,HNSW_HYBRID,"[0.00,0.05)",9.460917,1.0,4
332,IVFFLAT_HYBRID,"[0.00,0.05)",8.852625,1.0,4
333,SQL_FIRST,"[0.00,0.05)",8.9465,1.0,0
333,VECTOR_FIRST_HNSW,"[0.00,0.05)",23.013209,0.2,0
333,HNSW_HYBRID,"[0.00,0.05)",9.559208,1.0,0
333,IVFFLAT_HYBRID,"[0.00,0.05)",9.114875,1.0,0
333,SQL_FIRST,"[0.00,0.05)",9.375583,1.0,1
333,VECTOR_FIRST_HNSW,"[0.00,0.05)",22.959125,0.2,1
333,HNSW_HYBRID,"[0.00,0.05)",9.77425,1.0,1
333,IVFFLAT_HYBRID,"[0.00,0.05)",8.99325,1.0,1
333,SQL_FIRST,"[0.00,0.05)",8.984084,1.0,2
333,VECTOR_FIRST_HNSW,"[0.00,0.05)",23.037625,0.2,2
333,HNSW_HYBRID,"[0.00,0.05)",9.406834,1.0,2
333,IVFFLAT_HYBRID,"[0.00,0.05)",9.149541,1.0,2
333,SQL_FIRST,"[0.00,0.05)",9.239958,1.0,3
333,VECTOR_FIRST_HNSW,"[0.00,0.05)",23.152292,0.2,3
333,HNSW_HYBRID,"[0.00,0.05)",9.602375,1.0,3
333,IVFFLAT_HYBRID,"[0.00,0.05)",8.934042,1.0,3
333,SQL_FIRST,"[0.00,0.05)",8.834792,1.0,4
333,VECTOR_FIRST_HNSW,"[0.00,0.05)",23.038417,0.2,4
333,HNSW_HYBRID,"[0.00,0.05)",9.413709,1.0,4
333,IVFFLAT_HYBRID,"[0.00,0.05)",9.818333,1.0,4
334,SQL_FIRST,"[0.00,0.05)",4.821083,1.0,0
334,VECTOR_FIRST_HNSW,"[0.00,0.05)",22.961,0.1,0
334,HNSW_HYBRID,"[0.00,0.05)",5.389792,1.0,0
334,IVFFLAT_HYBRID,"[0.00,0.05)",4.83,1.0,0
334,SQL_FIRST,"[0.00,0.05)",4.793625,1.0,1
334,VECTOR_FIRST_HNSW,"[0.00,0.05)",24.042875,0.1,1
334,HNSW_HYBRID,"[0.00,0.05)",5.697458,1.0,1
334,IVFFLAT_HYBRID,"[0.00,0.05)",4.930917,1.0,1
334,SQL_FIRST,"[0.00,0.05)",4.965667,1.0,2
334,VECTOR_FIRST_HNSW,"[0.00,0.05)",22.922167,0.1,2
334,HNSW_HYBRID,"[0.00,0.05)",5.378208,1.0,2
334,IVFFLAT_HYBRID,"[0.00,0.05)",5.011125,1.0,2
334,SQL_FIRST,"[0.00,0.05)",4.879375,1.0,3
334,VECTOR_FIRST_HNSW,"[0.00,0.05)",23.052709,0.1,3
334,HNSW_HYBRID,"[0.00,0.05)",5.414875,1.0,3
334,IVFFLAT_HYBRID,"[0.00,0.05)",4.88975,1.0,3
334,SQL_FIRST,"[0.00,0.05)",4.889708,1.0,4
334,VECTOR_FIRST_HNSW,"[0.00,0.05)",25.715292,0.1,4
334,HNSW_HYBRID,"[0.00,0.05)",5.425333,1.0,4
334,IVFFLAT_HYBRID,"[0.00,0.05)",4.90875,1.0,4
336,SQL_FIRST,"[0.00,0.05)",1.451541,1.0,0
336,VECTOR_FIRST_HNSW,"[0.00,0.05)",22.842875,0.0,0
336,HNSW_HYBRID,"[0.00,0.05)",1.890417,1.0,0
336,IVFFLAT_HYBRID,"[0.00,0.05)",1.524792,1.0,0
336,SQL_FIRST,"[0.00,0.05)",1.56175,1.0,1
336,VECTOR_FIRST_HNSW,"[0.00,0.05)",22.940833,0.0,1
336,HNSW_HYBRID,"[0.00,0.05)",1.871209,1.0,1
336,IVFFLAT_HYBRID,"[0.00,0.05)",1.51925,1.0,1
336,SQL_FIRST,"[0.00,0.05)",1.460375,1.0,2
336,VECTOR_FIRST_HNSW,"[0.00,0.05)",22.75075,0.0,2
336,HNSW_HYBRID,"[0.00,0.05)",1.918083,1.0,2
336,IVFFLAT_HYBRID,"[0.00,0.05)",1.515917,1.0,2
336,SQL_FIRST,"[0.00,0.05)",1.487208,1.0,3
336,VECTOR_FIRST_HNSW,"[0.00,0.05)",22.757458,0.0,3
336,HNSW_HYBRID,"[0.00,0.05)",1.916958,1.0,3
336,IVFFLAT_HYBRID,"[0.00,0.05)",1.576708,1.0,3
336,SQL_FIRST,"[0.00,0.05)",1.523167,1.0,4
336,VECTOR_FIRST_HNSW,"[0.00,0.05)",23.299083,0.0,4
336,HNSW_HYBRID,"[0.00,0.05)",1.873084,1.0,4
336,IVFFLAT_HYBRID,"[0.00,0.05)",1.559542,1.0,4
338,SQL_FIRST,"[0.00,0.05)",11.3885,1.0,0
338,VECTOR_FIRST_HNSW,"[0.00,0.05)",26.719958,0.5,0
338,HNSW_HYBRID,"[0.00,0.05)",9.884667,1.0,0
338,IVFFLAT_HYBRID,"[0.00,0.05)",9.335334,1.0,0
338,SQL_FIRST,"[0.00,0.05)",9.14825,1.0,1
338,VECTOR_FIRST_HNSW,"[0.00,0.05)",24.437084,0.5,1
338,HNSW_HYBRID,"[0.00,0.05)",9.822083,1.0,1
338,IVFFLAT_HYBRID,"[0.00,0.05)",9.458083,1.0,1
338,SQL_FIRST,"[0.00,0.05)",9.451417,1.0,2
338,VECTOR_FIRST_HNSW,"[0.00,0.05)",23.123541,0.5,2
338,HNSW_HYBRID,"[0.00,0.05)",9.997375,1.0,2
338,IVFFLAT_HYBRID,"[0.00,0.05)",10.0795,1.0,2
338,SQL_FIRST,"[0.00,0.05)",9.857709,1.0,3
338,VECTOR_FIRST_HNSW,"[0.00,0.05)",22.907666,0.5,3
338,HNSW_HYBRID,"[0.00,0.05)",9.6835,1.0,3
338,IVFFLAT_HYBRID,"[0.00,0.05)",9.75325,1.0,3
338,SQL_FIRST,"[0.00,0.05)",9.670125,1.0,4
338,VECTOR_FIRST_HNSW,"[0.00,0.05)",22.989167,0.5,4
338,HNSW_HYBRID,"[0.00,0.05)",9.750042,1.0,4
338,IVFFLAT_HYBRID,"[0.00,0.05)",9.085042,1.0,4
343,SQL_FIRST,"[0.00,0.05)",9.086625,1.0,0
343,VECTOR_FIRST_HNSW,"[0.00,0.05)",23.069916,0.7,0
343,HNSW_HYBRID,"[0.00,0.05)",9.773208,1.0,0
343,IVFFLAT_HYBRID,"[0.00,0.05)",9.789792,1.0,0
343,SQL_FIRST,"[0.00,0.05)",9.218041,1.0,1
343,VECTOR_FIRST_HNSW,"[0.00,0.05)",22.9735,0.7,1
343,HNSW_HYBRID,"[0.00,0.05)",9.700416,1.0,1
343,IVFFLAT_HYBRID,"[0.00,0.05)",9.403708,1.0,1
343,SQL_FIRST,"[0.00,0.05)",9.486834,1.0,2
343,VECTOR_FIRST_HNSW,"[0.00,0.05)",23.024542,0.7,2
343,HNSW_HYBRID,"[0.00,0.05)",9.902542,1.0,2
343,IVFFLAT_HYBRID,"[0.00,0.05)",9.563625,1.0,2
343,SQL_FIRST,"[0.00,0.05)",9.477042,1.0,3
343,VECTOR_FIRST_HNSW,"[0.00,0.05)",22.984875,0.7,3
343,HNSW_HYBRID,"[0.00,0.05)",9.56675,1.0,3
343,IVFFLAT_HYBRID,"[0.00,0.05)",9.290792,1.0,3
343,SQL_FIRST,"[0.00,0.05)",9.499375,1.0,4
343,VECTOR_FIRST_HNSW,"[0.00,0.05)",23.01575,0.7,4
343,HNSW_HYBRID,"[0.00,0.05)",9.983417,1.0,4
343,IVFFLAT_HYBRID,"[0.00,0.05)",9.421708,1.0,4
344,SQL_FIRST,"[0.00,0.05)",9.140459,1.0,0
344,VECTOR_FIRST_HNSW,"[0.00,0.05)",23.176375,0.6,0
344,HNSW_HYBRID,"[0.00,0.05)",10.026625,1.0,0
344,IVFFLAT_HYBRID,"[0.00,0.05)",9.534208,1.0,0
344,SQL_FIRST,"[0.00,0.05)",9.878458,1.0,1
344,VECTOR_FIRST_HNSW,"[0.00,0.05)",22.944709,0.6,1
344,HNSW_HYBRID,"[0.00,0.05)",9.974583,1.0,1
344,IVFFLAT_HYBRID,"[0.00,0.05)",9.329041,1.0,1
344,SQL_FIRST,"[0.00,0.05)",9.422917,1.0,2
344,VECTOR_FIRST_HNSW,"[0.00,0.05)",23.136583,0.6,2
344,HNSW_HYBRID,"[0.00,0.05)",9.475833,1.0,2
344,IVFFLAT_HYBRID,"[0.00,0.05)",9.349083,1.0,2
344,SQL_FIRST,"[0.00,0.05)",9.316292,1.0,3
344,VECTOR_FIRST_HNSW,"[0.00,0.05)",23.009958,0.6,3
344,HNSW_HYBRID,"[0.00,0.05)",9.638167,1.0,3
344,IVFFLAT_HYBRID,"[0.00,0.05)",8.942833,1.0,3
344,SQL_FIRST,"[0.00,0.05)",8.785541,1.0,4
344,VECTOR_FIRST_HNSW,"[0.00,0.05)",23.024125,0.6,4
344,HNSW_HYBRID,"[0.00,0.05)",9.733,1.0,4
344,IVFFLAT_HYBRID,"[0.00,0.05)",9.617917,1.0,4
345,SQL_FIRST,"[0.00,0.05)",9.507292,1.0,0
345,VECTOR_FIRST_HNSW,"[0.00,0.05)",22.9215,0.8,0
345,HNSW_HYBRID,"[0.00,0.05)",9.714792,1.0,0
345,IVFFLAT_HYBRID,"[0.00,0.05)",9.417042,1.0,0
345,SQL_FIRST,"[0.00,0.05)",9.25525,1.0,1
345,VECTOR_FIRST_HNSW,"[0.00,0.05)",22.860208,0.8,1
345,HNSW_HYBRID,"[0.00,0.05)",9.584583,1.0,1
345,IVFFLAT_HYBRID,"[0.00,0.05)",9.669458,1.0,1
345,SQL_FIRST,"[0.00,0.05)",9.160666,1.0,2
345,VECTOR_FIRST_HNSW,"[0.00,0.05)",23.011167,0.8,2
345,HNSW_HYBRID,"[0.00,0.05)",9.365042,1.0,2
345,IVFFLAT_HYBRID,"[0.00,0.05)",8.88825,1.0,2
345,SQL_FIRST,"[0.00,0.05)",9.274625,1.0,3
345,VECTOR_FIRST_HNSW,"[0.00,0.05)",23.066709,0.8,3
345,HNSW_HYBRID,"[0.00,0.05)",9.733291,1.0,3
345,IVFFLAT_HYBRID,"[0.00,0.05)",9.160875,1.0,3
345,SQL_FIRST,"[0.00,0.05)",9.00175,1.0,4
345,VECTOR_FIRST_HNSW,"[0.00,0.05)",23.463667,0.8,4
345,HNSW_HYBRID,"[0.00,0.05)",10.413542,1.0,4
345,IVFFLAT_HYBRID,"[0.00,0.05)",9.704375,1.0,4
348,SQL_FIRST,"[0.00,0.05)",9.359375,1.0,0
348,VECTOR_FIRST_HNSW,"[0.00,0.05)",22.938042,0.0,0
348,HNSW_HYBRID,"[0.00,0.05)",10.077792,1.0,0
348,IVFFLAT_HYBRID,"[0.00,0.05)",9.611917,1.0,0
348,SQL_FIRST,"[0.00,0.05)",9.586834,1.0,1
348,VECTOR_FIRST_HNSW,"[0.00,0.05)",23.012167,0.0,1
348,HNSW_HYBRID,"[0.00,0.05)",9.928166,1.0,1
348,IVFFLAT_HYBRID,"[0.00,0.05)",9.482625,1.0,1
348,SQL_FIRST,"[0.00,0.05)",9.778042,1.0,2
348,VECTOR_FIRST_HNSW,"[0.00,0.05)",23.00725,0.0,2
348,HNSW_HYBRID,"[0.00,0.05)",10.172125,1.0,2
348,IVFFLAT_HYBRID,"[0.00,0.05)",9.389416,1.0,2
348,SQL_FIRST,"[0.00,0.05)",9.355625,1.0,3
348,VECTOR_FIRST_HNSW,"[0.00,0.05)",22.969959,0.0,3
348,HNSW_HYBRID,"[0.00,0.05)",10.023167,1.0,3
348,IVFFLAT_HYBRID,"[0.00,0.05)",9.875375,1.0,3
348,SQL_FIRST,"[0.00,0.05)",9.600708,1.0,4
348,VECTOR_FIRST_HNSW,"[0.00,0.05)",23.115167,0.0,4
348,HNSW_HYBRID,"[0.00,0.05)",10.218584,1.0,4
348,IVFFLAT_HYBRID,"[0.00,0.05)",10.068959,1.0,4
349,SQL_FIRST,"[0.00,0.05)",12.085,1.0,0
349,VECTOR_FIRST_HNSW,"[0.00,0.05)",23.039667,0.1,0
349,HNSW_HYBRID,"[0.00,0.05)",11.937709,1.0,0
349,IVFFLAT_HYBRID,"[0.00,0.05)",11.605584,1.0,0
349,SQL_FIRST,"[0.00,0.05)",11.537625,1.0,1
349,VECTOR_FIRST_HNSW,"[0.00,0.05)",23.050834,0.1,1
349,HNSW_HYBRID,"[0.00,0.05)",11.727584,1.0,1
349,IVFFLAT_HYBRID,"[0.00,0.05)",11.680917,1.0,1
349,SQL_FIRST,"[0.00,0.05)",12.843166,1.0,2
349,VECTOR_FIRST_HNSW,"[0.00,0.05)",25.317209,0.1,2
349,HNSW_HYBRID,"[0.00,0.05)",11.611667,1.0,2
349,IVFFLAT_HYBRID,"[0.00,0.05)",11.7555,1.0,2
349,SQL_FIRST,"[0.00,0.05)",11.627375,1.0,3
349,VECTOR_FIRST_HNSW,"[0.00,0.05)",23.151292,0.1,3
349,HNSW_HYBRID,"[0.00,0.05)",11.734416,1.0,3
349,IVFFLAT_HYBRID,"[0.00,0.05)",11.701708,1.0,3
349,SQL_FIRST,"[0.00,0.05)",11.643292,1.0,4
349,VECTOR_FIRST_HNSW,"[0.00,0.05)",23.195708,0.1,4
349,HNSW_HYBRID,"[0.00,0.05)",11.698083,1.0,4
349,IVFFLAT_HYBRID,"[0.00,0.05)",11.029542,1.0,4
351,SQL_FIRST,"[0.00,0.05)",6.77225,1.0,0
351,VECTOR_FIRST_HNSW,"[0.00,0.05)",22.919292,0.0,0
351,HNSW_HYBRID,"[0.00,0.05)",7.53625,1.0,0
351,IVFFLAT_HYBRID,"[0.00,0.05)",6.867083,1.0,0
351,SQL_FIRST,"[0.00,0.05)",6.846708,1.0,1
351,VECTOR_FIRST_HNSW,"[0.00,0.05)",22.969833,0.0,1
351,HNSW_HYBRID,"[0.00,0.05)",7.389625,1.0,1
351,IVFFLAT_HYBRID,"[0.00,0.05)",6.945917,1.0,1
351,SQL_FIRST,"[0.00,0.05)",6.959,1.0,2
351,VECTOR_FIRST_HNSW,"[0.00,0.05)",23.383083,0.0,2
351,HNSW_HYBRID,"[0.00,0.05)",7.674917,1.0,2
351,IVFFLAT_HYBRID,"[0.00,0.05)",6.789333,1.0,2
351,SQL_FIRST,"[0.00,0.05)",6.704958,1.0,3
351,VECTOR_FIRST_HNSW,"[0.00,0.05)",25.141334,0.0,3
351,HNSW_HYBRID,"[0.00,0.05)",7.441375,1.0,3
351,IVFFLAT_HYBRID,"[0.00,0.05)",6.775708,1.0,3
351,SQL_FIRST,"[0.00,0.05)",6.757167,1.0,4
351,VECTOR_FIRST_HNSW,"[0.00,0.05)",22.937583,0.0,4
351,HNSW_HYBRID,"[0.00,0.05)",7.464875,1.0,4
351,IVFFLAT_HYBRID,"[0.00,0.05)",6.995708,1.0,4
352,SQL_FIRST,"[0.00,0.05)",7.55825,1.0,0
352,VECTOR_FIRST_HNSW,"[0.00,0.05)",24.836333,0.2,0
352,HNSW_HYBRID,"[0.00,0.05)",8.400917,1.0,0
352,IVFFLAT_HYBRID,"[0.00,0.05)",7.959625,1.0,0
352,SQL_FIRST,"[0.00,0.05)",7.58475,1.0,1
352,VECTOR_FIRST_HNSW,"[0.00,0.05)",22.910375,0.2,1
352,HNSW_HYBRID,"[0.00,0.05)",8.599166,1.0,1
352,IVFFLAT_HYBRID,"[0.00,0.05)",7.850917,1.0,1
352,SQL_FIRST,"[0.00,0.05)",7.654375,1.0,2
352,VECTOR_FIRST_HNSW,"[0.00,0.05)",22.954417,0.2,2
352,HNSW_HYBRID,"[0.00,0.05)",8.564542,1.0,2
352,IVFFLAT_HYBRID,"[0.00,0.05)",8.118333,1.0,2
352,SQL_FIRST,"[0.00,0.05)",7.546584,1.0,3
352,VECTOR_FIRST_HNSW,"[0.00,0.05)",23.064333,0.2,3
352,HNSW_HYBRID,"[0.00,0.05)",8.449959,1.0,3
352,IVFFLAT_HYBRID,"[0.00,0.05)",7.663375,1.0,3
352,SQL_FIRST,"[0.00,0.05)",7.462375,1.0,4
352,VECTOR_FIRST_HNSW,"[0.00,0.05)",24.121875,0.2,4
352,HNSW_HYBRID,"[0.00,0.05)",8.4175,1.0,4
352,IVFFLAT_HYBRID,"[0.00,0.05)",8.165333,1.0,4
353,SQL_FIRST,"[0.00,0.05)",9.236708,1.0,0
353,VECTOR_FIRST_HNSW,"[0.00,0.05)",22.97225,0.4,0
353,HNSW_HYBRID,"[0.00,0.05)",9.608959,1.0,0
353,IVFFLAT_HYBRID,"[0.00,0.05)",9.31125,1.0,0
353,SQL_FIRST,"[0.00,0.05)",9.3525,1.0,1
353,VECTOR_FIRST_HNSW,"[0.00,0.05)",22.941583,0.4,1
353,HNSW_HYBRID,"[0.00,0.05)",9.387417,1.0,1
353,IVFFLAT_HYBRID,"[0.00,0.05)",9.055708,1.0,1
353,SQL_FIRST,"[0.00,0.05)",9.513916,1.0,2
353,VECTOR_FIRST_HNSW,"[0.00,0.05)",23.075875,0.4,2
353,HNSW_HYBRID,"[0.00,0.05)",9.79375,1.0,2
353,IVFFLAT_HYBRID,"[0.00,0.05)",9.083375,1.0,2
353,SQL_FIRST,"[0.00,0.05)",8.703875,1.0,3
353,VECTOR_FIRST_HNSW,"[0.00,0.05)",24.292708,0.4,3
353,HNSW_HYBRID,"[0.00,0.05)",9.669334,1.0,3
353,IVFFLAT_HYBRID,"[0.00,0.05)",9.602125,1.0,3
353,SQL_FIRST,"[0.00,0.05)",9.6025,1.0,4
353,VECTOR_FIRST_HNSW,"[0.00,0.05)",23.02425,0.4,4
353,HNSW_HYBRID,"[0.00,0.05)",10.002208,1.0,4
353,IVFFLAT_HYBRID,"[0.00,0.05)",9.684916,1.0,4
354,SQL_FIRST,"[0.00,0.05)",10.477834,1.0,0
354,VECTOR_FIRST_HNSW,"[0.00,0.05)",23.0335,0.5,0
354,HNSW_HYBRID,"[0.00,0.05)",10.861916,1.0,0
354,IVFFLAT_HYBRID,"[0.00,0.05)",10.648833,1.0,0
354,SQL_FIRST,"[0.00,0.05)",10.791958,1.0,1
354,VECTOR_FIRST_HNSW,"[0.00,0.05)",23.696208,0.5,1
354,HNSW_HYBRID,"[0.00,0.05)",11.387708,1.0,1
354,IVFFLAT_HYBRID,"[0.00,0.05)",11.789083,1.0,1
354,SQL_FIRST,"[0.00,0.05)",11.072541,1.0,2
354,VECTOR_FIRST_HNSW,"[0.00,0.05)",23.215958,0.5,2
354,HNSW_HYBRID,"[0.00,0.05)",10.951667,1.0,2
354,IVFFLAT_HYBRID,"[0.00,0.05)",10.447959,1.0,2
354,SQL_FIRST,"[0.00,0.05)",10.866709,1.0,3
354,VECTOR_FIRST_HNSW,"[0.00,0.05)",23.020917,0.5,3
354,HNSW_HYBRID,"[0.00,0.05)",11.192542,1.0,3
354,IVFFLAT_HYBRID,"[0.00,0.05)",10.564708,1.0,3
354,SQL_FIRST,"[0.00,0.05)",10.513875,1.0,4
354,VECTOR_FIRST_HNSW,"[0.00,0.05)",23.108333,0.5,4
354,HNSW_HYBRID,"[0.00,0.05)",10.994042,1.0,4
354,IVFFLAT_HYBRID,"[0.00,0.05)",10.601333,1.0,4
355,SQL_FIRST,"[0.00,0.05)",9.374667,1.0,0
355,VECTOR_FIRST_HNSW,"[0.00,0.05)",23.385459,0.8,0
355,HNSW_HYBRID,"[0.00,0.05)",9.743542,1.0,0
355,IVFFLAT_HYBRID,"[0.00,0.05)",9.001166,1.0,0
355,SQL_FIRST,"[0.00,0.05)",9.065708,1.0,1
355,VECTOR_FIRST_HNSW,"[0.00,0.05)",23.072875,0.8,1
355,HNSW_HYBRID,"[0.00,0.05)",9.146708,1.0,1
355,IVFFLAT_HYBRID,"[0.00,0.05)",9.09975,1.0,1
355,SQL_FIRST,"[0.00,0.05)",9.63775,1.0,2
355,VECTOR_FIRST_HNSW,"[0.00,0.05)",24.363959,0.8,2
355,HNSW_HYBRID,"[0.00,0.05)",9.465666,1.0,2
355,IVFFLAT_HYBRID,"[0.00,0.05)",8.74475,1.0,2
355,SQL_FIRST,"[0.00,0.05)",8.541959,1.0,3
355,VECTOR_FIRST_HNSW,"[0.00,0.05)",23.091125,0.8,3
355,HNSW_HYBRID,"[0.00,0.05)",9.405375,1.0,3
355,IVFFLAT_HYBRID,"[0.00,0.05)",9.458708,1.0,3
355,SQL_FIRST,"[0.00,0.05)",8.8245,1.0,4
355,VECTOR_FIRST_HNSW,"[0.00,0.05)",23.108792,0.8,4
355,HNSW_HYBRID,"[0.00,0.05)",9.578666,1.0,4
355,IVFFLAT_HYBRID,"[0.00,0.05)",9.028458,1.0,4
356,SQL_FIRST,"[0.00,0.05)",9.187167,1.0,0
356,VECTOR_FIRST_HNSW,"[0.00,0.05)",23.003792,0.7,0
356,HNSW_HYBRID,"[0.00,0.05)",9.326167,1.0,0
356,IVFFLAT_HYBRID,"[0.00,0.05)",8.810917,1.0,0
356,SQL_FIRST,"[0.00,0.05)",9.133625,1.0,1
356,VECTOR_FIRST_HNSW,"[0.00,0.05)",22.999375,0.7,1
356,HNSW_HYBRID,"[0.00,0.05)",9.536917,1.0,1
356,IVFFLAT_HYBRID,"[0.00,0.05)",8.996667,1.0,1
356,SQL_FIRST,"[0.00,0.05)",8.960084,1.0,2
356,VECTOR_FIRST_HNSW,"[0.00,0.05)",22.969459,0.7,2
356,HNSW_HYBRID,"[0.00,0.05)",9.612708,1.0,2
356,IVFFLAT_HYBRID,"[0.00,0.05)",9.485041,1.0,2
356,SQL_FIRST,"[0.00,0.05)",8.82775,1.0,3
356,VECTOR_FIRST_HNSW,"[0.00,0.05)",23.001375,0.7,3
356,HNSW_HYBRID,"[0.00,0.05)",9.677417,1.0,3
356,IVFFLAT_HYBRID,"[0.00,0.05)",9.310541,1.0,3
356,SQL_FIRST,"[0.00,0.05)",9.223625,1.0,4
356,VECTOR_FIRST_HNSW,"[0.00,0.05)",23.233458,0.7,4
356,HNSW_HYBRID,"[0.00,0.05)",9.957542,1.0,4
356,IVFFLAT_HYBRID,"[0.00,0.05)",9.23075,1.0,4
360,SQL_FIRST,"[0.00,0.05)",5.2475,1.0,0
360,VECTOR_FIRST_HNSW,"[0.00,0.05)",24.1075,0.0,0
360,HNSW_HYBRID,"[0.00,0.05)",6.052,1.0,0
360,IVFFLAT_HYBRID,"[0.00,0.05)",5.540125,1.0,0
360,SQL_FIRST,"[0.00,0.05)",5.587084,1.0,1
360,VECTOR_FIRST_HNSW,"[0.00,0.05)",22.941375,0.0,1
360,HNSW_HYBRID,"[0.00,0.05)",5.975583,1.0,1
360,IVFFLAT_HYBRID,"[0.00,0.05)",5.540084,1.0,1
360,SQL_FIRST,"[0.00,0.05)",5.26875,1.0,2
360,VECTOR_FIRST_HNSW,"[0.00,0.05)",22.926292,0.0,2
360,HNSW_HYBRID,"[0.00,0.05)",5.990375,1.0,2
360,IVFFLAT_HYBRID,"[0.00,0.05)",5.318541,1.0,2
360,SQL_FIRST,"[0.00,0.05)",5.378875,1.0,3
360,VECTOR_FIRST_HNSW,"[0.00,0.05)",22.889291,0.0,3
360,HNSW_HYBRID,"[0.00,0.05)",5.997042,1.0,3
360,IVFFLAT_HYBRID,"[0.00,0.05)",5.3725,1.0,3
360,SQL_FIRST,"[0.00,0.05)",5.350583,1.0,4
360,VECTOR_FIRST_HNSW,"[0.00,0.05)",22.97175,0.0,4
360,HNSW_HYBRID,"[0.00,0.05)",5.88725,1.0,4
360,IVFFLAT_HYBRID,"[0.00,0.05)",5.362166,1.0,4
362,SQL_FIRST,"[0.00,0.05)",6.117584,1.0,0
362,VECTOR_FIRST_HNSW,"[0.00,0.05)",22.913125,0.0,0
362,HNSW_HYBRID,"[0.00,0.05)",6.870833,1.0,0
362,IVFFLAT_HYBRID,"[0.00,0.05)",6.304375,1.0,0
362,SQL_FIRST,"[0.00,0.05)",6.172541,1.0,1
362,VECTOR_FIRST_HNSW,"[0.00,0.05)",22.975625,0.0,1
362,HNSW_HYBRID,"[0.00,0.05)",6.820084,1.0,1
362,IVFFLAT_HYBRID,"[0.00,0.05)",6.149833,1.0,1
362,SQL_FIRST,"[0.00,0.05)",6.458958,1.0,2
362,VECTOR_FIRST_HNSW,"[0.00,0.05)",22.83975,0.0,2
362,HNSW_HYBRID,"[0.00,0.05)",6.913916,1.0,2
362,IVFFLAT_HYBRID,"[0.00,0.05)",6.282667,1.0,2
362,SQL_FIRST,"[0.00,0.05)",6.241875,1.0,3
362,VECTOR_FIRST_HNSW,"[0.00,0.05)",23.410625,0.0,3
362,HNSW_HYBRID,"[0.00,0.05)",7.217208,1.0,3
362,IVFFLAT_HYBRID,"[0.00,0.05)",7.586625,1.0,3
362,SQL_FIRST,"[0.00,0.05)",6.809125,1.0,4
362,VECTOR_FIRST_HNSW,"[0.00,0.05)",24.6745,0.0,4
362,HNSW_HYBRID,"[0.00,0.05)",6.848125,1.0,4
362,IVFFLAT_HYBRID,"[0.00,0.05)",6.13825,1.0,4
365,SQL_FIRST,"[0.00,0.05)",6.455459,1.0,0
365,VECTOR_FIRST_HNSW,"[0.00,0.05)",23.424125,0.0,0
365,HNSW_HYBRID,"[0.00,0.05)",7.375292,1.0,0
365,IVFFLAT_HYBRID,"[0.00,0.05)",6.874792,1.0,0
365,SQL_FIRST,"[0.00,0.05)",6.803792,1.0,1
365,VECTOR_FIRST_HNSW,"[0.00,0.05)",23.120583,0.0,1
365,HNSW_HYBRID,"[0.00,0.05)",7.098041,1.0,1
365,IVFFLAT_HYBRID,"[0.00,0.05)",6.820625,1.0,1
365,SQL_FIRST,"[0.00,0.05)",6.499166,1.0,2
365,VECTOR_FIRST_HNSW,"[0.00,0.05)",23.124958,0.0,2
365,HNSW_HYBRID,"[0.00,0.05)",7.224875,1.0,2
365,IVFFLAT_HYBRID,"[0.00,0.05)",6.499667,1.0,2
365,SQL_FIRST,"[0.00,0.05)",6.347625,1.0,3
365,VECTOR_FIRST_HNSW,"[0.00,0.05)",23.072084,0.0,3
365,HNSW_HYBRID,"[0.00,0.05)",7.258083,1.0,3
365,IVFFLAT_HYBRID,"[0.00,0.05)",6.553292,1.0,3
365,SQL_FIRST,"[0.00,0.05)",6.728083,1.0,4
365,VECTOR_FIRST_HNSW,"[0.00,0.05)",22.878125,0.0,4
365,HNSW_HYBRID,"[0.00,0.05)",7.271916,1.0,4
365,IVFFLAT_HYBRID,"[0.00,0.05)",6.688542,1.0,4
366,SQL_FIRST,"[0.00,0.05)",10.022,1.0,0
366,VECTOR_FIRST_HNSW,"[0.00,0.05)",23.005833,0.7,0
366,HNSW_HYBRID,"[0.00,0.05)",9.9765,1.0,0
366,IVFFLAT_HYBRID,"[0.00,0.05)",9.192458,1.0,0
366,SQL_FIRST,"[0.00,0.05)",9.0095,1.0,1
366,VECTOR_FIRST_HNSW,"[0.00,0.05)",22.967083,0.7,1
366,HNSW_HYBRID,"[0.00,0.05)",9.81375,1.0,1
366,IVFFLAT_HYBRID,"[0.00,0.05)",9.938583,1.0,1
366,SQL_FIRST,"[0.00,0.05)",9.563,1.0,2
366,VECTOR_FIRST_HNSW,"[0.00,0.05)",23.181209,0.7,2
366,HNSW_HYBRID,"[0.00,0.05)",9.806125,1.0,2
366,IVFFLAT_HYBRID,"[0.00,0.05)",9.462875,1.0,2
366,SQL_FIRST,"[0.00,0.05)",9.999,1.0,3
366,VECTOR_FIRST_HNSW,"[0.00,0.05)",22.94575,0.7,3
366,HNSW_HYBRID,"[0.00,0.05)",9.858958,1.0,3
366,IVFFLAT_HYBRID,"[0.00,0.05)",9.433416,1.0,3
366,SQL_FIRST,"[0.00,0.05)",9.458417,1.0,4
366,VECTOR_FIRST_HNSW,"[0.00,0.05)",23.101167,0.7,4
366,HNSW_HYBRID,"[0.00,0.05)",9.668833,1.0,4
366,IVFFLAT_HYBRID,"[0.00,0.05)",9.167208,1.0,4
368,SQL_FIRST,"[0.00,0.05)",9.186417,1.0,0
368,VECTOR_FIRST_HNSW,"[0.00,0.05)",23.074916,0.4,0
368,HNSW_HYBRID,"[0.00,0.05)",9.743375,1.0,0
368,IVFFLAT_HYBRID,"[0.00,0.05)",9.634042,1.0,0
368,SQL_FIRST,"[0.00,0.05)",9.05375,1.0,1
368,VECTOR_FIRST_HNSW,"[0.00,0.05)",22.972583,0.4,1
368,HNSW_HYBRID,"[0.00,0.05)",9.7365,1.0,1
368,IVFFLAT_HYBRID,"[0.00,0.05)",9.368583,1.0,1
368,SQL_FIRST,"[0.00,0.05)",9.885667,1.0,2
368,VECTOR_FIRST_HNSW,"[0.00,0.05)",22.953708,0.4,2
368,HNSW_HYBRID,"[0.00,0.05)",10.029541,1.0,2
368,IVFFLAT_HYBRID,"[0.00,0.05)",9.390708,1.0,2
368,SQL_FIRST,"[0.00,0.05)",9.414291,1.0,3
368,VECTOR_FIRST_HNSW,"[0.00,0.05)",23.04625,0.4,3
368,HNSW_HYBRID,"[0.00,0.05)",9.687833,1.0,3
368,IVFFLAT_HYBRID,"[0.00,0.05)",9.549625,1.0,3
368,SQL_FIRST,"[0.00,0.05)",9.452833,1.0,4
368,VECTOR_FIRST_HNSW,"[0.00,0.05)",22.957,0.4,4
368,HNSW_HYBRID,"[0.00,0.05)",9.516375,1.0,4
368,IVFFLAT_HYBRID,"[0.00,0.05)",9.06525,1.0,4
369,SQL_FIRST,"[0.00,0.05)",9.30225,1.0,0
369,VECTOR_FIRST_HNSW,"[0.00,0.05)",22.982375,0.4,0
369,HNSW_HYBRID,"[0.00,0.05)",9.8955,1.0,0
369,IVFFLAT_HYBRID,"[0.00,0.05)",9.427958,1.0,0
369,SQL_FIRST,"[0.00,0.05)",9.860209,1.0,1
369,VECTOR_FIRST_HNSW,"[0.00,0.05)",22.84025,0.4,1
369,HNSW_HYBRID,"[0.00,0.05)",9.910459,1.0,1
369,IVFFLAT_HYBRID,"[0.00,0.05)",9.687209,1.0,1
369,SQL_FIRST,"[0.00,0.05)",9.447459,1.0,2
369,VECTOR_FIRST_HNSW,"[0.00,0.05)",22.963875,0.4,2
369,HNSW_HYBRID,"[0.00,0.05)",9.575209,1.0,2
369,IVFFLAT_HYBRID,"[0.00,0.05)",9.866875,1.0,2
369,SQL_FIRST,"[0.00,0.05)",10.015125,1.0,3
369,VECTOR_FIRST_HNSW,"[0.00,0.05)",23.821583,0.4,3
369,HNSW_HYBRID,"[0.00,0.05)",9.651083,1.0,3
369,IVFFLAT_HYBRID,"[0.00,0.05)",9.261458,1.0,3
369,SQL_FIRST,"[0.00,0.05)",9.710917,1.0,4
369,VECTOR_FIRST_HNSW,"[0.00,0.05)",23.00675,0.4,4
369,HNSW_HYBRID,"[0.00,0.05)",10.032125,1.0,4
369,IVFFLAT_HYBRID,"[0.00,0.05)",9.163084,1.0,4
371,SQL_FIRST,"[0.00,0.05)",8.867792,1.0,0
371,VECTOR_FIRST_HNSW,"[0.00,0.05)",22.920375,0.5,0
371,HNSW_HYBRID,"[0.00,0.05)",9.302,1.0,0
371,IVFFLAT_HYBRID,"[0.00,0.05)",8.965,1.0,0
371,SQL_FIRST,"[0.00,0.05)",8.805875,1.0,1
371,VECTOR_FIRST_HNSW,"[0.00,0.05)",23.0305,0.5,1
371,HNSW_HYBRID,"[0.00,0.05)",9.480375,1.0,1
371,IVFFLAT_HYBRID,"[0.00,0.05)",8.998833,1.0,1
371,SQL_FIRST,"[0.00,0.05)",9.032917,1.0,2
371,VECTOR_FIRST_HNSW,"[0.00,0.05)",23.052459,0.5,2
371,HNSW_HYBRID,"[0.00,0.05)",9.313625,1.0,2
371,IVFFLAT_HYBRID,"[0.00,0.05)",9.145125,1.0,2
371,SQL_FIRST,"[0.00,0.05)",9.379125,1.0,3
371,VECTOR_FIRST_HNSW,"[0.00,0.05)",22.967375,0.5,3
371,HNSW_HYBRID,"[0.00,0.05)",9.674459,1.0,3
371,IVFFLAT_HYBRID,"[0.00,0.05)",8.808583,1.0,3
371,SQL_FIRST,"[0.00,0.05)",8.688208,1.0,4
371,VECTOR_FIRST_HNSW,"[0.00,0.05)",22.966541,0.5,4
371,HNSW_HYBRID,"[0.00,0.05)",9.37075,1.0,4
371,IVFFLAT_HYBRID,"[0.00,0.05)",9.201708,1.0,4
373,SQL_FIRST,"[0.00,0.05)",1.584583,1.0,0
373,VECTOR_FIRST_HNSW,"[0.00,0.05)",22.872667,0.0,0
373,HNSW_HYBRID,"[0.00,0.05)",1.932625,1.0,0
373,IVFFLAT_HYBRID,"[0.00,0.05)",1.56225,1.0,0
373,SQL_FIRST,"[0.00,0.05)",1.531875,1.0,1
373,VECTOR_FIRST_HNSW,"[0.00,0.05)",22.808584,0.0,1
373,HNSW_HYBRID,"[0.00,0.05)",1.948208,1.0,1
373,IVFFLAT_HYBRID,"[0.00,0.05)",1.580042,1.0,1
373,SQL_FIRST,"[0.00,0.05)",1.551166,1.0,2
373,VECTOR_FIRST_HNSW,"[0.00,0.05)",24.167875,0.0,2
373,HNSW_HYBRID,"[0.00,0.05)",1.964458,1.0,2
373,IVFFLAT_HYBRID,"[0.00,0.05)",1.707916,1.0,2
373,SQL_FIRST,"[0.00,0.05)",1.56475,1.0,3
373,VECTOR_FIRST_HNSW,"[0.00,0.05)",23.229,0.0,3
373,HNSW_HYBRID,"[0.00,0.05)",1.975375,1.0,3
373,IVFFLAT_HYBRID,"[0.00,0.05)",1.576667,1.0,3
373,SQL_FIRST,"[0.00,0.05)",1.54325,1.0,4
373,VECTOR_FIRST_HNSW,"[0.00,0.05)",23.038917,0.0,4
373,HNSW_HYBRID,"[0.00,0.05)",2.101625,1.0,4
373,IVFFLAT_HYBRID,"[0.00,0.05)",1.587917,1.0,4
380,SQL_FIRST,"[0.00,0.05)",9.307541,1.0,0
380,VECTOR_FIRST_HNSW,"[0.00,0.05)",22.931041,0.6,0
380,HNSW_HYBRID,"[0.00,0.05)",9.610791,1.0,0
380,IVFFLAT_HYBRID,"[0.00,0.05)",9.239875,1.0,0
380,SQL_FIRST,"[0.00,0.05)",9.1065,1.0,1
380,VECTOR_FIRST_HNSW,"[0.00,0.05)",23.03575,0.6,1
380,HNSW_HYBRID,"[0.00,0.05)",9.646083,1.0,1
380,IVFFLAT_HYBRID,"[0.00,0.05)",9.258292,1.0,1
380,SQL_FIRST,"[0.00,0.05)",8.979583,1.0,2
380,VECTOR_FIRST_HNSW,"[0.00,0.05)",22.924541,0.6,2
380,HNSW_HYBRID,"[0.00,0.05)",9.693792,1.0,2
380,IVFFLAT_HYBRID,"[0.00,0.05)",9.330708,1.0,2
380,SQL_FIRST,"[0.00,0.05)",9.296875,1.0,3
380,VECTOR_FIRST_HNSW,"[0.00,0.05)",22.874834,0.6,3
380,HNSW_HYBRID,"[0.00,0.05)",9.601417,1.0,3
380,IVFFLAT_HYBRID,"[0.00,0.05)",9.052834,1.0,3
380,SQL_FIRST,"[0.00,0.05)",9.636041,1.0,4
380,VECTOR_FIRST_HNSW,"[0.00,0.05)",22.97,0.6,4
380,HNSW_HYBRID,"[0.00,0.05)",9.8425,1.0,4
380,IVFFLAT_HYBRID,"[0.00,0.05)",9.367583,1.0,4
382,SQL_FIRST,"[0.00,0.05)",8.629959,1.0,0
382,VECTOR_FIRST_HNSW,"[0.00,0.05)",23.08925,0.1,0
382,HNSW_HYBRID,"[0.00,0.05)",9.325208,1.0,0
382,IVFFLAT_HYBRID,"[0.00,0.05)",8.691333,1.0,0
382,SQL_FIRST,"[0.00,0.05)",8.360917,1.0,1
382,VECTOR_FIRST_HNSW,"[0.00,0.05)",23.061875,0.1,1
382,HNSW_HYBRID,"[0.00,0.05)",9.214084,1.0,1
382,IVFFLAT_HYBRID,"[0.00,0.05)",9.447,1.0,1
382,SQL_FIRST,"[0.00,0.05)",8.874958,1.0,2
382,VECTOR_FIRST_HNSW,"[0.00,0.05)",23.385458,0.1,2
382,HNSW_HYBRID,"[0.00,0.05)",9.132625,1.0,2
382,IVFFLAT_HYBRID,"[0.00,0.05)",8.599667,1.0,2
382,SQL_FIRST,"[0.00,0.05)",8.68575,1.0,3
382,VECTOR_FIRST_HNSW,"[0.00,0.05)",23.061625,0.1,3
382,HNSW_HYBRID,"[0.00,0.05)",9.41725,1.0,3
382,IVFFLAT_HYBRID,"[0.00,0.05)",8.767625,1.0,3
382,SQL_FIRST,"[0.00,0.05)",8.620667,1.0,4
382,VECTOR_FIRST_HNSW,"[0.00,0.05)",23.029375,0.1,4
382,HNSW_HYBRID,"[0.00,0.05)",9.3545,1.0,4
382,IVFFLAT_HYBRID,"[0.00,0.05)",8.514416,1.0,4
385,SQL_FIRST,"[0.00,0.05)",4.626,1.0,0
385,VECTOR_FIRST_HNSW,"[0.00,0.05)",22.933,0.2,0
385,HNSW_HYBRID,"[0.00,0.05)",5.408375,1.0,0
385,IVFFLAT_HYBRID,"[0.00,0.05)",4.815917,1.0,0
385,SQL_FIRST,"[0.00,0.05)",4.578084,1.0,1
385,VECTOR_FIRST_HNSW,"[0.00,0.05)",22.974958,0.2,1
385,HNSW_HYBRID,"[0.00,0.05)",5.1095,1.0,1
385,IVFFLAT_HYBRID,"[0.00,0.05)",4.684958,1.0,1
385,SQL_FIRST,"[0.00,0.05)",4.571708,1.0,2
385,VECTOR_FIRST_HNSW,"[0.00,0.05)",22.861292,0.2,2
385,HNSW_HYBRID,"[0.00,0.05)",5.160917,1.0,2
385,IVFFLAT_HYBRID,"[0.00,0.05)",4.637291,1.0,2
385,SQL_FIRST,"[0.00,0.05)",4.628292,1.0,3
385,VECTOR_FIRST_HNSW,"[0.00,0.05)",22.966791,0.2,3
385,HNSW_HYBRID,"[0.00,0.05)",5.142917,1.0,3
385,IVFFLAT_HYBRID,"[0.00,0.05)",4.587208,1.0,3
385,SQL_FIRST,"[0.00,0.05)",4.711542,1.0,4
385,VECTOR_FIRST_HNSW,"[0.00,0.05)",22.945209,0.2,4
385,HNSW_HYBRID,"[0.00,0.05)",5.123625,1.0,4
385,IVFFLAT_HYBRID,"[0.00,0.05)",6.281292,1.0,4
388,SQL_FIRST,"[0.00,0.05)",6.052458,1.0,0
388,VECTOR_FIRST_HNSW,"[0.00,0.05)",22.948167,0.1,0
388,HNSW_HYBRID,"[0.00,0.05)",6.755583,1.0,0
388,IVFFLAT_HYBRID,"[0.00,0.05)",6.128791,1.0,0
388,SQL_FIRST,"[0.00,0.05)",5.992792,1.0,1
388,VECTOR_FIRST_HNSW,"[0.00,0.05)",22.764625,0.1,1
388,HNSW_HYBRID,"[0.00,0.05)",6.737791,1.0,1
388,IVFFLAT_HYBRID,"[0.00,0.05)",6.318583,1.0,1
388,SQL_FIRST,"[0.00,0.05)",6.419875,1.0,2
388,VECTOR_FIRST_HNSW,"[0.00,0.05)",23.807833,0.1,2
388,HNSW_HYBRID,"[0.00,0.05)",6.711,1.0,2
388,IVFFLAT_HYBRID,"[0.00,0.05)",5.9905,1.0,2
388,SQL_FIRST,"[0.00,0.05)",6.005292,1.0,3
388,VECTOR_FIRST_HNSW,"[0.00,0.05)",23.119292,0.1,3
388,HNSW_HYBRID,"[0.00,0.05)",6.7675,1.0,3
388,IVFFLAT_HYBRID,"[0.00,0.05)",6.044042,1.0,3
388,SQL_FIRST,"[0.00,0.05)",5.969167,1.0,4
388,VECTOR_FIRST_HNSW,"[0.00,0.05)",22.883625,0.1,4
388,HNSW_HYBRID,"[0.00,0.05)",6.65575,1.0,4
388,IVFFLAT_HYBRID,"[0.00,0.05)",6.138208,1.0,4
389,SQL_FIRST,"[0.00,0.05)",9.214625,1.0,0
389,VECTOR_FIRST_HNSW,"[0.00,0.05)",23.001125,0.5,0
389,HNSW_HYBRID,"[0.00,0.05)",9.46075,1.0,0
389,IVFFLAT_HYBRID,"[0.00,0.05)",9.477416,1.0,0
389,SQL_FIRST,"[0.00,0.05)",9.279833,1.0,1
389,VECTOR_FIRST_HNSW,"[0.00,0.05)",23.030333,0.5,1
389,HNSW_HYBRID,"[0.00,0.05)",9.718,1.0,1
389,IVFFLAT_HYBRID,"[0.00,0.05)",9.275208,1.0,1
389,SQL_FIRST,"[0.00,0.05)",9.658167,1.0,2
389,VECTOR_FIRST_HNSW,"[0.00,0.05)",22.96275,0.5,2
389,HNSW_HYBRID,"[0.00,0.05)",10.027833,1.0,2
389,IVFFLAT_HYBRID,"[0.00,0.05)",9.358583,1.0,2
389,SQL_FIRST,"[0.00,0.05)",9.26825,1.0,3
389,VECTOR_FIRST_HNSW,"[0.00,0.05)",23.003959,0.5,3
389,HNSW_HYBRID,"[0.00,0.05)",9.551625,1.0,3
389,IVFFLAT_HYBRID,"[0.00,0.05)",9.407708,1.0,3
389,SQL_FIRST,"[0.00,0.05)",9.310459,1.0,4
389,VECTOR_FIRST_HNSW,"[0.00,0.05)",23.372791,0.5,4
389,HNSW_HYBRID,"[0.00,0.05)",9.524,1.0,4
389,IVFFLAT_HYBRID,"[0.00,0.05)",9.20875,1.0,4
390,SQL_FIRST,"[0.00,0.05)",6.686959,1.0,0
390,VECTOR_FIRST_HNSW,"[0.00,0.05)",23.528667,0.1,0
390,HNSW_HYBRID,"[0.00,0.05)",7.734458,1.0,0
390,IVFFLAT_HYBRID,"[0.00,0.05)",7.138375,1.0,0
390,SQL_FIRST,"[0.00,0.05)",6.811084,1.0,1
390,VECTOR_FIRST_HNSW,"[0.00,0.05)",23.191167,0.1,1
390,HNSW_HYBRID,"[0.00,0.05)",7.38875,1.0,1
390,IVFFLAT_HYBRID,"[0.00,0.05)",6.628167,1.0,1
390,SQL_FIRST,"[0.00,0.05)",6.661417,1.0,2
390,VECTOR_FIRST_HNSW,"[0.00,0.05)",23.322625,0.1,2
390,HNSW_HYBRID,"[0.00,0.05)",7.326041,1.0,2
390,IVFFLAT_HYBRID,"[0.00,0.05)",6.819667,1.0,2
390,SQL_FIRST,"[0.00,0.05)",6.448042,1.0,3
390,VECTOR_FIRST_HNSW,"[0.00,0.05)",23.170542,0.1,3
390,HNSW_HYBRID,"[0.00,0.05)",7.426709,1.0,3
390,IVFFLAT_HYBRID,"[0.00,0.05)",6.716541,1.0,3
390,SQL_FIRST,"[0.00,0.05)",6.541917,1.0,4
390,VECTOR_FIRST_HNSW,"[0.00,0.05)",23.064166,0.1,4
390,HNSW_HYBRID,"[0.00,0.05)",7.351208,1.0,4
390,IVFFLAT_HYBRID,"[0.00,0.05)",6.682584,1.0,4
393,SQL_FIRST,"[0.00,0.05)",8.823833,1.0,0
393,VECTOR_FIRST_HNSW,"[0.00,0.05)",23.094875,0.2,0
393,HNSW_HYBRID,"[0.00,0.05)",9.589208,1.0,0
393,IVFFLAT_HYBRID,"[0.00,0.05)",9.345583,1.0,0
393,SQL_FIRST,"[0.00,0.05)",8.721334,1.0,1
393,VECTOR_FIRST_HNSW,"[0.00,0.05)",23.063291,0.2,1
393,HNSW_HYBRID,"[0.00,0.05)",9.539041,1.0,1
393,IVFFLAT_HYBRID,"[0.00,0.05)",8.983375,1.0,1
393,SQL_FIRST,"[0.00,0.05)",8.768375,1.0,2
393,VECTOR_FIRST_HNSW,"[0.00,0.05)",22.955041,0.2,2
393,HNSW_HYBRID,"[0.00,0.05)",9.338417,1.0,2
393,IVFFLAT_HYBRID,"[0.00,0.05)",9.215458,1.0,2
393,SQL_FIRST,"[0.00,0.05)",8.986542,1.0,3
393,VECTOR_FIRST_HNSW,"[0.00,0.05)",23.781458,0.2,3
393,HNSW_HYBRID,"[0.00,0.05)",9.329541,1.0,3
393,IVFFLAT_HYBRID,"[0.00,0.05)",8.776875,1.0,3
393,SQL_FIRST,"[0.00,0.05)",9.284167,1.0,4
393,VECTOR_FIRST_HNSW,"[0.00,0.05)",23.087083,0.2,4
393,HNSW_HYBRID,"[0.00,0.05)",9.586084,1.0,4
393,IVFFLAT_HYBRID,"[0.00,0.05)",9.034958,1.0,4
395,SQL_FIRST,"[0.00,0.05)",10.012667,1.0,0
395,VECTOR_FIRST_HNSW,"[0.00,0.05)",23.034958,0.1,0
395,HNSW_HYBRID,"[0.00,0.05)",10.486917,1.0,0
395,IVFFLAT_HYBRID,"[0.00,0.05)",9.974042,1.0,0
395,SQL_FIRST,"[0.00,0.05)",10.420042,1.0,1
395,VECTOR_FIRST_HNSW,"[0.00,0.05)",22.9895,0.1,1
395,HNSW_HYBRID,"[0.00,0.05)",10.668625,1.0,1
395,IVFFLAT_HYBRID,"[0.00,0.05)",10.011875,1.0,1
395,SQL_FIRST,"[0.00,0.05)",9.904208,1.0,2
395,VECTOR_FIRST_HNSW,"[0.00,0.05)",23.006875,0.1,2
395,HNSW_HYBRID,"[0.00,0.05)",10.484333,1.0,2
395,IVFFLAT_HYBRID,"[0.00,0.05)",10.418666,1.0,2
395,SQL_FIRST,"[0.00,0.05)",10.081833,1.0,3
395,VECTOR_FIRST_HNSW,"[0.00,0.05)",22.966375,0.1,3
395,HNSW_HYBRID,"[0.00,0.05)",10.691666,1.0,3
395,IVFFLAT_HYBRID,"[0.00,0.05)",9.8555,1.0,3
395,SQL_FIRST,"[0.00,0.05)",10.368625,1.0,4
395,VECTOR_FIRST_HNSW,"[0.00,0.05)",22.89825,0.1,4
395,HNSW_HYBRID,"[0.00,0.05)",10.559375,1.0,4
395,IVFFLAT_HYBRID,"[0.00,0.05)",9.864333,1.0,4
398,SQL_FIRST,"[0.00,0.05)",4.967208,1.0,0
398,VECTOR_FIRST_HNSW,"[0.00,0.05)",23.275625,0.1,0
398,HNSW_HYBRID,"[0.00,0.05)",5.86025,1.0,0
398,IVFFLAT_HYBRID,"[0.00,0.05)",5.932375,1.0,0
398,SQL_FIRST,"[0.00,0.05)",5.044042,1.0,1
398,VECTOR_FIRST_HNSW,"[0.00,0.05)",23.402333,0.1,1
398,HNSW_HYBRID,"[0.00,0.05)",5.606833,1.0,1
398,IVFFLAT_HYBRID,"[0.00,0.05)",5.009208,1.0,1
398,SQL_FIRST,"[0.00,0.05)",4.90675,1.0,2
398,VECTOR_FIRST_HNSW,"[0.00,0.05)",23.057542,0.1,2
398,HNSW_HYBRID,"[0.00,0.05)",5.59425,1.0,2
398,IVFFLAT_HYBRID,"[0.00,0.05)",4.967125,1.0,2
398,SQL_FIRST,"[0.00,0.05)",5.021292,1.0,3
398,VECTOR_FIRST_HNSW,"[0.00,0.05)",23.090666,0.1,3
398,HNSW_HYBRID,"[0.00,0.05)",5.5635,1.0,3
398,IVFFLAT_HYBRID,"[0.00,0.05)",5.043333,1.0,3
398,SQL_FIRST,"[0.00,0.05)",5.270292,1.0,4
398,VECTOR_FIRST_HNSW,"[0.00,0.05)",23.555792,0.1,4
398,HNSW_HYBRID,"[0.00,0.05)",5.67425,1.0,4
398,IVFFLAT_HYBRID,"[0.00,0.05)",4.892709,1.0,4
399,SQL_FIRST,"[0.00,0.05)",9.046583,1.0,0
399,VECTOR_FIRST_HNSW,"[0.00,0.05)",22.968541,0.2,0
399,HNSW_HYBRID,"[0.00,0.05)",9.916208,1.0,0
399,IVFFLAT_HYBRID,"[0.00,0.05)",9.407834,1.0,0
399,SQL_FIRST,"[0.00,0.05)",9.191708,1.0,1
399,VECTOR_FIRST_HNSW,"[0.00,0.05)",22.958458,0.2,1
399,HNSW_HYBRID,"[0.00,0.05)",9.463708,1.0,1
399,IVFFLAT_HYBRID,"[0.00,0.05)",8.966125,1.0,1
399,SQL_FIRST,"[0.00,0.05)",8.923084,1.0,2
399,VECTOR_FIRST_HNSW,"[0.00,0.05)",22.97025,0.2,2
399,HNSW_HYBRID,"[0.00,0.05)",9.414334,1.0,2
399,IVFFLAT_HYBRID,"[0.00,0.05)",9.262333,1.0,2
399,SQL_FIRST,"[0.00,0.05)",8.987417,1.0,3
399,VECTOR_FIRST_HNSW,"[0.00,0.05)",23.04275,0.2,3
399,HNSW_HYBRID,"[0.00,0.05)",9.569833,1.0,3
399,IVFFLAT_HYBRID,"[0.00,0.05)",8.985,1.0,3
399,SQL_FIRST,"[0.00,0.05)",9.452875,1.0,4
399,VECTOR_FIRST_HNSW,"[0.00,0.05)",22.763792,0.2,4
399,HNSW_HYBRID,"[0.00,0.05)",9.774042,1.0,4
399,IVFFLAT_HYBRID,"[0.00,0.05)",9.170042,1.0,4
400,SQL_FIRST,"[0.00,0.05)",9.052542,1.0,0
400,VECTOR_FIRST_HNSW,"[0.00,0.05)",23.472458,0.1,0
400,HNSW_HYBRID,"[0.00,0.05)",9.580833,1.0,0
400,IVFFLAT_HYBRID,"[0.00,0.05)",9.057792,1.0,0
400,SQL_FIRST,"[0.00,0.05)",8.884417,1.0,1
400,VECTOR_FIRST_HNSW,"[0.00,0.05)",22.954583,0.1,1
400,HNSW_HYBRID,"[0.00,0.05)",9.657458,1.0,1
400,IVFFLAT_HYBRID,"[0.00,0.05)",9.18075,1.0,1
400,SQL_FIRST,"[0.00,0.05)",9.585792,1.0,2
400,VECTOR_FIRST_HNSW,"[0.00,0.05)",23.550416,0.1,2
400,HNSW_HYBRID,"[0.00,0.05)",10.13675,1.0,2
400,IVFFLAT_HYBRID,"[0.00,0.05)",9.366834,1.0,2
400,SQL_FIRST,"[0.00,0.05)",9.396667,1.0,3
400,VECTOR_FIRST_HNSW,"[0.00,0.05)",22.92575,0.1,3
400,HNSW_HYBRID,"[0.00,0.05)",10.047917,1.0,3
400,IVFFLAT_HYBRID,"[0.00,0.05)",9.085917,1.0,3
400,SQL_FIRST,"[0.00,0.05)",9.003042,1.0,4
400,VECTOR_FIRST_HNSW,"[0.00,0.05)",23.055125,0.1,4
400,HNSW_HYBRID,"[0.00,0.05)",9.756875,1.0,4
400,IVFFLAT_HYBRID,"[0.00,0.05)",10.357042,1.0,4
401,SQL_FIRST,"[0.00,0.05)",10.131625,1.0,0
401,VECTOR_FIRST_HNSW,"[0.00,0.05)",26.565209,0.3,0
401,HNSW_HYBRID,"[0.00,0.05)",11.475083,1.0,0
401,IVFFLAT_HYBRID,"[0.00,0.05)",9.720584,1.0,0
401,SQL_FIRST,"[0.00,0.05)",9.914,1.0,1
401,VECTOR_FIRST_HNSW,"[0.00,0.05)",26.474083,0.3,1
401,HNSW_HYBRID,"[0.00,0.05)",14.576542,1.0,1
401,IVFFLAT_HYBRID,"[0.00,0.05)",24.007167,1.0,1
401,SQL_FIRST,"[0.00,0.05)",23.195459,1.0,2
401,VECTOR_FIRST_HNSW,"[0.00,0.05)",52.274416,0.3,2
401,HNSW_HYBRID,"[0.00,0.05)",21.079041,1.0,2
401,IVFFLAT_HYBRID,"[0.00,0.05)",21.554875,1.0,2
401,SQL_FIRST,"[0.00,0.05)",24.986875,1.0,3
401,VECTOR_FIRST_HNSW,"[0.00,0.05)",43.88,0.3,3
401,HNSW_HYBRID,"[0.00,0.05)",13.22125,1.0,3
401,IVFFLAT_HYBRID,"[0.00,0.05)",26.022875,1.0,3
401,SQL_FIRST,"[0.00,0.05)",16.719166,1.0,4
401,VECTOR_FIRST_HNSW,"[0.00,0.05)",26.266542,0.3,4
401,HNSW_HYBRID,"[0.00,0.05)",9.055833,1.0,4
401,IVFFLAT_HYBRID,"[0.00,0.05)",8.85775,1.0,4
403,SQL_FIRST,"[0.00,0.05)",6.363375,1.0,0
403,VECTOR_FIRST_HNSW,"[0.00,0.05)",23.06975,0.2,0
403,HNSW_HYBRID,"[0.00,0.05)",6.797917,1.0,0
403,IVFFLAT_HYBRID,"[0.00,0.05)",6.162084,1.0,0
403,SQL_FIRST,"[0.00,0.05)",6.1865,1.0,1
403,VECTOR_FIRST_HNSW,"[0.00,0.05)",22.758584,0.2,1
403,HNSW_HYBRID,"[0.00,0.05)",6.795166,1.0,1
403,IVFFLAT_HYBRID,"[0.00,0.05)",6.149083,1.0,1
403,SQL_FIRST,"[0.00,0.05)",6.120458,1.0,2
403,VECTOR_FIRST_HNSW,"[0.00,0.05)",22.917833,0.2,2
403,HNSW_HYBRID,"[0.00,0.05)",6.905541,1.0,2
403,IVFFLAT_HYBRID,"[0.00,0.05)",6.236875,1.0,2
403,SQL_FIRST,"[0.00,0.05)",6.521459,1.0,3
403,VECTOR_FIRST_HNSW,"[0.00,0.05)",22.981708,0.2,3
403,HNSW_HYBRID,"[0.00,0.05)",7.02225,1.0,3
403,IVFFLAT_HYBRID,"[0.00,0.05)",6.42375,1.0,3
403,SQL_FIRST,"[0.00,0.05)",6.260792,1.0,4
403,VECTOR_FIRST_HNSW,"[0.00,0.05)",23.034333,0.2,4
403,HNSW_HYBRID,"[0.00,0.05)",6.984875,1.0,4
403,IVFFLAT_HYBRID,"[0.00,0.05)",6.283875,1.0,4
404,SQL_FIRST,"[0.00,0.05)",7.007541,1.0,0
404,VECTOR_FIRST_HNSW,"[0.00,0.05)",24.852792,0.1,0
404,HNSW_HYBRID,"[0.00,0.05)",7.560166,1.0,0
404,IVFFLAT_HYBRID,"[0.00,0.05)",6.932458,1.0,0
404,SQL_FIRST,"[0.00,0.05)",6.86575,1.0,1
404,VECTOR_FIRST_HNSW,"[0.00,0.05)",23.053292,0.1,1
404,HNSW_HYBRID,"[0.00,0.05)",7.641542,1.0,1
404,IVFFLAT_HYBRID,"[0.00,0.05)",6.789,1.0,1
404,SQL_FIRST,"[0.00,0.05)",7.168292,1.0,2
404,VECTOR_FIRST_HNSW,"[0.00,0.05)",23.344458,0.1,2
404,HNSW_HYBRID,"[0.00,0.05)",7.990292,1.0,2
404,IVFFLAT_HYBRID,"[0.00,0.05)",7.219791,1.0,2
404,SQL_FIRST,"[0.00,0.05)",7.074125,1.0,3
404,VECTOR_FIRST_HNSW,"[0.00,0.05)",23.81775,0.1,3
404,HNSW_HYBRID,"[0.00,0.05)",7.618125,1.0,3
404,IVFFLAT_HYBRID,"[0.00,0.05)",7.008791,1.0,3
404,SQL_FIRST,"[0.00,0.05)",6.823917,1.0,4
404,VECTOR_FIRST_HNSW,"[0.00,0.05)",23.059583,0.1,4
404,HNSW_HYBRID,"[0.00,0.05)",7.692084,1.0,4
404,IVFFLAT_HYBRID,"[0.00,0.05)",7.252708,1.0,4
408,SQL_FIRST,"[0.00,0.05)",9.560917,1.0,0
408,VECTOR_FIRST_HNSW,"[0.00,0.05)",22.909791,0.4,0
408,HNSW_HYBRID,"[0.00,0.05)",10.038958,1.0,0
408,IVFFLAT_HYBRID,"[0.00,0.05)",9.536542,1.0,0
408,SQL_FIRST,"[0.00,0.05)",9.551209,1.0,1
408,VECTOR_FIRST_HNSW,"[0.00,0.05)",23.052208,0.4,1
408,HNSW_HYBRID,"[0.00,0.05)",9.80775,1.0,1
408,IVFFLAT_HYBRID,"[0.00,0.05)",9.669708,1.0,1
408,SQL_FIRST,"[0.00,0.05)",9.676542,1.0,2
408,VECTOR_FIRST_HNSW,"[0.00,0.05)",22.994917,0.4,2
408,HNSW_HYBRID,"[0.00,0.05)",9.704584,1.0,2
408,IVFFLAT_HYBRID,"[0.00,0.05)",9.520042,1.0,2
408,SQL_FIRST,"[0.00,0.05)",9.341958,1.0,3
408,VECTOR_FIRST_HNSW,"[0.00,0.05)",23.081292,0.4,3
408,HNSW_HYBRID,"[0.00,0.05)",10.026125,1.0,3
408,IVFFLAT_HYBRID,"[0.00,0.05)",9.545292,1.0,3
408,SQL_FIRST,"[0.00,0.05)",10.2985,1.0,4
408,VECTOR_FIRST_HNSW,"[0.00,0.05)",24.855167,0.4,4
408,HNSW_HYBRID,"[0.00,0.05)",10.450042,1.0,4
408,IVFFLAT_HYBRID,"[0.00,0.05)",9.709792,1.0,4
409,SQL_FIRST,"[0.00,0.05)",9.687833,1.0,0
409,VECTOR_FIRST_HNSW,"[0.00,0.05)",26.6305,0.3,0
409,HNSW_HYBRID,"[0.00,0.05)",8.987834,1.0,0
409,IVFFLAT_HYBRID,"[0.00,0.05)",9.038875,1.0,0
409,SQL_FIRST,"[0.00,0.05)",8.704583,1.0,1
409,VECTOR_FIRST_HNSW,"[0.00,0.05)",23.082167,0.3,1
409,HNSW_HYBRID,"[0.00,0.05)",8.856167,1.0,1
409,IVFFLAT_HYBRID,"[0.00,0.05)",8.244583,1.0,1
409,SQL_FIRST,"[0.00,0.05)",8.241292,1.0,2
409,VECTOR_FIRST_HNSW,"[0.00,0.05)",23.109541,0.3,2
409,HNSW_HYBRID,"[0.00,0.05)",8.815167,1.0,2
409,IVFFLAT_HYBRID,"[0.00,0.05)",8.380042,1.0,2
409,SQL_FIRST,"[0.00,0.05)",8.298791,1.0,3
409,VECTOR_FIRST_HNSW,"[0.00,0.05)",23.000541,0.3,3
409,HNSW_HYBRID,"[0.00,0.05)",8.88275,1.0,3
409,IVFFLAT_HYBRID,"[0.00,0.05)",8.313166,1.0,3
409,SQL_FIRST,"[0.00,0.05)",8.3695,1.0,4
409,VECTOR_FIRST_HNSW,"[0.00,0.05)",22.965542,0.3,4
409,HNSW_HYBRID,"[0.00,0.05)",8.959083,1.0,4
409,IVFFLAT_HYBRID,"[0.00,0.05)",8.3475,1.0,4
411,SQL_FIRST,"[0.00,0.05)",8.923375,1.0,0
411,VECTOR_FIRST_HNSW,"[0.00,0.05)",22.958541,0.2,0
411,HNSW_HYBRID,"[0.00,0.05)",9.339166,1.0,0
411,IVFFLAT_HYBRID,"[0.00,0.05)",8.461792,1.0,0
411,SQL_FIRST,"[0.00,0.05)",8.570958,1.0,1
411,VECTOR_FIRST_HNSW,"[0.00,0.05)",22.97225,0.2,1
411,HNSW_HYBRID,"[0.00,0.05)",9.186459,1.0,1
411,IVFFLAT_HYBRID,"[0.00,0.05)",8.467958,1.0,1
411,SQL_FIRST,"[0.00,0.05)",8.856459,1.0,2
411,VECTOR_FIRST_HNSW,"[0.00,0.05)",22.960708,0.2,2
411,HNSW_HYBRID,"[0.00,0.05)",9.208958,1.0,2
411,IVFFLAT_HYBRID,"[0.00,0.05)",8.730917,1.0,2
411,SQL_FIRST,"[0.00,0.05)",9.034875,1.0,3
411,VECTOR_FIRST_HNSW,"[0.00,0.05)",22.973334,0.2,3
411,HNSW_HYBRID,"[0.00,0.05)",9.126875,1.0,3
411,IVFFLAT_HYBRID,"[0.00,0.05)",8.865791,1.0,3
411,SQL_FIRST,"[0.00,0.05)",8.673833,1.0,4
411,VECTOR_FIRST_HNSW,"[0.00,0.05)",23.109667,0.2,4
411,HNSW_HYBRID,"[0.00,0.05)",9.124792,1.0,4
411,IVFFLAT_HYBRID,"[0.00,0.05)",8.702083,1.0,4
422,SQL_FIRST,"[0.00,0.05)",9.003459,1.0,0
422,VECTOR_FIRST_HNSW,"[0.00,0.05)",23.059834,0.4,0
422,HNSW_HYBRID,"[0.00,0.05)",9.58325,1.0,0
422,IVFFLAT_HYBRID,"[0.00,0.05)",9.056125,1.0,0
422,SQL_FIRST,"[0.00,0.05)",9.280084,1.0,1
422,VECTOR_FIRST_HNSW,"[0.00,0.05)",23.017709,0.4,1
422,HNSW_HYBRID,"[0.00,0.05)",9.740458,1.0,1
422,IVFFLAT_HYBRID,"[0.00,0.05)",8.998542,1.0,1
422,SQL_FIRST,"[0.00,0.05)",9.0975,1.0,2
422,VECTOR_FIRST_HNSW,"[0.00,0.05)",23.006875,0.4,2
422,HNSW_HYBRID,"[0.00,0.05)",9.43175,1.0,2
422,IVFFLAT_HYBRID,"[0.00,0.05)",9.021167,1.0,2
422,SQL_FIRST,"[0.00,0.05)",9.000167,1.0,3
422,VECTOR_FIRST_HNSW,"[0.00,0.05)",23.085959,0.4,3
422,HNSW_HYBRID,"[0.00,0.05)",9.289292,1.0,3
422,IVFFLAT_HYBRID,"[0.00,0.05)",8.999084,1.0,3
422,SQL_FIRST,"[0.00,0.05)",8.900709,1.0,4
422,VECTOR_FIRST_HNSW,"[0.00,0.05)",23.019833,0.4,4
422,HNSW_HYBRID,"[0.00,0.05)",9.40975,1.0,4
422,IVFFLAT_HYBRID,"[0.00,0.05)",9.428666,1.0,4
426,SQL_FIRST,"[0.00,0.05)",9.800667,1.0,0
426,VECTOR_FIRST_HNSW,"[0.00,0.05)",22.942208,0.6,0
426,HNSW_HYBRID,"[0.00,0.05)",10.050709,1.0,0
426,IVFFLAT_HYBRID,"[0.00,0.05)",9.850583,1.0,0
426,SQL_FIRST,"[0.00,0.05)",9.312791,1.0,1
426,VECTOR_FIRST_HNSW,"[0.00,0.05)",23.0065,0.6,1
426,HNSW_HYBRID,"[0.00,0.05)",9.76075,1.0,1
426,IVFFLAT_HYBRID,"[0.00,0.05)",10.244,1.0,1
426,SQL_FIRST,"[0.00,0.05)",9.540792,1.0,2
426,VECTOR_FIRST_HNSW,"[0.00,0.05)",23.043833,0.6,2
426,HNSW_HYBRID,"[0.00,0.05)",9.795917,1.0,2
426,IVFFLAT_HYBRID,"[0.00,0.05)",9.8055,1.0,2
426,SQL_FIRST,"[0.00,0.05)",9.716709,1.0,3
426,VECTOR_FIRST_HNSW,"[0.00,0.05)",23.97725,0.6,3
426,HNSW_HYBRID,"[0.00,0.05)",10.234708,1.0,3
426,IVFFLAT_HYBRID,"[0.00,0.05)",9.377583,1.0,3
426,SQL_FIRST,"[0.00,0.05)",9.376416,1.0,4
426,VECTOR_FIRST_HNSW,"[0.00,0.05)",23.13775,0.6,4
426,HNSW_HYBRID,"[0.00,0.05)",10.083083,1.0,4
426,IVFFLAT_HYBRID,"[0.00,0.05)",9.6455,1.0,4
427,SQL_FIRST,"[0.00,0.05)",6.782708,1.0,0
427,VECTOR_FIRST_HNSW,"[0.00,0.05)",22.983292,0.4,0
427,HNSW_HYBRID,"[0.00,0.05)",7.477333,1.0,0
427,IVFFLAT_HYBRID,"[0.00,0.05)",6.774458,1.0,0
427,SQL_FIRST,"[0.00,0.05)",7.010958,1.0,1
427,VECTOR_FIRST_HNSW,"[0.00,0.05)",22.980375,0.4,1
427,HNSW_HYBRID,"[0.00,0.05)",7.503209,1.0,1
427,IVFFLAT_HYBRID,"[0.00,0.05)",6.919917,1.0,1
427,SQL_FIRST,"[0.00,0.05)",6.679792,1.0,2
427,VECTOR_FIRST_HNSW,"[0.00,0.05)",22.946,0.4,2
427,HNSW_HYBRID,"[0.00,0.05)",7.486125,1.0,2
427,IVFFLAT_HYBRID,"[0.00,0.05)",6.768167,1.0,2
427,SQL_FIRST,"[0.00,0.05)",6.610125,1.0,3
427,VECTOR_FIRST_HNSW,"[0.00,0.05)",22.803542,0.4,3
427,HNSW_HYBRID,"[0.00,0.05)",7.397959,1.0,3
427,IVFFLAT_HYBRID,"[0.00,0.05)",6.715125,1.0,3
427,SQL_FIRST,"[0.00,0.05)",6.942833,1.0,4
427,VECTOR_FIRST_HNSW,"[0.00,0.05)",22.98575,0.4,4
427,HNSW_HYBRID,"[0.00,0.05)",7.473208,1.0,4
427,IVFFLAT_HYBRID,"[0.00,0.05)",6.696875,1.0,4
428,SQL_FIRST,"[0.00,0.05)",8.671166,1.0,0
428,VECTOR_FIRST_HNSW,"[0.00,0.05)",22.915,0.2,0
428,HNSW_HYBRID,"[0.00,0.05)",9.310459,1.0,0
428,IVFFLAT_HYBRID,"[0.00,0.05)",8.826791,1.0,0
428,SQL_FIRST,"[0.00,0.05)",8.802708,1.0,1
428,VECTOR_FIRST_HNSW,"[0.00,0.05)",22.954209,0.2,1
428,HNSW_HYBRID,"[0.00,0.05)",9.267,1.0,1
428,IVFFLAT_HYBRID,"[0.00,0.05)",9.536375,1.0,1
428,SQL_FIRST,"[0.00,0.05)",9.17825,1.0,2
428,VECTOR_FIRST_HNSW,"[0.00,0.05)",23.16475,0.2,2
428,HNSW_HYBRID,"[0.00,0.05)",9.23075,1.0,2
428,IVFFLAT_HYBRID,"[0.00,0.05)",8.902459,1.0,2
428,SQL_FIRST,"[0.00,0.05)",8.798584,1.0,3
428,VECTOR_FIRST_HNSW,"[0.00,0.05)",22.944166,0.2,3
428,HNSW_HYBRID,"[0.00,0.05)",9.1745,1.0,3
428,IVFFLAT_HYBRID,"[0.00,0.05)",9.034792,1.0,3
428,SQL_FIRST,"[0.00,0.05)",8.624834,1.0,4
428,VECTOR_FIRST_HNSW,"[0.00,0.05)",22.998208,0.2,4
428,HNSW_HYBRID,"[0.00,0.05)",9.36075,1.0,4
428,IVFFLAT_HYBRID,"[0.00,0.05)",8.857625,1.0,4
431,SQL_FIRST,"[0.00,0.05)",6.792042,1.0,0
431,VECTOR_FIRST_HNSW,"[0.00,0.05)",22.957209,0.2,0
431,HNSW_HYBRID,"[0.00,0.05)",7.3835,1.0,0
431,IVFFLAT_HYBRID,"[0.00,0.05)",6.792458,1.0,0
431,SQL_FIRST,"[0.00,0.05)",6.7005,1.0,1
431,VECTOR_FIRST_HNSW,"[0.00,0.05)",23.867459,0.2,1
431,HNSW_HYBRID,"[0.00,0.05)",7.47325,1.0,1
431,IVFFLAT_HYBRID,"[0.00,0.05)",6.734625,1.0,1
431,SQL_FIRST,"[0.00,0.05)",6.86225,1.0,2
431,VECTOR_FIRST_HNSW,"[0.00,0.05)",23.051917,0.2,2
431,HNSW_HYBRID,"[0.00,0.05)",7.448834,1.0,2
431,IVFFLAT_HYBRID,"[0.00,0.05)",6.778,1.0,2
431,SQL_FIRST,"[0.00,0.05)",6.733875,1.0,3
431,VECTOR_FIRST_HNSW,"[0.00,0.05)",22.886375,0.2,3
431,HNSW_HYBRID,"[0.00,0.05)",7.663542,1.0,3
431,IVFFLAT_HYBRID,"[0.00,0.05)",8.937417,1.0,3
431,SQL_FIRST,"[0.00,0.05)",7.302458,1.0,4
431,VECTOR_FIRST_HNSW,"[0.00,0.05)",23.444708,0.2,4
431,HNSW_HYBRID,"[0.00,0.05)",7.326792,1.0,4
431,IVFFLAT_HYBRID,"[0.00,0.05)",6.869375,1.0,4
433,SQL_FIRST,"[0.00,0.05)",5.963291,1.0,0
433,VECTOR_FIRST_HNSW,"[0.00,0.05)",23.010833,0.0,0
433,HNSW_HYBRID,"[0.00,0.05)",6.631167,1.0,0
433,IVFFLAT_HYBRID,"[0.00,0.05)",6.049458,1.0,0
433,SQL_FIRST,"[0.00,0.05)",6.704208,1.0,1
433,VECTOR_FIRST_HNSW,"[0.00,0.05)",24.063958,0.0,1
433,HNSW_HYBRID,"[0.00,0.05)",6.52425,1.0,1
433,IVFFLAT_HYBRID,"[0.00,0.05)",6.173291,1.0,1
433,SQL_FIRST,"[0.00,0.05)",5.990458,1.0,2
433,VECTOR_FIRST_HNSW,"[0.00,0.05)",23.010417,0.0,2
433,HNSW_HYBRID,"[0.00,0.05)",6.654375,1.0,2
433,IVFFLAT_HYBRID,"[0.00,0.05)",6.112416,1.0,2
433,SQL_FIRST,"[0.00,0.05)",5.988125,1.0,3
433,VECTOR_FIRST_HNSW,"[0.00,0.05)",22.905375,0.0,3
433,HNSW_HYBRID,"[0.00,0.05)",6.7085,1.0,3
433,IVFFLAT_HYBRID,"[0.00,0.05)",6.074083,1.0,3
433,SQL_FIRST,"[0.00,0.05)",5.99025,1.0,4
433,VECTOR_FIRST_HNSW,"[0.00,0.05)",22.948333,0.0,4
433,HNSW_HYBRID,"[0.00,0.05)",6.695042,1.0,4
433,IVFFLAT_HYBRID,"[0.00,0.05)",6.248875,1.0,4
434,SQL_FIRST,"[0.00,0.05)",7.700166,1.0,0
434,VECTOR_FIRST_HNSW,"[0.00,0.05)",22.9365,0.3,0
434,HNSW_HYBRID,"[0.00,0.05)",8.387584,1.0,0
434,IVFFLAT_HYBRID,"[0.00,0.05)",8.112292,1.0,0
434,SQL_FIRST,"[0.00,0.05)",7.912334,1.0,1
434,VECTOR_FIRST_HNSW,"[0.00,0.05)",22.913292,0.3,1
434,HNSW_HYBRID,"[0.00,0.05)",8.403208,1.0,1
434,IVFFLAT_HYBRID,"[0.00,0.05)",7.764542,1.0,1
434,SQL_FIRST,"[0.00,0.05)",7.793834,1.0,2
434,VECTOR_FIRST_HNSW,"[0.00,0.05)",22.994666,0.3,2
434,HNSW_HYBRID,"[0.00,0.05)",8.462041,1.0,2
434,IVFFLAT_HYBRID,"[0.00,0.05)",7.806792,1.0,2
434,SQL_FIRST,"[0.00,0.05)",7.926208,1.0,3
434,VECTOR_FIRST_HNSW,"[0.00,0.05)",22.897708,0.3,3
434,HNSW_HYBRID,"[0.00,0.05)",8.521042,1.0,3
434,IVFFLAT_HYBRID,"[0.00,0.05)",7.961333,1.0,3
434,SQL_FIRST,"[0.00,0.05)",8.44475,1.0,4
434,VECTOR_FIRST_HNSW,"[0.00,0.05)",22.942583,0.3,4
434,HNSW_HYBRID,"[0.00,0.05)",8.452208,1.0,4
434,IVFFLAT_HYBRID,"[0.00,0.05)",7.894083,1.0,4
439,SQL_FIRST,"[0.00,0.05)",5.111708,1.0,0
439,VECTOR_FIRST_HNSW,"[0.00,0.05)",23.784083,0.1,0
439,HNSW_HYBRID,"[0.00,0.05)",5.971709,1.0,0
439,IVFFLAT_HYBRID,"[0.00,0.05)",5.335416,1.0,0
439,SQL_FIRST,"[0.00,0.05)",5.074583,1.0,1
439,VECTOR_FIRST_HNSW,"[0.00,0.05)",22.915708,0.1,1
439,HNSW_HYBRID,"[0.00,0.05)",5.788,1.0,1
439,IVFFLAT_HYBRID,"[0.00,0.05)",5.188875,1.0,1
439,SQL_FIRST,"[0.00,0.05)",5.157084,1.0,2
439,VECTOR_FIRST_HNSW,"[0.00,0.05)",22.945084,0.1,2
439,HNSW_HYBRID,"[0.00,0.05)",5.705042,1.0,2
439,IVFFLAT_HYBRID,"[0.00,0.05)",5.211709,1.0,2
439,SQL_FIRST,"[0.00,0.05)",5.201292,1.0,3
439,VECTOR_FIRST_HNSW,"[0.00,0.05)",22.83675,0.1,3
439,HNSW_HYBRID,"[0.00,0.05)",5.832583,1.0,3
439,IVFFLAT_HYBRID,"[0.00,0.05)",5.392084,1.0,3
439,SQL_FIRST,"[0.00,0.05)",5.12425,1.0,4
439,VECTOR_FIRST_HNSW,"[0.00,0.05)",22.944,0.1,4
439,HNSW_HYBRID,"[0.00,0.05)",5.741958,1.0,4
439,IVFFLAT_HYBRID,"[0.00,0.05)",5.231542,1.0,4
441,SQL_FIRST,"[0.00,0.05)",8.828167,1.0,0
441,VECTOR_FIRST_HNSW,"[0.00,0.05)",23.838875,0.2,0
441,HNSW_HYBRID,"[0.00,0.05)",9.704792,1.0,0
441,IVFFLAT_HYBRID,"[0.00,0.05)",9.634083,1.0,0
441,SQL_FIRST,"[0.00,0.05)",9.073417,1.0,1
441,VECTOR_FIRST_HNSW,"[0.00,0.05)",24.994209,0.2,1
441,HNSW_HYBRID,"[0.00,0.05)",10.187375,1.0,1
441,IVFFLAT_HYBRID,"[0.00,0.05)",9.358333,1.0,1
441,SQL_FIRST,"[0.00,0.05)",9.162166,1.0,2
441,VECTOR_FIRST_HNSW,"[0.00,0.05)",23.000083,0.2,2
441,HNSW_HYBRID,"[0.00,0.05)",9.521,1.0,2
441,IVFFLAT_HYBRID,"[0.00,0.05)",9.002625,1.0,2
441,SQL_FIRST,"[0.00,0.05)",9.706791,1.0,3
441,VECTOR_FIRST_HNSW,"[0.00,0.05)",22.901334,0.2,3
441,HNSW_HYBRID,"[0.00,0.05)",9.479875,1.0,3
441,IVFFLAT_HYBRID,"[0.00,0.05)",8.85675,1.0,3
441,SQL_FIRST,"[0.00,0.05)",9.134958,1.0,4
441,VECTOR_FIRST_HNSW,"[0.00,0.05)",23.002333,0.2,4
441,HNSW_HYBRID,"[0.00,0.05)",9.535625,1.0,4
441,IVFFLAT_HYBRID,"[0.00,0.05)",9.38125,1.0,4
443,SQL_FIRST,"[0.00,0.05)",10.824167,1.0,0
443,VECTOR_FIRST_HNSW,"[0.00,0.05)",22.967208,0.3,0
443,HNSW_HYBRID,"[0.00,0.05)",11.152042,1.0,0
443,IVFFLAT_HYBRID,"[0.00,0.05)",10.584334,1.0,0
443,SQL_FIRST,"[0.00,0.05)",10.408209,1.0,1
443,VECTOR_FIRST_HNSW,"[0.00,0.05)",22.983916,0.3,1
443,HNSW_HYBRID,"[0.00,0.05)",11.072041,1.0,1
443,IVFFLAT_HYBRID,"[0.00,0.05)",10.734625,1.0,1
443,SQL_FIRST,"[0.00,0.05)",10.6115,1.0,2
443,VECTOR_FIRST_HNSW,"[0.00,0.05)",22.9975,0.3,2
443,HNSW_HYBRID,"[0.00,0.05)",11.082666,1.0,2
443,IVFFLAT_HYBRID,"[0.00,0.05)",11.016125,1.0,2
443,SQL_FIRST,"[0.00,0.05)",10.625208,1.0,3
443,VECTOR_FIRST_HNSW,"[0.00,0.05)",22.971166,0.3,3
443,HNSW_HYBRID,"[0.00,0.05)",11.026125,1.0,3
443,IVFFLAT_HYBRID,"[0.00,0.05)",10.73225,1.0,3
443,SQL_FIRST,"[0.00,0.05)",10.961,1.0,4
443,VECTOR_FIRST_HNSW,"[0.00,0.05)",22.975167,0.3,4
443,HNSW_HYBRID,"[0.00,0.05)",11.01425,1.0,4
443,IVFFLAT_HYBRID,"[0.00,0.05)",10.637667,1.0,4
448,SQL_FIRST,"[0.00,0.05)",4.549459,1.0,0
448,VECTOR_FIRST_HNSW,"[0.00,0.05)",22.837333,0.0,0
448,HNSW_HYBRID,"[0.00,0.05)",5.216583,1.0,0
448,IVFFLAT_HYBRID,"[0.00,0.05)",4.772167,1.0,0
448,SQL_FIRST,"[0.00,0.05)",4.766334,1.0,1
448,VECTOR_FIRST_HNSW,"[0.00,0.05)",23.820041,0.0,1
448,HNSW_HYBRID,"[0.00,0.05)",5.251791,1.0,1
448,IVFFLAT_HYBRID,"[0.00,0.05)",4.714959,1.0,1
448,SQL_FIRST,"[0.00,0.05)",4.632209,1.0,2
448,VECTOR_FIRST_HNSW,"[0.00,0.05)",22.953125,0.0,2
448,HNSW_HYBRID,"[0.00,0.05)",5.147667,1.0,2
448,IVFFLAT_HYBRID,"[0.00,0.05)",4.733209,1.0,2
448,SQL_FIRST,"[0.00,0.05)",4.662708,1.0,3
448,VECTOR_FIRST_HNSW,"[0.00,0.05)",22.915667,0.0,3
448,HNSW_HYBRID,"[0.00,0.05)",5.092166,1.0,3
448,IVFFLAT_HYBRID,"[0.00,0.05)",4.686125,1.0,3
448,SQL_FIRST,"[0.00,0.05)",4.843667,1.0,4
448,VECTOR_FIRST_HNSW,"[0.00,0.05)",24.012459,0.0,4
448,HNSW_HYBRID,"[0.00,0.05)",5.155458,1.0,4
448,IVFFLAT_HYBRID,"[0.00,0.05)",4.782458,1.0,4
449,SQL_FIRST,"[0.00,0.05)",7.955041,1.0,0
449,VECTOR_FIRST_HNSW,"[0.00,0.05)",22.912875,0.2,0
449,HNSW_HYBRID,"[0.00,0.05)",8.600042,1.0,0
449,IVFFLAT_HYBRID,"[0.00,0.05)",7.85275,1.0,0
449,SQL_FIRST,"[0.00,0.05)",8.059041,1.0,1
449,VECTOR_FIRST_HNSW,"[0.00,0.05)",22.906209,0.2,1
449,HNSW_HYBRID,"[0.00,0.05)",8.717416,1.0,1
449,IVFFLAT_HYBRID,"[0.00,0.05)",7.933333,1.0,1
449,SQL_FIRST,"[0.00,0.05)",7.945292,1.0,2
449,VECTOR_FIRST_HNSW,"[0.00,0.05)",23.003292,0.2,2
449,HNSW_HYBRID,"[0.00,0.05)",8.611375,1.0,2
449,IVFFLAT_HYBRID,"[0.00,0.05)",7.844791,1.0,2
449,SQL_FIRST,"[0.00,0.05)",7.910959,1.0,3
449,VECTOR_FIRST_HNSW,"[0.00,0.05)",22.940333,0.2,3
449,HNSW_HYBRID,"[0.00,0.05)",8.544083,1.0,3
449,IVFFLAT_HYBRID,"[0.00,0.05)",8.598666,1.0,3
449,SQL_FIRST,"[0.00,0.05)",8.151166,1.0,4
449,VECTOR_FIRST_HNSW,"[0.00,0.05)",22.92925,0.2,4
449,HNSW_HYBRID,"[0.00,0.05)",8.62875,1.0,4
449,IVFFLAT_HYBRID,"[0.00,0.05)",7.92425,1.0,4
451,SQL_FIRST,"[0.00,0.05)",11.148333,1.0,0
451,VECTOR_FIRST_HNSW,"[0.00,0.05)",23.24975,0.2,0
451,HNSW_HYBRID,"[0.00,0.05)",10.831917,1.0,0
451,IVFFLAT_HYBRID,"[0.00,0.05)",10.197709,1.0,0
451,SQL_FIRST,"[0.00,0.05)",10.203625,1.0,1
451,VECTOR_FIRST_HNSW,"[0.00,0.05)",23.042375,0.2,1
451,HNSW_HYBRID,"[0.00,0.05)",10.889583,1.0,1
451,IVFFLAT_HYBRID,"[0.00,0.05)",10.471708,1.0,1
451,SQL_FIRST,"[0.00,0.05)",10.191083,1.0,2
451,VECTOR_FIRST_HNSW,"[0.00,0.05)",23.703791,0.2,2
451,HNSW_HYBRID,"[0.00,0.05)",11.51475,1.0,2
451,IVFFLAT_HYBRID,"[0.00,0.05)",10.534625,1.0,2
451,SQL_FIRST,"[0.00,0.05)",9.884042,1.0,3
451,VECTOR_FIRST_HNSW,"[0.00,0.05)",22.930041,0.2,3
451,HNSW_HYBRID,"[0.00,0.05)",10.595334,1.0,3
451,IVFFLAT_HYBRID,"[0.00,0.05)",10.204167,1.0,3
451,SQL_FIRST,"[0.00,0.05)",10.119125,1.0,4
451,VECTOR_FIRST_HNSW,"[0.00,0.05)",23.036583,0.2,4
451,HNSW_HYBRID,"[0.00,0.05)",10.639958,1.0,4
451,IVFFLAT_HYBRID,"[0.00,0.05)",9.928667,1.0,4
453,SQL_FIRST,"[0.00,0.05)",6.149292,1.0,0
453,VECTOR_FIRST_HNSW,"[0.00,0.05)",22.974791,0.3,0
453,HNSW_HYBRID,"[0.00,0.05)",6.872208,1.0,0
453,IVFFLAT_HYBRID,"[0.00,0.05)",6.152375,1.0,0
453,SQL_FIRST,"[0.00,0.05)",6.037916,1.0,1
453,VECTOR_FIRST_HNSW,"[0.00,0.05)",22.844541,0.3,1
453,HNSW_HYBRID,"[0.00,0.05)",6.779542,1.0,1
453,IVFFLAT_HYBRID,"[0.00,0.05)",6.055666,1.0,1
453,SQL_FIRST,"[0.00,0.05)",6.306542,1.0,2
453,VECTOR_FIRST_HNSW,"[0.00,0.05)",22.877209,0.3,2
453,HNSW_HYBRID,"[0.00,0.05)",6.941584,1.0,2
453,IVFFLAT_HYBRID,"[0.00,0.05)",6.3335,1.0,2
453,SQL_FIRST,"[0.00,0.05)",6.103709,1.0,3
453,VECTOR_FIRST_HNSW,"[0.00,0.05)",22.901625,0.3,3
453,HNSW_HYBRID,"[0.00,0.05)",6.793875,1.0,3
453,IVFFLAT_HYBRID,"[0.00,0.05)",6.158791,1.0,3
453,SQL_FIRST,"[0.00,0.05)",6.040167,1.0,4
453,VECTOR_FIRST_HNSW,"[0.00,0.05)",22.971833,0.3,4
453,HNSW_HYBRID,"[0.00,0.05)",6.769125,1.0,4
453,IVFFLAT_HYBRID,"[0.00,0.05)",6.041542,1.0,4
454,SQL_FIRST,"[0.00,0.05)",7.822708,1.0,0
454,VECTOR_FIRST_HNSW,"[0.00,0.05)",23.078083,0.1,0
454,HNSW_HYBRID,"[0.00,0.05)",8.496292,1.0,0
454,IVFFLAT_HYBRID,"[0.00,0.05)",7.63825,1.0,0
454,SQL_FIRST,"[0.00,0.05)",8.094208,1.0,1
454,VECTOR_FIRST_HNSW,"[0.00,0.05)",23.258958,0.1,1
454,HNSW_HYBRID,"[0.00,0.05)",8.820833,1.0,1
454,IVFFLAT_HYBRID,"[0.00,0.05)",7.798416,1.0,1
454,SQL_FIRST,"[0.00,0.05)",7.957208,1.0,2
454,VECTOR_FIRST_HNSW,"[0.00,0.05)",23.089625,0.1,2
454,HNSW_HYBRID,"[0.00,0.05)",8.383042,1.0,2
454,IVFFLAT_HYBRID,"[0.00,0.05)",7.815375,1.0,2
454,SQL_FIRST,"[0.00,0.05)",8.112708,1.0,3
454,VECTOR_FIRST_HNSW,"[0.00,0.05)",22.9825,0.1,3
454,HNSW_HYBRID,"[0.00,0.05)",8.558042,1.0,3
454,IVFFLAT_HYBRID,"[0.00,0.05)",7.903125,1.0,3
454,SQL_FIRST,"[0.00,0.05)",7.793417,1.0,4
454,VECTOR_FIRST_HNSW,"[0.00,0.05)",23.002125,0.1,4
454,HNSW_HYBRID,"[0.00,0.05)",8.555541,1.0,4
454,IVFFLAT_HYBRID,"[0.00,0.05)",7.948166,1.0,4
457,SQL_FIRST,"[0.00,0.05)",9.131667,1.0,0
457,VECTOR_FIRST_HNSW,"[0.00,0.05)",23.078417,0.7,0
457,HNSW_HYBRID,"[0.00,0.05)",9.360167,1.0,0
457,IVFFLAT_HYBRID,"[0.00,0.05)",9.024709,1.0,0
457,SQL_FIRST,"[0.00,0.05)",9.005958,1.0,1
457,VECTOR_FIRST_HNSW,"[0.00,0.05)",23.011,0.7,1
457,HNSW_HYBRID,"[0.00,0.05)",9.360125,1.0,1
457,IVFFLAT_HYBRID,"[0.00,0.05)",9.092875,1.0,1
457,SQL_FIRST,"[0.00,0.05)",8.876417,1.0,2
457,VECTOR_FIRST_HNSW,"[0.00,0.05)",23.059042,0.7,2
457,HNSW_HYBRID,"[0.00,0.05)",9.410875,1.0,2
457,IVFFLAT_HYBRID,"[0.00,0.05)",9.54825,1.0,2
457,SQL_FIRST,"[0.00,0.05)",8.72325,1.0,3
457,VECTOR_FIRST_HNSW,"[0.00,0.05)",23.037042,0.7,3
457,HNSW_HYBRID,"[0.00,0.05)",9.64625,1.0,3
457,IVFFLAT_HYBRID,"[0.00,0.05)",9.429416,1.0,3
457,SQL_FIRST,"[0.00,0.05)",9.381042,1.0,4
457,VECTOR_FIRST_HNSW,"[0.00,0.05)",24.315083,0.7,4
457,HNSW_HYBRID,"[0.00,0.05)",9.696208,1.0,4
457,IVFFLAT_HYBRID,"[0.00,0.05)",9.076708,1.0,4
461,SQL_FIRST,"[0.00,0.05)",10.39025,1.0,0
461,VECTOR_FIRST_HNSW,"[0.00,0.05)",23.207833,0.1,0
461,HNSW_HYBRID,"[0.00,0.05)",10.188291,1.0,0
461,IVFFLAT_HYBRID,"[0.00,0.05)",9.483291,1.0,0
461,SQL_FIRST,"[0.00,0.05)",9.662667,1.0,1
461,VECTOR_FIRST_HNSW,"[0.00,0.05)",22.993792,0.1,1
461,HNSW_HYBRID,"[0.00,0.05)",10.35175,1.0,1
461,IVFFLAT_HYBRID,"[0.00,0.05)",9.461125,1.0,1
461,SQL_FIRST,"[0.00,0.05)",9.672834,1.0,2
461,VECTOR_FIRST_HNSW,"[0.00,0.05)",22.999292,0.1,2
461,HNSW_HYBRID,"[0.00,0.05)",10.154875,1.0,2
461,IVFFLAT_HYBRID,"[0.00,0.05)",9.58025,1.0,2
461,SQL_FIRST,"[0.00,0.05)",9.632458,1.0,3
461,VECTOR_FIRST_HNSW,"[0.00,0.05)",22.932541,0.1,3
461,HNSW_HYBRID,"[0.00,0.05)",10.235083,1.0,3
461,IVFFLAT_HYBRID,"[0.00,0.05)",9.675958,1.0,3
461,SQL_FIRST,"[0.00,0.05)",9.4265,1.0,4
461,VECTOR_FIRST_HNSW,"[0.00,0.05)",22.900792,0.1,4
461,HNSW_HYBRID,"[0.00,0.05)",10.130166,1.0,4
461,IVFFLAT_HYBRID,"[0.00,0.05)",9.714333,1.0,4
463,SQL_FIRST,"[0.00,0.05)",9.395583,1.0,0
463,VECTOR_FIRST_HNSW,"[0.00,0.05)",23.19725,0.1,0
463,HNSW_HYBRID,"[0.00,0.05)",9.395333,1.0,0
463,IVFFLAT_HYBRID,"[0.00,0.05)",8.967,1.0,0
463,SQL_FIRST,"[0.00,0.05)",8.930625,1.0,1
463,VECTOR_FIRST_HNSW,"[0.00,0.05)",23.063125,0.1,1
463,HNSW_HYBRID,"[0.00,0.05)",9.171917,1.0,1
463,IVFFLAT_HYBRID,"[0.00,0.05)",8.746084,1.0,1
463,SQL_FIRST,"[0.00,0.05)",8.545208,1.0,2
463,VECTOR_FIRST_HNSW,"[0.00,0.05)",22.932334,0.1,2
463,HNSW_HYBRID,"[0.00,0.05)",9.365875,1.0,2
463,IVFFLAT_HYBRID,"[0.00,0.05)",8.866834,1.0,2
463,SQL_FIRST,"[0.00,0.05)",8.739292,1.0,3
463,VECTOR_FIRST_HNSW,"[0.00,0.05)",23.503333,0.1,3
463,HNSW_HYBRID,"[0.00,0.05)",9.409458,1.0,3
463,IVFFLAT_HYBRID,"[0.00,0.05)",9.479917,1.0,3
463,SQL_FIRST,"[0.00,0.05)",8.816,1.0,4
463,VECTOR_FIRST_HNSW,"[0.00,0.05)",22.975083,0.1,4
463,HNSW_HYBRID,"[0.00,0.05)",9.014584,1.0,4
463,IVFFLAT_HYBRID,"[0.00,0.05)",8.745042,1.0,4
465,SQL_FIRST,"[0.00,0.05)",8.648625,1.0,0
465,VECTOR_FIRST_HNSW,"[0.00,0.05)",23.246542,0.5,0
465,HNSW_HYBRID,"[0.00,0.05)",9.033458,1.0,0
465,IVFFLAT_HYBRID,"[0.00,0.05)",8.535167,1.0,0
465,SQL_FIRST,"[0.00,0.05)",8.922917,1.0,1
465,VECTOR_FIRST_HNSW,"[0.00,0.05)",22.893542,0.5,1
465,HNSW_HYBRID,"[0.00,0.05)",9.340834,1.0,1
465,IVFFLAT_HYBRID,"[0.00,0.05)",8.3965,1.0,1
465,SQL_FIRST,"[0.00,0.05)",8.570166,1.0,2
465,VECTOR_FIRST_HNSW,"[0.00,0.05)",22.965666,0.5,2
465,HNSW_HYBRID,"[0.00,0.05)",9.089209,1.0,2
465,IVFFLAT_HYBRID,"[0.00,0.05)",8.514125,1.0,2
465,SQL_FIRST,"[0.00,0.05)",9.151792,1.0,3
465,VECTOR_FIRST_HNSW,"[0.00,0.05)",22.918042,0.5,3
465,HNSW_HYBRID,"[0.00,0.05)",9.243292,1.0,3
465,IVFFLAT_HYBRID,"[0.00,0.05)",8.581834,1.0,3
465,SQL_FIRST,"[0.00,0.05)",8.418167,1.0,4
465,VECTOR_FIRST_HNSW,"[0.00,0.05)",22.995209,0.5,4
465,HNSW_HYBRID,"[0.00,0.05)",9.236833,1.0,4
465,IVFFLAT_HYBRID,"[0.00,0.05)",9.267,1.0,4
466,SQL_FIRST,"[0.00,0.05)",8.168292,1.0,0
466,VECTOR_FIRST_HNSW,"[0.00,0.05)",22.981833,0.3,0
466,HNSW_HYBRID,"[0.00,0.05)",8.960542,1.0,0
466,IVFFLAT_HYBRID,"[0.00,0.05)",8.666333,1.0,0
466,SQL_FIRST,"[0.00,0.05)",8.402542,1.0,1
466,VECTOR_FIRST_HNSW,"[0.00,0.05)",23.048708,0.3,1
466,HNSW_HYBRID,"[0.00,0.05)",8.998583,1.0,1
466,IVFFLAT_HYBRID,"[0.00,0.05)",8.698666,1.0,1
466,SQL_FIRST,"[0.00,0.05)",8.649667,1.0,2
466,VECTOR_FIRST_HNSW,"[0.00,0.05)",24.269417,0.3,2
466,HNSW_HYBRID,"[0.00,0.05)",8.960792,1.0,2
466,IVFFLAT_HYBRID,"[0.00,0.05)",8.34025,1.0,2
466,SQL_FIRST,"[0.00,0.05)",8.298,1.0,3
466,VECTOR_FIRST_HNSW,"[0.00,0.05)",22.99575,0.3,3
466,HNSW_HYBRID,"[0.00,0.05)",9.07875,1.0,3
466,IVFFLAT_HYBRID,"[0.00,0.05)",8.362584,1.0,3
466,SQL_FIRST,"[0.00,0.05)",8.401333,1.0,4
466,VECTOR_FIRST_HNSW,"[0.00,0.05)",22.903417,0.3,4
466,HNSW_HYBRID,"[0.00,0.05)",9.009416,1.0,4
466,IVFFLAT_HYBRID,"[0.00,0.05)",8.359584,1.0,4
468,SQL_FIRST,"[0.00,0.05)",9.237958,1.0,0
468,VECTOR_FIRST_HNSW,"[0.00,0.05)",23.059,0.6,0
468,HNSW_HYBRID,"[0.00,0.05)",9.274584,1.0,0
468,IVFFLAT_HYBRID,"[0.00,0.05)",8.818083,1.0,0
468,SQL_FIRST,"[0.00,0.05)",8.728416,1.0,1
468,VECTOR_FIRST_HNSW,"[0.00,0.05)",22.9775,0.6,1
468,HNSW_HYBRID,"[0.00,0.05)",9.202,1.0,1
468,IVFFLAT_HYBRID,"[0.00,0.05)",8.742458,1.0,1
468,SQL_FIRST,"[0.00,0.05)",8.5275,1.0,2
468,VECTOR_FIRST_HNSW,"[0.00,0.05)",22.930291,0.6,2
468,HNSW_HYBRID,"[0.00,0.05)",9.240834,1.0,2
468,IVFFLAT_HYBRID,"[0.00,0.05)",8.892541,1.0,2
468,SQL_FIRST,"[0.00,0.05)",8.742625,1.0,3
468,VECTOR_FIRST_HNSW,"[0.00,0.05)",23.306083,0.6,3
468,HNSW_HYBRID,"[0.00,0.05)",9.1335,1.0,3
468,IVFFLAT_HYBRID,"[0.00,0.05)",9.260708,1.0,3
468,SQL_FIRST,"[0.00,0.05)",8.772625,1.0,4
468,VECTOR_FIRST_HNSW,"[0.00,0.05)",23.060041,0.6,4
468,HNSW_HYBRID,"[0.00,0.05)",9.185959,1.0,4
468,IVFFLAT_HYBRID,"[0.00,0.05)",8.671,1.0,4
469,SQL_FIRST,"[0.00,0.05)",8.991709,1.0,0
469,VECTOR_FIRST_HNSW,"[0.00,0.05)",23.750292,0.2,0
469,HNSW_HYBRID,"[0.00,0.05)",9.72025,1.0,0
469,IVFFLAT_HYBRID,"[0.00,0.05)",9.476375,1.0,0
469,SQL_FIRST,"[0.00,0.05)",9.378791,1.0,1
469,VECTOR_FIRST_HNSW,"[0.00,0.05)",22.952541,0.2,1
469,HNSW_HYBRID,"[0.00,0.05)",9.690291,1.0,1
469,IVFFLAT_HYBRID,"[0.00,0.05)",9.411333,1.0,1
469,SQL_FIRST,"[0.00,0.05)",8.927292,1.0,2
469,VECTOR_FIRST_HNSW,"[0.00,0.05)",22.925833,0.2,2
469,HNSW_HYBRID,"[0.00,0.05)",9.392791,1.0,2
469,IVFFLAT_HYBRID,"[0.00,0.05)",9.5945,1.0,2
469,SQL_FIRST,"[0.00,0.05)",8.824833,1.0,3
469,VECTOR_FIRST_HNSW,"[0.00,0.05)",23.136666,0.2,3
469,HNSW_HYBRID,"[0.00,0.05)",9.248917,1.0,3
469,IVFFLAT_HYBRID,"[0.00,0.05)",8.982958,1.0,3
469,SQL_FIRST,"[0.00,0.05)",9.191459,1.0,4
469,VECTOR_FIRST_HNSW,"[0.00,0.05)",23.142042,0.2,4
469,HNSW_HYBRID,"[0.00,0.05)",9.338417,1.0,4
469,IVFFLAT_HYBRID,"[0.00,0.05)",8.911125,1.0,4
470,SQL_FIRST,"[0.00,0.05)",1.577792,1.0,0
470,VECTOR_FIRST_HNSW,"[0.00,0.05)",22.802958,0.0,0
470,HNSW_HYBRID,"[0.00,0.05)",2.020167,1.0,0
470,IVFFLAT_HYBRID,"[0.00,0.05)",1.662666,1.0,0
470,SQL_FIRST,"[0.00,0.05)",1.600834,1.0,1
470,VECTOR_FIRST_HNSW,"[0.00,0.05)",22.899125,0.0,1
470,HNSW_HYBRID,"[0.00,0.05)",2.019459,1.0,1
470,IVFFLAT_HYBRID,"[0.00,0.05)",1.671,1.0,1
470,SQL_FIRST,"[0.00,0.05)",2.039833,1.0,2
470,VECTOR_FIRST_HNSW,"[0.00,0.05)",23.32275,0.0,2
470,HNSW_HYBRID,"[0.00,0.05)",2.250416,1.0,2
470,IVFFLAT_HYBRID,"[0.00,0.05)",1.664958,1.0,2
470,SQL_FIRST,"[0.00,0.05)",1.600375,1.0,3
470,VECTOR_FIRST_HNSW,"[0.00,0.05)",23.461083,0.0,3
470,HNSW_HYBRID,"[0.00,0.05)",2.063333,1.0,3
470,IVFFLAT_HYBRID,"[0.00,0.05)",1.701417,1.0,3
470,SQL_FIRST,"[0.00,0.05)",1.655417,1.0,4
470,VECTOR_FIRST_HNSW,"[0.00,0.05)",25.872667,0.0,4
470,HNSW_HYBRID,"[0.00,0.05)",1.933333,1.0,4
470,IVFFLAT_HYBRID,"[0.00,0.05)",1.53875,1.0,4
471,SQL_FIRST,"[0.00,0.05)",7.697833,1.0,0
471,VECTOR_FIRST_HNSW,"[0.00,0.05)",23.054625,0.4,0
471,HNSW_HYBRID,"[0.00,0.05)",8.29225,1.0,0
471,IVFFLAT_HYBRID,"[0.00,0.05)",7.669542,1.0,0
471,SQL_FIRST,"[0.00,0.05)",8.452459,1.0,1
471,VECTOR_FIRST_HNSW,"[0.00,0.05)",23.68725,0.4,1
471,HNSW_HYBRID,"[0.00,0.05)",8.2645,1.0,1
471,IVFFLAT_HYBRID,"[0.00,0.05)",7.63,1.0,1
471,SQL_FIRST,"[0.00,0.05)",7.569167,1.0,2
471,VECTOR_FIRST_HNSW,"[0.00,0.05)",23.052292,0.4,2
471,HNSW_HYBRID,"[0.00,0.05)",8.381458,1.0,2
471,IVFFLAT_HYBRID,"[0.00,0.05)",7.70925,1.0,2
471,SQL_FIRST,"[0.00,0.05)",7.560167,1.0,3
471,VECTOR_FIRST_HNSW,"[0.00,0.05)",22.894125,0.4,3
471,HNSW_HYBRID,"[0.00,0.05)",8.339167,1.0,3
471,IVFFLAT_HYBRID,"[0.00,0.05)",7.897167,1.0,3
471,SQL_FIRST,"[0.00,0.05)",7.557833,1.0,4
471,VECTOR_FIRST_HNSW,"[0.00,0.05)",23.009875,0.4,4
471,HNSW_HYBRID,"[0.00,0.05)",8.31375,1.0,4
471,IVFFLAT_HYBRID,"[0.00,0.05)",7.73825,1.0,4
476,SQL_FIRST,"[0.00,0.05)",9.781375,1.0,0
476,VECTOR_FIRST_HNSW,"[0.00,0.05)",23.017875,0.2,0
476,HNSW_HYBRID,"[0.00,0.05)",10.262167,1.0,0
476,IVFFLAT_HYBRID,"[0.00,0.05)",9.681,1.0,0
476,SQL_FIRST,"[0.00,0.05)",9.781292,1.0,1
476,VECTOR_FIRST_HNSW,"[0.00,0.05)",23.452084,0.2,1
476,HNSW_HYBRID,"[0.00,0.05)",10.204167,1.0,1
476,IVFFLAT_HYBRID,"[0.00,0.05)",9.545625,1.0,1
476,SQL_FIRST,"[0.00,0.05)",9.63125,1.0,2
476,VECTOR_FIRST_HNSW,"[0.00,0.05)",22.932709,0.2,2
476,HNSW_HYBRID,"[0.00,0.05)",10.175917,1.0,2
476,IVFFLAT_HYBRID,"[0.00,0.05)",9.894667,1.0,2
476,SQL_FIRST,"[0.00,0.05)",9.681875,1.0,3
476,VECTOR_FIRST_HNSW,"[0.00,0.05)",22.960291,0.2,3
476,HNSW_HYBRID,"[0.00,0.05)",10.241709,1.0,3
476,IVFFLAT_HYBRID,"[0.00,0.05)",9.63,1.0,3
476,SQL_FIRST,"[0.00,0.05)",9.916417,1.0,4
476,VECTOR_FIRST_HNSW,"[0.00,0.05)",22.952625,0.2,4
476,HNSW_HYBRID,"[0.00,0.05)",10.144584,1.0,4
476,IVFFLAT_HYBRID,"[0.00,0.05)",9.89325,1.0,4
477,SQL_FIRST,"[0.00,0.05)",7.846833,1.0,0
477,VECTOR_FIRST_HNSW,"[0.00,0.05)",22.987167,0.1,0
477,HNSW_HYBRID,"[0.00,0.05)",8.556583,1.0,0
477,IVFFLAT_HYBRID,"[0.00,0.05)",7.935125,1.0,0
477,SQL_FIRST,"[0.00,0.05)",7.788125,1.0,1
477,VECTOR_FIRST_HNSW,"[0.00,0.05)",22.977583,0.1,1
477,HNSW_HYBRID,"[0.00,0.05)",8.499708,1.0,1
477,IVFFLAT_HYBRID,"[0.00,0.05)",7.935917,1.0,1
477,SQL_FIRST,"[0.00,0.05)",7.999083,1.0,2
477,VECTOR_FIRST_HNSW,"[0.00,0.05)",22.855209,0.1,2
477,HNSW_HYBRID,"[0.00,0.05)",8.461792,1.0,2
477,IVFFLAT_HYBRID,"[0.00,0.05)",7.863291,1.0,2
477,SQL_FIRST,"[0.00,0.05)",7.795833,1.0,3
477,VECTOR_FIRST_HNSW,"[0.00,0.05)",22.9685,0.1,3
477,HNSW_HYBRID,"[0.00,0.05)",8.51725,1.0,3
477,IVFFLAT_HYBRID,"[0.00,0.05)",7.805375,1.0,3
477,SQL_FIRST,"[0.00,0.05)",7.9555,1.0,4
477,VECTOR_FIRST_HNSW,"[0.00,0.05)",22.952833,0.1,4
477,HNSW_HYBRID,"[0.00,0.05)",8.6305,1.0,4
477,IVFFLAT_HYBRID,"[0.00,0.05)",7.761708,1.0,4
480,SQL_FIRST,"[0.00,0.05)",6.771875,1.0,0
480,VECTOR_FIRST_HNSW,"[0.00,0.05)",23.025209,0.2,0
480,HNSW_HYBRID,"[0.00,0.05)",7.376208,1.0,0
480,IVFFLAT_HYBRID,"[0.00,0.05)",7.414083,1.0,0
480,SQL_FIRST,"[0.00,0.05)",7.682,1.0,1
480,VECTOR_FIRST_HNSW,"[0.00,0.05)",24.761375,0.2,1
480,HNSW_HYBRID,"[0.00,0.05)",7.608,1.0,1
480,IVFFLAT_HYBRID,"[0.00,0.05)",6.723959,1.0,1
480,SQL_FIRST,"[0.00,0.05)",6.495375,1.0,2
480,VECTOR_FIRST_HNSW,"[0.00,0.05)",23.038875,0.2,2
480,HNSW_HYBRID,"[0.00,0.05)",7.296583,1.0,2
480,IVFFLAT_HYBRID,"[0.00,0.05)",6.801167,1.0,2
480,SQL_FIRST,"[0.00,0.05)",6.82075,1.0,3
480,VECTOR_FIRST_HNSW,"[0.00,0.05)",22.935167,0.2,3
480,HNSW_HYBRID,"[0.00,0.05)",7.400667,1.0,3
480,IVFFLAT_HYBRID,"[0.00,0.05)",6.553167,1.0,3
480,SQL_FIRST,"[0.00,0.05)",6.643916,1.0,4
480,VECTOR_FIRST_HNSW,"[0.00,0.05)",24.021125,0.2,4
480,HNSW_HYBRID,"[0.00,0.05)",7.517,1.0,4
480,IVFFLAT_HYBRID,"[0.00,0.05)",6.753583,1.0,4
482,SQL_FIRST,"[0.00,0.05)",8.969791,1.0,0
482,VECTOR_FIRST_HNSW,"[0.00,0.05)",22.989666,0.4,0
482,HNSW_HYBRID,"[0.00,0.05)",9.650834,1.0,0
482,IVFFLAT_HYBRID,"[0.00,0.05)",9.663833,1.0,0
482,SQL_FIRST,"[0.00,0.05)",9.071167,1.0,1
482,VECTOR_FIRST_HNSW,"[0.00,0.05)",23.098209,0.4,1
482,HNSW_HYBRID,"[0.00,0.05)",9.211583,1.0,1
482,IVFFLAT_HYBRID,"[0.00,0.05)",8.717125,1.0,1
482,SQL_FIRST,"[0.00,0.05)",8.916792,1.0,2
482,VECTOR_FIRST_HNSW,"[0.00,0.05)",23.133292,0.4,2
482,HNSW_HYBRID,"[0.00,0.05)",9.532667,1.0,2
482,IVFFLAT_HYBRID,"[0.00,0.05)",9.331917,1.0,2
482,SQL_FIRST,"[0.00,0.05)",8.964459,1.0,3
482,VECTOR_FIRST_HNSW,"[0.00,0.05)",22.950625,0.4,3
482,HNSW_HYBRID,"[0.00,0.05)",9.408084,1.0,3
482,IVFFLAT_HYBRID,"[0.00,0.05)",9.022917,1.0,3
482,SQL_FIRST,"[0.00,0.05)",9.106541,1.0,4
482,VECTOR_FIRST_HNSW,"[0.00,0.05)",22.861334,0.4,4
482,HNSW_HYBRID,"[0.00,0.05)",9.504458,1.0,4
482,IVFFLAT_HYBRID,"[0.00,0.05)",9.143584,1.0,4
484,SQL_FIRST,"[0.00,0.05)",9.557333,1.0,0
484,VECTOR_FIRST_HNSW,"[0.00,0.05)",23.571125,0.6,0
484,HNSW_HYBRID,"[0.00,0.05)",9.5175,1.0,0
484,IVFFLAT_HYBRID,"[0.00,0.05)",9.466917,1.0,0
484,SQL_FIRST,"[0.00,0.05)",9.429333,1.0,1
484,VECTOR_FIRST_HNSW,"[0.00,0.05)",23.151417,0.6,1
484,HNSW_HYBRID,"[0.00,0.05)",9.82625,1.0,1
484,IVFFLAT_HYBRID,"[0.00,0.05)",9.590583,1.0,1
484,SQL_FIRST,"[0.00,0.05)",9.111083,1.0,2
484,VECTOR_FIRST_HNSW,"[0.00,0.05)",24.575458,0.6,2
484,HNSW_HYBRID,"[0.00,0.05)",10.090333,1.0,2
484,IVFFLAT_HYBRID,"[0.00,0.05)",9.481875,1.0,2
484,SQL_FIRST,"[0.00,0.05)",9.63025,1.0,3
484,VECTOR_FIRST_HNSW,"[0.00,0.05)",22.957375,0.6,3
484,HNSW_HYBRID,"[0.00,0.05)",10.004292,1.0,3
484,IVFFLAT_HYBRID,"[0.00,0.05)",9.460708,1.0,3
484,SQL_FIRST,"[0.00,0.05)",9.417334,1.0,4
484,VECTOR_FIRST_HNSW,"[0.00,0.05)",22.922167,0.6,4
484,HNSW_HYBRID,"[0.00,0.05)",9.684208,1.0,4
484,IVFFLAT_HYBRID,"[0.00,0.05)",9.864833,1.0,4
485,SQL_FIRST,"[0.00,0.05)",7.653208,1.0,0
485,VECTOR_FIRST_HNSW,"[0.00,0.05)",22.885834,0.4,0
485,HNSW_HYBRID,"[0.00,0.05)",8.397333,1.0,0
485,IVFFLAT_HYBRID,"[0.00,0.05)",8.096542,1.0,0
485,SQL_FIRST,"[0.00,0.05)",7.717042,1.0,1
485,VECTOR_FIRST_HNSW,"[0.00,0.05)",22.909,0.4,1
485,HNSW_HYBRID,"[0.00,0.05)",8.491333,1.0,1
485,IVFFLAT_HYBRID,"[0.00,0.05)",7.961208,1.0,1
485,SQL_FIRST,"[0.00,0.05)",7.689,1.0,2
485,VECTOR_FIRST_HNSW,"[0.00,0.05)",22.942291,0.4,2
485,HNSW_HYBRID,"[0.00,0.05)",8.456042,1.0,2
485,IVFFLAT_HYBRID,"[0.00,0.05)",7.939834,1.0,2
485,SQL_FIRST,"[0.00,0.05)",7.885083,1.0,3
485,VECTOR_FIRST_HNSW,"[0.00,0.05)",22.916875,0.4,3
485,HNSW_HYBRID,"[0.00,0.05)",8.357125,1.0,3
485,IVFFLAT_HYBRID,"[0.00,0.05)",7.798417,1.0,3
485,SQL_FIRST,"[0.00,0.05)",7.569375,1.0,4
485,VECTOR_FIRST_HNSW,"[0.00,0.05)",23.000875,0.4,4
485,HNSW_HYBRID,"[0.00,0.05)",8.430125,1.0,4
485,IVFFLAT_HYBRID,"[0.00,0.05)",8.2855,1.0,4
489,SQL_FIRST,"[0.00,0.05)",10.978208,1.0,0
489,VECTOR_FIRST_HNSW,"[0.00,0.05)",23.168792,0.4,0
489,HNSW_HYBRID,"[0.00,0.05)",11.755625,1.0,0
489,IVFFLAT_HYBRID,"[0.00,0.05)",11.234375,1.0,0
489,SQL_FIRST,"[0.00,0.05)",11.293792,1.0,1
489,VECTOR_FIRST_HNSW,"[0.00,0.05)",25.029917,0.4,1
489,HNSW_HYBRID,"[0.00,0.05)",11.200416,1.0,1
489,IVFFLAT_HYBRID,"[0.00,0.05)",10.918542,1.0,1
489,SQL_FIRST,"[0.00,0.05)",10.93625,1.0,2
489,VECTOR_FIRST_HNSW,"[0.00,0.05)",22.946916,0.4,2
489,HNSW_HYBRID,"[0.00,0.05)",11.19225,1.0,2
489,IVFFLAT_HYBRID,"[0.00,0.05)",11.118125,1.0,2
489,SQL_FIRST,"[0.00,0.05)",10.985958,1.0,3
489,VECTOR_FIRST_HNSW,"[0.00,0.05)",23.018958,0.4,3
489,HNSW_HYBRID,"[0.00,0.05)",11.25575,1.0,3
489,IVFFLAT_HYBRID,"[0.00,0.05)",10.780333,1.0,3
489,SQL_FIRST,"[0.00,0.05)",11.133167,1.0,4
489,VECTOR_FIRST_HNSW,"[0.00,0.05)",22.951875,0.4,4
489,HNSW_HYBRID,"[0.00,0.05)",11.289833,1.0,4
489,IVFFLAT_HYBRID,"[0.00,0.05)",10.846583,1.0,4
490,SQL_FIRST,"[0.00,0.05)",4.137,1.0,0
490,VECTOR_FIRST_HNSW,"[0.00,0.05)",22.867667,0.0,0
490,HNSW_HYBRID,"[0.00,0.05)",4.456917,1.0,0
490,IVFFLAT_HYBRID,"[0.00,0.05)",4.121208,1.0,0
490,SQL_FIRST,"[0.00,0.05)",4.198542,1.0,1
490,VECTOR_FIRST_HNSW,"[0.00,0.05)",23.017458,0.0,1
490,HNSW_HYBRID,"[0.00,0.05)",4.439542,1.0,1
490,IVFFLAT_HYBRID,"[0.00,0.05)",4.195375,1.0,1
490,SQL_FIRST,"[0.00,0.05)",4.139958,1.0,2
490,VECTOR_FIRST_HNSW,"[0.00,0.05)",22.821125,0.0,2
490,HNSW_HYBRID,"[0.00,0.05)",4.619292,1.0,2
490,IVFFLAT_HYBRID,"[0.00,0.05)",4.151667,1.0,2
490,SQL_FIRST,"[0.00,0.05)",4.166792,1.0,3
490,VECTOR_FIRST_HNSW,"[0.00,0.05)",23.675709,0.0,3
490,HNSW_HYBRID,"[0.00,0.05)",4.457833,1.0,3
490,IVFFLAT_HYBRID,"[0.00,0.05)",4.063916,1.0,3
490,SQL_FIRST,"[0.00,0.05)",4.066917,1.0,4
490,VECTOR_FIRST_HNSW,"[0.00,0.05)",22.955333,0.0,4
490,HNSW_HYBRID,"[0.00,0.05)",4.452417,1.0,4
490,IVFFLAT_HYBRID,"[0.00,0.05)",4.327292,1.0,4
491,SQL_FIRST,"[0.00,0.05)",9.714875,1.0,0
491,VECTOR_FIRST_HNSW,"[0.00,0.05)",23.248167,0.7,0
491,HNSW_HYBRID,"[0.00,0.05)",9.551458,1.0,0
491,IVFFLAT_HYBRID,"[0.00,0.05)",8.995959,1.0,0
491,SQL_FIRST,"[0.00,0.05)",9.345375,1.0,1
491,VECTOR_FIRST_HNSW,"[0.00,0.05)",23.010334,0.7,1
491,HNSW_HYBRID,"[0.00,0.05)",9.557667,1.0,1
491,IVFFLAT_HYBRID,"[0.00,0.05)",9.120875,1.0,1
491,SQL_FIRST,"[0.00,0.05)",9.231625,1.0,2
491,VECTOR_FIRST_HNSW,"[0.00,0.05)",22.955667,0.7,2
491,HNSW_HYBRID,"[0.00,0.05)",9.542583,1.0,2
491,IVFFLAT_HYBRID,"[0.00,0.05)",9.203333,1.0,2
491,SQL_FIRST,"[0.00,0.05)",9.675791,1.0,3
491,VECTOR_FIRST_HNSW,"[0.00,0.05)",22.833917,0.7,3
491,HNSW_HYBRID,"[0.00,0.05)",9.893875,1.0,3
491,IVFFLAT_HYBRID,"[0.00,0.05)",9.1325,1.0,3
491,SQL_FIRST,"[0.00,0.05)",9.167625,1.0,4
491,VECTOR_FIRST_HNSW,"[0.00,0.05)",22.965125,0.7,4
491,HNSW_HYBRID,"[0.00,0.05)",9.491125,1.0,4
491,IVFFLAT_HYBRID,"[0.00,0.05)",9.275916,1.0,4
492,SQL_FIRST,"[0.00,0.05)",7.986709,1.0,0
492,VECTOR_FIRST_HNSW,"[0.00,0.05)",22.995208,0.3,0
492,HNSW_HYBRID,"[0.00,0.05)",8.798875,1.0,0
492,IVFFLAT_HYBRID,"[0.00,0.05)",8.808625,1.0,0
492,SQL_FIRST,"[0.00,0.05)",9.487541,1.0,1
492,VECTOR_FIRST_HNSW,"[0.00,0.05)",24.948,0.3,1
492,HNSW_HYBRID,"[0.00,0.05)",8.69175,1.0,1
492,IVFFLAT_HYBRID,"[0.00,0.05)",8.782833,1.0,1
492,SQL_FIRST,"[0.00,0.05)",8.037542,1.0,2
492,VECTOR_FIRST_HNSW,"[0.00,0.05)",22.984292,0.3,2
492,HNSW_HYBRID,"[0.00,0.05)",8.688167,1.0,2
492,IVFFLAT_HYBRID,"[0.00,0.05)",8.386666,1.0,2
492,SQL_FIRST,"[0.00,0.05)",8.035291,1.0,3
492,VECTOR_FIRST_HNSW,"[0.00,0.05)",23.063959,0.3,3
492,HNSW_HYBRID,"[0.00,0.05)",8.636333,1.0,3
492,IVFFLAT_HYBRID,"[0.00,0.05)",8.134125,1.0,3
492,SQL_FIRST,"[0.00,0.05)",9.3235,1.0,4
492,VECTOR_FIRST_HNSW,"[0.00,0.05)",23.808583,0.3,4
492,HNSW_HYBRID,"[0.00,0.05)",8.74175,1.0,4
492,IVFFLAT_HYBRID,"[0.00,0.05)",8.142166,1.0,4
493,SQL_FIRST,"[0.00,0.05)",7.081583,1.0,0
493,VECTOR_FIRST_HNSW,"[0.00,0.05)",22.93225,0.2,0
493,HNSW_HYBRID,"[0.00,0.05)",7.766,1.0,0
493,IVFFLAT_HYBRID,"[0.00,0.05)",7.466334,1.0,0
493,SQL_FIRST,"[0.00,0.05)",6.947416,1.0,1
493,VECTOR_FIRST_HNSW,"[0.00,0.05)",22.851334,0.2,1
493,HNSW_HYBRID,"[0.00,0.05)",7.742709,1.0,1
493,IVFFLAT_HYBRID,"[0.00,0.05)",7.12875,1.0,1
493,SQL_FIRST,"[0.00,0.05)",6.902042,1.0,2
493,VECTOR_FIRST_HNSW,"[0.00,0.05)",22.970875,0.2,2
493,HNSW_HYBRID,"[0.00,0.05)",7.790708,1.0,2
493,IVFFLAT_HYBRID,"[0.00,0.05)",7.056875,1.0,2
493,SQL_FIRST,"[0.00,0.05)",7.308667,1.0,3
493,VECTOR_FIRST_HNSW,"[0.00,0.05)",22.868542,0.2,3
493,HNSW_HYBRID,"[0.00,0.05)",7.938875,1.0,3
493,IVFFLAT_HYBRID,"[0.00,0.05)",7.076625,1.0,3
493,SQL_FIRST,"[0.00,0.05)",7.043584,1.0,4
493,VECTOR_FIRST_HNSW,"[0.00,0.05)",22.876708,0.2,4
493,HNSW_HYBRID,"[0.00,0.05)",7.813167,1.0,4
493,IVFFLAT_HYBRID,"[0.00,0.05)",7.007833,1.0,4
495,SQL_FIRST,"[0.00,0.05)",10.639167,1.0,0
495,VECTOR_FIRST_HNSW,"[0.00,0.05)",23.004084,0.3,0
495,HNSW_HYBRID,"[0.00,0.05)",11.462333,1.0,0
495,IVFFLAT_HYBRID,"[0.00,0.05)",11.021792,1.0,0
495,SQL_FIRST,"[0.00,0.05)",10.508,1.0,1
495,VECTOR_FIRST_HNSW,"[0.00,0.05)",23.030209,0.3,1
495,HNSW_HYBRID,"[0.00,0.05)",11.220417,1.0,1
495,IVFFLAT_HYBRID,"[0.00,0.05)",10.750667,1.0,1
495,SQL_FIRST,"[0.00,0.05)",10.809583,1.0,2
495,VECTOR_FIRST_HNSW,"[0.00,0.05)",23.534584,0.3,2
495,HNSW_HYBRID,"[0.00,0.05)",11.101125,1.0,2
495,IVFFLAT_HYBRID,"[0.00,0.05)",11.234375,1.0,2
495,SQL_FIRST,"[0.00,0.05)",11.388084,1.0,3
495,VECTOR_FIRST_HNSW,"[0.00,0.05)",22.914542,0.3,3
495,HNSW_HYBRID,"[0.00,0.05)",11.513458,1.0,3
495,IVFFLAT_HYBRID,"[0.00,0.05)",10.867833,1.0,3
495,SQL_FIRST,"[0.00,0.05)",10.746417,1.0,4
495,VECTOR_FIRST_HNSW,"[0.00,0.05)",22.934,0.3,4
495,HNSW_HYBRID,"[0.00,0.05)",11.258209,1.0,4
495,IVFFLAT_HYBRID,"[0.00,0.05)",10.92675,1.0,4
496,SQL_FIRST,"[0.00,0.05)",8.399459,1.0,0
496,VECTOR_FIRST_HNSW,"[0.00,0.05)",23.020458,0.2,0
496,HNSW_HYBRID,"[0.00,0.05)",8.860042,1.0,0
496,IVFFLAT_HYBRID,"[0.00,0.05)",8.31975,1.0,0
496,SQL_FIRST,"[0.00,0.05)",8.164458,1.0,1
496,VECTOR_FIRST_HNSW,"[0.00,0.05)",22.993875,0.2,1
496,HNSW_HYBRID,"[0.00,0.05)",8.879583,1.0,1
496,IVFFLAT_HYBRID,"[0.00,0.05)",8.175875,1.0,1
496,SQL_FIRST,"[0.00,0.05)",8.349541,1.0,2
496,VECTOR_FIRST_HNSW,"[0.00,0.05)",22.9195,0.2,2
496,HNSW_HYBRID,"[0.00,0.05)",9.073833,1.0,2
496,IVFFLAT_HYBRID,"[0.00,0.05)",8.235167,1.0,2
496,SQL_FIRST,"[0.00,0.05)",8.275208,1.0,3
496,VECTOR_FIRST_HNSW,"[0.00,0.05)",22.9545,0.2,3
496,HNSW_HYBRID,"[0.00,0.05)",8.8935,1.0,3
496,IVFFLAT_HYBRID,"[0.00,0.05)",8.142917,1.0,3
496,SQL_FIRST,"[0.00,0.05)",8.620542,1.0,4
496,VECTOR_FIRST_HNSW,"[0.00,0.05)",23.198,0.2,4
496,HNSW_HYBRID,"[0.00,0.05)",9.013417,1.0,4
496,IVFFLAT_HYBRID,"[0.00,0.05)",8.279583,1.0,4
497,SQL_FIRST,"[0.00,0.05)",9.19875,1.0,0
497,VECTOR_FIRST_HNSW,"[0.00,0.05)",24.255708,0.2,0
497,HNSW_HYBRID,"[0.00,0.05)",10.089083,1.0,0
497,IVFFLAT_HYBRID,"[0.00,0.05)",10.022042,1.0,0
497,SQL_FIRST,"[0.00,0.05)",9.632167,1.0,1
497,VECTOR_FIRST_HNSW,"[0.00,0.05)",22.953166,0.2,1
497,HNSW_HYBRID,"[0.00,0.05)",9.81625,1.0,1
497,IVFFLAT_HYBRID,"[0.00,0.05)",9.428209,1.0,1
497,SQL_FIRST,"[0.00,0.05)",9.46925,1.0,2
497,VECTOR_FIRST_HNSW,"[0.00,0.05)",23.103708,0.2,2
497,HNSW_HYBRID,"[0.00,0.05)",9.81725,1.0,2
497,IVFFLAT_HYBRID,"[0.00,0.05)",9.324333,1.0,2
497,SQL_FIRST,"[0.00,0.05)",9.796792,1.0,3
497,VECTOR_FIRST_HNSW,"[0.00,0.05)",23.226417,0.2,3
497,HNSW_HYBRID,"[0.00,0.05)",9.796125,1.0,3
497,IVFFLAT_HYBRID,"[0.00,0.05)",9.37525,1.0,3
497,SQL_FIRST,"[0.00,0.05)",9.428458,1.0,4
497,VECTOR_FIRST_HNSW,"[0.00,0.05)",23.249625,0.2,4
497,HNSW_HYBRID,"[0.00,0.05)",9.791584,1.0,4
497,IVFFLAT_HYBRID,"[0.00,0.05)",9.665125,1.0,4
498,SQL_FIRST,"[0.00,0.05)",8.695583,1.0,0
498,VECTOR_FIRST_HNSW,"[0.00,0.05)",23.092958,0.2,0
498,HNSW_HYBRID,"[0.00,0.05)",9.534708,1.0,0
498,IVFFLAT_HYBRID,"[0.00,0.05)",8.751042,1.0,0
498,SQL_FIRST,"[0.00,0.05)",8.600791,1.0,1
498,VECTOR_FIRST_HNSW,"[0.00,0.05)",22.91475,0.2,1
498,HNSW_HYBRID,"[0.00,0.05)",9.417875,1.0,1
498,IVFFLAT_HYBRID,"[0.00,0.05)",8.569041,1.0,1
498,SQL_FIRST,"[0.00,0.05)",8.477083,1.0,2
498,VECTOR_FIRST_HNSW,"[0.00,0.05)",23.348042,0.2,2
498,HNSW_HYBRID,"[0.00,0.05)",9.16175,1.0,2
498,IVFFLAT_HYBRID,"[0.00,0.05)",8.334417,1.0,2
498,SQL_FIRST,"[0.00,0.05)",8.849125,1.0,3
498,VECTOR_FIRST_HNSW,"[0.00,0.05)",22.97875,0.2,3
498,HNSW_HYBRID,"[0.00,0.05)",9.357459,1.0,3
498,IVFFLAT_HYBRID,"[0.00,0.05)",8.651708,1.0,3
498,SQL_FIRST,"[0.00,0.05)",8.515334,1.0,4
498,VECTOR_FIRST_HNSW,"[0.00,0.05)",23.531125,0.2,4
498,HNSW_HYBRID,"[0.00,0.05)",9.316791,1.0,4
498,IVFFLAT_HYBRID,"[0.00,0.05)",8.763917,1.0,4
499,SQL_FIRST,"[0.00,0.05)",10.906292,1.0,0
499,VECTOR_FIRST_HNSW,"[0.00,0.05)",22.95175,0.3,0
499,HNSW_HYBRID,"[0.00,0.05)",11.321083,1.0,0
499,IVFFLAT_HYBRID,"[0.00,0.05)",10.700875,1.0,0
499,SQL_FIRST,"[0.00,0.05)",10.544792,1.0,1
499,VECTOR_FIRST_HNSW,"[0.00,0.05)",22.972667,0.3,1
499,HNSW_HYBRID,"[0.00,0.05)",11.095417,1.0,1
499,IVFFLAT_HYBRID,"[0.00,0.05)",10.811709,1.0,1
499,SQL_FIRST,"[0.00,0.05)",10.6425,1.0,2
499,VECTOR_FIRST_HNSW,"[0.00,0.05)",23.037417,0.3,2
499,HNSW_HYBRID,"[0.00,0.05)",11.135084,1.0,2
499,IVFFLAT_HYBRID,"[0.00,0.05)",10.543375,1.0,2
499,SQL_FIRST,"[0.00,0.05)",10.7315,1.0,3
499,VECTOR_FIRST_HNSW,"[0.00,0.05)",22.863375,0.3,3
499,HNSW_HYBRID,"[0.00,0.05)",11.196625,1.0,3
499,IVFFLAT_HYBRID,"[0.00,0.05)",10.6615,1.0,3
499,SQL_FIRST,"[0.00,0.05)",10.48025,1.0,4
499,VECTOR_FIRST_HNSW,"[0.00,0.05)",22.995209,0.3,4
499,HNSW_HYBRID,"[0.00,0.05)",11.22125,1.0,4
499,IVFFLAT_HYBRID,"[0.00,0.05)",10.774084,1.0,4
