ts_utc,phase,repetition,query_id,strategy,template,category,price_limit,in_stock,target_bucket_idx,estimated_selectivity,bucket,latency_ms,recall_at_10,plan_verified,access_path,adaptive_selected,is_adaptive_selection
2026-08-30T19:36:13.893+00:00,calibration,0,138,SQL_FIRST,two_categories,category_05,34,False,2,0.199565,"[0.10,0.25)",23.677917,1.0,True,exact_bitmap,,False
2026-08-30T19:36:13.925+00:00,calibration,0,138,VECTOR_FIRST_HNSW,two_categories,category_05,34,False,2,0.199565,"[0.10,0.25)",30.230792,1.0,False,exact_bitmap,,False
2026-08-30T19:36:13.949+00:00,calibration,0,138,HNSW_HYBRID,two_categories,category_05,34,False,2,0.199565,"[0.10,0.25)",23.22175,1.0,False,exact_bitmap,,False
2026-08-30T19:36:13.974+00:00,calibration,0,138,IVFFLAT_HYBRID,two_categories,category_05,34,False,2,0.199565,"[0.10,0.25)",24.53575,1.0,False,exact_bitmap,,False
2026-08-30T19:36:14.110+00:00,calibration,0,164,SQL_FIRST,category_or_price,category_01,425,False,3,0.47886,"[0.25,0.50)",25.260292,1.0,True,exact_seq,,False
2026-08-30T19:36:14.140+00:00,calibration,0,164,VECTOR_FIRST_HNSW,category_or_price,category_01,425,False,3,0.47886,"[0.25,0.50)",28.809958,1.0,False,exact_bitmap,,False
2026-08-30T19:36:14.167+00:00,calibration,0,164,HNSW_HYBRID,category_or_price,category_01,425,False,3,0.47886,"[0.25,0.50)",25.601291,1.0,False,exact_seq,,False
2026-08-30T19:36:14.192+00:00,calibration,0,164,IVFFLAT_HYBRID,category_or_price,category_01,425,False,3,0.47886,"[0.25,0.50)",24.485833,1.0,False,exact_seq,,False
2026-08-30T19:36:14.237+00:00,calibration,0,41,SQL_FIRST,category_narrow_price,category_03,806,True,0,0.00526,"[0.00,0.05)",3.194083,1.0,True,exact_bitmap,,False
2026-08-30T19:36:14.268+00:00,calibration,0,41,VECTOR_FIRST_HNSW,category_narrow_price,category_03,806,True,0,0.00526,"[0.00,0.05)",29.995333,0.0,False,exact_bitmap,,False
2026-08-30T19:36:14.272+00:00,calibration,0,41,HNSW_HYBRID,category_narrow_price,category_03,806,True,0,0.00526,"[0.00,0.05)",3.139333,1.0,False,exact_bitmap,,False
2026-08-30T19:36:14.276+00:00,calibration,0,41,IVFFLAT_HYBRID,category_narrow_price,category_03,806,True,0,0.00526,"[0.00,0.05)",2.738541,1.0,False,exact_bitmap,,False
2026-08-30T19:36:14.401+00:00,calibration,0,208,SQL_FIRST,stock_alone,category_07,492,True,4,0.500835,"[0.50,1.00)",22.733084,1.0,True,exact_seq,,False
2026-08-30T19:36:14.431+00:00,calibration,0,208,VECTOR_FIRST_HNSW,stock_alone,category_07,492,True,4,0.500835,"[0.50,1.00)",28.413167,1.0,False,exact_bitmap,,False
2026-08-30T19:36:14.455+00:00,calibration,0,208,HNSW_HYBRID,stock_alone,category_07,492,True,4,0.500835,"[0.50,1.00)",23.000666,1.0,False,exact_seq,,False
2026-08-30T19:36:14.481+00:00,calibration,0,208,IVFFLAT_HYBRID,stock_alone,category_07,492,True,4,0.500835,"[0.50,1.00)",23.680417,1.0,False,exact_seq,,False
2026-08-30T19:36:14.569+00:00,calibration,0,132,SQL_FIRST,single_category_alone,category_03,14,False,2,0.1037,"[0.10,0.25)",14.303708,1.0,True,exact_bitmap,,False
2026-08-30T19:36:14.600+00:00,calibration,0,132,VECTOR_FIRST_HNSW,single_category_alone,category_03,14,False,2,0.1037,"[0.10,0.25)",30.749958,0.9,False,exact_bitmap,,False
2026-08-30T19:36:14.616+00:00,calibration,0,132,HNSW_HYBRID,single_category_alone,category_03,14,False,2,0.1037,"[0.10,0.25)",14.622292,1.0,False,exact_bitmap,,False
2026-08-30T19:36:14.631+00:00,calibration,0,132,IVFFLAT_HYBRID,single_category_alone,category_03,14,False,2,0.1037,"[0.10,0.25)",14.366166,1.0,False,exact_bitmap,,False
2026-08-30T19:36:14.781+00:00,calibration,0,227,SQL_FIRST,wide_or,category_01,390,False,4,0.723345,"[0.50,1.00)",29.270667,1.0,True,exact_seq,,False
2026-08-30T19:36:14.812+00:00,calibration,0,227,VECTOR_FIRST_HNSW,wide_or,category_01,390,False,4,0.723345,"[0.50,1.00)",29.411416,1.0,False,exact_bitmap,,False
2026-08-30T19:36:14.845+00:00,calibration,0,227,HNSW_HYBRID,wide_or,category_01,390,False,4,0.723345,"[0.50,1.00)",28.968125,1.0,False,exact_seq,,False
2026-08-30T19:36:14.876+00:00,calibration,0,227,IVFFLAT_HYBRID,wide_or,category_01,390,False,4,0.723345,"[0.50,1.00)",30.078792,1.0,False,exact_seq,,False
2026-08-30T19:36:15.038+00:00,calibration,0,126,SQL_FIRST,price_range_mid,category_02,412,True,2,0.101065,"[0.10,0.25)",22.790541,1.0,True,exact_bitmap,,False
2026-08-30T19:36:15.070+00:00,calibration,0,126,VECTOR_FIRST_HNSW,price_range_mid,category_02,412,True,2,0.101065,"[0.10,0.25)",30.686667,0.6,False,exact_bitmap,,False
2026-08-30T19:36:15.084+00:00,calibration,0,126,HNSW_HYBRID,price_range_mid,category_02,412,True,2,0.101065,"[0.10,0.25)",13.458334,1.0,False,exact_bitmap,,False
2026-08-30T19:36:15.099+00:00,calibration,0,126,IVFFLAT_HYBRID,price_range_mid,category_02,412,True,2,0.101065,"[0.10,0.25)",14.374458,1.0,False,exact_bitmap,,False
2026-08-30T19:36:15.224+00:00,calibration,0,240,SQL_FIRST,stock_alone,category_04,912,True,4,0.500835,"[0.50,1.00)",22.657209,1.0,True,exact_seq,,False
2026-08-30T19:36:15.255+00:00,calibration,0,240,VECTOR_FIRST_HNSW,stock_alone,category_04,912,True,4,0.500835,"[0.50,1.00)",28.819542,1.0,False,exact_bitmap,,False
2026-08-30T19:36:15.279+00:00,calibration,0,240,HNSW_HYBRID,stock_alone,category_04,912,True,4,0.500835,"[0.50,1.00)",22.604416,1.0,False,exact_seq,,False
2026-08-30T19:36:15.303+00:00,calibration,0,240,IVFFLAT_HYBRID,stock_alone,category_04,912,True,4,0.500835,"[0.50,1.00)",22.527083,1.0,False,exact_seq,,False
2026-08-30T19:36:15.443+00:00,calibration,0,243,SQL_FIRST,wide_or,category_01,108,True,4,0.59524,"[0.50,1.00)",27.238375,1.0,True,exact_seq,,False
2026-08-30T19:36:15.475+00:00,calibration,0,243,VECTOR_FIRST_HNSW,wide_or,category_01,108,True,4,0.59524,"[0.50,1.00)",29.852541,1.0,False,exact_bitmap,,False
2026-08-30T19:36:15.504+00:00,calibration,0,243,HNSW_HYBRID,wide_or,category_01,108,True,4,0.59524,"[0.50,1.00)",26.803916,1.0,False,exact_seq,,False
2026-08-30T19:36:15.534+00:00,calibration,0,243,IVFFLAT_HYBRID,wide_or,category_01,108,True,4,0.59524,"[0.50,1.00)",29.149083,1.0,False,exact_seq,,False
2026-08-30T19:36:15.622+00:00,calibration,0,92,SQL_FIRST,single_category,category_04,474,True,1,0.0967,"[0.05,0.10)",14.197083,1.0,True,exact_bitmap,,False
2026-08-30T19:36:15.653+00:00,calibration,0,92,VECTOR_FIRST_HNSW,single_category,category_04,474,True,1,0.0967,"[0.05,0.10)",30.036875,1.0,False,exact_bitmap,,False
2026-08-30T19:36:15.667+00:00,calibration,0,92,HNSW_HYBRID,single_category,category_04,474,True,1,0.0967,"[0.05,0.10)",13.116459,1.0,False,exact_bitmap,,False
2026-08-30T19:36:15.682+00:00,calibration,0,92,IVFFLAT_HYBRID,single_category,category_04,474,True,1,0.0967,"[0.05,0.10)",14.226458,1.0,False,exact_bitmap,,False
2026-08-30T19:36:15.770+00:00,calibration,0,66,SQL_FIRST,single_category,category_02,762,True,1,0.098965,"[0.05,0.10)",13.868667,1.0,True,exact_bitmap,,False
2026-08-30T19:36:15.802+00:00,calibration,0,66,VECTOR_FIRST_HNSW,single_category,category_02,762,True,1,0.098965,"[0.05,0.10)",29.95925,1.0,False,exact_bitmap,,False
2026-08-30T19:36:15.817+00:00,calibration,0,66,HNSW_HYBRID,single_category,category_02,762,True,1,0.098965,"[0.05,0.10)",13.387083,1.0,False,exact_bitmap,,False
2026-08-30T19:36:15.833+00:00,calibration,0,66,IVFFLAT_HYBRID,single_category,category_02,762,True,1,0.098965,"[0.05,0.10)",14.069833,1.0,False,exact_bitmap,,False
2026-08-30T19:36:15.945+00:00,calibration,0,166,SQL_FIRST,three_categories,category_08,184,False,3,0.272595,"[0.25,0.50)",19.56225,1.0,True,exact_bitmap,,False
2026-08-30T19:36:15.976+00:00,calibration,0,166,VECTOR_FIRST_HNSW,three_categories,category_08,184,False,3,0.272595,"[0.25,0.50)",29.062792,1.0,False,exact_bitmap,,False
2026-08-30T19:36:15.999+00:00,calibration,0,166,HNSW_HYBRID,three_categories,category_08,184,False,3,0.272595,"[0.25,0.50)",21.170042,1.0,False,exact_bitmap,,False
2026-08-30T19:36:16.021+00:00,calibration,0,166,IVFFLAT_HYBRID,three_categories,category_08,184,False,3,0.272595,"[0.25,0.50)",21.293583,1.0,False,exact_bitmap,,False
2026-08-30T19:36:16.128+00:00,calibration,0,191,SQL_FIRST,category_or_price,category_03,170,True,3,0.250905,"[0.25,0.50)",18.289041,1.0,True,exact_bitmap,,False
2026-08-30T19:36:16.159+00:00,calibration,0,191,VECTOR_FIRST_HNSW,category_or_price,category_03,170,True,3,0.250905,"[0.25,0.50)",29.448709,1.0,False,exact_bitmap,,False
2026-08-30T19:36:16.179+00:00,calibration,0,191,HNSW_HYBRID,category_or_price,category_03,170,True,3,0.250905,"[0.25,0.50)",18.420916,1.0,False,exact_bitmap,,False
2026-08-30T19:36:16.198+00:00,calibration,0,191,IVFFLAT_HYBRID,category_or_price,category_03,170,True,3,0.250905,"[0.25,0.50)",18.541208,1.0,False,exact_bitmap,,False
2026-08-30T19:36:16.310+00:00,calibration,0,186,SQL_FIRST,three_categories,category_07,49,False,3,0.27019,"[0.25,0.50)",19.635208,1.0,True,exact_bitmap,,False
2026-08-30T19:36:16.340+00:00,calibration,0,186,VECTOR_FIRST_HNSW,three_categories,category_07,49,False,3,0.27019,"[0.25,0.50)",28.728042,1.0,False,exact_bitmap,,False
2026-08-30T19:36:16.361+00:00,calibration,0,186,HNSW_HYBRID,three_categories,category_07,49,False,3,0.27019,"[0.25,0.50)",19.147709,1.0,False,exact_bitmap,,False
2026-08-30T19:36:16.382+00:00,calibration,0,186,IVFFLAT_HYBRID,three_categories,category_07,49,False,3,0.27019,"[0.25,0.50)",19.265584,1.0,False,exact_bitmap,,False
2026-08-30T19:36:16.474+00:00,calibration,0,128,SQL_FIRST,price_range_mid,category_07,988,False,2,0.101035,"[0.10,0.25)",16.180125,1.0,True,exact_bitmap,,False
2026-08-30T19:36:16.510+00:00,calibration,0,128,VECTOR_FIRST_HNSW,price_range_mid,category_07,988,False,2,0.101035,"[0.10,0.25)",33.773417,0.9,False,exact_bitmap,,False
2026-08-30T19:36:16.525+00:00,calibration,0,128,HNSW_HYBRID,price_range_mid,category_07,988,False,2,0.101035,"[0.10,0.25)",13.283583,1.0,False,exact_bitmap,,False
2026-08-30T19:36:16.540+00:00,calibration,0,128,IVFFLAT_HYBRID,price_range_mid,category_07,988,False,2,0.101035,"[0.10,0.25)",13.590916,1.0,False,exact_bitmap,,False
2026-08-30T19:36:16.657+00:00,calibration,0,171,SQL_FIRST,three_categories,category_01,367,True,3,0.272085,"[0.25,0.50)",19.94975,1.0,True,exact_bitmap,,False
2026-08-30T19:36:16.687+00:00,calibration,0,171,VECTOR_FIRST_HNSW,three_categories,category_01,367,True,3,0.272085,"[0.25,0.50)",28.771667,1.0,False,exact_bitmap,,False
2026-08-30T19:36:16.708+00:00,calibration,0,171,HNSW_HYBRID,three_categories,category_01,367,True,3,0.272085,"[0.25,0.50)",19.377583,1.0,False,exact_bitmap,,False
2026-08-30T19:36:16.730+00:00,calibration,0,171,IVFFLAT_HYBRID,three_categories,category_01,367,True,3,0.272085,"[0.25,0.50)",19.754125,1.0,False,exact_bitmap,,False
2026-08-30T19:36:16.774+00:00,calibration,0,36,SQL_FIRST,category_narrow_price,category_01,378,True,0,0.005045,"[0.00,0.05)",3.0645,1.0,True,exact_bitmap,,False
2026-08-30T19:36:16.806+00:00,calibration,0,36,VECTOR_FIRST_HNSW,category_narrow_price,category_01,378,True,0,0.005045,"[0.00,0.05)",29.970125,0.1,False,exact_bitmap,,False
2026-08-30T19:36:16.810+00:00,calibration,0,36,HNSW_HYBRID,category_narrow_price,category_01,378,True,0,0.005045,"[0.00,0.05)",2.974333,1.0,False,exact_bitmap,,False
2026-08-30T19:36:16.815+00:00,calibration,0,36,IVFFLAT_HYBRID,category_narrow_price,category_01,378,True,0,0.005045,"[0.00,0.05)",3.111917,1.0,False,exact_bitmap,,False
2026-08-30T19:36:16.861+00:00,calibration,0,50,SQL_FIRST,category_narrow_price,category_06,458,True,0,0.00482,"[0.00,0.05)",2.841959,1.0,True,exact_bitmap,,False
2026-08-30T19:36:16.893+00:00,calibration,0,50,VECTOR_FIRST_HNSW,category_narrow_price,category_06,458,True,0,0.00482,"[0.00,0.05)",30.301708,0.0,False,exact_bitmap,,False
2026-08-30T19:36:16.896+00:00,calibration,0,50,HNSW_HYBRID,category_narrow_price,category_06,458,True,0,0.00482,"[0.00,0.05)",2.696667,1.0,False,exact_bitmap,,False
2026-08-30T19:36:16.900+00:00,calibration,0,50,IVFFLAT_HYBRID,category_narrow_price,category_06,458,True,0,0.00482,"[0.00,0.05)",2.619208,1.0,False,exact_bitmap,,False
2026-08-30T19:36:16.937+00:00,calibration,0,31,SQL_FIRST,category_narrow_price,category_01,11,False,0,9.5e-05,"[0.00,0.05)",0.938584,1.0,True,exact_bitmap,,False
2026-08-30T19:36:16.969+00:00,calibration,0,31,VECTOR_FIRST_HNSW,category_narrow_price,category_01,11,False,0,9.5e-05,"[0.00,0.05)",30.226458,0.0,False,exact_bitmap,,False
2026-08-30T19:36:16.970+00:00,calibration,0,31,HNSW_HYBRID,category_narrow_price,category_01,11,False,0,9.5e-05,"[0.00,0.05)",0.923292,1.0,False,exact_bitmap,,False
2026-08-30T19:36:16.972+00:00,calibration,0,31,IVFFLAT_HYBRID,category_narrow_price,category_01,11,False,0,9.5e-05,"[0.00,0.05)",0.890625,1.0,False,exact_bitmap,,False
2026-08-30T19:36:17.019+00:00,calibration,0,27,SQL_FIRST,category_narrow_price,category_04,833,False,0,0.005045,"[0.00,0.05)",3.285166,1.0,True,exact_bitmap,,False
2026-08-30T19:36:17.050+00:00,calibration,0,27,VECTOR_FIRST_HNSW,category_narrow_price,category_04,833,False,0,0.005045,"[0.00,0.05)",30.036042,0.0,False,exact_bitmap,,False
2026-08-30T19:36:17.053+00:00,calibration,0,27,HNSW_HYBRID,category_narrow_price,category_04,833,False,0,0.005045,"[0.00,0.05)",3.144166,1.0,False,exact_bitmap,,False
2026-08-30T19:36:17.056+00:00,calibration,0,27,IVFFLAT_HYBRID,category_narrow_price,category_04,833,False,0,0.005045,"[0.00,0.05)",2.424584,1.0,False,exact_bitmap,,False
2026-08-30T19:36:17.178+00:00,calibration,0,196,SQL_FIRST,three_categories,category_00,953,True,3,0.271845,"[0.25,0.50)",19.69375,1.0,True,exact_bitmap,,False
2026-08-30T19:36:17.210+00:00,calibration,0,196,VECTOR_FIRST_HNSW,three_categories,category_00,953,True,3,0.271845,"[0.25,0.50)",30.14675,1.0,False,exact_bitmap,,False
2026-08-30T19:36:17.231+00:00,calibration,0,196,HNSW_HYBRID,three_categories,category_00,953,True,3,0.271845,"[0.25,0.50)",19.779375,1.0,False,exact_bitmap,,False
2026-08-30T19:36:17.252+00:00,calibration,0,196,IVFFLAT_HYBRID,three_categories,category_00,953,True,3,0.271845,"[0.25,0.50)",19.676125,1.0,False,exact_bitmap,,False
2026-08-30T19:36:17.365+00:00,calibration,0,169,SQL_FIRST,three_categories,category_05,245,True,3,0.271,"[0.25,0.50)",20.611792,1.0,True,exact_bitmap,,False
2026-08-30T19:36:17.399+00:00,calibration,0,169,VECTOR_FIRST_HNSW,three_categories,category_05,245,True,3,0.271,"[0.25,0.50)",32.675042,1.0,False,exact_bitmap,,False
2026-08-30T19:36:17.423+00:00,calibration,0,169,HNSW_HYBRID,three_categories,category_05,245,True,3,0.271,"[0.25,0.50)",22.111583,1.0,False,exact_bitmap,,False
2026-08-30T19:36:17.447+00:00,calibration,0,169,IVFFLAT_HYBRID,three_categories,category_05,245,True,3,0.271,"[0.25,0.50)",22.055292,1.0,False,exact_bitmap,,False
2026-08-30T19:36:17.572+00:00,calibration,0,184,SQL_FIRST,three_categories,category_00,281,False,3,0.271845,"[0.25,0.50)",21.295583,1.0,True,exact_bitmap,,False
2026-08-30T19:36:17.605+00:00,calibration,0,184,VECTOR_FIRST_HNSW,three_categories,category_00,281,False,3,0.271845,"[0.25,0.50)",31.534125,1.0,False,exact_bitmap,,False
2026-08-30T19:36:17.631+00:00,calibration,0,184,HNSW_HYBRID,three_categories,category_00,281,False,3,0.271845,"[0.25,0.50)",24.726792,1.0,False,exact_bitmap,,False
2026-08-30T19:36:17.656+00:00,calibration,0,184,IVFFLAT_HYBRID,three_categories,category_00,281,False,3,0.271845,"[0.25,0.50)",23.512041,1.0,False,exact_bitmap,,False
2026-08-30T19:36:17.830+00:00,calibration,0,204,SQL_FIRST,wide_or,category_09,659,False,4,0.844195,"[0.50,1.00)",34.504084,1.0,True,exact_seq,,False
2026-08-30T19:36:17.865+00:00,calibration,0,204,VECTOR_FIRST_HNSW,wide_or,category_09,659,False,4,0.844195,"[0.50,1.00)",33.089459,1.0,False,exact_bitmap,,False
2026-08-30T19:36:17.906+00:00,calibration,0,204,HNSW_HYBRID,wide_or,category_09,659,False,4,0.844195,"[0.50,1.00)",39.058792,1.0,False,exact_seq,,False
2026-08-30T19:36:17.941+00:00,calibration,0,204,IVFFLAT_HYBRID,wide_or,category_09,659,False,4,0.844195,"[0.50,1.00)",33.698458,1.0,False,exact_seq,,False
2026-08-30T19:36:18.076+00:00,calibration,0,189,SQL_FIRST,category_or_price,category_03,255,False,3,0.328055,"[0.25,0.50)",24.273625,1.0,True,exact_seq,,False
2026-08-30T19:36:18.110+00:00,calibration,0,189,VECTOR_FIRST_HNSW,category_or_price,category_03,255,False,3,0.328055,"[0.25,0.50)",32.207916,1.0,False,exact_bitmap,,False
2026-08-30T19:36:18.137+00:00,calibration,0,189,HNSW_HYBRID,category_or_price,category_03,255,False,3,0.328055,"[0.25,0.50)",25.939708,1.0,False,exact_seq,,False
2026-08-30T19:36:18.164+00:00,calibration,0,189,IVFFLAT_HYBRID,category_or_price,category_03,255,False,3,0.328055,"[0.25,0.50)",25.851208,1.0,False,exact_seq,,False
2026-08-30T19:36:18.329+00:00,calibration,0,245,SQL_FIRST,wide_or,category_01,394,False,4,0.725165,"[0.50,1.00)",32.379458,1.0,True,exact_seq,,False
2026-08-30T19:36:18.362+00:00,calibration,0,245,VECTOR_FIRST_HNSW,wide_or,category_01,394,False,4,0.725165,"[0.50,1.00)",31.746708,1.0,False,exact_bitmap,,False
2026-08-30T19:36:18.397+00:00,calibration,0,245,HNSW_HYBRID,wide_or,category_01,394,False,4,0.725165,"[0.50,1.00)",32.64925,1.0,False,exact_seq,,False
2026-08-30T19:36:18.430+00:00,calibration,0,245,IVFFLAT_HYBRID,wide_or,category_01,394,False,4,0.725165,"[0.50,1.00)",31.821583,1.0,False,exact_seq,,False
2026-08-30T19:36:18.527+00:00,calibration,0,54,SQL_FIRST,single_category,category_04,565,True,1,0.0967,"[0.05,0.10)",15.691917,1.0,True,exact_bitmap,,False
2026-08-30T19:36:18.562+00:00,calibration,0,54,VECTOR_FIRST_HNSW,single_category,category_04,565,True,1,0.0967,"[0.05,0.10)",33.32225,1.0,False,exact_bitmap,,False
2026-08-30T19:36:18.577+00:00,calibration,0,54,HNSW_HYBRID,single_category,category_04,565,True,1,0.0967,"[0.05,0.10)",13.885458,1.0,False,exact_bitmap,,False
2026-08-30T19:36:18.594+00:00,calibration,0,54,IVFFLAT_HYBRID,single_category,category_04,565,True,1,0.0967,"[0.05,0.10)",15.55525,1.0,False,exact_bitmap,,False
2026-08-30T19:36:18.692+00:00,calibration,0,56,SQL_FIRST,single_category,category_04,519,False,1,0.0967,"[0.05,0.10)",15.643333,1.0,True,exact_bitmap,,False
2026-08-30T19:36:18.725+00:00,calibration,0,56,VECTOR_FIRST_HNSW,single_category,category_04,519,False,1,0.0967,"[0.05,0.10)",31.188125,0.7,False,exact_bitmap,,False
2026-08-30T19:36:18.740+00:00,calibration,0,56,HNSW_HYBRID,single_category,category_04,519,False,1,0.0967,"[0.05,0.10)",13.753208,1.0,False,exact_bitmap,,False
2026-08-30T19:36:18.757+00:00,calibration,0,56,IVFFLAT_HYBRID,single_category,category_04,519,False,1,0.0967,"[0.05,0.10)",15.702208,1.0,False,exact_bitmap,,False
2026-08-30T19:36:18.855+00:00,calibration,0,122,SQL_FIRST,single_category_alone,category_05,890,False,2,0.100035,"[0.10,0.25)",16.00475,1.0,True,exact_bitmap,,False
2026-08-30T19:36:18.891+00:00,calibration,0,122,VECTOR_FIRST_HNSW,single_category_alone,category_05,890,False,2,0.100035,"[0.10,0.25)",34.610209,0.7,False,exact_bitmap,,False
2026-08-30T19:36:18.906+00:00,calibration,0,122,HNSW_HYBRID,single_category_alone,category_05,890,False,2,0.100035,"[0.10,0.25)",14.148125,1.0,False,exact_bitmap,,False
2026-08-30T19:36:18.925+00:00,calibration,0,122,IVFFLAT_HYBRID,single_category_alone,category_05,890,False,2,0.100035,"[0.10,0.25)",17.391542,1.0,False,exact_bitmap,,False
2026-08-30T19:36:19.067+00:00,calibration,0,148,SQL_FIRST,two_categories,category_04,921,False,2,0.196735,"[0.10,0.25)",26.418834,1.0,True,exact_bitmap,,False
2026-08-30T19:36:19.103+00:00,calibration,0,148,VECTOR_FIRST_HNSW,two_categories,category_04,921,False,2,0.196735,"[0.10,0.25)",33.686458,1.0,False,exact_bitmap,,False
2026-08-30T19:36:19.129+00:00,calibration,0,148,HNSW_HYBRID,two_categories,category_04,921,False,2,0.196735,"[0.10,0.25)",24.427833,1.0,False,exact_bitmap,,False
2026-08-30T19:36:19.156+00:00,calibration,0,148,IVFFLAT_HYBRID,two_categories,category_04,921,False,2,0.196735,"[0.10,0.25)",25.637084,1.0,False,exact_bitmap,,False
2026-08-30T19:36:19.201+00:00,calibration,0,24,SQL_FIRST,category_narrow_price,category_02,216,True,0,0.004975,"[0.00,0.05)",3.279667,1.0,True,exact_bitmap,,False
2026-08-30T19:36:19.234+00:00,calibration,0,24,VECTOR_FIRST_HNSW,category_narrow_price,category_02,216,True,0,0.004975,"[0.00,0.05)",30.482542,0.1,False,exact_bitmap,,False
2026-08-30T19:36:19.237+00:00,calibration,0,24,HNSW_HYBRID,category_narrow_price,category_02,216,True,0,0.004975,"[0.00,0.05)",2.65025,1.0,False,exact_bitmap,,False
2026-08-30T19:36:19.242+00:00,calibration,0,24,IVFFLAT_HYBRID,category_narrow_price,category_02,216,True,0,0.004975,"[0.00,0.05)",3.120958,1.0,False,exact_bitmap,,False
2026-08-30T19:36:19.335+00:00,calibration,0,73,SQL_FIRST,single_category,category_02,340,False,1,0.098965,"[0.05,0.10)",14.020209,1.0,True,exact_bitmap,,False
2026-08-30T19:36:19.366+00:00,calibration,0,73,VECTOR_FIRST_HNSW,single_category,category_02,340,False,1,0.098965,"[0.05,0.10)",30.186208,1.0,False,exact_bitmap,,False
2026-08-30T19:36:19.380+00:00,calibration,0,73,HNSW_HYBRID,single_category,category_02,340,False,1,0.098965,"[0.05,0.10)",13.14875,1.0,False,exact_bitmap,,False
2026-08-30T19:36:19.396+00:00,calibration,0,73,IVFFLAT_HYBRID,single_category,category_02,340,False,1,0.098965,"[0.05,0.10)",14.1085,1.0,False,exact_bitmap,,False
2026-08-30T19:36:19.493+00:00,calibration,0,124,SQL_FIRST,price_range_mid,category_03,935,False,2,0.10056,"[0.10,0.25)",14.710041,1.0,True,exact_bitmap,,False
2026-08-30T19:36:19.525+00:00,calibration,0,124,VECTOR_FIRST_HNSW,price_range_mid,category_03,935,False,2,0.10056,"[0.10,0.25)",30.332,0.8,False,exact_bitmap,,False
2026-08-30T19:36:19.540+00:00,calibration,0,124,HNSW_HYBRID,price_range_mid,category_03,935,False,2,0.10056,"[0.10,0.25)",13.719,1.0,False,exact_bitmap,,False
2026-08-30T19:36:19.556+00:00,calibration,0,124,IVFFLAT_HYBRID,price_range_mid,category_03,935,False,2,0.10056,"[0.10,0.25)",15.055542,1.0,False,exact_bitmap,,False
2026-08-30T19:36:19.643+00:00,calibration,0,145,SQL_FIRST,price_range_mid,category_07,173,False,2,0.102435,"[0.10,0.25)",14.544417,1.0,True,exact_bitmap,,False
2026-08-30T19:36:19.676+00:00,calibration,0,145,VECTOR_FIRST_HNSW,price_range_mid,category_07,173,False,2,0.102435,"[0.10,0.25)",30.146834,0.6,False,exact_bitmap,,False
2026-08-30T19:36:19.691+00:00,calibration,0,145,HNSW_HYBRID,price_range_mid,category_07,173,False,2,0.102435,"[0.10,0.25)",13.721,1.0,False,exact_bitmap,,False
2026-08-30T19:36:19.708+00:00,calibration,0,145,IVFFLAT_HYBRID,price_range_mid,category_07,173,False,2,0.102435,"[0.10,0.25)",14.602083,1.0,False,exact_bitmap,,False
2026-08-30T19:36:19.789+00:00,calibration,0,32,SQL_FIRST,category_and_stock,category_08,871,True,0,0.049415,"[0.00,0.05)",11.742458,1.0,True,exact_bitmap,,False
2026-08-30T19:36:19.821+00:00,calibration,0,32,VECTOR_FIRST_HNSW,category_and_stock,category_08,871,True,0,0.049415,"[0.00,0.05)",30.04675,0.2,False,exact_bitmap,,False
2026-08-30T19:36:19.833+00:00,calibration,0,32,HNSW_HYBRID,category_and_stock,category_08,871,True,0,0.049415,"[0.00,0.05)",10.105083,1.0,False,exact_bitmap,,False
2026-08-30T19:36:19.846+00:00,calibration,0,32,IVFFLAT_HYBRID,category_and_stock,category_08,871,True,0,0.049415,"[0.00,0.05)",11.7165,1.0,False,exact_bitmap,,False
2026-08-30T19:36:19.892+00:00,calibration,0,35,SQL_FIRST,category_narrow_price,category_00,510,True,0,0.005215,"[0.00,0.05)",3.152666,1.0,True,exact_bitmap,,False
2026-08-30T19:36:19.923+00:00,calibration,0,35,VECTOR_FIRST_HNSW,category_narrow_price,category_00,510,True,0,0.005215,"[0.00,0.05)",30.046625,0.0,False,exact_bitmap,,False
2026-08-30T19:36:19.928+00:00,calibration,0,35,HNSW_HYBRID,category_narrow_price,category_00,510,True,0,0.005215,"[0.00,0.05)",3.05075,1.0,False,exact_bitmap,,False
2026-08-30T19:36:19.932+00:00,calibration,0,35,IVFFLAT_HYBRID,category_narrow_price,category_00,510,True,0,0.005215,"[0.00,0.05)",3.02425,1.0,False,exact_bitmap,,False
2026-08-30T19:36:20.059+00:00,calibration,0,214,SQL_FIRST,stock_alone,category_01,778,True,4,0.500835,"[0.50,1.00)",22.709167,1.0,True,exact_seq,,False
2026-08-30T19:36:20.089+00:00,calibration,0,214,VECTOR_FIRST_HNSW,stock_alone,category_01,778,True,4,0.500835,"[0.50,1.00)",29.091458,1.0,False,exact_bitmap,,False
2026-08-30T19:36:20.113+00:00,calibration,0,214,HNSW_HYBRID,stock_alone,category_01,778,True,4,0.500835,"[0.50,1.00)",22.57825,1.0,False,exact_seq,,False
2026-08-30T19:36:20.137+00:00,calibration,0,214,IVFFLAT_HYBRID,stock_alone,category_01,778,True,4,0.500835,"[0.50,1.00)",22.517625,1.0,False,exact_seq,,False
2026-08-30T19:36:20.291+00:00,calibration,0,219,SQL_FIRST,wide_or,category_08,66,False,4,0.574485,"[0.50,1.00)",29.777583,1.0,True,exact_seq,,False
2026-08-30T19:36:20.325+00:00,calibration,0,219,VECTOR_FIRST_HNSW,wide_or,category_08,66,False,4,0.574485,"[0.50,1.00)",31.699125,1.0,False,exact_bitmap,,False
2026-08-30T19:36:20.356+00:00,calibration,0,219,HNSW_HYBRID,wide_or,category_08,66,False,4,0.574485,"[0.50,1.00)",29.872708,1.0,False,exact_seq,,False
2026-08-30T19:36:20.388+00:00,calibration,0,219,IVFFLAT_HYBRID,wide_or,category_08,66,False,4,0.574485,"[0.50,1.00)",29.955375,1.0,False,exact_seq,,False
2026-08-30T19:36:20.525+00:00,calibration,0,121,SQL_FIRST,two_categories,category_06,403,False,2,0.199965,"[0.10,0.25)",26.655917,1.0,True,exact_bitmap,,False
2026-08-30T19:36:20.560+00:00,calibration,0,121,VECTOR_FIRST_HNSW,two_categories,category_06,403,False,2,0.199965,"[0.10,0.25)",33.434375,1.0,False,exact_bitmap,,False
2026-08-30T19:36:20.587+00:00,calibration,0,121,HNSW_HYBRID,two_categories,category_06,403,False,2,0.199965,"[0.10,0.25)",24.708,1.0,False,exact_bitmap,,False
2026-08-30T19:36:20.615+00:00,calibration,0,121,IVFFLAT_HYBRID,two_categories,category_06,403,False,2,0.199965,"[0.10,0.25)",26.885958,1.0,False,exact_bitmap,,False
2026-08-30T19:36:20.738+00:00,calibration,0,198,SQL_FIRST,three_categories,category_03,482,True,3,0.27136,"[0.25,0.50)",21.194833,1.0,True,exact_bitmap,,False
2026-08-30T19:36:20.773+00:00,calibration,0,198,VECTOR_FIRST_HNSW,three_categories,category_03,482,True,3,0.27136,"[0.25,0.50)",32.979875,1.0,False,exact_bitmap,,False
2026-08-30T19:36:20.798+00:00,calibration,0,198,HNSW_HYBRID,three_categories,category_03,482,True,3,0.27136,"[0.25,0.50)",22.902334,1.0,False,exact_bitmap,,False
2026-08-30T19:36:20.821+00:00,calibration,0,198,IVFFLAT_HYBRID,three_categories,category_03,482,True,3,0.27136,"[0.25,0.50)",21.792541,1.0,False,exact_bitmap,,False
2026-08-30T19:36:20.994+00:00,calibration,0,234,SQL_FIRST,wide_or,category_06,645,True,4,0.838955,"[0.50,1.00)",34.667917,1.0,True,exact_seq,,False
2026-08-30T19:36:21.028+00:00,calibration,0,234,VECTOR_FIRST_HNSW,wide_or,category_06,645,True,4,0.838955,"[0.50,1.00)",32.630958,1.0,False,exact_bitmap,,False
2026-08-30T19:36:21.065+00:00,calibration,0,234,HNSW_HYBRID,wide_or,category_06,645,True,4,0.838955,"[0.50,1.00)",35.827959,1.0,False,exact_seq,,False
2026-08-30T19:36:21.100+00:00,calibration,0,234,IVFFLAT_HYBRID,wide_or,category_06,645,True,4,0.838955,"[0.50,1.00)",33.74775,1.0,False,exact_seq,,False
2026-08-30T19:36:21.198+00:00,calibration,0,81,SQL_FIRST,single_category,category_02,688,True,1,0.098965,"[0.05,0.10)",15.7525,1.0,True,exact_bitmap,,False
2026-08-30T19:36:21.233+00:00,calibration,0,81,VECTOR_FIRST_HNSW,single_category,category_02,688,True,1,0.098965,"[0.05,0.10)",33.333667,1.0,False,exact_bitmap,,False
2026-08-30T19:36:21.249+00:00,calibration,0,81,HNSW_HYBRID,single_category,category_02,688,True,1,0.098965,"[0.05,0.10)",14.446583,1.0,False,exact_bitmap,,False
2026-08-30T19:36:21.267+00:00,calibration,0,81,IVFFLAT_HYBRID,single_category,category_02,688,True,1,0.098965,"[0.05,0.10)",15.734791,1.0,False,exact_bitmap,,False
2026-08-30T19:36:21.391+00:00,calibration,0,193,SQL_FIRST,three_categories,category_03,882,False,3,0.27136,"[0.25,0.50)",21.957709,1.0,True,exact_bitmap,,False
2026-08-30T19:36:21.425+00:00,calibration,0,193,VECTOR_FIRST_HNSW,three_categories,category_03,882,False,3,0.27136,"[0.25,0.50)",32.760208,1.0,False,exact_bitmap,,False
2026-08-30T19:36:21.449+00:00,calibration,0,193,HNSW_HYBRID,three_categories,category_03,882,False,3,0.27136,"[0.25,0.50)",22.32775,1.0,False,exact_bitmap,,False
2026-08-30T19:36:21.471+00:00,calibration,0,193,IVFFLAT_HYBRID,three_categories,category_03,882,False,3,0.27136,"[0.25,0.50)",20.963959,1.0,False,exact_bitmap,,False
2026-08-30T19:36:21.594+00:00,calibration,0,182,SQL_FIRST,three_categories,category_06,457,False,3,0.269895,"[0.25,0.50)",21.685584,1.0,True,exact_bitmap,,False
2026-08-30T19:36:21.627+00:00,calibration,0,182,VECTOR_FIRST_HNSW,three_categories,category_06,457,False,3,0.269895,"[0.25,0.50)",31.768625,1.0,False,exact_bitmap,,False
2026-08-30T19:36:21.650+00:00,calibration,0,182,HNSW_HYBRID,three_categories,category_06,457,False,3,0.269895,"[0.25,0.50)",21.522209,1.0,False,exact_bitmap,,False
2026-08-30T19:36:21.674+00:00,calibration,0,182,IVFFLAT_HYBRID,three_categories,category_06,457,False,3,0.269895,"[0.25,0.50)",21.255167,1.0,False,exact_bitmap,,False
2026-08-30T19:36:21.773+00:00,calibration,0,108,SQL_FIRST,price_range_mid,category_04,844,False,2,0.102255,"[0.10,0.25)",16.467042,1.0,True,exact_bitmap,,False
2026-08-30T19:36:21.815+00:00,calibration,0,108,VECTOR_FIRST_HNSW,price_range_mid,category_04,844,False,2,0.102255,"[0.10,0.25)",38.857417,0.9,False,exact_bitmap,,False
2026-08-30T19:36:21.834+00:00,calibration,0,108,HNSW_HYBRID,price_range_mid,category_04,844,False,2,0.102255,"[0.10,0.25)",17.442125,1.0,False,exact_bitmap,,False
2026-08-30T19:36:21.854+00:00,calibration,0,108,IVFFLAT_HYBRID,price_range_mid,category_04,844,False,2,0.102255,"[0.10,0.25)",17.401459,1.0,False,exact_bitmap,,False
2026-08-30T19:36:21.953+00:00,calibration,0,75,SQL_FIRST,single_category,category_09,503,False,1,0.0999,"[0.05,0.10)",15.815667,1.0,True,exact_bitmap,,False
2026-08-30T19:36:21.988+00:00,calibration,0,75,VECTOR_FIRST_HNSW,single_category,category_09,503,False,1,0.0999,"[0.05,0.10)",33.9385,0.8,False,exact_bitmap,,False
2026-08-30T19:36:22.004+00:00,calibration,0,75,HNSW_HYBRID,single_category,category_09,503,False,1,0.0999,"[0.05,0.10)",15.17075,1.0,False,exact_bitmap,,False
2026-08-30T19:36:22.021+00:00,calibration,0,75,IVFFLAT_HYBRID,single_category,category_09,503,False,1,0.0999,"[0.05,0.10)",16.316458,1.0,False,exact_bitmap,,False
2026-08-30T19:36:22.115+00:00,calibration,0,86,SQL_FIRST,single_category,category_08,973,True,1,0.098665,"[0.05,0.10)",18.26975,1.0,True,exact_bitmap,,False
2026-08-30T19:36:22.147+00:00,calibration,0,86,VECTOR_FIRST_HNSW,single_category,category_08,973,True,1,0.098665,"[0.05,0.10)",30.791208,1.0,False,exact_bitmap,,False
2026-08-30T19:36:22.161+00:00,calibration,0,86,HNSW_HYBRID,single_category,category_08,973,True,1,0.098665,"[0.05,0.10)",13.494917,1.0,False,exact_bitmap,,False
2026-08-30T19:36:22.176+00:00,calibration,0,86,IVFFLAT_HYBRID,single_category,category_08,973,True,1,0.098665,"[0.05,0.10)",14.053125,1.0,False,exact_bitmap,,False
2026-08-30T19:36:22.267+00:00,calibration,0,131,SQL_FIRST,price_range_mid,category_09,865,False,2,0.100935,"[0.10,0.25)",14.653375,1.0,True,exact_bitmap,,False
2026-08-30T19:36:22.299+00:00,calibration,0,131,VECTOR_FIRST_HNSW,price_range_mid,category_09,865,False,2,0.100935,"[0.10,0.25)",29.9645,1.0,False,exact_bitmap,,False
2026-08-30T19:36:22.314+00:00,calibration,0,131,HNSW_HYBRID,price_range_mid,category_09,865,False,2,0.100935,"[0.10,0.25)",13.92125,1.0,False,exact_bitmap,,False
2026-08-30T19:36:22.330+00:00,calibration,0,131,IVFFLAT_HYBRID,price_range_mid,category_09,865,False,2,0.100935,"[0.10,0.25)",14.639916,1.0,False,exact_bitmap,,False
2026-08-30T19:36:22.483+00:00,calibration,0,210,SQL_FIRST,wide_or,category_02,355,False,4,0.70661,"[0.50,1.00)",29.562208,1.0,True,exact_seq,,False
2026-08-30T19:36:22.517+00:00,calibration,0,210,VECTOR_FIRST_HNSW,wide_or,category_02,355,False,4,0.70661,"[0.50,1.00)",31.92575,1.0,False,exact_bitmap,,False
2026-08-30T19:36:22.550+00:00,calibration,0,210,HNSW_HYBRID,wide_or,category_02,355,False,4,0.70661,"[0.50,1.00)",31.702334,1.0,False,exact_seq,,False
2026-08-30T19:36:22.583+00:00,calibration,0,210,IVFFLAT_HYBRID,wide_or,category_02,355,False,4,0.70661,"[0.50,1.00)",32.318166,1.0,False,exact_seq,,False
2026-08-30T19:36:22.716+00:00,calibration,0,127,SQL_FIRST,two_categories,category_08,19,True,2,0.198565,"[0.10,0.25)",27.4,1.0,True,exact_bitmap,,False
2026-08-30T19:36:22.752+00:00,calibration,0,127,VECTOR_FIRST_HNSW,two_categories,category_08,19,True,2,0.198565,"[0.10,0.25)",33.645541,1.0,False,exact_bitmap,,False
2026-08-30T19:36:22.779+00:00,calibration,0,127,HNSW_HYBRID,two_categories,category_08,19,True,2,0.198565,"[0.10,0.25)",25.359792,1.0,False,exact_bitmap,,False
2026-08-30T19:36:22.807+00:00,calibration,0,127,IVFFLAT_HYBRID,two_categories,category_08,19,True,2,0.198565,"[0.10,0.25)",26.683084,1.0,False,exact_bitmap,,False
2026-08-30T19:36:22.858+00:00,calibration,0,18,SQL_FIRST,category_narrow_price,category_02,943,False,0,0.004885,"[0.00,0.05)",3.434084,1.0,True,exact_bitmap,,False
2026-08-30T19:36:22.894+00:00,calibration,0,18,VECTOR_FIRST_HNSW,category_narrow_price,category_02,943,False,0,0.004885,"[0.00,0.05)",34.733375,0.3,False,exact_bitmap,,False
2026-08-30T19:36:22.899+00:00,calibration,0,18,HNSW_HYBRID,category_narrow_price,category_02,943,False,0,0.004885,"[0.00,0.05)",2.658833,1.0,False,exact_bitmap,,False
2026-08-30T19:36:22.904+00:00,calibration,0,18,IVFFLAT_HYBRID,category_narrow_price,category_02,943,False,0,0.004885,"[0.00,0.05)",3.396292,1.0,False,exact_bitmap,,False
2026-08-30T19:36:23.042+00:00,calibration,0,236,SQL_FIRST,stock_alone,category_09,796,True,4,0.500835,"[0.50,1.00)",24.532042,1.0,True,exact_seq,,False
2026-08-30T19:36:23.075+00:00,calibration,0,236,VECTOR_FIRST_HNSW,stock_alone,category_09,796,True,4,0.500835,"[0.50,1.00)",31.877458,1.0,False,exact_bitmap,,False
2026-08-30T19:36:23.101+00:00,calibration,0,236,HNSW_HYBRID,stock_alone,category_09,796,True,4,0.500835,"[0.50,1.00)",24.938875,1.0,False,exact_seq,,False
2026-08-30T19:36:23.128+00:00,calibration,0,236,IVFFLAT_HYBRID,stock_alone,category_09,796,True,4,0.500835,"[0.50,1.00)",24.711458,1.0,False,exact_seq,,False
2026-08-30T19:36:23.288+00:00,calibration,0,202,SQL_FIRST,wide_or,category_01,278,True,4,0.67306,"[0.50,1.00)",29.657208,1.0,True,exact_seq,,False
2026-08-30T19:36:23.323+00:00,calibration,0,202,VECTOR_FIRST_HNSW,wide_or,category_01,278,True,4,0.67306,"[0.50,1.00)",32.220291,1.0,False,exact_bitmap,,False
2026-08-30T19:36:23.356+00:00,calibration,0,202,HNSW_HYBRID,wide_or,category_01,278,True,4,0.67306,"[0.50,1.00)",30.949583,1.0,False,exact_seq,,False
2026-08-30T19:36:23.388+00:00,calibration,0,202,IVFFLAT_HYBRID,wide_or,category_01,278,True,4,0.67306,"[0.50,1.00)",31.317667,1.0,False,exact_seq,,False
2026-08-30T19:36:23.477+00:00,calibration,0,49,SQL_FIRST,category_and_stock,category_04,765,True,0,0.04843,"[0.00,0.05)",13.08275,1.0,True,exact_bitmap,,False
2026-08-30T19:36:23.512+00:00,calibration,0,49,VECTOR_FIRST_HNSW,category_and_stock,category_04,765,True,0,0.04843,"[0.00,0.05)",33.518625,0.1,False,exact_bitmap,,False
2026-08-30T19:36:23.525+00:00,calibration,0,49,HNSW_HYBRID,category_and_stock,category_04,765,True,0,0.04843,"[0.00,0.05)",11.05325,1.0,False,exact_bitmap,,False
2026-08-30T19:36:23.539+00:00,calibration,0,49,IVFFLAT_HYBRID,category_and_stock,category_04,765,True,0,0.04843,"[0.00,0.05)",13.124958,1.0,False,exact_bitmap,,False
2026-08-30T19:36:23.676+00:00,calibration,0,223,SQL_FIRST,stock_alone,category_02,427,True,4,0.500835,"[0.50,1.00)",24.839125,1.0,True,exact_seq,,False
2026-08-30T19:36:23.711+00:00,calibration,0,223,VECTOR_FIRST_HNSW,stock_alone,category_02,427,True,4,0.500835,"[0.50,1.00)",32.780459,1.0,False,exact_bitmap,,False
2026-08-30T19:36:23.739+00:00,calibration,0,223,HNSW_HYBRID,stock_alone,category_02,427,True,4,0.500835,"[0.50,1.00)",26.332083,1.0,False,exact_seq,,False
2026-08-30T19:36:23.766+00:00,calibration,0,223,IVFFLAT_HYBRID,stock_alone,category_02,427,True,4,0.500835,"[0.50,1.00)",25.078542,1.0,False,exact_seq,,False
2026-08-30T19:36:23.862+00:00,calibration,0,70,SQL_FIRST,single_category,category_06,73,True,1,0.099535,"[0.05,0.10)",15.894916,1.0,True,exact_bitmap,,False
2026-08-30T19:36:23.898+00:00,calibration,0,70,VECTOR_FIRST_HNSW,single_category,category_06,73,True,1,0.099535,"[0.05,0.10)",34.06675,0.9,False,exact_bitmap,,False
2026-08-30T19:36:23.914+00:00,calibration,0,70,HNSW_HYBRID,single_category,category_06,73,True,1,0.099535,"[0.05,0.10)",15.411416,1.0,False,exact_bitmap,,False
2026-08-30T19:36:23.932+00:00,calibration,0,70,IVFFLAT_HYBRID,single_category,category_06,73,True,1,0.099535,"[0.05,0.10)",15.954959,1.0,False,exact_bitmap,,False
2026-08-30T19:36:24.032+00:00,calibration,0,95,SQL_FIRST,single_category,category_08,718,True,1,0.098665,"[0.05,0.10)",15.558125,1.0,True,exact_bitmap,,False
2026-08-30T19:36:24.067+00:00,calibration,0,95,VECTOR_FIRST_HNSW,single_category,category_08,718,True,1,0.098665,"[0.05,0.10)",33.531083,0.6,False,exact_bitmap,,False
2026-08-30T19:36:24.083+00:00,calibration,0,95,HNSW_HYBRID,single_category,category_08,718,True,1,0.098665,"[0.05,0.10)",14.21175,1.0,False,exact_bitmap,,False
2026-08-30T19:36:24.100+00:00,calibration,0,95,IVFFLAT_HYBRID,single_category,category_08,718,True,1,0.098665,"[0.05,0.10)",15.586792,1.0,False,exact_bitmap,,False
2026-08-30T19:36:24.236+00:00,calibration,0,201,SQL_FIRST,stock_alone,category_02,530,True,4,0.500835,"[0.50,1.00)",24.651041,1.0,True,exact_seq,,False
2026-08-30T19:36:24.271+00:00,calibration,0,201,VECTOR_FIRST_HNSW,stock_alone,category_02,530,True,4,0.500835,"[0.50,1.00)",32.496583,1.0,False,exact_bitmap,,False
2026-08-30T19:36:24.297+00:00,calibration,0,201,HNSW_HYBRID,stock_alone,category_02,530,True,4,0.500835,"[0.50,1.00)",24.708,1.0,False,exact_seq,,False
2026-08-30T19:36:24.324+00:00,calibration,0,201,IVFFLAT_HYBRID,stock_alone,category_02,530,True,4,0.500835,"[0.50,1.00)",24.64575,1.0,False,exact_seq,,False
2026-08-30T19:36:24.448+00:00,calibration,0,163,SQL_FIRST,three_categories,category_04,503,True,3,0.267975,"[0.25,0.50)",22.929459,1.0,True,exact_bitmap,,False
2026-08-30T19:36:24.481+00:00,calibration,0,163,VECTOR_FIRST_HNSW,three_categories,category_04,503,True,3,0.267975,"[0.25,0.50)",32.29075,1.0,False,exact_bitmap,,False
2026-08-30T19:36:24.504+00:00,calibration,0,163,HNSW_HYBRID,three_categories,category_04,503,True,3,0.267975,"[0.25,0.50)",21.555875,1.0,False,exact_bitmap,,False
2026-08-30T19:36:24.526+00:00,calibration,0,163,IVFFLAT_HYBRID,three_categories,category_04,503,True,3,0.267975,"[0.25,0.50)",21.06625,1.0,False,exact_bitmap,,False
2026-08-30T19:36:24.623+00:00,calibration,0,64,SQL_FIRST,single_category,category_04,603,False,1,0.0967,"[0.05,0.10)",16.320375,1.0,True,exact_bitmap,,False
2026-08-30T19:36:24.659+00:00,calibration,0,64,VECTOR_FIRST_HNSW,single_category,category_04,603,False,1,0.0967,"[0.05,0.10)",34.342,1.0,False,exact_bitmap,,False
2026-08-30T19:36:24.673+00:00,calibration,0,64,HNSW_HYBRID,single_category,category_04,603,False,1,0.0967,"[0.05,0.10)",13.844208,1.0,False,exact_bitmap,,False
2026-08-30T19:36:24.690+00:00,calibration,0,64,IVFFLAT_HYBRID,single_category,category_04,603,False,1,0.0967,"[0.05,0.10)",15.594458,1.0,False,exact_bitmap,,False
2026-08-30T19:36:24.793+00:00,calibration,0,119,SQL_FIRST,price_range_mid,category_04,413,True,2,0.101075,"[0.10,0.25)",17.402875,1.0,True,exact_bitmap,,False
2026-08-30T19:36:24.829+00:00,calibration,0,119,VECTOR_FIRST_HNSW,price_range_mid,category_04,413,True,2,0.101075,"[0.10,0.25)",33.729834,1.0,False,exact_bitmap,,False
2026-08-30T19:36:24.846+00:00,calibration,0,119,HNSW_HYBRID,price_range_mid,category_04,413,True,2,0.101075,"[0.10,0.25)",15.414167,1.0,False,exact_bitmap,,False
2026-08-30T19:36:24.863+00:00,calibration,0,119,IVFFLAT_HYBRID,price_range_mid,category_04,413,True,2,0.101075,"[0.10,0.25)",16.259833,1.0,False,exact_bitmap,,False
2026-08-30T19:36:24.961+00:00,calibration,0,93,SQL_FIRST,single_category,category_08,148,True,1,0.098665,"[0.05,0.10)",16.031792,1.0,True,exact_bitmap,,False
2026-08-30T19:36:24.999+00:00,calibration,0,93,VECTOR_FIRST_HNSW,single_category,category_08,148,True,1,0.098665,"[0.05,0.10)",36.131042,1.0,False,exact_bitmap,,False
2026-08-30T19:36:25.017+00:00,calibration,0,93,HNSW_HYBRID,single_category,category_08,148,True,1,0.098665,"[0.05,0.10)",17.668209,1.0,False,exact_bitmap,,False
2026-08-30T19:36:25.031+00:00,calibration,0,93,IVFFLAT_HYBRID,single_category,category_08,148,True,1,0.098665,"[0.05,0.10)",13.3045,1.0,False,exact_bitmap,,False
2026-08-30T19:36:25.108+00:00,calibration,0,149,SQL_FIRST,price_range_mid,category_09,850,True,2,0.101735,"[0.10,0.25)",13.022875,1.0,True,exact_bitmap,,False
2026-08-30T19:36:25.137+00:00,calibration,0,149,VECTOR_FIRST_HNSW,price_range_mid,category_09,850,True,2,0.101735,"[0.10,0.25)",27.012166,1.0,False,exact_bitmap,,False
2026-08-30T19:36:25.150+00:00,calibration,0,149,HNSW_HYBRID,price_range_mid,category_09,850,True,2,0.101735,"[0.10,0.25)",12.157541,1.0,False,exact_bitmap,,False
2026-08-30T19:36:25.163+00:00,calibration,0,149,IVFFLAT_HYBRID,price_range_mid,category_09,850,True,2,0.101735,"[0.10,0.25)",11.81875,1.0,False,exact_bitmap,,False
2026-08-30T19:36:25.198+00:00,calibration,0,21,SQL_FIRST,category_narrow_price,category_06,933,False,0,0.005,"[0.00,0.05)",2.17,1.0,True,exact_bitmap,,False
2026-08-30T19:36:25.223+00:00,calibration,0,21,VECTOR_FIRST_HNSW,category_narrow_price,category_06,933,False,0,0.005,"[0.00,0.05)",23.706916,0.0,False,exact_bitmap,,False
2026-08-30T19:36:25.227+00:00,calibration,0,21,HNSW_HYBRID,category_narrow_price,category_06,933,False,0,0.005,"[0.00,0.05)",2.698542,1.0,False,exact_bitmap,,False
2026-08-30T19:36:25.231+00:00,calibration,0,21,IVFFLAT_HYBRID,category_narrow_price,category_06,933,False,0,0.005,"[0.00,0.05)",2.263042,1.0,False,exact_bitmap,,False
2026-08-30T19:36:25.333+00:00,calibration,0,238,SQL_FIRST,stock_alone,category_06,200,True,4,0.500835,"[0.50,1.00)",19.391667,1.0,True,exact_seq,,False
2026-08-30T19:36:25.363+00:00,calibration,0,238,VECTOR_FIRST_HNSW,stock_alone,category_06,200,True,4,0.500835,"[0.50,1.00)",26.499125,1.0,False,exact_bitmap,,False
2026-08-30T19:36:25.404+00:00,calibration,0,238,HNSW_HYBRID,stock_alone,category_06,200,True,4,0.500835,"[0.50,1.00)",32.177417,1.0,False,exact_seq,,False
2026-08-30T19:36:25.518+00:00,calibration,0,238,IVFFLAT_HYBRID,stock_alone,category_06,200,True,4,0.500835,"[0.50,1.00)",110.575333,1.0,False,exact_seq,,False
2026-08-30T19:36:25.602+00:00,calibration,0,62,SQL_FIRST,single_category,category_01,795,True,1,0.098665,"[0.05,0.10)",13.068125,1.0,True,exact_bitmap,,False
2026-08-30T19:36:25.633+00:00,calibration,0,62,VECTOR_FIRST_HNSW,single_category,category_01,795,True,1,0.098665,"[0.05,0.10)",29.903666,0.8,False,exact_bitmap,,False
2026-08-30T19:36:25.646+00:00,calibration,0,62,HNSW_HYBRID,single_category,category_01,795,True,1,0.098665,"[0.05,0.10)",11.932792,1.0,False,exact_bitmap,,False
2026-08-30T19:36:25.664+00:00,calibration,0,62,IVFFLAT_HYBRID,single_category,category_01,795,True,1,0.098665,"[0.05,0.10)",16.693875,1.0,False,exact_bitmap,,False
2026-08-30T19:36:25.810+00:00,calibration,0,104,SQL_FIRST,two_categories,category_07,804,True,2,0.1991,"[0.10,0.25)",26.906,1.0,True,exact_bitmap,,False
2026-08-30T19:36:25.845+00:00,calibration,0,104,VECTOR_FIRST_HNSW,two_categories,category_07,804,True,2,0.1991,"[0.10,0.25)",33.461542,1.0,False,exact_bitmap,,False
2026-08-30T19:36:25.872+00:00,calibration,0,104,HNSW_HYBRID,two_categories,category_07,804,True,2,0.1991,"[0.10,0.25)",25.307958,1.0,False,exact_bitmap,,False
2026-08-30T19:36:25.901+00:00,calibration,0,104,IVFFLAT_HYBRID,two_categories,category_07,804,True,2,0.1991,"[0.10,0.25)",26.978375,1.0,False,exact_bitmap,,False
2026-08-30T19:36:26.065+00:00,calibration,0,218,SQL_FIRST,wide_or,category_09,248,True,4,0.659905,"[0.50,1.00)",31.418,1.0,True,exact_seq,,False
2026-08-30T19:36:26.098+00:00,calibration,0,218,VECTOR_FIRST_HNSW,wide_or,category_09,248,True,4,0.659905,"[0.50,1.00)",31.572375,1.0,False,exact_bitmap,,False
2026-08-30T19:36:26.130+00:00,calibration,0,218,HNSW_HYBRID,wide_or,category_09,248,True,4,0.659905,"[0.50,1.00)",31.102,1.0,False,exact_seq,,False
2026-08-30T19:36:26.165+00:00,calibration,0,218,IVFFLAT_HYBRID,wide_or,category_09,248,True,4,0.659905,"[0.50,1.00)",33.258625,1.0,False,exact_seq,,False
2026-08-30T19:36:26.291+00:00,calibration,0,160,SQL_FIRST,three_categories,category_02,659,True,3,0.2705,"[0.25,0.50)",21.581709,1.0,True,exact_bitmap,,False
2026-08-30T19:36:26.326+00:00,calibration,0,160,VECTOR_FIRST_HNSW,three_categories,category_02,659,True,3,0.2705,"[0.25,0.50)",33.092375,1.0,False,exact_bitmap,,False
2026-08-30T19:36:26.350+00:00,calibration,0,160,HNSW_HYBRID,three_categories,category_02,659,True,3,0.2705,"[0.25,0.50)",22.884875,1.0,False,exact_bitmap,,False
2026-08-30T19:36:26.390+00:00,calibration,0,160,IVFFLAT_HYBRID,three_categories,category_02,659,True,3,0.2705,"[0.25,0.50)",34.550375,1.0,False,exact_bitmap,,False
2026-08-30T19:36:26.607+00:00,calibration,0,20,SQL_FIRST,category_narrow_price,category_08,151,True,0,0.00512,"[0.00,0.05)",13.642208,1.0,True,exact_bitmap,,False
2026-08-30T19:36:26.655+00:00,calibration,0,20,VECTOR_FIRST_HNSW,category_narrow_price,category_08,151,True,0,0.00512,"[0.00,0.05)",45.787041,0.0,False,exact_bitmap,,False
2026-08-30T19:36:26.660+00:00,calibration,0,20,HNSW_HYBRID,category_narrow_price,category_08,151,True,0,0.00512,"[0.00,0.05)",4.228666,1.0,False,exact_bitmap,,False
2026-08-30T19:36:26.666+00:00,calibration,0,20,IVFFLAT_HYBRID,category_narrow_price,category_08,151,True,0,0.00512,"[0.00,0.05)",3.273209,1.0,False,exact_bitmap,,False
2026-08-30T19:36:26.721+00:00,calibration,0,15,SQL_FIRST,category_narrow_price,category_04,858,True,0,0.004875,"[0.00,0.05)",2.904,1.0,True,exact_bitmap,,False
2026-08-30T19:36:26.822+00:00,calibration,0,15,VECTOR_FIRST_HNSW,category_narrow_price,category_04,858,True,0,0.004875,"[0.00,0.05)",99.854459,0.0,False,exact_bitmap,,False
2026-08-30T19:36:26.827+00:00,calibration,0,15,HNSW_HYBRID,category_narrow_price,category_04,858,True,0,0.004875,"[0.00,0.05)",3.173666,1.0,False,exact_bitmap,,False
2026-08-30T19:36:26.831+00:00,calibration,0,15,IVFFLAT_HYBRID,category_narrow_price,category_04,858,True,0,0.004875,"[0.00,0.05)",3.105375,1.0,False,exact_bitmap,,False
2026-08-30T19:36:26.917+00:00,calibration,0,123,SQL_FIRST,single_category_alone,category_05,955,False,2,0.100035,"[0.10,0.25)",14.339708,1.0,True,exact_bitmap,,False
2026-08-30T19:36:26.953+00:00,calibration,0,123,VECTOR_FIRST_HNSW,single_category_alone,category_05,955,False,2,0.100035,"[0.10,0.25)",34.763334,1.0,False,exact_bitmap,,False
2026-08-30T19:36:26.972+00:00,calibration,0,123,HNSW_HYBRID,single_category_alone,category_05,955,False,2,0.100035,"[0.10,0.25)",17.571,1.0,False,exact_bitmap,,False
2026-08-30T19:36:26.987+00:00,calibration,0,123,IVFFLAT_HYBRID,single_category_alone,category_05,955,False,2,0.100035,"[0.10,0.25)",14.542917,1.0,False,exact_bitmap,,False
2026-08-30T19:36:27.082+00:00,calibration,0,14,SQL_FIRST,category_and_stock,category_05,593,False,0,0.049935,"[0.00,0.05)",14.235417,1.0,True,exact_bitmap,,False
2026-08-30T19:36:27.123+00:00,calibration,0,14,VECTOR_FIRST_HNSW,category_and_stock,category_05,593,False,0,0.049935,"[0.00,0.05)",39.763417,0.4,False,exact_bitmap,,False
2026-08-30T19:36:27.136+00:00,calibration,0,14,HNSW_HYBRID,category_and_stock,category_05,593,False,0,0.049935,"[0.00,0.05)",11.295792,1.0,False,exact_bitmap,,False
2026-08-30T19:36:27.151+00:00,calibration,0,14,IVFFLAT_HYBRID,category_and_stock,category_05,593,False,0,0.049935,"[0.00,0.05)",14.094458,1.0,False,exact_bitmap,,False
2026-08-30T19:36:27.331+00:00,calibration,0,230,SQL_FIRST,wide_or,category_04,599,False,4,0.817115,"[0.50,1.00)",35.776958,1.0,True,exact_seq,,False
2026-08-30T19:36:27.364+00:00,calibration,0,230,VECTOR_FIRST_HNSW,wide_or,category_04,599,False,4,0.817115,"[0.50,1.00)",31.908708,1.0,False,exact_bitmap,,False
2026-08-30T19:36:27.400+00:00,calibration,0,230,HNSW_HYBRID,wide_or,category_04,599,False,4,0.817115,"[0.50,1.00)",34.5715,1.0,False,exact_seq,,False
2026-08-30T19:36:27.436+00:00,calibration,0,230,IVFFLAT_HYBRID,wide_or,category_04,599,False,4,0.817115,"[0.50,1.00)",34.295459,1.0,False,exact_seq,,False
2026-08-30T19:36:27.522+00:00,calibration,0,38,SQL_FIRST,category_and_stock,category_04,44,True,0,0.04843,"[0.00,0.05)",13.0005,1.0,True,exact_bitmap,,False
2026-08-30T19:36:27.560+00:00,calibration,0,38,VECTOR_FIRST_HNSW,category_and_stock,category_04,44,True,0,0.04843,"[0.00,0.05)",34.95575,0.8,False,exact_bitmap,,False
2026-08-30T19:36:27.575+00:00,calibration,0,38,HNSW_HYBRID,category_and_stock,category_04,44,True,0,0.04843,"[0.00,0.05)",13.788,1.0,False,exact_bitmap,,False
2026-08-30T19:36:27.591+00:00,calibration,0,38,IVFFLAT_HYBRID,category_and_stock,category_04,44,True,0,0.04843,"[0.00,0.05)",14.781375,1.0,False,exact_bitmap,,False
2026-08-30T19:36:27.819+00:00,calibration,0,247,SQL_FIRST,wide_or,category_07,952,False,4,0.9776,"[0.50,1.00)",41.072542,1.0,True,exact_seq,,False
2026-08-30T19:36:27.853+00:00,calibration,0,247,VECTOR_FIRST_HNSW,wide_or,category_07,952,False,4,0.9776,"[0.50,1.00)",33.327333,1.0,False,exact_bitmap,,False
2026-08-30T19:36:27.885+00:00,calibration,0,247,HNSW_HYBRID,wide_or,category_07,952,False,4,0.9776,"[0.50,1.00)",30.436,1.0,False,exact_seq,,False
2026-08-30T19:36:27.921+00:00,calibration,0,247,IVFFLAT_HYBRID,wide_or,category_07,952,False,4,0.9776,"[0.50,1.00)",34.942959,1.0,False,exact_seq,,False
2026-08-30T19:36:28.062+00:00,calibration,0,194,SQL_FIRST,category_or_price,category_05,237,False,3,0.30864,"[0.25,0.50)",27.646083,1.0,True,exact_seq,,False
2026-08-30T19:36:28.096+00:00,calibration,0,194,VECTOR_FIRST_HNSW,category_or_price,category_05,237,False,3,0.30864,"[0.25,0.50)",33.023625,1.0,False,exact_bitmap,,False
2026-08-30T19:36:28.124+00:00,calibration,0,194,HNSW_HYBRID,category_or_price,category_05,237,False,3,0.30864,"[0.25,0.50)",26.005084,1.0,False,exact_seq,,False
2026-08-30T19:36:28.154+00:00,calibration,0,194,IVFFLAT_HYBRID,category_or_price,category_05,237,False,3,0.30864,"[0.25,0.50)",29.523916,1.0,False,exact_seq,,False
2026-08-30T19:36:28.255+00:00,calibration,0,106,SQL_FIRST,single_category_alone,category_03,663,True,2,0.1037,"[0.10,0.25)",16.000083,1.0,True,exact_bitmap,,False
2026-08-30T19:36:28.292+00:00,calibration,0,106,VECTOR_FIRST_HNSW,single_category_alone,category_03,663,True,2,0.1037,"[0.10,0.25)",35.006375,1.0,False,exact_bitmap,,False
2026-08-30T19:36:28.308+00:00,calibration,0,106,HNSW_HYBRID,single_category_alone,category_03,663,True,2,0.1037,"[0.10,0.25)",14.598917,1.0,False,exact_bitmap,,False
2026-08-30T19:36:28.325+00:00,calibration,0,106,IVFFLAT_HYBRID,single_category_alone,category_03,663,True,2,0.1037,"[0.10,0.25)",15.767,1.0,False,exact_bitmap,,False
2026-08-30T19:36:28.427+00:00,calibration,0,142,SQL_FIRST,single_category_alone,category_00,223,True,2,0.1034,"[0.10,0.25)",17.579417,1.0,True,exact_bitmap,,False
2026-08-30T19:36:28.462+00:00,calibration,0,142,VECTOR_FIRST_HNSW,single_category_alone,category_00,223,True,2,0.1034,"[0.10,0.25)",33.686916,0.7,False,exact_bitmap,,False
2026-08-30T19:36:28.478+00:00,calibration,0,142,HNSW_HYBRID,single_category_alone,category_00,223,True,2,0.1034,"[0.10,0.25)",14.264959,1.0,False,exact_bitmap,,False
2026-08-30T19:36:28.495+00:00,calibration,0,142,IVFFLAT_HYBRID,single_category_alone,category_00,223,True,2,0.1034,"[0.10,0.25)",16.006167,1.0,False,exact_bitmap,,False
2026-08-30T19:36:28.545+00:00,calibration,0,44,SQL_FIRST,category_narrow_price,category_04,102,True,0,0.00508,"[0.00,0.05)",3.718333,1.0,True,exact_bitmap,,False
2026-08-30T19:36:28.580+00:00,calibration,0,44,VECTOR_FIRST_HNSW,category_narrow_price,category_04,102,True,0,0.00508,"[0.00,0.05)",33.419083,0.0,False,exact_bitmap,,False
2026-08-30T19:36:28.584+00:00,calibration,0,44,HNSW_HYBRID,category_narrow_price,category_04,102,True,0,0.00508,"[0.00,0.05)",3.357542,1.0,False,exact_bitmap,,False
2026-08-30T19:36:28.588+00:00,calibration,0,44,IVFFLAT_HYBRID,category_narrow_price,category_04,102,True,0,0.00508,"[0.00,0.05)",2.923708,1.0,False,exact_bitmap,,False
2026-08-30T19:36:28.639+00:00,calibration,0,3,SQL_FIRST,category_narrow_price,category_01,626,False,0,0.00491,"[0.00,0.05)",3.846625,1.0,True,exact_bitmap,,False
2026-08-30T19:36:28.680+00:00,calibration,0,3,VECTOR_FIRST_HNSW,category_narrow_price,category_01,626,False,0,0.00491,"[0.00,0.05)",39.739042,0.1,False,exact_bitmap,,False
2026-08-30T19:36:28.683+00:00,calibration,0,3,HNSW_HYBRID,category_narrow_price,category_01,626,False,0,0.00491,"[0.00,0.05)",2.830209,1.0,False,exact_bitmap,,False
2026-08-30T19:36:28.688+00:00,calibration,0,3,IVFFLAT_HYBRID,category_narrow_price,category_01,626,False,0,0.00491,"[0.00,0.05)",3.079958,1.0,False,exact_bitmap,,False
2026-08-30T19:36:28.733+00:00,calibration,0,43,SQL_FIRST,category_narrow_price,category_02,713,True,0,0.004955,"[0.00,0.05)",3.463833,1.0,True,exact_bitmap,,False
2026-08-30T19:36:28.769+00:00,calibration,0,43,VECTOR_FIRST_HNSW,category_narrow_price,category_02,713,True,0,0.004955,"[0.00,0.05)",33.826459,0.0,False,exact_bitmap,,False
2026-08-30T19:36:28.774+00:00,calibration,0,43,HNSW_HYBRID,category_narrow_price,category_02,713,True,0,0.004955,"[0.00,0.05)",3.942917,1.0,False,exact_bitmap,,False
2026-08-30T19:36:28.778+00:00,calibration,0,43,IVFFLAT_HYBRID,category_narrow_price,category_02,713,True,0,0.004955,"[0.00,0.05)",3.420083,1.0,False,exact_bitmap,,False
2026-08-30T19:36:28.879+00:00,calibration,0,110,SQL_FIRST,price_range_mid,category_01,325,True,2,0.10188,"[0.10,0.25)",16.313917,1.0,True,exact_bitmap,,False
2026-08-30T19:36:28.915+00:00,calibration,0,110,VECTOR_FIRST_HNSW,price_range_mid,category_01,325,True,2,0.10188,"[0.10,0.25)",34.73925,0.8,False,exact_bitmap,,False
2026-08-30T19:36:28.933+00:00,calibration,0,110,HNSW_HYBRID,price_range_mid,category_01,325,True,2,0.10188,"[0.10,0.25)",15.965667,1.0,False,exact_bitmap,,False
2026-08-30T19:36:28.952+00:00,calibration,0,110,IVFFLAT_HYBRID,price_range_mid,category_01,325,True,2,0.10188,"[0.10,0.25)",17.875083,1.0,False,exact_bitmap,,False
2026-08-30T19:36:29.052+00:00,calibration,0,115,SQL_FIRST,single_category_alone,category_00,89,False,2,0.1034,"[0.10,0.25)",15.868709,1.0,True,exact_bitmap,,False
2026-08-30T19:36:29.088+00:00,calibration,0,115,VECTOR_FIRST_HNSW,single_category_alone,category_00,89,False,2,0.1034,"[0.10,0.25)",34.938125,1.0,False,exact_bitmap,,False
2026-08-30T19:36:29.103+00:00,calibration,0,115,HNSW_HYBRID,single_category_alone,category_00,89,False,2,0.1034,"[0.10,0.25)",14.289125,1.0,False,exact_bitmap,,False
2026-08-30T19:36:29.120+00:00,calibration,0,115,IVFFLAT_HYBRID,single_category_alone,category_00,89,False,2,0.1034,"[0.10,0.25)",15.830584,1.0,False,exact_bitmap,,False
2026-08-30T19:36:29.268+00:00,calibration,0,175,SQL_FIRST,category_or_price,category_07,420,False,3,0.475515,"[0.25,0.50)",27.663584,1.0,True,exact_seq,,False
2026-08-30T19:36:29.302+00:00,calibration,0,175,VECTOR_FIRST_HNSW,category_or_price,category_07,420,False,3,0.475515,"[0.25,0.50)",32.386334,1.0,False,exact_bitmap,,False
2026-08-30T19:36:29.330+00:00,calibration,0,175,HNSW_HYBRID,category_or_price,category_07,420,False,3,0.475515,"[0.25,0.50)",26.784042,1.0,False,exact_seq,,False
2026-08-30T19:36:29.358+00:00,calibration,0,175,IVFFLAT_HYBRID,category_or_price,category_07,420,False,3,0.475515,"[0.25,0.50)",26.812083,1.0,False,exact_seq,,False
2026-08-30T19:36:29.519+00:00,calibration,0,207,SQL_FIRST,wide_or,category_03,292,False,4,0.680295,"[0.50,1.00)",31.034917,1.0,True,exact_seq,,False
2026-08-30T19:36:29.553+00:00,calibration,0,207,VECTOR_FIRST_HNSW,wide_or,category_03,292,False,4,0.680295,"[0.50,1.00)",32.622625,1.0,False,exact_bitmap,,False
2026-08-30T19:36:29.588+00:00,calibration,0,207,HNSW_HYBRID,wide_or,category_03,292,False,4,0.680295,"[0.50,1.00)",33.619167,1.0,False,exact_seq,,False
2026-08-30T19:36:29.621+00:00,calibration,0,207,IVFFLAT_HYBRID,wide_or,category_03,292,False,4,0.680295,"[0.50,1.00)",31.647375,1.0,False,exact_seq,,False
2026-08-30T19:36:29.722+00:00,calibration,0,57,SQL_FIRST,single_category,category_02,947,False,1,0.098965,"[0.05,0.10)",19.082333,1.0,True,exact_bitmap,,False
2026-08-30T19:36:29.760+00:00,calibration,0,57,VECTOR_FIRST_HNSW,single_category,category_02,947,False,1,0.098965,"[0.05,0.10)",36.344792,0.7,False,exact_bitmap,,False
2026-08-30T19:36:29.775+00:00,calibration,0,57,HNSW_HYBRID,single_category,category_02,947,False,1,0.098965,"[0.05,0.10)",14.00025,1.0,False,exact_bitmap,,False
2026-08-30T19:36:29.793+00:00,calibration,0,57,IVFFLAT_HYBRID,single_category,category_02,947,False,1,0.098965,"[0.05,0.10)",16.894417,1.0,False,exact_bitmap,,False
2026-08-30T19:36:29.905+00:00,calibration,0,78,SQL_FIRST,single_category,category_04,323,True,1,0.0967,"[0.05,0.10)",23.9375,1.0,True,exact_bitmap,,False
2026-08-30T19:36:29.991+00:00,calibration,0,78,VECTOR_FIRST_HNSW,single_category,category_04,323,True,1,0.0967,"[0.05,0.10)",84.901458,0.7,False,exact_bitmap,,False
2026-08-30T19:36:30.077+00:00,calibration,0,78,HNSW_HYBRID,single_category,category_04,323,True,1,0.0967,"[0.05,0.10)",84.862166,1.0,False,exact_bitmap,,False
2026-08-30T19:36:30.090+00:00,calibration,0,78,IVFFLAT_HYBRID,single_category,category_04,323,True,1,0.0967,"[0.05,0.10)",12.116959,1.0,False,exact_bitmap,,False
2026-08-30T19:36:30.274+00:00,calibration,0,63,SQL_FIRST,single_category,category_01,465,False,1,0.098665,"[0.05,0.10)",19.253625,1.0,True,exact_bitmap,,False
2026-08-30T19:36:30.308+00:00,calibration,0,63,VECTOR_FIRST_HNSW,single_category,category_01,465,False,1,0.098665,"[0.05,0.10)",32.661583,1.0,False,exact_bitmap,,False
2026-08-30T19:36:30.321+00:00,calibration,0,63,HNSW_HYBRID,single_category,category_01,465,False,1,0.098665,"[0.05,0.10)",11.849,1.0,False,exact_bitmap,,False
2026-08-30T19:36:30.335+00:00,calibration,0,63,IVFFLAT_HYBRID,single_category,category_01,465,False,1,0.098665,"[0.05,0.10)",12.7535,1.0,False,exact_bitmap,,False
2026-08-30T19:36:30.424+00:00,calibration,0,87,SQL_FIRST,single_category,category_02,618,False,1,0.098965,"[0.05,0.10)",15.394292,1.0,True,exact_bitmap,,False
2026-08-30T19:36:30.457+00:00,calibration,0,87,VECTOR_FIRST_HNSW,single_category,category_02,618,False,1,0.098965,"[0.05,0.10)",32.235875,1.0,False,exact_bitmap,,False
2026-08-30T19:36:30.474+00:00,calibration,0,87,HNSW_HYBRID,single_category,category_02,618,False,1,0.098965,"[0.05,0.10)",15.798208,1.0,False,exact_bitmap,,False
2026-08-30T19:36:30.491+00:00,calibration,0,87,IVFFLAT_HYBRID,single_category,category_02,618,False,1,0.098965,"[0.05,0.10)",15.477417,1.0,False,exact_bitmap,,False
2026-08-30T19:36:30.584+00:00,calibration,0,83,SQL_FIRST,single_category,category_04,203,False,1,0.0967,"[0.05,0.10)",15.741125,1.0,True,exact_bitmap,,False
2026-08-30T19:36:30.618+00:00,calibration,0,83,VECTOR_FIRST_HNSW,single_category,category_04,203,False,1,0.0967,"[0.05,0.10)",32.684875,0.7,False,exact_bitmap,,False
2026-08-30T19:36:30.634+00:00,calibration,0,83,HNSW_HYBRID,single_category,category_04,203,False,1,0.0967,"[0.05,0.10)",14.405417,1.0,False,exact_bitmap,,False
2026-08-30T19:36:30.650+00:00,calibration,0,83,IVFFLAT_HYBRID,single_category,category_04,203,False,1,0.0967,"[0.05,0.10)",13.989542,1.0,False,exact_bitmap,,False
2026-08-30T19:36:30.730+00:00,calibration,0,42,SQL_FIRST,category_and_stock,category_05,183,False,0,0.049935,"[0.00,0.05)",11.832541,1.0,True,exact_bitmap,,False
2026-08-30T19:36:30.762+00:00,calibration,0,42,VECTOR_FIRST_HNSW,category_and_stock,category_05,183,False,0,0.049935,"[0.00,0.05)",30.337375,0.8,False,exact_bitmap,,False
2026-08-30T19:36:30.775+00:00,calibration,0,42,HNSW_HYBRID,category_and_stock,category_05,183,False,0,0.049935,"[0.00,0.05)",11.085709,1.0,False,exact_bitmap,,False
2026-08-30T19:36:30.789+00:00,calibration,0,42,IVFFLAT_HYBRID,category_and_stock,category_05,183,False,0,0.049935,"[0.00,0.05)",12.389459,1.0,False,exact_bitmap,,False
2026-08-30T19:36:30.917+00:00,calibration,0,226,SQL_FIRST,stock_alone,category_00,335,True,4,0.500835,"[0.50,1.00)",23.449167,1.0,True,exact_seq,,False
2026-08-30T19:36:30.950+00:00,calibration,0,226,VECTOR_FIRST_HNSW,stock_alone,category_00,335,True,4,0.500835,"[0.50,1.00)",30.893542,1.0,False,exact_bitmap,,False
2026-08-30T19:36:30.977+00:00,calibration,0,226,HNSW_HYBRID,stock_alone,category_00,335,True,4,0.500835,"[0.50,1.00)",26.344542,1.0,False,exact_seq,,False
2026-08-30T19:36:31.006+00:00,calibration,0,226,IVFFLAT_HYBRID,stock_alone,category_00,335,True,4,0.500835,"[0.50,1.00)",27.40975,1.0,False,exact_seq,,False
2026-08-30T19:36:31.055+00:00,calibration,0,6,SQL_FIRST,category_narrow_price,category_00,373,True,0,0.00525,"[0.00,0.05)",3.837791,1.0,True,exact_bitmap,,False
2026-08-30T19:36:31.094+00:00,calibration,0,6,VECTOR_FIRST_HNSW,category_narrow_price,category_00,373,True,0,0.00525,"[0.00,0.05)",36.237167,0.0,False,exact_bitmap,,False
2026-08-30T19:36:31.098+00:00,calibration,0,6,HNSW_HYBRID,category_narrow_price,category_00,373,True,0,0.00525,"[0.00,0.05)",3.164583,1.0,False,exact_bitmap,,False
2026-08-30T19:36:31.103+00:00,calibration,0,6,IVFFLAT_HYBRID,category_narrow_price,category_00,373,True,0,0.00525,"[0.00,0.05)",3.74425,1.0,False,exact_bitmap,,False
2026-08-30T19:36:31.237+00:00,calibration,0,158,SQL_FIRST,three_categories,category_06,346,False,3,0.269895,"[0.25,0.50)",22.708625,1.0,True,exact_bitmap,,False
2026-08-30T19:36:31.270+00:00,calibration,0,158,VECTOR_FIRST_HNSW,three_categories,category_06,346,False,3,0.269895,"[0.25,0.50)",31.824625,1.0,False,exact_bitmap,,False
2026-08-30T19:36:31.294+00:00,calibration,0,158,HNSW_HYBRID,three_categories,category_06,346,False,3,0.269895,"[0.25,0.50)",21.075542,1.0,False,exact_bitmap,,False
2026-08-30T19:36:31.319+00:00,calibration,0,158,IVFFLAT_HYBRID,three_categories,category_06,346,False,3,0.269895,"[0.25,0.50)",22.617458,1.0,False,exact_bitmap,,False
2026-08-30T19:36:31.465+00:00,calibration,0,139,SQL_FIRST,two_categories,category_08,645,True,2,0.198565,"[0.10,0.25)",27.174375,1.0,True,exact_bitmap,,False
2026-08-30T19:36:31.500+00:00,calibration,0,139,VECTOR_FIRST_HNSW,two_categories,category_08,645,True,2,0.198565,"[0.10,0.25)",33.641,1.0,False,exact_bitmap,,False
2026-08-30T19:36:31.525+00:00,calibration,0,139,HNSW_HYBRID,two_categories,category_08,645,True,2,0.198565,"[0.10,0.25)",23.04825,1.0,False,exact_bitmap,,False
2026-08-30T19:36:31.551+00:00,calibration,0,139,IVFFLAT_HYBRID,two_categories,category_08,645,True,2,0.198565,"[0.10,0.25)",23.939709,1.0,False,exact_bitmap,,False
2026-08-30T19:36:31.666+00:00,calibration,0,192,SQL_FIRST,three_categories,category_04,583,False,3,0.267975,"[0.25,0.50)",22.823,1.0,True,exact_bitmap,,False
2026-08-30T19:36:31.698+00:00,calibration,0,192,VECTOR_FIRST_HNSW,three_categories,category_04,583,False,3,0.267975,"[0.25,0.50)",30.3535,1.0,False,exact_bitmap,,False
2026-08-30T19:36:31.719+00:00,calibration,0,192,HNSW_HYBRID,three_categories,category_04,583,False,3,0.267975,"[0.25,0.50)",19.8495,1.0,False,exact_bitmap,,False
2026-08-30T19:36:31.741+00:00,calibration,0,192,IVFFLAT_HYBRID,three_categories,category_04,583,False,3,0.267975,"[0.25,0.50)",19.77525,1.0,False,exact_bitmap,,False
2026-08-30T19:36:31.915+00:00,calibration,0,250,SQL_FIRST,wide_or,category_09,634,True,4,0.83355,"[0.50,1.00)",35.406625,1.0,True,exact_seq,,False
2026-08-30T19:36:31.949+00:00,calibration,0,250,VECTOR_FIRST_HNSW,wide_or,category_09,634,True,4,0.83355,"[0.50,1.00)",31.828667,1.0,False,exact_bitmap,,False
2026-08-30T19:36:31.988+00:00,calibration,0,250,HNSW_HYBRID,wide_or,category_09,634,True,4,0.83355,"[0.50,1.00)",38.407,1.0,False,exact_seq,,False
2026-08-30T19:36:32.024+00:00,calibration,0,250,IVFFLAT_HYBRID,wide_or,category_09,634,True,4,0.83355,"[0.50,1.00)",35.0755,1.0,False,exact_seq,,False
2026-08-30T19:36:32.071+00:00,calibration,0,1,SQL_FIRST,category_narrow_price,category_07,105,True,0,0.00525,"[0.00,0.05)",3.415,1.0,True,exact_bitmap,,False
2026-08-30T19:36:32.107+00:00,calibration,0,1,VECTOR_FIRST_HNSW,category_narrow_price,category_07,105,True,0,0.00525,"[0.00,0.05)",35.20625,0.1,False,exact_bitmap,,False
2026-08-30T19:36:32.111+00:00,calibration,0,1,HNSW_HYBRID,category_narrow_price,category_07,105,True,0,0.00525,"[0.00,0.05)",2.911209,1.0,False,exact_bitmap,,False
2026-08-30T19:36:32.114+00:00,calibration,0,1,IVFFLAT_HYBRID,category_narrow_price,category_07,105,True,0,0.00525,"[0.00,0.05)",2.695166,1.0,False,exact_bitmap,,False
2026-08-30T19:36:32.214+00:00,calibration,0,96,SQL_FIRST,single_category,category_04,186,True,1,0.0967,"[0.05,0.10)",15.935167,1.0,True,exact_bitmap,,False
2026-08-30T19:36:32.249+00:00,calibration,0,96,VECTOR_FIRST_HNSW,single_category,category_04,186,True,1,0.0967,"[0.05,0.10)",33.63175,1.0,False,exact_bitmap,,False
2026-08-30T19:36:32.265+00:00,calibration,0,96,HNSW_HYBRID,single_category,category_04,186,True,1,0.0967,"[0.05,0.10)",13.795208,1.0,False,exact_bitmap,,False
2026-08-30T19:36:32.282+00:00,calibration,0,96,IVFFLAT_HYBRID,single_category,category_04,186,True,1,0.0967,"[0.05,0.10)",15.670875,1.0,False,exact_bitmap,,False
2026-08-30T19:36:32.426+00:00,calibration,0,146,SQL_FIRST,two_categories,category_04,747,False,2,0.196735,"[0.10,0.25)",26.726,1.0,True,exact_bitmap,,False
2026-08-30T19:36:32.462+00:00,calibration,0,146,VECTOR_FIRST_HNSW,two_categories,category_04,747,False,2,0.196735,"[0.10,0.25)",33.691,1.0,False,exact_bitmap,,False
2026-08-30T19:36:32.488+00:00,calibration,0,146,HNSW_HYBRID,two_categories,category_04,747,False,2,0.196735,"[0.10,0.25)",24.371875,1.0,False,exact_bitmap,,False
2026-08-30T19:36:32.516+00:00,calibration,0,146,IVFFLAT_HYBRID,two_categories,category_04,747,False,2,0.196735,"[0.10,0.25)",26.393459,1.0,False,exact_bitmap,,False
2026-08-30T19:36:32.566+00:00,calibration,0,16,SQL_FIRST,category_narrow_price,category_04,802,False,0,0.0049,"[0.00,0.05)",3.40025,1.0,True,exact_bitmap,,False
2026-08-30T19:36:32.601+00:00,calibration,0,16,VECTOR_FIRST_HNSW,category_narrow_price,category_04,802,False,0,0.0049,"[0.00,0.05)",33.299417,0.1,False,exact_bitmap,,False
2026-08-30T19:36:32.605+00:00,calibration,0,16,HNSW_HYBRID,category_narrow_price,category_04,802,False,0,0.0049,"[0.00,0.05)",2.726167,1.0,False,exact_bitmap,,False
2026-08-30T19:36:32.610+00:00,calibration,0,16,IVFFLAT_HYBRID,category_narrow_price,category_04,802,False,0,0.0049,"[0.00,0.05)",3.571417,1.0,False,exact_bitmap,,False
2026-08-30T19:36:32.738+00:00,calibration,0,136,SQL_FIRST,two_categories,category_01,898,True,2,0.197635,"[0.10,0.25)",23.794042,1.0,True,exact_bitmap,,False
2026-08-30T19:36:32.769+00:00,calibration,0,136,VECTOR_FIRST_HNSW,two_categories,category_01,898,True,2,0.197635,"[0.10,0.25)",29.406625,1.0,False,exact_bitmap,,False
2026-08-30T19:36:32.792+00:00,calibration,0,136,HNSW_HYBRID,two_categories,category_01,898,True,2,0.197635,"[0.10,0.25)",22.217125,1.0,False,exact_bitmap,,False
2026-08-30T19:36:32.818+00:00,calibration,0,136,IVFFLAT_HYBRID,two_categories,category_01,898,True,2,0.197635,"[0.10,0.25)",23.610166,1.0,False,exact_bitmap,,False
2026-08-30T19:36:32.932+00:00,calibration,0,162,SQL_FIRST,three_categories,category_02,128,True,3,0.2705,"[0.25,0.50)",20.165916,1.0,True,exact_bitmap,,False
2026-08-30T19:36:32.962+00:00,calibration,0,162,VECTOR_FIRST_HNSW,three_categories,category_02,128,True,3,0.2705,"[0.25,0.50)",29.004,1.0,False,exact_bitmap,,False
2026-08-30T19:36:32.984+00:00,calibration,0,162,HNSW_HYBRID,three_categories,category_02,128,True,3,0.2705,"[0.25,0.50)",20.468917,1.0,False,exact_bitmap,,False
2026-08-30T19:36:33.006+00:00,calibration,0,162,IVFFLAT_HYBRID,three_categories,category_02,128,True,3,0.2705,"[0.25,0.50)",20.973167,1.0,False,exact_bitmap,,False
2026-08-30T19:36:33.140+00:00,calibration,0,209,SQL_FIRST,stock_alone,category_04,462,True,4,0.500835,"[0.50,1.00)",25.157708,1.0,True,exact_seq,,False
2026-08-30T19:36:33.173+00:00,calibration,0,209,VECTOR_FIRST_HNSW,stock_alone,category_04,462,True,4,0.500835,"[0.50,1.00)",32.108417,1.0,False,exact_bitmap,,False
2026-08-30T19:36:33.199+00:00,calibration,0,209,HNSW_HYBRID,stock_alone,category_04,462,True,4,0.500835,"[0.50,1.00)",24.82775,1.0,False,exact_seq,,False
2026-08-30T19:36:33.227+00:00,calibration,0,209,IVFFLAT_HYBRID,stock_alone,category_04,462,True,4,0.500835,"[0.50,1.00)",24.62825,1.0,False,exact_seq,,False
2026-08-30T19:36:33.330+00:00,calibration,0,59,SQL_FIRST,single_category,category_02,440,False,1,0.098965,"[0.05,0.10)",15.79175,1.0,True,exact_bitmap,,False
2026-08-30T19:36:33.365+00:00,calibration,0,59,VECTOR_FIRST_HNSW,single_category,category_02,440,False,1,0.098965,"[0.05,0.10)",33.468875,1.0,False,exact_bitmap,,False
2026-08-30T19:36:33.381+00:00,calibration,0,59,HNSW_HYBRID,single_category,category_02,440,False,1,0.098965,"[0.05,0.10)",14.449125,1.0,False,exact_bitmap,,False
2026-08-30T19:36:33.399+00:00,calibration,0,59,IVFFLAT_HYBRID,single_category,category_02,440,False,1,0.098965,"[0.05,0.10)",16.696375,1.0,False,exact_bitmap,,False
2026-08-30T19:36:33.537+00:00,calibration,0,141,SQL_FIRST,two_categories,category_02,989,True,2,0.202665,"[0.10,0.25)",23.99475,1.0,True,exact_bitmap,,False
2026-08-30T19:36:33.569+00:00,calibration,0,141,VECTOR_FIRST_HNSW,two_categories,category_02,989,True,2,0.202665,"[0.10,0.25)",30.486625,1.0,False,exact_bitmap,,False
2026-08-30T19:36:33.594+00:00,calibration,0,141,HNSW_HYBRID,two_categories,category_02,989,True,2,0.202665,"[0.10,0.25)",23.030291,1.0,False,exact_bitmap,,False
2026-08-30T19:36:33.622+00:00,calibration,0,141,IVFFLAT_HYBRID,two_categories,category_02,989,True,2,0.202665,"[0.10,0.25)",26.306833,1.0,False,exact_bitmap,,False
2026-08-30T19:36:33.813+00:00,calibration,0,103,SQL_FIRST,price_range_mid,category_01,210,True,2,0.10253,"[0.10,0.25)",17.087625,1.0,True,exact_bitmap,,False
2026-08-30T19:36:33.865+00:00,calibration,0,103,VECTOR_FIRST_HNSW,price_range_mid,category_01,210,True,2,0.10253,"[0.10,0.25)",50.497,1.0,False,exact_bitmap,,False
2026-08-30T19:36:33.938+00:00,calibration,0,103,HNSW_HYBRID,price_range_mid,category_01,210,True,2,0.10253,"[0.10,0.25)",61.955917,1.0,False,exact_bitmap,,False
2026-08-30T19:36:33.967+00:00,calibration,0,103,IVFFLAT_HYBRID,price_range_mid,category_01,210,True,2,0.10253,"[0.10,0.25)",27.79375,1.0,False,exact_bitmap,,False
2026-08-30T19:36:34.015+00:00,calibration,0,28,SQL_FIRST,category_narrow_price,category_09,301,False,0,0.00509,"[0.00,0.05)",3.048583,1.0,True,exact_bitmap,,False
2026-08-30T19:36:34.045+00:00,calibration,0,28,VECTOR_FIRST_HNSW,category_narrow_price,category_09,301,False,0,0.00509,"[0.00,0.05)",28.470292,0.0,False,exact_bitmap,,False
2026-08-30T19:36:34.048+00:00,calibration,0,28,HNSW_HYBRID,category_narrow_price,category_09,301,False,0,0.00509,"[0.00,0.05)",2.771208,1.0,False,exact_bitmap,,False
2026-08-30T19:36:34.052+00:00,calibration,0,28,IVFFLAT_HYBRID,category_narrow_price,category_09,301,False,0,0.00509,"[0.00,0.05)",2.220042,1.0,False,exact_bitmap,,False
2026-08-30T19:36:34.147+00:00,calibration,0,52,SQL_FIRST,single_category,category_08,370,False,1,0.098665,"[0.05,0.10)",15.207583,1.0,True,exact_bitmap,,False
2026-08-30T19:36:34.177+00:00,calibration,0,52,VECTOR_FIRST_HNSW,single_category,category_08,370,False,1,0.098665,"[0.05,0.10)",28.832791,1.0,False,exact_bitmap,,False
2026-08-30T19:36:34.190+00:00,calibration,0,52,HNSW_HYBRID,single_category,category_08,370,False,1,0.098665,"[0.05,0.10)",12.0035,1.0,False,exact_bitmap,,False
2026-08-30T19:36:34.207+00:00,calibration,0,52,IVFFLAT_HYBRID,single_category,category_08,370,False,1,0.098665,"[0.05,0.10)",15.552833,1.0,False,exact_bitmap,,False
2026-08-30T19:36:34.335+00:00,calibration,0,233,SQL_FIRST,stock_alone,category_09,622,True,4,0.500835,"[0.50,1.00)",23.870959,1.0,True,exact_seq,,False
2026-08-30T19:36:34.367+00:00,calibration,0,233,VECTOR_FIRST_HNSW,stock_alone,category_09,622,True,4,0.500835,"[0.50,1.00)",29.791583,1.0,False,exact_bitmap,,False
2026-08-30T19:36:34.392+00:00,calibration,0,233,HNSW_HYBRID,stock_alone,category_09,622,True,4,0.500835,"[0.50,1.00)",23.183708,1.0,False,exact_seq,,False
2026-08-30T19:36:34.420+00:00,calibration,0,233,IVFFLAT_HYBRID,stock_alone,category_09,622,True,4,0.500835,"[0.50,1.00)",25.90075,1.0,False,exact_seq,,False
2026-08-30T19:36:34.510+00:00,calibration,0,53,SQL_FIRST,single_category,category_01,926,False,1,0.098665,"[0.05,0.10)",14.5535,1.0,True,exact_bitmap,,False
2026-08-30T19:36:34.543+00:00,calibration,0,53,VECTOR_FIRST_HNSW,single_category,category_01,926,False,1,0.098665,"[0.05,0.10)",31.041,1.0,False,exact_bitmap,,False
2026-08-30T19:36:34.556+00:00,calibration,0,53,HNSW_HYBRID,single_category,category_01,926,False,1,0.098665,"[0.05,0.10)",12.699792,1.0,False,exact_bitmap,,False
2026-08-30T19:36:34.572+00:00,calibration,0,53,IVFFLAT_HYBRID,single_category,category_01,926,False,1,0.098665,"[0.05,0.10)",14.221208,1.0,False,exact_bitmap,,False
2026-08-30T19:36:34.698+00:00,calibration,0,246,SQL_FIRST,stock_alone,category_02,387,True,4,0.500835,"[0.50,1.00)",23.762667,1.0,True,exact_seq,,False
2026-08-30T19:36:34.729+00:00,calibration,0,246,VECTOR_FIRST_HNSW,stock_alone,category_02,387,True,4,0.500835,"[0.50,1.00)",28.873708,1.0,False,exact_bitmap,,False
2026-08-30T19:36:34.753+00:00,calibration,0,246,HNSW_HYBRID,stock_alone,category_02,387,True,4,0.500835,"[0.50,1.00)",22.219791,1.0,False,exact_seq,,False
2026-08-30T19:36:34.776+00:00,calibration,0,246,IVFFLAT_HYBRID,stock_alone,category_02,387,True,4,0.500835,"[0.50,1.00)",21.570791,1.0,False,exact_seq,,False
2026-08-30T19:36:34.883+00:00,calibration,0,60,SQL_FIRST,single_category,category_06,38,False,1,0.099535,"[0.05,0.10)",17.476,1.0,True,exact_bitmap,,False
2026-08-30T19:36:34.917+00:00,calibration,0,60,VECTOR_FIRST_HNSW,single_category,category_06,38,False,1,0.099535,"[0.05,0.10)",31.861709,0.6,False,exact_bitmap,,False
2026-08-30T19:36:34.932+00:00,calibration,0,60,HNSW_HYBRID,single_category,category_06,38,False,1,0.099535,"[0.05,0.10)",13.644084,1.0,False,exact_bitmap,,False
2026-08-30T19:36:34.947+00:00,calibration,0,60,IVFFLAT_HYBRID,single_category,category_06,38,False,1,0.099535,"[0.05,0.10)",14.381958,1.0,False,exact_bitmap,,False
2026-08-30T19:36:35.119+00:00,calibration,0,211,SQL_FIRST,wide_or,category_05,433,True,4,0.74369,"[0.50,1.00)",35.614958,1.0,True,exact_seq,,False
2026-08-30T19:36:35.153+00:00,calibration,0,211,VECTOR_FIRST_HNSW,wide_or,category_05,433,True,4,0.74369,"[0.50,1.00)",33.246042,1.0,False,exact_bitmap,,False
2026-08-30T19:36:35.188+00:00,calibration,0,211,HNSW_HYBRID,wide_or,category_05,433,True,4,0.74369,"[0.50,1.00)",33.192333,1.0,False,exact_seq,,False
2026-08-30T19:36:35.223+00:00,calibration,0,211,IVFFLAT_HYBRID,wide_or,category_05,433,True,4,0.74369,"[0.50,1.00)",32.815458,1.0,False,exact_seq,,False
2026-08-30T19:36:35.356+00:00,calibration,0,181,SQL_FIRST,category_or_price,category_03,278,False,3,0.34869,"[0.25,0.50)",24.442958,1.0,True,exact_seq,,False
2026-08-30T19:36:35.390+00:00,calibration,0,181,VECTOR_FIRST_HNSW,category_or_price,category_03,278,False,3,0.34869,"[0.25,0.50)",31.689583,1.0,False,exact_bitmap,,False
2026-08-30T19:36:35.419+00:00,calibration,0,181,HNSW_HYBRID,category_or_price,category_03,278,False,3,0.34869,"[0.25,0.50)",26.414125,1.0,False,exact_seq,,False
2026-08-30T19:36:35.445+00:00,calibration,0,181,IVFFLAT_HYBRID,category_or_price,category_03,278,False,3,0.34869,"[0.25,0.50)",24.044625,1.0,False,exact_seq,,False
2026-08-30T19:36:35.544+00:00,calibration,0,65,SQL_FIRST,single_category,category_09,614,True,1,0.0999,"[0.05,0.10)",15.985667,1.0,True,exact_bitmap,,False
2026-08-30T19:36:35.581+00:00,calibration,0,65,VECTOR_FIRST_HNSW,single_category,category_09,614,True,1,0.0999,"[0.05,0.10)",34.944291,0.4,False,exact_bitmap,,False
2026-08-30T19:36:35.596+00:00,calibration,0,65,HNSW_HYBRID,single_category,category_09,614,True,1,0.0999,"[0.05,0.10)",14.056416,1.0,False,exact_bitmap,,False
2026-08-30T19:36:35.613+00:00,calibration,0,65,IVFFLAT_HYBRID,single_category,category_09,614,True,1,0.0999,"[0.05,0.10)",15.70025,1.0,False,exact_bitmap,,False
2026-08-30T19:36:35.664+00:00,calibration,0,40,SQL_FIRST,category_narrow_price,category_05,416,True,0,0.00512,"[0.00,0.05)",5.266125,1.0,True,exact_bitmap,,False
2026-08-30T19:36:35.699+00:00,calibration,0,40,VECTOR_FIRST_HNSW,category_narrow_price,category_05,416,True,0,0.00512,"[0.00,0.05)",33.974833,0.0,False,exact_bitmap,,False
2026-08-30T19:36:35.703+00:00,calibration,0,40,HNSW_HYBRID,category_narrow_price,category_05,416,True,0,0.00512,"[0.00,0.05)",2.75475,1.0,False,exact_bitmap,,False
2026-08-30T19:36:35.706+00:00,calibration,0,40,IVFFLAT_HYBRID,category_narrow_price,category_05,416,True,0,0.00512,"[0.00,0.05)",2.466042,1.0,False,exact_bitmap,,False
2026-08-30T19:36:35.886+00:00,calibration,0,213,SQL_FIRST,wide_or,category_07,827,False,4,0.921025,"[0.50,1.00)",35.264,1.0,True,exact_seq,,False
2026-08-30T19:36:35.920+00:00,calibration,0,213,VECTOR_FIRST_HNSW,wide_or,category_07,827,False,4,0.921025,"[0.50,1.00)",32.074334,1.0,False,exact_bitmap,,False
2026-08-30T19:36:35.956+00:00,calibration,0,213,HNSW_HYBRID,wide_or,category_07,827,False,4,0.921025,"[0.50,1.00)",35.537042,1.0,False,exact_seq,,False
2026-08-30T19:36:35.994+00:00,calibration,0,213,IVFFLAT_HYBRID,wide_or,category_07,827,False,4,0.921025,"[0.50,1.00)",36.892375,1.0,False,exact_seq,,False
2026-08-30T19:36:36.095+00:00,calibration,0,90,SQL_FIRST,single_category,category_04,577,True,1,0.0967,"[0.05,0.10)",15.843042,1.0,True,exact_bitmap,,False
2026-08-30T19:36:36.130+00:00,calibration,0,90,VECTOR_FIRST_HNSW,single_category,category_04,577,True,1,0.0967,"[0.05,0.10)",33.550709,1.0,False,exact_bitmap,,False
2026-08-30T19:36:36.145+00:00,calibration,0,90,HNSW_HYBRID,single_category,category_04,577,True,1,0.0967,"[0.05,0.10)",13.896791,1.0,False,exact_bitmap,,False
2026-08-30T19:36:36.162+00:00,calibration,0,90,IVFFLAT_HYBRID,single_category,category_04,577,True,1,0.0967,"[0.05,0.10)",16.3455,1.0,False,exact_bitmap,,False
2026-08-30T19:36:36.263+00:00,calibration,0,120,SQL_FIRST,price_range_mid,category_07,808,True,2,0.10114,"[0.10,0.25)",16.459333,1.0,True,exact_bitmap,,False
2026-08-30T19:36:36.298+00:00,calibration,0,120,VECTOR_FIRST_HNSW,price_range_mid,category_07,808,True,2,0.10114,"[0.10,0.25)",33.508458,0.9,False,exact_bitmap,,False
2026-08-30T19:36:36.314+00:00,calibration,0,120,HNSW_HYBRID,price_range_mid,category_07,808,True,2,0.10114,"[0.10,0.25)",14.515208,1.0,False,exact_bitmap,,False
2026-08-30T19:36:36.332+00:00,calibration,0,120,IVFFLAT_HYBRID,price_range_mid,category_07,808,True,2,0.10114,"[0.10,0.25)",16.315333,1.0,False,exact_bitmap,,False
2026-08-30T19:36:36.473+00:00,calibration,0,102,SQL_FIRST,two_categories,category_09,918,True,2,0.2033,"[0.10,0.25)",27.230667,1.0,True,exact_bitmap,,False
2026-08-30T19:36:36.506+00:00,calibration,0,102,VECTOR_FIRST_HNSW,two_categories,category_09,918,True,2,0.2033,"[0.10,0.25)",30.928167,1.0,False,exact_bitmap,,False
2026-08-30T19:36:36.531+00:00,calibration,0,102,HNSW_HYBRID,two_categories,category_09,918,True,2,0.2033,"[0.10,0.25)",23.378375,1.0,False,exact_bitmap,,False
2026-08-30T19:36:36.557+00:00,calibration,0,102,IVFFLAT_HYBRID,two_categories,category_09,918,True,2,0.2033,"[0.10,0.25)",24.570459,1.0,False,exact_bitmap,,False
2026-08-30T19:36:36.687+00:00,calibration,0,176,SQL_FIRST,category_or_price,category_00,350,True,3,0.4127,"[0.25,0.50)",24.378625,1.0,True,exact_seq,,False
2026-08-30T19:36:36.720+00:00,calibration,0,176,VECTOR_FIRST_HNSW,category_or_price,category_00,350,True,3,0.4127,"[0.25,0.50)",32.101833,1.0,False,exact_bitmap,,False
2026-08-30T19:36:36.747+00:00,calibration,0,176,HNSW_HYBRID,category_or_price,category_00,350,True,3,0.4127,"[0.25,0.50)",25.554375,1.0,False,exact_seq,,False
2026-08-30T19:36:36.774+00:00,calibration,0,176,IVFFLAT_HYBRID,category_or_price,category_00,350,True,3,0.4127,"[0.25,0.50)",25.591667,1.0,False,exact_seq,,False
2026-08-30T19:36:36.863+00:00,calibration,0,23,SQL_FIRST,category_and_stock,category_08,78,True,0,0.049415,"[0.00,0.05)",13.401625,1.0,True,exact_bitmap,,False
2026-08-30T19:36:36.898+00:00,calibration,0,23,VECTOR_FIRST_HNSW,category_and_stock,category_08,78,True,0,0.049415,"[0.00,0.05)",33.42475,0.1,False,exact_bitmap,,False
2026-08-30T19:36:36.911+00:00,calibration,0,23,HNSW_HYBRID,category_and_stock,category_08,78,True,0,0.049415,"[0.00,0.05)",10.933541,1.0,False,exact_bitmap,,False
2026-08-30T19:36:36.926+00:00,calibration,0,23,IVFFLAT_HYBRID,category_and_stock,category_08,78,True,0,0.049415,"[0.00,0.05)",13.613375,1.0,False,exact_bitmap,,False
2026-08-30T19:36:37.016+00:00,calibration,0,34,SQL_FIRST,category_and_stock,category_05,575,False,0,0.049935,"[0.00,0.05)",13.265,1.0,True,exact_bitmap,,False
2026-08-30T19:36:37.047+00:00,calibration,0,34,VECTOR_FIRST_HNSW,category_and_stock,category_05,575,False,0,0.049935,"[0.00,0.05)",29.988042,0.5,False,exact_bitmap,,False
2026-08-30T19:36:37.060+00:00,calibration,0,34,HNSW_HYBRID,category_and_stock,category_05,575,False,0,0.049935,"[0.00,0.05)",10.540875,1.0,False,exact_bitmap,,False
2026-08-30T19:36:37.073+00:00,calibration,0,34,IVFFLAT_HYBRID,category_and_stock,category_05,575,False,0,0.049935,"[0.00,0.05)",12.118417,1.0,False,exact_bitmap,,False
2026-08-30T19:36:37.095+00:00,heldout,0,68,SQL_FIRST,single_category,category_08,938,False,1,0.098665,"[0.05,0.10)",14.717459,1.0,True,exact_bitmap,HNSW_HYBRID,False
2026-08-30T19:36:37.127+00:00,heldout,0,68,VECTOR_FIRST_HNSW,single_category,category_08,938,False,1,0.098665,"[0.05,0.10)",30.927709,0.9,False,exact_bitmap,HNSW_HYBRID,False
2026-08-30T19:36:37.141+00:00,heldout,0,68,HNSW_HYBRID,single_category,category_08,938,False,1,0.098665,"[0.05,0.10)",12.81875,1.0,False,exact_bitmap,HNSW_HYBRID,True
2026-08-30T19:36:37.157+00:00,heldout,0,68,IVFFLAT_HYBRID,single_category,category_08,938,False,1,0.098665,"[0.05,0.10)",14.56975,1.0,False,exact_bitmap,HNSW_HYBRID,False
2026-08-30T19:36:37.171+00:00,heldout,1,68,SQL_FIRST,single_category,category_08,938,False,1,0.098665,"[0.05,0.10)",13.962417,1.0,True,exact_bitmap,HNSW_HYBRID,False
2026-08-30T19:36:37.202+00:00,heldout,1,68,VECTOR_FIRST_HNSW,single_category,category_08,938,False,1,0.098665,"[0.05,0.10)",31.123541,0.9,False,exact_bitmap,HNSW_HYBRID,False
2026-08-30T19:36:37.216+00:00,heldout,1,68,HNSW_HYBRID,single_category,category_08,938,False,1,0.098665,"[0.05,0.10)",12.815584,1.0,False,exact_bitmap,HNSW_HYBRID,True
2026-08-30T19:36:37.230+00:00,heldout,1,68,IVFFLAT_HYBRID,single_category,category_08,938,False,1,0.098665,"[0.05,0.10)",14.141834,1.0,False,exact_bitmap,HNSW_HYBRID,False
2026-08-30T19:36:37.255+00:00,heldout,0,173,SQL_FIRST,category_or_price,category_03,189,False,3,0.268215,"[0.25,0.50)",22.465125,1.0,True,exact_seq,SQL_FIRST,True
2026-08-30T19:36:37.286+00:00,heldout,0,173,VECTOR_FIRST_HNSW,category_or_price,category_03,189,False,3,0.268215,"[0.25,0.50)",29.078625,1.0,False,exact_bitmap,SQL_FIRST,False
2026-08-30T19:36:37.309+00:00,heldout,0,173,HNSW_HYBRID,category_or_price,category_03,189,False,3,0.268215,"[0.25,0.50)",21.690584,1.0,False,exact_seq,SQL_FIRST,False
2026-08-30T19:36:37.333+00:00,heldout,0,173,IVFFLAT_HYBRID,category_or_price,category_03,189,False,3,0.268215,"[0.25,0.50)",21.786125,1.0,False,exact_seq,SQL_FIRST,False
2026-08-30T19:36:37.355+00:00,heldout,1,173,SQL_FIRST,category_or_price,category_03,189,False,3,0.268215,"[0.25,0.50)",21.495708,1.0,True,exact_seq,SQL_FIRST,True
2026-08-30T19:36:37.385+00:00,heldout,1,173,VECTOR_FIRST_HNSW,category_or_price,category_03,189,False,3,0.268215,"[0.25,0.50)",28.96575,1.0,False,exact_bitmap,SQL_FIRST,False
2026-08-30T19:36:37.408+00:00,heldout,1,173,HNSW_HYBRID,category_or_price,category_03,189,False,3,0.268215,"[0.25,0.50)",22.273583,1.0,False,exact_seq,SQL_FIRST,False
2026-08-30T19:36:37.432+00:00,heldout,1,173,IVFFLAT_HYBRID,category_or_price,category_03,189,False,3,0.268215,"[0.25,0.50)",23.449,1.0,False,exact_seq,SQL_FIRST,False
2026-08-30T19:36:37.437+00:00,heldout,0,19,SQL_FIRST,category_narrow_price,category_01,273,True,0,0.00502,"[0.00,0.05)",2.713916,1.0,True,exact_bitmap,IVFFLAT_HYBRID,False
2026-08-30T19:36:37.471+00:00,heldout,0,19,VECTOR_FIRST_HNSW,category_narrow_price,category_01,273,True,0,0.00502,"[0.00,0.05)",32.855167,0.2,False,exact_bitmap,IVFFLAT_HYBRID,False
2026-08-30T19:36:37.474+00:00,heldout,0,19,HNSW_HYBRID,category_narrow_price,category_01,273,True,0,0.00502,"[0.00,0.05)",2.600167,1.0,False,exact_bitmap,IVFFLAT_HYBRID,False
2026-08-30T19:36:37.479+00:00,heldout,0,19,IVFFLAT_HYBRID,category_narrow_price,category_01,273,True,0,0.00502,"[0.00,0.05)",3.442459,1.0,False,exact_bitmap,IVFFLAT_HYBRID,True
2026-08-30T19:36:37.482+00:00,heldout,1,19,SQL_FIRST,category_narrow_price,category_01,273,True,0,0.00502,"[0.00,0.05)",3.351666,1.0,True,exact_bitmap,IVFFLAT_HYBRID,False
2026-08-30T19:36:37.516+00:00,heldout,1,19,VECTOR_FIRST_HNSW,category_narrow_price,category_01,273,True,0,0.00502,"[0.00,0.05)",33.638834,0.2,False,exact_bitmap,IVFFLAT_HYBRID,False
2026-08-30T19:36:37.520+00:00,heldout,1,19,HNSW_HYBRID,category_narrow_price,category_01,273,True,0,0.00502,"[0.00,0.05)",2.959875,1.0,False,exact_bitmap,IVFFLAT_HYBRID,False
2026-08-30T19:36:37.523+00:00,heldout,1,19,IVFFLAT_HYBRID,category_narrow_price,category_01,273,True,0,0.00502,"[0.00,0.05)",2.943625,1.0,False,exact_bitmap,IVFFLAT_HYBRID,True
2026-08-30T19:36:37.529+00:00,heldout,0,11,SQL_FIRST,category_narrow_price,category_06,145,True,0,0.005145,"[0.00,0.05)",4.036666,1.0,True,exact_bitmap,IVFFLAT_HYBRID,False
2026-08-30T19:36:37.565+00:00,heldout,0,11,VECTOR_FIRST_HNSW,category_narrow_price,category_06,145,True,0,0.005145,"[0.00,0.05)",34.062875,0.1,False,exact_bitmap,IVFFLAT_HYBRID,False
2026-08-30T19:36:37.568+00:00,heldout,0,11,HNSW_HYBRID,category_narrow_price,category_06,145,True,0,0.005145,"[0.00,0.05)",2.674667,1.0,False,exact_bitmap,IVFFLAT_HYBRID,False
2026-08-30T19:36:37.573+00:00,heldout,0,11,IVFFLAT_HYBRID,category_narrow_price,category_06,145,True,0,0.005145,"[0.00,0.05)",3.556292,1.0,False,exact_bitmap,IVFFLAT_HYBRID,True
2026-08-30T19:36:37.577+00:00,heldout,1,11,SQL_FIRST,category_narrow_price,category_06,145,True,0,0.005145,"[0.00,0.05)",3.349333,1.0,True,exact_bitmap,IVFFLAT_HYBRID,False
2026-08-30T19:36:37.611+00:00,heldout,1,11,VECTOR_FIRST_HNSW,category_narrow_price,category_06,145,True,0,0.005145,"[0.00,0.05)",33.885625,0.1,False,exact_bitmap,IVFFLAT_HYBRID,False
2026-08-30T19:36:37.615+00:00,heldout,1,11,HNSW_HYBRID,category_narrow_price,category_06,145,True,0,0.005145,"[0.00,0.05)",2.7475,1.0,False,exact_bitmap,IVFFLAT_HYBRID,False
2026-08-30T19:36:37.618+00:00,heldout,1,11,IVFFLAT_HYBRID,category_narrow_price,category_06,145,True,0,0.005145,"[0.00,0.05)",2.943208,1.0,False,exact_bitmap,IVFFLAT_HYBRID,True
2026-08-30T19:36:37.645+00:00,heldout,0,195,SQL_FIRST,three_categories,category_01,806,True,3,0.272085,"[0.25,0.50)",24.018875,1.0,True,exact_bitmap,SQL_FIRST,True
2026-08-30T19:36:37.678+00:00,heldout,0,195,VECTOR_FIRST_HNSW,three_categories,category_01,806,True,3,0.272085,"[0.25,0.50)",31.557667,1.0,False,exact_bitmap,SQL_FIRST,False
2026-08-30T19:36:37.701+00:00,heldout,0,195,HNSW_HYBRID,three_categories,category_01,806,True,3,0.272085,"[0.25,0.50)",22.441583,1.0,False,exact_bitmap,SQL_FIRST,False
2026-08-30T19:36:37.725+00:00,heldout,0,195,IVFFLAT_HYBRID,three_categories,category_01,806,True,3,0.272085,"[0.25,0.50)",22.020375,1.0,False,exact_bitmap,SQL_FIRST,False
2026-08-30T19:36:37.746+00:00,heldout,1,195,SQL_FIRST,three_categories,category_01,806,True,3,0.272085,"[0.25,0.50)",20.557667,1.0,True,exact_bitmap,SQL_FIRST,True
2026-08-30T19:36:37.774+00:00,heldout,1,195,VECTOR_FIRST_HNSW,three_categories,category_01,806,True,3,0.272085,"[0.25,0.50)",27.411792,1.0,False,exact_bitmap,SQL_FIRST,False
2026-08-30T19:36:37.796+00:00,heldout,1,195,HNSW_HYBRID,three_categories,category_01,806,True,3,0.272085,"[0.25,0.50)",21.63475,1.0,False,exact_bitmap,SQL_FIRST,False
2026-08-30T19:36:37.818+00:00,heldout,1,195,IVFFLAT_HYBRID,three_categories,category_01,806,True,3,0.272085,"[0.25,0.50)",21.152083,1.0,False,exact_bitmap,SQL_FIRST,False
2026-08-30T19:36:37.835+00:00,heldout,0,82,SQL_FIRST,single_category,category_01,405,True,1,0.098665,"[0.05,0.10)",14.081417,1.0,True,exact_bitmap,HNSW_HYBRID,False
2026-08-30T19:36:37.870+00:00,heldout,0,82,VECTOR_FIRST_HNSW,single_category,category_01,405,True,1,0.098665,"[0.05,0.10)",33.516833,1.0,False,exact_bitmap,HNSW_HYBRID,False
2026-08-30T19:36:37.886+00:00,heldout,0,82,HNSW_HYBRID,single_category,category_01,405,True,1,0.098665,"[0.05,0.10)",13.907625,1.0,False,exact_bitmap,HNSW_HYBRID,True
2026-08-30T19:36:37.903+00:00,heldout,0,82,IVFFLAT_HYBRID,single_category,category_01,405,True,1,0.098665,"[0.05,0.10)",15.689583,1.0,False,exact_bitmap,HNSW_HYBRID,False
2026-08-30T19:36:37.919+00:00,heldout,1,82,SQL_FIRST,single_category,category_01,405,True,1,0.098665,"[0.05,0.10)",15.648709,1.0,True,exact_bitmap,HNSW_HYBRID,False
2026-08-30T19:36:37.954+00:00,heldout,1,82,VECTOR_FIRST_HNSW,single_category,category_01,405,True,1,0.098665,"[0.05,0.10)",33.442833,1.0,False,exact_bitmap,HNSW_HYBRID,False
2026-08-30T19:36:37.968+00:00,heldout,1,82,HNSW_HYBRID,single_category,category_01,405,True,1,0.098665,"[0.05,0.10)",14.211125,1.0,False,exact_bitmap,HNSW_HYBRID,True
2026-08-30T19:36:37.985+00:00,heldout,1,82,IVFFLAT_HYBRID,single_category,category_01,405,True,1,0.098665,"[0.05,0.10)",16.265333,1.0,False,exact_bitmap,HNSW_HYBRID,False
2026-08-30T19:36:38.014+00:00,heldout,0,135,SQL_FIRST,two_categories,category_09,248,True,2,0.2033,"[0.10,0.25)",27.779667,1.0,True,exact_bitmap,HNSW_HYBRID,False
2026-08-30T19:36:38.049+00:00,heldout,0,135,VECTOR_FIRST_HNSW,two_categories,category_09,248,True,2,0.2033,"[0.10,0.25)",33.809708,1.0,False,exact_bitmap,HNSW_HYBRID,False
2026-08-30T19:36:38.075+00:00,heldout,0,135,HNSW_HYBRID,two_categories,category_09,248,True,2,0.2033,"[0.10,0.25)",24.672959,1.0,False,exact_bitmap,HNSW_HYBRID,True
2026-08-30T19:36:38.103+00:00,heldout,0,135,IVFFLAT_HYBRID,two_categories,category_09,248,True,2,0.2033,"[0.10,0.25)",27.18775,1.0,False,exact_bitmap,HNSW_HYBRID,False
2026-08-30T19:36:38.130+00:00,heldout,1,135,SQL_FIRST,two_categories,category_09,248,True,2,0.2033,"[0.10,0.25)",26.711958,1.0,True,exact_bitmap,HNSW_HYBRID,False
2026-08-30T19:36:38.162+00:00,heldout,1,135,VECTOR_FIRST_HNSW,two_categories,category_09,248,True,2,0.2033,"[0.10,0.25)",31.210958,1.0,False,exact_bitmap,HNSW_HYBRID,False
2026-08-30T19:36:38.185+00:00,heldout,1,135,HNSW_HYBRID,two_categories,category_09,248,True,2,0.2033,"[0.10,0.25)",22.681208,1.0,False,exact_bitmap,HNSW_HYBRID,True
2026-08-30T19:36:38.210+00:00,heldout,1,135,IVFFLAT_HYBRID,two_categories,category_09,248,True,2,0.2033,"[0.10,0.25)",24.008291,1.0,False,exact_bitmap,HNSW_HYBRID,False
2026-08-30T19:36:38.227+00:00,heldout,0,84,SQL_FIRST,single_category,category_01,331,False,1,0.098665,"[0.05,0.10)",14.233958,1.0,True,exact_bitmap,HNSW_HYBRID,False
2026-08-30T19:36:38.259+00:00,heldout,0,84,VECTOR_FIRST_HNSW,single_category,category_01,331,False,1,0.098665,"[0.05,0.10)",30.029292,0.9,False,exact_bitmap,HNSW_HYBRID,False
2026-08-30T19:36:38.273+00:00,heldout,0,84,HNSW_HYBRID,single_category,category_01,331,False,1,0.098665,"[0.05,0.10)",12.816584,1.0,False,exact_bitmap,HNSW_HYBRID,True
2026-08-30T19:36:38.290+00:00,heldout,0,84,IVFFLAT_HYBRID,single_category,category_01,331,False,1,0.098665,"[0.05,0.10)",14.325458,1.0,False,exact_bitmap,HNSW_HYBRID,False
2026-08-30T19:36:38.304+00:00,heldout,1,84,SQL_FIRST,single_category,category_01,331,False,1,0.098665,"[0.05,0.10)",14.281208,1.0,True,exact_bitmap,HNSW_HYBRID,False
2026-08-30T19:36:38.335+00:00,heldout,1,84,VECTOR_FIRST_HNSW,single_category,category_01,331,False,1,0.098665,"[0.05,0.10)",30.051708,0.9,False,exact_bitmap,HNSW_HYBRID,False
2026-08-30T19:36:38.349+00:00,heldout,1,84,HNSW_HYBRID,single_category,category_01,331,False,1,0.098665,"[0.05,0.10)",12.907333,1.0,False,exact_bitmap,HNSW_HYBRID,True
2026-08-30T19:36:38.364+00:00,heldout,1,84,IVFFLAT_HYBRID,single_category,category_01,331,False,1,0.098665,"[0.05,0.10)",14.192917,1.0,False,exact_bitmap,HNSW_HYBRID,False
2026-08-30T19:36:38.387+00:00,heldout,0,180,SQL_FIRST,three_categories,category_08,740,False,3,0.272595,"[0.25,0.50)",20.681208,1.0,True,exact_bitmap,SQL_FIRST,True
2026-08-30T19:36:38.418+00:00,heldout,0,180,VECTOR_FIRST_HNSW,three_categories,category_08,740,False,3,0.272595,"[0.25,0.50)",28.778417,1.0,False,exact_bitmap,SQL_FIRST,False
2026-08-30T19:36:38.439+00:00,heldout,0,180,HNSW_HYBRID,three_categories,category_08,740,False,3,0.272595,"[0.25,0.50)",20.147958,1.0,False,exact_bitmap,SQL_FIRST,False
2026-08-30T19:36:38.461+00:00,heldout,0,180,IVFFLAT_HYBRID,three_categories,category_08,740,False,3,0.272595,"[0.25,0.50)",19.976917,1.0,False,exact_bitmap,SQL_FIRST,False
2026-08-30T19:36:38.481+00:00,heldout,1,180,SQL_FIRST,three_categories,category_08,740,False,3,0.272595,"[0.25,0.50)",19.943834,1.0,True,exact_bitmap,SQL_FIRST,True
2026-08-30T19:36:38.512+00:00,heldout,1,180,VECTOR_FIRST_HNSW,three_categories,category_08,740,False,3,0.272595,"[0.25,0.50)",30.045375,1.0,False,exact_bitmap,SQL_FIRST,False
2026-08-30T19:36:38.532+00:00,heldout,1,180,HNSW_HYBRID,three_categories,category_08,740,False,3,0.272595,"[0.25,0.50)",19.965292,1.0,False,exact_bitmap,SQL_FIRST,False
2026-08-30T19:36:38.554+00:00,heldout,1,180,IVFFLAT_HYBRID,three_categories,category_08,740,False,3,0.272595,"[0.25,0.50)",21.956875,1.0,False,exact_bitmap,SQL_FIRST,False
2026-08-30T19:36:38.578+00:00,heldout,0,107,SQL_FIRST,two_categories,category_02,13,True,2,0.202665,"[0.10,0.25)",22.755833,1.0,True,exact_bitmap,HNSW_HYBRID,False
2026-08-30T19:36:38.610+00:00,heldout,0,107,VECTOR_FIRST_HNSW,two_categories,category_02,13,True,2,0.202665,"[0.10,0.25)",30.272,1.0,False,exact_bitmap,HNSW_HYBRID,False
2026-08-30T19:36:38.634+00:00,heldout,0,107,HNSW_HYBRID,two_categories,category_02,13,True,2,0.202665,"[0.10,0.25)",22.399417,1.0,False,exact_bitmap,HNSW_HYBRID,True
2026-08-30T19:36:38.659+00:00,heldout,0,107,IVFFLAT_HYBRID,two_categories,category_02,13,True,2,0.202665,"[0.10,0.25)",24.21275,1.0,False,exact_bitmap,HNSW_HYBRID,False
2026-08-30T19:36:38.683+00:00,heldout,1,107,SQL_FIRST,two_categories,category_02,13,True,2,0.202665,"[0.10,0.25)",23.849541,1.0,True,exact_bitmap,HNSW_HYBRID,False
2026-08-30T19:36:38.714+00:00,heldout,1,107,VECTOR_FIRST_HNSW,two_categories,category_02,13,True,2,0.202665,"[0.10,0.25)",30.211791,1.0,False,exact_bitmap,HNSW_HYBRID,False
2026-08-30T19:36:38.738+00:00,heldout,1,107,HNSW_HYBRID,two_categories,category_02,13,True,2,0.202665,"[0.10,0.25)",22.731791,1.0,False,exact_bitmap,HNSW_HYBRID,True
2026-08-30T19:36:38.762+00:00,heldout,1,107,IVFFLAT_HYBRID,two_categories,category_02,13,True,2,0.202665,"[0.10,0.25)",23.958333,1.0,False,exact_bitmap,HNSW_HYBRID,False
2026-08-30T19:36:38.794+00:00,heldout,0,217,SQL_FIRST,wide_or,category_00,324,True,4,0.695705,"[0.50,1.00)",29.683459,1.0,True,exact_seq,SQL_FIRST,True
2026-08-30T19:36:38.825+00:00,heldout,0,217,VECTOR_FIRST_HNSW,wide_or,category_00,324,True,4,0.695705,"[0.50,1.00)",28.838792,1.0,False,exact_bitmap,SQL_FIRST,False
2026-08-30T19:36:38.858+00:00,heldout,0,217,HNSW_HYBRID,wide_or,category_00,324,True,4,0.695705,"[0.50,1.00)",29.408958,1.0,False,exact_seq,SQL_FIRST,False
2026-08-30T19:36:38.888+00:00,heldout,0,217,IVFFLAT_HYBRID,wide_or,category_00,324,True,4,0.695705,"[0.50,1.00)",28.426792,1.0,False,exact_seq,SQL_FIRST,False
2026-08-30T19:36:38.917+00:00,heldout,1,217,SQL_FIRST,wide_or,category_00,324,True,4,0.695705,"[0.50,1.00)",28.878792,1.0,True,exact_seq,SQL_FIRST,True
2026-08-30T19:36:38.948+00:00,heldout,1,217,VECTOR_FIRST_HNSW,wide_or,category_00,324,True,4,0.695705,"[0.50,1.00)",30.100667,1.0,False,exact_bitmap,SQL_FIRST,False
2026-08-30T19:36:38.984+00:00,heldout,1,217,HNSW_HYBRID,wide_or,category_00,324,True,4,0.695705,"[0.50,1.00)",34.839542,1.0,False,exact_seq,SQL_FIRST,False
2026-08-30T19:36:39.018+00:00,heldout,1,217,IVFFLAT_HYBRID,wide_or,category_00,324,True,4,0.695705,"[0.50,1.00)",33.578416,1.0,False,exact_seq,SQL_FIRST,False
2026-08-30T19:36:39.043+00:00,heldout,0,205,SQL_FIRST,stock_alone,category_00,752,True,4,0.500835,"[0.50,1.00)",23.345791,1.0,True,exact_seq,SQL_FIRST,True
2026-08-30T19:36:39.075+00:00,heldout,0,205,VECTOR_FIRST_HNSW,stock_alone,category_00,752,True,4,0.500835,"[0.50,1.00)",31.382083,1.0,False,exact_bitmap,SQL_FIRST,False
2026-08-30T19:36:39.101+00:00,heldout,0,205,HNSW_HYBRID,stock_alone,category_00,752,True,4,0.500835,"[0.50,1.00)",24.807125,1.0,False,exact_seq,SQL_FIRST,False
2026-08-30T19:36:39.129+00:00,heldout,0,205,IVFFLAT_HYBRID,stock_alone,category_00,752,True,4,0.500835,"[0.50,1.00)",25.01025,1.0,False,exact_seq,SQL_FIRST,False
2026-08-30T19:36:39.154+00:00,heldout,1,205,SQL_FIRST,stock_alone,category_00,752,True,4,0.500835,"[0.50,1.00)",25.516834,1.0,True,exact_seq,SQL_FIRST,True
2026-08-30T19:36:39.188+00:00,heldout,1,205,VECTOR_FIRST_HNSW,stock_alone,category_00,752,True,4,0.500835,"[0.50,1.00)",32.985792,1.0,False,exact_bitmap,SQL_FIRST,False
2026-08-30T19:36:39.213+00:00,heldout,1,205,HNSW_HYBRID,stock_alone,category_00,752,True,4,0.500835,"[0.50,1.00)",25.045917,1.0,False,exact_seq,SQL_FIRST,False
2026-08-30T19:36:39.239+00:00,heldout,1,205,IVFFLAT_HYBRID,stock_alone,category_00,752,True,4,0.500835,"[0.50,1.00)",24.773958,1.0,False,exact_seq,SQL_FIRST,False
2026-08-30T19:36:39.256+00:00,heldout,0,150,SQL_FIRST,price_range_mid,category_07,210,False,2,0.10253,"[0.10,0.25)",14.535084,1.0,True,exact_bitmap,HNSW_HYBRID,False
2026-08-30T19:36:39.292+00:00,heldout,0,150,VECTOR_FIRST_HNSW,price_range_mid,category_07,210,False,2,0.10253,"[0.10,0.25)",33.454709,1.0,False,exact_bitmap,HNSW_HYBRID,False
2026-08-30T19:36:39.308+00:00,heldout,0,150,HNSW_HYBRID,price_range_mid,category_07,210,False,2,0.10253,"[0.10,0.25)",14.336583,1.0,False,exact_bitmap,HNSW_HYBRID,True
2026-08-30T19:36:39.327+00:00,heldout,0,150,IVFFLAT_HYBRID,price_range_mid,category_07,210,False,2,0.10253,"[0.10,0.25)",16.206583,1.0,False,exact_bitmap,HNSW_HYBRID,False
2026-08-30T19:36:39.344+00:00,heldout,1,150,SQL_FIRST,price_range_mid,category_07,210,False,2,0.10253,"[0.10,0.25)",16.430583,1.0,True,exact_bitmap,HNSW_HYBRID,False
2026-08-30T19:36:39.378+00:00,heldout,1,150,VECTOR_FIRST_HNSW,price_range_mid,category_07,210,False,2,0.10253,"[0.10,0.25)",33.605458,1.0,False,exact_bitmap,HNSW_HYBRID,False
2026-08-30T19:36:39.393+00:00,heldout,1,150,HNSW_HYBRID,price_range_mid,category_07,210,False,2,0.10253,"[0.10,0.25)",14.392625,1.0,False,exact_bitmap,HNSW_HYBRID,True
2026-08-30T19:36:39.411+00:00,heldout,1,150,IVFFLAT_HYBRID,price_range_mid,category_07,210,False,2,0.10253,"[0.10,0.25)",16.491959,1.0,False,exact_bitmap,HNSW_HYBRID,False
2026-08-30T19:36:39.440+00:00,heldout,0,183,SQL_FIRST,category_or_price,category_00,274,True,3,0.344765,"[0.25,0.50)",26.004875,1.0,True,exact_seq,SQL_FIRST,True
2026-08-30T19:36:39.474+00:00,heldout,0,183,VECTOR_FIRST_HNSW,category_or_price,category_00,274,True,3,0.344765,"[0.25,0.50)",31.550917,1.0,False,exact_bitmap,SQL_FIRST,False
2026-08-30T19:36:39.500+00:00,heldout,0,183,HNSW_HYBRID,category_or_price,category_00,274,True,3,0.344765,"[0.25,0.50)",24.523291,1.0,False,exact_seq,SQL_FIRST,False
2026-08-30T19:36:39.527+00:00,heldout,0,183,IVFFLAT_HYBRID,category_or_price,category_00,274,True,3,0.344765,"[0.25,0.50)",24.33425,1.0,False,exact_seq,SQL_FIRST,False
2026-08-30T19:36:39.552+00:00,heldout,1,183,SQL_FIRST,category_or_price,category_00,274,True,3,0.344765,"[0.25,0.50)",24.995167,1.0,True,exact_seq,SQL_FIRST,True
2026-08-30T19:36:39.585+00:00,heldout,1,183,VECTOR_FIRST_HNSW,category_or_price,category_00,274,True,3,0.344765,"[0.25,0.50)",32.095375,1.0,False,exact_bitmap,SQL_FIRST,False
2026-08-30T19:36:39.610+00:00,heldout,1,183,HNSW_HYBRID,category_or_price,category_00,274,True,3,0.344765,"[0.25,0.50)",24.414833,1.0,False,exact_seq,SQL_FIRST,False
2026-08-30T19:36:39.635+00:00,heldout,1,183,IVFFLAT_HYBRID,category_or_price,category_00,274,True,3,0.344765,"[0.25,0.50)",24.295958,1.0,False,exact_seq,SQL_FIRST,False
2026-08-30T19:36:39.662+00:00,heldout,0,187,SQL_FIRST,category_or_price,category_02,238,True,3,0.308735,"[0.25,0.50)",24.197791,1.0,True,exact_seq,SQL_FIRST,True
2026-08-30T19:36:39.696+00:00,heldout,0,187,VECTOR_FIRST_HNSW,category_or_price,category_02,238,True,3,0.308735,"[0.25,0.50)",33.321833,1.0,False,exact_bitmap,SQL_FIRST,False
2026-08-30T19:36:39.723+00:00,heldout,0,187,HNSW_HYBRID,category_or_price,category_02,238,True,3,0.308735,"[0.25,0.50)",24.953541,1.0,False,exact_seq,SQL_FIRST,False
2026-08-30T19:36:39.749+00:00,heldout,0,187,IVFFLAT_HYBRID,category_or_price,category_02,238,True,3,0.308735,"[0.25,0.50)",24.324792,1.0,False,exact_seq,SQL_FIRST,False
2026-08-30T19:36:39.773+00:00,heldout,1,187,SQL_FIRST,category_or_price,category_02,238,True,3,0.308735,"[0.25,0.50)",23.819542,1.0,True,exact_seq,SQL_FIRST,True
2026-08-30T19:36:39.805+00:00,heldout,1,187,VECTOR_FIRST_HNSW,category_or_price,category_02,238,True,3,0.308735,"[0.25,0.50)",31.7075,1.0,False,exact_bitmap,SQL_FIRST,False
2026-08-30T19:36:39.830+00:00,heldout,1,187,HNSW_HYBRID,category_or_price,category_02,238,True,3,0.308735,"[0.25,0.50)",23.944542,1.0,False,exact_seq,SQL_FIRST,False
2026-08-30T19:36:39.856+00:00,heldout,1,187,IVFFLAT_HYBRID,category_or_price,category_02,238,True,3,0.308735,"[0.25,0.50)",25.422166,1.0,False,exact_seq,SQL_FIRST,False
2026-08-30T19:36:39.874+00:00,heldout,0,61,SQL_FIRST,single_category,category_08,698,True,1,0.098665,"[0.05,0.10)",14.319083,1.0,True,exact_bitmap,HNSW_HYBRID,False
2026-08-30T19:36:39.909+00:00,heldout,0,61,VECTOR_FIRST_HNSW,single_category,category_08,698,True,1,0.098665,"[0.05,0.10)",33.478834,0.8,False,exact_bitmap,HNSW_HYBRID,False
2026-08-30T19:36:39.925+00:00,heldout,0,61,HNSW_HYBRID,single_category,category_08,698,True,1,0.098665,"[0.05,0.10)",14.170792,1.0,False,exact_bitmap,HNSW_HYBRID,True
2026-08-30T19:36:39.943+00:00,heldout,0,61,IVFFLAT_HYBRID,single_category,category_08,698,True,1,0.098665,"[0.05,0.10)",15.984167,1.0,False,exact_bitmap,HNSW_HYBRID,False
2026-08-30T19:36:39.959+00:00,heldout,1,61,SQL_FIRST,single_category,category_08,698,True,1,0.098665,"[0.05,0.10)",15.871958,1.0,True,exact_bitmap,HNSW_HYBRID,False
2026-08-30T19:36:39.993+00:00,heldout,1,61,VECTOR_FIRST_HNSW,single_category,category_08,698,True,1,0.098665,"[0.05,0.10)",33.558083,0.8,False,exact_bitmap,HNSW_HYBRID,False
2026-08-30T19:36:40.009+00:00,heldout,1,61,HNSW_HYBRID,single_category,category_08,698,True,1,0.098665,"[0.05,0.10)",15.24,1.0,False,exact_bitmap,HNSW_HYBRID,True
2026-08-30T19:36:40.025+00:00,heldout,1,61,IVFFLAT_HYBRID,single_category,category_08,698,True,1,0.098665,"[0.05,0.10)",16.10775,1.0,False,exact_bitmap,HNSW_HYBRID,False
2026-08-30T19:36:40.031+00:00,heldout,0,4,SQL_FIRST,category_narrow_price,category_01,435,True,0,0.00487,"[0.00,0.05)",3.982042,1.0,True,exact_bitmap,IVFFLAT_HYBRID,False
2026-08-30T19:36:40.065+00:00,heldout,0,4,VECTOR_FIRST_HNSW,category_narrow_price,category_01,435,True,0,0.00487,"[0.00,0.05)",33.424375,0.0,False,exact_bitmap,IVFFLAT_HYBRID,False
2026-08-30T19:36:40.069+00:00,heldout,0,4,HNSW_HYBRID,category_narrow_price,category_01,435,True,0,0.00487,"[0.00,0.05)",3.031166,1.0,False,exact_bitmap,IVFFLAT_HYBRID,False
2026-08-30T19:36:40.073+00:00,heldout,0,4,IVFFLAT_HYBRID,category_narrow_price,category_01,435,True,0,0.00487,"[0.00,0.05)",2.890125,1.0,False,exact_bitmap,IVFFLAT_HYBRID,True
2026-08-30T19:36:40.077+00:00,heldout,1,4,SQL_FIRST,category_narrow_price,category_01,435,True,0,0.00487,"[0.00,0.05)",3.420792,1.0,True,exact_bitmap,IVFFLAT_HYBRID,False
2026-08-30T19:36:40.111+00:00,heldout,1,4,VECTOR_FIRST_HNSW,category_narrow_price,category_01,435,True,0,0.00487,"[0.00,0.05)",33.316875,0.0,False,exact_bitmap,IVFFLAT_HYBRID,False
2026-08-30T19:36:40.115+00:00,heldout,1,4,HNSW_HYBRID,category_narrow_price,category_01,435,True,0,0.00487,"[0.00,0.05)",3.679,1.0,False,exact_bitmap,IVFFLAT_HYBRID,False
2026-08-30T19:36:40.118+00:00,heldout,1,4,IVFFLAT_HYBRID,category_narrow_price,category_01,435,True,0,0.00487,"[0.00,0.05)",2.293,1.0,False,exact_bitmap,IVFFLAT_HYBRID,True
2026-08-30T19:36:40.156+00:00,heldout,0,225,SQL_FIRST,wide_or,category_07,520,True,4,0.7826,"[0.50,1.00)",34.8145,1.0,True,exact_seq,SQL_FIRST,True
2026-08-30T19:36:40.189+00:00,heldout,0,225,VECTOR_FIRST_HNSW,wide_or,category_07,520,True,4,0.7826,"[0.50,1.00)",31.975833,1.0,False,exact_bitmap,SQL_FIRST,False
2026-08-30T19:36:40.224+00:00,heldout,0,225,HNSW_HYBRID,wide_or,category_07,520,True,4,0.7826,"[0.50,1.00)",33.298166,1.0,False,exact_seq,SQL_FIRST,False
2026-08-30T19:36:40.261+00:00,heldout,0,225,IVFFLAT_HYBRID,wide_or,category_07,520,True,4,0.7826,"[0.50,1.00)",35.906708,1.0,False,exact_seq,SQL_FIRST,False
2026-08-30T19:36:40.296+00:00,heldout,1,225,SQL_FIRST,wide_or,category_07,520,True,4,0.7826,"[0.50,1.00)",33.893708,1.0,True,exact_seq,SQL_FIRST,True
2026-08-30T19:36:40.328+00:00,heldout,1,225,VECTOR_FIRST_HNSW,wide_or,category_07,520,True,4,0.7826,"[0.50,1.00)",31.95975,1.0,False,exact_bitmap,SQL_FIRST,False
2026-08-30T19:36:40.364+00:00,heldout,1,225,HNSW_HYBRID,wide_or,category_07,520,True,4,0.7826,"[0.50,1.00)",34.85875,1.0,False,exact_seq,SQL_FIRST,False
2026-08-30T19:36:40.397+00:00,heldout,1,225,IVFFLAT_HYBRID,wide_or,category_07,520,True,4,0.7826,"[0.50,1.00)",32.867542,1.0,False,exact_seq,SQL_FIRST,False
2026-08-30T19:36:40.424+00:00,heldout,0,241,SQL_FIRST,stock_alone,category_02,912,True,4,0.500835,"[0.50,1.00)",24.830291,1.0,True,exact_seq,SQL_FIRST,True
2026-08-30T19:36:40.456+00:00,heldout,0,241,VECTOR_FIRST_HNSW,stock_alone,category_02,912,True,4,0.500835,"[0.50,1.00)",30.594042,1.0,False,exact_bitmap,SQL_FIRST,False
2026-08-30T19:36:40.482+00:00,heldout,0,241,HNSW_HYBRID,stock_alone,category_02,912,True,4,0.500835,"[0.50,1.00)",24.687125,1.0,False,exact_seq,SQL_FIRST,False
2026-08-30T19:36:40.507+00:00,heldout,0,241,IVFFLAT_HYBRID,stock_alone,category_02,912,True,4,0.500835,"[0.50,1.00)",24.743042,1.0,False,exact_seq,SQL_FIRST,False
2026-08-30T19:36:40.532+00:00,heldout,1,241,SQL_FIRST,stock_alone,category_02,912,True,4,0.500835,"[0.50,1.00)",24.599916,1.0,True,exact_seq,SQL_FIRST,True
2026-08-30T19:36:40.565+00:00,heldout,1,241,VECTOR_FIRST_HNSW,stock_alone,category_02,912,True,4,0.500835,"[0.50,1.00)",31.610792,1.0,False,exact_bitmap,SQL_FIRST,False
2026-08-30T19:36:40.591+00:00,heldout,1,241,HNSW_HYBRID,stock_alone,category_02,912,True,4,0.500835,"[0.50,1.00)",25.430334,1.0,False,exact_seq,SQL_FIRST,False
2026-08-30T19:36:40.619+00:00,heldout,1,241,IVFFLAT_HYBRID,stock_alone,category_02,912,True,4,0.500835,"[0.50,1.00)",27.679541,1.0,False,exact_seq,SQL_FIRST,False
2026-08-30T19:36:40.635+00:00,heldout,0,130,SQL_FIRST,price_range_mid,category_02,140,False,2,0.104585,"[0.10,0.25)",15.180208,1.0,True,exact_bitmap,HNSW_HYBRID,False
2026-08-30T19:36:40.672+00:00,heldout,0,130,VECTOR_FIRST_HNSW,price_range_mid,category_02,140,False,2,0.104585,"[0.10,0.25)",35.823542,1.0,False,exact_bitmap,HNSW_HYBRID,False
2026-08-30T19:36:40.689+00:00,heldout,0,130,HNSW_HYBRID,price_range_mid,category_02,140,False,2,0.104585,"[0.10,0.25)",15.394125,1.0,False,exact_bitmap,HNSW_HYBRID,True
2026-08-30T19:36:40.707+00:00,heldout,0,130,IVFFLAT_HYBRID,price_range_mid,category_02,140,False,2,0.104585,"[0.10,0.25)",16.82775,1.0,False,exact_bitmap,HNSW_HYBRID,False
2026-08-30T19:36:40.724+00:00,heldout,1,130,SQL_FIRST,price_range_mid,category_02,140,False,2,0.104585,"[0.10,0.25)",16.502542,1.0,True,exact_bitmap,HNSW_HYBRID,False
2026-08-30T19:36:40.755+00:00,heldout,1,130,VECTOR_FIRST_HNSW,price_range_mid,category_02,140,False,2,0.104585,"[0.10,0.25)",29.915166,1.0,False,exact_bitmap,HNSW_HYBRID,False
2026-08-30T19:36:40.771+00:00,heldout,1,130,HNSW_HYBRID,price_range_mid,category_02,140,False,2,0.104585,"[0.10,0.25)",15.969792,1.0,False,exact_bitmap,HNSW_HYBRID,True
2026-08-30T19:36:40.787+00:00,heldout,1,130,IVFFLAT_HYBRID,price_range_mid,category_02,140,False,2,0.104585,"[0.10,0.25)",15.336,1.0,False,exact_bitmap,HNSW_HYBRID,False
2026-08-30T19:36:40.826+00:00,heldout,0,212,SQL_FIRST,wide_or,category_00,550,False,4,0.79608,"[0.50,1.00)",35.423459,1.0,True,exact_seq,SQL_FIRST,True
2026-08-30T19:36:40.862+00:00,heldout,0,212,VECTOR_FIRST_HNSW,wide_or,category_00,550,False,4,0.79608,"[0.50,1.00)",33.058375,1.0,False,exact_bitmap,SQL_FIRST,False
2026-08-30T19:36:40.898+00:00,heldout,0,212,HNSW_HYBRID,wide_or,category_00,550,False,4,0.79608,"[0.50,1.00)",34.083291,1.0,False,exact_seq,SQL_FIRST,False
2026-08-30T19:36:40.934+00:00,heldout,0,212,IVFFLAT_HYBRID,wide_or,category_00,550,False,4,0.79608,"[0.50,1.00)",34.276542,1.0,False,exact_seq,SQL_FIRST,False
2026-08-30T19:36:40.968+00:00,heldout,1,212,SQL_FIRST,wide_or,category_00,550,False,4,0.79608,"[0.50,1.00)",33.67575,1.0,True,exact_seq,SQL_FIRST,True
2026-08-30T19:36:41.001+00:00,heldout,1,212,VECTOR_FIRST_HNSW,wide_or,category_00,550,False,4,0.79608,"[0.50,1.00)",32.80675,1.0,False,exact_bitmap,SQL_FIRST,False
2026-08-30T19:36:41.036+00:00,heldout,1,212,HNSW_HYBRID,wide_or,category_00,550,False,4,0.79608,"[0.50,1.00)",34.286625,1.0,False,exact_seq,SQL_FIRST,False
2026-08-30T19:36:41.069+00:00,heldout,1,212,IVFFLAT_HYBRID,wide_or,category_00,550,False,4,0.79608,"[0.50,1.00)",33.397292,1.0,False,exact_seq,SQL_FIRST,False
2026-08-30T19:36:41.086+00:00,heldout,0,100,SQL_FIRST,single_category,category_06,339,True,1,0.099535,"[0.05,0.10)",14.19125,1.0,True,exact_bitmap,HNSW_HYBRID,False
2026-08-30T19:36:41.121+00:00,heldout,0,100,VECTOR_FIRST_HNSW,single_category,category_06,339,True,1,0.099535,"[0.05,0.10)",33.391584,1.0,False,exact_bitmap,HNSW_HYBRID,False
2026-08-30T19:36:41.136+00:00,heldout,0,100,HNSW_HYBRID,single_category,category_06,339,True,1,0.099535,"[0.05,0.10)",13.943209,1.0,False,exact_bitmap,HNSW_HYBRID,True
2026-08-30T19:36:41.153+00:00,heldout,0,100,IVFFLAT_HYBRID,single_category,category_06,339,True,1,0.099535,"[0.05,0.10)",15.892,1.0,False,exact_bitmap,HNSW_HYBRID,False
2026-08-30T19:36:41.170+00:00,heldout,1,100,SQL_FIRST,single_category,category_06,339,True,1,0.099535,"[0.05,0.10)",16.424791,1.0,True,exact_bitmap,HNSW_HYBRID,False
2026-08-30T19:36:41.204+00:00,heldout,1,100,VECTOR_FIRST_HNSW,single_category,category_06,339,True,1,0.099535,"[0.05,0.10)",33.685083,1.0,False,exact_bitmap,HNSW_HYBRID,False
2026-08-30T19:36:41.218+00:00,heldout,1,100,HNSW_HYBRID,single_category,category_06,339,True,1,0.099535,"[0.05,0.10)",13.795125,1.0,False,exact_bitmap,HNSW_HYBRID,True
2026-08-30T19:36:41.234+00:00,heldout,1,100,IVFFLAT_HYBRID,single_category,category_06,339,True,1,0.099535,"[0.05,0.10)",15.787291,1.0,False,exact_bitmap,HNSW_HYBRID,False
2026-08-30T19:36:41.261+00:00,heldout,0,154,SQL_FIRST,three_categories,category_03,805,True,3,0.27136,"[0.25,0.50)",23.284417,1.0,True,exact_bitmap,SQL_FIRST,True
2026-08-30T19:36:41.296+00:00,heldout,0,154,VECTOR_FIRST_HNSW,three_categories,category_03,805,True,3,0.27136,"[0.25,0.50)",34.14175,1.0,False,exact_bitmap,SQL_FIRST,False
2026-08-30T19:36:41.319+00:00,heldout,0,154,HNSW_HYBRID,three_categories,category_03,805,True,3,0.27136,"[0.25,0.50)",21.79475,1.0,False,exact_bitmap,SQL_FIRST,False
2026-08-30T19:36:41.343+00:00,heldout,0,154,IVFFLAT_HYBRID,three_categories,category_03,805,True,3,0.27136,"[0.25,0.50)",21.4955,1.0,False,exact_bitmap,SQL_FIRST,False
2026-08-30T19:36:41.364+00:00,heldout,1,154,SQL_FIRST,three_categories,category_03,805,True,3,0.27136,"[0.25,0.50)",21.146916,1.0,True,exact_bitmap,SQL_FIRST,True
2026-08-30T19:36:41.398+00:00,heldout,1,154,VECTOR_FIRST_HNSW,three_categories,category_03,805,True,3,0.27136,"[0.25,0.50)",32.409833,1.0,False,exact_bitmap,SQL_FIRST,False
2026-08-30T19:36:41.420+00:00,heldout,1,154,HNSW_HYBRID,three_categories,category_03,805,True,3,0.27136,"[0.25,0.50)",21.667792,1.0,False,exact_bitmap,SQL_FIRST,False
2026-08-30T19:36:41.441+00:00,heldout,1,154,IVFFLAT_HYBRID,three_categories,category_03,805,True,3,0.27136,"[0.25,0.50)",20.94275,1.0,False,exact_bitmap,SQL_FIRST,False
2026-08-30T19:36:41.459+00:00,heldout,0,91,SQL_FIRST,single_category,category_06,545,False,1,0.099535,"[0.05,0.10)",14.776209,1.0,True,exact_bitmap,HNSW_HYBRID,False
2026-08-30T19:36:41.498+00:00,heldout,0,91,VECTOR_FIRST_HNSW,single_category,category_06,545,False,1,0.099535,"[0.05,0.10)",34.166583,0.9,False,exact_bitmap,HNSW_HYBRID,False
2026-08-30T19:36:41.514+00:00,heldout,0,91,HNSW_HYBRID,single_category,category_06,545,False,1,0.099535,"[0.05,0.10)",14.58625,1.0,False,exact_bitmap,HNSW_HYBRID,True
2026-08-30T19:36:41.531+00:00,heldout,0,91,IVFFLAT_HYBRID,single_category,category_06,545,False,1,0.099535,"[0.05,0.10)",15.77725,1.0,False,exact_bitmap,HNSW_HYBRID,False
2026-08-30T19:36:41.547+00:00,heldout,1,91,SQL_FIRST,single_category,category_06,545,False,1,0.099535,"[0.05,0.10)",15.78325,1.0,True,exact_bitmap,HNSW_HYBRID,False
2026-08-30T19:36:41.581+00:00,heldout,1,91,VECTOR_FIRST_HNSW,single_category,category_06,545,False,1,0.099535,"[0.05,0.10)",33.923042,0.9,False,exact_bitmap,HNSW_HYBRID,False
2026-08-30T19:36:41.596+00:00,heldout,1,91,HNSW_HYBRID,single_category,category_06,545,False,1,0.099535,"[0.05,0.10)",13.807916,1.0,False,exact_bitmap,HNSW_HYBRID,True
2026-08-30T19:36:41.613+00:00,heldout,1,91,IVFFLAT_HYBRID,single_category,category_06,545,False,1,0.099535,"[0.05,0.10)",15.923583,1.0,False,exact_bitmap,HNSW_HYBRID,False
2026-08-30T19:36:41.632+00:00,heldout,0,109,SQL_FIRST,single_category_alone,category_03,64,False,2,0.1037,"[0.10,0.25)",15.928458,1.0,True,exact_bitmap,HNSW_HYBRID,False
2026-08-30T19:36:41.667+00:00,heldout,0,109,VECTOR_FIRST_HNSW,single_category_alone,category_03,64,False,2,0.1037,"[0.10,0.25)",33.374125,1.0,False,exact_bitmap,HNSW_HYBRID,False
2026-08-30T19:36:41.683+00:00,heldout,0,109,HNSW_HYBRID,single_category_alone,category_03,64,False,2,0.1037,"[0.10,0.25)",14.426833,1.0,False,exact_bitmap,HNSW_HYBRID,True
2026-08-30T19:36:41.700+00:00,heldout,0,109,IVFFLAT_HYBRID,single_category_alone,category_03,64,False,2,0.1037,"[0.10,0.25)",15.72225,1.0,False,exact_bitmap,HNSW_HYBRID,False
2026-08-30T19:36:41.716+00:00,heldout,1,109,SQL_FIRST,single_category_alone,category_03,64,False,2,0.1037,"[0.10,0.25)",15.826584,1.0,True,exact_bitmap,HNSW_HYBRID,False
2026-08-30T19:36:41.750+00:00,heldout,1,109,VECTOR_FIRST_HNSW,single_category_alone,category_03,64,False,2,0.1037,"[0.10,0.25)",33.46525,1.0,False,exact_bitmap,HNSW_HYBRID,False
2026-08-30T19:36:41.766+00:00,heldout,1,109,HNSW_HYBRID,single_category_alone,category_03,64,False,2,0.1037,"[0.10,0.25)",14.430084,1.0,False,exact_bitmap,HNSW_HYBRID,True
2026-08-30T19:36:41.782+00:00,heldout,1,109,IVFFLAT_HYBRID,single_category_alone,category_03,64,False,2,0.1037,"[0.10,0.25)",15.853,1.0,False,exact_bitmap,HNSW_HYBRID,False
2026-08-30T19:36:41.823+00:00,heldout,0,237,SQL_FIRST,wide_or,category_06,723,True,4,0.87333,"[0.50,1.00)",38.064292,1.0,True,exact_seq,SQL_FIRST,True
2026-08-30T19:36:41.858+00:00,heldout,0,237,VECTOR_FIRST_HNSW,wide_or,category_06,723,True,4,0.87333,"[0.50,1.00)",33.098625,1.0,False,exact_bitmap,SQL_FIRST,False
2026-08-30T19:36:41.894+00:00,heldout,0,237,HNSW_HYBRID,wide_or,category_06,723,True,4,0.87333,"[0.50,1.00)",34.719375,1.0,False,exact_seq,SQL_FIRST,False
2026-08-30T19:36:41.931+00:00,heldout,0,237,IVFFLAT_HYBRID,wide_or,category_06,723,True,4,0.87333,"[0.50,1.00)",34.746917,1.0,False,exact_seq,SQL_FIRST,False
2026-08-30T19:36:41.966+00:00,heldout,1,237,SQL_FIRST,wide_or,category_06,723,True,4,0.87333,"[0.50,1.00)",34.985625,1.0,True,exact_seq,SQL_FIRST,True
2026-08-30T19:36:41.997+00:00,heldout,1,237,VECTOR_FIRST_HNSW,wide_or,category_06,723,True,4,0.87333,"[0.50,1.00)",30.671042,1.0,False,exact_bitmap,SQL_FIRST,False
2026-08-30T19:36:42.034+00:00,heldout,1,237,HNSW_HYBRID,wide_or,category_06,723,True,4,0.87333,"[0.50,1.00)",35.940959,1.0,False,exact_seq,SQL_FIRST,False
2026-08-30T19:36:42.069+00:00,heldout,1,237,IVFFLAT_HYBRID,wide_or,category_06,723,True,4,0.87333,"[0.50,1.00)",34.467709,1.0,False,exact_seq,SQL_FIRST,False
2026-08-30T19:36:42.106+00:00,heldout,0,224,SQL_FIRST,wide_or,category_01,591,False,4,0.81378,"[0.50,1.00)",34.921083,1.0,True,exact_seq,SQL_FIRST,True
2026-08-30T19:36:42.139+00:00,heldout,0,224,VECTOR_FIRST_HNSW,wide_or,category_01,591,False,4,0.81378,"[0.50,1.00)",31.833417,1.0,False,exact_bitmap,SQL_FIRST,False
2026-08-30T19:36:42.175+00:00,heldout,0,224,HNSW_HYBRID,wide_or,category_01,591,False,4,0.81378,"[0.50,1.00)",34.279125,1.0,False,exact_seq,SQL_FIRST,False
2026-08-30T19:36:42.210+00:00,heldout,0,224,IVFFLAT_HYBRID,wide_or,category_01,591,False,4,0.81378,"[0.50,1.00)",33.749333,1.0,False,exact_seq,SQL_FIRST,False
2026-08-30T19:36:42.244+00:00,heldout,1,224,SQL_FIRST,wide_or,category_01,591,False,4,0.81378,"[0.50,1.00)",33.666583,1.0,True,exact_seq,SQL_FIRST,True
2026-08-30T19:36:42.276+00:00,heldout,1,224,VECTOR_FIRST_HNSW,wide_or,category_01,591,False,4,0.81378,"[0.50,1.00)",31.73375,1.0,False,exact_bitmap,SQL_FIRST,False
2026-08-30T19:36:42.310+00:00,heldout,1,224,HNSW_HYBRID,wide_or,category_01,591,False,4,0.81378,"[0.50,1.00)",33.644167,1.0,False,exact_seq,SQL_FIRST,False
2026-08-30T19:36:42.346+00:00,heldout,1,224,IVFFLAT_HYBRID,wide_or,category_01,591,False,4,0.81378,"[0.50,1.00)",34.738625,1.0,False,exact_seq,SQL_FIRST,False
2026-08-30T19:36:42.374+00:00,heldout,0,232,SQL_FIRST,stock_alone,category_00,876,True,4,0.500835,"[0.50,1.00)",25.808416,1.0,True,exact_seq,SQL_FIRST,True
2026-08-30T19:36:42.408+00:00,heldout,0,232,VECTOR_FIRST_HNSW,stock_alone,category_00,876,True,4,0.500835,"[0.50,1.00)",31.731625,1.0,False,exact_bitmap,SQL_FIRST,False
2026-08-30T19:36:42.434+00:00,heldout,0,232,HNSW_HYBRID,stock_alone,category_00,876,True,4,0.500835,"[0.50,1.00)",24.8515,1.0,False,exact_seq,SQL_FIRST,False
2026-08-30T19:36:42.461+00:00,heldout,0,232,IVFFLAT_HYBRID,stock_alone,category_00,876,True,4,0.500835,"[0.50,1.00)",25.235708,1.0,False,exact_seq,SQL_FIRST,False
2026-08-30T19:36:42.486+00:00,heldout,1,232,SQL_FIRST,stock_alone,category_00,876,True,4,0.500835,"[0.50,1.00)",24.571083,1.0,True,exact_seq,SQL_FIRST,True
2026-08-30T19:36:42.519+00:00,heldout,1,232,VECTOR_FIRST_HNSW,stock_alone,category_00,876,True,4,0.500835,"[0.50,1.00)",32.023791,1.0,False,exact_bitmap,SQL_FIRST,False
2026-08-30T19:36:42.544+00:00,heldout,1,232,HNSW_HYBRID,stock_alone,category_00,876,True,4,0.500835,"[0.50,1.00)",24.604,1.0,False,exact_seq,SQL_FIRST,False
2026-08-30T19:36:42.569+00:00,heldout,1,232,IVFFLAT_HYBRID,stock_alone,category_00,876,True,4,0.500835,"[0.50,1.00)",24.477834,1.0,False,exact_seq,SQL_FIRST,False
2026-08-30T19:36:42.593+00:00,heldout,0,159,SQL_FIRST,three_categories,category_03,782,True,3,0.27136,"[0.25,0.50)",21.643333,1.0,True,exact_bitmap,SQL_FIRST,True
2026-08-30T19:36:42.629+00:00,heldout,0,159,VECTOR_FIRST_HNSW,three_categories,category_03,782,True,3,0.27136,"[0.25,0.50)",32.600958,1.0,False,exact_bitmap,SQL_FIRST,False
2026-08-30T19:36:42.654+00:00,heldout,0,159,HNSW_HYBRID,three_categories,category_03,782,True,3,0.27136,"[0.25,0.50)",22.325041,1.0,False,exact_bitmap,SQL_FIRST,False
2026-08-30T19:36:42.676+00:00,heldout,0,159,IVFFLAT_HYBRID,three_categories,category_03,782,True,3,0.27136,"[0.25,0.50)",20.931791,1.0,False,exact_bitmap,SQL_FIRST,False
2026-08-30T19:36:42.698+00:00,heldout,1,159,SQL_FIRST,three_categories,category_03,782,True,3,0.27136,"[0.25,0.50)",21.557125,1.0,True,exact_bitmap,SQL_FIRST,True
2026-08-30T19:36:42.731+00:00,heldout,1,159,VECTOR_FIRST_HNSW,three_categories,category_03,782,True,3,0.27136,"[0.25,0.50)",31.797083,1.0,False,exact_bitmap,SQL_FIRST,False
2026-08-30T19:36:42.755+00:00,heldout,1,159,HNSW_HYBRID,three_categories,category_03,782,True,3,0.27136,"[0.25,0.50)",23.273917,1.0,False,exact_bitmap,SQL_FIRST,False
2026-08-30T19:36:42.778+00:00,heldout,1,159,IVFFLAT_HYBRID,three_categories,category_03,782,True,3,0.27136,"[0.25,0.50)",22.386542,1.0,False,exact_bitmap,SQL_FIRST,False
2026-08-30T19:36:42.783+00:00,heldout,0,46,SQL_FIRST,category_narrow_price,category_03,448,True,0,0.005075,"[0.00,0.05)",4.122,1.0,True,exact_bitmap,IVFFLAT_HYBRID,False
2026-08-30T19:36:42.818+00:00,heldout,0,46,VECTOR_FIRST_HNSW,category_narrow_price,category_03,448,True,0,0.005075,"[0.00,0.05)",33.484916,0.0,False,exact_bitmap,IVFFLAT_HYBRID,False
2026-08-30T19:36:42.821+00:00,heldout,0,46,HNSW_HYBRID,category_narrow_price,category_03,448,True,0,0.005075,"[0.00,0.05)",2.546458,1.0,False,exact_bitmap,IVFFLAT_HYBRID,False
2026-08-30T19:36:42.826+00:00,heldout,0,46,IVFFLAT_HYBRID,category_narrow_price,category_03,448,True,0,0.005075,"[0.00,0.05)",3.365291,1.0,False,exact_bitmap,IVFFLAT_HYBRID,True
2026-08-30T19:36:42.830+00:00,heldout,1,46,SQL_FIRST,category_narrow_price,category_03,448,True,0,0.005075,"[0.00,0.05)",3.526584,1.0,True,exact_bitmap,IVFFLAT_HYBRID,False
2026-08-30T19:36:42.865+00:00,heldout,1,46,VECTOR_FIRST_HNSW,category_narrow_price,category_03,448,True,0,0.005075,"[0.00,0.05)",34.498542,0.0,False,exact_bitmap,IVFFLAT_HYBRID,False
2026-08-30T19:36:42.870+00:00,heldout,1,46,HNSW_HYBRID,category_narrow_price,category_03,448,True,0,0.005075,"[0.00,0.05)",3.6025,1.0,False,exact_bitmap,IVFFLAT_HYBRID,False
2026-08-30T19:36:42.873+00:00,heldout,1,46,IVFFLAT_HYBRID,category_narrow_price,category_03,448,True,0,0.005075,"[0.00,0.05)",2.2995,1.0,False,exact_bitmap,IVFFLAT_HYBRID,True
2026-08-30T19:36:42.902+00:00,heldout,0,242,SQL_FIRST,stock_alone,category_06,357,True,4,0.500835,"[0.50,1.00)",26.485333,1.0,True,exact_seq,SQL_FIRST,True
2026-08-30T19:36:42.936+00:00,heldout,0,242,VECTOR_FIRST_HNSW,stock_alone,category_06,357,True,4,0.500835,"[0.50,1.00)",31.67875,1.0,False,exact_bitmap,SQL_FIRST,False
2026-08-30T19:36:42.962+00:00,heldout,0,242,HNSW_HYBRID,stock_alone,category_06,357,True,4,0.500835,"[0.50,1.00)",25.277792,1.0,False,exact_seq,SQL_FIRST,False
2026-08-30T19:36:42.988+00:00,heldout,0,242,IVFFLAT_HYBRID,stock_alone,category_06,357,True,4,0.500835,"[0.50,1.00)",25.031708,1.0,False,exact_seq,SQL_FIRST,False
2026-08-30T19:36:43.015+00:00,heldout,1,242,SQL_FIRST,stock_alone,category_06,357,True,4,0.500835,"[0.50,1.00)",26.215042,1.0,True,exact_seq,SQL_FIRST,True
2026-08-30T19:36:43.047+00:00,heldout,1,242,VECTOR_FIRST_HNSW,stock_alone,category_06,357,True,4,0.500835,"[0.50,1.00)",32.180958,1.0,False,exact_bitmap,SQL_FIRST,False
2026-08-30T19:36:43.072+00:00,heldout,1,242,HNSW_HYBRID,stock_alone,category_06,357,True,4,0.500835,"[0.50,1.00)",24.594083,1.0,False,exact_seq,SQL_FIRST,False
2026-08-30T19:36:43.097+00:00,heldout,1,242,IVFFLAT_HYBRID,stock_alone,category_06,357,True,4,0.500835,"[0.50,1.00)",24.643208,1.0,False,exact_seq,SQL_FIRST,False
2026-08-30T19:36:43.122+00:00,heldout,0,161,SQL_FIRST,three_categories,category_09,335,False,3,0.272595,"[0.25,0.50)",22.093541,1.0,True,exact_bitmap,SQL_FIRST,True
2026-08-30T19:36:43.155+00:00,heldout,0,161,VECTOR_FIRST_HNSW,three_categories,category_09,335,False,3,0.272595,"[0.25,0.50)",32.245958,1.0,False,exact_bitmap,SQL_FIRST,False
2026-08-30T19:36:43.178+00:00,heldout,0,161,HNSW_HYBRID,three_categories,category_09,335,False,3,0.272595,"[0.25,0.50)",21.6245,1.0,False,exact_bitmap,SQL_FIRST,False
2026-08-30T19:36:43.200+00:00,heldout,0,161,IVFFLAT_HYBRID,three_categories,category_09,335,False,3,0.272595,"[0.25,0.50)",20.82175,1.0,False,exact_bitmap,SQL_FIRST,False
2026-08-30T19:36:43.222+00:00,heldout,1,161,SQL_FIRST,three_categories,category_09,335,False,3,0.272595,"[0.25,0.50)",21.026792,1.0,True,exact_bitmap,SQL_FIRST,True
2026-08-30T19:36:43.254+00:00,heldout,1,161,VECTOR_FIRST_HNSW,three_categories,category_09,335,False,3,0.272595,"[0.25,0.50)",31.787959,1.0,False,exact_bitmap,SQL_FIRST,False
2026-08-30T19:36:43.276+00:00,heldout,1,161,HNSW_HYBRID,three_categories,category_09,335,False,3,0.272595,"[0.25,0.50)",21.041042,1.0,False,exact_bitmap,SQL_FIRST,False
2026-08-30T19:36:43.298+00:00,heldout,1,161,IVFFLAT_HYBRID,three_categories,category_09,335,False,3,0.272595,"[0.25,0.50)",20.99975,1.0,False,exact_bitmap,SQL_FIRST,False
2026-08-30T19:36:43.323+00:00,heldout,0,167,SQL_FIRST,three_categories,category_03,310,True,3,0.27136,"[0.25,0.50)",21.693041,1.0,True,exact_bitmap,SQL_FIRST,True
2026-08-30T19:36:43.357+00:00,heldout,0,167,VECTOR_FIRST_HNSW,three_categories,category_03,310,True,3,0.27136,"[0.25,0.50)",32.052208,1.0,False,exact_bitmap,SQL_FIRST,False
2026-08-30T19:36:43.380+00:00,heldout,0,167,HNSW_HYBRID,three_categories,category_03,310,True,3,0.27136,"[0.25,0.50)",22.073042,1.0,False,exact_bitmap,SQL_FIRST,False
2026-08-30T19:36:43.404+00:00,heldout,0,167,IVFFLAT_HYBRID,three_categories,category_03,310,True,3,0.27136,"[0.25,0.50)",22.058958,1.0,False,exact_bitmap,SQL_FIRST,False
2026-08-30T19:36:43.425+00:00,heldout,1,167,SQL_FIRST,three_categories,category_03,310,True,3,0.27136,"[0.25,0.50)",21.091542,1.0,True,exact_bitmap,SQL_FIRST,True
2026-08-30T19:36:43.457+00:00,heldout,1,167,VECTOR_FIRST_HNSW,three_categories,category_03,310,True,3,0.27136,"[0.25,0.50)",30.787833,1.0,False,exact_bitmap,SQL_FIRST,False
2026-08-30T19:36:43.479+00:00,heldout,1,167,HNSW_HYBRID,three_categories,category_03,310,True,3,0.27136,"[0.25,0.50)",20.984625,1.0,False,exact_bitmap,SQL_FIRST,False
2026-08-30T19:36:43.501+00:00,heldout,1,167,IVFFLAT_HYBRID,three_categories,category_03,310,True,3,0.27136,"[0.25,0.50)",20.970791,1.0,False,exact_bitmap,SQL_FIRST,False
2026-08-30T19:36:43.525+00:00,heldout,0,151,SQL_FIRST,three_categories,category_00,524,False,3,0.271845,"[0.25,0.50)",21.238584,1.0,True,exact_bitmap,SQL_FIRST,True
2026-08-30T19:36:43.559+00:00,heldout,0,151,VECTOR_FIRST_HNSW,three_categories,category_00,524,False,3,0.271845,"[0.25,0.50)",31.61375,1.0,False,exact_bitmap,SQL_FIRST,False
2026-08-30T19:36:43.583+00:00,heldout,0,151,HNSW_HYBRID,three_categories,category_00,524,False,3,0.271845,"[0.25,0.50)",22.008708,1.0,False,exact_bitmap,SQL_FIRST,False
2026-08-30T19:36:43.607+00:00,heldout,0,151,IVFFLAT_HYBRID,three_categories,category_00,524,False,3,0.271845,"[0.25,0.50)",22.456833,1.0,False,exact_bitmap,SQL_FIRST,False
2026-08-30T19:36:43.630+00:00,heldout,1,151,SQL_FIRST,three_categories,category_00,524,False,3,0.271845,"[0.25,0.50)",22.866042,1.0,True,exact_bitmap,SQL_FIRST,True
2026-08-30T19:36:43.664+00:00,heldout,1,151,VECTOR_FIRST_HNSW,three_categories,category_00,524,False,3,0.271845,"[0.25,0.50)",32.479417,1.0,False,exact_bitmap,SQL_FIRST,False
2026-08-30T19:36:43.687+00:00,heldout,1,151,HNSW_HYBRID,three_categories,category_00,524,False,3,0.271845,"[0.25,0.50)",22.528125,1.0,False,exact_bitmap,SQL_FIRST,False
2026-08-30T19:36:43.710+00:00,heldout,1,151,IVFFLAT_HYBRID,three_categories,category_00,524,False,3,0.271845,"[0.25,0.50)",22.30675,1.0,False,exact_bitmap,SQL_FIRST,False
2026-08-30T19:36:43.725+00:00,heldout,0,55,SQL_FIRST,single_category,category_04,518,True,1,0.0967,"[0.05,0.10)",13.649917,1.0,True,exact_bitmap,HNSW_HYBRID,False
2026-08-30T19:36:43.758+00:00,heldout,0,55,VECTOR_FIRST_HNSW,single_category,category_04,518,True,1,0.0967,"[0.05,0.10)",31.197417,1.0,False,exact_bitmap,HNSW_HYBRID,False
2026-08-30T19:36:43.772+00:00,heldout,0,55,HNSW_HYBRID,single_category,category_04,518,True,1,0.0967,"[0.05,0.10)",12.004834,1.0,False,exact_bitmap,HNSW_HYBRID,True
2026-08-30T19:36:43.788+00:00,heldout,0,55,IVFFLAT_HYBRID,single_category,category_04,518,True,1,0.0967,"[0.05,0.10)",14.082625,1.0,False,exact_bitmap,HNSW_HYBRID,False
2026-08-30T19:36:43.804+00:00,heldout,1,55,SQL_FIRST,single_category,category_04,518,True,1,0.0967,"[0.05,0.10)",15.588666,1.0,True,exact_bitmap,HNSW_HYBRID,False
2026-08-30T19:36:43.838+00:00,heldout,1,55,VECTOR_FIRST_HNSW,single_category,category_04,518,True,1,0.0967,"[0.05,0.10)",33.540208,1.0,False,exact_bitmap,HNSW_HYBRID,False
2026-08-30T19:36:43.853+00:00,heldout,1,55,HNSW_HYBRID,single_category,category_04,518,True,1,0.0967,"[0.05,0.10)",13.798167,1.0,False,exact_bitmap,HNSW_HYBRID,True
2026-08-30T19:36:43.869+00:00,heldout,1,55,IVFFLAT_HYBRID,single_category,category_04,518,True,1,0.0967,"[0.05,0.10)",15.763833,1.0,False,exact_bitmap,HNSW_HYBRID,False
2026-08-30T19:36:43.900+00:00,heldout,0,101,SQL_FIRST,two_categories,category_02,683,False,2,0.202665,"[0.10,0.25)",27.402458,1.0,True,exact_bitmap,HNSW_HYBRID,False
2026-08-30T19:36:43.937+00:00,heldout,0,101,VECTOR_FIRST_HNSW,two_categories,category_02,683,False,2,0.202665,"[0.10,0.25)",34.522583,1.0,False,exact_bitmap,HNSW_HYBRID,False
2026-08-30T19:36:43.964+00:00,heldout,0,101,HNSW_HYBRID,two_categories,category_02,683,False,2,0.202665,"[0.10,0.25)",26.043083,1.0,False,exact_bitmap,HNSW_HYBRID,True
2026-08-30T19:36:43.994+00:00,heldout,0,101,IVFFLAT_HYBRID,two_categories,category_02,683,False,2,0.202665,"[0.10,0.25)",28.87575,1.0,False,exact_bitmap,HNSW_HYBRID,False
2026-08-30T19:36:44.022+00:00,heldout,1,101,SQL_FIRST,two_categories,category_02,683,False,2,0.202665,"[0.10,0.25)",27.870791,1.0,True,exact_bitmap,HNSW_HYBRID,False
2026-08-30T19:36:44.056+00:00,heldout,1,101,VECTOR_FIRST_HNSW,two_categories,category_02,683,False,2,0.202665,"[0.10,0.25)",33.620208,1.0,False,exact_bitmap,HNSW_HYBRID,False
2026-08-30T19:36:44.081+00:00,heldout,1,101,HNSW_HYBRID,two_categories,category_02,683,False,2,0.202665,"[0.10,0.25)",24.551791,1.0,False,exact_bitmap,HNSW_HYBRID,True
2026-08-30T19:36:44.108+00:00,heldout,1,101,IVFFLAT_HYBRID,two_categories,category_02,683,False,2,0.202665,"[0.10,0.25)",26.581584,1.0,False,exact_bitmap,HNSW_HYBRID,False
2026-08-30T19:36:44.139+00:00,heldout,0,118,SQL_FIRST,two_categories,category_03,975,False,2,0.2004,"[0.10,0.25)",27.110459,1.0,True,exact_bitmap,HNSW_HYBRID,False
2026-08-30T19:36:44.175+00:00,heldout,0,118,VECTOR_FIRST_HNSW,two_categories,category_03,975,False,2,0.2004,"[0.10,0.25)",33.930583,1.0,False,exact_bitmap,HNSW_HYBRID,False
2026-08-30T19:36:44.201+00:00,heldout,0,118,HNSW_HYBRID,two_categories,category_03,975,False,2,0.2004,"[0.10,0.25)",24.754917,1.0,False,exact_bitmap,HNSW_HYBRID,True
2026-08-30T19:36:44.230+00:00,heldout,0,118,IVFFLAT_HYBRID,two_categories,category_03,975,False,2,0.2004,"[0.10,0.25)",27.575792,1.0,False,exact_bitmap,HNSW_HYBRID,False
2026-08-30T19:36:44.258+00:00,heldout,1,118,SQL_FIRST,two_categories,category_03,975,False,2,0.2004,"[0.10,0.25)",27.084666,1.0,True,exact_bitmap,HNSW_HYBRID,False
2026-08-30T19:36:44.293+00:00,heldout,1,118,VECTOR_FIRST_HNSW,two_categories,category_03,975,False,2,0.2004,"[0.10,0.25)",33.766834,1.0,False,exact_bitmap,HNSW_HYBRID,False
2026-08-30T19:36:44.319+00:00,heldout,1,118,HNSW_HYBRID,two_categories,category_03,975,False,2,0.2004,"[0.10,0.25)",25.066958,1.0,False,exact_bitmap,HNSW_HYBRID,True
2026-08-30T19:36:44.348+00:00,heldout,1,118,IVFFLAT_HYBRID,two_categories,category_03,975,False,2,0.2004,"[0.10,0.25)",27.3825,1.0,False,exact_bitmap,HNSW_HYBRID,False
2026-08-30T19:36:44.353+00:00,heldout,0,2,SQL_FIRST,category_narrow_price,category_03,41,True,0,0.00319,"[0.00,0.05)",3.13025,1.0,True,exact_bitmap,IVFFLAT_HYBRID,False
2026-08-30T19:36:44.388+00:00,heldout,0,2,VECTOR_FIRST_HNSW,category_narrow_price,category_03,41,True,0,0.00319,"[0.00,0.05)",33.528,0.0,False,exact_bitmap,IVFFLAT_HYBRID,False
2026-08-30T19:36:44.392+00:00,heldout,0,2,HNSW_HYBRID,category_narrow_price,category_03,41,True,0,0.00319,"[0.00,0.05)",2.054583,1.0,False,exact_bitmap,IVFFLAT_HYBRID,False
2026-08-30T19:36:44.397+00:00,heldout,0,2,IVFFLAT_HYBRID,category_narrow_price,category_03,41,True,0,0.00319,"[0.00,0.05)",2.790166,1.0,False,exact_bitmap,IVFFLAT_HYBRID,True
2026-08-30T19:36:44.400+00:00,heldout,1,2,SQL_FIRST,category_narrow_price,category_03,41,True,0,0.00319,"[0.00,0.05)",2.598375,1.0,True,exact_bitmap,IVFFLAT_HYBRID,False
2026-08-30T19:36:44.435+00:00,heldout,1,2,VECTOR_FIRST_HNSW,category_narrow_price,category_03,41,True,0,0.00319,"[0.00,0.05)",34.209792,0.0,False,exact_bitmap,IVFFLAT_HYBRID,False
2026-08-30T19:36:44.438+00:00,heldout,1,2,HNSW_HYBRID,category_narrow_price,category_03,41,True,0,0.00319,"[0.00,0.05)",2.280292,1.0,False,exact_bitmap,IVFFLAT_HYBRID,False
2026-08-30T19:36:44.441+00:00,heldout,1,2,IVFFLAT_HYBRID,category_narrow_price,category_03,41,True,0,0.00319,"[0.00,0.05)",2.180042,1.0,False,exact_bitmap,IVFFLAT_HYBRID,True
2026-08-30T19:36:44.448+00:00,heldout,0,29,SQL_FIRST,category_narrow_price,category_06,903,True,0,0.004995,"[0.00,0.05)",4.050833,1.0,True,exact_bitmap,IVFFLAT_HYBRID,False
2026-08-30T19:36:44.484+00:00,heldout,0,29,VECTOR_FIRST_HNSW,category_narrow_price,category_06,903,True,0,0.004995,"[0.00,0.05)",34.09025,0.2,False,exact_bitmap,IVFFLAT_HYBRID,False
2026-08-30T19:36:44.487+00:00,heldout,0,29,HNSW_HYBRID,category_narrow_price,category_06,903,True,0,0.004995,"[0.00,0.05)",2.585209,1.0,False,exact_bitmap,IVFFLAT_HYBRID,False
2026-08-30T19:36:44.492+00:00,heldout,0,29,IVFFLAT_HYBRID,category_narrow_price,category_06,903,True,0,0.004995,"[0.00,0.05)",3.431333,1.0,False,exact_bitmap,IVFFLAT_HYBRID,True
2026-08-30T19:36:44.497+00:00,heldout,1,29,SQL_FIRST,category_narrow_price,category_06,903,True,0,0.004995,"[0.00,0.05)",3.549417,1.0,True,exact_bitmap,IVFFLAT_HYBRID,False
2026-08-30T19:36:44.531+00:00,heldout,1,29,VECTOR_FIRST_HNSW,category_narrow_price,category_06,903,True,0,0.004995,"[0.00,0.05)",33.493917,0.2,False,exact_bitmap,IVFFLAT_HYBRID,False
2026-08-30T19:36:44.534+00:00,heldout,1,29,HNSW_HYBRID,category_narrow_price,category_06,903,True,0,0.004995,"[0.00,0.05)",2.6695,1.0,False,exact_bitmap,IVFFLAT_HYBRID,False
2026-08-30T19:36:44.538+00:00,heldout,1,29,IVFFLAT_HYBRID,category_narrow_price,category_06,903,True,0,0.004995,"[0.00,0.05)",3.38025,1.0,False,exact_bitmap,IVFFLAT_HYBRID,True
2026-08-30T19:36:44.556+00:00,heldout,0,51,SQL_FIRST,single_category,category_01,203,False,1,0.098665,"[0.05,0.10)",15.593167,1.0,True,exact_bitmap,HNSW_HYBRID,False
2026-08-30T19:36:44.591+00:00,heldout,0,51,VECTOR_FIRST_HNSW,single_category,category_01,203,False,1,0.098665,"[0.05,0.10)",33.493583,1.0,False,exact_bitmap,HNSW_HYBRID,False
2026-08-30T19:36:44.606+00:00,heldout,0,51,HNSW_HYBRID,single_category,category_01,203,False,1,0.098665,"[0.05,0.10)",14.616125,1.0,False,exact_bitmap,HNSW_HYBRID,True
2026-08-30T19:36:44.623+00:00,heldout,0,51,IVFFLAT_HYBRID,single_category,category_01,203,False,1,0.098665,"[0.05,0.10)",16.141708,1.0,False,exact_bitmap,HNSW_HYBRID,False
2026-08-30T19:36:44.640+00:00,heldout,1,51,SQL_FIRST,single_category,category_01,203,False,1,0.098665,"[0.05,0.10)",16.477791,1.0,True,exact_bitmap,HNSW_HYBRID,False
2026-08-30T19:36:44.675+00:00,heldout,1,51,VECTOR_FIRST_HNSW,single_category,category_01,203,False,1,0.098665,"[0.05,0.10)",33.9575,1.0,False,exact_bitmap,HNSW_HYBRID,False
2026-08-30T19:36:44.689+00:00,heldout,1,51,HNSW_HYBRID,single_category,category_01,203,False,1,0.098665,"[0.05,0.10)",14.018042,1.0,False,exact_bitmap,HNSW_HYBRID,True
2026-08-30T19:36:44.705+00:00,heldout,1,51,IVFFLAT_HYBRID,single_category,category_01,203,False,1,0.098665,"[0.05,0.10)",15.875083,1.0,False,exact_bitmap,HNSW_HYBRID,False
2026-08-30T19:36:44.721+00:00,heldout,0,5,SQL_FIRST,category_and_stock,category_09,317,False,0,0.049865,"[0.00,0.05)",13.096208,1.0,True,exact_bitmap,IVFFLAT_HYBRID,False
2026-08-30T19:36:44.754+00:00,heldout,0,5,VECTOR_FIRST_HNSW,category_and_stock,category_09,317,False,0,0.049865,"[0.00,0.05)",31.897417,0.3,False,exact_bitmap,IVFFLAT_HYBRID,False
2026-08-30T19:36:44.766+00:00,heldout,0,5,HNSW_HYBRID,category_and_stock,category_09,317,False,0,0.049865,"[0.00,0.05)",10.511916,1.0,False,exact_bitmap,IVFFLAT_HYBRID,False
2026-08-30T19:36:44.781+00:00,heldout,0,5,IVFFLAT_HYBRID,category_and_stock,category_09,317,False,0,0.049865,"[0.00,0.05)",12.900417,1.0,False,exact_bitmap,IVFFLAT_HYBRID,True
2026-08-30T19:36:44.794+00:00,heldout,1,5,SQL_FIRST,category_and_stock,category_09,317,False,0,0.049865,"[0.00,0.05)",13.346833,1.0,True,exact_bitmap,IVFFLAT_HYBRID,False
2026-08-30T19:36:44.829+00:00,heldout,1,5,VECTOR_FIRST_HNSW,category_and_stock,category_09,317,False,0,0.049865,"[0.00,0.05)",33.795042,0.3,False,exact_bitmap,IVFFLAT_HYBRID,False
2026-08-30T19:36:44.840+00:00,heldout,1,5,HNSW_HYBRID,category_and_stock,category_09,317,False,0,0.049865,"[0.00,0.05)",11.114167,1.0,False,exact_bitmap,IVFFLAT_HYBRID,False
2026-08-30T19:36:44.854+00:00,heldout,1,5,IVFFLAT_HYBRID,category_and_stock,category_09,317,False,0,0.049865,"[0.00,0.05)",12.886834,1.0,False,exact_bitmap,IVFFLAT_HYBRID,True
2026-08-30T19:36:44.883+00:00,heldout,0,203,SQL_FIRST,stock_alone,category_07,382,True,4,0.500835,"[0.50,1.00)",27.098292,1.0,True,exact_seq,SQL_FIRST,True
2026-08-30T19:36:44.917+00:00,heldout,0,203,VECTOR_FIRST_HNSW,stock_alone,category_07,382,True,4,0.500835,"[0.50,1.00)",33.592417,1.0,False,exact_bitmap,SQL_FIRST,False
2026-08-30T19:36:44.943+00:00,heldout,0,203,HNSW_HYBRID,stock_alone,category_07,382,True,4,0.500835,"[0.50,1.00)",24.805083,1.0,False,exact_seq,SQL_FIRST,False
2026-08-30T19:36:44.971+00:00,heldout,0,203,IVFFLAT_HYBRID,stock_alone,category_07,382,True,4,0.500835,"[0.50,1.00)",27.198625,1.0,False,exact_seq,SQL_FIRST,False
2026-08-30T19:36:44.998+00:00,heldout,1,203,SQL_FIRST,stock_alone,category_07,382,True,4,0.500835,"[0.50,1.00)",26.116791,1.0,True,exact_seq,SQL_FIRST,True
2026-08-30T19:36:45.031+00:00,heldout,1,203,VECTOR_FIRST_HNSW,stock_alone,category_07,382,True,4,0.500835,"[0.50,1.00)",32.629291,1.0,False,exact_bitmap,SQL_FIRST,False
2026-08-30T19:36:45.056+00:00,heldout,1,203,HNSW_HYBRID,stock_alone,category_07,382,True,4,0.500835,"[0.50,1.00)",24.865333,1.0,False,exact_seq,SQL_FIRST,False
2026-08-30T19:36:45.081+00:00,heldout,1,203,IVFFLAT_HYBRID,stock_alone,category_07,382,True,4,0.500835,"[0.50,1.00)",24.705167,1.0,False,exact_seq,SQL_FIRST,False
2026-08-30T19:36:45.096+00:00,heldout,0,30,SQL_FIRST,category_and_stock,category_09,770,False,0,0.049865,"[0.00,0.05)",11.10675,1.0,True,exact_bitmap,IVFFLAT_HYBRID,False
2026-08-30T19:36:45.131+00:00,heldout,0,30,VECTOR_FIRST_HNSW,category_and_stock,category_09,770,False,0,0.049865,"[0.00,0.05)",33.532833,0.7,False,exact_bitmap,IVFFLAT_HYBRID,False
2026-08-30T19:36:45.143+00:00,heldout,0,30,HNSW_HYBRID,category_and_stock,category_09,770,False,0,0.049865,"[0.00,0.05)",11.2425,1.0,False,exact_bitmap,IVFFLAT_HYBRID,False
2026-08-30T19:36:45.158+00:00,heldout,0,30,IVFFLAT_HYBRID,category_and_stock,category_09,770,False,0,0.049865,"[0.00,0.05)",13.616084,1.0,False,exact_bitmap,IVFFLAT_HYBRID,True
2026-08-30T19:36:45.171+00:00,heldout,1,30,SQL_FIRST,category_and_stock,category_09,770,False,0,0.049865,"[0.00,0.05)",13.339334,1.0,True,exact_bitmap,IVFFLAT_HYBRID,False
2026-08-30T19:36:45.206+00:00,heldout,1,30,VECTOR_FIRST_HNSW,category_and_stock,category_09,770,False,0,0.049865,"[0.00,0.05)",33.666875,0.7,False,exact_bitmap,IVFFLAT_HYBRID,False
2026-08-30T19:36:45.217+00:00,heldout,1,30,HNSW_HYBRID,category_and_stock,category_09,770,False,0,0.049865,"[0.00,0.05)",10.953917,1.0,False,exact_bitmap,IVFFLAT_HYBRID,False
2026-08-30T19:36:45.231+00:00,heldout,1,30,IVFFLAT_HYBRID,category_and_stock,category_09,770,False,0,0.049865,"[0.00,0.05)",13.49125,1.0,False,exact_bitmap,IVFFLAT_HYBRID,True
2026-08-30T19:36:45.263+00:00,heldout,0,177,SQL_FIRST,category_or_price,category_07,368,False,3,0.428,"[0.25,0.50)",28.225708,1.0,True,exact_seq,SQL_FIRST,True
2026-08-30T19:36:45.297+00:00,heldout,0,177,VECTOR_FIRST_HNSW,category_or_price,category_07,368,False,3,0.428,"[0.25,0.50)",32.669584,1.0,False,exact_bitmap,SQL_FIRST,False
2026-08-30T19:36:45.325+00:00,heldout,0,177,HNSW_HYBRID,category_or_price,category_07,368,False,3,0.428,"[0.25,0.50)",26.180083,1.0,False,exact_seq,SQL_FIRST,False
2026-08-30T19:36:45.354+00:00,heldout,0,177,IVFFLAT_HYBRID,category_or_price,category_07,368,False,3,0.428,"[0.25,0.50)",26.522333,1.0,False,exact_seq,SQL_FIRST,False
2026-08-30T19:36:45.380+00:00,heldout,1,177,SQL_FIRST,category_or_price,category_07,368,False,3,0.428,"[0.25,0.50)",25.954667,1.0,True,exact_seq,SQL_FIRST,True
2026-08-30T19:36:45.412+00:00,heldout,1,177,VECTOR_FIRST_HNSW,category_or_price,category_07,368,False,3,0.428,"[0.25,0.50)",31.780333,1.0,False,exact_bitmap,SQL_FIRST,False
2026-08-30T19:36:45.439+00:00,heldout,1,177,HNSW_HYBRID,category_or_price,category_07,368,False,3,0.428,"[0.25,0.50)",25.835709,1.0,False,exact_seq,SQL_FIRST,False
2026-08-30T19:36:45.466+00:00,heldout,1,177,IVFFLAT_HYBRID,category_or_price,category_07,368,False,3,0.428,"[0.25,0.50)",26.287125,1.0,False,exact_seq,SQL_FIRST,False
2026-08-30T19:36:45.491+00:00,heldout,0,153,SQL_FIRST,three_categories,category_04,615,True,3,0.267975,"[0.25,0.50)",22.041875,1.0,True,exact_bitmap,SQL_FIRST,True
2026-08-30T19:36:45.527+00:00,heldout,0,153,VECTOR_FIRST_HNSW,three_categories,category_04,615,True,3,0.267975,"[0.25,0.50)",34.290833,1.0,False,exact_bitmap,SQL_FIRST,False
2026-08-30T19:36:45.550+00:00,heldout,0,153,HNSW_HYBRID,three_categories,category_04,615,True,3,0.267975,"[0.25,0.50)",22.221667,1.0,False,exact_bitmap,SQL_FIRST,False
2026-08-30T19:36:45.572+00:00,heldout,0,153,IVFFLAT_HYBRID,three_categories,category_04,615,True,3,0.267975,"[0.25,0.50)",21.269542,1.0,False,exact_bitmap,SQL_FIRST,False
2026-08-30T19:36:45.593+00:00,heldout,1,153,SQL_FIRST,three_categories,category_04,615,True,3,0.267975,"[0.25,0.50)",20.785916,1.0,True,exact_bitmap,SQL_FIRST,True
2026-08-30T19:36:45.626+00:00,heldout,1,153,VECTOR_FIRST_HNSW,three_categories,category_04,615,True,3,0.267975,"[0.25,0.50)",31.964333,1.0,False,exact_bitmap,SQL_FIRST,False
2026-08-30T19:36:45.649+00:00,heldout,1,153,HNSW_HYBRID,three_categories,category_04,615,True,3,0.267975,"[0.25,0.50)",21.178041,1.0,False,exact_bitmap,SQL_FIRST,False
2026-08-30T19:36:45.671+00:00,heldout,1,153,IVFFLAT_HYBRID,three_categories,category_04,615,True,3,0.267975,"[0.25,0.50)",20.972709,1.0,False,exact_bitmap,SQL_FIRST,False
2026-08-30T19:36:45.699+00:00,heldout,0,185,SQL_FIRST,category_or_price,category_08,319,True,3,0.382635,"[0.25,0.50)",25.770625,1.0,True,exact_seq,SQL_FIRST,True
2026-08-30T19:36:45.733+00:00,heldout,0,185,VECTOR_FIRST_HNSW,category_or_price,category_08,319,True,3,0.382635,"[0.25,0.50)",32.129083,1.0,False,exact_bitmap,SQL_FIRST,False
2026-08-30T19:36:45.761+00:00,heldout,0,185,HNSW_HYBRID,category_or_price,category_08,319,True,3,0.382635,"[0.25,0.50)",25.071459,1.0,False,exact_seq,SQL_FIRST,False
2026-08-30T19:36:45.788+00:00,heldout,0,185,IVFFLAT_HYBRID,category_or_price,category_08,319,True,3,0.382635,"[0.25,0.50)",25.024291,1.0,False,exact_seq,SQL_FIRST,False
2026-08-30T19:36:45.813+00:00,heldout,1,185,SQL_FIRST,category_or_price,category_08,319,True,3,0.382635,"[0.25,0.50)",24.638542,1.0,True,exact_seq,SQL_FIRST,True
2026-08-30T19:36:45.845+00:00,heldout,1,185,VECTOR_FIRST_HNSW,category_or_price,category_08,319,True,3,0.382635,"[0.25,0.50)",31.7265,1.0,False,exact_bitmap,SQL_FIRST,False
2026-08-30T19:36:45.871+00:00,heldout,1,185,HNSW_HYBRID,category_or_price,category_08,319,True,3,0.382635,"[0.25,0.50)",25.562417,1.0,False,exact_seq,SQL_FIRST,False
2026-08-30T19:36:45.897+00:00,heldout,1,185,IVFFLAT_HYBRID,category_or_price,category_08,319,True,3,0.382635,"[0.25,0.50)",25.123916,1.0,False,exact_seq,SQL_FIRST,False
2026-08-30T19:36:45.914+00:00,heldout,0,77,SQL_FIRST,single_category,category_01,458,True,1,0.098665,"[0.05,0.10)",13.976458,1.0,True,exact_bitmap,HNSW_HYBRID,False
2026-08-30T19:36:45.949+00:00,heldout,0,77,VECTOR_FIRST_HNSW,single_category,category_01,458,True,1,0.098665,"[0.05,0.10)",33.404458,1.0,False,exact_bitmap,HNSW_HYBRID,False
2026-08-30T19:36:45.965+00:00,heldout,0,77,HNSW_HYBRID,single_category,category_01,458,True,1,0.098665,"[0.05,0.10)",14.827542,1.0,False,exact_bitmap,HNSW_HYBRID,True
2026-08-30T19:36:45.982+00:00,heldout,0,77,IVFFLAT_HYBRID,single_category,category_01,458,True,1,0.098665,"[0.05,0.10)",16.421583,1.0,False,exact_bitmap,HNSW_HYBRID,False
2026-08-30T19:36:45.999+00:00,heldout,1,77,SQL_FIRST,single_category,category_01,458,True,1,0.098665,"[0.05,0.10)",16.96825,1.0,True,exact_bitmap,HNSW_HYBRID,False
2026-08-30T19:36:46.035+00:00,heldout,1,77,VECTOR_FIRST_HNSW,single_category,category_01,458,True,1,0.098665,"[0.05,0.10)",35.34725,1.0,False,exact_bitmap,HNSW_HYBRID,False
2026-08-30T19:36:46.050+00:00,heldout,1,77,HNSW_HYBRID,single_category,category_01,458,True,1,0.098665,"[0.05,0.10)",13.978375,1.0,False,exact_bitmap,HNSW_HYBRID,True
2026-08-30T19:36:46.066+00:00,heldout,1,77,IVFFLAT_HYBRID,single_category,category_01,458,True,1,0.098665,"[0.05,0.10)",15.6035,1.0,False,exact_bitmap,HNSW_HYBRID,False
2026-08-30T19:36:46.081+00:00,heldout,0,26,SQL_FIRST,category_and_stock,category_06,533,True,0,0.04985,"[0.00,0.05)",12.908458,1.0,True,exact_bitmap,IVFFLAT_HYBRID,False
2026-08-30T19:36:46.116+00:00,heldout,0,26,VECTOR_FIRST_HNSW,category_and_stock,category_06,533,True,0,0.04985,"[0.00,0.05)",33.529083,0.0,False,exact_bitmap,IVFFLAT_HYBRID,False
2026-08-30T19:36:46.129+00:00,heldout,0,26,HNSW_HYBRID,category_and_stock,category_06,533,True,0,0.04985,"[0.00,0.05)",10.782791,1.0,False,exact_bitmap,IVFFLAT_HYBRID,False
2026-08-30T19:36:46.143+00:00,heldout,0,26,IVFFLAT_HYBRID,category_and_stock,category_06,533,True,0,0.04985,"[0.00,0.05)",13.46625,1.0,False,exact_bitmap,IVFFLAT_HYBRID,True
2026-08-30T19:36:46.157+00:00,heldout,1,26,SQL_FIRST,category_and_stock,category_06,533,True,0,0.04985,"[0.00,0.05)",13.631334,1.0,True,exact_bitmap,IVFFLAT_HYBRID,False
2026-08-30T19:36:46.191+00:00,heldout,1,26,VECTOR_FIRST_HNSW,category_and_stock,category_06,533,True,0,0.04985,"[0.00,0.05)",33.50525,0.0,False,exact_bitmap,IVFFLAT_HYBRID,False
2026-08-30T19:36:46.202+00:00,heldout,1,26,HNSW_HYBRID,category_and_stock,category_06,533,True,0,0.04985,"[0.00,0.05)",10.78825,1.0,False,exact_bitmap,IVFFLAT_HYBRID,False
2026-08-30T19:36:46.216+00:00,heldout,1,26,IVFFLAT_HYBRID,category_and_stock,category_06,533,True,0,0.04985,"[0.00,0.05)",12.772292,1.0,False,exact_bitmap,IVFFLAT_HYBRID,True
2026-08-30T19:36:46.221+00:00,heldout,0,37,SQL_FIRST,category_narrow_price,category_03,22,False,0,0.0012,"[0.00,0.05)",2.170917,1.0,True,exact_bitmap,IVFFLAT_HYBRID,False
2026-08-30T19:36:46.257+00:00,heldout,0,37,VECTOR_FIRST_HNSW,category_narrow_price,category_03,22,False,0,0.0012,"[0.00,0.05)",33.588917,0.0,False,exact_bitmap,IVFFLAT_HYBRID,False
2026-08-30T19:36:46.261+00:00,heldout,0,37,HNSW_HYBRID,category_narrow_price,category_03,22,False,0,0.0012,"[0.00,0.05)",2.332167,1.0,False,exact_bitmap,IVFFLAT_HYBRID,False
2026-08-30T19:36:46.264+00:00,heldout,0,37,IVFFLAT_HYBRID,category_narrow_price,category_03,22,False,0,0.0012,"[0.00,0.05)",1.860166,1.0,False,exact_bitmap,IVFFLAT_HYBRID,True
2026-08-30T19:36:46.266+00:00,heldout,1,37,SQL_FIRST,category_narrow_price,category_03,22,False,0,0.0012,"[0.00,0.05)",1.868792,1.0,True,exact_bitmap,IVFFLAT_HYBRID,False
2026-08-30T19:36:46.300+00:00,heldout,1,37,VECTOR_FIRST_HNSW,category_narrow_price,category_03,22,False,0,0.0012,"[0.00,0.05)",33.406417,0.0,False,exact_bitmap,IVFFLAT_HYBRID,False
2026-08-30T19:36:46.303+00:00,heldout,1,37,HNSW_HYBRID,category_narrow_price,category_03,22,False,0,0.0012,"[0.00,0.05)",2.10675,1.0,False,exact_bitmap,IVFFLAT_HYBRID,False
2026-08-30T19:36:46.304+00:00,heldout,1,37,IVFFLAT_HYBRID,category_narrow_price,category_03,22,False,0,0.0012,"[0.00,0.05)",1.316583,1.0,False,exact_bitmap,IVFFLAT_HYBRID,True
2026-08-30T19:36:46.345+00:00,heldout,0,220,SQL_FIRST,wide_or,category_01,866,False,4,0.93802,"[0.50,1.00)",37.495125,1.0,True,exact_seq,SQL_FIRST,True
2026-08-30T19:36:46.379+00:00,heldout,0,220,VECTOR_FIRST_HNSW,wide_or,category_01,866,False,4,0.93802,"[0.50,1.00)",31.7565,1.0,False,exact_bitmap,SQL_FIRST,False
2026-08-30T19:36:46.418+00:00,heldout,0,220,HNSW_HYBRID,wide_or,category_01,866,False,4,0.93802,"[0.50,1.00)",36.8685,1.0,False,exact_seq,SQL_FIRST,False
2026-08-30T19:36:46.453+00:00,heldout,0,220,IVFFLAT_HYBRID,wide_or,category_01,866,False,4,0.93802,"[0.50,1.00)",34.384625,1.0,False,exact_seq,SQL_FIRST,False
2026-08-30T19:36:46.490+00:00,heldout,1,220,SQL_FIRST,wide_or,category_01,866,False,4,0.93802,"[0.50,1.00)",36.498583,1.0,True,exact_seq,SQL_FIRST,True
2026-08-30T19:36:46.522+00:00,heldout,1,220,VECTOR_FIRST_HNSW,wide_or,category_01,866,False,4,0.93802,"[0.50,1.00)",31.684417,1.0,False,exact_bitmap,SQL_FIRST,False
2026-08-30T19:36:46.560+00:00,heldout,1,220,HNSW_HYBRID,wide_or,category_01,866,False,4,0.93802,"[0.50,1.00)",36.704708,1.0,False,exact_seq,SQL_FIRST,False
2026-08-30T19:36:46.597+00:00,heldout,1,220,IVFFLAT_HYBRID,wide_or,category_01,866,False,4,0.93802,"[0.50,1.00)",37.010208,1.0,False,exact_seq,SQL_FIRST,False
2026-08-30T19:36:46.614+00:00,heldout,0,129,SQL_FIRST,price_range_mid,category_08,975,False,2,0.10135,"[0.10,0.25)",14.4245,1.0,True,exact_bitmap,HNSW_HYBRID,False
2026-08-30T19:36:46.650+00:00,heldout,0,129,VECTOR_FIRST_HNSW,price_range_mid,category_08,975,False,2,0.10135,"[0.10,0.25)",33.497125,1.0,False,exact_bitmap,HNSW_HYBRID,False
2026-08-30T19:36:46.666+00:00,heldout,0,129,HNSW_HYBRID,price_range_mid,category_08,975,False,2,0.10135,"[0.10,0.25)",14.166,1.0,False,exact_bitmap,HNSW_HYBRID,True
2026-08-30T19:36:46.684+00:00,heldout,0,129,IVFFLAT_HYBRID,price_range_mid,category_08,975,False,2,0.10135,"[0.10,0.25)",16.142333,1.0,False,exact_bitmap,HNSW_HYBRID,False
2026-08-30T19:36:46.700+00:00,heldout,1,129,SQL_FIRST,price_range_mid,category_08,975,False,2,0.10135,"[0.10,0.25)",16.093834,1.0,True,exact_bitmap,HNSW_HYBRID,False
2026-08-30T19:36:46.734+00:00,heldout,1,129,VECTOR_FIRST_HNSW,price_range_mid,category_08,975,False,2,0.10135,"[0.10,0.25)",33.40575,1.0,False,exact_bitmap,HNSW_HYBRID,False
2026-08-30T19:36:46.750+00:00,heldout,1,129,HNSW_HYBRID,price_range_mid,category_08,975,False,2,0.10135,"[0.10,0.25)",14.98975,1.0,False,exact_bitmap,HNSW_HYBRID,True
2026-08-30T19:36:46.767+00:00,heldout,1,129,IVFFLAT_HYBRID,price_range_mid,category_08,975,False,2,0.10135,"[0.10,0.25)",16.4955,1.0,False,exact_bitmap,HNSW_HYBRID,False
2026-08-30T19:36:46.785+00:00,heldout,0,74,SQL_FIRST,single_category,category_02,465,True,1,0.098965,"[0.05,0.10)",15.966625,1.0,True,exact_bitmap,HNSW_HYBRID,False
2026-08-30T19:36:46.816+00:00,heldout,0,74,VECTOR_FIRST_HNSW,single_category,category_02,465,True,1,0.098965,"[0.05,0.10)",29.112125,0.7,False,exact_bitmap,HNSW_HYBRID,False
2026-08-30T19:36:46.831+00:00,heldout,0,74,HNSW_HYBRID,single_category,category_02,465,True,1,0.098965,"[0.05,0.10)",13.68525,1.0,False,exact_bitmap,HNSW_HYBRID,True
2026-08-30T19:36:46.845+00:00,heldout,0,74,IVFFLAT_HYBRID,single_category,category_02,465,True,1,0.098965,"[0.05,0.10)",13.157542,1.0,False,exact_bitmap,HNSW_HYBRID,False
2026-08-30T19:36:46.861+00:00,heldout,1,74,SQL_FIRST,single_category,category_02,465,True,1,0.098965,"[0.05,0.10)",15.53725,1.0,True,exact_bitmap,HNSW_HYBRID,False
2026-08-30T19:36:46.896+00:00,heldout,1,74,VECTOR_FIRST_HNSW,single_category,category_02,465,True,1,0.098965,"[0.05,0.10)",33.749542,0.7,False,exact_bitmap,HNSW_HYBRID,False
2026-08-30T19:36:46.913+00:00,heldout,1,74,HNSW_HYBRID,single_category,category_02,465,True,1,0.098965,"[0.05,0.10)",16.084333,1.0,False,exact_bitmap,HNSW_HYBRID,True
2026-08-30T19:36:46.929+00:00,heldout,1,74,IVFFLAT_HYBRID,single_category,category_02,465,True,1,0.098965,"[0.05,0.10)",15.653708,1.0,False,exact_bitmap,HNSW_HYBRID,False
2026-08-30T19:36:46.959+00:00,heldout,0,114,SQL_FIRST,two_categories,category_02,385,False,2,0.202665,"[0.10,0.25)",26.867459,1.0,True,exact_bitmap,HNSW_HYBRID,False
2026-08-30T19:36:46.994+00:00,heldout,0,114,VECTOR_FIRST_HNSW,two_categories,category_02,385,False,2,0.202665,"[0.10,0.25)",33.6045,1.0,False,exact_bitmap,HNSW_HYBRID,False
2026-08-30T19:36:47.023+00:00,heldout,0,114,HNSW_HYBRID,two_categories,category_02,385,False,2,0.202665,"[0.10,0.25)",28.23875,1.0,False,exact_bitmap,HNSW_HYBRID,True
2026-08-30T19:36:47.051+00:00,heldout,0,114,IVFFLAT_HYBRID,two_categories,category_02,385,False,2,0.202665,"[0.10,0.25)",27.043042,1.0,False,exact_bitmap,HNSW_HYBRID,False
2026-08-30T19:36:47.079+00:00,heldout,1,114,SQL_FIRST,two_categories,category_02,385,False,2,0.202665,"[0.10,0.25)",27.423875,1.0,True,exact_bitmap,HNSW_HYBRID,False
2026-08-30T19:36:47.114+00:00,heldout,1,114,VECTOR_FIRST_HNSW,two_categories,category_02,385,False,2,0.202665,"[0.10,0.25)",34.969459,1.0,False,exact_bitmap,HNSW_HYBRID,False
2026-08-30T19:36:47.140+00:00,heldout,1,114,HNSW_HYBRID,two_categories,category_02,385,False,2,0.202665,"[0.10,0.25)",24.769875,1.0,False,exact_bitmap,HNSW_HYBRID,True
2026-08-30T19:36:47.168+00:00,heldout,1,114,IVFFLAT_HYBRID,two_categories,category_02,385,False,2,0.202665,"[0.10,0.25)",27.349542,1.0,False,exact_bitmap,HNSW_HYBRID,False
2026-08-30T19:36:47.186+00:00,heldout,0,89,SQL_FIRST,single_category,category_09,746,True,1,0.0999,"[0.05,0.10)",16.042625,1.0,True,exact_bitmap,HNSW_HYBRID,False
2026-08-30T19:36:47.221+00:00,heldout,0,89,VECTOR_FIRST_HNSW,single_category,category_09,746,True,1,0.0999,"[0.05,0.10)",33.8885,1.0,False,exact_bitmap,HNSW_HYBRID,False
2026-08-30T19:36:47.237+00:00,heldout,0,89,HNSW_HYBRID,single_category,category_09,746,True,1,0.0999,"[0.05,0.10)",13.989083,1.0,False,exact_bitmap,HNSW_HYBRID,True
2026-08-30T19:36:47.254+00:00,heldout,0,89,IVFFLAT_HYBRID,single_category,category_09,746,True,1,0.0999,"[0.05,0.10)",15.809458,1.0,False,exact_bitmap,HNSW_HYBRID,False
2026-08-30T19:36:47.270+00:00,heldout,1,89,SQL_FIRST,single_category,category_09,746,True,1,0.0999,"[0.05,0.10)",15.908708,1.0,True,exact_bitmap,HNSW_HYBRID,False
2026-08-30T19:36:47.305+00:00,heldout,1,89,VECTOR_FIRST_HNSW,single_category,category_09,746,True,1,0.0999,"[0.05,0.10)",33.537584,1.0,False,exact_bitmap,HNSW_HYBRID,False
2026-08-30T19:36:47.320+00:00,heldout,1,89,HNSW_HYBRID,single_category,category_09,746,True,1,0.0999,"[0.05,0.10)",14.020959,1.0,False,exact_bitmap,HNSW_HYBRID,True
2026-08-30T19:36:47.336+00:00,heldout,1,89,IVFFLAT_HYBRID,single_category,category_09,746,True,1,0.0999,"[0.05,0.10)",15.867333,1.0,False,exact_bitmap,HNSW_HYBRID,False
2026-08-30T19:36:47.356+00:00,heldout,0,140,SQL_FIRST,price_range_mid,category_01,758,True,2,0.100395,"[0.10,0.25)",16.408917,1.0,True,exact_bitmap,HNSW_HYBRID,False
2026-08-30T19:36:47.392+00:00,heldout,0,140,VECTOR_FIRST_HNSW,price_range_mid,category_01,758,True,2,0.100395,"[0.10,0.25)",33.529375,0.9,False,exact_bitmap,HNSW_HYBRID,False
2026-08-30T19:36:47.408+00:00,heldout,0,140,HNSW_HYBRID,price_range_mid,category_01,758,True,2,0.100395,"[0.10,0.25)",14.684125,1.0,False,exact_bitmap,HNSW_HYBRID,True
2026-08-30T19:36:47.426+00:00,heldout,0,140,IVFFLAT_HYBRID,price_range_mid,category_01,758,True,2,0.100395,"[0.10,0.25)",16.156667,1.0,False,exact_bitmap,HNSW_HYBRID,False
2026-08-30T19:36:47.443+00:00,heldout,1,140,SQL_FIRST,price_range_mid,category_01,758,True,2,0.100395,"[0.10,0.25)",16.348625,1.0,True,exact_bitmap,HNSW_HYBRID,False
2026-08-30T19:36:47.477+00:00,heldout,1,140,VECTOR_FIRST_HNSW,price_range_mid,category_01,758,True,2,0.100395,"[0.10,0.25)",33.603333,0.9,False,exact_bitmap,HNSW_HYBRID,False
2026-08-30T19:36:47.493+00:00,heldout,1,140,HNSW_HYBRID,price_range_mid,category_01,758,True,2,0.100395,"[0.10,0.25)",14.692916,1.0,False,exact_bitmap,HNSW_HYBRID,True
2026-08-30T19:36:47.510+00:00,heldout,1,140,IVFFLAT_HYBRID,price_range_mid,category_01,758,True,2,0.100395,"[0.10,0.25)",16.352917,1.0,False,exact_bitmap,HNSW_HYBRID,False
2026-08-30T19:36:47.528+00:00,heldout,0,98,SQL_FIRST,single_category,category_02,986,True,1,0.098965,"[0.05,0.10)",15.602125,1.0,True,exact_bitmap,HNSW_HYBRID,False
2026-08-30T19:36:47.563+00:00,heldout,0,98,VECTOR_FIRST_HNSW,single_category,category_02,986,True,1,0.098965,"[0.05,0.10)",33.291,0.7,False,exact_bitmap,HNSW_HYBRID,False
2026-08-30T19:36:47.579+00:00,heldout,0,98,HNSW_HYBRID,single_category,category_02,986,True,1,0.098965,"[0.05,0.10)",14.91275,1.0,False,exact_bitmap,HNSW_HYBRID,True
2026-08-30T19:36:47.597+00:00,heldout,0,98,IVFFLAT_HYBRID,single_category,category_02,986,True,1,0.098965,"[0.05,0.10)",15.88975,1.0,False,exact_bitmap,HNSW_HYBRID,False
2026-08-30T19:36:47.613+00:00,heldout,1,98,SQL_FIRST,single_category,category_02,986,True,1,0.098965,"[0.05,0.10)",15.96925,1.0,True,exact_bitmap,HNSW_HYBRID,False
2026-08-30T19:36:47.647+00:00,heldout,1,98,VECTOR_FIRST_HNSW,single_category,category_02,986,True,1,0.098965,"[0.05,0.10)",33.604416,0.7,False,exact_bitmap,HNSW_HYBRID,False
2026-08-30T19:36:47.662+00:00,heldout,1,98,HNSW_HYBRID,single_category,category_02,986,True,1,0.098965,"[0.05,0.10)",13.708958,1.0,False,exact_bitmap,HNSW_HYBRID,True
2026-08-30T19:36:47.679+00:00,heldout,1,98,IVFFLAT_HYBRID,single_category,category_02,986,True,1,0.098965,"[0.05,0.10)",16.011125,1.0,False,exact_bitmap,HNSW_HYBRID,False
2026-08-30T19:36:47.708+00:00,heldout,0,229,SQL_FIRST,stock_alone,category_00,327,True,4,0.500835,"[0.50,1.00)",26.529458,1.0,True,exact_seq,SQL_FIRST,True
2026-08-30T19:36:47.743+00:00,heldout,0,229,VECTOR_FIRST_HNSW,stock_alone,category_00,327,True,4,0.500835,"[0.50,1.00)",32.117042,1.0,False,exact_bitmap,SQL_FIRST,False
2026-08-30T19:36:47.769+00:00,heldout,0,229,HNSW_HYBRID,stock_alone,category_00,327,True,4,0.500835,"[0.50,1.00)",24.753041,1.0,False,exact_seq,SQL_FIRST,False
2026-08-30T19:36:47.795+00:00,heldout,0,229,IVFFLAT_HYBRID,stock_alone,category_00,327,True,4,0.500835,"[0.50,1.00)",24.698042,1.0,False,exact_seq,SQL_FIRST,False
2026-08-30T19:36:47.821+00:00,heldout,1,229,SQL_FIRST,stock_alone,category_00,327,True,4,0.500835,"[0.50,1.00)",25.009625,1.0,True,exact_seq,SQL_FIRST,True
2026-08-30T19:36:47.853+00:00,heldout,1,229,VECTOR_FIRST_HNSW,stock_alone,category_00,327,True,4,0.500835,"[0.50,1.00)",31.663375,1.0,False,exact_bitmap,SQL_FIRST,False
2026-08-30T19:36:47.879+00:00,heldout,1,229,HNSW_HYBRID,stock_alone,category_00,327,True,4,0.500835,"[0.50,1.00)",24.692625,1.0,False,exact_seq,SQL_FIRST,False
2026-08-30T19:36:47.904+00:00,heldout,1,229,IVFFLAT_HYBRID,stock_alone,category_00,327,True,4,0.500835,"[0.50,1.00)",24.656375,1.0,False,exact_seq,SQL_FIRST,False
2026-08-30T19:36:47.910+00:00,heldout,0,13,SQL_FIRST,category_narrow_price,category_04,299,True,0,0.00493,"[0.00,0.05)",2.893,1.0,True,exact_bitmap,IVFFLAT_HYBRID,False
2026-08-30T19:36:47.945+00:00,heldout,0,13,VECTOR_FIRST_HNSW,category_narrow_price,category_04,299,True,0,0.00493,"[0.00,0.05)",33.344834,0.0,False,exact_bitmap,IVFFLAT_HYBRID,False
2026-08-30T19:36:47.949+00:00,heldout,0,13,HNSW_HYBRID,category_narrow_price,category_04,299,True,0,0.00493,"[0.00,0.05)",2.625166,1.0,False,exact_bitmap,IVFFLAT_HYBRID,False
2026-08-30T19:36:47.954+00:00,heldout,0,13,IVFFLAT_HYBRID,category_narrow_price,category_04,299,True,0,0.00493,"[0.00,0.05)",3.8845,1.0,False,exact_bitmap,IVFFLAT_HYBRID,True
2026-08-30T19:36:47.958+00:00,heldout,1,13,SQL_FIRST,category_narrow_price,category_04,299,True,0,0.00493,"[0.00,0.05)",3.998375,1.0,True,exact_bitmap,IVFFLAT_HYBRID,False
2026-08-30T19:36:47.992+00:00,heldout,1,13,VECTOR_FIRST_HNSW,category_narrow_price,category_04,299,True,0,0.00493,"[0.00,0.05)",33.941542,0.0,False,exact_bitmap,IVFFLAT_HYBRID,False
2026-08-30T19:36:47.995+00:00,heldout,1,13,HNSW_HYBRID,category_narrow_price,category_04,299,True,0,0.00493,"[0.00,0.05)",2.795125,1.0,False,exact_bitmap,IVFFLAT_HYBRID,False
2026-08-30T19:36:47.999+00:00,heldout,1,13,IVFFLAT_HYBRID,category_narrow_price,category_04,299,True,0,0.00493,"[0.00,0.05)",3.536292,1.0,False,exact_bitmap,IVFFLAT_HYBRID,True
2026-08-30T19:36:48.036+00:00,heldout,0,228,SQL_FIRST,wide_or,category_00,576,True,4,0.808535,"[0.50,1.00)",35.972208,1.0,True,exact_seq,SQL_FIRST,True
2026-08-30T19:36:48.069+00:00,heldout,0,228,VECTOR_FIRST_HNSW,wide_or,category_00,576,True,4,0.808535,"[0.50,1.00)",31.897334,1.0,False,exact_bitmap,SQL_FIRST,False
2026-08-30T19:36:48.105+00:00,heldout,0,228,HNSW_HYBRID,wide_or,category_00,576,True,4,0.808535,"[0.50,1.00)",34.342625,1.0,False,exact_seq,SQL_FIRST,False
2026-08-30T19:36:48.140+00:00,heldout,0,228,IVFFLAT_HYBRID,wide_or,category_00,576,True,4,0.808535,"[0.50,1.00)",33.877917,1.0,False,exact_seq,SQL_FIRST,False
2026-08-30T19:36:48.174+00:00,heldout,1,228,SQL_FIRST,wide_or,category_00,576,True,4,0.808535,"[0.50,1.00)",34.01725,1.0,True,exact_seq,SQL_FIRST,True
2026-08-30T19:36:48.205+00:00,heldout,1,228,VECTOR_FIRST_HNSW,wide_or,category_00,576,True,4,0.808535,"[0.50,1.00)",30.263084,1.0,False,exact_bitmap,SQL_FIRST,False
2026-08-30T19:36:48.239+00:00,heldout,1,228,HNSW_HYBRID,wide_or,category_00,576,True,4,0.808535,"[0.50,1.00)",33.516458,1.0,False,exact_seq,SQL_FIRST,False
2026-08-30T19:36:48.273+00:00,heldout,1,228,IVFFLAT_HYBRID,wide_or,category_00,576,True,4,0.808535,"[0.50,1.00)",33.398625,1.0,False,exact_seq,SQL_FIRST,False
2026-08-30T19:36:48.298+00:00,heldout,0,168,SQL_FIRST,three_categories,category_08,375,False,3,0.272595,"[0.25,0.50)",21.776709,1.0,True,exact_bitmap,SQL_FIRST,True
2026-08-30T19:36:48.332+00:00,heldout,0,168,VECTOR_FIRST_HNSW,three_categories,category_08,375,False,3,0.272595,"[0.25,0.50)",31.565833,1.0,False,exact_bitmap,SQL_FIRST,False
2026-08-30T19:36:48.354+00:00,heldout,0,168,HNSW_HYBRID,three_categories,category_08,375,False,3,0.272595,"[0.25,0.50)",21.058834,1.0,False,exact_bitmap,SQL_FIRST,False
2026-08-30T19:36:48.376+00:00,heldout,0,168,IVFFLAT_HYBRID,three_categories,category_08,375,False,3,0.272595,"[0.25,0.50)",20.940458,1.0,False,exact_bitmap,SQL_FIRST,False
2026-08-30T19:36:48.400+00:00,heldout,1,168,SQL_FIRST,three_categories,category_08,375,False,3,0.272595,"[0.25,0.50)",22.79,1.0,True,exact_bitmap,SQL_FIRST,True
2026-08-30T19:36:48.434+00:00,heldout,1,168,VECTOR_FIRST_HNSW,three_categories,category_08,375,False,3,0.272595,"[0.25,0.50)",33.381792,1.0,False,exact_bitmap,SQL_FIRST,False
2026-08-30T19:36:48.455+00:00,heldout,1,168,HNSW_HYBRID,three_categories,category_08,375,False,3,0.272595,"[0.25,0.50)",20.286666,1.0,False,exact_bitmap,SQL_FIRST,False
2026-08-30T19:36:48.477+00:00,heldout,1,168,IVFFLAT_HYBRID,three_categories,category_08,375,False,3,0.272595,"[0.25,0.50)",21.062667,1.0,False,exact_bitmap,SQL_FIRST,False
2026-08-30T19:36:48.490+00:00,heldout,0,8,SQL_FIRST,category_and_stock,category_01,295,False,0,0.04925,"[0.00,0.05)",10.957542,1.0,True,exact_bitmap,IVFFLAT_HYBRID,False
2026-08-30T19:36:48.525+00:00,heldout,0,8,VECTOR_FIRST_HNSW,category_and_stock,category_01,295,False,0,0.04925,"[0.00,0.05)",33.41075,0.2,False,exact_bitmap,IVFFLAT_HYBRID,False
2026-08-30T19:36:48.539+00:00,heldout,0,8,HNSW_HYBRID,category_and_stock,category_01,295,False,0,0.04925,"[0.00,0.05)",11.33625,1.0,False,exact_bitmap,IVFFLAT_HYBRID,False
2026-08-30T19:36:48.553+00:00,heldout,0,8,IVFFLAT_HYBRID,category_and_stock,category_01,295,False,0,0.04925,"[0.00,0.05)",12.800709,1.0,False,exact_bitmap,IVFFLAT_HYBRID,True
2026-08-30T19:36:48.567+00:00,heldout,1,8,SQL_FIRST,category_and_stock,category_01,295,False,0,0.04925,"[0.00,0.05)",13.561291,1.0,True,exact_bitmap,IVFFLAT_HYBRID,False
2026-08-30T19:36:48.601+00:00,heldout,1,8,VECTOR_FIRST_HNSW,category_and_stock,category_01,295,False,0,0.04925,"[0.00,0.05)",33.349833,0.2,False,exact_bitmap,IVFFLAT_HYBRID,False
2026-08-30T19:36:48.613+00:00,heldout,1,8,HNSW_HYBRID,category_and_stock,category_01,295,False,0,0.04925,"[0.00,0.05)",11.409917,1.0,False,exact_bitmap,IVFFLAT_HYBRID,False
2026-08-30T19:36:48.627+00:00,heldout,1,8,IVFFLAT_HYBRID,category_and_stock,category_01,295,False,0,0.04925,"[0.00,0.05)",13.942,1.0,False,exact_bitmap,IVFFLAT_HYBRID,True
2026-08-30T19:36:48.656+00:00,heldout,0,197,SQL_FIRST,category_or_price,category_03,297,True,3,0.3663,"[0.25,0.50)",26.697292,1.0,True,exact_seq,SQL_FIRST,True
2026-08-30T19:36:48.691+00:00,heldout,0,197,VECTOR_FIRST_HNSW,category_or_price,category_03,297,True,3,0.3663,"[0.25,0.50)",32.614958,1.0,False,exact_bitmap,SQL_FIRST,False
2026-08-30T19:36:48.717+00:00,heldout,0,197,HNSW_HYBRID,category_or_price,category_03,297,True,3,0.3663,"[0.25,0.50)",24.896208,1.0,False,exact_seq,SQL_FIRST,False
2026-08-30T19:36:48.743+00:00,heldout,0,197,IVFFLAT_HYBRID,category_or_price,category_03,297,True,3,0.3663,"[0.25,0.50)",24.676959,1.0,False,exact_seq,SQL_FIRST,False
2026-08-30T19:36:48.769+00:00,heldout,1,197,SQL_FIRST,category_or_price,category_03,297,True,3,0.3663,"[0.25,0.50)",25.048666,1.0,True,exact_seq,SQL_FIRST,True
2026-08-30T19:36:48.801+00:00,heldout,1,197,VECTOR_FIRST_HNSW,category_or_price,category_03,297,True,3,0.3663,"[0.25,0.50)",31.948583,1.0,False,exact_bitmap,SQL_FIRST,False
2026-08-30T19:36:48.827+00:00,heldout,1,197,HNSW_HYBRID,category_or_price,category_03,297,True,3,0.3663,"[0.25,0.50)",24.925125,1.0,False,exact_seq,SQL_FIRST,False
2026-08-30T19:36:48.853+00:00,heldout,1,197,IVFFLAT_HYBRID,category_or_price,category_03,297,True,3,0.3663,"[0.25,0.50)",25.333625,1.0,False,exact_seq,SQL_FIRST,False
2026-08-30T19:36:48.877+00:00,heldout,0,199,SQL_FIRST,three_categories,category_02,322,True,3,0.2705,"[0.25,0.50)",21.838666,1.0,True,exact_bitmap,SQL_FIRST,True
2026-08-30T19:36:48.911+00:00,heldout,0,199,VECTOR_FIRST_HNSW,three_categories,category_02,322,True,3,0.2705,"[0.25,0.50)",32.184291,1.0,False,exact_bitmap,SQL_FIRST,False
2026-08-30T19:36:48.934+00:00,heldout,0,199,HNSW_HYBRID,three_categories,category_02,322,True,3,0.2705,"[0.25,0.50)",21.147875,1.0,False,exact_bitmap,SQL_FIRST,False
2026-08-30T19:36:48.957+00:00,heldout,0,199,IVFFLAT_HYBRID,three_categories,category_02,322,True,3,0.2705,"[0.25,0.50)",21.284625,1.0,False,exact_bitmap,SQL_FIRST,False
2026-08-30T19:36:48.981+00:00,heldout,1,199,SQL_FIRST,three_categories,category_02,322,True,3,0.2705,"[0.25,0.50)",23.880083,1.0,True,exact_bitmap,SQL_FIRST,True
2026-08-30T19:36:49.015+00:00,heldout,1,199,VECTOR_FIRST_HNSW,three_categories,category_02,322,True,3,0.2705,"[0.25,0.50)",33.677125,1.0,False,exact_bitmap,SQL_FIRST,False
2026-08-30T19:36:49.037+00:00,heldout,1,199,HNSW_HYBRID,three_categories,category_02,322,True,3,0.2705,"[0.25,0.50)",21.256791,1.0,False,exact_bitmap,SQL_FIRST,False
2026-08-30T19:36:49.058+00:00,heldout,1,199,IVFFLAT_HYBRID,three_categories,category_02,322,True,3,0.2705,"[0.25,0.50)",21.081041,1.0,False,exact_bitmap,SQL_FIRST,False
2026-08-30T19:36:49.082+00:00,heldout,0,174,SQL_FIRST,three_categories,category_00,926,False,3,0.271845,"[0.25,0.50)",21.682042,1.0,True,exact_bitmap,SQL_FIRST,True
2026-08-30T19:36:49.115+00:00,heldout,0,174,VECTOR_FIRST_HNSW,three_categories,category_00,926,False,3,0.271845,"[0.25,0.50)",31.906833,1.0,False,exact_bitmap,SQL_FIRST,False
2026-08-30T19:36:49.145+00:00,heldout,0,174,HNSW_HYBRID,three_categories,category_00,926,False,3,0.271845,"[0.25,0.50)",27.660917,1.0,False,exact_bitmap,SQL_FIRST,False
2026-08-30T19:36:49.169+00:00,heldout,0,174,IVFFLAT_HYBRID,three_categories,category_00,926,False,3,0.271845,"[0.25,0.50)",23.630084,1.0,False,exact_bitmap,SQL_FIRST,False
2026-08-30T19:36:49.190+00:00,heldout,1,174,SQL_FIRST,three_categories,category_00,926,False,3,0.271845,"[0.25,0.50)",21.107916,1.0,True,exact_bitmap,SQL_FIRST,True
2026-08-30T19:36:49.224+00:00,heldout,1,174,VECTOR_FIRST_HNSW,three_categories,category_00,926,False,3,0.271845,"[0.25,0.50)",32.575292,1.0,False,exact_bitmap,SQL_FIRST,False
2026-08-30T19:36:49.245+00:00,heldout,1,174,HNSW_HYBRID,three_categories,category_00,926,False,3,0.271845,"[0.25,0.50)",21.195542,1.0,False,exact_bitmap,SQL_FIRST,False
2026-08-30T19:36:49.267+00:00,heldout,1,174,IVFFLAT_HYBRID,three_categories,category_00,926,False,3,0.271845,"[0.25,0.50)",21.075875,1.0,False,exact_bitmap,SQL_FIRST,False
2026-08-30T19:36:49.285+00:00,heldout,0,125,SQL_FIRST,single_category_alone,category_07,583,False,2,0.100435,"[0.10,0.25)",14.768875,1.0,True,exact_bitmap,HNSW_HYBRID,False
2026-08-30T19:36:49.320+00:00,heldout,0,125,VECTOR_FIRST_HNSW,single_category_alone,category_07,583,False,2,0.100435,"[0.10,0.25)",33.467375,0.8,False,exact_bitmap,HNSW_HYBRID,False
2026-08-30T19:36:49.336+00:00,heldout,0,125,HNSW_HYBRID,single_category_alone,category_07,583,False,2,0.100435,"[0.10,0.25)",14.55825,1.0,False,exact_bitmap,HNSW_HYBRID,True
2026-08-30T19:36:49.354+00:00,heldout,0,125,IVFFLAT_HYBRID,single_category_alone,category_07,583,False,2,0.100435,"[0.10,0.25)",15.704791,1.0,False,exact_bitmap,HNSW_HYBRID,False
2026-08-30T19:36:49.371+00:00,heldout,1,125,SQL_FIRST,single_category_alone,category_07,583,False,2,0.100435,"[0.10,0.25)",16.137041,1.0,True,exact_bitmap,HNSW_HYBRID,False
2026-08-30T19:36:49.407+00:00,heldout,1,125,VECTOR_FIRST_HNSW,single_category_alone,category_07,583,False,2,0.100435,"[0.10,0.25)",34.75575,0.8,False,exact_bitmap,HNSW_HYBRID,False
2026-08-30T19:36:49.422+00:00,heldout,1,125,HNSW_HYBRID,single_category_alone,category_07,583,False,2,0.100435,"[0.10,0.25)",14.799458,1.0,False,exact_bitmap,HNSW_HYBRID,True
2026-08-30T19:36:49.439+00:00,heldout,1,125,IVFFLAT_HYBRID,single_category_alone,category_07,583,False,2,0.100435,"[0.10,0.25)",15.964292,1.0,False,exact_bitmap,HNSW_HYBRID,False
2026-08-30T19:36:49.465+00:00,heldout,0,172,SQL_FIRST,category_or_price,category_06,182,False,3,0.25821,"[0.25,0.50)",22.581958,1.0,True,exact_bitmap,SQL_FIRST,True
2026-08-30T19:36:49.498+00:00,heldout,0,172,VECTOR_FIRST_HNSW,category_or_price,category_06,182,False,3,0.25821,"[0.25,0.50)",31.898917,1.0,False,exact_bitmap,SQL_FIRST,False
2026-08-30T19:36:49.521+00:00,heldout,0,172,HNSW_HYBRID,category_or_price,category_06,182,False,3,0.25821,"[0.25,0.50)",21.219792,1.0,False,exact_bitmap,SQL_FIRST,False
2026-08-30T19:36:49.544+00:00,heldout,0,172,IVFFLAT_HYBRID,category_or_price,category_06,182,False,3,0.25821,"[0.25,0.50)",20.918708,1.0,False,exact_bitmap,SQL_FIRST,False
2026-08-30T19:36:49.565+00:00,heldout,1,172,SQL_FIRST,category_or_price,category_06,182,False,3,0.25821,"[0.25,0.50)",20.383292,1.0,True,exact_bitmap,SQL_FIRST,True
2026-08-30T19:36:49.598+00:00,heldout,1,172,VECTOR_FIRST_HNSW,category_or_price,category_06,182,False,3,0.25821,"[0.25,0.50)",33.387916,1.0,False,exact_bitmap,SQL_FIRST,False
2026-08-30T19:36:49.620+00:00,heldout,1,172,HNSW_HYBRID,category_or_price,category_06,182,False,3,0.25821,"[0.25,0.50)",20.272959,1.0,False,exact_bitmap,SQL_FIRST,False
2026-08-30T19:36:49.641+00:00,heldout,1,172,IVFFLAT_HYBRID,category_or_price,category_06,182,False,3,0.25821,"[0.25,0.50)",21.048833,1.0,False,exact_bitmap,SQL_FIRST,False
2026-08-30T19:36:49.657+00:00,heldout,0,71,SQL_FIRST,single_category,category_04,323,True,1,0.0967,"[0.05,0.10)",13.712,1.0,True,exact_bitmap,HNSW_HYBRID,False
2026-08-30T19:36:49.694+00:00,heldout,0,71,VECTOR_FIRST_HNSW,single_category,category_04,323,True,1,0.0967,"[0.05,0.10)",34.959084,0.7,False,exact_bitmap,HNSW_HYBRID,False
2026-08-30T19:36:49.709+00:00,heldout,0,71,HNSW_HYBRID,single_category,category_04,323,True,1,0.0967,"[0.05,0.10)",13.812875,1.0,False,exact_bitmap,HNSW_HYBRID,True
2026-08-30T19:36:49.726+00:00,heldout,0,71,IVFFLAT_HYBRID,single_category,category_04,323,True,1,0.0967,"[0.05,0.10)",15.507416,1.0,False,exact_bitmap,HNSW_HYBRID,False
2026-08-30T19:36:49.742+00:00,heldout,1,71,SQL_FIRST,single_category,category_04,323,True,1,0.0967,"[0.05,0.10)",15.651333,1.0,True,exact_bitmap,HNSW_HYBRID,False
2026-08-30T19:36:49.777+00:00,heldout,1,71,VECTOR_FIRST_HNSW,single_category,category_04,323,True,1,0.0967,"[0.05,0.10)",33.939208,0.7,False,exact_bitmap,HNSW_HYBRID,False
2026-08-30T19:36:49.791+00:00,heldout,1,71,HNSW_HYBRID,single_category,category_04,323,True,1,0.0967,"[0.05,0.10)",14.259,1.0,False,exact_bitmap,HNSW_HYBRID,True
2026-08-30T19:36:49.807+00:00,heldout,1,71,IVFFLAT_HYBRID,single_category,category_04,323,True,1,0.0967,"[0.05,0.10)",14.65125,1.0,False,exact_bitmap,HNSW_HYBRID,False
2026-08-30T19:36:49.832+00:00,heldout,0,134,SQL_FIRST,two_categories,category_06,495,False,2,0.199965,"[0.10,0.25)",23.056958,1.0,True,exact_bitmap,HNSW_HYBRID,False
2026-08-30T19:36:49.864+00:00,heldout,0,134,VECTOR_FIRST_HNSW,two_categories,category_06,495,False,2,0.199965,"[0.10,0.25)",30.05175,1.0,False,exact_bitmap,HNSW_HYBRID,False
2026-08-30T19:36:49.890+00:00,heldout,0,134,HNSW_HYBRID,two_categories,category_06,495,False,2,0.199965,"[0.10,0.25)",24.596792,1.0,False,exact_bitmap,HNSW_HYBRID,True
2026-08-30T19:36:49.918+00:00,heldout,0,134,IVFFLAT_HYBRID,two_categories,category_06,495,False,2,0.199965,"[0.10,0.25)",26.668416,1.0,False,exact_bitmap,HNSW_HYBRID,False
2026-08-30T19:36:49.946+00:00,heldout,1,134,SQL_FIRST,two_categories,category_06,495,False,2,0.199965,"[0.10,0.25)",26.799667,1.0,True,exact_bitmap,HNSW_HYBRID,False
2026-08-30T19:36:49.980+00:00,heldout,1,134,VECTOR_FIRST_HNSW,two_categories,category_06,495,False,2,0.199965,"[0.10,0.25)",33.970458,1.0,False,exact_bitmap,HNSW_HYBRID,False
2026-08-30T19:36:50.006+00:00,heldout,1,134,HNSW_HYBRID,two_categories,category_06,495,False,2,0.199965,"[0.10,0.25)",25.528542,1.0,False,exact_bitmap,HNSW_HYBRID,True
2026-08-30T19:36:50.034+00:00,heldout,1,134,IVFFLAT_HYBRID,two_categories,category_06,495,False,2,0.199965,"[0.10,0.25)",27.132958,1.0,False,exact_bitmap,HNSW_HYBRID,False
2026-08-30T19:36:50.039+00:00,heldout,0,39,SQL_FIRST,category_narrow_price,category_07,779,False,0,0.005025,"[0.00,0.05)",3.926667,1.0,True,exact_bitmap,IVFFLAT_HYBRID,False
2026-08-30T19:36:50.074+00:00,heldout,0,39,VECTOR_FIRST_HNSW,category_narrow_price,category_07,779,False,0,0.005025,"[0.00,0.05)",33.431667,0.0,False,exact_bitmap,IVFFLAT_HYBRID,False
2026-08-30T19:36:50.077+00:00,heldout,0,39,HNSW_HYBRID,category_narrow_price,category_07,779,False,0,0.005025,"[0.00,0.05)",2.547167,1.0,False,exact_bitmap,IVFFLAT_HYBRID,False
2026-08-30T19:36:50.081+00:00,heldout,0,39,IVFFLAT_HYBRID,category_narrow_price,category_07,779,False,0,0.005025,"[0.00,0.05)",3.322375,1.0,False,exact_bitmap,IVFFLAT_HYBRID,True
2026-08-30T19:36:50.085+00:00,heldout,1,39,SQL_FIRST,category_narrow_price,category_07,779,False,0,0.005025,"[0.00,0.05)",3.31125,1.0,True,exact_bitmap,IVFFLAT_HYBRID,False
2026-08-30T19:36:50.119+00:00,heldout,1,39,VECTOR_FIRST_HNSW,category_narrow_price,category_07,779,False,0,0.005025,"[0.00,0.05)",33.41375,0.0,False,exact_bitmap,IVFFLAT_HYBRID,False
2026-08-30T19:36:50.123+00:00,heldout,1,39,HNSW_HYBRID,category_narrow_price,category_07,779,False,0,0.005025,"[0.00,0.05)",2.974792,1.0,False,exact_bitmap,IVFFLAT_HYBRID,False
2026-08-30T19:36:50.126+00:00,heldout,1,39,IVFFLAT_HYBRID,category_narrow_price,category_07,779,False,0,0.005025,"[0.00,0.05)",2.689125,1.0,False,exact_bitmap,IVFFLAT_HYBRID,True
2026-08-30T19:36:50.144+00:00,heldout,0,72,SQL_FIRST,single_category,category_06,567,False,1,0.099535,"[0.05,0.10)",15.859666,1.0,True,exact_bitmap,HNSW_HYBRID,False
2026-08-30T19:36:50.179+00:00,heldout,0,72,VECTOR_FIRST_HNSW,single_category,category_06,567,False,1,0.099535,"[0.05,0.10)",33.814125,1.0,False,exact_bitmap,HNSW_HYBRID,False
2026-08-30T19:36:50.195+00:00,heldout,0,72,HNSW_HYBRID,single_category,category_06,567,False,1,0.099535,"[0.05,0.10)",14.75625,1.0,False,exact_bitmap,HNSW_HYBRID,True
2026-08-30T19:36:50.212+00:00,heldout,0,72,IVFFLAT_HYBRID,single_category,category_06,567,False,1,0.099535,"[0.05,0.10)",15.868541,1.0,False,exact_bitmap,HNSW_HYBRID,False
2026-08-30T19:36:50.228+00:00,heldout,1,72,SQL_FIRST,single_category,category_06,567,False,1,0.099535,"[0.05,0.10)",16.151166,1.0,True,exact_bitmap,HNSW_HYBRID,False
2026-08-30T19:36:50.263+00:00,heldout,1,72,VECTOR_FIRST_HNSW,single_category,category_06,567,False,1,0.099535,"[0.05,0.10)",33.697417,1.0,False,exact_bitmap,HNSW_HYBRID,False
2026-08-30T19:36:50.277+00:00,heldout,1,72,HNSW_HYBRID,single_category,category_06,567,False,1,0.099535,"[0.05,0.10)",14.245166,1.0,False,exact_bitmap,HNSW_HYBRID,True
2026-08-30T19:36:50.294+00:00,heldout,1,72,IVFFLAT_HYBRID,single_category,category_06,567,False,1,0.099535,"[0.05,0.10)",15.677708,1.0,False,exact_bitmap,HNSW_HYBRID,False
2026-08-30T19:36:50.325+00:00,heldout,0,112,SQL_FIRST,two_categories,category_07,596,True,2,0.1991,"[0.10,0.25)",27.282791,1.0,True,exact_bitmap,HNSW_HYBRID,False
2026-08-30T19:36:50.362+00:00,heldout,0,112,VECTOR_FIRST_HNSW,two_categories,category_07,596,True,2,0.1991,"[0.10,0.25)",35.357458,1.0,False,exact_bitmap,HNSW_HYBRID,False
2026-08-30T19:36:50.389+00:00,heldout,0,112,HNSW_HYBRID,two_categories,category_07,596,True,2,0.1991,"[0.10,0.25)",25.045959,1.0,False,exact_bitmap,HNSW_HYBRID,True
2026-08-30T19:36:50.417+00:00,heldout,0,112,IVFFLAT_HYBRID,two_categories,category_07,596,True,2,0.1991,"[0.10,0.25)",27.067375,1.0,False,exact_bitmap,HNSW_HYBRID,False
2026-08-30T19:36:50.445+00:00,heldout,1,112,SQL_FIRST,two_categories,category_07,596,True,2,0.1991,"[0.10,0.25)",26.967917,1.0,True,exact_bitmap,HNSW_HYBRID,False
2026-08-30T19:36:50.477+00:00,heldout,1,112,VECTOR_FIRST_HNSW,two_categories,category_07,596,True,2,0.1991,"[0.10,0.25)",31.996541,1.0,False,exact_bitmap,HNSW_HYBRID,False
2026-08-30T19:36:50.503+00:00,heldout,1,112,HNSW_HYBRID,two_categories,category_07,596,True,2,0.1991,"[0.10,0.25)",25.522542,1.0,False,exact_bitmap,HNSW_HYBRID,True
2026-08-30T19:36:50.531+00:00,heldout,1,112,IVFFLAT_HYBRID,two_categories,category_07,596,True,2,0.1991,"[0.10,0.25)",26.739,1.0,False,exact_bitmap,HNSW_HYBRID,False
2026-08-30T19:36:50.549+00:00,heldout,0,79,SQL_FIRST,single_category,category_01,403,True,1,0.098665,"[0.05,0.10)",15.739208,1.0,True,exact_bitmap,HNSW_HYBRID,False
2026-08-30T19:36:50.584+00:00,heldout,0,79,VECTOR_FIRST_HNSW,single_category,category_01,403,True,1,0.098665,"[0.05,0.10)",33.385792,1.0,False,exact_bitmap,HNSW_HYBRID,False
2026-08-30T19:36:50.599+00:00,heldout,0,79,HNSW_HYBRID,single_category,category_01,403,True,1,0.098665,"[0.05,0.10)",14.070458,1.0,False,exact_bitmap,HNSW_HYBRID,True
2026-08-30T19:36:50.616+00:00,heldout,0,79,IVFFLAT_HYBRID,single_category,category_01,403,True,1,0.098665,"[0.05,0.10)",15.7185,1.0,False,exact_bitmap,HNSW_HYBRID,False
2026-08-30T19:36:50.632+00:00,heldout,1,79,SQL_FIRST,single_category,category_01,403,True,1,0.098665,"[0.05,0.10)",15.646791,1.0,True,exact_bitmap,HNSW_HYBRID,False
2026-08-30T19:36:50.664+00:00,heldout,1,79,VECTOR_FIRST_HNSW,single_category,category_01,403,True,1,0.098665,"[0.05,0.10)",31.679875,1.0,False,exact_bitmap,HNSW_HYBRID,False
2026-08-30T19:36:50.678+00:00,heldout,1,79,HNSW_HYBRID,single_category,category_01,403,True,1,0.098665,"[0.05,0.10)",13.19125,1.0,False,exact_bitmap,HNSW_HYBRID,True
2026-08-30T19:36:50.693+00:00,heldout,1,79,IVFFLAT_HYBRID,single_category,category_01,403,True,1,0.098665,"[0.05,0.10)",14.092916,1.0,False,exact_bitmap,HNSW_HYBRID,False
2026-08-30T19:36:50.717+00:00,heldout,0,190,SQL_FIRST,three_categories,category_02,187,False,3,0.2705,"[0.25,0.50)",21.327542,1.0,True,exact_bitmap,SQL_FIRST,True
2026-08-30T19:36:50.749+00:00,heldout,0,190,VECTOR_FIRST_HNSW,three_categories,category_02,187,False,3,0.2705,"[0.25,0.50)",30.16375,1.0,False,exact_bitmap,SQL_FIRST,False
2026-08-30T19:36:50.774+00:00,heldout,0,190,HNSW_HYBRID,three_categories,category_02,187,False,3,0.2705,"[0.25,0.50)",22.771167,1.0,False,exact_bitmap,SQL_FIRST,False
2026-08-30T19:36:50.796+00:00,heldout,0,190,IVFFLAT_HYBRID,three_categories,category_02,187,False,3,0.2705,"[0.25,0.50)",21.134709,1.0,False,exact_bitmap,SQL_FIRST,False
2026-08-30T19:36:50.819+00:00,heldout,1,190,SQL_FIRST,three_categories,category_02,187,False,3,0.2705,"[0.25,0.50)",22.047959,1.0,True,exact_bitmap,SQL_FIRST,True
2026-08-30T19:36:50.852+00:00,heldout,1,190,VECTOR_FIRST_HNSW,three_categories,category_02,187,False,3,0.2705,"[0.25,0.50)",32.35875,1.0,False,exact_bitmap,SQL_FIRST,False
2026-08-30T19:36:50.874+00:00,heldout,1,190,HNSW_HYBRID,three_categories,category_02,187,False,3,0.2705,"[0.25,0.50)",21.620375,1.0,False,exact_bitmap,SQL_FIRST,False
2026-08-30T19:36:50.897+00:00,heldout,1,190,IVFFLAT_HYBRID,three_categories,category_02,187,False,3,0.2705,"[0.25,0.50)",21.622125,1.0,False,exact_bitmap,SQL_FIRST,False
2026-08-30T19:36:50.914+00:00,heldout,0,97,SQL_FIRST,single_category,category_04,932,False,1,0.0967,"[0.05,0.10)",14.233,1.0,True,exact_bitmap,HNSW_HYBRID,False
2026-08-30T19:36:50.949+00:00,heldout,0,97,VECTOR_FIRST_HNSW,single_category,category_04,932,False,1,0.0967,"[0.05,0.10)",33.379625,0.8,False,exact_bitmap,HNSW_HYBRID,False
2026-08-30T19:36:50.964+00:00,heldout,0,97,HNSW_HYBRID,single_category,category_04,932,False,1,0.0967,"[0.05,0.10)",13.862459,1.0,False,exact_bitmap,HNSW_HYBRID,True
2026-08-30T19:36:50.981+00:00,heldout,0,97,IVFFLAT_HYBRID,single_category,category_04,932,False,1,0.0967,"[0.05,0.10)",16.031083,1.0,False,exact_bitmap,HNSW_HYBRID,False
2026-08-30T19:36:50.997+00:00,heldout,1,97,SQL_FIRST,single_category,category_04,932,False,1,0.0967,"[0.05,0.10)",16.32625,1.0,True,exact_bitmap,HNSW_HYBRID,False
2026-08-30T19:36:51.032+00:00,heldout,1,97,VECTOR_FIRST_HNSW,single_category,category_04,932,False,1,0.0967,"[0.05,0.10)",34.17975,0.8,False,exact_bitmap,HNSW_HYBRID,False
2026-08-30T19:36:51.045+00:00,heldout,1,97,HNSW_HYBRID,single_category,category_04,932,False,1,0.0967,"[0.05,0.10)",12.945584,1.0,False,exact_bitmap,HNSW_HYBRID,True
2026-08-30T19:36:51.059+00:00,heldout,1,97,IVFFLAT_HYBRID,single_category,category_04,932,False,1,0.0967,"[0.05,0.10)",13.841084,1.0,False,exact_bitmap,HNSW_HYBRID,False
2026-08-30T19:36:51.082+00:00,heldout,0,157,SQL_FIRST,three_categories,category_09,915,False,3,0.272595,"[0.25,0.50)",20.819959,1.0,True,exact_bitmap,SQL_FIRST,True
2026-08-30T19:36:51.112+00:00,heldout,0,157,VECTOR_FIRST_HNSW,three_categories,category_09,915,False,3,0.272595,"[0.25,0.50)",28.80325,1.0,False,exact_bitmap,SQL_FIRST,False
2026-08-30T19:36:51.135+00:00,heldout,0,157,HNSW_HYBRID,three_categories,category_09,915,False,3,0.272595,"[0.25,0.50)",21.073084,1.0,False,exact_bitmap,SQL_FIRST,False
2026-08-30T19:36:51.159+00:00,heldout,0,157,IVFFLAT_HYBRID,three_categories,category_09,915,False,3,0.272595,"[0.25,0.50)",22.646625,1.0,False,exact_bitmap,SQL_FIRST,False
2026-08-30T19:36:51.181+00:00,heldout,1,157,SQL_FIRST,three_categories,category_09,915,False,3,0.272595,"[0.25,0.50)",22.228125,1.0,True,exact_bitmap,SQL_FIRST,True
2026-08-30T19:36:51.214+00:00,heldout,1,157,VECTOR_FIRST_HNSW,three_categories,category_09,915,False,3,0.272595,"[0.25,0.50)",31.860084,1.0,False,exact_bitmap,SQL_FIRST,False
2026-08-30T19:36:51.236+00:00,heldout,1,157,HNSW_HYBRID,three_categories,category_09,915,False,3,0.272595,"[0.25,0.50)",21.661875,1.0,False,exact_bitmap,SQL_FIRST,False
2026-08-30T19:36:51.263+00:00,heldout,1,157,IVFFLAT_HYBRID,three_categories,category_09,915,False,3,0.272595,"[0.25,0.50)",26.54675,1.0,False,exact_bitmap,SQL_FIRST,False
2026-08-30T19:36:51.268+00:00,heldout,0,45,SQL_FIRST,category_narrow_price,category_07,904,True,0,0.005055,"[0.00,0.05)",3.2775,1.0,True,exact_bitmap,IVFFLAT_HYBRID,False
2026-08-30T19:36:51.304+00:00,heldout,0,45,VECTOR_FIRST_HNSW,category_narrow_price,category_07,904,True,0,0.005055,"[0.00,0.05)",34.56125,0.0,False,exact_bitmap,IVFFLAT_HYBRID,False
2026-08-30T19:36:51.307+00:00,heldout,0,45,HNSW_HYBRID,category_narrow_price,category_07,904,True,0,0.005055,"[0.00,0.05)",2.83975,1.0,False,exact_bitmap,IVFFLAT_HYBRID,False
2026-08-30T19:36:51.311+00:00,heldout,0,45,IVFFLAT_HYBRID,category_narrow_price,category_07,904,True,0,0.005055,"[0.00,0.05)",2.834541,1.0,False,exact_bitmap,IVFFLAT_HYBRID,True
2026-08-30T19:36:51.314+00:00,heldout,1,45,SQL_FIRST,category_narrow_price,category_07,904,True,0,0.005055,"[0.00,0.05)",3.372541,1.0,True,exact_bitmap,IVFFLAT_HYBRID,False
2026-08-30T19:36:51.348+00:00,heldout,1,45,VECTOR_FIRST_HNSW,category_narrow_price,category_07,904,True,0,0.005055,"[0.00,0.05)",33.527208,0.0,False,exact_bitmap,IVFFLAT_HYBRID,False
2026-08-30T19:36:51.352+00:00,heldout,1,45,HNSW_HYBRID,category_narrow_price,category_07,904,True,0,0.005055,"[0.00,0.05)",2.777416,1.0,False,exact_bitmap,IVFFLAT_HYBRID,False
2026-08-30T19:36:51.356+00:00,heldout,1,45,IVFFLAT_HYBRID,category_narrow_price,category_07,904,True,0,0.005055,"[0.00,0.05)",3.540541,1.0,False,exact_bitmap,IVFFLAT_HYBRID,True
2026-08-30T19:36:51.385+00:00,heldout,0,133,SQL_FIRST,two_categories,category_02,718,False,2,0.202665,"[0.10,0.25)",26.58875,1.0,True,exact_bitmap,HNSW_HYBRID,False
2026-08-30T19:36:51.421+00:00,heldout,0,133,VECTOR_FIRST_HNSW,two_categories,category_02,718,False,2,0.202665,"[0.10,0.25)",33.568417,1.0,False,exact_bitmap,HNSW_HYBRID,False
2026-08-30T19:36:51.448+00:00,heldout,0,133,HNSW_HYBRID,two_categories,category_02,718,False,2,0.202665,"[0.10,0.25)",24.747625,1.0,False,exact_bitmap,HNSW_HYBRID,True
2026-08-30T19:36:51.475+00:00,heldout,0,133,IVFFLAT_HYBRID,two_categories,category_02,718,False,2,0.202665,"[0.10,0.25)",25.96725,1.0,False,exact_bitmap,HNSW_HYBRID,False
2026-08-30T19:36:51.500+00:00,heldout,1,133,SQL_FIRST,two_categories,category_02,718,False,2,0.202665,"[0.10,0.25)",23.691083,1.0,True,exact_bitmap,HNSW_HYBRID,False
2026-08-30T19:36:51.530+00:00,heldout,1,133,VECTOR_FIRST_HNSW,two_categories,category_02,718,False,2,0.202665,"[0.10,0.25)",29.947583,1.0,False,exact_bitmap,HNSW_HYBRID,False
2026-08-30T19:36:51.553+00:00,heldout,1,133,HNSW_HYBRID,two_categories,category_02,718,False,2,0.202665,"[0.10,0.25)",22.661209,1.0,False,exact_bitmap,HNSW_HYBRID,True
2026-08-30T19:36:51.578+00:00,heldout,1,133,IVFFLAT_HYBRID,two_categories,category_02,718,False,2,0.202665,"[0.10,0.25)",23.796708,1.0,False,exact_bitmap,HNSW_HYBRID,False
2026-08-30T19:36:51.615+00:00,heldout,0,235,SQL_FIRST,wide_or,category_00,993,False,4,0.99667,"[0.50,1.00)",34.606583,1.0,True,exact_seq,SQL_FIRST,True
2026-08-30T19:36:51.645+00:00,heldout,0,235,VECTOR_FIRST_HNSW,wide_or,category_00,993,False,4,0.99667,"[0.50,1.00)",28.72525,1.0,False,exact_bitmap,SQL_FIRST,False
2026-08-30T19:36:51.679+00:00,heldout,0,235,HNSW_HYBRID,wide_or,category_00,993,False,4,0.99667,"[0.50,1.00)",33.04025,1.0,False,exact_seq,SQL_FIRST,False
2026-08-30T19:36:51.715+00:00,heldout,0,235,IVFFLAT_HYBRID,wide_or,category_00,993,False,4,0.99667,"[0.50,1.00)",33.6605,1.0,False,exact_seq,SQL_FIRST,False
2026-08-30T19:36:51.752+00:00,heldout,1,235,SQL_FIRST,wide_or,category_00,993,False,4,0.99667,"[0.50,1.00)",37.025125,1.0,True,exact_seq,SQL_FIRST,True
2026-08-30T19:36:51.785+00:00,heldout,1,235,VECTOR_FIRST_HNSW,wide_or,category_00,993,False,4,0.99667,"[0.50,1.00)",32.109292,1.0,False,exact_bitmap,SQL_FIRST,False
2026-08-30T19:36:51.824+00:00,heldout,1,235,HNSW_HYBRID,wide_or,category_00,993,False,4,0.99667,"[0.50,1.00)",37.859625,1.0,False,exact_seq,SQL_FIRST,False
2026-08-30T19:36:51.862+00:00,heldout,1,235,IVFFLAT_HYBRID,wide_or,category_00,993,False,4,0.99667,"[0.50,1.00)",37.797083,1.0,False,exact_seq,SQL_FIRST,False
2026-08-30T19:36:51.876+00:00,heldout,0,33,SQL_FIRST,category_and_stock,category_02,922,True,0,0.049565,"[0.00,0.05)",10.879709,1.0,True,exact_bitmap,IVFFLAT_HYBRID,False
2026-08-30T19:36:51.912+00:00,heldout,0,33,VECTOR_FIRST_HNSW,category_and_stock,category_02,922,True,0,0.049565,"[0.00,0.05)",33.636208,0.2,False,exact_bitmap,IVFFLAT_HYBRID,False
2026-08-30T19:36:51.924+00:00,heldout,0,33,HNSW_HYBRID,category_and_stock,category_02,922,True,0,0.049565,"[0.00,0.05)",10.956666,1.0,False,exact_bitmap,IVFFLAT_HYBRID,False
2026-08-30T19:36:51.939+00:00,heldout,0,33,IVFFLAT_HYBRID,category_and_stock,category_02,922,True,0,0.049565,"[0.00,0.05)",12.834417,1.0,False,exact_bitmap,IVFFLAT_HYBRID,True
2026-08-30T19:36:51.952+00:00,heldout,1,33,SQL_FIRST,category_and_stock,category_02,922,True,0,0.049565,"[0.00,0.05)",12.721584,1.0,True,exact_bitmap,IVFFLAT_HYBRID,False
2026-08-30T19:36:51.987+00:00,heldout,1,33,VECTOR_FIRST_HNSW,category_and_stock,category_02,922,True,0,0.049565,"[0.00,0.05)",33.906833,0.2,False,exact_bitmap,IVFFLAT_HYBRID,False
2026-08-30T19:36:51.998+00:00,heldout,1,33,HNSW_HYBRID,category_and_stock,category_02,922,True,0,0.049565,"[0.00,0.05)",11.480875,1.0,False,exact_bitmap,IVFFLAT_HYBRID,False
2026-08-30T19:36:52.012+00:00,heldout,1,33,IVFFLAT_HYBRID,category_and_stock,category_02,922,True,0,0.049565,"[0.00,0.05)",13.546958,1.0,False,exact_bitmap,IVFFLAT_HYBRID,True
2026-08-30T19:36:52.037+00:00,heldout,0,200,SQL_FIRST,three_categories,category_04,914,True,3,0.267975,"[0.25,0.50)",23.05525,1.0,True,exact_bitmap,SQL_FIRST,True
2026-08-30T19:36:52.070+00:00,heldout,0,200,VECTOR_FIRST_HNSW,three_categories,category_04,914,True,3,0.267975,"[0.25,0.50)",31.628084,1.0,False,exact_bitmap,SQL_FIRST,False
2026-08-30T19:36:52.094+00:00,heldout,0,200,HNSW_HYBRID,three_categories,category_04,914,True,3,0.267975,"[0.25,0.50)",21.156625,1.0,False,exact_bitmap,SQL_FIRST,False
2026-08-30T19:36:52.118+00:00,heldout,0,200,IVFFLAT_HYBRID,three_categories,category_04,914,True,3,0.267975,"[0.25,0.50)",21.892791,1.0,False,exact_bitmap,SQL_FIRST,False
2026-08-30T19:36:52.141+00:00,heldout,1,200,SQL_FIRST,three_categories,category_04,914,True,3,0.267975,"[0.25,0.50)",22.156083,1.0,True,exact_bitmap,SQL_FIRST,True
2026-08-30T19:36:52.174+00:00,heldout,1,200,VECTOR_FIRST_HNSW,three_categories,category_04,914,True,3,0.267975,"[0.25,0.50)",32.252,1.0,False,exact_bitmap,SQL_FIRST,False
2026-08-30T19:36:52.196+00:00,heldout,1,200,HNSW_HYBRID,three_categories,category_04,914,True,3,0.267975,"[0.25,0.50)",21.851833,1.0,False,exact_bitmap,SQL_FIRST,False
2026-08-30T19:36:52.218+00:00,heldout,1,200,IVFFLAT_HYBRID,three_categories,category_04,914,True,3,0.267975,"[0.25,0.50)",21.563834,1.0,False,exact_bitmap,SQL_FIRST,False
2026-08-30T19:36:52.233+00:00,heldout,0,25,SQL_FIRST,category_and_stock,category_02,444,True,0,0.049565,"[0.00,0.05)",11.658375,1.0,True,exact_bitmap,IVFFLAT_HYBRID,False
2026-08-30T19:36:52.268+00:00,heldout,0,25,VECTOR_FIRST_HNSW,category_and_stock,category_02,444,True,0,0.049565,"[0.00,0.05)",33.423292,0.4,False,exact_bitmap,IVFFLAT_HYBRID,False
2026-08-30T19:36:52.282+00:00,heldout,0,25,HNSW_HYBRID,category_and_stock,category_02,444,True,0,0.049565,"[0.00,0.05)",11.684708,1.0,False,exact_bitmap,IVFFLAT_HYBRID,False
2026-08-30T19:36:52.297+00:00,heldout,0,25,IVFFLAT_HYBRID,category_and_stock,category_02,444,True,0,0.049565,"[0.00,0.05)",13.910459,1.0,False,exact_bitmap,IVFFLAT_HYBRID,True
2026-08-30T19:36:52.310+00:00,heldout,1,25,SQL_FIRST,category_and_stock,category_02,444,True,0,0.049565,"[0.00,0.05)",13.117042,1.0,True,exact_bitmap,IVFFLAT_HYBRID,False
2026-08-30T19:36:52.345+00:00,heldout,1,25,VECTOR_FIRST_HNSW,category_and_stock,category_02,444,True,0,0.049565,"[0.00,0.05)",34.2325,0.4,False,exact_bitmap,IVFFLAT_HYBRID,False
2026-08-30T19:36:52.356+00:00,heldout,1,25,HNSW_HYBRID,category_and_stock,category_02,444,True,0,0.049565,"[0.00,0.05)",10.634542,1.0,False,exact_bitmap,IVFFLAT_HYBRID,False
2026-08-30T19:36:52.370+00:00,heldout,1,25,IVFFLAT_HYBRID,category_and_stock,category_02,444,True,0,0.049565,"[0.00,0.05)",13.146375,1.0,False,exact_bitmap,IVFFLAT_HYBRID,True
2026-08-30T19:36:52.389+00:00,heldout,0,69,SQL_FIRST,single_category,category_02,30,False,1,0.098965,"[0.05,0.10)",15.57125,1.0,True,exact_bitmap,HNSW_HYBRID,False
2026-08-30T19:36:52.425+00:00,heldout,0,69,VECTOR_FIRST_HNSW,single_category,category_02,30,False,1,0.098965,"[0.05,0.10)",33.60375,1.0,False,exact_bitmap,HNSW_HYBRID,False
2026-08-30T19:36:52.440+00:00,heldout,0,69,HNSW_HYBRID,single_category,category_02,30,False,1,0.098965,"[0.05,0.10)",13.974208,1.0,False,exact_bitmap,HNSW_HYBRID,True
2026-08-30T19:36:52.458+00:00,heldout,0,69,IVFFLAT_HYBRID,single_category,category_02,30,False,1,0.098965,"[0.05,0.10)",15.520958,1.0,False,exact_bitmap,HNSW_HYBRID,False
2026-08-30T19:36:52.473+00:00,heldout,1,69,SQL_FIRST,single_category,category_02,30,False,1,0.098965,"[0.05,0.10)",15.106625,1.0,True,exact_bitmap,HNSW_HYBRID,False
2026-08-30T19:36:52.505+00:00,heldout,1,69,VECTOR_FIRST_HNSW,single_category,category_02,30,False,1,0.098965,"[0.05,0.10)",31.102166,1.0,False,exact_bitmap,HNSW_HYBRID,False
2026-08-30T19:36:52.519+00:00,heldout,1,69,HNSW_HYBRID,single_category,category_02,30,False,1,0.098965,"[0.05,0.10)",13.014375,1.0,False,exact_bitmap,HNSW_HYBRID,True
2026-08-30T19:36:52.533+00:00,heldout,1,69,IVFFLAT_HYBRID,single_category,category_02,30,False,1,0.098965,"[0.05,0.10)",14.092666,1.0,False,exact_bitmap,HNSW_HYBRID,False
2026-08-30T19:36:52.550+00:00,heldout,0,113,SQL_FIRST,price_range_mid,category_00,227,True,2,0.10058,"[0.10,0.25)",14.740916,1.0,True,exact_bitmap,HNSW_HYBRID,False
2026-08-30T19:36:52.581+00:00,heldout,0,113,VECTOR_FIRST_HNSW,price_range_mid,category_00,227,True,2,0.10058,"[0.10,0.25)",29.866083,1.0,False,exact_bitmap,HNSW_HYBRID,False
2026-08-30T19:36:52.595+00:00,heldout,0,113,HNSW_HYBRID,price_range_mid,category_00,227,True,2,0.10058,"[0.10,0.25)",13.348875,1.0,False,exact_bitmap,HNSW_HYBRID,True
2026-08-30T19:36:52.611+00:00,heldout,0,113,IVFFLAT_HYBRID,price_range_mid,category_00,227,True,2,0.10058,"[0.10,0.25)",14.5855,1.0,False,exact_bitmap,HNSW_HYBRID,False
2026-08-30T19:36:52.626+00:00,heldout,1,113,SQL_FIRST,price_range_mid,category_00,227,True,2,0.10058,"[0.10,0.25)",14.77975,1.0,True,exact_bitmap,HNSW_HYBRID,False
2026-08-30T19:36:52.657+00:00,heldout,1,113,VECTOR_FIRST_HNSW,price_range_mid,category_00,227,True,2,0.10058,"[0.10,0.25)",30.1425,1.0,False,exact_bitmap,HNSW_HYBRID,False
2026-08-30T19:36:52.672+00:00,heldout,1,113,HNSW_HYBRID,price_range_mid,category_00,227,True,2,0.10058,"[0.10,0.25)",13.591208,1.0,False,exact_bitmap,HNSW_HYBRID,True
2026-08-30T19:36:52.687+00:00,heldout,1,113,IVFFLAT_HYBRID,price_range_mid,category_00,227,True,2,0.10058,"[0.10,0.25)",14.545625,1.0,False,exact_bitmap,HNSW_HYBRID,False
2026-08-30T19:36:52.714+00:00,heldout,0,117,SQL_FIRST,two_categories,category_02,197,True,2,0.202665,"[0.10,0.25)",23.862209,1.0,True,exact_bitmap,HNSW_HYBRID,False
2026-08-30T19:36:52.748+00:00,heldout,0,117,VECTOR_FIRST_HNSW,two_categories,category_02,197,True,2,0.202665,"[0.10,0.25)",31.590416,1.0,False,exact_bitmap,HNSW_HYBRID,False
2026-08-30T19:36:52.772+00:00,heldout,0,117,HNSW_HYBRID,two_categories,category_02,197,True,2,0.202665,"[0.10,0.25)",22.539,1.0,False,exact_bitmap,HNSW_HYBRID,True
2026-08-30T19:36:52.797+00:00,heldout,0,117,IVFFLAT_HYBRID,two_categories,category_02,197,True,2,0.202665,"[0.10,0.25)",23.703958,1.0,False,exact_bitmap,HNSW_HYBRID,False
2026-08-30T19:36:52.822+00:00,heldout,1,117,SQL_FIRST,two_categories,category_02,197,True,2,0.202665,"[0.10,0.25)",24.217583,1.0,True,exact_bitmap,HNSW_HYBRID,False
2026-08-30T19:36:52.854+00:00,heldout,1,117,VECTOR_FIRST_HNSW,two_categories,category_02,197,True,2,0.202665,"[0.10,0.25)",31.763375,1.0,False,exact_bitmap,HNSW_HYBRID,False
2026-08-30T19:36:52.879+00:00,heldout,1,117,HNSW_HYBRID,two_categories,category_02,197,True,2,0.202665,"[0.10,0.25)",23.915417,1.0,False,exact_bitmap,HNSW_HYBRID,True
2026-08-30T19:36:52.902+00:00,heldout,1,117,IVFFLAT_HYBRID,two_categories,category_02,197,True,2,0.202665,"[0.10,0.25)",23.177917,1.0,False,exact_bitmap,HNSW_HYBRID,False
2026-08-30T19:36:52.916+00:00,heldout,0,47,SQL_FIRST,category_and_stock,category_04,997,True,0,0.04843,"[0.00,0.05)",10.989958,1.0,True,exact_bitmap,IVFFLAT_HYBRID,False
2026-08-30T19:36:52.947+00:00,heldout,0,47,VECTOR_FIRST_HNSW,category_and_stock,category_04,997,True,0,0.04843,"[0.00,0.05)",29.534042,0.4,False,exact_bitmap,IVFFLAT_HYBRID,False
2026-08-30T19:36:52.959+00:00,heldout,0,47,HNSW_HYBRID,category_and_stock,category_04,997,True,0,0.04843,"[0.00,0.05)",10.580625,1.0,False,exact_bitmap,IVFFLAT_HYBRID,False
2026-08-30T19:36:52.972+00:00,heldout,0,47,IVFFLAT_HYBRID,category_and_stock,category_04,997,True,0,0.04843,"[0.00,0.05)",11.652792,1.0,False,exact_bitmap,IVFFLAT_HYBRID,True
2026-08-30T19:36:52.984+00:00,heldout,1,47,SQL_FIRST,category_and_stock,category_04,997,True,0,0.04843,"[0.00,0.05)",12.200459,1.0,True,exact_bitmap,IVFFLAT_HYBRID,False
2026-08-30T19:36:53.016+00:00,heldout,1,47,VECTOR_FIRST_HNSW,category_and_stock,category_04,997,True,0,0.04843,"[0.00,0.05)",31.479084,0.4,False,exact_bitmap,IVFFLAT_HYBRID,False
2026-08-30T19:36:53.027+00:00,heldout,1,47,HNSW_HYBRID,category_and_stock,category_04,997,True,0,0.04843,"[0.00,0.05)",10.231875,1.0,False,exact_bitmap,IVFFLAT_HYBRID,False
2026-08-30T19:36:53.039+00:00,heldout,1,47,IVFFLAT_HYBRID,category_and_stock,category_04,997,True,0,0.04843,"[0.00,0.05)",11.592625,1.0,False,exact_bitmap,IVFFLAT_HYBRID,True
2026-08-30T19:36:53.054+00:00,heldout,0,88,SQL_FIRST,single_category,category_08,170,False,1,0.098665,"[0.05,0.10)",13.93275,1.0,True,exact_bitmap,HNSW_HYBRID,False
2026-08-30T19:36:53.085+00:00,heldout,0,88,VECTOR_FIRST_HNSW,single_category,category_08,170,False,1,0.098665,"[0.05,0.10)",30.099833,0.5,False,exact_bitmap,HNSW_HYBRID,False
2026-08-30T19:36:53.099+00:00,heldout,0,88,HNSW_HYBRID,single_category,category_08,170,False,1,0.098665,"[0.05,0.10)",13.12875,1.0,False,exact_bitmap,HNSW_HYBRID,True
2026-08-30T19:36:53.115+00:00,heldout,0,88,IVFFLAT_HYBRID,single_category,category_08,170,False,1,0.098665,"[0.05,0.10)",14.1015,1.0,False,exact_bitmap,HNSW_HYBRID,False
2026-08-30T19:36:53.130+00:00,heldout,1,88,SQL_FIRST,single_category,category_08,170,False,1,0.098665,"[0.05,0.10)",14.045459,1.0,True,exact_bitmap,HNSW_HYBRID,False
2026-08-30T19:36:53.161+00:00,heldout,1,88,VECTOR_FIRST_HNSW,single_category,category_08,170,False,1,0.098665,"[0.05,0.10)",30.655625,0.5,False,exact_bitmap,HNSW_HYBRID,False
2026-08-30T19:36:53.174+00:00,heldout,1,88,HNSW_HYBRID,single_category,category_08,170,False,1,0.098665,"[0.05,0.10)",12.888916,1.0,False,exact_bitmap,HNSW_HYBRID,True
2026-08-30T19:36:53.188+00:00,heldout,1,88,IVFFLAT_HYBRID,single_category,category_08,170,False,1,0.098665,"[0.05,0.10)",13.9865,1.0,False,exact_bitmap,HNSW_HYBRID,False
2026-08-30T19:36:53.204+00:00,heldout,0,85,SQL_FIRST,single_category,category_04,839,False,1,0.0967,"[0.05,0.10)",14.017958,1.0,True,exact_bitmap,HNSW_HYBRID,False
2026-08-30T19:36:53.237+00:00,heldout,0,85,VECTOR_FIRST_HNSW,single_category,category_04,839,False,1,0.0967,"[0.05,0.10)",30.856667,1.0,False,exact_bitmap,HNSW_HYBRID,False
2026-08-30T19:36:53.252+00:00,heldout,0,85,HNSW_HYBRID,single_category,category_04,839,False,1,0.0967,"[0.05,0.10)",13.030083,1.0,False,exact_bitmap,HNSW_HYBRID,True
2026-08-30T19:36:53.267+00:00,heldout,0,85,IVFFLAT_HYBRID,single_category,category_04,839,False,1,0.0967,"[0.05,0.10)",13.903375,1.0,False,exact_bitmap,HNSW_HYBRID,False
2026-08-30T19:36:53.281+00:00,heldout,1,85,SQL_FIRST,single_category,category_04,839,False,1,0.0967,"[0.05,0.10)",14.0155,1.0,True,exact_bitmap,HNSW_HYBRID,False
2026-08-30T19:36:53.312+00:00,heldout,1,85,VECTOR_FIRST_HNSW,single_category,category_04,839,False,1,0.0967,"[0.05,0.10)",30.063958,1.0,False,exact_bitmap,HNSW_HYBRID,False
2026-08-30T19:36:53.325+00:00,heldout,1,85,HNSW_HYBRID,single_category,category_04,839,False,1,0.0967,"[0.05,0.10)",12.728458,1.0,False,exact_bitmap,HNSW_HYBRID,True
2026-08-30T19:36:53.341+00:00,heldout,1,85,IVFFLAT_HYBRID,single_category,category_04,839,False,1,0.0967,"[0.05,0.10)",14.379792,1.0,False,exact_bitmap,HNSW_HYBRID,False
2026-08-30T19:36:53.358+00:00,heldout,0,99,SQL_FIRST,single_category,category_08,379,False,1,0.098665,"[0.05,0.10)",14.47725,1.0,True,exact_bitmap,HNSW_HYBRID,False
2026-08-30T19:36:53.391+00:00,heldout,0,99,VECTOR_FIRST_HNSW,single_category,category_08,379,False,1,0.098665,"[0.05,0.10)",31.504917,0.9,False,exact_bitmap,HNSW_HYBRID,False
2026-08-30T19:36:53.407+00:00,heldout,0,99,HNSW_HYBRID,single_category,category_08,379,False,1,0.098665,"[0.05,0.10)",14.929291,1.0,False,exact_bitmap,HNSW_HYBRID,True
2026-08-30T19:36:53.421+00:00,heldout,0,99,IVFFLAT_HYBRID,single_category,category_08,379,False,1,0.098665,"[0.05,0.10)",13.857584,1.0,False,exact_bitmap,HNSW_HYBRID,False
2026-08-30T19:36:53.435+00:00,heldout,1,99,SQL_FIRST,single_category,category_08,379,False,1,0.098665,"[0.05,0.10)",13.870667,1.0,True,exact_bitmap,HNSW_HYBRID,False
2026-08-30T19:36:53.466+00:00,heldout,1,99,VECTOR_FIRST_HNSW,single_category,category_08,379,False,1,0.098665,"[0.05,0.10)",30.247333,0.9,False,exact_bitmap,HNSW_HYBRID,False
2026-08-30T19:36:53.479+00:00,heldout,1,99,HNSW_HYBRID,single_category,category_08,379,False,1,0.098665,"[0.05,0.10)",12.926333,1.0,False,exact_bitmap,HNSW_HYBRID,True
2026-08-30T19:36:53.494+00:00,heldout,1,99,IVFFLAT_HYBRID,single_category,category_08,379,False,1,0.098665,"[0.05,0.10)",13.999333,1.0,False,exact_bitmap,HNSW_HYBRID,False
2026-08-30T19:36:53.511+00:00,heldout,0,80,SQL_FIRST,single_category,category_09,636,True,1,0.0999,"[0.05,0.10)",14.352292,1.0,True,exact_bitmap,HNSW_HYBRID,False
2026-08-30T19:36:53.543+00:00,heldout,0,80,VECTOR_FIRST_HNSW,single_category,category_09,636,True,1,0.0999,"[0.05,0.10)",30.158125,1.0,False,exact_bitmap,HNSW_HYBRID,False
2026-08-30T19:36:53.558+00:00,heldout,0,80,HNSW_HYBRID,single_category,category_09,636,True,1,0.0999,"[0.05,0.10)",13.148584,1.0,False,exact_bitmap,HNSW_HYBRID,True
2026-08-30T19:36:53.574+00:00,heldout,0,80,IVFFLAT_HYBRID,single_category,category_09,636,True,1,0.0999,"[0.05,0.10)",14.259583,1.0,False,exact_bitmap,HNSW_HYBRID,False
2026-08-30T19:36:53.588+00:00,heldout,1,80,SQL_FIRST,single_category,category_09,636,True,1,0.0999,"[0.05,0.10)",14.027709,1.0,True,exact_bitmap,HNSW_HYBRID,False
2026-08-30T19:36:53.619+00:00,heldout,1,80,VECTOR_FIRST_HNSW,single_category,category_09,636,True,1,0.0999,"[0.05,0.10)",30.143125,1.0,False,exact_bitmap,HNSW_HYBRID,False
2026-08-30T19:36:53.633+00:00,heldout,1,80,HNSW_HYBRID,single_category,category_09,636,True,1,0.0999,"[0.05,0.10)",12.906167,1.0,False,exact_bitmap,HNSW_HYBRID,True
2026-08-30T19:36:53.647+00:00,heldout,1,80,IVFFLAT_HYBRID,single_category,category_09,636,True,1,0.0999,"[0.05,0.10)",14.1395,1.0,False,exact_bitmap,HNSW_HYBRID,False
2026-08-30T19:36:53.674+00:00,heldout,0,221,SQL_FIRST,stock_alone,category_03,706,True,4,0.500835,"[0.50,1.00)",23.679708,1.0,True,exact_seq,SQL_FIRST,True
2026-08-30T19:36:53.706+00:00,heldout,0,221,VECTOR_FIRST_HNSW,stock_alone,category_03,706,True,4,0.500835,"[0.50,1.00)",29.930083,1.0,False,exact_bitmap,SQL_FIRST,False
2026-08-30T19:36:53.730+00:00,heldout,0,221,HNSW_HYBRID,stock_alone,category_03,706,True,4,0.500835,"[0.50,1.00)",22.537,1.0,False,exact_seq,SQL_FIRST,False
2026-08-30T19:36:53.754+00:00,heldout,0,221,IVFFLAT_HYBRID,stock_alone,category_03,706,True,4,0.500835,"[0.50,1.00)",22.615042,1.0,False,exact_seq,SQL_FIRST,False
2026-08-30T19:36:53.778+00:00,heldout,1,221,SQL_FIRST,stock_alone,category_03,706,True,4,0.500835,"[0.50,1.00)",22.885375,1.0,True,exact_seq,SQL_FIRST,True
2026-08-30T19:36:53.807+00:00,heldout,1,221,VECTOR_FIRST_HNSW,stock_alone,category_03,706,True,4,0.500835,"[0.50,1.00)",28.851792,1.0,False,exact_bitmap,SQL_FIRST,False
2026-08-30T19:36:53.831+00:00,heldout,1,221,HNSW_HYBRID,stock_alone,category_03,706,True,4,0.500835,"[0.50,1.00)",23.007917,1.0,False,exact_seq,SQL_FIRST,False
2026-08-30T19:36:53.855+00:00,heldout,1,221,IVFFLAT_HYBRID,stock_alone,category_03,706,True,4,0.500835,"[0.50,1.00)",23.368416,1.0,False,exact_seq,SQL_FIRST,False
2026-08-30T19:36:53.881+00:00,heldout,0,137,SQL_FIRST,two_categories,category_03,385,False,2,0.2004,"[0.10,0.25)",24.396,1.0,True,exact_bitmap,HNSW_HYBRID,False
2026-08-30T19:36:53.914+00:00,heldout,0,137,VECTOR_FIRST_HNSW,two_categories,category_03,385,False,2,0.2004,"[0.10,0.25)",31.172209,1.0,False,exact_bitmap,HNSW_HYBRID,False
2026-08-30T19:36:53.939+00:00,heldout,0,137,HNSW_HYBRID,two_categories,category_03,385,False,2,0.2004,"[0.10,0.25)",23.084625,1.0,False,exact_bitmap,HNSW_HYBRID,True
2026-08-30T19:36:53.965+00:00,heldout,0,137,IVFFLAT_HYBRID,two_categories,category_03,385,False,2,0.2004,"[0.10,0.25)",24.338584,1.0,False,exact_bitmap,HNSW_HYBRID,False
2026-08-30T19:36:53.990+00:00,heldout,1,137,SQL_FIRST,two_categories,category_03,385,False,2,0.2004,"[0.10,0.25)",24.60575,1.0,True,exact_bitmap,HNSW_HYBRID,False
2026-08-30T19:36:54.022+00:00,heldout,1,137,VECTOR_FIRST_HNSW,two_categories,category_03,385,False,2,0.2004,"[0.10,0.25)",32.441125,1.0,False,exact_bitmap,HNSW_HYBRID,False
2026-08-30T19:36:54.046+00:00,heldout,1,137,HNSW_HYBRID,two_categories,category_03,385,False,2,0.2004,"[0.10,0.25)",22.907875,1.0,False,exact_bitmap,HNSW_HYBRID,True
2026-08-30T19:36:54.071+00:00,heldout,1,137,IVFFLAT_HYBRID,two_categories,category_03,385,False,2,0.2004,"[0.10,0.25)",24.246458,1.0,False,exact_bitmap,HNSW_HYBRID,False
2026-08-30T19:36:54.087+00:00,heldout,0,67,SQL_FIRST,single_category,category_04,372,True,1,0.0967,"[0.05,0.10)",14.024708,1.0,True,exact_bitmap,HNSW_HYBRID,False
2026-08-30T19:36:54.119+00:00,heldout,0,67,VECTOR_FIRST_HNSW,single_category,category_04,372,True,1,0.0967,"[0.05,0.10)",30.264125,0.9,False,exact_bitmap,HNSW_HYBRID,False
2026-08-30T19:36:54.133+00:00,heldout,0,67,HNSW_HYBRID,single_category,category_04,372,True,1,0.0967,"[0.05,0.10)",13.017666,1.0,False,exact_bitmap,HNSW_HYBRID,True
2026-08-30T19:36:54.149+00:00,heldout,0,67,IVFFLAT_HYBRID,single_category,category_04,372,True,1,0.0967,"[0.05,0.10)",14.690167,1.0,False,exact_bitmap,HNSW_HYBRID,False
2026-08-30T19:36:54.164+00:00,heldout,1,67,SQL_FIRST,single_category,category_04,372,True,1,0.0967,"[0.05,0.10)",14.62225,1.0,True,exact_bitmap,HNSW_HYBRID,False
2026-08-30T19:36:54.194+00:00,heldout,1,67,VECTOR_FIRST_HNSW,single_category,category_04,372,True,1,0.0967,"[0.05,0.10)",30.093833,0.9,False,exact_bitmap,HNSW_HYBRID,False
2026-08-30T19:36:54.208+00:00,heldout,1,67,HNSW_HYBRID,single_category,category_04,372,True,1,0.0967,"[0.05,0.10)",13.048167,1.0,False,exact_bitmap,HNSW_HYBRID,True
2026-08-30T19:36:54.223+00:00,heldout,1,67,IVFFLAT_HYBRID,single_category,category_04,372,True,1,0.0967,"[0.05,0.10)",13.925208,1.0,False,exact_bitmap,HNSW_HYBRID,False
2026-08-30T19:36:54.250+00:00,heldout,0,116,SQL_FIRST,two_categories,category_01,459,True,2,0.197635,"[0.10,0.25)",23.761334,1.0,True,exact_bitmap,HNSW_HYBRID,False
2026-08-30T19:36:54.281+00:00,heldout,0,116,VECTOR_FIRST_HNSW,two_categories,category_01,459,True,2,0.197635,"[0.10,0.25)",30.07425,1.0,False,exact_bitmap,HNSW_HYBRID,False
2026-08-30T19:36:54.307+00:00,heldout,0,116,HNSW_HYBRID,two_categories,category_01,459,True,2,0.197635,"[0.10,0.25)",23.025417,1.0,False,exact_bitmap,HNSW_HYBRID,True
2026-08-30T19:36:54.332+00:00,heldout,0,116,IVFFLAT_HYBRID,two_categories,category_01,459,True,2,0.197635,"[0.10,0.25)",23.580666,1.0,False,exact_bitmap,HNSW_HYBRID,False
2026-08-30T19:36:54.356+00:00,heldout,1,116,SQL_FIRST,two_categories,category_01,459,True,2,0.197635,"[0.10,0.25)",23.710666,1.0,True,exact_bitmap,HNSW_HYBRID,False
2026-08-30T19:36:54.387+00:00,heldout,1,116,VECTOR_FIRST_HNSW,two_categories,category_01,459,True,2,0.197635,"[0.10,0.25)",30.055042,1.0,False,exact_bitmap,HNSW_HYBRID,False
2026-08-30T19:36:54.410+00:00,heldout,1,116,HNSW_HYBRID,two_categories,category_01,459,True,2,0.197635,"[0.10,0.25)",23.032709,1.0,False,exact_bitmap,HNSW_HYBRID,True
2026-08-30T19:36:54.436+00:00,heldout,1,116,IVFFLAT_HYBRID,two_categories,category_01,459,True,2,0.197635,"[0.10,0.25)",24.47475,1.0,False,exact_bitmap,HNSW_HYBRID,False
2026-08-30T19:36:54.467+00:00,heldout,0,239,SQL_FIRST,wide_or,category_05,191,False,4,0.632965,"[0.50,1.00)",28.900541,1.0,True,exact_seq,SQL_FIRST,True
2026-08-30T19:36:54.497+00:00,heldout,0,239,VECTOR_FIRST_HNSW,wide_or,category_05,191,False,4,0.632965,"[0.50,1.00)",28.09875,1.0,False,exact_bitmap,SQL_FIRST,False
2026-08-30T19:36:54.527+00:00,heldout,0,239,HNSW_HYBRID,wide_or,category_05,191,False,4,0.632965,"[0.50,1.00)",28.392417,1.0,False,exact_seq,SQL_FIRST,False
2026-08-30T19:36:54.556+00:00,heldout,0,239,IVFFLAT_HYBRID,wide_or,category_05,191,False,4,0.632965,"[0.50,1.00)",28.442042,1.0,False,exact_seq,SQL_FIRST,False
2026-08-30T19:36:54.584+00:00,heldout,1,239,SQL_FIRST,wide_or,category_05,191,False,4,0.632965,"[0.50,1.00)",27.515917,1.0,True,exact_seq,SQL_FIRST,True
2026-08-30T19:36:54.615+00:00,heldout,1,239,VECTOR_FIRST_HNSW,wide_or,category_05,191,False,4,0.632965,"[0.50,1.00)",29.814667,1.0,False,exact_bitmap,SQL_FIRST,False
2026-08-30T19:36:54.643+00:00,heldout,1,239,HNSW_HYBRID,wide_or,category_05,191,False,4,0.632965,"[0.50,1.00)",28.506208,1.0,False,exact_seq,SQL_FIRST,False
2026-08-30T19:36:54.672+00:00,heldout,1,239,IVFFLAT_HYBRID,wide_or,category_05,191,False,4,0.632965,"[0.50,1.00)",28.085125,1.0,False,exact_seq,SQL_FIRST,False
2026-08-30T19:36:54.684+00:00,heldout,0,7,SQL_FIRST,category_and_stock,category_05,610,False,0,0.049935,"[0.00,0.05)",10.511625,1.0,True,exact_bitmap,IVFFLAT_HYBRID,False
2026-08-30T19:36:54.716+00:00,heldout,0,7,VECTOR_FIRST_HNSW,category_and_stock,category_05,610,False,0,0.049935,"[0.00,0.05)",30.254583,0.8,False,exact_bitmap,IVFFLAT_HYBRID,False
2026-08-30T19:36:54.729+00:00,heldout,0,7,HNSW_HYBRID,category_and_stock,category_05,610,False,0,0.049935,"[0.00,0.05)",10.985333,1.0,False,exact_bitmap,IVFFLAT_HYBRID,False
2026-08-30T19:36:54.742+00:00,heldout,0,7,IVFFLAT_HYBRID,category_and_stock,category_05,610,False,0,0.049935,"[0.00,0.05)",12.0485,1.0,False,exact_bitmap,IVFFLAT_HYBRID,True
2026-08-30T19:36:54.755+00:00,heldout,1,7,SQL_FIRST,category_and_stock,category_05,610,False,0,0.049935,"[0.00,0.05)",11.668,1.0,True,exact_bitmap,IVFFLAT_HYBRID,False
2026-08-30T19:36:54.785+00:00,heldout,1,7,VECTOR_FIRST_HNSW,category_and_stock,category_05,610,False,0,0.049935,"[0.00,0.05)",30.225958,0.8,False,exact_bitmap,IVFFLAT_HYBRID,False
2026-08-30T19:36:54.797+00:00,heldout,1,7,HNSW_HYBRID,category_and_stock,category_05,610,False,0,0.049935,"[0.00,0.05)",10.711625,1.0,False,exact_bitmap,IVFFLAT_HYBRID,False
2026-08-30T19:36:54.809+00:00,heldout,1,7,IVFFLAT_HYBRID,category_and_stock,category_05,610,False,0,0.049935,"[0.00,0.05)",11.917375,1.0,False,exact_bitmap,IVFFLAT_HYBRID,True
2026-08-30T19:36:54.834+00:00,heldout,0,111,SQL_FIRST,two_categories,category_08,166,True,2,0.198565,"[0.10,0.25)",23.9365,1.0,True,exact_bitmap,HNSW_HYBRID,False
2026-08-30T19:36:54.865+00:00,heldout,0,111,VECTOR_FIRST_HNSW,two_categories,category_08,166,True,2,0.198565,"[0.10,0.25)",29.959167,1.0,False,exact_bitmap,HNSW_HYBRID,False
2026-08-30T19:36:54.890+00:00,heldout,0,111,HNSW_HYBRID,two_categories,category_08,166,True,2,0.198565,"[0.10,0.25)",22.80175,1.0,False,exact_bitmap,HNSW_HYBRID,True
2026-08-30T19:36:54.916+00:00,heldout,0,111,IVFFLAT_HYBRID,two_categories,category_08,166,True,2,0.198565,"[0.10,0.25)",24.417666,1.0,False,exact_bitmap,HNSW_HYBRID,False
2026-08-30T19:36:54.941+00:00,heldout,1,111,SQL_FIRST,two_categories,category_08,166,True,2,0.198565,"[0.10,0.25)",24.234667,1.0,True,exact_bitmap,HNSW_HYBRID,False
2026-08-30T19:36:54.974+00:00,heldout,1,111,VECTOR_FIRST_HNSW,two_categories,category_08,166,True,2,0.198565,"[0.10,0.25)",31.486833,1.0,False,exact_bitmap,HNSW_HYBRID,False
2026-08-30T19:36:54.998+00:00,heldout,1,111,HNSW_HYBRID,two_categories,category_08,166,True,2,0.198565,"[0.10,0.25)",24.016292,1.0,False,exact_bitmap,HNSW_HYBRID,True
2026-08-30T19:36:55.024+00:00,heldout,1,111,IVFFLAT_HYBRID,two_categories,category_08,166,True,2,0.198565,"[0.10,0.25)",25.071583,1.0,False,exact_bitmap,HNSW_HYBRID,False
2026-08-30T19:36:55.028+00:00,heldout,0,12,SQL_FIRST,category_narrow_price,category_06,228,True,0,0.00499,"[0.00,0.05)",3.225125,1.0,True,exact_bitmap,IVFFLAT_HYBRID,False
2026-08-30T19:36:55.053+00:00,heldout,0,12,VECTOR_FIRST_HNSW,category_narrow_price,category_06,228,True,0,0.00499,"[0.00,0.05)",24.046,0.0,False,exact_bitmap,IVFFLAT_HYBRID,False
2026-08-30T19:36:55.056+00:00,heldout,0,12,HNSW_HYBRID,category_narrow_price,category_06,228,True,0,0.00499,"[0.00,0.05)",2.594333,1.0,False,exact_bitmap,IVFFLAT_HYBRID,False
2026-08-30T19:36:55.059+00:00,heldout,0,12,IVFFLAT_HYBRID,category_narrow_price,category_06,228,True,0,0.00499,"[0.00,0.05)",2.235666,1.0,False,exact_bitmap,IVFFLAT_HYBRID,True
2026-08-30T19:36:55.062+00:00,heldout,1,12,SQL_FIRST,category_narrow_price,category_06,228,True,0,0.00499,"[0.00,0.05)",2.232791,1.0,True,exact_bitmap,IVFFLAT_HYBRID,False
2026-08-30T19:36:55.085+00:00,heldout,1,12,VECTOR_FIRST_HNSW,category_narrow_price,category_06,228,True,0,0.00499,"[0.00,0.05)",23.164542,0.0,False,exact_bitmap,IVFFLAT_HYBRID,False
2026-08-30T19:36:55.088+00:00,heldout,1,12,HNSW_HYBRID,category_narrow_price,category_06,228,True,0,0.00499,"[0.00,0.05)",2.660792,1.0,False,exact_bitmap,IVFFLAT_HYBRID,False
2026-08-30T19:36:55.091+00:00,heldout,1,12,IVFFLAT_HYBRID,category_narrow_price,category_06,228,True,0,0.00499,"[0.00,0.05)",2.258667,1.0,False,exact_bitmap,IVFFLAT_HYBRID,True
2026-08-30T19:36:55.106+00:00,heldout,0,76,SQL_FIRST,single_category,category_09,208,True,1,0.0999,"[0.05,0.10)",11.1265,1.0,True,exact_bitmap,HNSW_HYBRID,False
2026-08-30T19:36:55.132+00:00,heldout,0,76,VECTOR_FIRST_HNSW,single_category,category_09,208,True,1,0.0999,"[0.05,0.10)",23.420542,0.8,False,exact_bitmap,HNSW_HYBRID,False
2026-08-30T19:36:55.145+00:00,heldout,0,76,HNSW_HYBRID,single_category,category_09,208,True,1,0.0999,"[0.05,0.10)",12.626542,1.0,False,exact_bitmap,HNSW_HYBRID,True
2026-08-30T19:36:55.158+00:00,heldout,0,76,IVFFLAT_HYBRID,single_category,category_09,208,True,1,0.0999,"[0.05,0.10)",12.4395,1.0,False,exact_bitmap,HNSW_HYBRID,False
2026-08-30T19:36:55.170+00:00,heldout,1,76,SQL_FIRST,single_category,category_09,208,True,1,0.0999,"[0.05,0.10)",10.93825,1.0,True,exact_bitmap,HNSW_HYBRID,False
2026-08-30T19:36:55.194+00:00,heldout,1,76,VECTOR_FIRST_HNSW,single_category,category_09,208,True,1,0.0999,"[0.05,0.10)",24.447833,0.8,False,exact_bitmap,HNSW_HYBRID,False
2026-08-30T19:36:55.206+00:00,heldout,1,76,HNSW_HYBRID,single_category,category_09,208,True,1,0.0999,"[0.05,0.10)",11.132458,1.0,False,exact_bitmap,HNSW_HYBRID,True
2026-08-30T19:36:55.218+00:00,heldout,1,76,IVFFLAT_HYBRID,single_category,category_09,208,True,1,0.0999,"[0.05,0.10)",11.180625,1.0,False,exact_bitmap,HNSW_HYBRID,False
2026-08-30T19:36:55.237+00:00,heldout,0,188,SQL_FIRST,three_categories,category_06,753,False,3,0.269895,"[0.25,0.50)",16.714708,1.0,True,exact_bitmap,SQL_FIRST,True
2026-08-30T19:36:55.261+00:00,heldout,0,188,VECTOR_FIRST_HNSW,three_categories,category_06,753,False,3,0.269895,"[0.25,0.50)",23.104166,1.0,False,exact_bitmap,SQL_FIRST,False
2026-08-30T19:36:55.281+00:00,heldout,0,188,HNSW_HYBRID,three_categories,category_06,753,False,3,0.269895,"[0.25,0.50)",17.726542,1.0,False,exact_bitmap,SQL_FIRST,False
2026-08-30T19:36:55.301+00:00,heldout,0,188,IVFFLAT_HYBRID,three_categories,category_06,753,False,3,0.269895,"[0.25,0.50)",18.716042,1.0,False,exact_bitmap,SQL_FIRST,False
2026-08-30T19:36:55.319+00:00,heldout,1,188,SQL_FIRST,three_categories,category_06,753,False,3,0.269895,"[0.25,0.50)",17.742,1.0,True,exact_bitmap,SQL_FIRST,True
2026-08-30T19:36:55.343+00:00,heldout,1,188,VECTOR_FIRST_HNSW,three_categories,category_06,753,False,3,0.269895,"[0.25,0.50)",23.409708,1.0,False,exact_bitmap,SQL_FIRST,False
2026-08-30T19:36:55.361+00:00,heldout,1,188,HNSW_HYBRID,three_categories,category_06,753,False,3,0.269895,"[0.25,0.50)",17.725542,1.0,False,exact_bitmap,SQL_FIRST,False
2026-08-30T19:36:55.378+00:00,heldout,1,188,IVFFLAT_HYBRID,three_categories,category_06,753,False,3,0.269895,"[0.25,0.50)",16.919791,1.0,False,exact_bitmap,SQL_FIRST,False
2026-08-30T19:36:55.400+00:00,heldout,0,215,SQL_FIRST,stock_alone,category_09,492,True,4,0.500835,"[0.50,1.00)",19.243792,1.0,True,exact_seq,SQL_FIRST,True
2026-08-30T19:36:55.424+00:00,heldout,0,215,VECTOR_FIRST_HNSW,stock_alone,category_09,492,True,4,0.500835,"[0.50,1.00)",23.427625,1.0,False,exact_bitmap,SQL_FIRST,False
2026-08-30T19:36:55.450+00:00,heldout,0,215,HNSW_HYBRID,stock_alone,category_09,492,True,4,0.500835,"[0.50,1.00)",24.301167,1.0,False,exact_seq,SQL_FIRST,False
2026-08-30T19:36:55.471+00:00,heldout,0,215,IVFFLAT_HYBRID,stock_alone,category_09,492,True,4,0.500835,"[0.50,1.00)",20.663208,1.0,False,exact_seq,SQL_FIRST,False
2026-08-30T19:36:55.496+00:00,heldout,1,215,SQL_FIRST,stock_alone,category_09,492,True,4,0.500835,"[0.50,1.00)",24.267333,1.0,True,exact_seq,SQL_FIRST,True
2026-08-30T19:36:55.622+00:00,heldout,1,215,VECTOR_FIRST_HNSW,stock_alone,category_09,492,True,4,0.500835,"[0.50,1.00)",125.66175,1.0,False,exact_bitmap,SQL_FIRST,False
2026-08-30T19:36:55.664+00:00,heldout,1,215,HNSW_HYBRID,stock_alone,category_09,492,True,4,0.500835,"[0.50,1.00)",41.655542,1.0,False,exact_seq,SQL_FIRST,False
2026-08-30T19:36:55.784+00:00,heldout,1,215,IVFFLAT_HYBRID,stock_alone,category_09,492,True,4,0.500835,"[0.50,1.00)",119.094125,1.0,False,exact_seq,SQL_FIRST,False
2026-08-30T19:36:55.820+00:00,heldout,0,249,SQL_FIRST,wide_or,category_06,238,True,4,0.65516,"[0.50,1.00)",34.123791,1.0,True,exact_seq,SQL_FIRST,True
2026-08-30T19:36:55.928+00:00,heldout,0,249,VECTOR_FIRST_HNSW,wide_or,category_06,238,True,4,0.65516,"[0.50,1.00)",104.242625,1.0,False,exact_bitmap,SQL_FIRST,False
2026-08-30T19:36:55.989+00:00,heldout,0,249,HNSW_HYBRID,wide_or,category_06,238,True,4,0.65516,"[0.50,1.00)",59.140291,1.0,False,exact_seq,SQL_FIRST,False
2026-08-30T19:36:56.054+00:00,heldout,0,249,IVFFLAT_HYBRID,wide_or,category_06,238,True,4,0.65516,"[0.50,1.00)",62.132834,1.0,False,exact_seq,SQL_FIRST,False
2026-08-30T19:36:56.085+00:00,heldout,1,249,SQL_FIRST,wide_or,category_06,238,True,4,0.65516,"[0.50,1.00)",31.416708,1.0,True,exact_seq,SQL_FIRST,True
2026-08-30T19:36:56.119+00:00,heldout,1,249,VECTOR_FIRST_HNSW,wide_or,category_06,238,True,4,0.65516,"[0.50,1.00)",33.516666,1.0,False,exact_bitmap,SQL_FIRST,False
2026-08-30T19:36:56.155+00:00,heldout,1,249,HNSW_HYBRID,wide_or,category_06,238,True,4,0.65516,"[0.50,1.00)",34.958083,1.0,False,exact_seq,SQL_FIRST,False
2026-08-30T19:36:56.187+00:00,heldout,1,249,IVFFLAT_HYBRID,wide_or,category_06,238,True,4,0.65516,"[0.50,1.00)",31.908209,1.0,False,exact_seq,SQL_FIRST,False
2026-08-30T19:36:56.203+00:00,heldout,0,58,SQL_FIRST,single_category,category_02,789,False,1,0.098965,"[0.05,0.10)",14.329416,1.0,True,exact_bitmap,HNSW_HYBRID,False
2026-08-30T19:36:56.241+00:00,heldout,0,58,VECTOR_FIRST_HNSW,single_category,category_02,789,False,1,0.098965,"[0.05,0.10)",37.19725,0.9,False,exact_bitmap,HNSW_HYBRID,False
2026-08-30T19:36:56.258+00:00,heldout,0,58,HNSW_HYBRID,single_category,category_02,789,False,1,0.098965,"[0.05,0.10)",15.325458,1.0,False,exact_bitmap,HNSW_HYBRID,True
2026-08-30T19:36:56.275+00:00,heldout,0,58,IVFFLAT_HYBRID,single_category,category_02,789,False,1,0.098965,"[0.05,0.10)",16.022792,1.0,False,exact_bitmap,HNSW_HYBRID,False
2026-08-30T19:36:56.292+00:00,heldout,1,58,SQL_FIRST,single_category,category_02,789,False,1,0.098965,"[0.05,0.10)",16.094791,1.0,True,exact_bitmap,HNSW_HYBRID,False
2026-08-30T19:36:56.328+00:00,heldout,1,58,VECTOR_FIRST_HNSW,single_category,category_02,789,False,1,0.098965,"[0.05,0.10)",35.572791,0.9,False,exact_bitmap,HNSW_HYBRID,False
2026-08-30T19:36:56.343+00:00,heldout,1,58,HNSW_HYBRID,single_category,category_02,789,False,1,0.098965,"[0.05,0.10)",14.38075,1.0,False,exact_bitmap,HNSW_HYBRID,True
2026-08-30T19:36:56.359+00:00,heldout,1,58,IVFFLAT_HYBRID,single_category,category_02,789,False,1,0.098965,"[0.05,0.10)",15.788584,1.0,False,exact_bitmap,HNSW_HYBRID,False
2026-08-30T19:36:56.390+00:00,heldout,0,248,SQL_FIRST,stock_alone,category_02,392,True,4,0.500835,"[0.50,1.00)",27.695208,1.0,True,exact_seq,SQL_FIRST,True
2026-08-30T19:36:56.423+00:00,heldout,0,248,VECTOR_FIRST_HNSW,stock_alone,category_02,392,True,4,0.500835,"[0.50,1.00)",31.842542,1.0,False,exact_bitmap,SQL_FIRST,False
2026-08-30T19:36:56.452+00:00,heldout,0,248,HNSW_HYBRID,stock_alone,category_02,392,True,4,0.500835,"[0.50,1.00)",26.857083,1.0,False,exact_seq,SQL_FIRST,False
2026-08-30T19:36:56.479+00:00,heldout,0,248,IVFFLAT_HYBRID,stock_alone,category_02,392,True,4,0.500835,"[0.50,1.00)",25.552667,1.0,False,exact_seq,SQL_FIRST,False
2026-08-30T19:36:56.504+00:00,heldout,1,248,SQL_FIRST,stock_alone,category_02,392,True,4,0.500835,"[0.50,1.00)",24.554875,1.0,True,exact_seq,SQL_FIRST,True
2026-08-30T19:36:56.541+00:00,heldout,1,248,VECTOR_FIRST_HNSW,stock_alone,category_02,392,True,4,0.500835,"[0.50,1.00)",37.037666,1.0,False,exact_bitmap,SQL_FIRST,False
2026-08-30T19:36:56.577+00:00,heldout,1,248,HNSW_HYBRID,stock_alone,category_02,392,True,4,0.500835,"[0.50,1.00)",35.205375,1.0,False,exact_seq,SQL_FIRST,False
2026-08-30T19:36:56.603+00:00,heldout,1,248,IVFFLAT_HYBRID,stock_alone,category_02,392,True,4,0.500835,"[0.50,1.00)",25.701417,1.0,False,exact_seq,SQL_FIRST,False
2026-08-30T19:36:56.626+00:00,heldout,0,143,SQL_FIRST,two_categories,category_01,945,False,2,0.197635,"[0.10,0.25)",21.187834,1.0,True,exact_bitmap,HNSW_HYBRID,False
2026-08-30T19:36:56.662+00:00,heldout,0,143,VECTOR_FIRST_HNSW,two_categories,category_01,945,False,2,0.197635,"[0.10,0.25)",33.9435,1.0,False,exact_bitmap,HNSW_HYBRID,False
2026-08-30T19:36:56.688+00:00,heldout,0,143,HNSW_HYBRID,two_categories,category_01,945,False,2,0.197635,"[0.10,0.25)",24.497834,1.0,False,exact_bitmap,HNSW_HYBRID,True
2026-08-30T19:36:56.715+00:00,heldout,0,143,IVFFLAT_HYBRID,two_categories,category_01,945,False,2,0.197635,"[0.10,0.25)",26.466209,1.0,False,exact_bitmap,HNSW_HYBRID,False
2026-08-30T19:36:56.744+00:00,heldout,1,143,SQL_FIRST,two_categories,category_01,945,False,2,0.197635,"[0.10,0.25)",27.721416,1.0,True,exact_bitmap,HNSW_HYBRID,False
2026-08-30T19:36:56.778+00:00,heldout,1,143,VECTOR_FIRST_HNSW,two_categories,category_01,945,False,2,0.197635,"[0.10,0.25)",33.658,1.0,False,exact_bitmap,HNSW_HYBRID,False
2026-08-30T19:36:56.805+00:00,heldout,1,143,HNSW_HYBRID,two_categories,category_01,945,False,2,0.197635,"[0.10,0.25)",26.747333,1.0,False,exact_bitmap,HNSW_HYBRID,True
2026-08-30T19:36:56.836+00:00,heldout,1,143,IVFFLAT_HYBRID,two_categories,category_01,945,False,2,0.197635,"[0.10,0.25)",29.922542,1.0,False,exact_bitmap,HNSW_HYBRID,False
2026-08-30T19:36:56.854+00:00,heldout,0,22,SQL_FIRST,category_and_stock,category_04,930,False,0,0.04827,"[0.00,0.05)",14.651791,1.0,True,exact_bitmap,IVFFLAT_HYBRID,False
2026-08-30T19:36:56.892+00:00,heldout,0,22,VECTOR_FIRST_HNSW,category_and_stock,category_04,930,False,0,0.04827,"[0.00,0.05)",35.644292,0.6,False,exact_bitmap,IVFFLAT_HYBRID,False
2026-08-30T19:36:56.906+00:00,heldout,0,22,HNSW_HYBRID,category_and_stock,category_04,930,False,0,0.04827,"[0.00,0.05)",13.088833,1.0,False,exact_bitmap,IVFFLAT_HYBRID,False
2026-08-30T19:36:56.920+00:00,heldout,0,22,IVFFLAT_HYBRID,category_and_stock,category_04,930,False,0,0.04827,"[0.00,0.05)",12.54025,1.0,False,exact_bitmap,IVFFLAT_HYBRID,True
2026-08-30T19:36:56.933+00:00,heldout,1,22,SQL_FIRST,category_and_stock,category_04,930,False,0,0.04827,"[0.00,0.05)",12.388417,1.0,True,exact_bitmap,IVFFLAT_HYBRID,False
2026-08-30T19:36:56.966+00:00,heldout,1,22,VECTOR_FIRST_HNSW,category_and_stock,category_04,930,False,0,0.04827,"[0.00,0.05)",32.566042,0.6,False,exact_bitmap,IVFFLAT_HYBRID,False
2026-08-30T19:36:56.977+00:00,heldout,1,22,HNSW_HYBRID,category_and_stock,category_04,930,False,0,0.04827,"[0.00,0.05)",10.590583,1.0,False,exact_bitmap,IVFFLAT_HYBRID,False
2026-08-30T19:36:56.989+00:00,heldout,1,22,IVFFLAT_HYBRID,category_and_stock,category_04,930,False,0,0.04827,"[0.00,0.05)",11.824375,1.0,False,exact_bitmap,IVFFLAT_HYBRID,True
2026-08-30T19:36:57.013+00:00,heldout,0,170,SQL_FIRST,three_categories,category_02,642,True,3,0.2705,"[0.25,0.50)",22.67825,1.0,True,exact_bitmap,SQL_FIRST,True
2026-08-30T19:36:57.049+00:00,heldout,0,170,VECTOR_FIRST_HNSW,three_categories,category_02,642,True,3,0.2705,"[0.25,0.50)",34.758083,1.0,False,exact_bitmap,SQL_FIRST,False
2026-08-30T19:36:57.073+00:00,heldout,0,170,HNSW_HYBRID,three_categories,category_02,642,True,3,0.2705,"[0.25,0.50)",23.180375,1.0,False,exact_bitmap,SQL_FIRST,False
2026-08-30T19:36:57.095+00:00,heldout,0,170,IVFFLAT_HYBRID,three_categories,category_02,642,True,3,0.2705,"[0.25,0.50)",20.748042,1.0,False,exact_bitmap,SQL_FIRST,False
2026-08-30T19:36:57.117+00:00,heldout,1,170,SQL_FIRST,three_categories,category_02,642,True,3,0.2705,"[0.25,0.50)",21.281667,1.0,True,exact_bitmap,SQL_FIRST,True
2026-08-30T19:36:57.147+00:00,heldout,1,170,VECTOR_FIRST_HNSW,three_categories,category_02,642,True,3,0.2705,"[0.25,0.50)",29.914,1.0,False,exact_bitmap,SQL_FIRST,False
2026-08-30T19:36:57.170+00:00,heldout,1,170,HNSW_HYBRID,three_categories,category_02,642,True,3,0.2705,"[0.25,0.50)",23.013542,1.0,False,exact_bitmap,SQL_FIRST,False
2026-08-30T19:36:57.194+00:00,heldout,1,170,IVFFLAT_HYBRID,three_categories,category_02,642,True,3,0.2705,"[0.25,0.50)",23.102834,1.0,False,exact_bitmap,SQL_FIRST,False
2026-08-30T19:36:57.207+00:00,heldout,0,9,SQL_FIRST,category_and_stock,category_02,545,False,0,0.0494,"[0.00,0.05)",11.89225,1.0,True,exact_bitmap,IVFFLAT_HYBRID,False
2026-08-30T19:36:57.242+00:00,heldout,0,9,VECTOR_FIRST_HNSW,category_and_stock,category_02,545,False,0,0.0494,"[0.00,0.05)",33.995666,0.7,False,exact_bitmap,IVFFLAT_HYBRID,False
2026-08-30T19:36:57.257+00:00,heldout,0,9,HNSW_HYBRID,category_and_stock,category_02,545,False,0,0.0494,"[0.00,0.05)",13.641041,1.0,False,exact_bitmap,IVFFLAT_HYBRID,False
2026-08-30T19:36:57.271+00:00,heldout,0,9,IVFFLAT_HYBRID,category_and_stock,category_02,545,False,0,0.0494,"[0.00,0.05)",12.818,1.0,False,exact_bitmap,IVFFLAT_HYBRID,True
2026-08-30T19:36:57.283+00:00,heldout,1,9,SQL_FIRST,category_and_stock,category_02,545,False,0,0.0494,"[0.00,0.05)",11.68075,1.0,True,exact_bitmap,IVFFLAT_HYBRID,False
2026-08-30T19:36:57.314+00:00,heldout,1,9,VECTOR_FIRST_HNSW,category_and_stock,category_02,545,False,0,0.0494,"[0.00,0.05)",30.283334,0.7,False,exact_bitmap,IVFFLAT_HYBRID,False
2026-08-30T19:36:57.325+00:00,heldout,1,9,HNSW_HYBRID,category_and_stock,category_02,545,False,0,0.0494,"[0.00,0.05)",10.594458,1.0,False,exact_bitmap,IVFFLAT_HYBRID,False
2026-08-30T19:36:57.338+00:00,heldout,1,9,IVFFLAT_HYBRID,category_and_stock,category_02,545,False,0,0.0494,"[0.00,0.05)",11.756375,1.0,False,exact_bitmap,IVFFLAT_HYBRID,True
2026-08-30T19:36:57.362+00:00,heldout,0,152,SQL_FIRST,three_categories,category_06,195,True,3,0.269895,"[0.25,0.50)",22.043792,1.0,True,exact_bitmap,SQL_FIRST,True
2026-08-30T19:36:57.395+00:00,heldout,0,152,VECTOR_FIRST_HNSW,three_categories,category_06,195,True,3,0.269895,"[0.25,0.50)",31.45475,1.0,False,exact_bitmap,SQL_FIRST,False
2026-08-30T19:36:57.416+00:00,heldout,0,152,HNSW_HYBRID,three_categories,category_06,195,True,3,0.269895,"[0.25,0.50)",20.162792,1.0,False,exact_bitmap,SQL_FIRST,False
2026-08-30T19:36:57.437+00:00,heldout,0,152,IVFFLAT_HYBRID,three_categories,category_06,195,True,3,0.269895,"[0.25,0.50)",20.094792,1.0,False,exact_bitmap,SQL_FIRST,False
2026-08-30T19:36:57.458+00:00,heldout,1,152,SQL_FIRST,three_categories,category_06,195,True,3,0.269895,"[0.25,0.50)",20.638958,1.0,True,exact_bitmap,SQL_FIRST,True
2026-08-30T19:36:57.491+00:00,heldout,1,152,VECTOR_FIRST_HNSW,three_categories,category_06,195,True,3,0.269895,"[0.25,0.50)",31.512791,1.0,False,exact_bitmap,SQL_FIRST,False
2026-08-30T19:36:57.513+00:00,heldout,1,152,HNSW_HYBRID,three_categories,category_06,195,True,3,0.269895,"[0.25,0.50)",21.5855,1.0,False,exact_bitmap,SQL_FIRST,False
2026-08-30T19:36:57.533+00:00,heldout,1,152,IVFFLAT_HYBRID,three_categories,category_06,195,True,3,0.269895,"[0.25,0.50)",20.13225,1.0,False,exact_bitmap,SQL_FIRST,False
2026-08-30T19:36:57.551+00:00,heldout,0,147,SQL_FIRST,price_range_mid,category_08,871,True,2,0.101725,"[0.10,0.25)",15.465959,1.0,True,exact_bitmap,HNSW_HYBRID,False
2026-08-30T19:36:57.589+00:00,heldout,0,147,VECTOR_FIRST_HNSW,price_range_mid,category_08,871,True,2,0.101725,"[0.10,0.25)",37.220166,1.0,False,exact_bitmap,HNSW_HYBRID,False
2026-08-30T19:36:57.607+00:00,heldout,0,147,HNSW_HYBRID,price_range_mid,category_08,871,True,2,0.101725,"[0.10,0.25)",15.521375,1.0,False,exact_bitmap,HNSW_HYBRID,True
2026-08-30T19:36:57.626+00:00,heldout,0,147,IVFFLAT_HYBRID,price_range_mid,category_08,871,True,2,0.101725,"[0.10,0.25)",17.214583,1.0,False,exact_bitmap,HNSW_HYBRID,False
2026-08-30T19:36:57.643+00:00,heldout,1,147,SQL_FIRST,price_range_mid,category_08,871,True,2,0.101725,"[0.10,0.25)",16.6625,1.0,True,exact_bitmap,HNSW_HYBRID,False
2026-08-30T19:36:57.674+00:00,heldout,1,147,VECTOR_FIRST_HNSW,price_range_mid,category_08,871,True,2,0.101725,"[0.10,0.25)",31.033167,1.0,False,exact_bitmap,HNSW_HYBRID,False
2026-08-30T19:36:57.689+00:00,heldout,1,147,HNSW_HYBRID,price_range_mid,category_08,871,True,2,0.101725,"[0.10,0.25)",13.994833,1.0,False,exact_bitmap,HNSW_HYBRID,True
2026-08-30T19:36:57.704+00:00,heldout,1,147,IVFFLAT_HYBRID,price_range_mid,category_08,871,True,2,0.101725,"[0.10,0.25)",14.745125,1.0,False,exact_bitmap,HNSW_HYBRID,False
2026-08-30T19:36:57.721+00:00,heldout,0,94,SQL_FIRST,single_category,category_02,803,True,1,0.098965,"[0.05,0.10)",14.209584,1.0,True,exact_bitmap,HNSW_HYBRID,False
2026-08-30T19:36:57.756+00:00,heldout,0,94,VECTOR_FIRST_HNSW,single_category,category_02,803,True,1,0.098965,"[0.05,0.10)",34.536834,0.9,False,exact_bitmap,HNSW_HYBRID,False
2026-08-30T19:36:57.772+00:00,heldout,0,94,HNSW_HYBRID,single_category,category_02,803,True,1,0.098965,"[0.05,0.10)",14.476292,1.0,False,exact_bitmap,HNSW_HYBRID,True
2026-08-30T19:36:57.788+00:00,heldout,0,94,IVFFLAT_HYBRID,single_category,category_02,803,True,1,0.098965,"[0.05,0.10)",15.527416,1.0,False,exact_bitmap,HNSW_HYBRID,False
2026-08-30T19:36:57.807+00:00,heldout,1,94,SQL_FIRST,single_category,category_02,803,True,1,0.098965,"[0.05,0.10)",18.353875,1.0,True,exact_bitmap,HNSW_HYBRID,False
2026-08-30T19:36:57.842+00:00,heldout,1,94,VECTOR_FIRST_HNSW,single_category,category_02,803,True,1,0.098965,"[0.05,0.10)",34.271208,0.9,False,exact_bitmap,HNSW_HYBRID,False
2026-08-30T19:36:57.856+00:00,heldout,1,94,HNSW_HYBRID,single_category,category_02,803,True,1,0.098965,"[0.05,0.10)",13.61125,1.0,False,exact_bitmap,HNSW_HYBRID,True
2026-08-30T19:36:57.871+00:00,heldout,1,94,IVFFLAT_HYBRID,single_category,category_02,803,True,1,0.098965,"[0.05,0.10)",14.828583,1.0,False,exact_bitmap,HNSW_HYBRID,False
2026-08-30T19:36:57.889+00:00,heldout,0,105,SQL_FIRST,price_range_mid,category_00,121,True,2,0.10331,"[0.10,0.25)",15.089208,1.0,True,exact_bitmap,HNSW_HYBRID,False
2026-08-30T19:36:57.922+00:00,heldout,0,105,VECTOR_FIRST_HNSW,price_range_mid,category_00,121,True,2,0.10331,"[0.10,0.25)",30.875875,1.0,False,exact_bitmap,HNSW_HYBRID,False
2026-08-30T19:36:57.937+00:00,heldout,0,105,HNSW_HYBRID,price_range_mid,category_00,121,True,2,0.10331,"[0.10,0.25)",13.966916,1.0,False,exact_bitmap,HNSW_HYBRID,True
2026-08-30T19:36:57.953+00:00,heldout,0,105,IVFFLAT_HYBRID,price_range_mid,category_00,121,True,2,0.10331,"[0.10,0.25)",14.758292,1.0,False,exact_bitmap,HNSW_HYBRID,False
2026-08-30T19:36:57.968+00:00,heldout,1,105,SQL_FIRST,price_range_mid,category_00,121,True,2,0.10331,"[0.10,0.25)",14.784416,1.0,True,exact_bitmap,HNSW_HYBRID,False
2026-08-30T19:36:58.000+00:00,heldout,1,105,VECTOR_FIRST_HNSW,price_range_mid,category_00,121,True,2,0.10331,"[0.10,0.25)",30.99075,1.0,False,exact_bitmap,HNSW_HYBRID,False
2026-08-30T19:36:58.015+00:00,heldout,1,105,HNSW_HYBRID,price_range_mid,category_00,121,True,2,0.10331,"[0.10,0.25)",15.121541,1.0,False,exact_bitmap,HNSW_HYBRID,True
2026-08-30T19:36:58.030+00:00,heldout,1,105,IVFFLAT_HYBRID,price_range_mid,category_00,121,True,2,0.10331,"[0.10,0.25)",14.701917,1.0,False,exact_bitmap,HNSW_HYBRID,False
2026-08-30T19:36:58.053+00:00,heldout,0,155,SQL_FIRST,three_categories,category_00,233,True,3,0.271845,"[0.25,0.50)",21.414959,1.0,True,exact_bitmap,SQL_FIRST,True
2026-08-30T19:36:58.084+00:00,heldout,0,155,VECTOR_FIRST_HNSW,three_categories,category_00,233,True,3,0.271845,"[0.25,0.50)",29.422042,1.0,False,exact_bitmap,SQL_FIRST,False
2026-08-30T19:36:58.107+00:00,heldout,0,155,HNSW_HYBRID,three_categories,category_00,233,True,3,0.271845,"[0.25,0.50)",22.121458,1.0,False,exact_bitmap,SQL_FIRST,False
2026-08-30T19:36:58.130+00:00,heldout,0,155,IVFFLAT_HYBRID,three_categories,category_00,233,True,3,0.271845,"[0.25,0.50)",21.185125,1.0,False,exact_bitmap,SQL_FIRST,False
2026-08-30T19:36:58.151+00:00,heldout,1,155,SQL_FIRST,three_categories,category_00,233,True,3,0.271845,"[0.25,0.50)",20.480833,1.0,True,exact_bitmap,SQL_FIRST,True
2026-08-30T19:36:58.181+00:00,heldout,1,155,VECTOR_FIRST_HNSW,three_categories,category_00,233,True,3,0.271845,"[0.25,0.50)",30.437042,1.0,False,exact_bitmap,SQL_FIRST,False
2026-08-30T19:36:58.202+00:00,heldout,1,155,HNSW_HYBRID,three_categories,category_00,233,True,3,0.271845,"[0.25,0.50)",20.290917,1.0,False,exact_bitmap,SQL_FIRST,False
2026-08-30T19:36:58.222+00:00,heldout,1,155,IVFFLAT_HYBRID,three_categories,category_00,233,True,3,0.271845,"[0.25,0.50)",19.789209,1.0,False,exact_bitmap,SQL_FIRST,False
2026-08-30T19:36:58.254+00:00,heldout,0,222,SQL_FIRST,wide_or,category_03,302,True,4,0.685995,"[0.50,1.00)",28.529709,1.0,True,exact_seq,SQL_FIRST,True
2026-08-30T19:36:58.284+00:00,heldout,0,222,VECTOR_FIRST_HNSW,wide_or,category_03,302,True,4,0.685995,"[0.50,1.00)",28.79125,1.0,False,exact_bitmap,SQL_FIRST,False
2026-08-30T19:36:58.314+00:00,heldout,0,222,HNSW_HYBRID,wide_or,category_03,302,True,4,0.685995,"[0.50,1.00)",28.626667,1.0,False,exact_seq,SQL_FIRST,False
2026-08-30T19:36:58.345+00:00,heldout,0,222,IVFFLAT_HYBRID,wide_or,category_03,302,True,4,0.685995,"[0.50,1.00)",29.918083,1.0,False,exact_seq,SQL_FIRST,False
2026-08-30T19:36:58.377+00:00,heldout,1,222,SQL_FIRST,wide_or,category_03,302,True,4,0.685995,"[0.50,1.00)",31.357834,1.0,True,exact_seq,SQL_FIRST,True
2026-08-30T19:36:58.409+00:00,heldout,1,222,VECTOR_FIRST_HNSW,wide_or,category_03,302,True,4,0.685995,"[0.50,1.00)",31.804959,1.0,False,exact_bitmap,SQL_FIRST,False
2026-08-30T19:36:58.443+00:00,heldout,1,222,HNSW_HYBRID,wide_or,category_03,302,True,4,0.685995,"[0.50,1.00)",32.417791,1.0,False,exact_seq,SQL_FIRST,False
2026-08-30T19:36:58.473+00:00,heldout,1,222,IVFFLAT_HYBRID,wide_or,category_03,302,True,4,0.685995,"[0.50,1.00)",29.544708,1.0,False,exact_seq,SQL_FIRST,False
2026-08-30T19:36:58.487+00:00,heldout,0,17,SQL_FIRST,category_and_stock,category_09,786,False,0,0.049865,"[0.00,0.05)",11.420875,1.0,True,exact_bitmap,IVFFLAT_HYBRID,False
2026-08-30T19:36:58.522+00:00,heldout,0,17,VECTOR_FIRST_HNSW,category_and_stock,category_09,786,False,0,0.049865,"[0.00,0.05)",33.520792,0.7,False,exact_bitmap,IVFFLAT_HYBRID,False
2026-08-30T19:36:58.534+00:00,heldout,0,17,HNSW_HYBRID,category_and_stock,category_09,786,False,0,0.049865,"[0.00,0.05)",11.545625,1.0,False,exact_bitmap,IVFFLAT_HYBRID,False
2026-08-30T19:36:58.549+00:00,heldout,0,17,IVFFLAT_HYBRID,category_and_stock,category_09,786,False,0,0.049865,"[0.00,0.05)",12.973167,1.0,False,exact_bitmap,IVFFLAT_HYBRID,True
2026-08-30T19:36:58.562+00:00,heldout,1,17,SQL_FIRST,category_and_stock,category_09,786,False,0,0.049865,"[0.00,0.05)",12.947292,1.0,True,exact_bitmap,IVFFLAT_HYBRID,False
2026-08-30T19:36:58.596+00:00,heldout,1,17,VECTOR_FIRST_HNSW,category_and_stock,category_09,786,False,0,0.049865,"[0.00,0.05)",33.444125,0.7,False,exact_bitmap,IVFFLAT_HYBRID,False
2026-08-30T19:36:58.608+00:00,heldout,1,17,HNSW_HYBRID,category_and_stock,category_09,786,False,0,0.049865,"[0.00,0.05)",11.353667,1.0,False,exact_bitmap,IVFFLAT_HYBRID,False
2026-08-30T19:36:58.623+00:00,heldout,1,17,IVFFLAT_HYBRID,category_and_stock,category_09,786,False,0,0.049865,"[0.00,0.05)",13.655,1.0,False,exact_bitmap,IVFFLAT_HYBRID,True
2026-08-30T19:36:58.657+00:00,heldout,0,178,SQL_FIRST,category_or_price,category_06,322,True,3,0.38595,"[0.25,0.50)",31.601417,1.0,True,exact_seq,SQL_FIRST,True
2026-08-30T19:36:58.692+00:00,heldout,0,178,VECTOR_FIRST_HNSW,category_or_price,category_06,322,True,3,0.38595,"[0.25,0.50)",32.818292,1.0,False,exact_bitmap,SQL_FIRST,False
2026-08-30T19:36:58.721+00:00,heldout,0,178,HNSW_HYBRID,category_or_price,category_06,322,True,3,0.38595,"[0.25,0.50)",27.002208,1.0,False,exact_seq,SQL_FIRST,False
2026-08-30T19:36:58.747+00:00,heldout,0,178,IVFFLAT_HYBRID,category_or_price,category_06,322,True,3,0.38595,"[0.25,0.50)",25.166,1.0,False,exact_seq,SQL_FIRST,False
2026-08-30T19:36:58.773+00:00,heldout,1,178,SQL_FIRST,category_or_price,category_06,322,True,3,0.38595,"[0.25,0.50)",25.259541,1.0,True,exact_seq,SQL_FIRST,True
2026-08-30T19:36:58.807+00:00,heldout,1,178,VECTOR_FIRST_HNSW,category_or_price,category_06,322,True,3,0.38595,"[0.25,0.50)",34.081125,1.0,False,exact_bitmap,SQL_FIRST,False
2026-08-30T19:36:58.833+00:00,heldout,1,178,HNSW_HYBRID,category_or_price,category_06,322,True,3,0.38595,"[0.25,0.50)",25.431,1.0,False,exact_seq,SQL_FIRST,False
2026-08-30T19:36:58.860+00:00,heldout,1,178,IVFFLAT_HYBRID,category_or_price,category_06,322,True,3,0.38595,"[0.25,0.50)",25.988875,1.0,False,exact_seq,SQL_FIRST,False
2026-08-30T19:36:58.886+00:00,heldout,0,179,SQL_FIRST,three_categories,category_01,418,True,3,0.272085,"[0.25,0.50)",24.699292,1.0,True,exact_bitmap,SQL_FIRST,True
2026-08-30T19:36:58.918+00:00,heldout,0,179,VECTOR_FIRST_HNSW,three_categories,category_01,418,True,3,0.272085,"[0.25,0.50)",30.457625,1.0,False,exact_bitmap,SQL_FIRST,False
2026-08-30T19:36:58.939+00:00,heldout,0,179,HNSW_HYBRID,three_categories,category_01,418,True,3,0.272085,"[0.25,0.50)",19.798875,1.0,False,exact_bitmap,SQL_FIRST,False
2026-08-30T19:36:58.962+00:00,heldout,0,179,IVFFLAT_HYBRID,three_categories,category_01,418,True,3,0.272085,"[0.25,0.50)",21.699084,1.0,False,exact_bitmap,SQL_FIRST,False
2026-08-30T19:36:58.984+00:00,heldout,1,179,SQL_FIRST,three_categories,category_01,418,True,3,0.272085,"[0.25,0.50)",21.885625,1.0,True,exact_bitmap,SQL_FIRST,True
2026-08-30T19:36:59.018+00:00,heldout,1,179,VECTOR_FIRST_HNSW,three_categories,category_01,418,True,3,0.272085,"[0.25,0.50)",32.939333,1.0,False,exact_bitmap,SQL_FIRST,False
2026-08-30T19:36:59.042+00:00,heldout,1,179,HNSW_HYBRID,three_categories,category_01,418,True,3,0.272085,"[0.25,0.50)",24.138625,1.0,False,exact_bitmap,SQL_FIRST,False
2026-08-30T19:36:59.066+00:00,heldout,1,179,IVFFLAT_HYBRID,three_categories,category_01,418,True,3,0.272085,"[0.25,0.50)",22.92425,1.0,False,exact_bitmap,SQL_FIRST,False
2026-08-30T19:36:59.087+00:00,heldout,0,165,SQL_FIRST,three_categories,category_08,102,False,3,0.272595,"[0.25,0.50)",20.185208,1.0,True,exact_bitmap,SQL_FIRST,True
2026-08-30T19:36:59.120+00:00,heldout,0,165,VECTOR_FIRST_HNSW,three_categories,category_08,102,False,3,0.272595,"[0.25,0.50)",31.624,1.0,False,exact_bitmap,SQL_FIRST,False
2026-08-30T19:36:59.155+00:00,heldout,0,165,HNSW_HYBRID,three_categories,category_08,102,False,3,0.272595,"[0.25,0.50)",32.836833,1.0,False,exact_bitmap,SQL_FIRST,False
2026-08-30T19:36:59.181+00:00,heldout,0,165,IVFFLAT_HYBRID,three_categories,category_08,102,False,3,0.272595,"[0.25,0.50)",24.994791,1.0,False,exact_bitmap,SQL_FIRST,False
2026-08-30T19:36:59.204+00:00,heldout,1,165,SQL_FIRST,three_categories,category_08,102,False,3,0.272595,"[0.25,0.50)",23.422916,1.0,True,exact_bitmap,SQL_FIRST,True
2026-08-30T19:36:59.238+00:00,heldout,1,165,VECTOR_FIRST_HNSW,three_categories,category_08,102,False,3,0.272595,"[0.25,0.50)",33.309917,1.0,False,exact_bitmap,SQL_FIRST,False
2026-08-30T19:36:59.260+00:00,heldout,1,165,HNSW_HYBRID,three_categories,category_08,102,False,3,0.272595,"[0.25,0.50)",21.414208,1.0,False,exact_bitmap,SQL_FIRST,False
2026-08-30T19:36:59.283+00:00,heldout,1,165,IVFFLAT_HYBRID,three_categories,category_08,102,False,3,0.272595,"[0.25,0.50)",21.868916,1.0,False,exact_bitmap,SQL_FIRST,False
2026-08-30T19:36:59.310+00:00,heldout,0,144,SQL_FIRST,two_categories,category_02,216,False,2,0.202665,"[0.10,0.25)",24.738833,1.0,True,exact_bitmap,HNSW_HYBRID,False
2026-08-30T19:36:59.345+00:00,heldout,0,144,VECTOR_FIRST_HNSW,two_categories,category_02,216,False,2,0.202665,"[0.10,0.25)",33.503166,1.0,False,exact_bitmap,HNSW_HYBRID,False
2026-08-30T19:36:59.371+00:00,heldout,0,144,HNSW_HYBRID,two_categories,category_02,216,False,2,0.202665,"[0.10,0.25)",25.108833,1.0,False,exact_bitmap,HNSW_HYBRID,True
2026-08-30T19:36:59.400+00:00,heldout,0,144,IVFFLAT_HYBRID,two_categories,category_02,216,False,2,0.202665,"[0.10,0.25)",27.996458,1.0,False,exact_bitmap,HNSW_HYBRID,False
2026-08-30T19:36:59.427+00:00,heldout,1,144,SQL_FIRST,two_categories,category_02,216,False,2,0.202665,"[0.10,0.25)",26.523875,1.0,True,exact_bitmap,HNSW_HYBRID,False
2026-08-30T19:36:59.461+00:00,heldout,1,144,VECTOR_FIRST_HNSW,two_categories,category_02,216,False,2,0.202665,"[0.10,0.25)",33.55975,1.0,False,exact_bitmap,HNSW_HYBRID,False
2026-08-30T19:36:59.487+00:00,heldout,1,144,HNSW_HYBRID,two_categories,category_02,216,False,2,0.202665,"[0.10,0.25)",24.606292,1.0,False,exact_bitmap,HNSW_HYBRID,True
2026-08-30T19:36:59.514+00:00,heldout,1,144,IVFFLAT_HYBRID,two_categories,category_02,216,False,2,0.202665,"[0.10,0.25)",26.718334,1.0,False,exact_bitmap,HNSW_HYBRID,False
2026-08-30T19:36:59.520+00:00,heldout,0,10,SQL_FIRST,category_narrow_price,category_05,761,True,0,0.00503,"[0.00,0.05)",4.107125,1.0,True,exact_bitmap,IVFFLAT_HYBRID,False
2026-08-30T19:36:59.555+00:00,heldout,0,10,VECTOR_FIRST_HNSW,category_narrow_price,category_05,761,True,0,0.00503,"[0.00,0.05)",33.429459,0.1,False,exact_bitmap,IVFFLAT_HYBRID,False
2026-08-30T19:36:59.560+00:00,heldout,0,10,HNSW_HYBRID,category_narrow_price,category_05,761,True,0,0.00503,"[0.00,0.05)",3.33,1.0,False,exact_bitmap,IVFFLAT_HYBRID,False
2026-08-30T19:36:59.564+00:00,heldout,0,10,IVFFLAT_HYBRID,category_narrow_price,category_05,761,True,0,0.00503,"[0.00,0.05)",3.016667,1.0,False,exact_bitmap,IVFFLAT_HYBRID,True
2026-08-30T19:36:59.568+00:00,heldout,1,10,SQL_FIRST,category_narrow_price,category_05,761,True,0,0.00503,"[0.00,0.05)",3.41225,1.0,True,exact_bitmap,IVFFLAT_HYBRID,False
2026-08-30T19:36:59.603+00:00,heldout,1,10,VECTOR_FIRST_HNSW,category_narrow_price,category_05,761,True,0,0.00503,"[0.00,0.05)",33.758625,0.1,False,exact_bitmap,IVFFLAT_HYBRID,False
2026-08-30T19:36:59.607+00:00,heldout,1,10,HNSW_HYBRID,category_narrow_price,category_05,761,True,0,0.00503,"[0.00,0.05)",3.0215,1.0,False,exact_bitmap,IVFFLAT_HYBRID,False
2026-08-30T19:36:59.610+00:00,heldout,1,10,IVFFLAT_HYBRID,category_narrow_price,category_05,761,True,0,0.00503,"[0.00,0.05)",2.975291,1.0,False,exact_bitmap,IVFFLAT_HYBRID,True
2026-08-30T19:36:59.644+00:00,heldout,0,216,SQL_FIRST,wide_or,category_01,113,False,4,0.596165,"[0.50,1.00)",31.396625,1.0,True,exact_seq,SQL_FIRST,True
2026-08-30T19:36:59.680+00:00,heldout,0,216,VECTOR_FIRST_HNSW,wide_or,category_01,113,False,4,0.596165,"[0.50,1.00)",34.369166,1.0,False,exact_bitmap,SQL_FIRST,False
2026-08-30T19:36:59.712+00:00,heldout,0,216,HNSW_HYBRID,wide_or,category_01,113,False,4,0.596165,"[0.50,1.00)",31.341708,1.0,False,exact_seq,SQL_FIRST,False
2026-08-30T19:36:59.745+00:00,heldout,0,216,IVFFLAT_HYBRID,wide_or,category_01,113,False,4,0.596165,"[0.50,1.00)",31.367083,1.0,False,exact_seq,SQL_FIRST,False
2026-08-30T19:36:59.775+00:00,heldout,1,216,SQL_FIRST,wide_or,category_01,113,False,4,0.596165,"[0.50,1.00)",29.526084,1.0,True,exact_seq,SQL_FIRST,True
2026-08-30T19:36:59.809+00:00,heldout,1,216,VECTOR_FIRST_HNSW,wide_or,category_01,113,False,4,0.596165,"[0.50,1.00)",33.589042,1.0,False,exact_bitmap,SQL_FIRST,False
2026-08-30T19:36:59.840+00:00,heldout,1,216,HNSW_HYBRID,wide_or,category_01,113,False,4,0.596165,"[0.50,1.00)",29.661917,1.0,False,exact_seq,SQL_FIRST,False
2026-08-30T19:36:59.870+00:00,heldout,1,216,IVFFLAT_HYBRID,wide_or,category_01,113,False,4,0.596165,"[0.50,1.00)",29.927375,1.0,False,exact_seq,SQL_FIRST,False
2026-08-30T19:36:59.904+00:00,heldout,0,231,SQL_FIRST,wide_or,category_03,266,False,4,0.668145,"[0.50,1.00)",32.282,1.0,True,exact_seq,SQL_FIRST,True
2026-08-30T19:36:59.942+00:00,heldout,0,231,VECTOR_FIRST_HNSW,wide_or,category_03,266,False,4,0.668145,"[0.50,1.00)",35.71825,1.0,False,exact_bitmap,SQL_FIRST,False
2026-08-30T19:36:59.977+00:00,heldout,0,231,HNSW_HYBRID,wide_or,category_03,266,False,4,0.668145,"[0.50,1.00)",34.002042,1.0,False,exact_seq,SQL_FIRST,False
2026-08-30T19:37:00.010+00:00,heldout,0,231,IVFFLAT_HYBRID,wide_or,category_03,266,False,4,0.668145,"[0.50,1.00)",32.874166,1.0,False,exact_seq,SQL_FIRST,False
2026-08-30T19:37:00.042+00:00,heldout,1,231,SQL_FIRST,wide_or,category_03,266,False,4,0.668145,"[0.50,1.00)",31.534958,1.0,True,exact_seq,SQL_FIRST,True
2026-08-30T19:37:00.073+00:00,heldout,1,231,VECTOR_FIRST_HNSW,wide_or,category_03,266,False,4,0.668145,"[0.50,1.00)",30.374125,1.0,False,exact_bitmap,SQL_FIRST,False
2026-08-30T19:37:00.105+00:00,heldout,1,231,HNSW_HYBRID,wide_or,category_03,266,False,4,0.668145,"[0.50,1.00)",31.246709,1.0,False,exact_seq,SQL_FIRST,False
2026-08-30T19:37:00.137+00:00,heldout,1,231,IVFFLAT_HYBRID,wide_or,category_03,266,False,4,0.668145,"[0.50,1.00)",31.315958,1.0,False,exact_seq,SQL_FIRST,False
2026-08-30T19:37:00.167+00:00,heldout,0,156,SQL_FIRST,category_or_price,category_09,394,False,3,0.451995,"[0.25,0.50)",26.775666,1.0,True,exact_seq,SQL_FIRST,True
2026-08-30T19:37:00.201+00:00,heldout,0,156,VECTOR_FIRST_HNSW,category_or_price,category_09,394,False,3,0.451995,"[0.25,0.50)",33.198291,1.0,False,exact_bitmap,SQL_FIRST,False
2026-08-30T19:37:00.232+00:00,heldout,0,156,HNSW_HYBRID,category_or_price,category_09,394,False,3,0.451995,"[0.25,0.50)",29.92525,1.0,False,exact_seq,SQL_FIRST,False
2026-08-30T19:37:00.261+00:00,heldout,0,156,IVFFLAT_HYBRID,category_or_price,category_09,394,False,3,0.451995,"[0.25,0.50)",27.115583,1.0,False,exact_seq,SQL_FIRST,False
2026-08-30T19:37:00.288+00:00,heldout,1,156,SQL_FIRST,category_or_price,category_09,394,False,3,0.451995,"[0.25,0.50)",26.457666,1.0,True,exact_seq,SQL_FIRST,True
2026-08-30T19:37:00.321+00:00,heldout,1,156,VECTOR_FIRST_HNSW,category_or_price,category_09,394,False,3,0.451995,"[0.25,0.50)",31.813083,1.0,False,exact_bitmap,SQL_FIRST,False
2026-08-30T19:37:00.348+00:00,heldout,1,156,HNSW_HYBRID,category_or_price,category_09,394,False,3,0.451995,"[0.25,0.50)",26.358084,1.0,False,exact_seq,SQL_FIRST,False
2026-08-30T19:37:00.375+00:00,heldout,1,156,IVFFLAT_HYBRID,category_or_price,category_09,394,False,3,0.451995,"[0.25,0.50)",26.4975,1.0,False,exact_seq,SQL_FIRST,False
2026-08-30T19:37:00.415+00:00,heldout,0,206,SQL_FIRST,wide_or,category_00,997,True,4,0.998575,"[0.50,1.00)",36.70475,1.0,True,exact_seq,SQL_FIRST,True
2026-08-30T19:37:00.451+00:00,heldout,0,206,VECTOR_FIRST_HNSW,wide_or,category_00,997,True,4,0.998575,"[0.50,1.00)",35.715541,1.0,False,exact_bitmap,SQL_FIRST,False
2026-08-30T19:37:00.490+00:00,heldout,0,206,HNSW_HYBRID,wide_or,category_00,997,True,4,0.998575,"[0.50,1.00)",37.598,1.0,False,exact_seq,SQL_FIRST,False
2026-08-30T19:37:00.528+00:00,heldout,0,206,IVFFLAT_HYBRID,wide_or,category_00,997,True,4,0.998575,"[0.50,1.00)",36.728917,1.0,False,exact_seq,SQL_FIRST,False
2026-08-30T19:37:00.566+00:00,heldout,1,206,SQL_FIRST,wide_or,category_00,997,True,4,0.998575,"[0.50,1.00)",37.401834,1.0,True,exact_seq,SQL_FIRST,True
2026-08-30T19:37:00.598+00:00,heldout,1,206,VECTOR_FIRST_HNSW,wide_or,category_00,997,True,4,0.998575,"[0.50,1.00)",31.768917,1.0,False,exact_bitmap,SQL_FIRST,False
2026-08-30T19:37:00.635+00:00,heldout,1,206,HNSW_HYBRID,wide_or,category_00,997,True,4,0.998575,"[0.50,1.00)",36.96125,1.0,False,exact_seq,SQL_FIRST,False
2026-08-30T19:37:00.673+00:00,heldout,1,206,IVFFLAT_HYBRID,wide_or,category_00,997,True,4,0.998575,"[0.50,1.00)",36.825916,1.0,False,exact_seq,SQL_FIRST,False
2026-08-30T19:37:00.679+00:00,heldout,0,48,SQL_FIRST,category_narrow_price,category_08,377,True,0,0.005035,"[0.00,0.05)",2.964167,1.0,True,exact_bitmap,IVFFLAT_HYBRID,False
2026-08-30T19:37:00.715+00:00,heldout,0,48,VECTOR_FIRST_HNSW,category_narrow_price,category_08,377,True,0,0.005035,"[0.00,0.05)",35.1895,0.0,False,exact_bitmap,IVFFLAT_HYBRID,False
2026-08-30T19:37:00.719+00:00,heldout,0,48,HNSW_HYBRID,category_narrow_price,category_08,377,True,0,0.005035,"[0.00,0.05)",2.653041,1.0,False,exact_bitmap,IVFFLAT_HYBRID,False
2026-08-30T19:37:00.724+00:00,heldout,0,48,IVFFLAT_HYBRID,category_narrow_price,category_08,377,True,0,0.005035,"[0.00,0.05)",3.41525,1.0,False,exact_bitmap,IVFFLAT_HYBRID,True
2026-08-30T19:37:00.729+00:00,heldout,1,48,SQL_FIRST,category_narrow_price,category_08,377,True,0,0.005035,"[0.00,0.05)",4.211833,1.0,True,exact_bitmap,IVFFLAT_HYBRID,False
2026-08-30T19:37:00.764+00:00,heldout,1,48,VECTOR_FIRST_HNSW,category_narrow_price,category_08,377,True,0,0.005035,"[0.00,0.05)",34.72975,0.0,False,exact_bitmap,IVFFLAT_HYBRID,False
2026-08-30T19:37:00.767+00:00,heldout,1,48,HNSW_HYBRID,category_narrow_price,category_08,377,True,0,0.005035,"[0.00,0.05)",2.551625,1.0,False,exact_bitmap,IVFFLAT_HYBRID,False
2026-08-30T19:37:00.771+00:00,heldout,1,48,IVFFLAT_HYBRID,category_narrow_price,category_08,377,True,0,0.005035,"[0.00,0.05)",3.344875,1.0,False,exact_bitmap,IVFFLAT_HYBRID,True
2026-08-30T19:37:00.810+00:00,heldout,0,244,SQL_FIRST,wide_or,category_02,825,True,4,0.92027,"[0.50,1.00)",37.154125,1.0,True,exact_seq,SQL_FIRST,True
2026-08-30T19:37:00.845+00:00,heldout,0,244,VECTOR_FIRST_HNSW,wide_or,category_02,825,True,4,0.92027,"[0.50,1.00)",32.431417,1.0,False,exact_bitmap,SQL_FIRST,False
2026-08-30T19:37:00.882+00:00,heldout,0,244,HNSW_HYBRID,wide_or,category_02,825,True,4,0.92027,"[0.50,1.00)",35.590833,1.0,False,exact_seq,SQL_FIRST,False
2026-08-30T19:37:00.918+00:00,heldout,0,244,IVFFLAT_HYBRID,wide_or,category_02,825,True,4,0.92027,"[0.50,1.00)",35.414666,1.0,False,exact_seq,SQL_FIRST,False
2026-08-30T19:37:00.956+00:00,heldout,1,244,SQL_FIRST,wide_or,category_02,825,True,4,0.92027,"[0.50,1.00)",37.36275,1.0,True,exact_seq,SQL_FIRST,True
2026-08-30T19:37:00.989+00:00,heldout,1,244,VECTOR_FIRST_HNSW,wide_or,category_02,825,True,4,0.92027,"[0.50,1.00)",32.568916,1.0,False,exact_bitmap,SQL_FIRST,False
2026-08-30T19:37:01.026+00:00,heldout,1,244,HNSW_HYBRID,wide_or,category_02,825,True,4,0.92027,"[0.50,1.00)",36.482625,1.0,False,exact_seq,SQL_FIRST,False
2026-08-30T19:37:01.061+00:00,heldout,1,244,IVFFLAT_HYBRID,wide_or,category_02,825,True,4,0.92027,"[0.50,1.00)",35.232416,1.0,False,exact_seq,SQL_FIRST,False
