seed,bucket,strategy,query_idx,recall_at_10
1000,sel_000_005,SQL_FIRST,0,1.0
1000,sel_000_005,SQL_FIRST,1,1.0
1000,sel_000_005,SQL_FIRST,2,1.0
1000,sel_000_005,SQL_FIRST,3,1.0
1000,sel_000_005,SQL_FIRST,4,1.0
1000,sel_000_005,VECTOR_FIRST_HNSW,0,0.0
1000,sel_000_005,VECTOR_FIRST_HNSW,1,0.2
1000,sel_000_005,VECTOR_FIRST_HNSW,2,0.2
1000,sel_000_005,VECTOR_FIRST_HNSW,3,0.2
1000,sel_000_005,VECTOR_FIRST_HNSW,4,0.0
1000,sel_000_005,HNSW_HYBRID,0,0.1
1000,sel_000_005,HNSW_HYBRID,1,0.2
1000,sel_000_005,HNSW_HYBRID,2,0.4
1000,sel_000_005,HNSW_HYBRID,3,0.3
1000,sel_000_005,HNSW_HYBRID,4,0.0
1000,sel_000_005,IVFFLAT_HYBRID,0,0.0
1000,sel_000_005,IVFFLAT_HYBRID,1,0.0
1000,sel_000_005,IVFFLAT_HYBRID,2,0.0
1000,sel_000_005,IVFFLAT_HYBRID,3,0.1
1000,sel_000_005,IVFFLAT_HYBRID,4,0.0
1000,sel_005_010,SQL_FIRST,0,1.0
1000,sel_005_010,SQL_FIRST,1,1.0
1000,sel_005_010,SQL_FIRST,2,1.0
1000,sel_005_010,SQL_FIRST,3,1.0
1000,sel_005_010,SQL_FIRST,4,1.0
1000,sel_005_010,VECTOR_FIRST_HNSW,0,0.0
1000,sel_005_010,VECTOR_FIRST_HNSW,1,0.2
1000,sel_005_010,VECTOR_FIRST_HNSW,2,0.2
1000,sel_005_010,VECTOR_FIRST_HNSW,3,0.2
1000,sel_005_010,VECTOR_FIRST_HNSW,4,0.0
1000,sel_005_010,HNSW_HYBRID,0,0.0
1000,sel_005_010,HNSW_HYBRID,1,0.5
1000,sel_005_010,HNSW_HYBRID,2,0.5
1000,sel_005_010,HNSW_HYBRID,3,0.4
1000,sel_005_010,HNSW_HYBRID,4,0.1
1000,sel_005_010,IVFFLAT_HYBRID,0,0.1
1000,sel_005_010,IVFFLAT_HYBRID,1,0.1
1000,sel_005_010,IVFFLAT_HYBRID,2,0.0
1000,sel_005_010,IVFFLAT_HYBRID,3,0.1
1000,sel_005_010,IVFFLAT_HYBRID,4,0.1
1000,sel_010_025,SQL_FIRST,0,1.0
1000,sel_010_025,SQL_FIRST,1,1.0
1000,sel_010_025,SQL_FIRST,2,1.0
1000,sel_010_025,SQL_FIRST,3,1.0
1000,sel_010_025,SQL_FIRST,4,1.0
1000,sel_010_025,VECTOR_FIRST_HNSW,0,0.0
1000,sel_010_025,VECTOR_FIRST_HNSW,1,0.3
1000,sel_010_025,VECTOR_FIRST_HNSW,2,0.6
1000,sel_010_025,VECTOR_FIRST_HNSW,3,0.3
1000,sel_010_025,VECTOR_FIRST_HNSW,4,0.1
1000,sel_010_025,HNSW_HYBRID,0,0.2
1000,sel_010_025,HNSW_HYBRID,1,0.4
1000,sel_010_025,HNSW_HYBRID,2,0.6
1000,sel_010_025,HNSW_HYBRID,3,0.3
1000,sel_010_025,HNSW_HYBRID,4,0.0
1000,sel_010_025,IVFFLAT_HYBRID,0,0.3
1000,sel_010_025,IVFFLAT_HYBRID,1,0.2
1000,sel_010_025,IVFFLAT_HYBRID,2,0.5
1000,sel_010_025,IVFFLAT_HYBRID,3,0.2
1000,sel_010_025,IVFFLAT_HYBRID,4,0.3
1000,sel_025_050,SQL_FIRST,0,1.0
1000,sel_025_050,SQL_FIRST,1,1.0
1000,sel_025_050,SQL_FIRST,2,1.0
1000,sel_025_050,SQL_FIRST,3,1.0
1000,sel_025_050,SQL_FIRST,4,1.0
1000,sel_025_050,VECTOR_FIRST_HNSW,0,0.0
1000,sel_025_050,VECTOR_FIRST_HNSW,1,0.4
1000,sel_025_050,VECTOR_FIRST_HNSW,2,0.4
1000,sel_025_050,VECTOR_FIRST_HNSW,3,0.0
1000,sel_025_050,VECTOR_FIRST_HNSW,4,0.0
1000,sel_025_050,HNSW_HYBRID,0,0.1
1000,sel_025_050,HNSW_HYBRID,1,0.2
1000,sel_025_050,HNSW_HYBRID,2,0.7
1000,sel_025_050,HNSW_HYBRID,3,0.1
1000,sel_025_050,HNSW_HYBRID,4,0.0
1000,sel_025_050,IVFFLAT_HYBRID,0,0.2
1000,sel_025_050,IVFFLAT_HYBRID,1,0.0
1000,sel_025_050,IVFFLAT_HYBRID,2,0.0
1000,sel_025_050,IVFFLAT_HYBRID,3,0.1
1000,sel_025_050,IVFFLAT_HYBRID,4,0.5
1000,sel_050_100,SQL_FIRST,0,1.0
1000,sel_050_100,SQL_FIRST,1,1.0
1000,sel_050_100,SQL_FIRST,2,1.0
1000,sel_050_100,SQL_FIRST,3,1.0
1000,sel_050_100,SQL_FIRST,4,1.0
1000,sel_050_100,VECTOR_FIRST_HNSW,0,0.0
1000,sel_050_100,VECTOR_FIRST_HNSW,1,0.1
1000,sel_050_100,VECTOR_FIRST_HNSW,2,0.3
1000,sel_050_100,VECTOR_FIRST_HNSW,3,0.3
1000,sel_050_100,VECTOR_FIRST_HNSW,4,0.0
1000,sel_050_100,HNSW_HYBRID,0,0.0
1000,sel_050_100,HNSW_HYBRID,1,0.4
1000,sel_050_100,HNSW_HYBRID,2,0.7
1000,sel_050_100,HNSW_HYBRID,3,0.3
1000,sel_050_100,HNSW_HYBRID,4,0.1
1000,sel_050_100,IVFFLAT_HYBRID,0,0.3
1000,sel_050_100,IVFFLAT_HYBRID,1,0.1
1000,sel_050_100,IVFFLAT_HYBRID,2,0.2
1000,sel_050_100,IVFFLAT_HYBRID,3,0.1
1000,sel_050_100,IVFFLAT_HYBRID,4,0.3
1001,sel_000_005,SQL_FIRST,0,1.0
1001,sel_000_005,SQL_FIRST,1,1.0
1001,sel_000_005,SQL_FIRST,2,1.0
1001,sel_000_005,SQL_FIRST,3,1.0
1001,sel_000_005,SQL_FIRST,4,1.0
1001,sel_000_005,VECTOR_FIRST_HNSW,0,0.0
1001,sel_000_005,VECTOR_FIRST_HNSW,1,0.0
1001,sel_000_005,VECTOR_FIRST_HNSW,2,0.3
1001,sel_000_005,VECTOR_FIRST_HNSW,3,0.2
1001,sel_000_005,VECTOR_FIRST_HNSW,4,0.0
1001,sel_000_005,HNSW_HYBRID,0,0.0
1001,sel_000_005,HNSW_HYBRID,1,0.2
1001,sel_000_005,HNSW_HYBRID,2,0.4
1001,sel_000_005,HNSW_HYBRID,3,0.1
1001,sel_000_005,HNSW_HYBRID,4,0.0
1001,sel_000_005,IVFFLAT_HYBRID,0,0.0
1001,sel_000_005,IVFFLAT_HYBRID,1,0.1
1001,sel_000_005,IVFFLAT_HYBRID,2,0.1
1001,sel_000_005,IVFFLAT_HYBRID,3,0.2
1001,sel_000_005,IVFFLAT_HYBRID,4,0.0
1001,sel_005_010,SQL_FIRST,0,1.0
1001,sel_005_010,SQL_FIRST,1,1.0
1001,sel_005_010,SQL_FIRST,2,1.0
1001,sel_005_010,SQL_FIRST,3,1.0
1001,sel_005_010,SQL_FIRST,4,1.0
1001,sel_005_010,VECTOR_FIRST_HNSW,0,0.0
1001,sel_005_010,VECTOR_FIRST_HNSW,1,0.1
1001,sel_005_010,VECTOR_FIRST_HNSW,2,0.3
1001,sel_005_010,VECTOR_FIRST_HNSW,3,0.2
1001,sel_005_010,VECTOR_FIRST_HNSW,4,0.0
1001,sel_005_010,HNSW_HYBRID,0,0.0
1001,sel_005_010,HNSW_HYBRID,1,0.5
1001,sel_005_010,HNSW_HYBRID,2,0.3
1001,sel_005_010,HNSW_HYBRID,3,0.3
1001,sel_005_010,HNSW_HYBRID,4,0.0
1001,sel_005_010,IVFFLAT_HYBRID,0,0.2
1001,sel_005_010,IVFFLAT_HYBRID,1,0.0
1001,sel_005_010,IVFFLAT_HYBRID,2,0.1
1001,sel_005_010,IVFFLAT_HYBRID,3,0.0
1001,sel_005_010,IVFFLAT_HYBRID,4,0.2
1001,sel_010_025,SQL_FIRST,0,1.0
1001,sel_010_025,SQL_FIRST,1,1.0
1001,sel_010_025,SQL_FIRST,2,1.0
1001,sel_010_025,SQL_FIRST,3,1.0
1001,sel_010_025,SQL_FIRST,4,1.0
1001,sel_010_025,VECTOR_FIRST_HNSW,0,0.0
1001,sel_010_025,VECTOR_FIRST_HNSW,1,0.2
1001,sel_010_025,VECTOR_FIRST_HNSW,2,0.4
1001,sel_010_025,VECTOR_FIRST_HNSW,3,0.1
1001,sel_010_025,VECTOR_FIRST_HNSW,4,0.0
1001,sel_010_025,HNSW_HYBRID,0,0.1
1001,sel_010_025,HNSW_HYBRID,1,0.2
1001,sel_010_025,HNSW_HYBRID,2,0.3
1001,sel_010_025,HNSW_HYBRID,3,0.3
1001,sel_010_025,HNSW_HYBRID,4,0.0
1001,sel_010_025,IVFFLAT_HYBRID,0,0.0
1001,sel_010_025,IVFFLAT_HYBRID,1,0.2
1001,sel_010_025,IVFFLAT_HYBRID,2,0.2
1001,sel_010_025,IVFFLAT_HYBRID,3,0.0
1001,sel_010_025,IVFFLAT_HYBRID,4,0.2
1001,sel_025_050,SQL_FIRST,0,1.0
1001,sel_025_050,SQL_FIRST,1,1.0
1001,sel_025_050,SQL_FIRST,2,1.0
1001,sel_025_050,SQL_FIRST,3,1.0
1001,sel_025_050,SQL_FIRST,4,1.0
1001,sel_025_050,VECTOR_FIRST_HNSW,0,0.0
1001,sel_025_050,VECTOR_FIRST_HNSW,1,0.4
1001,sel_025_050,VECTOR_FIRST_HNSW,2,0.3
1001,sel_025_050,VECTOR_FIRST_HNSW,3,0.0
1001,sel_025_050,VECTOR_FIRST_HNSW,4,0.1
1001,sel_025_050,HNSW_HYBRID,0,0.0
1001,sel_025_050,HNSW_HYBRID,1,0.4
1001,sel_025_050,HNSW_HYBRID,2,0.5
1001,sel_025_050,HNSW_HYBRID,3,0.3
1001,sel_025_050,HNSW_HYBRID,4,0.0
1001,sel_025_050,IVFFLAT_HYBRID,0,0.1
1001,sel_025_050,IVFFLAT_HYBRID,1,0.3
1001,sel_025_050,IVFFLAT_HYBRID,2,0.0
1001,sel_025_050,IVFFLAT_HYBRID,3,0.2
1001,sel_025_050,IVFFLAT_HYBRID,4,0.2
1001,sel_050_100,SQL_FIRST,0,1.0
1001,sel_050_100,SQL_FIRST,1,1.0
1001,sel_050_100,SQL_FIRST,2,1.0
1001,sel_050_100,SQL_FIRST,3,1.0
1001,sel_050_100,SQL_FIRST,4,1.0
1001,sel_050_100,VECTOR_FIRST_HNSW,0,0.0
1001,sel_050_100,VECTOR_FIRST_HNSW,1,0.4
1001,sel_050_100,VECTOR_FIRST_HNSW,2,0.8
1001,sel_050_100,VECTOR_FIRST_HNSW,3,0.2
1001,sel_050_100,VECTOR_FIRST_HNSW,4,0.0
1001,sel_050_100,HNSW_HYBRID,0,0.0
1001,sel_050_100,HNSW_HYBRID,1,0.1
1001,sel_050_100,HNSW_HYBRID,2,0.7
1001,sel_050_100,HNSW_HYBRID,3,0.1
1001,sel_050_100,HNSW_HYBRID,4,0.0
1001,sel_050_100,IVFFLAT_HYBRID,0,0.2
1001,sel_050_100,IVFFLAT_HYBRID,1,0.1
1001,sel_050_100,IVFFLAT_HYBRID,2,0.5
1001,sel_050_100,IVFFLAT_HYBRID,3,0.3
1001,sel_050_100,IVFFLAT_HYBRID,4,0.5
1002,sel_000_005,SQL_FIRST,0,1.0
1002,sel_000_005,SQL_FIRST,1,1.0
1002,sel_000_005,SQL_FIRST,2,1.0
1002,sel_000_005,SQL_FIRST,3,1.0
1002,sel_000_005,SQL_FIRST,4,1.0
1002,sel_000_005,VECTOR_FIRST_HNSW,0,0.1
1002,sel_000_005,VECTOR_FIRST_HNSW,1,0.3
1002,sel_000_005,VECTOR_FIRST_HNSW,2,0.2
1002,sel_000_005,VECTOR_FIRST_HNSW,3,0.0
1002,sel_000_005,VECTOR_FIRST_HNSW,4,0.0
1002,sel_000_005,HNSW_HYBRID,0,0.2
1002,sel_000_005,HNSW_HYBRID,1,0.4
1002,sel_000_005,HNSW_HYBRID,2,0.5
1002,sel_000_005,HNSW_HYBRID,3,0.2
1002,sel_000_005,HNSW_HYBRID,4,0.0
1002,sel_000_005,IVFFLAT_HYBRID,0,0.0
1002,sel_000_005,IVFFLAT_HYBRID,1,0.1
1002,sel_000_005,IVFFLAT_HYBRID,2,0.0
1002,sel_000_005,IVFFLAT_HYBRID,3,0.0
1002,sel_000_005,IVFFLAT_HYBRID,4,0.1
1002,sel_005_010,SQL_FIRST,0,1.0
1002,sel_005_010,SQL_FIRST,1,1.0
1002,sel_005_010,SQL_FIRST,2,1.0
1002,sel_005_010,SQL_FIRST,3,1.0
1002,sel_005_010,SQL_FIRST,4,1.0
1002,sel_005_010,VECTOR_FIRST_HNSW,0,0.0
1002,sel_005_010,VECTOR_FIRST_HNSW,1,0.1
1002,sel_005_010,VECTOR_FIRST_HNSW,2,0.2
1002,sel_005_010,VECTOR_FIRST_HNSW,3,0.1
1002,sel_005_010,VECTOR_FIRST_HNSW,4,0.0
1002,sel_005_010,HNSW_HYBRID,0,0.0
1002,sel_005_010,HNSW_HYBRID,1,0.2
1002,sel_005_010,HNSW_HYBRID,2,0.2
1002,sel_005_010,HNSW_HYBRID,3,0.2
1002,sel_005_010,HNSW_HYBRID,4,0.0
1002,sel_005_010,IVFFLAT_HYBRID,0,0.2
1002,sel_005_010,IVFFLAT_HYBRID,1,0.2
1002,sel_005_010,IVFFLAT_HYBRID,2,0.1
1002,sel_005_010,IVFFLAT_HYBRID,3,0.0
1002,sel_005_010,IVFFLAT_HYBRID,4,0.0
1002,sel_010_025,SQL_FIRST,0,1.0
1002,sel_010_025,SQL_FIRST,1,1.0
1002,sel_010_025,SQL_FIRST,2,1.0
1002,sel_010_025,SQL_FIRST,3,1.0
1002,sel_010_025,SQL_FIRST,4,1.0
1002,sel_010_025,VECTOR_FIRST_HNSW,0,0.0
1002,sel_010_025,VECTOR_FIRST_HNSW,1,0.3
1002,sel_010_025,VECTOR_FIRST_HNSW,2,0.2
1002,sel_010_025,VECTOR_FIRST_HNSW,3,0.3
1002,sel_010_025,VECTOR_FIRST_HNSW,4,0.1
1002,sel_010_025,HNSW_HYBRID,0,0.0
1002,sel_010_025,HNSW_HYBRID,1,0.1
1002,sel_010_025,HNSW_HYBRID,2,0.6
1002,sel_010_025,HNSW_HYBRID,3,0.2
1002,sel_010_025,HNSW_HYBRID,4,0.0
1002,sel_010_025,IVFFLAT_HYBRID,0,0.2
1002,sel_010_025,IVFFLAT_HYBRID,1,0.2
1002,sel_010_025,IVFFLAT_HYBRID,2,0.1
1002,sel_010_025,IVFFLAT_HYBRID,3,0.2
1002,sel_010_025,IVFFLAT_HYBRID,4,0.2
1002,sel_025_050,SQL_FIRST,0,1.0
1002,sel_025_050,SQL_FIRST,1,1.0
1002,sel_025_050,SQL_FIRST,2,1.0
1002,sel_025_050,SQL_FIRST,3,1.0
1002,sel_025_050,SQL_FIRST,4,1.0
1002,sel_025_050,VECTOR_FIRST_HNSW,0,0.0
1002,sel_025_050,VECTOR_FIRST_HNSW,1,0.2
1002,sel_025_050,VECTOR_FIRST_HNSW,2,0.7
1002,sel_025_050,VECTOR_FIRST_HNSW,3,0.4
1002,sel_025_050,VECTOR_FIRST_HNSW,4,0.0
1002,sel_025_050,HNSW_HYBRID,0,0.0
1002,sel_025_050,HNSW_HYBRID,1,0.4
1002,sel_025_050,HNSW_HYBRID,2,0.1
1002,sel_025_050,HNSW_HYBRID,3,0.0
1002,sel_025_050,HNSW_HYBRID,4,0.0
1002,sel_025_050,IVFFLAT_HYBRID,0,0.2
1002,sel_025_050,IVFFLAT_HYBRID,1,0.3
1002,sel_025_050,IVFFLAT_HYBRID,2,0.0
1002,sel_025_050,IVFFLAT_HYBRID,3,0.5
1002,sel_025_050,IVFFLAT_HYBRID,4,0.3
1002,sel_050_100,SQL_FIRST,0,1.0
1002,sel_050_100,SQL_FIRST,1,1.0
1002,sel_050_100,SQL_FIRST,2,1.0
1002,sel_050_100,SQL_FIRST,3,1.0
1002,sel_050_100,SQL_FIRST,4,1.0
1002,sel_050_100,VECTOR_FIRST_HNSW,0,0.0
1002,sel_050_100,VECTOR_FIRST_HNSW,1,0.1
1002,sel_050_100,VECTOR_FIRST_HNSW,2,0.5
1002,sel_050_100,VECTOR_FIRST_HNSW,3,0.0
1002,sel_050_100,VECTOR_FIRST_HNSW,4,0.1
1002,sel_050_100,HNSW_HYBRID,0,0.0
1002,sel_050_100,HNSW_HYBRID,1,0.2
1002,sel_050_100,HNSW_HYBRID,2,0.3
1002,sel_050_100,HNSW_HYBRID,3,0.1
1002,sel_050_100,HNSW_HYBRID,4,0.0
1002,sel_050_100,IVFFLAT_HYBRID,0,0.2
1002,sel_050_100,IVFFLAT_HYBRID,1,0.5
1002,sel_050_100,IVFFLAT_HYBRID,2,0.1
1002,sel_050_100,IVFFLAT_HYBRID,3,0.3
1002,sel_050_100,IVFFLAT_HYBRID,4,0.2
1003,sel_000_005,SQL_FIRST,0,1.0
1003,sel_000_005,SQL_FIRST,1,1.0
1003,sel_000_005,SQL_FIRST,2,1.0
1003,sel_000_005,SQL_FIRST,3,1.0
1003,sel_000_005,SQL_FIRST,4,1.0
1003,sel_000_005,VECTOR_FIRST_HNSW,0,0.0
1003,sel_000_005,VECTOR_FIRST_HNSW,1,0.0
1003,sel_000_005,VECTOR_FIRST_HNSW,2,0.1
1003,sel_000_005,VECTOR_FIRST_HNSW,3,0.0
1003,sel_000_005,VECTOR_FIRST_HNSW,4,0.0
1003,sel_000_005,HNSW_HYBRID,0,0.0
1003,sel_000_005,HNSW_HYBRID,1,0.1
1003,sel_000_005,HNSW_HYBRID,2,0.4
1003,sel_000_005,HNSW_HYBRID,3,0.3
1003,sel_000_005,HNSW_HYBRID,4,0.0
1003,sel_000_005,IVFFLAT_HYBRID,0,0.0
1003,sel_000_005,IVFFLAT_HYBRID,1,0.1
1003,sel_000_005,IVFFLAT_HYBRID,2,0.1
1003,sel_000_005,IVFFLAT_HYBRID,3,0.0
1003,sel_000_005,IVFFLAT_HYBRID,4,0.1
1003,sel_005_010,SQL_FIRST,0,1.0
1003,sel_005_010,SQL_FIRST,1,1.0
1003,sel_005_010,SQL_FIRST,2,1.0
1003,sel_005_010,SQL_FIRST,3,1.0
1003,sel_005_010,SQL_FIRST,4,1.0
1003,sel_005_010,VECTOR_FIRST_HNSW,0,0.0
1003,sel_005_010,VECTOR_FIRST_HNSW,1,0.4
1003,sel_005_010,VECTOR_FIRST_HNSW,2,0.5
1003,sel_005_010,VECTOR_FIRST_HNSW,3,0.3
1003,sel_005_010,VECTOR_FIRST_HNSW,4,0.1
1003,sel_005_010,HNSW_HYBRID,0,0.2
1003,sel_005_010,HNSW_HYBRID,1,0.4
1003,sel_005_010,HNSW_HYBRID,2,0.5
1003,sel_005_010,HNSW_HYBRID,3,0.2
1003,sel_005_010,HNSW_HYBRID,4,0.1
1003,sel_005_010,IVFFLAT_HYBRID,0,0.1
1003,sel_005_010,IVFFLAT_HYBRID,1,0.1
1003,sel_005_010,IVFFLAT_HYBRID,2,0.1
1003,sel_005_010,IVFFLAT_HYBRID,3,0.0
1003,sel_005_010,IVFFLAT_HYBRID,4,0.0
1003,sel_010_025,SQL_FIRST,0,1.0
1003,sel_010_025,SQL_FIRST,1,1.0
1003,sel_010_025,SQL_FIRST,2,1.0
1003,sel_010_025,SQL_FIRST,3,1.0
1003,sel_010_025,SQL_FIRST,4,1.0
1003,sel_010_025,VECTOR_FIRST_HNSW,0,0.1
1003,sel_010_025,VECTOR_FIRST_HNSW,1,0.2
1003,sel_010_025,VECTOR_FIRST_HNSW,2,0.7
1003,sel_010_025,VECTOR_FIRST_HNSW,3,0.5
1003,sel_010_025,VECTOR_FIRST_HNSW,4,0.0
1003,sel_010_025,HNSW_HYBRID,0,0.0
1003,sel_010_025,HNSW_HYBRID,1,0.0
1003,sel_010_025,HNSW_HYBRID,2,0.3
1003,sel_010_025,HNSW_HYBRID,3,0.2
1003,sel_010_025,HNSW_HYBRID,4,0.1
1003,sel_010_025,IVFFLAT_HYBRID,0,0.1
1003,sel_010_025,IVFFLAT_HYBRID,1,0.3
1003,sel_010_025,IVFFLAT_HYBRID,2,0.2
1003,sel_010_025,IVFFLAT_HYBRID,3,0.4
1003,sel_010_025,IVFFLAT_HYBRID,4,0.1
1003,sel_025_050,SQL_FIRST,0,1.0
1003,sel_025_050,SQL_FIRST,1,1.0
1003,sel_025_050,SQL_FIRST,2,1.0
1003,sel_025_050,SQL_FIRST,3,1.0
1003,sel_025_050,SQL_FIRST,4,1.0
1003,sel_025_050,VECTOR_FIRST_HNSW,0,0.0
1003,sel_025_050,VECTOR_FIRST_HNSW,1,0.2
1003,sel_025_050,VECTOR_FIRST_HNSW,2,0.0
1003,sel_025_050,VECTOR_FIRST_HNSW,3,0.3
1003,sel_025_050,VECTOR_FIRST_HNSW,4,0.0
1003,sel_025_050,HNSW_HYBRID,0,0.0
1003,sel_025_050,HNSW_HYBRID,1,0.4
1003,sel_025_050,HNSW_HYBRID,2,0.3
1003,sel_025_050,HNSW_HYBRID,3,0.3
1003,sel_025_050,HNSW_HYBRID,4,0.0
1003,sel_025_050,IVFFLAT_HYBRID,0,0.1
1003,sel_025_050,IVFFLAT_HYBRID,1,0.2
1003,sel_025_050,IVFFLAT_HYBRID,2,0.1
1003,sel_025_050,IVFFLAT_HYBRID,3,0.0
1003,sel_025_050,IVFFLAT_HYBRID,4,0.1
1003,sel_050_100,SQL_FIRST,0,1.0
1003,sel_050_100,SQL_FIRST,1,1.0
1003,sel_050_100,SQL_FIRST,2,1.0
1003,sel_050_100,SQL_FIRST,3,1.0
1003,sel_050_100,SQL_FIRST,4,1.0
1003,sel_050_100,VECTOR_FIRST_HNSW,0,0.0
1003,sel_050_100,VECTOR_FIRST_HNSW,1,0.1
1003,sel_050_100,VECTOR_FIRST_HNSW,2,0.1
1003,sel_050_100,VECTOR_FIRST_HNSW,3,0.3
1003,sel_050_100,VECTOR_FIRST_HNSW,4,0.0
1003,sel_050_100,HNSW_HYBRID,0,0.0
1003,sel_050_100,HNSW_HYBRID,1,0.4
1003,sel_050_100,HNSW_HYBRID,2,0.1
1003,sel_050_100,HNSW_HYBRID,3,0.2
1003,sel_050_100,HNSW_HYBRID,4,0.0
1003,sel_050_100,IVFFLAT_HYBRID,0,0.1
1003,sel_050_100,IVFFLAT_HYBRID,1,0.2
1003,sel_050_100,IVFFLAT_HYBRID,2,0.1
1003,sel_050_100,IVFFLAT_HYBRID,3,0.1
1003,sel_050_100,IVFFLAT_HYBRID,4,0.4
1004,sel_000_005,SQL_FIRST,0,1.0
1004,sel_000_005,SQL_FIRST,1,1.0
1004,sel_000_005,SQL_FIRST,2,1.0
1004,sel_000_005,SQL_FIRST,3,1.0
1004,sel_000_005,SQL_FIRST,4,1.0
1004,sel_000_005,VECTOR_FIRST_HNSW,0,0.0
1004,sel_000_005,VECTOR_FIRST_HNSW,1,0.0
1004,sel_000_005,VECTOR_FIRST_HNSW,2,0.2
1004,sel_000_005,VECTOR_FIRST_HNSW,3,0.3
1004,sel_000_005,VECTOR_FIRST_HNSW,4,0.0
1004,sel_000_005,HNSW_HYBRID,0,0.0
1004,sel_000_005,HNSW_HYBRID,1,0.0
1004,sel_000_005,HNSW_HYBRID,2,0.4
1004,sel_000_005,HNSW_HYBRID,3,0.2
1004,sel_000_005,HNSW_HYBRID,4,0.0
1004,sel_000_005,IVFFLAT_HYBRID,0,0.0
1004,sel_000_005,IVFFLAT_HYBRID,1,0.0
1004,sel_000_005,IVFFLAT_HYBRID,2,0.1
1004,sel_000_005,IVFFLAT_HYBRID,3,0.1
1004,sel_000_005,IVFFLAT_HYBRID,4,0.0
1004,sel_005_010,SQL_FIRST,0,1.0
1004,sel_005_010,SQL_FIRST,1,1.0
1004,sel_005_010,SQL_FIRST,2,1.0
1004,sel_005_010,SQL_FIRST,3,1.0
1004,sel_005_010,SQL_FIRST,4,1.0
1004,sel_005_010,VECTOR_FIRST_HNSW,0,0.2
1004,sel_005_010,VECTOR_FIRST_HNSW,1,0.2
1004,sel_005_010,VECTOR_FIRST_HNSW,2,0.5
1004,sel_005_010,VECTOR_FIRST_HNSW,3,0.2
1004,sel_005_010,VECTOR_FIRST_HNSW,4,0.1
1004,sel_005_010,HNSW_HYBRID,0,0.0
1004,sel_005_010,HNSW_HYBRID,1,0.4
1004,sel_005_010,HNSW_HYBRID,2,0.2
1004,sel_005_010,HNSW_HYBRID,3,0.1
1004,sel_005_010,HNSW_HYBRID,4,0.0
1004,sel_005_010,IVFFLAT_HYBRID,0,0.1
1004,sel_005_010,IVFFLAT_HYBRID,1,0.1
1004,sel_005_010,IVFFLAT_HYBRID,2,0.2
1004,sel_005_010,IVFFLAT_HYBRID,3,0.1
1004,sel_005_010,IVFFLAT_HYBRID,4,0.2
1004,sel_010_025,SQL_FIRST,0,1.0
1004,sel_010_025,SQL_FIRST,1,1.0
1004,sel_010_025,SQL_FIRST,2,1.0
1004,sel_010_025,SQL_FIRST,3,1.0
1004,sel_010_025,SQL_FIRST,4,1.0
1004,sel_010_025,VECTOR_FIRST_HNSW,0,0.0
1004,sel_010_025,VECTOR_FIRST_HNSW,1,0.1
1004,sel_010_025,VECTOR_FIRST_HNSW,2,0.2
1004,sel_010_025,VECTOR_FIRST_HNSW,3,0.3
1004,sel_010_025,VECTOR_FIRST_HNSW,4,0.1
1004,sel_010_025,HNSW_HYBRID,0,0.2
1004,sel_010_025,HNSW_HYBRID,1,0.0
1004,sel_010_025,HNSW_HYBRID,2,0.5
1004,sel_010_025,HNSW_HYBRID,3,0.1
1004,sel_010_025,HNSW_HYBRID,4,0.0
1004,sel_010_025,IVFFLAT_HYBRID,0,0.3
1004,sel_010_025,IVFFLAT_HYBRID,1,0.1
1004,sel_010_025,IVFFLAT_HYBRID,2,0.1
1004,sel_010_025,IVFFLAT_HYBRID,3,0.0
1004,sel_010_025,IVFFLAT_HYBRID,4,0.1
1004,sel_025_050,SQL_FIRST,0,1.0
1004,sel_025_050,SQL_FIRST,1,1.0
1004,sel_025_050,SQL_FIRST,2,1.0
1004,sel_025_050,SQL_FIRST,3,1.0
1004,sel_025_050,SQL_FIRST,4,1.0
1004,sel_025_050,VECTOR_FIRST_HNSW,0,0.0
1004,sel_025_050,VECTOR_FIRST_HNSW,1,0.1
1004,sel_025_050,VECTOR_FIRST_HNSW,2,0.5
1004,sel_025_050,VECTOR_FIRST_HNSW,3,0.1
1004,sel_025_050,VECTOR_FIRST_HNSW,4,0.1
1004,sel_025_050,HNSW_HYBRID,0,0.3
1004,sel_025_050,HNSW_HYBRID,1,0.3
1004,sel_025_050,HNSW_HYBRID,2,0.7
1004,sel_025_050,HNSW_HYBRID,3,0.3
1004,sel_025_050,HNSW_HYBRID,4,0.1
1004,sel_025_050,IVFFLAT_HYBRID,0,0.2
1004,sel_025_050,IVFFLAT_HYBRID,1,0.0
1004,sel_025_050,IVFFLAT_HYBRID,2,0.1
1004,sel_025_050,IVFFLAT_HYBRID,3,0.4
1004,sel_025_050,IVFFLAT_HYBRID,4,0.2
1004,sel_050_100,SQL_FIRST,0,1.0
1004,sel_050_100,SQL_FIRST,1,1.0
1004,sel_050_100,SQL_FIRST,2,1.0
1004,sel_050_100,SQL_FIRST,3,1.0
1004,sel_050_100,SQL_FIRST,4,1.0
1004,sel_050_100,VECTOR_FIRST_HNSW,0,0.3
1004,sel_050_100,VECTOR_FIRST_HNSW,1,0.1
1004,sel_050_100,VECTOR_FIRST_HNSW,2,0.1
1004,sel_050_100,VECTOR_FIRST_HNSW,3,0.4
1004,sel_050_100,VECTOR_FIRST_HNSW,4,0.1
1004,sel_050_100,HNSW_HYBRID,0,0.0
1004,sel_050_100,HNSW_HYBRID,1,0.1
1004,sel_050_100,HNSW_HYBRID,2,0.8
1004,sel_050_100,HNSW_HYBRID,3,0.3
1004,sel_050_100,HNSW_HYBRID,4,0.0
1004,sel_050_100,IVFFLAT_HYBRID,0,0.0
1004,sel_050_100,IVFFLAT_HYBRID,1,0.2
1004,sel_050_100,IVFFLAT_HYBRID,2,0.5
1004,sel_050_100,IVFFLAT_HYBRID,3,0.6
1004,sel_050_100,IVFFLAT_HYBRID,4,0.2
1005,sel_000_005,SQL_FIRST,0,1.0
1005,sel_000_005,SQL_FIRST,1,1.0
1005,sel_000_005,SQL_FIRST,2,1.0
1005,sel_000_005,SQL_FIRST,3,1.0
1005,sel_000_005,SQL_FIRST,4,1.0
1005,sel_000_005,VECTOR_FIRST_HNSW,0,0.1
1005,sel_000_005,VECTOR_FIRST_HNSW,1,0.2
1005,sel_000_005,VECTOR_FIRST_HNSW,2,0.1
1005,sel_000_005,VECTOR_FIRST_HNSW,3,0.0
1005,sel_000_005,VECTOR_FIRST_HNSW,4,0.0
1005,sel_000_005,HNSW_HYBRID,0,0.0
1005,sel_000_005,HNSW_HYBRID,1,0.2
1005,sel_000_005,HNSW_HYBRID,2,0.5
1005,sel_000_005,HNSW_HYBRID,3,0.2
1005,sel_000_005,HNSW_HYBRID,4,0.0
1005,sel_000_005,IVFFLAT_HYBRID,0,0.0
1005,sel_000_005,IVFFLAT_HYBRID,1,0.1
1005,sel_000_005,IVFFLAT_HYBRID,2,0.1
1005,sel_000_005,IVFFLAT_HYBRID,3,0.0
1005,sel_000_005,IVFFLAT_HYBRID,4,0.0
1005,sel_005_010,SQL_FIRST,0,1.0
1005,sel_005_010,SQL_FIRST,1,1.0
1005,sel_005_010,SQL_FIRST,2,1.0
1005,sel_005_010,SQL_FIRST,3,1.0
1005,sel_005_010,SQL_FIRST,4,1.0
1005,sel_005_010,VECTOR_FIRST_HNSW,0,0.0
1005,sel_005_010,VECTOR_FIRST_HNSW,1,0.4
1005,sel_005_010,VECTOR_FIRST_HNSW,2,0.5
1005,sel_005_010,VECTOR_FIRST_HNSW,3,0.3
1005,sel_005_010,VECTOR_FIRST_HNSW,4,0.0
1005,sel_005_010,HNSW_HYBRID,0,0.0
1005,sel_005_010,HNSW_HYBRID,1,0.4
1005,sel_005_010,HNSW_HYBRID,2,0.4
1005,sel_005_010,HNSW_HYBRID,3,0.1
1005,sel_005_010,HNSW_HYBRID,4,0.0
1005,sel_005_010,IVFFLAT_HYBRID,0,0.1
1005,sel_005_010,IVFFLAT_HYBRID,1,0.1
1005,sel_005_010,IVFFLAT_HYBRID,2,0.1
1005,sel_005_010,IVFFLAT_HYBRID,3,0.0
1005,sel_005_010,IVFFLAT_HYBRID,4,0.1
1005,sel_010_025,SQL_FIRST,0,1.0
1005,sel_010_025,SQL_FIRST,1,1.0
1005,sel_010_025,SQL_FIRST,2,1.0
1005,sel_010_025,SQL_FIRST,3,1.0
1005,sel_010_025,SQL_FIRST,4,1.0
1005,sel_010_025,VECTOR_FIRST_HNSW,0,0.2
1005,sel_010_025,VECTOR_FIRST_HNSW,1,0.3
1005,sel_010_025,VECTOR_FIRST_HNSW,2,0.7
1005,sel_010_025,VECTOR_FIRST_HNSW,3,0.0
1005,sel_010_025,VECTOR_FIRST_HNSW,4,0.1
1005,sel_010_025,HNSW_HYBRID,0,0.0
1005,sel_010_025,HNSW_HYBRID,1,0.3
1005,sel_010_025,HNSW_HYBRID,2,0.5
1005,sel_010_025,HNSW_HYBRID,3,0.1
1005,sel_010_025,HNSW_HYBRID,4,0.0
1005,sel_010_025,IVFFLAT_HYBRID,0,0.3
1005,sel_010_025,IVFFLAT_HYBRID,1,0.1
1005,sel_010_025,IVFFLAT_HYBRID,2,0.2
1005,sel_010_025,IVFFLAT_HYBRID,3,0.1
1005,sel_010_025,IVFFLAT_HYBRID,4,0.2
1005,sel_025_050,SQL_FIRST,0,1.0
1005,sel_025_050,SQL_FIRST,1,1.0
1005,sel_025_050,SQL_FIRST,2,1.0
1005,sel_025_050,SQL_FIRST,3,1.0
1005,sel_025_050,SQL_FIRST,4,1.0
1005,sel_025_050,VECTOR_FIRST_HNSW,0,0.3
1005,sel_025_050,VECTOR_FIRST_HNSW,1,0.1
1005,sel_025_050,VECTOR_FIRST_HNSW,2,0.1
1005,sel_025_050,VECTOR_FIRST_HNSW,3,0.0
1005,sel_025_050,VECTOR_FIRST_HNSW,4,0.0
1005,sel_025_050,HNSW_HYBRID,0,0.0
1005,sel_025_050,HNSW_HYBRID,1,0.1
1005,sel_025_050,HNSW_HYBRID,2,0.1
1005,sel_025_050,HNSW_HYBRID,3,0.3
1005,sel_025_050,HNSW_HYBRID,4,0.1
1005,sel_025_050,IVFFLAT_HYBRID,0,0.0
1005,sel_025_050,IVFFLAT_HYBRID,1,0.3
1005,sel_025_050,IVFFLAT_HYBRID,2,0.1
1005,sel_025_050,IVFFLAT_HYBRID,3,0.1
1005,sel_025_050,IVFFLAT_HYBRID,4,0.1
1005,sel_050_100,SQL_FIRST,0,1.0
1005,sel_050_100,SQL_FIRST,1,1.0
1005,sel_050_100,SQL_FIRST,2,1.0
1005,sel_050_100,SQL_FIRST,3,1.0
1005,sel_050_100,SQL_FIRST,4,1.0
1005,sel_050_100,VECTOR_FIRST_HNSW,0,0.0
1005,sel_050_100,VECTOR_FIRST_HNSW,1,0.4
1005,sel_050_100,VECTOR_FIRST_HNSW,2,0.1
1005,sel_050_100,VECTOR_FIRST_HNSW,3,0.3
1005,sel_050_100,VECTOR_FIRST_HNSW,4,0.0
1005,sel_050_100,HNSW_HYBRID,0,0.0
1005,sel_050_100,HNSW_HYBRID,1,0.2
1005,sel_050_100,HNSW_HYBRID,2,0.3
1005,sel_050_100,HNSW_HYBRID,3,0.4
1005,sel_050_100,HNSW_HYBRID,4,0.0
1005,sel_050_100,IVFFLAT_HYBRID,0,0.1
1005,sel_050_100,IVFFLAT_HYBRID,1,0.3
1005,sel_050_100,IVFFLAT_HYBRID,2,0.5
1005,sel_050_100,IVFFLAT_HYBRID,3,0.3
1005,sel_050_100,IVFFLAT_HYBRID,4,0.1
1006,sel_000_005,SQL_FIRST,0,1.0
1006,sel_000_005,SQL_FIRST,1,1.0
1006,sel_000_005,SQL_FIRST,2,1.0
1006,sel_000_005,SQL_FIRST,3,1.0
1006,sel_000_005,SQL_FIRST,4,1.0
1006,sel_000_005,VECTOR_FIRST_HNSW,0,0.1
1006,sel_000_005,VECTOR_FIRST_HNSW,1,0.1
1006,sel_000_005,VECTOR_FIRST_HNSW,2,0.2
1006,sel_000_005,VECTOR_FIRST_HNSW,3,0.2
1006,sel_000_005,VECTOR_FIRST_HNSW,4,0.0
1006,sel_000_005,HNSW_HYBRID,0,0.1
1006,sel_000_005,HNSW_HYBRID,1,0.1
1006,sel_000_005,HNSW_HYBRID,2,0.4
1006,sel_000_005,HNSW_HYBRID,3,0.2
1006,sel_000_005,HNSW_HYBRID,4,0.0
1006,sel_000_005,IVFFLAT_HYBRID,0,0.1
1006,sel_000_005,IVFFLAT_HYBRID,1,0.1
1006,sel_000_005,IVFFLAT_HYBRID,2,0.0
1006,sel_000_005,IVFFLAT_HYBRID,3,0.0
1006,sel_000_005,IVFFLAT_HYBRID,4,0.1
1006,sel_005_010,SQL_FIRST,0,1.0
1006,sel_005_010,SQL_FIRST,1,1.0
1006,sel_005_010,SQL_FIRST,2,1.0
1006,sel_005_010,SQL_FIRST,3,1.0
1006,sel_005_010,SQL_FIRST,4,1.0
1006,sel_005_010,VECTOR_FIRST_HNSW,0,0.2
1006,sel_005_010,VECTOR_FIRST_HNSW,1,0.4
1006,sel_005_010,VECTOR_FIRST_HNSW,2,0.5
1006,sel_005_010,VECTOR_FIRST_HNSW,3,0.1
1006,sel_005_010,VECTOR_FIRST_HNSW,4,0.0
1006,sel_005_010,HNSW_HYBRID,0,0.0
1006,sel_005_010,HNSW_HYBRID,1,0.2
1006,sel_005_010,HNSW_HYBRID,2,0.5
1006,sel_005_010,HNSW_HYBRID,3,0.3
1006,sel_005_010,HNSW_HYBRID,4,0.0
1006,sel_005_010,IVFFLAT_HYBRID,0,0.2
1006,sel_005_010,IVFFLAT_HYBRID,1,0.0
1006,sel_005_010,IVFFLAT_HYBRID,2,0.0
1006,sel_005_010,IVFFLAT_HYBRID,3,0.0
1006,sel_005_010,IVFFLAT_HYBRID,4,0.0
1006,sel_010_025,SQL_FIRST,0,1.0
1006,sel_010_025,SQL_FIRST,1,1.0
1006,sel_010_025,SQL_FIRST,2,1.0
1006,sel_010_025,SQL_FIRST,3,1.0
1006,sel_010_025,SQL_FIRST,4,1.0
1006,sel_010_025,VECTOR_FIRST_HNSW,0,0.2
1006,sel_010_025,VECTOR_FIRST_HNSW,1,0.2
1006,sel_010_025,VECTOR_FIRST_HNSW,2,0.6
1006,sel_010_025,VECTOR_FIRST_HNSW,3,0.1
1006,sel_010_025,VECTOR_FIRST_HNSW,4,0.0
1006,sel_010_025,HNSW_HYBRID,0,0.0
1006,sel_010_025,HNSW_HYBRID,1,0.4
1006,sel_010_025,HNSW_HYBRID,2,0.3
1006,sel_010_025,HNSW_HYBRID,3,0.2
1006,sel_010_025,HNSW_HYBRID,4,0.0
1006,sel_010_025,IVFFLAT_HYBRID,0,0.1
1006,sel_010_025,IVFFLAT_HYBRID,1,0.1
1006,sel_010_025,IVFFLAT_HYBRID,2,0.2
1006,sel_010_025,IVFFLAT_HYBRID,3,0.2
1006,sel_010_025,IVFFLAT_HYBRID,4,0.2
1006,sel_025_050,SQL_FIRST,0,1.0
1006,sel_025_050,SQL_FIRST,1,1.0
1006,sel_025_050,SQL_FIRST,2,1.0
1006,sel_025_050,SQL_FIRST,3,1.0
1006,sel_025_050,SQL_FIRST,4,1.0
1006,sel_025_050,VECTOR_FIRST_HNSW,0,0.0
1006,sel_025_050,VECTOR_FIRST_HNSW,1,0.2
1006,sel_025_050,VECTOR_FIRST_HNSW,2,0.0
1006,sel_025_050,VECTOR_FIRST_HNSW,3,0.4
1006,sel_025_050,VECTOR_FIRST_HNSW,4,0.0
1006,sel_025_050,HNSW_HYBRID,0,0.0
1006,sel_025_050,HNSW_HYBRID,1,0.3
1006,sel_025_050,HNSW_HYBRID,2,0.1
1006,sel_025_050,HNSW_HYBRID,3,0.0
1006,sel_025_050,HNSW_HYBRID,4,0.0
1006,sel_025_050,IVFFLAT_HYBRID,0,0.1
1006,sel_025_050,IVFFLAT_HYBRID,1,0.3
1006,sel_025_050,IVFFLAT_HYBRID,2,0.1
1006,sel_025_050,IVFFLAT_HYBRID,3,0.1
1006,sel_025_050,IVFFLAT_HYBRID,4,0.1
1006,sel_050_100,SQL_FIRST,0,1.0
1006,sel_050_100,SQL_FIRST,1,1.0
1006,sel_050_100,SQL_FIRST,2,1.0
1006,sel_050_100,SQL_FIRST,3,1.0
1006,sel_050_100,SQL_FIRST,4,1.0
1006,sel_050_100,VECTOR_FIRST_HNSW,0,0.0
1006,sel_050_100,VECTOR_FIRST_HNSW,1,0.4
1006,sel_050_100,VECTOR_FIRST_HNSW,2,0.1
1006,sel_050_100,VECTOR_FIRST_HNSW,3,0.4
1006,sel_050_100,VECTOR_FIRST_HNSW,4,0.1
1006,sel_050_100,HNSW_HYBRID,0,0.1
1006,sel_050_100,HNSW_HYBRID,1,0.3
1006,sel_050_100,HNSW_HYBRID,2,0.6
1006,sel_050_100,HNSW_HYBRID,3,0.1
1006,sel_050_100,HNSW_HYBRID,4,0.0
1006,sel_050_100,IVFFLAT_HYBRID,0,0.1
1006,sel_050_100,IVFFLAT_HYBRID,1,0.2
1006,sel_050_100,IVFFLAT_HYBRID,2,0.1
1006,sel_050_100,IVFFLAT_HYBRID,3,0.4
1006,sel_050_100,IVFFLAT_HYBRID,4,0.1
1007,sel_000_005,SQL_FIRST,0,1.0
1007,sel_000_005,SQL_FIRST,1,1.0
1007,sel_000_005,SQL_FIRST,2,1.0
1007,sel_000_005,SQL_FIRST,3,1.0
1007,sel_000_005,SQL_FIRST,4,1.0
1007,sel_000_005,VECTOR_FIRST_HNSW,0,0.1
1007,sel_000_005,VECTOR_FIRST_HNSW,1,0.2
1007,sel_000_005,VECTOR_FIRST_HNSW,2,0.2
1007,sel_000_005,VECTOR_FIRST_HNSW,3,0.1
1007,sel_000_005,VECTOR_FIRST_HNSW,4,0.0
1007,sel_000_005,HNSW_HYBRID,0,0.2
1007,sel_000_005,HNSW_HYBRID,1,0.0
1007,sel_000_005,HNSW_HYBRID,2,0.5
1007,sel_000_005,HNSW_HYBRID,3,0.2
1007,sel_000_005,HNSW_HYBRID,4,0.0
1007,sel_000_005,IVFFLAT_HYBRID,0,0.0
1007,sel_000_005,IVFFLAT_HYBRID,1,0.0
1007,sel_000_005,IVFFLAT_HYBRID,2,0.0
1007,sel_000_005,IVFFLAT_HYBRID,3,0.2
1007,sel_000_005,IVFFLAT_HYBRID,4,0.0
1007,sel_005_010,SQL_FIRST,0,1.0
1007,sel_005_010,SQL_FIRST,1,1.0
1007,sel_005_010,SQL_FIRST,2,1.0
1007,sel_005_010,SQL_FIRST,3,1.0
1007,sel_005_010,SQL_FIRST,4,1.0
1007,sel_005_010,VECTOR_FIRST_HNSW,0,0.1
1007,sel_005_010,VECTOR_FIRST_HNSW,1,0.2
1007,sel_005_010,VECTOR_FIRST_HNSW,2,0.3
1007,sel_005_010,VECTOR_FIRST_HNSW,3,0.2
1007,sel_005_010,VECTOR_FIRST_HNSW,4,0.1
1007,sel_005_010,HNSW_HYBRID,0,0.0
1007,sel_005_010,HNSW_HYBRID,1,0.2
1007,sel_005_010,HNSW_HYBRID,2,0.5
1007,sel_005_010,HNSW_HYBRID,3,0.1
1007,sel_005_010,HNSW_HYBRID,4,0.0
1007,sel_005_010,IVFFLAT_HYBRID,0,0.2
1007,sel_005_010,IVFFLAT_HYBRID,1,0.1
1007,sel_005_010,IVFFLAT_HYBRID,2,0.1
1007,sel_005_010,IVFFLAT_HYBRID,3,0.0
1007,sel_005_010,IVFFLAT_HYBRID,4,0.1
1007,sel_010_025,SQL_FIRST,0,1.0
1007,sel_010_025,SQL_FIRST,1,1.0
1007,sel_010_025,SQL_FIRST,2,1.0
1007,sel_010_025,SQL_FIRST,3,1.0
1007,sel_010_025,SQL_FIRST,4,1.0
1007,sel_010_025,VECTOR_FIRST_HNSW,0,0.0
1007,sel_010_025,VECTOR_FIRST_HNSW,1,0.5
1007,sel_010_025,VECTOR_FIRST_HNSW,2,0.6
1007,sel_010_025,VECTOR_FIRST_HNSW,3,0.2
1007,sel_010_025,VECTOR_FIRST_HNSW,4,0.0
1007,sel_010_025,HNSW_HYBRID,0,0.2
1007,sel_010_025,HNSW_HYBRID,1,0.3
1007,sel_010_025,HNSW_HYBRID,2,0.6
1007,sel_010_025,HNSW_HYBRID,3,0.1
1007,sel_010_025,HNSW_HYBRID,4,0.0
1007,sel_010_025,IVFFLAT_HYBRID,0,0.1
1007,sel_010_025,IVFFLAT_HYBRID,1,0.1
1007,sel_010_025,IVFFLAT_HYBRID,2,0.1
1007,sel_010_025,IVFFLAT_HYBRID,3,0.1
1007,sel_010_025,IVFFLAT_HYBRID,4,0.3
1007,sel_025_050,SQL_FIRST,0,1.0
1007,sel_025_050,SQL_FIRST,1,1.0
1007,sel_025_050,SQL_FIRST,2,1.0
1007,sel_025_050,SQL_FIRST,3,1.0
1007,sel_025_050,SQL_FIRST,4,1.0
1007,sel_025_050,VECTOR_FIRST_HNSW,0,0.0
1007,sel_025_050,VECTOR_FIRST_HNSW,1,0.1
1007,sel_025_050,VECTOR_FIRST_HNSW,2,0.5
1007,sel_025_050,VECTOR_FIRST_HNSW,3,0.2
1007,sel_025_050,VECTOR_FIRST_HNSW,4,0.0
1007,sel_025_050,HNSW_HYBRID,0,0.0
1007,sel_025_050,HNSW_HYBRID,1,0.4
1007,sel_025_050,HNSW_HYBRID,2,0.1
1007,sel_025_050,HNSW_HYBRID,3,0.0
1007,sel_025_050,HNSW_HYBRID,4,0.0
1007,sel_025_050,IVFFLAT_HYBRID,0,0.4
1007,sel_025_050,IVFFLAT_HYBRID,1,0.2
1007,sel_025_050,IVFFLAT_HYBRID,2,0.1
1007,sel_025_050,IVFFLAT_HYBRID,3,0.3
1007,sel_025_050,IVFFLAT_HYBRID,4,0.1
1007,sel_050_100,SQL_FIRST,0,1.0
1007,sel_050_100,SQL_FIRST,1,1.0
1007,sel_050_100,SQL_FIRST,2,1.0
1007,sel_050_100,SQL_FIRST,3,1.0
1007,sel_050_100,SQL_FIRST,4,1.0
1007,sel_050_100,VECTOR_FIRST_HNSW,0,0.0
1007,sel_050_100,VECTOR_FIRST_HNSW,1,0.1
1007,sel_050_100,VECTOR_FIRST_HNSW,2,0.8
1007,sel_050_100,VECTOR_FIRST_HNSW,3,0.2
1007,sel_050_100,VECTOR_FIRST_HNSW,4,0.3
1007,sel_050_100,HNSW_HYBRID,0,0.0
1007,sel_050_100,HNSW_HYBRID,1,0.4
1007,sel_050_100,HNSW_HYBRID,2,0.4
1007,sel_050_100,HNSW_HYBRID,3,0.1
1007,sel_050_100,HNSW_HYBRID,4,0.0
1007,sel_050_100,IVFFLAT_HYBRID,0,0.0
1007,sel_050_100,IVFFLAT_HYBRID,1,0.2
1007,sel_050_100,IVFFLAT_HYBRID,2,0.3
1007,sel_050_100,IVFFLAT_HYBRID,3,0.1
1007,sel_050_100,IVFFLAT_HYBRID,4,0.0
1008,sel_000_005,SQL_FIRST,0,1.0
1008,sel_000_005,SQL_FIRST,1,1.0
1008,sel_000_005,SQL_FIRST,2,1.0
1008,sel_000_005,SQL_FIRST,3,1.0
1008,sel_000_005,SQL_FIRST,4,1.0
1008,sel_000_005,VECTOR_FIRST_HNSW,0,0.1
1008,sel_000_005,VECTOR_FIRST_HNSW,1,0.2
1008,sel_000_005,VECTOR_FIRST_HNSW,2,0.2
1008,sel_000_005,VECTOR_FIRST_HNSW,3,0.3
1008,sel_000_005,VECTOR_FIRST_HNSW,4,0.1
1008,sel_000_005,HNSW_HYBRID,0,0.1
1008,sel_000_005,HNSW_HYBRID,1,0.0
1008,sel_000_005,HNSW_HYBRID,2,0.5
1008,sel_000_005,HNSW_HYBRID,3,0.3
1008,sel_000_005,HNSW_HYBRID,4,0.0
1008,sel_000_005,IVFFLAT_HYBRID,0,0.0
1008,sel_000_005,IVFFLAT_HYBRID,1,0.0
1008,sel_000_005,IVFFLAT_HYBRID,2,0.1
1008,sel_000_005,IVFFLAT_HYBRID,3,0.1
1008,sel_000_005,IVFFLAT_HYBRID,4,0.0
1008,sel_005_010,SQL_FIRST,0,1.0
1008,sel_005_010,SQL_FIRST,1,1.0
1008,sel_005_010,SQL_FIRST,2,1.0
1008,sel_005_010,SQL_FIRST,3,1.0
1008,sel_005_010,SQL_FIRST,4,1.0
1008,sel_005_010,VECTOR_FIRST_HNSW,0,0.1
1008,sel_005_010,VECTOR_FIRST_HNSW,1,0.2
1008,sel_005_010,VECTOR_FIRST_HNSW,2,0.5
1008,sel_005_010,VECTOR_FIRST_HNSW,3,0.1
1008,sel_005_010,VECTOR_FIRST_HNSW,4,0.0
1008,sel_005_010,HNSW_HYBRID,0,0.0
1008,sel_005_010,HNSW_HYBRID,1,0.2
1008,sel_005_010,HNSW_HYBRID,2,0.4
1008,sel_005_010,HNSW_HYBRID,3,0.1
1008,sel_005_010,HNSW_HYBRID,4,0.0
1008,sel_005_010,IVFFLAT_HYBRID,0,0.1
1008,sel_005_010,IVFFLAT_HYBRID,1,0.0
1008,sel_005_010,IVFFLAT_HYBRID,2,0.1
1008,sel_005_010,IVFFLAT_HYBRID,3,0.1
1008,sel_005_010,IVFFLAT_HYBRID,4,0.1
1008,sel_010_025,SQL_FIRST,0,1.0
1008,sel_010_025,SQL_FIRST,1,1.0
1008,sel_010_025,SQL_FIRST,2,1.0
1008,sel_010_025,SQL_FIRST,3,1.0
1008,sel_010_025,SQL_FIRST,4,1.0
1008,sel_010_025,VECTOR_FIRST_HNSW,0,0.1
1008,sel_010_025,VECTOR_FIRST_HNSW,1,0.1
1008,sel_010_025,VECTOR_FIRST_HNSW,2,0.5
1008,sel_010_025,VECTOR_FIRST_HNSW,3,0.1
1008,sel_010_025,VECTOR_FIRST_HNSW,4,0.0
1008,sel_010_025,HNSW_HYBRID,0,0.0
1008,sel_010_025,HNSW_HYBRID,1,0.4
1008,sel_010_025,HNSW_HYBRID,2,0.6
1008,sel_010_025,HNSW_HYBRID,3,0.2
1008,sel_010_025,HNSW_HYBRID,4,0.0
1008,sel_010_025,IVFFLAT_HYBRID,0,0.3
1008,sel_010_025,IVFFLAT_HYBRID,1,0.2
1008,sel_010_025,IVFFLAT_HYBRID,2,0.1
1008,sel_010_025,IVFFLAT_HYBRID,3,0.2
1008,sel_010_025,IVFFLAT_HYBRID,4,0.1
1008,sel_025_050,SQL_FIRST,0,1.0
1008,sel_025_050,SQL_FIRST,1,1.0
1008,sel_025_050,SQL_FIRST,2,1.0
1008,sel_025_050,SQL_FIRST,3,1.0
1008,sel_025_050,SQL_FIRST,4,1.0
1008,sel_025_050,VECTOR_FIRST_HNSW,0,0.0
1008,sel_025_050,VECTOR_FIRST_HNSW,1,0.4
1008,sel_025_050,VECTOR_FIRST_HNSW,2,0.7
1008,sel_025_050,VECTOR_FIRST_HNSW,3,0.3
1008,sel_025_050,VECTOR_FIRST_HNSW,4,0.2
1008,sel_025_050,HNSW_HYBRID,0,0.0
1008,sel_025_050,HNSW_HYBRID,1,0.2
1008,sel_025_050,HNSW_HYBRID,2,0.1
1008,sel_025_050,HNSW_HYBRID,3,0.0
1008,sel_025_050,HNSW_HYBRID,4,0.2
1008,sel_025_050,IVFFLAT_HYBRID,0,0.1
1008,sel_025_050,IVFFLAT_HYBRID,1,0.1
1008,sel_025_050,IVFFLAT_HYBRID,2,0.2
1008,sel_025_050,IVFFLAT_HYBRID,3,0.2
1008,sel_025_050,IVFFLAT_HYBRID,4,0.1
1008,sel_050_100,SQL_FIRST,0,1.0
1008,sel_050_100,SQL_FIRST,1,1.0
1008,sel_050_100,SQL_FIRST,2,1.0
1008,sel_050_100,SQL_FIRST,3,1.0
1008,sel_050_100,SQL_FIRST,4,1.0
1008,sel_050_100,VECTOR_FIRST_HNSW,0,0.1
1008,sel_050_100,VECTOR_FIRST_HNSW,1,0.1
1008,sel_050_100,VECTOR_FIRST_HNSW,2,0.3
1008,sel_050_100,VECTOR_FIRST_HNSW,3,0.2
1008,sel_050_100,VECTOR_FIRST_HNSW,4,0.3
1008,sel_050_100,HNSW_HYBRID,0,0.0
1008,sel_050_100,HNSW_HYBRID,1,0.4
1008,sel_050_100,HNSW_HYBRID,2,0.8
1008,sel_050_100,HNSW_HYBRID,3,0.2
1008,sel_050_100,HNSW_HYBRID,4,0.0
1008,sel_050_100,IVFFLAT_HYBRID,0,0.0
1008,sel_050_100,IVFFLAT_HYBRID,1,0.3
1008,sel_050_100,IVFFLAT_HYBRID,2,0.3
1008,sel_050_100,IVFFLAT_HYBRID,3,0.3
1008,sel_050_100,IVFFLAT_HYBRID,4,0.0
1009,sel_000_005,SQL_FIRST,0,1.0
1009,sel_000_005,SQL_FIRST,1,1.0
1009,sel_000_005,SQL_FIRST,2,1.0
1009,sel_000_005,SQL_FIRST,3,1.0
1009,sel_000_005,SQL_FIRST,4,1.0
1009,sel_000_005,VECTOR_FIRST_HNSW,0,0.2
1009,sel_000_005,VECTOR_FIRST_HNSW,1,0.3
1009,sel_000_005,VECTOR_FIRST_HNSW,2,0.2
1009,sel_000_005,VECTOR_FIRST_HNSW,3,0.0
1009,sel_000_005,VECTOR_FIRST_HNSW,4,0.0
1009,sel_000_005,HNSW_HYBRID,0,0.1
1009,sel_000_005,HNSW_HYBRID,1,0.4
1009,sel_000_005,HNSW_HYBRID,2,0.5
1009,sel_000_005,HNSW_HYBRID,3,0.2
1009,sel_000_005,HNSW_HYBRID,4,0.0
1009,sel_000_005,IVFFLAT_HYBRID,0,0.0
1009,sel_000_005,IVFFLAT_HYBRID,1,0.0
1009,sel_000_005,IVFFLAT_HYBRID,2,0.1
1009,sel_000_005,IVFFLAT_HYBRID,3,0.0
1009,sel_000_005,IVFFLAT_HYBRID,4,0.0
1009,sel_005_010,SQL_FIRST,0,1.0
1009,sel_005_010,SQL_FIRST,1,1.0
1009,sel_005_010,SQL_FIRST,2,1.0
1009,sel_005_010,SQL_FIRST,3,1.0
1009,sel_005_010,SQL_FIRST,4,1.0
1009,sel_005_010,VECTOR_FIRST_HNSW,0,0.0
1009,sel_005_010,VECTOR_FIRST_HNSW,1,0.2
1009,sel_005_010,VECTOR_FIRST_HNSW,2,0.3
1009,sel_005_010,VECTOR_FIRST_HNSW,3,0.2
1009,sel_005_010,VECTOR_FIRST_HNSW,4,0.0
1009,sel_005_010,HNSW_HYBRID,0,0.0
1009,sel_005_010,HNSW_HYBRID,1,0.2
1009,sel_005_010,HNSW_HYBRID,2,0.3
1009,sel_005_010,HNSW_HYBRID,3,0.1
1009,sel_005_010,HNSW_HYBRID,4,0.0
1009,sel_005_010,IVFFLAT_HYBRID,0,0.1
1009,sel_005_010,IVFFLAT_HYBRID,1,0.1
1009,sel_005_010,IVFFLAT_HYBRID,2,0.1
1009,sel_005_010,IVFFLAT_HYBRID,3,0.0
1009,sel_005_010,IVFFLAT_HYBRID,4,0.1
1009,sel_010_025,SQL_FIRST,0,1.0
1009,sel_010_025,SQL_FIRST,1,1.0
1009,sel_010_025,SQL_FIRST,2,1.0
1009,sel_010_025,SQL_FIRST,3,1.0
1009,sel_010_025,SQL_FIRST,4,1.0
1009,sel_010_025,VECTOR_FIRST_HNSW,0,0.0
1009,sel_010_025,VECTOR_FIRST_HNSW,1,0.2
1009,sel_010_025,VECTOR_FIRST_HNSW,2,0.6
1009,sel_010_025,VECTOR_FIRST_HNSW,3,0.2
1009,sel_010_025,VECTOR_FIRST_HNSW,4,0.0
1009,sel_010_025,HNSW_HYBRID,0,0.1
1009,sel_010_025,HNSW_HYBRID,1,0.3
1009,sel_010_025,HNSW_HYBRID,2,0.4
1009,sel_010_025,HNSW_HYBRID,3,0.5
1009,sel_010_025,HNSW_HYBRID,4,0.0
1009,sel_010_025,IVFFLAT_HYBRID,0,0.3
1009,sel_010_025,IVFFLAT_HYBRID,1,0.1
1009,sel_010_025,IVFFLAT_HYBRID,2,0.0
1009,sel_010_025,IVFFLAT_HYBRID,3,0.0
1009,sel_010_025,IVFFLAT_HYBRID,4,0.1
1009,sel_025_050,SQL_FIRST,0,1.0
1009,sel_025_050,SQL_FIRST,1,1.0
1009,sel_025_050,SQL_FIRST,2,1.0
1009,sel_025_050,SQL_FIRST,3,1.0
1009,sel_025_050,SQL_FIRST,4,1.0
1009,sel_025_050,VECTOR_FIRST_HNSW,0,0.0
1009,sel_025_050,VECTOR_FIRST_HNSW,1,0.2
1009,sel_025_050,VECTOR_FIRST_HNSW,2,0.1
1009,sel_025_050,VECTOR_FIRST_HNSW,3,0.0
1009,sel_025_050,VECTOR_FIRST_HNSW,4,0.0
1009,sel_025_050,HNSW_HYBRID,0,0.0
1009,sel_025_050,HNSW_HYBRID,1,0.4
1009,sel_025_050,HNSW_HYBRID,2,0.7
1009,sel_025_050,HNSW_HYBRID,3,0.0
1009,sel_025_050,HNSW_HYBRID,4,0.0
1009,sel_025_050,IVFFLAT_HYBRID,0,0.4
1009,sel_025_050,IVFFLAT_HYBRID,1,0.1
1009,sel_025_050,IVFFLAT_HYBRID,2,0.2
1009,sel_025_050,IVFFLAT_HYBRID,3,0.3
1009,sel_025_050,IVFFLAT_HYBRID,4,0.4
1009,sel_050_100,SQL_FIRST,0,1.0
1009,sel_050_100,SQL_FIRST,1,1.0
1009,sel_050_100,SQL_FIRST,2,1.0
1009,sel_050_100,SQL_FIRST,3,1.0
1009,sel_050_100,SQL_FIRST,4,1.0
1009,sel_050_100,VECTOR_FIRST_HNSW,0,0.0
1009,sel_050_100,VECTOR_FIRST_HNSW,1,0.3
1009,sel_050_100,VECTOR_FIRST_HNSW,2,0.7
1009,sel_050_100,VECTOR_FIRST_HNSW,3,0.2
1009,sel_050_100,VECTOR_FIRST_HNSW,4,0.0
1009,sel_050_100,HNSW_HYBRID,0,0.0
1009,sel_050_100,HNSW_HYBRID,1,0.2
1009,sel_050_100,HNSW_HYBRID,2,0.4
1009,sel_050_100,HNSW_HYBRID,3,0.2
1009,sel_050_100,HNSW_HYBRID,4,0.0
1009,sel_050_100,IVFFLAT_HYBRID,0,0.1
1009,sel_050_100,IVFFLAT_HYBRID,1,0.4
1009,sel_050_100,IVFFLAT_HYBRID,2,0.1
1009,sel_050_100,IVFFLAT_HYBRID,3,0.1
1009,sel_050_100,IVFFLAT_HYBRID,4,0.2
1010,sel_000_005,SQL_FIRST,0,1.0
1010,sel_000_005,SQL_FIRST,1,1.0
1010,sel_000_005,SQL_FIRST,2,1.0
1010,sel_000_005,SQL_FIRST,3,1.0
1010,sel_000_005,SQL_FIRST,4,1.0
1010,sel_000_005,VECTOR_FIRST_HNSW,0,0.0
1010,sel_000_005,VECTOR_FIRST_HNSW,1,0.2
1010,sel_000_005,VECTOR_FIRST_HNSW,2,0.2
1010,sel_000_005,VECTOR_FIRST_HNSW,3,0.0
1010,sel_000_005,VECTOR_FIRST_HNSW,4,0.0
1010,sel_000_005,HNSW_HYBRID,0,0.0
1010,sel_000_005,HNSW_HYBRID,1,0.1
1010,sel_000_005,HNSW_HYBRID,2,0.5
1010,sel_000_005,HNSW_HYBRID,3,0.2
1010,sel_000_005,HNSW_HYBRID,4,0.0
1010,sel_000_005,IVFFLAT_HYBRID,0,0.0
1010,sel_000_005,IVFFLAT_HYBRID,1,0.0
1010,sel_000_005,IVFFLAT_HYBRID,2,0.1
1010,sel_000_005,IVFFLAT_HYBRID,3,0.1
1010,sel_000_005,IVFFLAT_HYBRID,4,0.0
1010,sel_005_010,SQL_FIRST,0,1.0
1010,sel_005_010,SQL_FIRST,1,1.0
1010,sel_005_010,SQL_FIRST,2,1.0
1010,sel_005_010,SQL_FIRST,3,1.0
1010,sel_005_010,SQL_FIRST,4,1.0
1010,sel_005_010,VECTOR_FIRST_HNSW,0,0.2
1010,sel_005_010,VECTOR_FIRST_HNSW,1,0.1
1010,sel_005_010,VECTOR_FIRST_HNSW,2,0.2
1010,sel_005_010,VECTOR_FIRST_HNSW,3,0.2
1010,sel_005_010,VECTOR_FIRST_HNSW,4,0.0
1010,sel_005_010,HNSW_HYBRID,0,0.0
1010,sel_005_010,HNSW_HYBRID,1,0.2
1010,sel_005_010,HNSW_HYBRID,2,0.2
1010,sel_005_010,HNSW_HYBRID,3,0.1
1010,sel_005_010,HNSW_HYBRID,4,0.0
1010,sel_005_010,IVFFLAT_HYBRID,0,0.0
1010,sel_005_010,IVFFLAT_HYBRID,1,0.1
1010,sel_005_010,IVFFLAT_HYBRID,2,0.1
1010,sel_005_010,IVFFLAT_HYBRID,3,0.0
1010,sel_005_010,IVFFLAT_HYBRID,4,0.0
1010,sel_010_025,SQL_FIRST,0,1.0
1010,sel_010_025,SQL_FIRST,1,1.0
1010,sel_010_025,SQL_FIRST,2,1.0
1010,sel_010_025,SQL_FIRST,3,1.0
1010,sel_010_025,SQL_FIRST,4,1.0
1010,sel_010_025,VECTOR_FIRST_HNSW,0,0.0
1010,sel_010_025,VECTOR_FIRST_HNSW,1,0.3
1010,sel_010_025,VECTOR_FIRST_HNSW,2,0.2
1010,sel_010_025,VECTOR_FIRST_HNSW,3,0.0
1010,sel_010_025,VECTOR_FIRST_HNSW,4,0.0
1010,sel_010_025,HNSW_HYBRID,0,0.1
1010,sel_010_025,HNSW_HYBRID,1,0.2
1010,sel_010_025,HNSW_HYBRID,2,0.6
1010,sel_010_025,HNSW_HYBRID,3,0.5
1010,sel_010_025,HNSW_HYBRID,4,0.0
1010,sel_010_025,IVFFLAT_HYBRID,0,0.1
1010,sel_010_025,IVFFLAT_HYBRID,1,0.2
1010,sel_010_025,IVFFLAT_HYBRID,2,0.2
1010,sel_010_025,IVFFLAT_HYBRID,3,0.0
1010,sel_010_025,IVFFLAT_HYBRID,4,0.3
1010,sel_025_050,SQL_FIRST,0,1.0
1010,sel_025_050,SQL_FIRST,1,1.0
1010,sel_025_050,SQL_FIRST,2,1.0
1010,sel_025_050,SQL_FIRST,3,1.0
1010,sel_025_050,SQL_FIRST,4,1.0
1010,sel_025_050,VECTOR_FIRST_HNSW,0,0.0
1010,sel_025_050,VECTOR_FIRST_HNSW,1,0.4
1010,sel_025_050,VECTOR_FIRST_HNSW,2,0.7
1010,sel_025_050,VECTOR_FIRST_HNSW,3,0.3
1010,sel_025_050,VECTOR_FIRST_HNSW,4,0.0
1010,sel_025_050,HNSW_HYBRID,0,0.3
1010,sel_025_050,HNSW_HYBRID,1,0.4
1010,sel_025_050,HNSW_HYBRID,2,0.1
1010,sel_025_050,HNSW_HYBRID,3,0.4
1010,sel_025_050,HNSW_HYBRID,4,0.2
1010,sel_025_050,IVFFLAT_HYBRID,0,0.1
1010,sel_025_050,IVFFLAT_HYBRID,1,0.2
1010,sel_025_050,IVFFLAT_HYBRID,2,0.1
1010,sel_025_050,IVFFLAT_HYBRID,3,0.1
1010,sel_025_050,IVFFLAT_HYBRID,4,0.0
1010,sel_050_100,SQL_FIRST,0,1.0
1010,sel_050_100,SQL_FIRST,1,1.0
1010,sel_050_100,SQL_FIRST,2,1.0
1010,sel_050_100,SQL_FIRST,3,1.0
1010,sel_050_100,SQL_FIRST,4,1.0
1010,sel_050_100,VECTOR_FIRST_HNSW,0,0.3
1010,sel_050_100,VECTOR_FIRST_HNSW,1,0.1
1010,sel_050_100,VECTOR_FIRST_HNSW,2,0.4
1010,sel_050_100,VECTOR_FIRST_HNSW,3,0.0
1010,sel_050_100,VECTOR_FIRST_HNSW,4,0.0
1010,sel_050_100,HNSW_HYBRID,0,0.0
1010,sel_050_100,HNSW_HYBRID,1,0.1
1010,sel_050_100,HNSW_HYBRID,2,0.8
1010,sel_050_100,HNSW_HYBRID,3,0.0
1010,sel_050_100,HNSW_HYBRID,4,0.0
1010,sel_050_100,IVFFLAT_HYBRID,0,0.0
1010,sel_050_100,IVFFLAT_HYBRID,1,0.5
1010,sel_050_100,IVFFLAT_HYBRID,2,0.2
1010,sel_050_100,IVFFLAT_HYBRID,3,0.2
1010,sel_050_100,IVFFLAT_HYBRID,4,0.5
1011,sel_000_005,SQL_FIRST,0,1.0
1011,sel_000_005,SQL_FIRST,1,1.0
1011,sel_000_005,SQL_FIRST,2,1.0
1011,sel_000_005,SQL_FIRST,3,1.0
1011,sel_000_005,SQL_FIRST,4,1.0
1011,sel_000_005,VECTOR_FIRST_HNSW,0,0.1
1011,sel_000_005,VECTOR_FIRST_HNSW,1,0.3
1011,sel_000_005,VECTOR_FIRST_HNSW,2,0.0
1011,sel_000_005,VECTOR_FIRST_HNSW,3,0.3
1011,sel_000_005,VECTOR_FIRST_HNSW,4,0.0
1011,sel_000_005,HNSW_HYBRID,0,0.0
1011,sel_000_005,HNSW_HYBRID,1,0.1
1011,sel_000_005,HNSW_HYBRID,2,0.4
1011,sel_000_005,HNSW_HYBRID,3,0.2
1011,sel_000_005,HNSW_HYBRID,4,0.0
1011,sel_000_005,IVFFLAT_HYBRID,0,0.0
1011,sel_000_005,IVFFLAT_HYBRID,1,0.1
1011,sel_000_005,IVFFLAT_HYBRID,2,0.1
1011,sel_000_005,IVFFLAT_HYBRID,3,0.1
1011,sel_000_005,IVFFLAT_HYBRID,4,0.0
1011,sel_005_010,SQL_FIRST,0,1.0
1011,sel_005_010,SQL_FIRST,1,1.0
1011,sel_005_010,SQL_FIRST,2,1.0
1011,sel_005_010,SQL_FIRST,3,1.0
1011,sel_005_010,SQL_FIRST,4,1.0
1011,sel_005_010,VECTOR_FIRST_HNSW,0,0.1
1011,sel_005_010,VECTOR_FIRST_HNSW,1,0.2
1011,sel_005_010,VECTOR_FIRST_HNSW,2,0.1
1011,sel_005_010,VECTOR_FIRST_HNSW,3,0.1
1011,sel_005_010,VECTOR_FIRST_HNSW,4,0.1
1011,sel_005_010,HNSW_HYBRID,0,0.1
1011,sel_005_010,HNSW_HYBRID,1,0.2
1011,sel_005_010,HNSW_HYBRID,2,0.5
1011,sel_005_010,HNSW_HYBRID,3,0.4
1011,sel_005_010,HNSW_HYBRID,4,0.0
1011,sel_005_010,IVFFLAT_HYBRID,0,0.1
1011,sel_005_010,IVFFLAT_HYBRID,1,0.1
1011,sel_005_010,IVFFLAT_HYBRID,2,0.0
1011,sel_005_010,IVFFLAT_HYBRID,3,0.0
1011,sel_005_010,IVFFLAT_HYBRID,4,0.1
1011,sel_010_025,SQL_FIRST,0,1.0
1011,sel_010_025,SQL_FIRST,1,1.0
1011,sel_010_025,SQL_FIRST,2,1.0
1011,sel_010_025,SQL_FIRST,3,1.0
1011,sel_010_025,SQL_FIRST,4,1.0
1011,sel_010_025,VECTOR_FIRST_HNSW,0,0.0
1011,sel_010_025,VECTOR_FIRST_HNSW,1,0.5
1011,sel_010_025,VECTOR_FIRST_HNSW,2,0.3
1011,sel_010_025,VECTOR_FIRST_HNSW,3,0.1
1011,sel_010_025,VECTOR_FIRST_HNSW,4,0.0
1011,sel_010_025,HNSW_HYBRID,0,0.1
1011,sel_010_025,HNSW_HYBRID,1,0.2
1011,sel_010_025,HNSW_HYBRID,2,0.3
1011,sel_010_025,HNSW_HYBRID,3,0.2
1011,sel_010_025,HNSW_HYBRID,4,0.0
1011,sel_010_025,IVFFLAT_HYBRID,0,0.3
1011,sel_010_025,IVFFLAT_HYBRID,1,0.2
1011,sel_010_025,IVFFLAT_HYBRID,2,0.1
1011,sel_010_025,IVFFLAT_HYBRID,3,0.2
1011,sel_010_025,IVFFLAT_HYBRID,4,0.1
1011,sel_025_050,SQL_FIRST,0,1.0
1011,sel_025_050,SQL_FIRST,1,1.0
1011,sel_025_050,SQL_FIRST,2,1.0
1011,sel_025_050,SQL_FIRST,3,1.0
1011,sel_025_050,SQL_FIRST,4,1.0
1011,sel_025_050,VECTOR_FIRST_HNSW,0,0.0
1011,sel_025_050,VECTOR_FIRST_HNSW,1,0.1
1011,sel_025_050,VECTOR_FIRST_HNSW,2,0.4
1011,sel_025_050,VECTOR_FIRST_HNSW,3,0.1
1011,sel_025_050,VECTOR_FIRST_HNSW,4,0.2
1011,sel_025_050,HNSW_HYBRID,0,0.0
1011,sel_025_050,HNSW_HYBRID,1,0.1
1011,sel_025_050,HNSW_HYBRID,2,0.7
1011,sel_025_050,HNSW_HYBRID,3,0.2
1011,sel_025_050,HNSW_HYBRID,4,0.0
1011,sel_025_050,IVFFLAT_HYBRID,0,0.2
1011,sel_025_050,IVFFLAT_HYBRID,1,0.1
1011,sel_025_050,IVFFLAT_HYBRID,2,0.0
1011,sel_025_050,IVFFLAT_HYBRID,3,0.1
1011,sel_025_050,IVFFLAT_HYBRID,4,0.5
1011,sel_050_100,SQL_FIRST,0,1.0
1011,sel_050_100,SQL_FIRST,1,1.0
1011,sel_050_100,SQL_FIRST,2,1.0
1011,sel_050_100,SQL_FIRST,3,1.0
1011,sel_050_100,SQL_FIRST,4,1.0
1011,sel_050_100,VECTOR_FIRST_HNSW,0,0.3
1011,sel_050_100,VECTOR_FIRST_HNSW,1,0.1
1011,sel_050_100,VECTOR_FIRST_HNSW,2,0.4
1011,sel_050_100,VECTOR_FIRST_HNSW,3,0.1
1011,sel_050_100,VECTOR_FIRST_HNSW,4,0.0
1011,sel_050_100,HNSW_HYBRID,0,0.0
1011,sel_050_100,HNSW_HYBRID,1,0.1
1011,sel_050_100,HNSW_HYBRID,2,0.3
1011,sel_050_100,HNSW_HYBRID,3,0.2
1011,sel_050_100,HNSW_HYBRID,4,0.0
1011,sel_050_100,IVFFLAT_HYBRID,0,0.0
1011,sel_050_100,IVFFLAT_HYBRID,1,0.1
1011,sel_050_100,IVFFLAT_HYBRID,2,0.2
1011,sel_050_100,IVFFLAT_HYBRID,3,0.3
1011,sel_050_100,IVFFLAT_HYBRID,4,0.2
1012,sel_000_005,SQL_FIRST,0,1.0
1012,sel_000_005,SQL_FIRST,1,1.0
1012,sel_000_005,SQL_FIRST,2,1.0
1012,sel_000_005,SQL_FIRST,3,1.0
1012,sel_000_005,SQL_FIRST,4,1.0
1012,sel_000_005,VECTOR_FIRST_HNSW,0,0.1
1012,sel_000_005,VECTOR_FIRST_HNSW,1,0.2
1012,sel_000_005,VECTOR_FIRST_HNSW,2,0.3
1012,sel_000_005,VECTOR_FIRST_HNSW,3,0.3
1012,sel_000_005,VECTOR_FIRST_HNSW,4,0.0
1012,sel_000_005,HNSW_HYBRID,0,0.1
1012,sel_000_005,HNSW_HYBRID,1,0.4
1012,sel_000_005,HNSW_HYBRID,2,0.5
1012,sel_000_005,HNSW_HYBRID,3,0.2
1012,sel_000_005,HNSW_HYBRID,4,0.0
1012,sel_000_005,IVFFLAT_HYBRID,0,0.0
1012,sel_000_005,IVFFLAT_HYBRID,1,0.1
1012,sel_000_005,IVFFLAT_HYBRID,2,0.1
1012,sel_000_005,IVFFLAT_HYBRID,3,0.1
1012,sel_000_005,IVFFLAT_HYBRID,4,0.0
1012,sel_005_010,SQL_FIRST,0,1.0
1012,sel_005_010,SQL_FIRST,1,1.0
1012,sel_005_010,SQL_FIRST,2,1.0
1012,sel_005_010,SQL_FIRST,3,1.0
1012,sel_005_010,SQL_FIRST,4,1.0
1012,sel_005_010,VECTOR_FIRST_HNSW,0,0.0
1012,sel_005_010,VECTOR_FIRST_HNSW,1,0.4
1012,sel_005_010,VECTOR_FIRST_HNSW,2,0.1
1012,sel_005_010,VECTOR_FIRST_HNSW,3,0.4
1012,sel_005_010,VECTOR_FIRST_HNSW,4,0.0
1012,sel_005_010,HNSW_HYBRID,0,0.0
1012,sel_005_010,HNSW_HYBRID,1,0.3
1012,sel_005_010,HNSW_HYBRID,2,0.3
1012,sel_005_010,HNSW_HYBRID,3,0.3
1012,sel_005_010,HNSW_HYBRID,4,0.0
1012,sel_005_010,IVFFLAT_HYBRID,0,0.1
1012,sel_005_010,IVFFLAT_HYBRID,1,0.0
1012,sel_005_010,IVFFLAT_HYBRID,2,0.1
1012,sel_005_010,IVFFLAT_HYBRID,3,0.0
1012,sel_005_010,IVFFLAT_HYBRID,4,0.1
1012,sel_010_025,SQL_FIRST,0,1.0
1012,sel_010_025,SQL_FIRST,1,1.0
1012,sel_010_025,SQL_FIRST,2,1.0
1012,sel_010_025,SQL_FIRST,3,1.0
1012,sel_010_025,SQL_FIRST,4,1.0
1012,sel_010_025,VECTOR_FIRST_HNSW,0,0.0
1012,sel_010_025,VECTOR_FIRST_HNSW,1,0.1
1012,sel_010_025,VECTOR_FIRST_HNSW,2,0.4
1012,sel_010_025,VECTOR_FIRST_HNSW,3,0.0
1012,sel_010_025,VECTOR_FIRST_HNSW,4,0.0
1012,sel_010_025,HNSW_HYBRID,0,0.0
1012,sel_010_025,HNSW_HYBRID,1,0.2
1012,sel_010_025,HNSW_HYBRID,2,0.5
1012,sel_010_025,HNSW_HYBRID,3,0.3
1012,sel_010_025,HNSW_HYBRID,4,0.0
1012,sel_010_025,IVFFLAT_HYBRID,0,0.3
1012,sel_010_025,IVFFLAT_HYBRID,1,0.2
1012,sel_010_025,IVFFLAT_HYBRID,2,0.1
1012,sel_010_025,IVFFLAT_HYBRID,3,0.2
1012,sel_010_025,IVFFLAT_HYBRID,4,0.1
1012,sel_025_050,SQL_FIRST,0,1.0
1012,sel_025_050,SQL_FIRST,1,1.0
1012,sel_025_050,SQL_FIRST,2,1.0
1012,sel_025_050,SQL_FIRST,3,1.0
1012,sel_025_050,SQL_FIRST,4,1.0
1012,sel_025_050,VECTOR_FIRST_HNSW,0,0.0
1012,sel_025_050,VECTOR_FIRST_HNSW,1,0.2
1012,sel_025_050,VECTOR_FIRST_HNSW,2,0.0
1012,sel_025_050,VECTOR_FIRST_HNSW,3,0.3
1012,sel_025_050,VECTOR_FIRST_HNSW,4,0.0
1012,sel_025_050,HNSW_HYBRID,0,0.0
1012,sel_025_050,HNSW_HYBRID,1,0.1
1012,sel_025_050,HNSW_HYBRID,2,0.4
1012,sel_025_050,HNSW_HYBRID,3,0.1
1012,sel_025_050,HNSW_HYBRID,4,0.0
1012,sel_025_050,IVFFLAT_HYBRID,0,0.1
1012,sel_025_050,IVFFLAT_HYBRID,1,0.0
1012,sel_025_050,IVFFLAT_HYBRID,2,0.5
1012,sel_025_050,IVFFLAT_HYBRID,3,0.3
1012,sel_025_050,IVFFLAT_HYBRID,4,0.4
1012,sel_050_100,SQL_FIRST,0,1.0
1012,sel_050_100,SQL_FIRST,1,1.0
1012,sel_050_100,SQL_FIRST,2,1.0
1012,sel_050_100,SQL_FIRST,3,1.0
1012,sel_050_100,SQL_FIRST,4,1.0
1012,sel_050_100,VECTOR_FIRST_HNSW,0,0.1
1012,sel_050_100,VECTOR_FIRST_HNSW,1,0.2
1012,sel_050_100,VECTOR_FIRST_HNSW,2,0.8
1012,sel_050_100,VECTOR_FIRST_HNSW,3,0.1
1012,sel_050_100,VECTOR_FIRST_HNSW,4,0.1
1012,sel_050_100,HNSW_HYBRID,0,0.0
1012,sel_050_100,HNSW_HYBRID,1,0.3
1012,sel_050_100,HNSW_HYBRID,2,0.1
1012,sel_050_100,HNSW_HYBRID,3,0.0
1012,sel_050_100,HNSW_HYBRID,4,0.0
1012,sel_050_100,IVFFLAT_HYBRID,0,0.1
1012,sel_050_100,IVFFLAT_HYBRID,1,0.5
1012,sel_050_100,IVFFLAT_HYBRID,2,0.1
1012,sel_050_100,IVFFLAT_HYBRID,3,0.1
1012,sel_050_100,IVFFLAT_HYBRID,4,0.2
1013,sel_000_005,SQL_FIRST,0,1.0
1013,sel_000_005,SQL_FIRST,1,1.0
1013,sel_000_005,SQL_FIRST,2,1.0
1013,sel_000_005,SQL_FIRST,3,1.0
1013,sel_000_005,SQL_FIRST,4,1.0
1013,sel_000_005,VECTOR_FIRST_HNSW,0,0.1
1013,sel_000_005,VECTOR_FIRST_HNSW,1,0.2
1013,sel_000_005,VECTOR_FIRST_HNSW,2,0.2
1013,sel_000_005,VECTOR_FIRST_HNSW,3,0.1
1013,sel_000_005,VECTOR_FIRST_HNSW,4,0.0
1013,sel_000_005,HNSW_HYBRID,0,0.1
1013,sel_000_005,HNSW_HYBRID,1,0.2
1013,sel_000_005,HNSW_HYBRID,2,0.2
1013,sel_000_005,HNSW_HYBRID,3,0.2
1013,sel_000_005,HNSW_HYBRID,4,0.0
1013,sel_000_005,IVFFLAT_HYBRID,0,0.0
1013,sel_000_005,IVFFLAT_HYBRID,1,0.1
1013,sel_000_005,IVFFLAT_HYBRID,2,0.1
1013,sel_000_005,IVFFLAT_HYBRID,3,0.1
1013,sel_000_005,IVFFLAT_HYBRID,4,0.0
1013,sel_005_010,SQL_FIRST,0,1.0
1013,sel_005_010,SQL_FIRST,1,1.0
1013,sel_005_010,SQL_FIRST,2,1.0
1013,sel_005_010,SQL_FIRST,3,1.0
1013,sel_005_010,SQL_FIRST,4,1.0
1013,sel_005_010,VECTOR_FIRST_HNSW,0,0.0
1013,sel_005_010,VECTOR_FIRST_HNSW,1,0.5
1013,sel_005_010,VECTOR_FIRST_HNSW,2,0.5
1013,sel_005_010,VECTOR_FIRST_HNSW,3,0.3
1013,sel_005_010,VECTOR_FIRST_HNSW,4,0.0
1013,sel_005_010,HNSW_HYBRID,0,0.1
1013,sel_005_010,HNSW_HYBRID,1,0.2
1013,sel_005_010,HNSW_HYBRID,2,0.2
1013,sel_005_010,HNSW_HYBRID,3,0.3
1013,sel_005_010,HNSW_HYBRID,4,0.0
1013,sel_005_010,IVFFLAT_HYBRID,0,0.1
1013,sel_005_010,IVFFLAT_HYBRID,1,0.2
1013,sel_005_010,IVFFLAT_HYBRID,2,0.1
1013,sel_005_010,IVFFLAT_HYBRID,3,0.3
1013,sel_005_010,IVFFLAT_HYBRID,4,0.2
1013,sel_010_025,SQL_FIRST,0,1.0
1013,sel_010_025,SQL_FIRST,1,1.0
1013,sel_010_025,SQL_FIRST,2,1.0
1013,sel_010_025,SQL_FIRST,3,1.0
1013,sel_010_025,SQL_FIRST,4,1.0
1013,sel_010_025,VECTOR_FIRST_HNSW,0,0.0
1013,sel_010_025,VECTOR_FIRST_HNSW,1,0.0
1013,sel_010_025,VECTOR_FIRST_HNSW,2,0.4
1013,sel_010_025,VECTOR_FIRST_HNSW,3,0.0
1013,sel_010_025,VECTOR_FIRST_HNSW,4,0.0
1013,sel_010_025,HNSW_HYBRID,0,0.0
1013,sel_010_025,HNSW_HYBRID,1,0.3
1013,sel_010_025,HNSW_HYBRID,2,0.4
1013,sel_010_025,HNSW_HYBRID,3,0.1
1013,sel_010_025,HNSW_HYBRID,4,0.0
1013,sel_010_025,IVFFLAT_HYBRID,0,0.4
1013,sel_010_025,IVFFLAT_HYBRID,1,0.0
1013,sel_010_025,IVFFLAT_HYBRID,2,0.0
1013,sel_010_025,IVFFLAT_HYBRID,3,0.2
1013,sel_010_025,IVFFLAT_HYBRID,4,0.2
1013,sel_025_050,SQL_FIRST,0,1.0
1013,sel_025_050,SQL_FIRST,1,1.0
1013,sel_025_050,SQL_FIRST,2,1.0
1013,sel_025_050,SQL_FIRST,3,1.0
1013,sel_025_050,SQL_FIRST,4,1.0
1013,sel_025_050,VECTOR_FIRST_HNSW,0,0.0
1013,sel_025_050,VECTOR_FIRST_HNSW,1,0.4
1013,sel_025_050,VECTOR_FIRST_HNSW,2,0.5
1013,sel_025_050,VECTOR_FIRST_HNSW,3,0.2
1013,sel_025_050,VECTOR_FIRST_HNSW,4,0.2
1013,sel_025_050,HNSW_HYBRID,0,0.0
1013,sel_025_050,HNSW_HYBRID,1,0.4
1013,sel_025_050,HNSW_HYBRID,2,0.7
1013,sel_025_050,HNSW_HYBRID,3,0.1
1013,sel_025_050,HNSW_HYBRID,4,0.0
1013,sel_025_050,IVFFLAT_HYBRID,0,0.1
1013,sel_025_050,IVFFLAT_HYBRID,1,0.2
1013,sel_025_050,IVFFLAT_HYBRID,2,0.5
1013,sel_025_050,IVFFLAT_HYBRID,3,0.5
1013,sel_025_050,IVFFLAT_HYBRID,4,0.1
1013,sel_050_100,SQL_FIRST,0,1.0
1013,sel_050_100,SQL_FIRST,1,1.0
1013,sel_050_100,SQL_FIRST,2,1.0
1013,sel_050_100,SQL_FIRST,3,1.0
1013,sel_050_100,SQL_FIRST,4,1.0
1013,sel_050_100,VECTOR_FIRST_HNSW,0,0.0
1013,sel_050_100,VECTOR_FIRST_HNSW,1,0.3
1013,sel_050_100,VECTOR_FIRST_HNSW,2,0.5
1013,sel_050_100,VECTOR_FIRST_HNSW,3,0.2
1013,sel_050_100,VECTOR_FIRST_HNSW,4,0.0
1013,sel_050_100,HNSW_HYBRID,0,0.0
1013,sel_050_100,HNSW_HYBRID,1,0.2
1013,sel_050_100,HNSW_HYBRID,2,0.3
1013,sel_050_100,HNSW_HYBRID,3,0.3
1013,sel_050_100,HNSW_HYBRID,4,0.1
1013,sel_050_100,IVFFLAT_HYBRID,0,0.0
1013,sel_050_100,IVFFLAT_HYBRID,1,0.0
1013,sel_050_100,IVFFLAT_HYBRID,2,0.1
1013,sel_050_100,IVFFLAT_HYBRID,3,0.1
1013,sel_050_100,IVFFLAT_HYBRID,4,0.4
1014,sel_000_005,SQL_FIRST,0,1.0
1014,sel_000_005,SQL_FIRST,1,1.0
1014,sel_000_005,SQL_FIRST,2,1.0
1014,sel_000_005,SQL_FIRST,3,1.0
1014,sel_000_005,SQL_FIRST,4,1.0
1014,sel_000_005,VECTOR_FIRST_HNSW,0,0.1
1014,sel_000_005,VECTOR_FIRST_HNSW,1,0.2
1014,sel_000_005,VECTOR_FIRST_HNSW,2,0.2
1014,sel_000_005,VECTOR_FIRST_HNSW,3,0.2
1014,sel_000_005,VECTOR_FIRST_HNSW,4,0.0
1014,sel_000_005,HNSW_HYBRID,0,0.1
1014,sel_000_005,HNSW_HYBRID,1,0.2
1014,sel_000_005,HNSW_HYBRID,2,0.5
1014,sel_000_005,HNSW_HYBRID,3,0.0
1014,sel_000_005,HNSW_HYBRID,4,0.0
1014,sel_000_005,IVFFLAT_HYBRID,0,0.1
1014,sel_000_005,IVFFLAT_HYBRID,1,0.1
1014,sel_000_005,IVFFLAT_HYBRID,2,0.0
1014,sel_000_005,IVFFLAT_HYBRID,3,0.1
1014,sel_000_005,IVFFLAT_HYBRID,4,0.0
1014,sel_005_010,SQL_FIRST,0,1.0
1014,sel_005_010,SQL_FIRST,1,1.0
1014,sel_005_010,SQL_FIRST,2,1.0
1014,sel_005_010,SQL_FIRST,3,1.0
1014,sel_005_010,SQL_FIRST,4,1.0
1014,sel_005_010,VECTOR_FIRST_HNSW,0,0.0
1014,sel_005_010,VECTOR_FIRST_HNSW,1,0.4
1014,sel_005_010,VECTOR_FIRST_HNSW,2,0.3
1014,sel_005_010,VECTOR_FIRST_HNSW,3,0.4
1014,sel_005_010,VECTOR_FIRST_HNSW,4,0.0
1014,sel_005_010,HNSW_HYBRID,0,0.1
1014,sel_005_010,HNSW_HYBRID,1,0.4
1014,sel_005_010,HNSW_HYBRID,2,0.3
1014,sel_005_010,HNSW_HYBRID,3,0.2
1014,sel_005_010,HNSW_HYBRID,4,0.0
1014,sel_005_010,IVFFLAT_HYBRID,0,0.2
1014,sel_005_010,IVFFLAT_HYBRID,1,0.1
1014,sel_005_010,IVFFLAT_HYBRID,2,0.0
1014,sel_005_010,IVFFLAT_HYBRID,3,0.0
1014,sel_005_010,IVFFLAT_HYBRID,4,0.1
1014,sel_010_025,SQL_FIRST,0,1.0
1014,sel_010_025,SQL_FIRST,1,1.0
1014,sel_010_025,SQL_FIRST,2,1.0
1014,sel_010_025,SQL_FIRST,3,1.0
1014,sel_010_025,SQL_FIRST,4,1.0
1014,sel_010_025,VECTOR_FIRST_HNSW,0,0.0
1014,sel_010_025,VECTOR_FIRST_HNSW,1,0.1
1014,sel_010_025,VECTOR_FIRST_HNSW,2,0.5
1014,sel_010_025,VECTOR_FIRST_HNSW,3,0.2
1014,sel_010_025,VECTOR_FIRST_HNSW,4,0.0
1014,sel_010_025,HNSW_HYBRID,0,0.1
1014,sel_010_025,HNSW_HYBRID,1,0.2
1014,sel_010_025,HNSW_HYBRID,2,0.6
1014,sel_010_025,HNSW_HYBRID,3,0.2
1014,sel_010_025,HNSW_HYBRID,4,0.0
1014,sel_010_025,IVFFLAT_HYBRID,0,0.2
1014,sel_010_025,IVFFLAT_HYBRID,1,0.0
1014,sel_010_025,IVFFLAT_HYBRID,2,0.1
1014,sel_010_025,IVFFLAT_HYBRID,3,0.0
1014,sel_010_025,IVFFLAT_HYBRID,4,0.2
1014,sel_025_050,SQL_FIRST,0,1.0
1014,sel_025_050,SQL_FIRST,1,1.0
1014,sel_025_050,SQL_FIRST,2,1.0
1014,sel_025_050,SQL_FIRST,3,1.0
1014,sel_025_050,SQL_FIRST,4,1.0
1014,sel_025_050,VECTOR_FIRST_HNSW,0,0.0
1014,sel_025_050,VECTOR_FIRST_HNSW,1,0.1
1014,sel_025_050,VECTOR_FIRST_HNSW,2,0.4
1014,sel_025_050,VECTOR_FIRST_HNSW,3,0.0
1014,sel_025_050,VECTOR_FIRST_HNSW,4,0.0
1014,sel_025_050,HNSW_HYBRID,0,0.0
1014,sel_025_050,HNSW_HYBRID,1,0.2
1014,sel_025_050,HNSW_HYBRID,2,0.4
1014,sel_025_050,HNSW_HYBRID,3,0.2
1014,sel_025_050,HNSW_HYBRID,4,0.0
1014,sel_025_050,IVFFLAT_HYBRID,0,0.2
1014,sel_025_050,IVFFLAT_HYBRID,1,0.2
1014,sel_025_050,IVFFLAT_HYBRID,2,0.5
1014,sel_025_050,IVFFLAT_HYBRID,3,0.5
1014,sel_025_050,IVFFLAT_HYBRID,4,0.5
1014,sel_050_100,SQL_FIRST,0,1.0
1014,sel_050_100,SQL_FIRST,1,1.0
1014,sel_050_100,SQL_FIRST,2,1.0
1014,sel_050_100,SQL_FIRST,3,1.0
1014,sel_050_100,SQL_FIRST,4,1.0
1014,sel_050_100,VECTOR_FIRST_HNSW,0,0.3
1014,sel_050_100,VECTOR_FIRST_HNSW,1,0.4
1014,sel_050_100,VECTOR_FIRST_HNSW,2,0.2
1014,sel_050_100,VECTOR_FIRST_HNSW,3,0.1
1014,sel_050_100,VECTOR_FIRST_HNSW,4,0.0
1014,sel_050_100,HNSW_HYBRID,0,0.0
1014,sel_050_100,HNSW_HYBRID,1,0.1
1014,sel_050_100,HNSW_HYBRID,2,0.1
1014,sel_050_100,HNSW_HYBRID,3,0.1
1014,sel_050_100,HNSW_HYBRID,4,0.0
1014,sel_050_100,IVFFLAT_HYBRID,0,0.0
1014,sel_050_100,IVFFLAT_HYBRID,1,0.2
1014,sel_050_100,IVFFLAT_HYBRID,2,0.3
1014,sel_050_100,IVFFLAT_HYBRID,3,0.3
1014,sel_050_100,IVFFLAT_HYBRID,4,0.2
1015,sel_000_005,SQL_FIRST,0,1.0
1015,sel_000_005,SQL_FIRST,1,1.0
1015,sel_000_005,SQL_FIRST,2,1.0
1015,sel_000_005,SQL_FIRST,3,1.0
1015,sel_000_005,SQL_FIRST,4,1.0
1015,sel_000_005,VECTOR_FIRST_HNSW,0,0.1
1015,sel_000_005,VECTOR_FIRST_HNSW,1,0.1
1015,sel_000_005,VECTOR_FIRST_HNSW,2,0.0
1015,sel_000_005,VECTOR_FIRST_HNSW,3,0.0
1015,sel_000_005,VECTOR_FIRST_HNSW,4,0.0
1015,sel_000_005,HNSW_HYBRID,0,0.1
1015,sel_000_005,HNSW_HYBRID,1,0.2
1015,sel_000_005,HNSW_HYBRID,2,0.5
1015,sel_000_005,HNSW_HYBRID,3,0.3
1015,sel_000_005,HNSW_HYBRID,4,0.0
1015,sel_000_005,IVFFLAT_HYBRID,0,0.1
1015,sel_000_005,IVFFLAT_HYBRID,1,0.0
1015,sel_000_005,IVFFLAT_HYBRID,2,0.0
1015,sel_000_005,IVFFLAT_HYBRID,3,0.0
1015,sel_000_005,IVFFLAT_HYBRID,4,0.0
1015,sel_005_010,SQL_FIRST,0,1.0
1015,sel_005_010,SQL_FIRST,1,1.0
1015,sel_005_010,SQL_FIRST,2,1.0
1015,sel_005_010,SQL_FIRST,3,1.0
1015,sel_005_010,SQL_FIRST,4,1.0
1015,sel_005_010,VECTOR_FIRST_HNSW,0,0.0
1015,sel_005_010,VECTOR_FIRST_HNSW,1,0.2
1015,sel_005_010,VECTOR_FIRST_HNSW,2,0.5
1015,sel_005_010,VECTOR_FIRST_HNSW,3,0.2
1015,sel_005_010,VECTOR_FIRST_HNSW,4,0.0
1015,sel_005_010,HNSW_HYBRID,0,0.1
1015,sel_005_010,HNSW_HYBRID,1,0.2
1015,sel_005_010,HNSW_HYBRID,2,0.4
1015,sel_005_010,HNSW_HYBRID,3,0.2
1015,sel_005_010,HNSW_HYBRID,4,0.0
1015,sel_005_010,IVFFLAT_HYBRID,0,0.1
1015,sel_005_010,IVFFLAT_HYBRID,1,0.1
1015,sel_005_010,IVFFLAT_HYBRID,2,0.1
1015,sel_005_010,IVFFLAT_HYBRID,3,0.0
1015,sel_005_010,IVFFLAT_HYBRID,4,0.1
1015,sel_010_025,SQL_FIRST,0,1.0
1015,sel_010_025,SQL_FIRST,1,1.0
1015,sel_010_025,SQL_FIRST,2,1.0
1015,sel_010_025,SQL_FIRST,3,1.0
1015,sel_010_025,SQL_FIRST,4,1.0
1015,sel_010_025,VECTOR_FIRST_HNSW,0,0.0
1015,sel_010_025,VECTOR_FIRST_HNSW,1,0.2
1015,sel_010_025,VECTOR_FIRST_HNSW,2,0.7
1015,sel_010_025,VECTOR_FIRST_HNSW,3,0.1
1015,sel_010_025,VECTOR_FIRST_HNSW,4,0.0
1015,sel_010_025,HNSW_HYBRID,0,0.1
1015,sel_010_025,HNSW_HYBRID,1,0.4
1015,sel_010_025,HNSW_HYBRID,2,0.6
1015,sel_010_025,HNSW_HYBRID,3,0.1
1015,sel_010_025,HNSW_HYBRID,4,0.0
1015,sel_010_025,IVFFLAT_HYBRID,0,0.3
1015,sel_010_025,IVFFLAT_HYBRID,1,0.1
1015,sel_010_025,IVFFLAT_HYBRID,2,0.1
1015,sel_010_025,IVFFLAT_HYBRID,3,0.2
1015,sel_010_025,IVFFLAT_HYBRID,4,0.2
1015,sel_025_050,SQL_FIRST,0,1.0
1015,sel_025_050,SQL_FIRST,1,1.0
1015,sel_025_050,SQL_FIRST,2,1.0
1015,sel_025_050,SQL_FIRST,3,1.0
1015,sel_025_050,SQL_FIRST,4,1.0
1015,sel_025_050,VECTOR_FIRST_HNSW,0,0.0
1015,sel_025_050,VECTOR_FIRST_HNSW,1,0.1
1015,sel_025_050,VECTOR_FIRST_HNSW,2,0.1
1015,sel_025_050,VECTOR_FIRST_HNSW,3,0.0
1015,sel_025_050,VECTOR_FIRST_HNSW,4,0.2
1015,sel_025_050,HNSW_HYBRID,0,0.0
1015,sel_025_050,HNSW_HYBRID,1,0.1
1015,sel_025_050,HNSW_HYBRID,2,0.3
1015,sel_025_050,HNSW_HYBRID,3,0.0
1015,sel_025_050,HNSW_HYBRID,4,0.1
1015,sel_025_050,IVFFLAT_HYBRID,0,0.2
1015,sel_025_050,IVFFLAT_HYBRID,1,0.3
1015,sel_025_050,IVFFLAT_HYBRID,2,0.5
1015,sel_025_050,IVFFLAT_HYBRID,3,0.2
1015,sel_025_050,IVFFLAT_HYBRID,4,0.2
1015,sel_050_100,SQL_FIRST,0,1.0
1015,sel_050_100,SQL_FIRST,1,1.0
1015,sel_050_100,SQL_FIRST,2,1.0
1015,sel_050_100,SQL_FIRST,3,1.0
1015,sel_050_100,SQL_FIRST,4,1.0
1015,sel_050_100,VECTOR_FIRST_HNSW,0,0.1
1015,sel_050_100,VECTOR_FIRST_HNSW,1,0.3
1015,sel_050_100,VECTOR_FIRST_HNSW,2,0.4
1015,sel_050_100,VECTOR_FIRST_HNSW,3,0.0
1015,sel_050_100,VECTOR_FIRST_HNSW,4,0.0
1015,sel_050_100,HNSW_HYBRID,0,0.0
1015,sel_050_100,HNSW_HYBRID,1,0.1
1015,sel_050_100,HNSW_HYBRID,2,0.3
1015,sel_050_100,HNSW_HYBRID,3,0.2
1015,sel_050_100,HNSW_HYBRID,4,0.3
1015,sel_050_100,IVFFLAT_HYBRID,0,0.0
1015,sel_050_100,IVFFLAT_HYBRID,1,0.3
1015,sel_050_100,IVFFLAT_HYBRID,2,0.3
1015,sel_050_100,IVFFLAT_HYBRID,3,0.2
1015,sel_050_100,IVFFLAT_HYBRID,4,0.1
1016,sel_000_005,SQL_FIRST,0,1.0
1016,sel_000_005,SQL_FIRST,1,1.0
1016,sel_000_005,SQL_FIRST,2,1.0
1016,sel_000_005,SQL_FIRST,3,1.0
1016,sel_000_005,SQL_FIRST,4,1.0
1016,sel_000_005,VECTOR_FIRST_HNSW,0,0.0
1016,sel_000_005,VECTOR_FIRST_HNSW,1,0.2
1016,sel_000_005,VECTOR_FIRST_HNSW,2,0.1
1016,sel_000_005,VECTOR_FIRST_HNSW,3,0.3
1016,sel_000_005,VECTOR_FIRST_HNSW,4,0.0
1016,sel_000_005,HNSW_HYBRID,0,0.0
1016,sel_000_005,HNSW_HYBRID,1,0.4
1016,sel_000_005,HNSW_HYBRID,2,0.3
1016,sel_000_005,HNSW_HYBRID,3,0.3
1016,sel_000_005,HNSW_HYBRID,4,0.0
1016,sel_000_005,IVFFLAT_HYBRID,0,0.0
1016,sel_000_005,IVFFLAT_HYBRID,1,0.0
1016,sel_000_005,IVFFLAT_HYBRID,2,0.0
1016,sel_000_005,IVFFLAT_HYBRID,3,0.1
1016,sel_000_005,IVFFLAT_HYBRID,4,0.1
1016,sel_005_010,SQL_FIRST,0,1.0
1016,sel_005_010,SQL_FIRST,1,1.0
1016,sel_005_010,SQL_FIRST,2,1.0
1016,sel_005_010,SQL_FIRST,3,1.0
1016,sel_005_010,SQL_FIRST,4,1.0
1016,sel_005_010,VECTOR_FIRST_HNSW,0,0.0
1016,sel_005_010,VECTOR_FIRST_HNSW,1,0.2
1016,sel_005_010,VECTOR_FIRST_HNSW,2,0.3
1016,sel_005_010,VECTOR_FIRST_HNSW,3,0.2
1016,sel_005_010,VECTOR_FIRST_HNSW,4,0.0
1016,sel_005_010,HNSW_HYBRID,0,0.1
1016,sel_005_010,HNSW_HYBRID,1,0.2
1016,sel_005_010,HNSW_HYBRID,2,0.3
1016,sel_005_010,HNSW_HYBRID,3,0.2
1016,sel_005_010,HNSW_HYBRID,4,0.0
1016,sel_005_010,IVFFLAT_HYBRID,0,0.1
1016,sel_005_010,IVFFLAT_HYBRID,1,0.1
1016,sel_005_010,IVFFLAT_HYBRID,2,0.1
1016,sel_005_010,IVFFLAT_HYBRID,3,0.1
1016,sel_005_010,IVFFLAT_HYBRID,4,0.0
1016,sel_010_025,SQL_FIRST,0,1.0
1016,sel_010_025,SQL_FIRST,1,1.0
1016,sel_010_025,SQL_FIRST,2,1.0
1016,sel_010_025,SQL_FIRST,3,1.0
1016,sel_010_025,SQL_FIRST,4,1.0
1016,sel_010_025,VECTOR_FIRST_HNSW,0,0.1
1016,sel_010_025,VECTOR_FIRST_HNSW,1,0.3
1016,sel_010_025,VECTOR_FIRST_HNSW,2,0.2
1016,sel_010_025,VECTOR_FIRST_HNSW,3,0.1
1016,sel_010_025,VECTOR_FIRST_HNSW,4,0.0
1016,sel_010_025,HNSW_HYBRID,0,0.0
1016,sel_010_025,HNSW_HYBRID,1,0.3
1016,sel_010_025,HNSW_HYBRID,2,0.4
1016,sel_010_025,HNSW_HYBRID,3,0.3
1016,sel_010_025,HNSW_HYBRID,4,0.0
1016,sel_010_025,IVFFLAT_HYBRID,0,0.3
1016,sel_010_025,IVFFLAT_HYBRID,1,0.0
1016,sel_010_025,IVFFLAT_HYBRID,2,0.1
1016,sel_010_025,IVFFLAT_HYBRID,3,0.1
1016,sel_010_025,IVFFLAT_HYBRID,4,0.2
1016,sel_025_050,SQL_FIRST,0,1.0
1016,sel_025_050,SQL_FIRST,1,1.0
1016,sel_025_050,SQL_FIRST,2,1.0
1016,sel_025_050,SQL_FIRST,3,1.0
1016,sel_025_050,SQL_FIRST,4,1.0
1016,sel_025_050,VECTOR_FIRST_HNSW,0,0.0
1016,sel_025_050,VECTOR_FIRST_HNSW,1,0.1
1016,sel_025_050,VECTOR_FIRST_HNSW,2,0.7
1016,sel_025_050,VECTOR_FIRST_HNSW,3,0.1
1016,sel_025_050,VECTOR_FIRST_HNSW,4,0.0
1016,sel_025_050,HNSW_HYBRID,0,0.0
1016,sel_025_050,HNSW_HYBRID,1,0.1
1016,sel_025_050,HNSW_HYBRID,2,0.4
1016,sel_025_050,HNSW_HYBRID,3,0.0
1016,sel_025_050,HNSW_HYBRID,4,0.2
1016,sel_025_050,IVFFLAT_HYBRID,0,0.1
1016,sel_025_050,IVFFLAT_HYBRID,1,0.3
1016,sel_025_050,IVFFLAT_HYBRID,2,0.0
1016,sel_025_050,IVFFLAT_HYBRID,3,0.1
1016,sel_025_050,IVFFLAT_HYBRID,4,0.1
1016,sel_050_100,SQL_FIRST,0,1.0
1016,sel_050_100,SQL_FIRST,1,1.0
1016,sel_050_100,SQL_FIRST,2,1.0
1016,sel_050_100,SQL_FIRST,3,1.0
1016,sel_050_100,SQL_FIRST,4,1.0
1016,sel_050_100,VECTOR_FIRST_HNSW,0,0.0
1016,sel_050_100,VECTOR_FIRST_HNSW,1,0.4
1016,sel_050_100,VECTOR_FIRST_HNSW,2,0.2
1016,sel_050_100,VECTOR_FIRST_HNSW,3,0.0
1016,sel_050_100,VECTOR_FIRST_HNSW,4,0.3
1016,sel_050_100,HNSW_HYBRID,0,0.0
1016,sel_050_100,HNSW_HYBRID,1,0.4
1016,sel_050_100,HNSW_HYBRID,2,0.6
1016,sel_050_100,HNSW_HYBRID,3,0.1
1016,sel_050_100,HNSW_HYBRID,4,0.0
1016,sel_050_100,IVFFLAT_HYBRID,0,0.0
1016,sel_050_100,IVFFLAT_HYBRID,1,0.1
1016,sel_050_100,IVFFLAT_HYBRID,2,0.2
1016,sel_050_100,IVFFLAT_HYBRID,3,0.4
1016,sel_050_100,IVFFLAT_HYBRID,4,0.2
1017,sel_000_005,SQL_FIRST,0,1.0
1017,sel_000_005,SQL_FIRST,1,1.0
1017,sel_000_005,SQL_FIRST,2,1.0
1017,sel_000_005,SQL_FIRST,3,1.0
1017,sel_000_005,SQL_FIRST,4,1.0
1017,sel_000_005,VECTOR_FIRST_HNSW,0,0.0
1017,sel_000_005,VECTOR_FIRST_HNSW,1,0.2
1017,sel_000_005,VECTOR_FIRST_HNSW,2,0.1
1017,sel_000_005,VECTOR_FIRST_HNSW,3,0.1
1017,sel_000_005,VECTOR_FIRST_HNSW,4,0.0
1017,sel_000_005,HNSW_HYBRID,0,0.1
1017,sel_000_005,HNSW_HYBRID,1,0.4
1017,sel_000_005,HNSW_HYBRID,2,0.4
1017,sel_000_005,HNSW_HYBRID,3,0.1
1017,sel_000_005,HNSW_HYBRID,4,0.0
1017,sel_000_005,IVFFLAT_HYBRID,0,0.0
1017,sel_000_005,IVFFLAT_HYBRID,1,0.0
1017,sel_000_005,IVFFLAT_HYBRID,2,0.0
1017,sel_000_005,IVFFLAT_HYBRID,3,0.0
1017,sel_000_005,IVFFLAT_HYBRID,4,0.0
1017,sel_005_010,SQL_FIRST,0,1.0
1017,sel_005_010,SQL_FIRST,1,1.0
1017,sel_005_010,SQL_FIRST,2,1.0
1017,sel_005_010,SQL_FIRST,3,1.0
1017,sel_005_010,SQL_FIRST,4,1.0
1017,sel_005_010,VECTOR_FIRST_HNSW,0,0.1
1017,sel_005_010,VECTOR_FIRST_HNSW,1,0.2
1017,sel_005_010,VECTOR_FIRST_HNSW,2,0.2
1017,sel_005_010,VECTOR_FIRST_HNSW,3,0.1
1017,sel_005_010,VECTOR_FIRST_HNSW,4,0.0
1017,sel_005_010,HNSW_HYBRID,0,0.0
1017,sel_005_010,HNSW_HYBRID,1,0.1
1017,sel_005_010,HNSW_HYBRID,2,0.5
1017,sel_005_010,HNSW_HYBRID,3,0.1
1017,sel_005_010,HNSW_HYBRID,4,0.0
1017,sel_005_010,IVFFLAT_HYBRID,0,0.0
1017,sel_005_010,IVFFLAT_HYBRID,1,0.1
1017,sel_005_010,IVFFLAT_HYBRID,2,0.1
1017,sel_005_010,IVFFLAT_HYBRID,3,0.1
1017,sel_005_010,IVFFLAT_HYBRID,4,0.2
1017,sel_010_025,SQL_FIRST,0,1.0
1017,sel_010_025,SQL_FIRST,1,1.0
1017,sel_010_025,SQL_FIRST,2,1.0
1017,sel_010_025,SQL_FIRST,3,1.0
1017,sel_010_025,SQL_FIRST,4,1.0
1017,sel_010_025,VECTOR_FIRST_HNSW,0,0.1
1017,sel_010_025,VECTOR_FIRST_HNSW,1,0.2
1017,sel_010_025,VECTOR_FIRST_HNSW,2,0.5
1017,sel_010_025,VECTOR_FIRST_HNSW,3,0.3
1017,sel_010_025,VECTOR_FIRST_HNSW,4,0.0
1017,sel_010_025,HNSW_HYBRID,0,0.0
1017,sel_010_025,HNSW_HYBRID,1,0.2
1017,sel_010_025,HNSW_HYBRID,2,0.6
1017,sel_010_025,HNSW_HYBRID,3,0.5
1017,sel_010_025,HNSW_HYBRID,4,0.0
1017,sel_010_025,IVFFLAT_HYBRID,0,0.0
1017,sel_010_025,IVFFLAT_HYBRID,1,0.1
1017,sel_010_025,IVFFLAT_HYBRID,2,0.5
1017,sel_010_025,IVFFLAT_HYBRID,3,0.1
1017,sel_010_025,IVFFLAT_HYBRID,4,0.3
1017,sel_025_050,SQL_FIRST,0,1.0
1017,sel_025_050,SQL_FIRST,1,1.0
1017,sel_025_050,SQL_FIRST,2,1.0
1017,sel_025_050,SQL_FIRST,3,1.0
1017,sel_025_050,SQL_FIRST,4,1.0
1017,sel_025_050,VECTOR_FIRST_HNSW,0,0.1
1017,sel_025_050,VECTOR_FIRST_HNSW,1,0.1
1017,sel_025_050,VECTOR_FIRST_HNSW,2,0.1
1017,sel_025_050,VECTOR_FIRST_HNSW,3,0.2
1017,sel_025_050,VECTOR_FIRST_HNSW,4,0.0
1017,sel_025_050,HNSW_HYBRID,0,0.0
1017,sel_025_050,HNSW_HYBRID,1,0.4
1017,sel_025_050,HNSW_HYBRID,2,0.7
1017,sel_025_050,HNSW_HYBRID,3,0.3
1017,sel_025_050,HNSW_HYBRID,4,0.0
1017,sel_025_050,IVFFLAT_HYBRID,0,0.2
1017,sel_025_050,IVFFLAT_HYBRID,1,0.2
1017,sel_025_050,IVFFLAT_HYBRID,2,0.1
1017,sel_025_050,IVFFLAT_HYBRID,3,0.3
1017,sel_025_050,IVFFLAT_HYBRID,4,0.2
1017,sel_050_100,SQL_FIRST,0,1.0
1017,sel_050_100,SQL_FIRST,1,1.0
1017,sel_050_100,SQL_FIRST,2,1.0
1017,sel_050_100,SQL_FIRST,3,1.0
1017,sel_050_100,SQL_FIRST,4,1.0
1017,sel_050_100,VECTOR_FIRST_HNSW,0,0.0
1017,sel_050_100,VECTOR_FIRST_HNSW,1,0.3
1017,sel_050_100,VECTOR_FIRST_HNSW,2,0.3
1017,sel_050_100,VECTOR_FIRST_HNSW,3,0.2
1017,sel_050_100,VECTOR_FIRST_HNSW,4,0.0
1017,sel_050_100,HNSW_HYBRID,0,0.0
1017,sel_050_100,HNSW_HYBRID,1,0.4
1017,sel_050_100,HNSW_HYBRID,2,0.8
1017,sel_050_100,HNSW_HYBRID,3,0.3
1017,sel_050_100,HNSW_HYBRID,4,0.1
1017,sel_050_100,IVFFLAT_HYBRID,0,0.3
1017,sel_050_100,IVFFLAT_HYBRID,1,0.3
1017,sel_050_100,IVFFLAT_HYBRID,2,0.1
1017,sel_050_100,IVFFLAT_HYBRID,3,0.1
1017,sel_050_100,IVFFLAT_HYBRID,4,0.2
1018,sel_000_005,SQL_FIRST,0,1.0
1018,sel_000_005,SQL_FIRST,1,1.0
1018,sel_000_005,SQL_FIRST,2,1.0
1018,sel_000_005,SQL_FIRST,3,1.0
1018,sel_000_005,SQL_FIRST,4,1.0
1018,sel_000_005,VECTOR_FIRST_HNSW,0,0.1
1018,sel_000_005,VECTOR_FIRST_HNSW,1,0.0
1018,sel_000_005,VECTOR_FIRST_HNSW,2,0.3
1018,sel_000_005,VECTOR_FIRST_HNSW,3,0.3
1018,sel_000_005,VECTOR_FIRST_HNSW,4,0.0
1018,sel_000_005,HNSW_HYBRID,0,0.1
1018,sel_000_005,HNSW_HYBRID,1,0.4
1018,sel_000_005,HNSW_HYBRID,2,0.5
1018,sel_000_005,HNSW_HYBRID,3,0.3
1018,sel_000_005,HNSW_HYBRID,4,0.0
1018,sel_000_005,IVFFLAT_HYBRID,0,0.0
1018,sel_000_005,IVFFLAT_HYBRID,1,0.0
1018,sel_000_005,IVFFLAT_HYBRID,2,0.1
1018,sel_000_005,IVFFLAT_HYBRID,3,0.1
1018,sel_000_005,IVFFLAT_HYBRID,4,0.0
1018,sel_005_010,SQL_FIRST,0,1.0
1018,sel_005_010,SQL_FIRST,1,1.0
1018,sel_005_010,SQL_FIRST,2,1.0
1018,sel_005_010,SQL_FIRST,3,1.0
1018,sel_005_010,SQL_FIRST,4,1.0
1018,sel_005_010,VECTOR_FIRST_HNSW,0,0.2
1018,sel_005_010,VECTOR_FIRST_HNSW,1,0.4
1018,sel_005_010,VECTOR_FIRST_HNSW,2,0.1
1018,sel_005_010,VECTOR_FIRST_HNSW,3,0.1
1018,sel_005_010,VECTOR_FIRST_HNSW,4,0.1
1018,sel_005_010,HNSW_HYBRID,0,0.1
1018,sel_005_010,HNSW_HYBRID,1,0.1
1018,sel_005_010,HNSW_HYBRID,2,0.2
1018,sel_005_010,HNSW_HYBRID,3,0.2
1018,sel_005_010,HNSW_HYBRID,4,0.0
1018,sel_005_010,IVFFLAT_HYBRID,0,0.0
1018,sel_005_010,IVFFLAT_HYBRID,1,0.1
1018,sel_005_010,IVFFLAT_HYBRID,2,0.1
1018,sel_005_010,IVFFLAT_HYBRID,3,0.1
1018,sel_005_010,IVFFLAT_HYBRID,4,0.1
1018,sel_010_025,SQL_FIRST,0,1.0
1018,sel_010_025,SQL_FIRST,1,1.0
1018,sel_010_025,SQL_FIRST,2,1.0
1018,sel_010_025,SQL_FIRST,3,1.0
1018,sel_010_025,SQL_FIRST,4,1.0
1018,sel_010_025,VECTOR_FIRST_HNSW,0,0.0
1018,sel_010_025,VECTOR_FIRST_HNSW,1,0.3
1018,sel_010_025,VECTOR_FIRST_HNSW,2,0.5
1018,sel_010_025,VECTOR_FIRST_HNSW,3,0.3
1018,sel_010_025,VECTOR_FIRST_HNSW,4,0.0
1018,sel_010_025,HNSW_HYBRID,0,0.0
1018,sel_010_025,HNSW_HYBRID,1,0.2
1018,sel_010_025,HNSW_HYBRID,2,0.8
1018,sel_010_025,HNSW_HYBRID,3,0.5
1018,sel_010_025,HNSW_HYBRID,4,0.0
1018,sel_010_025,IVFFLAT_HYBRID,0,0.2
1018,sel_010_025,IVFFLAT_HYBRID,1,0.2
1018,sel_010_025,IVFFLAT_HYBRID,2,0.1
1018,sel_010_025,IVFFLAT_HYBRID,3,0.2
1018,sel_010_025,IVFFLAT_HYBRID,4,0.1
1018,sel_025_050,SQL_FIRST,0,1.0
1018,sel_025_050,SQL_FIRST,1,1.0
1018,sel_025_050,SQL_FIRST,2,1.0
1018,sel_025_050,SQL_FIRST,3,1.0
1018,sel_025_050,SQL_FIRST,4,1.0
1018,sel_025_050,VECTOR_FIRST_HNSW,0,0.0
1018,sel_025_050,VECTOR_FIRST_HNSW,1,0.3
1018,sel_025_050,VECTOR_FIRST_HNSW,2,0.4
1018,sel_025_050,VECTOR_FIRST_HNSW,3,0.0
1018,sel_025_050,VECTOR_FIRST_HNSW,4,0.2
1018,sel_025_050,HNSW_HYBRID,0,0.0
1018,sel_025_050,HNSW_HYBRID,1,0.1
1018,sel_025_050,HNSW_HYBRID,2,0.5
1018,sel_025_050,HNSW_HYBRID,3,0.4
1018,sel_025_050,HNSW_HYBRID,4,0.0
1018,sel_025_050,IVFFLAT_HYBRID,0,0.0
1018,sel_025_050,IVFFLAT_HYBRID,1,0.5
1018,sel_025_050,IVFFLAT_HYBRID,2,0.5
1018,sel_025_050,IVFFLAT_HYBRID,3,0.2
1018,sel_025_050,IVFFLAT_HYBRID,4,0.2
1018,sel_050_100,SQL_FIRST,0,1.0
1018,sel_050_100,SQL_FIRST,1,1.0
1018,sel_050_100,SQL_FIRST,2,1.0
1018,sel_050_100,SQL_FIRST,3,1.0
1018,sel_050_100,SQL_FIRST,4,1.0
1018,sel_050_100,VECTOR_FIRST_HNSW,0,0.0
1018,sel_050_100,VECTOR_FIRST_HNSW,1,0.3
1018,sel_050_100,VECTOR_FIRST_HNSW,2,0.6
1018,sel_050_100,VECTOR_FIRST_HNSW,3,0.1
1018,sel_050_100,VECTOR_FIRST_HNSW,4,0.3
1018,sel_050_100,HNSW_HYBRID,0,0.1
1018,sel_050_100,HNSW_HYBRID,1,0.1
1018,sel_050_100,HNSW_HYBRID,2,0.3
1018,sel_050_100,HNSW_HYBRID,3,0.2
1018,sel_050_100,HNSW_HYBRID,4,0.0
1018,sel_050_100,IVFFLAT_HYBRID,0,0.1
1018,sel_050_100,IVFFLAT_HYBRID,1,0.5
1018,sel_050_100,IVFFLAT_HYBRID,2,0.2
1018,sel_050_100,IVFFLAT_HYBRID,3,0.2
1018,sel_050_100,IVFFLAT_HYBRID,4,0.0
1019,sel_000_005,SQL_FIRST,0,1.0
1019,sel_000_005,SQL_FIRST,1,1.0
1019,sel_000_005,SQL_FIRST,2,1.0
1019,sel_000_005,SQL_FIRST,3,1.0
1019,sel_000_005,SQL_FIRST,4,1.0
1019,sel_000_005,VECTOR_FIRST_HNSW,0,0.0
1019,sel_000_005,VECTOR_FIRST_HNSW,1,0.4
1019,sel_000_005,VECTOR_FIRST_HNSW,2,0.3
1019,sel_000_005,VECTOR_FIRST_HNSW,3,0.3
1019,sel_000_005,VECTOR_FIRST_HNSW,4,0.0
1019,sel_000_005,HNSW_HYBRID,0,0.0
1019,sel_000_005,HNSW_HYBRID,1,0.1
1019,sel_000_005,HNSW_HYBRID,2,0.3
1019,sel_000_005,HNSW_HYBRID,3,0.3
1019,sel_000_005,HNSW_HYBRID,4,0.0
1019,sel_000_005,IVFFLAT_HYBRID,0,0.0
1019,sel_000_005,IVFFLAT_HYBRID,1,0.0
1019,sel_000_005,IVFFLAT_HYBRID,2,0.0
1019,sel_000_005,IVFFLAT_HYBRID,3,0.0
1019,sel_000_005,IVFFLAT_HYBRID,4,0.0
1019,sel_005_010,SQL_FIRST,0,1.0
1019,sel_005_010,SQL_FIRST,1,1.0
1019,sel_005_010,SQL_FIRST,2,1.0
1019,sel_005_010,SQL_FIRST,3,1.0
1019,sel_005_010,SQL_FIRST,4,1.0
1019,sel_005_010,VECTOR_FIRST_HNSW,0,0.1
1019,sel_005_010,VECTOR_FIRST_HNSW,1,0.2
1019,sel_005_010,VECTOR_FIRST_HNSW,2,0.3
1019,sel_005_010,VECTOR_FIRST_HNSW,3,0.1
1019,sel_005_010,VECTOR_FIRST_HNSW,4,0.1
1019,sel_005_010,HNSW_HYBRID,0,0.2
1019,sel_005_010,HNSW_HYBRID,1,0.4
1019,sel_005_010,HNSW_HYBRID,2,0.2
1019,sel_005_010,HNSW_HYBRID,3,0.2
1019,sel_005_010,HNSW_HYBRID,4,0.0
1019,sel_005_010,IVFFLAT_HYBRID,0,0.0
1019,sel_005_010,IVFFLAT_HYBRID,1,0.0
1019,sel_005_010,IVFFLAT_HYBRID,2,0.2
1019,sel_005_010,IVFFLAT_HYBRID,3,0.1
1019,sel_005_010,IVFFLAT_HYBRID,4,0.1
1019,sel_010_025,SQL_FIRST,0,1.0
1019,sel_010_025,SQL_FIRST,1,1.0
1019,sel_010_025,SQL_FIRST,2,1.0
1019,sel_010_025,SQL_FIRST,3,1.0
1019,sel_010_025,SQL_FIRST,4,1.0
1019,sel_010_025,VECTOR_FIRST_HNSW,0,0.1
1019,sel_010_025,VECTOR_FIRST_HNSW,1,0.2
1019,sel_010_025,VECTOR_FIRST_HNSW,2,0.5
1019,sel_010_025,VECTOR_FIRST_HNSW,3,0.3
1019,sel_010_025,VECTOR_FIRST_HNSW,4,0.0
1019,sel_010_025,HNSW_HYBRID,0,0.2
1019,sel_010_025,HNSW_HYBRID,1,0.0
1019,sel_010_025,HNSW_HYBRID,2,0.6
1019,sel_010_025,HNSW_HYBRID,3,0.3
1019,sel_010_025,HNSW_HYBRID,4,0.0
1019,sel_010_025,IVFFLAT_HYBRID,0,0.2
1019,sel_010_025,IVFFLAT_HYBRID,1,0.1
1019,sel_010_025,IVFFLAT_HYBRID,2,0.5
1019,sel_010_025,IVFFLAT_HYBRID,3,0.2
1019,sel_010_025,IVFFLAT_HYBRID,4,0.2
1019,sel_025_050,SQL_FIRST,0,1.0
1019,sel_025_050,SQL_FIRST,1,1.0
1019,sel_025_050,SQL_FIRST,2,1.0
1019,sel_025_050,SQL_FIRST,3,1.0
1019,sel_025_050,SQL_FIRST,4,1.0
1019,sel_025_050,VECTOR_FIRST_HNSW,0,0.0
1019,sel_025_050,VECTOR_FIRST_HNSW,1,0.1
1019,sel_025_050,VECTOR_FIRST_HNSW,2,0.5
1019,sel_025_050,VECTOR_FIRST_HNSW,3,0.0
1019,sel_025_050,VECTOR_FIRST_HNSW,4,0.0
1019,sel_025_050,HNSW_HYBRID,0,0.0
1019,sel_025_050,HNSW_HYBRID,1,0.1
1019,sel_025_050,HNSW_HYBRID,2,0.3
1019,sel_025_050,HNSW_HYBRID,3,0.2
1019,sel_025_050,HNSW_HYBRID,4,0.1
1019,sel_025_050,IVFFLAT_HYBRID,0,0.1
1019,sel_025_050,IVFFLAT_HYBRID,1,0.2
1019,sel_025_050,IVFFLAT_HYBRID,2,0.2
1019,sel_025_050,IVFFLAT_HYBRID,3,0.0
1019,sel_025_050,IVFFLAT_HYBRID,4,0.2
1019,sel_050_100,SQL_FIRST,0,1.0
1019,sel_050_100,SQL_FIRST,1,1.0
1019,sel_050_100,SQL_FIRST,2,1.0
1019,sel_050_100,SQL_FIRST,3,1.0
1019,sel_050_100,SQL_FIRST,4,1.0
1019,sel_050_100,VECTOR_FIRST_HNSW,0,0.0
1019,sel_050_100,VECTOR_FIRST_HNSW,1,0.4
1019,sel_050_100,VECTOR_FIRST_HNSW,2,0.1
1019,sel_050_100,VECTOR_FIRST_HNSW,3,0.0
1019,sel_050_100,VECTOR_FIRST_HNSW,4,0.0
1019,sel_050_100,HNSW_HYBRID,0,0.0
1019,sel_050_100,HNSW_HYBRID,1,0.2
1019,sel_050_100,HNSW_HYBRID,2,0.1
1019,sel_050_100,HNSW_HYBRID,3,0.1
1019,sel_050_100,HNSW_HYBRID,4,0.0
1019,sel_050_100,IVFFLAT_HYBRID,0,0.1
1019,sel_050_100,IVFFLAT_HYBRID,1,0.2
1019,sel_050_100,IVFFLAT_HYBRID,2,0.1
1019,sel_050_100,IVFFLAT_HYBRID,3,0.6
1019,sel_050_100,IVFFLAT_HYBRID,4,0.4
1020,sel_000_005,SQL_FIRST,0,1.0
1020,sel_000_005,SQL_FIRST,1,1.0
1020,sel_000_005,SQL_FIRST,2,1.0
1020,sel_000_005,SQL_FIRST,3,1.0
1020,sel_000_005,SQL_FIRST,4,1.0
1020,sel_000_005,VECTOR_FIRST_HNSW,0,0.2
1020,sel_000_005,VECTOR_FIRST_HNSW,1,0.0
1020,sel_000_005,VECTOR_FIRST_HNSW,2,0.5
1020,sel_000_005,VECTOR_FIRST_HNSW,3,0.1
1020,sel_000_005,VECTOR_FIRST_HNSW,4,0.0
1020,sel_000_005,HNSW_HYBRID,0,0.0
1020,sel_000_005,HNSW_HYBRID,1,0.4
1020,sel_000_005,HNSW_HYBRID,2,0.4
1020,sel_000_005,HNSW_HYBRID,3,0.2
1020,sel_000_005,HNSW_HYBRID,4,0.0
1020,sel_000_005,IVFFLAT_HYBRID,0,0.0
1020,sel_000_005,IVFFLAT_HYBRID,1,0.1
1020,sel_000_005,IVFFLAT_HYBRID,2,0.1
1020,sel_000_005,IVFFLAT_HYBRID,3,0.0
1020,sel_000_005,IVFFLAT_HYBRID,4,0.1
1020,sel_005_010,SQL_FIRST,0,1.0
1020,sel_005_010,SQL_FIRST,1,1.0
1020,sel_005_010,SQL_FIRST,2,1.0
1020,sel_005_010,SQL_FIRST,3,1.0
1020,sel_005_010,SQL_FIRST,4,1.0
1020,sel_005_010,VECTOR_FIRST_HNSW,0,0.2
1020,sel_005_010,VECTOR_FIRST_HNSW,1,0.1
1020,sel_005_010,VECTOR_FIRST_HNSW,2,0.5
1020,sel_005_010,VECTOR_FIRST_HNSW,3,0.1
1020,sel_005_010,VECTOR_FIRST_HNSW,4,0.0
1020,sel_005_010,HNSW_HYBRID,0,0.0
1020,sel_005_010,HNSW_HYBRID,1,0.1
1020,sel_005_010,HNSW_HYBRID,2,0.2
1020,sel_005_010,HNSW_HYBRID,3,0.1
1020,sel_005_010,HNSW_HYBRID,4,0.0
1020,sel_005_010,IVFFLAT_HYBRID,0,0.2
1020,sel_005_010,IVFFLAT_HYBRID,1,0.1
1020,sel_005_010,IVFFLAT_HYBRID,2,0.1
1020,sel_005_010,IVFFLAT_HYBRID,3,0.1
1020,sel_005_010,IVFFLAT_HYBRID,4,0.1
1020,sel_010_025,SQL_FIRST,0,1.0
1020,sel_010_025,SQL_FIRST,1,1.0
1020,sel_010_025,SQL_FIRST,2,1.0
1020,sel_010_025,SQL_FIRST,3,1.0
1020,sel_010_025,SQL_FIRST,4,1.0
1020,sel_010_025,VECTOR_FIRST_HNSW,0,0.0
1020,sel_010_025,VECTOR_FIRST_HNSW,1,0.5
1020,sel_010_025,VECTOR_FIRST_HNSW,2,0.3
1020,sel_010_025,VECTOR_FIRST_HNSW,3,0.2
1020,sel_010_025,VECTOR_FIRST_HNSW,4,0.0
1020,sel_010_025,HNSW_HYBRID,0,0.0
1020,sel_010_025,HNSW_HYBRID,1,0.3
1020,sel_010_025,HNSW_HYBRID,2,0.3
1020,sel_010_025,HNSW_HYBRID,3,0.3
1020,sel_010_025,HNSW_HYBRID,4,0.0
1020,sel_010_025,IVFFLAT_HYBRID,0,0.4
1020,sel_010_025,IVFFLAT_HYBRID,1,0.1
1020,sel_010_025,IVFFLAT_HYBRID,2,0.1
1020,sel_010_025,IVFFLAT_HYBRID,3,0.1
1020,sel_010_025,IVFFLAT_HYBRID,4,0.2
1020,sel_025_050,SQL_FIRST,0,1.0
1020,sel_025_050,SQL_FIRST,1,1.0
1020,sel_025_050,SQL_FIRST,2,1.0
1020,sel_025_050,SQL_FIRST,3,1.0
1020,sel_025_050,SQL_FIRST,4,1.0
1020,sel_025_050,VECTOR_FIRST_HNSW,0,0.0
1020,sel_025_050,VECTOR_FIRST_HNSW,1,0.3
1020,sel_025_050,VECTOR_FIRST_HNSW,2,0.1
1020,sel_025_050,VECTOR_FIRST_HNSW,3,0.3
1020,sel_025_050,VECTOR_FIRST_HNSW,4,0.0
1020,sel_025_050,HNSW_HYBRID,0,0.0
1020,sel_025_050,HNSW_HYBRID,1,0.1
1020,sel_025_050,HNSW_HYBRID,2,0.7
1020,sel_025_050,HNSW_HYBRID,3,0.2
1020,sel_025_050,HNSW_HYBRID,4,0.1
1020,sel_025_050,IVFFLAT_HYBRID,0,0.0
1020,sel_025_050,IVFFLAT_HYBRID,1,0.1
1020,sel_025_050,IVFFLAT_HYBRID,2,0.1
1020,sel_025_050,IVFFLAT_HYBRID,3,0.3
1020,sel_025_050,IVFFLAT_HYBRID,4,0.4
1020,sel_050_100,SQL_FIRST,0,1.0
1020,sel_050_100,SQL_FIRST,1,1.0
1020,sel_050_100,SQL_FIRST,2,1.0
1020,sel_050_100,SQL_FIRST,3,1.0
1020,sel_050_100,SQL_FIRST,4,1.0
1020,sel_050_100,VECTOR_FIRST_HNSW,0,0.0
1020,sel_050_100,VECTOR_FIRST_HNSW,1,0.1
1020,sel_050_100,VECTOR_FIRST_HNSW,2,0.8
1020,sel_050_100,VECTOR_FIRST_HNSW,3,0.3
1020,sel_050_100,VECTOR_FIRST_HNSW,4,0.0
1020,sel_050_100,HNSW_HYBRID,0,0.0
1020,sel_050_100,HNSW_HYBRID,1,0.3
1020,sel_050_100,HNSW_HYBRID,2,0.4
1020,sel_050_100,HNSW_HYBRID,3,0.1
1020,sel_050_100,HNSW_HYBRID,4,0.0
1020,sel_050_100,IVFFLAT_HYBRID,0,0.1
1020,sel_050_100,IVFFLAT_HYBRID,1,0.1
1020,sel_050_100,IVFFLAT_HYBRID,2,0.3
1020,sel_050_100,IVFFLAT_HYBRID,3,0.1
1020,sel_050_100,IVFFLAT_HYBRID,4,0.2
1021,sel_000_005,SQL_FIRST,0,1.0
1021,sel_000_005,SQL_FIRST,1,1.0
1021,sel_000_005,SQL_FIRST,2,1.0
1021,sel_000_005,SQL_FIRST,3,1.0
1021,sel_000_005,SQL_FIRST,4,1.0
1021,sel_000_005,VECTOR_FIRST_HNSW,0,0.0
1021,sel_000_005,VECTOR_FIRST_HNSW,1,0.2
1021,sel_000_005,VECTOR_FIRST_HNSW,2,0.2
1021,sel_000_005,VECTOR_FIRST_HNSW,3,0.1
1021,sel_000_005,VECTOR_FIRST_HNSW,4,0.0
1021,sel_000_005,HNSW_HYBRID,0,0.1
1021,sel_000_005,HNSW_HYBRID,1,0.2
1021,sel_000_005,HNSW_HYBRID,2,0.5
1021,sel_000_005,HNSW_HYBRID,3,0.0
1021,sel_000_005,HNSW_HYBRID,4,0.0
1021,sel_000_005,IVFFLAT_HYBRID,0,0.0
1021,sel_000_005,IVFFLAT_HYBRID,1,0.1
1021,sel_000_005,IVFFLAT_HYBRID,2,0.1
1021,sel_000_005,IVFFLAT_HYBRID,3,0.0
1021,sel_000_005,IVFFLAT_HYBRID,4,0.1
1021,sel_005_010,SQL_FIRST,0,1.0
1021,sel_005_010,SQL_FIRST,1,1.0
1021,sel_005_010,SQL_FIRST,2,1.0
1021,sel_005_010,SQL_FIRST,3,1.0
1021,sel_005_010,SQL_FIRST,4,1.0
1021,sel_005_010,VECTOR_FIRST_HNSW,0,0.1
1021,sel_005_010,VECTOR_FIRST_HNSW,1,0.2
1021,sel_005_010,VECTOR_FIRST_HNSW,2,0.2
1021,sel_005_010,VECTOR_FIRST_HNSW,3,0.1
1021,sel_005_010,VECTOR_FIRST_HNSW,4,0.0
1021,sel_005_010,HNSW_HYBRID,0,0.1
1021,sel_005_010,HNSW_HYBRID,1,0.5
1021,sel_005_010,HNSW_HYBRID,2,0.2
1021,sel_005_010,HNSW_HYBRID,3,0.1
1021,sel_005_010,HNSW_HYBRID,4,0.1
1021,sel_005_010,IVFFLAT_HYBRID,0,0.1
1021,sel_005_010,IVFFLAT_HYBRID,1,0.0
1021,sel_005_010,IVFFLAT_HYBRID,2,0.0
1021,sel_005_010,IVFFLAT_HYBRID,3,0.1
1021,sel_005_010,IVFFLAT_HYBRID,4,0.1
1021,sel_010_025,SQL_FIRST,0,1.0
1021,sel_010_025,SQL_FIRST,1,1.0
1021,sel_010_025,SQL_FIRST,2,1.0
1021,sel_010_025,SQL_FIRST,3,1.0
1021,sel_010_025,SQL_FIRST,4,1.0
1021,sel_010_025,VECTOR_FIRST_HNSW,0,0.0
1021,sel_010_025,VECTOR_FIRST_HNSW,1,0.3
1021,sel_010_025,VECTOR_FIRST_HNSW,2,0.4
1021,sel_010_025,VECTOR_FIRST_HNSW,3,0.0
1021,sel_010_025,VECTOR_FIRST_HNSW,4,0.0
1021,sel_010_025,HNSW_HYBRID,0,0.0
1021,sel_010_025,HNSW_HYBRID,1,0.2
1021,sel_010_025,HNSW_HYBRID,2,0.6
1021,sel_010_025,HNSW_HYBRID,3,0.3
1021,sel_010_025,HNSW_HYBRID,4,0.0
1021,sel_010_025,IVFFLAT_HYBRID,0,0.3
1021,sel_010_025,IVFFLAT_HYBRID,1,0.0
1021,sel_010_025,IVFFLAT_HYBRID,2,0.2
1021,sel_010_025,IVFFLAT_HYBRID,3,0.0
1021,sel_010_025,IVFFLAT_HYBRID,4,0.2
1021,sel_025_050,SQL_FIRST,0,1.0
1021,sel_025_050,SQL_FIRST,1,1.0
1021,sel_025_050,SQL_FIRST,2,1.0
1021,sel_025_050,SQL_FIRST,3,1.0
1021,sel_025_050,SQL_FIRST,4,1.0
1021,sel_025_050,VECTOR_FIRST_HNSW,0,0.0
1021,sel_025_050,VECTOR_FIRST_HNSW,1,0.4
1021,sel_025_050,VECTOR_FIRST_HNSW,2,0.0
1021,sel_025_050,VECTOR_FIRST_HNSW,3,0.1
1021,sel_025_050,VECTOR_FIRST_HNSW,4,0.1
1021,sel_025_050,HNSW_HYBRID,0,0.0
1021,sel_025_050,HNSW_HYBRID,1,0.2
1021,sel_025_050,HNSW_HYBRID,2,0.4
1021,sel_025_050,HNSW_HYBRID,3,0.0
1021,sel_025_050,HNSW_HYBRID,4,0.1
1021,sel_025_050,IVFFLAT_HYBRID,0,0.4
1021,sel_025_050,IVFFLAT_HYBRID,1,0.1
1021,sel_025_050,IVFFLAT_HYBRID,2,0.5
1021,sel_025_050,IVFFLAT_HYBRID,3,0.2
1021,sel_025_050,IVFFLAT_HYBRID,4,0.3
1021,sel_050_100,SQL_FIRST,0,1.0
1021,sel_050_100,SQL_FIRST,1,1.0
1021,sel_050_100,SQL_FIRST,2,1.0
1021,sel_050_100,SQL_FIRST,3,1.0
1021,sel_050_100,SQL_FIRST,4,1.0
1021,sel_050_100,VECTOR_FIRST_HNSW,0,0.0
1021,sel_050_100,VECTOR_FIRST_HNSW,1,0.4
1021,sel_050_100,VECTOR_FIRST_HNSW,2,0.1
1021,sel_050_100,VECTOR_FIRST_HNSW,3,0.0
1021,sel_050_100,VECTOR_FIRST_HNSW,4,0.0
1021,sel_050_100,HNSW_HYBRID,0,0.0
1021,sel_050_100,HNSW_HYBRID,1,0.1
1021,sel_050_100,HNSW_HYBRID,2,0.1
1021,sel_050_100,HNSW_HYBRID,3,0.2
1021,sel_050_100,HNSW_HYBRID,4,0.0
1021,sel_050_100,IVFFLAT_HYBRID,0,0.5
1021,sel_050_100,IVFFLAT_HYBRID,1,0.4
1021,sel_050_100,IVFFLAT_HYBRID,2,0.1
1021,sel_050_100,IVFFLAT_HYBRID,3,0.0
1021,sel_050_100,IVFFLAT_HYBRID,4,0.0
1022,sel_000_005,SQL_FIRST,0,1.0
1022,sel_000_005,SQL_FIRST,1,1.0
1022,sel_000_005,SQL_FIRST,2,1.0
1022,sel_000_005,SQL_FIRST,3,1.0
1022,sel_000_005,SQL_FIRST,4,1.0
1022,sel_000_005,VECTOR_FIRST_HNSW,0,0.0
1022,sel_000_005,VECTOR_FIRST_HNSW,1,0.2
1022,sel_000_005,VECTOR_FIRST_HNSW,2,0.1
1022,sel_000_005,VECTOR_FIRST_HNSW,3,0.1
1022,sel_000_005,VECTOR_FIRST_HNSW,4,0.0
1022,sel_000_005,HNSW_HYBRID,0,0.1
1022,sel_000_005,HNSW_HYBRID,1,0.1
1022,sel_000_005,HNSW_HYBRID,2,0.5
1022,sel_000_005,HNSW_HYBRID,3,0.0
1022,sel_000_005,HNSW_HYBRID,4,0.0
1022,sel_000_005,IVFFLAT_HYBRID,0,0.1
1022,sel_000_005,IVFFLAT_HYBRID,1,0.1
1022,sel_000_005,IVFFLAT_HYBRID,2,0.1
1022,sel_000_005,IVFFLAT_HYBRID,3,0.0
1022,sel_000_005,IVFFLAT_HYBRID,4,0.1
1022,sel_005_010,SQL_FIRST,0,1.0
1022,sel_005_010,SQL_FIRST,1,1.0
1022,sel_005_010,SQL_FIRST,2,1.0
1022,sel_005_010,SQL_FIRST,3,1.0
1022,sel_005_010,SQL_FIRST,4,1.0
1022,sel_005_010,VECTOR_FIRST_HNSW,0,0.1
1022,sel_005_010,VECTOR_FIRST_HNSW,1,0.5
1022,sel_005_010,VECTOR_FIRST_HNSW,2,0.5
1022,sel_005_010,VECTOR_FIRST_HNSW,3,0.1
1022,sel_005_010,VECTOR_FIRST_HNSW,4,0.0
1022,sel_005_010,HNSW_HYBRID,0,0.2
1022,sel_005_010,HNSW_HYBRID,1,0.1
1022,sel_005_010,HNSW_HYBRID,2,0.4
1022,sel_005_010,HNSW_HYBRID,3,0.1
1022,sel_005_010,HNSW_HYBRID,4,0.1
1022,sel_005_010,IVFFLAT_HYBRID,0,0.1
1022,sel_005_010,IVFFLAT_HYBRID,1,0.1
1022,sel_005_010,IVFFLAT_HYBRID,2,0.2
1022,sel_005_010,IVFFLAT_HYBRID,3,0.0
1022,sel_005_010,IVFFLAT_HYBRID,4,0.2
1022,sel_010_025,SQL_FIRST,0,1.0
1022,sel_010_025,SQL_FIRST,1,1.0
1022,sel_010_025,SQL_FIRST,2,1.0
1022,sel_010_025,SQL_FIRST,3,1.0
1022,sel_010_025,SQL_FIRST,4,1.0
1022,sel_010_025,VECTOR_FIRST_HNSW,0,0.0
1022,sel_010_025,VECTOR_FIRST_HNSW,1,0.2
1022,sel_010_025,VECTOR_FIRST_HNSW,2,0.6
1022,sel_010_025,VECTOR_FIRST_HNSW,3,0.2
1022,sel_010_025,VECTOR_FIRST_HNSW,4,0.0
1022,sel_010_025,HNSW_HYBRID,0,0.0
1022,sel_010_025,HNSW_HYBRID,1,0.0
1022,sel_010_025,HNSW_HYBRID,2,0.3
1022,sel_010_025,HNSW_HYBRID,3,0.1
1022,sel_010_025,HNSW_HYBRID,4,0.0
1022,sel_010_025,IVFFLAT_HYBRID,0,0.3
1022,sel_010_025,IVFFLAT_HYBRID,1,0.3
1022,sel_010_025,IVFFLAT_HYBRID,2,0.0
1022,sel_010_025,IVFFLAT_HYBRID,3,0.1
1022,sel_010_025,IVFFLAT_HYBRID,4,0.2
1022,sel_025_050,SQL_FIRST,0,1.0
1022,sel_025_050,SQL_FIRST,1,1.0
1022,sel_025_050,SQL_FIRST,2,1.0
1022,sel_025_050,SQL_FIRST,3,1.0
1022,sel_025_050,SQL_FIRST,4,1.0
1022,sel_025_050,VECTOR_FIRST_HNSW,0,0.0
1022,sel_025_050,VECTOR_FIRST_HNSW,1,0.1
1022,sel_025_050,VECTOR_FIRST_HNSW,2,0.7
1022,sel_025_050,VECTOR_FIRST_HNSW,3,0.1
1022,sel_025_050,VECTOR_FIRST_HNSW,4,0.0
1022,sel_025_050,HNSW_HYBRID,0,0.0
1022,sel_025_050,HNSW_HYBRID,1,0.2
1022,sel_025_050,HNSW_HYBRID,2,0.1
1022,sel_025_050,HNSW_HYBRID,3,0.0
1022,sel_025_050,HNSW_HYBRID,4,0.0
1022,sel_025_050,IVFFLAT_HYBRID,0,0.0
1022,sel_025_050,IVFFLAT_HYBRID,1,0.1
1022,sel_025_050,IVFFLAT_HYBRID,2,0.0
1022,sel_025_050,IVFFLAT_HYBRID,3,0.2
1022,sel_025_050,IVFFLAT_HYBRID,4,0.2
1022,sel_050_100,SQL_FIRST,0,1.0
1022,sel_050_100,SQL_FIRST,1,1.0
1022,sel_050_100,SQL_FIRST,2,1.0
1022,sel_050_100,SQL_FIRST,3,1.0
1022,sel_050_100,SQL_FIRST,4,1.0
1022,sel_050_100,VECTOR_FIRST_HNSW,0,0.3
1022,sel_050_100,VECTOR_FIRST_HNSW,1,0.2
1022,sel_050_100,VECTOR_FIRST_HNSW,2,0.3
1022,sel_050_100,VECTOR_FIRST_HNSW,3,0.3
1022,sel_050_100,VECTOR_FIRST_HNSW,4,0.1
1022,sel_050_100,HNSW_HYBRID,0,0.0
1022,sel_050_100,HNSW_HYBRID,1,0.4
1022,sel_050_100,HNSW_HYBRID,2,0.3
1022,sel_050_100,HNSW_HYBRID,3,0.3
1022,sel_050_100,HNSW_HYBRID,4,0.0
1022,sel_050_100,IVFFLAT_HYBRID,0,0.2
1022,sel_050_100,IVFFLAT_HYBRID,1,0.0
1022,sel_050_100,IVFFLAT_HYBRID,2,0.2
1022,sel_050_100,IVFFLAT_HYBRID,3,0.2
1022,sel_050_100,IVFFLAT_HYBRID,4,0.2
1023,sel_000_005,SQL_FIRST,0,1.0
1023,sel_000_005,SQL_FIRST,1,1.0
1023,sel_000_005,SQL_FIRST,2,1.0
1023,sel_000_005,SQL_FIRST,3,1.0
1023,sel_000_005,SQL_FIRST,4,1.0
1023,sel_000_005,VECTOR_FIRST_HNSW,0,0.0
1023,sel_000_005,VECTOR_FIRST_HNSW,1,0.1
1023,sel_000_005,VECTOR_FIRST_HNSW,2,0.5
1023,sel_000_005,VECTOR_FIRST_HNSW,3,0.1
1023,sel_000_005,VECTOR_FIRST_HNSW,4,0.0
1023,sel_000_005,HNSW_HYBRID,0,0.0
1023,sel_000_005,HNSW_HYBRID,1,0.2
1023,sel_000_005,HNSW_HYBRID,2,0.2
1023,sel_000_005,HNSW_HYBRID,3,0.1
1023,sel_000_005,HNSW_HYBRID,4,0.0
1023,sel_000_005,IVFFLAT_HYBRID,0,0.1
1023,sel_000_005,IVFFLAT_HYBRID,1,0.1
1023,sel_000_005,IVFFLAT_HYBRID,2,0.1
1023,sel_000_005,IVFFLAT_HYBRID,3,0.2
1023,sel_000_005,IVFFLAT_HYBRID,4,0.1
1023,sel_005_010,SQL_FIRST,0,1.0
1023,sel_005_010,SQL_FIRST,1,1.0
1023,sel_005_010,SQL_FIRST,2,1.0
1023,sel_005_010,SQL_FIRST,3,1.0
1023,sel_005_010,SQL_FIRST,4,1.0
1023,sel_005_010,VECTOR_FIRST_HNSW,0,0.0
1023,sel_005_010,VECTOR_FIRST_HNSW,1,0.2
1023,sel_005_010,VECTOR_FIRST_HNSW,2,0.3
1023,sel_005_010,VECTOR_FIRST_HNSW,3,0.2
1023,sel_005_010,VECTOR_FIRST_HNSW,4,0.0
1023,sel_005_010,HNSW_HYBRID,0,0.0
1023,sel_005_010,HNSW_HYBRID,1,0.1
1023,sel_005_010,HNSW_HYBRID,2,0.2
1023,sel_005_010,HNSW_HYBRID,3,0.1
1023,sel_005_010,HNSW_HYBRID,4,0.1
1023,sel_005_010,IVFFLAT_HYBRID,0,0.2
1023,sel_005_010,IVFFLAT_HYBRID,1,0.1
1023,sel_005_010,IVFFLAT_HYBRID,2,0.0
1023,sel_005_010,IVFFLAT_HYBRID,3,0.3
1023,sel_005_010,IVFFLAT_HYBRID,4,0.1
1023,sel_010_025,SQL_FIRST,0,1.0
1023,sel_010_025,SQL_FIRST,1,1.0
1023,sel_010_025,SQL_FIRST,2,1.0
1023,sel_010_025,SQL_FIRST,3,1.0
1023,sel_010_025,SQL_FIRST,4,1.0
1023,sel_010_025,VECTOR_FIRST_HNSW,0,0.1
1023,sel_010_025,VECTOR_FIRST_HNSW,1,0.2
1023,sel_010_025,VECTOR_FIRST_HNSW,2,0.7
1023,sel_010_025,VECTOR_FIRST_HNSW,3,0.3
1023,sel_010_025,VECTOR_FIRST_HNSW,4,0.0
1023,sel_010_025,HNSW_HYBRID,0,0.1
1023,sel_010_025,HNSW_HYBRID,1,0.2
1023,sel_010_025,HNSW_HYBRID,2,0.8
1023,sel_010_025,HNSW_HYBRID,3,0.2
1023,sel_010_025,HNSW_HYBRID,4,0.0
1023,sel_010_025,IVFFLAT_HYBRID,0,0.0
1023,sel_010_025,IVFFLAT_HYBRID,1,0.2
1023,sel_010_025,IVFFLAT_HYBRID,2,0.2
1023,sel_010_025,IVFFLAT_HYBRID,3,0.0
1023,sel_010_025,IVFFLAT_HYBRID,4,0.1
1023,sel_025_050,SQL_FIRST,0,1.0
1023,sel_025_050,SQL_FIRST,1,1.0
1023,sel_025_050,SQL_FIRST,2,1.0
1023,sel_025_050,SQL_FIRST,3,1.0
1023,sel_025_050,SQL_FIRST,4,1.0
1023,sel_025_050,VECTOR_FIRST_HNSW,0,0.0
1023,sel_025_050,VECTOR_FIRST_HNSW,1,0.1
1023,sel_025_050,VECTOR_FIRST_HNSW,2,0.0
1023,sel_025_050,VECTOR_FIRST_HNSW,3,0.0
1023,sel_025_050,VECTOR_FIRST_HNSW,4,0.0
1023,sel_025_050,HNSW_HYBRID,0,0.3
1023,sel_025_050,HNSW_HYBRID,1,0.2
1023,sel_025_050,HNSW_HYBRID,2,0.1
1023,sel_025_050,HNSW_HYBRID,3,0.0
1023,sel_025_050,HNSW_HYBRID,4,0.0
1023,sel_025_050,IVFFLAT_HYBRID,0,0.4
1023,sel_025_050,IVFFLAT_HYBRID,1,0.1
1023,sel_025_050,IVFFLAT_HYBRID,2,0.1
1023,sel_025_050,IVFFLAT_HYBRID,3,0.4
1023,sel_025_050,IVFFLAT_HYBRID,4,0.5
1023,sel_050_100,SQL_FIRST,0,1.0
1023,sel_050_100,SQL_FIRST,1,1.0
1023,sel_050_100,SQL_FIRST,2,1.0
1023,sel_050_100,SQL_FIRST,3,1.0
1023,sel_050_100,SQL_FIRST,4,1.0
1023,sel_050_100,VECTOR_FIRST_HNSW,0,0.0
1023,sel_050_100,VECTOR_FIRST_HNSW,1,0.2
1023,sel_050_100,VECTOR_FIRST_HNSW,2,0.2
1023,sel_050_100,VECTOR_FIRST_HNSW,3,0.3
1023,sel_050_100,VECTOR_FIRST_HNSW,4,0.0
1023,sel_050_100,HNSW_HYBRID,0,0.3
1023,sel_050_100,HNSW_HYBRID,1,0.1
1023,sel_050_100,HNSW_HYBRID,2,0.1
1023,sel_050_100,HNSW_HYBRID,3,0.0
1023,sel_050_100,HNSW_HYBRID,4,0.1
1023,sel_050_100,IVFFLAT_HYBRID,0,0.2
1023,sel_050_100,IVFFLAT_HYBRID,1,0.2
1023,sel_050_100,IVFFLAT_HYBRID,2,0.0
1023,sel_050_100,IVFFLAT_HYBRID,3,0.1
1023,sel_050_100,IVFFLAT_HYBRID,4,0.2
1024,sel_000_005,SQL_FIRST,0,1.0
1024,sel_000_005,SQL_FIRST,1,1.0
1024,sel_000_005,SQL_FIRST,2,1.0
1024,sel_000_005,SQL_FIRST,3,1.0
1024,sel_000_005,SQL_FIRST,4,1.0
1024,sel_000_005,VECTOR_FIRST_HNSW,0,0.0
1024,sel_000_005,VECTOR_FIRST_HNSW,1,0.0
1024,sel_000_005,VECTOR_FIRST_HNSW,2,0.3
1024,sel_000_005,VECTOR_FIRST_HNSW,3,0.3
1024,sel_000_005,VECTOR_FIRST_HNSW,4,0.0
1024,sel_000_005,HNSW_HYBRID,0,0.1
1024,sel_000_005,HNSW_HYBRID,1,0.2
1024,sel_000_005,HNSW_HYBRID,2,0.8
1024,sel_000_005,HNSW_HYBRID,3,0.0
1024,sel_000_005,HNSW_HYBRID,4,0.0
1024,sel_000_005,IVFFLAT_HYBRID,0,0.0
1024,sel_000_005,IVFFLAT_HYBRID,1,0.0
1024,sel_000_005,IVFFLAT_HYBRID,2,0.0
1024,sel_000_005,IVFFLAT_HYBRID,3,0.1
1024,sel_000_005,IVFFLAT_HYBRID,4,0.0
1024,sel_005_010,SQL_FIRST,0,1.0
1024,sel_005_010,SQL_FIRST,1,1.0
1024,sel_005_010,SQL_FIRST,2,1.0
1024,sel_005_010,SQL_FIRST,3,1.0
1024,sel_005_010,SQL_FIRST,4,1.0
1024,sel_005_010,VECTOR_FIRST_HNSW,0,0.0
1024,sel_005_010,VECTOR_FIRST_HNSW,1,0.4
1024,sel_005_010,VECTOR_FIRST_HNSW,2,0.5
1024,sel_005_010,VECTOR_FIRST_HNSW,3,0.2
1024,sel_005_010,VECTOR_FIRST_HNSW,4,0.0
1024,sel_005_010,HNSW_HYBRID,0,0.1
1024,sel_005_010,HNSW_HYBRID,1,0.3
1024,sel_005_010,HNSW_HYBRID,2,0.5
1024,sel_005_010,HNSW_HYBRID,3,0.2
1024,sel_005_010,HNSW_HYBRID,4,0.0
1024,sel_005_010,IVFFLAT_HYBRID,0,0.1
1024,sel_005_010,IVFFLAT_HYBRID,1,0.0
1024,sel_005_010,IVFFLAT_HYBRID,2,0.1
1024,sel_005_010,IVFFLAT_HYBRID,3,0.1
1024,sel_005_010,IVFFLAT_HYBRID,4,0.0
1024,sel_010_025,SQL_FIRST,0,1.0
1024,sel_010_025,SQL_FIRST,1,1.0
1024,sel_010_025,SQL_FIRST,2,1.0
1024,sel_010_025,SQL_FIRST,3,1.0
1024,sel_010_025,SQL_FIRST,4,1.0
1024,sel_010_025,VECTOR_FIRST_HNSW,0,0.0
1024,sel_010_025,VECTOR_FIRST_HNSW,1,0.2
1024,sel_010_025,VECTOR_FIRST_HNSW,2,0.7
1024,sel_010_025,VECTOR_FIRST_HNSW,3,0.2
1024,sel_010_025,VECTOR_FIRST_HNSW,4,0.0
1024,sel_010_025,HNSW_HYBRID,0,0.2
1024,sel_010_025,HNSW_HYBRID,1,0.1
1024,sel_010_025,HNSW_HYBRID,2,0.3
1024,sel_010_025,HNSW_HYBRID,3,0.1
1024,sel_010_025,HNSW_HYBRID,4,0.0
1024,sel_010_025,IVFFLAT_HYBRID,0,0.4
1024,sel_010_025,IVFFLAT_HYBRID,1,0.0
1024,sel_010_025,IVFFLAT_HYBRID,2,0.2
1024,sel_010_025,IVFFLAT_HYBRID,3,0.4
1024,sel_010_025,IVFFLAT_HYBRID,4,0.1
1024,sel_025_050,SQL_FIRST,0,1.0
1024,sel_025_050,SQL_FIRST,1,1.0
1024,sel_025_050,SQL_FIRST,2,1.0
1024,sel_025_050,SQL_FIRST,3,1.0
1024,sel_025_050,SQL_FIRST,4,1.0
1024,sel_025_050,VECTOR_FIRST_HNSW,0,0.0
1024,sel_025_050,VECTOR_FIRST_HNSW,1,0.1
1024,sel_025_050,VECTOR_FIRST_HNSW,2,0.7
1024,sel_025_050,VECTOR_FIRST_HNSW,3,0.1
1024,sel_025_050,VECTOR_FIRST_HNSW,4,0.0
1024,sel_025_050,HNSW_HYBRID,0,0.0
1024,sel_025_050,HNSW_HYBRID,1,0.1
1024,sel_025_050,HNSW_HYBRID,2,0.5
1024,sel_025_050,HNSW_HYBRID,3,0.4
1024,sel_025_050,HNSW_HYBRID,4,0.0
1024,sel_025_050,IVFFLAT_HYBRID,0,0.4
1024,sel_025_050,IVFFLAT_HYBRID,1,0.1
1024,sel_025_050,IVFFLAT_HYBRID,2,0.2
1024,sel_025_050,IVFFLAT_HYBRID,3,0.2
1024,sel_025_050,IVFFLAT_HYBRID,4,0.1
1024,sel_050_100,SQL_FIRST,0,1.0
1024,sel_050_100,SQL_FIRST,1,1.0
1024,sel_050_100,SQL_FIRST,2,1.0
1024,sel_050_100,SQL_FIRST,3,1.0
1024,sel_050_100,SQL_FIRST,4,1.0
1024,sel_050_100,VECTOR_FIRST_HNSW,0,0.1
1024,sel_050_100,VECTOR_FIRST_HNSW,1,0.4
1024,sel_050_100,VECTOR_FIRST_HNSW,2,0.4
1024,sel_050_100,VECTOR_FIRST_HNSW,3,0.1
1024,sel_050_100,VECTOR_FIRST_HNSW,4,0.0
1024,sel_050_100,HNSW_HYBRID,0,0.3
1024,sel_050_100,HNSW_HYBRID,1,0.4
1024,sel_050_100,HNSW_HYBRID,2,0.8
1024,sel_050_100,HNSW_HYBRID,3,0.1
1024,sel_050_100,HNSW_HYBRID,4,0.3
1024,sel_050_100,IVFFLAT_HYBRID,0,0.1
1024,sel_050_100,IVFFLAT_HYBRID,1,0.3
1024,sel_050_100,IVFFLAT_HYBRID,2,0.5
1024,sel_050_100,IVFFLAT_HYBRID,3,0.4
1024,sel_050_100,IVFFLAT_HYBRID,4,0.2
1025,sel_000_005,SQL_FIRST,0,1.0
1025,sel_000_005,SQL_FIRST,1,1.0
1025,sel_000_005,SQL_FIRST,2,1.0
1025,sel_000_005,SQL_FIRST,3,1.0
1025,sel_000_005,SQL_FIRST,4,1.0
1025,sel_000_005,VECTOR_FIRST_HNSW,0,0.0
1025,sel_000_005,VECTOR_FIRST_HNSW,1,0.3
1025,sel_000_005,VECTOR_FIRST_HNSW,2,0.2
1025,sel_000_005,VECTOR_FIRST_HNSW,3,0.1
1025,sel_000_005,VECTOR_FIRST_HNSW,4,0.0
1025,sel_000_005,HNSW_HYBRID,0,0.1
1025,sel_000_005,HNSW_HYBRID,1,0.4
1025,sel_000_005,HNSW_HYBRID,2,0.4
1025,sel_000_005,HNSW_HYBRID,3,0.1
1025,sel_000_005,HNSW_HYBRID,4,0.0
1025,sel_000_005,IVFFLAT_HYBRID,0,0.0
1025,sel_000_005,IVFFLAT_HYBRID,1,0.1
1025,sel_000_005,IVFFLAT_HYBRID,2,0.0
1025,sel_000_005,IVFFLAT_HYBRID,3,0.0
1025,sel_000_005,IVFFLAT_HYBRID,4,0.0
1025,sel_005_010,SQL_FIRST,0,1.0
1025,sel_005_010,SQL_FIRST,1,1.0
1025,sel_005_010,SQL_FIRST,2,1.0
1025,sel_005_010,SQL_FIRST,3,1.0
1025,sel_005_010,SQL_FIRST,4,1.0
1025,sel_005_010,VECTOR_FIRST_HNSW,0,0.1
1025,sel_005_010,VECTOR_FIRST_HNSW,1,0.2
1025,sel_005_010,VECTOR_FIRST_HNSW,2,0.2
1025,sel_005_010,VECTOR_FIRST_HNSW,3,0.3
1025,sel_005_010,VECTOR_FIRST_HNSW,4,0.0
1025,sel_005_010,HNSW_HYBRID,0,0.1
1025,sel_005_010,HNSW_HYBRID,1,0.4
1025,sel_005_010,HNSW_HYBRID,2,0.2
1025,sel_005_010,HNSW_HYBRID,3,0.2
1025,sel_005_010,HNSW_HYBRID,4,0.1
1025,sel_005_010,IVFFLAT_HYBRID,0,0.1
1025,sel_005_010,IVFFLAT_HYBRID,1,0.1
1025,sel_005_010,IVFFLAT_HYBRID,2,0.1
1025,sel_005_010,IVFFLAT_HYBRID,3,0.0
1025,sel_005_010,IVFFLAT_HYBRID,4,0.1
1025,sel_010_025,SQL_FIRST,0,1.0
1025,sel_010_025,SQL_FIRST,1,1.0
1025,sel_010_025,SQL_FIRST,2,1.0
1025,sel_010_025,SQL_FIRST,3,1.0
1025,sel_010_025,SQL_FIRST,4,1.0
1025,sel_010_025,VECTOR_FIRST_HNSW,0,0.0
1025,sel_010_025,VECTOR_FIRST_HNSW,1,0.3
1025,sel_010_025,VECTOR_FIRST_HNSW,2,0.5
1025,sel_010_025,VECTOR_FIRST_HNSW,3,0.1
1025,sel_010_025,VECTOR_FIRST_HNSW,4,0.1
1025,sel_010_025,HNSW_HYBRID,0,0.0
1025,sel_010_025,HNSW_HYBRID,1,0.3
1025,sel_010_025,HNSW_HYBRID,2,0.3
1025,sel_010_025,HNSW_HYBRID,3,0.5
1025,sel_010_025,HNSW_HYBRID,4,0.0
1025,sel_010_025,IVFFLAT_HYBRID,0,0.2
1025,sel_010_025,IVFFLAT_HYBRID,1,0.2
1025,sel_010_025,IVFFLAT_HYBRID,2,0.2
1025,sel_010_025,IVFFLAT_HYBRID,3,0.2
1025,sel_010_025,IVFFLAT_HYBRID,4,0.3
1025,sel_025_050,SQL_FIRST,0,1.0
1025,sel_025_050,SQL_FIRST,1,1.0
1025,sel_025_050,SQL_FIRST,2,1.0
1025,sel_025_050,SQL_FIRST,3,1.0
1025,sel_025_050,SQL_FIRST,4,1.0
1025,sel_025_050,VECTOR_FIRST_HNSW,0,0.0
1025,sel_025_050,VECTOR_FIRST_HNSW,1,0.2
1025,sel_025_050,VECTOR_FIRST_HNSW,2,0.6
1025,sel_025_050,VECTOR_FIRST_HNSW,3,0.1
1025,sel_025_050,VECTOR_FIRST_HNSW,4,0.0
1025,sel_025_050,HNSW_HYBRID,0,0.0
1025,sel_025_050,HNSW_HYBRID,1,0.1
1025,sel_025_050,HNSW_HYBRID,2,0.4
1025,sel_025_050,HNSW_HYBRID,3,0.0
1025,sel_025_050,HNSW_HYBRID,4,0.0
1025,sel_025_050,IVFFLAT_HYBRID,0,0.1
1025,sel_025_050,IVFFLAT_HYBRID,1,0.2
1025,sel_025_050,IVFFLAT_HYBRID,2,0.1
1025,sel_025_050,IVFFLAT_HYBRID,3,0.2
1025,sel_025_050,IVFFLAT_HYBRID,4,0.1
1025,sel_050_100,SQL_FIRST,0,1.0
1025,sel_050_100,SQL_FIRST,1,1.0
1025,sel_050_100,SQL_FIRST,2,1.0
1025,sel_050_100,SQL_FIRST,3,1.0
1025,sel_050_100,SQL_FIRST,4,1.0
1025,sel_050_100,VECTOR_FIRST_HNSW,0,0.0
1025,sel_050_100,VECTOR_FIRST_HNSW,1,0.1
1025,sel_050_100,VECTOR_FIRST_HNSW,2,0.1
1025,sel_050_100,VECTOR_FIRST_HNSW,3,0.4
1025,sel_050_100,VECTOR_FIRST_HNSW,4,0.0
1025,sel_050_100,HNSW_HYBRID,0,0.0
1025,sel_050_100,HNSW_HYBRID,1,0.3
1025,sel_050_100,HNSW_HYBRID,2,0.6
1025,sel_050_100,HNSW_HYBRID,3,0.0
1025,sel_050_100,HNSW_HYBRID,4,0.0
1025,sel_050_100,IVFFLAT_HYBRID,0,0.1
1025,sel_050_100,IVFFLAT_HYBRID,1,0.3
1025,sel_050_100,IVFFLAT_HYBRID,2,0.5
1025,sel_050_100,IVFFLAT_HYBRID,3,0.1
1025,sel_050_100,IVFFLAT_HYBRID,4,0.1
1026,sel_000_005,SQL_FIRST,0,1.0
1026,sel_000_005,SQL_FIRST,1,1.0
1026,sel_000_005,SQL_FIRST,2,1.0
1026,sel_000_005,SQL_FIRST,3,1.0
1026,sel_000_005,SQL_FIRST,4,1.0
1026,sel_000_005,VECTOR_FIRST_HNSW,0,0.0
1026,sel_000_005,VECTOR_FIRST_HNSW,1,0.0
1026,sel_000_005,VECTOR_FIRST_HNSW,2,0.0
1026,sel_000_005,VECTOR_FIRST_HNSW,3,0.3
1026,sel_000_005,VECTOR_FIRST_HNSW,4,0.0
1026,sel_000_005,HNSW_HYBRID,0,0.0
1026,sel_000_005,HNSW_HYBRID,1,0.4
1026,sel_000_005,HNSW_HYBRID,2,0.4
1026,sel_000_005,HNSW_HYBRID,3,0.2
1026,sel_000_005,HNSW_HYBRID,4,0.1
1026,sel_000_005,IVFFLAT_HYBRID,0,0.0
1026,sel_000_005,IVFFLAT_HYBRID,1,0.0
1026,sel_000_005,IVFFLAT_HYBRID,2,0.0
1026,sel_000_005,IVFFLAT_HYBRID,3,0.0
1026,sel_000_005,IVFFLAT_HYBRID,4,0.1
1026,sel_005_010,SQL_FIRST,0,1.0
1026,sel_005_010,SQL_FIRST,1,1.0
1026,sel_005_010,SQL_FIRST,2,1.0
1026,sel_005_010,SQL_FIRST,3,1.0
1026,sel_005_010,SQL_FIRST,4,1.0
1026,sel_005_010,VECTOR_FIRST_HNSW,0,0.0
1026,sel_005_010,VECTOR_FIRST_HNSW,1,0.2
1026,sel_005_010,VECTOR_FIRST_HNSW,2,0.1
1026,sel_005_010,VECTOR_FIRST_HNSW,3,0.1
1026,sel_005_010,VECTOR_FIRST_HNSW,4,0.0
1026,sel_005_010,HNSW_HYBRID,0,0.1
1026,sel_005_010,HNSW_HYBRID,1,0.5
1026,sel_005_010,HNSW_HYBRID,2,0.4
1026,sel_005_010,HNSW_HYBRID,3,0.3
1026,sel_005_010,HNSW_HYBRID,4,0.0
1026,sel_005_010,IVFFLAT_HYBRID,0,0.1
1026,sel_005_010,IVFFLAT_HYBRID,1,0.0
1026,sel_005_010,IVFFLAT_HYBRID,2,0.0
1026,sel_005_010,IVFFLAT_HYBRID,3,0.3
1026,sel_005_010,IVFFLAT_HYBRID,4,0.1
1026,sel_010_025,SQL_FIRST,0,1.0
1026,sel_010_025,SQL_FIRST,1,1.0
1026,sel_010_025,SQL_FIRST,2,1.0
1026,sel_010_025,SQL_FIRST,3,1.0
1026,sel_010_025,SQL_FIRST,4,1.0
1026,sel_010_025,VECTOR_FIRST_HNSW,0,0.1
1026,sel_010_025,VECTOR_FIRST_HNSW,1,0.3
1026,sel_010_025,VECTOR_FIRST_HNSW,2,0.2
1026,sel_010_025,VECTOR_FIRST_HNSW,3,0.1
1026,sel_010_025,VECTOR_FIRST_HNSW,4,0.0
1026,sel_010_025,HNSW_HYBRID,0,0.0
1026,sel_010_025,HNSW_HYBRID,1,0.0
1026,sel_010_025,HNSW_HYBRID,2,0.6
1026,sel_010_025,HNSW_HYBRID,3,0.1
1026,sel_010_025,HNSW_HYBRID,4,0.0
1026,sel_010_025,IVFFLAT_HYBRID,0,0.3
1026,sel_010_025,IVFFLAT_HYBRID,1,0.0
1026,sel_010_025,IVFFLAT_HYBRID,2,0.0
1026,sel_010_025,IVFFLAT_HYBRID,3,0.2
1026,sel_010_025,IVFFLAT_HYBRID,4,0.3
1026,sel_025_050,SQL_FIRST,0,1.0
1026,sel_025_050,SQL_FIRST,1,1.0
1026,sel_025_050,SQL_FIRST,2,1.0
1026,sel_025_050,SQL_FIRST,3,1.0
1026,sel_025_050,SQL_FIRST,4,1.0
1026,sel_025_050,VECTOR_FIRST_HNSW,0,0.0
1026,sel_025_050,VECTOR_FIRST_HNSW,1,0.3
1026,sel_025_050,VECTOR_FIRST_HNSW,2,0.7
1026,sel_025_050,VECTOR_FIRST_HNSW,3,0.1
1026,sel_025_050,VECTOR_FIRST_HNSW,4,0.0
1026,sel_025_050,HNSW_HYBRID,0,0.0
1026,sel_025_050,HNSW_HYBRID,1,0.2
1026,sel_025_050,HNSW_HYBRID,2,0.6
1026,sel_025_050,HNSW_HYBRID,3,0.1
1026,sel_025_050,HNSW_HYBRID,4,0.0
1026,sel_025_050,IVFFLAT_HYBRID,0,0.2
1026,sel_025_050,IVFFLAT_HYBRID,1,0.0
1026,sel_025_050,IVFFLAT_HYBRID,2,0.2
1026,sel_025_050,IVFFLAT_HYBRID,3,0.1
1026,sel_025_050,IVFFLAT_HYBRID,4,0.2
1026,sel_050_100,SQL_FIRST,0,1.0
1026,sel_050_100,SQL_FIRST,1,1.0
1026,sel_050_100,SQL_FIRST,2,1.0
1026,sel_050_100,SQL_FIRST,3,1.0
1026,sel_050_100,SQL_FIRST,4,1.0
1026,sel_050_100,VECTOR_FIRST_HNSW,0,0.0
1026,sel_050_100,VECTOR_FIRST_HNSW,1,0.1
1026,sel_050_100,VECTOR_FIRST_HNSW,2,0.4
1026,sel_050_100,VECTOR_FIRST_HNSW,3,0.2
1026,sel_050_100,VECTOR_FIRST_HNSW,4,0.1
1026,sel_050_100,HNSW_HYBRID,0,0.1
1026,sel_050_100,HNSW_HYBRID,1,0.2
1026,sel_050_100,HNSW_HYBRID,2,0.8
1026,sel_050_100,HNSW_HYBRID,3,0.0
1026,sel_050_100,HNSW_HYBRID,4,0.3
1026,sel_050_100,IVFFLAT_HYBRID,0,0.5
1026,sel_050_100,IVFFLAT_HYBRID,1,0.1
1026,sel_050_100,IVFFLAT_HYBRID,2,0.2
1026,sel_050_100,IVFFLAT_HYBRID,3,0.2
1026,sel_050_100,IVFFLAT_HYBRID,4,0.1
1027,sel_000_005,SQL_FIRST,0,1.0
1027,sel_000_005,SQL_FIRST,1,1.0
1027,sel_000_005,SQL_FIRST,2,1.0
1027,sel_000_005,SQL_FIRST,3,1.0
1027,sel_000_005,SQL_FIRST,4,1.0
1027,sel_000_005,VECTOR_FIRST_HNSW,0,0.0
1027,sel_000_005,VECTOR_FIRST_HNSW,1,0.1
1027,sel_000_005,VECTOR_FIRST_HNSW,2,0.0
1027,sel_000_005,VECTOR_FIRST_HNSW,3,0.0
1027,sel_000_005,VECTOR_FIRST_HNSW,4,0.1
1027,sel_000_005,HNSW_HYBRID,0,0.1
1027,sel_000_005,HNSW_HYBRID,1,0.2
1027,sel_000_005,HNSW_HYBRID,2,0.4
1027,sel_000_005,HNSW_HYBRID,3,0.3
1027,sel_000_005,HNSW_HYBRID,4,0.0
1027,sel_000_005,IVFFLAT_HYBRID,0,0.0
1027,sel_000_005,IVFFLAT_HYBRID,1,0.1
1027,sel_000_005,IVFFLAT_HYBRID,2,0.1
1027,sel_000_005,IVFFLAT_HYBRID,3,0.1
1027,sel_000_005,IVFFLAT_HYBRID,4,0.0
1027,sel_005_010,SQL_FIRST,0,1.0
1027,sel_005_010,SQL_FIRST,1,1.0
1027,sel_005_010,SQL_FIRST,2,1.0
1027,sel_005_010,SQL_FIRST,3,1.0
1027,sel_005_010,SQL_FIRST,4,1.0
1027,sel_005_010,VECTOR_FIRST_HNSW,0,0.0
1027,sel_005_010,VECTOR_FIRST_HNSW,1,0.4
1027,sel_005_010,VECTOR_FIRST_HNSW,2,0.5
1027,sel_005_010,VECTOR_FIRST_HNSW,3,0.1
1027,sel_005_010,VECTOR_FIRST_HNSW,4,0.0
1027,sel_005_010,HNSW_HYBRID,0,0.0
1027,sel_005_010,HNSW_HYBRID,1,0.1
1027,sel_005_010,HNSW_HYBRID,2,0.5
1027,sel_005_010,HNSW_HYBRID,3,0.1
1027,sel_005_010,HNSW_HYBRID,4,0.0
1027,sel_005_010,IVFFLAT_HYBRID,0,0.1
1027,sel_005_010,IVFFLAT_HYBRID,1,0.1
1027,sel_005_010,IVFFLAT_HYBRID,2,0.2
1027,sel_005_010,IVFFLAT_HYBRID,3,0.0
1027,sel_005_010,IVFFLAT_HYBRID,4,0.0
1027,sel_010_025,SQL_FIRST,0,1.0
1027,sel_010_025,SQL_FIRST,1,1.0
1027,sel_010_025,SQL_FIRST,2,1.0
1027,sel_010_025,SQL_FIRST,3,1.0
1027,sel_010_025,SQL_FIRST,4,1.0
1027,sel_010_025,VECTOR_FIRST_HNSW,0,0.1
1027,sel_010_025,VECTOR_FIRST_HNSW,1,0.4
1027,sel_010_025,VECTOR_FIRST_HNSW,2,0.5
1027,sel_010_025,VECTOR_FIRST_HNSW,3,0.0
1027,sel_010_025,VECTOR_FIRST_HNSW,4,0.1
1027,sel_010_025,HNSW_HYBRID,0,0.0
1027,sel_010_025,HNSW_HYBRID,1,0.5
1027,sel_010_025,HNSW_HYBRID,2,0.6
1027,sel_010_025,HNSW_HYBRID,3,0.2
1027,sel_010_025,HNSW_HYBRID,4,0.0
1027,sel_010_025,IVFFLAT_HYBRID,0,0.4
1027,sel_010_025,IVFFLAT_HYBRID,1,0.2
1027,sel_010_025,IVFFLAT_HYBRID,2,0.2
1027,sel_010_025,IVFFLAT_HYBRID,3,0.2
1027,sel_010_025,IVFFLAT_HYBRID,4,0.2
1027,sel_025_050,SQL_FIRST,0,1.0
1027,sel_025_050,SQL_FIRST,1,1.0
1027,sel_025_050,SQL_FIRST,2,1.0
1027,sel_025_050,SQL_FIRST,3,1.0
1027,sel_025_050,SQL_FIRST,4,1.0
1027,sel_025_050,VECTOR_FIRST_HNSW,0,0.0
1027,sel_025_050,VECTOR_FIRST_HNSW,1,0.1
1027,sel_025_050,VECTOR_FIRST_HNSW,2,0.1
1027,sel_025_050,VECTOR_FIRST_HNSW,3,0.0
1027,sel_025_050,VECTOR_FIRST_HNSW,4,0.0
1027,sel_025_050,HNSW_HYBRID,0,0.0
1027,sel_025_050,HNSW_HYBRID,1,0.1
1027,sel_025_050,HNSW_HYBRID,2,0.7
1027,sel_025_050,HNSW_HYBRID,3,0.4
1027,sel_025_050,HNSW_HYBRID,4,0.0
1027,sel_025_050,IVFFLAT_HYBRID,0,0.1
1027,sel_025_050,IVFFLAT_HYBRID,1,0.1
1027,sel_025_050,IVFFLAT_HYBRID,2,0.5
1027,sel_025_050,IVFFLAT_HYBRID,3,0.0
1027,sel_025_050,IVFFLAT_HYBRID,4,0.1
1027,sel_050_100,SQL_FIRST,0,1.0
1027,sel_050_100,SQL_FIRST,1,1.0
1027,sel_050_100,SQL_FIRST,2,1.0
1027,sel_050_100,SQL_FIRST,3,1.0
1027,sel_050_100,SQL_FIRST,4,1.0
1027,sel_050_100,VECTOR_FIRST_HNSW,0,0.0
1027,sel_050_100,VECTOR_FIRST_HNSW,1,0.1
1027,sel_050_100,VECTOR_FIRST_HNSW,2,0.7
1027,sel_050_100,VECTOR_FIRST_HNSW,3,0.3
1027,sel_050_100,VECTOR_FIRST_HNSW,4,0.0
1027,sel_050_100,HNSW_HYBRID,0,0.0
1027,sel_050_100,HNSW_HYBRID,1,0.1
1027,sel_050_100,HNSW_HYBRID,2,0.1
1027,sel_050_100,HNSW_HYBRID,3,0.2
1027,sel_050_100,HNSW_HYBRID,4,0.0
1027,sel_050_100,IVFFLAT_HYBRID,0,0.0
1027,sel_050_100,IVFFLAT_HYBRID,1,0.1
1027,sel_050_100,IVFFLAT_HYBRID,2,0.3
1027,sel_050_100,IVFFLAT_HYBRID,3,0.1
1027,sel_050_100,IVFFLAT_HYBRID,4,0.2
1028,sel_000_005,SQL_FIRST,0,1.0
1028,sel_000_005,SQL_FIRST,1,1.0
1028,sel_000_005,SQL_FIRST,2,1.0
1028,sel_000_005,SQL_FIRST,3,1.0
1028,sel_000_005,SQL_FIRST,4,1.0
1028,sel_000_005,VECTOR_FIRST_HNSW,0,0.1
1028,sel_000_005,VECTOR_FIRST_HNSW,1,0.1
1028,sel_000_005,VECTOR_FIRST_HNSW,2,0.2
1028,sel_000_005,VECTOR_FIRST_HNSW,3,0.2
1028,sel_000_005,VECTOR_FIRST_HNSW,4,0.0
1028,sel_000_005,HNSW_HYBRID,0,0.0
1028,sel_000_005,HNSW_HYBRID,1,0.4
1028,sel_000_005,HNSW_HYBRID,2,0.5
1028,sel_000_005,HNSW_HYBRID,3,0.3
1028,sel_000_005,HNSW_HYBRID,4,0.0
1028,sel_000_005,IVFFLAT_HYBRID,0,0.0
1028,sel_000_005,IVFFLAT_HYBRID,1,0.0
1028,sel_000_005,IVFFLAT_HYBRID,2,0.0
1028,sel_000_005,IVFFLAT_HYBRID,3,0.0
1028,sel_000_005,IVFFLAT_HYBRID,4,0.0
1028,sel_005_010,SQL_FIRST,0,1.0
1028,sel_005_010,SQL_FIRST,1,1.0
1028,sel_005_010,SQL_FIRST,2,1.0
1028,sel_005_010,SQL_FIRST,3,1.0
1028,sel_005_010,SQL_FIRST,4,1.0
1028,sel_005_010,VECTOR_FIRST_HNSW,0,0.0
1028,sel_005_010,VECTOR_FIRST_HNSW,1,0.2
1028,sel_005_010,VECTOR_FIRST_HNSW,2,0.5
1028,sel_005_010,VECTOR_FIRST_HNSW,3,0.2
1028,sel_005_010,VECTOR_FIRST_HNSW,4,0.0
1028,sel_005_010,HNSW_HYBRID,0,0.0
1028,sel_005_010,HNSW_HYBRID,1,0.5
1028,sel_005_010,HNSW_HYBRID,2,0.4
1028,sel_005_010,HNSW_HYBRID,3,0.3
1028,sel_005_010,HNSW_HYBRID,4,0.1
1028,sel_005_010,IVFFLAT_HYBRID,0,0.2
1028,sel_005_010,IVFFLAT_HYBRID,1,0.0
1028,sel_005_010,IVFFLAT_HYBRID,2,0.0
1028,sel_005_010,IVFFLAT_HYBRID,3,0.0
1028,sel_005_010,IVFFLAT_HYBRID,4,0.1
1028,sel_010_025,SQL_FIRST,0,1.0
1028,sel_010_025,SQL_FIRST,1,1.0
1028,sel_010_025,SQL_FIRST,2,1.0
1028,sel_010_025,SQL_FIRST,3,1.0
1028,sel_010_025,SQL_FIRST,4,1.0
1028,sel_010_025,VECTOR_FIRST_HNSW,0,0.0
1028,sel_010_025,VECTOR_FIRST_HNSW,1,0.3
1028,sel_010_025,VECTOR_FIRST_HNSW,2,0.7
1028,sel_010_025,VECTOR_FIRST_HNSW,3,0.2
1028,sel_010_025,VECTOR_FIRST_HNSW,4,0.0
1028,sel_010_025,HNSW_HYBRID,0,0.0
1028,sel_010_025,HNSW_HYBRID,1,0.0
1028,sel_010_025,HNSW_HYBRID,2,0.6
1028,sel_010_025,HNSW_HYBRID,3,0.2
1028,sel_010_025,HNSW_HYBRID,4,0.0
1028,sel_010_025,IVFFLAT_HYBRID,0,0.4
1028,sel_010_025,IVFFLAT_HYBRID,1,0.0
1028,sel_010_025,IVFFLAT_HYBRID,2,0.5
1028,sel_010_025,IVFFLAT_HYBRID,3,0.0
1028,sel_010_025,IVFFLAT_HYBRID,4,0.3
1028,sel_025_050,SQL_FIRST,0,1.0
1028,sel_025_050,SQL_FIRST,1,1.0
1028,sel_025_050,SQL_FIRST,2,1.0
1028,sel_025_050,SQL_FIRST,3,1.0
1028,sel_025_050,SQL_FIRST,4,1.0
1028,sel_025_050,VECTOR_FIRST_HNSW,0,0.0
1028,sel_025_050,VECTOR_FIRST_HNSW,1,0.4
1028,sel_025_050,VECTOR_FIRST_HNSW,2,0.4
1028,sel_025_050,VECTOR_FIRST_HNSW,3,0.3
1028,sel_025_050,VECTOR_FIRST_HNSW,4,0.0
1028,sel_025_050,HNSW_HYBRID,0,0.0
1028,sel_025_050,HNSW_HYBRID,1,0.1
1028,sel_025_050,HNSW_HYBRID,2,0.4
1028,sel_025_050,HNSW_HYBRID,3,0.4
1028,sel_025_050,HNSW_HYBRID,4,0.1
1028,sel_025_050,IVFFLAT_HYBRID,0,0.2
1028,sel_025_050,IVFFLAT_HYBRID,1,0.3
1028,sel_025_050,IVFFLAT_HYBRID,2,0.2
1028,sel_025_050,IVFFLAT_HYBRID,3,0.2
1028,sel_025_050,IVFFLAT_HYBRID,4,0.0
1028,sel_050_100,SQL_FIRST,0,1.0
1028,sel_050_100,SQL_FIRST,1,1.0
1028,sel_050_100,SQL_FIRST,2,1.0
1028,sel_050_100,SQL_FIRST,3,1.0
1028,sel_050_100,SQL_FIRST,4,1.0
1028,sel_050_100,VECTOR_FIRST_HNSW,0,0.0
1028,sel_050_100,VECTOR_FIRST_HNSW,1,0.1
1028,sel_050_100,VECTOR_FIRST_HNSW,2,0.1
1028,sel_050_100,VECTOR_FIRST_HNSW,3,0.2
1028,sel_050_100,VECTOR_FIRST_HNSW,4,0.0
1028,sel_050_100,HNSW_HYBRID,0,0.0
1028,sel_050_100,HNSW_HYBRID,1,0.4
1028,sel_050_100,HNSW_HYBRID,2,0.1
1028,sel_050_100,HNSW_HYBRID,3,0.1
1028,sel_050_100,HNSW_HYBRID,4,0.0
1028,sel_050_100,IVFFLAT_HYBRID,0,0.3
1028,sel_050_100,IVFFLAT_HYBRID,1,0.2
1028,sel_050_100,IVFFLAT_HYBRID,2,0.1
1028,sel_050_100,IVFFLAT_HYBRID,3,0.6
1028,sel_050_100,IVFFLAT_HYBRID,4,0.0
1029,sel_000_005,SQL_FIRST,0,1.0
1029,sel_000_005,SQL_FIRST,1,1.0
1029,sel_000_005,SQL_FIRST,2,1.0
1029,sel_000_005,SQL_FIRST,3,1.0
1029,sel_000_005,SQL_FIRST,4,1.0
1029,sel_000_005,VECTOR_FIRST_HNSW,0,0.2
1029,sel_000_005,VECTOR_FIRST_HNSW,1,0.0
1029,sel_000_005,VECTOR_FIRST_HNSW,2,0.2
1029,sel_000_005,VECTOR_FIRST_HNSW,3,0.0
1029,sel_000_005,VECTOR_FIRST_HNSW,4,0.0
1029,sel_000_005,HNSW_HYBRID,0,0.0
1029,sel_000_005,HNSW_HYBRID,1,0.4
1029,sel_000_005,HNSW_HYBRID,2,0.2
1029,sel_000_005,HNSW_HYBRID,3,0.2
1029,sel_000_005,HNSW_HYBRID,4,0.0
1029,sel_000_005,IVFFLAT_HYBRID,0,0.1
1029,sel_000_005,IVFFLAT_HYBRID,1,0.1
1029,sel_000_005,IVFFLAT_HYBRID,2,0.0
1029,sel_000_005,IVFFLAT_HYBRID,3,0.0
1029,sel_000_005,IVFFLAT_HYBRID,4,0.0
1029,sel_005_010,SQL_FIRST,0,1.0
1029,sel_005_010,SQL_FIRST,1,1.0
1029,sel_005_010,SQL_FIRST,2,1.0
1029,sel_005_010,SQL_FIRST,3,1.0
1029,sel_005_010,SQL_FIRST,4,1.0
1029,sel_005_010,VECTOR_FIRST_HNSW,0,0.1
1029,sel_005_010,VECTOR_FIRST_HNSW,1,0.1
1029,sel_005_010,VECTOR_FIRST_HNSW,2,0.1
1029,sel_005_010,VECTOR_FIRST_HNSW,3,0.1
1029,sel_005_010,VECTOR_FIRST_HNSW,4,0.1
1029,sel_005_010,HNSW_HYBRID,0,0.0
1029,sel_005_010,HNSW_HYBRID,1,0.4
1029,sel_005_010,HNSW_HYBRID,2,0.5
1029,sel_005_010,HNSW_HYBRID,3,0.3
1029,sel_005_010,HNSW_HYBRID,4,0.0
1029,sel_005_010,IVFFLAT_HYBRID,0,0.2
1029,sel_005_010,IVFFLAT_HYBRID,1,0.2
1029,sel_005_010,IVFFLAT_HYBRID,2,0.0
1029,sel_005_010,IVFFLAT_HYBRID,3,0.3
1029,sel_005_010,IVFFLAT_HYBRID,4,0.0
1029,sel_010_025,SQL_FIRST,0,1.0
1029,sel_010_025,SQL_FIRST,1,1.0
1029,sel_010_025,SQL_FIRST,2,1.0
1029,sel_010_025,SQL_FIRST,3,1.0
1029,sel_010_025,SQL_FIRST,4,1.0
1029,sel_010_025,VECTOR_FIRST_HNSW,0,0.1
1029,sel_010_025,VECTOR_FIRST_HNSW,1,0.2
1029,sel_010_025,VECTOR_FIRST_HNSW,2,0.6
1029,sel_010_025,VECTOR_FIRST_HNSW,3,0.0
1029,sel_010_025,VECTOR_FIRST_HNSW,4,0.0
1029,sel_010_025,HNSW_HYBRID,0,0.0
1029,sel_010_025,HNSW_HYBRID,1,0.3
1029,sel_010_025,HNSW_HYBRID,2,0.8
1029,sel_010_025,HNSW_HYBRID,3,0.3
1029,sel_010_025,HNSW_HYBRID,4,0.0
1029,sel_010_025,IVFFLAT_HYBRID,0,0.4
1029,sel_010_025,IVFFLAT_HYBRID,1,0.1
1029,sel_010_025,IVFFLAT_HYBRID,2,0.1
1029,sel_010_025,IVFFLAT_HYBRID,3,0.0
1029,sel_010_025,IVFFLAT_HYBRID,4,0.3
1029,sel_025_050,SQL_FIRST,0,1.0
1029,sel_025_050,SQL_FIRST,1,1.0
1029,sel_025_050,SQL_FIRST,2,1.0
1029,sel_025_050,SQL_FIRST,3,1.0
1029,sel_025_050,SQL_FIRST,4,1.0
1029,sel_025_050,VECTOR_FIRST_HNSW,0,0.0
1029,sel_025_050,VECTOR_FIRST_HNSW,1,0.4
1029,sel_025_050,VECTOR_FIRST_HNSW,2,0.6
1029,sel_025_050,VECTOR_FIRST_HNSW,3,0.0
1029,sel_025_050,VECTOR_FIRST_HNSW,4,0.2
1029,sel_025_050,HNSW_HYBRID,0,0.0
1029,sel_025_050,HNSW_HYBRID,1,0.2
1029,sel_025_050,HNSW_HYBRID,2,0.7
1029,sel_025_050,HNSW_HYBRID,3,0.0
1029,sel_025_050,HNSW_HYBRID,4,0.0
1029,sel_025_050,IVFFLAT_HYBRID,0,0.1
1029,sel_025_050,IVFFLAT_HYBRID,1,0.1
1029,sel_025_050,IVFFLAT_HYBRID,2,0.1
1029,sel_025_050,IVFFLAT_HYBRID,3,0.2
1029,sel_025_050,IVFFLAT_HYBRID,4,0.1
1029,sel_050_100,SQL_FIRST,0,1.0
1029,sel_050_100,SQL_FIRST,1,1.0
1029,sel_050_100,SQL_FIRST,2,1.0
1029,sel_050_100,SQL_FIRST,3,1.0
1029,sel_050_100,SQL_FIRST,4,1.0
1029,sel_050_100,VECTOR_FIRST_HNSW,0,0.0
1029,sel_050_100,VECTOR_FIRST_HNSW,1,0.4
1029,sel_050_100,VECTOR_FIRST_HNSW,2,0.6
1029,sel_050_100,VECTOR_FIRST_HNSW,3,0.3
1029,sel_050_100,VECTOR_FIRST_HNSW,4,0.3
1029,sel_050_100,HNSW_HYBRID,0,0.3
1029,sel_050_100,HNSW_HYBRID,1,0.2
1029,sel_050_100,HNSW_HYBRID,2,0.1
1029,sel_050_100,HNSW_HYBRID,3,0.2
1029,sel_050_100,HNSW_HYBRID,4,0.1
1029,sel_050_100,IVFFLAT_HYBRID,0,0.1
1029,sel_050_100,IVFFLAT_HYBRID,1,0.3
1029,sel_050_100,IVFFLAT_HYBRID,2,0.5
1029,sel_050_100,IVFFLAT_HYBRID,3,0.4
1029,sel_050_100,IVFFLAT_HYBRID,4,0.4
