query_id,strategy,bucket,latency_ms,recall_at_10,repetition
0,SQL_FIRST,"[0.00,0.05)",7.619458,1.0,0
0,VECTOR_FIRST_HNSW,"[0.00,0.05)",23.41225,0.3,0
0,HNSW_HYBRID,"[0.00,0.05)",8.230542,1.0,0
0,IVFFLAT_HYBRID,"[0.00,0.05)",7.542708,1.0,0
0,SQL_FIRST,"[0.00,0.05)",7.834333,1.0,1
0,VECTOR_FIRST_HNSW,"[0.00,0.05)",22.93575,0.3,1
0,HNSW_HYBRID,"[0.00,0.05)",8.44,1.0,1
0,IVFFLAT_HYBRID,"[0.00,0.05)",7.653625,1.0,1
0,SQL_FIRST,"[0.00,0.05)",7.621,1.0,2
0,VECTOR_FIRST_HNSW,"[0.00,0.05)",23.0335,0.3,2
0,HNSW_HYBRID,"[0.00,0.05)",8.419625,1.0,2
0,IVFFLAT_HYBRID,"[0.00,0.05)",8.391083,1.0,2
0,SQL_FIRST,"[0.00,0.05)",8.409125,1.0,3
0,VECTOR_FIRST_HNSW,"[0.00,0.05)",22.959875,0.3,3
0,HNSW_HYBRID,"[0.00,0.05)",8.656834,1.0,3
0,IVFFLAT_HYBRID,"[0.00,0.05)",7.752792,1.0,3
0,SQL_FIRST,"[0.00,0.05)",7.735209,1.0,4
0,VECTOR_FIRST_HNSW,"[0.00,0.05)",22.924708,0.3,4
0,HNSW_HYBRID,"[0.00,0.05)",8.357625,1.0,4
0,IVFFLAT_HYBRID,"[0.00,0.05)",7.499125,1.0,4
1,SQL_FIRST,"[0.00,0.05)",8.688959,1.0,0
1,VECTOR_FIRST_HNSW,"[0.00,0.05)",23.599417,0.4,0
1,HNSW_HYBRID,"[0.00,0.05)",9.352125,1.0,0
1,IVFFLAT_HYBRID,"[0.00,0.05)",8.90025,1.0,0
1,SQL_FIRST,"[0.00,0.05)",9.400625,1.0,1
1,VECTOR_FIRST_HNSW,"[0.00,0.05)",22.83775,0.4,1
1,HNSW_HYBRID,"[0.00,0.05)",9.299792,1.0,1
1,IVFFLAT_HYBRID,"[0.00,0.05)",9.020667,1.0,1
1,SQL_FIRST,"[0.00,0.05)",9.182334,1.0,2
1,VECTOR_FIRST_HNSW,"[0.00,0.05)",22.897208,0.4,2
1,HNSW_HYBRID,"[0.00,0.05)",9.052833,1.0,2
1,IVFFLAT_HYBRID,"[0.00,0.05)",9.211167,1.0,2
1,SQL_FIRST,"[0.00,0.05)",8.841208,1.0,3
1,VECTOR_FIRST_HNSW,"[0.00,0.05)",22.944917,0.4,3
1,HNSW_HYBRID,"[0.00,0.05)",9.235625,1.0,3
1,IVFFLAT_HYBRID,"[0.00,0.05)",8.739625,1.0,3
1,SQL_FIRST,"[0.00,0.05)",8.735333,1.0,4
1,VECTOR_FIRST_HNSW,"[0.00,0.05)",22.959417,0.4,4
1,HNSW_HYBRID,"[0.00,0.05)",9.254625,1.0,4
1,IVFFLAT_HYBRID,"[0.00,0.05)",9.299458,1.0,4
3,SQL_FIRST,"[0.00,0.05)",5.155292,1.0,0
3,VECTOR_FIRST_HNSW,"[0.00,0.05)",22.821958,0.0,0
3,HNSW_HYBRID,"[0.00,0.05)",5.686583,1.0,0
3,IVFFLAT_HYBRID,"[0.00,0.05)",5.156167,1.0,0
3,SQL_FIRST,"[0.00,0.05)",5.110583,1.0,1
3,VECTOR_FIRST_HNSW,"[0.00,0.05)",23.090375,0.0,1
3,HNSW_HYBRID,"[0.00,0.05)",5.77825,1.0,1
3,IVFFLAT_HYBRID,"[0.00,0.05)",5.421417,1.0,1
3,SQL_FIRST,"[0.00,0.05)",5.353625,1.0,2
3,VECTOR_FIRST_HNSW,"[0.00,0.05)",22.773708,0.0,2
3,HNSW_HYBRID,"[0.00,0.05)",5.852,1.0,2
3,IVFFLAT_HYBRID,"[0.00,0.05)",5.266291,1.0,2
3,SQL_FIRST,"[0.00,0.05)",5.105458,1.0,3
3,VECTOR_FIRST_HNSW,"[0.00,0.05)",22.808417,0.0,3
3,HNSW_HYBRID,"[0.00,0.05)",5.759709,1.0,3
3,IVFFLAT_HYBRID,"[0.00,0.05)",5.112375,1.0,3
3,SQL_FIRST,"[0.00,0.05)",5.1625,1.0,4
3,VECTOR_FIRST_HNSW,"[0.00,0.05)",22.819875,0.0,4
3,HNSW_HYBRID,"[0.00,0.05)",5.697791,1.0,4
3,IVFFLAT_HYBRID,"[0.00,0.05)",5.163916,1.0,4
6,SQL_FIRST,"[0.00,0.05)",7.270125,1.0,0
6,VECTOR_FIRST_HNSW,"[0.00,0.05)",23.0785,0.2,0
6,HNSW_HYBRID,"[0.00,0.05)",7.164084,1.0,0
6,IVFFLAT_HYBRID,"[0.00,0.05)",6.4255,1.0,0
6,SQL_FIRST,"[0.00,0.05)",6.447458,1.0,1
6,VECTOR_FIRST_HNSW,"[0.00,0.05)",22.949666,0.2,1
6,HNSW_HYBRID,"[0.00,0.05)",7.429291,1.0,1
6,IVFFLAT_HYBRID,"[0.00,0.05)",6.957042,1.0,1
6,SQL_FIRST,"[0.00,0.05)",7.038875,1.0,2
6,VECTOR_FIRST_HNSW,"[0.00,0.05)",22.973084,0.2,2
6,HNSW_HYBRID,"[0.00,0.05)",7.244917,1.0,2
6,IVFFLAT_HYBRID,"[0.00,0.05)",6.825792,1.0,2
6,SQL_FIRST,"[0.00,0.05)",6.492333,1.0,3
6,VECTOR_FIRST_HNSW,"[0.00,0.05)",22.901042,0.2,3
6,HNSW_HYBRID,"[0.00,0.05)",7.265708,1.0,3
6,IVFFLAT_HYBRID,"[0.00,0.05)",6.657709,1.0,3
6,SQL_FIRST,"[0.00,0.05)",6.436417,1.0,4
6,VECTOR_FIRST_HNSW,"[0.00,0.05)",22.914875,0.2,4
6,HNSW_HYBRID,"[0.00,0.05)",7.345042,1.0,4
6,IVFFLAT_HYBRID,"[0.00,0.05)",6.577625,1.0,4
7,SQL_FIRST,"[0.00,0.05)",7.319875,1.0,0
7,VECTOR_FIRST_HNSW,"[0.00,0.05)",22.919958,0.3,0
7,HNSW_HYBRID,"[0.00,0.05)",8.041,1.0,0
7,IVFFLAT_HYBRID,"[0.00,0.05)",7.47775,1.0,0
7,SQL_FIRST,"[0.00,0.05)",7.470542,1.0,1
7,VECTOR_FIRST_HNSW,"[0.00,0.05)",23.182208,0.3,1
7,HNSW_HYBRID,"[0.00,0.05)",8.100417,1.0,1
7,IVFFLAT_HYBRID,"[0.00,0.05)",7.484208,1.0,1
7,SQL_FIRST,"[0.00,0.05)",7.186875,1.0,2
7,VECTOR_FIRST_HNSW,"[0.00,0.05)",24.837458,0.3,2
7,HNSW_HYBRID,"[0.00,0.05)",9.186625,1.0,2
7,IVFFLAT_HYBRID,"[0.00,0.05)",8.889417,1.0,2
7,SQL_FIRST,"[0.00,0.05)",8.056625,1.0,3
7,VECTOR_FIRST_HNSW,"[0.00,0.05)",23.166917,0.3,3
7,HNSW_HYBRID,"[0.00,0.05)",8.114583,1.0,3
7,IVFFLAT_HYBRID,"[0.00,0.05)",7.937542,1.0,3
7,SQL_FIRST,"[0.00,0.05)",7.883,1.0,4
7,VECTOR_FIRST_HNSW,"[0.00,0.05)",23.228833,0.3,4
7,HNSW_HYBRID,"[0.00,0.05)",8.339583,1.0,4
7,IVFFLAT_HYBRID,"[0.00,0.05)",7.891291,1.0,4
8,SQL_FIRST,"[0.00,0.05)",5.083792,1.0,0
8,VECTOR_FIRST_HNSW,"[0.00,0.05)",23.401917,0.0,0
8,HNSW_HYBRID,"[0.00,0.05)",5.154625,1.0,0
8,IVFFLAT_HYBRID,"[0.00,0.05)",4.7805,1.0,0
8,SQL_FIRST,"[0.00,0.05)",4.6235,1.0,1
8,VECTOR_FIRST_HNSW,"[0.00,0.05)",24.228834,0.0,1
8,HNSW_HYBRID,"[0.00,0.05)",5.110375,1.0,1
8,IVFFLAT_HYBRID,"[0.00,0.05)",4.659291,1.0,1
8,SQL_FIRST,"[0.00,0.05)",4.737166,1.0,2
8,VECTOR_FIRST_HNSW,"[0.00,0.05)",22.816791,0.0,2
8,HNSW_HYBRID,"[0.00,0.05)",5.071792,1.0,2
8,IVFFLAT_HYBRID,"[0.00,0.05)",4.713708,1.0,2
8,SQL_FIRST,"[0.00,0.05)",4.60525,1.0,3
8,VECTOR_FIRST_HNSW,"[0.00,0.05)",23.084875,0.0,3
8,HNSW_HYBRID,"[0.00,0.05)",5.151208,1.0,3
8,IVFFLAT_HYBRID,"[0.00,0.05)",4.564084,1.0,3
8,SQL_FIRST,"[0.00,0.05)",4.534375,1.0,4
8,VECTOR_FIRST_HNSW,"[0.00,0.05)",22.862875,0.0,4
8,HNSW_HYBRID,"[0.00,0.05)",5.116416,1.0,4
8,IVFFLAT_HYBRID,"[0.00,0.05)",4.544208,1.0,4
9,SQL_FIRST,"[0.00,0.05)",8.75075,1.0,0
9,VECTOR_FIRST_HNSW,"[0.00,0.05)",22.87175,0.6,0
9,HNSW_HYBRID,"[0.00,0.05)",9.014958,1.0,0
9,IVFFLAT_HYBRID,"[0.00,0.05)",8.773292,1.0,0
9,SQL_FIRST,"[0.00,0.05)",8.851625,1.0,1
9,VECTOR_FIRST_HNSW,"[0.00,0.05)",23.638583,0.6,1
9,HNSW_HYBRID,"[0.00,0.05)",9.190917,1.0,1
9,IVFFLAT_HYBRID,"[0.00,0.05)",8.610917,1.0,1
9,SQL_FIRST,"[0.00,0.05)",8.358166,1.0,2
9,VECTOR_FIRST_HNSW,"[0.00,0.05)",22.941541,0.6,2
9,HNSW_HYBRID,"[0.00,0.05)",9.248125,1.0,2
9,IVFFLAT_HYBRID,"[0.00,0.05)",9.191041,1.0,2
9,SQL_FIRST,"[0.00,0.05)",8.734042,1.0,3
9,VECTOR_FIRST_HNSW,"[0.00,0.05)",23.119291,0.6,3
9,HNSW_HYBRID,"[0.00,0.05)",9.234417,1.0,3
9,IVFFLAT_HYBRID,"[0.00,0.05)",8.866917,1.0,3
9,SQL_FIRST,"[0.00,0.05)",8.572416,1.0,4
9,VECTOR_FIRST_HNSW,"[0.00,0.05)",22.93125,0.6,4
9,HNSW_HYBRID,"[0.00,0.05)",9.294417,1.0,4
9,IVFFLAT_HYBRID,"[0.00,0.05)",9.396625,1.0,4
10,SQL_FIRST,"[0.00,0.05)",9.897125,1.0,0
10,VECTOR_FIRST_HNSW,"[0.00,0.05)",23.282334,0.4,0
10,HNSW_HYBRID,"[0.00,0.05)",10.039042,1.0,0
10,IVFFLAT_HYBRID,"[0.00,0.05)",9.4215,1.0,0
10,SQL_FIRST,"[0.00,0.05)",9.19075,1.0,1
10,VECTOR_FIRST_HNSW,"[0.00,0.05)",22.962708,0.4,1
10,HNSW_HYBRID,"[0.00,0.05)",9.883333,1.0,1
10,IVFFLAT_HYBRID,"[0.00,0.05)",10.007792,1.0,1
10,SQL_FIRST,"[0.00,0.05)",9.515958,1.0,2
10,VECTOR_FIRST_HNSW,"[0.00,0.05)",22.982958,0.4,2
10,HNSW_HYBRID,"[0.00,0.05)",9.972709,1.0,2
10,IVFFLAT_HYBRID,"[0.00,0.05)",9.616541,1.0,2
10,SQL_FIRST,"[0.00,0.05)",9.656166,1.0,3
10,VECTOR_FIRST_HNSW,"[0.00,0.05)",22.83975,0.4,3
10,HNSW_HYBRID,"[0.00,0.05)",10.064708,1.0,3
10,IVFFLAT_HYBRID,"[0.00,0.05)",9.653167,1.0,3
10,SQL_FIRST,"[0.00,0.05)",9.646458,1.0,4
10,VECTOR_FIRST_HNSW,"[0.00,0.05)",22.803083,0.4,4
10,HNSW_HYBRID,"[0.00,0.05)",9.689542,1.0,4
10,IVFFLAT_HYBRID,"[0.00,0.05)",9.588667,1.0,4
12,SQL_FIRST,"[0.00,0.05)",6.979333,1.0,0
12,VECTOR_FIRST_HNSW,"[0.00,0.05)",22.964917,0.4,0
12,HNSW_HYBRID,"[0.00,0.05)",7.966958,1.0,0
12,IVFFLAT_HYBRID,"[0.00,0.05)",7.226667,1.0,0
12,SQL_FIRST,"[0.00,0.05)",7.629667,1.0,1
12,VECTOR_FIRST_HNSW,"[0.00,0.05)",22.81075,0.4,1
12,HNSW_HYBRID,"[0.00,0.05)",8.159125,1.0,1
12,IVFFLAT_HYBRID,"[0.00,0.05)",7.235792,1.0,1
12,SQL_FIRST,"[0.00,0.05)",7.221291,1.0,2
12,VECTOR_FIRST_HNSW,"[0.00,0.05)",22.937917,0.4,2
12,HNSW_HYBRID,"[0.00,0.05)",7.827125,1.0,2
12,IVFFLAT_HYBRID,"[0.00,0.05)",7.087458,1.0,2
12,SQL_FIRST,"[0.00,0.05)",7.075,1.0,3
12,VECTOR_FIRST_HNSW,"[0.00,0.05)",23.43775,0.4,3
12,HNSW_HYBRID,"[0.00,0.05)",8.034458,1.0,3
12,IVFFLAT_HYBRID,"[0.00,0.05)",7.969958,1.0,3
12,SQL_FIRST,"[0.00,0.05)",7.291917,1.0,4
12,VECTOR_FIRST_HNSW,"[0.00,0.05)",22.869083,0.4,4
12,HNSW_HYBRID,"[0.00,0.05)",7.787416,1.0,4
12,IVFFLAT_HYBRID,"[0.00,0.05)",7.26025,1.0,4
13,SQL_FIRST,"[0.00,0.05)",10.188291,1.0,0
13,VECTOR_FIRST_HNSW,"[0.00,0.05)",22.98475,0.3,0
13,HNSW_HYBRID,"[0.00,0.05)",10.573459,1.0,0
13,IVFFLAT_HYBRID,"[0.00,0.05)",9.88,1.0,0
13,SQL_FIRST,"[0.00,0.05)",10.285542,1.0,1
13,VECTOR_FIRST_HNSW,"[0.00,0.05)",22.882834,0.3,1
13,HNSW_HYBRID,"[0.00,0.05)",10.633916,1.0,1
13,IVFFLAT_HYBRID,"[0.00,0.05)",10.075833,1.0,1
13,SQL_FIRST,"[0.00,0.05)",10.131417,1.0,2
13,VECTOR_FIRST_HNSW,"[0.00,0.05)",22.848,0.3,2
13,HNSW_HYBRID,"[0.00,0.05)",10.569667,1.0,2
13,IVFFLAT_HYBRID,"[0.00,0.05)",10.204666,1.0,2
13,SQL_FIRST,"[0.00,0.05)",9.983625,1.0,3
13,VECTOR_FIRST_HNSW,"[0.00,0.05)",22.908,0.3,3
13,HNSW_HYBRID,"[0.00,0.05)",10.905083,1.0,3
13,IVFFLAT_HYBRID,"[0.00,0.05)",10.73875,1.0,3
13,SQL_FIRST,"[0.00,0.05)",10.391167,1.0,4
13,VECTOR_FIRST_HNSW,"[0.00,0.05)",23.769583,0.3,4
13,HNSW_HYBRID,"[0.00,0.05)",10.68,1.0,4
13,IVFFLAT_HYBRID,"[0.00,0.05)",10.230709,1.0,4
16,SQL_FIRST,"[0.00,0.05)",10.589166,1.0,0
16,VECTOR_FIRST_HNSW,"[0.00,0.05)",24.172542,0.3,0
16,HNSW_HYBRID,"[0.00,0.05)",10.916541,1.0,0
16,IVFFLAT_HYBRID,"[0.00,0.05)",11.084,1.0,0
16,SQL_FIRST,"[0.00,0.05)",11.021291,1.0,1
16,VECTOR_FIRST_HNSW,"[0.00,0.05)",23.432083,0.3,1
16,HNSW_HYBRID,"[0.00,0.05)",10.987542,1.0,1
16,IVFFLAT_HYBRID,"[0.00,0.05)",10.474834,1.0,1
16,SQL_FIRST,"[0.00,0.05)",10.654458,1.0,2
16,VECTOR_FIRST_HNSW,"[0.00,0.05)",23.610708,0.3,2
16,HNSW_HYBRID,"[0.00,0.05)",10.966333,1.0,2
16,IVFFLAT_HYBRID,"[0.00,0.05)",10.485541,1.0,2
16,SQL_FIRST,"[0.00,0.05)",10.368167,1.0,3
16,VECTOR_FIRST_HNSW,"[0.00,0.05)",23.1235,0.3,3
16,HNSW_HYBRID,"[0.00,0.05)",11.246792,1.0,3
16,IVFFLAT_HYBRID,"[0.00,0.05)",10.54475,1.0,3
16,SQL_FIRST,"[0.00,0.05)",10.51075,1.0,4
16,VECTOR_FIRST_HNSW,"[0.00,0.05)",22.951875,0.3,4
16,HNSW_HYBRID,"[0.00,0.05)",11.068959,1.0,4
16,IVFFLAT_HYBRID,"[0.00,0.05)",10.961166,1.0,4
18,SQL_FIRST,"[0.00,0.05)",9.919291,1.0,0
18,VECTOR_FIRST_HNSW,"[0.00,0.05)",22.822167,0.3,0
18,HNSW_HYBRID,"[0.00,0.05)",10.313416,1.0,0
18,IVFFLAT_HYBRID,"[0.00,0.05)",9.619416,1.0,0
18,SQL_FIRST,"[0.00,0.05)",10.196958,1.0,1
18,VECTOR_FIRST_HNSW,"[0.00,0.05)",23.384209,0.3,1
18,HNSW_HYBRID,"[0.00,0.05)",10.07775,1.0,1
18,IVFFLAT_HYBRID,"[0.00,0.05)",9.899875,1.0,1
18,SQL_FIRST,"[0.00,0.05)",9.642791,1.0,2
18,VECTOR_FIRST_HNSW,"[0.00,0.05)",23.073125,0.3,2
18,HNSW_HYBRID,"[0.00,0.05)",10.100917,1.0,2
18,IVFFLAT_HYBRID,"[0.00,0.05)",9.599958,1.0,2
18,SQL_FIRST,"[0.00,0.05)",9.306542,1.0,3
18,VECTOR_FIRST_HNSW,"[0.00,0.05)",23.007708,0.3,3
18,HNSW_HYBRID,"[0.00,0.05)",10.16575,1.0,3
18,IVFFLAT_HYBRID,"[0.00,0.05)",9.682375,1.0,3
18,SQL_FIRST,"[0.00,0.05)",9.606958,1.0,4
18,VECTOR_FIRST_HNSW,"[0.00,0.05)",23.428916,0.3,4
18,HNSW_HYBRID,"[0.00,0.05)",10.110709,1.0,4
18,IVFFLAT_HYBRID,"[0.00,0.05)",10.078666,1.0,4
20,SQL_FIRST,"[0.00,0.05)",11.089084,1.0,0
20,VECTOR_FIRST_HNSW,"[0.00,0.05)",22.867792,0.3,0
20,HNSW_HYBRID,"[0.00,0.05)",11.452958,1.0,0
20,IVFFLAT_HYBRID,"[0.00,0.05)",11.476917,1.0,0
20,SQL_FIRST,"[0.00,0.05)",11.13675,1.0,1
20,VECTOR_FIRST_HNSW,"[0.00,0.05)",33.872209,0.3,1
20,HNSW_HYBRID,"[0.00,0.05)",12.976708,1.0,1
20,IVFFLAT_HYBRID,"[0.00,0.05)",12.838917,1.0,1
20,SQL_FIRST,"[0.00,0.05)",11.991292,1.0,2
20,VECTOR_FIRST_HNSW,"[0.00,0.05)",30.734208,0.3,2
20,HNSW_HYBRID,"[0.00,0.05)",12.11275,1.0,2
20,IVFFLAT_HYBRID,"[0.00,0.05)",12.316041,1.0,2
20,SQL_FIRST,"[0.00,0.05)",12.533042,1.0,3
20,VECTOR_FIRST_HNSW,"[0.00,0.05)",45.367333,0.3,3
20,HNSW_HYBRID,"[0.00,0.05)",11.378958,1.0,3
20,IVFFLAT_HYBRID,"[0.00,0.05)",11.322625,1.0,3
20,SQL_FIRST,"[0.00,0.05)",10.635041,1.0,4
20,VECTOR_FIRST_HNSW,"[0.00,0.05)",22.919958,0.3,4
20,HNSW_HYBRID,"[0.00,0.05)",11.024625,1.0,4
20,IVFFLAT_HYBRID,"[0.00,0.05)",10.776667,1.0,4
21,SQL_FIRST,"[0.00,0.05)",9.297542,1.0,0
21,VECTOR_FIRST_HNSW,"[0.00,0.05)",22.747708,0.6,0
21,HNSW_HYBRID,"[0.00,0.05)",9.400459,1.0,0
21,IVFFLAT_HYBRID,"[0.00,0.05)",9.63075,1.0,0
21,SQL_FIRST,"[0.00,0.05)",9.5255,1.0,1
21,VECTOR_FIRST_HNSW,"[0.00,0.05)",23.330083,0.6,1
21,HNSW_HYBRID,"[0.00,0.05)",9.686709,1.0,1
21,IVFFLAT_HYBRID,"[0.00,0.05)",9.280125,1.0,1
21,SQL_FIRST,"[0.00,0.05)",9.133917,1.0,2
21,VECTOR_FIRST_HNSW,"[0.00,0.05)",22.963375,0.6,2
21,HNSW_HYBRID,"[0.00,0.05)",9.690708,1.0,2
21,IVFFLAT_HYBRID,"[0.00,0.05)",9.591125,1.0,2
21,SQL_FIRST,"[0.00,0.05)",9.268,1.0,3
21,VECTOR_FIRST_HNSW,"[0.00,0.05)",23.262125,0.6,3
21,HNSW_HYBRID,"[0.00,0.05)",10.358,1.0,3
21,IVFFLAT_HYBRID,"[0.00,0.05)",9.440667,1.0,3
21,SQL_FIRST,"[0.00,0.05)",9.745541,1.0,4
21,VECTOR_FIRST_HNSW,"[0.00,0.05)",22.815916,0.6,4
21,HNSW_HYBRID,"[0.00,0.05)",9.865667,1.0,4
21,IVFFLAT_HYBRID,"[0.00,0.05)",9.275708,1.0,4
24,SQL_FIRST,"[0.00,0.05)",9.335541,1.0,0
24,VECTOR_FIRST_HNSW,"[0.00,0.05)",22.911666,0.4,0
24,HNSW_HYBRID,"[0.00,0.05)",9.671542,1.0,0
24,IVFFLAT_HYBRID,"[0.00,0.05)",9.524916,1.0,0
24,SQL_FIRST,"[0.00,0.05)",9.239917,1.0,1
24,VECTOR_FIRST_HNSW,"[0.00,0.05)",22.915708,0.4,1
24,HNSW_HYBRID,"[0.00,0.05)",9.92125,1.0,1
24,IVFFLAT_HYBRID,"[0.00,0.05)",9.478875,1.0,1
24,SQL_FIRST,"[0.00,0.05)",9.080917,1.0,2
24,VECTOR_FIRST_HNSW,"[0.00,0.05)",22.890625,0.4,2
24,HNSW_HYBRID,"[0.00,0.05)",9.529708,1.0,2
24,IVFFLAT_HYBRID,"[0.00,0.05)",9.162625,1.0,2
24,SQL_FIRST,"[0.00,0.05)",9.568083,1.0,3
24,VECTOR_FIRST_HNSW,"[0.00,0.05)",22.830916,0.4,3
24,HNSW_HYBRID,"[0.00,0.05)",10.045125,1.0,3
24,IVFFLAT_HYBRID,"[0.00,0.05)",9.270667,1.0,3
24,SQL_FIRST,"[0.00,0.05)",9.307583,1.0,4
24,VECTOR_FIRST_HNSW,"[0.00,0.05)",23.023875,0.4,4
24,HNSW_HYBRID,"[0.00,0.05)",9.45125,1.0,4
24,IVFFLAT_HYBRID,"[0.00,0.05)",9.536958,1.0,4
29,SQL_FIRST,"[0.00,0.05)",7.914834,1.0,0
29,VECTOR_FIRST_HNSW,"[0.00,0.05)",22.876458,0.3,0
29,HNSW_HYBRID,"[0.00,0.05)",9.062958,1.0,0
29,IVFFLAT_HYBRID,"[0.00,0.05)",8.280959,1.0,0
29,SQL_FIRST,"[0.00,0.05)",8.074125,1.0,1
29,VECTOR_FIRST_HNSW,"[0.00,0.05)",22.909958,0.3,1
29,HNSW_HYBRID,"[0.00,0.05)",8.747791,1.0,1
29,IVFFLAT_HYBRID,"[0.00,0.05)",8.1995,1.0,1
29,SQL_FIRST,"[0.00,0.05)",7.972583,1.0,2
29,VECTOR_FIRST_HNSW,"[0.00,0.05)",23.004125,0.3,2
29,HNSW_HYBRID,"[0.00,0.05)",8.693042,1.0,2
29,IVFFLAT_HYBRID,"[0.00,0.05)",8.225333,1.0,2
29,SQL_FIRST,"[0.00,0.05)",8.201166,1.0,3
29,VECTOR_FIRST_HNSW,"[0.00,0.05)",22.88475,0.3,3
29,HNSW_HYBRID,"[0.00,0.05)",8.719583,1.0,3
29,IVFFLAT_HYBRID,"[0.00,0.05)",8.133375,1.0,3
29,SQL_FIRST,"[0.00,0.05)",7.986166,1.0,4
29,VECTOR_FIRST_HNSW,"[0.00,0.05)",22.937791,0.3,4
29,HNSW_HYBRID,"[0.00,0.05)",8.678083,1.0,4
29,IVFFLAT_HYBRID,"[0.00,0.05)",8.147,1.0,4
32,SQL_FIRST,"[0.00,0.05)",4.320958,1.0,0
32,VECTOR_FIRST_HNSW,"[0.00,0.05)",23.526958,0.0,0
32,HNSW_HYBRID,"[0.00,0.05)",4.793208,1.0,0
32,IVFFLAT_HYBRID,"[0.00,0.05)",4.244916,1.0,0
32,SQL_FIRST,"[0.00,0.05)",4.25575,1.0,1
32,VECTOR_FIRST_HNSW,"[0.00,0.05)",22.787959,0.0,1
32,HNSW_HYBRID,"[0.00,0.05)",4.726209,1.0,1
32,IVFFLAT_HYBRID,"[0.00,0.05)",4.37,1.0,1
32,SQL_FIRST,"[0.00,0.05)",4.254375,1.0,2
32,VECTOR_FIRST_HNSW,"[0.00,0.05)",22.803959,0.0,2
32,HNSW_HYBRID,"[0.00,0.05)",4.796167,1.0,2
32,IVFFLAT_HYBRID,"[0.00,0.05)",4.32175,1.0,2
32,SQL_FIRST,"[0.00,0.05)",4.2965,1.0,3
32,VECTOR_FIRST_HNSW,"[0.00,0.05)",22.88325,0.0,3
32,HNSW_HYBRID,"[0.00,0.05)",4.911625,1.0,3
32,IVFFLAT_HYBRID,"[0.00,0.05)",4.37375,1.0,3
32,SQL_FIRST,"[0.00,0.05)",4.6825,1.0,4
32,VECTOR_FIRST_HNSW,"[0.00,0.05)",24.06375,0.0,4
32,HNSW_HYBRID,"[0.00,0.05)",4.738625,1.0,4
32,IVFFLAT_HYBRID,"[0.00,0.05)",4.253917,1.0,4
36,SQL_FIRST,"[0.00,0.05)",6.507375,1.0,0
36,VECTOR_FIRST_HNSW,"[0.00,0.05)",22.961917,0.0,0
36,HNSW_HYBRID,"[0.00,0.05)",7.344375,1.0,0
36,IVFFLAT_HYBRID,"[0.00,0.05)",7.796625,1.0,0
36,SQL_FIRST,"[0.00,0.05)",7.681583,1.0,1
36,VECTOR_FIRST_HNSW,"[0.00,0.05)",23.741917,0.0,1
36,HNSW_HYBRID,"[0.00,0.05)",7.366625,1.0,1
36,IVFFLAT_HYBRID,"[0.00,0.05)",7.034167,1.0,1
36,SQL_FIRST,"[0.00,0.05)",6.5565,1.0,2
36,VECTOR_FIRST_HNSW,"[0.00,0.05)",23.046084,0.0,2
36,HNSW_HYBRID,"[0.00,0.05)",7.258875,1.0,2
36,IVFFLAT_HYBRID,"[0.00,0.05)",6.747708,1.0,2
36,SQL_FIRST,"[0.00,0.05)",6.49275,1.0,3
36,VECTOR_FIRST_HNSW,"[0.00,0.05)",22.905166,0.0,3
36,HNSW_HYBRID,"[0.00,0.05)",7.327334,1.0,3
36,IVFFLAT_HYBRID,"[0.00,0.05)",6.61275,1.0,3
36,SQL_FIRST,"[0.00,0.05)",6.786083,1.0,4
36,VECTOR_FIRST_HNSW,"[0.00,0.05)",22.966709,0.0,4
36,HNSW_HYBRID,"[0.00,0.05)",7.291708,1.0,4
36,IVFFLAT_HYBRID,"[0.00,0.05)",6.869959,1.0,4
38,SQL_FIRST,"[0.00,0.05)",7.145084,1.0,0
38,VECTOR_FIRST_HNSW,"[0.00,0.05)",23.295542,0.1,0
38,HNSW_HYBRID,"[0.00,0.05)",8.058334,1.0,0
38,IVFFLAT_HYBRID,"[0.00,0.05)",7.839125,1.0,0
38,SQL_FIRST,"[0.00,0.05)",7.2985,1.0,1
38,VECTOR_FIRST_HNSW,"[0.00,0.05)",22.8155,0.1,1
38,HNSW_HYBRID,"[0.00,0.05)",7.918792,1.0,1
38,IVFFLAT_HYBRID,"[0.00,0.05)",7.400542,1.0,1
38,SQL_FIRST,"[0.00,0.05)",7.196417,1.0,2
38,VECTOR_FIRST_HNSW,"[0.00,0.05)",22.978959,0.1,2
38,HNSW_HYBRID,"[0.00,0.05)",7.871791,1.0,2
38,IVFFLAT_HYBRID,"[0.00,0.05)",7.08375,1.0,2
38,SQL_FIRST,"[0.00,0.05)",7.539709,1.0,3
38,VECTOR_FIRST_HNSW,"[0.00,0.05)",22.9655,0.1,3
38,HNSW_HYBRID,"[0.00,0.05)",8.130875,1.0,3
38,IVFFLAT_HYBRID,"[0.00,0.05)",7.216125,1.0,3
38,SQL_FIRST,"[0.00,0.05)",7.701834,1.0,4
38,VECTOR_FIRST_HNSW,"[0.00,0.05)",23.944958,0.1,4
38,HNSW_HYBRID,"[0.00,0.05)",8.000583,1.0,4
38,IVFFLAT_HYBRID,"[0.00,0.05)",7.097709,1.0,4
39,SQL_FIRST,"[0.00,0.05)",10.029709,1.0,0
39,VECTOR_FIRST_HNSW,"[0.00,0.05)",22.878667,0.5,0
39,HNSW_HYBRID,"[0.00,0.05)",9.6715,1.0,0
39,IVFFLAT_HYBRID,"[0.00,0.05)",9.069083,1.0,0
39,SQL_FIRST,"[0.00,0.05)",9.113833,1.0,1
39,VECTOR_FIRST_HNSW,"[0.00,0.05)",23.049291,0.5,1
39,HNSW_HYBRID,"[0.00,0.05)",9.772209,1.0,1
39,IVFFLAT_HYBRID,"[0.00,0.05)",9.595375,1.0,1
39,SQL_FIRST,"[0.00,0.05)",9.239625,1.0,2
39,VECTOR_FIRST_HNSW,"[0.00,0.05)",22.878083,0.5,2
39,HNSW_HYBRID,"[0.00,0.05)",9.612458,1.0,2
39,IVFFLAT_HYBRID,"[0.00,0.05)",9.383417,1.0,2
39,SQL_FIRST,"[0.00,0.05)",8.969666,1.0,3
39,VECTOR_FIRST_HNSW,"[0.00,0.05)",22.893375,0.5,3
39,HNSW_HYBRID,"[0.00,0.05)",9.627333,1.0,3
39,IVFFLAT_HYBRID,"[0.00,0.05)",9.456709,1.0,3
39,SQL_FIRST,"[0.00,0.05)",9.248375,1.0,4
39,VECTOR_FIRST_HNSW,"[0.00,0.05)",24.160708,0.5,4
39,HNSW_HYBRID,"[0.00,0.05)",9.6875,1.0,4
39,IVFFLAT_HYBRID,"[0.00,0.05)",9.138167,1.0,4
41,SQL_FIRST,"[0.00,0.05)",6.402,1.0,0
41,VECTOR_FIRST_HNSW,"[0.00,0.05)",22.898583,0.1,0
41,HNSW_HYBRID,"[0.00,0.05)",6.987417,1.0,0
41,IVFFLAT_HYBRID,"[0.00,0.05)",6.630417,1.0,0
41,SQL_FIRST,"[0.00,0.05)",6.291958,1.0,1
41,VECTOR_FIRST_HNSW,"[0.00,0.05)",22.961375,0.1,1
41,HNSW_HYBRID,"[0.00,0.05)",6.974916,1.0,1
41,IVFFLAT_HYBRID,"[0.00,0.05)",6.367,1.0,1
41,SQL_FIRST,"[0.00,0.05)",6.607625,1.0,2
41,VECTOR_FIRST_HNSW,"[0.00,0.05)",22.906208,0.1,2
41,HNSW_HYBRID,"[0.00,0.05)",7.167333,1.0,2
41,IVFFLAT_HYBRID,"[0.00,0.05)",6.2955,1.0,2
41,SQL_FIRST,"[0.00,0.05)",6.234792,1.0,3
41,VECTOR_FIRST_HNSW,"[0.00,0.05)",23.321166,0.1,3
41,HNSW_HYBRID,"[0.00,0.05)",7.26375,1.0,3
41,IVFFLAT_HYBRID,"[0.00,0.05)",6.816666,1.0,3
41,SQL_FIRST,"[0.00,0.05)",6.539125,1.0,4
41,VECTOR_FIRST_HNSW,"[0.00,0.05)",22.89675,0.1,4
41,HNSW_HYBRID,"[0.00,0.05)",7.048916,1.0,4
41,IVFFLAT_HYBRID,"[0.00,0.05)",6.981834,1.0,4
43,SQL_FIRST,"[0.00,0.05)",8.57925,1.0,0
43,VECTOR_FIRST_HNSW,"[0.00,0.05)",22.893208,0.5,0
43,HNSW_HYBRID,"[0.00,0.05)",9.250792,1.0,0
43,IVFFLAT_HYBRID,"[0.00,0.05)",9.455833,1.0,0
43,SQL_FIRST,"[0.00,0.05)",8.7035,1.0,1
43,VECTOR_FIRST_HNSW,"[0.00,0.05)",22.938542,0.5,1
43,HNSW_HYBRID,"[0.00,0.05)",9.299875,1.0,1
43,IVFFLAT_HYBRID,"[0.00,0.05)",8.71675,1.0,1
43,SQL_FIRST,"[0.00,0.05)",8.40225,1.0,2
43,VECTOR_FIRST_HNSW,"[0.00,0.05)",22.921666,0.5,2
43,HNSW_HYBRID,"[0.00,0.05)",9.13425,1.0,2
43,IVFFLAT_HYBRID,"[0.00,0.05)",9.103042,1.0,2
43,SQL_FIRST,"[0.00,0.05)",8.690042,1.0,3
43,VECTOR_FIRST_HNSW,"[0.00,0.05)",22.898541,0.5,3
43,HNSW_HYBRID,"[0.00,0.05)",9.183292,1.0,3
43,IVFFLAT_HYBRID,"[0.00,0.05)",8.566666,1.0,3
43,SQL_FIRST,"[0.00,0.05)",8.7785,1.0,4
43,VECTOR_FIRST_HNSW,"[0.00,0.05)",23.631208,0.5,4
43,HNSW_HYBRID,"[0.00,0.05)",9.374583,1.0,4
43,IVFFLAT_HYBRID,"[0.00,0.05)",8.483875,1.0,4
44,SQL_FIRST,"[0.00,0.05)",9.439709,1.0,0
44,VECTOR_FIRST_HNSW,"[0.00,0.05)",22.8665,0.8,0
44,HNSW_HYBRID,"[0.00,0.05)",9.932583,1.0,0
44,IVFFLAT_HYBRID,"[0.00,0.05)",9.903875,1.0,0
44,SQL_FIRST,"[0.00,0.05)",9.458,1.0,1
44,VECTOR_FIRST_HNSW,"[0.00,0.05)",22.908416,0.8,1
44,HNSW_HYBRID,"[0.00,0.05)",10.025166,1.0,1
44,IVFFLAT_HYBRID,"[0.00,0.05)",10.028,1.0,1
44,SQL_FIRST,"[0.00,0.05)",9.440334,1.0,2
44,VECTOR_FIRST_HNSW,"[0.00,0.05)",22.998791,0.8,2
44,HNSW_HYBRID,"[0.00,0.05)",9.735291,1.0,2
44,IVFFLAT_HYBRID,"[0.00,0.05)",9.431084,1.0,2
44,SQL_FIRST,"[0.00,0.05)",10.2195,1.0,3
44,VECTOR_FIRST_HNSW,"[0.00,0.05)",22.885416,0.8,3
44,HNSW_HYBRID,"[0.00,0.05)",9.879042,1.0,3
44,IVFFLAT_HYBRID,"[0.00,0.05)",9.142166,1.0,3
44,SQL_FIRST,"[0.00,0.05)",9.358083,1.0,4
44,VECTOR_FIRST_HNSW,"[0.00,0.05)",22.948542,0.8,4
44,HNSW_HYBRID,"[0.00,0.05)",9.877625,1.0,4
44,IVFFLAT_HYBRID,"[0.00,0.05)",9.521167,1.0,4
45,SQL_FIRST,"[0.00,0.05)",8.414,1.0,0
45,VECTOR_FIRST_HNSW,"[0.00,0.05)",22.802166,0.2,0
45,HNSW_HYBRID,"[0.00,0.05)",9.230375,1.0,0
45,IVFFLAT_HYBRID,"[0.00,0.05)",9.336875,1.0,0
45,SQL_FIRST,"[0.00,0.05)",8.512333,1.0,1
45,VECTOR_FIRST_HNSW,"[0.00,0.05)",22.894125,0.2,1
45,HNSW_HYBRID,"[0.00,0.05)",9.339833,1.0,1
45,IVFFLAT_HYBRID,"[0.00,0.05)",8.796417,1.0,1
45,SQL_FIRST,"[0.00,0.05)",8.895,1.0,2
45,VECTOR_FIRST_HNSW,"[0.00,0.05)",23.495125,0.2,2
45,HNSW_HYBRID,"[0.00,0.05)",9.24025,1.0,2
45,IVFFLAT_HYBRID,"[0.00,0.05)",8.61175,1.0,2
45,SQL_FIRST,"[0.00,0.05)",8.754,1.0,3
45,VECTOR_FIRST_HNSW,"[0.00,0.05)",22.9055,0.2,3
45,HNSW_HYBRID,"[0.00,0.05)",9.278208,1.0,3
45,IVFFLAT_HYBRID,"[0.00,0.05)",8.567791,1.0,3
45,SQL_FIRST,"[0.00,0.05)",8.934,1.0,4
45,VECTOR_FIRST_HNSW,"[0.00,0.05)",22.75875,0.2,4
45,HNSW_HYBRID,"[0.00,0.05)",9.41375,1.0,4
45,IVFFLAT_HYBRID,"[0.00,0.05)",9.535375,1.0,4
46,SQL_FIRST,"[0.00,0.05)",9.378709,1.0,0
46,VECTOR_FIRST_HNSW,"[0.00,0.05)",23.282541,0.1,0
46,HNSW_HYBRID,"[0.00,0.05)",8.884833,1.0,0
46,IVFFLAT_HYBRID,"[0.00,0.05)",8.28075,1.0,0
46,SQL_FIRST,"[0.00,0.05)",8.360542,1.0,1
46,VECTOR_FIRST_HNSW,"[0.00,0.05)",23.369167,0.1,1
46,HNSW_HYBRID,"[0.00,0.05)",8.903584,1.0,1
46,IVFFLAT_HYBRID,"[0.00,0.05)",8.462541,1.0,1
46,SQL_FIRST,"[0.00,0.05)",8.696583,1.0,2
46,VECTOR_FIRST_HNSW,"[0.00,0.05)",22.901042,0.1,2
46,HNSW_HYBRID,"[0.00,0.05)",8.938417,1.0,2
46,IVFFLAT_HYBRID,"[0.00,0.05)",8.380083,1.0,2
46,SQL_FIRST,"[0.00,0.05)",8.163417,1.0,3
46,VECTOR_FIRST_HNSW,"[0.00,0.05)",23.133209,0.1,3
46,HNSW_HYBRID,"[0.00,0.05)",8.856416,1.0,3
46,IVFFLAT_HYBRID,"[0.00,0.05)",8.376041,1.0,3
46,SQL_FIRST,"[0.00,0.05)",8.433292,1.0,4
46,VECTOR_FIRST_HNSW,"[0.00,0.05)",22.844834,0.1,4
46,HNSW_HYBRID,"[0.00,0.05)",8.871625,1.0,4
46,IVFFLAT_HYBRID,"[0.00,0.05)",8.141208,1.0,4
47,SQL_FIRST,"[0.00,0.05)",10.545125,1.0,0
47,VECTOR_FIRST_HNSW,"[0.00,0.05)",22.999125,0.3,0
47,HNSW_HYBRID,"[0.00,0.05)",11.387125,1.0,0
47,IVFFLAT_HYBRID,"[0.00,0.05)",10.819958,1.0,0
47,SQL_FIRST,"[0.00,0.05)",10.482667,1.0,1
47,VECTOR_FIRST_HNSW,"[0.00,0.05)",22.824417,0.3,1
47,HNSW_HYBRID,"[0.00,0.05)",11.073042,1.0,1
47,IVFFLAT_HYBRID,"[0.00,0.05)",10.602917,1.0,1
47,SQL_FIRST,"[0.00,0.05)",10.642709,1.0,2
47,VECTOR_FIRST_HNSW,"[0.00,0.05)",22.892875,0.3,2
47,HNSW_HYBRID,"[0.00,0.05)",11.270209,1.0,2
47,IVFFLAT_HYBRID,"[0.00,0.05)",10.556792,1.0,2
47,SQL_FIRST,"[0.00,0.05)",10.477,1.0,3
47,VECTOR_FIRST_HNSW,"[0.00,0.05)",22.913416,0.3,3
47,HNSW_HYBRID,"[0.00,0.05)",10.992917,1.0,3
47,IVFFLAT_HYBRID,"[0.00,0.05)",11.934167,1.0,3
47,SQL_FIRST,"[0.00,0.05)",11.147041,1.0,4
47,VECTOR_FIRST_HNSW,"[0.00,0.05)",23.136333,0.3,4
47,HNSW_HYBRID,"[0.00,0.05)",11.008459,1.0,4
47,IVFFLAT_HYBRID,"[0.00,0.05)",10.706209,1.0,4
50,SQL_FIRST,"[0.00,0.05)",9.047834,1.0,0
50,VECTOR_FIRST_HNSW,"[0.00,0.05)",22.842875,0.3,0
50,HNSW_HYBRID,"[0.00,0.05)",9.568125,1.0,0
50,IVFFLAT_HYBRID,"[0.00,0.05)",9.557125,1.0,0
50,SQL_FIRST,"[0.00,0.05)",8.767292,1.0,1
50,VECTOR_FIRST_HNSW,"[0.00,0.05)",22.931333,0.3,1
50,HNSW_HYBRID,"[0.00,0.05)",9.507333,1.0,1
50,IVFFLAT_HYBRID,"[0.00,0.05)",9.294792,1.0,1
50,SQL_FIRST,"[0.00,0.05)",8.968708,1.0,2
50,VECTOR_FIRST_HNSW,"[0.00,0.05)",22.749209,0.3,2
50,HNSW_HYBRID,"[0.00,0.05)",9.520583,1.0,2
50,IVFFLAT_HYBRID,"[0.00,0.05)",9.42675,1.0,2
50,SQL_FIRST,"[0.00,0.05)",9.12325,1.0,3
50,VECTOR_FIRST_HNSW,"[0.00,0.05)",22.942417,0.3,3
50,HNSW_HYBRID,"[0.00,0.05)",9.532583,1.0,3
50,IVFFLAT_HYBRID,"[0.00,0.05)",9.076833,1.0,3
50,SQL_FIRST,"[0.00,0.05)",9.463625,1.0,4
50,VECTOR_FIRST_HNSW,"[0.00,0.05)",23.414833,0.3,4
50,HNSW_HYBRID,"[0.00,0.05)",9.674875,1.0,4
50,IVFFLAT_HYBRID,"[0.00,0.05)",9.239084,1.0,4
52,SQL_FIRST,"[0.00,0.05)",13.292292,1.0,0
52,VECTOR_FIRST_HNSW,"[0.00,0.05)",29.773583,0.1,0
52,HNSW_HYBRID,"[0.00,0.05)",7.270083,1.0,0
52,IVFFLAT_HYBRID,"[0.00,0.05)",6.663167,1.0,0
52,SQL_FIRST,"[0.00,0.05)",6.447958,1.0,1
52,VECTOR_FIRST_HNSW,"[0.00,0.05)",23.876458,0.1,1
52,HNSW_HYBRID,"[0.00,0.05)",6.672459,1.0,1
52,IVFFLAT_HYBRID,"[0.00,0.05)",6.117542,1.0,1
52,SQL_FIRST,"[0.00,0.05)",6.033584,1.0,2
52,VECTOR_FIRST_HNSW,"[0.00,0.05)",23.79925,0.1,2
52,HNSW_HYBRID,"[0.00,0.05)",6.691167,1.0,2
52,IVFFLAT_HYBRID,"[0.00,0.05)",6.028958,1.0,2
52,SQL_FIRST,"[0.00,0.05)",6.093959,1.0,3
52,VECTOR_FIRST_HNSW,"[0.00,0.05)",22.869375,0.1,3
52,HNSW_HYBRID,"[0.00,0.05)",6.635167,1.0,3
52,IVFFLAT_HYBRID,"[0.00,0.05)",6.335459,1.0,3
52,SQL_FIRST,"[0.00,0.05)",6.013667,1.0,4
52,VECTOR_FIRST_HNSW,"[0.00,0.05)",22.801375,0.1,4
52,HNSW_HYBRID,"[0.00,0.05)",6.7615,1.0,4
52,IVFFLAT_HYBRID,"[0.00,0.05)",6.073416,1.0,4
55,SQL_FIRST,"[0.00,0.05)",8.935416,1.0,0
55,VECTOR_FIRST_HNSW,"[0.00,0.05)",23.003458,0.4,0
55,HNSW_HYBRID,"[0.00,0.05)",9.599625,1.0,0
55,IVFFLAT_HYBRID,"[0.00,0.05)",9.197166,1.0,0
55,SQL_FIRST,"[0.00,0.05)",8.998125,1.0,1
55,VECTOR_FIRST_HNSW,"[0.00,0.05)",22.871459,0.4,1
55,HNSW_HYBRID,"[0.00,0.05)",9.60875,1.0,1
55,IVFFLAT_HYBRID,"[0.00,0.05)",9.580625,1.0,1
55,SQL_FIRST,"[0.00,0.05)",10.528792,1.0,2
55,VECTOR_FIRST_HNSW,"[0.00,0.05)",25.445125,0.4,2
55,HNSW_HYBRID,"[0.00,0.05)",9.82825,1.0,2
55,IVFFLAT_HYBRID,"[0.00,0.05)",9.125209,1.0,2
55,SQL_FIRST,"[0.00,0.05)",9.604125,1.0,3
55,VECTOR_FIRST_HNSW,"[0.00,0.05)",23.010833,0.4,3
55,HNSW_HYBRID,"[0.00,0.05)",9.740584,1.0,3
55,IVFFLAT_HYBRID,"[0.00,0.05)",8.996417,1.0,3
55,SQL_FIRST,"[0.00,0.05)",9.05475,1.0,4
55,VECTOR_FIRST_HNSW,"[0.00,0.05)",22.968625,0.4,4
55,HNSW_HYBRID,"[0.00,0.05)",9.614583,1.0,4
55,IVFFLAT_HYBRID,"[0.00,0.05)",9.274375,1.0,4
56,SQL_FIRST,"[0.00,0.05)",9.044833,1.0,0
56,VECTOR_FIRST_HNSW,"[0.00,0.05)",22.914542,0.3,0
56,HNSW_HYBRID,"[0.00,0.05)",9.596084,1.0,0
56,IVFFLAT_HYBRID,"[0.00,0.05)",9.154708,1.0,0
56,SQL_FIRST,"[0.00,0.05)",9.122292,1.0,1
56,VECTOR_FIRST_HNSW,"[0.00,0.05)",22.902333,0.3,1
56,HNSW_HYBRID,"[0.00,0.05)",9.397291,1.0,1
56,IVFFLAT_HYBRID,"[0.00,0.05)",8.747958,1.0,1
56,SQL_FIRST,"[0.00,0.05)",9.327959,1.0,2
56,VECTOR_FIRST_HNSW,"[0.00,0.05)",22.901708,0.3,2
56,HNSW_HYBRID,"[0.00,0.05)",9.58875,1.0,2
56,IVFFLAT_HYBRID,"[0.00,0.05)",8.580667,1.0,2
56,SQL_FIRST,"[0.00,0.05)",8.843,1.0,3
56,VECTOR_FIRST_HNSW,"[0.00,0.05)",22.906167,0.3,3
56,HNSW_HYBRID,"[0.00,0.05)",9.344417,1.0,3
56,IVFFLAT_HYBRID,"[0.00,0.05)",8.959416,1.0,3
56,SQL_FIRST,"[0.00,0.05)",9.065708,1.0,4
56,VECTOR_FIRST_HNSW,"[0.00,0.05)",22.851291,0.3,4
56,HNSW_HYBRID,"[0.00,0.05)",9.517625,1.0,4
56,IVFFLAT_HYBRID,"[0.00,0.05)",9.065459,1.0,4
58,SQL_FIRST,"[0.00,0.05)",8.087833,1.0,0
58,VECTOR_FIRST_HNSW,"[0.00,0.05)",23.587208,0.2,0
58,HNSW_HYBRID,"[0.00,0.05)",8.610625,1.0,0
58,IVFFLAT_HYBRID,"[0.00,0.05)",7.94925,1.0,0
58,SQL_FIRST,"[0.00,0.05)",7.710375,1.0,1
58,VECTOR_FIRST_HNSW,"[0.00,0.05)",23.052583,0.2,1
58,HNSW_HYBRID,"[0.00,0.05)",8.621417,1.0,1
58,IVFFLAT_HYBRID,"[0.00,0.05)",7.989083,1.0,1
58,SQL_FIRST,"[0.00,0.05)",7.961041,1.0,2
58,VECTOR_FIRST_HNSW,"[0.00,0.05)",22.880709,0.2,2
58,HNSW_HYBRID,"[0.00,0.05)",9.1265,1.0,2
58,IVFFLAT_HYBRID,"[0.00,0.05)",9.219833,1.0,2
58,SQL_FIRST,"[0.00,0.05)",7.892625,1.0,3
58,VECTOR_FIRST_HNSW,"[0.00,0.05)",23.979875,0.2,3
58,HNSW_HYBRID,"[0.00,0.05)",8.592959,1.0,3
58,IVFFLAT_HYBRID,"[0.00,0.05)",8.516792,1.0,3
58,SQL_FIRST,"[0.00,0.05)",8.51075,1.0,4
58,VECTOR_FIRST_HNSW,"[0.00,0.05)",23.6375,0.2,4
58,HNSW_HYBRID,"[0.00,0.05)",8.661416,1.0,4
58,IVFFLAT_HYBRID,"[0.00,0.05)",8.041042,1.0,4
59,SQL_FIRST,"[0.00,0.05)",10.854916,1.0,0
59,VECTOR_FIRST_HNSW,"[0.00,0.05)",22.999625,0.3,0
59,HNSW_HYBRID,"[0.00,0.05)",11.342291,1.0,0
59,IVFFLAT_HYBRID,"[0.00,0.05)",11.009,1.0,0
59,SQL_FIRST,"[0.00,0.05)",10.735916,1.0,1
59,VECTOR_FIRST_HNSW,"[0.00,0.05)",22.959667,0.3,1
59,HNSW_HYBRID,"[0.00,0.05)",11.205666,1.0,1
59,IVFFLAT_HYBRID,"[0.00,0.05)",10.939333,1.0,1
59,SQL_FIRST,"[0.00,0.05)",11.120125,1.0,2
59,VECTOR_FIRST_HNSW,"[0.00,0.05)",22.91675,0.3,2
59,HNSW_HYBRID,"[0.00,0.05)",11.319916,1.0,2
59,IVFFLAT_HYBRID,"[0.00,0.05)",10.922083,1.0,2
59,SQL_FIRST,"[0.00,0.05)",10.683542,1.0,3
59,VECTOR_FIRST_HNSW,"[0.00,0.05)",22.848875,0.3,3
59,HNSW_HYBRID,"[0.00,0.05)",11.150375,1.0,3
59,IVFFLAT_HYBRID,"[0.00,0.05)",11.045208,1.0,3
59,SQL_FIRST,"[0.00,0.05)",11.564,1.0,4
59,VECTOR_FIRST_HNSW,"[0.00,0.05)",23.047333,0.3,4
59,HNSW_HYBRID,"[0.00,0.05)",11.226292,1.0,4
59,IVFFLAT_HYBRID,"[0.00,0.05)",10.927875,1.0,4
61,SQL_FIRST,"[0.00,0.05)",4.464875,1.0,0
61,VECTOR_FIRST_HNSW,"[0.00,0.05)",22.909875,0.0,0
61,HNSW_HYBRID,"[0.00,0.05)",4.947791,1.0,0
61,IVFFLAT_HYBRID,"[0.00,0.05)",4.453292,1.0,0
61,SQL_FIRST,"[0.00,0.05)",4.548708,1.0,1
61,VECTOR_FIRST_HNSW,"[0.00,0.05)",22.959125,0.0,1
61,HNSW_HYBRID,"[0.00,0.05)",4.940541,1.0,1
61,IVFFLAT_HYBRID,"[0.00,0.05)",4.535709,1.0,1
61,SQL_FIRST,"[0.00,0.05)",4.477791,1.0,2
61,VECTOR_FIRST_HNSW,"[0.00,0.05)",24.020125,0.0,2
61,HNSW_HYBRID,"[0.00,0.05)",4.988166,1.0,2
61,IVFFLAT_HYBRID,"[0.00,0.05)",4.430625,1.0,2
61,SQL_FIRST,"[0.00,0.05)",4.371167,1.0,3
61,VECTOR_FIRST_HNSW,"[0.00,0.05)",22.841334,0.0,3
61,HNSW_HYBRID,"[0.00,0.05)",5.00475,1.0,3
61,IVFFLAT_HYBRID,"[0.00,0.05)",4.457625,1.0,3
61,SQL_FIRST,"[0.00,0.05)",4.839833,1.0,4
61,VECTOR_FIRST_HNSW,"[0.00,0.05)",23.359208,0.0,4
61,HNSW_HYBRID,"[0.00,0.05)",4.901959,1.0,4
61,IVFFLAT_HYBRID,"[0.00,0.05)",4.566791,1.0,4
64,SQL_FIRST,"[0.00,0.05)",8.902792,1.0,0
64,VECTOR_FIRST_HNSW,"[0.00,0.05)",22.878792,0.6,0
64,HNSW_HYBRID,"[0.00,0.05)",9.385792,1.0,0
64,IVFFLAT_HYBRID,"[0.00,0.05)",9.256917,1.0,0
64,SQL_FIRST,"[0.00,0.05)",8.950333,1.0,1
64,VECTOR_FIRST_HNSW,"[0.00,0.05)",22.943125,0.6,1
64,HNSW_HYBRID,"[0.00,0.05)",9.270667,1.0,1
64,IVFFLAT_HYBRID,"[0.00,0.05)",8.924875,1.0,1
64,SQL_FIRST,"[0.00,0.05)",9.15975,1.0,2
64,VECTOR_FIRST_HNSW,"[0.00,0.05)",22.961667,0.6,2
64,HNSW_HYBRID,"[0.00,0.05)",9.602583,1.0,2
64,IVFFLAT_HYBRID,"[0.00,0.05)",8.715208,1.0,2
64,SQL_FIRST,"[0.00,0.05)",8.76775,1.0,3
64,VECTOR_FIRST_HNSW,"[0.00,0.05)",23.037083,0.6,3
64,HNSW_HYBRID,"[0.00,0.05)",9.684166,1.0,3
64,IVFFLAT_HYBRID,"[0.00,0.05)",9.343084,1.0,3
64,SQL_FIRST,"[0.00,0.05)",9.258125,1.0,4
64,VECTOR_FIRST_HNSW,"[0.00,0.05)",22.889958,0.6,4
64,HNSW_HYBRID,"[0.00,0.05)",9.603167,1.0,4
64,IVFFLAT_HYBRID,"[0.00,0.05)",9.155416,1.0,4
68,SQL_FIRST,"[0.00,0.05)",8.31575,1.0,0
68,VECTOR_FIRST_HNSW,"[0.00,0.05)",22.845125,0.4,0
68,HNSW_HYBRID,"[0.00,0.05)",8.831917,1.0,0
68,IVFFLAT_HYBRID,"[0.00,0.05)",8.188959,1.0,0
68,SQL_FIRST,"[0.00,0.05)",8.181292,1.0,1
68,VECTOR_FIRST_HNSW,"[0.00,0.05)",23.580459,0.4,1
68,HNSW_HYBRID,"[0.00,0.05)",8.965416,1.0,1
68,IVFFLAT_HYBRID,"[0.00,0.05)",8.533292,1.0,1
68,SQL_FIRST,"[0.00,0.05)",8.127958,1.0,2
68,VECTOR_FIRST_HNSW,"[0.00,0.05)",23.60275,0.4,2
68,HNSW_HYBRID,"[0.00,0.05)",9.272666,1.0,2
68,IVFFLAT_HYBRID,"[0.00,0.05)",8.31225,1.0,2
68,SQL_FIRST,"[0.00,0.05)",8.132542,1.0,3
68,VECTOR_FIRST_HNSW,"[0.00,0.05)",23.40975,0.4,3
68,HNSW_HYBRID,"[0.00,0.05)",8.858125,1.0,3
68,IVFFLAT_HYBRID,"[0.00,0.05)",8.55725,1.0,3
68,SQL_FIRST,"[0.00,0.05)",8.21425,1.0,4
68,VECTOR_FIRST_HNSW,"[0.00,0.05)",23.019042,0.4,4
68,HNSW_HYBRID,"[0.00,0.05)",8.75175,1.0,4
68,IVFFLAT_HYBRID,"[0.00,0.05)",8.220834,1.0,4
70,SQL_FIRST,"[0.00,0.05)",9.976833,1.0,0
70,VECTOR_FIRST_HNSW,"[0.00,0.05)",22.926291,0.3,0
70,HNSW_HYBRID,"[0.00,0.05)",10.76475,1.0,0
70,IVFFLAT_HYBRID,"[0.00,0.05)",10.428625,1.0,0
70,SQL_FIRST,"[0.00,0.05)",10.00575,1.0,1
70,VECTOR_FIRST_HNSW,"[0.00,0.05)",22.876,0.3,1
70,HNSW_HYBRID,"[0.00,0.05)",10.484208,1.0,1
70,IVFFLAT_HYBRID,"[0.00,0.05)",10.011833,1.0,1
70,SQL_FIRST,"[0.00,0.05)",10.024708,1.0,2
70,VECTOR_FIRST_HNSW,"[0.00,0.05)",22.860291,0.3,2
70,HNSW_HYBRID,"[0.00,0.05)",10.511667,1.0,2
70,IVFFLAT_HYBRID,"[0.00,0.05)",10.117458,1.0,2
70,SQL_FIRST,"[0.00,0.05)",10.104166,1.0,3
70,VECTOR_FIRST_HNSW,"[0.00,0.05)",22.910375,0.3,3
70,HNSW_HYBRID,"[0.00,0.05)",10.464083,1.0,3
70,IVFFLAT_HYBRID,"[0.00,0.05)",10.044458,1.0,3
70,SQL_FIRST,"[0.00,0.05)",10.118167,1.0,4
70,VECTOR_FIRST_HNSW,"[0.00,0.05)",22.902459,0.3,4
70,HNSW_HYBRID,"[0.00,0.05)",10.413917,1.0,4
70,IVFFLAT_HYBRID,"[0.00,0.05)",10.082375,1.0,4
76,SQL_FIRST,"[0.00,0.05)",9.060416,1.0,0
76,VECTOR_FIRST_HNSW,"[0.00,0.05)",23.653083,0.5,0
76,HNSW_HYBRID,"[0.00,0.05)",9.810875,1.0,0
76,IVFFLAT_HYBRID,"[0.00,0.05)",9.249958,1.0,0
76,SQL_FIRST,"[0.00,0.05)",9.514666,1.0,1
76,VECTOR_FIRST_HNSW,"[0.00,0.05)",22.891584,0.5,1
76,HNSW_HYBRID,"[0.00,0.05)",9.8535,1.0,1
76,IVFFLAT_HYBRID,"[0.00,0.05)",9.428042,1.0,1
76,SQL_FIRST,"[0.00,0.05)",9.37025,1.0,2
76,VECTOR_FIRST_HNSW,"[0.00,0.05)",22.963917,0.5,2
76,HNSW_HYBRID,"[0.00,0.05)",9.709625,1.0,2
76,IVFFLAT_HYBRID,"[0.00,0.05)",9.767875,1.0,2
76,SQL_FIRST,"[0.00,0.05)",10.76825,1.0,3
76,VECTOR_FIRST_HNSW,"[0.00,0.05)",23.067625,0.5,3
76,HNSW_HYBRID,"[0.00,0.05)",9.576875,1.0,3
76,IVFFLAT_HYBRID,"[0.00,0.05)",9.207083,1.0,3
76,SQL_FIRST,"[0.00,0.05)",9.502958,1.0,4
76,VECTOR_FIRST_HNSW,"[0.00,0.05)",22.951708,0.5,4
76,HNSW_HYBRID,"[0.00,0.05)",9.887833,1.0,4
76,IVFFLAT_HYBRID,"[0.00,0.05)",9.054917,1.0,4
78,SQL_FIRST,"[0.00,0.05)",4.788875,1.0,0
78,VECTOR_FIRST_HNSW,"[0.00,0.05)",22.7255,0.0,0
78,HNSW_HYBRID,"[0.00,0.05)",5.358292,1.0,0
78,IVFFLAT_HYBRID,"[0.00,0.05)",4.84875,1.0,0
78,SQL_FIRST,"[0.00,0.05)",4.778041,1.0,1
78,VECTOR_FIRST_HNSW,"[0.00,0.05)",22.900875,0.0,1
78,HNSW_HYBRID,"[0.00,0.05)",5.405708,1.0,1
78,IVFFLAT_HYBRID,"[0.00,0.05)",4.844542,1.0,1
78,SQL_FIRST,"[0.00,0.05)",4.975833,1.0,2
78,VECTOR_FIRST_HNSW,"[0.00,0.05)",22.670959,0.0,2
78,HNSW_HYBRID,"[0.00,0.05)",7.0485,1.0,2
78,IVFFLAT_HYBRID,"[0.00,0.05)",5.68925,1.0,2
78,SQL_FIRST,"[0.00,0.05)",5.929042,1.0,3
78,VECTOR_FIRST_HNSW,"[0.00,0.05)",23.107417,0.0,3
78,HNSW_HYBRID,"[0.00,0.05)",5.2615,1.0,3
78,IVFFLAT_HYBRID,"[0.00,0.05)",4.79675,1.0,3
78,SQL_FIRST,"[0.00,0.05)",4.786208,1.0,4
78,VECTOR_FIRST_HNSW,"[0.00,0.05)",24.217167,0.0,4
78,HNSW_HYBRID,"[0.00,0.05)",5.530875,1.0,4
78,IVFFLAT_HYBRID,"[0.00,0.05)",5.015417,1.0,4
79,SQL_FIRST,"[0.00,0.05)",10.333625,1.0,0
79,VECTOR_FIRST_HNSW,"[0.00,0.05)",23.025125,0.3,0
79,HNSW_HYBRID,"[0.00,0.05)",10.753083,1.0,0
79,IVFFLAT_HYBRID,"[0.00,0.05)",10.478166,1.0,0
79,SQL_FIRST,"[0.00,0.05)",10.456791,1.0,1
79,VECTOR_FIRST_HNSW,"[0.00,0.05)",23.065875,0.3,1
79,HNSW_HYBRID,"[0.00,0.05)",10.740125,1.0,1
79,IVFFLAT_HYBRID,"[0.00,0.05)",10.289042,1.0,1
79,SQL_FIRST,"[0.00,0.05)",10.606917,1.0,2
79,VECTOR_FIRST_HNSW,"[0.00,0.05)",22.886542,0.3,2
79,HNSW_HYBRID,"[0.00,0.05)",11.0355,1.0,2
79,IVFFLAT_HYBRID,"[0.00,0.05)",10.107125,1.0,2
79,SQL_FIRST,"[0.00,0.05)",10.096917,1.0,3
79,VECTOR_FIRST_HNSW,"[0.00,0.05)",22.946166,0.3,3
79,HNSW_HYBRID,"[0.00,0.05)",10.695708,1.0,3
79,IVFFLAT_HYBRID,"[0.00,0.05)",10.656083,1.0,3
79,SQL_FIRST,"[0.00,0.05)",10.196333,1.0,4
79,VECTOR_FIRST_HNSW,"[0.00,0.05)",22.968167,0.3,4
79,HNSW_HYBRID,"[0.00,0.05)",11.108625,1.0,4
79,IVFFLAT_HYBRID,"[0.00,0.05)",10.408875,1.0,4
81,SQL_FIRST,"[0.00,0.05)",10.667125,1.0,0
81,VECTOR_FIRST_HNSW,"[0.00,0.05)",22.828792,0.1,0
81,HNSW_HYBRID,"[0.00,0.05)",18.787083,1.0,0
81,IVFFLAT_HYBRID,"[0.00,0.05)",13.918958,1.0,0
81,SQL_FIRST,"[0.00,0.05)",11.641541,1.0,1
81,VECTOR_FIRST_HNSW,"[0.00,0.05)",26.554917,0.1,1
81,HNSW_HYBRID,"[0.00,0.05)",11.877083,1.0,1
81,IVFFLAT_HYBRID,"[0.00,0.05)",11.346834,1.0,1
81,SQL_FIRST,"[0.00,0.05)",11.364708,1.0,2
81,VECTOR_FIRST_HNSW,"[0.00,0.05)",24.510125,0.1,2
81,HNSW_HYBRID,"[0.00,0.05)",11.554375,1.0,2
81,IVFFLAT_HYBRID,"[0.00,0.05)",11.502042,1.0,2
81,SQL_FIRST,"[0.00,0.05)",11.0045,1.0,3
81,VECTOR_FIRST_HNSW,"[0.00,0.05)",22.951833,0.1,3
81,HNSW_HYBRID,"[0.00,0.05)",11.131209,1.0,3
81,IVFFLAT_HYBRID,"[0.00,0.05)",11.046833,1.0,3
81,SQL_FIRST,"[0.00,0.05)",10.83475,1.0,4
81,VECTOR_FIRST_HNSW,"[0.00,0.05)",23.175125,0.1,4
81,HNSW_HYBRID,"[0.00,0.05)",11.26125,1.0,4
81,IVFFLAT_HYBRID,"[0.00,0.05)",10.709917,1.0,4
83,SQL_FIRST,"[0.00,0.05)",5.911583,1.0,0
83,VECTOR_FIRST_HNSW,"[0.00,0.05)",22.905916,0.1,0
83,HNSW_HYBRID,"[0.00,0.05)",6.777625,1.0,0
83,IVFFLAT_HYBRID,"[0.00,0.05)",6.116875,1.0,0
83,SQL_FIRST,"[0.00,0.05)",5.966416,1.0,1
83,VECTOR_FIRST_HNSW,"[0.00,0.05)",22.99,0.1,1
83,HNSW_HYBRID,"[0.00,0.05)",6.557,1.0,1
83,IVFFLAT_HYBRID,"[0.00,0.05)",6.113542,1.0,1
83,SQL_FIRST,"[0.00,0.05)",5.995916,1.0,2
83,VECTOR_FIRST_HNSW,"[0.00,0.05)",23.41475,0.1,2
83,HNSW_HYBRID,"[0.00,0.05)",6.62625,1.0,2
83,IVFFLAT_HYBRID,"[0.00,0.05)",6.256709,1.0,2
83,SQL_FIRST,"[0.00,0.05)",6.156375,1.0,3
83,VECTOR_FIRST_HNSW,"[0.00,0.05)",22.916,0.1,3
83,HNSW_HYBRID,"[0.00,0.05)",6.784291,1.0,3
83,IVFFLAT_HYBRID,"[0.00,0.05)",6.11425,1.0,3
83,SQL_FIRST,"[0.00,0.05)",6.050708,1.0,4
83,VECTOR_FIRST_HNSW,"[0.00,0.05)",22.892209,0.1,4
83,HNSW_HYBRID,"[0.00,0.05)",6.826375,1.0,4
83,IVFFLAT_HYBRID,"[0.00,0.05)",6.09175,1.0,4
84,SQL_FIRST,"[0.00,0.05)",8.919125,1.0,0
84,VECTOR_FIRST_HNSW,"[0.00,0.05)",23.624166,0.5,0
84,HNSW_HYBRID,"[0.00,0.05)",9.708417,1.0,0
84,IVFFLAT_HYBRID,"[0.00,0.05)",9.212791,1.0,0
84,SQL_FIRST,"[0.00,0.05)",9.196125,1.0,1
84,VECTOR_FIRST_HNSW,"[0.00,0.05)",23.0985,0.5,1
84,HNSW_HYBRID,"[0.00,0.05)",10.163417,1.0,1
84,IVFFLAT_HYBRID,"[0.00,0.05)",9.275375,1.0,1
84,SQL_FIRST,"[0.00,0.05)",8.939667,1.0,2
84,VECTOR_FIRST_HNSW,"[0.00,0.05)",22.930583,0.5,2
84,HNSW_HYBRID,"[0.00,0.05)",9.297875,1.0,2
84,IVFFLAT_HYBRID,"[0.00,0.05)",9.19025,1.0,2
84,SQL_FIRST,"[0.00,0.05)",9.1145,1.0,3
84,VECTOR_FIRST_HNSW,"[0.00,0.05)",23.047667,0.5,3
84,HNSW_HYBRID,"[0.00,0.05)",9.24175,1.0,3
84,IVFFLAT_HYBRID,"[0.00,0.05)",8.96425,1.0,3
84,SQL_FIRST,"[0.00,0.05)",8.793083,1.0,4
84,VECTOR_FIRST_HNSW,"[0.00,0.05)",22.927375,0.5,4
84,HNSW_HYBRID,"[0.00,0.05)",9.408417,1.0,4
84,IVFFLAT_HYBRID,"[0.00,0.05)",9.284792,1.0,4
86,SQL_FIRST,"[0.00,0.05)",8.167125,1.0,0
86,VECTOR_FIRST_HNSW,"[0.00,0.05)",22.904458,0.1,0
86,HNSW_HYBRID,"[0.00,0.05)",8.915417,1.0,0
86,IVFFLAT_HYBRID,"[0.00,0.05)",8.4825,1.0,0
86,SQL_FIRST,"[0.00,0.05)",8.854042,1.0,1
86,VECTOR_FIRST_HNSW,"[0.00,0.05)",22.799,0.1,1
86,HNSW_HYBRID,"[0.00,0.05)",8.878667,1.0,1
86,IVFFLAT_HYBRID,"[0.00,0.05)",8.137375,1.0,1
86,SQL_FIRST,"[0.00,0.05)",8.390459,1.0,2
86,VECTOR_FIRST_HNSW,"[0.00,0.05)",22.945416,0.1,2
86,HNSW_HYBRID,"[0.00,0.05)",8.90025,1.0,2
86,IVFFLAT_HYBRID,"[0.00,0.05)",8.32775,1.0,2
86,SQL_FIRST,"[0.00,0.05)",8.2695,1.0,3
86,VECTOR_FIRST_HNSW,"[0.00,0.05)",22.864083,0.1,3
86,HNSW_HYBRID,"[0.00,0.05)",9.021208,1.0,3
86,IVFFLAT_HYBRID,"[0.00,0.05)",8.243916,1.0,3
86,SQL_FIRST,"[0.00,0.05)",8.376416,1.0,4
86,VECTOR_FIRST_HNSW,"[0.00,0.05)",23.088375,0.1,4
86,HNSW_HYBRID,"[0.00,0.05)",9.0295,1.0,4
86,IVFFLAT_HYBRID,"[0.00,0.05)",8.954708,1.0,4
88,SQL_FIRST,"[0.00,0.05)",4.7445,1.0,0
88,VECTOR_FIRST_HNSW,"[0.00,0.05)",23.307125,0.0,0
88,HNSW_HYBRID,"[0.00,0.05)",5.2415,1.0,0
88,IVFFLAT_HYBRID,"[0.00,0.05)",4.723084,1.0,0
88,SQL_FIRST,"[0.00,0.05)",4.843042,1.0,1
88,VECTOR_FIRST_HNSW,"[0.00,0.05)",22.992125,0.0,1
88,HNSW_HYBRID,"[0.00,0.05)",5.189667,1.0,1
88,IVFFLAT_HYBRID,"[0.00,0.05)",4.695958,1.0,1
88,SQL_FIRST,"[0.00,0.05)",4.798417,1.0,2
88,VECTOR_FIRST_HNSW,"[0.00,0.05)",22.975041,0.0,2
88,HNSW_HYBRID,"[0.00,0.05)",5.174833,1.0,2
88,IVFFLAT_HYBRID,"[0.00,0.05)",4.870167,1.0,2
88,SQL_FIRST,"[0.00,0.05)",4.702375,1.0,3
88,VECTOR_FIRST_HNSW,"[0.00,0.05)",22.7835,0.0,3
88,HNSW_HYBRID,"[0.00,0.05)",5.382666,1.0,3
88,IVFFLAT_HYBRID,"[0.00,0.05)",4.771458,1.0,3
88,SQL_FIRST,"[0.00,0.05)",4.688125,1.0,4
88,VECTOR_FIRST_HNSW,"[0.00,0.05)",22.937875,0.0,4
88,HNSW_HYBRID,"[0.00,0.05)",5.266667,1.0,4
88,IVFFLAT_HYBRID,"[0.00,0.05)",5.176583,1.0,4
90,SQL_FIRST,"[0.00,0.05)",8.735791,1.0,0
90,VECTOR_FIRST_HNSW,"[0.00,0.05)",22.881542,0.2,0
90,HNSW_HYBRID,"[0.00,0.05)",9.455917,1.0,0
90,IVFFLAT_HYBRID,"[0.00,0.05)",9.354459,1.0,0
90,SQL_FIRST,"[0.00,0.05)",8.715333,1.0,1
90,VECTOR_FIRST_HNSW,"[0.00,0.05)",22.920375,0.2,1
90,HNSW_HYBRID,"[0.00,0.05)",9.436542,1.0,1
90,IVFFLAT_HYBRID,"[0.00,0.05)",9.15025,1.0,1
90,SQL_FIRST,"[0.00,0.05)",8.898,1.0,2
90,VECTOR_FIRST_HNSW,"[0.00,0.05)",23.127833,0.2,2
90,HNSW_HYBRID,"[0.00,0.05)",9.720292,1.0,2
90,IVFFLAT_HYBRID,"[0.00,0.05)",10.399833,1.0,2
90,SQL_FIRST,"[0.00,0.05)",10.620917,1.0,3
90,VECTOR_FIRST_HNSW,"[0.00,0.05)",22.885208,0.2,3
90,HNSW_HYBRID,"[0.00,0.05)",9.574417,1.0,3
90,IVFFLAT_HYBRID,"[0.00,0.05)",8.626084,1.0,3
90,SQL_FIRST,"[0.00,0.05)",8.811333,1.0,4
90,VECTOR_FIRST_HNSW,"[0.00,0.05)",23.975917,0.2,4
90,HNSW_HYBRID,"[0.00,0.05)",9.382708,1.0,4
90,IVFFLAT_HYBRID,"[0.00,0.05)",8.57075,1.0,4
93,SQL_FIRST,"[0.00,0.05)",6.291583,1.0,0
93,VECTOR_FIRST_HNSW,"[0.00,0.05)",22.920292,0.3,0
93,HNSW_HYBRID,"[0.00,0.05)",6.840875,1.0,0
93,IVFFLAT_HYBRID,"[0.00,0.05)",6.267958,1.0,0
93,SQL_FIRST,"[0.00,0.05)",6.232959,1.0,1
93,VECTOR_FIRST_HNSW,"[0.00,0.05)",22.930125,0.3,1
93,HNSW_HYBRID,"[0.00,0.05)",6.960917,1.0,1
93,IVFFLAT_HYBRID,"[0.00,0.05)",6.2165,1.0,1
93,SQL_FIRST,"[0.00,0.05)",6.495208,1.0,2
93,VECTOR_FIRST_HNSW,"[0.00,0.05)",22.811334,0.3,2
93,HNSW_HYBRID,"[0.00,0.05)",7.104041,1.0,2
93,IVFFLAT_HYBRID,"[0.00,0.05)",6.383625,1.0,2
93,SQL_FIRST,"[0.00,0.05)",6.335625,1.0,3
93,VECTOR_FIRST_HNSW,"[0.00,0.05)",22.991458,0.3,3
93,HNSW_HYBRID,"[0.00,0.05)",6.897917,1.0,3
93,IVFFLAT_HYBRID,"[0.00,0.05)",6.35475,1.0,3
93,SQL_FIRST,"[0.00,0.05)",6.182375,1.0,4
93,VECTOR_FIRST_HNSW,"[0.00,0.05)",23.031834,0.3,4
93,HNSW_HYBRID,"[0.00,0.05)",6.91125,1.0,4
93,IVFFLAT_HYBRID,"[0.00,0.05)",6.197875,1.0,4
94,SQL_FIRST,"[0.00,0.05)",9.33525,1.0,0
94,VECTOR_FIRST_HNSW,"[0.00,0.05)",22.858292,0.4,0
94,HNSW_HYBRID,"[0.00,0.05)",9.48525,1.0,0
94,IVFFLAT_HYBRID,"[0.00,0.05)",9.619875,1.0,0
94,SQL_FIRST,"[0.00,0.05)",9.312125,1.0,1
94,VECTOR_FIRST_HNSW,"[0.00,0.05)",22.932209,0.4,1
94,HNSW_HYBRID,"[0.00,0.05)",9.57475,1.0,1
94,IVFFLAT_HYBRID,"[0.00,0.05)",9.169833,1.0,1
94,SQL_FIRST,"[0.00,0.05)",9.325583,1.0,2
94,VECTOR_FIRST_HNSW,"[0.00,0.05)",22.812792,0.4,2
94,HNSW_HYBRID,"[0.00,0.05)",9.79275,1.0,2
94,IVFFLAT_HYBRID,"[0.00,0.05)",8.959083,1.0,2
94,SQL_FIRST,"[0.00,0.05)",9.1035,1.0,3
94,VECTOR_FIRST_HNSW,"[0.00,0.05)",24.057,0.4,3
94,HNSW_HYBRID,"[0.00,0.05)",9.637625,1.0,3
94,IVFFLAT_HYBRID,"[0.00,0.05)",9.092417,1.0,3
94,SQL_FIRST,"[0.00,0.05)",9.251583,1.0,4
94,VECTOR_FIRST_HNSW,"[0.00,0.05)",23.087541,0.4,4
94,HNSW_HYBRID,"[0.00,0.05)",9.86925,1.0,4
94,IVFFLAT_HYBRID,"[0.00,0.05)",9.38525,1.0,4
95,SQL_FIRST,"[0.00,0.05)",4.187958,1.0,0
95,VECTOR_FIRST_HNSW,"[0.00,0.05)",22.9075,0.0,0
95,HNSW_HYBRID,"[0.00,0.05)",4.747125,1.0,0
95,IVFFLAT_HYBRID,"[0.00,0.05)",4.453458,1.0,0
95,SQL_FIRST,"[0.00,0.05)",4.243584,1.0,1
95,VECTOR_FIRST_HNSW,"[0.00,0.05)",23.274042,0.0,1
95,HNSW_HYBRID,"[0.00,0.05)",4.653292,1.0,1
95,IVFFLAT_HYBRID,"[0.00,0.05)",4.272458,1.0,1
95,SQL_FIRST,"[0.00,0.05)",4.300375,1.0,2
95,VECTOR_FIRST_HNSW,"[0.00,0.05)",22.826125,0.0,2
95,HNSW_HYBRID,"[0.00,0.05)",4.76825,1.0,2
95,IVFFLAT_HYBRID,"[0.00,0.05)",4.376,1.0,2
95,SQL_FIRST,"[0.00,0.05)",4.26025,1.0,3
95,VECTOR_FIRST_HNSW,"[0.00,0.05)",22.894667,0.0,3
95,HNSW_HYBRID,"[0.00,0.05)",4.88375,1.0,3
95,IVFFLAT_HYBRID,"[0.00,0.05)",4.260834,1.0,3
95,SQL_FIRST,"[0.00,0.05)",4.229042,1.0,4
95,VECTOR_FIRST_HNSW,"[0.00,0.05)",22.882833,0.0,4
95,HNSW_HYBRID,"[0.00,0.05)",4.652833,1.0,4
95,IVFFLAT_HYBRID,"[0.00,0.05)",4.369791,1.0,4
96,SQL_FIRST,"[0.00,0.05)",9.060542,1.0,0
96,VECTOR_FIRST_HNSW,"[0.00,0.05)",22.942208,0.4,0
96,HNSW_HYBRID,"[0.00,0.05)",9.511208,1.0,0
96,IVFFLAT_HYBRID,"[0.00,0.05)",9.239375,1.0,0
96,SQL_FIRST,"[0.00,0.05)",9.029458,1.0,1
96,VECTOR_FIRST_HNSW,"[0.00,0.05)",22.881666,0.4,1
96,HNSW_HYBRID,"[0.00,0.05)",9.404959,1.0,1
96,IVFFLAT_HYBRID,"[0.00,0.05)",9.363209,1.0,1
96,SQL_FIRST,"[0.00,0.05)",8.995667,1.0,2
96,VECTOR_FIRST_HNSW,"[0.00,0.05)",23.001417,0.4,2
96,HNSW_HYBRID,"[0.00,0.05)",9.306916,1.0,2
96,IVFFLAT_HYBRID,"[0.00,0.05)",8.963291,1.0,2
96,SQL_FIRST,"[0.00,0.05)",9.371625,1.0,3
96,VECTOR_FIRST_HNSW,"[0.00,0.05)",23.534125,0.4,3
96,HNSW_HYBRID,"[0.00,0.05)",9.576708,1.0,3
96,IVFFLAT_HYBRID,"[0.00,0.05)",8.723958,1.0,3
96,SQL_FIRST,"[0.00,0.05)",8.671,1.0,4
96,VECTOR_FIRST_HNSW,"[0.00,0.05)",23.442625,0.4,4
96,HNSW_HYBRID,"[0.00,0.05)",9.45325,1.0,4
96,IVFFLAT_HYBRID,"[0.00,0.05)",8.880167,1.0,4
97,SQL_FIRST,"[0.00,0.05)",8.849208,1.0,0
97,VECTOR_FIRST_HNSW,"[0.00,0.05)",22.877541,0.0,0
97,HNSW_HYBRID,"[0.00,0.05)",9.309375,1.0,0
97,IVFFLAT_HYBRID,"[0.00,0.05)",9.199084,1.0,0
97,SQL_FIRST,"[0.00,0.05)",8.892125,1.0,1
97,VECTOR_FIRST_HNSW,"[0.00,0.05)",22.859041,0.0,1
97,HNSW_HYBRID,"[0.00,0.05)",9.144916,1.0,1
97,IVFFLAT_HYBRID,"[0.00,0.05)",8.844,1.0,1
97,SQL_FIRST,"[0.00,0.05)",8.770875,1.0,2
97,VECTOR_FIRST_HNSW,"[0.00,0.05)",22.883625,0.0,2
97,HNSW_HYBRID,"[0.00,0.05)",9.105125,1.0,2
97,IVFFLAT_HYBRID,"[0.00,0.05)",9.21725,1.0,2
97,SQL_FIRST,"[0.00,0.05)",8.489209,1.0,3
97,VECTOR_FIRST_HNSW,"[0.00,0.05)",23.775125,0.0,3
97,HNSW_HYBRID,"[0.00,0.05)",9.595209,1.0,3
97,IVFFLAT_HYBRID,"[0.00,0.05)",9.298083,1.0,3
97,SQL_FIRST,"[0.00,0.05)",9.177458,1.0,4
97,VECTOR_FIRST_HNSW,"[0.00,0.05)",25.147708,0.0,4
97,HNSW_HYBRID,"[0.00,0.05)",9.569292,1.0,4
97,IVFFLAT_HYBRID,"[0.00,0.05)",8.923917,1.0,4
98,SQL_FIRST,"[0.00,0.05)",9.131583,1.0,0
98,VECTOR_FIRST_HNSW,"[0.00,0.05)",23.034459,0.1,0
98,HNSW_HYBRID,"[0.00,0.05)",9.499,1.0,0
98,IVFFLAT_HYBRID,"[0.00,0.05)",9.569333,1.0,0
98,SQL_FIRST,"[0.00,0.05)",9.42475,1.0,1
98,VECTOR_FIRST_HNSW,"[0.00,0.05)",23.723708,0.1,1
98,HNSW_HYBRID,"[0.00,0.05)",9.685125,1.0,1
98,IVFFLAT_HYBRID,"[0.00,0.05)",8.995292,1.0,1
98,SQL_FIRST,"[0.00,0.05)",9.001334,1.0,2
98,VECTOR_FIRST_HNSW,"[0.00,0.05)",23.531375,0.1,2
98,HNSW_HYBRID,"[0.00,0.05)",9.628875,1.0,2
98,IVFFLAT_HYBRID,"[0.00,0.05)",9.080916,1.0,2
98,SQL_FIRST,"[0.00,0.05)",9.607167,1.0,3
98,VECTOR_FIRST_HNSW,"[0.00,0.05)",22.965834,0.1,3
98,HNSW_HYBRID,"[0.00,0.05)",9.864625,1.0,3
98,IVFFLAT_HYBRID,"[0.00,0.05)",9.276584,1.0,3
98,SQL_FIRST,"[0.00,0.05)",9.274,1.0,4
98,VECTOR_FIRST_HNSW,"[0.00,0.05)",23.0235,0.1,4
98,HNSW_HYBRID,"[0.00,0.05)",9.644375,1.0,4
98,IVFFLAT_HYBRID,"[0.00,0.05)",9.623041,1.0,4
100,SQL_FIRST,"[0.00,0.05)",5.128291,1.0,0
100,VECTOR_FIRST_HNSW,"[0.00,0.05)",22.875,0.1,0
100,HNSW_HYBRID,"[0.00,0.05)",5.643417,1.0,0
100,IVFFLAT_HYBRID,"[0.00,0.05)",5.114458,1.0,0
100,SQL_FIRST,"[0.00,0.05)",5.047459,1.0,1
100,VECTOR_FIRST_HNSW,"[0.00,0.05)",22.83125,0.1,1
100,HNSW_HYBRID,"[0.00,0.05)",5.862084,1.0,1
100,IVFFLAT_HYBRID,"[0.00,0.05)",5.154416,1.0,1
100,SQL_FIRST,"[0.00,0.05)",5.09,1.0,2
100,VECTOR_FIRST_HNSW,"[0.00,0.05)",23.698875,0.1,2
100,HNSW_HYBRID,"[0.00,0.05)",5.605917,1.0,2
100,IVFFLAT_HYBRID,"[0.00,0.05)",5.1265,1.0,2
100,SQL_FIRST,"[0.00,0.05)",5.096833,1.0,3
100,VECTOR_FIRST_HNSW,"[0.00,0.05)",22.863166,0.1,3
100,HNSW_HYBRID,"[0.00,0.05)",5.745583,1.0,3
100,IVFFLAT_HYBRID,"[0.00,0.05)",5.147708,1.0,3
100,SQL_FIRST,"[0.00,0.05)",5.065625,1.0,4
100,VECTOR_FIRST_HNSW,"[0.00,0.05)",22.916541,0.1,4
100,HNSW_HYBRID,"[0.00,0.05)",5.684125,1.0,4
100,IVFFLAT_HYBRID,"[0.00,0.05)",5.212667,1.0,4
101,SQL_FIRST,"[0.00,0.05)",8.74275,1.0,0
101,VECTOR_FIRST_HNSW,"[0.00,0.05)",23.572542,0.6,0
101,HNSW_HYBRID,"[0.00,0.05)",9.6765,1.0,0
101,IVFFLAT_HYBRID,"[0.00,0.05)",9.27625,1.0,0
101,SQL_FIRST,"[0.00,0.05)",8.952958,1.0,1
101,VECTOR_FIRST_HNSW,"[0.00,0.05)",23.143125,0.6,1
101,HNSW_HYBRID,"[0.00,0.05)",9.567833,1.0,1
101,IVFFLAT_HYBRID,"[0.00,0.05)",9.439333,1.0,1
101,SQL_FIRST,"[0.00,0.05)",9.164542,1.0,2
101,VECTOR_FIRST_HNSW,"[0.00,0.05)",22.927708,0.6,2
101,HNSW_HYBRID,"[0.00,0.05)",9.455041,1.0,2
101,IVFFLAT_HYBRID,"[0.00,0.05)",8.931291,1.0,2
101,SQL_FIRST,"[0.00,0.05)",9.482208,1.0,3
101,VECTOR_FIRST_HNSW,"[0.00,0.05)",22.849667,0.6,3
101,HNSW_HYBRID,"[0.00,0.05)",9.662333,1.0,3
101,IVFFLAT_HYBRID,"[0.00,0.05)",9.002459,1.0,3
101,SQL_FIRST,"[0.00,0.05)",8.964584,1.0,4
101,VECTOR_FIRST_HNSW,"[0.00,0.05)",22.88025,0.6,4
101,HNSW_HYBRID,"[0.00,0.05)",9.466791,1.0,4
101,IVFFLAT_HYBRID,"[0.00,0.05)",8.786125,1.0,4
105,SQL_FIRST,"[0.00,0.05)",8.872458,1.0,0
105,VECTOR_FIRST_HNSW,"[0.00,0.05)",22.817416,0.4,0
105,HNSW_HYBRID,"[0.00,0.05)",9.5175,1.0,0
105,IVFFLAT_HYBRID,"[0.00,0.05)",9.597958,1.0,0
105,SQL_FIRST,"[0.00,0.05)",9.276875,1.0,1
105,VECTOR_FIRST_HNSW,"[0.00,0.05)",23.028583,0.4,1
105,HNSW_HYBRID,"[0.00,0.05)",9.5235,1.0,1
105,IVFFLAT_HYBRID,"[0.00,0.05)",8.919542,1.0,1
105,SQL_FIRST,"[0.00,0.05)",9.129416,1.0,2
105,VECTOR_FIRST_HNSW,"[0.00,0.05)",23.04625,0.4,2
105,HNSW_HYBRID,"[0.00,0.05)",9.581292,1.0,2
105,IVFFLAT_HYBRID,"[0.00,0.05)",9.561708,1.0,2
105,SQL_FIRST,"[0.00,0.05)",9.412208,1.0,3
105,VECTOR_FIRST_HNSW,"[0.00,0.05)",22.957458,0.4,3
105,HNSW_HYBRID,"[0.00,0.05)",9.576416,1.0,3
105,IVFFLAT_HYBRID,"[0.00,0.05)",9.07125,1.0,3
105,SQL_FIRST,"[0.00,0.05)",9.31175,1.0,4
105,VECTOR_FIRST_HNSW,"[0.00,0.05)",23.080958,0.4,4
105,HNSW_HYBRID,"[0.00,0.05)",10.182917,1.0,4
105,IVFFLAT_HYBRID,"[0.00,0.05)",9.490458,1.0,4
106,SQL_FIRST,"[0.00,0.05)",9.170041,1.0,0
106,VECTOR_FIRST_HNSW,"[0.00,0.05)",22.956125,0.4,0
106,HNSW_HYBRID,"[0.00,0.05)",9.360417,1.0,0
106,IVFFLAT_HYBRID,"[0.00,0.05)",8.886333,1.0,0
106,SQL_FIRST,"[0.00,0.05)",8.925291,1.0,1
106,VECTOR_FIRST_HNSW,"[0.00,0.05)",22.966708,0.4,1
106,HNSW_HYBRID,"[0.00,0.05)",9.368917,1.0,1
106,IVFFLAT_HYBRID,"[0.00,0.05)",8.764,1.0,1
106,SQL_FIRST,"[0.00,0.05)",9.04125,1.0,2
106,VECTOR_FIRST_HNSW,"[0.00,0.05)",22.84775,0.4,2
106,HNSW_HYBRID,"[0.00,0.05)",9.44025,1.0,2
106,IVFFLAT_HYBRID,"[0.00,0.05)",9.091625,1.0,2
106,SQL_FIRST,"[0.00,0.05)",9.46375,1.0,3
106,VECTOR_FIRST_HNSW,"[0.00,0.05)",22.894958,0.4,3
106,HNSW_HYBRID,"[0.00,0.05)",9.731792,1.0,3
106,IVFFLAT_HYBRID,"[0.00,0.05)",9.051083,1.0,3
106,SQL_FIRST,"[0.00,0.05)",9.006583,1.0,4
106,VECTOR_FIRST_HNSW,"[0.00,0.05)",22.885167,0.4,4
106,HNSW_HYBRID,"[0.00,0.05)",9.331666,1.0,4
106,IVFFLAT_HYBRID,"[0.00,0.05)",9.073375,1.0,4
107,SQL_FIRST,"[0.00,0.05)",5.31825,1.0,0
107,VECTOR_FIRST_HNSW,"[0.00,0.05)",22.877708,0.1,0
107,HNSW_HYBRID,"[0.00,0.05)",6.045334,1.0,0
107,IVFFLAT_HYBRID,"[0.00,0.05)",5.485,1.0,0
107,SQL_FIRST,"[0.00,0.05)",5.349334,1.0,1
107,VECTOR_FIRST_HNSW,"[0.00,0.05)",23.127417,0.1,1
107,HNSW_HYBRID,"[0.00,0.05)",5.9365,1.0,1
107,IVFFLAT_HYBRID,"[0.00,0.05)",5.347542,1.0,1
107,SQL_FIRST,"[0.00,0.05)",5.366833,1.0,2
107,VECTOR_FIRST_HNSW,"[0.00,0.05)",22.843709,0.1,2
107,HNSW_HYBRID,"[0.00,0.05)",5.934334,1.0,2
107,IVFFLAT_HYBRID,"[0.00,0.05)",5.409,1.0,2
107,SQL_FIRST,"[0.00,0.05)",5.398958,1.0,3
107,VECTOR_FIRST_HNSW,"[0.00,0.05)",23.221833,0.1,3
107,HNSW_HYBRID,"[0.00,0.05)",6.127542,1.0,3
107,IVFFLAT_HYBRID,"[0.00,0.05)",5.697042,1.0,3
107,SQL_FIRST,"[0.00,0.05)",5.679625,1.0,4
107,VECTOR_FIRST_HNSW,"[0.00,0.05)",23.10525,0.1,4
107,HNSW_HYBRID,"[0.00,0.05)",5.89225,1.0,4
107,IVFFLAT_HYBRID,"[0.00,0.05)",5.363708,1.0,4
108,SQL_FIRST,"[0.00,0.05)",4.4125,1.0,0
108,VECTOR_FIRST_HNSW,"[0.00,0.05)",22.850916,0.1,0
108,HNSW_HYBRID,"[0.00,0.05)",4.916416,1.0,0
108,IVFFLAT_HYBRID,"[0.00,0.05)",4.484625,1.0,0
108,SQL_FIRST,"[0.00,0.05)",4.4855,1.0,1
108,VECTOR_FIRST_HNSW,"[0.00,0.05)",22.972666,0.1,1
108,HNSW_HYBRID,"[0.00,0.05)",4.92075,1.0,1
108,IVFFLAT_HYBRID,"[0.00,0.05)",4.547292,1.0,1
108,SQL_FIRST,"[0.00,0.05)",4.474333,1.0,2
108,VECTOR_FIRST_HNSW,"[0.00,0.05)",22.764292,0.1,2
108,HNSW_HYBRID,"[0.00,0.05)",5.077792,1.0,2
108,IVFFLAT_HYBRID,"[0.00,0.05)",4.587833,1.0,2
108,SQL_FIRST,"[0.00,0.05)",4.457042,1.0,3
108,VECTOR_FIRST_HNSW,"[0.00,0.05)",22.757,0.1,3
108,HNSW_HYBRID,"[0.00,0.05)",4.912709,1.0,3
108,IVFFLAT_HYBRID,"[0.00,0.05)",4.465167,1.0,3
108,SQL_FIRST,"[0.00,0.05)",4.495708,1.0,4
108,VECTOR_FIRST_HNSW,"[0.00,0.05)",22.897083,0.1,4
108,HNSW_HYBRID,"[0.00,0.05)",4.967,1.0,4
108,IVFFLAT_HYBRID,"[0.00,0.05)",4.528875,1.0,4
109,SQL_FIRST,"[0.00,0.05)",8.808083,1.0,0
109,VECTOR_FIRST_HNSW,"[0.00,0.05)",23.248125,0.4,0
109,HNSW_HYBRID,"[0.00,0.05)",9.125458,1.0,0
109,IVFFLAT_HYBRID,"[0.00,0.05)",9.297833,1.0,0
109,SQL_FIRST,"[0.00,0.05)",9.349375,1.0,1
109,VECTOR_FIRST_HNSW,"[0.00,0.05)",26.739417,0.4,1
109,HNSW_HYBRID,"[0.00,0.05)",9.360125,1.0,1
109,IVFFLAT_HYBRID,"[0.00,0.05)",8.532292,1.0,1
109,SQL_FIRST,"[0.00,0.05)",8.748125,1.0,2
109,VECTOR_FIRST_HNSW,"[0.00,0.05)",24.261666,0.4,2
109,HNSW_HYBRID,"[0.00,0.05)",9.285209,1.0,2
109,IVFFLAT_HYBRID,"[0.00,0.05)",8.73125,1.0,2
109,SQL_FIRST,"[0.00,0.05)",9.053917,1.0,3
109,VECTOR_FIRST_HNSW,"[0.00,0.05)",22.933625,0.4,3
109,HNSW_HYBRID,"[0.00,0.05)",9.3335,1.0,3
109,IVFFLAT_HYBRID,"[0.00,0.05)",8.764375,1.0,3
109,SQL_FIRST,"[0.00,0.05)",8.828125,1.0,4
109,VECTOR_FIRST_HNSW,"[0.00,0.05)",23.137292,0.4,4
109,HNSW_HYBRID,"[0.00,0.05)",9.237792,1.0,4
109,IVFFLAT_HYBRID,"[0.00,0.05)",9.556125,1.0,4
110,SQL_FIRST,"[0.00,0.05)",9.932375,1.0,0
110,VECTOR_FIRST_HNSW,"[0.00,0.05)",23.034875,0.2,0
110,HNSW_HYBRID,"[0.00,0.05)",10.424833,1.0,0
110,IVFFLAT_HYBRID,"[0.00,0.05)",10.085666,1.0,0
110,SQL_FIRST,"[0.00,0.05)",9.8155,1.0,1
110,VECTOR_FIRST_HNSW,"[0.00,0.05)",22.8925,0.2,1
110,HNSW_HYBRID,"[0.00,0.05)",10.346167,1.0,1
110,IVFFLAT_HYBRID,"[0.00,0.05)",9.901583,1.0,1
110,SQL_FIRST,"[0.00,0.05)",9.811625,1.0,2
110,VECTOR_FIRST_HNSW,"[0.00,0.05)",22.98725,0.2,2
110,HNSW_HYBRID,"[0.00,0.05)",10.341291,1.0,2
110,IVFFLAT_HYBRID,"[0.00,0.05)",9.84325,1.0,2
110,SQL_FIRST,"[0.00,0.05)",9.854458,1.0,3
110,VECTOR_FIRST_HNSW,"[0.00,0.05)",23.238667,0.2,3
110,HNSW_HYBRID,"[0.00,0.05)",10.394917,1.0,3
110,IVFFLAT_HYBRID,"[0.00,0.05)",9.975208,1.0,3
110,SQL_FIRST,"[0.00,0.05)",10.245541,1.0,4
110,VECTOR_FIRST_HNSW,"[0.00,0.05)",22.93975,0.2,4
110,HNSW_HYBRID,"[0.00,0.05)",10.2695,1.0,4
110,IVFFLAT_HYBRID,"[0.00,0.05)",9.807875,1.0,4
111,SQL_FIRST,"[0.00,0.05)",7.346667,1.0,0
111,VECTOR_FIRST_HNSW,"[0.00,0.05)",24.783709,0.3,0
111,HNSW_HYBRID,"[0.00,0.05)",7.002833,1.0,0
111,IVFFLAT_HYBRID,"[0.00,0.05)",6.34125,1.0,0
111,SQL_FIRST,"[0.00,0.05)",6.252458,1.0,1
111,VECTOR_FIRST_HNSW,"[0.00,0.05)",23.191417,0.3,1
111,HNSW_HYBRID,"[0.00,0.05)",7.181959,1.0,1
111,IVFFLAT_HYBRID,"[0.00,0.05)",6.816708,1.0,1
111,SQL_FIRST,"[0.00,0.05)",6.3915,1.0,2
111,VECTOR_FIRST_HNSW,"[0.00,0.05)",23.383583,0.3,2
111,HNSW_HYBRID,"[0.00,0.05)",7.048833,1.0,2
111,IVFFLAT_HYBRID,"[0.00,0.05)",6.362375,1.0,2
111,SQL_FIRST,"[0.00,0.05)",6.462459,1.0,3
111,VECTOR_FIRST_HNSW,"[0.00,0.05)",23.232542,0.3,3
111,HNSW_HYBRID,"[0.00,0.05)",7.217834,1.0,3
111,IVFFLAT_HYBRID,"[0.00,0.05)",6.468208,1.0,3
111,SQL_FIRST,"[0.00,0.05)",6.363458,1.0,4
111,VECTOR_FIRST_HNSW,"[0.00,0.05)",22.942791,0.3,4
111,HNSW_HYBRID,"[0.00,0.05)",6.999958,1.0,4
111,IVFFLAT_HYBRID,"[0.00,0.05)",6.7005,1.0,4
112,SQL_FIRST,"[0.00,0.05)",8.922542,1.0,0
112,VECTOR_FIRST_HNSW,"[0.00,0.05)",22.859125,0.3,0
112,HNSW_HYBRID,"[0.00,0.05)",9.496459,1.0,0
112,IVFFLAT_HYBRID,"[0.00,0.05)",8.938417,1.0,0
112,SQL_FIRST,"[0.00,0.05)",8.951,1.0,1
112,VECTOR_FIRST_HNSW,"[0.00,0.05)",22.877625,0.3,1
112,HNSW_HYBRID,"[0.00,0.05)",9.365833,1.0,1
112,IVFFLAT_HYBRID,"[0.00,0.05)",8.923,1.0,1
112,SQL_FIRST,"[0.00,0.05)",9.395333,1.0,2
112,VECTOR_FIRST_HNSW,"[0.00,0.05)",22.855917,0.3,2
112,HNSW_HYBRID,"[0.00,0.05)",9.729208,1.0,2
112,IVFFLAT_HYBRID,"[0.00,0.05)",9.678333,1.0,2
112,SQL_FIRST,"[0.00,0.05)",9.587625,1.0,3
112,VECTOR_FIRST_HNSW,"[0.00,0.05)",23.011459,0.3,3
112,HNSW_HYBRID,"[0.00,0.05)",9.322417,1.0,3
112,IVFFLAT_HYBRID,"[0.00,0.05)",9.300208,1.0,3
112,SQL_FIRST,"[0.00,0.05)",9.121916,1.0,4
112,VECTOR_FIRST_HNSW,"[0.00,0.05)",23.344167,0.3,4
112,HNSW_HYBRID,"[0.00,0.05)",9.356709,1.0,4
112,IVFFLAT_HYBRID,"[0.00,0.05)",9.261875,1.0,4
114,SQL_FIRST,"[0.00,0.05)",9.064208,1.0,0
114,VECTOR_FIRST_HNSW,"[0.00,0.05)",23.318166,0.3,0
114,HNSW_HYBRID,"[0.00,0.05)",9.85925,1.0,0
114,IVFFLAT_HYBRID,"[0.00,0.05)",9.656125,1.0,0
114,SQL_FIRST,"[0.00,0.05)",9.786375,1.0,1
114,VECTOR_FIRST_HNSW,"[0.00,0.05)",22.847333,0.3,1
114,HNSW_HYBRID,"[0.00,0.05)",10.538459,1.0,1
114,IVFFLAT_HYBRID,"[0.00,0.05)",9.444084,1.0,1
114,SQL_FIRST,"[0.00,0.05)",9.213,1.0,2
114,VECTOR_FIRST_HNSW,"[0.00,0.05)",22.965125,0.3,2
114,HNSW_HYBRID,"[0.00,0.05)",9.783292,1.0,2
114,IVFFLAT_HYBRID,"[0.00,0.05)",9.346791,1.0,2
114,SQL_FIRST,"[0.00,0.05)",9.404334,1.0,3
114,VECTOR_FIRST_HNSW,"[0.00,0.05)",22.9345,0.3,3
114,HNSW_HYBRID,"[0.00,0.05)",9.642708,1.0,3
114,IVFFLAT_HYBRID,"[0.00,0.05)",9.226958,1.0,3
114,SQL_FIRST,"[0.00,0.05)",9.071625,1.0,4
114,VECTOR_FIRST_HNSW,"[0.00,0.05)",22.856375,0.3,4
114,HNSW_HYBRID,"[0.00,0.05)",9.775583,1.0,4
114,IVFFLAT_HYBRID,"[0.00,0.05)",9.369416,1.0,4
116,SQL_FIRST,"[0.00,0.05)",8.279333,1.0,0
116,VECTOR_FIRST_HNSW,"[0.00,0.05)",22.830167,0.0,0
116,HNSW_HYBRID,"[0.00,0.05)",8.884792,1.0,0
116,IVFFLAT_HYBRID,"[0.00,0.05)",8.333292,1.0,0
116,SQL_FIRST,"[0.00,0.05)",8.801958,1.0,1
116,VECTOR_FIRST_HNSW,"[0.00,0.05)",22.855,0.0,1
116,HNSW_HYBRID,"[0.00,0.05)",8.795708,1.0,1
116,IVFFLAT_HYBRID,"[0.00,0.05)",8.192917,1.0,1
116,SQL_FIRST,"[0.00,0.05)",8.356875,1.0,2
116,VECTOR_FIRST_HNSW,"[0.00,0.05)",23.040958,0.0,2
116,HNSW_HYBRID,"[0.00,0.05)",8.847958,1.0,2
116,IVFFLAT_HYBRID,"[0.00,0.05)",8.200167,1.0,2
116,SQL_FIRST,"[0.00,0.05)",8.282333,1.0,3
116,VECTOR_FIRST_HNSW,"[0.00,0.05)",22.923125,0.0,3
116,HNSW_HYBRID,"[0.00,0.05)",8.965042,1.0,3
116,IVFFLAT_HYBRID,"[0.00,0.05)",8.299,1.0,3
116,SQL_FIRST,"[0.00,0.05)",8.458666,1.0,4
116,VECTOR_FIRST_HNSW,"[0.00,0.05)",23.199875,0.0,4
116,HNSW_HYBRID,"[0.00,0.05)",9.127,1.0,4
116,IVFFLAT_HYBRID,"[0.00,0.05)",8.271917,1.0,4
119,SQL_FIRST,"[0.00,0.05)",9.731084,1.0,0
119,VECTOR_FIRST_HNSW,"[0.00,0.05)",22.969083,0.8,0
119,HNSW_HYBRID,"[0.00,0.05)",9.552417,1.0,0
119,IVFFLAT_HYBRID,"[0.00,0.05)",9.101458,1.0,0
119,SQL_FIRST,"[0.00,0.05)",9.022583,1.0,1
119,VECTOR_FIRST_HNSW,"[0.00,0.05)",22.9345,0.8,1
119,HNSW_HYBRID,"[0.00,0.05)",9.305583,1.0,1
119,IVFFLAT_HYBRID,"[0.00,0.05)",9.481833,1.0,1
119,SQL_FIRST,"[0.00,0.05)",9.107166,1.0,2
119,VECTOR_FIRST_HNSW,"[0.00,0.05)",22.935125,0.8,2
119,HNSW_HYBRID,"[0.00,0.05)",9.416708,1.0,2
119,IVFFLAT_HYBRID,"[0.00,0.05)",9.208542,1.0,2
119,SQL_FIRST,"[0.00,0.05)",9.174958,1.0,3
119,VECTOR_FIRST_HNSW,"[0.00,0.05)",22.770625,0.8,3
119,HNSW_HYBRID,"[0.00,0.05)",9.71375,1.0,3
119,IVFFLAT_HYBRID,"[0.00,0.05)",9.30575,1.0,3
119,SQL_FIRST,"[0.00,0.05)",9.42825,1.0,4
119,VECTOR_FIRST_HNSW,"[0.00,0.05)",22.847375,0.8,4
119,HNSW_HYBRID,"[0.00,0.05)",9.606708,1.0,4
119,IVFFLAT_HYBRID,"[0.00,0.05)",9.174792,1.0,4
121,SQL_FIRST,"[0.00,0.05)",5.689375,1.0,0
121,VECTOR_FIRST_HNSW,"[0.00,0.05)",23.124917,0.0,0
121,HNSW_HYBRID,"[0.00,0.05)",6.280833,1.0,0
121,IVFFLAT_HYBRID,"[0.00,0.05)",5.703916,1.0,0
121,SQL_FIRST,"[0.00,0.05)",5.583167,1.0,1
121,VECTOR_FIRST_HNSW,"[0.00,0.05)",22.826625,0.0,1
121,HNSW_HYBRID,"[0.00,0.05)",6.29275,1.0,1
121,IVFFLAT_HYBRID,"[0.00,0.05)",5.6695,1.0,1
121,SQL_FIRST,"[0.00,0.05)",5.614333,1.0,2
121,VECTOR_FIRST_HNSW,"[0.00,0.05)",22.852084,0.0,2
121,HNSW_HYBRID,"[0.00,0.05)",6.262,1.0,2
121,IVFFLAT_HYBRID,"[0.00,0.05)",5.751791,1.0,2
121,SQL_FIRST,"[0.00,0.05)",5.7305,1.0,3
121,VECTOR_FIRST_HNSW,"[0.00,0.05)",23.067583,0.0,3
121,HNSW_HYBRID,"[0.00,0.05)",6.498209,1.0,3
121,IVFFLAT_HYBRID,"[0.00,0.05)",5.653333,1.0,3
121,SQL_FIRST,"[0.00,0.05)",5.645541,1.0,4
121,VECTOR_FIRST_HNSW,"[0.00,0.05)",23.522291,0.0,4
121,HNSW_HYBRID,"[0.00,0.05)",6.150958,1.0,4
121,IVFFLAT_HYBRID,"[0.00,0.05)",5.741916,1.0,4
124,SQL_FIRST,"[0.00,0.05)",10.620667,1.0,0
124,VECTOR_FIRST_HNSW,"[0.00,0.05)",23.055041,0.2,0
124,HNSW_HYBRID,"[0.00,0.05)",11.288875,1.0,0
124,IVFFLAT_HYBRID,"[0.00,0.05)",10.930708,1.0,0
124,SQL_FIRST,"[0.00,0.05)",10.852959,1.0,1
124,VECTOR_FIRST_HNSW,"[0.00,0.05)",23.460834,0.2,1
124,HNSW_HYBRID,"[0.00,0.05)",11.227708,1.0,1
124,IVFFLAT_HYBRID,"[0.00,0.05)",10.781375,1.0,1
124,SQL_FIRST,"[0.00,0.05)",10.892791,1.0,2
124,VECTOR_FIRST_HNSW,"[0.00,0.05)",22.872792,0.2,2
124,HNSW_HYBRID,"[0.00,0.05)",11.105792,1.0,2
124,IVFFLAT_HYBRID,"[0.00,0.05)",10.843833,1.0,2
124,SQL_FIRST,"[0.00,0.05)",10.644042,1.0,3
124,VECTOR_FIRST_HNSW,"[0.00,0.05)",22.8995,0.2,3
124,HNSW_HYBRID,"[0.00,0.05)",11.119541,1.0,3
124,IVFFLAT_HYBRID,"[0.00,0.05)",10.940833,1.0,3
124,SQL_FIRST,"[0.00,0.05)",11.460834,1.0,4
124,VECTOR_FIRST_HNSW,"[0.00,0.05)",22.990375,0.2,4
124,HNSW_HYBRID,"[0.00,0.05)",11.1125,1.0,4
124,IVFFLAT_HYBRID,"[0.00,0.05)",10.950625,1.0,4
128,SQL_FIRST,"[0.00,0.05)",8.640167,1.0,0
128,VECTOR_FIRST_HNSW,"[0.00,0.05)",23.022708,0.0,0
128,HNSW_HYBRID,"[0.00,0.05)",7.830416,1.0,0
128,IVFFLAT_HYBRID,"[0.00,0.05)",7.17025,1.0,0
128,SQL_FIRST,"[0.00,0.05)",7.47525,1.0,1
128,VECTOR_FIRST_HNSW,"[0.00,0.05)",22.985208,0.0,1
128,HNSW_HYBRID,"[0.00,0.05)",8.213,1.0,1
128,IVFFLAT_HYBRID,"[0.00,0.05)",7.261625,1.0,1
128,SQL_FIRST,"[0.00,0.05)",7.300917,1.0,2
128,VECTOR_FIRST_HNSW,"[0.00,0.05)",23.899417,0.0,2
128,HNSW_HYBRID,"[0.00,0.05)",7.927417,1.0,2
128,IVFFLAT_HYBRID,"[0.00,0.05)",7.204416,1.0,2
128,SQL_FIRST,"[0.00,0.05)",7.101041,1.0,3
128,VECTOR_FIRST_HNSW,"[0.00,0.05)",23.767375,0.0,3
128,HNSW_HYBRID,"[0.00,0.05)",7.968167,1.0,3
128,IVFFLAT_HYBRID,"[0.00,0.05)",7.383292,1.0,3
128,SQL_FIRST,"[0.00,0.05)",7.080083,1.0,4
128,VECTOR_FIRST_HNSW,"[0.00,0.05)",22.953167,0.0,4
128,HNSW_HYBRID,"[0.00,0.05)",7.945791,1.0,4
128,IVFFLAT_HYBRID,"[0.00,0.05)",7.33,1.0,4
129,SQL_FIRST,"[0.00,0.05)",9.358583,1.0,0
129,VECTOR_FIRST_HNSW,"[0.00,0.05)",22.804083,0.6,0
129,HNSW_HYBRID,"[0.00,0.05)",9.531,1.0,0
129,IVFFLAT_HYBRID,"[0.00,0.05)",9.10475,1.0,0
129,SQL_FIRST,"[0.00,0.05)",9.532333,1.0,1
129,VECTOR_FIRST_HNSW,"[0.00,0.05)",22.825,0.6,1
129,HNSW_HYBRID,"[0.00,0.05)",9.914583,1.0,1
129,IVFFLAT_HYBRID,"[0.00,0.05)",9.153042,1.0,1
129,SQL_FIRST,"[0.00,0.05)",9.458042,1.0,2
129,VECTOR_FIRST_HNSW,"[0.00,0.05)",23.674083,0.6,2
129,HNSW_HYBRID,"[0.00,0.05)",9.751334,1.0,2
129,IVFFLAT_HYBRID,"[0.00,0.05)",9.381667,1.0,2
129,SQL_FIRST,"[0.00,0.05)",9.20275,1.0,3
129,VECTOR_FIRST_HNSW,"[0.00,0.05)",22.875167,0.6,3
129,HNSW_HYBRID,"[0.00,0.05)",9.499875,1.0,3
129,IVFFLAT_HYBRID,"[0.00,0.05)",9.254708,1.0,3
129,SQL_FIRST,"[0.00,0.05)",9.043584,1.0,4
129,VECTOR_FIRST_HNSW,"[0.00,0.05)",22.739583,0.6,4
129,HNSW_HYBRID,"[0.00,0.05)",9.507625,1.0,4
129,IVFFLAT_HYBRID,"[0.00,0.05)",9.584666,1.0,4
130,SQL_FIRST,"[0.00,0.05)",11.050167,1.0,0
130,VECTOR_FIRST_HNSW,"[0.00,0.05)",23.544542,0.3,0
130,HNSW_HYBRID,"[0.00,0.05)",11.312,1.0,0
130,IVFFLAT_HYBRID,"[0.00,0.05)",11.027333,1.0,0
130,SQL_FIRST,"[0.00,0.05)",11.835125,1.0,1
130,VECTOR_FIRST_HNSW,"[0.00,0.05)",23.634083,0.3,1
130,HNSW_HYBRID,"[0.00,0.05)",11.534625,1.0,1
130,IVFFLAT_HYBRID,"[0.00,0.05)",11.029625,1.0,1
130,SQL_FIRST,"[0.00,0.05)",10.863791,1.0,2
130,VECTOR_FIRST_HNSW,"[0.00,0.05)",22.973625,0.3,2
130,HNSW_HYBRID,"[0.00,0.05)",11.38825,1.0,2
130,IVFFLAT_HYBRID,"[0.00,0.05)",11.033417,1.0,2
130,SQL_FIRST,"[0.00,0.05)",11.024125,1.0,3
130,VECTOR_FIRST_HNSW,"[0.00,0.05)",22.866708,0.3,3
130,HNSW_HYBRID,"[0.00,0.05)",11.48825,1.0,3
130,IVFFLAT_HYBRID,"[0.00,0.05)",11.01725,1.0,3
130,SQL_FIRST,"[0.00,0.05)",10.798167,1.0,4
130,VECTOR_FIRST_HNSW,"[0.00,0.05)",22.944166,0.3,4
130,HNSW_HYBRID,"[0.00,0.05)",11.357375,1.0,4
130,IVFFLAT_HYBRID,"[0.00,0.05)",11.0405,1.0,4
131,SQL_FIRST,"[0.00,0.05)",7.45925,1.0,0
131,VECTOR_FIRST_HNSW,"[0.00,0.05)",23.15425,0.0,0
131,HNSW_HYBRID,"[0.00,0.05)",7.671959,1.0,0
131,IVFFLAT_HYBRID,"[0.00,0.05)",6.993667,1.0,0
131,SQL_FIRST,"[0.00,0.05)",6.9255,1.0,1
131,VECTOR_FIRST_HNSW,"[0.00,0.05)",22.833875,0.0,1
131,HNSW_HYBRID,"[0.00,0.05)",7.643208,1.0,1
131,IVFFLAT_HYBRID,"[0.00,0.05)",6.866125,1.0,1
131,SQL_FIRST,"[0.00,0.05)",7.069875,1.0,2
131,VECTOR_FIRST_HNSW,"[0.00,0.05)",22.850166,0.0,2
131,HNSW_HYBRID,"[0.00,0.05)",7.732459,1.0,2
131,IVFFLAT_HYBRID,"[0.00,0.05)",6.992375,1.0,2
131,SQL_FIRST,"[0.00,0.05)",6.929541,1.0,3
131,VECTOR_FIRST_HNSW,"[0.00,0.05)",22.886625,0.0,3
131,HNSW_HYBRID,"[0.00,0.05)",7.740542,1.0,3
131,IVFFLAT_HYBRID,"[0.00,0.05)",6.970292,1.0,3
131,SQL_FIRST,"[0.00,0.05)",7.973291,1.0,4
131,VECTOR_FIRST_HNSW,"[0.00,0.05)",23.135042,0.0,4
131,HNSW_HYBRID,"[0.00,0.05)",7.715084,1.0,4
131,IVFFLAT_HYBRID,"[0.00,0.05)",7.248292,1.0,4
133,SQL_FIRST,"[0.00,0.05)",5.409333,1.0,0
133,VECTOR_FIRST_HNSW,"[0.00,0.05)",22.784833,0.0,0
133,HNSW_HYBRID,"[0.00,0.05)",5.923291,1.0,0
133,IVFFLAT_HYBRID,"[0.00,0.05)",5.388041,1.0,0
133,SQL_FIRST,"[0.00,0.05)",5.357958,1.0,1
133,VECTOR_FIRST_HNSW,"[0.00,0.05)",22.959708,0.0,1
133,HNSW_HYBRID,"[0.00,0.05)",5.988333,1.0,1
133,IVFFLAT_HYBRID,"[0.00,0.05)",5.31625,1.0,1
133,SQL_FIRST,"[0.00,0.05)",5.461166,1.0,2
133,VECTOR_FIRST_HNSW,"[0.00,0.05)",22.665083,0.0,2
133,HNSW_HYBRID,"[0.00,0.05)",5.959125,1.0,2
133,IVFFLAT_HYBRID,"[0.00,0.05)",5.525709,1.0,2
133,SQL_FIRST,"[0.00,0.05)",5.492375,1.0,3
133,VECTOR_FIRST_HNSW,"[0.00,0.05)",22.856041,0.0,3
133,HNSW_HYBRID,"[0.00,0.05)",5.907834,1.0,3
133,IVFFLAT_HYBRID,"[0.00,0.05)",5.48425,1.0,3
133,SQL_FIRST,"[0.00,0.05)",5.501666,1.0,4
133,VECTOR_FIRST_HNSW,"[0.00,0.05)",22.896333,0.0,4
133,HNSW_HYBRID,"[0.00,0.05)",6.104,1.0,4
133,IVFFLAT_HYBRID,"[0.00,0.05)",5.336292,1.0,4
134,SQL_FIRST,"[0.00,0.05)",9.527667,1.0,0
134,VECTOR_FIRST_HNSW,"[0.00,0.05)",22.961625,0.3,0
134,HNSW_HYBRID,"[0.00,0.05)",9.427042,1.0,0
134,IVFFLAT_HYBRID,"[0.00,0.05)",8.985791,1.0,0
134,SQL_FIRST,"[0.00,0.05)",9.283834,1.0,1
134,VECTOR_FIRST_HNSW,"[0.00,0.05)",23.221584,0.3,1
134,HNSW_HYBRID,"[0.00,0.05)",9.571875,1.0,1
134,IVFFLAT_HYBRID,"[0.00,0.05)",8.984333,1.0,1
134,SQL_FIRST,"[0.00,0.05)",9.18875,1.0,2
134,VECTOR_FIRST_HNSW,"[0.00,0.05)",23.029709,0.3,2
134,HNSW_HYBRID,"[0.00,0.05)",9.53175,1.0,2
134,IVFFLAT_HYBRID,"[0.00,0.05)",9.010333,1.0,2
134,SQL_FIRST,"[0.00,0.05)",8.921542,1.0,3
134,VECTOR_FIRST_HNSW,"[0.00,0.05)",23.445458,0.3,3
134,HNSW_HYBRID,"[0.00,0.05)",9.453541,1.0,3
134,IVFFLAT_HYBRID,"[0.00,0.05)",9.45775,1.0,3
134,SQL_FIRST,"[0.00,0.05)",9.40375,1.0,4
134,VECTOR_FIRST_HNSW,"[0.00,0.05)",22.920666,0.3,4
134,HNSW_HYBRID,"[0.00,0.05)",9.554333,1.0,4
134,IVFFLAT_HYBRID,"[0.00,0.05)",9.07425,1.0,4
136,SQL_FIRST,"[0.00,0.05)",8.96625,1.0,0
136,VECTOR_FIRST_HNSW,"[0.00,0.05)",22.958834,0.2,0
136,HNSW_HYBRID,"[0.00,0.05)",9.18525,1.0,0
136,IVFFLAT_HYBRID,"[0.00,0.05)",8.796958,1.0,0
136,SQL_FIRST,"[0.00,0.05)",8.764875,1.0,1
136,VECTOR_FIRST_HNSW,"[0.00,0.05)",22.934917,0.2,1
136,HNSW_HYBRID,"[0.00,0.05)",9.338792,1.0,1
136,IVFFLAT_HYBRID,"[0.00,0.05)",8.735125,1.0,1
136,SQL_FIRST,"[0.00,0.05)",9.123584,1.0,2
136,VECTOR_FIRST_HNSW,"[0.00,0.05)",22.770542,0.2,2
136,HNSW_HYBRID,"[0.00,0.05)",9.477,1.0,2
136,IVFFLAT_HYBRID,"[0.00,0.05)",8.629042,1.0,2
136,SQL_FIRST,"[0.00,0.05)",8.860209,1.0,3
136,VECTOR_FIRST_HNSW,"[0.00,0.05)",22.845292,0.2,3
136,HNSW_HYBRID,"[0.00,0.05)",9.242167,1.0,3
136,IVFFLAT_HYBRID,"[0.00,0.05)",9.060416,1.0,3
136,SQL_FIRST,"[0.00,0.05)",9.259375,1.0,4
136,VECTOR_FIRST_HNSW,"[0.00,0.05)",23.246958,0.2,4
136,HNSW_HYBRID,"[0.00,0.05)",9.078208,1.0,4
136,IVFFLAT_HYBRID,"[0.00,0.05)",8.551125,1.0,4
137,SQL_FIRST,"[0.00,0.05)",11.161875,1.0,0
137,VECTOR_FIRST_HNSW,"[0.00,0.05)",22.932583,0.2,0
137,HNSW_HYBRID,"[0.00,0.05)",8.8355,1.0,0
137,IVFFLAT_HYBRID,"[0.00,0.05)",8.346291,1.0,0
137,SQL_FIRST,"[0.00,0.05)",8.057916,1.0,1
137,VECTOR_FIRST_HNSW,"[0.00,0.05)",24.064167,0.2,1
137,HNSW_HYBRID,"[0.00,0.05)",9.014208,1.0,1
137,IVFFLAT_HYBRID,"[0.00,0.05)",8.486875,1.0,1
137,SQL_FIRST,"[0.00,0.05)",8.21875,1.0,2
137,VECTOR_FIRST_HNSW,"[0.00,0.05)",22.958458,0.2,2
137,HNSW_HYBRID,"[0.00,0.05)",8.878083,1.0,2
137,IVFFLAT_HYBRID,"[0.00,0.05)",8.202833,1.0,2
137,SQL_FIRST,"[0.00,0.05)",8.158375,1.0,3
137,VECTOR_FIRST_HNSW,"[0.00,0.05)",23.576375,0.2,3
137,HNSW_HYBRID,"[0.00,0.05)",9.003792,1.0,3
137,IVFFLAT_HYBRID,"[0.00,0.05)",8.362542,1.0,3
137,SQL_FIRST,"[0.00,0.05)",8.006459,1.0,4
137,VECTOR_FIRST_HNSW,"[0.00,0.05)",23.035375,0.2,4
137,HNSW_HYBRID,"[0.00,0.05)",8.953083,1.0,4
137,IVFFLAT_HYBRID,"[0.00,0.05)",8.21275,1.0,4
138,SQL_FIRST,"[0.00,0.05)",9.113375,1.0,0
138,VECTOR_FIRST_HNSW,"[0.00,0.05)",22.967208,0.2,0
138,HNSW_HYBRID,"[0.00,0.05)",9.421041,1.0,0
138,IVFFLAT_HYBRID,"[0.00,0.05)",9.215,1.0,0
138,SQL_FIRST,"[0.00,0.05)",9.546,1.0,1
138,VECTOR_FIRST_HNSW,"[0.00,0.05)",23.040833,0.2,1
138,HNSW_HYBRID,"[0.00,0.05)",9.428416,1.0,1
138,IVFFLAT_HYBRID,"[0.00,0.05)",8.864667,1.0,1
138,SQL_FIRST,"[0.00,0.05)",9.136917,1.0,2
138,VECTOR_FIRST_HNSW,"[0.00,0.05)",23.083542,0.2,2
138,HNSW_HYBRID,"[0.00,0.05)",9.756625,1.0,2
138,IVFFLAT_HYBRID,"[0.00,0.05)",9.61225,1.0,2
138,SQL_FIRST,"[0.00,0.05)",9.045584,1.0,3
138,VECTOR_FIRST_HNSW,"[0.00,0.05)",22.956875,0.2,3
138,HNSW_HYBRID,"[0.00,0.05)",9.393,1.0,3
138,IVFFLAT_HYBRID,"[0.00,0.05)",9.59975,1.0,3
138,SQL_FIRST,"[0.00,0.05)",9.1185,1.0,4
138,VECTOR_FIRST_HNSW,"[0.00,0.05)",22.979959,0.2,4
138,HNSW_HYBRID,"[0.00,0.05)",9.384084,1.0,4
138,IVFFLAT_HYBRID,"[0.00,0.05)",9.044,1.0,4
139,SQL_FIRST,"[0.00,0.05)",10.693375,1.0,0
139,VECTOR_FIRST_HNSW,"[0.00,0.05)",24.200667,0.3,0
139,HNSW_HYBRID,"[0.00,0.05)",10.844208,1.0,0
139,IVFFLAT_HYBRID,"[0.00,0.05)",11.086333,1.0,0
139,SQL_FIRST,"[0.00,0.05)",11.064042,1.0,1
139,VECTOR_FIRST_HNSW,"[0.00,0.05)",24.519917,0.3,1
139,HNSW_HYBRID,"[0.00,0.05)",10.729459,1.0,1
139,IVFFLAT_HYBRID,"[0.00,0.05)",10.076292,1.0,1
139,SQL_FIRST,"[0.00,0.05)",10.344958,1.0,2
139,VECTOR_FIRST_HNSW,"[0.00,0.05)",23.016041,0.3,2
139,HNSW_HYBRID,"[0.00,0.05)",10.85725,1.0,2
139,IVFFLAT_HYBRID,"[0.00,0.05)",10.288625,1.0,2
139,SQL_FIRST,"[0.00,0.05)",10.275833,1.0,3
139,VECTOR_FIRST_HNSW,"[0.00,0.05)",22.925375,0.3,3
139,HNSW_HYBRID,"[0.00,0.05)",10.830917,1.0,3
139,IVFFLAT_HYBRID,"[0.00,0.05)",10.4775,1.0,3
139,SQL_FIRST,"[0.00,0.05)",10.246292,1.0,4
139,VECTOR_FIRST_HNSW,"[0.00,0.05)",22.826084,0.3,4
139,HNSW_HYBRID,"[0.00,0.05)",10.80975,1.0,4
139,IVFFLAT_HYBRID,"[0.00,0.05)",10.437709,1.0,4
142,SQL_FIRST,"[0.00,0.05)",11.427416,1.0,0
142,VECTOR_FIRST_HNSW,"[0.00,0.05)",23.208458,0.6,0
142,HNSW_HYBRID,"[0.00,0.05)",11.60275,1.0,0
142,IVFFLAT_HYBRID,"[0.00,0.05)",11.108416,1.0,0
142,SQL_FIRST,"[0.00,0.05)",11.015667,1.0,1
142,VECTOR_FIRST_HNSW,"[0.00,0.05)",22.943417,0.6,1
142,HNSW_HYBRID,"[0.00,0.05)",11.382875,1.0,1
142,IVFFLAT_HYBRID,"[0.00,0.05)",11.302167,1.0,1
142,SQL_FIRST,"[0.00,0.05)",11.138458,1.0,2
142,VECTOR_FIRST_HNSW,"[0.00,0.05)",23.584209,0.6,2
142,HNSW_HYBRID,"[0.00,0.05)",11.697167,1.0,2
142,IVFFLAT_HYBRID,"[0.00,0.05)",11.982542,1.0,2
142,SQL_FIRST,"[0.00,0.05)",11.44175,1.0,3
142,VECTOR_FIRST_HNSW,"[0.00,0.05)",22.986083,0.6,3
142,HNSW_HYBRID,"[0.00,0.05)",11.552042,1.0,3
142,IVFFLAT_HYBRID,"[0.00,0.05)",10.952625,1.0,3
142,SQL_FIRST,"[0.00,0.05)",11.236166,1.0,4
142,VECTOR_FIRST_HNSW,"[0.00,0.05)",23.642166,0.6,4
142,HNSW_HYBRID,"[0.00,0.05)",11.512584,1.0,4
142,IVFFLAT_HYBRID,"[0.00,0.05)",11.027625,1.0,4
146,SQL_FIRST,"[0.00,0.05)",7.793709,1.0,0
146,VECTOR_FIRST_HNSW,"[0.00,0.05)",22.838542,0.2,0
146,HNSW_HYBRID,"[0.00,0.05)",8.458042,1.0,0
146,IVFFLAT_HYBRID,"[0.00,0.05)",7.859,1.0,0
146,SQL_FIRST,"[0.00,0.05)",7.770333,1.0,1
146,VECTOR_FIRST_HNSW,"[0.00,0.05)",22.896916,0.2,1
146,HNSW_HYBRID,"[0.00,0.05)",8.577417,1.0,1
146,IVFFLAT_HYBRID,"[0.00,0.05)",8.225958,1.0,1
146,SQL_FIRST,"[0.00,0.05)",7.846291,1.0,2
146,VECTOR_FIRST_HNSW,"[0.00,0.05)",22.879875,0.2,2
146,HNSW_HYBRID,"[0.00,0.05)",8.504416,1.0,2
146,IVFFLAT_HYBRID,"[0.00,0.05)",7.967416,1.0,2
146,SQL_FIRST,"[0.00,0.05)",7.857417,1.0,3
146,VECTOR_FIRST_HNSW,"[0.00,0.05)",23.112875,0.2,3
146,HNSW_HYBRID,"[0.00,0.05)",8.576375,1.0,3
146,IVFFLAT_HYBRID,"[0.00,0.05)",8.359083,1.0,3
146,SQL_FIRST,"[0.00,0.05)",8.07925,1.0,4
146,VECTOR_FIRST_HNSW,"[0.00,0.05)",23.211875,0.2,4
146,HNSW_HYBRID,"[0.00,0.05)",8.560708,1.0,4
146,IVFFLAT_HYBRID,"[0.00,0.05)",7.968417,1.0,4
149,SQL_FIRST,"[0.00,0.05)",8.516292,1.0,0
149,VECTOR_FIRST_HNSW,"[0.00,0.05)",22.889333,0.5,0
149,HNSW_HYBRID,"[0.00,0.05)",9.158,1.0,0
149,IVFFLAT_HYBRID,"[0.00,0.05)",8.543667,1.0,0
149,SQL_FIRST,"[0.00,0.05)",8.569541,1.0,1
149,VECTOR_FIRST_HNSW,"[0.00,0.05)",23.49975,0.5,1
149,HNSW_HYBRID,"[0.00,0.05)",9.107208,1.0,1
149,IVFFLAT_HYBRID,"[0.00,0.05)",9.36775,1.0,1
149,SQL_FIRST,"[0.00,0.05)",9.148166,1.0,2
149,VECTOR_FIRST_HNSW,"[0.00,0.05)",23.21625,0.5,2
149,HNSW_HYBRID,"[0.00,0.05)",9.823125,1.0,2
149,IVFFLAT_HYBRID,"[0.00,0.05)",9.795458,1.0,2
149,SQL_FIRST,"[0.00,0.05)",9.933792,1.0,3
149,VECTOR_FIRST_HNSW,"[0.00,0.05)",23.563083,0.5,3
149,HNSW_HYBRID,"[0.00,0.05)",9.390375,1.0,3
149,IVFFLAT_HYBRID,"[0.00,0.05)",8.800042,1.0,3
149,SQL_FIRST,"[0.00,0.05)",8.639083,1.0,4
149,VECTOR_FIRST_HNSW,"[0.00,0.05)",22.954083,0.5,4
149,HNSW_HYBRID,"[0.00,0.05)",8.997209,1.0,4
149,IVFFLAT_HYBRID,"[0.00,0.05)",8.40025,1.0,4
150,SQL_FIRST,"[0.00,0.05)",4.664708,1.0,0
150,VECTOR_FIRST_HNSW,"[0.00,0.05)",22.879667,0.1,0
150,HNSW_HYBRID,"[0.00,0.05)",5.144834,1.0,0
150,IVFFLAT_HYBRID,"[0.00,0.05)",4.685084,1.0,0
150,SQL_FIRST,"[0.00,0.05)",4.70925,1.0,1
150,VECTOR_FIRST_HNSW,"[0.00,0.05)",22.877333,0.1,1
150,HNSW_HYBRID,"[0.00,0.05)",5.195958,1.0,1
150,IVFFLAT_HYBRID,"[0.00,0.05)",4.690917,1.0,1
150,SQL_FIRST,"[0.00,0.05)",4.654917,1.0,2
150,VECTOR_FIRST_HNSW,"[0.00,0.05)",22.733875,0.1,2
150,HNSW_HYBRID,"[0.00,0.05)",5.226667,1.0,2
150,IVFFLAT_HYBRID,"[0.00,0.05)",4.731458,1.0,2
150,SQL_FIRST,"[0.00,0.05)",4.612166,1.0,3
150,VECTOR_FIRST_HNSW,"[0.00,0.05)",22.814792,0.1,3
150,HNSW_HYBRID,"[0.00,0.05)",5.254291,1.0,3
150,IVFFLAT_HYBRID,"[0.00,0.05)",4.637917,1.0,3
150,SQL_FIRST,"[0.00,0.05)",4.734,1.0,4
150,VECTOR_FIRST_HNSW,"[0.00,0.05)",22.7905,0.1,4
150,HNSW_HYBRID,"[0.00,0.05)",5.1205,1.0,4
150,IVFFLAT_HYBRID,"[0.00,0.05)",4.806917,1.0,4
151,SQL_FIRST,"[0.00,0.05)",9.410417,1.0,0
151,VECTOR_FIRST_HNSW,"[0.00,0.05)",23.02525,0.5,0
151,HNSW_HYBRID,"[0.00,0.05)",9.843458,1.0,0
151,IVFFLAT_HYBRID,"[0.00,0.05)",9.462042,1.0,0
151,SQL_FIRST,"[0.00,0.05)",9.405334,1.0,1
151,VECTOR_FIRST_HNSW,"[0.00,0.05)",23.525292,0.5,1
151,HNSW_HYBRID,"[0.00,0.05)",9.759292,1.0,1
151,IVFFLAT_HYBRID,"[0.00,0.05)",9.015583,1.0,1
151,SQL_FIRST,"[0.00,0.05)",10.19625,1.0,2
151,VECTOR_FIRST_HNSW,"[0.00,0.05)",23.227166,0.5,2
151,HNSW_HYBRID,"[0.00,0.05)",9.870709,1.0,2
151,IVFFLAT_HYBRID,"[0.00,0.05)",9.25775,1.0,2
151,SQL_FIRST,"[0.00,0.05)",9.253667,1.0,3
151,VECTOR_FIRST_HNSW,"[0.00,0.05)",22.963083,0.5,3
151,HNSW_HYBRID,"[0.00,0.05)",9.675709,1.0,3
151,IVFFLAT_HYBRID,"[0.00,0.05)",9.7655,1.0,3
151,SQL_FIRST,"[0.00,0.05)",9.207541,1.0,4
151,VECTOR_FIRST_HNSW,"[0.00,0.05)",22.901916,0.5,4
151,HNSW_HYBRID,"[0.00,0.05)",9.694209,1.0,4
151,IVFFLAT_HYBRID,"[0.00,0.05)",9.42675,1.0,4
153,SQL_FIRST,"[0.00,0.05)",7.199292,1.0,0
153,VECTOR_FIRST_HNSW,"[0.00,0.05)",22.788,0.3,0
153,HNSW_HYBRID,"[0.00,0.05)",7.9825,1.0,0
153,IVFFLAT_HYBRID,"[0.00,0.05)",7.386708,1.0,0
153,SQL_FIRST,"[0.00,0.05)",7.211167,1.0,1
153,VECTOR_FIRST_HNSW,"[0.00,0.05)",22.925417,0.3,1
153,HNSW_HYBRID,"[0.00,0.05)",8.025666,1.0,1
153,IVFFLAT_HYBRID,"[0.00,0.05)",7.4965,1.0,1
153,SQL_FIRST,"[0.00,0.05)",7.382667,1.0,2
153,VECTOR_FIRST_HNSW,"[0.00,0.05)",23.23675,0.3,2
153,HNSW_HYBRID,"[0.00,0.05)",7.972958,1.0,2
153,IVFFLAT_HYBRID,"[0.00,0.05)",7.181375,1.0,2
153,SQL_FIRST,"[0.00,0.05)",7.263458,1.0,3
153,VECTOR_FIRST_HNSW,"[0.00,0.05)",22.902209,0.3,3
153,HNSW_HYBRID,"[0.00,0.05)",7.903083,1.0,3
153,IVFFLAT_HYBRID,"[0.00,0.05)",7.143583,1.0,3
153,SQL_FIRST,"[0.00,0.05)",7.733125,1.0,4
153,VECTOR_FIRST_HNSW,"[0.00,0.05)",22.857625,0.3,4
153,HNSW_HYBRID,"[0.00,0.05)",8.148833,1.0,4
153,IVFFLAT_HYBRID,"[0.00,0.05)",7.444334,1.0,4
154,SQL_FIRST,"[0.00,0.05)",9.995625,1.0,0
154,VECTOR_FIRST_HNSW,"[0.00,0.05)",23.031334,0.3,0
154,HNSW_HYBRID,"[0.00,0.05)",9.526083,1.0,0
154,IVFFLAT_HYBRID,"[0.00,0.05)",8.918334,1.0,0
154,SQL_FIRST,"[0.00,0.05)",9.381708,1.0,1
154,VECTOR_FIRST_HNSW,"[0.00,0.05)",22.915417,0.3,1
154,HNSW_HYBRID,"[0.00,0.05)",9.350958,1.0,1
154,IVFFLAT_HYBRID,"[0.00,0.05)",8.893167,1.0,1
154,SQL_FIRST,"[0.00,0.05)",8.972083,1.0,2
154,VECTOR_FIRST_HNSW,"[0.00,0.05)",22.87975,0.3,2
154,HNSW_HYBRID,"[0.00,0.05)",9.523709,1.0,2
154,IVFFLAT_HYBRID,"[0.00,0.05)",8.976958,1.0,2
154,SQL_FIRST,"[0.00,0.05)",8.544458,1.0,3
154,VECTOR_FIRST_HNSW,"[0.00,0.05)",22.89825,0.3,3
154,HNSW_HYBRID,"[0.00,0.05)",9.393292,1.0,3
154,IVFFLAT_HYBRID,"[0.00,0.05)",9.3885,1.0,3
154,SQL_FIRST,"[0.00,0.05)",8.944333,1.0,4
154,VECTOR_FIRST_HNSW,"[0.00,0.05)",22.88,0.3,4
154,HNSW_HYBRID,"[0.00,0.05)",9.337625,1.0,4
154,IVFFLAT_HYBRID,"[0.00,0.05)",8.992375,1.0,4
155,SQL_FIRST,"[0.00,0.05)",7.22575,1.0,0
155,VECTOR_FIRST_HNSW,"[0.00,0.05)",22.95525,0.1,0
155,HNSW_HYBRID,"[0.00,0.05)",7.979709,1.0,0
155,IVFFLAT_HYBRID,"[0.00,0.05)",7.412291,1.0,0
155,SQL_FIRST,"[0.00,0.05)",7.427125,1.0,1
155,VECTOR_FIRST_HNSW,"[0.00,0.05)",22.943209,0.1,1
155,HNSW_HYBRID,"[0.00,0.05)",7.8955,1.0,1
155,IVFFLAT_HYBRID,"[0.00,0.05)",7.560292,1.0,1
155,SQL_FIRST,"[0.00,0.05)",7.442208,1.0,2
155,VECTOR_FIRST_HNSW,"[0.00,0.05)",22.889541,0.1,2
155,HNSW_HYBRID,"[0.00,0.05)",8.045708,1.0,2
155,IVFFLAT_HYBRID,"[0.00,0.05)",7.326625,1.0,2
155,SQL_FIRST,"[0.00,0.05)",7.339958,1.0,3
155,VECTOR_FIRST_HNSW,"[0.00,0.05)",22.907208,0.1,3
155,HNSW_HYBRID,"[0.00,0.05)",7.989792,1.0,3
155,IVFFLAT_HYBRID,"[0.00,0.05)",7.210416,1.0,3
155,SQL_FIRST,"[0.00,0.05)",8.264708,1.0,4
155,VECTOR_FIRST_HNSW,"[0.00,0.05)",22.8115,0.1,4
155,HNSW_HYBRID,"[0.00,0.05)",8.316083,1.0,4
155,IVFFLAT_HYBRID,"[0.00,0.05)",7.41375,1.0,4
156,SQL_FIRST,"[0.00,0.05)",1.282625,1.0,0
156,VECTOR_FIRST_HNSW,"[0.00,0.05)",23.358167,0.0,0
156,HNSW_HYBRID,"[0.00,0.05)",1.619584,1.0,0
156,IVFFLAT_HYBRID,"[0.00,0.05)",1.350333,1.0,0
156,SQL_FIRST,"[0.00,0.05)",1.292917,1.0,1
156,VECTOR_FIRST_HNSW,"[0.00,0.05)",22.783916,0.0,1
156,HNSW_HYBRID,"[0.00,0.05)",1.541167,1.0,1
156,IVFFLAT_HYBRID,"[0.00,0.05)",1.292625,1.0,1
156,SQL_FIRST,"[0.00,0.05)",1.271458,1.0,2
156,VECTOR_FIRST_HNSW,"[0.00,0.05)",22.811458,0.0,2
156,HNSW_HYBRID,"[0.00,0.05)",1.602583,1.0,2
156,IVFFLAT_HYBRID,"[0.00,0.05)",1.315667,1.0,2
156,SQL_FIRST,"[0.00,0.05)",1.321083,1.0,3
156,VECTOR_FIRST_HNSW,"[0.00,0.05)",22.866833,0.0,3
156,HNSW_HYBRID,"[0.00,0.05)",1.584083,1.0,3
156,IVFFLAT_HYBRID,"[0.00,0.05)",1.328041,1.0,3
156,SQL_FIRST,"[0.00,0.05)",1.327667,1.0,4
156,VECTOR_FIRST_HNSW,"[0.00,0.05)",22.803584,0.0,4
156,HNSW_HYBRID,"[0.00,0.05)",1.626208,1.0,4
156,IVFFLAT_HYBRID,"[0.00,0.05)",1.313834,1.0,4
157,SQL_FIRST,"[0.00,0.05)",9.232958,1.0,0
157,VECTOR_FIRST_HNSW,"[0.00,0.05)",22.857417,0.3,0
157,HNSW_HYBRID,"[0.00,0.05)",9.566834,1.0,0
157,IVFFLAT_HYBRID,"[0.00,0.05)",9.255,1.0,0
157,SQL_FIRST,"[0.00,0.05)",9.295042,1.0,1
157,VECTOR_FIRST_HNSW,"[0.00,0.05)",22.875875,0.3,1
157,HNSW_HYBRID,"[0.00,0.05)",9.510542,1.0,1
157,IVFFLAT_HYBRID,"[0.00,0.05)",9.296791,1.0,1
157,SQL_FIRST,"[0.00,0.05)",9.178292,1.0,2
157,VECTOR_FIRST_HNSW,"[0.00,0.05)",23.566834,0.3,2
157,HNSW_HYBRID,"[0.00,0.05)",9.545667,1.0,2
157,IVFFLAT_HYBRID,"[0.00,0.05)",9.160917,1.0,2
157,SQL_FIRST,"[0.00,0.05)",9.7045,1.0,3
157,VECTOR_FIRST_HNSW,"[0.00,0.05)",22.86575,0.3,3
157,HNSW_HYBRID,"[0.00,0.05)",9.853166,1.0,3
157,IVFFLAT_HYBRID,"[0.00,0.05)",9.223083,1.0,3
157,SQL_FIRST,"[0.00,0.05)",9.230667,1.0,4
157,VECTOR_FIRST_HNSW,"[0.00,0.05)",22.903416,0.3,4
157,HNSW_HYBRID,"[0.00,0.05)",9.460125,1.0,4
157,IVFFLAT_HYBRID,"[0.00,0.05)",9.3825,1.0,4
161,SQL_FIRST,"[0.00,0.05)",8.793209,1.0,0
161,VECTOR_FIRST_HNSW,"[0.00,0.05)",22.821917,0.3,0
161,HNSW_HYBRID,"[0.00,0.05)",9.51075,1.0,0
161,IVFFLAT_HYBRID,"[0.00,0.05)",9.587583,1.0,0
161,SQL_FIRST,"[0.00,0.05)",8.935875,1.0,1
161,VECTOR_FIRST_HNSW,"[0.00,0.05)",23.0655,0.3,1
161,HNSW_HYBRID,"[0.00,0.05)",9.431083,1.0,1
161,IVFFLAT_HYBRID,"[0.00,0.05)",8.968917,1.0,1
161,SQL_FIRST,"[0.00,0.05)",9.239625,1.0,2
161,VECTOR_FIRST_HNSW,"[0.00,0.05)",22.953208,0.3,2
161,HNSW_HYBRID,"[0.00,0.05)",9.538375,1.0,2
161,IVFFLAT_HYBRID,"[0.00,0.05)",9.059083,1.0,2
161,SQL_FIRST,"[0.00,0.05)",9.120958,1.0,3
161,VECTOR_FIRST_HNSW,"[0.00,0.05)",23.030916,0.3,3
161,HNSW_HYBRID,"[0.00,0.05)",9.506833,1.0,3
161,IVFFLAT_HYBRID,"[0.00,0.05)",8.963125,1.0,3
161,SQL_FIRST,"[0.00,0.05)",9.318709,1.0,4
161,VECTOR_FIRST_HNSW,"[0.00,0.05)",22.83425,0.3,4
161,HNSW_HYBRID,"[0.00,0.05)",9.636666,1.0,4
161,IVFFLAT_HYBRID,"[0.00,0.05)",9.124917,1.0,4
162,SQL_FIRST,"[0.00,0.05)",9.29025,1.0,0
162,VECTOR_FIRST_HNSW,"[0.00,0.05)",24.335417,0.9,0
162,HNSW_HYBRID,"[0.00,0.05)",9.481833,1.0,0
162,IVFFLAT_HYBRID,"[0.00,0.05)",8.952875,1.0,0
162,SQL_FIRST,"[0.00,0.05)",9.171834,1.0,1
162,VECTOR_FIRST_HNSW,"[0.00,0.05)",24.328583,0.9,1
162,HNSW_HYBRID,"[0.00,0.05)",10.476625,1.0,1
162,IVFFLAT_HYBRID,"[0.00,0.05)",9.118667,1.0,1
162,SQL_FIRST,"[0.00,0.05)",8.910041,1.0,2
162,VECTOR_FIRST_HNSW,"[0.00,0.05)",22.945209,0.9,2
162,HNSW_HYBRID,"[0.00,0.05)",9.171917,1.0,2
162,IVFFLAT_HYBRID,"[0.00,0.05)",9.254708,1.0,2
162,SQL_FIRST,"[0.00,0.05)",9.227,1.0,3
162,VECTOR_FIRST_HNSW,"[0.00,0.05)",22.862125,0.9,3
162,HNSW_HYBRID,"[0.00,0.05)",9.421833,1.0,3
162,IVFFLAT_HYBRID,"[0.00,0.05)",8.958792,1.0,3
162,SQL_FIRST,"[0.00,0.05)",8.5065,1.0,4
162,VECTOR_FIRST_HNSW,"[0.00,0.05)",22.820375,0.9,4
162,HNSW_HYBRID,"[0.00,0.05)",9.583875,1.0,4
162,IVFFLAT_HYBRID,"[0.00,0.05)",9.354167,1.0,4
164,SQL_FIRST,"[0.00,0.05)",9.121,1.0,0
164,VECTOR_FIRST_HNSW,"[0.00,0.05)",23.116084,1.0,0
164,HNSW_HYBRID,"[0.00,0.05)",9.571167,1.0,0
164,IVFFLAT_HYBRID,"[0.00,0.05)",9.175792,1.0,0
164,SQL_FIRST,"[0.00,0.05)",9.311875,1.0,1
164,VECTOR_FIRST_HNSW,"[0.00,0.05)",22.977625,1.0,1
164,HNSW_HYBRID,"[0.00,0.05)",9.609166,1.0,1
164,IVFFLAT_HYBRID,"[0.00,0.05)",9.066292,1.0,1
164,SQL_FIRST,"[0.00,0.05)",9.54675,1.0,2
164,VECTOR_FIRST_HNSW,"[0.00,0.05)",22.901583,1.0,2
164,HNSW_HYBRID,"[0.00,0.05)",9.799917,1.0,2
164,IVFFLAT_HYBRID,"[0.00,0.05)",9.198042,1.0,2
164,SQL_FIRST,"[0.00,0.05)",8.966542,1.0,3
164,VECTOR_FIRST_HNSW,"[0.00,0.05)",22.991083,1.0,3
164,HNSW_HYBRID,"[0.00,0.05)",9.5235,1.0,3
164,IVFFLAT_HYBRID,"[0.00,0.05)",9.578375,1.0,3
164,SQL_FIRST,"[0.00,0.05)",9.06725,1.0,4
164,VECTOR_FIRST_HNSW,"[0.00,0.05)",23.395375,1.0,4
164,HNSW_HYBRID,"[0.00,0.05)",9.450375,1.0,4
164,IVFFLAT_HYBRID,"[0.00,0.05)",9.199625,1.0,4
165,SQL_FIRST,"[0.00,0.05)",10.471959,1.0,0
165,VECTOR_FIRST_HNSW,"[0.00,0.05)",22.817625,0.2,0
165,HNSW_HYBRID,"[0.00,0.05)",10.848958,1.0,0
165,IVFFLAT_HYBRID,"[0.00,0.05)",11.197667,1.0,0
165,SQL_FIRST,"[0.00,0.05)",10.744583,1.0,1
165,VECTOR_FIRST_HNSW,"[0.00,0.05)",23.303834,0.2,1
165,HNSW_HYBRID,"[0.00,0.05)",11.086916,1.0,1
165,IVFFLAT_HYBRID,"[0.00,0.05)",10.357417,1.0,1
165,SQL_FIRST,"[0.00,0.05)",10.555041,1.0,2
165,VECTOR_FIRST_HNSW,"[0.00,0.05)",23.501333,0.2,2
165,HNSW_HYBRID,"[0.00,0.05)",10.989666,1.0,2
165,IVFFLAT_HYBRID,"[0.00,0.05)",10.572875,1.0,2
165,SQL_FIRST,"[0.00,0.05)",10.279291,1.0,3
165,VECTOR_FIRST_HNSW,"[0.00,0.05)",22.907333,0.2,3
165,HNSW_HYBRID,"[0.00,0.05)",10.739917,1.0,3
165,IVFFLAT_HYBRID,"[0.00,0.05)",10.5605,1.0,3
165,SQL_FIRST,"[0.00,0.05)",10.467042,1.0,4
165,VECTOR_FIRST_HNSW,"[0.00,0.05)",22.948167,0.2,4
165,HNSW_HYBRID,"[0.00,0.05)",10.92,1.0,4
165,IVFFLAT_HYBRID,"[0.00,0.05)",10.471084,1.0,4
167,SQL_FIRST,"[0.00,0.05)",10.174334,1.0,0
167,VECTOR_FIRST_HNSW,"[0.00,0.05)",27.989083,0.4,0
167,HNSW_HYBRID,"[0.00,0.05)",10.833417,1.0,0
167,IVFFLAT_HYBRID,"[0.00,0.05)",10.337416,1.0,0
167,SQL_FIRST,"[0.00,0.05)",10.090334,1.0,1
167,VECTOR_FIRST_HNSW,"[0.00,0.05)",23.043041,0.4,1
167,HNSW_HYBRID,"[0.00,0.05)",10.654958,1.0,1
167,IVFFLAT_HYBRID,"[0.00,0.05)",10.429292,1.0,1
167,SQL_FIRST,"[0.00,0.05)",10.360958,1.0,2
167,VECTOR_FIRST_HNSW,"[0.00,0.05)",22.7895,0.4,2
167,HNSW_HYBRID,"[0.00,0.05)",10.778834,1.0,2
167,IVFFLAT_HYBRID,"[0.00,0.05)",10.157916,1.0,2
167,SQL_FIRST,"[0.00,0.05)",10.385166,1.0,3
167,VECTOR_FIRST_HNSW,"[0.00,0.05)",22.813834,0.4,3
167,HNSW_HYBRID,"[0.00,0.05)",10.78625,1.0,3
167,IVFFLAT_HYBRID,"[0.00,0.05)",10.20975,1.0,3
167,SQL_FIRST,"[0.00,0.05)",10.032417,1.0,4
167,VECTOR_FIRST_HNSW,"[0.00,0.05)",23.197625,0.4,4
167,HNSW_HYBRID,"[0.00,0.05)",11.116,1.0,4
167,IVFFLAT_HYBRID,"[0.00,0.05)",10.713084,1.0,4
169,SQL_FIRST,"[0.00,0.05)",8.099375,1.0,0
169,VECTOR_FIRST_HNSW,"[0.00,0.05)",22.920458,0.1,0
169,HNSW_HYBRID,"[0.00,0.05)",8.590042,1.0,0
169,IVFFLAT_HYBRID,"[0.00,0.05)",8.121083,1.0,0
169,SQL_FIRST,"[0.00,0.05)",7.9495,1.0,1
169,VECTOR_FIRST_HNSW,"[0.00,0.05)",22.899875,0.1,1
169,HNSW_HYBRID,"[0.00,0.05)",8.588875,1.0,1
169,IVFFLAT_HYBRID,"[0.00,0.05)",7.939333,1.0,1
169,SQL_FIRST,"[0.00,0.05)",7.7395,1.0,2
169,VECTOR_FIRST_HNSW,"[0.00,0.05)",22.897625,0.1,2
169,HNSW_HYBRID,"[0.00,0.05)",8.551209,1.0,2
169,IVFFLAT_HYBRID,"[0.00,0.05)",8.267208,1.0,2
169,SQL_FIRST,"[0.00,0.05)",7.85625,1.0,3
169,VECTOR_FIRST_HNSW,"[0.00,0.05)",23.296875,0.1,3
169,HNSW_HYBRID,"[0.00,0.05)",8.565459,1.0,3
169,IVFFLAT_HYBRID,"[0.00,0.05)",7.994209,1.0,3
169,SQL_FIRST,"[0.00,0.05)",7.662166,1.0,4
169,VECTOR_FIRST_HNSW,"[0.00,0.05)",22.852666,0.1,4
169,HNSW_HYBRID,"[0.00,0.05)",8.547958,1.0,4
169,IVFFLAT_HYBRID,"[0.00,0.05)",8.252125,1.0,4
170,SQL_FIRST,"[0.00,0.05)",10.125292,1.0,0
170,VECTOR_FIRST_HNSW,"[0.00,0.05)",22.855667,0.2,0
170,HNSW_HYBRID,"[0.00,0.05)",10.270084,1.0,0
170,IVFFLAT_HYBRID,"[0.00,0.05)",9.343708,1.0,0
170,SQL_FIRST,"[0.00,0.05)",9.55325,1.0,1
170,VECTOR_FIRST_HNSW,"[0.00,0.05)",23.063417,0.2,1
170,HNSW_HYBRID,"[0.00,0.05)",10.095792,1.0,1
170,IVFFLAT_HYBRID,"[0.00,0.05)",9.831708,1.0,1
170,SQL_FIRST,"[0.00,0.05)",9.510375,1.0,2
170,VECTOR_FIRST_HNSW,"[0.00,0.05)",22.872166,0.2,2
170,HNSW_HYBRID,"[0.00,0.05)",9.983916,1.0,2
170,IVFFLAT_HYBRID,"[0.00,0.05)",10.336917,1.0,2
170,SQL_FIRST,"[0.00,0.05)",10.328625,1.0,3
170,VECTOR_FIRST_HNSW,"[0.00,0.05)",23.00025,0.2,3
170,HNSW_HYBRID,"[0.00,0.05)",10.149125,1.0,3
170,IVFFLAT_HYBRID,"[0.00,0.05)",9.6295,1.0,3
170,SQL_FIRST,"[0.00,0.05)",10.186333,1.0,4
170,VECTOR_FIRST_HNSW,"[0.00,0.05)",22.90125,0.2,4
170,HNSW_HYBRID,"[0.00,0.05)",10.089417,1.0,4
170,IVFFLAT_HYBRID,"[0.00,0.05)",9.482292,1.0,4
171,SQL_FIRST,"[0.00,0.05)",7.536875,1.0,0
171,VECTOR_FIRST_HNSW,"[0.00,0.05)",22.900834,0.0,0
171,HNSW_HYBRID,"[0.00,0.05)",8.350375,1.0,0
171,IVFFLAT_HYBRID,"[0.00,0.05)",7.576167,1.0,0
171,SQL_FIRST,"[0.00,0.05)",7.827333,1.0,1
171,VECTOR_FIRST_HNSW,"[0.00,0.05)",22.817958,0.0,1
171,HNSW_HYBRID,"[0.00,0.05)",8.559125,1.0,1
171,IVFFLAT_HYBRID,"[0.00,0.05)",7.625291,1.0,1
171,SQL_FIRST,"[0.00,0.05)",7.646667,1.0,2
171,VECTOR_FIRST_HNSW,"[0.00,0.05)",22.930791,0.0,2
171,HNSW_HYBRID,"[0.00,0.05)",8.334834,1.0,2
171,IVFFLAT_HYBRID,"[0.00,0.05)",7.551542,1.0,2
171,SQL_FIRST,"[0.00,0.05)",7.747916,1.0,3
171,VECTOR_FIRST_HNSW,"[0.00,0.05)",22.896542,0.0,3
171,HNSW_HYBRID,"[0.00,0.05)",8.290083,1.0,3
171,IVFFLAT_HYBRID,"[0.00,0.05)",7.617125,1.0,3
171,SQL_FIRST,"[0.00,0.05)",7.591083,1.0,4
171,VECTOR_FIRST_HNSW,"[0.00,0.05)",23.197292,0.0,4
171,HNSW_HYBRID,"[0.00,0.05)",8.28625,1.0,4
171,IVFFLAT_HYBRID,"[0.00,0.05)",7.542666,1.0,4
173,SQL_FIRST,"[0.00,0.05)",8.998917,1.0,0
173,VECTOR_FIRST_HNSW,"[0.00,0.05)",23.047,0.2,0
173,HNSW_HYBRID,"[0.00,0.05)",9.7355,1.0,0
173,IVFFLAT_HYBRID,"[0.00,0.05)",8.875875,1.0,0
173,SQL_FIRST,"[0.00,0.05)",9.357292,1.0,1
173,VECTOR_FIRST_HNSW,"[0.00,0.05)",23.962291,0.2,1
173,HNSW_HYBRID,"[0.00,0.05)",9.886541,1.0,1
173,IVFFLAT_HYBRID,"[0.00,0.05)",9.510458,1.0,1
173,SQL_FIRST,"[0.00,0.05)",8.972666,1.0,2
173,VECTOR_FIRST_HNSW,"[0.00,0.05)",23.035875,0.2,2
173,HNSW_HYBRID,"[0.00,0.05)",9.674208,1.0,2
173,IVFFLAT_HYBRID,"[0.00,0.05)",9.556458,1.0,2
173,SQL_FIRST,"[0.00,0.05)",9.114792,1.0,3
173,VECTOR_FIRST_HNSW,"[0.00,0.05)",22.935292,0.2,3
173,HNSW_HYBRID,"[0.00,0.05)",9.68625,1.0,3
173,IVFFLAT_HYBRID,"[0.00,0.05)",9.105167,1.0,3
173,SQL_FIRST,"[0.00,0.05)",8.962125,1.0,4
173,VECTOR_FIRST_HNSW,"[0.00,0.05)",22.91275,0.2,4
173,HNSW_HYBRID,"[0.00,0.05)",9.618584,1.0,4
173,IVFFLAT_HYBRID,"[0.00,0.05)",9.2845,1.0,4
175,SQL_FIRST,"[0.00,0.05)",9.100333,1.0,0
175,VECTOR_FIRST_HNSW,"[0.00,0.05)",22.808458,0.3,0
175,HNSW_HYBRID,"[0.00,0.05)",9.690292,1.0,0
175,IVFFLAT_HYBRID,"[0.00,0.05)",8.721167,1.0,0
175,SQL_FIRST,"[0.00,0.05)",8.605042,1.0,1
175,VECTOR_FIRST_HNSW,"[0.00,0.05)",22.838959,0.3,1
175,HNSW_HYBRID,"[0.00,0.05)",9.408209,1.0,1
175,IVFFLAT_HYBRID,"[0.00,0.05)",8.651833,1.0,1
175,SQL_FIRST,"[0.00,0.05)",8.943333,1.0,2
175,VECTOR_FIRST_HNSW,"[0.00,0.05)",23.277875,0.3,2
175,HNSW_HYBRID,"[0.00,0.05)",9.3745,1.0,2
175,IVFFLAT_HYBRID,"[0.00,0.05)",8.843333,1.0,2
175,SQL_FIRST,"[0.00,0.05)",8.633958,1.0,3
175,VECTOR_FIRST_HNSW,"[0.00,0.05)",22.869125,0.3,3
175,HNSW_HYBRID,"[0.00,0.05)",9.366,1.0,3
175,IVFFLAT_HYBRID,"[0.00,0.05)",8.858417,1.0,3
175,SQL_FIRST,"[0.00,0.05)",8.903166,1.0,4
175,VECTOR_FIRST_HNSW,"[0.00,0.05)",23.329666,0.3,4
175,HNSW_HYBRID,"[0.00,0.05)",9.433584,1.0,4
175,IVFFLAT_HYBRID,"[0.00,0.05)",8.730875,1.0,4
178,SQL_FIRST,"[0.00,0.05)",9.878125,1.0,0
178,VECTOR_FIRST_HNSW,"[0.00,0.05)",22.917,0.5,0
178,HNSW_HYBRID,"[0.00,0.05)",10.163833,1.0,0
178,IVFFLAT_HYBRID,"[0.00,0.05)",9.739125,1.0,0
178,SQL_FIRST,"[0.00,0.05)",9.626291,1.0,1
178,VECTOR_FIRST_HNSW,"[0.00,0.05)",22.908084,0.5,1
178,HNSW_HYBRID,"[0.00,0.05)",10.055333,1.0,1
178,IVFFLAT_HYBRID,"[0.00,0.05)",9.51425,1.0,1
178,SQL_FIRST,"[0.00,0.05)",9.430917,1.0,2
178,VECTOR_FIRST_HNSW,"[0.00,0.05)",22.881708,0.5,2
178,HNSW_HYBRID,"[0.00,0.05)",10.134042,1.0,2
178,IVFFLAT_HYBRID,"[0.00,0.05)",9.940541,1.0,2
178,SQL_FIRST,"[0.00,0.05)",9.40775,1.0,3
178,VECTOR_FIRST_HNSW,"[0.00,0.05)",22.856791,0.5,3
178,HNSW_HYBRID,"[0.00,0.05)",9.995917,1.0,3
178,IVFFLAT_HYBRID,"[0.00,0.05)",9.36025,1.0,3
178,SQL_FIRST,"[0.00,0.05)",9.354459,1.0,4
178,VECTOR_FIRST_HNSW,"[0.00,0.05)",23.441375,0.5,4
178,HNSW_HYBRID,"[0.00,0.05)",10.143417,1.0,4
178,IVFFLAT_HYBRID,"[0.00,0.05)",9.554458,1.0,4
179,SQL_FIRST,"[0.00,0.05)",10.467583,1.0,0
179,VECTOR_FIRST_HNSW,"[0.00,0.05)",23.205583,0.2,0
179,HNSW_HYBRID,"[0.00,0.05)",10.813416,1.0,0
179,IVFFLAT_HYBRID,"[0.00,0.05)",10.33575,1.0,0
179,SQL_FIRST,"[0.00,0.05)",10.739625,1.0,1
179,VECTOR_FIRST_HNSW,"[0.00,0.05)",23.503917,0.2,1
179,HNSW_HYBRID,"[0.00,0.05)",10.996167,1.0,1
179,IVFFLAT_HYBRID,"[0.00,0.05)",10.394208,1.0,1
179,SQL_FIRST,"[0.00,0.05)",10.384375,1.0,2
179,VECTOR_FIRST_HNSW,"[0.00,0.05)",22.989041,0.2,2
179,HNSW_HYBRID,"[0.00,0.05)",10.756834,1.0,2
179,IVFFLAT_HYBRID,"[0.00,0.05)",10.646417,1.0,2
179,SQL_FIRST,"[0.00,0.05)",10.691917,1.0,3
179,VECTOR_FIRST_HNSW,"[0.00,0.05)",23.6005,0.2,3
179,HNSW_HYBRID,"[0.00,0.05)",10.902625,1.0,3
179,IVFFLAT_HYBRID,"[0.00,0.05)",10.278042,1.0,3
179,SQL_FIRST,"[0.00,0.05)",10.463708,1.0,4
179,VECTOR_FIRST_HNSW,"[0.00,0.05)",23.418292,0.2,4
179,HNSW_HYBRID,"[0.00,0.05)",10.727209,1.0,4
179,IVFFLAT_HYBRID,"[0.00,0.05)",10.492292,1.0,4
182,SQL_FIRST,"[0.00,0.05)",6.571125,1.0,0
182,VECTOR_FIRST_HNSW,"[0.00,0.05)",22.94125,0.1,0
182,HNSW_HYBRID,"[0.00,0.05)",7.3185,1.0,0
182,IVFFLAT_HYBRID,"[0.00,0.05)",6.442875,1.0,0
182,SQL_FIRST,"[0.00,0.05)",6.324125,1.0,1
182,VECTOR_FIRST_HNSW,"[0.00,0.05)",22.911625,0.1,1
182,HNSW_HYBRID,"[0.00,0.05)",7.081917,1.0,1
182,IVFFLAT_HYBRID,"[0.00,0.05)",6.268875,1.0,1
182,SQL_FIRST,"[0.00,0.05)",6.22,1.0,2
182,VECTOR_FIRST_HNSW,"[0.00,0.05)",22.772208,0.1,2
182,HNSW_HYBRID,"[0.00,0.05)",6.900166,1.0,2
182,IVFFLAT_HYBRID,"[0.00,0.05)",6.319167,1.0,2
182,SQL_FIRST,"[0.00,0.05)",6.541167,1.0,3
182,VECTOR_FIRST_HNSW,"[0.00,0.05)",22.813334,0.1,3
182,HNSW_HYBRID,"[0.00,0.05)",7.172625,1.0,3
182,IVFFLAT_HYBRID,"[0.00,0.05)",6.527167,1.0,3
182,SQL_FIRST,"[0.00,0.05)",6.333834,1.0,4
182,VECTOR_FIRST_HNSW,"[0.00,0.05)",22.871792,0.1,4
182,HNSW_HYBRID,"[0.00,0.05)",7.099333,1.0,4
182,IVFFLAT_HYBRID,"[0.00,0.05)",6.666667,1.0,4
183,SQL_FIRST,"[0.00,0.05)",9.213083,1.0,0
183,VECTOR_FIRST_HNSW,"[0.00,0.05)",22.908625,0.4,0
183,HNSW_HYBRID,"[0.00,0.05)",9.626542,1.0,0
183,IVFFLAT_HYBRID,"[0.00,0.05)",9.187334,1.0,0
183,SQL_FIRST,"[0.00,0.05)",9.705667,1.0,1
183,VECTOR_FIRST_HNSW,"[0.00,0.05)",22.864667,0.4,1
183,HNSW_HYBRID,"[0.00,0.05)",9.803,1.0,1
183,IVFFLAT_HYBRID,"[0.00,0.05)",9.325292,1.0,1
183,SQL_FIRST,"[0.00,0.05)",9.807917,1.0,2
183,VECTOR_FIRST_HNSW,"[0.00,0.05)",23.684708,0.4,2
183,HNSW_HYBRID,"[0.00,0.05)",9.445625,1.0,2
183,IVFFLAT_HYBRID,"[0.00,0.05)",9.215917,1.0,2
183,SQL_FIRST,"[0.00,0.05)",9.175708,1.0,3
183,VECTOR_FIRST_HNSW,"[0.00,0.05)",23.378083,0.4,3
183,HNSW_HYBRID,"[0.00,0.05)",9.548833,1.0,3
183,IVFFLAT_HYBRID,"[0.00,0.05)",9.486916,1.0,3
183,SQL_FIRST,"[0.00,0.05)",9.032875,1.0,4
183,VECTOR_FIRST_HNSW,"[0.00,0.05)",22.91825,0.4,4
183,HNSW_HYBRID,"[0.00,0.05)",9.540333,1.0,4
183,IVFFLAT_HYBRID,"[0.00,0.05)",9.482625,1.0,4
186,SQL_FIRST,"[0.00,0.05)",9.553791,1.0,0
186,VECTOR_FIRST_HNSW,"[0.00,0.05)",22.845292,0.5,0
186,HNSW_HYBRID,"[0.00,0.05)",9.703458,1.0,0
186,IVFFLAT_HYBRID,"[0.00,0.05)",9.079958,1.0,0
186,SQL_FIRST,"[0.00,0.05)",9.08725,1.0,1
186,VECTOR_FIRST_HNSW,"[0.00,0.05)",22.949458,0.5,1
186,HNSW_HYBRID,"[0.00,0.05)",9.667292,1.0,1
186,IVFFLAT_HYBRID,"[0.00,0.05)",9.569916,1.0,1
186,SQL_FIRST,"[0.00,0.05)",9.222958,1.0,2
186,VECTOR_FIRST_HNSW,"[0.00,0.05)",22.955833,0.5,2
186,HNSW_HYBRID,"[0.00,0.05)",9.525541,1.0,2
186,IVFFLAT_HYBRID,"[0.00,0.05)",8.891416,1.0,2
186,SQL_FIRST,"[0.00,0.05)",8.739459,1.0,3
186,VECTOR_FIRST_HNSW,"[0.00,0.05)",22.979584,0.5,3
186,HNSW_HYBRID,"[0.00,0.05)",9.439916,1.0,3
186,IVFFLAT_HYBRID,"[0.00,0.05)",10.374208,1.0,3
186,SQL_FIRST,"[0.00,0.05)",9.881375,1.0,4
186,VECTOR_FIRST_HNSW,"[0.00,0.05)",22.893792,0.5,4
186,HNSW_HYBRID,"[0.00,0.05)",9.621167,1.0,4
186,IVFFLAT_HYBRID,"[0.00,0.05)",9.013,1.0,4
187,SQL_FIRST,"[0.00,0.05)",5.522667,1.0,0
187,VECTOR_FIRST_HNSW,"[0.00,0.05)",23.820333,0.0,0
187,HNSW_HYBRID,"[0.00,0.05)",6.206333,1.0,0
187,IVFFLAT_HYBRID,"[0.00,0.05)",5.747208,1.0,0
187,SQL_FIRST,"[0.00,0.05)",5.457875,1.0,1
187,VECTOR_FIRST_HNSW,"[0.00,0.05)",22.828792,0.0,1
187,HNSW_HYBRID,"[0.00,0.05)",6.048625,1.0,1
187,IVFFLAT_HYBRID,"[0.00,0.05)",5.736375,1.0,1
187,SQL_FIRST,"[0.00,0.05)",5.507833,1.0,2
187,VECTOR_FIRST_HNSW,"[0.00,0.05)",22.877458,0.0,2
187,HNSW_HYBRID,"[0.00,0.05)",6.085708,1.0,2
187,IVFFLAT_HYBRID,"[0.00,0.05)",5.412125,1.0,2
187,SQL_FIRST,"[0.00,0.05)",5.424625,1.0,3
187,VECTOR_FIRST_HNSW,"[0.00,0.05)",22.814167,0.0,3
187,HNSW_HYBRID,"[0.00,0.05)",5.954,1.0,3
187,IVFFLAT_HYBRID,"[0.00,0.05)",5.5935,1.0,3
187,SQL_FIRST,"[0.00,0.05)",5.531417,1.0,4
187,VECTOR_FIRST_HNSW,"[0.00,0.05)",22.825083,0.0,4
187,HNSW_HYBRID,"[0.00,0.05)",6.239833,1.0,4
187,IVFFLAT_HYBRID,"[0.00,0.05)",5.503625,1.0,4
188,SQL_FIRST,"[0.00,0.05)",7.1745,1.0,0
188,VECTOR_FIRST_HNSW,"[0.00,0.05)",22.868167,0.3,0
188,HNSW_HYBRID,"[0.00,0.05)",8.018375,1.0,0
188,IVFFLAT_HYBRID,"[0.00,0.05)",7.718375,1.0,0
188,SQL_FIRST,"[0.00,0.05)",7.413917,1.0,1
188,VECTOR_FIRST_HNSW,"[0.00,0.05)",22.995334,0.3,1
188,HNSW_HYBRID,"[0.00,0.05)",8.135875,1.0,1
188,IVFFLAT_HYBRID,"[0.00,0.05)",7.461334,1.0,1
188,SQL_FIRST,"[0.00,0.05)",7.430125,1.0,2
188,VECTOR_FIRST_HNSW,"[0.00,0.05)",23.144333,0.3,2
188,HNSW_HYBRID,"[0.00,0.05)",8.083959,1.0,2
188,IVFFLAT_HYBRID,"[0.00,0.05)",7.812209,1.0,2
188,SQL_FIRST,"[0.00,0.05)",7.43825,1.0,3
188,VECTOR_FIRST_HNSW,"[0.00,0.05)",22.91275,0.3,3
188,HNSW_HYBRID,"[0.00,0.05)",8.090959,1.0,3
188,IVFFLAT_HYBRID,"[0.00,0.05)",7.44775,1.0,3
188,SQL_FIRST,"[0.00,0.05)",7.400125,1.0,4
188,VECTOR_FIRST_HNSW,"[0.00,0.05)",22.87025,0.3,4
188,HNSW_HYBRID,"[0.00,0.05)",8.119875,1.0,4
188,IVFFLAT_HYBRID,"[0.00,0.05)",7.414375,1.0,4
189,SQL_FIRST,"[0.00,0.05)",8.939458,1.0,0
189,VECTOR_FIRST_HNSW,"[0.00,0.05)",23.280958,0.1,0
189,HNSW_HYBRID,"[0.00,0.05)",9.022458,1.0,0
189,IVFFLAT_HYBRID,"[0.00,0.05)",8.456,1.0,0
189,SQL_FIRST,"[0.00,0.05)",8.427666,1.0,1
189,VECTOR_FIRST_HNSW,"[0.00,0.05)",23.305,0.1,1
189,HNSW_HYBRID,"[0.00,0.05)",8.950084,1.0,1
189,IVFFLAT_HYBRID,"[0.00,0.05)",8.40775,1.0,1
189,SQL_FIRST,"[0.00,0.05)",8.037083,1.0,2
189,VECTOR_FIRST_HNSW,"[0.00,0.05)",22.881791,0.1,2
189,HNSW_HYBRID,"[0.00,0.05)",8.996333,1.0,2
189,IVFFLAT_HYBRID,"[0.00,0.05)",8.593083,1.0,2
189,SQL_FIRST,"[0.00,0.05)",8.446083,1.0,3
189,VECTOR_FIRST_HNSW,"[0.00,0.05)",22.78675,0.1,3
189,HNSW_HYBRID,"[0.00,0.05)",9.009917,1.0,3
189,IVFFLAT_HYBRID,"[0.00,0.05)",8.43275,1.0,3
189,SQL_FIRST,"[0.00,0.05)",8.249167,1.0,4
189,VECTOR_FIRST_HNSW,"[0.00,0.05)",22.883291,0.1,4
189,HNSW_HYBRID,"[0.00,0.05)",8.913292,1.0,4
189,IVFFLAT_HYBRID,"[0.00,0.05)",8.420791,1.0,4
195,SQL_FIRST,"[0.00,0.05)",8.58775,1.0,0
195,VECTOR_FIRST_HNSW,"[0.00,0.05)",22.906209,0.5,0
195,HNSW_HYBRID,"[0.00,0.05)",9.200833,1.0,0
195,IVFFLAT_HYBRID,"[0.00,0.05)",9.224,1.0,0
195,SQL_FIRST,"[0.00,0.05)",9.144875,1.0,1
195,VECTOR_FIRST_HNSW,"[0.00,0.05)",23.090292,0.5,1
195,HNSW_HYBRID,"[0.00,0.05)",9.205,1.0,1
195,IVFFLAT_HYBRID,"[0.00,0.05)",8.682916,1.0,1
195,SQL_FIRST,"[0.00,0.05)",9.210042,1.0,2
195,VECTOR_FIRST_HNSW,"[0.00,0.05)",22.8905,0.5,2
195,HNSW_HYBRID,"[0.00,0.05)",9.293791,1.0,2
195,IVFFLAT_HYBRID,"[0.00,0.05)",8.794875,1.0,2
195,SQL_FIRST,"[0.00,0.05)",8.723041,1.0,3
195,VECTOR_FIRST_HNSW,"[0.00,0.05)",22.96075,0.5,3
195,HNSW_HYBRID,"[0.00,0.05)",9.23275,1.0,3
195,IVFFLAT_HYBRID,"[0.00,0.05)",8.353375,1.0,3
195,SQL_FIRST,"[0.00,0.05)",9.178167,1.0,4
195,VECTOR_FIRST_HNSW,"[0.00,0.05)",23.780625,0.5,4
195,HNSW_HYBRID,"[0.00,0.05)",9.62825,1.0,4
195,IVFFLAT_HYBRID,"[0.00,0.05)",8.735583,1.0,4
196,SQL_FIRST,"[0.00,0.05)",7.766916,1.0,0
196,VECTOR_FIRST_HNSW,"[0.00,0.05)",22.928458,0.2,0
196,HNSW_HYBRID,"[0.00,0.05)",8.411875,1.0,0
196,IVFFLAT_HYBRID,"[0.00,0.05)",7.5885,1.0,0
196,SQL_FIRST,"[0.00,0.05)",7.521584,1.0,1
196,VECTOR_FIRST_HNSW,"[0.00,0.05)",22.912167,0.2,1
196,HNSW_HYBRID,"[0.00,0.05)",8.346333,1.0,1
196,IVFFLAT_HYBRID,"[0.00,0.05)",7.529583,1.0,1
196,SQL_FIRST,"[0.00,0.05)",7.786041,1.0,2
196,VECTOR_FIRST_HNSW,"[0.00,0.05)",22.884959,0.2,2
196,HNSW_HYBRID,"[0.00,0.05)",8.368291,1.0,2
196,IVFFLAT_HYBRID,"[0.00,0.05)",7.661792,1.0,2
196,SQL_FIRST,"[0.00,0.05)",7.574625,1.0,3
196,VECTOR_FIRST_HNSW,"[0.00,0.05)",22.782833,0.2,3
196,HNSW_HYBRID,"[0.00,0.05)",8.2755,1.0,3
196,IVFFLAT_HYBRID,"[0.00,0.05)",7.632875,1.0,3
196,SQL_FIRST,"[0.00,0.05)",7.377959,1.0,4
196,VECTOR_FIRST_HNSW,"[0.00,0.05)",22.869917,0.2,4
196,HNSW_HYBRID,"[0.00,0.05)",8.180375,1.0,4
196,IVFFLAT_HYBRID,"[0.00,0.05)",7.80775,1.0,4
197,SQL_FIRST,"[0.00,0.05)",7.456084,1.0,0
197,VECTOR_FIRST_HNSW,"[0.00,0.05)",22.950333,0.1,0
197,HNSW_HYBRID,"[0.00,0.05)",7.806583,1.0,0
197,IVFFLAT_HYBRID,"[0.00,0.05)",7.356667,1.0,0
197,SQL_FIRST,"[0.00,0.05)",7.303791,1.0,1
197,VECTOR_FIRST_HNSW,"[0.00,0.05)",22.917708,0.1,1
197,HNSW_HYBRID,"[0.00,0.05)",7.880375,1.0,1
197,IVFFLAT_HYBRID,"[0.00,0.05)",7.184625,1.0,1
197,SQL_FIRST,"[0.00,0.05)",7.221875,1.0,2
197,VECTOR_FIRST_HNSW,"[0.00,0.05)",22.792459,0.1,2
197,HNSW_HYBRID,"[0.00,0.05)",7.750041,1.0,2
197,IVFFLAT_HYBRID,"[0.00,0.05)",7.14675,1.0,2
197,SQL_FIRST,"[0.00,0.05)",7.246125,1.0,3
197,VECTOR_FIRST_HNSW,"[0.00,0.05)",23.716125,0.1,3
197,HNSW_HYBRID,"[0.00,0.05)",7.990417,1.0,3
197,IVFFLAT_HYBRID,"[0.00,0.05)",7.437209,1.0,3
197,SQL_FIRST,"[0.00,0.05)",7.166834,1.0,4
197,VECTOR_FIRST_HNSW,"[0.00,0.05)",22.795709,0.1,4
197,HNSW_HYBRID,"[0.00,0.05)",8.134417,1.0,4
197,IVFFLAT_HYBRID,"[0.00,0.05)",7.633458,1.0,4
198,SQL_FIRST,"[0.00,0.05)",6.149666,1.0,0
198,VECTOR_FIRST_HNSW,"[0.00,0.05)",22.793125,0.1,0
198,HNSW_HYBRID,"[0.00,0.05)",6.924958,1.0,0
198,IVFFLAT_HYBRID,"[0.00,0.05)",6.062833,1.0,0
198,SQL_FIRST,"[0.00,0.05)",6.102167,1.0,1
198,VECTOR_FIRST_HNSW,"[0.00,0.05)",22.902792,0.1,1
198,HNSW_HYBRID,"[0.00,0.05)",6.721584,1.0,1
198,IVFFLAT_HYBRID,"[0.00,0.05)",6.209875,1.0,1
198,SQL_FIRST,"[0.00,0.05)",6.159458,1.0,2
198,VECTOR_FIRST_HNSW,"[0.00,0.05)",22.91,0.1,2
198,HNSW_HYBRID,"[0.00,0.05)",6.618875,1.0,2
198,IVFFLAT_HYBRID,"[0.00,0.05)",5.94875,1.0,2
198,SQL_FIRST,"[0.00,0.05)",6.25025,1.0,3
198,VECTOR_FIRST_HNSW,"[0.00,0.05)",22.795542,0.1,3
198,HNSW_HYBRID,"[0.00,0.05)",6.752583,1.0,3
198,IVFFLAT_HYBRID,"[0.00,0.05)",6.184708,1.0,3
198,SQL_FIRST,"[0.00,0.05)",6.199458,1.0,4
198,VECTOR_FIRST_HNSW,"[0.00,0.05)",22.862208,0.1,4
198,HNSW_HYBRID,"[0.00,0.05)",6.72575,1.0,4
198,IVFFLAT_HYBRID,"[0.00,0.05)",6.134417,1.0,4
205,SQL_FIRST,"[0.00,0.05)",1.868708,1.0,0
205,VECTOR_FIRST_HNSW,"[0.00,0.05)",23.122583,0.0,0
205,HNSW_HYBRID,"[0.00,0.05)",1.909083,1.0,0
205,IVFFLAT_HYBRID,"[0.00,0.05)",1.538125,1.0,0
205,SQL_FIRST,"[0.00,0.05)",1.574125,1.0,1
205,VECTOR_FIRST_HNSW,"[0.00,0.05)",24.82075,0.0,1
205,HNSW_HYBRID,"[0.00,0.05)",1.941458,1.0,1
205,IVFFLAT_HYBRID,"[0.00,0.05)",1.521792,1.0,1
205,SQL_FIRST,"[0.00,0.05)",1.533292,1.0,2
205,VECTOR_FIRST_HNSW,"[0.00,0.05)",22.672417,0.0,2
205,HNSW_HYBRID,"[0.00,0.05)",1.932375,1.0,2
205,IVFFLAT_HYBRID,"[0.00,0.05)",1.550792,1.0,2
205,SQL_FIRST,"[0.00,0.05)",1.545709,1.0,3
205,VECTOR_FIRST_HNSW,"[0.00,0.05)",22.694125,0.0,3
205,HNSW_HYBRID,"[0.00,0.05)",1.969959,1.0,3
205,IVFFLAT_HYBRID,"[0.00,0.05)",1.643709,1.0,3
205,SQL_FIRST,"[0.00,0.05)",1.607042,1.0,4
205,VECTOR_FIRST_HNSW,"[0.00,0.05)",22.808541,0.0,4
205,HNSW_HYBRID,"[0.00,0.05)",1.962334,1.0,4
205,IVFFLAT_HYBRID,"[0.00,0.05)",1.615125,1.0,4
207,SQL_FIRST,"[0.00,0.05)",4.584875,1.0,0
207,VECTOR_FIRST_HNSW,"[0.00,0.05)",22.928458,0.2,0
207,HNSW_HYBRID,"[0.00,0.05)",4.880583,1.0,0
207,IVFFLAT_HYBRID,"[0.00,0.05)",4.303417,1.0,0
207,SQL_FIRST,"[0.00,0.05)",4.246083,1.0,1
207,VECTOR_FIRST_HNSW,"[0.00,0.05)",23.485333,0.2,1
207,HNSW_HYBRID,"[0.00,0.05)",4.72625,1.0,1
207,IVFFLAT_HYBRID,"[0.00,0.05)",4.302875,1.0,1
207,SQL_FIRST,"[0.00,0.05)",4.378333,1.0,2
207,VECTOR_FIRST_HNSW,"[0.00,0.05)",22.981541,0.2,2
207,HNSW_HYBRID,"[0.00,0.05)",4.805834,1.0,2
207,IVFFLAT_HYBRID,"[0.00,0.05)",4.328208,1.0,2
207,SQL_FIRST,"[0.00,0.05)",4.309959,1.0,3
207,VECTOR_FIRST_HNSW,"[0.00,0.05)",22.855541,0.2,3
207,HNSW_HYBRID,"[0.00,0.05)",4.821208,1.0,3
207,IVFFLAT_HYBRID,"[0.00,0.05)",4.343917,1.0,3
207,SQL_FIRST,"[0.00,0.05)",4.252416,1.0,4
207,VECTOR_FIRST_HNSW,"[0.00,0.05)",22.85225,0.2,4
207,HNSW_HYBRID,"[0.00,0.05)",4.724125,1.0,4
207,IVFFLAT_HYBRID,"[0.00,0.05)",4.3425,1.0,4
209,SQL_FIRST,"[0.00,0.05)",9.185458,1.0,0
209,VECTOR_FIRST_HNSW,"[0.00,0.05)",23.194459,0.6,0
209,HNSW_HYBRID,"[0.00,0.05)",9.407083,1.0,0
209,IVFFLAT_HYBRID,"[0.00,0.05)",9.177583,1.0,0
209,SQL_FIRST,"[0.00,0.05)",9.230959,1.0,1
209,VECTOR_FIRST_HNSW,"[0.00,0.05)",22.964084,0.6,1
209,HNSW_HYBRID,"[0.00,0.05)",9.444125,1.0,1
209,IVFFLAT_HYBRID,"[0.00,0.05)",9.61,1.0,1
209,SQL_FIRST,"[0.00,0.05)",9.197583,1.0,2
209,VECTOR_FIRST_HNSW,"[0.00,0.05)",22.790208,0.6,2
209,HNSW_HYBRID,"[0.00,0.05)",9.427792,1.0,2
209,IVFFLAT_HYBRID,"[0.00,0.05)",9.494917,1.0,2
209,SQL_FIRST,"[0.00,0.05)",9.089375,1.0,3
209,VECTOR_FIRST_HNSW,"[0.00,0.05)",23.016958,0.6,3
209,HNSW_HYBRID,"[0.00,0.05)",9.536375,1.0,3
209,IVFFLAT_HYBRID,"[0.00,0.05)",9.100209,1.0,3
209,SQL_FIRST,"[0.00,0.05)",9.194917,1.0,4
209,VECTOR_FIRST_HNSW,"[0.00,0.05)",22.916292,0.6,4
209,HNSW_HYBRID,"[0.00,0.05)",9.709583,1.0,4
209,IVFFLAT_HYBRID,"[0.00,0.05)",9.514042,1.0,4
210,SQL_FIRST,"[0.00,0.05)",9.106333,1.0,0
210,VECTOR_FIRST_HNSW,"[0.00,0.05)",23.230125,0.5,0
210,HNSW_HYBRID,"[0.00,0.05)",9.38725,1.0,0
210,IVFFLAT_HYBRID,"[0.00,0.05)",9.123666,1.0,0
210,SQL_FIRST,"[0.00,0.05)",8.792917,1.0,1
210,VECTOR_FIRST_HNSW,"[0.00,0.05)",22.934334,0.5,1
210,HNSW_HYBRID,"[0.00,0.05)",9.473459,1.0,1
210,IVFFLAT_HYBRID,"[0.00,0.05)",9.522417,1.0,1
210,SQL_FIRST,"[0.00,0.05)",9.087875,1.0,2
210,VECTOR_FIRST_HNSW,"[0.00,0.05)",23.204709,0.5,2
210,HNSW_HYBRID,"[0.00,0.05)",10.10375,1.0,2
210,IVFFLAT_HYBRID,"[0.00,0.05)",9.320125,1.0,2
210,SQL_FIRST,"[0.00,0.05)",9.13475,1.0,3
210,VECTOR_FIRST_HNSW,"[0.00,0.05)",22.900917,0.5,3
210,HNSW_HYBRID,"[0.00,0.05)",9.284834,1.0,3
210,IVFFLAT_HYBRID,"[0.00,0.05)",9.162708,1.0,3
210,SQL_FIRST,"[0.00,0.05)",9.233125,1.0,4
210,VECTOR_FIRST_HNSW,"[0.00,0.05)",22.916208,0.5,4
210,HNSW_HYBRID,"[0.00,0.05)",9.605959,1.0,4
210,IVFFLAT_HYBRID,"[0.00,0.05)",9.135542,1.0,4
212,SQL_FIRST,"[0.00,0.05)",10.079625,1.0,0
212,VECTOR_FIRST_HNSW,"[0.00,0.05)",22.986458,0.4,0
212,HNSW_HYBRID,"[0.00,0.05)",10.01175,1.0,0
212,IVFFLAT_HYBRID,"[0.00,0.05)",10.243875,1.0,0
212,SQL_FIRST,"[0.00,0.05)",9.499,1.0,1
212,VECTOR_FIRST_HNSW,"[0.00,0.05)",22.977833,0.4,1
212,HNSW_HYBRID,"[0.00,0.05)",9.808292,1.0,1
212,IVFFLAT_HYBRID,"[0.00,0.05)",9.297291,1.0,1
212,SQL_FIRST,"[0.00,0.05)",9.449125,1.0,2
212,VECTOR_FIRST_HNSW,"[0.00,0.05)",22.924667,0.4,2
212,HNSW_HYBRID,"[0.00,0.05)",9.993333,1.0,2
212,IVFFLAT_HYBRID,"[0.00,0.05)",9.824292,1.0,2
212,SQL_FIRST,"[0.00,0.05)",9.84075,1.0,3
212,VECTOR_FIRST_HNSW,"[0.00,0.05)",23.536875,0.4,3
212,HNSW_HYBRID,"[0.00,0.05)",9.812166,1.0,3
212,IVFFLAT_HYBRID,"[0.00,0.05)",9.402958,1.0,3
212,SQL_FIRST,"[0.00,0.05)",9.431041,1.0,4
212,VECTOR_FIRST_HNSW,"[0.00,0.05)",23.422,0.4,4
212,HNSW_HYBRID,"[0.00,0.05)",9.93425,1.0,4
212,IVFFLAT_HYBRID,"[0.00,0.05)",9.266084,1.0,4
213,SQL_FIRST,"[0.00,0.05)",8.588084,1.0,0
213,VECTOR_FIRST_HNSW,"[0.00,0.05)",22.960791,0.3,0
213,HNSW_HYBRID,"[0.00,0.05)",9.120417,1.0,0
213,IVFFLAT_HYBRID,"[0.00,0.05)",8.5795,1.0,0
213,SQL_FIRST,"[0.00,0.05)",8.738666,1.0,1
213,VECTOR_FIRST_HNSW,"[0.00,0.05)",23.028875,0.3,1
213,HNSW_HYBRID,"[0.00,0.05)",9.063,1.0,1
213,IVFFLAT_HYBRID,"[0.00,0.05)",8.722333,1.0,1
213,SQL_FIRST,"[0.00,0.05)",8.769833,1.0,2
213,VECTOR_FIRST_HNSW,"[0.00,0.05)",22.929833,0.3,2
213,HNSW_HYBRID,"[0.00,0.05)",9.220083,1.0,2
213,IVFFLAT_HYBRID,"[0.00,0.05)",8.494208,1.0,2
213,SQL_FIRST,"[0.00,0.05)",8.995458,1.0,3
213,VECTOR_FIRST_HNSW,"[0.00,0.05)",22.808542,0.3,3
213,HNSW_HYBRID,"[0.00,0.05)",9.239209,1.0,3
213,IVFFLAT_HYBRID,"[0.00,0.05)",8.711917,1.0,3
213,SQL_FIRST,"[0.00,0.05)",9.096166,1.0,4
213,VECTOR_FIRST_HNSW,"[0.00,0.05)",22.877,0.3,4
213,HNSW_HYBRID,"[0.00,0.05)",9.077333,1.0,4
213,IVFFLAT_HYBRID,"[0.00,0.05)",8.445792,1.0,4
219,SQL_FIRST,"[0.00,0.05)",9.535208,1.0,0
219,VECTOR_FIRST_HNSW,"[0.00,0.05)",22.775875,0.2,0
219,HNSW_HYBRID,"[0.00,0.05)",9.054584,1.0,0
219,IVFFLAT_HYBRID,"[0.00,0.05)",8.629084,1.0,0
219,SQL_FIRST,"[0.00,0.05)",9.149,1.0,1
219,VECTOR_FIRST_HNSW,"[0.00,0.05)",23.465541,0.2,1
219,HNSW_HYBRID,"[0.00,0.05)",9.304625,1.0,1
219,IVFFLAT_HYBRID,"[0.00,0.05)",8.732334,1.0,1
219,SQL_FIRST,"[0.00,0.05)",8.551334,1.0,2
219,VECTOR_FIRST_HNSW,"[0.00,0.05)",23.269458,0.2,2
219,HNSW_HYBRID,"[0.00,0.05)",9.18875,1.0,2
219,IVFFLAT_HYBRID,"[0.00,0.05)",9.1785,1.0,2
219,SQL_FIRST,"[0.00,0.05)",8.891792,1.0,3
219,VECTOR_FIRST_HNSW,"[0.00,0.05)",22.993375,0.2,3
219,HNSW_HYBRID,"[0.00,0.05)",9.216792,1.0,3
219,IVFFLAT_HYBRID,"[0.00,0.05)",8.695125,1.0,3
219,SQL_FIRST,"[0.00,0.05)",8.467167,1.0,4
219,VECTOR_FIRST_HNSW,"[0.00,0.05)",22.960875,0.2,4
219,HNSW_HYBRID,"[0.00,0.05)",9.156083,1.0,4
219,IVFFLAT_HYBRID,"[0.00,0.05)",8.916458,1.0,4
221,SQL_FIRST,"[0.00,0.05)",6.237125,1.0,0
221,VECTOR_FIRST_HNSW,"[0.00,0.05)",22.844583,0.2,0
221,HNSW_HYBRID,"[0.00,0.05)",7.020875,1.0,0
221,IVFFLAT_HYBRID,"[0.00,0.05)",6.277084,1.0,0
221,SQL_FIRST,"[0.00,0.05)",6.50975,1.0,1
221,VECTOR_FIRST_HNSW,"[0.00,0.05)",22.806542,0.2,1
221,HNSW_HYBRID,"[0.00,0.05)",7.214958,1.0,1
221,IVFFLAT_HYBRID,"[0.00,0.05)",6.416916,1.0,1
221,SQL_FIRST,"[0.00,0.05)",6.309958,1.0,2
221,VECTOR_FIRST_HNSW,"[0.00,0.05)",22.902875,0.2,2
221,HNSW_HYBRID,"[0.00,0.05)",7.027375,1.0,2
221,IVFFLAT_HYBRID,"[0.00,0.05)",6.685667,1.0,2
221,SQL_FIRST,"[0.00,0.05)",6.506083,1.0,3
221,VECTOR_FIRST_HNSW,"[0.00,0.05)",23.028459,0.2,3
221,HNSW_HYBRID,"[0.00,0.05)",7.262209,1.0,3
221,IVFFLAT_HYBRID,"[0.00,0.05)",7.593042,1.0,3
221,SQL_FIRST,"[0.00,0.05)",6.587208,1.0,4
221,VECTOR_FIRST_HNSW,"[0.00,0.05)",22.836167,0.2,4
221,HNSW_HYBRID,"[0.00,0.05)",7.181417,1.0,4
221,IVFFLAT_HYBRID,"[0.00,0.05)",6.291625,1.0,4
223,SQL_FIRST,"[0.00,0.05)",9.40625,1.0,0
223,VECTOR_FIRST_HNSW,"[0.00,0.05)",23.721417,0.5,0
223,HNSW_HYBRID,"[0.00,0.05)",9.721,1.0,0
223,IVFFLAT_HYBRID,"[0.00,0.05)",9.360208,1.0,0
223,SQL_FIRST,"[0.00,0.05)",8.9345,1.0,1
223,VECTOR_FIRST_HNSW,"[0.00,0.05)",23.374667,0.5,1
223,HNSW_HYBRID,"[0.00,0.05)",9.590791,1.0,1
223,IVFFLAT_HYBRID,"[0.00,0.05)",9.512167,1.0,1
223,SQL_FIRST,"[0.00,0.05)",8.907292,1.0,2
223,VECTOR_FIRST_HNSW,"[0.00,0.05)",22.927584,0.5,2
223,HNSW_HYBRID,"[0.00,0.05)",9.280375,1.0,2
223,IVFFLAT_HYBRID,"[0.00,0.05)",8.914667,1.0,2
223,SQL_FIRST,"[0.00,0.05)",9.007958,1.0,3
223,VECTOR_FIRST_HNSW,"[0.00,0.05)",22.886916,0.5,3
223,HNSW_HYBRID,"[0.00,0.05)",9.224125,1.0,3
223,IVFFLAT_HYBRID,"[0.00,0.05)",9.280625,1.0,3
223,SQL_FIRST,"[0.00,0.05)",8.867625,1.0,4
223,VECTOR_FIRST_HNSW,"[0.00,0.05)",23.018709,0.5,4
223,HNSW_HYBRID,"[0.00,0.05)",9.481208,1.0,4
223,IVFFLAT_HYBRID,"[0.00,0.05)",8.640917,1.0,4
227,SQL_FIRST,"[0.00,0.05)",4.3715,1.0,0
227,VECTOR_FIRST_HNSW,"[0.00,0.05)",22.80675,0.1,0
227,HNSW_HYBRID,"[0.00,0.05)",4.718542,1.0,0
227,IVFFLAT_HYBRID,"[0.00,0.05)",4.421542,1.0,0
227,SQL_FIRST,"[0.00,0.05)",4.418125,1.0,1
227,VECTOR_FIRST_HNSW,"[0.00,0.05)",22.740417,0.1,1
227,HNSW_HYBRID,"[0.00,0.05)",4.859417,1.0,1
227,IVFFLAT_HYBRID,"[0.00,0.05)",4.31025,1.0,1
227,SQL_FIRST,"[0.00,0.05)",4.224083,1.0,2
227,VECTOR_FIRST_HNSW,"[0.00,0.05)",23.434833,0.1,2
227,HNSW_HYBRID,"[0.00,0.05)",4.722459,1.0,2
227,IVFFLAT_HYBRID,"[0.00,0.05)",4.340584,1.0,2
227,SQL_FIRST,"[0.00,0.05)",4.360875,1.0,3
227,VECTOR_FIRST_HNSW,"[0.00,0.05)",22.901667,0.1,3
227,HNSW_HYBRID,"[0.00,0.05)",4.68075,1.0,3
227,IVFFLAT_HYBRID,"[0.00,0.05)",4.317209,1.0,3
227,SQL_FIRST,"[0.00,0.05)",4.262667,1.0,4
227,VECTOR_FIRST_HNSW,"[0.00,0.05)",22.858417,0.1,4
227,HNSW_HYBRID,"[0.00,0.05)",4.725167,1.0,4
227,IVFFLAT_HYBRID,"[0.00,0.05)",4.244458,1.0,4
228,SQL_FIRST,"[0.00,0.05)",9.329292,1.0,0
228,VECTOR_FIRST_HNSW,"[0.00,0.05)",23.438917,0.6,0
228,HNSW_HYBRID,"[0.00,0.05)",9.3615,1.0,0
228,IVFFLAT_HYBRID,"[0.00,0.05)",9.005833,1.0,0
228,SQL_FIRST,"[0.00,0.05)",9.206209,1.0,1
228,VECTOR_FIRST_HNSW,"[0.00,0.05)",23.412167,0.6,1
228,HNSW_HYBRID,"[0.00,0.05)",9.55925,1.0,1
228,IVFFLAT_HYBRID,"[0.00,0.05)",9.201083,1.0,1
228,SQL_FIRST,"[0.00,0.05)",8.877292,1.0,2
228,VECTOR_FIRST_HNSW,"[0.00,0.05)",22.944167,0.6,2
228,HNSW_HYBRID,"[0.00,0.05)",9.2815,1.0,2
228,IVFFLAT_HYBRID,"[0.00,0.05)",8.625542,1.0,2
228,SQL_FIRST,"[0.00,0.05)",9.139375,1.0,3
228,VECTOR_FIRST_HNSW,"[0.00,0.05)",22.881459,0.6,3
228,HNSW_HYBRID,"[0.00,0.05)",9.508333,1.0,3
228,IVFFLAT_HYBRID,"[0.00,0.05)",8.806375,1.0,3
228,SQL_FIRST,"[0.00,0.05)",8.768625,1.0,4
228,VECTOR_FIRST_HNSW,"[0.00,0.05)",22.859375,0.6,4
228,HNSW_HYBRID,"[0.00,0.05)",9.343459,1.0,4
228,IVFFLAT_HYBRID,"[0.00,0.05)",8.819791,1.0,4
229,SQL_FIRST,"[0.00,0.05)",5.599583,1.0,0
229,VECTOR_FIRST_HNSW,"[0.00,0.05)",22.811416,0.2,0
229,HNSW_HYBRID,"[0.00,0.05)",6.127458,1.0,0
229,IVFFLAT_HYBRID,"[0.00,0.05)",5.630584,1.0,0
229,SQL_FIRST,"[0.00,0.05)",5.56,1.0,1
229,VECTOR_FIRST_HNSW,"[0.00,0.05)",23.220375,0.2,1
229,HNSW_HYBRID,"[0.00,0.05)",6.192375,1.0,1
229,IVFFLAT_HYBRID,"[0.00,0.05)",5.7065,1.0,1
229,SQL_FIRST,"[0.00,0.05)",5.694709,1.0,2
229,VECTOR_FIRST_HNSW,"[0.00,0.05)",22.893292,0.2,2
229,HNSW_HYBRID,"[0.00,0.05)",6.143209,1.0,2
229,IVFFLAT_HYBRID,"[0.00,0.05)",5.75525,1.0,2
229,SQL_FIRST,"[0.00,0.05)",5.575,1.0,3
229,VECTOR_FIRST_HNSW,"[0.00,0.05)",22.794584,0.2,3
229,HNSW_HYBRID,"[0.00,0.05)",6.201458,1.0,3
229,IVFFLAT_HYBRID,"[0.00,0.05)",5.525208,1.0,3
229,SQL_FIRST,"[0.00,0.05)",5.551667,1.0,4
229,VECTOR_FIRST_HNSW,"[0.00,0.05)",22.852125,0.2,4
229,HNSW_HYBRID,"[0.00,0.05)",6.166625,1.0,4
229,IVFFLAT_HYBRID,"[0.00,0.05)",5.586917,1.0,4
230,SQL_FIRST,"[0.00,0.05)",9.386167,1.0,0
230,VECTOR_FIRST_HNSW,"[0.00,0.05)",22.904791,0.4,0
230,HNSW_HYBRID,"[0.00,0.05)",9.821375,1.0,0
230,IVFFLAT_HYBRID,"[0.00,0.05)",9.399833,1.0,0
230,SQL_FIRST,"[0.00,0.05)",9.712125,1.0,1
230,VECTOR_FIRST_HNSW,"[0.00,0.05)",22.901833,0.4,1
230,HNSW_HYBRID,"[0.00,0.05)",10.039625,1.0,1
230,IVFFLAT_HYBRID,"[0.00,0.05)",9.218584,1.0,1
230,SQL_FIRST,"[0.00,0.05)",9.143958,1.0,2
230,VECTOR_FIRST_HNSW,"[0.00,0.05)",22.965541,0.4,2
230,HNSW_HYBRID,"[0.00,0.05)",9.674083,1.0,2
230,IVFFLAT_HYBRID,"[0.00,0.05)",9.510958,1.0,2
230,SQL_FIRST,"[0.00,0.05)",9.207958,1.0,3
230,VECTOR_FIRST_HNSW,"[0.00,0.05)",22.882167,0.4,3
230,HNSW_HYBRID,"[0.00,0.05)",9.578458,1.0,3
230,IVFFLAT_HYBRID,"[0.00,0.05)",9.264917,1.0,3
230,SQL_FIRST,"[0.00,0.05)",9.147,1.0,4
230,VECTOR_FIRST_HNSW,"[0.00,0.05)",22.884917,0.4,4
230,HNSW_HYBRID,"[0.00,0.05)",9.619917,1.0,4
230,IVFFLAT_HYBRID,"[0.00,0.05)",9.529209,1.0,4
232,SQL_FIRST,"[0.00,0.05)",10.667375,1.0,0
232,VECTOR_FIRST_HNSW,"[0.00,0.05)",23.427083,0.2,0
232,HNSW_HYBRID,"[0.00,0.05)",10.989292,1.0,0
232,IVFFLAT_HYBRID,"[0.00,0.05)",10.547667,1.0,0
232,SQL_FIRST,"[0.00,0.05)",10.694833,1.0,1
232,VECTOR_FIRST_HNSW,"[0.00,0.05)",22.905875,0.2,1
232,HNSW_HYBRID,"[0.00,0.05)",11.395875,1.0,1
232,IVFFLAT_HYBRID,"[0.00,0.05)",10.88825,1.0,1
232,SQL_FIRST,"[0.00,0.05)",10.47225,1.0,2
232,VECTOR_FIRST_HNSW,"[0.00,0.05)",23.049916,0.2,2
232,HNSW_HYBRID,"[0.00,0.05)",10.810333,1.0,2
232,IVFFLAT_HYBRID,"[0.00,0.05)",10.879417,1.0,2
232,SQL_FIRST,"[0.00,0.05)",11.065542,1.0,3
232,VECTOR_FIRST_HNSW,"[0.00,0.05)",23.822792,0.2,3
232,HNSW_HYBRID,"[0.00,0.05)",11.0095,1.0,3
232,IVFFLAT_HYBRID,"[0.00,0.05)",10.479375,1.0,3
232,SQL_FIRST,"[0.00,0.05)",10.678625,1.0,4
232,VECTOR_FIRST_HNSW,"[0.00,0.05)",23.275625,0.2,4
232,HNSW_HYBRID,"[0.00,0.05)",11.141292,1.0,4
232,IVFFLAT_HYBRID,"[0.00,0.05)",10.586125,1.0,4
233,SQL_FIRST,"[0.00,0.05)",9.321458,1.0,0
233,VECTOR_FIRST_HNSW,"[0.00,0.05)",22.90825,0.4,0
233,HNSW_HYBRID,"[0.00,0.05)",9.671625,1.0,0
233,IVFFLAT_HYBRID,"[0.00,0.05)",9.201125,1.0,0
233,SQL_FIRST,"[0.00,0.05)",9.708834,1.0,1
233,VECTOR_FIRST_HNSW,"[0.00,0.05)",22.962125,0.4,1
233,HNSW_HYBRID,"[0.00,0.05)",9.946125,1.0,1
233,IVFFLAT_HYBRID,"[0.00,0.05)",9.214667,1.0,1
233,SQL_FIRST,"[0.00,0.05)",9.27975,1.0,2
233,VECTOR_FIRST_HNSW,"[0.00,0.05)",22.884458,0.4,2
233,HNSW_HYBRID,"[0.00,0.05)",9.469417,1.0,2
233,IVFFLAT_HYBRID,"[0.00,0.05)",9.112958,1.0,2
233,SQL_FIRST,"[0.00,0.05)",9.307375,1.0,3
233,VECTOR_FIRST_HNSW,"[0.00,0.05)",22.8285,0.4,3
233,HNSW_HYBRID,"[0.00,0.05)",9.71225,1.0,3
233,IVFFLAT_HYBRID,"[0.00,0.05)",9.71125,1.0,3
233,SQL_FIRST,"[0.00,0.05)",9.174375,1.0,4
233,VECTOR_FIRST_HNSW,"[0.00,0.05)",24.876042,0.4,4
233,HNSW_HYBRID,"[0.00,0.05)",9.63575,1.0,4
233,IVFFLAT_HYBRID,"[0.00,0.05)",9.435541,1.0,4
234,SQL_FIRST,"[0.00,0.05)",8.914542,1.0,0
234,VECTOR_FIRST_HNSW,"[0.00,0.05)",23.033875,0.6,0
234,HNSW_HYBRID,"[0.00,0.05)",9.181959,1.0,0
234,IVFFLAT_HYBRID,"[0.00,0.05)",9.20525,1.0,0
234,SQL_FIRST,"[0.00,0.05)",9.576541,1.0,1
234,VECTOR_FIRST_HNSW,"[0.00,0.05)",23.18,0.6,1
234,HNSW_HYBRID,"[0.00,0.05)",9.086166,1.0,1
234,IVFFLAT_HYBRID,"[0.00,0.05)",8.258875,1.0,1
234,SQL_FIRST,"[0.00,0.05)",9.033209,1.0,2
234,VECTOR_FIRST_HNSW,"[0.00,0.05)",23.438917,0.6,2
234,HNSW_HYBRID,"[0.00,0.05)",9.34,1.0,2
234,IVFFLAT_HYBRID,"[0.00,0.05)",8.74225,1.0,2
234,SQL_FIRST,"[0.00,0.05)",8.421292,1.0,3
234,VECTOR_FIRST_HNSW,"[0.00,0.05)",22.983167,0.6,3
234,HNSW_HYBRID,"[0.00,0.05)",9.093417,1.0,3
234,IVFFLAT_HYBRID,"[0.00,0.05)",8.734458,1.0,3
234,SQL_FIRST,"[0.00,0.05)",8.638,1.0,4
234,VECTOR_FIRST_HNSW,"[0.00,0.05)",22.940792,0.6,4
234,HNSW_HYBRID,"[0.00,0.05)",9.146375,1.0,4
234,IVFFLAT_HYBRID,"[0.00,0.05)",8.743375,1.0,4
236,SQL_FIRST,"[0.00,0.05)",7.797292,1.0,0
236,VECTOR_FIRST_HNSW,"[0.00,0.05)",23.18,0.3,0
236,HNSW_HYBRID,"[0.00,0.05)",8.425625,1.0,0
236,IVFFLAT_HYBRID,"[0.00,0.05)",7.922125,1.0,0
236,SQL_FIRST,"[0.00,0.05)",7.769209,1.0,1
236,VECTOR_FIRST_HNSW,"[0.00,0.05)",23.529,0.3,1
236,HNSW_HYBRID,"[0.00,0.05)",8.336166,1.0,1
236,IVFFLAT_HYBRID,"[0.00,0.05)",7.5245,1.0,1
236,SQL_FIRST,"[0.00,0.05)",7.839042,1.0,2
236,VECTOR_FIRST_HNSW,"[0.00,0.05)",23.481667,0.3,2
236,HNSW_HYBRID,"[0.00,0.05)",8.248292,1.0,2
236,IVFFLAT_HYBRID,"[0.00,0.05)",7.604792,1.0,2
236,SQL_FIRST,"[0.00,0.05)",7.587125,1.0,3
236,VECTOR_FIRST_HNSW,"[0.00,0.05)",22.851917,0.3,3
236,HNSW_HYBRID,"[0.00,0.05)",8.332459,1.0,3
236,IVFFLAT_HYBRID,"[0.00,0.05)",7.456458,1.0,3
236,SQL_FIRST,"[0.00,0.05)",8.252542,1.0,4
236,VECTOR_FIRST_HNSW,"[0.00,0.05)",22.915542,0.3,4
236,HNSW_HYBRID,"[0.00,0.05)",8.595666,1.0,4
236,IVFFLAT_HYBRID,"[0.00,0.05)",7.677375,1.0,4
237,SQL_FIRST,"[0.00,0.05)",3.905041,1.0,0
237,VECTOR_FIRST_HNSW,"[0.00,0.05)",23.186584,0.0,0
237,HNSW_HYBRID,"[0.00,0.05)",3.930125,1.0,0
237,IVFFLAT_HYBRID,"[0.00,0.05)",3.640958,1.0,0
237,SQL_FIRST,"[0.00,0.05)",3.584041,1.0,1
237,VECTOR_FIRST_HNSW,"[0.00,0.05)",22.700625,0.0,1
237,HNSW_HYBRID,"[0.00,0.05)",4.0485,1.0,1
237,IVFFLAT_HYBRID,"[0.00,0.05)",3.678458,1.0,1
237,SQL_FIRST,"[0.00,0.05)",3.652834,1.0,2
237,VECTOR_FIRST_HNSW,"[0.00,0.05)",22.801875,0.0,2
237,HNSW_HYBRID,"[0.00,0.05)",4.04275,1.0,2
237,IVFFLAT_HYBRID,"[0.00,0.05)",3.652333,1.0,2
237,SQL_FIRST,"[0.00,0.05)",3.674334,1.0,3
237,VECTOR_FIRST_HNSW,"[0.00,0.05)",22.833708,0.0,3
237,HNSW_HYBRID,"[0.00,0.05)",3.992583,1.0,3
237,IVFFLAT_HYBRID,"[0.00,0.05)",3.617291,1.0,3
237,SQL_FIRST,"[0.00,0.05)",3.698459,1.0,4
237,VECTOR_FIRST_HNSW,"[0.00,0.05)",22.926583,0.0,4
237,HNSW_HYBRID,"[0.00,0.05)",4.103792,1.0,4
237,IVFFLAT_HYBRID,"[0.00,0.05)",3.694833,1.0,4
238,SQL_FIRST,"[0.00,0.05)",9.12275,1.0,0
238,VECTOR_FIRST_HNSW,"[0.00,0.05)",22.979125,0.5,0
238,HNSW_HYBRID,"[0.00,0.05)",9.563417,1.0,0
238,IVFFLAT_HYBRID,"[0.00,0.05)",9.528875,1.0,0
238,SQL_FIRST,"[0.00,0.05)",9.118792,1.0,1
238,VECTOR_FIRST_HNSW,"[0.00,0.05)",22.926334,0.5,1
238,HNSW_HYBRID,"[0.00,0.05)",9.711625,1.0,1
238,IVFFLAT_HYBRID,"[0.00,0.05)",9.292125,1.0,1
238,SQL_FIRST,"[0.00,0.05)",8.9845,1.0,2
238,VECTOR_FIRST_HNSW,"[0.00,0.05)",23.318375,0.5,2
238,HNSW_HYBRID,"[0.00,0.05)",9.619041,1.0,2
238,IVFFLAT_HYBRID,"[0.00,0.05)",9.379042,1.0,2
238,SQL_FIRST,"[0.00,0.05)",9.248042,1.0,3
238,VECTOR_FIRST_HNSW,"[0.00,0.05)",22.953167,0.5,3
238,HNSW_HYBRID,"[0.00,0.05)",9.601833,1.0,3
238,IVFFLAT_HYBRID,"[0.00,0.05)",8.892375,1.0,3
238,SQL_FIRST,"[0.00,0.05)",9.538292,1.0,4
238,VECTOR_FIRST_HNSW,"[0.00,0.05)",22.784709,0.5,4
238,HNSW_HYBRID,"[0.00,0.05)",9.863625,1.0,4
238,IVFFLAT_HYBRID,"[0.00,0.05)",9.038833,1.0,4
240,SQL_FIRST,"[0.00,0.05)",1.422417,1.0,0
240,VECTOR_FIRST_HNSW,"[0.00,0.05)",23.109209,0.0,0
240,HNSW_HYBRID,"[0.00,0.05)",1.447417,1.0,0
240,IVFFLAT_HYBRID,"[0.00,0.05)",1.277083,1.0,0
240,SQL_FIRST,"[0.00,0.05)",1.240541,1.0,1
240,VECTOR_FIRST_HNSW,"[0.00,0.05)",23.488875,0.0,1
240,HNSW_HYBRID,"[0.00,0.05)",1.508709,1.0,1
240,IVFFLAT_HYBRID,"[0.00,0.05)",1.338917,1.0,1
240,SQL_FIRST,"[0.00,0.05)",1.342083,1.0,2
240,VECTOR_FIRST_HNSW,"[0.00,0.05)",23.424709,0.0,2
240,HNSW_HYBRID,"[0.00,0.05)",1.499667,1.0,2
240,IVFFLAT_HYBRID,"[0.00,0.05)",1.225167,1.0,2
240,SQL_FIRST,"[0.00,0.05)",1.219166,1.0,3
240,VECTOR_FIRST_HNSW,"[0.00,0.05)",22.794083,0.0,3
240,HNSW_HYBRID,"[0.00,0.05)",1.525625,1.0,3
240,IVFFLAT_HYBRID,"[0.00,0.05)",1.243917,1.0,3
240,SQL_FIRST,"[0.00,0.05)",1.242083,1.0,4
240,VECTOR_FIRST_HNSW,"[0.00,0.05)",22.783333,0.0,4
240,HNSW_HYBRID,"[0.00,0.05)",1.457042,1.0,4
240,IVFFLAT_HYBRID,"[0.00,0.05)",1.239083,1.0,4
243,SQL_FIRST,"[0.00,0.05)",9.66575,1.0,0
243,VECTOR_FIRST_HNSW,"[0.00,0.05)",22.863292,0.3,0
243,HNSW_HYBRID,"[0.00,0.05)",9.770542,1.0,0
243,IVFFLAT_HYBRID,"[0.00,0.05)",9.338167,1.0,0
243,SQL_FIRST,"[0.00,0.05)",9.7265,1.0,1
243,VECTOR_FIRST_HNSW,"[0.00,0.05)",25.58325,0.3,1
243,HNSW_HYBRID,"[0.00,0.05)",9.903667,1.0,1
243,IVFFLAT_HYBRID,"[0.00,0.05)",9.211041,1.0,1
243,SQL_FIRST,"[0.00,0.05)",9.267209,1.0,2
243,VECTOR_FIRST_HNSW,"[0.00,0.05)",22.853959,0.3,2
243,HNSW_HYBRID,"[0.00,0.05)",9.696834,1.0,2
243,IVFFLAT_HYBRID,"[0.00,0.05)",9.851667,1.0,2
243,SQL_FIRST,"[0.00,0.05)",9.713291,1.0,3
243,VECTOR_FIRST_HNSW,"[0.00,0.05)",23.021792,0.3,3
243,HNSW_HYBRID,"[0.00,0.05)",9.622458,1.0,3
243,IVFFLAT_HYBRID,"[0.00,0.05)",9.162417,1.0,3
243,SQL_FIRST,"[0.00,0.05)",9.255125,1.0,4
243,VECTOR_FIRST_HNSW,"[0.00,0.05)",22.889542,0.3,4
243,HNSW_HYBRID,"[0.00,0.05)",9.671666,1.0,4
243,IVFFLAT_HYBRID,"[0.00,0.05)",9.250708,1.0,4
254,SQL_FIRST,"[0.00,0.05)",5.967166,1.0,0
254,VECTOR_FIRST_HNSW,"[0.00,0.05)",23.693333,0.1,0
254,HNSW_HYBRID,"[0.00,0.05)",6.239167,1.0,0
254,IVFFLAT_HYBRID,"[0.00,0.05)",5.593125,1.0,0
254,SQL_FIRST,"[0.00,0.05)",5.773709,1.0,1
254,VECTOR_FIRST_HNSW,"[0.00,0.05)",22.864334,0.1,1
254,HNSW_HYBRID,"[0.00,0.05)",6.319375,1.0,1
254,IVFFLAT_HYBRID,"[0.00,0.05)",5.900875,1.0,1
254,SQL_FIRST,"[0.00,0.05)",5.67825,1.0,2
254,VECTOR_FIRST_HNSW,"[0.00,0.05)",23.467,0.1,2
254,HNSW_HYBRID,"[0.00,0.05)",6.414958,1.0,2
254,IVFFLAT_HYBRID,"[0.00,0.05)",5.684333,1.0,2
254,SQL_FIRST,"[0.00,0.05)",5.610125,1.0,3
254,VECTOR_FIRST_HNSW,"[0.00,0.05)",23.0855,0.1,3
254,HNSW_HYBRID,"[0.00,0.05)",6.318,1.0,3
254,IVFFLAT_HYBRID,"[0.00,0.05)",5.669875,1.0,3
254,SQL_FIRST,"[0.00,0.05)",5.628416,1.0,4
254,VECTOR_FIRST_HNSW,"[0.00,0.05)",22.945875,0.1,4
254,HNSW_HYBRID,"[0.00,0.05)",6.299209,1.0,4
254,IVFFLAT_HYBRID,"[0.00,0.05)",5.909667,1.0,4
255,SQL_FIRST,"[0.00,0.05)",7.990583,1.0,0
255,VECTOR_FIRST_HNSW,"[0.00,0.05)",22.79225,0.2,0
255,HNSW_HYBRID,"[0.00,0.05)",8.737291,1.0,0
255,IVFFLAT_HYBRID,"[0.00,0.05)",8.381541,1.0,0
255,SQL_FIRST,"[0.00,0.05)",8.342125,1.0,1
255,VECTOR_FIRST_HNSW,"[0.00,0.05)",22.857833,0.2,1
255,HNSW_HYBRID,"[0.00,0.05)",8.778375,1.0,1
255,IVFFLAT_HYBRID,"[0.00,0.05)",8.178041,1.0,1
255,SQL_FIRST,"[0.00,0.05)",8.118458,1.0,2
255,VECTOR_FIRST_HNSW,"[0.00,0.05)",23.497708,0.2,2
255,HNSW_HYBRID,"[0.00,0.05)",8.858167,1.0,2
255,IVFFLAT_HYBRID,"[0.00,0.05)",8.402541,1.0,2
255,SQL_FIRST,"[0.00,0.05)",9.287834,1.0,3
255,VECTOR_FIRST_HNSW,"[0.00,0.05)",26.260708,0.2,3
255,HNSW_HYBRID,"[0.00,0.05)",9.068125,1.0,3
255,IVFFLAT_HYBRID,"[0.00,0.05)",8.773875,1.0,3
255,SQL_FIRST,"[0.00,0.05)",8.478708,1.0,4
255,VECTOR_FIRST_HNSW,"[0.00,0.05)",25.53775,0.2,4
255,HNSW_HYBRID,"[0.00,0.05)",8.990166,1.0,4
255,IVFFLAT_HYBRID,"[0.00,0.05)",8.318083,1.0,4
257,SQL_FIRST,"[0.00,0.05)",9.326291,1.0,0
257,VECTOR_FIRST_HNSW,"[0.00,0.05)",23.180458,0.5,0
257,HNSW_HYBRID,"[0.00,0.05)",9.53775,1.0,0
257,IVFFLAT_HYBRID,"[0.00,0.05)",8.774917,1.0,0
257,SQL_FIRST,"[0.00,0.05)",8.850125,1.0,1
257,VECTOR_FIRST_HNSW,"[0.00,0.05)",23.561625,0.5,1
257,HNSW_HYBRID,"[0.00,0.05)",9.142125,1.0,1
257,IVFFLAT_HYBRID,"[0.00,0.05)",8.420125,1.0,1
257,SQL_FIRST,"[0.00,0.05)",9.093458,1.0,2
257,VECTOR_FIRST_HNSW,"[0.00,0.05)",23.387333,0.5,2
257,HNSW_HYBRID,"[0.00,0.05)",9.355458,1.0,2
257,IVFFLAT_HYBRID,"[0.00,0.05)",8.83575,1.0,2
257,SQL_FIRST,"[0.00,0.05)",8.707917,1.0,3
257,VECTOR_FIRST_HNSW,"[0.00,0.05)",22.928792,0.5,3
257,HNSW_HYBRID,"[0.00,0.05)",9.170083,1.0,3
257,IVFFLAT_HYBRID,"[0.00,0.05)",8.8145,1.0,3
257,SQL_FIRST,"[0.00,0.05)",8.573125,1.0,4
257,VECTOR_FIRST_HNSW,"[0.00,0.05)",22.931458,0.5,4
257,HNSW_HYBRID,"[0.00,0.05)",9.345917,1.0,4
257,IVFFLAT_HYBRID,"[0.00,0.05)",9.316417,1.0,4
258,SQL_FIRST,"[0.00,0.05)",10.303292,1.0,0
258,VECTOR_FIRST_HNSW,"[0.00,0.05)",22.870875,0.2,0
258,HNSW_HYBRID,"[0.00,0.05)",10.596167,1.0,0
258,IVFFLAT_HYBRID,"[0.00,0.05)",10.538542,1.0,0
258,SQL_FIRST,"[0.00,0.05)",10.497791,1.0,1
258,VECTOR_FIRST_HNSW,"[0.00,0.05)",23.007666,0.2,1
258,HNSW_HYBRID,"[0.00,0.05)",10.322583,1.0,1
258,IVFFLAT_HYBRID,"[0.00,0.05)",10.261916,1.0,1
258,SQL_FIRST,"[0.00,0.05)",10.075042,1.0,2
258,VECTOR_FIRST_HNSW,"[0.00,0.05)",22.927667,0.2,2
258,HNSW_HYBRID,"[0.00,0.05)",10.797167,1.0,2
258,IVFFLAT_HYBRID,"[0.00,0.05)",10.189125,1.0,2
258,SQL_FIRST,"[0.00,0.05)",10.083875,1.0,3
258,VECTOR_FIRST_HNSW,"[0.00,0.05)",23.283208,0.2,3
258,HNSW_HYBRID,"[0.00,0.05)",10.470041,1.0,3
258,IVFFLAT_HYBRID,"[0.00,0.05)",9.852292,1.0,3
258,SQL_FIRST,"[0.00,0.05)",9.630083,1.0,4
258,VECTOR_FIRST_HNSW,"[0.00,0.05)",23.159667,0.2,4
258,HNSW_HYBRID,"[0.00,0.05)",10.475209,1.0,4
258,IVFFLAT_HYBRID,"[0.00,0.05)",10.178625,1.0,4
259,SQL_FIRST,"[0.00,0.05)",10.249084,1.0,0
259,VECTOR_FIRST_HNSW,"[0.00,0.05)",22.852625,0.3,0
259,HNSW_HYBRID,"[0.00,0.05)",10.240917,1.0,0
259,IVFFLAT_HYBRID,"[0.00,0.05)",9.77675,1.0,0
259,SQL_FIRST,"[0.00,0.05)",9.69875,1.0,1
259,VECTOR_FIRST_HNSW,"[0.00,0.05)",22.925584,0.3,1
259,HNSW_HYBRID,"[0.00,0.05)",10.038708,1.0,1
259,IVFFLAT_HYBRID,"[0.00,0.05)",9.987125,1.0,1
259,SQL_FIRST,"[0.00,0.05)",9.809625,1.0,2
259,VECTOR_FIRST_HNSW,"[0.00,0.05)",22.96725,0.3,2
259,HNSW_HYBRID,"[0.00,0.05)",10.339417,1.0,2
259,IVFFLAT_HYBRID,"[0.00,0.05)",9.659291,1.0,2
259,SQL_FIRST,"[0.00,0.05)",9.822333,1.0,3
259,VECTOR_FIRST_HNSW,"[0.00,0.05)",22.919875,0.3,3
259,HNSW_HYBRID,"[0.00,0.05)",10.539125,1.0,3
259,IVFFLAT_HYBRID,"[0.00,0.05)",9.660125,1.0,3
259,SQL_FIRST,"[0.00,0.05)",9.599208,1.0,4
259,VECTOR_FIRST_HNSW,"[0.00,0.05)",23.333417,0.3,4
259,HNSW_HYBRID,"[0.00,0.05)",10.461708,1.0,4
259,IVFFLAT_HYBRID,"[0.00,0.05)",10.267167,1.0,4
260,SQL_FIRST,"[0.00,0.05)",8.608125,1.0,0
260,VECTOR_FIRST_HNSW,"[0.00,0.05)",22.814333,0.2,0
260,HNSW_HYBRID,"[0.00,0.05)",9.034792,1.0,0
260,IVFFLAT_HYBRID,"[0.00,0.05)",9.099875,1.0,0
260,SQL_FIRST,"[0.00,0.05)",8.839625,1.0,1
260,VECTOR_FIRST_HNSW,"[0.00,0.05)",23.369917,0.2,1
260,HNSW_HYBRID,"[0.00,0.05)",9.321292,1.0,1
260,IVFFLAT_HYBRID,"[0.00,0.05)",9.290958,1.0,1
260,SQL_FIRST,"[0.00,0.05)",8.965083,1.0,2
260,VECTOR_FIRST_HNSW,"[0.00,0.05)",22.944375,0.2,2
260,HNSW_HYBRID,"[0.00,0.05)",9.479292,1.0,2
260,IVFFLAT_HYBRID,"[0.00,0.05)",9.539084,1.0,2
260,SQL_FIRST,"[0.00,0.05)",9.186542,1.0,3
260,VECTOR_FIRST_HNSW,"[0.00,0.05)",22.937917,0.2,3
260,HNSW_HYBRID,"[0.00,0.05)",9.168792,1.0,3
260,IVFFLAT_HYBRID,"[0.00,0.05)",8.692833,1.0,3
260,SQL_FIRST,"[0.00,0.05)",9.18775,1.0,4
260,VECTOR_FIRST_HNSW,"[0.00,0.05)",22.756,0.2,4
260,HNSW_HYBRID,"[0.00,0.05)",9.441,1.0,4
260,IVFFLAT_HYBRID,"[0.00,0.05)",8.696875,1.0,4
262,SQL_FIRST,"[0.00,0.05)",7.486958,1.0,0
262,VECTOR_FIRST_HNSW,"[0.00,0.05)",22.84325,0.1,0
262,HNSW_HYBRID,"[0.00,0.05)",8.194666,1.0,0
262,IVFFLAT_HYBRID,"[0.00,0.05)",7.298417,1.0,0
262,SQL_FIRST,"[0.00,0.05)",7.253417,1.0,1
262,VECTOR_FIRST_HNSW,"[0.00,0.05)",22.841792,0.1,1
262,HNSW_HYBRID,"[0.00,0.05)",7.935542,1.0,1
262,IVFFLAT_HYBRID,"[0.00,0.05)",7.224542,1.0,1
262,SQL_FIRST,"[0.00,0.05)",7.280416,1.0,2
262,VECTOR_FIRST_HNSW,"[0.00,0.05)",22.865791,0.1,2
262,HNSW_HYBRID,"[0.00,0.05)",7.8195,1.0,2
262,IVFFLAT_HYBRID,"[0.00,0.05)",7.439292,1.0,2
262,SQL_FIRST,"[0.00,0.05)",7.664208,1.0,3
262,VECTOR_FIRST_HNSW,"[0.00,0.05)",22.921792,0.1,3
262,HNSW_HYBRID,"[0.00,0.05)",7.908666,1.0,3
262,IVFFLAT_HYBRID,"[0.00,0.05)",7.291875,1.0,3
262,SQL_FIRST,"[0.00,0.05)",7.185208,1.0,4
262,VECTOR_FIRST_HNSW,"[0.00,0.05)",22.961417,0.1,4
262,HNSW_HYBRID,"[0.00,0.05)",7.914667,1.0,4
262,IVFFLAT_HYBRID,"[0.00,0.05)",7.171458,1.0,4
265,SQL_FIRST,"[0.00,0.05)",9.377,1.0,0
265,VECTOR_FIRST_HNSW,"[0.00,0.05)",23.185042,0.2,0
265,HNSW_HYBRID,"[0.00,0.05)",9.052958,1.0,0
265,IVFFLAT_HYBRID,"[0.00,0.05)",9.199458,1.0,0
265,SQL_FIRST,"[0.00,0.05)",8.398417,1.0,1
265,VECTOR_FIRST_HNSW,"[0.00,0.05)",23.00025,0.2,1
265,HNSW_HYBRID,"[0.00,0.05)",9.302,1.0,1
265,IVFFLAT_HYBRID,"[0.00,0.05)",9.116042,1.0,1
265,SQL_FIRST,"[0.00,0.05)",8.539334,1.0,2
265,VECTOR_FIRST_HNSW,"[0.00,0.05)",22.9155,0.2,2
265,HNSW_HYBRID,"[0.00,0.05)",9.126375,1.0,2
265,IVFFLAT_HYBRID,"[0.00,0.05)",9.073042,1.0,2
265,SQL_FIRST,"[0.00,0.05)",8.619584,1.0,3
265,VECTOR_FIRST_HNSW,"[0.00,0.05)",23.476916,0.2,3
265,HNSW_HYBRID,"[0.00,0.05)",9.293584,1.0,3
265,IVFFLAT_HYBRID,"[0.00,0.05)",8.762916,1.0,3
265,SQL_FIRST,"[0.00,0.05)",8.794917,1.0,4
265,VECTOR_FIRST_HNSW,"[0.00,0.05)",22.842375,0.2,4
265,HNSW_HYBRID,"[0.00,0.05)",9.159167,1.0,4
265,IVFFLAT_HYBRID,"[0.00,0.05)",8.802167,1.0,4
266,SQL_FIRST,"[0.00,0.05)",9.381,1.0,0
266,VECTOR_FIRST_HNSW,"[0.00,0.05)",22.893292,0.3,0
266,HNSW_HYBRID,"[0.00,0.05)",9.652125,1.0,0
266,IVFFLAT_HYBRID,"[0.00,0.05)",9.115458,1.0,0
266,SQL_FIRST,"[0.00,0.05)",8.940875,1.0,1
266,VECTOR_FIRST_HNSW,"[0.00,0.05)",23.72025,0.3,1
266,HNSW_HYBRID,"[0.00,0.05)",10.695458,1.0,1
266,IVFFLAT_HYBRID,"[0.00,0.05)",9.651417,1.0,1
266,SQL_FIRST,"[0.00,0.05)",8.911459,1.0,2
266,VECTOR_FIRST_HNSW,"[0.00,0.05)",25.953583,0.3,2
266,HNSW_HYBRID,"[0.00,0.05)",9.584709,1.0,2
266,IVFFLAT_HYBRID,"[0.00,0.05)",9.158,1.0,2
266,SQL_FIRST,"[0.00,0.05)",9.284125,1.0,3
266,VECTOR_FIRST_HNSW,"[0.00,0.05)",23.049792,0.3,3
266,HNSW_HYBRID,"[0.00,0.05)",9.674083,1.0,3
266,IVFFLAT_HYBRID,"[0.00,0.05)",8.959084,1.0,3
266,SQL_FIRST,"[0.00,0.05)",9.419292,1.0,4
266,VECTOR_FIRST_HNSW,"[0.00,0.05)",23.083916,0.3,4
266,HNSW_HYBRID,"[0.00,0.05)",9.613875,1.0,4
266,IVFFLAT_HYBRID,"[0.00,0.05)",9.072834,1.0,4
267,SQL_FIRST,"[0.00,0.05)",6.654875,1.0,0
267,VECTOR_FIRST_HNSW,"[0.00,0.05)",23.08375,0.0,0
267,HNSW_HYBRID,"[0.00,0.05)",7.021958,1.0,0
267,IVFFLAT_HYBRID,"[0.00,0.05)",6.334875,1.0,0
267,SQL_FIRST,"[0.00,0.05)",6.17125,1.0,1
267,VECTOR_FIRST_HNSW,"[0.00,0.05)",22.8935,0.0,1
267,HNSW_HYBRID,"[0.00,0.05)",6.885417,1.0,1
267,IVFFLAT_HYBRID,"[0.00,0.05)",6.181,1.0,1
267,SQL_FIRST,"[0.00,0.05)",6.425666,1.0,2
267,VECTOR_FIRST_HNSW,"[0.00,0.05)",22.882125,0.0,2
267,HNSW_HYBRID,"[0.00,0.05)",7.078875,1.0,2
267,IVFFLAT_HYBRID,"[0.00,0.05)",6.335542,1.0,2
267,SQL_FIRST,"[0.00,0.05)",6.322042,1.0,3
267,VECTOR_FIRST_HNSW,"[0.00,0.05)",22.827541,0.0,3
267,HNSW_HYBRID,"[0.00,0.05)",7.053584,1.0,3
267,IVFFLAT_HYBRID,"[0.00,0.05)",6.29925,1.0,3
267,SQL_FIRST,"[0.00,0.05)",6.278417,1.0,4
267,VECTOR_FIRST_HNSW,"[0.00,0.05)",22.840792,0.0,4
267,HNSW_HYBRID,"[0.00,0.05)",6.989333,1.0,4
267,IVFFLAT_HYBRID,"[0.00,0.05)",6.257916,1.0,4
268,SQL_FIRST,"[0.00,0.05)",6.382083,1.0,0
268,VECTOR_FIRST_HNSW,"[0.00,0.05)",22.803375,0.0,0
268,HNSW_HYBRID,"[0.00,0.05)",7.23675,1.0,0
268,IVFFLAT_HYBRID,"[0.00,0.05)",7.050292,1.0,0
268,SQL_FIRST,"[0.00,0.05)",6.363417,1.0,1
268,VECTOR_FIRST_HNSW,"[0.00,0.05)",22.865834,0.0,1
268,HNSW_HYBRID,"[0.00,0.05)",6.935584,1.0,1
268,IVFFLAT_HYBRID,"[0.00,0.05)",6.324583,1.0,1
268,SQL_FIRST,"[0.00,0.05)",6.619667,1.0,2
268,VECTOR_FIRST_HNSW,"[0.00,0.05)",22.977209,0.0,2
268,HNSW_HYBRID,"[0.00,0.05)",7.124792,1.0,2
268,IVFFLAT_HYBRID,"[0.00,0.05)",6.337583,1.0,2
268,SQL_FIRST,"[0.00,0.05)",6.338667,1.0,3
268,VECTOR_FIRST_HNSW,"[0.00,0.05)",22.842875,0.0,3
268,HNSW_HYBRID,"[0.00,0.05)",7.100083,1.0,3
268,IVFFLAT_HYBRID,"[0.00,0.05)",6.8665,1.0,3
268,SQL_FIRST,"[0.00,0.05)",6.689417,1.0,4
268,VECTOR_FIRST_HNSW,"[0.00,0.05)",23.375958,0.0,4
268,HNSW_HYBRID,"[0.00,0.05)",7.051375,1.0,4
268,IVFFLAT_HYBRID,"[0.00,0.05)",6.559125,1.0,4
272,SQL_FIRST,"[0.00,0.05)",6.478125,1.0,0
272,VECTOR_FIRST_HNSW,"[0.00,0.05)",22.929083,0.2,0
272,HNSW_HYBRID,"[0.00,0.05)",6.703459,1.0,0
272,IVFFLAT_HYBRID,"[0.00,0.05)",6.1185,1.0,0
272,SQL_FIRST,"[0.00,0.05)",6.027459,1.0,1
272,VECTOR_FIRST_HNSW,"[0.00,0.05)",22.910542,0.2,1
272,HNSW_HYBRID,"[0.00,0.05)",6.710834,1.0,1
272,IVFFLAT_HYBRID,"[0.00,0.05)",6.198125,1.0,1
272,SQL_FIRST,"[0.00,0.05)",6.296666,1.0,2
272,VECTOR_FIRST_HNSW,"[0.00,0.05)",23.825792,0.2,2
272,HNSW_HYBRID,"[0.00,0.05)",6.7965,1.0,2
272,IVFFLAT_HYBRID,"[0.00,0.05)",6.118583,1.0,2
272,SQL_FIRST,"[0.00,0.05)",6.106208,1.0,3
272,VECTOR_FIRST_HNSW,"[0.00,0.05)",22.832667,0.2,3
272,HNSW_HYBRID,"[0.00,0.05)",6.902417,1.0,3
272,IVFFLAT_HYBRID,"[0.00,0.05)",6.154958,1.0,3
272,SQL_FIRST,"[0.00,0.05)",6.075458,1.0,4
272,VECTOR_FIRST_HNSW,"[0.00,0.05)",22.983292,0.2,4
272,HNSW_HYBRID,"[0.00,0.05)",6.807291,1.0,4
272,IVFFLAT_HYBRID,"[0.00,0.05)",6.117125,1.0,4
275,SQL_FIRST,"[0.00,0.05)",9.195209,1.0,0
275,VECTOR_FIRST_HNSW,"[0.00,0.05)",23.193667,0.3,0
275,HNSW_HYBRID,"[0.00,0.05)",9.647375,1.0,0
275,IVFFLAT_HYBRID,"[0.00,0.05)",9.68525,1.0,0
275,SQL_FIRST,"[0.00,0.05)",9.279709,1.0,1
275,VECTOR_FIRST_HNSW,"[0.00,0.05)",22.958666,0.3,1
275,HNSW_HYBRID,"[0.00,0.05)",9.750667,1.0,1
275,IVFFLAT_HYBRID,"[0.00,0.05)",9.309042,1.0,1
275,SQL_FIRST,"[0.00,0.05)",9.693625,1.0,2
275,VECTOR_FIRST_HNSW,"[0.00,0.05)",22.848917,0.3,2
275,HNSW_HYBRID,"[0.00,0.05)",9.815416,1.0,2
275,IVFFLAT_HYBRID,"[0.00,0.05)",9.200125,1.0,2
275,SQL_FIRST,"[0.00,0.05)",9.430208,1.0,3
275,VECTOR_FIRST_HNSW,"[0.00,0.05)",23.18625,0.3,3
275,HNSW_HYBRID,"[0.00,0.05)",9.876041,1.0,3
275,IVFFLAT_HYBRID,"[0.00,0.05)",9.536875,1.0,3
275,SQL_FIRST,"[0.00,0.05)",9.09025,1.0,4
275,VECTOR_FIRST_HNSW,"[0.00,0.05)",23.293541,0.3,4
275,HNSW_HYBRID,"[0.00,0.05)",9.866,1.0,4
275,IVFFLAT_HYBRID,"[0.00,0.05)",9.600292,1.0,4
277,SQL_FIRST,"[0.00,0.05)",3.788583,1.0,0
277,VECTOR_FIRST_HNSW,"[0.00,0.05)",22.927125,0.0,0
277,HNSW_HYBRID,"[0.00,0.05)",4.082791,1.0,0
277,IVFFLAT_HYBRID,"[0.00,0.05)",3.816459,1.0,0
277,SQL_FIRST,"[0.00,0.05)",3.805709,1.0,1
277,VECTOR_FIRST_HNSW,"[0.00,0.05)",22.889583,0.0,1
277,HNSW_HYBRID,"[0.00,0.05)",4.202583,1.0,1
277,IVFFLAT_HYBRID,"[0.00,0.05)",3.92825,1.0,1
277,SQL_FIRST,"[0.00,0.05)",3.914583,1.0,2
277,VECTOR_FIRST_HNSW,"[0.00,0.05)",22.757458,0.0,2
277,HNSW_HYBRID,"[0.00,0.05)",4.069125,1.0,2
277,IVFFLAT_HYBRID,"[0.00,0.05)",3.866667,1.0,2
277,SQL_FIRST,"[0.00,0.05)",3.825125,1.0,3
277,VECTOR_FIRST_HNSW,"[0.00,0.05)",22.879833,0.0,3
277,HNSW_HYBRID,"[0.00,0.05)",4.163,1.0,3
277,IVFFLAT_HYBRID,"[0.00,0.05)",3.816875,1.0,3
277,SQL_FIRST,"[0.00,0.05)",3.773542,1.0,4
277,VECTOR_FIRST_HNSW,"[0.00,0.05)",22.790959,0.0,4
277,HNSW_HYBRID,"[0.00,0.05)",4.239833,1.0,4
277,IVFFLAT_HYBRID,"[0.00,0.05)",3.806333,1.0,4
281,SQL_FIRST,"[0.00,0.05)",9.634209,1.0,0
281,VECTOR_FIRST_HNSW,"[0.00,0.05)",23.209417,0.2,0
281,HNSW_HYBRID,"[0.00,0.05)",9.9345,1.0,0
281,IVFFLAT_HYBRID,"[0.00,0.05)",9.085708,1.0,0
281,SQL_FIRST,"[0.00,0.05)",8.936125,1.0,1
281,VECTOR_FIRST_HNSW,"[0.00,0.05)",23.055958,0.2,1
281,HNSW_HYBRID,"[0.00,0.05)",10.150083,1.0,1
281,IVFFLAT_HYBRID,"[0.00,0.05)",9.482416,1.0,1
281,SQL_FIRST,"[0.00,0.05)",9.373958,1.0,2
281,VECTOR_FIRST_HNSW,"[0.00,0.05)",22.782541,0.2,2
281,HNSW_HYBRID,"[0.00,0.05)",9.743083,1.0,2
281,IVFFLAT_HYBRID,"[0.00,0.05)",9.432208,1.0,2
281,SQL_FIRST,"[0.00,0.05)",9.975583,1.0,3
281,VECTOR_FIRST_HNSW,"[0.00,0.05)",23.368667,0.2,3
281,HNSW_HYBRID,"[0.00,0.05)",10.009834,1.0,3
281,IVFFLAT_HYBRID,"[0.00,0.05)",9.677042,1.0,3
281,SQL_FIRST,"[0.00,0.05)",9.254583,1.0,4
281,VECTOR_FIRST_HNSW,"[0.00,0.05)",23.480958,0.2,4
281,HNSW_HYBRID,"[0.00,0.05)",10.016541,1.0,4
281,IVFFLAT_HYBRID,"[0.00,0.05)",9.346375,1.0,4
282,SQL_FIRST,"[0.00,0.05)",8.895833,1.0,0
282,VECTOR_FIRST_HNSW,"[0.00,0.05)",22.892833,0.4,0
282,HNSW_HYBRID,"[0.00,0.05)",9.576542,1.0,0
282,IVFFLAT_HYBRID,"[0.00,0.05)",9.47725,1.0,0
282,SQL_FIRST,"[0.00,0.05)",9.110583,1.0,1
282,VECTOR_FIRST_HNSW,"[0.00,0.05)",22.922417,0.4,1
282,HNSW_HYBRID,"[0.00,0.05)",9.36975,1.0,1
282,IVFFLAT_HYBRID,"[0.00,0.05)",9.295125,1.0,1
282,SQL_FIRST,"[0.00,0.05)",9.252583,1.0,2
282,VECTOR_FIRST_HNSW,"[0.00,0.05)",22.928583,0.4,2
282,HNSW_HYBRID,"[0.00,0.05)",9.559875,1.0,2
282,IVFFLAT_HYBRID,"[0.00,0.05)",9.210416,1.0,2
282,SQL_FIRST,"[0.00,0.05)",9.064709,1.0,3
282,VECTOR_FIRST_HNSW,"[0.00,0.05)",22.891708,0.4,3
282,HNSW_HYBRID,"[0.00,0.05)",9.513792,1.0,3
282,IVFFLAT_HYBRID,"[0.00,0.05)",8.859,1.0,3
282,SQL_FIRST,"[0.00,0.05)",9.427542,1.0,4
282,VECTOR_FIRST_HNSW,"[0.00,0.05)",25.838209,0.4,4
282,HNSW_HYBRID,"[0.00,0.05)",10.559667,1.0,4
282,IVFFLAT_HYBRID,"[0.00,0.05)",9.4535,1.0,4
284,SQL_FIRST,"[0.00,0.05)",8.667625,1.0,0
284,VECTOR_FIRST_HNSW,"[0.00,0.05)",22.966834,0.5,0
284,HNSW_HYBRID,"[0.00,0.05)",9.026,1.0,0
284,IVFFLAT_HYBRID,"[0.00,0.05)",8.887375,1.0,0
284,SQL_FIRST,"[0.00,0.05)",9.310333,1.0,1
284,VECTOR_FIRST_HNSW,"[0.00,0.05)",23.206166,0.5,1
284,HNSW_HYBRID,"[0.00,0.05)",9.294042,1.0,1
284,IVFFLAT_HYBRID,"[0.00,0.05)",9.229958,1.0,1
284,SQL_FIRST,"[0.00,0.05)",9.108208,1.0,2
284,VECTOR_FIRST_HNSW,"[0.00,0.05)",23.049625,0.5,2
284,HNSW_HYBRID,"[0.00,0.05)",9.506167,1.0,2
284,IVFFLAT_HYBRID,"[0.00,0.05)",9.070583,1.0,2
284,SQL_FIRST,"[0.00,0.05)",8.869917,1.0,3
284,VECTOR_FIRST_HNSW,"[0.00,0.05)",23.03475,0.5,3
284,HNSW_HYBRID,"[0.00,0.05)",9.264875,1.0,3
284,IVFFLAT_HYBRID,"[0.00,0.05)",8.90575,1.0,3
284,SQL_FIRST,"[0.00,0.05)",8.6875,1.0,4
284,VECTOR_FIRST_HNSW,"[0.00,0.05)",22.798459,0.5,4
284,HNSW_HYBRID,"[0.00,0.05)",9.336917,1.0,4
284,IVFFLAT_HYBRID,"[0.00,0.05)",8.787666,1.0,4
287,SQL_FIRST,"[0.00,0.05)",1.545917,1.0,0
287,VECTOR_FIRST_HNSW,"[0.00,0.05)",22.721709,0.0,0
287,HNSW_HYBRID,"[0.00,0.05)",1.994042,1.0,0
287,IVFFLAT_HYBRID,"[0.00,0.05)",1.569208,1.0,0
287,SQL_FIRST,"[0.00,0.05)",1.570042,1.0,1
287,VECTOR_FIRST_HNSW,"[0.00,0.05)",22.763292,0.0,1
287,HNSW_HYBRID,"[0.00,0.05)",2.050833,1.0,1
287,IVFFLAT_HYBRID,"[0.00,0.05)",1.55675,1.0,1
287,SQL_FIRST,"[0.00,0.05)",1.54275,1.0,2
287,VECTOR_FIRST_HNSW,"[0.00,0.05)",22.781083,0.0,2
287,HNSW_HYBRID,"[0.00,0.05)",1.98,1.0,2
287,IVFFLAT_HYBRID,"[0.00,0.05)",1.646916,1.0,2
287,SQL_FIRST,"[0.00,0.05)",1.625417,1.0,3
287,VECTOR_FIRST_HNSW,"[0.00,0.05)",22.739917,0.0,3
287,HNSW_HYBRID,"[0.00,0.05)",1.903166,1.0,3
287,IVFFLAT_HYBRID,"[0.00,0.05)",1.558583,1.0,3
287,SQL_FIRST,"[0.00,0.05)",1.520583,1.0,4
287,VECTOR_FIRST_HNSW,"[0.00,0.05)",22.76525,0.0,4
287,HNSW_HYBRID,"[0.00,0.05)",2.018125,1.0,4
287,IVFFLAT_HYBRID,"[0.00,0.05)",1.555958,1.0,4
294,SQL_FIRST,"[0.00,0.05)",8.408375,1.0,0
294,VECTOR_FIRST_HNSW,"[0.00,0.05)",22.99475,0.3,0
294,HNSW_HYBRID,"[0.00,0.05)",9.2085,1.0,0
294,IVFFLAT_HYBRID,"[0.00,0.05)",8.711042,1.0,0
294,SQL_FIRST,"[0.00,0.05)",8.713167,1.0,1
294,VECTOR_FIRST_HNSW,"[0.00,0.05)",22.883417,0.3,1
294,HNSW_HYBRID,"[0.00,0.05)",9.257042,1.0,1
294,IVFFLAT_HYBRID,"[0.00,0.05)",9.333834,1.0,1
294,SQL_FIRST,"[0.00,0.05)",9.4175,1.0,2
294,VECTOR_FIRST_HNSW,"[0.00,0.05)",23.366167,0.3,2
294,HNSW_HYBRID,"[0.00,0.05)",9.363708,1.0,2
294,IVFFLAT_HYBRID,"[0.00,0.05)",8.524583,1.0,2
294,SQL_FIRST,"[0.00,0.05)",8.685833,1.0,3
294,VECTOR_FIRST_HNSW,"[0.00,0.05)",23.52375,0.3,3
294,HNSW_HYBRID,"[0.00,0.05)",9.1885,1.0,3
294,IVFFLAT_HYBRID,"[0.00,0.05)",8.506458,1.0,3
294,SQL_FIRST,"[0.00,0.05)",8.810583,1.0,4
294,VECTOR_FIRST_HNSW,"[0.00,0.05)",22.863459,0.3,4
294,HNSW_HYBRID,"[0.00,0.05)",9.281875,1.0,4
294,IVFFLAT_HYBRID,"[0.00,0.05)",8.670084,1.0,4
295,SQL_FIRST,"[0.00,0.05)",9.202,1.0,0
295,VECTOR_FIRST_HNSW,"[0.00,0.05)",22.818042,0.4,0
295,HNSW_HYBRID,"[0.00,0.05)",9.625875,1.0,0
295,IVFFLAT_HYBRID,"[0.00,0.05)",9.276583,1.0,0
295,SQL_FIRST,"[0.00,0.05)",9.461125,1.0,1
295,VECTOR_FIRST_HNSW,"[0.00,0.05)",22.872,0.4,1
295,HNSW_HYBRID,"[0.00,0.05)",9.734416,1.0,1
295,IVFFLAT_HYBRID,"[0.00,0.05)",9.286208,1.0,1
295,SQL_FIRST,"[0.00,0.05)",9.273084,1.0,2
295,VECTOR_FIRST_HNSW,"[0.00,0.05)",22.939125,0.4,2
295,HNSW_HYBRID,"[0.00,0.05)",9.842167,1.0,2
295,IVFFLAT_HYBRID,"[0.00,0.05)",8.964042,1.0,2
295,SQL_FIRST,"[0.00,0.05)",9.631083,1.0,3
295,VECTOR_FIRST_HNSW,"[0.00,0.05)",23.917875,0.4,3
295,HNSW_HYBRID,"[0.00,0.05)",9.85525,1.0,3
295,IVFFLAT_HYBRID,"[0.00,0.05)",9.287583,1.0,3
295,SQL_FIRST,"[0.00,0.05)",9.016667,1.0,4
295,VECTOR_FIRST_HNSW,"[0.00,0.05)",22.954416,0.4,4
295,HNSW_HYBRID,"[0.00,0.05)",9.755958,1.0,4
295,IVFFLAT_HYBRID,"[0.00,0.05)",9.629417,1.0,4
296,SQL_FIRST,"[0.00,0.05)",10.023917,1.0,0
296,VECTOR_FIRST_HNSW,"[0.00,0.05)",23.300958,0.2,0
296,HNSW_HYBRID,"[0.00,0.05)",10.061333,1.0,0
296,IVFFLAT_HYBRID,"[0.00,0.05)",9.418667,1.0,0
296,SQL_FIRST,"[0.00,0.05)",9.316,1.0,1
296,VECTOR_FIRST_HNSW,"[0.00,0.05)",23.029125,0.2,1
296,HNSW_HYBRID,"[0.00,0.05)",9.878833,1.0,1
296,IVFFLAT_HYBRID,"[0.00,0.05)",9.243792,1.0,1
296,SQL_FIRST,"[0.00,0.05)",9.608125,1.0,2
296,VECTOR_FIRST_HNSW,"[0.00,0.05)",22.877416,0.2,2
296,HNSW_HYBRID,"[0.00,0.05)",9.854375,1.0,2
296,IVFFLAT_HYBRID,"[0.00,0.05)",9.433875,1.0,2
296,SQL_FIRST,"[0.00,0.05)",9.159459,1.0,3
296,VECTOR_FIRST_HNSW,"[0.00,0.05)",22.980875,0.2,3
296,HNSW_HYBRID,"[0.00,0.05)",9.862875,1.0,3
296,IVFFLAT_HYBRID,"[0.00,0.05)",9.775667,1.0,3
296,SQL_FIRST,"[0.00,0.05)",9.424,1.0,4
296,VECTOR_FIRST_HNSW,"[0.00,0.05)",25.32,0.2,4
296,HNSW_HYBRID,"[0.00,0.05)",9.96525,1.0,4
296,IVFFLAT_HYBRID,"[0.00,0.05)",9.5245,1.0,4
298,SQL_FIRST,"[0.00,0.05)",8.488333,1.0,0
298,VECTOR_FIRST_HNSW,"[0.00,0.05)",22.91225,0.2,0
298,HNSW_HYBRID,"[0.00,0.05)",9.038209,1.0,0
298,IVFFLAT_HYBRID,"[0.00,0.05)",8.283625,1.0,0
298,SQL_FIRST,"[0.00,0.05)",8.68025,1.0,1
298,VECTOR_FIRST_HNSW,"[0.00,0.05)",23.467709,0.2,1
298,HNSW_HYBRID,"[0.00,0.05)",9.16425,1.0,1
298,IVFFLAT_HYBRID,"[0.00,0.05)",8.498875,1.0,1
298,SQL_FIRST,"[0.00,0.05)",8.269625,1.0,2
298,VECTOR_FIRST_HNSW,"[0.00,0.05)",22.900958,0.2,2
298,HNSW_HYBRID,"[0.00,0.05)",9.219041,1.0,2
298,IVFFLAT_HYBRID,"[0.00,0.05)",8.612,1.0,2
298,SQL_FIRST,"[0.00,0.05)",8.5755,1.0,3
298,VECTOR_FIRST_HNSW,"[0.00,0.05)",22.729459,0.2,3
298,HNSW_HYBRID,"[0.00,0.05)",9.058875,1.0,3
298,IVFFLAT_HYBRID,"[0.00,0.05)",8.63175,1.0,3
298,SQL_FIRST,"[0.00,0.05)",9.122666,1.0,4
298,VECTOR_FIRST_HNSW,"[0.00,0.05)",23.134334,0.2,4
298,HNSW_HYBRID,"[0.00,0.05)",9.290541,1.0,4
298,IVFFLAT_HYBRID,"[0.00,0.05)",9.12275,1.0,4
301,SQL_FIRST,"[0.00,0.05)",10.956458,1.0,0
301,VECTOR_FIRST_HNSW,"[0.00,0.05)",22.96625,0.3,0
301,HNSW_HYBRID,"[0.00,0.05)",11.208625,1.0,0
301,IVFFLAT_HYBRID,"[0.00,0.05)",10.717125,1.0,0
301,SQL_FIRST,"[0.00,0.05)",10.563041,1.0,1
301,VECTOR_FIRST_HNSW,"[0.00,0.05)",22.879042,0.3,1
301,HNSW_HYBRID,"[0.00,0.05)",11.137333,1.0,1
301,IVFFLAT_HYBRID,"[0.00,0.05)",10.851417,1.0,1
301,SQL_FIRST,"[0.00,0.05)",10.731208,1.0,2
301,VECTOR_FIRST_HNSW,"[0.00,0.05)",22.840041,0.3,2
301,HNSW_HYBRID,"[0.00,0.05)",11.120042,1.0,2
301,IVFFLAT_HYBRID,"[0.00,0.05)",10.952709,1.0,2
301,SQL_FIRST,"[0.00,0.05)",11.014875,1.0,3
301,VECTOR_FIRST_HNSW,"[0.00,0.05)",22.984875,0.3,3
301,HNSW_HYBRID,"[0.00,0.05)",11.138708,1.0,3
301,IVFFLAT_HYBRID,"[0.00,0.05)",10.742,1.0,3
301,SQL_FIRST,"[0.00,0.05)",11.167916,1.0,4
301,VECTOR_FIRST_HNSW,"[0.00,0.05)",22.710792,0.3,4
301,HNSW_HYBRID,"[0.00,0.05)",11.535625,1.0,4
301,IVFFLAT_HYBRID,"[0.00,0.05)",12.963083,1.0,4
302,SQL_FIRST,"[0.00,0.05)",4.095541,1.0,0
302,VECTOR_FIRST_HNSW,"[0.00,0.05)",22.940042,0.0,0
302,HNSW_HYBRID,"[0.00,0.05)",4.600333,1.0,0
302,IVFFLAT_HYBRID,"[0.00,0.05)",4.176666,1.0,0
302,SQL_FIRST,"[0.00,0.05)",4.169917,1.0,1
302,VECTOR_FIRST_HNSW,"[0.00,0.05)",22.841791,0.0,1
302,HNSW_HYBRID,"[0.00,0.05)",4.565292,1.0,1
302,IVFFLAT_HYBRID,"[0.00,0.05)",4.107875,1.0,1
302,SQL_FIRST,"[0.00,0.05)",4.247666,1.0,2
302,VECTOR_FIRST_HNSW,"[0.00,0.05)",23.237625,0.0,2
302,HNSW_HYBRID,"[0.00,0.05)",4.698375,1.0,2
302,IVFFLAT_HYBRID,"[0.00,0.05)",4.257416,1.0,2
302,SQL_FIRST,"[0.00,0.05)",4.280625,1.0,3
302,VECTOR_FIRST_HNSW,"[0.00,0.05)",23.371958,0.0,3
302,HNSW_HYBRID,"[0.00,0.05)",4.690584,1.0,3
302,IVFFLAT_HYBRID,"[0.00,0.05)",4.210833,1.0,3
302,SQL_FIRST,"[0.00,0.05)",4.123167,1.0,4
302,VECTOR_FIRST_HNSW,"[0.00,0.05)",22.923291,0.0,4
302,HNSW_HYBRID,"[0.00,0.05)",4.718875,1.0,4
302,IVFFLAT_HYBRID,"[0.00,0.05)",4.45275,1.0,4
303,SQL_FIRST,"[0.00,0.05)",9.583042,1.0,0
303,VECTOR_FIRST_HNSW,"[0.00,0.05)",22.848125,0.5,0
303,HNSW_HYBRID,"[0.00,0.05)",9.750667,1.0,0
303,IVFFLAT_HYBRID,"[0.00,0.05)",9.39725,1.0,0
303,SQL_FIRST,"[0.00,0.05)",9.375125,1.0,1
303,VECTOR_FIRST_HNSW,"[0.00,0.05)",22.840042,0.5,1
303,HNSW_HYBRID,"[0.00,0.05)",9.54575,1.0,1
303,IVFFLAT_HYBRID,"[0.00,0.05)",9.5455,1.0,1
303,SQL_FIRST,"[0.00,0.05)",9.253375,1.0,2
303,VECTOR_FIRST_HNSW,"[0.00,0.05)",22.948667,0.5,2
303,HNSW_HYBRID,"[0.00,0.05)",9.625041,1.0,2
303,IVFFLAT_HYBRID,"[0.00,0.05)",9.143416,1.0,2
303,SQL_FIRST,"[0.00,0.05)",9.226917,1.0,3
303,VECTOR_FIRST_HNSW,"[0.00,0.05)",22.869291,0.5,3
303,HNSW_HYBRID,"[0.00,0.05)",10.159833,1.0,3
303,IVFFLAT_HYBRID,"[0.00,0.05)",9.29825,1.0,3
303,SQL_FIRST,"[0.00,0.05)",9.250833,1.0,4
303,VECTOR_FIRST_HNSW,"[0.00,0.05)",22.763541,0.5,4
303,HNSW_HYBRID,"[0.00,0.05)",9.84075,1.0,4
303,IVFFLAT_HYBRID,"[0.00,0.05)",9.508916,1.0,4
304,SQL_FIRST,"[0.00,0.05)",9.861084,1.0,0
304,VECTOR_FIRST_HNSW,"[0.00,0.05)",22.778042,0.3,0
304,HNSW_HYBRID,"[0.00,0.05)",10.345333,1.0,0
304,IVFFLAT_HYBRID,"[0.00,0.05)",10.02125,1.0,0
304,SQL_FIRST,"[0.00,0.05)",9.854042,1.0,1
304,VECTOR_FIRST_HNSW,"[0.00,0.05)",23.278208,0.3,1
304,HNSW_HYBRID,"[0.00,0.05)",10.363792,1.0,1
304,IVFFLAT_HYBRID,"[0.00,0.05)",10.341125,1.0,1
304,SQL_FIRST,"[0.00,0.05)",10.050083,1.0,2
304,VECTOR_FIRST_HNSW,"[0.00,0.05)",22.909125,0.3,2
304,HNSW_HYBRID,"[0.00,0.05)",10.562791,1.0,2
304,IVFFLAT_HYBRID,"[0.00,0.05)",10.357583,1.0,2
304,SQL_FIRST,"[0.00,0.05)",9.751,1.0,3
304,VECTOR_FIRST_HNSW,"[0.00,0.05)",22.918542,0.3,3
304,HNSW_HYBRID,"[0.00,0.05)",10.334833,1.0,3
304,IVFFLAT_HYBRID,"[0.00,0.05)",10.038958,1.0,3
304,SQL_FIRST,"[0.00,0.05)",9.757833,1.0,4
304,VECTOR_FIRST_HNSW,"[0.00,0.05)",22.913875,0.3,4
304,HNSW_HYBRID,"[0.00,0.05)",10.472167,1.0,4
304,IVFFLAT_HYBRID,"[0.00,0.05)",9.908792,1.0,4
310,SQL_FIRST,"[0.00,0.05)",9.4515,1.0,0
310,VECTOR_FIRST_HNSW,"[0.00,0.05)",22.929625,0.6,0
310,HNSW_HYBRID,"[0.00,0.05)",9.6565,1.0,0
310,IVFFLAT_HYBRID,"[0.00,0.05)",9.661708,1.0,0
310,SQL_FIRST,"[0.00,0.05)",9.1465,1.0,1
310,VECTOR_FIRST_HNSW,"[0.00,0.05)",23.009166,0.6,1
310,HNSW_HYBRID,"[0.00,0.05)",9.797458,1.0,1
310,IVFFLAT_HYBRID,"[0.00,0.05)",9.467542,1.0,1
310,SQL_FIRST,"[0.00,0.05)",9.31225,1.0,2
310,VECTOR_FIRST_HNSW,"[0.00,0.05)",23.77525,0.6,2
310,HNSW_HYBRID,"[0.00,0.05)",10.149542,1.0,2
310,IVFFLAT_HYBRID,"[0.00,0.05)",9.599584,1.0,2
310,SQL_FIRST,"[0.00,0.05)",9.414958,1.0,3
310,VECTOR_FIRST_HNSW,"[0.00,0.05)",26.908541,0.6,3
310,HNSW_HYBRID,"[0.00,0.05)",9.870791,1.0,3
310,IVFFLAT_HYBRID,"[0.00,0.05)",9.722709,1.0,3
310,SQL_FIRST,"[0.00,0.05)",9.922834,1.0,4
310,VECTOR_FIRST_HNSW,"[0.00,0.05)",24.970375,0.6,4
310,HNSW_HYBRID,"[0.00,0.05)",9.854167,1.0,4
310,IVFFLAT_HYBRID,"[0.00,0.05)",9.892417,1.0,4
312,SQL_FIRST,"[0.00,0.05)",4.151042,1.0,0
312,VECTOR_FIRST_HNSW,"[0.00,0.05)",22.929709,0.0,0
312,HNSW_HYBRID,"[0.00,0.05)",4.365583,1.0,0
312,IVFFLAT_HYBRID,"[0.00,0.05)",4.066625,1.0,0
312,SQL_FIRST,"[0.00,0.05)",4.140208,1.0,1
312,VECTOR_FIRST_HNSW,"[0.00,0.05)",23.266209,0.0,1
312,HNSW_HYBRID,"[0.00,0.05)",4.464792,1.0,1
312,IVFFLAT_HYBRID,"[0.00,0.05)",4.052166,1.0,1
312,SQL_FIRST,"[0.00,0.05)",3.984375,1.0,2
312,VECTOR_FIRST_HNSW,"[0.00,0.05)",22.799208,0.0,2
312,HNSW_HYBRID,"[0.00,0.05)",4.426209,1.0,2
312,IVFFLAT_HYBRID,"[0.00,0.05)",3.996458,1.0,2
312,SQL_FIRST,"[0.00,0.05)",3.947333,1.0,3
312,VECTOR_FIRST_HNSW,"[0.00,0.05)",22.821417,0.0,3
312,HNSW_HYBRID,"[0.00,0.05)",4.523125,1.0,3
312,IVFFLAT_HYBRID,"[0.00,0.05)",4.003916,1.0,3
312,SQL_FIRST,"[0.00,0.05)",4.068708,1.0,4
312,VECTOR_FIRST_HNSW,"[0.00,0.05)",22.885334,0.0,4
312,HNSW_HYBRID,"[0.00,0.05)",4.38025,1.0,4
312,IVFFLAT_HYBRID,"[0.00,0.05)",4.073417,1.0,4
313,SQL_FIRST,"[0.00,0.05)",7.434083,1.0,0
313,VECTOR_FIRST_HNSW,"[0.00,0.05)",22.72825,0.2,0
313,HNSW_HYBRID,"[0.00,0.05)",8.031458,1.0,0
313,IVFFLAT_HYBRID,"[0.00,0.05)",7.175375,1.0,0
313,SQL_FIRST,"[0.00,0.05)",7.217625,1.0,1
313,VECTOR_FIRST_HNSW,"[0.00,0.05)",22.929333,0.2,1
313,HNSW_HYBRID,"[0.00,0.05)",7.802209,1.0,1
313,IVFFLAT_HYBRID,"[0.00,0.05)",7.1175,1.0,1
313,SQL_FIRST,"[0.00,0.05)",6.946541,1.0,2
313,VECTOR_FIRST_HNSW,"[0.00,0.05)",23.137667,0.2,2
313,HNSW_HYBRID,"[0.00,0.05)",7.782833,1.0,2
313,IVFFLAT_HYBRID,"[0.00,0.05)",7.46075,1.0,2
313,SQL_FIRST,"[0.00,0.05)",7.050875,1.0,3
313,VECTOR_FIRST_HNSW,"[0.00,0.05)",22.81375,0.2,3
313,HNSW_HYBRID,"[0.00,0.05)",7.949167,1.0,3
313,IVFFLAT_HYBRID,"[0.00,0.05)",7.211917,1.0,3
313,SQL_FIRST,"[0.00,0.05)",7.085583,1.0,4
313,VECTOR_FIRST_HNSW,"[0.00,0.05)",23.054625,0.2,4
313,HNSW_HYBRID,"[0.00,0.05)",7.821166,1.0,4
313,IVFFLAT_HYBRID,"[0.00,0.05)",7.010083,1.0,4
314,SQL_FIRST,"[0.00,0.05)",1.567291,1.0,0
314,VECTOR_FIRST_HNSW,"[0.00,0.05)",22.8165,0.0,0
314,HNSW_HYBRID,"[0.00,0.05)",1.855583,1.0,0
314,IVFFLAT_HYBRID,"[0.00,0.05)",1.425958,1.0,0
314,SQL_FIRST,"[0.00,0.05)",1.424459,1.0,1
314,VECTOR_FIRST_HNSW,"[0.00,0.05)",22.827625,0.0,1
314,HNSW_HYBRID,"[0.00,0.05)",1.862125,1.0,1
314,IVFFLAT_HYBRID,"[0.00,0.05)",1.455542,1.0,1
314,SQL_FIRST,"[0.00,0.05)",1.438833,1.0,2
314,VECTOR_FIRST_HNSW,"[0.00,0.05)",22.946875,0.0,2
314,HNSW_HYBRID,"[0.00,0.05)",1.782542,1.0,2
314,IVFFLAT_HYBRID,"[0.00,0.05)",1.486666,1.0,2
314,SQL_FIRST,"[0.00,0.05)",1.465375,1.0,3
314,VECTOR_FIRST_HNSW,"[0.00,0.05)",22.840417,0.0,3
314,HNSW_HYBRID,"[0.00,0.05)",1.782041,1.0,3
314,IVFFLAT_HYBRID,"[0.00,0.05)",1.479208,1.0,3
314,SQL_FIRST,"[0.00,0.05)",1.42325,1.0,4
314,VECTOR_FIRST_HNSW,"[0.00,0.05)",22.905958,0.0,4
314,HNSW_HYBRID,"[0.00,0.05)",1.815792,1.0,4
314,IVFFLAT_HYBRID,"[0.00,0.05)",1.439125,1.0,4
315,SQL_FIRST,"[0.00,0.05)",8.309458,1.0,0
315,VECTOR_FIRST_HNSW,"[0.00,0.05)",22.876,0.2,0
315,HNSW_HYBRID,"[0.00,0.05)",8.944375,1.0,0
315,IVFFLAT_HYBRID,"[0.00,0.05)",8.35225,1.0,0
315,SQL_FIRST,"[0.00,0.05)",8.388375,1.0,1
315,VECTOR_FIRST_HNSW,"[0.00,0.05)",22.936125,0.2,1
315,HNSW_HYBRID,"[0.00,0.05)",8.917667,1.0,1
315,IVFFLAT_HYBRID,"[0.00,0.05)",8.28275,1.0,1
315,SQL_FIRST,"[0.00,0.05)",8.273875,1.0,2
315,VECTOR_FIRST_HNSW,"[0.00,0.05)",22.8215,0.2,2
315,HNSW_HYBRID,"[0.00,0.05)",9.371375,1.0,2
315,IVFFLAT_HYBRID,"[0.00,0.05)",8.341958,1.0,2
315,SQL_FIRST,"[0.00,0.05)",8.333708,1.0,3
315,VECTOR_FIRST_HNSW,"[0.00,0.05)",25.070958,0.2,3
315,HNSW_HYBRID,"[0.00,0.05)",9.488333,1.0,3
315,IVFFLAT_HYBRID,"[0.00,0.05)",8.476708,1.0,3
315,SQL_FIRST,"[0.00,0.05)",8.539083,1.0,4
315,VECTOR_FIRST_HNSW,"[0.00,0.05)",25.114542,0.2,4
315,HNSW_HYBRID,"[0.00,0.05)",8.968625,1.0,4
315,IVFFLAT_HYBRID,"[0.00,0.05)",8.328625,1.0,4
316,SQL_FIRST,"[0.00,0.05)",6.699792,1.0,0
316,VECTOR_FIRST_HNSW,"[0.00,0.05)",23.57525,0.1,0
316,HNSW_HYBRID,"[0.00,0.05)",7.511208,1.0,0
316,IVFFLAT_HYBRID,"[0.00,0.05)",6.90375,1.0,0
316,SQL_FIRST,"[0.00,0.05)",6.576875,1.0,1
316,VECTOR_FIRST_HNSW,"[0.00,0.05)",23.291041,0.1,1
316,HNSW_HYBRID,"[0.00,0.05)",7.333959,1.0,1
316,IVFFLAT_HYBRID,"[0.00,0.05)",6.832833,1.0,1
316,SQL_FIRST,"[0.00,0.05)",6.618791,1.0,2
316,VECTOR_FIRST_HNSW,"[0.00,0.05)",23.414667,0.1,2
316,HNSW_HYBRID,"[0.00,0.05)",7.385166,1.0,2
316,IVFFLAT_HYBRID,"[0.00,0.05)",6.69525,1.0,2
316,SQL_FIRST,"[0.00,0.05)",6.955875,1.0,3
316,VECTOR_FIRST_HNSW,"[0.00,0.05)",22.872375,0.1,3
316,HNSW_HYBRID,"[0.00,0.05)",7.480709,1.0,3
316,IVFFLAT_HYBRID,"[0.00,0.05)",6.676959,1.0,3
316,SQL_FIRST,"[0.00,0.05)",6.680875,1.0,4
316,VECTOR_FIRST_HNSW,"[0.00,0.05)",22.951166,0.1,4
316,HNSW_HYBRID,"[0.00,0.05)",7.396125,1.0,4
316,IVFFLAT_HYBRID,"[0.00,0.05)",6.714542,1.0,4
318,SQL_FIRST,"[0.00,0.05)",9.162666,1.0,0
318,VECTOR_FIRST_HNSW,"[0.00,0.05)",22.885708,0.2,0
318,HNSW_HYBRID,"[0.00,0.05)",9.378584,1.0,0
318,IVFFLAT_HYBRID,"[0.00,0.05)",8.667,1.0,0
318,SQL_FIRST,"[0.00,0.05)",9.295292,1.0,1
318,VECTOR_FIRST_HNSW,"[0.00,0.05)",22.872708,0.2,1
318,HNSW_HYBRID,"[0.00,0.05)",9.849541,1.0,1
318,IVFFLAT_HYBRID,"[0.00,0.05)",9.020583,1.0,1
318,SQL_FIRST,"[0.00,0.05)",9.044541,1.0,2
318,VECTOR_FIRST_HNSW,"[0.00,0.05)",23.355125,0.2,2
318,HNSW_HYBRID,"[0.00,0.05)",9.43425,1.0,2
318,IVFFLAT_HYBRID,"[0.00,0.05)",9.113,1.0,2
318,SQL_FIRST,"[0.00,0.05)",9.168375,1.0,3
318,VECTOR_FIRST_HNSW,"[0.00,0.05)",22.797083,0.2,3
318,HNSW_HYBRID,"[0.00,0.05)",9.516209,1.0,3
318,IVFFLAT_HYBRID,"[0.00,0.05)",9.156292,1.0,3
318,SQL_FIRST,"[0.00,0.05)",9.084875,1.0,4
318,VECTOR_FIRST_HNSW,"[0.00,0.05)",22.787041,0.2,4
318,HNSW_HYBRID,"[0.00,0.05)",9.273583,1.0,4
318,IVFFLAT_HYBRID,"[0.00,0.05)",9.387417,1.0,4
320,SQL_FIRST,"[0.00,0.05)",10.097916,1.0,0
320,VECTOR_FIRST_HNSW,"[0.00,0.05)",22.9165,0.1,0
320,HNSW_HYBRID,"[0.00,0.05)",10.292708,1.0,0
320,IVFFLAT_HYBRID,"[0.00,0.05)",10.393542,1.0,0
320,SQL_FIRST,"[0.00,0.05)",10.019667,1.0,1
320,VECTOR_FIRST_HNSW,"[0.00,0.05)",23.082791,0.1,1
320,HNSW_HYBRID,"[0.00,0.05)",10.058,1.0,1
320,IVFFLAT_HYBRID,"[0.00,0.05)",9.981083,1.0,1
320,SQL_FIRST,"[0.00,0.05)",9.414375,1.0,2
320,VECTOR_FIRST_HNSW,"[0.00,0.05)",22.809584,0.1,2
320,HNSW_HYBRID,"[0.00,0.05)",10.38975,1.0,2
320,IVFFLAT_HYBRID,"[0.00,0.05)",9.593167,1.0,2
320,SQL_FIRST,"[0.00,0.05)",9.701167,1.0,3
320,VECTOR_FIRST_HNSW,"[0.00,0.05)",22.733042,0.1,3
320,HNSW_HYBRID,"[0.00,0.05)",10.26175,1.0,3
320,IVFFLAT_HYBRID,"[0.00,0.05)",9.695042,1.0,3
320,SQL_FIRST,"[0.00,0.05)",9.57375,1.0,4
320,VECTOR_FIRST_HNSW,"[0.00,0.05)",22.873833,0.1,4
320,HNSW_HYBRID,"[0.00,0.05)",10.049292,1.0,4
320,IVFFLAT_HYBRID,"[0.00,0.05)",9.480208,1.0,4
322,SQL_FIRST,"[0.00,0.05)",6.94525,1.0,0
322,VECTOR_FIRST_HNSW,"[0.00,0.05)",23.555083,0.3,0
322,HNSW_HYBRID,"[0.00,0.05)",7.73225,1.0,0
322,IVFFLAT_HYBRID,"[0.00,0.05)",6.961166,1.0,0
322,SQL_FIRST,"[0.00,0.05)",7.052292,1.0,1
322,VECTOR_FIRST_HNSW,"[0.00,0.05)",22.884791,0.3,1
322,HNSW_HYBRID,"[0.00,0.05)",7.501084,1.0,1
322,IVFFLAT_HYBRID,"[0.00,0.05)",7.254792,1.0,1
322,SQL_FIRST,"[0.00,0.05)",6.934875,1.0,2
322,VECTOR_FIRST_HNSW,"[0.00,0.05)",22.900625,0.3,2
322,HNSW_HYBRID,"[0.00,0.05)",7.529417,1.0,2
322,IVFFLAT_HYBRID,"[0.00,0.05)",6.953375,1.0,2
322,SQL_FIRST,"[0.00,0.05)",6.767292,1.0,3
322,VECTOR_FIRST_HNSW,"[0.00,0.05)",22.773583,0.3,3
322,HNSW_HYBRID,"[0.00,0.05)",7.78025,1.0,3
322,IVFFLAT_HYBRID,"[0.00,0.05)",7.696416,1.0,3
322,SQL_FIRST,"[0.00,0.05)",7.198083,1.0,4
322,VECTOR_FIRST_HNSW,"[0.00,0.05)",23.301166,0.3,4
322,HNSW_HYBRID,"[0.00,0.05)",7.700833,1.0,4
322,IVFFLAT_HYBRID,"[0.00,0.05)",6.910708,1.0,4
324,SQL_FIRST,"[0.00,0.05)",5.662125,1.0,0
324,VECTOR_FIRST_HNSW,"[0.00,0.05)",22.897,0.1,0
324,HNSW_HYBRID,"[0.00,0.05)",6.350041,1.0,0
324,IVFFLAT_HYBRID,"[0.00,0.05)",5.8455,1.0,0
324,SQL_FIRST,"[0.00,0.05)",5.919625,1.0,1
324,VECTOR_FIRST_HNSW,"[0.00,0.05)",22.874,0.1,1
324,HNSW_HYBRID,"[0.00,0.05)",6.602666,1.0,1
324,IVFFLAT_HYBRID,"[0.00,0.05)",6.002625,1.0,1
324,SQL_FIRST,"[0.00,0.05)",5.798583,1.0,2
324,VECTOR_FIRST_HNSW,"[0.00,0.05)",22.935208,0.1,2
324,HNSW_HYBRID,"[0.00,0.05)",6.50875,1.0,2
324,IVFFLAT_HYBRID,"[0.00,0.05)",5.746583,1.0,2
324,SQL_FIRST,"[0.00,0.05)",5.691833,1.0,3
324,VECTOR_FIRST_HNSW,"[0.00,0.05)",22.8685,0.1,3
324,HNSW_HYBRID,"[0.00,0.05)",6.421084,1.0,3
324,IVFFLAT_HYBRID,"[0.00,0.05)",5.833458,1.0,3
324,SQL_FIRST,"[0.00,0.05)",5.784208,1.0,4
324,VECTOR_FIRST_HNSW,"[0.00,0.05)",22.881708,0.1,4
324,HNSW_HYBRID,"[0.00,0.05)",6.293708,1.0,4
324,IVFFLAT_HYBRID,"[0.00,0.05)",6.086083,1.0,4
326,SQL_FIRST,"[0.00,0.05)",4.877334,1.0,0
326,VECTOR_FIRST_HNSW,"[0.00,0.05)",22.97225,0.0,0
326,HNSW_HYBRID,"[0.00,0.05)",5.483208,1.0,0
326,IVFFLAT_HYBRID,"[0.00,0.05)",4.971584,1.0,0
326,SQL_FIRST,"[0.00,0.05)",4.806917,1.0,1
326,VECTOR_FIRST_HNSW,"[0.00,0.05)",22.827958,0.0,1
326,HNSW_HYBRID,"[0.00,0.05)",5.44075,1.0,1
326,IVFFLAT_HYBRID,"[0.00,0.05)",4.860709,1.0,1
326,SQL_FIRST,"[0.00,0.05)",4.843875,1.0,2
326,VECTOR_FIRST_HNSW,"[0.00,0.05)",22.801833,0.0,2
326,HNSW_HYBRID,"[0.00,0.05)",5.428584,1.0,2
326,IVFFLAT_HYBRID,"[0.00,0.05)",4.84075,1.0,2
326,SQL_FIRST,"[0.00,0.05)",4.969833,1.0,3
326,VECTOR_FIRST_HNSW,"[0.00,0.05)",22.75275,0.0,3
326,HNSW_HYBRID,"[0.00,0.05)",5.358208,1.0,3
326,IVFFLAT_HYBRID,"[0.00,0.05)",5.069083,1.0,3
326,SQL_FIRST,"[0.00,0.05)",4.926042,1.0,4
326,VECTOR_FIRST_HNSW,"[0.00,0.05)",23.161625,0.0,4
326,HNSW_HYBRID,"[0.00,0.05)",5.379709,1.0,4
326,IVFFLAT_HYBRID,"[0.00,0.05)",4.94025,1.0,4
327,SQL_FIRST,"[0.00,0.05)",9.418875,1.0,0
327,VECTOR_FIRST_HNSW,"[0.00,0.05)",22.858625,0.2,0
327,HNSW_HYBRID,"[0.00,0.05)",9.497792,1.0,0
327,IVFFLAT_HYBRID,"[0.00,0.05)",8.883292,1.0,0
327,SQL_FIRST,"[0.00,0.05)",8.789167,1.0,1
327,VECTOR_FIRST_HNSW,"[0.00,0.05)",22.865792,0.2,1
327,HNSW_HYBRID,"[0.00,0.05)",9.31625,1.0,1
327,IVFFLAT_HYBRID,"[0.00,0.05)",9.100584,1.0,1
327,SQL_FIRST,"[0.00,0.05)",8.984541,1.0,2
327,VECTOR_FIRST_HNSW,"[0.00,0.05)",22.935833,0.2,2
327,HNSW_HYBRID,"[0.00,0.05)",9.333958,1.0,2
327,IVFFLAT_HYBRID,"[0.00,0.05)",8.867917,1.0,2
327,SQL_FIRST,"[0.00,0.05)",8.601833,1.0,3
327,VECTOR_FIRST_HNSW,"[0.00,0.05)",22.867917,0.2,3
327,HNSW_HYBRID,"[0.00,0.05)",9.445334,1.0,3
327,IVFFLAT_HYBRID,"[0.00,0.05)",9.342417,1.0,3
327,SQL_FIRST,"[0.00,0.05)",9.01975,1.0,4
327,VECTOR_FIRST_HNSW,"[0.00,0.05)",22.857166,0.2,4
327,HNSW_HYBRID,"[0.00,0.05)",9.471125,1.0,4
327,IVFFLAT_HYBRID,"[0.00,0.05)",8.992125,1.0,4
329,SQL_FIRST,"[0.00,0.05)",6.620083,1.0,0
329,VECTOR_FIRST_HNSW,"[0.00,0.05)",24.713625,0.2,0
329,HNSW_HYBRID,"[0.00,0.05)",6.806584,1.0,0
329,IVFFLAT_HYBRID,"[0.00,0.05)",6.215416,1.0,0
329,SQL_FIRST,"[0.00,0.05)",6.071208,1.0,1
329,VECTOR_FIRST_HNSW,"[0.00,0.05)",22.815334,0.2,1
329,HNSW_HYBRID,"[0.00,0.05)",6.869209,1.0,1
329,IVFFLAT_HYBRID,"[0.00,0.05)",6.150083,1.0,1
329,SQL_FIRST,"[0.00,0.05)",6.1265,1.0,2
329,VECTOR_FIRST_HNSW,"[0.00,0.05)",22.916125,0.2,2
329,HNSW_HYBRID,"[0.00,0.05)",6.826666,1.0,2
329,IVFFLAT_HYBRID,"[0.00,0.05)",6.383584,1.0,2
329,SQL_FIRST,"[0.00,0.05)",6.320167,1.0,3
329,VECTOR_FIRST_HNSW,"[0.00,0.05)",23.608667,0.2,3
329,HNSW_HYBRID,"[0.00,0.05)",6.821292,1.0,3
329,IVFFLAT_HYBRID,"[0.00,0.05)",6.15275,1.0,3
329,SQL_FIRST,"[0.00,0.05)",6.401167,1.0,4
329,VECTOR_FIRST_HNSW,"[0.00,0.05)",22.859333,0.2,4
329,HNSW_HYBRID,"[0.00,0.05)",6.883708,1.0,4
329,IVFFLAT_HYBRID,"[0.00,0.05)",6.176084,1.0,4
331,SQL_FIRST,"[0.00,0.05)",10.354792,1.0,0
331,VECTOR_FIRST_HNSW,"[0.00,0.05)",22.98025,0.5,0
331,HNSW_HYBRID,"[0.00,0.05)",10.769459,1.0,0
331,IVFFLAT_HYBRID,"[0.00,0.05)",10.563959,1.0,0
331,SQL_FIRST,"[0.00,0.05)",10.400542,1.0,1
331,VECTOR_FIRST_HNSW,"[0.00,0.05)",22.888625,0.5,1
331,HNSW_HYBRID,"[0.00,0.05)",10.760125,1.0,1
331,IVFFLAT_HYBRID,"[0.00,0.05)",10.184,1.0,1
331,SQL_FIRST,"[0.00,0.05)",10.493792,1.0,2
331,VECTOR_FIRST_HNSW,"[0.00,0.05)",22.979334,0.5,2
331,HNSW_HYBRID,"[0.00,0.05)",10.856958,1.0,2
331,IVFFLAT_HYBRID,"[0.00,0.05)",10.382583,1.0,2
331,SQL_FIRST,"[0.00,0.05)",10.213417,1.0,3
331,VECTOR_FIRST_HNSW,"[0.00,0.05)",22.835584,0.5,3
331,HNSW_HYBRID,"[0.00,0.05)",11.280125,1.0,3
331,IVFFLAT_HYBRID,"[0.00,0.05)",10.660584,1.0,3
331,SQL_FIRST,"[0.00,0.05)",10.374542,1.0,4
331,VECTOR_FIRST_HNSW,"[0.00,0.05)",22.813625,0.5,4
331,HNSW_HYBRID,"[0.00,0.05)",10.957208,1.0,4
331,IVFFLAT_HYBRID,"[0.00,0.05)",10.612583,1.0,4
332,SQL_FIRST,"[0.00,0.05)",8.982416,1.0,0
332,VECTOR_FIRST_HNSW,"[0.00,0.05)",22.963166,0.6,0
332,HNSW_HYBRID,"[0.00,0.05)",9.4285,1.0,0
332,IVFFLAT_HYBRID,"[0.00,0.05)",9.322584,1.0,0
332,SQL_FIRST,"[0.00,0.05)",9.452584,1.0,1
332,VECTOR_FIRST_HNSW,"[0.00,0.05)",23.072208,0.6,1
332,HNSW_HYBRID,"[0.00,0.05)",9.75,1.0,1
332,IVFFLAT_HYBRID,"[0.00,0.05)",9.031125,1.0,1
332,SQL_FIRST,"[0.00,0.05)",8.950084,1.0,2
332,VECTOR_FIRST_HNSW,"[0.00,0.05)",22.947166,0.6,2
332,HNSW_HYBRID,"[0.00,0.05)",9.862375,1.0,2
332,IVFFLAT_HYBRID,"[0.00,0.05)",9.409417,1.0,2
332,SQL_FIRST,"[0.00,0.05)",9.007458,1.0,3
332,VECTOR_FIRST_HNSW,"[0.00,0.05)",22.931792,0.6,3
332,HNSW_HYBRID,"[0.00,0.05)",9.55,1.0,3
332,IVFFLAT_HYBRID,"[0.00,0.05)",9.005416,1.0,3
332,SQL_FIRST,"[0.00,0.05)",9.333875,1.0,4
332,VECTOR_FIRST_HNSW,"[0.00,0.05)",23.2605,0.6,4
332,HNSW_HYBRID,"[0.00,0.05)",9.631334,1.0,4
332,IVFFLAT_HYBRID,"[0.00,0.05)",8.91425,1.0,4
333,SQL_FIRST,"[0.00,0.05)",8.972875,1.0,0
333,VECTOR_FIRST_HNSW,"[0.00,0.05)",22.841333,0.2,0
333,HNSW_HYBRID,"[0.00,0.05)",9.353125,1.0,0
333,IVFFLAT_HYBRID,"[0.00,0.05)",8.854875,1.0,0
333,SQL_FIRST,"[0.00,0.05)",8.534416,1.0,1
333,VECTOR_FIRST_HNSW,"[0.00,0.05)",22.840709,0.2,1
333,HNSW_HYBRID,"[0.00,0.05)",9.404167,1.0,1
333,IVFFLAT_HYBRID,"[0.00,0.05)",9.321917,1.0,1
333,SQL_FIRST,"[0.00,0.05)",8.908625,1.0,2
333,VECTOR_FIRST_HNSW,"[0.00,0.05)",22.899709,0.2,2
333,HNSW_HYBRID,"[0.00,0.05)",9.71175,1.0,2
333,IVFFLAT_HYBRID,"[0.00,0.05)",8.954209,1.0,2
333,SQL_FIRST,"[0.00,0.05)",9.727708,1.0,3
333,VECTOR_FIRST_HNSW,"[0.00,0.05)",22.831542,0.2,3
333,HNSW_HYBRID,"[0.00,0.05)",9.398916,1.0,3
333,IVFFLAT_HYBRID,"[0.00,0.05)",8.964917,1.0,3
333,SQL_FIRST,"[0.00,0.05)",8.94525,1.0,4
333,VECTOR_FIRST_HNSW,"[0.00,0.05)",22.989625,0.2,4
333,HNSW_HYBRID,"[0.00,0.05)",9.378375,1.0,4
333,IVFFLAT_HYBRID,"[0.00,0.05)",8.683833,1.0,4
334,SQL_FIRST,"[0.00,0.05)",5.64475,1.0,0
334,VECTOR_FIRST_HNSW,"[0.00,0.05)",23.602708,0.1,0
334,HNSW_HYBRID,"[0.00,0.05)",5.77975,1.0,0
334,IVFFLAT_HYBRID,"[0.00,0.05)",5.904208,1.0,0
334,SQL_FIRST,"[0.00,0.05)",5.53575,1.0,1
334,VECTOR_FIRST_HNSW,"[0.00,0.05)",24.98125,0.1,1
334,HNSW_HYBRID,"[0.00,0.05)",5.619583,1.0,1
334,IVFFLAT_HYBRID,"[0.00,0.05)",5.349083,1.0,1
334,SQL_FIRST,"[0.00,0.05)",5.2665,1.0,2
334,VECTOR_FIRST_HNSW,"[0.00,0.05)",23.535959,0.1,2
334,HNSW_HYBRID,"[0.00,0.05)",5.541833,1.0,2
334,IVFFLAT_HYBRID,"[0.00,0.05)",5.343875,1.0,2
334,SQL_FIRST,"[0.00,0.05)",5.311375,1.0,3
334,VECTOR_FIRST_HNSW,"[0.00,0.05)",23.779708,0.1,3
334,HNSW_HYBRID,"[0.00,0.05)",5.663,1.0,3
334,IVFFLAT_HYBRID,"[0.00,0.05)",5.411333,1.0,3
334,SQL_FIRST,"[0.00,0.05)",5.309584,1.0,4
334,VECTOR_FIRST_HNSW,"[0.00,0.05)",23.645083,0.1,4
334,HNSW_HYBRID,"[0.00,0.05)",5.363666,1.0,4
334,IVFFLAT_HYBRID,"[0.00,0.05)",4.831792,1.0,4
336,SQL_FIRST,"[0.00,0.05)",1.487959,1.0,0
336,VECTOR_FIRST_HNSW,"[0.00,0.05)",22.870916,0.0,0
336,HNSW_HYBRID,"[0.00,0.05)",1.822208,1.0,0
336,IVFFLAT_HYBRID,"[0.00,0.05)",1.478542,1.0,0
336,SQL_FIRST,"[0.00,0.05)",1.457958,1.0,1
336,VECTOR_FIRST_HNSW,"[0.00,0.05)",22.702084,0.0,1
336,HNSW_HYBRID,"[0.00,0.05)",1.857084,1.0,1
336,IVFFLAT_HYBRID,"[0.00,0.05)",1.530541,1.0,1
336,SQL_FIRST,"[0.00,0.05)",1.544292,1.0,2
336,VECTOR_FIRST_HNSW,"[0.00,0.05)",22.791792,0.0,2
336,HNSW_HYBRID,"[0.00,0.05)",1.816958,1.0,2
336,IVFFLAT_HYBRID,"[0.00,0.05)",1.505,1.0,2
336,SQL_FIRST,"[0.00,0.05)",1.503667,1.0,3
336,VECTOR_FIRST_HNSW,"[0.00,0.05)",22.882209,0.0,3
336,HNSW_HYBRID,"[0.00,0.05)",1.852667,1.0,3
336,IVFFLAT_HYBRID,"[0.00,0.05)",1.469917,1.0,3
336,SQL_FIRST,"[0.00,0.05)",1.459625,1.0,4
336,VECTOR_FIRST_HNSW,"[0.00,0.05)",22.697833,0.0,4
336,HNSW_HYBRID,"[0.00,0.05)",1.989625,1.0,4
336,IVFFLAT_HYBRID,"[0.00,0.05)",1.457125,1.0,4
338,SQL_FIRST,"[0.00,0.05)",9.332208,1.0,0
338,VECTOR_FIRST_HNSW,"[0.00,0.05)",22.9575,0.5,0
338,HNSW_HYBRID,"[0.00,0.05)",9.715417,1.0,0
338,IVFFLAT_HYBRID,"[0.00,0.05)",9.020042,1.0,0
338,SQL_FIRST,"[0.00,0.05)",9.773583,1.0,1
338,VECTOR_FIRST_HNSW,"[0.00,0.05)",23.361625,0.5,1
338,HNSW_HYBRID,"[0.00,0.05)",9.920041,1.0,1
338,IVFFLAT_HYBRID,"[0.00,0.05)",9.845625,1.0,1
338,SQL_FIRST,"[0.00,0.05)",9.427542,1.0,2
338,VECTOR_FIRST_HNSW,"[0.00,0.05)",23.005208,0.5,2
338,HNSW_HYBRID,"[0.00,0.05)",9.823542,1.0,2
338,IVFFLAT_HYBRID,"[0.00,0.05)",10.267,1.0,2
338,SQL_FIRST,"[0.00,0.05)",9.638166,1.0,3
338,VECTOR_FIRST_HNSW,"[0.00,0.05)",22.853792,0.5,3
338,HNSW_HYBRID,"[0.00,0.05)",9.72575,1.0,3
338,IVFFLAT_HYBRID,"[0.00,0.05)",9.429375,1.0,3
338,SQL_FIRST,"[0.00,0.05)",9.772042,1.0,4
338,VECTOR_FIRST_HNSW,"[0.00,0.05)",22.902708,0.5,4
338,HNSW_HYBRID,"[0.00,0.05)",10.168208,1.0,4
338,IVFFLAT_HYBRID,"[0.00,0.05)",9.429791,1.0,4
343,SQL_FIRST,"[0.00,0.05)",9.331375,1.0,0
343,VECTOR_FIRST_HNSW,"[0.00,0.05)",22.873,0.7,0
343,HNSW_HYBRID,"[0.00,0.05)",9.678625,1.0,0
343,IVFFLAT_HYBRID,"[0.00,0.05)",9.275292,1.0,0
343,SQL_FIRST,"[0.00,0.05)",8.940167,1.0,1
343,VECTOR_FIRST_HNSW,"[0.00,0.05)",22.909791,0.7,1
343,HNSW_HYBRID,"[0.00,0.05)",9.666083,1.0,1
343,IVFFLAT_HYBRID,"[0.00,0.05)",9.583666,1.0,1
343,SQL_FIRST,"[0.00,0.05)",9.372792,1.0,2
343,VECTOR_FIRST_HNSW,"[0.00,0.05)",24.040125,0.7,2
343,HNSW_HYBRID,"[0.00,0.05)",9.584459,1.0,2
343,IVFFLAT_HYBRID,"[0.00,0.05)",9.803625,1.0,2
343,SQL_FIRST,"[0.00,0.05)",10.059333,1.0,3
343,VECTOR_FIRST_HNSW,"[0.00,0.05)",22.921958,0.7,3
343,HNSW_HYBRID,"[0.00,0.05)",9.832875,1.0,3
343,IVFFLAT_HYBRID,"[0.00,0.05)",9.039708,1.0,3
343,SQL_FIRST,"[0.00,0.05)",9.308375,1.0,4
343,VECTOR_FIRST_HNSW,"[0.00,0.05)",23.037,0.7,4
343,HNSW_HYBRID,"[0.00,0.05)",9.661625,1.0,4
343,IVFFLAT_HYBRID,"[0.00,0.05)",9.218208,1.0,4
344,SQL_FIRST,"[0.00,0.05)",8.861083,1.0,0
344,VECTOR_FIRST_HNSW,"[0.00,0.05)",22.902042,0.6,0
344,HNSW_HYBRID,"[0.00,0.05)",9.654541,1.0,0
344,IVFFLAT_HYBRID,"[0.00,0.05)",9.541209,1.0,0
344,SQL_FIRST,"[0.00,0.05)",9.249459,1.0,1
344,VECTOR_FIRST_HNSW,"[0.00,0.05)",22.902041,0.6,1
344,HNSW_HYBRID,"[0.00,0.05)",9.689875,1.0,1
344,IVFFLAT_HYBRID,"[0.00,0.05)",9.181042,1.0,1
344,SQL_FIRST,"[0.00,0.05)",9.65925,1.0,2
344,VECTOR_FIRST_HNSW,"[0.00,0.05)",22.824042,0.6,2
344,HNSW_HYBRID,"[0.00,0.05)",9.809584,1.0,2
344,IVFFLAT_HYBRID,"[0.00,0.05)",8.84675,1.0,2
344,SQL_FIRST,"[0.00,0.05)",9.245791,1.0,3
344,VECTOR_FIRST_HNSW,"[0.00,0.05)",22.892917,0.6,3
344,HNSW_HYBRID,"[0.00,0.05)",9.559708,1.0,3
344,IVFFLAT_HYBRID,"[0.00,0.05)",8.953375,1.0,3
344,SQL_FIRST,"[0.00,0.05)",9.315625,1.0,4
344,VECTOR_FIRST_HNSW,"[0.00,0.05)",22.835958,0.6,4
344,HNSW_HYBRID,"[0.00,0.05)",9.599,1.0,4
344,IVFFLAT_HYBRID,"[0.00,0.05)",9.148709,1.0,4
345,SQL_FIRST,"[0.00,0.05)",9.638916,1.0,0
345,VECTOR_FIRST_HNSW,"[0.00,0.05)",23.202333,0.8,0
345,HNSW_HYBRID,"[0.00,0.05)",9.763375,1.0,0
345,IVFFLAT_HYBRID,"[0.00,0.05)",10.019625,1.0,0
345,SQL_FIRST,"[0.00,0.05)",10.273,1.0,1
345,VECTOR_FIRST_HNSW,"[0.00,0.05)",22.952625,0.8,1
345,HNSW_HYBRID,"[0.00,0.05)",9.855292,1.0,1
345,IVFFLAT_HYBRID,"[0.00,0.05)",9.416083,1.0,1
345,SQL_FIRST,"[0.00,0.05)",9.543291,1.0,2
345,VECTOR_FIRST_HNSW,"[0.00,0.05)",23.117875,0.8,2
345,HNSW_HYBRID,"[0.00,0.05)",9.717042,1.0,2
345,IVFFLAT_HYBRID,"[0.00,0.05)",9.60325,1.0,2
345,SQL_FIRST,"[0.00,0.05)",9.568042,1.0,3
345,VECTOR_FIRST_HNSW,"[0.00,0.05)",23.878292,0.8,3
345,HNSW_HYBRID,"[0.00,0.05)",10.0635,1.0,3
345,IVFFLAT_HYBRID,"[0.00,0.05)",9.8965,1.0,3
345,SQL_FIRST,"[0.00,0.05)",9.6075,1.0,4
345,VECTOR_FIRST_HNSW,"[0.00,0.05)",23.17775,0.8,4
345,HNSW_HYBRID,"[0.00,0.05)",10.283041,1.0,4
345,IVFFLAT_HYBRID,"[0.00,0.05)",9.796625,1.0,4
348,SQL_FIRST,"[0.00,0.05)",9.883417,1.0,0
348,VECTOR_FIRST_HNSW,"[0.00,0.05)",23.111375,0.0,0
348,HNSW_HYBRID,"[0.00,0.05)",10.280667,1.0,0
348,IVFFLAT_HYBRID,"[0.00,0.05)",10.203792,1.0,0
348,SQL_FIRST,"[0.00,0.05)",10.183542,1.0,1
348,VECTOR_FIRST_HNSW,"[0.00,0.05)",23.009709,0.0,1
348,HNSW_HYBRID,"[0.00,0.05)",10.072,1.0,1
348,IVFFLAT_HYBRID,"[0.00,0.05)",9.511209,1.0,1
348,SQL_FIRST,"[0.00,0.05)",9.548459,1.0,2
348,VECTOR_FIRST_HNSW,"[0.00,0.05)",22.950541,0.0,2
348,HNSW_HYBRID,"[0.00,0.05)",9.953292,1.0,2
348,IVFFLAT_HYBRID,"[0.00,0.05)",9.171167,1.0,2
348,SQL_FIRST,"[0.00,0.05)",9.656083,1.0,3
348,VECTOR_FIRST_HNSW,"[0.00,0.05)",22.972916,0.0,3
348,HNSW_HYBRID,"[0.00,0.05)",10.032458,1.0,3
348,IVFFLAT_HYBRID,"[0.00,0.05)",9.438833,1.0,3
348,SQL_FIRST,"[0.00,0.05)",9.176333,1.0,4
348,VECTOR_FIRST_HNSW,"[0.00,0.05)",22.830166,0.0,4
348,HNSW_HYBRID,"[0.00,0.05)",10.210083,1.0,4
348,IVFFLAT_HYBRID,"[0.00,0.05)",9.912334,1.0,4
349,SQL_FIRST,"[0.00,0.05)",11.180125,1.0,0
349,VECTOR_FIRST_HNSW,"[0.00,0.05)",22.778208,0.1,0
349,HNSW_HYBRID,"[0.00,0.05)",11.415542,1.0,0
349,IVFFLAT_HYBRID,"[0.00,0.05)",11.07075,1.0,0
349,SQL_FIRST,"[0.00,0.05)",11.881708,1.0,1
349,VECTOR_FIRST_HNSW,"[0.00,0.05)",23.762625,0.1,1
349,HNSW_HYBRID,"[0.00,0.05)",11.684292,1.0,1
349,IVFFLAT_HYBRID,"[0.00,0.05)",11.236667,1.0,1
349,SQL_FIRST,"[0.00,0.05)",11.090459,1.0,2
349,VECTOR_FIRST_HNSW,"[0.00,0.05)",23.362959,0.1,2
349,HNSW_HYBRID,"[0.00,0.05)",11.356541,1.0,2
349,IVFFLAT_HYBRID,"[0.00,0.05)",11.111083,1.0,2
349,SQL_FIRST,"[0.00,0.05)",11.14875,1.0,3
349,VECTOR_FIRST_HNSW,"[0.00,0.05)",22.970542,0.1,3
349,HNSW_HYBRID,"[0.00,0.05)",11.360042,1.0,3
349,IVFFLAT_HYBRID,"[0.00,0.05)",11.137958,1.0,3
349,SQL_FIRST,"[0.00,0.05)",11.129,1.0,4
349,VECTOR_FIRST_HNSW,"[0.00,0.05)",22.810125,0.1,4
349,HNSW_HYBRID,"[0.00,0.05)",11.513667,1.0,4
349,IVFFLAT_HYBRID,"[0.00,0.05)",11.026916,1.0,4
351,SQL_FIRST,"[0.00,0.05)",6.621584,1.0,0
351,VECTOR_FIRST_HNSW,"[0.00,0.05)",22.944125,0.0,0
351,HNSW_HYBRID,"[0.00,0.05)",7.517083,1.0,0
351,IVFFLAT_HYBRID,"[0.00,0.05)",6.819125,1.0,0
351,SQL_FIRST,"[0.00,0.05)",6.799375,1.0,1
351,VECTOR_FIRST_HNSW,"[0.00,0.05)",22.905667,0.0,1
351,HNSW_HYBRID,"[0.00,0.05)",7.387334,1.0,1
351,IVFFLAT_HYBRID,"[0.00,0.05)",6.601125,1.0,1
351,SQL_FIRST,"[0.00,0.05)",7.088375,1.0,2
351,VECTOR_FIRST_HNSW,"[0.00,0.05)",23.307541,0.0,2
351,HNSW_HYBRID,"[0.00,0.05)",7.581,1.0,2
351,IVFFLAT_HYBRID,"[0.00,0.05)",6.921708,1.0,2
351,SQL_FIRST,"[0.00,0.05)",6.810708,1.0,3
351,VECTOR_FIRST_HNSW,"[0.00,0.05)",22.843292,0.0,3
351,HNSW_HYBRID,"[0.00,0.05)",7.478375,1.0,3
351,IVFFLAT_HYBRID,"[0.00,0.05)",7.531833,1.0,3
351,SQL_FIRST,"[0.00,0.05)",6.856541,1.0,4
351,VECTOR_FIRST_HNSW,"[0.00,0.05)",22.946708,0.0,4
351,HNSW_HYBRID,"[0.00,0.05)",7.43525,1.0,4
351,IVFFLAT_HYBRID,"[0.00,0.05)",6.894041,1.0,4
352,SQL_FIRST,"[0.00,0.05)",8.276958,1.0,0
352,VECTOR_FIRST_HNSW,"[0.00,0.05)",24.135333,0.2,0
352,HNSW_HYBRID,"[0.00,0.05)",8.967291,1.0,0
352,IVFFLAT_HYBRID,"[0.00,0.05)",8.990375,1.0,0
352,SQL_FIRST,"[0.00,0.05)",7.869625,1.0,1
352,VECTOR_FIRST_HNSW,"[0.00,0.05)",23.783417,0.2,1
352,HNSW_HYBRID,"[0.00,0.05)",8.489792,1.0,1
352,IVFFLAT_HYBRID,"[0.00,0.05)",7.860792,1.0,1
352,SQL_FIRST,"[0.00,0.05)",7.625166,1.0,2
352,VECTOR_FIRST_HNSW,"[0.00,0.05)",22.989333,0.2,2
352,HNSW_HYBRID,"[0.00,0.05)",8.3415,1.0,2
352,IVFFLAT_HYBRID,"[0.00,0.05)",8.605917,1.0,2
352,SQL_FIRST,"[0.00,0.05)",8.615834,1.0,3
352,VECTOR_FIRST_HNSW,"[0.00,0.05)",23.461583,0.2,3
352,HNSW_HYBRID,"[0.00,0.05)",8.509292,1.0,3
352,IVFFLAT_HYBRID,"[0.00,0.05)",8.908792,1.0,3
352,SQL_FIRST,"[0.00,0.05)",8.628792,1.0,4
352,VECTOR_FIRST_HNSW,"[0.00,0.05)",22.940958,0.2,4
352,HNSW_HYBRID,"[0.00,0.05)",8.354666,1.0,4
352,IVFFLAT_HYBRID,"[0.00,0.05)",8.172833,1.0,4
353,SQL_FIRST,"[0.00,0.05)",9.120042,1.0,0
353,VECTOR_FIRST_HNSW,"[0.00,0.05)",23.884958,0.4,0
353,HNSW_HYBRID,"[0.00,0.05)",9.441875,1.0,0
353,IVFFLAT_HYBRID,"[0.00,0.05)",8.941542,1.0,0
353,SQL_FIRST,"[0.00,0.05)",9.462334,1.0,1
353,VECTOR_FIRST_HNSW,"[0.00,0.05)",23.097125,0.4,1
353,HNSW_HYBRID,"[0.00,0.05)",9.467541,1.0,1
353,IVFFLAT_HYBRID,"[0.00,0.05)",8.918708,1.0,1
353,SQL_FIRST,"[0.00,0.05)",9.424458,1.0,2
353,VECTOR_FIRST_HNSW,"[0.00,0.05)",22.940167,0.4,2
353,HNSW_HYBRID,"[0.00,0.05)",9.766084,1.0,2
353,IVFFLAT_HYBRID,"[0.00,0.05)",9.059584,1.0,2
353,SQL_FIRST,"[0.00,0.05)",9.028083,1.0,3
353,VECTOR_FIRST_HNSW,"[0.00,0.05)",23.635208,0.4,3
353,HNSW_HYBRID,"[0.00,0.05)",9.924375,1.0,3
353,IVFFLAT_HYBRID,"[0.00,0.05)",9.836416,1.0,3
353,SQL_FIRST,"[0.00,0.05)",9.29475,1.0,4
353,VECTOR_FIRST_HNSW,"[0.00,0.05)",22.942708,0.4,4
353,HNSW_HYBRID,"[0.00,0.05)",9.611709,1.0,4
353,IVFFLAT_HYBRID,"[0.00,0.05)",9.228375,1.0,4
354,SQL_FIRST,"[0.00,0.05)",10.54525,1.0,0
354,VECTOR_FIRST_HNSW,"[0.00,0.05)",22.880083,0.5,0
354,HNSW_HYBRID,"[0.00,0.05)",10.824167,1.0,0
354,IVFFLAT_HYBRID,"[0.00,0.05)",10.743833,1.0,0
354,SQL_FIRST,"[0.00,0.05)",10.552083,1.0,1
354,VECTOR_FIRST_HNSW,"[0.00,0.05)",23.044584,0.5,1
354,HNSW_HYBRID,"[0.00,0.05)",10.982584,1.0,1
354,IVFFLAT_HYBRID,"[0.00,0.05)",10.993708,1.0,1
354,SQL_FIRST,"[0.00,0.05)",10.776417,1.0,2
354,VECTOR_FIRST_HNSW,"[0.00,0.05)",22.819167,0.5,2
354,HNSW_HYBRID,"[0.00,0.05)",10.973375,1.0,2
354,IVFFLAT_HYBRID,"[0.00,0.05)",10.460833,1.0,2
354,SQL_FIRST,"[0.00,0.05)",10.221209,1.0,3
354,VECTOR_FIRST_HNSW,"[0.00,0.05)",22.964042,0.5,3
354,HNSW_HYBRID,"[0.00,0.05)",10.831959,1.0,3
354,IVFFLAT_HYBRID,"[0.00,0.05)",10.611584,1.0,3
354,SQL_FIRST,"[0.00,0.05)",10.393209,1.0,4
354,VECTOR_FIRST_HNSW,"[0.00,0.05)",23.232,0.5,4
354,HNSW_HYBRID,"[0.00,0.05)",11.144416,1.0,4
354,IVFFLAT_HYBRID,"[0.00,0.05)",10.798375,1.0,4
355,SQL_FIRST,"[0.00,0.05)",8.901334,1.0,0
355,VECTOR_FIRST_HNSW,"[0.00,0.05)",22.952791,0.8,0
355,HNSW_HYBRID,"[0.00,0.05)",9.242709,1.0,0
355,IVFFLAT_HYBRID,"[0.00,0.05)",9.507,1.0,0
355,SQL_FIRST,"[0.00,0.05)",8.891292,1.0,1
355,VECTOR_FIRST_HNSW,"[0.00,0.05)",23.292292,0.8,1
355,HNSW_HYBRID,"[0.00,0.05)",9.350416,1.0,1
355,IVFFLAT_HYBRID,"[0.00,0.05)",8.916833,1.0,1
355,SQL_FIRST,"[0.00,0.05)",8.578084,1.0,2
355,VECTOR_FIRST_HNSW,"[0.00,0.05)",22.953625,0.8,2
355,HNSW_HYBRID,"[0.00,0.05)",9.381125,1.0,2
355,IVFFLAT_HYBRID,"[0.00,0.05)",9.448625,1.0,2
355,SQL_FIRST,"[0.00,0.05)",8.878375,1.0,3
355,VECTOR_FIRST_HNSW,"[0.00,0.05)",22.891959,0.8,3
355,HNSW_HYBRID,"[0.00,0.05)",9.480125,1.0,3
355,IVFFLAT_HYBRID,"[0.00,0.05)",8.913375,1.0,3
355,SQL_FIRST,"[0.00,0.05)",9.201458,1.0,4
355,VECTOR_FIRST_HNSW,"[0.00,0.05)",22.763958,0.8,4
355,HNSW_HYBRID,"[0.00,0.05)",9.482333,1.0,4
355,IVFFLAT_HYBRID,"[0.00,0.05)",8.665958,1.0,4
356,SQL_FIRST,"[0.00,0.05)",9.148625,1.0,0
356,VECTOR_FIRST_HNSW,"[0.00,0.05)",22.916167,0.7,0
356,HNSW_HYBRID,"[0.00,0.05)",9.545667,1.0,0
356,IVFFLAT_HYBRID,"[0.00,0.05)",9.076625,1.0,0
356,SQL_FIRST,"[0.00,0.05)",8.774459,1.0,1
356,VECTOR_FIRST_HNSW,"[0.00,0.05)",22.961208,0.7,1
356,HNSW_HYBRID,"[0.00,0.05)",9.394083,1.0,1
356,IVFFLAT_HYBRID,"[0.00,0.05)",9.373833,1.0,1
356,SQL_FIRST,"[0.00,0.05)",8.948792,1.0,2
356,VECTOR_FIRST_HNSW,"[0.00,0.05)",22.850375,0.7,2
356,HNSW_HYBRID,"[0.00,0.05)",9.533709,1.0,2
356,IVFFLAT_HYBRID,"[0.00,0.05)",9.713125,1.0,2
356,SQL_FIRST,"[0.00,0.05)",9.380666,1.0,3
356,VECTOR_FIRST_HNSW,"[0.00,0.05)",22.970042,0.7,3
356,HNSW_HYBRID,"[0.00,0.05)",9.29925,1.0,3
356,IVFFLAT_HYBRID,"[0.00,0.05)",8.86475,1.0,3
356,SQL_FIRST,"[0.00,0.05)",9.183833,1.0,4
356,VECTOR_FIRST_HNSW,"[0.00,0.05)",22.867958,0.7,4
356,HNSW_HYBRID,"[0.00,0.05)",9.451542,1.0,4
356,IVFFLAT_HYBRID,"[0.00,0.05)",8.92075,1.0,4
360,SQL_FIRST,"[0.00,0.05)",5.321542,1.0,0
360,VECTOR_FIRST_HNSW,"[0.00,0.05)",22.83375,0.0,0
360,HNSW_HYBRID,"[0.00,0.05)",5.933042,1.0,0
360,IVFFLAT_HYBRID,"[0.00,0.05)",5.335458,1.0,0
360,SQL_FIRST,"[0.00,0.05)",5.306791,1.0,1
360,VECTOR_FIRST_HNSW,"[0.00,0.05)",23.567292,0.0,1
360,HNSW_HYBRID,"[0.00,0.05)",5.835,1.0,1
360,IVFFLAT_HYBRID,"[0.00,0.05)",5.247375,1.0,1
360,SQL_FIRST,"[0.00,0.05)",5.297042,1.0,2
360,VECTOR_FIRST_HNSW,"[0.00,0.05)",22.868,0.0,2
360,HNSW_HYBRID,"[0.00,0.05)",5.909666,1.0,2
360,IVFFLAT_HYBRID,"[0.00,0.05)",5.270625,1.0,2
360,SQL_FIRST,"[0.00,0.05)",5.356417,1.0,3
360,VECTOR_FIRST_HNSW,"[0.00,0.05)",22.812084,0.0,3
360,HNSW_HYBRID,"[0.00,0.05)",5.865125,1.0,3
360,IVFFLAT_HYBRID,"[0.00,0.05)",5.629166,1.0,3
360,SQL_FIRST,"[0.00,0.05)",5.402833,1.0,4
360,VECTOR_FIRST_HNSW,"[0.00,0.05)",22.967375,0.0,4
360,HNSW_HYBRID,"[0.00,0.05)",5.954083,1.0,4
360,IVFFLAT_HYBRID,"[0.00,0.05)",5.307292,1.0,4
362,SQL_FIRST,"[0.00,0.05)",6.350958,1.0,0
362,VECTOR_FIRST_HNSW,"[0.00,0.05)",24.400208,0.0,0
362,HNSW_HYBRID,"[0.00,0.05)",6.904959,1.0,0
362,IVFFLAT_HYBRID,"[0.00,0.05)",6.440584,1.0,0
362,SQL_FIRST,"[0.00,0.05)",6.154458,1.0,1
362,VECTOR_FIRST_HNSW,"[0.00,0.05)",22.808709,0.0,1
362,HNSW_HYBRID,"[0.00,0.05)",6.862917,1.0,1
362,IVFFLAT_HYBRID,"[0.00,0.05)",6.079,1.0,1
362,SQL_FIRST,"[0.00,0.05)",6.212292,1.0,2
362,VECTOR_FIRST_HNSW,"[0.00,0.05)",22.766792,0.0,2
362,HNSW_HYBRID,"[0.00,0.05)",6.998375,1.0,2
362,IVFFLAT_HYBRID,"[0.00,0.05)",6.648458,1.0,2
362,SQL_FIRST,"[0.00,0.05)",6.077125,1.0,3
362,VECTOR_FIRST_HNSW,"[0.00,0.05)",22.9435,0.0,3
362,HNSW_HYBRID,"[0.00,0.05)",6.790709,1.0,3
362,IVFFLAT_HYBRID,"[0.00,0.05)",6.222375,1.0,3
362,SQL_FIRST,"[0.00,0.05)",6.51,1.0,4
362,VECTOR_FIRST_HNSW,"[0.00,0.05)",22.955167,0.0,4
362,HNSW_HYBRID,"[0.00,0.05)",6.840125,1.0,4
362,IVFFLAT_HYBRID,"[0.00,0.05)",6.125875,1.0,4
365,SQL_FIRST,"[0.00,0.05)",6.857459,1.0,0
365,VECTOR_FIRST_HNSW,"[0.00,0.05)",22.82425,0.0,0
365,HNSW_HYBRID,"[0.00,0.05)",7.334375,1.0,0
365,IVFFLAT_HYBRID,"[0.00,0.05)",6.95225,1.0,0
365,SQL_FIRST,"[0.00,0.05)",6.436958,1.0,1
365,VECTOR_FIRST_HNSW,"[0.00,0.05)",23.484583,0.0,1
365,HNSW_HYBRID,"[0.00,0.05)",7.189834,1.0,1
365,IVFFLAT_HYBRID,"[0.00,0.05)",6.471583,1.0,1
365,SQL_FIRST,"[0.00,0.05)",6.323209,1.0,2
365,VECTOR_FIRST_HNSW,"[0.00,0.05)",22.891625,0.0,2
365,HNSW_HYBRID,"[0.00,0.05)",7.204333,1.0,2
365,IVFFLAT_HYBRID,"[0.00,0.05)",6.424625,1.0,2
365,SQL_FIRST,"[0.00,0.05)",6.42375,1.0,3
365,VECTOR_FIRST_HNSW,"[0.00,0.05)",22.81075,0.0,3
365,HNSW_HYBRID,"[0.00,0.05)",6.974875,1.0,3
365,IVFFLAT_HYBRID,"[0.00,0.05)",6.715958,1.0,3
365,SQL_FIRST,"[0.00,0.05)",6.397834,1.0,4
365,VECTOR_FIRST_HNSW,"[0.00,0.05)",22.93075,0.0,4
365,HNSW_HYBRID,"[0.00,0.05)",7.105083,1.0,4
365,IVFFLAT_HYBRID,"[0.00,0.05)",6.460792,1.0,4
366,SQL_FIRST,"[0.00,0.05)",9.422167,1.0,0
366,VECTOR_FIRST_HNSW,"[0.00,0.05)",22.98275,0.7,0
366,HNSW_HYBRID,"[0.00,0.05)",9.726416,1.0,0
366,IVFFLAT_HYBRID,"[0.00,0.05)",9.361375,1.0,0
366,SQL_FIRST,"[0.00,0.05)",9.385792,1.0,1
366,VECTOR_FIRST_HNSW,"[0.00,0.05)",24.36375,0.7,1
366,HNSW_HYBRID,"[0.00,0.05)",9.611958,1.0,1
366,IVFFLAT_HYBRID,"[0.00,0.05)",9.487417,1.0,1
366,SQL_FIRST,"[0.00,0.05)",9.958458,1.0,2
366,VECTOR_FIRST_HNSW,"[0.00,0.05)",22.993708,0.7,2
366,HNSW_HYBRID,"[0.00,0.05)",9.791084,1.0,2
366,IVFFLAT_HYBRID,"[0.00,0.05)",9.054792,1.0,2
366,SQL_FIRST,"[0.00,0.05)",9.715708,1.0,3
366,VECTOR_FIRST_HNSW,"[0.00,0.05)",23.105583,0.7,3
366,HNSW_HYBRID,"[0.00,0.05)",9.890458,1.0,3
366,IVFFLAT_HYBRID,"[0.00,0.05)",9.479875,1.0,3
366,SQL_FIRST,"[0.00,0.05)",9.86225,1.0,4
366,VECTOR_FIRST_HNSW,"[0.00,0.05)",22.975291,0.7,4
366,HNSW_HYBRID,"[0.00,0.05)",10.077833,1.0,4
366,IVFFLAT_HYBRID,"[0.00,0.05)",9.72925,1.0,4
368,SQL_FIRST,"[0.00,0.05)",9.786833,1.0,0
368,VECTOR_FIRST_HNSW,"[0.00,0.05)",23.14375,0.4,0
368,HNSW_HYBRID,"[0.00,0.05)",9.632459,1.0,0
368,IVFFLAT_HYBRID,"[0.00,0.05)",9.261875,1.0,0
368,SQL_FIRST,"[0.00,0.05)",9.688,1.0,1
368,VECTOR_FIRST_HNSW,"[0.00,0.05)",22.980708,0.4,1
368,HNSW_HYBRID,"[0.00,0.05)",9.883625,1.0,1
368,IVFFLAT_HYBRID,"[0.00,0.05)",9.107417,1.0,1
368,SQL_FIRST,"[0.00,0.05)",8.9075,1.0,2
368,VECTOR_FIRST_HNSW,"[0.00,0.05)",22.911375,0.4,2
368,HNSW_HYBRID,"[0.00,0.05)",9.773917,1.0,2
368,IVFFLAT_HYBRID,"[0.00,0.05)",9.4535,1.0,2
368,SQL_FIRST,"[0.00,0.05)",9.297584,1.0,3
368,VECTOR_FIRST_HNSW,"[0.00,0.05)",22.839042,0.4,3
368,HNSW_HYBRID,"[0.00,0.05)",9.637291,1.0,3
368,IVFFLAT_HYBRID,"[0.00,0.05)",9.298416,1.0,3
368,SQL_FIRST,"[0.00,0.05)",9.247666,1.0,4
368,VECTOR_FIRST_HNSW,"[0.00,0.05)",23.013459,0.4,4
368,HNSW_HYBRID,"[0.00,0.05)",9.433,1.0,4
368,IVFFLAT_HYBRID,"[0.00,0.05)",9.741959,1.0,4
369,SQL_FIRST,"[0.00,0.05)",9.732542,1.0,0
369,VECTOR_FIRST_HNSW,"[0.00,0.05)",23.577167,0.4,0
369,HNSW_HYBRID,"[0.00,0.05)",9.873208,1.0,0
369,IVFFLAT_HYBRID,"[0.00,0.05)",9.075916,1.0,0
369,SQL_FIRST,"[0.00,0.05)",8.876541,1.0,1
369,VECTOR_FIRST_HNSW,"[0.00,0.05)",22.976417,0.4,1
369,HNSW_HYBRID,"[0.00,0.05)",9.772042,1.0,1
369,IVFFLAT_HYBRID,"[0.00,0.05)",9.614042,1.0,1
369,SQL_FIRST,"[0.00,0.05)",9.293167,1.0,2
369,VECTOR_FIRST_HNSW,"[0.00,0.05)",22.897375,0.4,2
369,HNSW_HYBRID,"[0.00,0.05)",9.788208,1.0,2
369,IVFFLAT_HYBRID,"[0.00,0.05)",9.852875,1.0,2
369,SQL_FIRST,"[0.00,0.05)",9.379875,1.0,3
369,VECTOR_FIRST_HNSW,"[0.00,0.05)",23.418542,0.4,3
369,HNSW_HYBRID,"[0.00,0.05)",9.599708,1.0,3
369,IVFFLAT_HYBRID,"[0.00,0.05)",9.398375,1.0,3
369,SQL_FIRST,"[0.00,0.05)",9.458333,1.0,4
369,VECTOR_FIRST_HNSW,"[0.00,0.05)",23.433,0.4,4
369,HNSW_HYBRID,"[0.00,0.05)",9.491583,1.0,4
369,IVFFLAT_HYBRID,"[0.00,0.05)",8.911917,1.0,4
371,SQL_FIRST,"[0.00,0.05)",8.444583,1.0,0
371,VECTOR_FIRST_HNSW,"[0.00,0.05)",22.971792,0.5,0
371,HNSW_HYBRID,"[0.00,0.05)",9.299334,1.0,0
371,IVFFLAT_HYBRID,"[0.00,0.05)",8.937875,1.0,0
371,SQL_FIRST,"[0.00,0.05)",8.844,1.0,1
371,VECTOR_FIRST_HNSW,"[0.00,0.05)",22.760417,0.5,1
371,HNSW_HYBRID,"[0.00,0.05)",9.276584,1.0,1
371,IVFFLAT_HYBRID,"[0.00,0.05)",9.003292,1.0,1
371,SQL_FIRST,"[0.00,0.05)",8.829334,1.0,2
371,VECTOR_FIRST_HNSW,"[0.00,0.05)",22.839208,0.5,2
371,HNSW_HYBRID,"[0.00,0.05)",9.041792,1.0,2
371,IVFFLAT_HYBRID,"[0.00,0.05)",9.289375,1.0,2
371,SQL_FIRST,"[0.00,0.05)",8.912833,1.0,3
371,VECTOR_FIRST_HNSW,"[0.00,0.05)",22.962792,0.5,3
371,HNSW_HYBRID,"[0.00,0.05)",9.228958,1.0,3
371,IVFFLAT_HYBRID,"[0.00,0.05)",8.606375,1.0,3
371,SQL_FIRST,"[0.00,0.05)",8.396333,1.0,4
371,VECTOR_FIRST_HNSW,"[0.00,0.05)",23.334041,0.5,4
371,HNSW_HYBRID,"[0.00,0.05)",9.393375,1.0,4
371,IVFFLAT_HYBRID,"[0.00,0.05)",9.278625,1.0,4
373,SQL_FIRST,"[0.00,0.05)",1.508375,1.0,0
373,VECTOR_FIRST_HNSW,"[0.00,0.05)",22.784959,0.0,0
373,HNSW_HYBRID,"[0.00,0.05)",1.895875,1.0,0
373,IVFFLAT_HYBRID,"[0.00,0.05)",1.609041,1.0,0
373,SQL_FIRST,"[0.00,0.05)",1.566875,1.0,1
373,VECTOR_FIRST_HNSW,"[0.00,0.05)",22.72375,0.0,1
373,HNSW_HYBRID,"[0.00,0.05)",1.9245,1.0,1
373,IVFFLAT_HYBRID,"[0.00,0.05)",1.575542,1.0,1
373,SQL_FIRST,"[0.00,0.05)",1.514875,1.0,2
373,VECTOR_FIRST_HNSW,"[0.00,0.05)",23.444125,0.0,2
373,HNSW_HYBRID,"[0.00,0.05)",1.883083,1.0,2
373,IVFFLAT_HYBRID,"[0.00,0.05)",1.508666,1.0,2
373,SQL_FIRST,"[0.00,0.05)",1.495875,1.0,3
373,VECTOR_FIRST_HNSW,"[0.00,0.05)",23.414708,0.0,3
373,HNSW_HYBRID,"[0.00,0.05)",1.864459,1.0,3
373,IVFFLAT_HYBRID,"[0.00,0.05)",1.574166,1.0,3
373,SQL_FIRST,"[0.00,0.05)",1.523083,1.0,4
373,VECTOR_FIRST_HNSW,"[0.00,0.05)",22.884542,0.0,4
373,HNSW_HYBRID,"[0.00,0.05)",1.900541,1.0,4
373,IVFFLAT_HYBRID,"[0.00,0.05)",1.566042,1.0,4
380,SQL_FIRST,"[0.00,0.05)",9.184083,1.0,0
380,VECTOR_FIRST_HNSW,"[0.00,0.05)",22.865042,0.6,0
380,HNSW_HYBRID,"[0.00,0.05)",9.54025,1.0,0
380,IVFFLAT_HYBRID,"[0.00,0.05)",8.992416,1.0,0
380,SQL_FIRST,"[0.00,0.05)",9.186833,1.0,1
380,VECTOR_FIRST_HNSW,"[0.00,0.05)",22.962916,0.6,1
380,HNSW_HYBRID,"[0.00,0.05)",9.637125,1.0,1
380,IVFFLAT_HYBRID,"[0.00,0.05)",9.138666,1.0,1
380,SQL_FIRST,"[0.00,0.05)",8.968292,1.0,2
380,VECTOR_FIRST_HNSW,"[0.00,0.05)",22.979,0.6,2
380,HNSW_HYBRID,"[0.00,0.05)",9.681042,1.0,2
380,IVFFLAT_HYBRID,"[0.00,0.05)",9.15825,1.0,2
380,SQL_FIRST,"[0.00,0.05)",9.616833,1.0,3
380,VECTOR_FIRST_HNSW,"[0.00,0.05)",22.744084,0.6,3
380,HNSW_HYBRID,"[0.00,0.05)",10.039042,1.0,3
380,IVFFLAT_HYBRID,"[0.00,0.05)",9.333666,1.0,3
380,SQL_FIRST,"[0.00,0.05)",9.132042,1.0,4
380,VECTOR_FIRST_HNSW,"[0.00,0.05)",22.809792,0.6,4
380,HNSW_HYBRID,"[0.00,0.05)",9.400625,1.0,4
380,IVFFLAT_HYBRID,"[0.00,0.05)",9.260458,1.0,4
382,SQL_FIRST,"[0.00,0.05)",8.511375,1.0,0
382,VECTOR_FIRST_HNSW,"[0.00,0.05)",22.916166,0.1,0
382,HNSW_HYBRID,"[0.00,0.05)",9.20025,1.0,0
382,IVFFLAT_HYBRID,"[0.00,0.05)",8.74275,1.0,0
382,SQL_FIRST,"[0.00,0.05)",8.396541,1.0,1
382,VECTOR_FIRST_HNSW,"[0.00,0.05)",23.343958,0.1,1
382,HNSW_HYBRID,"[0.00,0.05)",9.328583,1.0,1
382,IVFFLAT_HYBRID,"[0.00,0.05)",8.577333,1.0,1
382,SQL_FIRST,"[0.00,0.05)",8.842875,1.0,2
382,VECTOR_FIRST_HNSW,"[0.00,0.05)",23.411542,0.1,2
382,HNSW_HYBRID,"[0.00,0.05)",9.33025,1.0,2
382,IVFFLAT_HYBRID,"[0.00,0.05)",8.689834,1.0,2
382,SQL_FIRST,"[0.00,0.05)",8.692042,1.0,3
382,VECTOR_FIRST_HNSW,"[0.00,0.05)",23.457042,0.1,3
382,HNSW_HYBRID,"[0.00,0.05)",9.131459,1.0,3
382,IVFFLAT_HYBRID,"[0.00,0.05)",8.353333,1.0,3
382,SQL_FIRST,"[0.00,0.05)",9.163333,1.0,4
382,VECTOR_FIRST_HNSW,"[0.00,0.05)",22.974125,0.1,4
382,HNSW_HYBRID,"[0.00,0.05)",9.346583,1.0,4
382,IVFFLAT_HYBRID,"[0.00,0.05)",8.548291,1.0,4
385,SQL_FIRST,"[0.00,0.05)",4.636834,1.0,0
385,VECTOR_FIRST_HNSW,"[0.00,0.05)",22.767125,0.2,0
385,HNSW_HYBRID,"[0.00,0.05)",5.066709,1.0,0
385,IVFFLAT_HYBRID,"[0.00,0.05)",4.582584,1.0,0
385,SQL_FIRST,"[0.00,0.05)",4.602792,1.0,1
385,VECTOR_FIRST_HNSW,"[0.00,0.05)",22.802167,0.2,1
385,HNSW_HYBRID,"[0.00,0.05)",5.111959,1.0,1
385,IVFFLAT_HYBRID,"[0.00,0.05)",4.605084,1.0,1
385,SQL_FIRST,"[0.00,0.05)",4.683958,1.0,2
385,VECTOR_FIRST_HNSW,"[0.00,0.05)",22.787333,0.2,2
385,HNSW_HYBRID,"[0.00,0.05)",5.066417,1.0,2
385,IVFFLAT_HYBRID,"[0.00,0.05)",4.763375,1.0,2
385,SQL_FIRST,"[0.00,0.05)",4.6475,1.0,3
385,VECTOR_FIRST_HNSW,"[0.00,0.05)",27.485291,0.2,3
385,HNSW_HYBRID,"[0.00,0.05)",5.107208,1.0,3
385,IVFFLAT_HYBRID,"[0.00,0.05)",4.5535,1.0,3
385,SQL_FIRST,"[0.00,0.05)",4.54125,1.0,4
385,VECTOR_FIRST_HNSW,"[0.00,0.05)",22.788917,0.2,4
385,HNSW_HYBRID,"[0.00,0.05)",5.313792,1.0,4
385,IVFFLAT_HYBRID,"[0.00,0.05)",4.884166,1.0,4
388,SQL_FIRST,"[0.00,0.05)",6.222458,1.0,0
388,VECTOR_FIRST_HNSW,"[0.00,0.05)",23.120792,0.1,0
388,HNSW_HYBRID,"[0.00,0.05)",6.681916,1.0,0
388,IVFFLAT_HYBRID,"[0.00,0.05)",6.220542,1.0,0
388,SQL_FIRST,"[0.00,0.05)",6.128875,1.0,1
388,VECTOR_FIRST_HNSW,"[0.00,0.05)",22.9335,0.1,1
388,HNSW_HYBRID,"[0.00,0.05)",6.771,1.0,1
388,IVFFLAT_HYBRID,"[0.00,0.05)",6.612917,1.0,1
388,SQL_FIRST,"[0.00,0.05)",6.230417,1.0,2
388,VECTOR_FIRST_HNSW,"[0.00,0.05)",23.613375,0.1,2
388,HNSW_HYBRID,"[0.00,0.05)",6.681834,1.0,2
388,IVFFLAT_HYBRID,"[0.00,0.05)",5.982,1.0,2
388,SQL_FIRST,"[0.00,0.05)",6.1595,1.0,3
388,VECTOR_FIRST_HNSW,"[0.00,0.05)",22.947,0.1,3
388,HNSW_HYBRID,"[0.00,0.05)",6.896167,1.0,3
388,IVFFLAT_HYBRID,"[0.00,0.05)",6.550208,1.0,3
388,SQL_FIRST,"[0.00,0.05)",5.99525,1.0,4
388,VECTOR_FIRST_HNSW,"[0.00,0.05)",22.853291,0.1,4
388,HNSW_HYBRID,"[0.00,0.05)",6.796875,1.0,4
388,IVFFLAT_HYBRID,"[0.00,0.05)",6.114,1.0,4
389,SQL_FIRST,"[0.00,0.05)",9.356791,1.0,0
389,VECTOR_FIRST_HNSW,"[0.00,0.05)",22.985125,0.5,0
389,HNSW_HYBRID,"[0.00,0.05)",9.529917,1.0,0
389,IVFFLAT_HYBRID,"[0.00,0.05)",8.964042,1.0,0
389,SQL_FIRST,"[0.00,0.05)",8.990417,1.0,1
389,VECTOR_FIRST_HNSW,"[0.00,0.05)",22.945875,0.5,1
389,HNSW_HYBRID,"[0.00,0.05)",9.629875,1.0,1
389,IVFFLAT_HYBRID,"[0.00,0.05)",9.557041,1.0,1
389,SQL_FIRST,"[0.00,0.05)",9.181708,1.0,2
389,VECTOR_FIRST_HNSW,"[0.00,0.05)",22.909917,0.5,2
389,HNSW_HYBRID,"[0.00,0.05)",9.969166,1.0,2
389,IVFFLAT_HYBRID,"[0.00,0.05)",9.149167,1.0,2
389,SQL_FIRST,"[0.00,0.05)",9.695625,1.0,3
389,VECTOR_FIRST_HNSW,"[0.00,0.05)",22.729208,0.5,3
389,HNSW_HYBRID,"[0.00,0.05)",10.928792,1.0,3
389,IVFFLAT_HYBRID,"[0.00,0.05)",9.415667,1.0,3
389,SQL_FIRST,"[0.00,0.05)",9.902125,1.0,4
389,VECTOR_FIRST_HNSW,"[0.00,0.05)",22.889083,0.5,4
389,HNSW_HYBRID,"[0.00,0.05)",9.446,1.0,4
389,IVFFLAT_HYBRID,"[0.00,0.05)",9.441709,1.0,4
390,SQL_FIRST,"[0.00,0.05)",6.451917,1.0,0
390,VECTOR_FIRST_HNSW,"[0.00,0.05)",23.166792,0.1,0
390,HNSW_HYBRID,"[0.00,0.05)",7.284834,1.0,0
390,IVFFLAT_HYBRID,"[0.00,0.05)",6.565792,1.0,0
390,SQL_FIRST,"[0.00,0.05)",6.642042,1.0,1
390,VECTOR_FIRST_HNSW,"[0.00,0.05)",23.684708,0.1,1
390,HNSW_HYBRID,"[0.00,0.05)",7.222667,1.0,1
390,IVFFLAT_HYBRID,"[0.00,0.05)",6.914792,1.0,1
390,SQL_FIRST,"[0.00,0.05)",6.54075,1.0,2
390,VECTOR_FIRST_HNSW,"[0.00,0.05)",23.470208,0.1,2
390,HNSW_HYBRID,"[0.00,0.05)",7.146334,1.0,2
390,IVFFLAT_HYBRID,"[0.00,0.05)",6.478708,1.0,2
390,SQL_FIRST,"[0.00,0.05)",6.470417,1.0,3
390,VECTOR_FIRST_HNSW,"[0.00,0.05)",22.852833,0.1,3
390,HNSW_HYBRID,"[0.00,0.05)",7.282667,1.0,3
390,IVFFLAT_HYBRID,"[0.00,0.05)",6.571625,1.0,3
390,SQL_FIRST,"[0.00,0.05)",6.773083,1.0,4
390,VECTOR_FIRST_HNSW,"[0.00,0.05)",22.807917,0.1,4
390,HNSW_HYBRID,"[0.00,0.05)",7.305541,1.0,4
390,IVFFLAT_HYBRID,"[0.00,0.05)",6.67075,1.0,4
393,SQL_FIRST,"[0.00,0.05)",9.304625,1.0,0
393,VECTOR_FIRST_HNSW,"[0.00,0.05)",22.846375,0.2,0
393,HNSW_HYBRID,"[0.00,0.05)",9.646417,1.0,0
393,IVFFLAT_HYBRID,"[0.00,0.05)",8.823708,1.0,0
393,SQL_FIRST,"[0.00,0.05)",8.65175,1.0,1
393,VECTOR_FIRST_HNSW,"[0.00,0.05)",22.931166,0.2,1
393,HNSW_HYBRID,"[0.00,0.05)",9.337,1.0,1
393,IVFFLAT_HYBRID,"[0.00,0.05)",8.717625,1.0,1
393,SQL_FIRST,"[0.00,0.05)",9.300834,1.0,2
393,VECTOR_FIRST_HNSW,"[0.00,0.05)",22.837417,0.2,2
393,HNSW_HYBRID,"[0.00,0.05)",9.544959,1.0,2
393,IVFFLAT_HYBRID,"[0.00,0.05)",9.068375,1.0,2
393,SQL_FIRST,"[0.00,0.05)",9.3685,1.0,3
393,VECTOR_FIRST_HNSW,"[0.00,0.05)",22.812417,0.2,3
393,HNSW_HYBRID,"[0.00,0.05)",9.332459,1.0,3
393,IVFFLAT_HYBRID,"[0.00,0.05)",9.158667,1.0,3
393,SQL_FIRST,"[0.00,0.05)",8.915209,1.0,4
393,VECTOR_FIRST_HNSW,"[0.00,0.05)",22.965416,0.2,4
393,HNSW_HYBRID,"[0.00,0.05)",9.255625,1.0,4
393,IVFFLAT_HYBRID,"[0.00,0.05)",8.707458,1.0,4
395,SQL_FIRST,"[0.00,0.05)",10.207875,1.0,0
395,VECTOR_FIRST_HNSW,"[0.00,0.05)",23.02475,0.1,0
395,HNSW_HYBRID,"[0.00,0.05)",10.58325,1.0,0
395,IVFFLAT_HYBRID,"[0.00,0.05)",10.579417,1.0,0
395,SQL_FIRST,"[0.00,0.05)",9.9485,1.0,1
395,VECTOR_FIRST_HNSW,"[0.00,0.05)",22.971584,0.1,1
395,HNSW_HYBRID,"[0.00,0.05)",10.517625,1.0,1
395,IVFFLAT_HYBRID,"[0.00,0.05)",10.12125,1.0,1
395,SQL_FIRST,"[0.00,0.05)",9.904125,1.0,2
395,VECTOR_FIRST_HNSW,"[0.00,0.05)",22.932083,0.1,2
395,HNSW_HYBRID,"[0.00,0.05)",10.458417,1.0,2
395,IVFFLAT_HYBRID,"[0.00,0.05)",10.286542,1.0,2
395,SQL_FIRST,"[0.00,0.05)",9.969792,1.0,3
395,VECTOR_FIRST_HNSW,"[0.00,0.05)",22.829292,0.1,3
395,HNSW_HYBRID,"[0.00,0.05)",10.411208,1.0,3
395,IVFFLAT_HYBRID,"[0.00,0.05)",10.037167,1.0,3
395,SQL_FIRST,"[0.00,0.05)",10.023292,1.0,4
395,VECTOR_FIRST_HNSW,"[0.00,0.05)",22.882166,0.1,4
395,HNSW_HYBRID,"[0.00,0.05)",10.413,1.0,4
395,IVFFLAT_HYBRID,"[0.00,0.05)",9.86125,1.0,4
398,SQL_FIRST,"[0.00,0.05)",5.003083,1.0,0
398,VECTOR_FIRST_HNSW,"[0.00,0.05)",22.761334,0.1,0
398,HNSW_HYBRID,"[0.00,0.05)",5.480375,1.0,0
398,IVFFLAT_HYBRID,"[0.00,0.05)",5.175625,1.0,0
398,SQL_FIRST,"[0.00,0.05)",5.040917,1.0,1
398,VECTOR_FIRST_HNSW,"[0.00,0.05)",23.656334,0.1,1
398,HNSW_HYBRID,"[0.00,0.05)",5.581583,1.0,1
398,IVFFLAT_HYBRID,"[0.00,0.05)",4.956209,1.0,1
398,SQL_FIRST,"[0.00,0.05)",4.910916,1.0,2
398,VECTOR_FIRST_HNSW,"[0.00,0.05)",22.854041,0.1,2
398,HNSW_HYBRID,"[0.00,0.05)",5.579041,1.0,2
398,IVFFLAT_HYBRID,"[0.00,0.05)",5.016709,1.0,2
398,SQL_FIRST,"[0.00,0.05)",4.940875,1.0,3
398,VECTOR_FIRST_HNSW,"[0.00,0.05)",22.81,0.1,3
398,HNSW_HYBRID,"[0.00,0.05)",5.521292,1.0,3
398,IVFFLAT_HYBRID,"[0.00,0.05)",4.949875,1.0,3
398,SQL_FIRST,"[0.00,0.05)",4.909375,1.0,4
398,VECTOR_FIRST_HNSW,"[0.00,0.05)",23.304875,0.1,4
398,HNSW_HYBRID,"[0.00,0.05)",5.490084,1.0,4
398,IVFFLAT_HYBRID,"[0.00,0.05)",4.945583,1.0,4
399,SQL_FIRST,"[0.00,0.05)",9.506416,1.0,0
399,VECTOR_FIRST_HNSW,"[0.00,0.05)",26.965708,0.2,0
399,HNSW_HYBRID,"[0.00,0.05)",9.23675,1.0,0
399,IVFFLAT_HYBRID,"[0.00,0.05)",9.398875,1.0,0
399,SQL_FIRST,"[0.00,0.05)",9.020333,1.0,1
399,VECTOR_FIRST_HNSW,"[0.00,0.05)",22.955125,0.2,1
399,HNSW_HYBRID,"[0.00,0.05)",9.26625,1.0,1
399,IVFFLAT_HYBRID,"[0.00,0.05)",8.759625,1.0,1
399,SQL_FIRST,"[0.00,0.05)",9.057125,1.0,2
399,VECTOR_FIRST_HNSW,"[0.00,0.05)",22.938167,0.2,2
399,HNSW_HYBRID,"[0.00,0.05)",9.620125,1.0,2
399,IVFFLAT_HYBRID,"[0.00,0.05)",9.123917,1.0,2
399,SQL_FIRST,"[0.00,0.05)",8.925458,1.0,3
399,VECTOR_FIRST_HNSW,"[0.00,0.05)",23.028833,0.2,3
399,HNSW_HYBRID,"[0.00,0.05)",9.5105,1.0,3
399,IVFFLAT_HYBRID,"[0.00,0.05)",8.994584,1.0,3
399,SQL_FIRST,"[0.00,0.05)",9.393666,1.0,4
399,VECTOR_FIRST_HNSW,"[0.00,0.05)",22.844625,0.2,4
399,HNSW_HYBRID,"[0.00,0.05)",9.768709,1.0,4
399,IVFFLAT_HYBRID,"[0.00,0.05)",9.430708,1.0,4
400,SQL_FIRST,"[0.00,0.05)",9.695208,1.0,0
400,VECTOR_FIRST_HNSW,"[0.00,0.05)",23.075,0.1,0
400,HNSW_HYBRID,"[0.00,0.05)",9.577292,1.0,0
400,IVFFLAT_HYBRID,"[0.00,0.05)",8.78125,1.0,0
400,SQL_FIRST,"[0.00,0.05)",9.278,1.0,1
400,VECTOR_FIRST_HNSW,"[0.00,0.05)",22.969125,0.1,1
400,HNSW_HYBRID,"[0.00,0.05)",9.821666,1.0,1
400,IVFFLAT_HYBRID,"[0.00,0.05)",9.049417,1.0,1
400,SQL_FIRST,"[0.00,0.05)",8.989042,1.0,2
400,VECTOR_FIRST_HNSW,"[0.00,0.05)",23.04075,0.1,2
400,HNSW_HYBRID,"[0.00,0.05)",9.76725,1.0,2
400,IVFFLAT_HYBRID,"[0.00,0.05)",8.881292,1.0,2
400,SQL_FIRST,"[0.00,0.05)",9.352083,1.0,3
400,VECTOR_FIRST_HNSW,"[0.00,0.05)",23.054333,0.1,3
400,HNSW_HYBRID,"[0.00,0.05)",9.711041,1.0,3
400,IVFFLAT_HYBRID,"[0.00,0.05)",9.071792,1.0,3
400,SQL_FIRST,"[0.00,0.05)",9.161959,1.0,4
400,VECTOR_FIRST_HNSW,"[0.00,0.05)",23.281833,0.1,4
400,HNSW_HYBRID,"[0.00,0.05)",9.532292,1.0,4
400,IVFFLAT_HYBRID,"[0.00,0.05)",9.327375,1.0,4
401,SQL_FIRST,"[0.00,0.05)",8.500583,1.0,0
401,VECTOR_FIRST_HNSW,"[0.00,0.05)",23.019292,0.3,0
401,HNSW_HYBRID,"[0.00,0.05)",9.0435,1.0,0
401,IVFFLAT_HYBRID,"[0.00,0.05)",8.728333,1.0,0
401,SQL_FIRST,"[0.00,0.05)",8.407583,1.0,1
401,VECTOR_FIRST_HNSW,"[0.00,0.05)",22.832917,0.3,1
401,HNSW_HYBRID,"[0.00,0.05)",9.102375,1.0,1
401,IVFFLAT_HYBRID,"[0.00,0.05)",8.569333,1.0,1
401,SQL_FIRST,"[0.00,0.05)",8.808958,1.0,2
401,VECTOR_FIRST_HNSW,"[0.00,0.05)",22.957625,0.3,2
401,HNSW_HYBRID,"[0.00,0.05)",9.180083,1.0,2
401,IVFFLAT_HYBRID,"[0.00,0.05)",8.700834,1.0,2
401,SQL_FIRST,"[0.00,0.05)",8.756292,1.0,3
401,VECTOR_FIRST_HNSW,"[0.00,0.05)",22.940083,0.3,3
401,HNSW_HYBRID,"[0.00,0.05)",8.996167,1.0,3
401,IVFFLAT_HYBRID,"[0.00,0.05)",8.5085,1.0,3
401,SQL_FIRST,"[0.00,0.05)",9.019541,1.0,4
401,VECTOR_FIRST_HNSW,"[0.00,0.05)",23.698042,0.3,4
401,HNSW_HYBRID,"[0.00,0.05)",9.361917,1.0,4
401,IVFFLAT_HYBRID,"[0.00,0.05)",8.611708,1.0,4
403,SQL_FIRST,"[0.00,0.05)",6.164583,1.0,0
403,VECTOR_FIRST_HNSW,"[0.00,0.05)",22.811583,0.2,0
403,HNSW_HYBRID,"[0.00,0.05)",6.830208,1.0,0
403,IVFFLAT_HYBRID,"[0.00,0.05)",6.435792,1.0,0
403,SQL_FIRST,"[0.00,0.05)",6.889583,1.0,1
403,VECTOR_FIRST_HNSW,"[0.00,0.05)",23.199208,0.2,1
403,HNSW_HYBRID,"[0.00,0.05)",7.019291,1.0,1
403,IVFFLAT_HYBRID,"[0.00,0.05)",6.490625,1.0,1
403,SQL_FIRST,"[0.00,0.05)",6.40275,1.0,2
403,VECTOR_FIRST_HNSW,"[0.00,0.05)",22.920291,0.2,2
403,HNSW_HYBRID,"[0.00,0.05)",6.9415,1.0,2
403,IVFFLAT_HYBRID,"[0.00,0.05)",6.648833,1.0,2
403,SQL_FIRST,"[0.00,0.05)",6.546083,1.0,3
403,VECTOR_FIRST_HNSW,"[0.00,0.05)",23.121708,0.2,3
403,HNSW_HYBRID,"[0.00,0.05)",6.889375,1.0,3
403,IVFFLAT_HYBRID,"[0.00,0.05)",6.570167,1.0,3
403,SQL_FIRST,"[0.00,0.05)",6.267583,1.0,4
403,VECTOR_FIRST_HNSW,"[0.00,0.05)",22.972834,0.2,4
403,HNSW_HYBRID,"[0.00,0.05)",6.894958,1.0,4
403,IVFFLAT_HYBRID,"[0.00,0.05)",6.151666,1.0,4
404,SQL_FIRST,"[0.00,0.05)",7.023541,1.0,0
404,VECTOR_FIRST_HNSW,"[0.00,0.05)",22.862709,0.1,0
404,HNSW_HYBRID,"[0.00,0.05)",7.647166,1.0,0
404,IVFFLAT_HYBRID,"[0.00,0.05)",7.057083,1.0,0
404,SQL_FIRST,"[0.00,0.05)",7.499541,1.0,1
404,VECTOR_FIRST_HNSW,"[0.00,0.05)",22.879875,0.1,1
404,HNSW_HYBRID,"[0.00,0.05)",7.53375,1.0,1
404,IVFFLAT_HYBRID,"[0.00,0.05)",7.162833,1.0,1
404,SQL_FIRST,"[0.00,0.05)",6.863,1.0,2
404,VECTOR_FIRST_HNSW,"[0.00,0.05)",22.978791,0.1,2
404,HNSW_HYBRID,"[0.00,0.05)",7.547584,1.0,2
404,IVFFLAT_HYBRID,"[0.00,0.05)",6.867042,1.0,2
404,SQL_FIRST,"[0.00,0.05)",6.991666,1.0,3
404,VECTOR_FIRST_HNSW,"[0.00,0.05)",22.744584,0.1,3
404,HNSW_HYBRID,"[0.00,0.05)",7.61825,1.0,3
404,IVFFLAT_HYBRID,"[0.00,0.05)",7.338375,1.0,3
404,SQL_FIRST,"[0.00,0.05)",7.236833,1.0,4
404,VECTOR_FIRST_HNSW,"[0.00,0.05)",23.306041,0.1,4
404,HNSW_HYBRID,"[0.00,0.05)",7.471834,1.0,4
404,IVFFLAT_HYBRID,"[0.00,0.05)",6.728333,1.0,4
408,SQL_FIRST,"[0.00,0.05)",9.067833,1.0,0
408,VECTOR_FIRST_HNSW,"[0.00,0.05)",23.448416,0.4,0
408,HNSW_HYBRID,"[0.00,0.05)",9.931,1.0,0
408,IVFFLAT_HYBRID,"[0.00,0.05)",9.874459,1.0,0
408,SQL_FIRST,"[0.00,0.05)",9.835583,1.0,1
408,VECTOR_FIRST_HNSW,"[0.00,0.05)",23.764958,0.4,1
408,HNSW_HYBRID,"[0.00,0.05)",10.215292,1.0,1
408,IVFFLAT_HYBRID,"[0.00,0.05)",9.588792,1.0,1
408,SQL_FIRST,"[0.00,0.05)",9.442125,1.0,2
408,VECTOR_FIRST_HNSW,"[0.00,0.05)",22.839667,0.4,2
408,HNSW_HYBRID,"[0.00,0.05)",9.817333,1.0,2
408,IVFFLAT_HYBRID,"[0.00,0.05)",9.588041,1.0,2
408,SQL_FIRST,"[0.00,0.05)",9.496041,1.0,3
408,VECTOR_FIRST_HNSW,"[0.00,0.05)",22.887958,0.4,3
408,HNSW_HYBRID,"[0.00,0.05)",9.634625,1.0,3
408,IVFFLAT_HYBRID,"[0.00,0.05)",9.422375,1.0,3
408,SQL_FIRST,"[0.00,0.05)",9.691458,1.0,4
408,VECTOR_FIRST_HNSW,"[0.00,0.05)",22.875666,0.4,4
408,HNSW_HYBRID,"[0.00,0.05)",9.809667,1.0,4
408,IVFFLAT_HYBRID,"[0.00,0.05)",9.269458,1.0,4
409,SQL_FIRST,"[0.00,0.05)",8.174291,1.0,0
409,VECTOR_FIRST_HNSW,"[0.00,0.05)",22.93975,0.3,0
409,HNSW_HYBRID,"[0.00,0.05)",8.8525,1.0,0
409,IVFFLAT_HYBRID,"[0.00,0.05)",8.393708,1.0,0
409,SQL_FIRST,"[0.00,0.05)",8.07275,1.0,1
409,VECTOR_FIRST_HNSW,"[0.00,0.05)",22.841041,0.3,1
409,HNSW_HYBRID,"[0.00,0.05)",8.839542,1.0,1
409,IVFFLAT_HYBRID,"[0.00,0.05)",8.622041,1.0,1
409,SQL_FIRST,"[0.00,0.05)",8.497458,1.0,2
409,VECTOR_FIRST_HNSW,"[0.00,0.05)",23.367208,0.3,2
409,HNSW_HYBRID,"[0.00,0.05)",8.683958,1.0,2
409,IVFFLAT_HYBRID,"[0.00,0.05)",8.0535,1.0,2
409,SQL_FIRST,"[0.00,0.05)",8.137208,1.0,3
409,VECTOR_FIRST_HNSW,"[0.00,0.05)",22.914875,0.3,3
409,HNSW_HYBRID,"[0.00,0.05)",8.784042,1.0,3
409,IVFFLAT_HYBRID,"[0.00,0.05)",8.5995,1.0,3
409,SQL_FIRST,"[0.00,0.05)",8.145625,1.0,4
409,VECTOR_FIRST_HNSW,"[0.00,0.05)",22.694083,0.3,4
409,HNSW_HYBRID,"[0.00,0.05)",9.028625,1.0,4
409,IVFFLAT_HYBRID,"[0.00,0.05)",8.494542,1.0,4
411,SQL_FIRST,"[0.00,0.05)",8.563375,1.0,0
411,VECTOR_FIRST_HNSW,"[0.00,0.05)",23.541125,0.2,0
411,HNSW_HYBRID,"[0.00,0.05)",9.063,1.0,0
411,IVFFLAT_HYBRID,"[0.00,0.05)",8.51875,1.0,0
411,SQL_FIRST,"[0.00,0.05)",8.5705,1.0,1
411,VECTOR_FIRST_HNSW,"[0.00,0.05)",23.013791,0.2,1
411,HNSW_HYBRID,"[0.00,0.05)",9.209416,1.0,1
411,IVFFLAT_HYBRID,"[0.00,0.05)",8.723375,1.0,1
411,SQL_FIRST,"[0.00,0.05)",8.511917,1.0,2
411,VECTOR_FIRST_HNSW,"[0.00,0.05)",22.927917,0.2,2
411,HNSW_HYBRID,"[0.00,0.05)",9.253625,1.0,2
411,IVFFLAT_HYBRID,"[0.00,0.05)",8.6265,1.0,2
411,SQL_FIRST,"[0.00,0.05)",8.812709,1.0,3
411,VECTOR_FIRST_HNSW,"[0.00,0.05)",22.732333,0.2,3
411,HNSW_HYBRID,"[0.00,0.05)",9.3695,1.0,3
411,IVFFLAT_HYBRID,"[0.00,0.05)",8.683708,1.0,3
411,SQL_FIRST,"[0.00,0.05)",8.646834,1.0,4
411,VECTOR_FIRST_HNSW,"[0.00,0.05)",22.932,0.2,4
411,HNSW_HYBRID,"[0.00,0.05)",9.098333,1.0,4
411,IVFFLAT_HYBRID,"[0.00,0.05)",8.321625,1.0,4
422,SQL_FIRST,"[0.00,0.05)",8.783917,1.0,0
422,VECTOR_FIRST_HNSW,"[0.00,0.05)",23.472916,0.4,0
422,HNSW_HYBRID,"[0.00,0.05)",9.631292,1.0,0
422,IVFFLAT_HYBRID,"[0.00,0.05)",9.206,1.0,0
422,SQL_FIRST,"[0.00,0.05)",8.899833,1.0,1
422,VECTOR_FIRST_HNSW,"[0.00,0.05)",22.894083,0.4,1
422,HNSW_HYBRID,"[0.00,0.05)",9.495167,1.0,1
422,IVFFLAT_HYBRID,"[0.00,0.05)",9.066959,1.0,1
422,SQL_FIRST,"[0.00,0.05)",8.916916,1.0,2
422,VECTOR_FIRST_HNSW,"[0.00,0.05)",22.916666,0.4,2
422,HNSW_HYBRID,"[0.00,0.05)",9.1495,1.0,2
422,IVFFLAT_HYBRID,"[0.00,0.05)",9.351167,1.0,2
422,SQL_FIRST,"[0.00,0.05)",9.470417,1.0,3
422,VECTOR_FIRST_HNSW,"[0.00,0.05)",23.418542,0.4,3
422,HNSW_HYBRID,"[0.00,0.05)",9.608083,1.0,3
422,IVFFLAT_HYBRID,"[0.00,0.05)",8.944791,1.0,3
422,SQL_FIRST,"[0.00,0.05)",9.675958,1.0,4
422,VECTOR_FIRST_HNSW,"[0.00,0.05)",23.711708,0.4,4
422,HNSW_HYBRID,"[0.00,0.05)",9.6345,1.0,4
422,IVFFLAT_HYBRID,"[0.00,0.05)",8.896375,1.0,4
426,SQL_FIRST,"[0.00,0.05)",9.443333,1.0,0
426,VECTOR_FIRST_HNSW,"[0.00,0.05)",22.955916,0.6,0
426,HNSW_HYBRID,"[0.00,0.05)",10.342834,1.0,0
426,IVFFLAT_HYBRID,"[0.00,0.05)",9.577625,1.0,0
426,SQL_FIRST,"[0.00,0.05)",9.46475,1.0,1
426,VECTOR_FIRST_HNSW,"[0.00,0.05)",29.297625,0.6,1
426,HNSW_HYBRID,"[0.00,0.05)",15.253583,1.0,1
426,IVFFLAT_HYBRID,"[0.00,0.05)",13.754209,1.0,1
426,SQL_FIRST,"[0.00,0.05)",15.891167,1.0,2
426,VECTOR_FIRST_HNSW,"[0.00,0.05)",46.345917,0.6,2
426,HNSW_HYBRID,"[0.00,0.05)",14.510041,1.0,2
426,IVFFLAT_HYBRID,"[0.00,0.05)",13.784209,1.0,2
426,SQL_FIRST,"[0.00,0.05)",14.938458,1.0,3
426,VECTOR_FIRST_HNSW,"[0.00,0.05)",44.797709,0.6,3
426,HNSW_HYBRID,"[0.00,0.05)",10.707208,1.0,3
426,IVFFLAT_HYBRID,"[0.00,0.05)",9.72725,1.0,3
426,SQL_FIRST,"[0.00,0.05)",9.808708,1.0,4
426,VECTOR_FIRST_HNSW,"[0.00,0.05)",23.212292,0.6,4
426,HNSW_HYBRID,"[0.00,0.05)",9.824125,1.0,4
426,IVFFLAT_HYBRID,"[0.00,0.05)",9.271167,1.0,4
427,SQL_FIRST,"[0.00,0.05)",7.337667,1.0,0
427,VECTOR_FIRST_HNSW,"[0.00,0.05)",23.043209,0.4,0
427,HNSW_HYBRID,"[0.00,0.05)",7.48525,1.0,0
427,IVFFLAT_HYBRID,"[0.00,0.05)",6.797125,1.0,0
427,SQL_FIRST,"[0.00,0.05)",6.639167,1.0,1
427,VECTOR_FIRST_HNSW,"[0.00,0.05)",23.441333,0.4,1
427,HNSW_HYBRID,"[0.00,0.05)",7.283042,1.0,1
427,IVFFLAT_HYBRID,"[0.00,0.05)",6.903666,1.0,1
427,SQL_FIRST,"[0.00,0.05)",6.63075,1.0,2
427,VECTOR_FIRST_HNSW,"[0.00,0.05)",23.100917,0.4,2
427,HNSW_HYBRID,"[0.00,0.05)",7.399584,1.0,2
427,IVFFLAT_HYBRID,"[0.00,0.05)",7.110125,1.0,2
427,SQL_FIRST,"[0.00,0.05)",6.8425,1.0,3
427,VECTOR_FIRST_HNSW,"[0.00,0.05)",23.5345,0.4,3
427,HNSW_HYBRID,"[0.00,0.05)",7.411209,1.0,3
427,IVFFLAT_HYBRID,"[0.00,0.05)",6.769208,1.0,3
427,SQL_FIRST,"[0.00,0.05)",6.853375,1.0,4
427,VECTOR_FIRST_HNSW,"[0.00,0.05)",22.954959,0.4,4
427,HNSW_HYBRID,"[0.00,0.05)",7.416917,1.0,4
427,IVFFLAT_HYBRID,"[0.00,0.05)",6.686958,1.0,4
428,SQL_FIRST,"[0.00,0.05)",8.891708,1.0,0
428,VECTOR_FIRST_HNSW,"[0.00,0.05)",26.74175,0.2,0
428,HNSW_HYBRID,"[0.00,0.05)",9.36325,1.0,0
428,IVFFLAT_HYBRID,"[0.00,0.05)",9.009583,1.0,0
428,SQL_FIRST,"[0.00,0.05)",8.846458,1.0,1
428,VECTOR_FIRST_HNSW,"[0.00,0.05)",22.876209,0.2,1
428,HNSW_HYBRID,"[0.00,0.05)",9.275084,1.0,1
428,IVFFLAT_HYBRID,"[0.00,0.05)",9.657125,1.0,1
428,SQL_FIRST,"[0.00,0.05)",9.291958,1.0,2
428,VECTOR_FIRST_HNSW,"[0.00,0.05)",22.983667,0.2,2
428,HNSW_HYBRID,"[0.00,0.05)",9.178875,1.0,2
428,IVFFLAT_HYBRID,"[0.00,0.05)",9.315,1.0,2
428,SQL_FIRST,"[0.00,0.05)",8.967417,1.0,3
428,VECTOR_FIRST_HNSW,"[0.00,0.05)",23.020417,0.2,3
428,HNSW_HYBRID,"[0.00,0.05)",9.252709,1.0,3
428,IVFFLAT_HYBRID,"[0.00,0.05)",8.600542,1.0,3
428,SQL_FIRST,"[0.00,0.05)",8.7835,1.0,4
428,VECTOR_FIRST_HNSW,"[0.00,0.05)",24.163292,0.2,4
428,HNSW_HYBRID,"[0.00,0.05)",9.389958,1.0,4
428,IVFFLAT_HYBRID,"[0.00,0.05)",9.439791,1.0,4
431,SQL_FIRST,"[0.00,0.05)",6.688959,1.0,0
431,VECTOR_FIRST_HNSW,"[0.00,0.05)",22.995209,0.2,0
431,HNSW_HYBRID,"[0.00,0.05)",7.261958,1.0,0
431,IVFFLAT_HYBRID,"[0.00,0.05)",8.129,1.0,0
431,SQL_FIRST,"[0.00,0.05)",6.792334,1.0,1
431,VECTOR_FIRST_HNSW,"[0.00,0.05)",23.117208,0.2,1
431,HNSW_HYBRID,"[0.00,0.05)",7.341834,1.0,1
431,IVFFLAT_HYBRID,"[0.00,0.05)",6.773208,1.0,1
431,SQL_FIRST,"[0.00,0.05)",6.573708,1.0,2
431,VECTOR_FIRST_HNSW,"[0.00,0.05)",23.055917,0.2,2
431,HNSW_HYBRID,"[0.00,0.05)",7.378084,1.0,2
431,IVFFLAT_HYBRID,"[0.00,0.05)",6.758125,1.0,2
431,SQL_FIRST,"[0.00,0.05)",6.856666,1.0,3
431,VECTOR_FIRST_HNSW,"[0.00,0.05)",22.974583,0.2,3
431,HNSW_HYBRID,"[0.00,0.05)",7.505125,1.0,3
431,IVFFLAT_HYBRID,"[0.00,0.05)",6.867,1.0,3
431,SQL_FIRST,"[0.00,0.05)",6.909667,1.0,4
431,VECTOR_FIRST_HNSW,"[0.00,0.05)",22.949167,0.2,4
431,HNSW_HYBRID,"[0.00,0.05)",7.401208,1.0,4
431,IVFFLAT_HYBRID,"[0.00,0.05)",6.742792,1.0,4
433,SQL_FIRST,"[0.00,0.05)",6.145959,1.0,0
433,VECTOR_FIRST_HNSW,"[0.00,0.05)",22.813125,0.0,0
433,HNSW_HYBRID,"[0.00,0.05)",6.8765,1.0,0
433,IVFFLAT_HYBRID,"[0.00,0.05)",6.078167,1.0,0
433,SQL_FIRST,"[0.00,0.05)",6.5915,1.0,1
433,VECTOR_FIRST_HNSW,"[0.00,0.05)",23.241333,0.0,1
433,HNSW_HYBRID,"[0.00,0.05)",6.537541,1.0,1
433,IVFFLAT_HYBRID,"[0.00,0.05)",6.103167,1.0,1
433,SQL_FIRST,"[0.00,0.05)",5.98725,1.0,2
433,VECTOR_FIRST_HNSW,"[0.00,0.05)",23.008,0.0,2
433,HNSW_HYBRID,"[0.00,0.05)",6.635875,1.0,2
433,IVFFLAT_HYBRID,"[0.00,0.05)",5.930958,1.0,2
433,SQL_FIRST,"[0.00,0.05)",6.190583,1.0,3
433,VECTOR_FIRST_HNSW,"[0.00,0.05)",22.725791,0.0,3
433,HNSW_HYBRID,"[0.00,0.05)",6.764292,1.0,3
433,IVFFLAT_HYBRID,"[0.00,0.05)",6.20225,1.0,3
433,SQL_FIRST,"[0.00,0.05)",6.581,1.0,4
433,VECTOR_FIRST_HNSW,"[0.00,0.05)",23.567084,0.0,4
433,HNSW_HYBRID,"[0.00,0.05)",6.832458,1.0,4
433,IVFFLAT_HYBRID,"[0.00,0.05)",6.383459,1.0,4
434,SQL_FIRST,"[0.00,0.05)",7.991583,1.0,0
434,VECTOR_FIRST_HNSW,"[0.00,0.05)",23.2935,0.3,0
434,HNSW_HYBRID,"[0.00,0.05)",8.456792,1.0,0
434,IVFFLAT_HYBRID,"[0.00,0.05)",7.915458,1.0,0
434,SQL_FIRST,"[0.00,0.05)",7.819584,1.0,1
434,VECTOR_FIRST_HNSW,"[0.00,0.05)",22.8555,0.3,1
434,HNSW_HYBRID,"[0.00,0.05)",8.374791,1.0,1
434,IVFFLAT_HYBRID,"[0.00,0.05)",8.014292,1.0,1
434,SQL_FIRST,"[0.00,0.05)",8.014584,1.0,2
434,VECTOR_FIRST_HNSW,"[0.00,0.05)",22.892125,0.3,2
434,HNSW_HYBRID,"[0.00,0.05)",8.367917,1.0,2
434,IVFFLAT_HYBRID,"[0.00,0.05)",7.90175,1.0,2
434,SQL_FIRST,"[0.00,0.05)",7.636375,1.0,3
434,VECTOR_FIRST_HNSW,"[0.00,0.05)",23.536458,0.3,3
434,HNSW_HYBRID,"[0.00,0.05)",8.438125,1.0,3
434,IVFFLAT_HYBRID,"[0.00,0.05)",7.900625,1.0,3
434,SQL_FIRST,"[0.00,0.05)",7.950958,1.0,4
434,VECTOR_FIRST_HNSW,"[0.00,0.05)",22.880709,0.3,4
434,HNSW_HYBRID,"[0.00,0.05)",8.560042,1.0,4
434,IVFFLAT_HYBRID,"[0.00,0.05)",8.896708,1.0,4
439,SQL_FIRST,"[0.00,0.05)",5.103875,1.0,0
439,VECTOR_FIRST_HNSW,"[0.00,0.05)",23.488125,0.1,0
439,HNSW_HYBRID,"[0.00,0.05)",5.908792,1.0,0
439,IVFFLAT_HYBRID,"[0.00,0.05)",5.174125,1.0,0
439,SQL_FIRST,"[0.00,0.05)",5.439416,1.0,1
439,VECTOR_FIRST_HNSW,"[0.00,0.05)",22.793875,0.1,1
439,HNSW_HYBRID,"[0.00,0.05)",5.876292,1.0,1
439,IVFFLAT_HYBRID,"[0.00,0.05)",5.363541,1.0,1
439,SQL_FIRST,"[0.00,0.05)",5.167792,1.0,2
439,VECTOR_FIRST_HNSW,"[0.00,0.05)",22.97225,0.1,2
439,HNSW_HYBRID,"[0.00,0.05)",5.694709,1.0,2
439,IVFFLAT_HYBRID,"[0.00,0.05)",5.120084,1.0,2
439,SQL_FIRST,"[0.00,0.05)",5.169041,1.0,3
439,VECTOR_FIRST_HNSW,"[0.00,0.05)",23.381209,0.1,3
439,HNSW_HYBRID,"[0.00,0.05)",5.945583,1.0,3
439,IVFFLAT_HYBRID,"[0.00,0.05)",5.235709,1.0,3
439,SQL_FIRST,"[0.00,0.05)",5.275666,1.0,4
439,VECTOR_FIRST_HNSW,"[0.00,0.05)",23.5565,0.1,4
439,HNSW_HYBRID,"[0.00,0.05)",5.612708,1.0,4
439,IVFFLAT_HYBRID,"[0.00,0.05)",5.123917,1.0,4
441,SQL_FIRST,"[0.00,0.05)",9.05425,1.0,0
441,VECTOR_FIRST_HNSW,"[0.00,0.05)",22.962833,0.2,0
441,HNSW_HYBRID,"[0.00,0.05)",9.584959,1.0,0
441,IVFFLAT_HYBRID,"[0.00,0.05)",9.1965,1.0,0
441,SQL_FIRST,"[0.00,0.05)",8.908292,1.0,1
441,VECTOR_FIRST_HNSW,"[0.00,0.05)",22.86075,0.2,1
441,HNSW_HYBRID,"[0.00,0.05)",9.51425,1.0,1
441,IVFFLAT_HYBRID,"[0.00,0.05)",9.182958,1.0,1
441,SQL_FIRST,"[0.00,0.05)",9.1365,1.0,2
441,VECTOR_FIRST_HNSW,"[0.00,0.05)",22.865292,0.2,2
441,HNSW_HYBRID,"[0.00,0.05)",9.278625,1.0,2
441,IVFFLAT_HYBRID,"[0.00,0.05)",9.48125,1.0,2
441,SQL_FIRST,"[0.00,0.05)",9.070375,1.0,3
441,VECTOR_FIRST_HNSW,"[0.00,0.05)",22.949833,0.2,3
441,HNSW_HYBRID,"[0.00,0.05)",9.46475,1.0,3
441,IVFFLAT_HYBRID,"[0.00,0.05)",8.693791,1.0,3
441,SQL_FIRST,"[0.00,0.05)",8.900167,1.0,4
441,VECTOR_FIRST_HNSW,"[0.00,0.05)",23.353625,0.2,4
441,HNSW_HYBRID,"[0.00,0.05)",10.247834,1.0,4
441,IVFFLAT_HYBRID,"[0.00,0.05)",10.0025,1.0,4
443,SQL_FIRST,"[0.00,0.05)",10.55375,1.0,0
443,VECTOR_FIRST_HNSW,"[0.00,0.05)",23.027666,0.3,0
443,HNSW_HYBRID,"[0.00,0.05)",11.026,1.0,0
443,IVFFLAT_HYBRID,"[0.00,0.05)",10.54175,1.0,0
443,SQL_FIRST,"[0.00,0.05)",10.634792,1.0,1
443,VECTOR_FIRST_HNSW,"[0.00,0.05)",22.977875,0.3,1
443,HNSW_HYBRID,"[0.00,0.05)",11.030208,1.0,1
443,IVFFLAT_HYBRID,"[0.00,0.05)",10.860875,1.0,1
443,SQL_FIRST,"[0.00,0.05)",10.513458,1.0,2
443,VECTOR_FIRST_HNSW,"[0.00,0.05)",23.379875,0.3,2
443,HNSW_HYBRID,"[0.00,0.05)",10.959334,1.0,2
443,IVFFLAT_HYBRID,"[0.00,0.05)",11.20875,1.0,2
443,SQL_FIRST,"[0.00,0.05)",11.114041,1.0,3
443,VECTOR_FIRST_HNSW,"[0.00,0.05)",22.984917,0.3,3
443,HNSW_HYBRID,"[0.00,0.05)",10.966792,1.0,3
443,IVFFLAT_HYBRID,"[0.00,0.05)",10.844208,1.0,3
443,SQL_FIRST,"[0.00,0.05)",10.713625,1.0,4
443,VECTOR_FIRST_HNSW,"[0.00,0.05)",22.976333,0.3,4
443,HNSW_HYBRID,"[0.00,0.05)",10.93875,1.0,4
443,IVFFLAT_HYBRID,"[0.00,0.05)",10.468917,1.0,4
448,SQL_FIRST,"[0.00,0.05)",4.69175,1.0,0
448,VECTOR_FIRST_HNSW,"[0.00,0.05)",22.72275,0.0,0
448,HNSW_HYBRID,"[0.00,0.05)",5.199083,1.0,0
448,IVFFLAT_HYBRID,"[0.00,0.05)",4.756958,1.0,0
448,SQL_FIRST,"[0.00,0.05)",4.640458,1.0,1
448,VECTOR_FIRST_HNSW,"[0.00,0.05)",22.855416,0.0,1
448,HNSW_HYBRID,"[0.00,0.05)",5.052667,1.0,1
448,IVFFLAT_HYBRID,"[0.00,0.05)",4.562209,1.0,1
448,SQL_FIRST,"[0.00,0.05)",4.601583,1.0,2
448,VECTOR_FIRST_HNSW,"[0.00,0.05)",23.4335,0.0,2
448,HNSW_HYBRID,"[0.00,0.05)",5.098875,1.0,2
448,IVFFLAT_HYBRID,"[0.00,0.05)",4.667458,1.0,2
448,SQL_FIRST,"[0.00,0.05)",4.600459,1.0,3
448,VECTOR_FIRST_HNSW,"[0.00,0.05)",23.007125,0.0,3
448,HNSW_HYBRID,"[0.00,0.05)",5.1025,1.0,3
448,IVFFLAT_HYBRID,"[0.00,0.05)",4.567458,1.0,3
448,SQL_FIRST,"[0.00,0.05)",4.58825,1.0,4
448,VECTOR_FIRST_HNSW,"[0.00,0.05)",23.188375,0.0,4
448,HNSW_HYBRID,"[0.00,0.05)",5.228958,1.0,4
448,IVFFLAT_HYBRID,"[0.00,0.05)",4.773542,1.0,4
449,SQL_FIRST,"[0.00,0.05)",7.94225,1.0,0
449,VECTOR_FIRST_HNSW,"[0.00,0.05)",22.984708,0.2,0
449,HNSW_HYBRID,"[0.00,0.05)",8.49475,1.0,0
449,IVFFLAT_HYBRID,"[0.00,0.05)",7.679458,1.0,0
449,SQL_FIRST,"[0.00,0.05)",7.8905,1.0,1
449,VECTOR_FIRST_HNSW,"[0.00,0.05)",23.524917,0.2,1
449,HNSW_HYBRID,"[0.00,0.05)",8.65525,1.0,1
449,IVFFLAT_HYBRID,"[0.00,0.05)",8.5845,1.0,1
449,SQL_FIRST,"[0.00,0.05)",8.1425,1.0,2
449,VECTOR_FIRST_HNSW,"[0.00,0.05)",22.94925,0.2,2
449,HNSW_HYBRID,"[0.00,0.05)",8.89175,1.0,2
449,IVFFLAT_HYBRID,"[0.00,0.05)",8.198042,1.0,2
449,SQL_FIRST,"[0.00,0.05)",8.005958,1.0,3
449,VECTOR_FIRST_HNSW,"[0.00,0.05)",23.0515,0.2,3
449,HNSW_HYBRID,"[0.00,0.05)",8.624959,1.0,3
449,IVFFLAT_HYBRID,"[0.00,0.05)",8.008167,1.0,3
449,SQL_FIRST,"[0.00,0.05)",7.8625,1.0,4
449,VECTOR_FIRST_HNSW,"[0.00,0.05)",22.889833,0.2,4
449,HNSW_HYBRID,"[0.00,0.05)",8.504625,1.0,4
449,IVFFLAT_HYBRID,"[0.00,0.05)",7.658416,1.0,4
451,SQL_FIRST,"[0.00,0.05)",9.86725,1.0,0
451,VECTOR_FIRST_HNSW,"[0.00,0.05)",23.056417,0.2,0
451,HNSW_HYBRID,"[0.00,0.05)",10.631625,1.0,0
451,IVFFLAT_HYBRID,"[0.00,0.05)",10.501958,1.0,0
451,SQL_FIRST,"[0.00,0.05)",9.956334,1.0,1
451,VECTOR_FIRST_HNSW,"[0.00,0.05)",22.96225,0.2,1
451,HNSW_HYBRID,"[0.00,0.05)",10.548584,1.0,1
451,IVFFLAT_HYBRID,"[0.00,0.05)",10.058917,1.0,1
451,SQL_FIRST,"[0.00,0.05)",10.282625,1.0,2
451,VECTOR_FIRST_HNSW,"[0.00,0.05)",22.885416,0.2,2
451,HNSW_HYBRID,"[0.00,0.05)",10.856584,1.0,2
451,IVFFLAT_HYBRID,"[0.00,0.05)",10.596375,1.0,2
451,SQL_FIRST,"[0.00,0.05)",10.588583,1.0,3
451,VECTOR_FIRST_HNSW,"[0.00,0.05)",22.838917,0.2,3
451,HNSW_HYBRID,"[0.00,0.05)",10.423125,1.0,3
451,IVFFLAT_HYBRID,"[0.00,0.05)",10.397875,1.0,3
451,SQL_FIRST,"[0.00,0.05)",10.070667,1.0,4
451,VECTOR_FIRST_HNSW,"[0.00,0.05)",22.965666,0.2,4
451,HNSW_HYBRID,"[0.00,0.05)",10.4615,1.0,4
451,IVFFLAT_HYBRID,"[0.00,0.05)",10.204709,1.0,4
453,SQL_FIRST,"[0.00,0.05)",6.386458,1.0,0
453,VECTOR_FIRST_HNSW,"[0.00,0.05)",22.90825,0.3,0
453,HNSW_HYBRID,"[0.00,0.05)",6.865416,1.0,0
453,IVFFLAT_HYBRID,"[0.00,0.05)",6.615375,1.0,0
453,SQL_FIRST,"[0.00,0.05)",6.233209,1.0,1
453,VECTOR_FIRST_HNSW,"[0.00,0.05)",22.832958,0.3,1
453,HNSW_HYBRID,"[0.00,0.05)",6.695458,1.0,1
453,IVFFLAT_HYBRID,"[0.00,0.05)",6.115375,1.0,1
453,SQL_FIRST,"[0.00,0.05)",6.25325,1.0,2
453,VECTOR_FIRST_HNSW,"[0.00,0.05)",22.95725,0.3,2
453,HNSW_HYBRID,"[0.00,0.05)",6.712,1.0,2
453,IVFFLAT_HYBRID,"[0.00,0.05)",6.300584,1.0,2
453,SQL_FIRST,"[0.00,0.05)",6.036791,1.0,3
453,VECTOR_FIRST_HNSW,"[0.00,0.05)",22.914667,0.3,3
453,HNSW_HYBRID,"[0.00,0.05)",6.8025,1.0,3
453,IVFFLAT_HYBRID,"[0.00,0.05)",6.211875,1.0,3
453,SQL_FIRST,"[0.00,0.05)",6.0785,1.0,4
453,VECTOR_FIRST_HNSW,"[0.00,0.05)",22.862417,0.3,4
453,HNSW_HYBRID,"[0.00,0.05)",6.739709,1.0,4
453,IVFFLAT_HYBRID,"[0.00,0.05)",6.023083,1.0,4
454,SQL_FIRST,"[0.00,0.05)",7.758583,1.0,0
454,VECTOR_FIRST_HNSW,"[0.00,0.05)",23.200667,0.1,0
454,HNSW_HYBRID,"[0.00,0.05)",9.139459,1.0,0
454,IVFFLAT_HYBRID,"[0.00,0.05)",8.333458,1.0,0
454,SQL_FIRST,"[0.00,0.05)",7.746375,1.0,1
454,VECTOR_FIRST_HNSW,"[0.00,0.05)",24.688334,0.1,1
454,HNSW_HYBRID,"[0.00,0.05)",8.367417,1.0,1
454,IVFFLAT_HYBRID,"[0.00,0.05)",7.925416,1.0,1
454,SQL_FIRST,"[0.00,0.05)",8.052375,1.0,2
454,VECTOR_FIRST_HNSW,"[0.00,0.05)",23.208,0.1,2
454,HNSW_HYBRID,"[0.00,0.05)",8.468584,1.0,2
454,IVFFLAT_HYBRID,"[0.00,0.05)",7.754292,1.0,2
454,SQL_FIRST,"[0.00,0.05)",7.710333,1.0,3
454,VECTOR_FIRST_HNSW,"[0.00,0.05)",22.910083,0.1,3
454,HNSW_HYBRID,"[0.00,0.05)",8.330916,1.0,3
454,IVFFLAT_HYBRID,"[0.00,0.05)",7.955292,1.0,3
454,SQL_FIRST,"[0.00,0.05)",7.537333,1.0,4
454,VECTOR_FIRST_HNSW,"[0.00,0.05)",23.214791,0.1,4
454,HNSW_HYBRID,"[0.00,0.05)",8.565583,1.0,4
454,IVFFLAT_HYBRID,"[0.00,0.05)",8.138833,1.0,4
457,SQL_FIRST,"[0.00,0.05)",9.098833,1.0,0
457,VECTOR_FIRST_HNSW,"[0.00,0.05)",23.818584,0.7,0
457,HNSW_HYBRID,"[0.00,0.05)",9.30275,1.0,0
457,IVFFLAT_HYBRID,"[0.00,0.05)",8.609958,1.0,0
457,SQL_FIRST,"[0.00,0.05)",9.846125,1.0,1
457,VECTOR_FIRST_HNSW,"[0.00,0.05)",22.995,0.7,1
457,HNSW_HYBRID,"[0.00,0.05)",9.687167,1.0,1
457,IVFFLAT_HYBRID,"[0.00,0.05)",8.987208,1.0,1
457,SQL_FIRST,"[0.00,0.05)",8.66625,1.0,2
457,VECTOR_FIRST_HNSW,"[0.00,0.05)",22.95,0.7,2
457,HNSW_HYBRID,"[0.00,0.05)",9.408958,1.0,2
457,IVFFLAT_HYBRID,"[0.00,0.05)",8.987083,1.0,2
457,SQL_FIRST,"[0.00,0.05)",9.023458,1.0,3
457,VECTOR_FIRST_HNSW,"[0.00,0.05)",22.830125,0.7,3
457,HNSW_HYBRID,"[0.00,0.05)",9.42325,1.0,3
457,IVFFLAT_HYBRID,"[0.00,0.05)",9.09925,1.0,3
457,SQL_FIRST,"[0.00,0.05)",8.951917,1.0,4
457,VECTOR_FIRST_HNSW,"[0.00,0.05)",22.882,0.7,4
457,HNSW_HYBRID,"[0.00,0.05)",9.152125,1.0,4
457,IVFFLAT_HYBRID,"[0.00,0.05)",9.553917,1.0,4
461,SQL_FIRST,"[0.00,0.05)",11.067,1.0,0
461,VECTOR_FIRST_HNSW,"[0.00,0.05)",23.631458,0.1,0
461,HNSW_HYBRID,"[0.00,0.05)",10.200416,1.0,0
461,IVFFLAT_HYBRID,"[0.00,0.05)",9.592083,1.0,0
461,SQL_FIRST,"[0.00,0.05)",9.798625,1.0,1
461,VECTOR_FIRST_HNSW,"[0.00,0.05)",22.946125,0.1,1
461,HNSW_HYBRID,"[0.00,0.05)",10.092667,1.0,1
461,IVFFLAT_HYBRID,"[0.00,0.05)",9.95525,1.0,1
461,SQL_FIRST,"[0.00,0.05)",9.369625,1.0,2
461,VECTOR_FIRST_HNSW,"[0.00,0.05)",22.764459,0.1,2
461,HNSW_HYBRID,"[0.00,0.05)",10.419166,1.0,2
461,IVFFLAT_HYBRID,"[0.00,0.05)",9.850083,1.0,2
461,SQL_FIRST,"[0.00,0.05)",9.972333,1.0,3
461,VECTOR_FIRST_HNSW,"[0.00,0.05)",23.265208,0.1,3
461,HNSW_HYBRID,"[0.00,0.05)",10.489916,1.0,3
461,IVFFLAT_HYBRID,"[0.00,0.05)",9.697667,1.0,3
461,SQL_FIRST,"[0.00,0.05)",9.959208,1.0,4
461,VECTOR_FIRST_HNSW,"[0.00,0.05)",23.145958,0.1,4
461,HNSW_HYBRID,"[0.00,0.05)",10.166125,1.0,4
461,IVFFLAT_HYBRID,"[0.00,0.05)",9.570334,1.0,4
463,SQL_FIRST,"[0.00,0.05)",8.50275,1.0,0
463,VECTOR_FIRST_HNSW,"[0.00,0.05)",22.87725,0.1,0
463,HNSW_HYBRID,"[0.00,0.05)",9.15025,1.0,0
463,IVFFLAT_HYBRID,"[0.00,0.05)",9.097625,1.0,0
463,SQL_FIRST,"[0.00,0.05)",8.338042,1.0,1
463,VECTOR_FIRST_HNSW,"[0.00,0.05)",22.77825,0.1,1
463,HNSW_HYBRID,"[0.00,0.05)",9.070333,1.0,1
463,IVFFLAT_HYBRID,"[0.00,0.05)",8.780208,1.0,1
463,SQL_FIRST,"[0.00,0.05)",8.762667,1.0,2
463,VECTOR_FIRST_HNSW,"[0.00,0.05)",22.847042,0.1,2
463,HNSW_HYBRID,"[0.00,0.05)",9.155709,1.0,2
463,IVFFLAT_HYBRID,"[0.00,0.05)",8.958417,1.0,2
463,SQL_FIRST,"[0.00,0.05)",9.014375,1.0,3
463,VECTOR_FIRST_HNSW,"[0.00,0.05)",22.951542,0.1,3
463,HNSW_HYBRID,"[0.00,0.05)",9.28025,1.0,3
463,IVFFLAT_HYBRID,"[0.00,0.05)",8.542958,1.0,3
463,SQL_FIRST,"[0.00,0.05)",10.147459,1.0,4
463,VECTOR_FIRST_HNSW,"[0.00,0.05)",23.496291,0.1,4
463,HNSW_HYBRID,"[0.00,0.05)",9.4295,1.0,4
463,IVFFLAT_HYBRID,"[0.00,0.05)",8.478333,1.0,4
465,SQL_FIRST,"[0.00,0.05)",8.8985,1.0,0
465,VECTOR_FIRST_HNSW,"[0.00,0.05)",22.889541,0.5,0
465,HNSW_HYBRID,"[0.00,0.05)",9.2405,1.0,0
465,IVFFLAT_HYBRID,"[0.00,0.05)",9.243125,1.0,0
465,SQL_FIRST,"[0.00,0.05)",8.641041,1.0,1
465,VECTOR_FIRST_HNSW,"[0.00,0.05)",23.43325,0.5,1
465,HNSW_HYBRID,"[0.00,0.05)",8.814542,1.0,1
465,IVFFLAT_HYBRID,"[0.00,0.05)",8.485666,1.0,1
465,SQL_FIRST,"[0.00,0.05)",8.693208,1.0,2
465,VECTOR_FIRST_HNSW,"[0.00,0.05)",23.3735,0.5,2
465,HNSW_HYBRID,"[0.00,0.05)",8.979583,1.0,2
465,IVFFLAT_HYBRID,"[0.00,0.05)",8.527208,1.0,2
465,SQL_FIRST,"[0.00,0.05)",8.156792,1.0,3
465,VECTOR_FIRST_HNSW,"[0.00,0.05)",22.953083,0.5,3
465,HNSW_HYBRID,"[0.00,0.05)",9.062833,1.0,3
465,IVFFLAT_HYBRID,"[0.00,0.05)",8.862375,1.0,3
465,SQL_FIRST,"[0.00,0.05)",8.495292,1.0,4
465,VECTOR_FIRST_HNSW,"[0.00,0.05)",22.838625,0.5,4
465,HNSW_HYBRID,"[0.00,0.05)",9.080333,1.0,4
465,IVFFLAT_HYBRID,"[0.00,0.05)",8.628458,1.0,4
466,SQL_FIRST,"[0.00,0.05)",8.347333,1.0,0
466,VECTOR_FIRST_HNSW,"[0.00,0.05)",23.035167,0.3,0
466,HNSW_HYBRID,"[0.00,0.05)",8.904542,1.0,0
466,IVFFLAT_HYBRID,"[0.00,0.05)",8.162625,1.0,0
466,SQL_FIRST,"[0.00,0.05)",8.01825,1.0,1
466,VECTOR_FIRST_HNSW,"[0.00,0.05)",22.884833,0.3,1
466,HNSW_HYBRID,"[0.00,0.05)",8.908583,1.0,1
466,IVFFLAT_HYBRID,"[0.00,0.05)",8.581208,1.0,1
466,SQL_FIRST,"[0.00,0.05)",8.054333,1.0,2
466,VECTOR_FIRST_HNSW,"[0.00,0.05)",23.659375,0.3,2
466,HNSW_HYBRID,"[0.00,0.05)",8.994334,1.0,2
466,IVFFLAT_HYBRID,"[0.00,0.05)",8.870584,1.0,2
466,SQL_FIRST,"[0.00,0.05)",8.101792,1.0,3
466,VECTOR_FIRST_HNSW,"[0.00,0.05)",22.891125,0.3,3
466,HNSW_HYBRID,"[0.00,0.05)",8.899333,1.0,3
466,IVFFLAT_HYBRID,"[0.00,0.05)",8.529333,1.0,3
466,SQL_FIRST,"[0.00,0.05)",8.284792,1.0,4
466,VECTOR_FIRST_HNSW,"[0.00,0.05)",22.874583,0.3,4
466,HNSW_HYBRID,"[0.00,0.05)",8.837,1.0,4
466,IVFFLAT_HYBRID,"[0.00,0.05)",8.202667,1.0,4
468,SQL_FIRST,"[0.00,0.05)",8.963625,1.0,0
468,VECTOR_FIRST_HNSW,"[0.00,0.05)",23.046375,0.6,0
468,HNSW_HYBRID,"[0.00,0.05)",9.204334,1.0,0
468,IVFFLAT_HYBRID,"[0.00,0.05)",9.286666,1.0,0
468,SQL_FIRST,"[0.00,0.05)",9.416917,1.0,1
468,VECTOR_FIRST_HNSW,"[0.00,0.05)",22.982958,0.6,1
468,HNSW_HYBRID,"[0.00,0.05)",9.881292,1.0,1
468,IVFFLAT_HYBRID,"[0.00,0.05)",8.655792,1.0,1
468,SQL_FIRST,"[0.00,0.05)",8.681709,1.0,2
468,VECTOR_FIRST_HNSW,"[0.00,0.05)",22.978084,0.6,2
468,HNSW_HYBRID,"[0.00,0.05)",8.969208,1.0,2
468,IVFFLAT_HYBRID,"[0.00,0.05)",8.650209,1.0,2
468,SQL_FIRST,"[0.00,0.05)",8.99975,1.0,3
468,VECTOR_FIRST_HNSW,"[0.00,0.05)",22.981625,0.6,3
468,HNSW_HYBRID,"[0.00,0.05)",9.131542,1.0,3
468,IVFFLAT_HYBRID,"[0.00,0.05)",8.606542,1.0,3
468,SQL_FIRST,"[0.00,0.05)",8.287792,1.0,4
468,VECTOR_FIRST_HNSW,"[0.00,0.05)",22.909792,0.6,4
468,HNSW_HYBRID,"[0.00,0.05)",9.228667,1.0,4
468,IVFFLAT_HYBRID,"[0.00,0.05)",9.120375,1.0,4
469,SQL_FIRST,"[0.00,0.05)",8.994334,1.0,0
469,VECTOR_FIRST_HNSW,"[0.00,0.05)",22.9085,0.2,0
469,HNSW_HYBRID,"[0.00,0.05)",9.284375,1.0,0
469,IVFFLAT_HYBRID,"[0.00,0.05)",9.015833,1.0,0
469,SQL_FIRST,"[0.00,0.05)",9.5075,1.0,1
469,VECTOR_FIRST_HNSW,"[0.00,0.05)",23.161333,0.2,1
469,HNSW_HYBRID,"[0.00,0.05)",9.347667,1.0,1
469,IVFFLAT_HYBRID,"[0.00,0.05)",8.904,1.0,1
469,SQL_FIRST,"[0.00,0.05)",9.41475,1.0,2
469,VECTOR_FIRST_HNSW,"[0.00,0.05)",22.989125,0.2,2
469,HNSW_HYBRID,"[0.00,0.05)",9.590958,1.0,2
469,IVFFLAT_HYBRID,"[0.00,0.05)",8.699833,1.0,2
469,SQL_FIRST,"[0.00,0.05)",8.544333,1.0,3
469,VECTOR_FIRST_HNSW,"[0.00,0.05)",23.804667,0.2,3
469,HNSW_HYBRID,"[0.00,0.05)",9.568208,1.0,3
469,IVFFLAT_HYBRID,"[0.00,0.05)",9.590291,1.0,3
469,SQL_FIRST,"[0.00,0.05)",9.286375,1.0,4
469,VECTOR_FIRST_HNSW,"[0.00,0.05)",22.848625,0.2,4
469,HNSW_HYBRID,"[0.00,0.05)",9.263125,1.0,4
469,IVFFLAT_HYBRID,"[0.00,0.05)",9.122542,1.0,4
470,SQL_FIRST,"[0.00,0.05)",1.564458,1.0,0
470,VECTOR_FIRST_HNSW,"[0.00,0.05)",22.870334,0.0,0
470,HNSW_HYBRID,"[0.00,0.05)",1.97325,1.0,0
470,IVFFLAT_HYBRID,"[0.00,0.05)",1.615875,1.0,0
470,SQL_FIRST,"[0.00,0.05)",1.632667,1.0,1
470,VECTOR_FIRST_HNSW,"[0.00,0.05)",22.829875,0.0,1
470,HNSW_HYBRID,"[0.00,0.05)",1.940166,1.0,1
470,IVFFLAT_HYBRID,"[0.00,0.05)",1.571709,1.0,1
470,SQL_FIRST,"[0.00,0.05)",1.576292,1.0,2
470,VECTOR_FIRST_HNSW,"[0.00,0.05)",22.748042,0.0,2
470,HNSW_HYBRID,"[0.00,0.05)",1.990375,1.0,2
470,IVFFLAT_HYBRID,"[0.00,0.05)",1.556125,1.0,2
470,SQL_FIRST,"[0.00,0.05)",1.585708,1.0,3
470,VECTOR_FIRST_HNSW,"[0.00,0.05)",22.751333,0.0,3
470,HNSW_HYBRID,"[0.00,0.05)",1.966584,1.0,3
470,IVFFLAT_HYBRID,"[0.00,0.05)",1.581,1.0,3
470,SQL_FIRST,"[0.00,0.05)",1.549667,1.0,4
470,VECTOR_FIRST_HNSW,"[0.00,0.05)",22.738875,0.0,4
470,HNSW_HYBRID,"[0.00,0.05)",2.011833,1.0,4
470,IVFFLAT_HYBRID,"[0.00,0.05)",1.61625,1.0,4
471,SQL_FIRST,"[0.00,0.05)",7.6495,1.0,0
471,VECTOR_FIRST_HNSW,"[0.00,0.05)",23.192166,0.4,0
471,HNSW_HYBRID,"[0.00,0.05)",8.367208,1.0,0
471,IVFFLAT_HYBRID,"[0.00,0.05)",7.582125,1.0,0
471,SQL_FIRST,"[0.00,0.05)",7.966,1.0,1
471,VECTOR_FIRST_HNSW,"[0.00,0.05)",22.781625,0.4,1
471,HNSW_HYBRID,"[0.00,0.05)",9.950084,1.0,1
471,IVFFLAT_HYBRID,"[0.00,0.05)",8.143667,1.0,1
471,SQL_FIRST,"[0.00,0.05)",8.450958,1.0,2
471,VECTOR_FIRST_HNSW,"[0.00,0.05)",23.017959,0.4,2
471,HNSW_HYBRID,"[0.00,0.05)",8.243417,1.0,2
471,IVFFLAT_HYBRID,"[0.00,0.05)",7.476375,1.0,2
471,SQL_FIRST,"[0.00,0.05)",7.966084,1.0,3
471,VECTOR_FIRST_HNSW,"[0.00,0.05)",22.902958,0.4,3
471,HNSW_HYBRID,"[0.00,0.05)",8.399375,1.0,3
471,IVFFLAT_HYBRID,"[0.00,0.05)",7.635167,1.0,3
471,SQL_FIRST,"[0.00,0.05)",7.415833,1.0,4
471,VECTOR_FIRST_HNSW,"[0.00,0.05)",22.992375,0.4,4
471,HNSW_HYBRID,"[0.00,0.05)",8.615458,1.0,4
471,IVFFLAT_HYBRID,"[0.00,0.05)",7.728875,1.0,4
476,SQL_FIRST,"[0.00,0.05)",10.105583,1.0,0
476,VECTOR_FIRST_HNSW,"[0.00,0.05)",23.168875,0.2,0
476,HNSW_HYBRID,"[0.00,0.05)",10.068542,1.0,0
476,IVFFLAT_HYBRID,"[0.00,0.05)",10.9335,1.0,0
476,SQL_FIRST,"[0.00,0.05)",9.639875,1.0,1
476,VECTOR_FIRST_HNSW,"[0.00,0.05)",22.979833,0.2,1
476,HNSW_HYBRID,"[0.00,0.05)",10.097375,1.0,1
476,IVFFLAT_HYBRID,"[0.00,0.05)",9.608083,1.0,1
476,SQL_FIRST,"[0.00,0.05)",9.7895,1.0,2
476,VECTOR_FIRST_HNSW,"[0.00,0.05)",22.975166,0.2,2
476,HNSW_HYBRID,"[0.00,0.05)",10.32,1.0,2
476,IVFFLAT_HYBRID,"[0.00,0.05)",9.594542,1.0,2
476,SQL_FIRST,"[0.00,0.05)",9.444625,1.0,3
476,VECTOR_FIRST_HNSW,"[0.00,0.05)",23.016041,0.2,3
476,HNSW_HYBRID,"[0.00,0.05)",10.305541,1.0,3
476,IVFFLAT_HYBRID,"[0.00,0.05)",9.670416,1.0,3
476,SQL_FIRST,"[0.00,0.05)",9.766084,1.0,4
476,VECTOR_FIRST_HNSW,"[0.00,0.05)",22.851833,0.2,4
476,HNSW_HYBRID,"[0.00,0.05)",10.217667,1.0,4
476,IVFFLAT_HYBRID,"[0.00,0.05)",9.752125,1.0,4
477,SQL_FIRST,"[0.00,0.05)",7.680708,1.0,0
477,VECTOR_FIRST_HNSW,"[0.00,0.05)",22.954042,0.1,0
477,HNSW_HYBRID,"[0.00,0.05)",8.395875,1.0,0
477,IVFFLAT_HYBRID,"[0.00,0.05)",7.807834,1.0,0
477,SQL_FIRST,"[0.00,0.05)",7.66025,1.0,1
477,VECTOR_FIRST_HNSW,"[0.00,0.05)",22.948708,0.1,1
477,HNSW_HYBRID,"[0.00,0.05)",8.52075,1.0,1
477,IVFFLAT_HYBRID,"[0.00,0.05)",8.030958,1.0,1
477,SQL_FIRST,"[0.00,0.05)",7.8215,1.0,2
477,VECTOR_FIRST_HNSW,"[0.00,0.05)",22.863084,0.1,2
477,HNSW_HYBRID,"[0.00,0.05)",8.576917,1.0,2
477,IVFFLAT_HYBRID,"[0.00,0.05)",8.401875,1.0,2
477,SQL_FIRST,"[0.00,0.05)",8.010542,1.0,3
477,VECTOR_FIRST_HNSW,"[0.00,0.05)",23.754208,0.1,3
477,HNSW_HYBRID,"[0.00,0.05)",8.361333,1.0,3
477,IVFFLAT_HYBRID,"[0.00,0.05)",7.956583,1.0,3
477,SQL_FIRST,"[0.00,0.05)",7.921375,1.0,4
477,VECTOR_FIRST_HNSW,"[0.00,0.05)",23.693541,0.1,4
477,HNSW_HYBRID,"[0.00,0.05)",8.564084,1.0,4
477,IVFFLAT_HYBRID,"[0.00,0.05)",7.883041,1.0,4
480,SQL_FIRST,"[0.00,0.05)",6.837459,1.0,0
480,VECTOR_FIRST_HNSW,"[0.00,0.05)",22.912833,0.2,0
480,HNSW_HYBRID,"[0.00,0.05)",7.41525,1.0,0
480,IVFFLAT_HYBRID,"[0.00,0.05)",6.762791,1.0,0
480,SQL_FIRST,"[0.00,0.05)",6.551125,1.0,1
480,VECTOR_FIRST_HNSW,"[0.00,0.05)",22.897708,0.2,1
480,HNSW_HYBRID,"[0.00,0.05)",7.19175,1.0,1
480,IVFFLAT_HYBRID,"[0.00,0.05)",6.5425,1.0,1
480,SQL_FIRST,"[0.00,0.05)",6.738875,1.0,2
480,VECTOR_FIRST_HNSW,"[0.00,0.05)",23.012334,0.2,2
480,HNSW_HYBRID,"[0.00,0.05)",7.308333,1.0,2
480,IVFFLAT_HYBRID,"[0.00,0.05)",6.538959,1.0,2
480,SQL_FIRST,"[0.00,0.05)",6.7425,1.0,3
480,VECTOR_FIRST_HNSW,"[0.00,0.05)",22.755167,0.2,3
480,HNSW_HYBRID,"[0.00,0.05)",7.6165,1.0,3
480,IVFFLAT_HYBRID,"[0.00,0.05)",6.708875,1.0,3
480,SQL_FIRST,"[0.00,0.05)",6.688167,1.0,4
480,VECTOR_FIRST_HNSW,"[0.00,0.05)",23.07275,0.2,4
480,HNSW_HYBRID,"[0.00,0.05)",7.349875,1.0,4
480,IVFFLAT_HYBRID,"[0.00,0.05)",6.502041,1.0,4
482,SQL_FIRST,"[0.00,0.05)",8.747084,1.0,0
482,VECTOR_FIRST_HNSW,"[0.00,0.05)",23.035333,0.4,0
482,HNSW_HYBRID,"[0.00,0.05)",9.545291,1.0,0
482,IVFFLAT_HYBRID,"[0.00,0.05)",9.013167,1.0,0
482,SQL_FIRST,"[0.00,0.05)",9.286,1.0,1
482,VECTOR_FIRST_HNSW,"[0.00,0.05)",22.861583,0.4,1
482,HNSW_HYBRID,"[0.00,0.05)",10.204625,1.0,1
482,IVFFLAT_HYBRID,"[0.00,0.05)",9.955291,1.0,1
482,SQL_FIRST,"[0.00,0.05)",9.044209,1.0,2
482,VECTOR_FIRST_HNSW,"[0.00,0.05)",23.887375,0.4,2
482,HNSW_HYBRID,"[0.00,0.05)",9.112167,1.0,2
482,IVFFLAT_HYBRID,"[0.00,0.05)",8.953833,1.0,2
482,SQL_FIRST,"[0.00,0.05)",8.927792,1.0,3
482,VECTOR_FIRST_HNSW,"[0.00,0.05)",23.442708,0.4,3
482,HNSW_HYBRID,"[0.00,0.05)",9.12675,1.0,3
482,IVFFLAT_HYBRID,"[0.00,0.05)",8.786625,1.0,3
482,SQL_FIRST,"[0.00,0.05)",8.504208,1.0,4
482,VECTOR_FIRST_HNSW,"[0.00,0.05)",23.10675,0.4,4
482,HNSW_HYBRID,"[0.00,0.05)",9.365417,1.0,4
482,IVFFLAT_HYBRID,"[0.00,0.05)",9.421542,1.0,4
484,SQL_FIRST,"[0.00,0.05)",9.3905,1.0,0
484,VECTOR_FIRST_HNSW,"[0.00,0.05)",22.824042,0.6,0
484,HNSW_HYBRID,"[0.00,0.05)",9.857167,1.0,0
484,IVFFLAT_HYBRID,"[0.00,0.05)",9.329417,1.0,0
484,SQL_FIRST,"[0.00,0.05)",9.484208,1.0,1
484,VECTOR_FIRST_HNSW,"[0.00,0.05)",22.929542,0.6,1
484,HNSW_HYBRID,"[0.00,0.05)",9.540791,1.0,1
484,IVFFLAT_HYBRID,"[0.00,0.05)",10.071208,1.0,1
484,SQL_FIRST,"[0.00,0.05)",10.638,1.0,2
484,VECTOR_FIRST_HNSW,"[0.00,0.05)",22.91925,0.6,2
484,HNSW_HYBRID,"[0.00,0.05)",9.540958,1.0,2
484,IVFFLAT_HYBRID,"[0.00,0.05)",9.365708,1.0,2
484,SQL_FIRST,"[0.00,0.05)",8.954458,1.0,3
484,VECTOR_FIRST_HNSW,"[0.00,0.05)",23.75025,0.6,3
484,HNSW_HYBRID,"[0.00,0.05)",9.769833,1.0,3
484,IVFFLAT_HYBRID,"[0.00,0.05)",9.73975,1.0,3
484,SQL_FIRST,"[0.00,0.05)",9.261417,1.0,4
484,VECTOR_FIRST_HNSW,"[0.00,0.05)",23.120208,0.6,4
484,HNSW_HYBRID,"[0.00,0.05)",9.753625,1.0,4
484,IVFFLAT_HYBRID,"[0.00,0.05)",9.421667,1.0,4
485,SQL_FIRST,"[0.00,0.05)",8.074709,1.0,0
485,VECTOR_FIRST_HNSW,"[0.00,0.05)",23.651042,0.4,0
485,HNSW_HYBRID,"[0.00,0.05)",8.385,1.0,0
485,IVFFLAT_HYBRID,"[0.00,0.05)",7.627375,1.0,0
485,SQL_FIRST,"[0.00,0.05)",7.82575,1.0,1
485,VECTOR_FIRST_HNSW,"[0.00,0.05)",23.492458,0.4,1
485,HNSW_HYBRID,"[0.00,0.05)",8.765958,1.0,1
485,IVFFLAT_HYBRID,"[0.00,0.05)",8.112625,1.0,1
485,SQL_FIRST,"[0.00,0.05)",7.854917,1.0,2
485,VECTOR_FIRST_HNSW,"[0.00,0.05)",22.959333,0.4,2
485,HNSW_HYBRID,"[0.00,0.05)",8.469417,1.0,2
485,IVFFLAT_HYBRID,"[0.00,0.05)",7.747584,1.0,2
485,SQL_FIRST,"[0.00,0.05)",7.637583,1.0,3
485,VECTOR_FIRST_HNSW,"[0.00,0.05)",22.862958,0.4,3
485,HNSW_HYBRID,"[0.00,0.05)",8.517083,1.0,3
485,IVFFLAT_HYBRID,"[0.00,0.05)",8.138625,1.0,3
485,SQL_FIRST,"[0.00,0.05)",7.681667,1.0,4
485,VECTOR_FIRST_HNSW,"[0.00,0.05)",22.93525,0.4,4
485,HNSW_HYBRID,"[0.00,0.05)",8.267833,1.0,4
485,IVFFLAT_HYBRID,"[0.00,0.05)",7.602458,1.0,4
489,SQL_FIRST,"[0.00,0.05)",10.600042,1.0,0
489,VECTOR_FIRST_HNSW,"[0.00,0.05)",24.237833,0.4,0
489,HNSW_HYBRID,"[0.00,0.05)",11.257167,1.0,0
489,IVFFLAT_HYBRID,"[0.00,0.05)",11.073917,1.0,0
489,SQL_FIRST,"[0.00,0.05)",10.863833,1.0,1
489,VECTOR_FIRST_HNSW,"[0.00,0.05)",22.731958,0.4,1
489,HNSW_HYBRID,"[0.00,0.05)",11.421666,1.0,1
489,IVFFLAT_HYBRID,"[0.00,0.05)",11.094458,1.0,1
489,SQL_FIRST,"[0.00,0.05)",10.925208,1.0,2
489,VECTOR_FIRST_HNSW,"[0.00,0.05)",22.985792,0.4,2
489,HNSW_HYBRID,"[0.00,0.05)",11.307333,1.0,2
489,IVFFLAT_HYBRID,"[0.00,0.05)",10.897375,1.0,2
489,SQL_FIRST,"[0.00,0.05)",10.671667,1.0,3
489,VECTOR_FIRST_HNSW,"[0.00,0.05)",23.371584,0.4,3
489,HNSW_HYBRID,"[0.00,0.05)",11.454834,1.0,3
489,IVFFLAT_HYBRID,"[0.00,0.05)",10.89325,1.0,3
489,SQL_FIRST,"[0.00,0.05)",10.802959,1.0,4
489,VECTOR_FIRST_HNSW,"[0.00,0.05)",22.96075,0.4,4
489,HNSW_HYBRID,"[0.00,0.05)",11.221583,1.0,4
489,IVFFLAT_HYBRID,"[0.00,0.05)",11.2565,1.0,4
490,SQL_FIRST,"[0.00,0.05)",4.064542,1.0,0
490,VECTOR_FIRST_HNSW,"[0.00,0.05)",22.925208,0.0,0
490,HNSW_HYBRID,"[0.00,0.05)",4.524792,1.0,0
490,IVFFLAT_HYBRID,"[0.00,0.05)",4.081458,1.0,0
490,SQL_FIRST,"[0.00,0.05)",4.103583,1.0,1
490,VECTOR_FIRST_HNSW,"[0.00,0.05)",22.883917,0.0,1
490,HNSW_HYBRID,"[0.00,0.05)",4.447417,1.0,1
490,IVFFLAT_HYBRID,"[0.00,0.05)",4.086667,1.0,1
490,SQL_FIRST,"[0.00,0.05)",4.045208,1.0,2
490,VECTOR_FIRST_HNSW,"[0.00,0.05)",22.8845,0.0,2
490,HNSW_HYBRID,"[0.00,0.05)",4.533625,1.0,2
490,IVFFLAT_HYBRID,"[0.00,0.05)",4.094875,1.0,2
490,SQL_FIRST,"[0.00,0.05)",4.084958,1.0,3
490,VECTOR_FIRST_HNSW,"[0.00,0.05)",22.769541,0.0,3
490,HNSW_HYBRID,"[0.00,0.05)",4.401625,1.0,3
490,IVFFLAT_HYBRID,"[0.00,0.05)",4.072125,1.0,3
490,SQL_FIRST,"[0.00,0.05)",4.039583,1.0,4
490,VECTOR_FIRST_HNSW,"[0.00,0.05)",22.853916,0.0,4
490,HNSW_HYBRID,"[0.00,0.05)",4.448041,1.0,4
490,IVFFLAT_HYBRID,"[0.00,0.05)",4.056416,1.0,4
491,SQL_FIRST,"[0.00,0.05)",9.148541,1.0,0
491,VECTOR_FIRST_HNSW,"[0.00,0.05)",22.901208,0.7,0
491,HNSW_HYBRID,"[0.00,0.05)",9.3905,1.0,0
491,IVFFLAT_HYBRID,"[0.00,0.05)",8.95075,1.0,0
491,SQL_FIRST,"[0.00,0.05)",9.146333,1.0,1
491,VECTOR_FIRST_HNSW,"[0.00,0.05)",23.727042,0.7,1
491,HNSW_HYBRID,"[0.00,0.05)",9.507541,1.0,1
491,IVFFLAT_HYBRID,"[0.00,0.05)",9.084708,1.0,1
491,SQL_FIRST,"[0.00,0.05)",8.746458,1.0,2
491,VECTOR_FIRST_HNSW,"[0.00,0.05)",22.957792,0.7,2
491,HNSW_HYBRID,"[0.00,0.05)",9.540125,1.0,2
491,IVFFLAT_HYBRID,"[0.00,0.05)",9.627417,1.0,2
491,SQL_FIRST,"[0.00,0.05)",8.928167,1.0,3
491,VECTOR_FIRST_HNSW,"[0.00,0.05)",23.402542,0.7,3
491,HNSW_HYBRID,"[0.00,0.05)",9.691,1.0,3
491,IVFFLAT_HYBRID,"[0.00,0.05)",9.109625,1.0,3
491,SQL_FIRST,"[0.00,0.05)",9.830833,1.0,4
491,VECTOR_FIRST_HNSW,"[0.00,0.05)",23.326333,0.7,4
491,HNSW_HYBRID,"[0.00,0.05)",9.775916,1.0,4
491,IVFFLAT_HYBRID,"[0.00,0.05)",9.061542,1.0,4
492,SQL_FIRST,"[0.00,0.05)",8.63325,1.0,0
492,VECTOR_FIRST_HNSW,"[0.00,0.05)",22.965791,0.3,0
492,HNSW_HYBRID,"[0.00,0.05)",8.777084,1.0,0
492,IVFFLAT_HYBRID,"[0.00,0.05)",8.032542,1.0,0
492,SQL_FIRST,"[0.00,0.05)",7.97925,1.0,1
492,VECTOR_FIRST_HNSW,"[0.00,0.05)",23.752667,0.3,1
492,HNSW_HYBRID,"[0.00,0.05)",8.738958,1.0,1
492,IVFFLAT_HYBRID,"[0.00,0.05)",7.958125,1.0,1
492,SQL_FIRST,"[0.00,0.05)",8.261542,1.0,2
492,VECTOR_FIRST_HNSW,"[0.00,0.05)",22.822292,0.3,2
492,HNSW_HYBRID,"[0.00,0.05)",8.848792,1.0,2
492,IVFFLAT_HYBRID,"[0.00,0.05)",8.125084,1.0,2
492,SQL_FIRST,"[0.00,0.05)",8.157708,1.0,3
492,VECTOR_FIRST_HNSW,"[0.00,0.05)",22.87775,0.3,3
492,HNSW_HYBRID,"[0.00,0.05)",8.637666,1.0,3
492,IVFFLAT_HYBRID,"[0.00,0.05)",7.98875,1.0,3
492,SQL_FIRST,"[0.00,0.05)",8.374334,1.0,4
492,VECTOR_FIRST_HNSW,"[0.00,0.05)",22.861083,0.3,4
492,HNSW_HYBRID,"[0.00,0.05)",8.922792,1.0,4
492,IVFFLAT_HYBRID,"[0.00,0.05)",8.010209,1.0,4
493,SQL_FIRST,"[0.00,0.05)",7.764709,1.0,0
493,VECTOR_FIRST_HNSW,"[0.00,0.05)",23.499291,0.2,0
493,HNSW_HYBRID,"[0.00,0.05)",7.908958,1.0,0
493,IVFFLAT_HYBRID,"[0.00,0.05)",7.988375,1.0,0
493,SQL_FIRST,"[0.00,0.05)",7.536334,1.0,1
493,VECTOR_FIRST_HNSW,"[0.00,0.05)",23.040041,0.2,1
493,HNSW_HYBRID,"[0.00,0.05)",7.714584,1.0,1
493,IVFFLAT_HYBRID,"[0.00,0.05)",6.925333,1.0,1
493,SQL_FIRST,"[0.00,0.05)",6.958291,1.0,2
493,VECTOR_FIRST_HNSW,"[0.00,0.05)",23.179667,0.2,2
493,HNSW_HYBRID,"[0.00,0.05)",7.650167,1.0,2
493,IVFFLAT_HYBRID,"[0.00,0.05)",7.283375,1.0,2
493,SQL_FIRST,"[0.00,0.05)",7.004375,1.0,3
493,VECTOR_FIRST_HNSW,"[0.00,0.05)",22.963583,0.2,3
493,HNSW_HYBRID,"[0.00,0.05)",7.788292,1.0,3
493,IVFFLAT_HYBRID,"[0.00,0.05)",7.183167,1.0,3
493,SQL_FIRST,"[0.00,0.05)",7.610834,1.0,4
493,VECTOR_FIRST_HNSW,"[0.00,0.05)",23.057917,0.2,4
493,HNSW_HYBRID,"[0.00,0.05)",7.654083,1.0,4
493,IVFFLAT_HYBRID,"[0.00,0.05)",6.918833,1.0,4
495,SQL_FIRST,"[0.00,0.05)",10.350792,1.0,0
495,VECTOR_FIRST_HNSW,"[0.00,0.05)",22.91875,0.3,0
495,HNSW_HYBRID,"[0.00,0.05)",11.198958,1.0,0
495,IVFFLAT_HYBRID,"[0.00,0.05)",10.714292,1.0,0
495,SQL_FIRST,"[0.00,0.05)",10.558875,1.0,1
495,VECTOR_FIRST_HNSW,"[0.00,0.05)",22.999916,0.3,1
495,HNSW_HYBRID,"[0.00,0.05)",11.195,1.0,1
495,IVFFLAT_HYBRID,"[0.00,0.05)",10.836041,1.0,1
495,SQL_FIRST,"[0.00,0.05)",10.602708,1.0,2
495,VECTOR_FIRST_HNSW,"[0.00,0.05)",23.767375,0.3,2
495,HNSW_HYBRID,"[0.00,0.05)",11.087458,1.0,2
495,IVFFLAT_HYBRID,"[0.00,0.05)",10.682875,1.0,2
495,SQL_FIRST,"[0.00,0.05)",10.655958,1.0,3
495,VECTOR_FIRST_HNSW,"[0.00,0.05)",22.985708,0.3,3
495,HNSW_HYBRID,"[0.00,0.05)",11.18575,1.0,3
495,IVFFLAT_HYBRID,"[0.00,0.05)",10.752167,1.0,3
495,SQL_FIRST,"[0.00,0.05)",10.806417,1.0,4
495,VECTOR_FIRST_HNSW,"[0.00,0.05)",23.916167,0.3,4
495,HNSW_HYBRID,"[0.00,0.05)",11.079834,1.0,4
495,IVFFLAT_HYBRID,"[0.00,0.05)",10.685125,1.0,4
496,SQL_FIRST,"[0.00,0.05)",8.626292,1.0,0
496,VECTOR_FIRST_HNSW,"[0.00,0.05)",23.020167,0.2,0
496,HNSW_HYBRID,"[0.00,0.05)",9.058667,1.0,0
496,IVFFLAT_HYBRID,"[0.00,0.05)",8.38225,1.0,0
496,SQL_FIRST,"[0.00,0.05)",8.20825,1.0,1
496,VECTOR_FIRST_HNSW,"[0.00,0.05)",22.867083,0.2,1
496,HNSW_HYBRID,"[0.00,0.05)",9.230458,1.0,1
496,IVFFLAT_HYBRID,"[0.00,0.05)",8.532084,1.0,1
496,SQL_FIRST,"[0.00,0.05)",8.299333,1.0,2
496,VECTOR_FIRST_HNSW,"[0.00,0.05)",23.003417,0.2,2
496,HNSW_HYBRID,"[0.00,0.05)",8.8495,1.0,2
496,IVFFLAT_HYBRID,"[0.00,0.05)",8.139167,1.0,2
496,SQL_FIRST,"[0.00,0.05)",8.314333,1.0,3
496,VECTOR_FIRST_HNSW,"[0.00,0.05)",22.939958,0.2,3
496,HNSW_HYBRID,"[0.00,0.05)",8.932958,1.0,3
496,IVFFLAT_HYBRID,"[0.00,0.05)",8.191167,1.0,3
496,SQL_FIRST,"[0.00,0.05)",8.189,1.0,4
496,VECTOR_FIRST_HNSW,"[0.00,0.05)",23.046583,0.2,4
496,HNSW_HYBRID,"[0.00,0.05)",8.80725,1.0,4
496,IVFFLAT_HYBRID,"[0.00,0.05)",8.126958,1.0,4
497,SQL_FIRST,"[0.00,0.05)",9.457416,1.0,0
497,VECTOR_FIRST_HNSW,"[0.00,0.05)",22.902375,0.2,0
497,HNSW_HYBRID,"[0.00,0.05)",9.768,1.0,0
497,IVFFLAT_HYBRID,"[0.00,0.05)",9.445458,1.0,0
497,SQL_FIRST,"[0.00,0.05)",9.360542,1.0,1
497,VECTOR_FIRST_HNSW,"[0.00,0.05)",22.929042,0.2,1
497,HNSW_HYBRID,"[0.00,0.05)",9.814083,1.0,1
497,IVFFLAT_HYBRID,"[0.00,0.05)",9.40125,1.0,1
497,SQL_FIRST,"[0.00,0.05)",9.3025,1.0,2
497,VECTOR_FIRST_HNSW,"[0.00,0.05)",22.78325,0.2,2
497,HNSW_HYBRID,"[0.00,0.05)",10.163042,1.0,2
497,IVFFLAT_HYBRID,"[0.00,0.05)",9.903583,1.0,2
497,SQL_FIRST,"[0.00,0.05)",9.650041,1.0,3
497,VECTOR_FIRST_HNSW,"[0.00,0.05)",22.93525,0.2,3
497,HNSW_HYBRID,"[0.00,0.05)",9.796375,1.0,3
497,IVFFLAT_HYBRID,"[0.00,0.05)",9.097708,1.0,3
497,SQL_FIRST,"[0.00,0.05)",9.648709,1.0,4
497,VECTOR_FIRST_HNSW,"[0.00,0.05)",23.277625,0.2,4
497,HNSW_HYBRID,"[0.00,0.05)",9.94725,1.0,4
497,IVFFLAT_HYBRID,"[0.00,0.05)",9.896917,1.0,4
498,SQL_FIRST,"[0.00,0.05)",8.916084,1.0,0
498,VECTOR_FIRST_HNSW,"[0.00,0.05)",22.934583,0.2,0
498,HNSW_HYBRID,"[0.00,0.05)",9.068458,1.0,0
498,IVFFLAT_HYBRID,"[0.00,0.05)",8.587916,1.0,0
498,SQL_FIRST,"[0.00,0.05)",8.529916,1.0,1
498,VECTOR_FIRST_HNSW,"[0.00,0.05)",22.911541,0.2,1
498,HNSW_HYBRID,"[0.00,0.05)",9.108,1.0,1
498,IVFFLAT_HYBRID,"[0.00,0.05)",8.922583,1.0,1
498,SQL_FIRST,"[0.00,0.05)",8.362625,1.0,2
498,VECTOR_FIRST_HNSW,"[0.00,0.05)",23.067916,0.2,2
498,HNSW_HYBRID,"[0.00,0.05)",9.090583,1.0,2
498,IVFFLAT_HYBRID,"[0.00,0.05)",8.584542,1.0,2
498,SQL_FIRST,"[0.00,0.05)",8.445834,1.0,3
498,VECTOR_FIRST_HNSW,"[0.00,0.05)",22.832333,0.2,3
498,HNSW_HYBRID,"[0.00,0.05)",9.08725,1.0,3
498,IVFFLAT_HYBRID,"[0.00,0.05)",8.789708,1.0,3
498,SQL_FIRST,"[0.00,0.05)",8.567792,1.0,4
498,VECTOR_FIRST_HNSW,"[0.00,0.05)",22.94775,0.2,4
498,HNSW_HYBRID,"[0.00,0.05)",9.258583,1.0,4
498,IVFFLAT_HYBRID,"[0.00,0.05)",8.573459,1.0,4
499,SQL_FIRST,"[0.00,0.05)",10.565583,1.0,0
499,VECTOR_FIRST_HNSW,"[0.00,0.05)",22.903042,0.3,0
499,HNSW_HYBRID,"[0.00,0.05)",11.271208,1.0,0
499,IVFFLAT_HYBRID,"[0.00,0.05)",11.056083,1.0,0
499,SQL_FIRST,"[0.00,0.05)",10.474666,1.0,1
499,VECTOR_FIRST_HNSW,"[0.00,0.05)",23.07175,0.3,1
499,HNSW_HYBRID,"[0.00,0.05)",11.04425,1.0,1
499,IVFFLAT_HYBRID,"[0.00,0.05)",10.363708,1.0,1
499,SQL_FIRST,"[0.00,0.05)",10.727667,1.0,2
499,VECTOR_FIRST_HNSW,"[0.00,0.05)",23.593125,0.3,2
499,HNSW_HYBRID,"[0.00,0.05)",11.122416,1.0,2
499,IVFFLAT_HYBRID,"[0.00,0.05)",11.317916,1.0,2
499,SQL_FIRST,"[0.00,0.05)",10.901875,1.0,3
499,VECTOR_FIRST_HNSW,"[0.00,0.05)",22.978667,0.3,3
499,HNSW_HYBRID,"[0.00,0.05)",11.555541,1.0,3
499,IVFFLAT_HYBRID,"[0.00,0.05)",11.1835,1.0,3
499,SQL_FIRST,"[0.00,0.05)",10.847042,1.0,4
499,VECTOR_FIRST_HNSW,"[0.00,0.05)",22.944792,0.3,4
499,HNSW_HYBRID,"[0.00,0.05)",10.981083,1.0,4
499,IVFFLAT_HYBRID,"[0.00,0.05)",11.008041,1.0,4
