ts_utc,phase,repetition,query_id,strategy,template,category,price_limit,in_stock,target_bucket_idx,estimated_selectivity,bucket,latency_ms,recall_at_10,plan_verified,access_path,adaptive_selected,is_adaptive_selection
2026-08-30T19:35:25.930+00:00,calibration,0,138,SQL_FIRST,two_categories,category_05,34,False,2,0.199565,"[0.10,0.25)",24.212334,1.0,True,exact_bitmap,,False
2026-08-30T19:35:25.962+00:00,calibration,0,138,VECTOR_FIRST_HNSW,two_categories,category_05,34,False,2,0.199565,"[0.10,0.25)",30.746291,1.0,False,exact_bitmap,,False
2026-08-30T19:35:25.986+00:00,calibration,0,138,HNSW_HYBRID,two_categories,category_05,34,False,2,0.199565,"[0.10,0.25)",23.479375,1.0,False,exact_bitmap,,False
2026-08-30T19:35:26.011+00:00,calibration,0,138,IVFFLAT_HYBRID,two_categories,category_05,34,False,2,0.199565,"[0.10,0.25)",23.850583,1.0,False,exact_bitmap,,False
2026-08-30T19:35:26.136+00:00,calibration,0,164,SQL_FIRST,category_or_price,category_01,425,False,3,0.47886,"[0.25,0.50)",23.577958,1.0,True,exact_seq,,False
2026-08-30T19:35:26.166+00:00,calibration,0,164,VECTOR_FIRST_HNSW,category_or_price,category_01,425,False,3,0.47886,"[0.25,0.50)",29.457834,1.0,False,exact_bitmap,,False
2026-08-30T19:35:26.195+00:00,calibration,0,164,HNSW_HYBRID,category_or_price,category_01,425,False,3,0.47886,"[0.25,0.50)",28.094125,1.0,False,exact_seq,,False
2026-08-30T19:35:26.221+00:00,calibration,0,164,IVFFLAT_HYBRID,category_or_price,category_01,425,False,3,0.47886,"[0.25,0.50)",24.379417,1.0,False,exact_seq,,False
2026-08-30T19:35:26.262+00:00,calibration,0,41,SQL_FIRST,category_narrow_price,category_03,806,True,0,0.00526,"[0.00,0.05)",2.911792,1.0,True,exact_bitmap,,False
2026-08-30T19:35:26.292+00:00,calibration,0,41,VECTOR_FIRST_HNSW,category_narrow_price,category_03,806,True,0,0.00526,"[0.00,0.05)",27.24525,0.0,False,exact_bitmap,,False
2026-08-30T19:35:26.296+00:00,calibration,0,41,HNSW_HYBRID,category_narrow_price,category_03,806,True,0,0.00526,"[0.00,0.05)",2.686583,1.0,False,exact_bitmap,,False
2026-08-30T19:35:26.300+00:00,calibration,0,41,IVFFLAT_HYBRID,category_narrow_price,category_03,806,True,0,0.00526,"[0.00,0.05)",2.880417,1.0,False,exact_bitmap,,False
2026-08-30T19:35:26.418+00:00,calibration,0,208,SQL_FIRST,stock_alone,category_07,492,True,4,0.500835,"[0.50,1.00)",21.459584,1.0,True,exact_seq,,False
2026-08-30T19:35:26.446+00:00,calibration,0,208,VECTOR_FIRST_HNSW,stock_alone,category_07,492,True,4,0.500835,"[0.50,1.00)",26.997791,1.0,False,exact_bitmap,,False
2026-08-30T19:35:26.469+00:00,calibration,0,208,HNSW_HYBRID,stock_alone,category_07,492,True,4,0.500835,"[0.50,1.00)",21.917333,1.0,False,exact_seq,,False
2026-08-30T19:35:26.493+00:00,calibration,0,208,IVFFLAT_HYBRID,stock_alone,category_07,492,True,4,0.500835,"[0.50,1.00)",22.8195,1.0,False,exact_seq,,False
2026-08-30T19:35:26.582+00:00,calibration,0,132,SQL_FIRST,single_category_alone,category_03,14,False,2,0.1037,"[0.10,0.25)",14.297833,1.0,True,exact_bitmap,,False
2026-08-30T19:35:26.611+00:00,calibration,0,132,VECTOR_FIRST_HNSW,single_category_alone,category_03,14,False,2,0.1037,"[0.10,0.25)",28.122833,0.9,False,exact_bitmap,,False
2026-08-30T19:35:26.626+00:00,calibration,0,132,HNSW_HYBRID,single_category_alone,category_03,14,False,2,0.1037,"[0.10,0.25)",13.911917,1.0,False,exact_bitmap,,False
2026-08-30T19:35:26.642+00:00,calibration,0,132,IVFFLAT_HYBRID,single_category_alone,category_03,14,False,2,0.1037,"[0.10,0.25)",14.84075,1.0,False,exact_bitmap,,False
2026-08-30T19:35:26.799+00:00,calibration,0,227,SQL_FIRST,wide_or,category_01,390,False,4,0.723345,"[0.50,1.00)",29.170583,1.0,True,exact_seq,,False
2026-08-30T19:35:26.829+00:00,calibration,0,227,VECTOR_FIRST_HNSW,wide_or,category_01,390,False,4,0.723345,"[0.50,1.00)",28.83025,1.0,False,exact_bitmap,,False
2026-08-30T19:35:26.859+00:00,calibration,0,227,HNSW_HYBRID,wide_or,category_01,390,False,4,0.723345,"[0.50,1.00)",29.160292,1.0,False,exact_seq,,False
2026-08-30T19:35:26.893+00:00,calibration,0,227,IVFFLAT_HYBRID,wide_or,category_01,390,False,4,0.723345,"[0.50,1.00)",32.122792,1.0,False,exact_seq,,False
2026-08-30T19:35:26.982+00:00,calibration,0,126,SQL_FIRST,price_range_mid,category_02,412,True,2,0.101065,"[0.10,0.25)",15.398875,1.0,True,exact_bitmap,,False
2026-08-30T19:35:27.016+00:00,calibration,0,126,VECTOR_FIRST_HNSW,price_range_mid,category_02,412,True,2,0.101065,"[0.10,0.25)",32.41275,0.6,False,exact_bitmap,,False
2026-08-30T19:35:27.030+00:00,calibration,0,126,HNSW_HYBRID,price_range_mid,category_02,412,True,2,0.101065,"[0.10,0.25)",13.458417,1.0,False,exact_bitmap,,False
2026-08-30T19:35:27.046+00:00,calibration,0,126,IVFFLAT_HYBRID,price_range_mid,category_02,412,True,2,0.101065,"[0.10,0.25)",14.863583,1.0,False,exact_bitmap,,False
2026-08-30T19:35:27.171+00:00,calibration,0,240,SQL_FIRST,stock_alone,category_04,912,True,4,0.500835,"[0.50,1.00)",23.526417,1.0,True,exact_seq,,False
2026-08-30T19:35:27.201+00:00,calibration,0,240,VECTOR_FIRST_HNSW,stock_alone,category_04,912,True,4,0.500835,"[0.50,1.00)",28.780041,1.0,False,exact_bitmap,,False
2026-08-30T19:35:27.227+00:00,calibration,0,240,HNSW_HYBRID,stock_alone,category_04,912,True,4,0.500835,"[0.50,1.00)",24.481958,1.0,False,exact_seq,,False
2026-08-30T19:35:27.252+00:00,calibration,0,240,IVFFLAT_HYBRID,stock_alone,category_04,912,True,4,0.500835,"[0.50,1.00)",23.71925,1.0,False,exact_seq,,False
2026-08-30T19:35:27.392+00:00,calibration,0,243,SQL_FIRST,wide_or,category_01,108,True,4,0.59524,"[0.50,1.00)",26.82575,1.0,True,exact_seq,,False
2026-08-30T19:35:27.423+00:00,calibration,0,243,VECTOR_FIRST_HNSW,wide_or,category_01,108,True,4,0.59524,"[0.50,1.00)",29.538833,1.0,False,exact_bitmap,,False
2026-08-30T19:35:27.451+00:00,calibration,0,243,HNSW_HYBRID,wide_or,category_01,108,True,4,0.59524,"[0.50,1.00)",26.950125,1.0,False,exact_seq,,False
2026-08-30T19:35:27.479+00:00,calibration,0,243,IVFFLAT_HYBRID,wide_or,category_01,108,True,4,0.59524,"[0.50,1.00)",26.761792,1.0,False,exact_seq,,False
2026-08-30T19:35:27.566+00:00,calibration,0,92,SQL_FIRST,single_category,category_04,474,True,1,0.0967,"[0.05,0.10)",14.090541,1.0,True,exact_bitmap,,False
2026-08-30T19:35:27.599+00:00,calibration,0,92,VECTOR_FIRST_HNSW,single_category,category_04,474,True,1,0.0967,"[0.05,0.10)",31.756042,1.0,False,exact_bitmap,,False
2026-08-30T19:35:27.613+00:00,calibration,0,92,HNSW_HYBRID,single_category,category_04,474,True,1,0.0967,"[0.05,0.10)",13.0035,1.0,False,exact_bitmap,,False
2026-08-30T19:35:27.628+00:00,calibration,0,92,IVFFLAT_HYBRID,single_category,category_04,474,True,1,0.0967,"[0.05,0.10)",14.099667,1.0,False,exact_bitmap,,False
2026-08-30T19:35:27.717+00:00,calibration,0,66,SQL_FIRST,single_category,category_02,762,True,1,0.098965,"[0.05,0.10)",14.087292,1.0,True,exact_bitmap,,False
2026-08-30T19:35:27.750+00:00,calibration,0,66,VECTOR_FIRST_HNSW,single_category,category_02,762,True,1,0.098965,"[0.05,0.10)",31.46675,1.0,False,exact_bitmap,,False
2026-08-30T19:35:27.765+00:00,calibration,0,66,HNSW_HYBRID,single_category,category_02,762,True,1,0.098965,"[0.05,0.10)",14.1695,1.0,False,exact_bitmap,,False
2026-08-30T19:35:27.782+00:00,calibration,0,66,IVFFLAT_HYBRID,single_category,category_02,762,True,1,0.098965,"[0.05,0.10)",15.29375,1.0,False,exact_bitmap,,False
2026-08-30T19:35:27.902+00:00,calibration,0,166,SQL_FIRST,three_categories,category_08,184,False,3,0.272595,"[0.25,0.50)",19.555083,1.0,True,exact_bitmap,,False
2026-08-30T19:35:27.932+00:00,calibration,0,166,VECTOR_FIRST_HNSW,three_categories,category_08,184,False,3,0.272595,"[0.25,0.50)",28.881542,1.0,False,exact_bitmap,,False
2026-08-30T19:35:27.953+00:00,calibration,0,166,HNSW_HYBRID,three_categories,category_08,184,False,3,0.272595,"[0.25,0.50)",19.893916,1.0,False,exact_bitmap,,False
2026-08-30T19:35:27.980+00:00,calibration,0,166,IVFFLAT_HYBRID,three_categories,category_08,184,False,3,0.272595,"[0.25,0.50)",25.295458,1.0,False,exact_bitmap,,False
2026-08-30T19:35:28.090+00:00,calibration,0,191,SQL_FIRST,category_or_price,category_03,170,True,3,0.250905,"[0.25,0.50)",20.153292,1.0,True,exact_bitmap,,False
2026-08-30T19:35:28.122+00:00,calibration,0,191,VECTOR_FIRST_HNSW,category_or_price,category_03,170,True,3,0.250905,"[0.25,0.50)",30.699334,1.0,False,exact_bitmap,,False
2026-08-30T19:35:28.143+00:00,calibration,0,191,HNSW_HYBRID,category_or_price,category_03,170,True,3,0.250905,"[0.25,0.50)",19.6215,1.0,False,exact_bitmap,,False
2026-08-30T19:35:28.164+00:00,calibration,0,191,IVFFLAT_HYBRID,category_or_price,category_03,170,True,3,0.250905,"[0.25,0.50)",19.981208,1.0,False,exact_bitmap,,False
2026-08-30T19:35:28.276+00:00,calibration,0,186,SQL_FIRST,three_categories,category_07,49,False,3,0.27019,"[0.25,0.50)",20.796875,1.0,True,exact_bitmap,,False
2026-08-30T19:35:28.307+00:00,calibration,0,186,VECTOR_FIRST_HNSW,three_categories,category_07,49,False,3,0.27019,"[0.25,0.50)",29.677792,1.0,False,exact_bitmap,,False
2026-08-30T19:35:28.328+00:00,calibration,0,186,HNSW_HYBRID,three_categories,category_07,49,False,3,0.27019,"[0.25,0.50)",19.751834,1.0,False,exact_bitmap,,False
2026-08-30T19:35:28.349+00:00,calibration,0,186,IVFFLAT_HYBRID,three_categories,category_07,49,False,3,0.27019,"[0.25,0.50)",19.871042,1.0,False,exact_bitmap,,False
2026-08-30T19:35:28.439+00:00,calibration,0,128,SQL_FIRST,price_range_mid,category_07,988,False,2,0.101035,"[0.10,0.25)",14.623208,1.0,True,exact_bitmap,,False
2026-08-30T19:35:28.471+00:00,calibration,0,128,VECTOR_FIRST_HNSW,price_range_mid,category_07,988,False,2,0.101035,"[0.10,0.25)",30.446417,0.9,False,exact_bitmap,,False
2026-08-30T19:35:28.485+00:00,calibration,0,128,HNSW_HYBRID,price_range_mid,category_07,988,False,2,0.101035,"[0.10,0.25)",12.93075,1.0,False,exact_bitmap,,False
2026-08-30T19:35:28.501+00:00,calibration,0,128,IVFFLAT_HYBRID,price_range_mid,category_07,988,False,2,0.101035,"[0.10,0.25)",14.530959,1.0,False,exact_bitmap,,False
2026-08-30T19:35:28.672+00:00,calibration,0,171,SQL_FIRST,three_categories,category_01,367,True,3,0.272085,"[0.25,0.50)",20.670667,1.0,True,exact_bitmap,,False
2026-08-30T19:35:28.704+00:00,calibration,0,171,VECTOR_FIRST_HNSW,three_categories,category_01,367,True,3,0.272085,"[0.25,0.50)",31.676709,1.0,False,exact_bitmap,,False
2026-08-30T19:35:28.729+00:00,calibration,0,171,HNSW_HYBRID,three_categories,category_01,367,True,3,0.272085,"[0.25,0.50)",24.010417,1.0,False,exact_bitmap,,False
2026-08-30T19:35:28.750+00:00,calibration,0,171,IVFFLAT_HYBRID,three_categories,category_01,367,True,3,0.272085,"[0.25,0.50)",19.837042,1.0,False,exact_bitmap,,False
2026-08-30T19:35:28.796+00:00,calibration,0,36,SQL_FIRST,category_narrow_price,category_01,378,True,0,0.005045,"[0.00,0.05)",3.498667,1.0,True,exact_bitmap,,False
2026-08-30T19:35:28.829+00:00,calibration,0,36,VECTOR_FIRST_HNSW,category_narrow_price,category_01,378,True,0,0.005045,"[0.00,0.05)",31.763959,0.1,False,exact_bitmap,,False
2026-08-30T19:35:28.833+00:00,calibration,0,36,HNSW_HYBRID,category_narrow_price,category_01,378,True,0,0.005045,"[0.00,0.05)",3.472167,1.0,False,exact_bitmap,,False
2026-08-30T19:35:28.837+00:00,calibration,0,36,IVFFLAT_HYBRID,category_narrow_price,category_01,378,True,0,0.005045,"[0.00,0.05)",3.088916,1.0,False,exact_bitmap,,False
2026-08-30T19:35:28.883+00:00,calibration,0,50,SQL_FIRST,category_narrow_price,category_06,458,True,0,0.00482,"[0.00,0.05)",2.980167,1.0,True,exact_bitmap,,False
2026-08-30T19:35:28.914+00:00,calibration,0,50,VECTOR_FIRST_HNSW,category_narrow_price,category_06,458,True,0,0.00482,"[0.00,0.05)",29.99775,0.0,False,exact_bitmap,,False
2026-08-30T19:35:28.918+00:00,calibration,0,50,HNSW_HYBRID,category_narrow_price,category_06,458,True,0,0.00482,"[0.00,0.05)",2.615167,1.0,False,exact_bitmap,,False
2026-08-30T19:35:28.922+00:00,calibration,0,50,IVFFLAT_HYBRID,category_narrow_price,category_06,458,True,0,0.00482,"[0.00,0.05)",3.142583,1.0,False,exact_bitmap,,False
2026-08-30T19:35:28.959+00:00,calibration,0,31,SQL_FIRST,category_narrow_price,category_01,11,False,0,9.5e-05,"[0.00,0.05)",0.87325,1.0,True,exact_bitmap,,False
2026-08-30T19:35:28.990+00:00,calibration,0,31,VECTOR_FIRST_HNSW,category_narrow_price,category_01,11,False,0,9.5e-05,"[0.00,0.05)",30.265041,0.0,False,exact_bitmap,,False
2026-08-30T19:35:28.993+00:00,calibration,0,31,HNSW_HYBRID,category_narrow_price,category_01,11,False,0,9.5e-05,"[0.00,0.05)",1.308917,1.0,False,exact_bitmap,,False
2026-08-30T19:35:28.994+00:00,calibration,0,31,IVFFLAT_HYBRID,category_narrow_price,category_01,11,False,0,9.5e-05,"[0.00,0.05)",0.951792,1.0,False,exact_bitmap,,False
2026-08-30T19:35:29.038+00:00,calibration,0,27,SQL_FIRST,category_narrow_price,category_04,833,False,0,0.005045,"[0.00,0.05)",3.144708,1.0,True,exact_bitmap,,False
2026-08-30T19:35:29.071+00:00,calibration,0,27,VECTOR_FIRST_HNSW,category_narrow_price,category_04,833,False,0,0.005045,"[0.00,0.05)",32.171,0.0,False,exact_bitmap,,False
2026-08-30T19:35:29.075+00:00,calibration,0,27,HNSW_HYBRID,category_narrow_price,category_04,833,False,0,0.005045,"[0.00,0.05)",2.811375,1.0,False,exact_bitmap,,False
2026-08-30T19:35:29.079+00:00,calibration,0,27,IVFFLAT_HYBRID,category_narrow_price,category_04,833,False,0,0.005045,"[0.00,0.05)",3.319125,1.0,False,exact_bitmap,,False
2026-08-30T19:35:29.194+00:00,calibration,0,196,SQL_FIRST,three_categories,category_00,953,True,3,0.271845,"[0.25,0.50)",19.669792,1.0,True,exact_bitmap,,False
2026-08-30T19:35:29.225+00:00,calibration,0,196,VECTOR_FIRST_HNSW,three_categories,category_00,953,True,3,0.271845,"[0.25,0.50)",28.340417,1.0,False,exact_bitmap,,False
2026-08-30T19:35:29.246+00:00,calibration,0,196,HNSW_HYBRID,three_categories,category_00,953,True,3,0.271845,"[0.25,0.50)",19.577458,1.0,False,exact_bitmap,,False
2026-08-30T19:35:29.268+00:00,calibration,0,196,IVFFLAT_HYBRID,three_categories,category_00,953,True,3,0.271845,"[0.25,0.50)",20.781333,1.0,False,exact_bitmap,,False
2026-08-30T19:35:29.386+00:00,calibration,0,169,SQL_FIRST,three_categories,category_05,245,True,3,0.271,"[0.25,0.50)",22.422375,1.0,True,exact_bitmap,,False
2026-08-30T19:35:29.417+00:00,calibration,0,169,VECTOR_FIRST_HNSW,three_categories,category_05,245,True,3,0.271,"[0.25,0.50)",29.333625,1.0,False,exact_bitmap,,False
2026-08-30T19:35:29.439+00:00,calibration,0,169,HNSW_HYBRID,three_categories,category_05,245,True,3,0.271,"[0.25,0.50)",21.229375,1.0,False,exact_bitmap,,False
2026-08-30T19:35:29.463+00:00,calibration,0,169,IVFFLAT_HYBRID,three_categories,category_05,245,True,3,0.271,"[0.25,0.50)",23.472083,1.0,False,exact_bitmap,,False
2026-08-30T19:35:29.580+00:00,calibration,0,184,SQL_FIRST,three_categories,category_00,281,False,3,0.271845,"[0.25,0.50)",19.904916,1.0,True,exact_bitmap,,False
2026-08-30T19:35:29.611+00:00,calibration,0,184,VECTOR_FIRST_HNSW,three_categories,category_00,281,False,3,0.271845,"[0.25,0.50)",29.141041,1.0,False,exact_bitmap,,False
2026-08-30T19:35:29.632+00:00,calibration,0,184,HNSW_HYBRID,three_categories,category_00,281,False,3,0.271845,"[0.25,0.50)",19.518,1.0,False,exact_bitmap,,False
2026-08-30T19:35:29.654+00:00,calibration,0,184,IVFFLAT_HYBRID,three_categories,category_00,281,False,3,0.271845,"[0.25,0.50)",20.521458,1.0,False,exact_bitmap,,False
2026-08-30T19:35:29.812+00:00,calibration,0,204,SQL_FIRST,wide_or,category_09,659,False,4,0.844195,"[0.50,1.00)",32.43425,1.0,True,exact_seq,,False
2026-08-30T19:35:29.843+00:00,calibration,0,204,VECTOR_FIRST_HNSW,wide_or,category_09,659,False,4,0.844195,"[0.50,1.00)",30.006542,1.0,False,exact_bitmap,,False
2026-08-30T19:35:29.878+00:00,calibration,0,204,HNSW_HYBRID,wide_or,category_09,659,False,4,0.844195,"[0.50,1.00)",33.191833,1.0,False,exact_seq,,False
2026-08-30T19:35:29.912+00:00,calibration,0,204,IVFFLAT_HYBRID,wide_or,category_09,659,False,4,0.844195,"[0.50,1.00)",33.506666,1.0,False,exact_seq,,False
2026-08-30T19:35:30.037+00:00,calibration,0,189,SQL_FIRST,category_or_price,category_03,255,False,3,0.328055,"[0.25,0.50)",22.414125,1.0,True,exact_seq,,False
2026-08-30T19:35:30.067+00:00,calibration,0,189,VECTOR_FIRST_HNSW,category_or_price,category_03,255,False,3,0.328055,"[0.25,0.50)",28.835459,1.0,False,exact_bitmap,,False
2026-08-30T19:35:30.090+00:00,calibration,0,189,HNSW_HYBRID,category_or_price,category_03,255,False,3,0.328055,"[0.25,0.50)",22.313542,1.0,False,exact_seq,,False
2026-08-30T19:35:30.115+00:00,calibration,0,189,IVFFLAT_HYBRID,category_or_price,category_03,255,False,3,0.328055,"[0.25,0.50)",22.193917,1.0,False,exact_seq,,False
2026-08-30T19:35:30.273+00:00,calibration,0,245,SQL_FIRST,wide_or,category_01,394,False,4,0.725165,"[0.50,1.00)",31.989583,1.0,True,exact_seq,,False
2026-08-30T19:35:30.306+00:00,calibration,0,245,VECTOR_FIRST_HNSW,wide_or,category_01,394,False,4,0.725165,"[0.50,1.00)",31.170125,1.0,False,exact_bitmap,,False
2026-08-30T19:35:30.341+00:00,calibration,0,245,HNSW_HYBRID,wide_or,category_01,394,False,4,0.725165,"[0.50,1.00)",33.556,1.0,False,exact_seq,,False
2026-08-30T19:35:30.377+00:00,calibration,0,245,IVFFLAT_HYBRID,wide_or,category_01,394,False,4,0.725165,"[0.50,1.00)",34.2705,1.0,False,exact_seq,,False
2026-08-30T19:35:30.475+00:00,calibration,0,54,SQL_FIRST,single_category,category_04,565,True,1,0.0967,"[0.05,0.10)",15.824208,1.0,True,exact_bitmap,,False
2026-08-30T19:35:30.509+00:00,calibration,0,54,VECTOR_FIRST_HNSW,single_category,category_04,565,True,1,0.0967,"[0.05,0.10)",33.503834,1.0,False,exact_bitmap,,False
2026-08-30T19:35:30.524+00:00,calibration,0,54,HNSW_HYBRID,single_category,category_04,565,True,1,0.0967,"[0.05,0.10)",13.916375,1.0,False,exact_bitmap,,False
2026-08-30T19:35:30.541+00:00,calibration,0,54,IVFFLAT_HYBRID,single_category,category_04,565,True,1,0.0967,"[0.05,0.10)",15.590125,1.0,False,exact_bitmap,,False
2026-08-30T19:35:30.634+00:00,calibration,0,56,SQL_FIRST,single_category,category_04,519,False,1,0.0967,"[0.05,0.10)",14.035375,1.0,True,exact_bitmap,,False
2026-08-30T19:35:30.665+00:00,calibration,0,56,VECTOR_FIRST_HNSW,single_category,category_04,519,False,1,0.0967,"[0.05,0.10)",30.12575,0.7,False,exact_bitmap,,False
2026-08-30T19:35:30.681+00:00,calibration,0,56,HNSW_HYBRID,single_category,category_04,519,False,1,0.0967,"[0.05,0.10)",13.467583,1.0,False,exact_bitmap,,False
2026-08-30T19:35:30.696+00:00,calibration,0,56,IVFFLAT_HYBRID,single_category,category_04,519,False,1,0.0967,"[0.05,0.10)",14.058333,1.0,False,exact_bitmap,,False
2026-08-30T19:35:30.786+00:00,calibration,0,122,SQL_FIRST,single_category_alone,category_05,890,False,2,0.100035,"[0.10,0.25)",14.2385,1.0,True,exact_bitmap,,False
2026-08-30T19:35:30.818+00:00,calibration,0,122,VECTOR_FIRST_HNSW,single_category_alone,category_05,890,False,2,0.100035,"[0.10,0.25)",30.08925,0.7,False,exact_bitmap,,False
2026-08-30T19:35:30.832+00:00,calibration,0,122,HNSW_HYBRID,single_category_alone,category_05,890,False,2,0.100035,"[0.10,0.25)",12.948,1.0,False,exact_bitmap,,False
2026-08-30T19:35:30.848+00:00,calibration,0,122,IVFFLAT_HYBRID,single_category_alone,category_05,890,False,2,0.100035,"[0.10,0.25)",14.190417,1.0,False,exact_bitmap,,False
2026-08-30T19:35:30.978+00:00,calibration,0,148,SQL_FIRST,two_categories,category_04,921,False,2,0.196735,"[0.10,0.25)",23.25125,1.0,True,exact_bitmap,,False
2026-08-30T19:35:31.011+00:00,calibration,0,148,VECTOR_FIRST_HNSW,two_categories,category_04,921,False,2,0.196735,"[0.10,0.25)",31.141584,1.0,False,exact_bitmap,,False
2026-08-30T19:35:31.034+00:00,calibration,0,148,HNSW_HYBRID,two_categories,category_04,921,False,2,0.196735,"[0.10,0.25)",22.195125,1.0,False,exact_bitmap,,False
2026-08-30T19:35:31.058+00:00,calibration,0,148,IVFFLAT_HYBRID,two_categories,category_04,921,False,2,0.196735,"[0.10,0.25)",23.781917,1.0,False,exact_bitmap,,False
2026-08-30T19:35:31.102+00:00,calibration,0,24,SQL_FIRST,category_narrow_price,category_02,216,True,0,0.004975,"[0.00,0.05)",2.978625,1.0,True,exact_bitmap,,False
2026-08-30T19:35:31.135+00:00,calibration,0,24,VECTOR_FIRST_HNSW,category_narrow_price,category_02,216,True,0,0.004975,"[0.00,0.05)",31.609583,0.1,False,exact_bitmap,,False
2026-08-30T19:35:31.140+00:00,calibration,0,24,HNSW_HYBRID,category_narrow_price,category_02,216,True,0,0.004975,"[0.00,0.05)",2.990458,1.0,False,exact_bitmap,,False
2026-08-30T19:35:31.143+00:00,calibration,0,24,IVFFLAT_HYBRID,category_narrow_price,category_02,216,True,0,0.004975,"[0.00,0.05)",2.672917,1.0,False,exact_bitmap,,False
2026-08-30T19:35:31.232+00:00,calibration,0,73,SQL_FIRST,single_category,category_02,340,False,1,0.098965,"[0.05,0.10)",14.181875,1.0,True,exact_bitmap,,False
2026-08-30T19:35:31.263+00:00,calibration,0,73,VECTOR_FIRST_HNSW,single_category,category_02,340,False,1,0.098965,"[0.05,0.10)",30.029083,1.0,False,exact_bitmap,,False
2026-08-30T19:35:31.277+00:00,calibration,0,73,HNSW_HYBRID,single_category,category_02,340,False,1,0.098965,"[0.05,0.10)",13.029583,1.0,False,exact_bitmap,,False
2026-08-30T19:35:31.293+00:00,calibration,0,73,IVFFLAT_HYBRID,single_category,category_02,340,False,1,0.098965,"[0.05,0.10)",14.088417,1.0,False,exact_bitmap,,False
2026-08-30T19:35:31.385+00:00,calibration,0,124,SQL_FIRST,price_range_mid,category_03,935,False,2,0.10056,"[0.10,0.25)",14.871167,1.0,True,exact_bitmap,,False
2026-08-30T19:35:31.417+00:00,calibration,0,124,VECTOR_FIRST_HNSW,price_range_mid,category_03,935,False,2,0.10056,"[0.10,0.25)",31.076083,0.8,False,exact_bitmap,,False
2026-08-30T19:35:31.433+00:00,calibration,0,124,HNSW_HYBRID,price_range_mid,category_03,935,False,2,0.10056,"[0.10,0.25)",14.210333,1.0,False,exact_bitmap,,False
2026-08-30T19:35:31.449+00:00,calibration,0,124,IVFFLAT_HYBRID,price_range_mid,category_03,935,False,2,0.10056,"[0.10,0.25)",15.3165,1.0,False,exact_bitmap,,False
2026-08-30T19:35:31.540+00:00,calibration,0,145,SQL_FIRST,price_range_mid,category_07,173,False,2,0.102435,"[0.10,0.25)",14.6575,1.0,True,exact_bitmap,,False
2026-08-30T19:35:31.572+00:00,calibration,0,145,VECTOR_FIRST_HNSW,price_range_mid,category_07,173,False,2,0.102435,"[0.10,0.25)",30.134917,0.6,False,exact_bitmap,,False
2026-08-30T19:35:31.588+00:00,calibration,0,145,HNSW_HYBRID,price_range_mid,category_07,173,False,2,0.102435,"[0.10,0.25)",13.937166,1.0,False,exact_bitmap,,False
2026-08-30T19:35:31.604+00:00,calibration,0,145,IVFFLAT_HYBRID,price_range_mid,category_07,173,False,2,0.102435,"[0.10,0.25)",14.567084,1.0,False,exact_bitmap,,False
2026-08-30T19:35:31.683+00:00,calibration,0,32,SQL_FIRST,category_and_stock,category_08,871,True,0,0.049415,"[0.00,0.05)",11.601875,1.0,True,exact_bitmap,,False
2026-08-30T19:35:31.715+00:00,calibration,0,32,VECTOR_FIRST_HNSW,category_and_stock,category_08,871,True,0,0.049415,"[0.00,0.05)",30.0165,0.2,False,exact_bitmap,,False
2026-08-30T19:35:31.728+00:00,calibration,0,32,HNSW_HYBRID,category_and_stock,category_08,871,True,0,0.049415,"[0.00,0.05)",11.714,1.0,False,exact_bitmap,,False
2026-08-30T19:35:31.741+00:00,calibration,0,32,IVFFLAT_HYBRID,category_and_stock,category_08,871,True,0,0.049415,"[0.00,0.05)",11.643209,1.0,False,exact_bitmap,,False
2026-08-30T19:35:31.787+00:00,calibration,0,35,SQL_FIRST,category_narrow_price,category_00,510,True,0,0.005215,"[0.00,0.05)",3.1355,1.0,True,exact_bitmap,,False
2026-08-30T19:35:31.818+00:00,calibration,0,35,VECTOR_FIRST_HNSW,category_narrow_price,category_00,510,True,0,0.005215,"[0.00,0.05)",30.02775,0.0,False,exact_bitmap,,False
2026-08-30T19:35:31.823+00:00,calibration,0,35,HNSW_HYBRID,category_narrow_price,category_00,510,True,0,0.005215,"[0.00,0.05)",3.085875,1.0,False,exact_bitmap,,False
2026-08-30T19:35:31.827+00:00,calibration,0,35,IVFFLAT_HYBRID,category_narrow_price,category_00,510,True,0,0.005215,"[0.00,0.05)",2.84125,1.0,False,exact_bitmap,,False
2026-08-30T19:35:32.001+00:00,calibration,0,214,SQL_FIRST,stock_alone,category_01,778,True,4,0.500835,"[0.50,1.00)",72.807625,1.0,True,exact_seq,,False
2026-08-30T19:35:32.033+00:00,calibration,0,214,VECTOR_FIRST_HNSW,stock_alone,category_01,778,True,4,0.500835,"[0.50,1.00)",31.168708,1.0,False,exact_bitmap,,False
2026-08-30T19:35:32.057+00:00,calibration,0,214,HNSW_HYBRID,stock_alone,category_01,778,True,4,0.500835,"[0.50,1.00)",22.888875,1.0,False,exact_seq,,False
2026-08-30T19:35:32.080+00:00,calibration,0,214,IVFFLAT_HYBRID,stock_alone,category_01,778,True,4,0.500835,"[0.50,1.00)",22.709667,1.0,False,exact_seq,,False
2026-08-30T19:35:32.219+00:00,calibration,0,219,SQL_FIRST,wide_or,category_08,66,False,4,0.574485,"[0.50,1.00)",26.731333,1.0,True,exact_seq,,False
2026-08-30T19:35:32.251+00:00,calibration,0,219,VECTOR_FIRST_HNSW,wide_or,category_08,66,False,4,0.574485,"[0.50,1.00)",29.217,1.0,False,exact_bitmap,,False
2026-08-30T19:35:32.279+00:00,calibration,0,219,HNSW_HYBRID,wide_or,category_08,66,False,4,0.574485,"[0.50,1.00)",27.02975,1.0,False,exact_seq,,False
2026-08-30T19:35:32.308+00:00,calibration,0,219,IVFFLAT_HYBRID,wide_or,category_08,66,False,4,0.574485,"[0.50,1.00)",28.027292,1.0,False,exact_seq,,False
2026-08-30T19:35:32.435+00:00,calibration,0,121,SQL_FIRST,two_categories,category_06,403,False,2,0.199965,"[0.10,0.25)",23.804583,1.0,True,exact_bitmap,,False
2026-08-30T19:35:32.468+00:00,calibration,0,121,VECTOR_FIRST_HNSW,two_categories,category_06,403,False,2,0.199965,"[0.10,0.25)",30.986042,1.0,False,exact_bitmap,,False
2026-08-30T19:35:32.496+00:00,calibration,0,121,HNSW_HYBRID,two_categories,category_06,403,False,2,0.199965,"[0.10,0.25)",26.313542,1.0,False,exact_bitmap,,False
2026-08-30T19:35:32.521+00:00,calibration,0,121,IVFFLAT_HYBRID,two_categories,category_06,403,False,2,0.199965,"[0.10,0.25)",23.998834,1.0,False,exact_bitmap,,False
2026-08-30T19:35:32.634+00:00,calibration,0,198,SQL_FIRST,three_categories,category_03,482,True,3,0.27136,"[0.25,0.50)",19.387292,1.0,True,exact_bitmap,,False
2026-08-30T19:35:32.664+00:00,calibration,0,198,VECTOR_FIRST_HNSW,three_categories,category_03,482,True,3,0.27136,"[0.25,0.50)",28.982292,1.0,False,exact_bitmap,,False
2026-08-30T19:35:32.686+00:00,calibration,0,198,HNSW_HYBRID,three_categories,category_03,482,True,3,0.27136,"[0.25,0.50)",19.324792,1.0,False,exact_bitmap,,False
2026-08-30T19:35:32.708+00:00,calibration,0,198,IVFFLAT_HYBRID,three_categories,category_03,482,True,3,0.27136,"[0.25,0.50)",19.803792,1.0,False,exact_bitmap,,False
2026-08-30T19:35:32.867+00:00,calibration,0,234,SQL_FIRST,wide_or,category_06,645,True,4,0.838955,"[0.50,1.00)",30.909292,1.0,True,exact_seq,,False
2026-08-30T19:35:32.897+00:00,calibration,0,234,VECTOR_FIRST_HNSW,wide_or,category_06,645,True,4,0.838955,"[0.50,1.00)",29.006917,1.0,False,exact_bitmap,,False
2026-08-30T19:35:32.929+00:00,calibration,0,234,HNSW_HYBRID,wide_or,category_06,645,True,4,0.838955,"[0.50,1.00)",30.793125,1.0,False,exact_seq,,False
2026-08-30T19:35:32.964+00:00,calibration,0,234,IVFFLAT_HYBRID,wide_or,category_06,645,True,4,0.838955,"[0.50,1.00)",33.422375,1.0,False,exact_seq,,False
2026-08-30T19:35:33.064+00:00,calibration,0,81,SQL_FIRST,single_category,category_02,688,True,1,0.098965,"[0.05,0.10)",15.575875,1.0,True,exact_bitmap,,False
2026-08-30T19:35:33.097+00:00,calibration,0,81,VECTOR_FIRST_HNSW,single_category,category_02,688,True,1,0.098965,"[0.05,0.10)",31.993083,1.0,False,exact_bitmap,,False
2026-08-30T19:35:33.111+00:00,calibration,0,81,HNSW_HYBRID,single_category,category_02,688,True,1,0.098965,"[0.05,0.10)",13.102959,1.0,False,exact_bitmap,,False
2026-08-30T19:35:33.127+00:00,calibration,0,81,IVFFLAT_HYBRID,single_category,category_02,688,True,1,0.098965,"[0.05,0.10)",14.089208,1.0,False,exact_bitmap,,False
2026-08-30T19:35:33.241+00:00,calibration,0,193,SQL_FIRST,three_categories,category_03,882,False,3,0.27136,"[0.25,0.50)",21.520209,1.0,True,exact_bitmap,,False
2026-08-30T19:35:33.276+00:00,calibration,0,193,VECTOR_FIRST_HNSW,three_categories,category_03,882,False,3,0.27136,"[0.25,0.50)",32.192083,1.0,False,exact_bitmap,,False
2026-08-30T19:35:33.298+00:00,calibration,0,193,HNSW_HYBRID,three_categories,category_03,882,False,3,0.27136,"[0.25,0.50)",20.883166,1.0,False,exact_bitmap,,False
2026-08-30T19:35:33.324+00:00,calibration,0,193,IVFFLAT_HYBRID,three_categories,category_03,882,False,3,0.27136,"[0.25,0.50)",25.036375,1.0,False,exact_bitmap,,False
2026-08-30T19:35:33.445+00:00,calibration,0,182,SQL_FIRST,three_categories,category_06,457,False,3,0.269895,"[0.25,0.50)",20.959833,1.0,True,exact_bitmap,,False
2026-08-30T19:35:33.478+00:00,calibration,0,182,VECTOR_FIRST_HNSW,three_categories,category_06,457,False,3,0.269895,"[0.25,0.50)",31.661583,1.0,False,exact_bitmap,,False
2026-08-30T19:35:33.501+00:00,calibration,0,182,HNSW_HYBRID,three_categories,category_06,457,False,3,0.269895,"[0.25,0.50)",21.059542,1.0,False,exact_bitmap,,False
2026-08-30T19:35:33.526+00:00,calibration,0,182,IVFFLAT_HYBRID,three_categories,category_06,457,False,3,0.269895,"[0.25,0.50)",23.221958,1.0,False,exact_bitmap,,False
2026-08-30T19:35:33.626+00:00,calibration,0,108,SQL_FIRST,price_range_mid,category_04,844,False,2,0.102255,"[0.10,0.25)",16.822,1.0,True,exact_bitmap,,False
2026-08-30T19:35:33.662+00:00,calibration,0,108,VECTOR_FIRST_HNSW,price_range_mid,category_04,844,False,2,0.102255,"[0.10,0.25)",33.608375,0.9,False,exact_bitmap,,False
2026-08-30T19:35:33.680+00:00,calibration,0,108,HNSW_HYBRID,price_range_mid,category_04,844,False,2,0.102255,"[0.10,0.25)",16.659916,1.0,False,exact_bitmap,,False
2026-08-30T19:35:33.698+00:00,calibration,0,108,IVFFLAT_HYBRID,price_range_mid,category_04,844,False,2,0.102255,"[0.10,0.25)",16.326125,1.0,False,exact_bitmap,,False
2026-08-30T19:35:33.791+00:00,calibration,0,75,SQL_FIRST,single_category,category_09,503,False,1,0.0999,"[0.05,0.10)",14.203417,1.0,True,exact_bitmap,,False
2026-08-30T19:35:33.824+00:00,calibration,0,75,VECTOR_FIRST_HNSW,single_category,category_09,503,False,1,0.0999,"[0.05,0.10)",30.05125,0.8,False,exact_bitmap,,False
2026-08-30T19:35:33.838+00:00,calibration,0,75,HNSW_HYBRID,single_category,category_09,503,False,1,0.0999,"[0.05,0.10)",12.997625,1.0,False,exact_bitmap,,False
2026-08-30T19:35:33.855+00:00,calibration,0,75,IVFFLAT_HYBRID,single_category,category_09,503,False,1,0.0999,"[0.05,0.10)",15.812,1.0,False,exact_bitmap,,False
2026-08-30T19:35:33.945+00:00,calibration,0,86,SQL_FIRST,single_category,category_08,973,True,1,0.098665,"[0.05,0.10)",14.803459,1.0,True,exact_bitmap,,False
2026-08-30T19:35:33.975+00:00,calibration,0,86,VECTOR_FIRST_HNSW,single_category,category_08,973,True,1,0.098665,"[0.05,0.10)",28.963792,1.0,False,exact_bitmap,,False
2026-08-30T19:35:33.989+00:00,calibration,0,86,HNSW_HYBRID,single_category,category_08,973,True,1,0.098665,"[0.05,0.10)",13.187208,1.0,False,exact_bitmap,,False
2026-08-30T19:35:34.005+00:00,calibration,0,86,IVFFLAT_HYBRID,single_category,category_08,973,True,1,0.098665,"[0.05,0.10)",14.62575,1.0,False,exact_bitmap,,False
2026-08-30T19:35:34.098+00:00,calibration,0,131,SQL_FIRST,price_range_mid,category_09,865,False,2,0.100935,"[0.10,0.25)",14.737083,1.0,True,exact_bitmap,,False
2026-08-30T19:35:34.130+00:00,calibration,0,131,VECTOR_FIRST_HNSW,price_range_mid,category_09,865,False,2,0.100935,"[0.10,0.25)",30.299125,1.0,False,exact_bitmap,,False
2026-08-30T19:35:34.145+00:00,calibration,0,131,HNSW_HYBRID,price_range_mid,category_09,865,False,2,0.100935,"[0.10,0.25)",14.238416,1.0,False,exact_bitmap,,False
2026-08-30T19:35:34.161+00:00,calibration,0,131,IVFFLAT_HYBRID,price_range_mid,category_09,865,False,2,0.100935,"[0.10,0.25)",15.338708,1.0,False,exact_bitmap,,False
2026-08-30T19:35:34.309+00:00,calibration,0,210,SQL_FIRST,wide_or,category_02,355,False,4,0.70661,"[0.50,1.00)",28.391459,1.0,True,exact_seq,,False
2026-08-30T19:35:34.340+00:00,calibration,0,210,VECTOR_FIRST_HNSW,wide_or,category_02,355,False,4,0.70661,"[0.50,1.00)",28.706417,1.0,False,exact_bitmap,,False
2026-08-30T19:35:34.372+00:00,calibration,0,210,HNSW_HYBRID,wide_or,category_02,355,False,4,0.70661,"[0.50,1.00)",31.073625,1.0,False,exact_seq,,False
2026-08-30T19:35:34.405+00:00,calibration,0,210,IVFFLAT_HYBRID,wide_or,category_02,355,False,4,0.70661,"[0.50,1.00)",31.741958,1.0,False,exact_seq,,False
2026-08-30T19:35:34.546+00:00,calibration,0,127,SQL_FIRST,two_categories,category_08,19,True,2,0.198565,"[0.10,0.25)",26.58725,1.0,True,exact_bitmap,,False
2026-08-30T19:35:34.579+00:00,calibration,0,127,VECTOR_FIRST_HNSW,two_categories,category_08,19,True,2,0.198565,"[0.10,0.25)",31.904375,1.0,False,exact_bitmap,,False
2026-08-30T19:35:34.604+00:00,calibration,0,127,HNSW_HYBRID,two_categories,category_08,19,True,2,0.198565,"[0.10,0.25)",23.605917,1.0,False,exact_bitmap,,False
2026-08-30T19:35:34.630+00:00,calibration,0,127,IVFFLAT_HYBRID,two_categories,category_08,19,True,2,0.198565,"[0.10,0.25)",25.24425,1.0,False,exact_bitmap,,False
2026-08-30T19:35:34.676+00:00,calibration,0,18,SQL_FIRST,category_narrow_price,category_02,943,False,0,0.004885,"[0.00,0.05)",2.474041,1.0,True,exact_bitmap,,False
2026-08-30T19:35:34.709+00:00,calibration,0,18,VECTOR_FIRST_HNSW,category_narrow_price,category_02,943,False,0,0.004885,"[0.00,0.05)",31.354167,0.3,False,exact_bitmap,,False
2026-08-30T19:35:34.712+00:00,calibration,0,18,HNSW_HYBRID,category_narrow_price,category_02,943,False,0,0.004885,"[0.00,0.05)",2.723083,1.0,False,exact_bitmap,,False
2026-08-30T19:35:34.716+00:00,calibration,0,18,IVFFLAT_HYBRID,category_narrow_price,category_02,943,False,0,0.004885,"[0.00,0.05)",2.69075,1.0,False,exact_bitmap,,False
2026-08-30T19:35:34.843+00:00,calibration,0,236,SQL_FIRST,stock_alone,category_09,796,True,4,0.500835,"[0.50,1.00)",22.78275,1.0,True,exact_seq,,False
2026-08-30T19:35:34.875+00:00,calibration,0,236,VECTOR_FIRST_HNSW,stock_alone,category_09,796,True,4,0.500835,"[0.50,1.00)",28.934292,1.0,False,exact_bitmap,,False
2026-08-30T19:35:34.901+00:00,calibration,0,236,HNSW_HYBRID,stock_alone,category_09,796,True,4,0.500835,"[0.50,1.00)",24.849083,1.0,False,exact_seq,,False
2026-08-30T19:35:34.929+00:00,calibration,0,236,IVFFLAT_HYBRID,stock_alone,category_09,796,True,4,0.500835,"[0.50,1.00)",26.426833,1.0,False,exact_seq,,False
2026-08-30T19:35:35.090+00:00,calibration,0,202,SQL_FIRST,wide_or,category_01,278,True,4,0.67306,"[0.50,1.00)",31.02,1.0,True,exact_seq,,False
2026-08-30T19:35:35.125+00:00,calibration,0,202,VECTOR_FIRST_HNSW,wide_or,category_01,278,True,4,0.67306,"[0.50,1.00)",33.12575,1.0,False,exact_bitmap,,False
2026-08-30T19:35:35.157+00:00,calibration,0,202,HNSW_HYBRID,wide_or,category_01,278,True,4,0.67306,"[0.50,1.00)",30.503875,1.0,False,exact_seq,,False
2026-08-30T19:35:35.189+00:00,calibration,0,202,IVFFLAT_HYBRID,wide_or,category_01,278,True,4,0.67306,"[0.50,1.00)",30.434334,1.0,False,exact_seq,,False
2026-08-30T19:35:35.274+00:00,calibration,0,49,SQL_FIRST,category_and_stock,category_04,765,True,0,0.04843,"[0.00,0.05)",13.923542,1.0,True,exact_bitmap,,False
2026-08-30T19:35:35.310+00:00,calibration,0,49,VECTOR_FIRST_HNSW,category_and_stock,category_04,765,True,0,0.04843,"[0.00,0.05)",33.574875,0.1,False,exact_bitmap,,False
2026-08-30T19:35:35.323+00:00,calibration,0,49,HNSW_HYBRID,category_and_stock,category_04,765,True,0,0.04843,"[0.00,0.05)",11.474333,1.0,False,exact_bitmap,,False
2026-08-30T19:35:35.338+00:00,calibration,0,49,IVFFLAT_HYBRID,category_and_stock,category_04,765,True,0,0.04843,"[0.00,0.05)",13.557666,1.0,False,exact_bitmap,,False
2026-08-30T19:35:35.475+00:00,calibration,0,223,SQL_FIRST,stock_alone,category_02,427,True,4,0.500835,"[0.50,1.00)",24.640292,1.0,True,exact_seq,,False
2026-08-30T19:35:35.509+00:00,calibration,0,223,VECTOR_FIRST_HNSW,stock_alone,category_02,427,True,4,0.500835,"[0.50,1.00)",32.029209,1.0,False,exact_bitmap,,False
2026-08-30T19:35:35.534+00:00,calibration,0,223,HNSW_HYBRID,stock_alone,category_02,427,True,4,0.500835,"[0.50,1.00)",24.676625,1.0,False,exact_seq,,False
2026-08-30T19:35:35.560+00:00,calibration,0,223,IVFFLAT_HYBRID,stock_alone,category_02,427,True,4,0.500835,"[0.50,1.00)",24.85375,1.0,False,exact_seq,,False
2026-08-30T19:35:35.660+00:00,calibration,0,70,SQL_FIRST,single_category,category_06,73,True,1,0.099535,"[0.05,0.10)",15.962625,1.0,True,exact_bitmap,,False
2026-08-30T19:35:35.695+00:00,calibration,0,70,VECTOR_FIRST_HNSW,single_category,category_06,73,True,1,0.099535,"[0.05,0.10)",34.000208,0.9,False,exact_bitmap,,False
2026-08-30T19:35:35.710+00:00,calibration,0,70,HNSW_HYBRID,single_category,category_06,73,True,1,0.099535,"[0.05,0.10)",13.962458,1.0,False,exact_bitmap,,False
2026-08-30T19:35:35.726+00:00,calibration,0,70,IVFFLAT_HYBRID,single_category,category_06,73,True,1,0.099535,"[0.05,0.10)",15.608625,1.0,False,exact_bitmap,,False
2026-08-30T19:35:35.826+00:00,calibration,0,95,SQL_FIRST,single_category,category_08,718,True,1,0.098665,"[0.05,0.10)",16.033959,1.0,True,exact_bitmap,,False
2026-08-30T19:35:35.860+00:00,calibration,0,95,VECTOR_FIRST_HNSW,single_category,category_08,718,True,1,0.098665,"[0.05,0.10)",33.408792,0.6,False,exact_bitmap,,False
2026-08-30T19:35:35.877+00:00,calibration,0,95,HNSW_HYBRID,single_category,category_08,718,True,1,0.098665,"[0.05,0.10)",14.093458,1.0,False,exact_bitmap,,False
2026-08-30T19:35:35.894+00:00,calibration,0,95,IVFFLAT_HYBRID,single_category,category_08,718,True,1,0.098665,"[0.05,0.10)",15.865667,1.0,False,exact_bitmap,,False
2026-08-30T19:35:36.031+00:00,calibration,0,201,SQL_FIRST,stock_alone,category_02,530,True,4,0.500835,"[0.50,1.00)",25.675666,1.0,True,exact_seq,,False
2026-08-30T19:35:36.064+00:00,calibration,0,201,VECTOR_FIRST_HNSW,stock_alone,category_02,530,True,4,0.500835,"[0.50,1.00)",31.653416,1.0,False,exact_bitmap,,False
2026-08-30T19:35:36.090+00:00,calibration,0,201,HNSW_HYBRID,stock_alone,category_02,530,True,4,0.500835,"[0.50,1.00)",24.967583,1.0,False,exact_seq,,False
2026-08-30T19:35:36.117+00:00,calibration,0,201,IVFFLAT_HYBRID,stock_alone,category_02,530,True,4,0.500835,"[0.50,1.00)",24.829167,1.0,False,exact_seq,,False
2026-08-30T19:35:36.239+00:00,calibration,0,163,SQL_FIRST,three_categories,category_04,503,True,3,0.267975,"[0.25,0.50)",21.157958,1.0,True,exact_bitmap,,False
2026-08-30T19:35:36.273+00:00,calibration,0,163,VECTOR_FIRST_HNSW,three_categories,category_04,503,True,3,0.267975,"[0.25,0.50)",31.727417,1.0,False,exact_bitmap,,False
2026-08-30T19:35:36.297+00:00,calibration,0,163,HNSW_HYBRID,three_categories,category_04,503,True,3,0.267975,"[0.25,0.50)",21.97375,1.0,False,exact_bitmap,,False
2026-08-30T19:35:36.320+00:00,calibration,0,163,IVFFLAT_HYBRID,three_categories,category_04,503,True,3,0.267975,"[0.25,0.50)",21.7335,1.0,False,exact_bitmap,,False
2026-08-30T19:35:36.417+00:00,calibration,0,64,SQL_FIRST,single_category,category_04,603,False,1,0.0967,"[0.05,0.10)",15.693334,1.0,True,exact_bitmap,,False
2026-08-30T19:35:36.452+00:00,calibration,0,64,VECTOR_FIRST_HNSW,single_category,category_04,603,False,1,0.0967,"[0.05,0.10)",33.472958,1.0,False,exact_bitmap,,False
2026-08-30T19:35:36.468+00:00,calibration,0,64,HNSW_HYBRID,single_category,category_04,603,False,1,0.0967,"[0.05,0.10)",13.762167,1.0,False,exact_bitmap,,False
2026-08-30T19:35:36.485+00:00,calibration,0,64,IVFFLAT_HYBRID,single_category,category_04,603,False,1,0.0967,"[0.05,0.10)",15.629708,1.0,False,exact_bitmap,,False
2026-08-30T19:35:36.586+00:00,calibration,0,119,SQL_FIRST,price_range_mid,category_04,413,True,2,0.101075,"[0.10,0.25)",16.395042,1.0,True,exact_bitmap,,False
2026-08-30T19:35:36.622+00:00,calibration,0,119,VECTOR_FIRST_HNSW,price_range_mid,category_04,413,True,2,0.101075,"[0.10,0.25)",34.991625,1.0,False,exact_bitmap,,False
2026-08-30T19:35:36.637+00:00,calibration,0,119,HNSW_HYBRID,price_range_mid,category_04,413,True,2,0.101075,"[0.10,0.25)",14.329333,1.0,False,exact_bitmap,,False
2026-08-30T19:35:36.654+00:00,calibration,0,119,IVFFLAT_HYBRID,price_range_mid,category_04,413,True,2,0.101075,"[0.10,0.25)",16.222167,1.0,False,exact_bitmap,,False
2026-08-30T19:35:36.755+00:00,calibration,0,93,SQL_FIRST,single_category,category_08,148,True,1,0.098665,"[0.05,0.10)",15.726666,1.0,True,exact_bitmap,,False
2026-08-30T19:35:36.787+00:00,calibration,0,93,VECTOR_FIRST_HNSW,single_category,category_08,148,True,1,0.098665,"[0.05,0.10)",30.690791,1.0,False,exact_bitmap,,False
2026-08-30T19:35:36.802+00:00,calibration,0,93,HNSW_HYBRID,single_category,category_08,148,True,1,0.098665,"[0.05,0.10)",12.976375,1.0,False,exact_bitmap,,False
2026-08-30T19:35:36.818+00:00,calibration,0,93,IVFFLAT_HYBRID,single_category,category_08,148,True,1,0.098665,"[0.05,0.10)",14.518458,1.0,False,exact_bitmap,,False
2026-08-30T19:35:36.909+00:00,calibration,0,149,SQL_FIRST,price_range_mid,category_09,850,True,2,0.101735,"[0.10,0.25)",14.838292,1.0,True,exact_bitmap,,False
2026-08-30T19:35:36.942+00:00,calibration,0,149,VECTOR_FIRST_HNSW,price_range_mid,category_09,850,True,2,0.101735,"[0.10,0.25)",31.019167,1.0,False,exact_bitmap,,False
2026-08-30T19:35:36.957+00:00,calibration,0,149,HNSW_HYBRID,price_range_mid,category_09,850,True,2,0.101735,"[0.10,0.25)",13.849958,1.0,False,exact_bitmap,,False
2026-08-30T19:35:36.973+00:00,calibration,0,149,IVFFLAT_HYBRID,price_range_mid,category_09,850,True,2,0.101735,"[0.10,0.25)",15.37575,1.0,False,exact_bitmap,,False
2026-08-30T19:35:37.021+00:00,calibration,0,21,SQL_FIRST,category_narrow_price,category_06,933,False,0,0.005,"[0.00,0.05)",3.419084,1.0,True,exact_bitmap,,False
2026-08-30T19:35:37.048+00:00,calibration,0,21,VECTOR_FIRST_HNSW,category_narrow_price,category_06,933,False,0,0.005,"[0.00,0.05)",25.759,0.0,False,exact_bitmap,,False
2026-08-30T19:35:37.051+00:00,calibration,0,21,HNSW_HYBRID,category_narrow_price,category_06,933,False,0,0.005,"[0.00,0.05)",2.671417,1.0,False,exact_bitmap,,False
2026-08-30T19:35:37.055+00:00,calibration,0,21,IVFFLAT_HYBRID,category_narrow_price,category_06,933,False,0,0.005,"[0.00,0.05)",2.7985,1.0,False,exact_bitmap,,False
2026-08-30T19:35:37.192+00:00,calibration,0,238,SQL_FIRST,stock_alone,category_06,200,True,4,0.500835,"[0.50,1.00)",24.9935,1.0,True,exact_seq,,False
2026-08-30T19:35:37.227+00:00,calibration,0,238,VECTOR_FIRST_HNSW,stock_alone,category_06,200,True,4,0.500835,"[0.50,1.00)",33.738542,1.0,False,exact_bitmap,,False
2026-08-30T19:35:37.254+00:00,calibration,0,238,HNSW_HYBRID,stock_alone,category_06,200,True,4,0.500835,"[0.50,1.00)",25.454625,1.0,False,exact_seq,,False
2026-08-30T19:35:37.280+00:00,calibration,0,238,IVFFLAT_HYBRID,stock_alone,category_06,200,True,4,0.500835,"[0.50,1.00)",24.958292,1.0,False,exact_seq,,False
2026-08-30T19:35:37.380+00:00,calibration,0,62,SQL_FIRST,single_category,category_01,795,True,1,0.098665,"[0.05,0.10)",17.105,1.0,True,exact_bitmap,,False
2026-08-30T19:35:37.417+00:00,calibration,0,62,VECTOR_FIRST_HNSW,single_category,category_01,795,True,1,0.098665,"[0.05,0.10)",34.823459,0.8,False,exact_bitmap,,False
2026-08-30T19:35:37.435+00:00,calibration,0,62,HNSW_HYBRID,single_category,category_01,795,True,1,0.098665,"[0.05,0.10)",16.360417,1.0,False,exact_bitmap,,False
2026-08-30T19:35:37.452+00:00,calibration,0,62,IVFFLAT_HYBRID,single_category,category_01,795,True,1,0.098665,"[0.05,0.10)",15.788375,1.0,False,exact_bitmap,,False
2026-08-30T19:35:37.586+00:00,calibration,0,104,SQL_FIRST,two_categories,category_07,804,True,2,0.1991,"[0.10,0.25)",24.187084,1.0,True,exact_bitmap,,False
2026-08-30T19:35:37.618+00:00,calibration,0,104,VECTOR_FIRST_HNSW,two_categories,category_07,804,True,2,0.1991,"[0.10,0.25)",29.999666,1.0,False,exact_bitmap,,False
2026-08-30T19:35:37.642+00:00,calibration,0,104,HNSW_HYBRID,two_categories,category_07,804,True,2,0.1991,"[0.10,0.25)",22.721584,1.0,False,exact_bitmap,,False
2026-08-30T19:35:37.667+00:00,calibration,0,104,IVFFLAT_HYBRID,two_categories,category_07,804,True,2,0.1991,"[0.10,0.25)",24.052,1.0,False,exact_bitmap,,False
2026-08-30T19:35:37.818+00:00,calibration,0,218,SQL_FIRST,wide_or,category_09,248,True,4,0.659905,"[0.50,1.00)",27.991375,1.0,True,exact_seq,,False
2026-08-30T19:35:37.851+00:00,calibration,0,218,VECTOR_FIRST_HNSW,wide_or,category_09,248,True,4,0.659905,"[0.50,1.00)",31.259292,1.0,False,exact_bitmap,,False
2026-08-30T19:35:37.883+00:00,calibration,0,218,HNSW_HYBRID,wide_or,category_09,248,True,4,0.659905,"[0.50,1.00)",30.965833,1.0,False,exact_seq,,False
2026-08-30T19:35:37.916+00:00,calibration,0,218,IVFFLAT_HYBRID,wide_or,category_09,248,True,4,0.659905,"[0.50,1.00)",31.19125,1.0,False,exact_seq,,False
2026-08-30T19:35:38.040+00:00,calibration,0,160,SQL_FIRST,three_categories,category_02,659,True,3,0.2705,"[0.25,0.50)",21.265125,1.0,True,exact_bitmap,,False
2026-08-30T19:35:38.073+00:00,calibration,0,160,VECTOR_FIRST_HNSW,three_categories,category_02,659,True,3,0.2705,"[0.25,0.50)",31.758417,1.0,False,exact_bitmap,,False
2026-08-30T19:35:38.096+00:00,calibration,0,160,HNSW_HYBRID,three_categories,category_02,659,True,3,0.2705,"[0.25,0.50)",22.162375,1.0,False,exact_bitmap,,False
2026-08-30T19:35:38.120+00:00,calibration,0,160,IVFFLAT_HYBRID,three_categories,category_02,659,True,3,0.2705,"[0.25,0.50)",21.960292,1.0,False,exact_bitmap,,False
2026-08-30T19:35:38.167+00:00,calibration,0,20,SQL_FIRST,category_narrow_price,category_08,151,True,0,0.00512,"[0.00,0.05)",3.30825,1.0,True,exact_bitmap,,False
2026-08-30T19:35:38.202+00:00,calibration,0,20,VECTOR_FIRST_HNSW,category_narrow_price,category_08,151,True,0,0.00512,"[0.00,0.05)",33.475334,0.0,False,exact_bitmap,,False
2026-08-30T19:35:38.206+00:00,calibration,0,20,HNSW_HYBRID,category_narrow_price,category_08,151,True,0,0.00512,"[0.00,0.05)",2.66225,1.0,False,exact_bitmap,,False
2026-08-30T19:35:38.211+00:00,calibration,0,20,IVFFLAT_HYBRID,category_narrow_price,category_08,151,True,0,0.00512,"[0.00,0.05)",3.466792,1.0,False,exact_bitmap,,False
2026-08-30T19:35:38.265+00:00,calibration,0,15,SQL_FIRST,category_narrow_price,category_04,858,True,0,0.004875,"[0.00,0.05)",3.468959,1.0,True,exact_bitmap,,False
2026-08-30T19:35:38.301+00:00,calibration,0,15,VECTOR_FIRST_HNSW,category_narrow_price,category_04,858,True,0,0.004875,"[0.00,0.05)",34.295458,0.0,False,exact_bitmap,,False
2026-08-30T19:35:38.304+00:00,calibration,0,15,HNSW_HYBRID,category_narrow_price,category_04,858,True,0,0.004875,"[0.00,0.05)",2.6545,1.0,False,exact_bitmap,,False
2026-08-30T19:35:38.309+00:00,calibration,0,15,IVFFLAT_HYBRID,category_narrow_price,category_04,858,True,0,0.004875,"[0.00,0.05)",3.193417,1.0,False,exact_bitmap,,False
2026-08-30T19:35:38.409+00:00,calibration,0,123,SQL_FIRST,single_category_alone,category_05,955,False,2,0.100035,"[0.10,0.25)",16.322458,1.0,True,exact_bitmap,,False
2026-08-30T19:35:38.444+00:00,calibration,0,123,VECTOR_FIRST_HNSW,single_category_alone,category_05,955,False,2,0.100035,"[0.10,0.25)",33.524083,1.0,False,exact_bitmap,,False
2026-08-30T19:35:38.460+00:00,calibration,0,123,HNSW_HYBRID,single_category_alone,category_05,955,False,2,0.100035,"[0.10,0.25)",14.443208,1.0,False,exact_bitmap,,False
2026-08-30T19:35:38.477+00:00,calibration,0,123,IVFFLAT_HYBRID,single_category_alone,category_05,955,False,2,0.100035,"[0.10,0.25)",16.092042,1.0,False,exact_bitmap,,False
2026-08-30T19:35:38.564+00:00,calibration,0,14,SQL_FIRST,category_and_stock,category_05,593,False,0,0.049935,"[0.00,0.05)",11.7985,1.0,True,exact_bitmap,,False
2026-08-30T19:35:38.595+00:00,calibration,0,14,VECTOR_FIRST_HNSW,category_and_stock,category_05,593,False,0,0.049935,"[0.00,0.05)",29.911458,0.4,False,exact_bitmap,,False
2026-08-30T19:35:38.607+00:00,calibration,0,14,HNSW_HYBRID,category_and_stock,category_05,593,False,0,0.049935,"[0.00,0.05)",10.460917,1.0,False,exact_bitmap,,False
2026-08-30T19:35:38.621+00:00,calibration,0,14,IVFFLAT_HYBRID,category_and_stock,category_05,593,False,0,0.049935,"[0.00,0.05)",11.595083,1.0,False,exact_bitmap,,False
2026-08-30T19:35:38.794+00:00,calibration,0,230,SQL_FIRST,wide_or,category_04,599,False,4,0.817115,"[0.50,1.00)",38.955875,1.0,True,exact_seq,,False
2026-08-30T19:35:38.828+00:00,calibration,0,230,VECTOR_FIRST_HNSW,wide_or,category_04,599,False,4,0.817115,"[0.50,1.00)",32.623584,1.0,False,exact_bitmap,,False
2026-08-30T19:35:38.863+00:00,calibration,0,230,HNSW_HYBRID,wide_or,category_04,599,False,4,0.817115,"[0.50,1.00)",33.82075,1.0,False,exact_seq,,False
2026-08-30T19:35:38.898+00:00,calibration,0,230,IVFFLAT_HYBRID,wide_or,category_04,599,False,4,0.817115,"[0.50,1.00)",33.545417,1.0,False,exact_seq,,False
2026-08-30T19:35:38.984+00:00,calibration,0,38,SQL_FIRST,category_and_stock,category_04,44,True,0,0.04843,"[0.00,0.05)",13.105792,1.0,True,exact_bitmap,,False
2026-08-30T19:35:39.020+00:00,calibration,0,38,VECTOR_FIRST_HNSW,category_and_stock,category_04,44,True,0,0.04843,"[0.00,0.05)",34.587584,0.8,False,exact_bitmap,,False
2026-08-30T19:35:39.035+00:00,calibration,0,38,HNSW_HYBRID,category_and_stock,category_04,44,True,0,0.04843,"[0.00,0.05)",13.5215,1.0,False,exact_bitmap,,False
2026-08-30T19:35:39.050+00:00,calibration,0,38,IVFFLAT_HYBRID,category_and_stock,category_04,44,True,0,0.04843,"[0.00,0.05)",14.50525,1.0,False,exact_bitmap,,False
2026-08-30T19:35:39.234+00:00,calibration,0,247,SQL_FIRST,wide_or,category_07,952,False,4,0.9776,"[0.50,1.00)",36.615875,1.0,True,exact_seq,,False
2026-08-30T19:35:39.267+00:00,calibration,0,247,VECTOR_FIRST_HNSW,wide_or,category_07,952,False,4,0.9776,"[0.50,1.00)",31.564334,1.0,False,exact_bitmap,,False
2026-08-30T19:35:39.307+00:00,calibration,0,247,HNSW_HYBRID,wide_or,category_07,952,False,4,0.9776,"[0.50,1.00)",37.914,1.0,False,exact_seq,,False
2026-08-30T19:35:39.346+00:00,calibration,0,247,IVFFLAT_HYBRID,wide_or,category_07,952,False,4,0.9776,"[0.50,1.00)",38.4615,1.0,False,exact_seq,,False
2026-08-30T19:35:39.478+00:00,calibration,0,194,SQL_FIRST,category_or_price,category_05,237,False,3,0.30864,"[0.25,0.50)",24.139666,1.0,True,exact_seq,,False
2026-08-30T19:35:39.511+00:00,calibration,0,194,VECTOR_FIRST_HNSW,category_or_price,category_05,237,False,3,0.30864,"[0.25,0.50)",31.529541,1.0,False,exact_bitmap,,False
2026-08-30T19:35:39.536+00:00,calibration,0,194,HNSW_HYBRID,category_or_price,category_05,237,False,3,0.30864,"[0.25,0.50)",23.801417,1.0,False,exact_seq,,False
2026-08-30T19:35:39.562+00:00,calibration,0,194,IVFFLAT_HYBRID,category_or_price,category_05,237,False,3,0.30864,"[0.25,0.50)",24.381666,1.0,False,exact_seq,,False
2026-08-30T19:35:39.660+00:00,calibration,0,106,SQL_FIRST,single_category_alone,category_03,663,True,2,0.1037,"[0.10,0.25)",16.042416,1.0,True,exact_bitmap,,False
2026-08-30T19:35:39.695+00:00,calibration,0,106,VECTOR_FIRST_HNSW,single_category_alone,category_03,663,True,2,0.1037,"[0.10,0.25)",33.403417,1.0,False,exact_bitmap,,False
2026-08-30T19:35:39.711+00:00,calibration,0,106,HNSW_HYBRID,single_category_alone,category_03,663,True,2,0.1037,"[0.10,0.25)",14.251625,1.0,False,exact_bitmap,,False
2026-08-30T19:35:39.728+00:00,calibration,0,106,IVFFLAT_HYBRID,single_category_alone,category_03,663,True,2,0.1037,"[0.10,0.25)",16.008667,1.0,False,exact_bitmap,,False
2026-08-30T19:35:39.832+00:00,calibration,0,142,SQL_FIRST,single_category_alone,category_00,223,True,2,0.1034,"[0.10,0.25)",16.316208,1.0,True,exact_bitmap,,False
2026-08-30T19:35:39.869+00:00,calibration,0,142,VECTOR_FIRST_HNSW,single_category_alone,category_00,223,True,2,0.1034,"[0.10,0.25)",35.134208,0.7,False,exact_bitmap,,False
2026-08-30T19:35:39.885+00:00,calibration,0,142,HNSW_HYBRID,single_category_alone,category_00,223,True,2,0.1034,"[0.10,0.25)",14.3125,1.0,False,exact_bitmap,,False
2026-08-30T19:35:39.902+00:00,calibration,0,142,IVFFLAT_HYBRID,single_category_alone,category_00,223,True,2,0.1034,"[0.10,0.25)",15.807,1.0,False,exact_bitmap,,False
2026-08-30T19:35:39.954+00:00,calibration,0,44,SQL_FIRST,category_narrow_price,category_04,102,True,0,0.00508,"[0.00,0.05)",4.002666,1.0,True,exact_bitmap,,False
2026-08-30T19:35:39.989+00:00,calibration,0,44,VECTOR_FIRST_HNSW,category_narrow_price,category_04,102,True,0,0.00508,"[0.00,0.05)",33.636042,0.0,False,exact_bitmap,,False
2026-08-30T19:35:39.993+00:00,calibration,0,44,HNSW_HYBRID,category_narrow_price,category_04,102,True,0,0.00508,"[0.00,0.05)",2.967834,1.0,False,exact_bitmap,,False
2026-08-30T19:35:39.998+00:00,calibration,0,44,IVFFLAT_HYBRID,category_narrow_price,category_04,102,True,0,0.00508,"[0.00,0.05)",4.177292,1.0,False,exact_bitmap,,False
2026-08-30T19:35:40.049+00:00,calibration,0,3,SQL_FIRST,category_narrow_price,category_01,626,False,0,0.00491,"[0.00,0.05)",3.622666,1.0,True,exact_bitmap,,False
2026-08-30T19:35:40.081+00:00,calibration,0,3,VECTOR_FIRST_HNSW,category_narrow_price,category_01,626,False,0,0.00491,"[0.00,0.05)",30.179709,0.1,False,exact_bitmap,,False
2026-08-30T19:35:40.085+00:00,calibration,0,3,HNSW_HYBRID,category_narrow_price,category_01,626,False,0,0.00491,"[0.00,0.05)",2.831667,1.0,False,exact_bitmap,,False
2026-08-30T19:35:40.089+00:00,calibration,0,3,IVFFLAT_HYBRID,category_narrow_price,category_01,626,False,0,0.00491,"[0.00,0.05)",2.610542,1.0,False,exact_bitmap,,False
2026-08-30T19:35:40.137+00:00,calibration,0,43,SQL_FIRST,category_narrow_price,category_02,713,True,0,0.004955,"[0.00,0.05)",3.403292,1.0,True,exact_bitmap,,False
2026-08-30T19:35:40.172+00:00,calibration,0,43,VECTOR_FIRST_HNSW,category_narrow_price,category_02,713,True,0,0.004955,"[0.00,0.05)",33.748,0.0,False,exact_bitmap,,False
2026-08-30T19:35:40.177+00:00,calibration,0,43,HNSW_HYBRID,category_narrow_price,category_02,713,True,0,0.004955,"[0.00,0.05)",3.467583,1.0,False,exact_bitmap,,False
2026-08-30T19:35:40.179+00:00,calibration,0,43,IVFFLAT_HYBRID,category_narrow_price,category_02,713,True,0,0.004955,"[0.00,0.05)",2.074167,1.0,False,exact_bitmap,,False
2026-08-30T19:35:40.280+00:00,calibration,0,110,SQL_FIRST,price_range_mid,category_01,325,True,2,0.10188,"[0.10,0.25)",16.508708,1.0,True,exact_bitmap,,False
2026-08-30T19:35:40.316+00:00,calibration,0,110,VECTOR_FIRST_HNSW,price_range_mid,category_01,325,True,2,0.10188,"[0.10,0.25)",33.833958,0.8,False,exact_bitmap,,False
2026-08-30T19:35:40.331+00:00,calibration,0,110,HNSW_HYBRID,price_range_mid,category_01,325,True,2,0.10188,"[0.10,0.25)",13.933416,1.0,False,exact_bitmap,,False
2026-08-30T19:35:40.354+00:00,calibration,0,110,IVFFLAT_HYBRID,price_range_mid,category_01,325,True,2,0.10188,"[0.10,0.25)",21.63425,1.0,False,exact_bitmap,,False
2026-08-30T19:35:40.454+00:00,calibration,0,115,SQL_FIRST,single_category_alone,category_00,89,False,2,0.1034,"[0.10,0.25)",15.956917,1.0,True,exact_bitmap,,False
2026-08-30T19:35:40.489+00:00,calibration,0,115,VECTOR_FIRST_HNSW,single_category_alone,category_00,89,False,2,0.1034,"[0.10,0.25)",33.525416,1.0,False,exact_bitmap,,False
2026-08-30T19:35:40.504+00:00,calibration,0,115,HNSW_HYBRID,single_category_alone,category_00,89,False,2,0.1034,"[0.10,0.25)",14.0315,1.0,False,exact_bitmap,,False
2026-08-30T19:35:40.522+00:00,calibration,0,115,IVFFLAT_HYBRID,single_category_alone,category_00,89,False,2,0.1034,"[0.10,0.25)",15.889458,1.0,False,exact_bitmap,,False
2026-08-30T19:35:40.662+00:00,calibration,0,175,SQL_FIRST,category_or_price,category_07,420,False,3,0.475515,"[0.25,0.50)",26.680166,1.0,True,exact_seq,,False
2026-08-30T19:35:40.695+00:00,calibration,0,175,VECTOR_FIRST_HNSW,category_or_price,category_07,420,False,3,0.475515,"[0.25,0.50)",31.50475,1.0,False,exact_bitmap,,False
2026-08-30T19:35:40.725+00:00,calibration,0,175,HNSW_HYBRID,category_or_price,category_07,420,False,3,0.475515,"[0.25,0.50)",27.26625,1.0,False,exact_seq,,False
2026-08-30T19:35:40.754+00:00,calibration,0,175,IVFFLAT_HYBRID,category_or_price,category_07,420,False,3,0.475515,"[0.25,0.50)",27.748417,1.0,False,exact_seq,,False
2026-08-30T19:35:40.923+00:00,calibration,0,207,SQL_FIRST,wide_or,category_03,292,False,4,0.680295,"[0.50,1.00)",32.6655,1.0,True,exact_seq,,False
2026-08-30T19:35:40.956+00:00,calibration,0,207,VECTOR_FIRST_HNSW,wide_or,category_03,292,False,4,0.680295,"[0.50,1.00)",32.355584,1.0,False,exact_bitmap,,False
2026-08-30T19:35:40.989+00:00,calibration,0,207,HNSW_HYBRID,wide_or,category_03,292,False,4,0.680295,"[0.50,1.00)",32.624833,1.0,False,exact_seq,,False
2026-08-30T19:35:41.022+00:00,calibration,0,207,IVFFLAT_HYBRID,wide_or,category_03,292,False,4,0.680295,"[0.50,1.00)",31.465209,1.0,False,exact_seq,,False
2026-08-30T19:35:41.121+00:00,calibration,0,57,SQL_FIRST,single_category,category_02,947,False,1,0.098965,"[0.05,0.10)",15.7825,1.0,True,exact_bitmap,,False
2026-08-30T19:35:41.158+00:00,calibration,0,57,VECTOR_FIRST_HNSW,single_category,category_02,947,False,1,0.098965,"[0.05,0.10)",36.163458,0.7,False,exact_bitmap,,False
2026-08-30T19:35:41.172+00:00,calibration,0,57,HNSW_HYBRID,single_category,category_02,947,False,1,0.098965,"[0.05,0.10)",12.525166,1.0,False,exact_bitmap,,False
2026-08-30T19:35:41.188+00:00,calibration,0,57,IVFFLAT_HYBRID,single_category,category_02,947,False,1,0.098965,"[0.05,0.10)",15.659833,1.0,False,exact_bitmap,,False
2026-08-30T19:35:41.287+00:00,calibration,0,78,SQL_FIRST,single_category,category_04,323,True,1,0.0967,"[0.05,0.10)",15.719583,1.0,True,exact_bitmap,,False
2026-08-30T19:35:41.322+00:00,calibration,0,78,VECTOR_FIRST_HNSW,single_category,category_04,323,True,1,0.0967,"[0.05,0.10)",33.455125,0.7,False,exact_bitmap,,False
2026-08-30T19:35:41.337+00:00,calibration,0,78,HNSW_HYBRID,single_category,category_04,323,True,1,0.0967,"[0.05,0.10)",14.061125,1.0,False,exact_bitmap,,False
2026-08-30T19:35:41.354+00:00,calibration,0,78,IVFFLAT_HYBRID,single_category,category_04,323,True,1,0.0967,"[0.05,0.10)",15.671416,1.0,False,exact_bitmap,,False
2026-08-30T19:35:41.461+00:00,calibration,0,63,SQL_FIRST,single_category,category_01,465,False,1,0.098665,"[0.05,0.10)",16.728334,1.0,True,exact_bitmap,,False
2026-08-30T19:35:41.497+00:00,calibration,0,63,VECTOR_FIRST_HNSW,single_category,category_01,465,False,1,0.098665,"[0.05,0.10)",33.800709,1.0,False,exact_bitmap,,False
2026-08-30T19:35:41.513+00:00,calibration,0,63,HNSW_HYBRID,single_category,category_01,465,False,1,0.098665,"[0.05,0.10)",14.882916,1.0,False,exact_bitmap,,False
2026-08-30T19:35:41.530+00:00,calibration,0,63,IVFFLAT_HYBRID,single_category,category_01,465,False,1,0.098665,"[0.05,0.10)",15.696,1.0,False,exact_bitmap,,False
2026-08-30T19:35:41.622+00:00,calibration,0,87,SQL_FIRST,single_category,category_02,618,False,1,0.098965,"[0.05,0.10)",14.11325,1.0,True,exact_bitmap,,False
2026-08-30T19:35:41.654+00:00,calibration,0,87,VECTOR_FIRST_HNSW,single_category,category_02,618,False,1,0.098965,"[0.05,0.10)",30.0755,1.0,False,exact_bitmap,,False
2026-08-30T19:35:41.669+00:00,calibration,0,87,HNSW_HYBRID,single_category,category_02,618,False,1,0.098965,"[0.05,0.10)",12.986792,1.0,False,exact_bitmap,,False
2026-08-30T19:35:41.686+00:00,calibration,0,87,IVFFLAT_HYBRID,single_category,category_02,618,False,1,0.098965,"[0.05,0.10)",15.850583,1.0,False,exact_bitmap,,False
2026-08-30T19:35:41.775+00:00,calibration,0,83,SQL_FIRST,single_category,category_04,203,False,1,0.0967,"[0.05,0.10)",14.269458,1.0,True,exact_bitmap,,False
2026-08-30T19:35:41.809+00:00,calibration,0,83,VECTOR_FIRST_HNSW,single_category,category_04,203,False,1,0.0967,"[0.05,0.10)",30.831666,0.7,False,exact_bitmap,,False
2026-08-30T19:35:41.823+00:00,calibration,0,83,HNSW_HYBRID,single_category,category_04,203,False,1,0.0967,"[0.05,0.10)",13.093583,1.0,False,exact_bitmap,,False
2026-08-30T19:35:41.838+00:00,calibration,0,83,IVFFLAT_HYBRID,single_category,category_04,203,False,1,0.0967,"[0.05,0.10)",14.035958,1.0,False,exact_bitmap,,False
2026-08-30T19:35:41.919+00:00,calibration,0,42,SQL_FIRST,category_and_stock,category_05,183,False,0,0.049935,"[0.00,0.05)",13.337416,1.0,True,exact_bitmap,,False
2026-08-30T19:35:41.954+00:00,calibration,0,42,VECTOR_FIRST_HNSW,category_and_stock,category_05,183,False,0,0.049935,"[0.00,0.05)",33.592292,0.8,False,exact_bitmap,,False
2026-08-30T19:35:41.965+00:00,calibration,0,42,HNSW_HYBRID,category_and_stock,category_05,183,False,0,0.049935,"[0.00,0.05)",10.928917,1.0,False,exact_bitmap,,False
2026-08-30T19:35:41.980+00:00,calibration,0,42,IVFFLAT_HYBRID,category_and_stock,category_05,183,False,0,0.049935,"[0.00,0.05)",13.688666,1.0,False,exact_bitmap,,False
2026-08-30T19:35:42.106+00:00,calibration,0,226,SQL_FIRST,stock_alone,category_00,335,True,4,0.500835,"[0.50,1.00)",22.752125,1.0,True,exact_seq,,False
2026-08-30T19:35:42.137+00:00,calibration,0,226,VECTOR_FIRST_HNSW,stock_alone,category_00,335,True,4,0.500835,"[0.50,1.00)",29.023292,1.0,False,exact_bitmap,,False
2026-08-30T19:35:42.162+00:00,calibration,0,226,HNSW_HYBRID,stock_alone,category_00,335,True,4,0.500835,"[0.50,1.00)",23.649,1.0,False,exact_seq,,False
2026-08-30T19:35:42.186+00:00,calibration,0,226,IVFFLAT_HYBRID,stock_alone,category_00,335,True,4,0.500835,"[0.50,1.00)",22.902959,1.0,False,exact_seq,,False
2026-08-30T19:35:42.229+00:00,calibration,0,6,SQL_FIRST,category_narrow_price,category_00,373,True,0,0.00525,"[0.00,0.05)",2.92025,1.0,True,exact_bitmap,,False
2026-08-30T19:35:42.264+00:00,calibration,0,6,VECTOR_FIRST_HNSW,category_narrow_price,category_00,373,True,0,0.00525,"[0.00,0.05)",33.447083,0.0,False,exact_bitmap,,False
2026-08-30T19:35:42.269+00:00,calibration,0,6,HNSW_HYBRID,category_narrow_price,category_00,373,True,0,0.00525,"[0.00,0.05)",2.971083,1.0,False,exact_bitmap,,False
2026-08-30T19:35:42.275+00:00,calibration,0,6,IVFFLAT_HYBRID,category_narrow_price,category_00,373,True,0,0.00525,"[0.00,0.05)",3.505792,1.0,False,exact_bitmap,,False
2026-08-30T19:35:42.397+00:00,calibration,0,158,SQL_FIRST,three_categories,category_06,346,False,3,0.269895,"[0.25,0.50)",23.177833,1.0,True,exact_bitmap,,False
2026-08-30T19:35:42.432+00:00,calibration,0,158,VECTOR_FIRST_HNSW,three_categories,category_06,346,False,3,0.269895,"[0.25,0.50)",33.321875,1.0,False,exact_bitmap,,False
2026-08-30T19:35:42.457+00:00,calibration,0,158,HNSW_HYBRID,three_categories,category_06,346,False,3,0.269895,"[0.25,0.50)",23.34375,1.0,False,exact_bitmap,,False
2026-08-30T19:35:42.484+00:00,calibration,0,158,IVFFLAT_HYBRID,three_categories,category_06,346,False,3,0.269895,"[0.25,0.50)",25.384625,1.0,False,exact_bitmap,,False
2026-08-30T19:35:42.624+00:00,calibration,0,139,SQL_FIRST,two_categories,category_08,645,True,2,0.198565,"[0.10,0.25)",25.197708,1.0,True,exact_bitmap,,False
2026-08-30T19:35:42.656+00:00,calibration,0,139,VECTOR_FIRST_HNSW,two_categories,category_08,645,True,2,0.198565,"[0.10,0.25)",30.043709,1.0,False,exact_bitmap,,False
2026-08-30T19:35:42.680+00:00,calibration,0,139,HNSW_HYBRID,two_categories,category_08,645,True,2,0.198565,"[0.10,0.25)",22.881208,1.0,False,exact_bitmap,,False
2026-08-30T19:35:42.706+00:00,calibration,0,139,IVFFLAT_HYBRID,two_categories,category_08,645,True,2,0.198565,"[0.10,0.25)",23.97175,1.0,False,exact_bitmap,,False
2026-08-30T19:35:42.819+00:00,calibration,0,192,SQL_FIRST,three_categories,category_04,583,False,3,0.267975,"[0.25,0.50)",19.570042,1.0,True,exact_bitmap,,False
2026-08-30T19:35:42.852+00:00,calibration,0,192,VECTOR_FIRST_HNSW,three_categories,category_04,583,False,3,0.267975,"[0.25,0.50)",30.690875,1.0,False,exact_bitmap,,False
2026-08-30T19:35:42.876+00:00,calibration,0,192,HNSW_HYBRID,three_categories,category_04,583,False,3,0.267975,"[0.25,0.50)",22.130458,1.0,False,exact_bitmap,,False
2026-08-30T19:35:42.898+00:00,calibration,0,192,IVFFLAT_HYBRID,three_categories,category_04,583,False,3,0.267975,"[0.25,0.50)",21.1995,1.0,False,exact_bitmap,,False
2026-08-30T19:35:43.081+00:00,calibration,0,250,SQL_FIRST,wide_or,category_09,634,True,4,0.83355,"[0.50,1.00)",34.587375,1.0,True,exact_seq,,False
2026-08-30T19:35:43.111+00:00,calibration,0,250,VECTOR_FIRST_HNSW,wide_or,category_09,634,True,4,0.83355,"[0.50,1.00)",29.44325,1.0,False,exact_bitmap,,False
2026-08-30T19:35:43.143+00:00,calibration,0,250,HNSW_HYBRID,wide_or,category_09,634,True,4,0.83355,"[0.50,1.00)",29.842667,1.0,False,exact_seq,,False
2026-08-30T19:35:43.178+00:00,calibration,0,250,IVFFLAT_HYBRID,wide_or,category_09,634,True,4,0.83355,"[0.50,1.00)",34.358625,1.0,False,exact_seq,,False
2026-08-30T19:35:43.226+00:00,calibration,0,1,SQL_FIRST,category_narrow_price,category_07,105,True,0,0.00525,"[0.00,0.05)",3.488625,1.0,True,exact_bitmap,,False
2026-08-30T19:35:43.261+00:00,calibration,0,1,VECTOR_FIRST_HNSW,category_narrow_price,category_07,105,True,0,0.00525,"[0.00,0.05)",33.420917,0.1,False,exact_bitmap,,False
2026-08-30T19:35:43.265+00:00,calibration,0,1,HNSW_HYBRID,category_narrow_price,category_07,105,True,0,0.00525,"[0.00,0.05)",2.831917,1.0,False,exact_bitmap,,False
2026-08-30T19:35:43.270+00:00,calibration,0,1,IVFFLAT_HYBRID,category_narrow_price,category_07,105,True,0,0.00525,"[0.00,0.05)",3.528291,1.0,False,exact_bitmap,,False
2026-08-30T19:35:43.369+00:00,calibration,0,96,SQL_FIRST,single_category,category_04,186,True,1,0.0967,"[0.05,0.10)",15.701042,1.0,True,exact_bitmap,,False
2026-08-30T19:35:43.404+00:00,calibration,0,96,VECTOR_FIRST_HNSW,single_category,category_04,186,True,1,0.0967,"[0.05,0.10)",33.470625,1.0,False,exact_bitmap,,False
2026-08-30T19:35:43.419+00:00,calibration,0,96,HNSW_HYBRID,single_category,category_04,186,True,1,0.0967,"[0.05,0.10)",13.955666,1.0,False,exact_bitmap,,False
2026-08-30T19:35:43.437+00:00,calibration,0,96,IVFFLAT_HYBRID,single_category,category_04,186,True,1,0.0967,"[0.05,0.10)",15.796625,1.0,False,exact_bitmap,,False
2026-08-30T19:35:43.581+00:00,calibration,0,146,SQL_FIRST,two_categories,category_04,747,False,2,0.196735,"[0.10,0.25)",27.178541,1.0,True,exact_bitmap,,False
2026-08-30T19:35:43.618+00:00,calibration,0,146,VECTOR_FIRST_HNSW,two_categories,category_04,747,False,2,0.196735,"[0.10,0.25)",35.561792,1.0,False,exact_bitmap,,False
2026-08-30T19:35:43.644+00:00,calibration,0,146,HNSW_HYBRID,two_categories,category_04,747,False,2,0.196735,"[0.10,0.25)",24.609542,1.0,False,exact_bitmap,,False
2026-08-30T19:35:43.672+00:00,calibration,0,146,IVFFLAT_HYBRID,two_categories,category_04,747,False,2,0.196735,"[0.10,0.25)",26.602333,1.0,False,exact_bitmap,,False
2026-08-30T19:35:43.719+00:00,calibration,0,16,SQL_FIRST,category_narrow_price,category_04,802,False,0,0.0049,"[0.00,0.05)",3.102541,1.0,True,exact_bitmap,,False
2026-08-30T19:35:43.760+00:00,calibration,0,16,VECTOR_FIRST_HNSW,category_narrow_price,category_04,802,False,0,0.0049,"[0.00,0.05)",38.913791,0.1,False,exact_bitmap,,False
2026-08-30T19:35:43.763+00:00,calibration,0,16,HNSW_HYBRID,category_narrow_price,category_04,802,False,0,0.0049,"[0.00,0.05)",2.681583,1.0,False,exact_bitmap,,False
2026-08-30T19:35:43.767+00:00,calibration,0,16,IVFFLAT_HYBRID,category_narrow_price,category_04,802,False,0,0.0049,"[0.00,0.05)",3.048208,1.0,False,exact_bitmap,,False
2026-08-30T19:35:43.898+00:00,calibration,0,136,SQL_FIRST,two_categories,category_01,898,True,2,0.197635,"[0.10,0.25)",24.372709,1.0,True,exact_bitmap,,False
2026-08-30T19:35:43.931+00:00,calibration,0,136,VECTOR_FIRST_HNSW,two_categories,category_01,898,True,2,0.197635,"[0.10,0.25)",31.548541,1.0,False,exact_bitmap,,False
2026-08-30T19:35:43.955+00:00,calibration,0,136,HNSW_HYBRID,two_categories,category_01,898,True,2,0.197635,"[0.10,0.25)",22.989209,1.0,False,exact_bitmap,,False
2026-08-30T19:35:43.981+00:00,calibration,0,136,IVFFLAT_HYBRID,two_categories,category_01,898,True,2,0.197635,"[0.10,0.25)",24.760584,1.0,False,exact_bitmap,,False
2026-08-30T19:35:44.103+00:00,calibration,0,162,SQL_FIRST,three_categories,category_02,128,True,3,0.2705,"[0.25,0.50)",19.998208,1.0,True,exact_bitmap,,False
2026-08-30T19:35:44.133+00:00,calibration,0,162,VECTOR_FIRST_HNSW,three_categories,category_02,128,True,3,0.2705,"[0.25,0.50)",29.148875,1.0,False,exact_bitmap,,False
2026-08-30T19:35:44.155+00:00,calibration,0,162,HNSW_HYBRID,three_categories,category_02,128,True,3,0.2705,"[0.25,0.50)",20.82725,1.0,False,exact_bitmap,,False
2026-08-30T19:35:44.176+00:00,calibration,0,162,IVFFLAT_HYBRID,three_categories,category_02,128,True,3,0.2705,"[0.25,0.50)",19.535667,1.0,False,exact_bitmap,,False
2026-08-30T19:35:44.303+00:00,calibration,0,209,SQL_FIRST,stock_alone,category_04,462,True,4,0.500835,"[0.50,1.00)",24.844083,1.0,True,exact_seq,,False
2026-08-30T19:35:44.334+00:00,calibration,0,209,VECTOR_FIRST_HNSW,stock_alone,category_04,462,True,4,0.500835,"[0.50,1.00)",29.499416,1.0,False,exact_bitmap,,False
2026-08-30T19:35:44.360+00:00,calibration,0,209,HNSW_HYBRID,stock_alone,category_04,462,True,4,0.500835,"[0.50,1.00)",24.708667,1.0,False,exact_seq,,False
2026-08-30T19:35:44.386+00:00,calibration,0,209,IVFFLAT_HYBRID,stock_alone,category_04,462,True,4,0.500835,"[0.50,1.00)",25.290667,1.0,False,exact_seq,,False
2026-08-30T19:35:44.483+00:00,calibration,0,59,SQL_FIRST,single_category,category_02,440,False,1,0.098965,"[0.05,0.10)",15.753209,1.0,True,exact_bitmap,,False
2026-08-30T19:35:44.518+00:00,calibration,0,59,VECTOR_FIRST_HNSW,single_category,category_02,440,False,1,0.098965,"[0.05,0.10)",33.638667,1.0,False,exact_bitmap,,False
2026-08-30T19:35:44.534+00:00,calibration,0,59,HNSW_HYBRID,single_category,category_02,440,False,1,0.098965,"[0.05,0.10)",14.601917,1.0,False,exact_bitmap,,False
2026-08-30T19:35:44.553+00:00,calibration,0,59,IVFFLAT_HYBRID,single_category,category_02,440,False,1,0.098965,"[0.05,0.10)",17.779417,1.0,False,exact_bitmap,,False
2026-08-30T19:35:44.691+00:00,calibration,0,141,SQL_FIRST,two_categories,category_02,989,True,2,0.202665,"[0.10,0.25)",23.883791,1.0,True,exact_bitmap,,False
2026-08-30T19:35:44.722+00:00,calibration,0,141,VECTOR_FIRST_HNSW,two_categories,category_02,989,True,2,0.202665,"[0.10,0.25)",30.113208,1.0,False,exact_bitmap,,False
2026-08-30T19:35:44.747+00:00,calibration,0,141,HNSW_HYBRID,two_categories,category_02,989,True,2,0.202665,"[0.10,0.25)",22.705,1.0,False,exact_bitmap,,False
2026-08-30T19:35:44.773+00:00,calibration,0,141,IVFFLAT_HYBRID,two_categories,category_02,989,True,2,0.202665,"[0.10,0.25)",23.859209,1.0,False,exact_bitmap,,False
2026-08-30T19:35:44.867+00:00,calibration,0,103,SQL_FIRST,price_range_mid,category_01,210,True,2,0.10253,"[0.10,0.25)",14.592292,1.0,True,exact_bitmap,,False
2026-08-30T19:35:44.899+00:00,calibration,0,103,VECTOR_FIRST_HNSW,price_range_mid,category_01,210,True,2,0.10253,"[0.10,0.25)",30.095,1.0,False,exact_bitmap,,False
2026-08-30T19:35:44.914+00:00,calibration,0,103,HNSW_HYBRID,price_range_mid,category_01,210,True,2,0.10253,"[0.10,0.25)",13.494333,1.0,False,exact_bitmap,,False
2026-08-30T19:35:44.930+00:00,calibration,0,103,IVFFLAT_HYBRID,price_range_mid,category_01,210,True,2,0.10253,"[0.10,0.25)",14.607875,1.0,False,exact_bitmap,,False
2026-08-30T19:35:44.974+00:00,calibration,0,28,SQL_FIRST,category_narrow_price,category_09,301,False,0,0.00509,"[0.00,0.05)",2.846416,1.0,True,exact_bitmap,,False
2026-08-30T19:35:45.007+00:00,calibration,0,28,VECTOR_FIRST_HNSW,category_narrow_price,category_09,301,False,0,0.00509,"[0.00,0.05)",31.384958,0.0,False,exact_bitmap,,False
2026-08-30T19:35:45.011+00:00,calibration,0,28,HNSW_HYBRID,category_narrow_price,category_09,301,False,0,0.00509,"[0.00,0.05)",2.926542,1.0,False,exact_bitmap,,False
2026-08-30T19:35:45.015+00:00,calibration,0,28,IVFFLAT_HYBRID,category_narrow_price,category_09,301,False,0,0.00509,"[0.00,0.05)",3.340208,1.0,False,exact_bitmap,,False
2026-08-30T19:35:45.109+00:00,calibration,0,52,SQL_FIRST,single_category,category_08,370,False,1,0.098665,"[0.05,0.10)",14.797084,1.0,True,exact_bitmap,,False
2026-08-30T19:35:45.144+00:00,calibration,0,52,VECTOR_FIRST_HNSW,single_category,category_08,370,False,1,0.098665,"[0.05,0.10)",33.732625,1.0,False,exact_bitmap,,False
2026-08-30T19:35:45.159+00:00,calibration,0,52,HNSW_HYBRID,single_category,category_08,370,False,1,0.098665,"[0.05,0.10)",13.538083,1.0,False,exact_bitmap,,False
2026-08-30T19:35:45.174+00:00,calibration,0,52,IVFFLAT_HYBRID,single_category,category_08,370,False,1,0.098665,"[0.05,0.10)",14.050417,1.0,False,exact_bitmap,,False
2026-08-30T19:35:45.298+00:00,calibration,0,233,SQL_FIRST,stock_alone,category_09,622,True,4,0.500835,"[0.50,1.00)",23.605875,1.0,True,exact_seq,,False
2026-08-30T19:35:45.330+00:00,calibration,0,233,VECTOR_FIRST_HNSW,stock_alone,category_09,622,True,4,0.500835,"[0.50,1.00)",30.836542,1.0,False,exact_bitmap,,False
2026-08-30T19:35:45.355+00:00,calibration,0,233,HNSW_HYBRID,stock_alone,category_09,622,True,4,0.500835,"[0.50,1.00)",22.866541,1.0,False,exact_seq,,False
2026-08-30T19:35:45.381+00:00,calibration,0,233,IVFFLAT_HYBRID,stock_alone,category_09,622,True,4,0.500835,"[0.50,1.00)",24.541125,1.0,False,exact_seq,,False
2026-08-30T19:35:45.469+00:00,calibration,0,53,SQL_FIRST,single_category,category_01,926,False,1,0.098665,"[0.05,0.10)",14.139958,1.0,True,exact_bitmap,,False
2026-08-30T19:35:45.500+00:00,calibration,0,53,VECTOR_FIRST_HNSW,single_category,category_01,926,False,1,0.098665,"[0.05,0.10)",30.039291,1.0,False,exact_bitmap,,False
2026-08-30T19:35:45.515+00:00,calibration,0,53,HNSW_HYBRID,single_category,category_01,926,False,1,0.098665,"[0.05,0.10)",13.174125,1.0,False,exact_bitmap,,False
2026-08-30T19:35:45.530+00:00,calibration,0,53,IVFFLAT_HYBRID,single_category,category_01,926,False,1,0.098665,"[0.05,0.10)",14.4515,1.0,False,exact_bitmap,,False
2026-08-30T19:35:45.657+00:00,calibration,0,246,SQL_FIRST,stock_alone,category_02,387,True,4,0.500835,"[0.50,1.00)",22.873417,1.0,True,exact_seq,,False
2026-08-30T19:35:45.688+00:00,calibration,0,246,VECTOR_FIRST_HNSW,stock_alone,category_02,387,True,4,0.500835,"[0.50,1.00)",28.819125,1.0,False,exact_bitmap,,False
2026-08-30T19:35:45.713+00:00,calibration,0,246,HNSW_HYBRID,stock_alone,category_02,387,True,4,0.500835,"[0.50,1.00)",23.535291,1.0,False,exact_seq,,False
2026-08-30T19:35:45.742+00:00,calibration,0,246,IVFFLAT_HYBRID,stock_alone,category_02,387,True,4,0.500835,"[0.50,1.00)",26.796833,1.0,False,exact_seq,,False
2026-08-30T19:35:45.839+00:00,calibration,0,60,SQL_FIRST,single_category,category_06,38,False,1,0.099535,"[0.05,0.10)",15.81975,1.0,True,exact_bitmap,,False
2026-08-30T19:35:45.872+00:00,calibration,0,60,VECTOR_FIRST_HNSW,single_category,category_06,38,False,1,0.099535,"[0.05,0.10)",31.242709,0.6,False,exact_bitmap,,False
2026-08-30T19:35:45.886+00:00,calibration,0,60,HNSW_HYBRID,single_category,category_06,38,False,1,0.099535,"[0.05,0.10)",12.981166,1.0,False,exact_bitmap,,False
2026-08-30T19:35:45.903+00:00,calibration,0,60,IVFFLAT_HYBRID,single_category,category_06,38,False,1,0.099535,"[0.05,0.10)",14.231042,1.0,False,exact_bitmap,,False
2026-08-30T19:35:46.148+00:00,calibration,0,211,SQL_FIRST,wide_or,category_05,433,True,4,0.74369,"[0.50,1.00)",27.409792,1.0,True,exact_seq,,False
2026-08-30T19:35:46.182+00:00,calibration,0,211,VECTOR_FIRST_HNSW,wide_or,category_05,433,True,4,0.74369,"[0.50,1.00)",33.242083,1.0,False,exact_bitmap,,False
2026-08-30T19:35:46.216+00:00,calibration,0,211,HNSW_HYBRID,wide_or,category_05,433,True,4,0.74369,"[0.50,1.00)",33.113708,1.0,False,exact_seq,,False
2026-08-30T19:35:46.251+00:00,calibration,0,211,IVFFLAT_HYBRID,wide_or,category_05,433,True,4,0.74369,"[0.50,1.00)",33.2265,1.0,False,exact_seq,,False
2026-08-30T19:35:46.401+00:00,calibration,0,181,SQL_FIRST,category_or_price,category_03,278,False,3,0.34869,"[0.25,0.50)",26.880167,1.0,True,exact_seq,,False
2026-08-30T19:35:46.437+00:00,calibration,0,181,VECTOR_FIRST_HNSW,category_or_price,category_03,278,False,3,0.34869,"[0.25,0.50)",35.319292,1.0,False,exact_bitmap,,False
2026-08-30T19:35:46.468+00:00,calibration,0,181,HNSW_HYBRID,category_or_price,category_03,278,False,3,0.34869,"[0.25,0.50)",29.467666,1.0,False,exact_seq,,False
2026-08-30T19:35:46.688+00:00,calibration,0,181,IVFFLAT_HYBRID,category_or_price,category_03,278,False,3,0.34869,"[0.25,0.50)",211.881625,1.0,False,exact_seq,,False
2026-08-30T19:35:46.806+00:00,calibration,0,65,SQL_FIRST,single_category,category_09,614,True,1,0.0999,"[0.05,0.10)",15.32025,1.0,True,exact_bitmap,,False
2026-08-30T19:35:46.834+00:00,calibration,0,65,VECTOR_FIRST_HNSW,single_category,category_09,614,True,1,0.0999,"[0.05,0.10)",27.268208,0.4,False,exact_bitmap,,False
2026-08-30T19:35:46.849+00:00,calibration,0,65,HNSW_HYBRID,single_category,category_09,614,True,1,0.0999,"[0.05,0.10)",13.88975,1.0,False,exact_bitmap,,False
2026-08-30T19:35:46.868+00:00,calibration,0,65,IVFFLAT_HYBRID,single_category,category_09,614,True,1,0.0999,"[0.05,0.10)",17.855833,1.0,False,exact_bitmap,,False
2026-08-30T19:35:46.919+00:00,calibration,0,40,SQL_FIRST,category_narrow_price,category_05,416,True,0,0.00512,"[0.00,0.05)",3.065708,1.0,True,exact_bitmap,,False
2026-08-30T19:35:46.957+00:00,calibration,0,40,VECTOR_FIRST_HNSW,category_narrow_price,category_05,416,True,0,0.00512,"[0.00,0.05)",36.274125,0.0,False,exact_bitmap,,False
2026-08-30T19:35:46.960+00:00,calibration,0,40,HNSW_HYBRID,category_narrow_price,category_05,416,True,0,0.00512,"[0.00,0.05)",2.59675,1.0,False,exact_bitmap,,False
2026-08-30T19:35:46.964+00:00,calibration,0,40,IVFFLAT_HYBRID,category_narrow_price,category_05,416,True,0,0.00512,"[0.00,0.05)",3.003709,1.0,False,exact_bitmap,,False
2026-08-30T19:35:47.135+00:00,calibration,0,213,SQL_FIRST,wide_or,category_07,827,False,4,0.921025,"[0.50,1.00)",32.233291,1.0,True,exact_seq,,False
2026-08-30T19:35:47.167+00:00,calibration,0,213,VECTOR_FIRST_HNSW,wide_or,category_07,827,False,4,0.921025,"[0.50,1.00)",30.821083,1.0,False,exact_bitmap,,False
2026-08-30T19:35:47.207+00:00,calibration,0,213,HNSW_HYBRID,wide_or,category_07,827,False,4,0.921025,"[0.50,1.00)",38.985125,1.0,False,exact_seq,,False
2026-08-30T19:35:47.244+00:00,calibration,0,213,IVFFLAT_HYBRID,wide_or,category_07,827,False,4,0.921025,"[0.50,1.00)",36.122583,1.0,False,exact_seq,,False
2026-08-30T19:35:47.345+00:00,calibration,0,90,SQL_FIRST,single_category,category_04,577,True,1,0.0967,"[0.05,0.10)",16.074709,1.0,True,exact_bitmap,,False
2026-08-30T19:35:47.381+00:00,calibration,0,90,VECTOR_FIRST_HNSW,single_category,category_04,577,True,1,0.0967,"[0.05,0.10)",34.647167,1.0,False,exact_bitmap,,False
2026-08-30T19:35:47.397+00:00,calibration,0,90,HNSW_HYBRID,single_category,category_04,577,True,1,0.0967,"[0.05,0.10)",14.669125,1.0,False,exact_bitmap,,False
2026-08-30T19:35:47.414+00:00,calibration,0,90,IVFFLAT_HYBRID,single_category,category_04,577,True,1,0.0967,"[0.05,0.10)",15.652625,1.0,False,exact_bitmap,,False
2026-08-30T19:35:47.508+00:00,calibration,0,120,SQL_FIRST,price_range_mid,category_07,808,True,2,0.10114,"[0.10,0.25)",14.631417,1.0,True,exact_bitmap,,False
2026-08-30T19:35:47.539+00:00,calibration,0,120,VECTOR_FIRST_HNSW,price_range_mid,category_07,808,True,2,0.10114,"[0.10,0.25)",30.07775,0.9,False,exact_bitmap,,False
2026-08-30T19:35:47.554+00:00,calibration,0,120,HNSW_HYBRID,price_range_mid,category_07,808,True,2,0.10114,"[0.10,0.25)",13.2085,1.0,False,exact_bitmap,,False
2026-08-30T19:35:47.570+00:00,calibration,0,120,IVFFLAT_HYBRID,price_range_mid,category_07,808,True,2,0.10114,"[0.10,0.25)",14.549167,1.0,False,exact_bitmap,,False
2026-08-30T19:35:47.700+00:00,calibration,0,102,SQL_FIRST,two_categories,category_09,918,True,2,0.2033,"[0.10,0.25)",25.909625,1.0,True,exact_bitmap,,False
2026-08-30T19:35:47.738+00:00,calibration,0,102,VECTOR_FIRST_HNSW,two_categories,category_09,918,True,2,0.2033,"[0.10,0.25)",35.618792,1.0,False,exact_bitmap,,False
2026-08-30T19:35:47.762+00:00,calibration,0,102,HNSW_HYBRID,two_categories,category_09,918,True,2,0.2033,"[0.10,0.25)",22.873542,1.0,False,exact_bitmap,,False
2026-08-30T19:35:47.789+00:00,calibration,0,102,IVFFLAT_HYBRID,two_categories,category_09,918,True,2,0.2033,"[0.10,0.25)",24.770458,1.0,False,exact_bitmap,,False
2026-08-30T19:35:47.924+00:00,calibration,0,176,SQL_FIRST,category_or_price,category_00,350,True,3,0.4127,"[0.25,0.50)",23.785209,1.0,True,exact_seq,,False
2026-08-30T19:35:47.954+00:00,calibration,0,176,VECTOR_FIRST_HNSW,category_or_price,category_00,350,True,3,0.4127,"[0.25,0.50)",29.056125,1.0,False,exact_bitmap,,False
2026-08-30T19:35:47.984+00:00,calibration,0,176,HNSW_HYBRID,category_or_price,category_00,350,True,3,0.4127,"[0.25,0.50)",28.903083,1.0,False,exact_seq,,False
2026-08-30T19:35:48.013+00:00,calibration,0,176,IVFFLAT_HYBRID,category_or_price,category_00,350,True,3,0.4127,"[0.25,0.50)",28.255792,1.0,False,exact_seq,,False
2026-08-30T19:35:48.091+00:00,calibration,0,23,SQL_FIRST,category_and_stock,category_08,78,True,0,0.049415,"[0.00,0.05)",11.436875,1.0,True,exact_bitmap,,False
2026-08-30T19:35:48.123+00:00,calibration,0,23,VECTOR_FIRST_HNSW,category_and_stock,category_08,78,True,0,0.049415,"[0.00,0.05)",30.15225,0.1,False,exact_bitmap,,False
2026-08-30T19:35:48.136+00:00,calibration,0,23,HNSW_HYBRID,category_and_stock,category_08,78,True,0,0.049415,"[0.00,0.05)",10.780584,1.0,False,exact_bitmap,,False
2026-08-30T19:35:48.149+00:00,calibration,0,23,IVFFLAT_HYBRID,category_and_stock,category_08,78,True,0,0.049415,"[0.00,0.05)",12.25375,1.0,False,exact_bitmap,,False
2026-08-30T19:35:48.228+00:00,calibration,0,34,SQL_FIRST,category_and_stock,category_05,575,False,0,0.049935,"[0.00,0.05)",11.860542,1.0,True,exact_bitmap,,False
2026-08-30T19:35:48.265+00:00,calibration,0,34,VECTOR_FIRST_HNSW,category_and_stock,category_05,575,False,0,0.049935,"[0.00,0.05)",35.627709,0.5,False,exact_bitmap,,False
2026-08-30T19:35:48.277+00:00,calibration,0,34,HNSW_HYBRID,category_and_stock,category_05,575,False,0,0.049935,"[0.00,0.05)",10.523417,1.0,False,exact_bitmap,,False
2026-08-30T19:35:48.290+00:00,calibration,0,34,IVFFLAT_HYBRID,category_and_stock,category_05,575,False,0,0.049935,"[0.00,0.05)",11.824375,1.0,False,exact_bitmap,,False
2026-08-30T19:35:48.314+00:00,heldout,0,68,SQL_FIRST,single_category,category_08,938,False,1,0.098665,"[0.05,0.10)",14.118875,1.0,True,exact_bitmap,HNSW_HYBRID,False
2026-08-30T19:35:48.345+00:00,heldout,0,68,VECTOR_FIRST_HNSW,single_category,category_08,938,False,1,0.098665,"[0.05,0.10)",29.589916,0.9,False,exact_bitmap,HNSW_HYBRID,False
2026-08-30T19:35:48.359+00:00,heldout,0,68,HNSW_HYBRID,single_category,category_08,938,False,1,0.098665,"[0.05,0.10)",12.939458,1.0,False,exact_bitmap,HNSW_HYBRID,True
2026-08-30T19:35:48.374+00:00,heldout,0,68,IVFFLAT_HYBRID,single_category,category_08,938,False,1,0.098665,"[0.05,0.10)",14.156625,1.0,False,exact_bitmap,HNSW_HYBRID,False
2026-08-30T19:35:48.388+00:00,heldout,1,68,SQL_FIRST,single_category,category_08,938,False,1,0.098665,"[0.05,0.10)",13.967583,1.0,True,exact_bitmap,HNSW_HYBRID,False
2026-08-30T19:35:48.419+00:00,heldout,1,68,VECTOR_FIRST_HNSW,single_category,category_08,938,False,1,0.098665,"[0.05,0.10)",30.43225,0.9,False,exact_bitmap,HNSW_HYBRID,False
2026-08-30T19:35:48.433+00:00,heldout,1,68,HNSW_HYBRID,single_category,category_08,938,False,1,0.098665,"[0.05,0.10)",13.384042,1.0,False,exact_bitmap,HNSW_HYBRID,True
2026-08-30T19:35:48.449+00:00,heldout,1,68,IVFFLAT_HYBRID,single_category,category_08,938,False,1,0.098665,"[0.05,0.10)",14.499458,1.0,False,exact_bitmap,HNSW_HYBRID,False
2026-08-30T19:35:48.473+00:00,heldout,0,173,SQL_FIRST,category_or_price,category_03,189,False,3,0.268215,"[0.25,0.50)",22.530708,1.0,True,exact_seq,SQL_FIRST,True
2026-08-30T19:35:48.503+00:00,heldout,0,173,VECTOR_FIRST_HNSW,category_or_price,category_03,189,False,3,0.268215,"[0.25,0.50)",28.744125,1.0,False,exact_bitmap,SQL_FIRST,False
2026-08-30T19:35:48.526+00:00,heldout,0,173,HNSW_HYBRID,category_or_price,category_03,189,False,3,0.268215,"[0.25,0.50)",21.563541,1.0,False,exact_seq,SQL_FIRST,False
2026-08-30T19:35:48.549+00:00,heldout,0,173,IVFFLAT_HYBRID,category_or_price,category_03,189,False,3,0.268215,"[0.25,0.50)",22.054958,1.0,False,exact_seq,SQL_FIRST,False
2026-08-30T19:35:48.571+00:00,heldout,1,173,SQL_FIRST,category_or_price,category_03,189,False,3,0.268215,"[0.25,0.50)",21.541625,1.0,True,exact_seq,SQL_FIRST,True
2026-08-30T19:35:48.600+00:00,heldout,1,173,VECTOR_FIRST_HNSW,category_or_price,category_03,189,False,3,0.268215,"[0.25,0.50)",28.720833,1.0,False,exact_bitmap,SQL_FIRST,False
2026-08-30T19:35:48.622+00:00,heldout,1,173,HNSW_HYBRID,category_or_price,category_03,189,False,3,0.268215,"[0.25,0.50)",21.694334,1.0,False,exact_seq,SQL_FIRST,False
2026-08-30T19:35:48.644+00:00,heldout,1,173,IVFFLAT_HYBRID,category_or_price,category_03,189,False,3,0.268215,"[0.25,0.50)",21.378375,1.0,False,exact_seq,SQL_FIRST,False
2026-08-30T19:35:48.650+00:00,heldout,0,19,SQL_FIRST,category_narrow_price,category_01,273,True,0,0.00502,"[0.00,0.05)",2.979541,1.0,True,exact_bitmap,HNSW_HYBRID,False
2026-08-30T19:35:48.748+00:00,heldout,0,19,VECTOR_FIRST_HNSW,category_narrow_price,category_01,273,True,0,0.00502,"[0.00,0.05)",95.758,0.2,False,exact_bitmap,HNSW_HYBRID,False
2026-08-30T19:35:48.752+00:00,heldout,0,19,HNSW_HYBRID,category_narrow_price,category_01,273,True,0,0.00502,"[0.00,0.05)",3.730208,1.0,False,exact_bitmap,HNSW_HYBRID,True
2026-08-30T19:35:48.757+00:00,heldout,0,19,IVFFLAT_HYBRID,category_narrow_price,category_01,273,True,0,0.00502,"[0.00,0.05)",3.838209,1.0,False,exact_bitmap,HNSW_HYBRID,False
2026-08-30T19:35:48.760+00:00,heldout,1,19,SQL_FIRST,category_narrow_price,category_01,273,True,0,0.00502,"[0.00,0.05)",2.762458,1.0,True,exact_bitmap,HNSW_HYBRID,False
2026-08-30T19:35:48.786+00:00,heldout,1,19,VECTOR_FIRST_HNSW,category_narrow_price,category_01,273,True,0,0.00502,"[0.00,0.05)",25.340625,0.2,False,exact_bitmap,HNSW_HYBRID,False
2026-08-30T19:35:48.790+00:00,heldout,1,19,HNSW_HYBRID,category_narrow_price,category_01,273,True,0,0.00502,"[0.00,0.05)",3.695375,1.0,False,exact_bitmap,HNSW_HYBRID,True
2026-08-30T19:35:48.794+00:00,heldout,1,19,IVFFLAT_HYBRID,category_narrow_price,category_01,273,True,0,0.00502,"[0.00,0.05)",2.703958,1.0,False,exact_bitmap,HNSW_HYBRID,False
2026-08-30T19:35:48.799+00:00,heldout,0,11,SQL_FIRST,category_narrow_price,category_06,145,True,0,0.005145,"[0.00,0.05)",3.271625,1.0,True,exact_bitmap,HNSW_HYBRID,False
2026-08-30T19:35:48.833+00:00,heldout,0,11,VECTOR_FIRST_HNSW,category_narrow_price,category_06,145,True,0,0.005145,"[0.00,0.05)",32.492709,0.1,False,exact_bitmap,HNSW_HYBRID,False
2026-08-30T19:35:48.837+00:00,heldout,0,11,HNSW_HYBRID,category_narrow_price,category_06,145,True,0,0.005145,"[0.00,0.05)",2.656834,1.0,False,exact_bitmap,HNSW_HYBRID,True
2026-08-30T19:35:48.841+00:00,heldout,0,11,IVFFLAT_HYBRID,category_narrow_price,category_06,145,True,0,0.005145,"[0.00,0.05)",3.157042,1.0,False,exact_bitmap,HNSW_HYBRID,False
2026-08-30T19:35:48.844+00:00,heldout,1,11,SQL_FIRST,category_narrow_price,category_06,145,True,0,0.005145,"[0.00,0.05)",3.105125,1.0,True,exact_bitmap,HNSW_HYBRID,False
2026-08-30T19:35:48.876+00:00,heldout,1,11,VECTOR_FIRST_HNSW,category_narrow_price,category_06,145,True,0,0.005145,"[0.00,0.05)",30.961167,0.1,False,exact_bitmap,HNSW_HYBRID,False
2026-08-30T19:35:48.879+00:00,heldout,1,11,HNSW_HYBRID,category_narrow_price,category_06,145,True,0,0.005145,"[0.00,0.05)",2.832416,1.0,False,exact_bitmap,HNSW_HYBRID,True
2026-08-30T19:35:48.883+00:00,heldout,1,11,IVFFLAT_HYBRID,category_narrow_price,category_06,145,True,0,0.005145,"[0.00,0.05)",3.04225,1.0,False,exact_bitmap,HNSW_HYBRID,False
2026-08-30T19:35:48.910+00:00,heldout,0,195,SQL_FIRST,three_categories,category_01,806,True,3,0.272085,"[0.25,0.50)",23.586042,1.0,True,exact_bitmap,SQL_FIRST,True
2026-08-30T19:35:48.941+00:00,heldout,0,195,VECTOR_FIRST_HNSW,three_categories,category_01,806,True,3,0.272085,"[0.25,0.50)",30.228333,1.0,False,exact_bitmap,SQL_FIRST,False
2026-08-30T19:35:48.969+00:00,heldout,0,195,HNSW_HYBRID,three_categories,category_01,806,True,3,0.272085,"[0.25,0.50)",26.3065,1.0,False,exact_bitmap,SQL_FIRST,False
2026-08-30T19:35:48.993+00:00,heldout,0,195,IVFFLAT_HYBRID,three_categories,category_01,806,True,3,0.272085,"[0.25,0.50)",23.247417,1.0,False,exact_bitmap,SQL_FIRST,False
2026-08-30T19:35:49.016+00:00,heldout,1,195,SQL_FIRST,three_categories,category_01,806,True,3,0.272085,"[0.25,0.50)",22.555625,1.0,True,exact_bitmap,SQL_FIRST,True
2026-08-30T19:35:49.046+00:00,heldout,1,195,VECTOR_FIRST_HNSW,three_categories,category_01,806,True,3,0.272085,"[0.25,0.50)",29.746208,1.0,False,exact_bitmap,SQL_FIRST,False
2026-08-30T19:35:49.070+00:00,heldout,1,195,HNSW_HYBRID,three_categories,category_01,806,True,3,0.272085,"[0.25,0.50)",23.565584,1.0,False,exact_bitmap,SQL_FIRST,False
2026-08-30T19:35:49.092+00:00,heldout,1,195,IVFFLAT_HYBRID,three_categories,category_01,806,True,3,0.272085,"[0.25,0.50)",21.764584,1.0,False,exact_bitmap,SQL_FIRST,False
2026-08-30T19:35:49.110+00:00,heldout,0,82,SQL_FIRST,single_category,category_01,405,True,1,0.098665,"[0.05,0.10)",14.96075,1.0,True,exact_bitmap,HNSW_HYBRID,False
2026-08-30T19:35:49.143+00:00,heldout,0,82,VECTOR_FIRST_HNSW,single_category,category_01,405,True,1,0.098665,"[0.05,0.10)",31.620209,1.0,False,exact_bitmap,HNSW_HYBRID,False
2026-08-30T19:35:49.158+00:00,heldout,0,82,HNSW_HYBRID,single_category,category_01,405,True,1,0.098665,"[0.05,0.10)",13.848875,1.0,False,exact_bitmap,HNSW_HYBRID,True
2026-08-30T19:35:49.173+00:00,heldout,0,82,IVFFLAT_HYBRID,single_category,category_01,405,True,1,0.098665,"[0.05,0.10)",13.999541,1.0,False,exact_bitmap,HNSW_HYBRID,False
2026-08-30T19:35:49.185+00:00,heldout,1,82,SQL_FIRST,single_category,category_01,405,True,1,0.098665,"[0.05,0.10)",12.660625,1.0,True,exact_bitmap,HNSW_HYBRID,False
2026-08-30T19:35:49.220+00:00,heldout,1,82,VECTOR_FIRST_HNSW,single_category,category_01,405,True,1,0.098665,"[0.05,0.10)",33.721916,1.0,False,exact_bitmap,HNSW_HYBRID,False
2026-08-30T19:35:49.235+00:00,heldout,1,82,HNSW_HYBRID,single_category,category_01,405,True,1,0.098665,"[0.05,0.10)",14.057542,1.0,False,exact_bitmap,HNSW_HYBRID,True
2026-08-30T19:35:49.251+00:00,heldout,1,82,IVFFLAT_HYBRID,single_category,category_01,405,True,1,0.098665,"[0.05,0.10)",15.771708,1.0,False,exact_bitmap,HNSW_HYBRID,False
2026-08-30T19:35:49.281+00:00,heldout,0,135,SQL_FIRST,two_categories,category_09,248,True,2,0.2033,"[0.10,0.25)",26.948791,1.0,True,exact_bitmap,HNSW_HYBRID,False
2026-08-30T19:35:49.314+00:00,heldout,0,135,VECTOR_FIRST_HNSW,two_categories,category_09,248,True,2,0.2033,"[0.10,0.25)",31.268167,1.0,False,exact_bitmap,HNSW_HYBRID,False
2026-08-30T19:35:49.339+00:00,heldout,0,135,HNSW_HYBRID,two_categories,category_09,248,True,2,0.2033,"[0.10,0.25)",23.439459,1.0,False,exact_bitmap,HNSW_HYBRID,True
2026-08-30T19:35:49.365+00:00,heldout,0,135,IVFFLAT_HYBRID,two_categories,category_09,248,True,2,0.2033,"[0.10,0.25)",23.830917,1.0,False,exact_bitmap,HNSW_HYBRID,False
2026-08-30T19:35:49.389+00:00,heldout,1,135,SQL_FIRST,two_categories,category_09,248,True,2,0.2033,"[0.10,0.25)",24.046458,1.0,True,exact_bitmap,HNSW_HYBRID,False
2026-08-30T19:35:49.422+00:00,heldout,1,135,VECTOR_FIRST_HNSW,two_categories,category_09,248,True,2,0.2033,"[0.10,0.25)",32.090375,1.0,False,exact_bitmap,HNSW_HYBRID,False
2026-08-30T19:35:49.445+00:00,heldout,1,135,HNSW_HYBRID,two_categories,category_09,248,True,2,0.2033,"[0.10,0.25)",22.60425,1.0,False,exact_bitmap,HNSW_HYBRID,True
2026-08-30T19:35:49.470+00:00,heldout,1,135,IVFFLAT_HYBRID,two_categories,category_09,248,True,2,0.2033,"[0.10,0.25)",24.868125,1.0,False,exact_bitmap,HNSW_HYBRID,False
2026-08-30T19:35:49.486+00:00,heldout,0,84,SQL_FIRST,single_category,category_01,331,False,1,0.098665,"[0.05,0.10)",14.007917,1.0,True,exact_bitmap,HNSW_HYBRID,False
2026-08-30T19:35:49.519+00:00,heldout,0,84,VECTOR_FIRST_HNSW,single_category,category_01,331,False,1,0.098665,"[0.05,0.10)",30.870542,0.9,False,exact_bitmap,HNSW_HYBRID,False
2026-08-30T19:35:49.533+00:00,heldout,0,84,HNSW_HYBRID,single_category,category_01,331,False,1,0.098665,"[0.05,0.10)",13.495375,1.0,False,exact_bitmap,HNSW_HYBRID,True
2026-08-30T19:35:49.548+00:00,heldout,0,84,IVFFLAT_HYBRID,single_category,category_01,331,False,1,0.098665,"[0.05,0.10)",14.009792,1.0,False,exact_bitmap,HNSW_HYBRID,False
2026-08-30T19:35:49.563+00:00,heldout,1,84,SQL_FIRST,single_category,category_01,331,False,1,0.098665,"[0.05,0.10)",14.103792,1.0,True,exact_bitmap,HNSW_HYBRID,False
2026-08-30T19:35:49.594+00:00,heldout,1,84,VECTOR_FIRST_HNSW,single_category,category_01,331,False,1,0.098665,"[0.05,0.10)",30.214875,0.9,False,exact_bitmap,HNSW_HYBRID,False
2026-08-30T19:35:49.607+00:00,heldout,1,84,HNSW_HYBRID,single_category,category_01,331,False,1,0.098665,"[0.05,0.10)",13.066042,1.0,False,exact_bitmap,HNSW_HYBRID,True
2026-08-30T19:35:49.622+00:00,heldout,1,84,IVFFLAT_HYBRID,single_category,category_01,331,False,1,0.098665,"[0.05,0.10)",14.130208,1.0,False,exact_bitmap,HNSW_HYBRID,False
2026-08-30T19:35:49.645+00:00,heldout,0,180,SQL_FIRST,three_categories,category_08,740,False,3,0.272595,"[0.25,0.50)",20.577416,1.0,True,exact_bitmap,SQL_FIRST,True
2026-08-30T19:35:49.675+00:00,heldout,0,180,VECTOR_FIRST_HNSW,three_categories,category_08,740,False,3,0.272595,"[0.25,0.50)",28.989708,1.0,False,exact_bitmap,SQL_FIRST,False
2026-08-30T19:35:49.696+00:00,heldout,0,180,HNSW_HYBRID,three_categories,category_08,740,False,3,0.272595,"[0.25,0.50)",19.344208,1.0,False,exact_bitmap,SQL_FIRST,False
2026-08-30T19:35:49.717+00:00,heldout,0,180,IVFFLAT_HYBRID,three_categories,category_08,740,False,3,0.272595,"[0.25,0.50)",19.16525,1.0,False,exact_bitmap,SQL_FIRST,False
2026-08-30T19:35:49.737+00:00,heldout,1,180,SQL_FIRST,three_categories,category_08,740,False,3,0.272595,"[0.25,0.50)",19.668083,1.0,True,exact_bitmap,SQL_FIRST,True
2026-08-30T19:35:49.766+00:00,heldout,1,180,VECTOR_FIRST_HNSW,three_categories,category_08,740,False,3,0.272595,"[0.25,0.50)",28.754167,1.0,False,exact_bitmap,SQL_FIRST,False
2026-08-30T19:35:49.786+00:00,heldout,1,180,HNSW_HYBRID,three_categories,category_08,740,False,3,0.272595,"[0.25,0.50)",19.244458,1.0,False,exact_bitmap,SQL_FIRST,False
2026-08-30T19:35:49.807+00:00,heldout,1,180,IVFFLAT_HYBRID,three_categories,category_08,740,False,3,0.272595,"[0.25,0.50)",20.131541,1.0,False,exact_bitmap,SQL_FIRST,False
2026-08-30T19:35:49.834+00:00,heldout,0,107,SQL_FIRST,two_categories,category_02,13,True,2,0.202665,"[0.10,0.25)",24.218,1.0,True,exact_bitmap,HNSW_HYBRID,False
2026-08-30T19:35:49.866+00:00,heldout,0,107,VECTOR_FIRST_HNSW,two_categories,category_02,13,True,2,0.202665,"[0.10,0.25)",30.143875,1.0,False,exact_bitmap,HNSW_HYBRID,False
2026-08-30T19:35:49.890+00:00,heldout,0,107,HNSW_HYBRID,two_categories,category_02,13,True,2,0.202665,"[0.10,0.25)",22.30975,1.0,False,exact_bitmap,HNSW_HYBRID,True
2026-08-30T19:35:49.915+00:00,heldout,0,107,IVFFLAT_HYBRID,two_categories,category_02,13,True,2,0.202665,"[0.10,0.25)",23.891958,1.0,False,exact_bitmap,HNSW_HYBRID,False
2026-08-30T19:35:49.939+00:00,heldout,1,107,SQL_FIRST,two_categories,category_02,13,True,2,0.202665,"[0.10,0.25)",23.836292,1.0,True,exact_bitmap,HNSW_HYBRID,False
2026-08-30T19:35:49.971+00:00,heldout,1,107,VECTOR_FIRST_HNSW,two_categories,category_02,13,True,2,0.202665,"[0.10,0.25)",30.762959,1.0,False,exact_bitmap,HNSW_HYBRID,False
2026-08-30T19:35:49.995+00:00,heldout,1,107,HNSW_HYBRID,two_categories,category_02,13,True,2,0.202665,"[0.10,0.25)",23.483083,1.0,False,exact_bitmap,HNSW_HYBRID,True
2026-08-30T19:35:50.022+00:00,heldout,1,107,IVFFLAT_HYBRID,two_categories,category_02,13,True,2,0.202665,"[0.10,0.25)",25.950167,1.0,False,exact_bitmap,HNSW_HYBRID,False
2026-08-30T19:35:50.053+00:00,heldout,0,217,SQL_FIRST,wide_or,category_00,324,True,4,0.695705,"[0.50,1.00)",29.800625,1.0,True,exact_seq,SQL_FIRST,True
2026-08-30T19:35:50.083+00:00,heldout,0,217,VECTOR_FIRST_HNSW,wide_or,category_00,324,True,4,0.695705,"[0.50,1.00)",28.77325,1.0,False,exact_bitmap,SQL_FIRST,False
2026-08-30T19:35:50.114+00:00,heldout,0,217,HNSW_HYBRID,wide_or,category_00,324,True,4,0.695705,"[0.50,1.00)",28.81675,1.0,False,exact_seq,SQL_FIRST,False
2026-08-30T19:35:50.144+00:00,heldout,0,217,IVFFLAT_HYBRID,wide_or,category_00,324,True,4,0.695705,"[0.50,1.00)",28.473834,1.0,False,exact_seq,SQL_FIRST,False
2026-08-30T19:35:50.173+00:00,heldout,1,217,SQL_FIRST,wide_or,category_00,324,True,4,0.695705,"[0.50,1.00)",28.496584,1.0,True,exact_seq,SQL_FIRST,True
2026-08-30T19:35:50.203+00:00,heldout,1,217,VECTOR_FIRST_HNSW,wide_or,category_00,324,True,4,0.695705,"[0.50,1.00)",29.006291,1.0,False,exact_bitmap,SQL_FIRST,False
2026-08-30T19:35:50.232+00:00,heldout,1,217,HNSW_HYBRID,wide_or,category_00,324,True,4,0.695705,"[0.50,1.00)",28.502458,1.0,False,exact_seq,SQL_FIRST,False
2026-08-30T19:35:50.262+00:00,heldout,1,217,IVFFLAT_HYBRID,wide_or,category_00,324,True,4,0.695705,"[0.50,1.00)",30.055458,1.0,False,exact_seq,SQL_FIRST,False
2026-08-30T19:35:50.289+00:00,heldout,0,205,SQL_FIRST,stock_alone,category_00,752,True,4,0.500835,"[0.50,1.00)",24.703084,1.0,True,exact_seq,SQL_FIRST,True
2026-08-30T19:35:50.325+00:00,heldout,0,205,VECTOR_FIRST_HNSW,stock_alone,category_00,752,True,4,0.500835,"[0.50,1.00)",33.558792,1.0,False,exact_bitmap,SQL_FIRST,False
2026-08-30T19:35:50.351+00:00,heldout,0,205,HNSW_HYBRID,stock_alone,category_00,752,True,4,0.500835,"[0.50,1.00)",25.247083,1.0,False,exact_seq,SQL_FIRST,False
2026-08-30T19:35:50.378+00:00,heldout,0,205,IVFFLAT_HYBRID,stock_alone,category_00,752,True,4,0.500835,"[0.50,1.00)",25.914292,1.0,False,exact_seq,SQL_FIRST,False
2026-08-30T19:35:50.404+00:00,heldout,1,205,SQL_FIRST,stock_alone,category_00,752,True,4,0.500835,"[0.50,1.00)",24.816,1.0,True,exact_seq,SQL_FIRST,True
2026-08-30T19:35:50.436+00:00,heldout,1,205,VECTOR_FIRST_HNSW,stock_alone,category_00,752,True,4,0.500835,"[0.50,1.00)",31.794583,1.0,False,exact_bitmap,SQL_FIRST,False
2026-08-30T19:35:50.462+00:00,heldout,1,205,HNSW_HYBRID,stock_alone,category_00,752,True,4,0.500835,"[0.50,1.00)",24.778167,1.0,False,exact_seq,SQL_FIRST,False
2026-08-30T19:35:50.487+00:00,heldout,1,205,IVFFLAT_HYBRID,stock_alone,category_00,752,True,4,0.500835,"[0.50,1.00)",24.959459,1.0,False,exact_seq,SQL_FIRST,False
2026-08-30T19:35:50.505+00:00,heldout,0,150,SQL_FIRST,price_range_mid,category_07,210,False,2,0.10253,"[0.10,0.25)",14.544375,1.0,True,exact_bitmap,HNSW_HYBRID,False
2026-08-30T19:35:50.540+00:00,heldout,0,150,VECTOR_FIRST_HNSW,price_range_mid,category_07,210,False,2,0.10253,"[0.10,0.25)",33.566791,1.0,False,exact_bitmap,HNSW_HYBRID,False
2026-08-30T19:35:50.556+00:00,heldout,0,150,HNSW_HYBRID,price_range_mid,category_07,210,False,2,0.10253,"[0.10,0.25)",14.252125,1.0,False,exact_bitmap,HNSW_HYBRID,True
2026-08-30T19:35:50.574+00:00,heldout,0,150,IVFFLAT_HYBRID,price_range_mid,category_07,210,False,2,0.10253,"[0.10,0.25)",16.210083,1.0,False,exact_bitmap,HNSW_HYBRID,False
2026-08-30T19:35:50.591+00:00,heldout,1,150,SQL_FIRST,price_range_mid,category_07,210,False,2,0.10253,"[0.10,0.25)",16.86675,1.0,True,exact_bitmap,HNSW_HYBRID,False
2026-08-30T19:35:50.626+00:00,heldout,1,150,VECTOR_FIRST_HNSW,price_range_mid,category_07,210,False,2,0.10253,"[0.10,0.25)",33.798417,1.0,False,exact_bitmap,HNSW_HYBRID,False
2026-08-30T19:35:50.641+00:00,heldout,1,150,HNSW_HYBRID,price_range_mid,category_07,210,False,2,0.10253,"[0.10,0.25)",14.41475,1.0,False,exact_bitmap,HNSW_HYBRID,True
2026-08-30T19:35:50.658+00:00,heldout,1,150,IVFFLAT_HYBRID,price_range_mid,category_07,210,False,2,0.10253,"[0.10,0.25)",16.550917,1.0,False,exact_bitmap,HNSW_HYBRID,False
2026-08-30T19:35:50.687+00:00,heldout,0,183,SQL_FIRST,category_or_price,category_00,274,True,3,0.344765,"[0.25,0.50)",25.969,1.0,True,exact_seq,SQL_FIRST,True
2026-08-30T19:35:50.721+00:00,heldout,0,183,VECTOR_FIRST_HNSW,category_or_price,category_00,274,True,3,0.344765,"[0.25,0.50)",32.088875,1.0,False,exact_bitmap,SQL_FIRST,False
2026-08-30T19:35:50.747+00:00,heldout,0,183,HNSW_HYBRID,category_or_price,category_00,274,True,3,0.344765,"[0.25,0.50)",24.582125,1.0,False,exact_seq,SQL_FIRST,False
2026-08-30T19:35:50.773+00:00,heldout,0,183,IVFFLAT_HYBRID,category_or_price,category_00,274,True,3,0.344765,"[0.25,0.50)",25.025875,1.0,False,exact_seq,SQL_FIRST,False
2026-08-30T19:35:50.798+00:00,heldout,1,183,SQL_FIRST,category_or_price,category_00,274,True,3,0.344765,"[0.25,0.50)",24.403958,1.0,True,exact_seq,SQL_FIRST,True
2026-08-30T19:35:50.832+00:00,heldout,1,183,VECTOR_FIRST_HNSW,category_or_price,category_00,274,True,3,0.344765,"[0.25,0.50)",33.478,1.0,False,exact_bitmap,SQL_FIRST,False
2026-08-30T19:35:50.860+00:00,heldout,1,183,HNSW_HYBRID,category_or_price,category_00,274,True,3,0.344765,"[0.25,0.50)",27.279333,1.0,False,exact_seq,SQL_FIRST,False
2026-08-30T19:35:50.886+00:00,heldout,1,183,IVFFLAT_HYBRID,category_or_price,category_00,274,True,3,0.344765,"[0.25,0.50)",25.976208,1.0,False,exact_seq,SQL_FIRST,False
2026-08-30T19:35:50.914+00:00,heldout,0,187,SQL_FIRST,category_or_price,category_02,238,True,3,0.308735,"[0.25,0.50)",26.335708,1.0,True,exact_seq,SQL_FIRST,True
2026-08-30T19:35:51.056+00:00,heldout,0,187,VECTOR_FIRST_HNSW,category_or_price,category_02,238,True,3,0.308735,"[0.25,0.50)",140.857666,1.0,False,exact_bitmap,SQL_FIRST,False
2026-08-30T19:35:51.127+00:00,heldout,0,187,HNSW_HYBRID,category_or_price,category_02,238,True,3,0.308735,"[0.25,0.50)",69.111041,1.0,False,exact_seq,SQL_FIRST,False
2026-08-30T19:35:51.156+00:00,heldout,0,187,IVFFLAT_HYBRID,category_or_price,category_02,238,True,3,0.308735,"[0.25,0.50)",28.128291,1.0,False,exact_seq,SQL_FIRST,False
2026-08-30T19:35:51.185+00:00,heldout,1,187,SQL_FIRST,category_or_price,category_02,238,True,3,0.308735,"[0.25,0.50)",28.683,1.0,True,exact_seq,SQL_FIRST,True
2026-08-30T19:35:51.214+00:00,heldout,1,187,VECTOR_FIRST_HNSW,category_or_price,category_02,238,True,3,0.308735,"[0.25,0.50)",28.247208,1.0,False,exact_bitmap,SQL_FIRST,False
2026-08-30T19:35:51.235+00:00,heldout,1,187,HNSW_HYBRID,category_or_price,category_02,238,True,3,0.308735,"[0.25,0.50)",20.571459,1.0,False,exact_seq,SQL_FIRST,False
2026-08-30T19:35:51.345+00:00,heldout,1,187,IVFFLAT_HYBRID,category_or_price,category_02,238,True,3,0.308735,"[0.25,0.50)",109.536167,1.0,False,exact_seq,SQL_FIRST,False
2026-08-30T19:35:51.361+00:00,heldout,0,61,SQL_FIRST,single_category,category_08,698,True,1,0.098665,"[0.05,0.10)",14.936792,1.0,True,exact_bitmap,HNSW_HYBRID,False
2026-08-30T19:35:51.394+00:00,heldout,0,61,VECTOR_FIRST_HNSW,single_category,category_08,698,True,1,0.098665,"[0.05,0.10)",31.928417,0.8,False,exact_bitmap,HNSW_HYBRID,False
2026-08-30T19:35:51.408+00:00,heldout,0,61,HNSW_HYBRID,single_category,category_08,698,True,1,0.098665,"[0.05,0.10)",12.322292,1.0,False,exact_bitmap,HNSW_HYBRID,True
2026-08-30T19:35:51.423+00:00,heldout,0,61,IVFFLAT_HYBRID,single_category,category_08,698,True,1,0.098665,"[0.05,0.10)",14.249875,1.0,False,exact_bitmap,HNSW_HYBRID,False
2026-08-30T19:35:51.439+00:00,heldout,1,61,SQL_FIRST,single_category,category_08,698,True,1,0.098665,"[0.05,0.10)",15.366875,1.0,True,exact_bitmap,HNSW_HYBRID,False
2026-08-30T19:35:51.472+00:00,heldout,1,61,VECTOR_FIRST_HNSW,single_category,category_08,698,True,1,0.098665,"[0.05,0.10)",32.587042,0.8,False,exact_bitmap,HNSW_HYBRID,False
2026-08-30T19:35:51.486+00:00,heldout,1,61,HNSW_HYBRID,single_category,category_08,698,True,1,0.098665,"[0.05,0.10)",12.870167,1.0,False,exact_bitmap,HNSW_HYBRID,True
2026-08-30T19:35:51.501+00:00,heldout,1,61,IVFFLAT_HYBRID,single_category,category_08,698,True,1,0.098665,"[0.05,0.10)",14.302125,1.0,False,exact_bitmap,HNSW_HYBRID,False
2026-08-30T19:35:51.506+00:00,heldout,0,4,SQL_FIRST,category_narrow_price,category_01,435,True,0,0.00487,"[0.00,0.05)",3.588834,1.0,True,exact_bitmap,HNSW_HYBRID,False
2026-08-30T19:35:51.547+00:00,heldout,0,4,VECTOR_FIRST_HNSW,category_narrow_price,category_01,435,True,0,0.00487,"[0.00,0.05)",39.583958,0.0,False,exact_bitmap,HNSW_HYBRID,False
2026-08-30T19:35:51.551+00:00,heldout,0,4,HNSW_HYBRID,category_narrow_price,category_01,435,True,0,0.00487,"[0.00,0.05)",2.895667,1.0,False,exact_bitmap,HNSW_HYBRID,True
2026-08-30T19:35:51.554+00:00,heldout,0,4,IVFFLAT_HYBRID,category_narrow_price,category_01,435,True,0,0.00487,"[0.00,0.05)",2.684541,1.0,False,exact_bitmap,HNSW_HYBRID,False
2026-08-30T19:35:51.557+00:00,heldout,1,4,SQL_FIRST,category_narrow_price,category_01,435,True,0,0.00487,"[0.00,0.05)",3.080166,1.0,True,exact_bitmap,HNSW_HYBRID,False
2026-08-30T19:35:51.589+00:00,heldout,1,4,VECTOR_FIRST_HNSW,category_narrow_price,category_01,435,True,0,0.00487,"[0.00,0.05)",31.015167,0.0,False,exact_bitmap,HNSW_HYBRID,False
2026-08-30T19:35:51.592+00:00,heldout,1,4,HNSW_HYBRID,category_narrow_price,category_01,435,True,0,0.00487,"[0.00,0.05)",2.641667,1.0,False,exact_bitmap,HNSW_HYBRID,True
2026-08-30T19:35:51.594+00:00,heldout,1,4,IVFFLAT_HYBRID,category_narrow_price,category_01,435,True,0,0.00487,"[0.00,0.05)",2.189708,1.0,False,exact_bitmap,HNSW_HYBRID,False
2026-08-30T19:35:51.629+00:00,heldout,0,225,SQL_FIRST,wide_or,category_07,520,True,4,0.7826,"[0.50,1.00)",32.423041,1.0,True,exact_seq,SQL_FIRST,True
2026-08-30T19:35:51.661+00:00,heldout,0,225,VECTOR_FIRST_HNSW,wide_or,category_07,520,True,4,0.7826,"[0.50,1.00)",30.202417,1.0,False,exact_bitmap,SQL_FIRST,False
2026-08-30T19:35:51.696+00:00,heldout,0,225,HNSW_HYBRID,wide_or,category_07,520,True,4,0.7826,"[0.50,1.00)",32.988333,1.0,False,exact_seq,SQL_FIRST,False
2026-08-30T19:35:51.731+00:00,heldout,0,225,IVFFLAT_HYBRID,wide_or,category_07,520,True,4,0.7826,"[0.50,1.00)",33.8635,1.0,False,exact_seq,SQL_FIRST,False
2026-08-30T19:35:51.765+00:00,heldout,1,225,SQL_FIRST,wide_or,category_07,520,True,4,0.7826,"[0.50,1.00)",33.755625,1.0,True,exact_seq,SQL_FIRST,True
2026-08-30T19:35:51.798+00:00,heldout,1,225,VECTOR_FIRST_HNSW,wide_or,category_07,520,True,4,0.7826,"[0.50,1.00)",31.955334,1.0,False,exact_bitmap,SQL_FIRST,False
2026-08-30T19:35:51.832+00:00,heldout,1,225,HNSW_HYBRID,wide_or,category_07,520,True,4,0.7826,"[0.50,1.00)",33.045916,1.0,False,exact_seq,SQL_FIRST,False
2026-08-30T19:35:51.866+00:00,heldout,1,225,IVFFLAT_HYBRID,wide_or,category_07,520,True,4,0.7826,"[0.50,1.00)",33.89975,1.0,False,exact_seq,SQL_FIRST,False
2026-08-30T19:35:51.894+00:00,heldout,0,241,SQL_FIRST,stock_alone,category_02,912,True,4,0.500835,"[0.50,1.00)",25.415333,1.0,True,exact_seq,SQL_FIRST,True
2026-08-30T19:35:51.930+00:00,heldout,0,241,VECTOR_FIRST_HNSW,stock_alone,category_02,912,True,4,0.500835,"[0.50,1.00)",34.201583,1.0,False,exact_bitmap,SQL_FIRST,False
2026-08-30T19:35:51.956+00:00,heldout,0,241,HNSW_HYBRID,stock_alone,category_02,912,True,4,0.500835,"[0.50,1.00)",25.322583,1.0,False,exact_seq,SQL_FIRST,False
2026-08-30T19:35:51.982+00:00,heldout,0,241,IVFFLAT_HYBRID,stock_alone,category_02,912,True,4,0.500835,"[0.50,1.00)",25.136292,1.0,False,exact_seq,SQL_FIRST,False
2026-08-30T19:35:52.008+00:00,heldout,1,241,SQL_FIRST,stock_alone,category_02,912,True,4,0.500835,"[0.50,1.00)",25.937583,1.0,True,exact_seq,SQL_FIRST,True
2026-08-30T19:35:52.041+00:00,heldout,1,241,VECTOR_FIRST_HNSW,stock_alone,category_02,912,True,4,0.500835,"[0.50,1.00)",32.245167,1.0,False,exact_bitmap,SQL_FIRST,False
2026-08-30T19:35:52.066+00:00,heldout,1,241,HNSW_HYBRID,stock_alone,category_02,912,True,4,0.500835,"[0.50,1.00)",24.650667,1.0,False,exact_seq,SQL_FIRST,False
2026-08-30T19:35:52.092+00:00,heldout,1,241,IVFFLAT_HYBRID,stock_alone,category_02,912,True,4,0.500835,"[0.50,1.00)",25.872333,1.0,False,exact_seq,SQL_FIRST,False
2026-08-30T19:35:52.112+00:00,heldout,0,130,SQL_FIRST,price_range_mid,category_02,140,False,2,0.104585,"[0.10,0.25)",17.345417,1.0,True,exact_bitmap,HNSW_HYBRID,False
2026-08-30T19:35:52.149+00:00,heldout,0,130,VECTOR_FIRST_HNSW,price_range_mid,category_02,140,False,2,0.104585,"[0.10,0.25)",36.527958,1.0,False,exact_bitmap,HNSW_HYBRID,False
2026-08-30T19:35:52.163+00:00,heldout,0,130,HNSW_HYBRID,price_range_mid,category_02,140,False,2,0.104585,"[0.10,0.25)",13.227292,1.0,False,exact_bitmap,HNSW_HYBRID,True
2026-08-30T19:35:52.181+00:00,heldout,0,130,IVFFLAT_HYBRID,price_range_mid,category_02,140,False,2,0.104585,"[0.10,0.25)",16.495291,1.0,False,exact_bitmap,HNSW_HYBRID,False
2026-08-30T19:35:52.198+00:00,heldout,1,130,SQL_FIRST,price_range_mid,category_02,140,False,2,0.104585,"[0.10,0.25)",17.017917,1.0,True,exact_bitmap,HNSW_HYBRID,False
2026-08-30T19:35:52.232+00:00,heldout,1,130,VECTOR_FIRST_HNSW,price_range_mid,category_02,140,False,2,0.104585,"[0.10,0.25)",33.806834,1.0,False,exact_bitmap,HNSW_HYBRID,False
2026-08-30T19:35:52.249+00:00,heldout,1,130,HNSW_HYBRID,price_range_mid,category_02,140,False,2,0.104585,"[0.10,0.25)",15.538209,1.0,False,exact_bitmap,HNSW_HYBRID,True
2026-08-30T19:35:52.266+00:00,heldout,1,130,IVFFLAT_HYBRID,price_range_mid,category_02,140,False,2,0.104585,"[0.10,0.25)",16.53175,1.0,False,exact_bitmap,HNSW_HYBRID,False
2026-08-30T19:35:52.305+00:00,heldout,0,212,SQL_FIRST,wide_or,category_00,550,False,4,0.79608,"[0.50,1.00)",35.54375,1.0,True,exact_seq,SQL_FIRST,True
2026-08-30T19:35:52.339+00:00,heldout,0,212,VECTOR_FIRST_HNSW,wide_or,category_00,550,False,4,0.79608,"[0.50,1.00)",31.86825,1.0,False,exact_bitmap,SQL_FIRST,False
2026-08-30T19:35:52.374+00:00,heldout,0,212,HNSW_HYBRID,wide_or,category_00,550,False,4,0.79608,"[0.50,1.00)",32.292583,1.0,False,exact_seq,SQL_FIRST,False
2026-08-30T19:35:52.410+00:00,heldout,0,212,IVFFLAT_HYBRID,wide_or,category_00,550,False,4,0.79608,"[0.50,1.00)",34.442209,1.0,False,exact_seq,SQL_FIRST,False
2026-08-30T19:35:52.448+00:00,heldout,1,212,SQL_FIRST,wide_or,category_00,550,False,4,0.79608,"[0.50,1.00)",37.899417,1.0,True,exact_seq,SQL_FIRST,True
2026-08-30T19:35:52.480+00:00,heldout,1,212,VECTOR_FIRST_HNSW,wide_or,category_00,550,False,4,0.79608,"[0.50,1.00)",31.304,1.0,False,exact_bitmap,SQL_FIRST,False
2026-08-30T19:35:52.514+00:00,heldout,1,212,HNSW_HYBRID,wide_or,category_00,550,False,4,0.79608,"[0.50,1.00)",33.340584,1.0,False,exact_seq,SQL_FIRST,False
2026-08-30T19:35:52.548+00:00,heldout,1,212,IVFFLAT_HYBRID,wide_or,category_00,550,False,4,0.79608,"[0.50,1.00)",33.487,1.0,False,exact_seq,SQL_FIRST,False
2026-08-30T19:35:52.566+00:00,heldout,0,100,SQL_FIRST,single_category,category_06,339,True,1,0.099535,"[0.05,0.10)",13.882416,1.0,True,exact_bitmap,HNSW_HYBRID,False
2026-08-30T19:35:52.600+00:00,heldout,0,100,VECTOR_FIRST_HNSW,single_category,category_06,339,True,1,0.099535,"[0.05,0.10)",33.471959,1.0,False,exact_bitmap,HNSW_HYBRID,False
2026-08-30T19:35:52.616+00:00,heldout,0,100,HNSW_HYBRID,single_category,category_06,339,True,1,0.099535,"[0.05,0.10)",13.853583,1.0,False,exact_bitmap,HNSW_HYBRID,True
2026-08-30T19:35:52.632+00:00,heldout,0,100,IVFFLAT_HYBRID,single_category,category_06,339,True,1,0.099535,"[0.05,0.10)",15.580709,1.0,False,exact_bitmap,HNSW_HYBRID,False
2026-08-30T19:35:52.648+00:00,heldout,1,100,SQL_FIRST,single_category,category_06,339,True,1,0.099535,"[0.05,0.10)",15.668667,1.0,True,exact_bitmap,HNSW_HYBRID,False
2026-08-30T19:35:52.682+00:00,heldout,1,100,VECTOR_FIRST_HNSW,single_category,category_06,339,True,1,0.099535,"[0.05,0.10)",33.371125,1.0,False,exact_bitmap,HNSW_HYBRID,False
2026-08-30T19:35:52.697+00:00,heldout,1,100,HNSW_HYBRID,single_category,category_06,339,True,1,0.099535,"[0.05,0.10)",13.989625,1.0,False,exact_bitmap,HNSW_HYBRID,True
2026-08-30T19:35:52.713+00:00,heldout,1,100,IVFFLAT_HYBRID,single_category,category_06,339,True,1,0.099535,"[0.05,0.10)",15.684375,1.0,False,exact_bitmap,HNSW_HYBRID,False
2026-08-30T19:35:52.738+00:00,heldout,0,154,SQL_FIRST,three_categories,category_03,805,True,3,0.27136,"[0.25,0.50)",22.8685,1.0,True,exact_bitmap,SQL_FIRST,True
2026-08-30T19:35:52.772+00:00,heldout,0,154,VECTOR_FIRST_HNSW,three_categories,category_03,805,True,3,0.27136,"[0.25,0.50)",31.620167,1.0,False,exact_bitmap,SQL_FIRST,False
2026-08-30T19:35:52.795+00:00,heldout,0,154,HNSW_HYBRID,three_categories,category_03,805,True,3,0.27136,"[0.25,0.50)",21.671167,1.0,False,exact_bitmap,SQL_FIRST,False
2026-08-30T19:35:52.819+00:00,heldout,0,154,IVFFLAT_HYBRID,three_categories,category_03,805,True,3,0.27136,"[0.25,0.50)",21.961208,1.0,False,exact_bitmap,SQL_FIRST,False
2026-08-30T19:35:52.841+00:00,heldout,1,154,SQL_FIRST,three_categories,category_03,805,True,3,0.27136,"[0.25,0.50)",21.28325,1.0,True,exact_bitmap,SQL_FIRST,True
2026-08-30T19:35:52.874+00:00,heldout,1,154,VECTOR_FIRST_HNSW,three_categories,category_03,805,True,3,0.27136,"[0.25,0.50)",32.209875,1.0,False,exact_bitmap,SQL_FIRST,False
2026-08-30T19:35:52.897+00:00,heldout,1,154,HNSW_HYBRID,three_categories,category_03,805,True,3,0.27136,"[0.25,0.50)",21.899917,1.0,False,exact_bitmap,SQL_FIRST,False
2026-08-30T19:35:52.918+00:00,heldout,1,154,IVFFLAT_HYBRID,three_categories,category_03,805,True,3,0.27136,"[0.25,0.50)",20.852042,1.0,False,exact_bitmap,SQL_FIRST,False
2026-08-30T19:35:52.933+00:00,heldout,0,91,SQL_FIRST,single_category,category_06,545,False,1,0.099535,"[0.05,0.10)",13.272833,1.0,True,exact_bitmap,HNSW_HYBRID,False
2026-08-30T19:35:52.971+00:00,heldout,0,91,VECTOR_FIRST_HNSW,single_category,category_06,545,False,1,0.099535,"[0.05,0.10)",36.338125,0.9,False,exact_bitmap,HNSW_HYBRID,False
2026-08-30T19:35:52.990+00:00,heldout,0,91,HNSW_HYBRID,single_category,category_06,545,False,1,0.099535,"[0.05,0.10)",18.304041,1.0,False,exact_bitmap,HNSW_HYBRID,True
2026-08-30T19:35:53.008+00:00,heldout,0,91,IVFFLAT_HYBRID,single_category,category_06,545,False,1,0.099535,"[0.05,0.10)",17.053292,1.0,False,exact_bitmap,HNSW_HYBRID,False
2026-08-30T19:35:53.025+00:00,heldout,1,91,SQL_FIRST,single_category,category_06,545,False,1,0.099535,"[0.05,0.10)",16.019709,1.0,True,exact_bitmap,HNSW_HYBRID,False
2026-08-30T19:35:53.059+00:00,heldout,1,91,VECTOR_FIRST_HNSW,single_category,category_06,545,False,1,0.099535,"[0.05,0.10)",34.222625,0.9,False,exact_bitmap,HNSW_HYBRID,False
2026-08-30T19:35:53.074+00:00,heldout,1,91,HNSW_HYBRID,single_category,category_06,545,False,1,0.099535,"[0.05,0.10)",14.351625,1.0,False,exact_bitmap,HNSW_HYBRID,True
2026-08-30T19:35:53.091+00:00,heldout,1,91,IVFFLAT_HYBRID,single_category,category_06,545,False,1,0.099535,"[0.05,0.10)",15.745583,1.0,False,exact_bitmap,HNSW_HYBRID,False
2026-08-30T19:35:53.109+00:00,heldout,0,109,SQL_FIRST,single_category_alone,category_03,64,False,2,0.1037,"[0.10,0.25)",15.912292,1.0,True,exact_bitmap,HNSW_HYBRID,False
2026-08-30T19:35:53.145+00:00,heldout,0,109,VECTOR_FIRST_HNSW,single_category_alone,category_03,64,False,2,0.1037,"[0.10,0.25)",34.421667,1.0,False,exact_bitmap,HNSW_HYBRID,False
2026-08-30T19:35:53.160+00:00,heldout,0,109,HNSW_HYBRID,single_category_alone,category_03,64,False,2,0.1037,"[0.10,0.25)",15.012583,1.0,False,exact_bitmap,HNSW_HYBRID,True
2026-08-30T19:35:53.177+00:00,heldout,0,109,IVFFLAT_HYBRID,single_category_alone,category_03,64,False,2,0.1037,"[0.10,0.25)",15.804959,1.0,False,exact_bitmap,HNSW_HYBRID,False
2026-08-30T19:35:53.193+00:00,heldout,1,109,SQL_FIRST,single_category_alone,category_03,64,False,2,0.1037,"[0.10,0.25)",15.912542,1.0,True,exact_bitmap,HNSW_HYBRID,False
2026-08-30T19:35:53.228+00:00,heldout,1,109,VECTOR_FIRST_HNSW,single_category_alone,category_03,64,False,2,0.1037,"[0.10,0.25)",33.881334,1.0,False,exact_bitmap,HNSW_HYBRID,False
2026-08-30T19:35:53.242+00:00,heldout,1,109,HNSW_HYBRID,single_category_alone,category_03,64,False,2,0.1037,"[0.10,0.25)",14.15875,1.0,False,exact_bitmap,HNSW_HYBRID,True
2026-08-30T19:35:53.259+00:00,heldout,1,109,IVFFLAT_HYBRID,single_category_alone,category_03,64,False,2,0.1037,"[0.10,0.25)",16.099,1.0,False,exact_bitmap,HNSW_HYBRID,False
2026-08-30T19:35:53.298+00:00,heldout,0,237,SQL_FIRST,wide_or,category_06,723,True,4,0.87333,"[0.50,1.00)",36.664833,1.0,True,exact_seq,SQL_FIRST,True
2026-08-30T19:35:53.334+00:00,heldout,0,237,VECTOR_FIRST_HNSW,wide_or,category_06,723,True,4,0.87333,"[0.50,1.00)",33.303917,1.0,False,exact_bitmap,SQL_FIRST,False
2026-08-30T19:35:53.370+00:00,heldout,0,237,HNSW_HYBRID,wide_or,category_06,723,True,4,0.87333,"[0.50,1.00)",34.505583,1.0,False,exact_seq,SQL_FIRST,False
2026-08-30T19:35:53.408+00:00,heldout,0,237,IVFFLAT_HYBRID,wide_or,category_06,723,True,4,0.87333,"[0.50,1.00)",36.112416,1.0,False,exact_seq,SQL_FIRST,False
2026-08-30T19:35:53.446+00:00,heldout,1,237,SQL_FIRST,wide_or,category_06,723,True,4,0.87333,"[0.50,1.00)",38.519709,1.0,True,exact_seq,SQL_FIRST,True
2026-08-30T19:35:53.481+00:00,heldout,1,237,VECTOR_FIRST_HNSW,wide_or,category_06,723,True,4,0.87333,"[0.50,1.00)",33.860625,1.0,False,exact_bitmap,SQL_FIRST,False
2026-08-30T19:35:53.518+00:00,heldout,1,237,HNSW_HYBRID,wide_or,category_06,723,True,4,0.87333,"[0.50,1.00)",36.832292,1.0,False,exact_seq,SQL_FIRST,False
2026-08-30T19:35:53.554+00:00,heldout,1,237,IVFFLAT_HYBRID,wide_or,category_06,723,True,4,0.87333,"[0.50,1.00)",34.859417,1.0,False,exact_seq,SQL_FIRST,False
2026-08-30T19:35:53.591+00:00,heldout,0,224,SQL_FIRST,wide_or,category_01,591,False,4,0.81378,"[0.50,1.00)",34.259792,1.0,True,exact_seq,SQL_FIRST,True
2026-08-30T19:35:53.625+00:00,heldout,0,224,VECTOR_FIRST_HNSW,wide_or,category_01,591,False,4,0.81378,"[0.50,1.00)",32.287958,1.0,False,exact_bitmap,SQL_FIRST,False
2026-08-30T19:35:53.660+00:00,heldout,0,224,HNSW_HYBRID,wide_or,category_01,591,False,4,0.81378,"[0.50,1.00)",34.223292,1.0,False,exact_seq,SQL_FIRST,False
2026-08-30T19:35:53.696+00:00,heldout,0,224,IVFFLAT_HYBRID,wide_or,category_01,591,False,4,0.81378,"[0.50,1.00)",35.034875,1.0,False,exact_seq,SQL_FIRST,False
2026-08-30T19:35:53.730+00:00,heldout,1,224,SQL_FIRST,wide_or,category_01,591,False,4,0.81378,"[0.50,1.00)",33.653208,1.0,True,exact_seq,SQL_FIRST,True
2026-08-30T19:35:53.762+00:00,heldout,1,224,VECTOR_FIRST_HNSW,wide_or,category_01,591,False,4,0.81378,"[0.50,1.00)",31.478833,1.0,False,exact_bitmap,SQL_FIRST,False
2026-08-30T19:35:53.799+00:00,heldout,1,224,HNSW_HYBRID,wide_or,category_01,591,False,4,0.81378,"[0.50,1.00)",36.366708,1.0,False,exact_seq,SQL_FIRST,False
2026-08-30T19:35:53.834+00:00,heldout,1,224,IVFFLAT_HYBRID,wide_or,category_01,591,False,4,0.81378,"[0.50,1.00)",34.076916,1.0,False,exact_seq,SQL_FIRST,False
2026-08-30T19:35:53.862+00:00,heldout,0,232,SQL_FIRST,stock_alone,category_00,876,True,4,0.500835,"[0.50,1.00)",25.246209,1.0,True,exact_seq,SQL_FIRST,True
2026-08-30T19:35:53.896+00:00,heldout,0,232,VECTOR_FIRST_HNSW,stock_alone,category_00,876,True,4,0.500835,"[0.50,1.00)",31.778125,1.0,False,exact_bitmap,SQL_FIRST,False
2026-08-30T19:35:53.922+00:00,heldout,0,232,HNSW_HYBRID,stock_alone,category_00,876,True,4,0.500835,"[0.50,1.00)",24.667416,1.0,False,exact_seq,SQL_FIRST,False
2026-08-30T19:35:53.949+00:00,heldout,0,232,IVFFLAT_HYBRID,stock_alone,category_00,876,True,4,0.500835,"[0.50,1.00)",25.268833,1.0,False,exact_seq,SQL_FIRST,False
2026-08-30T19:35:53.975+00:00,heldout,1,232,SQL_FIRST,stock_alone,category_00,876,True,4,0.500835,"[0.50,1.00)",25.53425,1.0,True,exact_seq,SQL_FIRST,True
2026-08-30T19:35:54.011+00:00,heldout,1,232,VECTOR_FIRST_HNSW,stock_alone,category_00,876,True,4,0.500835,"[0.50,1.00)",36.078334,1.0,False,exact_bitmap,SQL_FIRST,False
2026-08-30T19:35:54.037+00:00,heldout,1,232,HNSW_HYBRID,stock_alone,category_00,876,True,4,0.500835,"[0.50,1.00)",25.818583,1.0,False,exact_seq,SQL_FIRST,False
2026-08-30T19:35:54.066+00:00,heldout,1,232,IVFFLAT_HYBRID,stock_alone,category_00,876,True,4,0.500835,"[0.50,1.00)",28.35125,1.0,False,exact_seq,SQL_FIRST,False
2026-08-30T19:35:54.090+00:00,heldout,0,159,SQL_FIRST,three_categories,category_03,782,True,3,0.27136,"[0.25,0.50)",21.939417,1.0,True,exact_bitmap,SQL_FIRST,True
2026-08-30T19:35:54.124+00:00,heldout,0,159,VECTOR_FIRST_HNSW,three_categories,category_03,782,True,3,0.27136,"[0.25,0.50)",32.023625,1.0,False,exact_bitmap,SQL_FIRST,False
2026-08-30T19:35:54.147+00:00,heldout,0,159,HNSW_HYBRID,three_categories,category_03,782,True,3,0.27136,"[0.25,0.50)",22.0095,1.0,False,exact_bitmap,SQL_FIRST,False
2026-08-30T19:35:54.170+00:00,heldout,0,159,IVFFLAT_HYBRID,three_categories,category_03,782,True,3,0.27136,"[0.25,0.50)",22.031125,1.0,False,exact_bitmap,SQL_FIRST,False
2026-08-30T19:35:54.191+00:00,heldout,1,159,SQL_FIRST,three_categories,category_03,782,True,3,0.27136,"[0.25,0.50)",20.989667,1.0,True,exact_bitmap,SQL_FIRST,True
2026-08-30T19:35:54.224+00:00,heldout,1,159,VECTOR_FIRST_HNSW,three_categories,category_03,782,True,3,0.27136,"[0.25,0.50)",32.099042,1.0,False,exact_bitmap,SQL_FIRST,False
2026-08-30T19:35:54.246+00:00,heldout,1,159,HNSW_HYBRID,three_categories,category_03,782,True,3,0.27136,"[0.25,0.50)",21.197417,1.0,False,exact_bitmap,SQL_FIRST,False
2026-08-30T19:35:54.267+00:00,heldout,1,159,IVFFLAT_HYBRID,three_categories,category_03,782,True,3,0.27136,"[0.25,0.50)",21.133083,1.0,False,exact_bitmap,SQL_FIRST,False
2026-08-30T19:35:54.272+00:00,heldout,0,46,SQL_FIRST,category_narrow_price,category_03,448,True,0,0.005075,"[0.00,0.05)",2.668584,1.0,True,exact_bitmap,HNSW_HYBRID,False
2026-08-30T19:35:54.308+00:00,heldout,0,46,VECTOR_FIRST_HNSW,category_narrow_price,category_03,448,True,0,0.005075,"[0.00,0.05)",34.13425,0.0,False,exact_bitmap,HNSW_HYBRID,False
2026-08-30T19:35:54.313+00:00,heldout,0,46,HNSW_HYBRID,category_narrow_price,category_03,448,True,0,0.005075,"[0.00,0.05)",3.305542,1.0,False,exact_bitmap,HNSW_HYBRID,True
2026-08-30T19:35:54.318+00:00,heldout,0,46,IVFFLAT_HYBRID,category_narrow_price,category_03,448,True,0,0.005075,"[0.00,0.05)",3.464334,1.0,False,exact_bitmap,HNSW_HYBRID,False
2026-08-30T19:35:54.322+00:00,heldout,1,46,SQL_FIRST,category_narrow_price,category_03,448,True,0,0.005075,"[0.00,0.05)",3.391041,1.0,True,exact_bitmap,HNSW_HYBRID,False
2026-08-30T19:35:54.356+00:00,heldout,1,46,VECTOR_FIRST_HNSW,category_narrow_price,category_03,448,True,0,0.005075,"[0.00,0.05)",33.451042,0.0,False,exact_bitmap,HNSW_HYBRID,False
2026-08-30T19:35:54.360+00:00,heldout,1,46,HNSW_HYBRID,category_narrow_price,category_03,448,True,0,0.005075,"[0.00,0.05)",3.445291,1.0,False,exact_bitmap,HNSW_HYBRID,True
2026-08-30T19:35:54.363+00:00,heldout,1,46,IVFFLAT_HYBRID,category_narrow_price,category_03,448,True,0,0.005075,"[0.00,0.05)",2.50025,1.0,False,exact_bitmap,HNSW_HYBRID,False
2026-08-30T19:35:54.393+00:00,heldout,0,242,SQL_FIRST,stock_alone,category_06,357,True,4,0.500835,"[0.50,1.00)",26.283666,1.0,True,exact_seq,SQL_FIRST,True
2026-08-30T19:35:54.426+00:00,heldout,0,242,VECTOR_FIRST_HNSW,stock_alone,category_06,357,True,4,0.500835,"[0.50,1.00)",31.565875,1.0,False,exact_bitmap,SQL_FIRST,False
2026-08-30T19:35:54.453+00:00,heldout,0,242,HNSW_HYBRID,stock_alone,category_06,357,True,4,0.500835,"[0.50,1.00)",25.164208,1.0,False,exact_seq,SQL_FIRST,False
2026-08-30T19:35:54.479+00:00,heldout,0,242,IVFFLAT_HYBRID,stock_alone,category_06,357,True,4,0.500835,"[0.50,1.00)",25.1035,1.0,False,exact_seq,SQL_FIRST,False
2026-08-30T19:35:54.504+00:00,heldout,1,242,SQL_FIRST,stock_alone,category_06,357,True,4,0.500835,"[0.50,1.00)",24.580375,1.0,True,exact_seq,SQL_FIRST,True
2026-08-30T19:35:54.539+00:00,heldout,1,242,VECTOR_FIRST_HNSW,stock_alone,category_06,357,True,4,0.500835,"[0.50,1.00)",34.617541,1.0,False,exact_bitmap,SQL_FIRST,False
2026-08-30T19:35:54.568+00:00,heldout,1,242,HNSW_HYBRID,stock_alone,category_06,357,True,4,0.500835,"[0.50,1.00)",27.37175,1.0,False,exact_seq,SQL_FIRST,False
2026-08-30T19:35:54.598+00:00,heldout,1,242,IVFFLAT_HYBRID,stock_alone,category_06,357,True,4,0.500835,"[0.50,1.00)",29.314667,1.0,False,exact_seq,SQL_FIRST,False
2026-08-30T19:35:54.624+00:00,heldout,0,161,SQL_FIRST,three_categories,category_09,335,False,3,0.272595,"[0.25,0.50)",24.373833,1.0,True,exact_bitmap,SQL_FIRST,True
2026-08-30T19:35:54.653+00:00,heldout,0,161,VECTOR_FIRST_HNSW,three_categories,category_09,335,False,3,0.272595,"[0.25,0.50)",27.811916,1.0,False,exact_bitmap,SQL_FIRST,False
2026-08-30T19:35:54.671+00:00,heldout,0,161,HNSW_HYBRID,three_categories,category_09,335,False,3,0.272595,"[0.25,0.50)",17.7535,1.0,False,exact_bitmap,SQL_FIRST,False
2026-08-30T19:35:54.689+00:00,heldout,0,161,IVFFLAT_HYBRID,three_categories,category_09,335,False,3,0.272595,"[0.25,0.50)",17.180792,1.0,False,exact_bitmap,SQL_FIRST,False
2026-08-30T19:35:54.707+00:00,heldout,1,161,SQL_FIRST,three_categories,category_09,335,False,3,0.272595,"[0.25,0.50)",17.256292,1.0,True,exact_bitmap,SQL_FIRST,True
2026-08-30T19:35:54.731+00:00,heldout,1,161,VECTOR_FIRST_HNSW,three_categories,category_09,335,False,3,0.272595,"[0.25,0.50)",23.87975,1.0,False,exact_bitmap,SQL_FIRST,False
2026-08-30T19:35:54.750+00:00,heldout,1,161,HNSW_HYBRID,three_categories,category_09,335,False,3,0.272595,"[0.25,0.50)",18.078625,1.0,False,exact_bitmap,SQL_FIRST,False
2026-08-30T19:35:54.768+00:00,heldout,1,161,IVFFLAT_HYBRID,three_categories,category_09,335,False,3,0.272595,"[0.25,0.50)",17.5895,1.0,False,exact_bitmap,SQL_FIRST,False
2026-08-30T19:35:54.793+00:00,heldout,0,167,SQL_FIRST,three_categories,category_03,310,True,3,0.27136,"[0.25,0.50)",22.739875,1.0,True,exact_bitmap,SQL_FIRST,True
2026-08-30T19:35:54.828+00:00,heldout,0,167,VECTOR_FIRST_HNSW,three_categories,category_03,310,True,3,0.27136,"[0.25,0.50)",34.069875,1.0,False,exact_bitmap,SQL_FIRST,False
2026-08-30T19:35:54.851+00:00,heldout,0,167,HNSW_HYBRID,three_categories,category_03,310,True,3,0.27136,"[0.25,0.50)",21.593834,1.0,False,exact_bitmap,SQL_FIRST,False
2026-08-30T19:35:54.875+00:00,heldout,0,167,IVFFLAT_HYBRID,three_categories,category_03,310,True,3,0.27136,"[0.25,0.50)",21.372542,1.0,False,exact_bitmap,SQL_FIRST,False
2026-08-30T19:35:54.897+00:00,heldout,1,167,SQL_FIRST,three_categories,category_03,310,True,3,0.27136,"[0.25,0.50)",21.188042,1.0,True,exact_bitmap,SQL_FIRST,True
2026-08-30T19:35:54.929+00:00,heldout,1,167,VECTOR_FIRST_HNSW,three_categories,category_03,310,True,3,0.27136,"[0.25,0.50)",31.80275,1.0,False,exact_bitmap,SQL_FIRST,False
2026-08-30T19:35:54.951+00:00,heldout,1,167,HNSW_HYBRID,three_categories,category_03,310,True,3,0.27136,"[0.25,0.50)",21.251166,1.0,False,exact_bitmap,SQL_FIRST,False
2026-08-30T19:35:54.973+00:00,heldout,1,167,IVFFLAT_HYBRID,three_categories,category_03,310,True,3,0.27136,"[0.25,0.50)",21.25025,1.0,False,exact_bitmap,SQL_FIRST,False
2026-08-30T19:35:55.001+00:00,heldout,0,151,SQL_FIRST,three_categories,category_00,524,False,3,0.271845,"[0.25,0.50)",25.830375,1.0,True,exact_bitmap,SQL_FIRST,True
2026-08-30T19:35:55.029+00:00,heldout,0,151,VECTOR_FIRST_HNSW,three_categories,category_00,524,False,3,0.271845,"[0.25,0.50)",27.284417,1.0,False,exact_bitmap,SQL_FIRST,False
2026-08-30T19:35:55.051+00:00,heldout,0,151,HNSW_HYBRID,three_categories,category_00,524,False,3,0.271845,"[0.25,0.50)",21.263792,1.0,False,exact_bitmap,SQL_FIRST,False
2026-08-30T19:35:55.069+00:00,heldout,0,151,IVFFLAT_HYBRID,three_categories,category_00,524,False,3,0.271845,"[0.25,0.50)",16.859958,1.0,False,exact_bitmap,SQL_FIRST,False
2026-08-30T19:35:55.090+00:00,heldout,1,151,SQL_FIRST,three_categories,category_00,524,False,3,0.271845,"[0.25,0.50)",20.033042,1.0,True,exact_bitmap,SQL_FIRST,True
2026-08-30T19:35:55.113+00:00,heldout,1,151,VECTOR_FIRST_HNSW,three_categories,category_00,524,False,3,0.271845,"[0.25,0.50)",23.2485,1.0,False,exact_bitmap,SQL_FIRST,False
2026-08-30T19:35:55.131+00:00,heldout,1,151,HNSW_HYBRID,three_categories,category_00,524,False,3,0.271845,"[0.25,0.50)",17.010042,1.0,False,exact_bitmap,SQL_FIRST,False
2026-08-30T19:35:55.151+00:00,heldout,1,151,IVFFLAT_HYBRID,three_categories,category_00,524,False,3,0.271845,"[0.25,0.50)",18.849792,1.0,False,exact_bitmap,SQL_FIRST,False
2026-08-30T19:35:55.164+00:00,heldout,0,55,SQL_FIRST,single_category,category_04,518,True,1,0.0967,"[0.05,0.10)",12.11525,1.0,True,exact_bitmap,HNSW_HYBRID,False
2026-08-30T19:35:55.191+00:00,heldout,0,55,VECTOR_FIRST_HNSW,single_category,category_04,518,True,1,0.0967,"[0.05,0.10)",26.189334,1.0,False,exact_bitmap,HNSW_HYBRID,False
2026-08-30T19:35:55.204+00:00,heldout,0,55,HNSW_HYBRID,single_category,category_04,518,True,1,0.0967,"[0.05,0.10)",11.642292,1.0,False,exact_bitmap,HNSW_HYBRID,True
2026-08-30T19:35:55.217+00:00,heldout,0,55,IVFFLAT_HYBRID,single_category,category_04,518,True,1,0.0967,"[0.05,0.10)",11.990959,1.0,False,exact_bitmap,HNSW_HYBRID,False
2026-08-30T19:35:55.229+00:00,heldout,1,55,SQL_FIRST,single_category,category_04,518,True,1,0.0967,"[0.05,0.10)",11.839166,1.0,True,exact_bitmap,HNSW_HYBRID,False
2026-08-30T19:35:55.254+00:00,heldout,1,55,VECTOR_FIRST_HNSW,single_category,category_04,518,True,1,0.0967,"[0.05,0.10)",23.438042,1.0,False,exact_bitmap,HNSW_HYBRID,False
2026-08-30T19:35:55.266+00:00,heldout,1,55,HNSW_HYBRID,single_category,category_04,518,True,1,0.0967,"[0.05,0.10)",11.168292,1.0,False,exact_bitmap,HNSW_HYBRID,True
2026-08-30T19:35:55.277+00:00,heldout,1,55,IVFFLAT_HYBRID,single_category,category_04,518,True,1,0.0967,"[0.05,0.10)",11.05225,1.0,False,exact_bitmap,HNSW_HYBRID,False
2026-08-30T19:35:55.298+00:00,heldout,0,101,SQL_FIRST,two_categories,category_02,683,False,2,0.202665,"[0.10,0.25)",19.058958,1.0,True,exact_bitmap,HNSW_HYBRID,False
2026-08-30T19:35:55.323+00:00,heldout,0,101,VECTOR_FIRST_HNSW,two_categories,category_02,683,False,2,0.202665,"[0.10,0.25)",23.631167,1.0,False,exact_bitmap,HNSW_HYBRID,False
2026-08-30T19:35:55.343+00:00,heldout,0,101,HNSW_HYBRID,two_categories,category_02,683,False,2,0.202665,"[0.10,0.25)",18.339667,1.0,False,exact_bitmap,HNSW_HYBRID,True
2026-08-30T19:35:55.363+00:00,heldout,0,101,IVFFLAT_HYBRID,two_categories,category_02,683,False,2,0.202665,"[0.10,0.25)",19.118292,1.0,False,exact_bitmap,HNSW_HYBRID,False
2026-08-30T19:35:55.382+00:00,heldout,1,101,SQL_FIRST,two_categories,category_02,683,False,2,0.202665,"[0.10,0.25)",18.286,1.0,True,exact_bitmap,HNSW_HYBRID,False
2026-08-30T19:35:55.406+00:00,heldout,1,101,VECTOR_FIRST_HNSW,two_categories,category_02,683,False,2,0.202665,"[0.10,0.25)",23.27575,1.0,False,exact_bitmap,HNSW_HYBRID,False
2026-08-30T19:35:55.425+00:00,heldout,1,101,HNSW_HYBRID,two_categories,category_02,683,False,2,0.202665,"[0.10,0.25)",18.724125,1.0,False,exact_bitmap,HNSW_HYBRID,True
2026-08-30T19:35:55.445+00:00,heldout,1,101,IVFFLAT_HYBRID,two_categories,category_02,683,False,2,0.202665,"[0.10,0.25)",18.702875,1.0,False,exact_bitmap,HNSW_HYBRID,False
2026-08-30T19:35:55.466+00:00,heldout,0,118,SQL_FIRST,two_categories,category_03,975,False,2,0.2004,"[0.10,0.25)",19.028167,1.0,True,exact_bitmap,HNSW_HYBRID,False
2026-08-30T19:35:55.507+00:00,heldout,0,118,VECTOR_FIRST_HNSW,two_categories,category_03,975,False,2,0.2004,"[0.10,0.25)",38.42175,1.0,False,exact_bitmap,HNSW_HYBRID,False
2026-08-30T19:35:55.537+00:00,heldout,0,118,HNSW_HYBRID,two_categories,category_03,975,False,2,0.2004,"[0.10,0.25)",28.7755,1.0,False,exact_bitmap,HNSW_HYBRID,True
2026-08-30T19:35:55.568+00:00,heldout,0,118,IVFFLAT_HYBRID,two_categories,category_03,975,False,2,0.2004,"[0.10,0.25)",30.484875,1.0,False,exact_bitmap,HNSW_HYBRID,False
2026-08-30T19:35:55.600+00:00,heldout,1,118,SQL_FIRST,two_categories,category_03,975,False,2,0.2004,"[0.10,0.25)",30.905,1.0,True,exact_bitmap,HNSW_HYBRID,False
2026-08-30T19:35:55.639+00:00,heldout,1,118,VECTOR_FIRST_HNSW,two_categories,category_03,975,False,2,0.2004,"[0.10,0.25)",38.747291,1.0,False,exact_bitmap,HNSW_HYBRID,False
2026-08-30T19:35:55.667+00:00,heldout,1,118,HNSW_HYBRID,two_categories,category_03,975,False,2,0.2004,"[0.10,0.25)",27.438083,1.0,False,exact_bitmap,HNSW_HYBRID,True
2026-08-30T19:35:55.699+00:00,heldout,1,118,IVFFLAT_HYBRID,two_categories,category_03,975,False,2,0.2004,"[0.10,0.25)",31.091542,1.0,False,exact_bitmap,HNSW_HYBRID,False
2026-08-30T19:35:55.704+00:00,heldout,0,2,SQL_FIRST,category_narrow_price,category_03,41,True,0,0.00319,"[0.00,0.05)",3.71375,1.0,True,exact_bitmap,HNSW_HYBRID,False
2026-08-30T19:35:55.744+00:00,heldout,0,2,VECTOR_FIRST_HNSW,category_narrow_price,category_03,41,True,0,0.00319,"[0.00,0.05)",37.882125,0.0,False,exact_bitmap,HNSW_HYBRID,False
2026-08-30T19:35:55.748+00:00,heldout,0,2,HNSW_HYBRID,category_narrow_price,category_03,41,True,0,0.00319,"[0.00,0.05)",2.543,1.0,False,exact_bitmap,HNSW_HYBRID,True
2026-08-30T19:35:55.751+00:00,heldout,0,2,IVFFLAT_HYBRID,category_narrow_price,category_03,41,True,0,0.00319,"[0.00,0.05)",1.797792,1.0,False,exact_bitmap,HNSW_HYBRID,False
2026-08-30T19:35:55.754+00:00,heldout,1,2,SQL_FIRST,category_narrow_price,category_03,41,True,0,0.00319,"[0.00,0.05)",2.677833,1.0,True,exact_bitmap,HNSW_HYBRID,False
2026-08-30T19:35:55.788+00:00,heldout,1,2,VECTOR_FIRST_HNSW,category_narrow_price,category_03,41,True,0,0.00319,"[0.00,0.05)",33.601583,0.0,False,exact_bitmap,HNSW_HYBRID,False
2026-08-30T19:35:55.791+00:00,heldout,1,2,HNSW_HYBRID,category_narrow_price,category_03,41,True,0,0.00319,"[0.00,0.05)",2.176625,1.0,False,exact_bitmap,HNSW_HYBRID,True
2026-08-30T19:35:55.794+00:00,heldout,1,2,IVFFLAT_HYBRID,category_narrow_price,category_03,41,True,0,0.00319,"[0.00,0.05)",1.95325,1.0,False,exact_bitmap,HNSW_HYBRID,False
2026-08-30T19:35:55.799+00:00,heldout,0,29,SQL_FIRST,category_narrow_price,category_06,903,True,0,0.004995,"[0.00,0.05)",3.988333,1.0,True,exact_bitmap,HNSW_HYBRID,False
2026-08-30T19:35:55.834+00:00,heldout,0,29,VECTOR_FIRST_HNSW,category_narrow_price,category_06,903,True,0,0.004995,"[0.00,0.05)",34.348541,0.2,False,exact_bitmap,HNSW_HYBRID,False
2026-08-30T19:35:55.838+00:00,heldout,0,29,HNSW_HYBRID,category_narrow_price,category_06,903,True,0,0.004995,"[0.00,0.05)",3.339792,1.0,False,exact_bitmap,HNSW_HYBRID,True
2026-08-30T19:35:55.841+00:00,heldout,0,29,IVFFLAT_HYBRID,category_narrow_price,category_06,903,True,0,0.004995,"[0.00,0.05)",2.383583,1.0,False,exact_bitmap,HNSW_HYBRID,False
2026-08-30T19:35:55.845+00:00,heldout,1,29,SQL_FIRST,category_narrow_price,category_06,903,True,0,0.004995,"[0.00,0.05)",3.374333,1.0,True,exact_bitmap,HNSW_HYBRID,False
2026-08-30T19:35:55.879+00:00,heldout,1,29,VECTOR_FIRST_HNSW,category_narrow_price,category_06,903,True,0,0.004995,"[0.00,0.05)",33.51775,0.2,False,exact_bitmap,HNSW_HYBRID,False
2026-08-30T19:35:55.882+00:00,heldout,1,29,HNSW_HYBRID,category_narrow_price,category_06,903,True,0,0.004995,"[0.00,0.05)",2.909417,1.0,False,exact_bitmap,HNSW_HYBRID,True
2026-08-30T19:35:55.886+00:00,heldout,1,29,IVFFLAT_HYBRID,category_narrow_price,category_06,903,True,0,0.004995,"[0.00,0.05)",2.836875,1.0,False,exact_bitmap,HNSW_HYBRID,False
2026-08-30T19:35:55.904+00:00,heldout,0,51,SQL_FIRST,single_category,category_01,203,False,1,0.098665,"[0.05,0.10)",15.692583,1.0,True,exact_bitmap,HNSW_HYBRID,False
2026-08-30T19:35:55.939+00:00,heldout,0,51,VECTOR_FIRST_HNSW,single_category,category_01,203,False,1,0.098665,"[0.05,0.10)",33.5425,1.0,False,exact_bitmap,HNSW_HYBRID,False
2026-08-30T19:35:55.954+00:00,heldout,0,51,HNSW_HYBRID,single_category,category_01,203,False,1,0.098665,"[0.05,0.10)",14.3525,1.0,False,exact_bitmap,HNSW_HYBRID,True
2026-08-30T19:35:55.972+00:00,heldout,0,51,IVFFLAT_HYBRID,single_category,category_01,203,False,1,0.098665,"[0.05,0.10)",16.185166,1.0,False,exact_bitmap,HNSW_HYBRID,False
2026-08-30T19:35:55.988+00:00,heldout,1,51,SQL_FIRST,single_category,category_01,203,False,1,0.098665,"[0.05,0.10)",16.023584,1.0,True,exact_bitmap,HNSW_HYBRID,False
2026-08-30T19:35:56.023+00:00,heldout,1,51,VECTOR_FIRST_HNSW,single_category,category_01,203,False,1,0.098665,"[0.05,0.10)",34.607208,1.0,False,exact_bitmap,HNSW_HYBRID,False
2026-08-30T19:35:56.037+00:00,heldout,1,51,HNSW_HYBRID,single_category,category_01,203,False,1,0.098665,"[0.05,0.10)",14.031084,1.0,False,exact_bitmap,HNSW_HYBRID,True
2026-08-30T19:35:56.054+00:00,heldout,1,51,IVFFLAT_HYBRID,single_category,category_01,203,False,1,0.098665,"[0.05,0.10)",16.289459,1.0,False,exact_bitmap,HNSW_HYBRID,False
2026-08-30T19:35:56.069+00:00,heldout,0,5,SQL_FIRST,category_and_stock,category_09,317,False,0,0.049865,"[0.00,0.05)",13.304,1.0,True,exact_bitmap,HNSW_HYBRID,False
2026-08-30T19:35:56.105+00:00,heldout,0,5,VECTOR_FIRST_HNSW,category_and_stock,category_09,317,False,0,0.049865,"[0.00,0.05)",33.978583,0.3,False,exact_bitmap,HNSW_HYBRID,False
2026-08-30T19:35:56.119+00:00,heldout,0,5,HNSW_HYBRID,category_and_stock,category_09,317,False,0,0.049865,"[0.00,0.05)",11.968,1.0,False,exact_bitmap,HNSW_HYBRID,True
2026-08-30T19:35:56.134+00:00,heldout,0,5,IVFFLAT_HYBRID,category_and_stock,category_09,317,False,0,0.049865,"[0.00,0.05)",13.100875,1.0,False,exact_bitmap,HNSW_HYBRID,False
2026-08-30T19:35:56.147+00:00,heldout,1,5,SQL_FIRST,category_and_stock,category_09,317,False,0,0.049865,"[0.00,0.05)",13.180625,1.0,True,exact_bitmap,HNSW_HYBRID,False
2026-08-30T19:35:56.182+00:00,heldout,1,5,VECTOR_FIRST_HNSW,category_and_stock,category_09,317,False,0,0.049865,"[0.00,0.05)",34.018792,0.3,False,exact_bitmap,HNSW_HYBRID,False
2026-08-30T19:35:56.193+00:00,heldout,1,5,HNSW_HYBRID,category_and_stock,category_09,317,False,0,0.049865,"[0.00,0.05)",11.186083,1.0,False,exact_bitmap,HNSW_HYBRID,True
2026-08-30T19:35:56.207+00:00,heldout,1,5,IVFFLAT_HYBRID,category_and_stock,category_09,317,False,0,0.049865,"[0.00,0.05)",13.231916,1.0,False,exact_bitmap,HNSW_HYBRID,False
2026-08-30T19:35:56.236+00:00,heldout,0,203,SQL_FIRST,stock_alone,category_07,382,True,4,0.500835,"[0.50,1.00)",26.512458,1.0,True,exact_seq,SQL_FIRST,True
2026-08-30T19:35:56.270+00:00,heldout,0,203,VECTOR_FIRST_HNSW,stock_alone,category_07,382,True,4,0.500835,"[0.50,1.00)",32.665042,1.0,False,exact_bitmap,SQL_FIRST,False
2026-08-30T19:35:56.297+00:00,heldout,0,203,HNSW_HYBRID,stock_alone,category_07,382,True,4,0.500835,"[0.50,1.00)",25.536708,1.0,False,exact_seq,SQL_FIRST,False
2026-08-30T19:35:56.324+00:00,heldout,0,203,IVFFLAT_HYBRID,stock_alone,category_07,382,True,4,0.500835,"[0.50,1.00)",24.62875,1.0,False,exact_seq,SQL_FIRST,False
2026-08-30T19:35:56.350+00:00,heldout,1,203,SQL_FIRST,stock_alone,category_07,382,True,4,0.500835,"[0.50,1.00)",25.765584,1.0,True,exact_seq,SQL_FIRST,True
2026-08-30T19:35:56.383+00:00,heldout,1,203,VECTOR_FIRST_HNSW,stock_alone,category_07,382,True,4,0.500835,"[0.50,1.00)",33.015834,1.0,False,exact_bitmap,SQL_FIRST,False
2026-08-30T19:35:56.409+00:00,heldout,1,203,HNSW_HYBRID,stock_alone,category_07,382,True,4,0.500835,"[0.50,1.00)",25.031833,1.0,False,exact_seq,SQL_FIRST,False
2026-08-30T19:35:56.437+00:00,heldout,1,203,IVFFLAT_HYBRID,stock_alone,category_07,382,True,4,0.500835,"[0.50,1.00)",26.398,1.0,False,exact_seq,SQL_FIRST,False
2026-08-30T19:35:56.450+00:00,heldout,0,30,SQL_FIRST,category_and_stock,category_09,770,False,0,0.049865,"[0.00,0.05)",11.119833,1.0,True,exact_bitmap,HNSW_HYBRID,False
2026-08-30T19:35:56.486+00:00,heldout,0,30,VECTOR_FIRST_HNSW,category_and_stock,category_09,770,False,0,0.049865,"[0.00,0.05)",33.9955,0.7,False,exact_bitmap,HNSW_HYBRID,False
2026-08-30T19:35:56.499+00:00,heldout,0,30,HNSW_HYBRID,category_and_stock,category_09,770,False,0,0.049865,"[0.00,0.05)",11.683667,1.0,False,exact_bitmap,HNSW_HYBRID,True
2026-08-30T19:35:56.514+00:00,heldout,0,30,IVFFLAT_HYBRID,category_and_stock,category_09,770,False,0,0.049865,"[0.00,0.05)",14.036167,1.0,False,exact_bitmap,HNSW_HYBRID,False
2026-08-30T19:35:56.527+00:00,heldout,1,30,SQL_FIRST,category_and_stock,category_09,770,False,0,0.049865,"[0.00,0.05)",13.297042,1.0,True,exact_bitmap,HNSW_HYBRID,False
2026-08-30T19:35:56.561+00:00,heldout,1,30,VECTOR_FIRST_HNSW,category_and_stock,category_09,770,False,0,0.049865,"[0.00,0.05)",32.910583,0.7,False,exact_bitmap,HNSW_HYBRID,False
2026-08-30T19:35:56.572+00:00,heldout,1,30,HNSW_HYBRID,category_and_stock,category_09,770,False,0,0.049865,"[0.00,0.05)",10.203708,1.0,False,exact_bitmap,HNSW_HYBRID,True
2026-08-30T19:35:56.582+00:00,heldout,1,30,IVFFLAT_HYBRID,category_and_stock,category_09,770,False,0,0.049865,"[0.00,0.05)",10.132042,1.0,False,exact_bitmap,HNSW_HYBRID,False
2026-08-30T19:35:56.614+00:00,heldout,0,177,SQL_FIRST,category_or_price,category_07,368,False,3,0.428,"[0.25,0.50)",28.330084,1.0,True,exact_seq,SQL_FIRST,True
2026-08-30T19:35:56.650+00:00,heldout,0,177,VECTOR_FIRST_HNSW,category_or_price,category_07,368,False,3,0.428,"[0.25,0.50)",34.563375,1.0,False,exact_bitmap,SQL_FIRST,False
2026-08-30T19:35:56.680+00:00,heldout,0,177,HNSW_HYBRID,category_or_price,category_07,368,False,3,0.428,"[0.25,0.50)",28.561209,1.0,False,exact_seq,SQL_FIRST,False
2026-08-30T19:35:56.708+00:00,heldout,0,177,IVFFLAT_HYBRID,category_or_price,category_07,368,False,3,0.428,"[0.25,0.50)",26.545583,1.0,False,exact_seq,SQL_FIRST,False
2026-08-30T19:35:56.734+00:00,heldout,1,177,SQL_FIRST,category_or_price,category_07,368,False,3,0.428,"[0.25,0.50)",25.953625,1.0,True,exact_seq,SQL_FIRST,True
2026-08-30T19:35:56.766+00:00,heldout,1,177,VECTOR_FIRST_HNSW,category_or_price,category_07,368,False,3,0.428,"[0.25,0.50)",31.669666,1.0,False,exact_bitmap,SQL_FIRST,False
2026-08-30T19:35:56.793+00:00,heldout,1,177,HNSW_HYBRID,category_or_price,category_07,368,False,3,0.428,"[0.25,0.50)",26.009792,1.0,False,exact_seq,SQL_FIRST,False
2026-08-30T19:35:56.820+00:00,heldout,1,177,IVFFLAT_HYBRID,category_or_price,category_07,368,False,3,0.428,"[0.25,0.50)",26.594333,1.0,False,exact_seq,SQL_FIRST,False
2026-08-30T19:35:56.844+00:00,heldout,0,153,SQL_FIRST,three_categories,category_04,615,True,3,0.267975,"[0.25,0.50)",21.415333,1.0,True,exact_bitmap,SQL_FIRST,True
2026-08-30T19:35:56.879+00:00,heldout,0,153,VECTOR_FIRST_HNSW,three_categories,category_04,615,True,3,0.267975,"[0.25,0.50)",33.153458,1.0,False,exact_bitmap,SQL_FIRST,False
2026-08-30T19:35:56.902+00:00,heldout,0,153,HNSW_HYBRID,three_categories,category_04,615,True,3,0.267975,"[0.25,0.50)",21.962,1.0,False,exact_bitmap,SQL_FIRST,False
2026-08-30T19:35:56.925+00:00,heldout,0,153,IVFFLAT_HYBRID,three_categories,category_04,615,True,3,0.267975,"[0.25,0.50)",21.883417,1.0,False,exact_bitmap,SQL_FIRST,False
2026-08-30T19:35:56.949+00:00,heldout,1,153,SQL_FIRST,three_categories,category_04,615,True,3,0.267975,"[0.25,0.50)",23.329583,1.0,True,exact_bitmap,SQL_FIRST,True
2026-08-30T19:35:56.982+00:00,heldout,1,153,VECTOR_FIRST_HNSW,three_categories,category_04,615,True,3,0.267975,"[0.25,0.50)",33.07775,1.0,False,exact_bitmap,SQL_FIRST,False
2026-08-30T19:35:57.006+00:00,heldout,1,153,HNSW_HYBRID,three_categories,category_04,615,True,3,0.267975,"[0.25,0.50)",23.476625,1.0,False,exact_bitmap,SQL_FIRST,False
2026-08-30T19:35:57.031+00:00,heldout,1,153,IVFFLAT_HYBRID,three_categories,category_04,615,True,3,0.267975,"[0.25,0.50)",24.182416,1.0,False,exact_bitmap,SQL_FIRST,False
2026-08-30T19:35:57.061+00:00,heldout,0,185,SQL_FIRST,category_or_price,category_08,319,True,3,0.382635,"[0.25,0.50)",29.353084,1.0,True,exact_seq,SQL_FIRST,True
2026-08-30T19:35:57.098+00:00,heldout,0,185,VECTOR_FIRST_HNSW,category_or_price,category_08,319,True,3,0.382635,"[0.25,0.50)",35.469583,1.0,False,exact_bitmap,SQL_FIRST,False
2026-08-30T19:35:57.127+00:00,heldout,0,185,HNSW_HYBRID,category_or_price,category_08,319,True,3,0.382635,"[0.25,0.50)",27.752042,1.0,False,exact_seq,SQL_FIRST,False
2026-08-30T19:35:57.159+00:00,heldout,0,185,IVFFLAT_HYBRID,category_or_price,category_08,319,True,3,0.382635,"[0.25,0.50)",30.763666,1.0,False,exact_seq,SQL_FIRST,False
2026-08-30T19:35:57.187+00:00,heldout,1,185,SQL_FIRST,category_or_price,category_08,319,True,3,0.382635,"[0.25,0.50)",28.2615,1.0,True,exact_seq,SQL_FIRST,True
2026-08-30T19:35:57.224+00:00,heldout,1,185,VECTOR_FIRST_HNSW,category_or_price,category_08,319,True,3,0.382635,"[0.25,0.50)",36.155166,1.0,False,exact_bitmap,SQL_FIRST,False
2026-08-30T19:35:57.253+00:00,heldout,1,185,HNSW_HYBRID,category_or_price,category_08,319,True,3,0.382635,"[0.25,0.50)",28.812125,1.0,False,exact_seq,SQL_FIRST,False
2026-08-30T19:35:57.281+00:00,heldout,1,185,IVFFLAT_HYBRID,category_or_price,category_08,319,True,3,0.382635,"[0.25,0.50)",27.414875,1.0,False,exact_seq,SQL_FIRST,False
2026-08-30T19:35:57.299+00:00,heldout,0,77,SQL_FIRST,single_category,category_01,458,True,1,0.098665,"[0.05,0.10)",14.920584,1.0,True,exact_bitmap,HNSW_HYBRID,False
2026-08-30T19:35:57.339+00:00,heldout,0,77,VECTOR_FIRST_HNSW,single_category,category_01,458,True,1,0.098665,"[0.05,0.10)",37.339125,1.0,False,exact_bitmap,HNSW_HYBRID,False
2026-08-30T19:35:57.356+00:00,heldout,0,77,HNSW_HYBRID,single_category,category_01,458,True,1,0.098665,"[0.05,0.10)",15.033,1.0,False,exact_bitmap,HNSW_HYBRID,True
2026-08-30T19:35:57.374+00:00,heldout,0,77,IVFFLAT_HYBRID,single_category,category_01,458,True,1,0.098665,"[0.05,0.10)",17.2625,1.0,False,exact_bitmap,HNSW_HYBRID,False
2026-08-30T19:35:57.392+00:00,heldout,1,77,SQL_FIRST,single_category,category_01,458,True,1,0.098665,"[0.05,0.10)",17.956708,1.0,True,exact_bitmap,HNSW_HYBRID,False
2026-08-30T19:35:57.427+00:00,heldout,1,77,VECTOR_FIRST_HNSW,single_category,category_01,458,True,1,0.098665,"[0.05,0.10)",33.62425,1.0,False,exact_bitmap,HNSW_HYBRID,False
2026-08-30T19:35:57.442+00:00,heldout,1,77,HNSW_HYBRID,single_category,category_01,458,True,1,0.098665,"[0.05,0.10)",14.217083,1.0,False,exact_bitmap,HNSW_HYBRID,True
2026-08-30T19:35:57.458+00:00,heldout,1,77,IVFFLAT_HYBRID,single_category,category_01,458,True,1,0.098665,"[0.05,0.10)",15.755459,1.0,False,exact_bitmap,HNSW_HYBRID,False
2026-08-30T19:35:57.475+00:00,heldout,0,26,SQL_FIRST,category_and_stock,category_06,533,True,0,0.04985,"[0.00,0.05)",13.519875,1.0,True,exact_bitmap,HNSW_HYBRID,False
2026-08-30T19:35:57.510+00:00,heldout,0,26,VECTOR_FIRST_HNSW,category_and_stock,category_06,533,True,0,0.04985,"[0.00,0.05)",33.467875,0.0,False,exact_bitmap,HNSW_HYBRID,False
2026-08-30T19:35:57.523+00:00,heldout,0,26,HNSW_HYBRID,category_and_stock,category_06,533,True,0,0.04985,"[0.00,0.05)",11.092958,1.0,False,exact_bitmap,HNSW_HYBRID,True
2026-08-30T19:35:57.538+00:00,heldout,0,26,IVFFLAT_HYBRID,category_and_stock,category_06,533,True,0,0.04985,"[0.00,0.05)",13.381208,1.0,False,exact_bitmap,HNSW_HYBRID,False
2026-08-30T19:35:57.552+00:00,heldout,1,26,SQL_FIRST,category_and_stock,category_06,533,True,0,0.04985,"[0.00,0.05)",13.305833,1.0,True,exact_bitmap,HNSW_HYBRID,False
2026-08-30T19:35:57.587+00:00,heldout,1,26,VECTOR_FIRST_HNSW,category_and_stock,category_06,533,True,0,0.04985,"[0.00,0.05)",34.077875,0.0,False,exact_bitmap,HNSW_HYBRID,False
2026-08-30T19:35:57.599+00:00,heldout,1,26,HNSW_HYBRID,category_and_stock,category_06,533,True,0,0.04985,"[0.00,0.05)",11.194792,1.0,False,exact_bitmap,HNSW_HYBRID,True
2026-08-30T19:35:57.614+00:00,heldout,1,26,IVFFLAT_HYBRID,category_and_stock,category_06,533,True,0,0.04985,"[0.00,0.05)",13.83875,1.0,False,exact_bitmap,HNSW_HYBRID,False
2026-08-30T19:35:57.619+00:00,heldout,0,37,SQL_FIRST,category_narrow_price,category_03,22,False,0,0.0012,"[0.00,0.05)",2.216666,1.0,True,exact_bitmap,HNSW_HYBRID,False
2026-08-30T19:35:57.655+00:00,heldout,0,37,VECTOR_FIRST_HNSW,category_narrow_price,category_03,22,False,0,0.0012,"[0.00,0.05)",33.821625,0.0,False,exact_bitmap,HNSW_HYBRID,False
2026-08-30T19:35:57.657+00:00,heldout,0,37,HNSW_HYBRID,category_narrow_price,category_03,22,False,0,0.0012,"[0.00,0.05)",1.511167,1.0,False,exact_bitmap,HNSW_HYBRID,True
2026-08-30T19:35:57.661+00:00,heldout,0,37,IVFFLAT_HYBRID,category_narrow_price,category_03,22,False,0,0.0012,"[0.00,0.05)",1.9575,1.0,False,exact_bitmap,HNSW_HYBRID,False
2026-08-30T19:35:57.663+00:00,heldout,1,37,SQL_FIRST,category_narrow_price,category_03,22,False,0,0.0012,"[0.00,0.05)",1.937417,1.0,True,exact_bitmap,HNSW_HYBRID,False
2026-08-30T19:35:57.698+00:00,heldout,1,37,VECTOR_FIRST_HNSW,category_narrow_price,category_03,22,False,0,0.0012,"[0.00,0.05)",34.441166,0.0,False,exact_bitmap,HNSW_HYBRID,False
2026-08-30T19:35:57.700+00:00,heldout,1,37,HNSW_HYBRID,category_narrow_price,category_03,22,False,0,0.0012,"[0.00,0.05)",1.587209,1.0,False,exact_bitmap,HNSW_HYBRID,True
2026-08-30T19:35:57.702+00:00,heldout,1,37,IVFFLAT_HYBRID,category_narrow_price,category_03,22,False,0,0.0012,"[0.00,0.05)",1.588167,1.0,False,exact_bitmap,HNSW_HYBRID,False
2026-08-30T19:35:57.744+00:00,heldout,0,220,SQL_FIRST,wide_or,category_01,866,False,4,0.93802,"[0.50,1.00)",38.638458,1.0,True,exact_seq,SQL_FIRST,True
2026-08-30T19:35:57.777+00:00,heldout,0,220,VECTOR_FIRST_HNSW,wide_or,category_01,866,False,4,0.93802,"[0.50,1.00)",31.708833,1.0,False,exact_bitmap,SQL_FIRST,False
2026-08-30T19:35:57.815+00:00,heldout,0,220,HNSW_HYBRID,wide_or,category_01,866,False,4,0.93802,"[0.50,1.00)",36.262708,1.0,False,exact_seq,SQL_FIRST,False
2026-08-30T19:35:57.852+00:00,heldout,0,220,IVFFLAT_HYBRID,wide_or,category_01,866,False,4,0.93802,"[0.50,1.00)",35.826667,1.0,False,exact_seq,SQL_FIRST,False
2026-08-30T19:35:57.888+00:00,heldout,1,220,SQL_FIRST,wide_or,category_01,866,False,4,0.93802,"[0.50,1.00)",36.149,1.0,True,exact_seq,SQL_FIRST,True
2026-08-30T19:35:57.921+00:00,heldout,1,220,VECTOR_FIRST_HNSW,wide_or,category_01,866,False,4,0.93802,"[0.50,1.00)",31.780416,1.0,False,exact_bitmap,SQL_FIRST,False
2026-08-30T19:35:57.959+00:00,heldout,1,220,HNSW_HYBRID,wide_or,category_01,866,False,4,0.93802,"[0.50,1.00)",37.485958,1.0,False,exact_seq,SQL_FIRST,False
2026-08-30T19:35:57.994+00:00,heldout,1,220,IVFFLAT_HYBRID,wide_or,category_01,866,False,4,0.93802,"[0.50,1.00)",35.380416,1.0,False,exact_seq,SQL_FIRST,False
2026-08-30T19:35:58.011+00:00,heldout,0,129,SQL_FIRST,price_range_mid,category_08,975,False,2,0.10135,"[0.10,0.25)",15.877167,1.0,True,exact_bitmap,HNSW_HYBRID,False
2026-08-30T19:35:58.047+00:00,heldout,0,129,VECTOR_FIRST_HNSW,price_range_mid,category_08,975,False,2,0.10135,"[0.10,0.25)",34.304167,1.0,False,exact_bitmap,HNSW_HYBRID,False
2026-08-30T19:35:58.062+00:00,heldout,0,129,HNSW_HYBRID,price_range_mid,category_08,975,False,2,0.10135,"[0.10,0.25)",14.370958,1.0,False,exact_bitmap,HNSW_HYBRID,True
2026-08-30T19:35:58.079+00:00,heldout,0,129,IVFFLAT_HYBRID,price_range_mid,category_08,975,False,2,0.10135,"[0.10,0.25)",15.993667,1.0,False,exact_bitmap,HNSW_HYBRID,False
2026-08-30T19:35:58.096+00:00,heldout,1,129,SQL_FIRST,price_range_mid,category_08,975,False,2,0.10135,"[0.10,0.25)",16.152625,1.0,True,exact_bitmap,HNSW_HYBRID,False
2026-08-30T19:35:58.130+00:00,heldout,1,129,VECTOR_FIRST_HNSW,price_range_mid,category_08,975,False,2,0.10135,"[0.10,0.25)",33.523042,1.0,False,exact_bitmap,HNSW_HYBRID,False
2026-08-30T19:35:58.146+00:00,heldout,1,129,HNSW_HYBRID,price_range_mid,category_08,975,False,2,0.10135,"[0.10,0.25)",14.733166,1.0,False,exact_bitmap,HNSW_HYBRID,True
2026-08-30T19:35:58.163+00:00,heldout,1,129,IVFFLAT_HYBRID,price_range_mid,category_08,975,False,2,0.10135,"[0.10,0.25)",16.897084,1.0,False,exact_bitmap,HNSW_HYBRID,False
2026-08-30T19:35:58.180+00:00,heldout,0,74,SQL_FIRST,single_category,category_02,465,True,1,0.098965,"[0.05,0.10)",15.633875,1.0,True,exact_bitmap,HNSW_HYBRID,False
2026-08-30T19:35:58.216+00:00,heldout,0,74,VECTOR_FIRST_HNSW,single_category,category_02,465,True,1,0.098965,"[0.05,0.10)",34.659833,0.7,False,exact_bitmap,HNSW_HYBRID,False
2026-08-30T19:35:58.233+00:00,heldout,0,74,HNSW_HYBRID,single_category,category_02,465,True,1,0.098965,"[0.05,0.10)",16.120791,1.0,False,exact_bitmap,HNSW_HYBRID,True
2026-08-30T19:35:58.250+00:00,heldout,0,74,IVFFLAT_HYBRID,single_category,category_02,465,True,1,0.098965,"[0.05,0.10)",16.009084,1.0,False,exact_bitmap,HNSW_HYBRID,False
2026-08-30T19:35:58.266+00:00,heldout,1,74,SQL_FIRST,single_category,category_02,465,True,1,0.098965,"[0.05,0.10)",14.908166,1.0,True,exact_bitmap,HNSW_HYBRID,False
2026-08-30T19:35:58.295+00:00,heldout,1,74,VECTOR_FIRST_HNSW,single_category,category_02,465,True,1,0.098965,"[0.05,0.10)",28.782667,0.7,False,exact_bitmap,HNSW_HYBRID,False
2026-08-30T19:35:58.308+00:00,heldout,1,74,HNSW_HYBRID,single_category,category_02,465,True,1,0.098965,"[0.05,0.10)",12.638,1.0,False,exact_bitmap,HNSW_HYBRID,True
2026-08-30T19:35:58.322+00:00,heldout,1,74,IVFFLAT_HYBRID,single_category,category_02,465,True,1,0.098965,"[0.05,0.10)",13.483125,1.0,False,exact_bitmap,HNSW_HYBRID,False
2026-08-30T19:35:58.351+00:00,heldout,0,114,SQL_FIRST,two_categories,category_02,385,False,2,0.202665,"[0.10,0.25)",26.0975,1.0,True,exact_bitmap,HNSW_HYBRID,False
2026-08-30T19:35:58.386+00:00,heldout,0,114,VECTOR_FIRST_HNSW,two_categories,category_02,385,False,2,0.202665,"[0.10,0.25)",33.522,1.0,False,exact_bitmap,HNSW_HYBRID,False
2026-08-30T19:35:58.413+00:00,heldout,0,114,HNSW_HYBRID,two_categories,category_02,385,False,2,0.202665,"[0.10,0.25)",24.551833,1.0,False,exact_bitmap,HNSW_HYBRID,True
2026-08-30T19:35:58.441+00:00,heldout,0,114,IVFFLAT_HYBRID,two_categories,category_02,385,False,2,0.202665,"[0.10,0.25)",26.548375,1.0,False,exact_bitmap,HNSW_HYBRID,False
2026-08-30T19:35:58.468+00:00,heldout,1,114,SQL_FIRST,two_categories,category_02,385,False,2,0.202665,"[0.10,0.25)",26.958958,1.0,True,exact_bitmap,HNSW_HYBRID,False
2026-08-30T19:35:58.502+00:00,heldout,1,114,VECTOR_FIRST_HNSW,two_categories,category_02,385,False,2,0.202665,"[0.10,0.25)",33.685792,1.0,False,exact_bitmap,HNSW_HYBRID,False
2026-08-30T19:35:58.528+00:00,heldout,1,114,HNSW_HYBRID,two_categories,category_02,385,False,2,0.202665,"[0.10,0.25)",24.821,1.0,False,exact_bitmap,HNSW_HYBRID,True
2026-08-30T19:35:58.555+00:00,heldout,1,114,IVFFLAT_HYBRID,two_categories,category_02,385,False,2,0.202665,"[0.10,0.25)",26.831833,1.0,False,exact_bitmap,HNSW_HYBRID,False
2026-08-30T19:35:58.574+00:00,heldout,0,89,SQL_FIRST,single_category,category_09,746,True,1,0.0999,"[0.05,0.10)",15.882458,1.0,True,exact_bitmap,HNSW_HYBRID,False
2026-08-30T19:35:58.609+00:00,heldout,0,89,VECTOR_FIRST_HNSW,single_category,category_09,746,True,1,0.0999,"[0.05,0.10)",33.409542,1.0,False,exact_bitmap,HNSW_HYBRID,False
2026-08-30T19:35:58.624+00:00,heldout,0,89,HNSW_HYBRID,single_category,category_09,746,True,1,0.0999,"[0.05,0.10)",13.838625,1.0,False,exact_bitmap,HNSW_HYBRID,True
2026-08-30T19:35:58.642+00:00,heldout,0,89,IVFFLAT_HYBRID,single_category,category_09,746,True,1,0.0999,"[0.05,0.10)",15.746291,1.0,False,exact_bitmap,HNSW_HYBRID,False
2026-08-30T19:35:58.658+00:00,heldout,1,89,SQL_FIRST,single_category,category_09,746,True,1,0.0999,"[0.05,0.10)",15.713458,1.0,True,exact_bitmap,HNSW_HYBRID,False
2026-08-30T19:35:58.692+00:00,heldout,1,89,VECTOR_FIRST_HNSW,single_category,category_09,746,True,1,0.0999,"[0.05,0.10)",33.601083,1.0,False,exact_bitmap,HNSW_HYBRID,False
2026-08-30T19:35:58.707+00:00,heldout,1,89,HNSW_HYBRID,single_category,category_09,746,True,1,0.0999,"[0.05,0.10)",13.923583,1.0,False,exact_bitmap,HNSW_HYBRID,True
2026-08-30T19:35:58.724+00:00,heldout,1,89,IVFFLAT_HYBRID,single_category,category_09,746,True,1,0.0999,"[0.05,0.10)",16.687667,1.0,False,exact_bitmap,HNSW_HYBRID,False
2026-08-30T19:35:58.744+00:00,heldout,0,140,SQL_FIRST,price_range_mid,category_01,758,True,2,0.100395,"[0.10,0.25)",17.132167,1.0,True,exact_bitmap,HNSW_HYBRID,False
2026-08-30T19:35:58.780+00:00,heldout,0,140,VECTOR_FIRST_HNSW,price_range_mid,category_01,758,True,2,0.100395,"[0.10,0.25)",33.702958,0.9,False,exact_bitmap,HNSW_HYBRID,False
2026-08-30T19:35:58.796+00:00,heldout,0,140,HNSW_HYBRID,price_range_mid,category_01,758,True,2,0.100395,"[0.10,0.25)",15.114292,1.0,False,exact_bitmap,HNSW_HYBRID,True
2026-08-30T19:35:58.815+00:00,heldout,0,140,IVFFLAT_HYBRID,price_range_mid,category_01,758,True,2,0.100395,"[0.10,0.25)",17.127209,1.0,False,exact_bitmap,HNSW_HYBRID,False
2026-08-30T19:35:58.832+00:00,heldout,1,140,SQL_FIRST,price_range_mid,category_01,758,True,2,0.100395,"[0.10,0.25)",16.205084,1.0,True,exact_bitmap,HNSW_HYBRID,False
2026-08-30T19:35:58.867+00:00,heldout,1,140,VECTOR_FIRST_HNSW,price_range_mid,category_01,758,True,2,0.100395,"[0.10,0.25)",34.521209,0.9,False,exact_bitmap,HNSW_HYBRID,False
2026-08-30T19:35:58.883+00:00,heldout,1,140,HNSW_HYBRID,price_range_mid,category_01,758,True,2,0.100395,"[0.10,0.25)",15.060375,1.0,False,exact_bitmap,HNSW_HYBRID,True
2026-08-30T19:35:58.900+00:00,heldout,1,140,IVFFLAT_HYBRID,price_range_mid,category_01,758,True,2,0.100395,"[0.10,0.25)",16.3055,1.0,False,exact_bitmap,HNSW_HYBRID,False
2026-08-30T19:35:58.919+00:00,heldout,0,98,SQL_FIRST,single_category,category_02,986,True,1,0.098965,"[0.05,0.10)",15.989834,1.0,True,exact_bitmap,HNSW_HYBRID,False
2026-08-30T19:35:58.954+00:00,heldout,0,98,VECTOR_FIRST_HNSW,single_category,category_02,986,True,1,0.098965,"[0.05,0.10)",33.560167,0.7,False,exact_bitmap,HNSW_HYBRID,False
2026-08-30T19:35:58.969+00:00,heldout,0,98,HNSW_HYBRID,single_category,category_02,986,True,1,0.098965,"[0.05,0.10)",14.060875,1.0,False,exact_bitmap,HNSW_HYBRID,True
2026-08-30T19:35:58.986+00:00,heldout,0,98,IVFFLAT_HYBRID,single_category,category_02,986,True,1,0.098965,"[0.05,0.10)",16.003458,1.0,False,exact_bitmap,HNSW_HYBRID,False
2026-08-30T19:35:59.003+00:00,heldout,1,98,SQL_FIRST,single_category,category_02,986,True,1,0.098965,"[0.05,0.10)",16.586458,1.0,True,exact_bitmap,HNSW_HYBRID,False
2026-08-30T19:35:59.037+00:00,heldout,1,98,VECTOR_FIRST_HNSW,single_category,category_02,986,True,1,0.098965,"[0.05,0.10)",34.3865,0.7,False,exact_bitmap,HNSW_HYBRID,False
2026-08-30T19:35:59.052+00:00,heldout,1,98,HNSW_HYBRID,single_category,category_02,986,True,1,0.098965,"[0.05,0.10)",14.031083,1.0,False,exact_bitmap,HNSW_HYBRID,True
2026-08-30T19:35:59.068+00:00,heldout,1,98,IVFFLAT_HYBRID,single_category,category_02,986,True,1,0.098965,"[0.05,0.10)",15.575334,1.0,False,exact_bitmap,HNSW_HYBRID,False
2026-08-30T19:35:59.097+00:00,heldout,0,229,SQL_FIRST,stock_alone,category_00,327,True,4,0.500835,"[0.50,1.00)",26.616833,1.0,True,exact_seq,SQL_FIRST,True
2026-08-30T19:35:59.131+00:00,heldout,0,229,VECTOR_FIRST_HNSW,stock_alone,category_00,327,True,4,0.500835,"[0.50,1.00)",31.564542,1.0,False,exact_bitmap,SQL_FIRST,False
2026-08-30T19:35:59.158+00:00,heldout,0,229,HNSW_HYBRID,stock_alone,category_00,327,True,4,0.500835,"[0.50,1.00)",25.627542,1.0,False,exact_seq,SQL_FIRST,False
2026-08-30T19:35:59.183+00:00,heldout,0,229,IVFFLAT_HYBRID,stock_alone,category_00,327,True,4,0.500835,"[0.50,1.00)",24.517666,1.0,False,exact_seq,SQL_FIRST,False
2026-08-30T19:35:59.208+00:00,heldout,1,229,SQL_FIRST,stock_alone,category_00,327,True,4,0.500835,"[0.50,1.00)",24.74,1.0,True,exact_seq,SQL_FIRST,True
2026-08-30T19:35:59.241+00:00,heldout,1,229,VECTOR_FIRST_HNSW,stock_alone,category_00,327,True,4,0.500835,"[0.50,1.00)",32.275291,1.0,False,exact_bitmap,SQL_FIRST,False
2026-08-30T19:35:59.269+00:00,heldout,1,229,HNSW_HYBRID,stock_alone,category_00,327,True,4,0.500835,"[0.50,1.00)",27.104875,1.0,False,exact_seq,SQL_FIRST,False
2026-08-30T19:35:59.295+00:00,heldout,1,229,IVFFLAT_HYBRID,stock_alone,category_00,327,True,4,0.500835,"[0.50,1.00)",25.644458,1.0,False,exact_seq,SQL_FIRST,False
2026-08-30T19:35:59.300+00:00,heldout,0,13,SQL_FIRST,category_narrow_price,category_04,299,True,0,0.00493,"[0.00,0.05)",2.811167,1.0,True,exact_bitmap,HNSW_HYBRID,False
2026-08-30T19:35:59.335+00:00,heldout,0,13,VECTOR_FIRST_HNSW,category_narrow_price,category_04,299,True,0,0.00493,"[0.00,0.05)",33.565167,0.0,False,exact_bitmap,HNSW_HYBRID,False
2026-08-30T19:35:59.339+00:00,heldout,0,13,HNSW_HYBRID,category_narrow_price,category_04,299,True,0,0.00493,"[0.00,0.05)",2.646083,1.0,False,exact_bitmap,HNSW_HYBRID,True
2026-08-30T19:35:59.344+00:00,heldout,0,13,IVFFLAT_HYBRID,category_narrow_price,category_04,299,True,0,0.00493,"[0.00,0.05)",3.581125,1.0,False,exact_bitmap,HNSW_HYBRID,False
2026-08-30T19:35:59.347+00:00,heldout,1,13,SQL_FIRST,category_narrow_price,category_04,299,True,0,0.00493,"[0.00,0.05)",3.463417,1.0,True,exact_bitmap,HNSW_HYBRID,False
2026-08-30T19:35:59.381+00:00,heldout,1,13,VECTOR_FIRST_HNSW,category_narrow_price,category_04,299,True,0,0.00493,"[0.00,0.05)",33.387375,0.0,False,exact_bitmap,HNSW_HYBRID,False
2026-08-30T19:35:59.385+00:00,heldout,1,13,HNSW_HYBRID,category_narrow_price,category_04,299,True,0,0.00493,"[0.00,0.05)",2.962917,1.0,False,exact_bitmap,HNSW_HYBRID,True
2026-08-30T19:35:59.389+00:00,heldout,1,13,IVFFLAT_HYBRID,category_narrow_price,category_04,299,True,0,0.00493,"[0.00,0.05)",3.224959,1.0,False,exact_bitmap,HNSW_HYBRID,False
2026-08-30T19:35:59.427+00:00,heldout,0,228,SQL_FIRST,wide_or,category_00,576,True,4,0.808535,"[0.50,1.00)",35.23375,1.0,True,exact_seq,SQL_FIRST,True
2026-08-30T19:35:59.462+00:00,heldout,0,228,VECTOR_FIRST_HNSW,wide_or,category_00,576,True,4,0.808535,"[0.50,1.00)",32.569667,1.0,False,exact_bitmap,SQL_FIRST,False
2026-08-30T19:35:59.497+00:00,heldout,0,228,HNSW_HYBRID,wide_or,category_00,576,True,4,0.808535,"[0.50,1.00)",33.835208,1.0,False,exact_seq,SQL_FIRST,False
2026-08-30T19:35:59.533+00:00,heldout,0,228,IVFFLAT_HYBRID,wide_or,category_00,576,True,4,0.808535,"[0.50,1.00)",33.716792,1.0,False,exact_seq,SQL_FIRST,False
2026-08-30T19:35:59.566+00:00,heldout,1,228,SQL_FIRST,wide_or,category_00,576,True,4,0.808535,"[0.50,1.00)",33.496333,1.0,True,exact_seq,SQL_FIRST,True
2026-08-30T19:35:59.599+00:00,heldout,1,228,VECTOR_FIRST_HNSW,wide_or,category_00,576,True,4,0.808535,"[0.50,1.00)",31.9235,1.0,False,exact_bitmap,SQL_FIRST,False
2026-08-30T19:35:59.634+00:00,heldout,1,228,HNSW_HYBRID,wide_or,category_00,576,True,4,0.808535,"[0.50,1.00)",33.61,1.0,False,exact_seq,SQL_FIRST,False
2026-08-30T19:35:59.668+00:00,heldout,1,228,IVFFLAT_HYBRID,wide_or,category_00,576,True,4,0.808535,"[0.50,1.00)",33.662542,1.0,False,exact_seq,SQL_FIRST,False
2026-08-30T19:35:59.693+00:00,heldout,0,168,SQL_FIRST,three_categories,category_08,375,False,3,0.272595,"[0.25,0.50)",21.730958,1.0,True,exact_bitmap,SQL_FIRST,True
2026-08-30T19:35:59.727+00:00,heldout,0,168,VECTOR_FIRST_HNSW,three_categories,category_08,375,False,3,0.272595,"[0.25,0.50)",31.557416,1.0,False,exact_bitmap,SQL_FIRST,False
2026-08-30T19:35:59.750+00:00,heldout,0,168,HNSW_HYBRID,three_categories,category_08,375,False,3,0.272595,"[0.25,0.50)",21.423083,1.0,False,exact_bitmap,SQL_FIRST,False
2026-08-30T19:35:59.774+00:00,heldout,0,168,IVFFLAT_HYBRID,three_categories,category_08,375,False,3,0.272595,"[0.25,0.50)",22.777875,1.0,False,exact_bitmap,SQL_FIRST,False
2026-08-30T19:35:59.797+00:00,heldout,1,168,SQL_FIRST,three_categories,category_08,375,False,3,0.272595,"[0.25,0.50)",22.614291,1.0,True,exact_bitmap,SQL_FIRST,True
2026-08-30T19:35:59.831+00:00,heldout,1,168,VECTOR_FIRST_HNSW,three_categories,category_08,375,False,3,0.272595,"[0.25,0.50)",33.205208,1.0,False,exact_bitmap,SQL_FIRST,False
2026-08-30T19:35:59.853+00:00,heldout,1,168,HNSW_HYBRID,three_categories,category_08,375,False,3,0.272595,"[0.25,0.50)",21.00025,1.0,False,exact_bitmap,SQL_FIRST,False
2026-08-30T19:35:59.874+00:00,heldout,1,168,IVFFLAT_HYBRID,three_categories,category_08,375,False,3,0.272595,"[0.25,0.50)",20.934083,1.0,False,exact_bitmap,SQL_FIRST,False
2026-08-30T19:35:59.889+00:00,heldout,0,8,SQL_FIRST,category_and_stock,category_01,295,False,0,0.04925,"[0.00,0.05)",11.419167,1.0,True,exact_bitmap,HNSW_HYBRID,False
2026-08-30T19:35:59.925+00:00,heldout,0,8,VECTOR_FIRST_HNSW,category_and_stock,category_01,295,False,0,0.04925,"[0.00,0.05)",33.62275,0.2,False,exact_bitmap,HNSW_HYBRID,False
2026-08-30T19:35:59.939+00:00,heldout,0,8,HNSW_HYBRID,category_and_stock,category_01,295,False,0,0.04925,"[0.00,0.05)",12.364958,1.0,False,exact_bitmap,HNSW_HYBRID,True
2026-08-30T19:35:59.953+00:00,heldout,0,8,IVFFLAT_HYBRID,category_and_stock,category_01,295,False,0,0.04925,"[0.00,0.05)",13.170709,1.0,False,exact_bitmap,HNSW_HYBRID,False
2026-08-30T19:35:59.966+00:00,heldout,1,8,SQL_FIRST,category_and_stock,category_01,295,False,0,0.04925,"[0.00,0.05)",12.868333,1.0,True,exact_bitmap,HNSW_HYBRID,False
2026-08-30T19:36:00.001+00:00,heldout,1,8,VECTOR_FIRST_HNSW,category_and_stock,category_01,295,False,0,0.04925,"[0.00,0.05)",34.597458,0.2,False,exact_bitmap,HNSW_HYBRID,False
2026-08-30T19:36:00.013+00:00,heldout,1,8,HNSW_HYBRID,category_and_stock,category_01,295,False,0,0.04925,"[0.00,0.05)",11.389708,1.0,False,exact_bitmap,HNSW_HYBRID,True
2026-08-30T19:36:00.026+00:00,heldout,1,8,IVFFLAT_HYBRID,category_and_stock,category_01,295,False,0,0.04925,"[0.00,0.05)",13.160916,1.0,False,exact_bitmap,HNSW_HYBRID,False
2026-08-30T19:36:00.055+00:00,heldout,0,197,SQL_FIRST,category_or_price,category_03,297,True,3,0.3663,"[0.25,0.50)",26.965084,1.0,True,exact_seq,SQL_FIRST,True
2026-08-30T19:36:00.088+00:00,heldout,0,197,VECTOR_FIRST_HNSW,category_or_price,category_03,297,True,3,0.3663,"[0.25,0.50)",32.544125,1.0,False,exact_bitmap,SQL_FIRST,False
2026-08-30T19:36:00.114+00:00,heldout,0,197,HNSW_HYBRID,category_or_price,category_03,297,True,3,0.3663,"[0.25,0.50)",24.8105,1.0,False,exact_seq,SQL_FIRST,False
2026-08-30T19:36:00.141+00:00,heldout,0,197,IVFFLAT_HYBRID,category_or_price,category_03,297,True,3,0.3663,"[0.25,0.50)",25.75925,1.0,False,exact_seq,SQL_FIRST,False
2026-08-30T19:36:00.168+00:00,heldout,1,197,SQL_FIRST,category_or_price,category_03,297,True,3,0.3663,"[0.25,0.50)",26.651958,1.0,True,exact_seq,SQL_FIRST,True
2026-08-30T19:36:00.200+00:00,heldout,1,197,VECTOR_FIRST_HNSW,category_or_price,category_03,297,True,3,0.3663,"[0.25,0.50)",32.018083,1.0,False,exact_bitmap,SQL_FIRST,False
2026-08-30T19:36:00.226+00:00,heldout,1,197,HNSW_HYBRID,category_or_price,category_03,297,True,3,0.3663,"[0.25,0.50)",25.025584,1.0,False,exact_seq,SQL_FIRST,False
2026-08-30T19:36:00.252+00:00,heldout,1,197,IVFFLAT_HYBRID,category_or_price,category_03,297,True,3,0.3663,"[0.25,0.50)",24.90725,1.0,False,exact_seq,SQL_FIRST,False
2026-08-30T19:36:00.276+00:00,heldout,0,199,SQL_FIRST,three_categories,category_02,322,True,3,0.2705,"[0.25,0.50)",21.075167,1.0,True,exact_bitmap,SQL_FIRST,True
2026-08-30T19:36:00.311+00:00,heldout,0,199,VECTOR_FIRST_HNSW,three_categories,category_02,322,True,3,0.2705,"[0.25,0.50)",32.796375,1.0,False,exact_bitmap,SQL_FIRST,False
2026-08-30T19:36:00.334+00:00,heldout,0,199,HNSW_HYBRID,three_categories,category_02,322,True,3,0.2705,"[0.25,0.50)",22.273542,1.0,False,exact_bitmap,SQL_FIRST,False
2026-08-30T19:36:00.361+00:00,heldout,0,199,IVFFLAT_HYBRID,three_categories,category_02,322,True,3,0.2705,"[0.25,0.50)",24.573458,1.0,False,exact_bitmap,SQL_FIRST,False
2026-08-30T19:36:00.382+00:00,heldout,1,199,SQL_FIRST,three_categories,category_02,322,True,3,0.2705,"[0.25,0.50)",21.288917,1.0,True,exact_bitmap,SQL_FIRST,True
2026-08-30T19:36:00.415+00:00,heldout,1,199,VECTOR_FIRST_HNSW,three_categories,category_02,322,True,3,0.2705,"[0.25,0.50)",31.738625,1.0,False,exact_bitmap,SQL_FIRST,False
2026-08-30T19:36:00.436+00:00,heldout,1,199,HNSW_HYBRID,three_categories,category_02,322,True,3,0.2705,"[0.25,0.50)",21.140292,1.0,False,exact_bitmap,SQL_FIRST,False
2026-08-30T19:36:00.459+00:00,heldout,1,199,IVFFLAT_HYBRID,three_categories,category_02,322,True,3,0.2705,"[0.25,0.50)",21.554542,1.0,False,exact_bitmap,SQL_FIRST,False
2026-08-30T19:36:00.482+00:00,heldout,0,174,SQL_FIRST,three_categories,category_00,926,False,3,0.271845,"[0.25,0.50)",21.590708,1.0,True,exact_bitmap,SQL_FIRST,True
2026-08-30T19:36:00.516+00:00,heldout,0,174,VECTOR_FIRST_HNSW,three_categories,category_00,926,False,3,0.271845,"[0.25,0.50)",32.0795,1.0,False,exact_bitmap,SQL_FIRST,False
2026-08-30T19:36:00.539+00:00,heldout,0,174,HNSW_HYBRID,three_categories,category_00,926,False,3,0.271845,"[0.25,0.50)",20.989584,1.0,False,exact_bitmap,SQL_FIRST,False
2026-08-30T19:36:00.562+00:00,heldout,0,174,IVFFLAT_HYBRID,three_categories,category_00,926,False,3,0.271845,"[0.25,0.50)",21.135,1.0,False,exact_bitmap,SQL_FIRST,False
2026-08-30T19:36:00.586+00:00,heldout,1,174,SQL_FIRST,three_categories,category_00,926,False,3,0.271845,"[0.25,0.50)",23.113125,1.0,True,exact_bitmap,SQL_FIRST,True
2026-08-30T19:36:00.618+00:00,heldout,1,174,VECTOR_FIRST_HNSW,three_categories,category_00,926,False,3,0.271845,"[0.25,0.50)",31.70325,1.0,False,exact_bitmap,SQL_FIRST,False
2026-08-30T19:36:00.640+00:00,heldout,1,174,HNSW_HYBRID,three_categories,category_00,926,False,3,0.271845,"[0.25,0.50)",21.060166,1.0,False,exact_bitmap,SQL_FIRST,False
2026-08-30T19:36:00.668+00:00,heldout,1,174,IVFFLAT_HYBRID,three_categories,category_00,926,False,3,0.271845,"[0.25,0.50)",25.932084,1.0,False,exact_bitmap,SQL_FIRST,False
2026-08-30T19:36:00.685+00:00,heldout,0,125,SQL_FIRST,single_category_alone,category_07,583,False,2,0.100435,"[0.10,0.25)",14.045042,1.0,True,exact_bitmap,HNSW_HYBRID,False
2026-08-30T19:36:00.721+00:00,heldout,0,125,VECTOR_FIRST_HNSW,single_category_alone,category_07,583,False,2,0.100435,"[0.10,0.25)",33.47,0.8,False,exact_bitmap,HNSW_HYBRID,False
2026-08-30T19:36:00.737+00:00,heldout,0,125,HNSW_HYBRID,single_category_alone,category_07,583,False,2,0.100435,"[0.10,0.25)",13.997084,1.0,False,exact_bitmap,HNSW_HYBRID,True
2026-08-30T19:36:00.754+00:00,heldout,0,125,IVFFLAT_HYBRID,single_category_alone,category_07,583,False,2,0.100435,"[0.10,0.25)",15.9305,1.0,False,exact_bitmap,HNSW_HYBRID,False
2026-08-30T19:36:00.770+00:00,heldout,1,125,SQL_FIRST,single_category_alone,category_07,583,False,2,0.100435,"[0.10,0.25)",15.686875,1.0,True,exact_bitmap,HNSW_HYBRID,False
2026-08-30T19:36:00.805+00:00,heldout,1,125,VECTOR_FIRST_HNSW,single_category_alone,category_07,583,False,2,0.100435,"[0.10,0.25)",33.462625,0.8,False,exact_bitmap,HNSW_HYBRID,False
2026-08-30T19:36:00.820+00:00,heldout,1,125,HNSW_HYBRID,single_category_alone,category_07,583,False,2,0.100435,"[0.10,0.25)",14.600917,1.0,False,exact_bitmap,HNSW_HYBRID,True
2026-08-30T19:36:00.837+00:00,heldout,1,125,IVFFLAT_HYBRID,single_category_alone,category_07,583,False,2,0.100435,"[0.10,0.25)",16.336667,1.0,False,exact_bitmap,HNSW_HYBRID,False
2026-08-30T19:36:00.863+00:00,heldout,0,172,SQL_FIRST,category_or_price,category_06,182,False,3,0.25821,"[0.25,0.50)",23.59475,1.0,True,exact_bitmap,SQL_FIRST,True
2026-08-30T19:36:00.897+00:00,heldout,0,172,VECTOR_FIRST_HNSW,category_or_price,category_06,182,False,3,0.25821,"[0.25,0.50)",32.651916,1.0,False,exact_bitmap,SQL_FIRST,False
2026-08-30T19:36:00.921+00:00,heldout,0,172,HNSW_HYBRID,category_or_price,category_06,182,False,3,0.25821,"[0.25,0.50)",22.628125,1.0,False,exact_bitmap,SQL_FIRST,False
2026-08-30T19:36:00.942+00:00,heldout,0,172,IVFFLAT_HYBRID,category_or_price,category_06,182,False,3,0.25821,"[0.25,0.50)",19.60275,1.0,False,exact_bitmap,SQL_FIRST,False
2026-08-30T19:36:00.964+00:00,heldout,1,172,SQL_FIRST,category_or_price,category_06,182,False,3,0.25821,"[0.25,0.50)",20.900834,1.0,True,exact_bitmap,SQL_FIRST,True
2026-08-30T19:36:00.996+00:00,heldout,1,172,VECTOR_FIRST_HNSW,category_or_price,category_06,182,False,3,0.25821,"[0.25,0.50)",32.358584,1.0,False,exact_bitmap,SQL_FIRST,False
2026-08-30T19:36:01.020+00:00,heldout,1,172,HNSW_HYBRID,category_or_price,category_06,182,False,3,0.25821,"[0.25,0.50)",23.077167,1.0,False,exact_bitmap,SQL_FIRST,False
2026-08-30T19:36:01.041+00:00,heldout,1,172,IVFFLAT_HYBRID,category_or_price,category_06,182,False,3,0.25821,"[0.25,0.50)",20.526833,1.0,False,exact_bitmap,SQL_FIRST,False
2026-08-30T19:36:01.056+00:00,heldout,0,71,SQL_FIRST,single_category,category_04,323,True,1,0.0967,"[0.05,0.10)",14.483833,1.0,True,exact_bitmap,HNSW_HYBRID,False
2026-08-30T19:36:01.092+00:00,heldout,0,71,VECTOR_FIRST_HNSW,single_category,category_04,323,True,1,0.0967,"[0.05,0.10)",33.853416,0.7,False,exact_bitmap,HNSW_HYBRID,False
2026-08-30T19:36:01.108+00:00,heldout,0,71,HNSW_HYBRID,single_category,category_04,323,True,1,0.0967,"[0.05,0.10)",14.19775,1.0,False,exact_bitmap,HNSW_HYBRID,True
2026-08-30T19:36:01.125+00:00,heldout,0,71,IVFFLAT_HYBRID,single_category,category_04,323,True,1,0.0967,"[0.05,0.10)",15.923291,1.0,False,exact_bitmap,HNSW_HYBRID,False
2026-08-30T19:36:01.143+00:00,heldout,1,71,SQL_FIRST,single_category,category_04,323,True,1,0.0967,"[0.05,0.10)",17.602375,1.0,True,exact_bitmap,HNSW_HYBRID,False
2026-08-30T19:36:01.179+00:00,heldout,1,71,VECTOR_FIRST_HNSW,single_category,category_04,323,True,1,0.0967,"[0.05,0.10)",35.291084,0.7,False,exact_bitmap,HNSW_HYBRID,False
2026-08-30T19:36:01.195+00:00,heldout,1,71,HNSW_HYBRID,single_category,category_04,323,True,1,0.0967,"[0.05,0.10)",15.3325,1.0,False,exact_bitmap,HNSW_HYBRID,True
2026-08-30T19:36:01.211+00:00,heldout,1,71,IVFFLAT_HYBRID,single_category,category_04,323,True,1,0.0967,"[0.05,0.10)",15.818708,1.0,False,exact_bitmap,HNSW_HYBRID,False
2026-08-30T19:36:01.239+00:00,heldout,0,134,SQL_FIRST,two_categories,category_06,495,False,2,0.199965,"[0.10,0.25)",24.616083,1.0,True,exact_bitmap,HNSW_HYBRID,False
2026-08-30T19:36:01.275+00:00,heldout,0,134,VECTOR_FIRST_HNSW,two_categories,category_06,495,False,2,0.199965,"[0.10,0.25)",33.82875,1.0,False,exact_bitmap,HNSW_HYBRID,False
2026-08-30T19:36:01.302+00:00,heldout,0,134,HNSW_HYBRID,two_categories,category_06,495,False,2,0.199965,"[0.10,0.25)",25.634166,1.0,False,exact_bitmap,HNSW_HYBRID,True
2026-08-30T19:36:01.329+00:00,heldout,0,134,IVFFLAT_HYBRID,two_categories,category_06,495,False,2,0.199965,"[0.10,0.25)",25.297041,1.0,False,exact_bitmap,HNSW_HYBRID,False
2026-08-30T19:36:01.353+00:00,heldout,1,134,SQL_FIRST,two_categories,category_06,495,False,2,0.199965,"[0.10,0.25)",23.835167,1.0,True,exact_bitmap,HNSW_HYBRID,False
2026-08-30T19:36:01.385+00:00,heldout,1,134,VECTOR_FIRST_HNSW,two_categories,category_06,495,False,2,0.199965,"[0.10,0.25)",31.752125,1.0,False,exact_bitmap,HNSW_HYBRID,False
2026-08-30T19:36:01.411+00:00,heldout,1,134,HNSW_HYBRID,two_categories,category_06,495,False,2,0.199965,"[0.10,0.25)",24.783625,1.0,False,exact_bitmap,HNSW_HYBRID,True
2026-08-30T19:36:01.438+00:00,heldout,1,134,IVFFLAT_HYBRID,two_categories,category_06,495,False,2,0.199965,"[0.10,0.25)",26.5645,1.0,False,exact_bitmap,HNSW_HYBRID,False
2026-08-30T19:36:01.445+00:00,heldout,0,39,SQL_FIRST,category_narrow_price,category_07,779,False,0,0.005025,"[0.00,0.05)",4.279917,1.0,True,exact_bitmap,HNSW_HYBRID,False
2026-08-30T19:36:01.480+00:00,heldout,0,39,VECTOR_FIRST_HNSW,category_narrow_price,category_07,779,False,0,0.005025,"[0.00,0.05)",33.545,0.0,False,exact_bitmap,HNSW_HYBRID,False
2026-08-30T19:36:01.485+00:00,heldout,0,39,HNSW_HYBRID,category_narrow_price,category_07,779,False,0,0.005025,"[0.00,0.05)",3.058875,1.0,False,exact_bitmap,HNSW_HYBRID,True
2026-08-30T19:36:01.490+00:00,heldout,0,39,IVFFLAT_HYBRID,category_narrow_price,category_07,779,False,0,0.005025,"[0.00,0.05)",3.405958,1.0,False,exact_bitmap,HNSW_HYBRID,False
2026-08-30T19:36:01.493+00:00,heldout,1,39,SQL_FIRST,category_narrow_price,category_07,779,False,0,0.005025,"[0.00,0.05)",3.28525,1.0,True,exact_bitmap,HNSW_HYBRID,False
2026-08-30T19:36:01.527+00:00,heldout,1,39,VECTOR_FIRST_HNSW,category_narrow_price,category_07,779,False,0,0.005025,"[0.00,0.05)",33.395166,0.0,False,exact_bitmap,HNSW_HYBRID,False
2026-08-30T19:36:01.531+00:00,heldout,1,39,HNSW_HYBRID,category_narrow_price,category_07,779,False,0,0.005025,"[0.00,0.05)",3.652875,1.0,False,exact_bitmap,HNSW_HYBRID,True
2026-08-30T19:36:01.534+00:00,heldout,1,39,IVFFLAT_HYBRID,category_narrow_price,category_07,779,False,0,0.005025,"[0.00,0.05)",2.293125,1.0,False,exact_bitmap,HNSW_HYBRID,False
2026-08-30T19:36:01.553+00:00,heldout,0,72,SQL_FIRST,single_category,category_06,567,False,1,0.099535,"[0.05,0.10)",15.897375,1.0,True,exact_bitmap,HNSW_HYBRID,False
2026-08-30T19:36:01.589+00:00,heldout,0,72,VECTOR_FIRST_HNSW,single_category,category_06,567,False,1,0.099535,"[0.05,0.10)",33.444834,1.0,False,exact_bitmap,HNSW_HYBRID,False
2026-08-30T19:36:01.605+00:00,heldout,0,72,HNSW_HYBRID,single_category,category_06,567,False,1,0.099535,"[0.05,0.10)",14.543417,1.0,False,exact_bitmap,HNSW_HYBRID,True
2026-08-30T19:36:01.626+00:00,heldout,0,72,IVFFLAT_HYBRID,single_category,category_06,567,False,1,0.099535,"[0.05,0.10)",19.583,1.0,False,exact_bitmap,HNSW_HYBRID,False
2026-08-30T19:36:01.643+00:00,heldout,1,72,SQL_FIRST,single_category,category_06,567,False,1,0.099535,"[0.05,0.10)",17.188792,1.0,True,exact_bitmap,HNSW_HYBRID,False
2026-08-30T19:36:01.682+00:00,heldout,1,72,VECTOR_FIRST_HNSW,single_category,category_06,567,False,1,0.099535,"[0.05,0.10)",37.880458,1.0,False,exact_bitmap,HNSW_HYBRID,False
2026-08-30T19:36:01.696+00:00,heldout,1,72,HNSW_HYBRID,single_category,category_06,567,False,1,0.099535,"[0.05,0.10)",14.255583,1.0,False,exact_bitmap,HNSW_HYBRID,True
2026-08-30T19:36:01.713+00:00,heldout,1,72,IVFFLAT_HYBRID,single_category,category_06,567,False,1,0.099535,"[0.05,0.10)",15.748416,1.0,False,exact_bitmap,HNSW_HYBRID,False
2026-08-30T19:36:01.742+00:00,heldout,0,112,SQL_FIRST,two_categories,category_07,596,True,2,0.1991,"[0.10,0.25)",26.772792,1.0,True,exact_bitmap,HNSW_HYBRID,False
2026-08-30T19:36:01.777+00:00,heldout,0,112,VECTOR_FIRST_HNSW,two_categories,category_07,596,True,2,0.1991,"[0.10,0.25)",33.663958,1.0,False,exact_bitmap,HNSW_HYBRID,False
2026-08-30T19:36:01.803+00:00,heldout,0,112,HNSW_HYBRID,two_categories,category_07,596,True,2,0.1991,"[0.10,0.25)",24.973417,1.0,False,exact_bitmap,HNSW_HYBRID,True
2026-08-30T19:36:01.832+00:00,heldout,0,112,IVFFLAT_HYBRID,two_categories,category_07,596,True,2,0.1991,"[0.10,0.25)",26.801542,1.0,False,exact_bitmap,HNSW_HYBRID,False
2026-08-30T19:36:01.859+00:00,heldout,1,112,SQL_FIRST,two_categories,category_07,596,True,2,0.1991,"[0.10,0.25)",27.258166,1.0,True,exact_bitmap,HNSW_HYBRID,False
2026-08-30T19:36:01.894+00:00,heldout,1,112,VECTOR_FIRST_HNSW,two_categories,category_07,596,True,2,0.1991,"[0.10,0.25)",34.255,1.0,False,exact_bitmap,HNSW_HYBRID,False
2026-08-30T19:36:01.921+00:00,heldout,1,112,HNSW_HYBRID,two_categories,category_07,596,True,2,0.1991,"[0.10,0.25)",26.235833,1.0,False,exact_bitmap,HNSW_HYBRID,True
2026-08-30T19:36:01.948+00:00,heldout,1,112,IVFFLAT_HYBRID,two_categories,category_07,596,True,2,0.1991,"[0.10,0.25)",26.777834,1.0,False,exact_bitmap,HNSW_HYBRID,False
2026-08-30T19:36:01.965+00:00,heldout,0,79,SQL_FIRST,single_category,category_01,403,True,1,0.098665,"[0.05,0.10)",15.831083,1.0,True,exact_bitmap,HNSW_HYBRID,False
2026-08-30T19:36:02.001+00:00,heldout,0,79,VECTOR_FIRST_HNSW,single_category,category_01,403,True,1,0.098665,"[0.05,0.10)",35.126916,1.0,False,exact_bitmap,HNSW_HYBRID,False
2026-08-30T19:36:02.017+00:00,heldout,0,79,HNSW_HYBRID,single_category,category_01,403,True,1,0.098665,"[0.05,0.10)",14.57725,1.0,False,exact_bitmap,HNSW_HYBRID,True
2026-08-30T19:36:02.033+00:00,heldout,0,79,IVFFLAT_HYBRID,single_category,category_01,403,True,1,0.098665,"[0.05,0.10)",15.601959,1.0,False,exact_bitmap,HNSW_HYBRID,False
2026-08-30T19:36:02.049+00:00,heldout,1,79,SQL_FIRST,single_category,category_01,403,True,1,0.098665,"[0.05,0.10)",15.830791,1.0,True,exact_bitmap,HNSW_HYBRID,False
2026-08-30T19:36:02.084+00:00,heldout,1,79,VECTOR_FIRST_HNSW,single_category,category_01,403,True,1,0.098665,"[0.05,0.10)",33.6055,1.0,False,exact_bitmap,HNSW_HYBRID,False
2026-08-30T19:36:02.098+00:00,heldout,1,79,HNSW_HYBRID,single_category,category_01,403,True,1,0.098665,"[0.05,0.10)",14.005333,1.0,False,exact_bitmap,HNSW_HYBRID,True
2026-08-30T19:36:02.115+00:00,heldout,1,79,IVFFLAT_HYBRID,single_category,category_01,403,True,1,0.098665,"[0.05,0.10)",15.700042,1.0,False,exact_bitmap,HNSW_HYBRID,False
2026-08-30T19:36:02.142+00:00,heldout,0,190,SQL_FIRST,three_categories,category_02,187,False,3,0.2705,"[0.25,0.50)",24.22325,1.0,True,exact_bitmap,SQL_FIRST,True
2026-08-30T19:36:02.176+00:00,heldout,0,190,VECTOR_FIRST_HNSW,three_categories,category_02,187,False,3,0.2705,"[0.25,0.50)",33.788209,1.0,False,exact_bitmap,SQL_FIRST,False
2026-08-30T19:36:02.200+00:00,heldout,0,190,HNSW_HYBRID,three_categories,category_02,187,False,3,0.2705,"[0.25,0.50)",22.826125,1.0,False,exact_bitmap,SQL_FIRST,False
2026-08-30T19:36:02.222+00:00,heldout,0,190,IVFFLAT_HYBRID,three_categories,category_02,187,False,3,0.2705,"[0.25,0.50)",21.126083,1.0,False,exact_bitmap,SQL_FIRST,False
2026-08-30T19:36:02.244+00:00,heldout,1,190,SQL_FIRST,three_categories,category_02,187,False,3,0.2705,"[0.25,0.50)",21.095708,1.0,True,exact_bitmap,SQL_FIRST,True
2026-08-30T19:36:02.276+00:00,heldout,1,190,VECTOR_FIRST_HNSW,three_categories,category_02,187,False,3,0.2705,"[0.25,0.50)",31.756625,1.0,False,exact_bitmap,SQL_FIRST,False
2026-08-30T19:36:02.298+00:00,heldout,1,190,HNSW_HYBRID,three_categories,category_02,187,False,3,0.2705,"[0.25,0.50)",21.359291,1.0,False,exact_bitmap,SQL_FIRST,False
2026-08-30T19:36:02.320+00:00,heldout,1,190,IVFFLAT_HYBRID,three_categories,category_02,187,False,3,0.2705,"[0.25,0.50)",21.135333,1.0,False,exact_bitmap,SQL_FIRST,False
2026-08-30T19:36:02.337+00:00,heldout,0,97,SQL_FIRST,single_category,category_04,932,False,1,0.0967,"[0.05,0.10)",13.863542,1.0,True,exact_bitmap,HNSW_HYBRID,False
2026-08-30T19:36:02.373+00:00,heldout,0,97,VECTOR_FIRST_HNSW,single_category,category_04,932,False,1,0.0967,"[0.05,0.10)",33.4175,0.8,False,exact_bitmap,HNSW_HYBRID,False
2026-08-30T19:36:02.388+00:00,heldout,0,97,HNSW_HYBRID,single_category,category_04,932,False,1,0.0967,"[0.05,0.10)",14.183,1.0,False,exact_bitmap,HNSW_HYBRID,True
2026-08-30T19:36:02.406+00:00,heldout,0,97,IVFFLAT_HYBRID,single_category,category_04,932,False,1,0.0967,"[0.05,0.10)",15.748625,1.0,False,exact_bitmap,HNSW_HYBRID,False
2026-08-30T19:36:02.422+00:00,heldout,1,97,SQL_FIRST,single_category,category_04,932,False,1,0.0967,"[0.05,0.10)",16.01525,1.0,True,exact_bitmap,HNSW_HYBRID,False
2026-08-30T19:36:02.457+00:00,heldout,1,97,VECTOR_FIRST_HNSW,single_category,category_04,932,False,1,0.0967,"[0.05,0.10)",34.688916,0.8,False,exact_bitmap,HNSW_HYBRID,False
2026-08-30T19:36:02.472+00:00,heldout,1,97,HNSW_HYBRID,single_category,category_04,932,False,1,0.0967,"[0.05,0.10)",13.87975,1.0,False,exact_bitmap,HNSW_HYBRID,True
2026-08-30T19:36:02.488+00:00,heldout,1,97,IVFFLAT_HYBRID,single_category,category_04,932,False,1,0.0967,"[0.05,0.10)",15.671958,1.0,False,exact_bitmap,HNSW_HYBRID,False
2026-08-30T19:36:02.515+00:00,heldout,0,157,SQL_FIRST,three_categories,category_09,915,False,3,0.272595,"[0.25,0.50)",23.01475,1.0,True,exact_bitmap,SQL_FIRST,True
2026-08-30T19:36:02.548+00:00,heldout,0,157,VECTOR_FIRST_HNSW,three_categories,category_09,915,False,3,0.272595,"[0.25,0.50)",31.774417,1.0,False,exact_bitmap,SQL_FIRST,False
2026-08-30T19:36:02.573+00:00,heldout,0,157,HNSW_HYBRID,three_categories,category_09,915,False,3,0.272595,"[0.25,0.50)",22.869125,1.0,False,exact_bitmap,SQL_FIRST,False
2026-08-30T19:36:02.598+00:00,heldout,0,157,IVFFLAT_HYBRID,three_categories,category_09,915,False,3,0.272595,"[0.25,0.50)",21.758833,1.0,False,exact_bitmap,SQL_FIRST,False
2026-08-30T19:36:02.620+00:00,heldout,1,157,SQL_FIRST,three_categories,category_09,915,False,3,0.272595,"[0.25,0.50)",20.948916,1.0,True,exact_bitmap,SQL_FIRST,True
2026-08-30T19:36:02.652+00:00,heldout,1,157,VECTOR_FIRST_HNSW,three_categories,category_09,915,False,3,0.272595,"[0.25,0.50)",31.704625,1.0,False,exact_bitmap,SQL_FIRST,False
2026-08-30T19:36:02.672+00:00,heldout,1,157,HNSW_HYBRID,three_categories,category_09,915,False,3,0.272595,"[0.25,0.50)",19.62975,1.0,False,exact_bitmap,SQL_FIRST,False
2026-08-30T19:36:02.694+00:00,heldout,1,157,IVFFLAT_HYBRID,three_categories,category_09,915,False,3,0.272595,"[0.25,0.50)",20.958459,1.0,False,exact_bitmap,SQL_FIRST,False
2026-08-30T19:36:02.699+00:00,heldout,0,45,SQL_FIRST,category_narrow_price,category_07,904,True,0,0.005055,"[0.00,0.05)",3.014125,1.0,True,exact_bitmap,HNSW_HYBRID,False
2026-08-30T19:36:02.734+00:00,heldout,0,45,VECTOR_FIRST_HNSW,category_narrow_price,category_07,904,True,0,0.005055,"[0.00,0.05)",33.042542,0.0,False,exact_bitmap,HNSW_HYBRID,False
2026-08-30T19:36:02.739+00:00,heldout,0,45,HNSW_HYBRID,category_narrow_price,category_07,904,True,0,0.005055,"[0.00,0.05)",3.354625,1.0,False,exact_bitmap,HNSW_HYBRID,True
2026-08-30T19:36:02.743+00:00,heldout,0,45,IVFFLAT_HYBRID,category_narrow_price,category_07,904,True,0,0.005055,"[0.00,0.05)",3.154583,1.0,False,exact_bitmap,HNSW_HYBRID,False
2026-08-30T19:36:02.747+00:00,heldout,1,45,SQL_FIRST,category_narrow_price,category_07,904,True,0,0.005055,"[0.00,0.05)",3.434833,1.0,True,exact_bitmap,HNSW_HYBRID,False
2026-08-30T19:36:02.781+00:00,heldout,1,45,VECTOR_FIRST_HNSW,category_narrow_price,category_07,904,True,0,0.005055,"[0.00,0.05)",33.301416,0.0,False,exact_bitmap,HNSW_HYBRID,False
2026-08-30T19:36:02.785+00:00,heldout,1,45,HNSW_HYBRID,category_narrow_price,category_07,904,True,0,0.005055,"[0.00,0.05)",3.309708,1.0,False,exact_bitmap,HNSW_HYBRID,True
2026-08-30T19:36:02.788+00:00,heldout,1,45,IVFFLAT_HYBRID,category_narrow_price,category_07,904,True,0,0.005055,"[0.00,0.05)",2.205583,1.0,False,exact_bitmap,HNSW_HYBRID,False
2026-08-30T19:36:02.816+00:00,heldout,0,133,SQL_FIRST,two_categories,category_02,718,False,2,0.202665,"[0.10,0.25)",26.387125,1.0,True,exact_bitmap,HNSW_HYBRID,False
2026-08-30T19:36:02.851+00:00,heldout,0,133,VECTOR_FIRST_HNSW,two_categories,category_02,718,False,2,0.202665,"[0.10,0.25)",33.559041,1.0,False,exact_bitmap,HNSW_HYBRID,False
2026-08-30T19:36:02.878+00:00,heldout,0,133,HNSW_HYBRID,two_categories,category_02,718,False,2,0.202665,"[0.10,0.25)",24.839,1.0,False,exact_bitmap,HNSW_HYBRID,True
2026-08-30T19:36:02.906+00:00,heldout,0,133,IVFFLAT_HYBRID,two_categories,category_02,718,False,2,0.202665,"[0.10,0.25)",26.573375,1.0,False,exact_bitmap,HNSW_HYBRID,False
2026-08-30T19:36:02.934+00:00,heldout,1,133,SQL_FIRST,two_categories,category_02,718,False,2,0.202665,"[0.10,0.25)",27.118167,1.0,True,exact_bitmap,HNSW_HYBRID,False
2026-08-30T19:36:02.969+00:00,heldout,1,133,VECTOR_FIRST_HNSW,two_categories,category_02,718,False,2,0.202665,"[0.10,0.25)",34.930833,1.0,False,exact_bitmap,HNSW_HYBRID,False
2026-08-30T19:36:02.996+00:00,heldout,1,133,HNSW_HYBRID,two_categories,category_02,718,False,2,0.202665,"[0.10,0.25)",25.865666,1.0,False,exact_bitmap,HNSW_HYBRID,True
2026-08-30T19:36:03.024+00:00,heldout,1,133,IVFFLAT_HYBRID,two_categories,category_02,718,False,2,0.202665,"[0.10,0.25)",27.661333,1.0,False,exact_bitmap,HNSW_HYBRID,False
2026-08-30T19:36:03.064+00:00,heldout,0,235,SQL_FIRST,wide_or,category_00,993,False,4,0.99667,"[0.50,1.00)",39.001708,1.0,True,exact_seq,SQL_FIRST,True
2026-08-30T19:36:03.098+00:00,heldout,0,235,VECTOR_FIRST_HNSW,wide_or,category_00,993,False,4,0.99667,"[0.50,1.00)",32.187833,1.0,False,exact_bitmap,SQL_FIRST,False
2026-08-30T19:36:03.136+00:00,heldout,0,235,HNSW_HYBRID,wide_or,category_00,993,False,4,0.99667,"[0.50,1.00)",36.54575,1.0,False,exact_seq,SQL_FIRST,False
2026-08-30T19:36:03.175+00:00,heldout,0,235,IVFFLAT_HYBRID,wide_or,category_00,993,False,4,0.99667,"[0.50,1.00)",37.403917,1.0,False,exact_seq,SQL_FIRST,False
2026-08-30T19:36:03.212+00:00,heldout,1,235,SQL_FIRST,wide_or,category_00,993,False,4,0.99667,"[0.50,1.00)",37.064083,1.0,True,exact_seq,SQL_FIRST,True
2026-08-30T19:36:03.244+00:00,heldout,1,235,VECTOR_FIRST_HNSW,wide_or,category_00,993,False,4,0.99667,"[0.50,1.00)",31.524834,1.0,False,exact_bitmap,SQL_FIRST,False
2026-08-30T19:36:03.281+00:00,heldout,1,235,HNSW_HYBRID,wide_or,category_00,993,False,4,0.99667,"[0.50,1.00)",36.681916,1.0,False,exact_seq,SQL_FIRST,False
2026-08-30T19:36:03.319+00:00,heldout,1,235,IVFFLAT_HYBRID,wide_or,category_00,993,False,4,0.99667,"[0.50,1.00)",36.686292,1.0,False,exact_seq,SQL_FIRST,False
2026-08-30T19:36:03.333+00:00,heldout,0,33,SQL_FIRST,category_and_stock,category_02,922,True,0,0.049565,"[0.00,0.05)",11.199542,1.0,True,exact_bitmap,HNSW_HYBRID,False
2026-08-30T19:36:03.368+00:00,heldout,0,33,VECTOR_FIRST_HNSW,category_and_stock,category_02,922,True,0,0.049565,"[0.00,0.05)",33.329667,0.2,False,exact_bitmap,HNSW_HYBRID,False
2026-08-30T19:36:03.381+00:00,heldout,0,33,HNSW_HYBRID,category_and_stock,category_02,922,True,0,0.049565,"[0.00,0.05)",11.478708,1.0,False,exact_bitmap,HNSW_HYBRID,True
2026-08-30T19:36:03.395+00:00,heldout,0,33,IVFFLAT_HYBRID,category_and_stock,category_02,922,True,0,0.049565,"[0.00,0.05)",12.644458,1.0,False,exact_bitmap,HNSW_HYBRID,False
2026-08-30T19:36:03.408+00:00,heldout,1,33,SQL_FIRST,category_and_stock,category_02,922,True,0,0.049565,"[0.00,0.05)",12.878708,1.0,True,exact_bitmap,HNSW_HYBRID,False
2026-08-30T19:36:03.443+00:00,heldout,1,33,VECTOR_FIRST_HNSW,category_and_stock,category_02,922,True,0,0.049565,"[0.00,0.05)",34.398958,0.2,False,exact_bitmap,HNSW_HYBRID,False
2026-08-30T19:36:03.453+00:00,heldout,1,33,HNSW_HYBRID,category_and_stock,category_02,922,True,0,0.049565,"[0.00,0.05)",9.887458,1.0,False,exact_bitmap,HNSW_HYBRID,True
2026-08-30T19:36:03.467+00:00,heldout,1,33,IVFFLAT_HYBRID,category_and_stock,category_02,922,True,0,0.049565,"[0.00,0.05)",12.973625,1.0,False,exact_bitmap,HNSW_HYBRID,False
2026-08-30T19:36:03.495+00:00,heldout,0,200,SQL_FIRST,three_categories,category_04,914,True,3,0.267975,"[0.25,0.50)",24.442542,1.0,True,exact_bitmap,SQL_FIRST,True
2026-08-30T19:36:03.528+00:00,heldout,0,200,VECTOR_FIRST_HNSW,three_categories,category_04,914,True,3,0.267975,"[0.25,0.50)",31.708167,1.0,False,exact_bitmap,SQL_FIRST,False
2026-08-30T19:36:03.551+00:00,heldout,0,200,HNSW_HYBRID,three_categories,category_04,914,True,3,0.267975,"[0.25,0.50)",20.959166,1.0,False,exact_bitmap,SQL_FIRST,False
2026-08-30T19:36:03.574+00:00,heldout,0,200,IVFFLAT_HYBRID,three_categories,category_04,914,True,3,0.267975,"[0.25,0.50)",20.914417,1.0,False,exact_bitmap,SQL_FIRST,False
2026-08-30T19:36:03.599+00:00,heldout,1,200,SQL_FIRST,three_categories,category_04,914,True,3,0.267975,"[0.25,0.50)",23.887541,1.0,True,exact_bitmap,SQL_FIRST,True
2026-08-30T19:36:03.631+00:00,heldout,1,200,VECTOR_FIRST_HNSW,three_categories,category_04,914,True,3,0.267975,"[0.25,0.50)",31.701042,1.0,False,exact_bitmap,SQL_FIRST,False
2026-08-30T19:36:03.652+00:00,heldout,1,200,HNSW_HYBRID,three_categories,category_04,914,True,3,0.267975,"[0.25,0.50)",21.0195,1.0,False,exact_bitmap,SQL_FIRST,False
2026-08-30T19:36:03.675+00:00,heldout,1,200,IVFFLAT_HYBRID,three_categories,category_04,914,True,3,0.267975,"[0.25,0.50)",21.771,1.0,False,exact_bitmap,SQL_FIRST,False
2026-08-30T19:36:03.690+00:00,heldout,0,25,SQL_FIRST,category_and_stock,category_02,444,True,0,0.049565,"[0.00,0.05)",12.188209,1.0,True,exact_bitmap,HNSW_HYBRID,False
2026-08-30T19:36:03.726+00:00,heldout,0,25,VECTOR_FIRST_HNSW,category_and_stock,category_02,444,True,0,0.049565,"[0.00,0.05)",33.4045,0.4,False,exact_bitmap,HNSW_HYBRID,False
2026-08-30T19:36:03.738+00:00,heldout,0,25,HNSW_HYBRID,category_and_stock,category_02,444,True,0,0.049565,"[0.00,0.05)",10.693708,1.0,False,exact_bitmap,HNSW_HYBRID,True
2026-08-30T19:36:03.752+00:00,heldout,0,25,IVFFLAT_HYBRID,category_and_stock,category_02,444,True,0,0.049565,"[0.00,0.05)",12.895084,1.0,False,exact_bitmap,HNSW_HYBRID,False
2026-08-30T19:36:03.765+00:00,heldout,1,25,SQL_FIRST,category_and_stock,category_02,444,True,0,0.049565,"[0.00,0.05)",12.660958,1.0,True,exact_bitmap,HNSW_HYBRID,False
2026-08-30T19:36:03.800+00:00,heldout,1,25,VECTOR_FIRST_HNSW,category_and_stock,category_02,444,True,0,0.049565,"[0.00,0.05)",33.66125,0.4,False,exact_bitmap,HNSW_HYBRID,False
2026-08-30T19:36:03.812+00:00,heldout,1,25,HNSW_HYBRID,category_and_stock,category_02,444,True,0,0.049565,"[0.00,0.05)",12.268667,1.0,False,exact_bitmap,HNSW_HYBRID,True
2026-08-30T19:36:03.826+00:00,heldout,1,25,IVFFLAT_HYBRID,category_and_stock,category_02,444,True,0,0.049565,"[0.00,0.05)",13.099541,1.0,False,exact_bitmap,HNSW_HYBRID,False
2026-08-30T19:36:03.846+00:00,heldout,0,69,SQL_FIRST,single_category,category_02,30,False,1,0.098965,"[0.05,0.10)",16.453166,1.0,True,exact_bitmap,HNSW_HYBRID,False
2026-08-30T19:36:03.882+00:00,heldout,0,69,VECTOR_FIRST_HNSW,single_category,category_02,30,False,1,0.098965,"[0.05,0.10)",34.764542,1.0,False,exact_bitmap,HNSW_HYBRID,False
2026-08-30T19:36:03.898+00:00,heldout,0,69,HNSW_HYBRID,single_category,category_02,30,False,1,0.098965,"[0.05,0.10)",13.918625,1.0,False,exact_bitmap,HNSW_HYBRID,True
2026-08-30T19:36:03.914+00:00,heldout,0,69,IVFFLAT_HYBRID,single_category,category_02,30,False,1,0.098965,"[0.05,0.10)",15.613625,1.0,False,exact_bitmap,HNSW_HYBRID,False
2026-08-30T19:36:03.930+00:00,heldout,1,69,SQL_FIRST,single_category,category_02,30,False,1,0.098965,"[0.05,0.10)",15.581958,1.0,True,exact_bitmap,HNSW_HYBRID,False
2026-08-30T19:36:03.965+00:00,heldout,1,69,VECTOR_FIRST_HNSW,single_category,category_02,30,False,1,0.098965,"[0.05,0.10)",34.368459,1.0,False,exact_bitmap,HNSW_HYBRID,False
2026-08-30T19:36:03.981+00:00,heldout,1,69,HNSW_HYBRID,single_category,category_02,30,False,1,0.098965,"[0.05,0.10)",15.684042,1.0,False,exact_bitmap,HNSW_HYBRID,True
2026-08-30T19:36:03.998+00:00,heldout,1,69,IVFFLAT_HYBRID,single_category,category_02,30,False,1,0.098965,"[0.05,0.10)",16.579084,1.0,False,exact_bitmap,HNSW_HYBRID,False
2026-08-30T19:36:04.018+00:00,heldout,0,113,SQL_FIRST,price_range_mid,category_00,227,True,2,0.10058,"[0.10,0.25)",18.196708,1.0,True,exact_bitmap,HNSW_HYBRID,False
2026-08-30T19:36:04.054+00:00,heldout,0,113,VECTOR_FIRST_HNSW,price_range_mid,category_00,227,True,2,0.10058,"[0.10,0.25)",34.739542,1.0,False,exact_bitmap,HNSW_HYBRID,False
2026-08-30T19:36:04.069+00:00,heldout,0,113,HNSW_HYBRID,price_range_mid,category_00,227,True,2,0.10058,"[0.10,0.25)",14.243625,1.0,False,exact_bitmap,HNSW_HYBRID,True
2026-08-30T19:36:04.086+00:00,heldout,0,113,IVFFLAT_HYBRID,price_range_mid,category_00,227,True,2,0.10058,"[0.10,0.25)",16.100666,1.0,False,exact_bitmap,HNSW_HYBRID,False
2026-08-30T19:36:04.102+00:00,heldout,1,113,SQL_FIRST,price_range_mid,category_00,227,True,2,0.10058,"[0.10,0.25)",16.147916,1.0,True,exact_bitmap,HNSW_HYBRID,False
2026-08-30T19:36:04.136+00:00,heldout,1,113,VECTOR_FIRST_HNSW,price_range_mid,category_00,227,True,2,0.10058,"[0.10,0.25)",33.570083,1.0,False,exact_bitmap,HNSW_HYBRID,False
2026-08-30T19:36:04.152+00:00,heldout,1,113,HNSW_HYBRID,price_range_mid,category_00,227,True,2,0.10058,"[0.10,0.25)",15.239041,1.0,False,exact_bitmap,HNSW_HYBRID,True
2026-08-30T19:36:04.169+00:00,heldout,1,113,IVFFLAT_HYBRID,price_range_mid,category_00,227,True,2,0.10058,"[0.10,0.25)",16.759083,1.0,False,exact_bitmap,HNSW_HYBRID,False
2026-08-30T19:36:04.198+00:00,heldout,0,117,SQL_FIRST,two_categories,category_02,197,True,2,0.202665,"[0.10,0.25)",27.148417,1.0,True,exact_bitmap,HNSW_HYBRID,False
2026-08-30T19:36:04.234+00:00,heldout,0,117,VECTOR_FIRST_HNSW,two_categories,category_02,197,True,2,0.202665,"[0.10,0.25)",34.02675,1.0,False,exact_bitmap,HNSW_HYBRID,False
2026-08-30T19:36:04.260+00:00,heldout,0,117,HNSW_HYBRID,two_categories,category_02,197,True,2,0.202665,"[0.10,0.25)",24.57475,1.0,False,exact_bitmap,HNSW_HYBRID,True
2026-08-30T19:36:04.288+00:00,heldout,0,117,IVFFLAT_HYBRID,two_categories,category_02,197,True,2,0.202665,"[0.10,0.25)",26.798958,1.0,False,exact_bitmap,HNSW_HYBRID,False
2026-08-30T19:36:04.317+00:00,heldout,1,117,SQL_FIRST,two_categories,category_02,197,True,2,0.202665,"[0.10,0.25)",28.555041,1.0,True,exact_bitmap,HNSW_HYBRID,False
2026-08-30T19:36:04.346+00:00,heldout,1,117,VECTOR_FIRST_HNSW,two_categories,category_02,197,True,2,0.202665,"[0.10,0.25)",28.297917,1.0,False,exact_bitmap,HNSW_HYBRID,False
2026-08-30T19:36:04.366+00:00,heldout,1,117,HNSW_HYBRID,two_categories,category_02,197,True,2,0.202665,"[0.10,0.25)",20.296833,1.0,False,exact_bitmap,HNSW_HYBRID,True
2026-08-30T19:36:04.391+00:00,heldout,1,117,IVFFLAT_HYBRID,two_categories,category_02,197,True,2,0.202665,"[0.10,0.25)",23.633791,1.0,False,exact_bitmap,HNSW_HYBRID,False
2026-08-30T19:36:04.407+00:00,heldout,0,47,SQL_FIRST,category_and_stock,category_04,997,True,0,0.04843,"[0.00,0.05)",13.67275,1.0,True,exact_bitmap,HNSW_HYBRID,False
2026-08-30T19:36:04.446+00:00,heldout,0,47,VECTOR_FIRST_HNSW,category_and_stock,category_04,997,True,0,0.04843,"[0.00,0.05)",35.676875,0.4,False,exact_bitmap,HNSW_HYBRID,False
2026-08-30T19:36:04.462+00:00,heldout,0,47,HNSW_HYBRID,category_and_stock,category_04,997,True,0,0.04843,"[0.00,0.05)",13.41475,1.0,False,exact_bitmap,HNSW_HYBRID,True
2026-08-30T19:36:04.476+00:00,heldout,0,47,IVFFLAT_HYBRID,category_and_stock,category_04,997,True,0,0.04843,"[0.00,0.05)",12.929625,1.0,False,exact_bitmap,HNSW_HYBRID,False
2026-08-30T19:36:04.490+00:00,heldout,1,47,SQL_FIRST,category_and_stock,category_04,997,True,0,0.04843,"[0.00,0.05)",13.423167,1.0,True,exact_bitmap,HNSW_HYBRID,False
2026-08-30T19:36:04.525+00:00,heldout,1,47,VECTOR_FIRST_HNSW,category_and_stock,category_04,997,True,0,0.04843,"[0.00,0.05)",34.494584,0.4,False,exact_bitmap,HNSW_HYBRID,False
2026-08-30T19:36:04.536+00:00,heldout,1,47,HNSW_HYBRID,category_and_stock,category_04,997,True,0,0.04843,"[0.00,0.05)",10.961375,1.0,False,exact_bitmap,HNSW_HYBRID,True
2026-08-30T19:36:04.550+00:00,heldout,1,47,IVFFLAT_HYBRID,category_and_stock,category_04,997,True,0,0.04843,"[0.00,0.05)",13.192917,1.0,False,exact_bitmap,HNSW_HYBRID,False
2026-08-30T19:36:04.568+00:00,heldout,0,88,SQL_FIRST,single_category,category_08,170,False,1,0.098665,"[0.05,0.10)",15.724,1.0,True,exact_bitmap,HNSW_HYBRID,False
2026-08-30T19:36:04.603+00:00,heldout,0,88,VECTOR_FIRST_HNSW,single_category,category_08,170,False,1,0.098665,"[0.05,0.10)",33.844959,0.5,False,exact_bitmap,HNSW_HYBRID,False
2026-08-30T19:36:04.619+00:00,heldout,0,88,HNSW_HYBRID,single_category,category_08,170,False,1,0.098665,"[0.05,0.10)",14.605,1.0,False,exact_bitmap,HNSW_HYBRID,True
2026-08-30T19:36:04.636+00:00,heldout,0,88,IVFFLAT_HYBRID,single_category,category_08,170,False,1,0.098665,"[0.05,0.10)",16.003583,1.0,False,exact_bitmap,HNSW_HYBRID,False
2026-08-30T19:36:04.652+00:00,heldout,1,88,SQL_FIRST,single_category,category_08,170,False,1,0.098665,"[0.05,0.10)",16.082208,1.0,True,exact_bitmap,HNSW_HYBRID,False
2026-08-30T19:36:04.686+00:00,heldout,1,88,VECTOR_FIRST_HNSW,single_category,category_08,170,False,1,0.098665,"[0.05,0.10)",33.681875,0.5,False,exact_bitmap,HNSW_HYBRID,False
2026-08-30T19:36:04.701+00:00,heldout,1,88,HNSW_HYBRID,single_category,category_08,170,False,1,0.098665,"[0.05,0.10)",13.893875,1.0,False,exact_bitmap,HNSW_HYBRID,True
2026-08-30T19:36:04.717+00:00,heldout,1,88,IVFFLAT_HYBRID,single_category,category_08,170,False,1,0.098665,"[0.05,0.10)",15.86725,1.0,False,exact_bitmap,HNSW_HYBRID,False
2026-08-30T19:36:04.736+00:00,heldout,0,85,SQL_FIRST,single_category,category_04,839,False,1,0.0967,"[0.05,0.10)",15.633875,1.0,True,exact_bitmap,HNSW_HYBRID,False
2026-08-30T19:36:04.771+00:00,heldout,0,85,VECTOR_FIRST_HNSW,single_category,category_04,839,False,1,0.0967,"[0.05,0.10)",33.560125,1.0,False,exact_bitmap,HNSW_HYBRID,False
2026-08-30T19:36:04.787+00:00,heldout,0,85,HNSW_HYBRID,single_category,category_04,839,False,1,0.0967,"[0.05,0.10)",14.3475,1.0,False,exact_bitmap,HNSW_HYBRID,True
2026-08-30T19:36:04.804+00:00,heldout,0,85,IVFFLAT_HYBRID,single_category,category_04,839,False,1,0.0967,"[0.05,0.10)",16.213,1.0,False,exact_bitmap,HNSW_HYBRID,False
2026-08-30T19:36:04.820+00:00,heldout,1,85,SQL_FIRST,single_category,category_04,839,False,1,0.0967,"[0.05,0.10)",15.720542,1.0,True,exact_bitmap,HNSW_HYBRID,False
2026-08-30T19:36:04.854+00:00,heldout,1,85,VECTOR_FIRST_HNSW,single_category,category_04,839,False,1,0.0967,"[0.05,0.10)",33.501125,1.0,False,exact_bitmap,HNSW_HYBRID,False
2026-08-30T19:36:04.869+00:00,heldout,1,85,HNSW_HYBRID,single_category,category_04,839,False,1,0.0967,"[0.05,0.10)",13.959416,1.0,False,exact_bitmap,HNSW_HYBRID,True
2026-08-30T19:36:04.885+00:00,heldout,1,85,IVFFLAT_HYBRID,single_category,category_04,839,False,1,0.0967,"[0.05,0.10)",15.727875,1.0,False,exact_bitmap,HNSW_HYBRID,False
2026-08-30T19:36:04.904+00:00,heldout,0,99,SQL_FIRST,single_category,category_08,379,False,1,0.098665,"[0.05,0.10)",15.637042,1.0,True,exact_bitmap,HNSW_HYBRID,False
2026-08-30T19:36:04.941+00:00,heldout,0,99,VECTOR_FIRST_HNSW,single_category,category_08,379,False,1,0.098665,"[0.05,0.10)",33.553833,0.9,False,exact_bitmap,HNSW_HYBRID,False
2026-08-30T19:36:04.957+00:00,heldout,0,99,HNSW_HYBRID,single_category,category_08,379,False,1,0.098665,"[0.05,0.10)",14.337792,1.0,False,exact_bitmap,HNSW_HYBRID,True
2026-08-30T19:36:04.974+00:00,heldout,0,99,IVFFLAT_HYBRID,single_category,category_08,379,False,1,0.098665,"[0.05,0.10)",15.723208,1.0,False,exact_bitmap,HNSW_HYBRID,False
2026-08-30T19:36:04.990+00:00,heldout,1,99,SQL_FIRST,single_category,category_08,379,False,1,0.098665,"[0.05,0.10)",16.000625,1.0,True,exact_bitmap,HNSW_HYBRID,False
2026-08-30T19:36:05.026+00:00,heldout,1,99,VECTOR_FIRST_HNSW,single_category,category_08,379,False,1,0.098665,"[0.05,0.10)",35.031208,0.9,False,exact_bitmap,HNSW_HYBRID,False
2026-08-30T19:36:05.039+00:00,heldout,1,99,HNSW_HYBRID,single_category,category_08,379,False,1,0.098665,"[0.05,0.10)",13.058625,1.0,False,exact_bitmap,HNSW_HYBRID,True
2026-08-30T19:36:05.054+00:00,heldout,1,99,IVFFLAT_HYBRID,single_category,category_08,379,False,1,0.098665,"[0.05,0.10)",14.234291,1.0,False,exact_bitmap,HNSW_HYBRID,False
2026-08-30T19:36:05.070+00:00,heldout,0,80,SQL_FIRST,single_category,category_09,636,True,1,0.0999,"[0.05,0.10)",14.164208,1.0,True,exact_bitmap,HNSW_HYBRID,False
2026-08-30T19:36:05.101+00:00,heldout,0,80,VECTOR_FIRST_HNSW,single_category,category_09,636,True,1,0.0999,"[0.05,0.10)",30.141333,1.0,False,exact_bitmap,HNSW_HYBRID,False
2026-08-30T19:36:05.115+00:00,heldout,0,80,HNSW_HYBRID,single_category,category_09,636,True,1,0.0999,"[0.05,0.10)",12.961667,1.0,False,exact_bitmap,HNSW_HYBRID,True
2026-08-30T19:36:05.131+00:00,heldout,0,80,IVFFLAT_HYBRID,single_category,category_09,636,True,1,0.0999,"[0.05,0.10)",14.073417,1.0,False,exact_bitmap,HNSW_HYBRID,False
2026-08-30T19:36:05.146+00:00,heldout,1,80,SQL_FIRST,single_category,category_09,636,True,1,0.0999,"[0.05,0.10)",14.512834,1.0,True,exact_bitmap,HNSW_HYBRID,False
2026-08-30T19:36:05.177+00:00,heldout,1,80,VECTOR_FIRST_HNSW,single_category,category_09,636,True,1,0.0999,"[0.05,0.10)",30.254458,1.0,False,exact_bitmap,HNSW_HYBRID,False
2026-08-30T19:36:05.190+00:00,heldout,1,80,HNSW_HYBRID,single_category,category_09,636,True,1,0.0999,"[0.05,0.10)",12.985166,1.0,False,exact_bitmap,HNSW_HYBRID,True
2026-08-30T19:36:05.205+00:00,heldout,1,80,IVFFLAT_HYBRID,single_category,category_09,636,True,1,0.0999,"[0.05,0.10)",14.05075,1.0,False,exact_bitmap,HNSW_HYBRID,False
2026-08-30T19:36:05.234+00:00,heldout,0,221,SQL_FIRST,stock_alone,category_03,706,True,4,0.500835,"[0.50,1.00)",23.737917,1.0,True,exact_seq,SQL_FIRST,True
2026-08-30T19:36:05.265+00:00,heldout,0,221,VECTOR_FIRST_HNSW,stock_alone,category_03,706,True,4,0.500835,"[0.50,1.00)",29.102917,1.0,False,exact_bitmap,SQL_FIRST,False
2026-08-30T19:36:05.289+00:00,heldout,0,221,HNSW_HYBRID,stock_alone,category_03,706,True,4,0.500835,"[0.50,1.00)",22.589208,1.0,False,exact_seq,SQL_FIRST,False
2026-08-30T19:36:05.313+00:00,heldout,0,221,IVFFLAT_HYBRID,stock_alone,category_03,706,True,4,0.500835,"[0.50,1.00)",22.696917,1.0,False,exact_seq,SQL_FIRST,False
2026-08-30T19:36:05.336+00:00,heldout,1,221,SQL_FIRST,stock_alone,category_03,706,True,4,0.500835,"[0.50,1.00)",22.770416,1.0,True,exact_seq,SQL_FIRST,True
2026-08-30T19:36:05.366+00:00,heldout,1,221,VECTOR_FIRST_HNSW,stock_alone,category_03,706,True,4,0.500835,"[0.50,1.00)",28.840125,1.0,False,exact_bitmap,SQL_FIRST,False
2026-08-30T19:36:05.392+00:00,heldout,1,221,HNSW_HYBRID,stock_alone,category_03,706,True,4,0.500835,"[0.50,1.00)",25.8525,1.0,False,exact_seq,SQL_FIRST,False
2026-08-30T19:36:05.418+00:00,heldout,1,221,IVFFLAT_HYBRID,stock_alone,category_03,706,True,4,0.500835,"[0.50,1.00)",25.0595,1.0,False,exact_seq,SQL_FIRST,False
2026-08-30T19:36:05.446+00:00,heldout,0,137,SQL_FIRST,two_categories,category_03,385,False,2,0.2004,"[0.10,0.25)",25.178333,1.0,True,exact_bitmap,HNSW_HYBRID,False
2026-08-30T19:36:05.481+00:00,heldout,0,137,VECTOR_FIRST_HNSW,two_categories,category_03,385,False,2,0.2004,"[0.10,0.25)",33.480125,1.0,False,exact_bitmap,HNSW_HYBRID,False
2026-08-30T19:36:05.508+00:00,heldout,0,137,HNSW_HYBRID,two_categories,category_03,385,False,2,0.2004,"[0.10,0.25)",24.815417,1.0,False,exact_bitmap,HNSW_HYBRID,True
2026-08-30T19:36:05.536+00:00,heldout,0,137,IVFFLAT_HYBRID,two_categories,category_03,385,False,2,0.2004,"[0.10,0.25)",27.2535,1.0,False,exact_bitmap,HNSW_HYBRID,False
2026-08-30T19:36:05.563+00:00,heldout,1,137,SQL_FIRST,two_categories,category_03,385,False,2,0.2004,"[0.10,0.25)",26.4085,1.0,True,exact_bitmap,HNSW_HYBRID,False
2026-08-30T19:36:05.594+00:00,heldout,1,137,VECTOR_FIRST_HNSW,two_categories,category_03,385,False,2,0.2004,"[0.10,0.25)",30.829541,1.0,False,exact_bitmap,HNSW_HYBRID,False
2026-08-30T19:36:05.617+00:00,heldout,1,137,HNSW_HYBRID,two_categories,category_03,385,False,2,0.2004,"[0.10,0.25)",22.695875,1.0,False,exact_bitmap,HNSW_HYBRID,True
2026-08-30T19:36:05.642+00:00,heldout,1,137,IVFFLAT_HYBRID,two_categories,category_03,385,False,2,0.2004,"[0.10,0.25)",24.029458,1.0,False,exact_bitmap,HNSW_HYBRID,False
2026-08-30T19:36:05.658+00:00,heldout,0,67,SQL_FIRST,single_category,category_04,372,True,1,0.0967,"[0.05,0.10)",14.170084,1.0,True,exact_bitmap,HNSW_HYBRID,False
2026-08-30T19:36:05.690+00:00,heldout,0,67,VECTOR_FIRST_HNSW,single_category,category_04,372,True,1,0.0967,"[0.05,0.10)",30.026375,0.9,False,exact_bitmap,HNSW_HYBRID,False
2026-08-30T19:36:05.705+00:00,heldout,0,67,HNSW_HYBRID,single_category,category_04,372,True,1,0.0967,"[0.05,0.10)",12.7135,1.0,False,exact_bitmap,HNSW_HYBRID,True
2026-08-30T19:36:05.721+00:00,heldout,0,67,IVFFLAT_HYBRID,single_category,category_04,372,True,1,0.0967,"[0.05,0.10)",14.043875,1.0,False,exact_bitmap,HNSW_HYBRID,False
2026-08-30T19:36:05.735+00:00,heldout,1,67,SQL_FIRST,single_category,category_04,372,True,1,0.0967,"[0.05,0.10)",13.954917,1.0,True,exact_bitmap,HNSW_HYBRID,False
2026-08-30T19:36:05.766+00:00,heldout,1,67,VECTOR_FIRST_HNSW,single_category,category_04,372,True,1,0.0967,"[0.05,0.10)",30.033417,0.9,False,exact_bitmap,HNSW_HYBRID,False
2026-08-30T19:36:05.780+00:00,heldout,1,67,HNSW_HYBRID,single_category,category_04,372,True,1,0.0967,"[0.05,0.10)",12.97875,1.0,False,exact_bitmap,HNSW_HYBRID,True
2026-08-30T19:36:05.794+00:00,heldout,1,67,IVFFLAT_HYBRID,single_category,category_04,372,True,1,0.0967,"[0.05,0.10)",14.130833,1.0,False,exact_bitmap,HNSW_HYBRID,False
2026-08-30T19:36:05.821+00:00,heldout,0,116,SQL_FIRST,two_categories,category_01,459,True,2,0.197635,"[0.10,0.25)",23.719041,1.0,True,exact_bitmap,HNSW_HYBRID,False
2026-08-30T19:36:05.854+00:00,heldout,0,116,VECTOR_FIRST_HNSW,two_categories,category_01,459,True,2,0.197635,"[0.10,0.25)",30.19225,1.0,False,exact_bitmap,HNSW_HYBRID,False
2026-08-30T19:36:05.878+00:00,heldout,0,116,HNSW_HYBRID,two_categories,category_01,459,True,2,0.197635,"[0.10,0.25)",22.768833,1.0,False,exact_bitmap,HNSW_HYBRID,True
2026-08-30T19:36:05.903+00:00,heldout,0,116,IVFFLAT_HYBRID,two_categories,category_01,459,True,2,0.197635,"[0.10,0.25)",24.278209,1.0,False,exact_bitmap,HNSW_HYBRID,False
2026-08-30T19:36:05.927+00:00,heldout,1,116,SQL_FIRST,two_categories,category_01,459,True,2,0.197635,"[0.10,0.25)",23.862292,1.0,True,exact_bitmap,HNSW_HYBRID,False
2026-08-30T19:36:05.958+00:00,heldout,1,116,VECTOR_FIRST_HNSW,two_categories,category_01,459,True,2,0.197635,"[0.10,0.25)",30.52525,1.0,False,exact_bitmap,HNSW_HYBRID,False
2026-08-30T19:36:05.982+00:00,heldout,1,116,HNSW_HYBRID,two_categories,category_01,459,True,2,0.197635,"[0.10,0.25)",22.925709,1.0,False,exact_bitmap,HNSW_HYBRID,True
2026-08-30T19:36:06.006+00:00,heldout,1,116,IVFFLAT_HYBRID,two_categories,category_01,459,True,2,0.197635,"[0.10,0.25)",24.460834,1.0,False,exact_bitmap,HNSW_HYBRID,False
2026-08-30T19:36:06.037+00:00,heldout,0,239,SQL_FIRST,wide_or,category_05,191,False,4,0.632965,"[0.50,1.00)",28.733666,1.0,True,exact_seq,SQL_FIRST,True
2026-08-30T19:36:06.067+00:00,heldout,0,239,VECTOR_FIRST_HNSW,wide_or,category_05,191,False,4,0.632965,"[0.50,1.00)",29.0295,1.0,False,exact_bitmap,SQL_FIRST,False
2026-08-30T19:36:06.098+00:00,heldout,0,239,HNSW_HYBRID,wide_or,category_05,191,False,4,0.632965,"[0.50,1.00)",28.616708,1.0,False,exact_seq,SQL_FIRST,False
2026-08-30T19:36:06.130+00:00,heldout,0,239,IVFFLAT_HYBRID,wide_or,category_05,191,False,4,0.632965,"[0.50,1.00)",30.585,1.0,False,exact_seq,SQL_FIRST,False
2026-08-30T19:36:06.158+00:00,heldout,1,239,SQL_FIRST,wide_or,category_05,191,False,4,0.632965,"[0.50,1.00)",28.400667,1.0,True,exact_seq,SQL_FIRST,True
2026-08-30T19:36:06.187+00:00,heldout,1,239,VECTOR_FIRST_HNSW,wide_or,category_05,191,False,4,0.632965,"[0.50,1.00)",28.721875,1.0,False,exact_bitmap,SQL_FIRST,False
2026-08-30T19:36:06.216+00:00,heldout,1,239,HNSW_HYBRID,wide_or,category_05,191,False,4,0.632965,"[0.50,1.00)",27.473875,1.0,False,exact_seq,SQL_FIRST,False
2026-08-30T19:36:06.244+00:00,heldout,1,239,IVFFLAT_HYBRID,wide_or,category_05,191,False,4,0.632965,"[0.50,1.00)",27.606166,1.0,False,exact_seq,SQL_FIRST,False
2026-08-30T19:36:06.258+00:00,heldout,0,7,SQL_FIRST,category_and_stock,category_05,610,False,0,0.049935,"[0.00,0.05)",11.240542,1.0,True,exact_bitmap,HNSW_HYBRID,False
2026-08-30T19:36:06.290+00:00,heldout,0,7,VECTOR_FIRST_HNSW,category_and_stock,category_05,610,False,0,0.049935,"[0.00,0.05)",30.612,0.8,False,exact_bitmap,HNSW_HYBRID,False
2026-08-30T19:36:06.303+00:00,heldout,0,7,HNSW_HYBRID,category_and_stock,category_05,610,False,0,0.049935,"[0.00,0.05)",10.966,1.0,False,exact_bitmap,HNSW_HYBRID,True
2026-08-30T19:36:06.318+00:00,heldout,0,7,IVFFLAT_HYBRID,category_and_stock,category_05,610,False,0,0.049935,"[0.00,0.05)",13.41525,1.0,False,exact_bitmap,HNSW_HYBRID,False
2026-08-30T19:36:06.332+00:00,heldout,1,7,SQL_FIRST,category_and_stock,category_05,610,False,0,0.049935,"[0.00,0.05)",13.06725,1.0,True,exact_bitmap,HNSW_HYBRID,False
2026-08-30T19:36:06.362+00:00,heldout,1,7,VECTOR_FIRST_HNSW,category_and_stock,category_05,610,False,0,0.049935,"[0.00,0.05)",29.968458,0.8,False,exact_bitmap,HNSW_HYBRID,False
2026-08-30T19:36:06.373+00:00,heldout,1,7,HNSW_HYBRID,category_and_stock,category_05,610,False,0,0.049935,"[0.00,0.05)",10.692625,1.0,False,exact_bitmap,HNSW_HYBRID,True
2026-08-30T19:36:06.386+00:00,heldout,1,7,IVFFLAT_HYBRID,category_and_stock,category_05,610,False,0,0.049935,"[0.00,0.05)",11.789625,1.0,False,exact_bitmap,HNSW_HYBRID,False
2026-08-30T19:36:06.412+00:00,heldout,0,111,SQL_FIRST,two_categories,category_08,166,True,2,0.198565,"[0.10,0.25)",23.990625,1.0,True,exact_bitmap,HNSW_HYBRID,False
2026-08-30T19:36:06.445+00:00,heldout,0,111,VECTOR_FIRST_HNSW,two_categories,category_08,166,True,2,0.198565,"[0.10,0.25)",31.250917,1.0,False,exact_bitmap,HNSW_HYBRID,False
2026-08-30T19:36:06.468+00:00,heldout,0,111,HNSW_HYBRID,two_categories,category_08,166,True,2,0.198565,"[0.10,0.25)",22.675541,1.0,False,exact_bitmap,HNSW_HYBRID,True
2026-08-30T19:36:06.494+00:00,heldout,0,111,IVFFLAT_HYBRID,two_categories,category_08,166,True,2,0.198565,"[0.10,0.25)",24.093667,1.0,False,exact_bitmap,HNSW_HYBRID,False
2026-08-30T19:36:06.518+00:00,heldout,1,111,SQL_FIRST,two_categories,category_08,166,True,2,0.198565,"[0.10,0.25)",23.962375,1.0,True,exact_bitmap,HNSW_HYBRID,False
2026-08-30T19:36:06.550+00:00,heldout,1,111,VECTOR_FIRST_HNSW,two_categories,category_08,166,True,2,0.198565,"[0.10,0.25)",30.905292,1.0,False,exact_bitmap,HNSW_HYBRID,False
2026-08-30T19:36:06.573+00:00,heldout,1,111,HNSW_HYBRID,two_categories,category_08,166,True,2,0.198565,"[0.10,0.25)",22.90325,1.0,False,exact_bitmap,HNSW_HYBRID,True
2026-08-30T19:36:06.601+00:00,heldout,1,111,IVFFLAT_HYBRID,two_categories,category_08,166,True,2,0.198565,"[0.10,0.25)",24.748625,1.0,False,exact_bitmap,HNSW_HYBRID,False
2026-08-30T19:36:06.606+00:00,heldout,0,12,SQL_FIRST,category_narrow_price,category_06,228,True,0,0.00499,"[0.00,0.05)",3.545958,1.0,True,exact_bitmap,HNSW_HYBRID,False
2026-08-30T19:36:06.638+00:00,heldout,0,12,VECTOR_FIRST_HNSW,category_narrow_price,category_06,228,True,0,0.00499,"[0.00,0.05)",30.189334,0.0,False,exact_bitmap,HNSW_HYBRID,False
2026-08-30T19:36:06.642+00:00,heldout,0,12,HNSW_HYBRID,category_narrow_price,category_06,228,True,0,0.00499,"[0.00,0.05)",2.841917,1.0,False,exact_bitmap,HNSW_HYBRID,True
2026-08-30T19:36:06.646+00:00,heldout,0,12,IVFFLAT_HYBRID,category_narrow_price,category_06,228,True,0,0.00499,"[0.00,0.05)",2.920583,1.0,False,exact_bitmap,HNSW_HYBRID,False
2026-08-30T19:36:06.649+00:00,heldout,1,12,SQL_FIRST,category_narrow_price,category_06,228,True,0,0.00499,"[0.00,0.05)",3.055583,1.0,True,exact_bitmap,HNSW_HYBRID,False
2026-08-30T19:36:06.679+00:00,heldout,1,12,VECTOR_FIRST_HNSW,category_narrow_price,category_06,228,True,0,0.00499,"[0.00,0.05)",29.94025,0.0,False,exact_bitmap,HNSW_HYBRID,False
2026-08-30T19:36:06.683+00:00,heldout,1,12,HNSW_HYBRID,category_narrow_price,category_06,228,True,0,0.00499,"[0.00,0.05)",3.160375,1.0,False,exact_bitmap,HNSW_HYBRID,True
2026-08-30T19:36:06.686+00:00,heldout,1,12,IVFFLAT_HYBRID,category_narrow_price,category_06,228,True,0,0.00499,"[0.00,0.05)",2.261041,1.0,False,exact_bitmap,HNSW_HYBRID,False
2026-08-30T19:36:06.703+00:00,heldout,0,76,SQL_FIRST,single_category,category_09,208,True,1,0.0999,"[0.05,0.10)",13.998958,1.0,True,exact_bitmap,HNSW_HYBRID,False
2026-08-30T19:36:06.735+00:00,heldout,0,76,VECTOR_FIRST_HNSW,single_category,category_09,208,True,1,0.0999,"[0.05,0.10)",30.129459,0.8,False,exact_bitmap,HNSW_HYBRID,False
2026-08-30T19:36:06.749+00:00,heldout,0,76,HNSW_HYBRID,single_category,category_09,208,True,1,0.0999,"[0.05,0.10)",12.983042,1.0,False,exact_bitmap,HNSW_HYBRID,True
2026-08-30T19:36:06.764+00:00,heldout,0,76,IVFFLAT_HYBRID,single_category,category_09,208,True,1,0.0999,"[0.05,0.10)",14.124542,1.0,False,exact_bitmap,HNSW_HYBRID,False
2026-08-30T19:36:06.779+00:00,heldout,1,76,SQL_FIRST,single_category,category_09,208,True,1,0.0999,"[0.05,0.10)",14.05225,1.0,True,exact_bitmap,HNSW_HYBRID,False
2026-08-30T19:36:06.810+00:00,heldout,1,76,VECTOR_FIRST_HNSW,single_category,category_09,208,True,1,0.0999,"[0.05,0.10)",30.019542,0.8,False,exact_bitmap,HNSW_HYBRID,False
2026-08-30T19:36:06.824+00:00,heldout,1,76,HNSW_HYBRID,single_category,category_09,208,True,1,0.0999,"[0.05,0.10)",13.714083,1.0,False,exact_bitmap,HNSW_HYBRID,True
2026-08-30T19:36:06.839+00:00,heldout,1,76,IVFFLAT_HYBRID,single_category,category_09,208,True,1,0.0999,"[0.05,0.10)",14.112833,1.0,False,exact_bitmap,HNSW_HYBRID,False
2026-08-30T19:36:06.862+00:00,heldout,0,188,SQL_FIRST,three_categories,category_06,753,False,3,0.269895,"[0.25,0.50)",20.914334,1.0,True,exact_bitmap,SQL_FIRST,True
2026-08-30T19:36:06.893+00:00,heldout,0,188,VECTOR_FIRST_HNSW,three_categories,category_06,753,False,3,0.269895,"[0.25,0.50)",28.808084,1.0,False,exact_bitmap,SQL_FIRST,False
2026-08-30T19:36:06.913+00:00,heldout,0,188,HNSW_HYBRID,three_categories,category_06,753,False,3,0.269895,"[0.25,0.50)",19.1425,1.0,False,exact_bitmap,SQL_FIRST,False
2026-08-30T19:36:06.934+00:00,heldout,0,188,IVFFLAT_HYBRID,three_categories,category_06,753,False,3,0.269895,"[0.25,0.50)",19.327375,1.0,False,exact_bitmap,SQL_FIRST,False
2026-08-30T19:36:06.955+00:00,heldout,1,188,SQL_FIRST,three_categories,category_06,753,False,3,0.269895,"[0.25,0.50)",20.025,1.0,True,exact_bitmap,SQL_FIRST,True
2026-08-30T19:36:06.984+00:00,heldout,1,188,VECTOR_FIRST_HNSW,three_categories,category_06,753,False,3,0.269895,"[0.25,0.50)",29.036166,1.0,False,exact_bitmap,SQL_FIRST,False
2026-08-30T19:36:07.006+00:00,heldout,1,188,HNSW_HYBRID,three_categories,category_06,753,False,3,0.269895,"[0.25,0.50)",21.081,1.0,False,exact_bitmap,SQL_FIRST,False
2026-08-30T19:36:07.026+00:00,heldout,1,188,IVFFLAT_HYBRID,three_categories,category_06,753,False,3,0.269895,"[0.25,0.50)",20.243541,1.0,False,exact_bitmap,SQL_FIRST,False
2026-08-30T19:36:07.050+00:00,heldout,0,215,SQL_FIRST,stock_alone,category_09,492,True,4,0.500835,"[0.50,1.00)",22.678208,1.0,True,exact_seq,SQL_FIRST,True
2026-08-30T19:36:07.080+00:00,heldout,0,215,VECTOR_FIRST_HNSW,stock_alone,category_09,492,True,4,0.500835,"[0.50,1.00)",28.663417,1.0,False,exact_bitmap,SQL_FIRST,False
2026-08-30T19:36:07.104+00:00,heldout,0,215,HNSW_HYBRID,stock_alone,category_09,492,True,4,0.500835,"[0.50,1.00)",22.744084,1.0,False,exact_seq,SQL_FIRST,False
2026-08-30T19:36:07.129+00:00,heldout,0,215,IVFFLAT_HYBRID,stock_alone,category_09,492,True,4,0.500835,"[0.50,1.00)",23.382542,1.0,False,exact_seq,SQL_FIRST,False
2026-08-30T19:36:07.154+00:00,heldout,1,215,SQL_FIRST,stock_alone,category_09,492,True,4,0.500835,"[0.50,1.00)",24.473125,1.0,True,exact_seq,SQL_FIRST,True
2026-08-30T19:36:07.186+00:00,heldout,1,215,VECTOR_FIRST_HNSW,stock_alone,category_09,492,True,4,0.500835,"[0.50,1.00)",32.062792,1.0,False,exact_bitmap,SQL_FIRST,False
2026-08-30T19:36:07.211+00:00,heldout,1,215,HNSW_HYBRID,stock_alone,category_09,492,True,4,0.500835,"[0.50,1.00)",24.679792,1.0,False,exact_seq,SQL_FIRST,False
2026-08-30T19:36:07.237+00:00,heldout,1,215,IVFFLAT_HYBRID,stock_alone,category_09,492,True,4,0.500835,"[0.50,1.00)",24.627875,1.0,False,exact_seq,SQL_FIRST,False
2026-08-30T19:36:07.271+00:00,heldout,0,249,SQL_FIRST,wide_or,category_06,238,True,4,0.65516,"[0.50,1.00)",31.08,1.0,True,exact_seq,SQL_FIRST,True
2026-08-30T19:36:07.305+00:00,heldout,0,249,VECTOR_FIRST_HNSW,wide_or,category_06,238,True,4,0.65516,"[0.50,1.00)",32.472875,1.0,False,exact_bitmap,SQL_FIRST,False
2026-08-30T19:36:07.337+00:00,heldout,0,249,HNSW_HYBRID,wide_or,category_06,238,True,4,0.65516,"[0.50,1.00)",30.690458,1.0,False,exact_seq,SQL_FIRST,False
2026-08-30T19:36:07.370+00:00,heldout,0,249,IVFFLAT_HYBRID,wide_or,category_06,238,True,4,0.65516,"[0.50,1.00)",30.926167,1.0,False,exact_seq,SQL_FIRST,False
2026-08-30T19:36:07.401+00:00,heldout,1,249,SQL_FIRST,wide_or,category_06,238,True,4,0.65516,"[0.50,1.00)",31.286584,1.0,True,exact_seq,SQL_FIRST,True
2026-08-30T19:36:07.430+00:00,heldout,1,249,VECTOR_FIRST_HNSW,wide_or,category_06,238,True,4,0.65516,"[0.50,1.00)",28.741,1.0,False,exact_bitmap,SQL_FIRST,False
2026-08-30T19:36:07.456+00:00,heldout,1,249,HNSW_HYBRID,wide_or,category_06,238,True,4,0.65516,"[0.50,1.00)",24.848125,1.0,False,exact_seq,SQL_FIRST,False
2026-08-30T19:36:07.487+00:00,heldout,1,249,IVFFLAT_HYBRID,wide_or,category_06,238,True,4,0.65516,"[0.50,1.00)",30.686542,1.0,False,exact_seq,SQL_FIRST,False
2026-08-30T19:36:07.504+00:00,heldout,0,58,SQL_FIRST,single_category,category_02,789,False,1,0.098965,"[0.05,0.10)",13.805875,1.0,True,exact_bitmap,HNSW_HYBRID,False
2026-08-30T19:36:07.539+00:00,heldout,0,58,VECTOR_FIRST_HNSW,single_category,category_02,789,False,1,0.098965,"[0.05,0.10)",33.530583,0.9,False,exact_bitmap,HNSW_HYBRID,False
2026-08-30T19:36:07.555+00:00,heldout,0,58,HNSW_HYBRID,single_category,category_02,789,False,1,0.098965,"[0.05,0.10)",14.465708,1.0,False,exact_bitmap,HNSW_HYBRID,True
2026-08-30T19:36:07.573+00:00,heldout,0,58,IVFFLAT_HYBRID,single_category,category_02,789,False,1,0.098965,"[0.05,0.10)",15.539083,1.0,False,exact_bitmap,HNSW_HYBRID,False
2026-08-30T19:36:07.589+00:00,heldout,1,58,SQL_FIRST,single_category,category_02,789,False,1,0.098965,"[0.05,0.10)",15.736875,1.0,True,exact_bitmap,HNSW_HYBRID,False
2026-08-30T19:36:07.623+00:00,heldout,1,58,VECTOR_FIRST_HNSW,single_category,category_02,789,False,1,0.098965,"[0.05,0.10)",33.488,0.9,False,exact_bitmap,HNSW_HYBRID,False
2026-08-30T19:36:07.638+00:00,heldout,1,58,HNSW_HYBRID,single_category,category_02,789,False,1,0.098965,"[0.05,0.10)",13.873666,1.0,False,exact_bitmap,HNSW_HYBRID,True
2026-08-30T19:36:07.655+00:00,heldout,1,58,IVFFLAT_HYBRID,single_category,category_02,789,False,1,0.098965,"[0.05,0.10)",16.370417,1.0,False,exact_bitmap,HNSW_HYBRID,False
2026-08-30T19:36:07.684+00:00,heldout,0,248,SQL_FIRST,stock_alone,category_02,392,True,4,0.500835,"[0.50,1.00)",27.377833,1.0,True,exact_seq,SQL_FIRST,True
2026-08-30T19:36:07.718+00:00,heldout,0,248,VECTOR_FIRST_HNSW,stock_alone,category_02,392,True,4,0.500835,"[0.50,1.00)",32.142833,1.0,False,exact_bitmap,SQL_FIRST,False
2026-08-30T19:36:07.744+00:00,heldout,0,248,HNSW_HYBRID,stock_alone,category_02,392,True,4,0.500835,"[0.50,1.00)",25.157209,1.0,False,exact_seq,SQL_FIRST,False
2026-08-30T19:36:07.770+00:00,heldout,0,248,IVFFLAT_HYBRID,stock_alone,category_02,392,True,4,0.500835,"[0.50,1.00)",24.0295,1.0,False,exact_seq,SQL_FIRST,False
2026-08-30T19:36:07.795+00:00,heldout,1,248,SQL_FIRST,stock_alone,category_02,392,True,4,0.500835,"[0.50,1.00)",24.807125,1.0,True,exact_seq,SQL_FIRST,True
2026-08-30T19:36:07.828+00:00,heldout,1,248,VECTOR_FIRST_HNSW,stock_alone,category_02,392,True,4,0.500835,"[0.50,1.00)",31.686125,1.0,False,exact_bitmap,SQL_FIRST,False
2026-08-30T19:36:07.854+00:00,heldout,1,248,HNSW_HYBRID,stock_alone,category_02,392,True,4,0.500835,"[0.50,1.00)",24.761667,1.0,False,exact_seq,SQL_FIRST,False
2026-08-30T19:36:07.879+00:00,heldout,1,248,IVFFLAT_HYBRID,stock_alone,category_02,392,True,4,0.500835,"[0.50,1.00)",24.903291,1.0,False,exact_seq,SQL_FIRST,False
2026-08-30T19:36:07.906+00:00,heldout,0,143,SQL_FIRST,two_categories,category_01,945,False,2,0.197635,"[0.10,0.25)",24.589334,1.0,True,exact_bitmap,HNSW_HYBRID,False
2026-08-30T19:36:07.942+00:00,heldout,0,143,VECTOR_FIRST_HNSW,two_categories,category_01,945,False,2,0.197635,"[0.10,0.25)",33.939709,1.0,False,exact_bitmap,HNSW_HYBRID,False
2026-08-30T19:36:07.970+00:00,heldout,0,143,HNSW_HYBRID,two_categories,category_01,945,False,2,0.197635,"[0.10,0.25)",25.749125,1.0,False,exact_bitmap,HNSW_HYBRID,True
2026-08-30T19:36:07.998+00:00,heldout,0,143,IVFFLAT_HYBRID,two_categories,category_01,945,False,2,0.197635,"[0.10,0.25)",27.703625,1.0,False,exact_bitmap,HNSW_HYBRID,False
2026-08-30T19:36:08.026+00:00,heldout,1,143,SQL_FIRST,two_categories,category_01,945,False,2,0.197635,"[0.10,0.25)",27.079333,1.0,True,exact_bitmap,HNSW_HYBRID,False
2026-08-30T19:36:08.060+00:00,heldout,1,143,VECTOR_FIRST_HNSW,two_categories,category_01,945,False,2,0.197635,"[0.10,0.25)",33.499375,1.0,False,exact_bitmap,HNSW_HYBRID,False
2026-08-30T19:36:08.085+00:00,heldout,1,143,HNSW_HYBRID,two_categories,category_01,945,False,2,0.197635,"[0.10,0.25)",25.095083,1.0,False,exact_bitmap,HNSW_HYBRID,True
2026-08-30T19:36:08.113+00:00,heldout,1,143,IVFFLAT_HYBRID,two_categories,category_01,945,False,2,0.197635,"[0.10,0.25)",26.44025,1.0,False,exact_bitmap,HNSW_HYBRID,False
2026-08-30T19:36:08.129+00:00,heldout,0,22,SQL_FIRST,category_and_stock,category_04,930,False,0,0.04827,"[0.00,0.05)",13.073417,1.0,True,exact_bitmap,HNSW_HYBRID,False
2026-08-30T19:36:08.164+00:00,heldout,0,22,VECTOR_FIRST_HNSW,category_and_stock,category_04,930,False,0,0.04827,"[0.00,0.05)",34.036541,0.6,False,exact_bitmap,HNSW_HYBRID,False
2026-08-30T19:36:08.177+00:00,heldout,0,22,HNSW_HYBRID,category_and_stock,category_04,930,False,0,0.04827,"[0.00,0.05)",11.233333,1.0,False,exact_bitmap,HNSW_HYBRID,True
2026-08-30T19:36:08.191+00:00,heldout,0,22,IVFFLAT_HYBRID,category_and_stock,category_04,930,False,0,0.04827,"[0.00,0.05)",13.119334,1.0,False,exact_bitmap,HNSW_HYBRID,False
2026-08-30T19:36:08.205+00:00,heldout,1,22,SQL_FIRST,category_and_stock,category_04,930,False,0,0.04827,"[0.00,0.05)",13.595625,1.0,True,exact_bitmap,HNSW_HYBRID,False
2026-08-30T19:36:08.246+00:00,heldout,1,22,VECTOR_FIRST_HNSW,category_and_stock,category_04,930,False,0,0.04827,"[0.00,0.05)",40.097625,0.6,False,exact_bitmap,HNSW_HYBRID,False
2026-08-30T19:36:08.258+00:00,heldout,1,22,HNSW_HYBRID,category_and_stock,category_04,930,False,0,0.04827,"[0.00,0.05)",11.458833,1.0,False,exact_bitmap,HNSW_HYBRID,True
2026-08-30T19:36:08.271+00:00,heldout,1,22,IVFFLAT_HYBRID,category_and_stock,category_04,930,False,0,0.04827,"[0.00,0.05)",13.216542,1.0,False,exact_bitmap,HNSW_HYBRID,False
2026-08-30T19:36:08.300+00:00,heldout,0,170,SQL_FIRST,three_categories,category_02,642,True,3,0.2705,"[0.25,0.50)",24.708791,1.0,True,exact_bitmap,SQL_FIRST,True
2026-08-30T19:36:08.336+00:00,heldout,0,170,VECTOR_FIRST_HNSW,three_categories,category_02,642,True,3,0.2705,"[0.25,0.50)",34.035875,1.0,False,exact_bitmap,SQL_FIRST,False
2026-08-30T19:36:08.360+00:00,heldout,0,170,HNSW_HYBRID,three_categories,category_02,642,True,3,0.2705,"[0.25,0.50)",22.322041,1.0,False,exact_bitmap,SQL_FIRST,False
2026-08-30T19:36:08.382+00:00,heldout,0,170,IVFFLAT_HYBRID,three_categories,category_02,642,True,3,0.2705,"[0.25,0.50)",21.041875,1.0,False,exact_bitmap,SQL_FIRST,False
2026-08-30T19:36:08.404+00:00,heldout,1,170,SQL_FIRST,three_categories,category_02,642,True,3,0.2705,"[0.25,0.50)",21.317041,1.0,True,exact_bitmap,SQL_FIRST,True
2026-08-30T19:36:08.436+00:00,heldout,1,170,VECTOR_FIRST_HNSW,three_categories,category_02,642,True,3,0.2705,"[0.25,0.50)",31.868875,1.0,False,exact_bitmap,SQL_FIRST,False
2026-08-30T19:36:08.458+00:00,heldout,1,170,HNSW_HYBRID,three_categories,category_02,642,True,3,0.2705,"[0.25,0.50)",21.433709,1.0,False,exact_bitmap,SQL_FIRST,False
2026-08-30T19:36:08.480+00:00,heldout,1,170,IVFFLAT_HYBRID,three_categories,category_02,642,True,3,0.2705,"[0.25,0.50)",21.259959,1.0,False,exact_bitmap,SQL_FIRST,False
2026-08-30T19:36:08.495+00:00,heldout,0,9,SQL_FIRST,category_and_stock,category_02,545,False,0,0.0494,"[0.00,0.05)",12.089667,1.0,True,exact_bitmap,HNSW_HYBRID,False
2026-08-30T19:36:08.532+00:00,heldout,0,9,VECTOR_FIRST_HNSW,category_and_stock,category_02,545,False,0,0.0494,"[0.00,0.05)",36.573708,0.7,False,exact_bitmap,HNSW_HYBRID,False
2026-08-30T19:36:08.544+00:00,heldout,0,9,HNSW_HYBRID,category_and_stock,category_02,545,False,0,0.0494,"[0.00,0.05)",11.544167,1.0,False,exact_bitmap,HNSW_HYBRID,True
2026-08-30T19:36:08.559+00:00,heldout,0,9,IVFFLAT_HYBRID,category_and_stock,category_02,545,False,0,0.0494,"[0.00,0.05)",13.825667,1.0,False,exact_bitmap,HNSW_HYBRID,False
2026-08-30T19:36:08.573+00:00,heldout,1,9,SQL_FIRST,category_and_stock,category_02,545,False,0,0.0494,"[0.00,0.05)",13.719208,1.0,True,exact_bitmap,HNSW_HYBRID,False
2026-08-30T19:36:08.607+00:00,heldout,1,9,VECTOR_FIRST_HNSW,category_and_stock,category_02,545,False,0,0.0494,"[0.00,0.05)",33.644083,0.7,False,exact_bitmap,HNSW_HYBRID,False
2026-08-30T19:36:08.618+00:00,heldout,1,9,HNSW_HYBRID,category_and_stock,category_02,545,False,0,0.0494,"[0.00,0.05)",11.24575,1.0,False,exact_bitmap,HNSW_HYBRID,True
2026-08-30T19:36:08.632+00:00,heldout,1,9,IVFFLAT_HYBRID,category_and_stock,category_02,545,False,0,0.0494,"[0.00,0.05)",13.0635,1.0,False,exact_bitmap,HNSW_HYBRID,False
2026-08-30T19:36:08.656+00:00,heldout,0,152,SQL_FIRST,three_categories,category_06,195,True,3,0.269895,"[0.25,0.50)",23.009167,1.0,True,exact_bitmap,SQL_FIRST,True
2026-08-30T19:36:08.690+00:00,heldout,0,152,VECTOR_FIRST_HNSW,three_categories,category_06,195,True,3,0.269895,"[0.25,0.50)",32.7575,1.0,False,exact_bitmap,SQL_FIRST,False
2026-08-30T19:36:08.715+00:00,heldout,0,152,HNSW_HYBRID,three_categories,category_06,195,True,3,0.269895,"[0.25,0.50)",23.680208,1.0,False,exact_bitmap,SQL_FIRST,False
2026-08-30T19:36:08.738+00:00,heldout,0,152,IVFFLAT_HYBRID,three_categories,category_06,195,True,3,0.269895,"[0.25,0.50)",22.322708,1.0,False,exact_bitmap,SQL_FIRST,False
2026-08-30T19:36:08.761+00:00,heldout,1,152,SQL_FIRST,three_categories,category_06,195,True,3,0.269895,"[0.25,0.50)",21.94225,1.0,True,exact_bitmap,SQL_FIRST,True
2026-08-30T19:36:08.793+00:00,heldout,1,152,VECTOR_FIRST_HNSW,three_categories,category_06,195,True,3,0.269895,"[0.25,0.50)",32.094291,1.0,False,exact_bitmap,SQL_FIRST,False
2026-08-30T19:36:08.818+00:00,heldout,1,152,HNSW_HYBRID,three_categories,category_06,195,True,3,0.269895,"[0.25,0.50)",23.717458,1.0,False,exact_bitmap,SQL_FIRST,False
2026-08-30T19:36:08.841+00:00,heldout,1,152,IVFFLAT_HYBRID,three_categories,category_06,195,True,3,0.269895,"[0.25,0.50)",22.321333,1.0,False,exact_bitmap,SQL_FIRST,False
2026-08-30T19:36:08.858+00:00,heldout,0,147,SQL_FIRST,price_range_mid,category_08,871,True,2,0.101725,"[0.10,0.25)",14.850958,1.0,True,exact_bitmap,HNSW_HYBRID,False
2026-08-30T19:36:08.893+00:00,heldout,0,147,VECTOR_FIRST_HNSW,price_range_mid,category_08,871,True,2,0.101725,"[0.10,0.25)",33.826459,1.0,False,exact_bitmap,HNSW_HYBRID,False
2026-08-30T19:36:08.910+00:00,heldout,0,147,HNSW_HYBRID,price_range_mid,category_08,871,True,2,0.101725,"[0.10,0.25)",14.955916,1.0,False,exact_bitmap,HNSW_HYBRID,True
2026-08-30T19:36:08.927+00:00,heldout,0,147,IVFFLAT_HYBRID,price_range_mid,category_08,871,True,2,0.101725,"[0.10,0.25)",15.76575,1.0,False,exact_bitmap,HNSW_HYBRID,False
2026-08-30T19:36:08.941+00:00,heldout,1,147,SQL_FIRST,price_range_mid,category_08,871,True,2,0.101725,"[0.10,0.25)",14.441042,1.0,True,exact_bitmap,HNSW_HYBRID,False
2026-08-30T19:36:08.978+00:00,heldout,1,147,VECTOR_FIRST_HNSW,price_range_mid,category_08,871,True,2,0.101725,"[0.10,0.25)",34.043042,1.0,False,exact_bitmap,HNSW_HYBRID,False
2026-08-30T19:36:08.993+00:00,heldout,1,147,HNSW_HYBRID,price_range_mid,category_08,871,True,2,0.101725,"[0.10,0.25)",15.1405,1.0,False,exact_bitmap,HNSW_HYBRID,True
2026-08-30T19:36:09.011+00:00,heldout,1,147,IVFFLAT_HYBRID,price_range_mid,category_08,871,True,2,0.101725,"[0.10,0.25)",17.183,1.0,False,exact_bitmap,HNSW_HYBRID,False
2026-08-30T19:36:09.028+00:00,heldout,0,94,SQL_FIRST,single_category,category_02,803,True,1,0.098965,"[0.05,0.10)",15.7495,1.0,True,exact_bitmap,HNSW_HYBRID,False
2026-08-30T19:36:09.063+00:00,heldout,0,94,VECTOR_FIRST_HNSW,single_category,category_02,803,True,1,0.098965,"[0.05,0.10)",33.668167,0.9,False,exact_bitmap,HNSW_HYBRID,False
2026-08-30T19:36:09.078+00:00,heldout,0,94,HNSW_HYBRID,single_category,category_02,803,True,1,0.098965,"[0.05,0.10)",13.770083,1.0,False,exact_bitmap,HNSW_HYBRID,True
2026-08-30T19:36:09.095+00:00,heldout,0,94,IVFFLAT_HYBRID,single_category,category_02,803,True,1,0.098965,"[0.05,0.10)",15.596167,1.0,False,exact_bitmap,HNSW_HYBRID,False
2026-08-30T19:36:09.111+00:00,heldout,1,94,SQL_FIRST,single_category,category_02,803,True,1,0.098965,"[0.05,0.10)",15.678292,1.0,True,exact_bitmap,HNSW_HYBRID,False
2026-08-30T19:36:09.146+00:00,heldout,1,94,VECTOR_FIRST_HNSW,single_category,category_02,803,True,1,0.098965,"[0.05,0.10)",33.703625,0.9,False,exact_bitmap,HNSW_HYBRID,False
2026-08-30T19:36:09.161+00:00,heldout,1,94,HNSW_HYBRID,single_category,category_02,803,True,1,0.098965,"[0.05,0.10)",14.576333,1.0,False,exact_bitmap,HNSW_HYBRID,True
2026-08-30T19:36:09.177+00:00,heldout,1,94,IVFFLAT_HYBRID,single_category,category_02,803,True,1,0.098965,"[0.05,0.10)",15.799208,1.0,False,exact_bitmap,HNSW_HYBRID,False
2026-08-30T19:36:09.195+00:00,heldout,0,105,SQL_FIRST,price_range_mid,category_00,121,True,2,0.10331,"[0.10,0.25)",16.752709,1.0,True,exact_bitmap,HNSW_HYBRID,False
2026-08-30T19:36:09.231+00:00,heldout,0,105,VECTOR_FIRST_HNSW,price_range_mid,category_00,121,True,2,0.10331,"[0.10,0.25)",34.391541,1.0,False,exact_bitmap,HNSW_HYBRID,False
2026-08-30T19:36:09.247+00:00,heldout,0,105,HNSW_HYBRID,price_range_mid,category_00,121,True,2,0.10331,"[0.10,0.25)",14.918833,1.0,False,exact_bitmap,HNSW_HYBRID,True
2026-08-30T19:36:09.265+00:00,heldout,0,105,IVFFLAT_HYBRID,price_range_mid,category_00,121,True,2,0.10331,"[0.10,0.25)",16.571291,1.0,False,exact_bitmap,HNSW_HYBRID,False
2026-08-30T19:36:09.282+00:00,heldout,1,105,SQL_FIRST,price_range_mid,category_00,121,True,2,0.10331,"[0.10,0.25)",16.353292,1.0,True,exact_bitmap,HNSW_HYBRID,False
2026-08-30T19:36:09.316+00:00,heldout,1,105,VECTOR_FIRST_HNSW,price_range_mid,category_00,121,True,2,0.10331,"[0.10,0.25)",33.56725,1.0,False,exact_bitmap,HNSW_HYBRID,False
2026-08-30T19:36:09.332+00:00,heldout,1,105,HNSW_HYBRID,price_range_mid,category_00,121,True,2,0.10331,"[0.10,0.25)",15.02075,1.0,False,exact_bitmap,HNSW_HYBRID,True
2026-08-30T19:36:09.349+00:00,heldout,1,105,IVFFLAT_HYBRID,price_range_mid,category_00,121,True,2,0.10331,"[0.10,0.25)",16.488167,1.0,False,exact_bitmap,HNSW_HYBRID,False
2026-08-30T19:36:09.375+00:00,heldout,0,155,SQL_FIRST,three_categories,category_00,233,True,3,0.271845,"[0.25,0.50)",23.254458,1.0,True,exact_bitmap,SQL_FIRST,True
2026-08-30T19:36:09.409+00:00,heldout,0,155,VECTOR_FIRST_HNSW,three_categories,category_00,233,True,3,0.271845,"[0.25,0.50)",31.742459,1.0,False,exact_bitmap,SQL_FIRST,False
2026-08-30T19:36:09.434+00:00,heldout,0,155,HNSW_HYBRID,three_categories,category_00,233,True,3,0.271845,"[0.25,0.50)",22.75275,1.0,False,exact_bitmap,SQL_FIRST,False
2026-08-30T19:36:09.457+00:00,heldout,0,155,IVFFLAT_HYBRID,three_categories,category_00,233,True,3,0.271845,"[0.25,0.50)",21.229333,1.0,False,exact_bitmap,SQL_FIRST,False
2026-08-30T19:36:09.478+00:00,heldout,1,155,SQL_FIRST,three_categories,category_00,233,True,3,0.271845,"[0.25,0.50)",20.967334,1.0,True,exact_bitmap,SQL_FIRST,True
2026-08-30T19:36:09.511+00:00,heldout,1,155,VECTOR_FIRST_HNSW,three_categories,category_00,233,True,3,0.271845,"[0.25,0.50)",32.408292,1.0,False,exact_bitmap,SQL_FIRST,False
2026-08-30T19:36:09.533+00:00,heldout,1,155,HNSW_HYBRID,three_categories,category_00,233,True,3,0.271845,"[0.25,0.50)",21.226375,1.0,False,exact_bitmap,SQL_FIRST,False
2026-08-30T19:36:09.555+00:00,heldout,1,155,IVFFLAT_HYBRID,three_categories,category_00,233,True,3,0.271845,"[0.25,0.50)",21.277709,1.0,False,exact_bitmap,SQL_FIRST,False
2026-08-30T19:36:09.590+00:00,heldout,0,222,SQL_FIRST,wide_or,category_03,302,True,4,0.685995,"[0.50,1.00)",31.438583,1.0,True,exact_seq,SQL_FIRST,True
2026-08-30T19:36:09.624+00:00,heldout,0,222,VECTOR_FIRST_HNSW,wide_or,category_03,302,True,4,0.685995,"[0.50,1.00)",32.621375,1.0,False,exact_bitmap,SQL_FIRST,False
2026-08-30T19:36:09.657+00:00,heldout,0,222,HNSW_HYBRID,wide_or,category_03,302,True,4,0.685995,"[0.50,1.00)",31.349334,1.0,False,exact_seq,SQL_FIRST,False
2026-08-30T19:36:09.691+00:00,heldout,0,222,IVFFLAT_HYBRID,wide_or,category_03,302,True,4,0.685995,"[0.50,1.00)",31.9025,1.0,False,exact_seq,SQL_FIRST,False
2026-08-30T19:36:09.722+00:00,heldout,1,222,SQL_FIRST,wide_or,category_03,302,True,4,0.685995,"[0.50,1.00)",31.047375,1.0,True,exact_seq,SQL_FIRST,True
2026-08-30T19:36:09.756+00:00,heldout,1,222,VECTOR_FIRST_HNSW,wide_or,category_03,302,True,4,0.685995,"[0.50,1.00)",33.09725,1.0,False,exact_bitmap,SQL_FIRST,False
2026-08-30T19:36:09.789+00:00,heldout,1,222,HNSW_HYBRID,wide_or,category_03,302,True,4,0.685995,"[0.50,1.00)",31.414917,1.0,False,exact_seq,SQL_FIRST,False
2026-08-30T19:36:09.821+00:00,heldout,1,222,IVFFLAT_HYBRID,wide_or,category_03,302,True,4,0.685995,"[0.50,1.00)",31.208917,1.0,False,exact_seq,SQL_FIRST,False
2026-08-30T19:36:09.835+00:00,heldout,0,17,SQL_FIRST,category_and_stock,category_09,786,False,0,0.049865,"[0.00,0.05)",11.167958,1.0,True,exact_bitmap,HNSW_HYBRID,False
2026-08-30T19:36:09.870+00:00,heldout,0,17,VECTOR_FIRST_HNSW,category_and_stock,category_09,786,False,0,0.049865,"[0.00,0.05)",33.503125,0.7,False,exact_bitmap,HNSW_HYBRID,False
2026-08-30T19:36:09.883+00:00,heldout,0,17,HNSW_HYBRID,category_and_stock,category_09,786,False,0,0.049865,"[0.00,0.05)",11.570625,1.0,False,exact_bitmap,HNSW_HYBRID,True
2026-08-30T19:36:09.898+00:00,heldout,0,17,IVFFLAT_HYBRID,category_and_stock,category_09,786,False,0,0.049865,"[0.00,0.05)",12.875709,1.0,False,exact_bitmap,HNSW_HYBRID,False
2026-08-30T19:36:09.911+00:00,heldout,1,17,SQL_FIRST,category_and_stock,category_09,786,False,0,0.049865,"[0.00,0.05)",13.25825,1.0,True,exact_bitmap,HNSW_HYBRID,False
2026-08-30T19:36:09.946+00:00,heldout,1,17,VECTOR_FIRST_HNSW,category_and_stock,category_09,786,False,0,0.049865,"[0.00,0.05)",33.599042,0.7,False,exact_bitmap,HNSW_HYBRID,False
2026-08-30T19:36:09.958+00:00,heldout,1,17,HNSW_HYBRID,category_and_stock,category_09,786,False,0,0.049865,"[0.00,0.05)",11.529958,1.0,False,exact_bitmap,HNSW_HYBRID,True
2026-08-30T19:36:09.972+00:00,heldout,1,17,IVFFLAT_HYBRID,category_and_stock,category_09,786,False,0,0.049865,"[0.00,0.05)",13.716834,1.0,False,exact_bitmap,HNSW_HYBRID,False
2026-08-30T19:36:10.004+00:00,heldout,0,178,SQL_FIRST,category_or_price,category_06,322,True,3,0.38595,"[0.25,0.50)",28.177542,1.0,True,exact_seq,SQL_FIRST,True
2026-08-30T19:36:10.038+00:00,heldout,0,178,VECTOR_FIRST_HNSW,category_or_price,category_06,322,True,3,0.38595,"[0.25,0.50)",32.599916,1.0,False,exact_bitmap,SQL_FIRST,False
2026-08-30T19:36:10.064+00:00,heldout,0,178,HNSW_HYBRID,category_or_price,category_06,322,True,3,0.38595,"[0.25,0.50)",25.153709,1.0,False,exact_seq,SQL_FIRST,False
2026-08-30T19:36:10.091+00:00,heldout,0,178,IVFFLAT_HYBRID,category_or_price,category_06,322,True,3,0.38595,"[0.25,0.50)",25.700625,1.0,False,exact_seq,SQL_FIRST,False
2026-08-30T19:36:10.117+00:00,heldout,1,178,SQL_FIRST,category_or_price,category_06,322,True,3,0.38595,"[0.25,0.50)",25.679666,1.0,True,exact_seq,SQL_FIRST,True
2026-08-30T19:36:10.150+00:00,heldout,1,178,VECTOR_FIRST_HNSW,category_or_price,category_06,322,True,3,0.38595,"[0.25,0.50)",31.785375,1.0,False,exact_bitmap,SQL_FIRST,False
2026-08-30T19:36:10.176+00:00,heldout,1,178,HNSW_HYBRID,category_or_price,category_06,322,True,3,0.38595,"[0.25,0.50)",25.629791,1.0,False,exact_seq,SQL_FIRST,False
2026-08-30T19:36:10.201+00:00,heldout,1,178,IVFFLAT_HYBRID,category_or_price,category_06,322,True,3,0.38595,"[0.25,0.50)",25.026375,1.0,False,exact_seq,SQL_FIRST,False
2026-08-30T19:36:10.228+00:00,heldout,0,179,SQL_FIRST,three_categories,category_01,418,True,3,0.272085,"[0.25,0.50)",23.503416,1.0,True,exact_bitmap,SQL_FIRST,True
2026-08-30T19:36:10.261+00:00,heldout,0,179,VECTOR_FIRST_HNSW,three_categories,category_01,418,True,3,0.272085,"[0.25,0.50)",31.912291,1.0,False,exact_bitmap,SQL_FIRST,False
2026-08-30T19:36:10.286+00:00,heldout,0,179,HNSW_HYBRID,three_categories,category_01,418,True,3,0.272085,"[0.25,0.50)",23.0225,1.0,False,exact_bitmap,SQL_FIRST,False
2026-08-30T19:36:10.308+00:00,heldout,0,179,IVFFLAT_HYBRID,three_categories,category_01,418,True,3,0.272085,"[0.25,0.50)",21.16,1.0,False,exact_bitmap,SQL_FIRST,False
2026-08-30T19:36:10.331+00:00,heldout,1,179,SQL_FIRST,three_categories,category_01,418,True,3,0.272085,"[0.25,0.50)",22.135792,1.0,True,exact_bitmap,SQL_FIRST,True
2026-08-30T19:36:10.363+00:00,heldout,1,179,VECTOR_FIRST_HNSW,three_categories,category_01,418,True,3,0.272085,"[0.25,0.50)",32.347542,1.0,False,exact_bitmap,SQL_FIRST,False
2026-08-30T19:36:10.387+00:00,heldout,1,179,HNSW_HYBRID,three_categories,category_01,418,True,3,0.272085,"[0.25,0.50)",22.605209,1.0,False,exact_bitmap,SQL_FIRST,False
2026-08-30T19:36:10.410+00:00,heldout,1,179,IVFFLAT_HYBRID,three_categories,category_01,418,True,3,0.272085,"[0.25,0.50)",22.639417,1.0,False,exact_bitmap,SQL_FIRST,False
2026-08-30T19:36:10.433+00:00,heldout,0,165,SQL_FIRST,three_categories,category_08,102,False,3,0.272595,"[0.25,0.50)",20.902667,1.0,True,exact_bitmap,SQL_FIRST,True
2026-08-30T19:36:10.460+00:00,heldout,0,165,VECTOR_FIRST_HNSW,three_categories,category_08,102,False,3,0.272595,"[0.25,0.50)",26.034417,1.0,False,exact_bitmap,SQL_FIRST,False
2026-08-30T19:36:10.483+00:00,heldout,0,165,HNSW_HYBRID,three_categories,category_08,102,False,3,0.272595,"[0.25,0.50)",20.854125,1.0,False,exact_bitmap,SQL_FIRST,False
2026-08-30T19:36:10.505+00:00,heldout,0,165,IVFFLAT_HYBRID,three_categories,category_08,102,False,3,0.272595,"[0.25,0.50)",21.019958,1.0,False,exact_bitmap,SQL_FIRST,False
2026-08-30T19:36:10.527+00:00,heldout,1,165,SQL_FIRST,three_categories,category_08,102,False,3,0.272595,"[0.25,0.50)",21.54925,1.0,True,exact_bitmap,SQL_FIRST,True
2026-08-30T19:36:10.559+00:00,heldout,1,165,VECTOR_FIRST_HNSW,three_categories,category_08,102,False,3,0.272595,"[0.25,0.50)",31.726166,1.0,False,exact_bitmap,SQL_FIRST,False
2026-08-30T19:36:10.581+00:00,heldout,1,165,HNSW_HYBRID,three_categories,category_08,102,False,3,0.272595,"[0.25,0.50)",21.232458,1.0,False,exact_bitmap,SQL_FIRST,False
2026-08-30T19:36:10.603+00:00,heldout,1,165,IVFFLAT_HYBRID,three_categories,category_08,102,False,3,0.272595,"[0.25,0.50)",21.090792,1.0,False,exact_bitmap,SQL_FIRST,False
2026-08-30T19:36:10.631+00:00,heldout,0,144,SQL_FIRST,two_categories,category_02,216,False,2,0.202665,"[0.10,0.25)",25.482667,1.0,True,exact_bitmap,HNSW_HYBRID,False
2026-08-30T19:36:10.666+00:00,heldout,0,144,VECTOR_FIRST_HNSW,two_categories,category_02,216,False,2,0.202665,"[0.10,0.25)",33.434875,1.0,False,exact_bitmap,HNSW_HYBRID,False
2026-08-30T19:36:10.692+00:00,heldout,0,144,HNSW_HYBRID,two_categories,category_02,216,False,2,0.202665,"[0.10,0.25)",24.719958,1.0,False,exact_bitmap,HNSW_HYBRID,True
2026-08-30T19:36:10.720+00:00,heldout,0,144,IVFFLAT_HYBRID,two_categories,category_02,216,False,2,0.202665,"[0.10,0.25)",27.255792,1.0,False,exact_bitmap,HNSW_HYBRID,False
2026-08-30T19:36:10.747+00:00,heldout,1,144,SQL_FIRST,two_categories,category_02,216,False,2,0.202665,"[0.10,0.25)",26.419667,1.0,True,exact_bitmap,HNSW_HYBRID,False
2026-08-30T19:36:10.781+00:00,heldout,1,144,VECTOR_FIRST_HNSW,two_categories,category_02,216,False,2,0.202665,"[0.10,0.25)",33.944,1.0,False,exact_bitmap,HNSW_HYBRID,False
2026-08-30T19:36:10.806+00:00,heldout,1,144,HNSW_HYBRID,two_categories,category_02,216,False,2,0.202665,"[0.10,0.25)",24.172833,1.0,False,exact_bitmap,HNSW_HYBRID,True
2026-08-30T19:36:10.835+00:00,heldout,1,144,IVFFLAT_HYBRID,two_categories,category_02,216,False,2,0.202665,"[0.10,0.25)",28.166375,1.0,False,exact_bitmap,HNSW_HYBRID,False
2026-08-30T19:36:10.841+00:00,heldout,0,10,SQL_FIRST,category_narrow_price,category_05,761,True,0,0.00503,"[0.00,0.05)",4.1385,1.0,True,exact_bitmap,HNSW_HYBRID,False
2026-08-30T19:36:10.877+00:00,heldout,0,10,VECTOR_FIRST_HNSW,category_narrow_price,category_05,761,True,0,0.00503,"[0.00,0.05)",33.9295,0.1,False,exact_bitmap,HNSW_HYBRID,False
2026-08-30T19:36:10.882+00:00,heldout,0,10,HNSW_HYBRID,category_narrow_price,category_05,761,True,0,0.00503,"[0.00,0.05)",3.4175,1.0,False,exact_bitmap,HNSW_HYBRID,True
2026-08-30T19:36:10.886+00:00,heldout,0,10,IVFFLAT_HYBRID,category_narrow_price,category_05,761,True,0,0.00503,"[0.00,0.05)",3.052542,1.0,False,exact_bitmap,HNSW_HYBRID,False
2026-08-30T19:36:10.890+00:00,heldout,1,10,SQL_FIRST,category_narrow_price,category_05,761,True,0,0.00503,"[0.00,0.05)",3.452208,1.0,True,exact_bitmap,HNSW_HYBRID,False
2026-08-30T19:36:10.925+00:00,heldout,1,10,VECTOR_FIRST_HNSW,category_narrow_price,category_05,761,True,0,0.00503,"[0.00,0.05)",33.472125,0.1,False,exact_bitmap,HNSW_HYBRID,False
2026-08-30T19:36:10.929+00:00,heldout,1,10,HNSW_HYBRID,category_narrow_price,category_05,761,True,0,0.00503,"[0.00,0.05)",3.229375,1.0,False,exact_bitmap,HNSW_HYBRID,True
2026-08-30T19:36:10.932+00:00,heldout,1,10,IVFFLAT_HYBRID,category_narrow_price,category_05,761,True,0,0.00503,"[0.00,0.05)",2.812792,1.0,False,exact_bitmap,HNSW_HYBRID,False
2026-08-30T19:36:10.966+00:00,heldout,0,216,SQL_FIRST,wide_or,category_01,113,False,4,0.596165,"[0.50,1.00)",31.902333,1.0,True,exact_seq,SQL_FIRST,True
2026-08-30T19:36:11.000+00:00,heldout,0,216,VECTOR_FIRST_HNSW,wide_or,category_01,113,False,4,0.596165,"[0.50,1.00)",32.772791,1.0,False,exact_bitmap,SQL_FIRST,False
2026-08-30T19:36:11.031+00:00,heldout,0,216,HNSW_HYBRID,wide_or,category_01,113,False,4,0.596165,"[0.50,1.00)",30.378708,1.0,False,exact_seq,SQL_FIRST,False
2026-08-30T19:36:11.062+00:00,heldout,0,216,IVFFLAT_HYBRID,wide_or,category_01,113,False,4,0.596165,"[0.50,1.00)",29.713583,1.0,False,exact_seq,SQL_FIRST,False
2026-08-30T19:36:11.094+00:00,heldout,1,216,SQL_FIRST,wide_or,category_01,113,False,4,0.596165,"[0.50,1.00)",31.35675,1.0,True,exact_seq,SQL_FIRST,True
2026-08-30T19:36:11.127+00:00,heldout,1,216,VECTOR_FIRST_HNSW,wide_or,category_01,113,False,4,0.596165,"[0.50,1.00)",31.727875,1.0,False,exact_bitmap,SQL_FIRST,False
2026-08-30T19:36:11.157+00:00,heldout,1,216,HNSW_HYBRID,wide_or,category_01,113,False,4,0.596165,"[0.50,1.00)",30.061583,1.0,False,exact_seq,SQL_FIRST,False
2026-08-30T19:36:11.188+00:00,heldout,1,216,IVFFLAT_HYBRID,wide_or,category_01,113,False,4,0.596165,"[0.50,1.00)",29.673833,1.0,False,exact_seq,SQL_FIRST,False
2026-08-30T19:36:11.221+00:00,heldout,0,231,SQL_FIRST,wide_or,category_03,266,False,4,0.668145,"[0.50,1.00)",31.662791,1.0,True,exact_seq,SQL_FIRST,True
2026-08-30T19:36:11.255+00:00,heldout,0,231,VECTOR_FIRST_HNSW,wide_or,category_03,266,False,4,0.668145,"[0.50,1.00)",31.607208,1.0,False,exact_bitmap,SQL_FIRST,False
2026-08-30T19:36:11.288+00:00,heldout,0,231,HNSW_HYBRID,wide_or,category_03,266,False,4,0.668145,"[0.50,1.00)",31.235666,1.0,False,exact_seq,SQL_FIRST,False
2026-08-30T19:36:11.320+00:00,heldout,0,231,IVFFLAT_HYBRID,wide_or,category_03,266,False,4,0.668145,"[0.50,1.00)",30.405,1.0,False,exact_seq,SQL_FIRST,False
2026-08-30T19:36:11.352+00:00,heldout,1,231,SQL_FIRST,wide_or,category_03,266,False,4,0.668145,"[0.50,1.00)",31.861084,1.0,True,exact_seq,SQL_FIRST,True
2026-08-30T19:36:11.384+00:00,heldout,1,231,VECTOR_FIRST_HNSW,wide_or,category_03,266,False,4,0.668145,"[0.50,1.00)",31.8115,1.0,False,exact_bitmap,SQL_FIRST,False
2026-08-30T19:36:11.416+00:00,heldout,1,231,HNSW_HYBRID,wide_or,category_03,266,False,4,0.668145,"[0.50,1.00)",30.845333,1.0,False,exact_seq,SQL_FIRST,False
2026-08-30T19:36:11.447+00:00,heldout,1,231,IVFFLAT_HYBRID,wide_or,category_03,266,False,4,0.668145,"[0.50,1.00)",30.925458,1.0,False,exact_seq,SQL_FIRST,False
2026-08-30T19:36:11.478+00:00,heldout,0,156,SQL_FIRST,category_or_price,category_09,394,False,3,0.451995,"[0.25,0.50)",27.511,1.0,True,exact_seq,SQL_FIRST,True
2026-08-30T19:36:11.510+00:00,heldout,0,156,VECTOR_FIRST_HNSW,category_or_price,category_09,394,False,3,0.451995,"[0.25,0.50)",30.949416,1.0,False,exact_bitmap,SQL_FIRST,False
2026-08-30T19:36:11.538+00:00,heldout,0,156,HNSW_HYBRID,category_or_price,category_09,394,False,3,0.451995,"[0.25,0.50)",26.319083,1.0,False,exact_seq,SQL_FIRST,False
2026-08-30T19:36:11.566+00:00,heldout,0,156,IVFFLAT_HYBRID,category_or_price,category_09,394,False,3,0.451995,"[0.25,0.50)",26.138083,1.0,False,exact_seq,SQL_FIRST,False
2026-08-30T19:36:11.593+00:00,heldout,1,156,SQL_FIRST,category_or_price,category_09,394,False,3,0.451995,"[0.25,0.50)",26.258708,1.0,True,exact_seq,SQL_FIRST,True
2026-08-30T19:36:11.625+00:00,heldout,1,156,VECTOR_FIRST_HNSW,category_or_price,category_09,394,False,3,0.451995,"[0.25,0.50)",31.59025,1.0,False,exact_bitmap,SQL_FIRST,False
2026-08-30T19:36:11.653+00:00,heldout,1,156,HNSW_HYBRID,category_or_price,category_09,394,False,3,0.451995,"[0.25,0.50)",26.58975,1.0,False,exact_seq,SQL_FIRST,False
2026-08-30T19:36:11.680+00:00,heldout,1,156,IVFFLAT_HYBRID,category_or_price,category_09,394,False,3,0.451995,"[0.25,0.50)",26.337542,1.0,False,exact_seq,SQL_FIRST,False
2026-08-30T19:36:11.720+00:00,heldout,0,206,SQL_FIRST,wide_or,category_00,997,True,4,0.998575,"[0.50,1.00)",36.808541,1.0,True,exact_seq,SQL_FIRST,True
2026-08-30T19:36:11.754+00:00,heldout,0,206,VECTOR_FIRST_HNSW,wide_or,category_00,997,True,4,0.998575,"[0.50,1.00)",32.304958,1.0,False,exact_bitmap,SQL_FIRST,False
2026-08-30T19:36:11.793+00:00,heldout,0,206,HNSW_HYBRID,wide_or,category_00,997,True,4,0.998575,"[0.50,1.00)",37.653416,1.0,False,exact_seq,SQL_FIRST,False
2026-08-30T19:36:11.833+00:00,heldout,0,206,IVFFLAT_HYBRID,wide_or,category_00,997,True,4,0.998575,"[0.50,1.00)",37.691958,1.0,False,exact_seq,SQL_FIRST,False
2026-08-30T19:36:11.871+00:00,heldout,1,206,SQL_FIRST,wide_or,category_00,997,True,4,0.998575,"[0.50,1.00)",38.186375,1.0,True,exact_seq,SQL_FIRST,True
2026-08-30T19:36:11.906+00:00,heldout,1,206,VECTOR_FIRST_HNSW,wide_or,category_00,997,True,4,0.998575,"[0.50,1.00)",33.80425,1.0,False,exact_bitmap,SQL_FIRST,False
2026-08-30T19:36:11.944+00:00,heldout,1,206,HNSW_HYBRID,wide_or,category_00,997,True,4,0.998575,"[0.50,1.00)",37.55925,1.0,False,exact_seq,SQL_FIRST,False
2026-08-30T19:36:11.981+00:00,heldout,1,206,IVFFLAT_HYBRID,wide_or,category_00,997,True,4,0.998575,"[0.50,1.00)",36.972125,1.0,False,exact_seq,SQL_FIRST,False
2026-08-30T19:36:11.985+00:00,heldout,0,48,SQL_FIRST,category_narrow_price,category_08,377,True,0,0.005035,"[0.00,0.05)",2.427667,1.0,True,exact_bitmap,HNSW_HYBRID,False
2026-08-30T19:36:12.020+00:00,heldout,0,48,VECTOR_FIRST_HNSW,category_narrow_price,category_08,377,True,0,0.005035,"[0.00,0.05)",34.432875,0.0,False,exact_bitmap,HNSW_HYBRID,False
2026-08-30T19:36:12.024+00:00,heldout,0,48,HNSW_HYBRID,category_narrow_price,category_08,377,True,0,0.005035,"[0.00,0.05)",2.551083,1.0,False,exact_bitmap,HNSW_HYBRID,True
2026-08-30T19:36:12.027+00:00,heldout,0,48,IVFFLAT_HYBRID,category_narrow_price,category_08,377,True,0,0.005035,"[0.00,0.05)",2.653791,1.0,False,exact_bitmap,HNSW_HYBRID,False
2026-08-30T19:36:12.030+00:00,heldout,1,48,SQL_FIRST,category_narrow_price,category_08,377,True,0,0.005035,"[0.00,0.05)",3.267584,1.0,True,exact_bitmap,HNSW_HYBRID,False
2026-08-30T19:36:12.064+00:00,heldout,1,48,VECTOR_FIRST_HNSW,category_narrow_price,category_08,377,True,0,0.005035,"[0.00,0.05)",33.480667,0.0,False,exact_bitmap,HNSW_HYBRID,False
2026-08-30T19:36:12.067+00:00,heldout,1,48,HNSW_HYBRID,category_narrow_price,category_08,377,True,0,0.005035,"[0.00,0.05)",2.480083,1.0,False,exact_bitmap,HNSW_HYBRID,True
2026-08-30T19:36:12.071+00:00,heldout,1,48,IVFFLAT_HYBRID,category_narrow_price,category_08,377,True,0,0.005035,"[0.00,0.05)",3.0025,1.0,False,exact_bitmap,HNSW_HYBRID,False
2026-08-30T19:36:12.110+00:00,heldout,0,244,SQL_FIRST,wide_or,category_02,825,True,4,0.92027,"[0.50,1.00)",37.330583,1.0,True,exact_seq,SQL_FIRST,True
2026-08-30T19:36:12.144+00:00,heldout,0,244,VECTOR_FIRST_HNSW,wide_or,category_02,825,True,4,0.92027,"[0.50,1.00)",31.619,1.0,False,exact_bitmap,SQL_FIRST,False
2026-08-30T19:36:12.181+00:00,heldout,0,244,HNSW_HYBRID,wide_or,category_02,825,True,4,0.92027,"[0.50,1.00)",36.266334,1.0,False,exact_seq,SQL_FIRST,False
2026-08-30T19:36:12.218+00:00,heldout,0,244,IVFFLAT_HYBRID,wide_or,category_02,825,True,4,0.92027,"[0.50,1.00)",35.227708,1.0,False,exact_seq,SQL_FIRST,False
2026-08-30T19:36:12.253+00:00,heldout,1,244,SQL_FIRST,wide_or,category_02,825,True,4,0.92027,"[0.50,1.00)",35.400041,1.0,True,exact_seq,SQL_FIRST,True
2026-08-30T19:36:12.286+00:00,heldout,1,244,VECTOR_FIRST_HNSW,wide_or,category_02,825,True,4,0.92027,"[0.50,1.00)",32.113041,1.0,False,exact_bitmap,SQL_FIRST,False
2026-08-30T19:36:12.323+00:00,heldout,1,244,HNSW_HYBRID,wide_or,category_02,825,True,4,0.92027,"[0.50,1.00)",35.331458,1.0,False,exact_seq,SQL_FIRST,False
2026-08-30T19:36:12.359+00:00,heldout,1,244,IVFFLAT_HYBRID,wide_or,category_02,825,True,4,0.92027,"[0.50,1.00)",35.347417,1.0,False,exact_seq,SQL_FIRST,False
