query_id,strategy,bucket,latency_ms,recall_at_10,repetition
0,SQL_FIRST,"[0.00,0.05)",7.373292,1.0,0
0,VECTOR_FIRST_HNSW,"[0.00,0.05)",22.719625,0.3,0
0,HNSW_HYBRID,"[0.00,0.05)",8.295917,1.0,0
0,IVFFLAT_HYBRID,"[0.00,0.05)",7.577333,1.0,0
0,SQL_FIRST,"[0.00,0.05)",7.374334,1.0,1
0,VECTOR_FIRST_HNSW,"[0.00,0.05)",22.777792,0.3,1
0,HNSW_HYBRID,"[0.00,0.05)",8.237166,1.0,1
0,IVFFLAT_HYBRID,"[0.00,0.05)",7.497917,1.0,1
0,SQL_FIRST,"[0.00,0.05)",7.383417,1.0,2
0,VECTOR_FIRST_HNSW,"[0.00,0.05)",22.804166,0.3,2
0,HNSW_HYBRID,"[0.00,0.05)",8.222958,1.0,2
0,IVFFLAT_HYBRID,"[0.00,0.05)",7.359708,1.0,2
0,SQL_FIRST,"[0.00,0.05)",7.522458,1.0,3
0,VECTOR_FIRST_HNSW,"[0.00,0.05)",22.636,0.3,3
0,HNSW_HYBRID,"[0.00,0.05)",8.2875,1.0,3
0,IVFFLAT_HYBRID,"[0.00,0.05)",7.379542,1.0,3
0,SQL_FIRST,"[0.00,0.05)",7.547125,1.0,4
0,VECTOR_FIRST_HNSW,"[0.00,0.05)",22.777833,0.3,4
0,HNSW_HYBRID,"[0.00,0.05)",8.22425,1.0,4
0,IVFFLAT_HYBRID,"[0.00,0.05)",7.50575,1.0,4
1,SQL_FIRST,"[0.00,0.05)",8.566208,1.0,0
1,VECTOR_FIRST_HNSW,"[0.00,0.05)",22.777459,0.4,0
1,HNSW_HYBRID,"[0.00,0.05)",9.063833,1.0,0
1,IVFFLAT_HYBRID,"[0.00,0.05)",8.428083,1.0,0
1,SQL_FIRST,"[0.00,0.05)",8.510833,1.0,1
1,VECTOR_FIRST_HNSW,"[0.00,0.05)",22.6805,0.4,1
1,HNSW_HYBRID,"[0.00,0.05)",9.0355,1.0,1
1,IVFFLAT_HYBRID,"[0.00,0.05)",8.520625,1.0,1
1,SQL_FIRST,"[0.00,0.05)",8.411333,1.0,2
1,VECTOR_FIRST_HNSW,"[0.00,0.05)",22.816625,0.4,2
1,HNSW_HYBRID,"[0.00,0.05)",9.059833,1.0,2
1,IVFFLAT_HYBRID,"[0.00,0.05)",8.616916,1.0,2
1,SQL_FIRST,"[0.00,0.05)",8.418417,1.0,3
1,VECTOR_FIRST_HNSW,"[0.00,0.05)",22.689416,0.4,3
1,HNSW_HYBRID,"[0.00,0.05)",9.07625,1.0,3
1,IVFFLAT_HYBRID,"[0.00,0.05)",8.634041,1.0,3
1,SQL_FIRST,"[0.00,0.05)",8.343916,1.0,4
1,VECTOR_FIRST_HNSW,"[0.00,0.05)",22.758208,0.4,4
1,HNSW_HYBRID,"[0.00,0.05)",9.01275,1.0,4
1,IVFFLAT_HYBRID,"[0.00,0.05)",8.625666,1.0,4
3,SQL_FIRST,"[0.00,0.05)",5.118041,1.0,0
3,VECTOR_FIRST_HNSW,"[0.00,0.05)",22.640458,0.0,0
3,HNSW_HYBRID,"[0.00,0.05)",5.654334,1.0,0
3,IVFFLAT_HYBRID,"[0.00,0.05)",5.164958,1.0,0
3,SQL_FIRST,"[0.00,0.05)",5.041584,1.0,1
3,VECTOR_FIRST_HNSW,"[0.00,0.05)",22.686708,0.0,1
3,HNSW_HYBRID,"[0.00,0.05)",5.707375,1.0,1
3,IVFFLAT_HYBRID,"[0.00,0.05)",5.166166,1.0,1
3,SQL_FIRST,"[0.00,0.05)",5.27675,1.0,2
3,VECTOR_FIRST_HNSW,"[0.00,0.05)",22.857333,0.0,2
3,HNSW_HYBRID,"[0.00,0.05)",5.66825,1.0,2
3,IVFFLAT_HYBRID,"[0.00,0.05)",5.137875,1.0,2
3,SQL_FIRST,"[0.00,0.05)",4.971541,1.0,3
3,VECTOR_FIRST_HNSW,"[0.00,0.05)",22.592041,0.0,3
3,HNSW_HYBRID,"[0.00,0.05)",5.697708,1.0,3
3,IVFFLAT_HYBRID,"[0.00,0.05)",5.130667,1.0,3
3,SQL_FIRST,"[0.00,0.05)",5.016042,1.0,4
3,VECTOR_FIRST_HNSW,"[0.00,0.05)",22.630041,0.0,4
3,HNSW_HYBRID,"[0.00,0.05)",5.640125,1.0,4
3,IVFFLAT_HYBRID,"[0.00,0.05)",5.071917,1.0,4
6,SQL_FIRST,"[0.00,0.05)",6.438583,1.0,0
6,VECTOR_FIRST_HNSW,"[0.00,0.05)",22.639583,0.2,0
6,HNSW_HYBRID,"[0.00,0.05)",7.082542,1.0,0
6,IVFFLAT_HYBRID,"[0.00,0.05)",6.537,1.0,0
6,SQL_FIRST,"[0.00,0.05)",6.322459,1.0,1
6,VECTOR_FIRST_HNSW,"[0.00,0.05)",22.705792,0.2,1
6,HNSW_HYBRID,"[0.00,0.05)",7.029708,1.0,1
6,IVFFLAT_HYBRID,"[0.00,0.05)",6.472708,1.0,1
6,SQL_FIRST,"[0.00,0.05)",6.325625,1.0,2
6,VECTOR_FIRST_HNSW,"[0.00,0.05)",22.614083,0.2,2
6,HNSW_HYBRID,"[0.00,0.05)",7.203375,1.0,2
6,IVFFLAT_HYBRID,"[0.00,0.05)",6.357833,1.0,2
6,SQL_FIRST,"[0.00,0.05)",6.466083,1.0,3
6,VECTOR_FIRST_HNSW,"[0.00,0.05)",22.726,0.2,3
6,HNSW_HYBRID,"[0.00,0.05)",7.159958,1.0,3
6,IVFFLAT_HYBRID,"[0.00,0.05)",6.458625,1.0,3
6,SQL_FIRST,"[0.00,0.05)",6.28675,1.0,4
6,VECTOR_FIRST_HNSW,"[0.00,0.05)",22.736583,0.2,4
6,HNSW_HYBRID,"[0.00,0.05)",7.082375,1.0,4
6,IVFFLAT_HYBRID,"[0.00,0.05)",6.522667,1.0,4
7,SQL_FIRST,"[0.00,0.05)",7.172208,1.0,0
7,VECTOR_FIRST_HNSW,"[0.00,0.05)",22.638917,0.3,0
7,HNSW_HYBRID,"[0.00,0.05)",7.967333,1.0,0
7,IVFFLAT_HYBRID,"[0.00,0.05)",7.331875,1.0,0
7,SQL_FIRST,"[0.00,0.05)",7.32525,1.0,1
7,VECTOR_FIRST_HNSW,"[0.00,0.05)",22.754041,0.3,1
7,HNSW_HYBRID,"[0.00,0.05)",7.9835,1.0,1
7,IVFFLAT_HYBRID,"[0.00,0.05)",7.256667,1.0,1
7,SQL_FIRST,"[0.00,0.05)",7.231125,1.0,2
7,VECTOR_FIRST_HNSW,"[0.00,0.05)",22.623625,0.3,2
7,HNSW_HYBRID,"[0.00,0.05)",7.947375,1.0,2
7,IVFFLAT_HYBRID,"[0.00,0.05)",7.169,1.0,2
7,SQL_FIRST,"[0.00,0.05)",7.186125,1.0,3
7,VECTOR_FIRST_HNSW,"[0.00,0.05)",22.658917,0.3,3
7,HNSW_HYBRID,"[0.00,0.05)",8.023333,1.0,3
7,IVFFLAT_HYBRID,"[0.00,0.05)",7.321875,1.0,3
7,SQL_FIRST,"[0.00,0.05)",7.106791,1.0,4
7,VECTOR_FIRST_HNSW,"[0.00,0.05)",22.712958,0.3,4
7,HNSW_HYBRID,"[0.00,0.05)",7.885166,1.0,4
7,IVFFLAT_HYBRID,"[0.00,0.05)",7.259,1.0,4
8,SQL_FIRST,"[0.00,0.05)",4.484458,1.0,0
8,VECTOR_FIRST_HNSW,"[0.00,0.05)",22.720541,0.0,0
8,HNSW_HYBRID,"[0.00,0.05)",4.99225,1.0,0
8,IVFFLAT_HYBRID,"[0.00,0.05)",4.511583,1.0,0
8,SQL_FIRST,"[0.00,0.05)",4.537959,1.0,1
8,VECTOR_FIRST_HNSW,"[0.00,0.05)",22.714084,0.0,1
8,HNSW_HYBRID,"[0.00,0.05)",4.997291,1.0,1
8,IVFFLAT_HYBRID,"[0.00,0.05)",4.569334,1.0,1
8,SQL_FIRST,"[0.00,0.05)",4.471125,1.0,2
8,VECTOR_FIRST_HNSW,"[0.00,0.05)",22.591791,0.0,2
8,HNSW_HYBRID,"[0.00,0.05)",5.031,1.0,2
8,IVFFLAT_HYBRID,"[0.00,0.05)",4.473542,1.0,2
8,SQL_FIRST,"[0.00,0.05)",4.48125,1.0,3
8,VECTOR_FIRST_HNSW,"[0.00,0.05)",22.619,0.0,3
8,HNSW_HYBRID,"[0.00,0.05)",4.956208,1.0,3
8,IVFFLAT_HYBRID,"[0.00,0.05)",4.464708,1.0,3
8,SQL_FIRST,"[0.00,0.05)",4.564958,1.0,4
8,VECTOR_FIRST_HNSW,"[0.00,0.05)",22.605,0.0,4
8,HNSW_HYBRID,"[0.00,0.05)",4.964292,1.0,4
8,IVFFLAT_HYBRID,"[0.00,0.05)",4.553583,1.0,4
9,SQL_FIRST,"[0.00,0.05)",8.559959,1.0,0
9,VECTOR_FIRST_HNSW,"[0.00,0.05)",22.858875,0.6,0
9,HNSW_HYBRID,"[0.00,0.05)",9.050833,1.0,0
9,IVFFLAT_HYBRID,"[0.00,0.05)",8.802667,1.0,0
9,SQL_FIRST,"[0.00,0.05)",8.92925,1.0,1
9,VECTOR_FIRST_HNSW,"[0.00,0.05)",22.768834,0.6,1
9,HNSW_HYBRID,"[0.00,0.05)",8.9365,1.0,1
9,IVFFLAT_HYBRID,"[0.00,0.05)",8.696833,1.0,1
9,SQL_FIRST,"[0.00,0.05)",9.696541,1.0,2
9,VECTOR_FIRST_HNSW,"[0.00,0.05)",23.952291,0.6,2
9,HNSW_HYBRID,"[0.00,0.05)",8.963417,1.0,2
9,IVFFLAT_HYBRID,"[0.00,0.05)",8.912375,1.0,2
9,SQL_FIRST,"[0.00,0.05)",8.396375,1.0,3
9,VECTOR_FIRST_HNSW,"[0.00,0.05)",23.217625,0.6,3
9,HNSW_HYBRID,"[0.00,0.05)",8.981333,1.0,3
9,IVFFLAT_HYBRID,"[0.00,0.05)",8.310792,1.0,3
9,SQL_FIRST,"[0.00,0.05)",8.332167,1.0,4
9,VECTOR_FIRST_HNSW,"[0.00,0.05)",22.813083,0.6,4
9,HNSW_HYBRID,"[0.00,0.05)",9.004917,1.0,4
9,IVFFLAT_HYBRID,"[0.00,0.05)",8.339792,1.0,4
10,SQL_FIRST,"[0.00,0.05)",9.185791,1.0,0
10,VECTOR_FIRST_HNSW,"[0.00,0.05)",22.689041,0.4,0
10,HNSW_HYBRID,"[0.00,0.05)",9.62275,1.0,0
10,IVFFLAT_HYBRID,"[0.00,0.05)",9.195084,1.0,0
10,SQL_FIRST,"[0.00,0.05)",9.116291,1.0,1
10,VECTOR_FIRST_HNSW,"[0.00,0.05)",22.806208,0.4,1
10,HNSW_HYBRID,"[0.00,0.05)",9.586625,1.0,1
10,IVFFLAT_HYBRID,"[0.00,0.05)",9.373708,1.0,1
10,SQL_FIRST,"[0.00,0.05)",9.150917,1.0,2
10,VECTOR_FIRST_HNSW,"[0.00,0.05)",22.907542,0.4,2
10,HNSW_HYBRID,"[0.00,0.05)",9.629625,1.0,2
10,IVFFLAT_HYBRID,"[0.00,0.05)",9.293166,1.0,2
10,SQL_FIRST,"[0.00,0.05)",8.982709,1.0,3
10,VECTOR_FIRST_HNSW,"[0.00,0.05)",22.751709,0.4,3
10,HNSW_HYBRID,"[0.00,0.05)",10.250166,1.0,3
10,IVFFLAT_HYBRID,"[0.00,0.05)",9.5545,1.0,3
10,SQL_FIRST,"[0.00,0.05)",9.37975,1.0,4
10,VECTOR_FIRST_HNSW,"[0.00,0.05)",22.783833,0.4,4
10,HNSW_HYBRID,"[0.00,0.05)",9.718042,1.0,4
10,IVFFLAT_HYBRID,"[0.00,0.05)",9.415125,1.0,4
12,SQL_FIRST,"[0.00,0.05)",7.040708,1.0,0
12,VECTOR_FIRST_HNSW,"[0.00,0.05)",22.698625,0.4,0
12,HNSW_HYBRID,"[0.00,0.05)",7.823708,1.0,0
12,IVFFLAT_HYBRID,"[0.00,0.05)",7.006375,1.0,0
12,SQL_FIRST,"[0.00,0.05)",6.8515,1.0,1
12,VECTOR_FIRST_HNSW,"[0.00,0.05)",22.725083,0.4,1
12,HNSW_HYBRID,"[0.00,0.05)",7.700416,1.0,1
12,IVFFLAT_HYBRID,"[0.00,0.05)",7.129417,1.0,1
12,SQL_FIRST,"[0.00,0.05)",7.096834,1.0,2
12,VECTOR_FIRST_HNSW,"[0.00,0.05)",22.716917,0.4,2
12,HNSW_HYBRID,"[0.00,0.05)",7.683125,1.0,2
12,IVFFLAT_HYBRID,"[0.00,0.05)",7.106708,1.0,2
12,SQL_FIRST,"[0.00,0.05)",6.920792,1.0,3
12,VECTOR_FIRST_HNSW,"[0.00,0.05)",22.661542,0.4,3
12,HNSW_HYBRID,"[0.00,0.05)",7.765459,1.0,3
12,IVFFLAT_HYBRID,"[0.00,0.05)",6.924625,1.0,3
12,SQL_FIRST,"[0.00,0.05)",7.050458,1.0,4
12,VECTOR_FIRST_HNSW,"[0.00,0.05)",22.764041,0.4,4
12,HNSW_HYBRID,"[0.00,0.05)",7.729792,1.0,4
12,IVFFLAT_HYBRID,"[0.00,0.05)",6.91575,1.0,4
13,SQL_FIRST,"[0.00,0.05)",9.761875,1.0,0
13,VECTOR_FIRST_HNSW,"[0.00,0.05)",22.773084,0.3,0
13,HNSW_HYBRID,"[0.00,0.05)",10.332916,1.0,0
13,IVFFLAT_HYBRID,"[0.00,0.05)",9.924375,1.0,0
13,SQL_FIRST,"[0.00,0.05)",9.874958,1.0,1
13,VECTOR_FIRST_HNSW,"[0.00,0.05)",22.701959,0.3,1
13,HNSW_HYBRID,"[0.00,0.05)",10.561417,1.0,1
13,IVFFLAT_HYBRID,"[0.00,0.05)",9.851875,1.0,1
13,SQL_FIRST,"[0.00,0.05)",9.821833,1.0,2
13,VECTOR_FIRST_HNSW,"[0.00,0.05)",22.817167,0.3,2
13,HNSW_HYBRID,"[0.00,0.05)",10.914917,1.0,2
13,IVFFLAT_HYBRID,"[0.00,0.05)",10.054958,1.0,2
13,SQL_FIRST,"[0.00,0.05)",9.925459,1.0,3
13,VECTOR_FIRST_HNSW,"[0.00,0.05)",22.871958,0.3,3
13,HNSW_HYBRID,"[0.00,0.05)",10.376584,1.0,3
13,IVFFLAT_HYBRID,"[0.00,0.05)",9.932417,1.0,3
13,SQL_FIRST,"[0.00,0.05)",9.708333,1.0,4
13,VECTOR_FIRST_HNSW,"[0.00,0.05)",22.706083,0.3,4
13,HNSW_HYBRID,"[0.00,0.05)",10.411125,1.0,4
13,IVFFLAT_HYBRID,"[0.00,0.05)",9.90075,1.0,4
16,SQL_FIRST,"[0.00,0.05)",10.213375,1.0,0
16,VECTOR_FIRST_HNSW,"[0.00,0.05)",22.769167,0.3,0
16,HNSW_HYBRID,"[0.00,0.05)",10.664958,1.0,0
16,IVFFLAT_HYBRID,"[0.00,0.05)",10.261,1.0,0
16,SQL_FIRST,"[0.00,0.05)",10.211,1.0,1
16,VECTOR_FIRST_HNSW,"[0.00,0.05)",22.710833,0.3,1
16,HNSW_HYBRID,"[0.00,0.05)",10.829416,1.0,1
16,IVFFLAT_HYBRID,"[0.00,0.05)",10.11825,1.0,1
16,SQL_FIRST,"[0.00,0.05)",10.223292,1.0,2
16,VECTOR_FIRST_HNSW,"[0.00,0.05)",22.639458,0.3,2
16,HNSW_HYBRID,"[0.00,0.05)",10.793333,1.0,2
16,IVFFLAT_HYBRID,"[0.00,0.05)",10.280292,1.0,2
16,SQL_FIRST,"[0.00,0.05)",10.165166,1.0,3
16,VECTOR_FIRST_HNSW,"[0.00,0.05)",22.804083,0.3,3
16,HNSW_HYBRID,"[0.00,0.05)",10.70025,1.0,3
16,IVFFLAT_HYBRID,"[0.00,0.05)",10.400917,1.0,3
16,SQL_FIRST,"[0.00,0.05)",10.282042,1.0,4
16,VECTOR_FIRST_HNSW,"[0.00,0.05)",22.728792,0.3,4
16,HNSW_HYBRID,"[0.00,0.05)",10.781459,1.0,4
16,IVFFLAT_HYBRID,"[0.00,0.05)",10.148417,1.0,4
18,SQL_FIRST,"[0.00,0.05)",9.195875,1.0,0
18,VECTOR_FIRST_HNSW,"[0.00,0.05)",22.870292,0.3,0
18,HNSW_HYBRID,"[0.00,0.05)",9.939542,1.0,0
18,IVFFLAT_HYBRID,"[0.00,0.05)",9.407375,1.0,0
18,SQL_FIRST,"[0.00,0.05)",9.189875,1.0,1
18,VECTOR_FIRST_HNSW,"[0.00,0.05)",22.708291,0.3,1
18,HNSW_HYBRID,"[0.00,0.05)",10.06675,1.0,1
18,IVFFLAT_HYBRID,"[0.00,0.05)",9.453583,1.0,1
18,SQL_FIRST,"[0.00,0.05)",9.419042,1.0,2
18,VECTOR_FIRST_HNSW,"[0.00,0.05)",22.684083,0.3,2
18,HNSW_HYBRID,"[0.00,0.05)",9.893458,1.0,2
18,IVFFLAT_HYBRID,"[0.00,0.05)",9.268125,1.0,2
18,SQL_FIRST,"[0.00,0.05)",9.364042,1.0,3
18,VECTOR_FIRST_HNSW,"[0.00,0.05)",22.669125,0.3,3
18,HNSW_HYBRID,"[0.00,0.05)",10.062125,1.0,3
18,IVFFLAT_HYBRID,"[0.00,0.05)",9.365292,1.0,3
18,SQL_FIRST,"[0.00,0.05)",9.319541,1.0,4
18,VECTOR_FIRST_HNSW,"[0.00,0.05)",22.783625,0.3,4
18,HNSW_HYBRID,"[0.00,0.05)",9.875417,1.0,4
18,IVFFLAT_HYBRID,"[0.00,0.05)",9.361167,1.0,4
20,SQL_FIRST,"[0.00,0.05)",10.522792,1.0,0
20,VECTOR_FIRST_HNSW,"[0.00,0.05)",22.6665,0.3,0
20,HNSW_HYBRID,"[0.00,0.05)",11.013,1.0,0
20,IVFFLAT_HYBRID,"[0.00,0.05)",10.574458,1.0,0
20,SQL_FIRST,"[0.00,0.05)",10.513083,1.0,1
20,VECTOR_FIRST_HNSW,"[0.00,0.05)",22.78525,0.3,1
20,HNSW_HYBRID,"[0.00,0.05)",10.95575,1.0,1
20,IVFFLAT_HYBRID,"[0.00,0.05)",10.559208,1.0,1
20,SQL_FIRST,"[0.00,0.05)",10.5095,1.0,2
20,VECTOR_FIRST_HNSW,"[0.00,0.05)",22.876334,0.3,2
20,HNSW_HYBRID,"[0.00,0.05)",11.013541,1.0,2
20,IVFFLAT_HYBRID,"[0.00,0.05)",10.655084,1.0,2
20,SQL_FIRST,"[0.00,0.05)",10.444,1.0,3
20,VECTOR_FIRST_HNSW,"[0.00,0.05)",22.867,0.3,3
20,HNSW_HYBRID,"[0.00,0.05)",10.916,1.0,3
20,IVFFLAT_HYBRID,"[0.00,0.05)",10.503625,1.0,3
20,SQL_FIRST,"[0.00,0.05)",10.466542,1.0,4
20,VECTOR_FIRST_HNSW,"[0.00,0.05)",22.737125,0.3,4
20,HNSW_HYBRID,"[0.00,0.05)",11.003417,1.0,4
20,IVFFLAT_HYBRID,"[0.00,0.05)",10.347834,1.0,4
21,SQL_FIRST,"[0.00,0.05)",9.402,1.0,0
21,VECTOR_FIRST_HNSW,"[0.00,0.05)",23.206209,0.6,0
21,HNSW_HYBRID,"[0.00,0.05)",9.399709,1.0,0
21,IVFFLAT_HYBRID,"[0.00,0.05)",9.005416,1.0,0
21,SQL_FIRST,"[0.00,0.05)",8.8185,1.0,1
21,VECTOR_FIRST_HNSW,"[0.00,0.05)",22.846125,0.6,1
21,HNSW_HYBRID,"[0.00,0.05)",9.359416,1.0,1
21,IVFFLAT_HYBRID,"[0.00,0.05)",9.053834,1.0,1
21,SQL_FIRST,"[0.00,0.05)",8.627625,1.0,2
21,VECTOR_FIRST_HNSW,"[0.00,0.05)",22.7765,0.6,2
21,HNSW_HYBRID,"[0.00,0.05)",9.319875,1.0,2
21,IVFFLAT_HYBRID,"[0.00,0.05)",8.863167,1.0,2
21,SQL_FIRST,"[0.00,0.05)",8.754875,1.0,3
21,VECTOR_FIRST_HNSW,"[0.00,0.05)",22.678583,0.6,3
21,HNSW_HYBRID,"[0.00,0.05)",9.508292,1.0,3
21,IVFFLAT_HYBRID,"[0.00,0.05)",8.745292,1.0,3
21,SQL_FIRST,"[0.00,0.05)",8.870375,1.0,4
21,VECTOR_FIRST_HNSW,"[0.00,0.05)",22.972125,0.6,4
21,HNSW_HYBRID,"[0.00,0.05)",9.437084,1.0,4
21,IVFFLAT_HYBRID,"[0.00,0.05)",8.815458,1.0,4
24,SQL_FIRST,"[0.00,0.05)",8.724166,1.0,0
24,VECTOR_FIRST_HNSW,"[0.00,0.05)",22.73825,0.4,0
24,HNSW_HYBRID,"[0.00,0.05)",9.291375,1.0,0
24,IVFFLAT_HYBRID,"[0.00,0.05)",8.808916,1.0,0
24,SQL_FIRST,"[0.00,0.05)",8.890333,1.0,1
24,VECTOR_FIRST_HNSW,"[0.00,0.05)",22.771291,0.4,1
24,HNSW_HYBRID,"[0.00,0.05)",9.30875,1.0,1
24,IVFFLAT_HYBRID,"[0.00,0.05)",8.920875,1.0,1
24,SQL_FIRST,"[0.00,0.05)",8.788083,1.0,2
24,VECTOR_FIRST_HNSW,"[0.00,0.05)",22.811333,0.4,2
24,HNSW_HYBRID,"[0.00,0.05)",9.294666,1.0,2
24,IVFFLAT_HYBRID,"[0.00,0.05)",8.94225,1.0,2
24,SQL_FIRST,"[0.00,0.05)",8.948083,1.0,3
24,VECTOR_FIRST_HNSW,"[0.00,0.05)",22.861333,0.4,3
24,HNSW_HYBRID,"[0.00,0.05)",9.254375,1.0,3
24,IVFFLAT_HYBRID,"[0.00,0.05)",8.822542,1.0,3
24,SQL_FIRST,"[0.00,0.05)",8.646958,1.0,4
24,VECTOR_FIRST_HNSW,"[0.00,0.05)",22.668333,0.4,4
24,HNSW_HYBRID,"[0.00,0.05)",9.316292,1.0,4
24,IVFFLAT_HYBRID,"[0.00,0.05)",8.789,1.0,4
29,SQL_FIRST,"[0.00,0.05)",7.618375,1.0,0
29,VECTOR_FIRST_HNSW,"[0.00,0.05)",22.619458,0.3,0
29,HNSW_HYBRID,"[0.00,0.05)",8.51075,1.0,0
29,IVFFLAT_HYBRID,"[0.00,0.05)",7.984667,1.0,0
29,SQL_FIRST,"[0.00,0.05)",7.675833,1.0,1
29,VECTOR_FIRST_HNSW,"[0.00,0.05)",22.689792,0.3,1
29,HNSW_HYBRID,"[0.00,0.05)",8.535417,1.0,1
29,IVFFLAT_HYBRID,"[0.00,0.05)",7.932541,1.0,1
29,SQL_FIRST,"[0.00,0.05)",7.920458,1.0,2
29,VECTOR_FIRST_HNSW,"[0.00,0.05)",22.8115,0.3,2
29,HNSW_HYBRID,"[0.00,0.05)",8.603958,1.0,2
29,IVFFLAT_HYBRID,"[0.00,0.05)",7.950292,1.0,2
29,SQL_FIRST,"[0.00,0.05)",7.744417,1.0,3
29,VECTOR_FIRST_HNSW,"[0.00,0.05)",22.770625,0.3,3
29,HNSW_HYBRID,"[0.00,0.05)",8.925458,1.0,3
29,IVFFLAT_HYBRID,"[0.00,0.05)",8.4785,1.0,3
29,SQL_FIRST,"[0.00,0.05)",8.162833,1.0,4
29,VECTOR_FIRST_HNSW,"[0.00,0.05)",22.847416,0.3,4
29,HNSW_HYBRID,"[0.00,0.05)",8.55475,1.0,4
29,IVFFLAT_HYBRID,"[0.00,0.05)",8.254167,1.0,4
32,SQL_FIRST,"[0.00,0.05)",4.194541,1.0,0
32,VECTOR_FIRST_HNSW,"[0.00,0.05)",22.663334,0.0,0
32,HNSW_HYBRID,"[0.00,0.05)",4.718833,1.0,0
32,IVFFLAT_HYBRID,"[0.00,0.05)",4.228916,1.0,0
32,SQL_FIRST,"[0.00,0.05)",4.261167,1.0,1
32,VECTOR_FIRST_HNSW,"[0.00,0.05)",22.636959,0.0,1
32,HNSW_HYBRID,"[0.00,0.05)",4.692292,1.0,1
32,IVFFLAT_HYBRID,"[0.00,0.05)",4.291709,1.0,1
32,SQL_FIRST,"[0.00,0.05)",4.207,1.0,2
32,VECTOR_FIRST_HNSW,"[0.00,0.05)",22.587792,0.0,2
32,HNSW_HYBRID,"[0.00,0.05)",4.754459,1.0,2
32,IVFFLAT_HYBRID,"[0.00,0.05)",4.272792,1.0,2
32,SQL_FIRST,"[0.00,0.05)",4.21775,1.0,3
32,VECTOR_FIRST_HNSW,"[0.00,0.05)",22.695459,0.0,3
32,HNSW_HYBRID,"[0.00,0.05)",4.618,1.0,3
32,IVFFLAT_HYBRID,"[0.00,0.05)",4.212666,1.0,3
32,SQL_FIRST,"[0.00,0.05)",4.223542,1.0,4
32,VECTOR_FIRST_HNSW,"[0.00,0.05)",22.727291,0.0,4
32,HNSW_HYBRID,"[0.00,0.05)",4.715458,1.0,4
32,IVFFLAT_HYBRID,"[0.00,0.05)",4.261208,1.0,4
36,SQL_FIRST,"[0.00,0.05)",6.497375,1.0,0
36,VECTOR_FIRST_HNSW,"[0.00,0.05)",22.7285,0.0,0
36,HNSW_HYBRID,"[0.00,0.05)",7.302041,1.0,0
36,IVFFLAT_HYBRID,"[0.00,0.05)",6.4435,1.0,0
36,SQL_FIRST,"[0.00,0.05)",6.29125,1.0,1
36,VECTOR_FIRST_HNSW,"[0.00,0.05)",22.790334,0.0,1
36,HNSW_HYBRID,"[0.00,0.05)",7.149125,1.0,1
36,IVFFLAT_HYBRID,"[0.00,0.05)",6.492125,1.0,1
36,SQL_FIRST,"[0.00,0.05)",6.381084,1.0,2
36,VECTOR_FIRST_HNSW,"[0.00,0.05)",22.752792,0.0,2
36,HNSW_HYBRID,"[0.00,0.05)",7.203292,1.0,2
36,IVFFLAT_HYBRID,"[0.00,0.05)",6.375292,1.0,2
36,SQL_FIRST,"[0.00,0.05)",6.498541,1.0,3
36,VECTOR_FIRST_HNSW,"[0.00,0.05)",22.669458,0.0,3
36,HNSW_HYBRID,"[0.00,0.05)",7.2255,1.0,3
36,IVFFLAT_HYBRID,"[0.00,0.05)",6.401584,1.0,3
36,SQL_FIRST,"[0.00,0.05)",6.45325,1.0,4
36,VECTOR_FIRST_HNSW,"[0.00,0.05)",22.752917,0.0,4
36,HNSW_HYBRID,"[0.00,0.05)",7.104833,1.0,4
36,IVFFLAT_HYBRID,"[0.00,0.05)",6.476458,1.0,4
38,SQL_FIRST,"[0.00,0.05)",7.000042,1.0,0
38,VECTOR_FIRST_HNSW,"[0.00,0.05)",22.774375,0.1,0
38,HNSW_HYBRID,"[0.00,0.05)",7.846833,1.0,0
38,IVFFLAT_HYBRID,"[0.00,0.05)",7.007833,1.0,0
38,SQL_FIRST,"[0.00,0.05)",7.084833,1.0,1
38,VECTOR_FIRST_HNSW,"[0.00,0.05)",22.65075,0.1,1
38,HNSW_HYBRID,"[0.00,0.05)",7.747083,1.0,1
38,IVFFLAT_HYBRID,"[0.00,0.05)",7.137791,1.0,1
38,SQL_FIRST,"[0.00,0.05)",7.664083,1.0,2
38,VECTOR_FIRST_HNSW,"[0.00,0.05)",22.683375,0.1,2
38,HNSW_HYBRID,"[0.00,0.05)",7.852,1.0,2
38,IVFFLAT_HYBRID,"[0.00,0.05)",7.078417,1.0,2
38,SQL_FIRST,"[0.00,0.05)",6.899041,1.0,3
38,VECTOR_FIRST_HNSW,"[0.00,0.05)",22.654084,0.1,3
38,HNSW_HYBRID,"[0.00,0.05)",7.714542,1.0,3
38,IVFFLAT_HYBRID,"[0.00,0.05)",7.170291,1.0,3
38,SQL_FIRST,"[0.00,0.05)",6.97075,1.0,4
38,VECTOR_FIRST_HNSW,"[0.00,0.05)",22.658167,0.1,4
38,HNSW_HYBRID,"[0.00,0.05)",7.770834,1.0,4
38,IVFFLAT_HYBRID,"[0.00,0.05)",6.997916,1.0,4
39,SQL_FIRST,"[0.00,0.05)",8.788125,1.0,0
39,VECTOR_FIRST_HNSW,"[0.00,0.05)",22.687625,0.5,0
39,HNSW_HYBRID,"[0.00,0.05)",9.345167,1.0,0
39,IVFFLAT_HYBRID,"[0.00,0.05)",8.979417,1.0,0
39,SQL_FIRST,"[0.00,0.05)",8.996167,1.0,1
39,VECTOR_FIRST_HNSW,"[0.00,0.05)",22.827458,0.5,1
39,HNSW_HYBRID,"[0.00,0.05)",9.389958,1.0,1
39,IVFFLAT_HYBRID,"[0.00,0.05)",9.154834,1.0,1
39,SQL_FIRST,"[0.00,0.05)",9.738125,1.0,2
39,VECTOR_FIRST_HNSW,"[0.00,0.05)",22.882375,0.5,2
39,HNSW_HYBRID,"[0.00,0.05)",9.424667,1.0,2
39,IVFFLAT_HYBRID,"[0.00,0.05)",8.867625,1.0,2
39,SQL_FIRST,"[0.00,0.05)",9.053375,1.0,3
39,VECTOR_FIRST_HNSW,"[0.00,0.05)",22.723208,0.5,3
39,HNSW_HYBRID,"[0.00,0.05)",9.437042,1.0,3
39,IVFFLAT_HYBRID,"[0.00,0.05)",8.838709,1.0,3
39,SQL_FIRST,"[0.00,0.05)",8.935541,1.0,4
39,VECTOR_FIRST_HNSW,"[0.00,0.05)",22.755709,0.5,4
39,HNSW_HYBRID,"[0.00,0.05)",9.468666,1.0,4
39,IVFFLAT_HYBRID,"[0.00,0.05)",9.080042,1.0,4
41,SQL_FIRST,"[0.00,0.05)",6.244417,1.0,0
41,VECTOR_FIRST_HNSW,"[0.00,0.05)",22.705459,0.1,0
41,HNSW_HYBRID,"[0.00,0.05)",6.844375,1.0,0
41,IVFFLAT_HYBRID,"[0.00,0.05)",6.354708,1.0,0
41,SQL_FIRST,"[0.00,0.05)",6.197708,1.0,1
41,VECTOR_FIRST_HNSW,"[0.00,0.05)",22.711375,0.1,1
41,HNSW_HYBRID,"[0.00,0.05)",6.883834,1.0,1
41,IVFFLAT_HYBRID,"[0.00,0.05)",6.205583,1.0,1
41,SQL_FIRST,"[0.00,0.05)",6.26675,1.0,2
41,VECTOR_FIRST_HNSW,"[0.00,0.05)",24.215917,0.1,2
41,HNSW_HYBRID,"[0.00,0.05)",7.116,1.0,2
41,IVFFLAT_HYBRID,"[0.00,0.05)",6.207917,1.0,2
41,SQL_FIRST,"[0.00,0.05)",6.606667,1.0,3
41,VECTOR_FIRST_HNSW,"[0.00,0.05)",22.975916,0.1,3
41,HNSW_HYBRID,"[0.00,0.05)",6.784958,1.0,3
41,IVFFLAT_HYBRID,"[0.00,0.05)",6.309083,1.0,3
41,SQL_FIRST,"[0.00,0.05)",6.131375,1.0,4
41,VECTOR_FIRST_HNSW,"[0.00,0.05)",22.751125,0.1,4
41,HNSW_HYBRID,"[0.00,0.05)",6.890542,1.0,4
41,IVFFLAT_HYBRID,"[0.00,0.05)",6.263083,1.0,4
43,SQL_FIRST,"[0.00,0.05)",8.249208,1.0,0
43,VECTOR_FIRST_HNSW,"[0.00,0.05)",22.776375,0.5,0
43,HNSW_HYBRID,"[0.00,0.05)",8.922625,1.0,0
43,IVFFLAT_HYBRID,"[0.00,0.05)",8.455042,1.0,0
43,SQL_FIRST,"[0.00,0.05)",8.298083,1.0,1
43,VECTOR_FIRST_HNSW,"[0.00,0.05)",22.865,0.5,1
43,HNSW_HYBRID,"[0.00,0.05)",9.015917,1.0,1
43,IVFFLAT_HYBRID,"[0.00,0.05)",8.500833,1.0,1
43,SQL_FIRST,"[0.00,0.05)",8.291917,1.0,2
43,VECTOR_FIRST_HNSW,"[0.00,0.05)",22.863583,0.5,2
43,HNSW_HYBRID,"[0.00,0.05)",8.932625,1.0,2
43,IVFFLAT_HYBRID,"[0.00,0.05)",8.404084,1.0,2
43,SQL_FIRST,"[0.00,0.05)",8.517458,1.0,3
43,VECTOR_FIRST_HNSW,"[0.00,0.05)",22.74275,0.5,3
43,HNSW_HYBRID,"[0.00,0.05)",8.934417,1.0,3
43,IVFFLAT_HYBRID,"[0.00,0.05)",8.513209,1.0,3
43,SQL_FIRST,"[0.00,0.05)",8.227791,1.0,4
43,VECTOR_FIRST_HNSW,"[0.00,0.05)",22.689916,0.5,4
43,HNSW_HYBRID,"[0.00,0.05)",8.932625,1.0,4
43,IVFFLAT_HYBRID,"[0.00,0.05)",8.500959,1.0,4
44,SQL_FIRST,"[0.00,0.05)",8.940209,1.0,0
44,VECTOR_FIRST_HNSW,"[0.00,0.05)",22.789542,0.8,0
44,HNSW_HYBRID,"[0.00,0.05)",9.567083,1.0,0
44,IVFFLAT_HYBRID,"[0.00,0.05)",8.993875,1.0,0
44,SQL_FIRST,"[0.00,0.05)",9.146333,1.0,1
44,VECTOR_FIRST_HNSW,"[0.00,0.05)",22.798125,0.8,1
44,HNSW_HYBRID,"[0.00,0.05)",9.588292,1.0,1
44,IVFFLAT_HYBRID,"[0.00,0.05)",8.966375,1.0,1
44,SQL_FIRST,"[0.00,0.05)",9.055833,1.0,2
44,VECTOR_FIRST_HNSW,"[0.00,0.05)",22.792416,0.8,2
44,HNSW_HYBRID,"[0.00,0.05)",9.534917,1.0,2
44,IVFFLAT_HYBRID,"[0.00,0.05)",9.080667,1.0,2
44,SQL_FIRST,"[0.00,0.05)",9.052,1.0,3
44,VECTOR_FIRST_HNSW,"[0.00,0.05)",23.079875,0.8,3
44,HNSW_HYBRID,"[0.00,0.05)",12.160166,1.0,3
44,IVFFLAT_HYBRID,"[0.00,0.05)",15.803375,1.0,3
44,SQL_FIRST,"[0.00,0.05)",13.898042,1.0,4
44,VECTOR_FIRST_HNSW,"[0.00,0.05)",28.184375,0.8,4
44,HNSW_HYBRID,"[0.00,0.05)",10.36475,1.0,4
44,IVFFLAT_HYBRID,"[0.00,0.05)",10.399333,1.0,4
45,SQL_FIRST,"[0.00,0.05)",9.747292,1.0,0
45,VECTOR_FIRST_HNSW,"[0.00,0.05)",23.863584,0.2,0
45,HNSW_HYBRID,"[0.00,0.05)",9.88275,1.0,0
45,IVFFLAT_HYBRID,"[0.00,0.05)",9.738625,1.0,0
45,SQL_FIRST,"[0.00,0.05)",9.892416,1.0,1
45,VECTOR_FIRST_HNSW,"[0.00,0.05)",25.572208,0.2,1
45,HNSW_HYBRID,"[0.00,0.05)",9.9465,1.0,1
45,IVFFLAT_HYBRID,"[0.00,0.05)",11.679666,1.0,1
45,SQL_FIRST,"[0.00,0.05)",19.754208,1.0,2
45,VECTOR_FIRST_HNSW,"[0.00,0.05)",61.90475,0.2,2
45,HNSW_HYBRID,"[0.00,0.05)",14.149125,1.0,2
45,IVFFLAT_HYBRID,"[0.00,0.05)",11.47625,1.0,2
45,SQL_FIRST,"[0.00,0.05)",20.12825,1.0,3
45,VECTOR_FIRST_HNSW,"[0.00,0.05)",44.471209,0.2,3
45,HNSW_HYBRID,"[0.00,0.05)",11.107334,1.0,3
45,IVFFLAT_HYBRID,"[0.00,0.05)",18.686542,1.0,3
45,SQL_FIRST,"[0.00,0.05)",13.436875,1.0,4
45,VECTOR_FIRST_HNSW,"[0.00,0.05)",61.6,0.2,4
45,HNSW_HYBRID,"[0.00,0.05)",26.513458,1.0,4
45,IVFFLAT_HYBRID,"[0.00,0.05)",17.394583,1.0,4
46,SQL_FIRST,"[0.00,0.05)",18.893958,1.0,0
46,VECTOR_FIRST_HNSW,"[0.00,0.05)",40.063917,0.1,0
46,HNSW_HYBRID,"[0.00,0.05)",10.08,1.0,0
46,IVFFLAT_HYBRID,"[0.00,0.05)",15.025875,1.0,0
46,SQL_FIRST,"[0.00,0.05)",17.624709,1.0,1
46,VECTOR_FIRST_HNSW,"[0.00,0.05)",70.875833,0.1,1
46,HNSW_HYBRID,"[0.00,0.05)",28.47275,1.0,1
46,IVFFLAT_HYBRID,"[0.00,0.05)",27.459042,1.0,1
46,SQL_FIRST,"[0.00,0.05)",29.783333,1.0,2
46,VECTOR_FIRST_HNSW,"[0.00,0.05)",54.068458,0.1,2
46,HNSW_HYBRID,"[0.00,0.05)",18.659833,1.0,2
46,IVFFLAT_HYBRID,"[0.00,0.05)",12.106916,1.0,2
46,SQL_FIRST,"[0.00,0.05)",13.324542,1.0,3
46,VECTOR_FIRST_HNSW,"[0.00,0.05)",26.959167,0.1,3
46,HNSW_HYBRID,"[0.00,0.05)",9.56325,1.0,3
46,IVFFLAT_HYBRID,"[0.00,0.05)",14.756167,1.0,3
46,SQL_FIRST,"[0.00,0.05)",14.064375,1.0,4
46,VECTOR_FIRST_HNSW,"[0.00,0.05)",40.128917,0.1,4
46,HNSW_HYBRID,"[0.00,0.05)",12.000042,1.0,4
46,IVFFLAT_HYBRID,"[0.00,0.05)",9.611625,1.0,4
47,SQL_FIRST,"[0.00,0.05)",11.903167,1.0,0
47,VECTOR_FIRST_HNSW,"[0.00,0.05)",24.96925,0.3,0
47,HNSW_HYBRID,"[0.00,0.05)",12.331167,1.0,0
47,IVFFLAT_HYBRID,"[0.00,0.05)",11.64975,1.0,0
47,SQL_FIRST,"[0.00,0.05)",11.912,1.0,1
47,VECTOR_FIRST_HNSW,"[0.00,0.05)",27.101625,0.3,1
47,HNSW_HYBRID,"[0.00,0.05)",13.956542,1.0,1
47,IVFFLAT_HYBRID,"[0.00,0.05)",12.307666,1.0,1
47,SQL_FIRST,"[0.00,0.05)",12.630875,1.0,2
47,VECTOR_FIRST_HNSW,"[0.00,0.05)",27.796667,0.3,2
47,HNSW_HYBRID,"[0.00,0.05)",11.626584,1.0,2
47,IVFFLAT_HYBRID,"[0.00,0.05)",11.1025,1.0,2
47,SQL_FIRST,"[0.00,0.05)",11.128625,1.0,3
47,VECTOR_FIRST_HNSW,"[0.00,0.05)",24.111,0.3,3
47,HNSW_HYBRID,"[0.00,0.05)",12.519792,1.0,3
47,IVFFLAT_HYBRID,"[0.00,0.05)",11.727625,1.0,3
47,SQL_FIRST,"[0.00,0.05)",11.862083,1.0,4
47,VECTOR_FIRST_HNSW,"[0.00,0.05)",24.052542,0.3,4
47,HNSW_HYBRID,"[0.00,0.05)",11.0985,1.0,4
47,IVFFLAT_HYBRID,"[0.00,0.05)",11.33875,1.0,4
50,SQL_FIRST,"[0.00,0.05)",9.149709,1.0,0
50,VECTOR_FIRST_HNSW,"[0.00,0.05)",22.938083,0.3,0
50,HNSW_HYBRID,"[0.00,0.05)",9.3675,1.0,0
50,IVFFLAT_HYBRID,"[0.00,0.05)",9.329375,1.0,0
50,SQL_FIRST,"[0.00,0.05)",9.072792,1.0,1
50,VECTOR_FIRST_HNSW,"[0.00,0.05)",22.963458,0.3,1
50,HNSW_HYBRID,"[0.00,0.05)",10.072709,1.0,1
50,IVFFLAT_HYBRID,"[0.00,0.05)",9.14075,1.0,1
50,SQL_FIRST,"[0.00,0.05)",9.451833,1.0,2
50,VECTOR_FIRST_HNSW,"[0.00,0.05)",22.999542,0.3,2
50,HNSW_HYBRID,"[0.00,0.05)",10.001333,1.0,2
50,IVFFLAT_HYBRID,"[0.00,0.05)",8.982542,1.0,2
50,SQL_FIRST,"[0.00,0.05)",9.277916,1.0,3
50,VECTOR_FIRST_HNSW,"[0.00,0.05)",23.602833,0.3,3
50,HNSW_HYBRID,"[0.00,0.05)",10.048125,1.0,3
50,IVFFLAT_HYBRID,"[0.00,0.05)",9.970458,1.0,3
50,SQL_FIRST,"[0.00,0.05)",9.3485,1.0,4
50,VECTOR_FIRST_HNSW,"[0.00,0.05)",24.314625,0.3,4
50,HNSW_HYBRID,"[0.00,0.05)",9.445417,1.0,4
50,IVFFLAT_HYBRID,"[0.00,0.05)",9.031791,1.0,4
52,SQL_FIRST,"[0.00,0.05)",6.845125,1.0,0
52,VECTOR_FIRST_HNSW,"[0.00,0.05)",23.48475,0.1,0
52,HNSW_HYBRID,"[0.00,0.05)",6.673875,1.0,0
52,IVFFLAT_HYBRID,"[0.00,0.05)",6.209291,1.0,0
52,SQL_FIRST,"[0.00,0.05)",6.380041,1.0,1
52,VECTOR_FIRST_HNSW,"[0.00,0.05)",22.929792,0.1,1
52,HNSW_HYBRID,"[0.00,0.05)",6.713375,1.0,1
52,IVFFLAT_HYBRID,"[0.00,0.05)",6.052167,1.0,1
52,SQL_FIRST,"[0.00,0.05)",5.984458,1.0,2
52,VECTOR_FIRST_HNSW,"[0.00,0.05)",22.791167,0.1,2
52,HNSW_HYBRID,"[0.00,0.05)",6.632375,1.0,2
52,IVFFLAT_HYBRID,"[0.00,0.05)",6.068875,1.0,2
52,SQL_FIRST,"[0.00,0.05)",6.25775,1.0,3
52,VECTOR_FIRST_HNSW,"[0.00,0.05)",23.428625,0.1,3
52,HNSW_HYBRID,"[0.00,0.05)",6.793792,1.0,3
52,IVFFLAT_HYBRID,"[0.00,0.05)",6.01925,1.0,3
52,SQL_FIRST,"[0.00,0.05)",5.941458,1.0,4
52,VECTOR_FIRST_HNSW,"[0.00,0.05)",23.508958,0.1,4
52,HNSW_HYBRID,"[0.00,0.05)",6.853167,1.0,4
52,IVFFLAT_HYBRID,"[0.00,0.05)",6.63875,1.0,4
55,SQL_FIRST,"[0.00,0.05)",10.879083,1.0,0
55,VECTOR_FIRST_HNSW,"[0.00,0.05)",23.550083,0.4,0
55,HNSW_HYBRID,"[0.00,0.05)",9.709875,1.0,0
55,IVFFLAT_HYBRID,"[0.00,0.05)",14.448416,1.0,0
55,SQL_FIRST,"[0.00,0.05)",10.406208,1.0,1
55,VECTOR_FIRST_HNSW,"[0.00,0.05)",23.758667,0.4,1
55,HNSW_HYBRID,"[0.00,0.05)",9.497625,1.0,1
55,IVFFLAT_HYBRID,"[0.00,0.05)",8.93175,1.0,1
55,SQL_FIRST,"[0.00,0.05)",10.229166,1.0,2
55,VECTOR_FIRST_HNSW,"[0.00,0.05)",23.446542,0.4,2
55,HNSW_HYBRID,"[0.00,0.05)",9.814291,1.0,2
55,IVFFLAT_HYBRID,"[0.00,0.05)",8.925458,1.0,2
55,SQL_FIRST,"[0.00,0.05)",9.388458,1.0,3
55,VECTOR_FIRST_HNSW,"[0.00,0.05)",24.015375,0.4,3
55,HNSW_HYBRID,"[0.00,0.05)",9.722875,1.0,3
55,IVFFLAT_HYBRID,"[0.00,0.05)",9.914167,1.0,3
55,SQL_FIRST,"[0.00,0.05)",10.023667,1.0,4
55,VECTOR_FIRST_HNSW,"[0.00,0.05)",23.384625,0.4,4
55,HNSW_HYBRID,"[0.00,0.05)",9.540958,1.0,4
55,IVFFLAT_HYBRID,"[0.00,0.05)",9.087583,1.0,4
56,SQL_FIRST,"[0.00,0.05)",9.079,1.0,0
56,VECTOR_FIRST_HNSW,"[0.00,0.05)",23.055042,0.3,0
56,HNSW_HYBRID,"[0.00,0.05)",10.188917,1.0,0
56,IVFFLAT_HYBRID,"[0.00,0.05)",10.010542,1.0,0
56,SQL_FIRST,"[0.00,0.05)",11.330292,1.0,1
56,VECTOR_FIRST_HNSW,"[0.00,0.05)",24.808875,0.3,1
56,HNSW_HYBRID,"[0.00,0.05)",9.335292,1.0,1
56,IVFFLAT_HYBRID,"[0.00,0.05)",8.985209,1.0,1
56,SQL_FIRST,"[0.00,0.05)",8.77025,1.0,2
56,VECTOR_FIRST_HNSW,"[0.00,0.05)",23.015083,0.3,2
56,HNSW_HYBRID,"[0.00,0.05)",9.225333,1.0,2
56,IVFFLAT_HYBRID,"[0.00,0.05)",9.306958,1.0,2
56,SQL_FIRST,"[0.00,0.05)",8.789625,1.0,3
56,VECTOR_FIRST_HNSW,"[0.00,0.05)",22.955916,0.3,3
56,HNSW_HYBRID,"[0.00,0.05)",9.310666,1.0,3
56,IVFFLAT_HYBRID,"[0.00,0.05)",8.840916,1.0,3
56,SQL_FIRST,"[0.00,0.05)",8.731125,1.0,4
56,VECTOR_FIRST_HNSW,"[0.00,0.05)",22.902125,0.3,4
56,HNSW_HYBRID,"[0.00,0.05)",9.224625,1.0,4
56,IVFFLAT_HYBRID,"[0.00,0.05)",9.1855,1.0,4
58,SQL_FIRST,"[0.00,0.05)",7.614375,1.0,0
58,VECTOR_FIRST_HNSW,"[0.00,0.05)",22.867375,0.2,0
58,HNSW_HYBRID,"[0.00,0.05)",8.395917,1.0,0
58,IVFFLAT_HYBRID,"[0.00,0.05)",8.0325,1.0,0
58,SQL_FIRST,"[0.00,0.05)",8.836083,1.0,1
58,VECTOR_FIRST_HNSW,"[0.00,0.05)",23.750459,0.2,1
58,HNSW_HYBRID,"[0.00,0.05)",8.451917,1.0,1
58,IVFFLAT_HYBRID,"[0.00,0.05)",8.053792,1.0,1
58,SQL_FIRST,"[0.00,0.05)",8.48925,1.0,2
58,VECTOR_FIRST_HNSW,"[0.00,0.05)",22.93125,0.2,2
58,HNSW_HYBRID,"[0.00,0.05)",8.413291,1.0,2
58,IVFFLAT_HYBRID,"[0.00,0.05)",8.366792,1.0,2
58,SQL_FIRST,"[0.00,0.05)",8.042833,1.0,3
58,VECTOR_FIRST_HNSW,"[0.00,0.05)",25.046083,0.2,3
58,HNSW_HYBRID,"[0.00,0.05)",8.70725,1.0,3
58,IVFFLAT_HYBRID,"[0.00,0.05)",8.363458,1.0,3
58,SQL_FIRST,"[0.00,0.05)",8.54775,1.0,4
58,VECTOR_FIRST_HNSW,"[0.00,0.05)",23.6075,0.2,4
58,HNSW_HYBRID,"[0.00,0.05)",8.477,1.0,4
58,IVFFLAT_HYBRID,"[0.00,0.05)",7.976875,1.0,4
59,SQL_FIRST,"[0.00,0.05)",11.699584,1.0,0
59,VECTOR_FIRST_HNSW,"[0.00,0.05)",23.487667,0.3,0
59,HNSW_HYBRID,"[0.00,0.05)",11.803542,1.0,0
59,IVFFLAT_HYBRID,"[0.00,0.05)",11.151667,1.0,0
59,SQL_FIRST,"[0.00,0.05)",11.308708,1.0,1
59,VECTOR_FIRST_HNSW,"[0.00,0.05)",23.073125,0.3,1
59,HNSW_HYBRID,"[0.00,0.05)",11.052583,1.0,1
59,IVFFLAT_HYBRID,"[0.00,0.05)",10.800292,1.0,1
59,SQL_FIRST,"[0.00,0.05)",10.685958,1.0,2
59,VECTOR_FIRST_HNSW,"[0.00,0.05)",23.947208,0.3,2
59,HNSW_HYBRID,"[0.00,0.05)",11.487708,1.0,2
59,IVFFLAT_HYBRID,"[0.00,0.05)",11.093833,1.0,2
59,SQL_FIRST,"[0.00,0.05)",10.711667,1.0,3
59,VECTOR_FIRST_HNSW,"[0.00,0.05)",22.967958,0.3,3
59,HNSW_HYBRID,"[0.00,0.05)",11.098833,1.0,3
59,IVFFLAT_HYBRID,"[0.00,0.05)",11.124292,1.0,3
59,SQL_FIRST,"[0.00,0.05)",11.271667,1.0,4
59,VECTOR_FIRST_HNSW,"[0.00,0.05)",23.494833,0.3,4
59,HNSW_HYBRID,"[0.00,0.05)",11.089417,1.0,4
59,IVFFLAT_HYBRID,"[0.00,0.05)",10.77825,1.0,4
61,SQL_FIRST,"[0.00,0.05)",4.399666,1.0,0
61,VECTOR_FIRST_HNSW,"[0.00,0.05)",22.804125,0.0,0
61,HNSW_HYBRID,"[0.00,0.05)",5.153166,1.0,0
61,IVFFLAT_HYBRID,"[0.00,0.05)",5.484,1.0,0
61,SQL_FIRST,"[0.00,0.05)",4.884583,1.0,1
61,VECTOR_FIRST_HNSW,"[0.00,0.05)",23.027417,0.0,1
61,HNSW_HYBRID,"[0.00,0.05)",4.787541,1.0,1
61,IVFFLAT_HYBRID,"[0.00,0.05)",4.3475,1.0,1
61,SQL_FIRST,"[0.00,0.05)",4.315625,1.0,2
61,VECTOR_FIRST_HNSW,"[0.00,0.05)",22.796542,0.0,2
61,HNSW_HYBRID,"[0.00,0.05)",4.930083,1.0,2
61,IVFFLAT_HYBRID,"[0.00,0.05)",4.541042,1.0,2
61,SQL_FIRST,"[0.00,0.05)",4.423334,1.0,3
61,VECTOR_FIRST_HNSW,"[0.00,0.05)",22.972459,0.0,3
61,HNSW_HYBRID,"[0.00,0.05)",4.941334,1.0,3
61,IVFFLAT_HYBRID,"[0.00,0.05)",4.432166,1.0,3
61,SQL_FIRST,"[0.00,0.05)",4.366459,1.0,4
61,VECTOR_FIRST_HNSW,"[0.00,0.05)",23.211583,0.0,4
61,HNSW_HYBRID,"[0.00,0.05)",4.88175,1.0,4
61,IVFFLAT_HYBRID,"[0.00,0.05)",4.377125,1.0,4
64,SQL_FIRST,"[0.00,0.05)",9.140792,1.0,0
64,VECTOR_FIRST_HNSW,"[0.00,0.05)",22.951334,0.6,0
64,HNSW_HYBRID,"[0.00,0.05)",9.186875,1.0,0
64,IVFFLAT_HYBRID,"[0.00,0.05)",9.063708,1.0,0
64,SQL_FIRST,"[0.00,0.05)",9.335875,1.0,1
64,VECTOR_FIRST_HNSW,"[0.00,0.05)",23.271166,0.6,1
64,HNSW_HYBRID,"[0.00,0.05)",9.425,1.0,1
64,IVFFLAT_HYBRID,"[0.00,0.05)",9.085,1.0,1
64,SQL_FIRST,"[0.00,0.05)",9.114666,1.0,2
64,VECTOR_FIRST_HNSW,"[0.00,0.05)",23.027084,0.6,2
64,HNSW_HYBRID,"[0.00,0.05)",9.356125,1.0,2
64,IVFFLAT_HYBRID,"[0.00,0.05)",9.34925,1.0,2
64,SQL_FIRST,"[0.00,0.05)",9.017208,1.0,3
64,VECTOR_FIRST_HNSW,"[0.00,0.05)",22.937,0.6,3
64,HNSW_HYBRID,"[0.00,0.05)",9.612875,1.0,3
64,IVFFLAT_HYBRID,"[0.00,0.05)",9.898375,1.0,3
64,SQL_FIRST,"[0.00,0.05)",9.787084,1.0,4
64,VECTOR_FIRST_HNSW,"[0.00,0.05)",22.744625,0.6,4
64,HNSW_HYBRID,"[0.00,0.05)",9.374917,1.0,4
64,IVFFLAT_HYBRID,"[0.00,0.05)",9.093625,1.0,4
68,SQL_FIRST,"[0.00,0.05)",8.499666,1.0,0
68,VECTOR_FIRST_HNSW,"[0.00,0.05)",22.966083,0.4,0
68,HNSW_HYBRID,"[0.00,0.05)",9.007833,1.0,0
68,IVFFLAT_HYBRID,"[0.00,0.05)",8.482709,1.0,0
68,SQL_FIRST,"[0.00,0.05)",8.279792,1.0,1
68,VECTOR_FIRST_HNSW,"[0.00,0.05)",22.985125,0.4,1
68,HNSW_HYBRID,"[0.00,0.05)",8.902167,1.0,1
68,IVFFLAT_HYBRID,"[0.00,0.05)",8.431291,1.0,1
68,SQL_FIRST,"[0.00,0.05)",8.25175,1.0,2
68,VECTOR_FIRST_HNSW,"[0.00,0.05)",22.787292,0.4,2
68,HNSW_HYBRID,"[0.00,0.05)",8.795833,1.0,2
68,IVFFLAT_HYBRID,"[0.00,0.05)",8.761834,1.0,2
68,SQL_FIRST,"[0.00,0.05)",8.8825,1.0,3
68,VECTOR_FIRST_HNSW,"[0.00,0.05)",22.88025,0.4,3
68,HNSW_HYBRID,"[0.00,0.05)",8.701125,1.0,3
68,IVFFLAT_HYBRID,"[0.00,0.05)",8.293416,1.0,3
68,SQL_FIRST,"[0.00,0.05)",8.296208,1.0,4
68,VECTOR_FIRST_HNSW,"[0.00,0.05)",22.972166,0.4,4
68,HNSW_HYBRID,"[0.00,0.05)",8.803708,1.0,4
68,IVFFLAT_HYBRID,"[0.00,0.05)",8.158792,1.0,4
70,SQL_FIRST,"[0.00,0.05)",9.862625,1.0,0
70,VECTOR_FIRST_HNSW,"[0.00,0.05)",22.809125,0.3,0
70,HNSW_HYBRID,"[0.00,0.05)",10.436666,1.0,0
70,IVFFLAT_HYBRID,"[0.00,0.05)",9.938708,1.0,0
70,SQL_FIRST,"[0.00,0.05)",10.039167,1.0,1
70,VECTOR_FIRST_HNSW,"[0.00,0.05)",22.734458,0.3,1
70,HNSW_HYBRID,"[0.00,0.05)",10.337,1.0,1
70,IVFFLAT_HYBRID,"[0.00,0.05)",10.748542,1.0,1
70,SQL_FIRST,"[0.00,0.05)",11.238,1.0,2
70,VECTOR_FIRST_HNSW,"[0.00,0.05)",23.007333,0.3,2
70,HNSW_HYBRID,"[0.00,0.05)",10.308542,1.0,2
70,IVFFLAT_HYBRID,"[0.00,0.05)",9.980959,1.0,2
70,SQL_FIRST,"[0.00,0.05)",10.438834,1.0,3
70,VECTOR_FIRST_HNSW,"[0.00,0.05)",22.991,0.3,3
70,HNSW_HYBRID,"[0.00,0.05)",10.253291,1.0,3
70,IVFFLAT_HYBRID,"[0.00,0.05)",9.719,1.0,3
70,SQL_FIRST,"[0.00,0.05)",9.982542,1.0,4
70,VECTOR_FIRST_HNSW,"[0.00,0.05)",22.980291,0.3,4
70,HNSW_HYBRID,"[0.00,0.05)",10.33175,1.0,4
70,IVFFLAT_HYBRID,"[0.00,0.05)",9.744542,1.0,4
76,SQL_FIRST,"[0.00,0.05)",9.166833,1.0,0
76,VECTOR_FIRST_HNSW,"[0.00,0.05)",22.776292,0.5,0
76,HNSW_HYBRID,"[0.00,0.05)",9.933708,1.0,0
76,IVFFLAT_HYBRID,"[0.00,0.05)",9.829708,1.0,0
76,SQL_FIRST,"[0.00,0.05)",9.542875,1.0,1
76,VECTOR_FIRST_HNSW,"[0.00,0.05)",22.795167,0.5,1
76,HNSW_HYBRID,"[0.00,0.05)",9.802708,1.0,1
76,IVFFLAT_HYBRID,"[0.00,0.05)",9.47,1.0,1
76,SQL_FIRST,"[0.00,0.05)",9.330042,1.0,2
76,VECTOR_FIRST_HNSW,"[0.00,0.05)",22.929166,0.5,2
76,HNSW_HYBRID,"[0.00,0.05)",9.450084,1.0,2
76,IVFFLAT_HYBRID,"[0.00,0.05)",9.350916,1.0,2
76,SQL_FIRST,"[0.00,0.05)",9.227417,1.0,3
76,VECTOR_FIRST_HNSW,"[0.00,0.05)",22.892959,0.5,3
76,HNSW_HYBRID,"[0.00,0.05)",9.565208,1.0,3
76,IVFFLAT_HYBRID,"[0.00,0.05)",9.107458,1.0,3
76,SQL_FIRST,"[0.00,0.05)",8.853708,1.0,4
76,VECTOR_FIRST_HNSW,"[0.00,0.05)",22.989541,0.5,4
76,HNSW_HYBRID,"[0.00,0.05)",9.78225,1.0,4
76,IVFFLAT_HYBRID,"[0.00,0.05)",9.794167,1.0,4
78,SQL_FIRST,"[0.00,0.05)",4.987208,1.0,0
78,VECTOR_FIRST_HNSW,"[0.00,0.05)",23.422167,0.0,0
78,HNSW_HYBRID,"[0.00,0.05)",5.242042,1.0,0
78,IVFFLAT_HYBRID,"[0.00,0.05)",4.743667,1.0,0
78,SQL_FIRST,"[0.00,0.05)",4.756875,1.0,1
78,VECTOR_FIRST_HNSW,"[0.00,0.05)",23.246958,0.0,1
78,HNSW_HYBRID,"[0.00,0.05)",5.470833,1.0,1
78,IVFFLAT_HYBRID,"[0.00,0.05)",4.842459,1.0,1
78,SQL_FIRST,"[0.00,0.05)",4.680917,1.0,2
78,VECTOR_FIRST_HNSW,"[0.00,0.05)",22.810291,0.0,2
78,HNSW_HYBRID,"[0.00,0.05)",5.250708,1.0,2
78,IVFFLAT_HYBRID,"[0.00,0.05)",4.738875,1.0,2
78,SQL_FIRST,"[0.00,0.05)",4.917167,1.0,3
78,VECTOR_FIRST_HNSW,"[0.00,0.05)",22.902958,0.0,3
78,HNSW_HYBRID,"[0.00,0.05)",5.377125,1.0,3
78,IVFFLAT_HYBRID,"[0.00,0.05)",4.885041,1.0,3
78,SQL_FIRST,"[0.00,0.05)",4.724708,1.0,4
78,VECTOR_FIRST_HNSW,"[0.00,0.05)",22.723,0.0,4
78,HNSW_HYBRID,"[0.00,0.05)",5.362,1.0,4
78,IVFFLAT_HYBRID,"[0.00,0.05)",4.776542,1.0,4
79,SQL_FIRST,"[0.00,0.05)",10.570333,1.0,0
79,VECTOR_FIRST_HNSW,"[0.00,0.05)",23.286958,0.3,0
79,HNSW_HYBRID,"[0.00,0.05)",10.602917,1.0,0
79,IVFFLAT_HYBRID,"[0.00,0.05)",10.135625,1.0,0
79,SQL_FIRST,"[0.00,0.05)",10.319584,1.0,1
79,VECTOR_FIRST_HNSW,"[0.00,0.05)",22.957208,0.3,1
79,HNSW_HYBRID,"[0.00,0.05)",11.004083,1.0,1
79,IVFFLAT_HYBRID,"[0.00,0.05)",10.151708,1.0,1
79,SQL_FIRST,"[0.00,0.05)",10.011083,1.0,2
79,VECTOR_FIRST_HNSW,"[0.00,0.05)",22.8895,0.3,2
79,HNSW_HYBRID,"[0.00,0.05)",10.64725,1.0,2
79,IVFFLAT_HYBRID,"[0.00,0.05)",10.533958,1.0,2
79,SQL_FIRST,"[0.00,0.05)",10.159416,1.0,3
79,VECTOR_FIRST_HNSW,"[0.00,0.05)",22.896084,0.3,3
79,HNSW_HYBRID,"[0.00,0.05)",10.678958,1.0,3
79,IVFFLAT_HYBRID,"[0.00,0.05)",10.116334,1.0,3
79,SQL_FIRST,"[0.00,0.05)",10.509208,1.0,4
79,VECTOR_FIRST_HNSW,"[0.00,0.05)",22.747666,0.3,4
79,HNSW_HYBRID,"[0.00,0.05)",10.782458,1.0,4
79,IVFFLAT_HYBRID,"[0.00,0.05)",10.6385,1.0,4
81,SQL_FIRST,"[0.00,0.05)",10.963958,1.0,0
81,VECTOR_FIRST_HNSW,"[0.00,0.05)",22.971167,0.1,0
81,HNSW_HYBRID,"[0.00,0.05)",10.881709,1.0,0
81,IVFFLAT_HYBRID,"[0.00,0.05)",11.774458,1.0,0
81,SQL_FIRST,"[0.00,0.05)",11.259292,1.0,1
81,VECTOR_FIRST_HNSW,"[0.00,0.05)",22.997375,0.1,1
81,HNSW_HYBRID,"[0.00,0.05)",11.005292,1.0,1
81,IVFFLAT_HYBRID,"[0.00,0.05)",10.406,1.0,1
81,SQL_FIRST,"[0.00,0.05)",10.911,1.0,2
81,VECTOR_FIRST_HNSW,"[0.00,0.05)",23.075125,0.1,2
81,HNSW_HYBRID,"[0.00,0.05)",11.272625,1.0,2
81,IVFFLAT_HYBRID,"[0.00,0.05)",10.82275,1.0,2
81,SQL_FIRST,"[0.00,0.05)",10.616958,1.0,3
81,VECTOR_FIRST_HNSW,"[0.00,0.05)",23.2645,0.1,3
81,HNSW_HYBRID,"[0.00,0.05)",11.0645,1.0,3
81,IVFFLAT_HYBRID,"[0.00,0.05)",10.846916,1.0,3
81,SQL_FIRST,"[0.00,0.05)",10.84975,1.0,4
81,VECTOR_FIRST_HNSW,"[0.00,0.05)",23.043542,0.1,4
81,HNSW_HYBRID,"[0.00,0.05)",11.155375,1.0,4
81,IVFFLAT_HYBRID,"[0.00,0.05)",10.789,1.0,4
83,SQL_FIRST,"[0.00,0.05)",6.183209,1.0,0
83,VECTOR_FIRST_HNSW,"[0.00,0.05)",22.866792,0.1,0
83,HNSW_HYBRID,"[0.00,0.05)",6.696666,1.0,0
83,IVFFLAT_HYBRID,"[0.00,0.05)",6.1535,1.0,0
83,SQL_FIRST,"[0.00,0.05)",6.139541,1.0,1
83,VECTOR_FIRST_HNSW,"[0.00,0.05)",22.949167,0.1,1
83,HNSW_HYBRID,"[0.00,0.05)",6.666292,1.0,1
83,IVFFLAT_HYBRID,"[0.00,0.05)",6.188917,1.0,1
83,SQL_FIRST,"[0.00,0.05)",6.146708,1.0,2
83,VECTOR_FIRST_HNSW,"[0.00,0.05)",22.816208,0.1,2
83,HNSW_HYBRID,"[0.00,0.05)",6.718833,1.0,2
83,IVFFLAT_HYBRID,"[0.00,0.05)",6.041833,1.0,2
83,SQL_FIRST,"[0.00,0.05)",6.327042,1.0,3
83,VECTOR_FIRST_HNSW,"[0.00,0.05)",23.83625,0.1,3
83,HNSW_HYBRID,"[0.00,0.05)",6.533958,1.0,3
83,IVFFLAT_HYBRID,"[0.00,0.05)",5.930167,1.0,3
83,SQL_FIRST,"[0.00,0.05)",5.868084,1.0,4
83,VECTOR_FIRST_HNSW,"[0.00,0.05)",23.205334,0.1,4
83,HNSW_HYBRID,"[0.00,0.05)",6.75525,1.0,4
83,IVFFLAT_HYBRID,"[0.00,0.05)",6.238708,1.0,4
84,SQL_FIRST,"[0.00,0.05)",8.882666,1.0,0
84,VECTOR_FIRST_HNSW,"[0.00,0.05)",22.889333,0.5,0
84,HNSW_HYBRID,"[0.00,0.05)",9.056166,1.0,0
84,IVFFLAT_HYBRID,"[0.00,0.05)",8.885917,1.0,0
84,SQL_FIRST,"[0.00,0.05)",9.017375,1.0,1
84,VECTOR_FIRST_HNSW,"[0.00,0.05)",23.069,0.5,1
84,HNSW_HYBRID,"[0.00,0.05)",9.241542,1.0,1
84,IVFFLAT_HYBRID,"[0.00,0.05)",8.767875,1.0,1
84,SQL_FIRST,"[0.00,0.05)",8.623833,1.0,2
84,VECTOR_FIRST_HNSW,"[0.00,0.05)",23.049917,0.5,2
84,HNSW_HYBRID,"[0.00,0.05)",9.677667,1.0,2
84,IVFFLAT_HYBRID,"[0.00,0.05)",9.338709,1.0,2
84,SQL_FIRST,"[0.00,0.05)",8.430459,1.0,3
84,VECTOR_FIRST_HNSW,"[0.00,0.05)",22.966917,0.5,3
84,HNSW_HYBRID,"[0.00,0.05)",9.340042,1.0,3
84,IVFFLAT_HYBRID,"[0.00,0.05)",9.190041,1.0,3
84,SQL_FIRST,"[0.00,0.05)",8.97975,1.0,4
84,VECTOR_FIRST_HNSW,"[0.00,0.05)",22.845375,0.5,4
84,HNSW_HYBRID,"[0.00,0.05)",9.287209,1.0,4
84,IVFFLAT_HYBRID,"[0.00,0.05)",8.861125,1.0,4
86,SQL_FIRST,"[0.00,0.05)",8.260125,1.0,0
86,VECTOR_FIRST_HNSW,"[0.00,0.05)",22.749417,0.1,0
86,HNSW_HYBRID,"[0.00,0.05)",9.021084,1.0,0
86,IVFFLAT_HYBRID,"[0.00,0.05)",8.345708,1.0,0
86,SQL_FIRST,"[0.00,0.05)",8.329333,1.0,1
86,VECTOR_FIRST_HNSW,"[0.00,0.05)",22.645916,0.1,1
86,HNSW_HYBRID,"[0.00,0.05)",9.231542,1.0,1
86,IVFFLAT_HYBRID,"[0.00,0.05)",9.170833,1.0,1
86,SQL_FIRST,"[0.00,0.05)",8.660916,1.0,2
86,VECTOR_FIRST_HNSW,"[0.00,0.05)",22.866625,0.1,2
86,HNSW_HYBRID,"[0.00,0.05)",8.894292,1.0,2
86,IVFFLAT_HYBRID,"[0.00,0.05)",8.041666,1.0,2
86,SQL_FIRST,"[0.00,0.05)",8.75725,1.0,3
86,VECTOR_FIRST_HNSW,"[0.00,0.05)",22.856167,0.1,3
86,HNSW_HYBRID,"[0.00,0.05)",8.849708,1.0,3
86,IVFFLAT_HYBRID,"[0.00,0.05)",8.02525,1.0,3
86,SQL_FIRST,"[0.00,0.05)",8.165916,1.0,4
86,VECTOR_FIRST_HNSW,"[0.00,0.05)",22.944708,0.1,4
86,HNSW_HYBRID,"[0.00,0.05)",8.861542,1.0,4
86,IVFFLAT_HYBRID,"[0.00,0.05)",8.203333,1.0,4
88,SQL_FIRST,"[0.00,0.05)",4.689875,1.0,0
88,VECTOR_FIRST_HNSW,"[0.00,0.05)",22.855459,0.0,0
88,HNSW_HYBRID,"[0.00,0.05)",5.138625,1.0,0
88,IVFFLAT_HYBRID,"[0.00,0.05)",4.64875,1.0,0
88,SQL_FIRST,"[0.00,0.05)",4.674292,1.0,1
88,VECTOR_FIRST_HNSW,"[0.00,0.05)",23.378791,0.0,1
88,HNSW_HYBRID,"[0.00,0.05)",5.12525,1.0,1
88,IVFFLAT_HYBRID,"[0.00,0.05)",4.721709,1.0,1
88,SQL_FIRST,"[0.00,0.05)",4.848042,1.0,2
88,VECTOR_FIRST_HNSW,"[0.00,0.05)",22.833292,0.0,2
88,HNSW_HYBRID,"[0.00,0.05)",5.206417,1.0,2
88,IVFFLAT_HYBRID,"[0.00,0.05)",4.796708,1.0,2
88,SQL_FIRST,"[0.00,0.05)",4.768625,1.0,3
88,VECTOR_FIRST_HNSW,"[0.00,0.05)",22.873167,0.0,3
88,HNSW_HYBRID,"[0.00,0.05)",5.174417,1.0,3
88,IVFFLAT_HYBRID,"[0.00,0.05)",4.663708,1.0,3
88,SQL_FIRST,"[0.00,0.05)",4.723167,1.0,4
88,VECTOR_FIRST_HNSW,"[0.00,0.05)",22.743125,0.0,4
88,HNSW_HYBRID,"[0.00,0.05)",5.135167,1.0,4
88,IVFFLAT_HYBRID,"[0.00,0.05)",4.832667,1.0,4
90,SQL_FIRST,"[0.00,0.05)",8.583042,1.0,0
90,VECTOR_FIRST_HNSW,"[0.00,0.05)",22.92275,0.2,0
90,HNSW_HYBRID,"[0.00,0.05)",9.214583,1.0,0
90,IVFFLAT_HYBRID,"[0.00,0.05)",8.796291,1.0,0
90,SQL_FIRST,"[0.00,0.05)",8.449208,1.0,1
90,VECTOR_FIRST_HNSW,"[0.00,0.05)",23.505333,0.2,1
90,HNSW_HYBRID,"[0.00,0.05)",9.789083,1.0,1
90,IVFFLAT_HYBRID,"[0.00,0.05)",8.992541,1.0,1
90,SQL_FIRST,"[0.00,0.05)",8.724417,1.0,2
90,VECTOR_FIRST_HNSW,"[0.00,0.05)",23.018166,0.2,2
90,HNSW_HYBRID,"[0.00,0.05)",9.412708,1.0,2
90,IVFFLAT_HYBRID,"[0.00,0.05)",9.435042,1.0,2
90,SQL_FIRST,"[0.00,0.05)",8.883125,1.0,3
90,VECTOR_FIRST_HNSW,"[0.00,0.05)",22.825167,0.2,3
90,HNSW_HYBRID,"[0.00,0.05)",9.333084,1.0,3
90,IVFFLAT_HYBRID,"[0.00,0.05)",8.686709,1.0,3
90,SQL_FIRST,"[0.00,0.05)",8.978583,1.0,4
90,VECTOR_FIRST_HNSW,"[0.00,0.05)",22.876625,0.2,4
90,HNSW_HYBRID,"[0.00,0.05)",9.366333,1.0,4
90,IVFFLAT_HYBRID,"[0.00,0.05)",8.442583,1.0,4
93,SQL_FIRST,"[0.00,0.05)",6.139291,1.0,0
93,VECTOR_FIRST_HNSW,"[0.00,0.05)",22.809375,0.3,0
93,HNSW_HYBRID,"[0.00,0.05)",6.77425,1.0,0
93,IVFFLAT_HYBRID,"[0.00,0.05)",6.463625,1.0,0
93,SQL_FIRST,"[0.00,0.05)",6.152834,1.0,1
93,VECTOR_FIRST_HNSW,"[0.00,0.05)",23.271542,0.3,1
93,HNSW_HYBRID,"[0.00,0.05)",6.749458,1.0,1
93,IVFFLAT_HYBRID,"[0.00,0.05)",6.131042,1.0,1
93,SQL_FIRST,"[0.00,0.05)",6.133791,1.0,2
93,VECTOR_FIRST_HNSW,"[0.00,0.05)",22.831708,0.3,2
93,HNSW_HYBRID,"[0.00,0.05)",6.895875,1.0,2
93,IVFFLAT_HYBRID,"[0.00,0.05)",6.142792,1.0,2
93,SQL_FIRST,"[0.00,0.05)",6.047209,1.0,3
93,VECTOR_FIRST_HNSW,"[0.00,0.05)",22.833333,0.3,3
93,HNSW_HYBRID,"[0.00,0.05)",6.791333,1.0,3
93,IVFFLAT_HYBRID,"[0.00,0.05)",6.406458,1.0,3
93,SQL_FIRST,"[0.00,0.05)",6.268791,1.0,4
93,VECTOR_FIRST_HNSW,"[0.00,0.05)",23.065,0.3,4
93,HNSW_HYBRID,"[0.00,0.05)",6.799791,1.0,4
93,IVFFLAT_HYBRID,"[0.00,0.05)",6.046125,1.0,4
94,SQL_FIRST,"[0.00,0.05)",8.961083,1.0,0
94,VECTOR_FIRST_HNSW,"[0.00,0.05)",23.050042,0.4,0
94,HNSW_HYBRID,"[0.00,0.05)",9.758042,1.0,0
94,IVFFLAT_HYBRID,"[0.00,0.05)",9.590333,1.0,0
94,SQL_FIRST,"[0.00,0.05)",9.45075,1.0,1
94,VECTOR_FIRST_HNSW,"[0.00,0.05)",22.907459,0.4,1
94,HNSW_HYBRID,"[0.00,0.05)",9.338209,1.0,1
94,IVFFLAT_HYBRID,"[0.00,0.05)",9.769084,1.0,1
94,SQL_FIRST,"[0.00,0.05)",9.085917,1.0,2
94,VECTOR_FIRST_HNSW,"[0.00,0.05)",23.133333,0.4,2
94,HNSW_HYBRID,"[0.00,0.05)",10.513,1.0,2
94,IVFFLAT_HYBRID,"[0.00,0.05)",9.208875,1.0,2
94,SQL_FIRST,"[0.00,0.05)",9.263083,1.0,3
94,VECTOR_FIRST_HNSW,"[0.00,0.05)",22.852791,0.4,3
94,HNSW_HYBRID,"[0.00,0.05)",9.741125,1.0,3
94,IVFFLAT_HYBRID,"[0.00,0.05)",8.803875,1.0,3
94,SQL_FIRST,"[0.00,0.05)",9.030042,1.0,4
94,VECTOR_FIRST_HNSW,"[0.00,0.05)",22.970958,0.4,4
94,HNSW_HYBRID,"[0.00,0.05)",9.544958,1.0,4
94,IVFFLAT_HYBRID,"[0.00,0.05)",8.890208,1.0,4
95,SQL_FIRST,"[0.00,0.05)",4.205792,1.0,0
95,VECTOR_FIRST_HNSW,"[0.00,0.05)",23.159958,0.0,0
95,HNSW_HYBRID,"[0.00,0.05)",4.699916,1.0,0
95,IVFFLAT_HYBRID,"[0.00,0.05)",4.148875,1.0,0
95,SQL_FIRST,"[0.00,0.05)",4.127708,1.0,1
95,VECTOR_FIRST_HNSW,"[0.00,0.05)",22.856792,0.0,1
95,HNSW_HYBRID,"[0.00,0.05)",4.600125,1.0,1
95,IVFFLAT_HYBRID,"[0.00,0.05)",4.226416,1.0,1
95,SQL_FIRST,"[0.00,0.05)",4.181166,1.0,2
95,VECTOR_FIRST_HNSW,"[0.00,0.05)",22.764916,0.0,2
95,HNSW_HYBRID,"[0.00,0.05)",4.571833,1.0,2
95,IVFFLAT_HYBRID,"[0.00,0.05)",4.244917,1.0,2
95,SQL_FIRST,"[0.00,0.05)",4.157791,1.0,3
95,VECTOR_FIRST_HNSW,"[0.00,0.05)",22.812167,0.0,3
95,HNSW_HYBRID,"[0.00,0.05)",4.720625,1.0,3
95,IVFFLAT_HYBRID,"[0.00,0.05)",4.126708,1.0,3
95,SQL_FIRST,"[0.00,0.05)",4.128209,1.0,4
95,VECTOR_FIRST_HNSW,"[0.00,0.05)",22.8545,0.0,4
95,HNSW_HYBRID,"[0.00,0.05)",4.63375,1.0,4
95,IVFFLAT_HYBRID,"[0.00,0.05)",4.213459,1.0,4
96,SQL_FIRST,"[0.00,0.05)",8.723542,1.0,0
96,VECTOR_FIRST_HNSW,"[0.00,0.05)",23.847,0.4,0
96,HNSW_HYBRID,"[0.00,0.05)",9.301625,1.0,0
96,IVFFLAT_HYBRID,"[0.00,0.05)",8.838709,1.0,0
96,SQL_FIRST,"[0.00,0.05)",9.236833,1.0,1
96,VECTOR_FIRST_HNSW,"[0.00,0.05)",22.709,0.4,1
96,HNSW_HYBRID,"[0.00,0.05)",9.892834,1.0,1
96,IVFFLAT_HYBRID,"[0.00,0.05)",9.153084,1.0,1
96,SQL_FIRST,"[0.00,0.05)",8.76025,1.0,2
96,VECTOR_FIRST_HNSW,"[0.00,0.05)",22.83325,0.4,2
96,HNSW_HYBRID,"[0.00,0.05)",9.400834,1.0,2
96,IVFFLAT_HYBRID,"[0.00,0.05)",9.574416,1.0,2
96,SQL_FIRST,"[0.00,0.05)",8.922125,1.0,3
96,VECTOR_FIRST_HNSW,"[0.00,0.05)",22.945291,0.4,3
96,HNSW_HYBRID,"[0.00,0.05)",9.043584,1.0,3
96,IVFFLAT_HYBRID,"[0.00,0.05)",8.835583,1.0,3
96,SQL_FIRST,"[0.00,0.05)",8.985167,1.0,4
96,VECTOR_FIRST_HNSW,"[0.00,0.05)",22.851,0.4,4
96,HNSW_HYBRID,"[0.00,0.05)",9.329208,1.0,4
96,IVFFLAT_HYBRID,"[0.00,0.05)",9.323042,1.0,4
97,SQL_FIRST,"[0.00,0.05)",9.003125,1.0,0
97,VECTOR_FIRST_HNSW,"[0.00,0.05)",22.739417,0.0,0
97,HNSW_HYBRID,"[0.00,0.05)",9.460542,1.0,0
97,IVFFLAT_HYBRID,"[0.00,0.05)",8.959417,1.0,0
97,SQL_FIRST,"[0.00,0.05)",8.897875,1.0,1
97,VECTOR_FIRST_HNSW,"[0.00,0.05)",22.9435,0.0,1
97,HNSW_HYBRID,"[0.00,0.05)",9.159209,1.0,1
97,IVFFLAT_HYBRID,"[0.00,0.05)",8.790375,1.0,1
97,SQL_FIRST,"[0.00,0.05)",9.246584,1.0,2
97,VECTOR_FIRST_HNSW,"[0.00,0.05)",22.829917,0.0,2
97,HNSW_HYBRID,"[0.00,0.05)",9.399209,1.0,2
97,IVFFLAT_HYBRID,"[0.00,0.05)",8.541208,1.0,2
97,SQL_FIRST,"[0.00,0.05)",8.680084,1.0,3
97,VECTOR_FIRST_HNSW,"[0.00,0.05)",22.985917,0.0,3
97,HNSW_HYBRID,"[0.00,0.05)",9.254375,1.0,3
97,IVFFLAT_HYBRID,"[0.00,0.05)",8.857625,1.0,3
97,SQL_FIRST,"[0.00,0.05)",8.60225,1.0,4
97,VECTOR_FIRST_HNSW,"[0.00,0.05)",22.919792,0.0,4
97,HNSW_HYBRID,"[0.00,0.05)",10.010666,1.0,4
97,IVFFLAT_HYBRID,"[0.00,0.05)",9.018958,1.0,4
98,SQL_FIRST,"[0.00,0.05)",9.373458,1.0,0
98,VECTOR_FIRST_HNSW,"[0.00,0.05)",23.002917,0.1,0
98,HNSW_HYBRID,"[0.00,0.05)",9.547167,1.0,0
98,IVFFLAT_HYBRID,"[0.00,0.05)",9.047625,1.0,0
98,SQL_FIRST,"[0.00,0.05)",9.381,1.0,1
98,VECTOR_FIRST_HNSW,"[0.00,0.05)",22.928625,0.1,1
98,HNSW_HYBRID,"[0.00,0.05)",9.778209,1.0,1
98,IVFFLAT_HYBRID,"[0.00,0.05)",8.850666,1.0,1
98,SQL_FIRST,"[0.00,0.05)",9.300291,1.0,2
98,VECTOR_FIRST_HNSW,"[0.00,0.05)",22.978042,0.1,2
98,HNSW_HYBRID,"[0.00,0.05)",9.572708,1.0,2
98,IVFFLAT_HYBRID,"[0.00,0.05)",9.1725,1.0,2
98,SQL_FIRST,"[0.00,0.05)",9.19725,1.0,3
98,VECTOR_FIRST_HNSW,"[0.00,0.05)",22.840667,0.1,3
98,HNSW_HYBRID,"[0.00,0.05)",9.596541,1.0,3
98,IVFFLAT_HYBRID,"[0.00,0.05)",9.694958,1.0,3
98,SQL_FIRST,"[0.00,0.05)",9.488708,1.0,4
98,VECTOR_FIRST_HNSW,"[0.00,0.05)",22.826791,0.1,4
98,HNSW_HYBRID,"[0.00,0.05)",9.49775,1.0,4
98,IVFFLAT_HYBRID,"[0.00,0.05)",9.65625,1.0,4
100,SQL_FIRST,"[0.00,0.05)",5.0075,1.0,0
100,VECTOR_FIRST_HNSW,"[0.00,0.05)",23.101917,0.1,0
100,HNSW_HYBRID,"[0.00,0.05)",5.572333,1.0,0
100,IVFFLAT_HYBRID,"[0.00,0.05)",4.979958,1.0,0
100,SQL_FIRST,"[0.00,0.05)",4.993416,1.0,1
100,VECTOR_FIRST_HNSW,"[0.00,0.05)",22.866208,0.1,1
100,HNSW_HYBRID,"[0.00,0.05)",5.592333,1.0,1
100,IVFFLAT_HYBRID,"[0.00,0.05)",5.099084,1.0,1
100,SQL_FIRST,"[0.00,0.05)",5.110625,1.0,2
100,VECTOR_FIRST_HNSW,"[0.00,0.05)",23.036916,0.1,2
100,HNSW_HYBRID,"[0.00,0.05)",5.565,1.0,2
100,IVFFLAT_HYBRID,"[0.00,0.05)",5.126834,1.0,2
100,SQL_FIRST,"[0.00,0.05)",5.214791,1.0,3
100,VECTOR_FIRST_HNSW,"[0.00,0.05)",23.50025,0.1,3
100,HNSW_HYBRID,"[0.00,0.05)",5.703583,1.0,3
100,IVFFLAT_HYBRID,"[0.00,0.05)",4.987417,1.0,3
100,SQL_FIRST,"[0.00,0.05)",4.981167,1.0,4
100,VECTOR_FIRST_HNSW,"[0.00,0.05)",22.92075,0.1,4
100,HNSW_HYBRID,"[0.00,0.05)",5.523458,1.0,4
100,IVFFLAT_HYBRID,"[0.00,0.05)",5.064791,1.0,4
101,SQL_FIRST,"[0.00,0.05)",8.809167,1.0,0
101,VECTOR_FIRST_HNSW,"[0.00,0.05)",22.900334,0.6,0
101,HNSW_HYBRID,"[0.00,0.05)",9.350125,1.0,0
101,IVFFLAT_HYBRID,"[0.00,0.05)",8.920667,1.0,0
101,SQL_FIRST,"[0.00,0.05)",8.772041,1.0,1
101,VECTOR_FIRST_HNSW,"[0.00,0.05)",22.846792,0.6,1
101,HNSW_HYBRID,"[0.00,0.05)",9.315208,1.0,1
101,IVFFLAT_HYBRID,"[0.00,0.05)",9.205916,1.0,1
101,SQL_FIRST,"[0.00,0.05)",8.893958,1.0,2
101,VECTOR_FIRST_HNSW,"[0.00,0.05)",22.952625,0.6,2
101,HNSW_HYBRID,"[0.00,0.05)",9.16175,1.0,2
101,IVFFLAT_HYBRID,"[0.00,0.05)",8.777291,1.0,2
101,SQL_FIRST,"[0.00,0.05)",9.826875,1.0,3
101,VECTOR_FIRST_HNSW,"[0.00,0.05)",23.471583,0.6,3
101,HNSW_HYBRID,"[0.00,0.05)",9.974208,1.0,3
101,IVFFLAT_HYBRID,"[0.00,0.05)",9.142542,1.0,3
101,SQL_FIRST,"[0.00,0.05)",8.764083,1.0,4
101,VECTOR_FIRST_HNSW,"[0.00,0.05)",23.003167,0.6,4
101,HNSW_HYBRID,"[0.00,0.05)",9.444959,1.0,4
101,IVFFLAT_HYBRID,"[0.00,0.05)",8.836083,1.0,4
105,SQL_FIRST,"[0.00,0.05)",8.952125,1.0,0
105,VECTOR_FIRST_HNSW,"[0.00,0.05)",22.863875,0.4,0
105,HNSW_HYBRID,"[0.00,0.05)",9.328167,1.0,0
105,IVFFLAT_HYBRID,"[0.00,0.05)",9.483292,1.0,0
105,SQL_FIRST,"[0.00,0.05)",8.9725,1.0,1
105,VECTOR_FIRST_HNSW,"[0.00,0.05)",22.88875,0.4,1
105,HNSW_HYBRID,"[0.00,0.05)",9.220208,1.0,1
105,IVFFLAT_HYBRID,"[0.00,0.05)",8.977583,1.0,1
105,SQL_FIRST,"[0.00,0.05)",9.3105,1.0,2
105,VECTOR_FIRST_HNSW,"[0.00,0.05)",23.667458,0.4,2
105,HNSW_HYBRID,"[0.00,0.05)",9.573541,1.0,2
105,IVFFLAT_HYBRID,"[0.00,0.05)",8.709167,1.0,2
105,SQL_FIRST,"[0.00,0.05)",8.754292,1.0,3
105,VECTOR_FIRST_HNSW,"[0.00,0.05)",23.501083,0.4,3
105,HNSW_HYBRID,"[0.00,0.05)",9.488583,1.0,3
105,IVFFLAT_HYBRID,"[0.00,0.05)",9.470667,1.0,3
105,SQL_FIRST,"[0.00,0.05)",10.4055,1.0,4
105,VECTOR_FIRST_HNSW,"[0.00,0.05)",23.189542,0.4,4
105,HNSW_HYBRID,"[0.00,0.05)",9.29275,1.0,4
105,IVFFLAT_HYBRID,"[0.00,0.05)",9.061083,1.0,4
106,SQL_FIRST,"[0.00,0.05)",8.898417,1.0,0
106,VECTOR_FIRST_HNSW,"[0.00,0.05)",23.133209,0.4,0
106,HNSW_HYBRID,"[0.00,0.05)",9.106958,1.0,0
106,IVFFLAT_HYBRID,"[0.00,0.05)",8.834916,1.0,0
106,SQL_FIRST,"[0.00,0.05)",8.731833,1.0,1
106,VECTOR_FIRST_HNSW,"[0.00,0.05)",23.703875,0.4,1
106,HNSW_HYBRID,"[0.00,0.05)",9.261,1.0,1
106,IVFFLAT_HYBRID,"[0.00,0.05)",8.80525,1.0,1
106,SQL_FIRST,"[0.00,0.05)",8.538833,1.0,2
106,VECTOR_FIRST_HNSW,"[0.00,0.05)",23.117584,0.4,2
106,HNSW_HYBRID,"[0.00,0.05)",9.365541,1.0,2
106,IVFFLAT_HYBRID,"[0.00,0.05)",8.953167,1.0,2
106,SQL_FIRST,"[0.00,0.05)",9.016792,1.0,3
106,VECTOR_FIRST_HNSW,"[0.00,0.05)",22.815,0.4,3
106,HNSW_HYBRID,"[0.00,0.05)",9.549583,1.0,3
106,IVFFLAT_HYBRID,"[0.00,0.05)",8.872541,1.0,3
106,SQL_FIRST,"[0.00,0.05)",8.942333,1.0,4
106,VECTOR_FIRST_HNSW,"[0.00,0.05)",22.850708,0.4,4
106,HNSW_HYBRID,"[0.00,0.05)",9.2575,1.0,4
106,IVFFLAT_HYBRID,"[0.00,0.05)",8.707792,1.0,4
107,SQL_FIRST,"[0.00,0.05)",5.25625,1.0,0
107,VECTOR_FIRST_HNSW,"[0.00,0.05)",23.449416,0.1,0
107,HNSW_HYBRID,"[0.00,0.05)",5.903625,1.0,0
107,IVFFLAT_HYBRID,"[0.00,0.05)",5.381959,1.0,0
107,SQL_FIRST,"[0.00,0.05)",5.301084,1.0,1
107,VECTOR_FIRST_HNSW,"[0.00,0.05)",22.889708,0.1,1
107,HNSW_HYBRID,"[0.00,0.05)",5.965958,1.0,1
107,IVFFLAT_HYBRID,"[0.00,0.05)",5.287708,1.0,1
107,SQL_FIRST,"[0.00,0.05)",5.207541,1.0,2
107,VECTOR_FIRST_HNSW,"[0.00,0.05)",23.052291,0.1,2
107,HNSW_HYBRID,"[0.00,0.05)",5.864167,1.0,2
107,IVFFLAT_HYBRID,"[0.00,0.05)",5.237333,1.0,2
107,SQL_FIRST,"[0.00,0.05)",5.307417,1.0,3
107,VECTOR_FIRST_HNSW,"[0.00,0.05)",22.805292,0.1,3
107,HNSW_HYBRID,"[0.00,0.05)",5.988583,1.0,3
107,IVFFLAT_HYBRID,"[0.00,0.05)",5.373083,1.0,3
107,SQL_FIRST,"[0.00,0.05)",5.312667,1.0,4
107,VECTOR_FIRST_HNSW,"[0.00,0.05)",22.900625,0.1,4
107,HNSW_HYBRID,"[0.00,0.05)",5.862375,1.0,4
107,IVFFLAT_HYBRID,"[0.00,0.05)",5.264875,1.0,4
108,SQL_FIRST,"[0.00,0.05)",4.3995,1.0,0
108,VECTOR_FIRST_HNSW,"[0.00,0.05)",22.801667,0.1,0
108,HNSW_HYBRID,"[0.00,0.05)",4.9545,1.0,0
108,IVFFLAT_HYBRID,"[0.00,0.05)",4.401375,1.0,0
108,SQL_FIRST,"[0.00,0.05)",4.392666,1.0,1
108,VECTOR_FIRST_HNSW,"[0.00,0.05)",23.214583,0.1,1
108,HNSW_HYBRID,"[0.00,0.05)",4.892542,1.0,1
108,IVFFLAT_HYBRID,"[0.00,0.05)",4.3455,1.0,1
108,SQL_FIRST,"[0.00,0.05)",4.519875,1.0,2
108,VECTOR_FIRST_HNSW,"[0.00,0.05)",22.736833,0.1,2
108,HNSW_HYBRID,"[0.00,0.05)",4.866917,1.0,2
108,IVFFLAT_HYBRID,"[0.00,0.05)",4.524167,1.0,2
108,SQL_FIRST,"[0.00,0.05)",4.426167,1.0,3
108,VECTOR_FIRST_HNSW,"[0.00,0.05)",22.833875,0.1,3
108,HNSW_HYBRID,"[0.00,0.05)",5.08025,1.0,3
108,IVFFLAT_HYBRID,"[0.00,0.05)",4.411708,1.0,3
108,SQL_FIRST,"[0.00,0.05)",4.415334,1.0,4
108,VECTOR_FIRST_HNSW,"[0.00,0.05)",22.863166,0.1,4
108,HNSW_HYBRID,"[0.00,0.05)",4.9325,1.0,4
108,IVFFLAT_HYBRID,"[0.00,0.05)",4.479375,1.0,4
109,SQL_FIRST,"[0.00,0.05)",8.784167,1.0,0
109,VECTOR_FIRST_HNSW,"[0.00,0.05)",22.981083,0.4,0
109,HNSW_HYBRID,"[0.00,0.05)",9.013334,1.0,0
109,IVFFLAT_HYBRID,"[0.00,0.05)",8.525625,1.0,0
109,SQL_FIRST,"[0.00,0.05)",8.790417,1.0,1
109,VECTOR_FIRST_HNSW,"[0.00,0.05)",23.988583,0.4,1
109,HNSW_HYBRID,"[0.00,0.05)",12.179875,1.0,1
109,IVFFLAT_HYBRID,"[0.00,0.05)",13.6835,1.0,1
109,SQL_FIRST,"[0.00,0.05)",12.676833,1.0,2
109,VECTOR_FIRST_HNSW,"[0.00,0.05)",32.798459,0.4,2
109,HNSW_HYBRID,"[0.00,0.05)",13.582333,1.0,2
109,IVFFLAT_HYBRID,"[0.00,0.05)",17.480042,1.0,2
109,SQL_FIRST,"[0.00,0.05)",14.374375,1.0,3
109,VECTOR_FIRST_HNSW,"[0.00,0.05)",37.250084,0.4,3
109,HNSW_HYBRID,"[0.00,0.05)",10.430041,1.0,3
109,IVFFLAT_HYBRID,"[0.00,0.05)",9.126291,1.0,3
109,SQL_FIRST,"[0.00,0.05)",9.015292,1.0,4
109,VECTOR_FIRST_HNSW,"[0.00,0.05)",23.115917,0.4,4
109,HNSW_HYBRID,"[0.00,0.05)",9.339833,1.0,4
109,IVFFLAT_HYBRID,"[0.00,0.05)",8.343875,1.0,4
110,SQL_FIRST,"[0.00,0.05)",9.716625,1.0,0
110,VECTOR_FIRST_HNSW,"[0.00,0.05)",22.831167,0.2,0
110,HNSW_HYBRID,"[0.00,0.05)",10.217,1.0,0
110,IVFFLAT_HYBRID,"[0.00,0.05)",9.85625,1.0,0
110,SQL_FIRST,"[0.00,0.05)",9.725958,1.0,1
110,VECTOR_FIRST_HNSW,"[0.00,0.05)",22.820084,0.2,1
110,HNSW_HYBRID,"[0.00,0.05)",10.264708,1.0,1
110,IVFFLAT_HYBRID,"[0.00,0.05)",9.853709,1.0,1
110,SQL_FIRST,"[0.00,0.05)",9.779166,1.0,2
110,VECTOR_FIRST_HNSW,"[0.00,0.05)",23.0305,0.2,2
110,HNSW_HYBRID,"[0.00,0.05)",10.183958,1.0,2
110,IVFFLAT_HYBRID,"[0.00,0.05)",9.646042,1.0,2
110,SQL_FIRST,"[0.00,0.05)",9.845583,1.0,3
110,VECTOR_FIRST_HNSW,"[0.00,0.05)",22.933583,0.2,3
110,HNSW_HYBRID,"[0.00,0.05)",10.324375,1.0,3
110,IVFFLAT_HYBRID,"[0.00,0.05)",9.516042,1.0,3
110,SQL_FIRST,"[0.00,0.05)",9.627458,1.0,4
110,VECTOR_FIRST_HNSW,"[0.00,0.05)",23.970625,0.2,4
110,HNSW_HYBRID,"[0.00,0.05)",10.254292,1.0,4
110,IVFFLAT_HYBRID,"[0.00,0.05)",9.770292,1.0,4
111,SQL_FIRST,"[0.00,0.05)",6.340959,1.0,0
111,VECTOR_FIRST_HNSW,"[0.00,0.05)",22.796334,0.3,0
111,HNSW_HYBRID,"[0.00,0.05)",7.027042,1.0,0
111,IVFFLAT_HYBRID,"[0.00,0.05)",6.251583,1.0,0
111,SQL_FIRST,"[0.00,0.05)",6.678792,1.0,1
111,VECTOR_FIRST_HNSW,"[0.00,0.05)",22.857667,0.3,1
111,HNSW_HYBRID,"[0.00,0.05)",7.239291,1.0,1
111,IVFFLAT_HYBRID,"[0.00,0.05)",6.53025,1.0,1
111,SQL_FIRST,"[0.00,0.05)",6.577166,1.0,2
111,VECTOR_FIRST_HNSW,"[0.00,0.05)",23.022417,0.3,2
111,HNSW_HYBRID,"[0.00,0.05)",7.145375,1.0,2
111,IVFFLAT_HYBRID,"[0.00,0.05)",6.492541,1.0,2
111,SQL_FIRST,"[0.00,0.05)",6.214291,1.0,3
111,VECTOR_FIRST_HNSW,"[0.00,0.05)",22.816333,0.3,3
111,HNSW_HYBRID,"[0.00,0.05)",7.1935,1.0,3
111,IVFFLAT_HYBRID,"[0.00,0.05)",6.577959,1.0,3
111,SQL_FIRST,"[0.00,0.05)",7.573375,1.0,4
111,VECTOR_FIRST_HNSW,"[0.00,0.05)",23.438709,0.3,4
111,HNSW_HYBRID,"[0.00,0.05)",7.092083,1.0,4
111,IVFFLAT_HYBRID,"[0.00,0.05)",6.316458,1.0,4
112,SQL_FIRST,"[0.00,0.05)",9.114167,1.0,0
112,VECTOR_FIRST_HNSW,"[0.00,0.05)",22.933916,0.3,0
112,HNSW_HYBRID,"[0.00,0.05)",9.522125,1.0,0
112,IVFFLAT_HYBRID,"[0.00,0.05)",9.012458,1.0,0
112,SQL_FIRST,"[0.00,0.05)",8.944458,1.0,1
112,VECTOR_FIRST_HNSW,"[0.00,0.05)",22.952417,0.3,1
112,HNSW_HYBRID,"[0.00,0.05)",9.249167,1.0,1
112,IVFFLAT_HYBRID,"[0.00,0.05)",9.13125,1.0,1
112,SQL_FIRST,"[0.00,0.05)",8.991334,1.0,2
112,VECTOR_FIRST_HNSW,"[0.00,0.05)",23.055792,0.3,2
112,HNSW_HYBRID,"[0.00,0.05)",9.073958,1.0,2
112,IVFFLAT_HYBRID,"[0.00,0.05)",8.813917,1.0,2
112,SQL_FIRST,"[0.00,0.05)",9.328125,1.0,3
112,VECTOR_FIRST_HNSW,"[0.00,0.05)",23.701125,0.3,3
112,HNSW_HYBRID,"[0.00,0.05)",9.445208,1.0,3
112,IVFFLAT_HYBRID,"[0.00,0.05)",9.053917,1.0,3
112,SQL_FIRST,"[0.00,0.05)",8.912833,1.0,4
112,VECTOR_FIRST_HNSW,"[0.00,0.05)",23.38175,0.3,4
112,HNSW_HYBRID,"[0.00,0.05)",9.715958,1.0,4
112,IVFFLAT_HYBRID,"[0.00,0.05)",9.725709,1.0,4
114,SQL_FIRST,"[0.00,0.05)",9.253834,1.0,0
114,VECTOR_FIRST_HNSW,"[0.00,0.05)",22.955125,0.3,0
114,HNSW_HYBRID,"[0.00,0.05)",9.640209,1.0,0
114,IVFFLAT_HYBRID,"[0.00,0.05)",9.363459,1.0,0
114,SQL_FIRST,"[0.00,0.05)",9.344667,1.0,1
114,VECTOR_FIRST_HNSW,"[0.00,0.05)",23.060625,0.3,1
114,HNSW_HYBRID,"[0.00,0.05)",9.527709,1.0,1
114,IVFFLAT_HYBRID,"[0.00,0.05)",9.070417,1.0,1
114,SQL_FIRST,"[0.00,0.05)",9.243625,1.0,2
114,VECTOR_FIRST_HNSW,"[0.00,0.05)",23.376833,0.3,2
114,HNSW_HYBRID,"[0.00,0.05)",10.392542,1.0,2
114,IVFFLAT_HYBRID,"[0.00,0.05)",9.817791,1.0,2
114,SQL_FIRST,"[0.00,0.05)",11.321042,1.0,3
114,VECTOR_FIRST_HNSW,"[0.00,0.05)",60.264125,0.3,3
114,HNSW_HYBRID,"[0.00,0.05)",19.62075,1.0,3
114,IVFFLAT_HYBRID,"[0.00,0.05)",18.288417,1.0,3
114,SQL_FIRST,"[0.00,0.05)",23.437375,1.0,4
114,VECTOR_FIRST_HNSW,"[0.00,0.05)",49.863125,0.3,4
114,HNSW_HYBRID,"[0.00,0.05)",20.336292,1.0,4
114,IVFFLAT_HYBRID,"[0.00,0.05)",26.109,1.0,4
116,SQL_FIRST,"[0.00,0.05)",8.567375,1.0,0
116,VECTOR_FIRST_HNSW,"[0.00,0.05)",23.273625,0.0,0
116,HNSW_HYBRID,"[0.00,0.05)",8.910625,1.0,0
116,IVFFLAT_HYBRID,"[0.00,0.05)",8.310917,1.0,0
116,SQL_FIRST,"[0.00,0.05)",8.201584,1.0,1
116,VECTOR_FIRST_HNSW,"[0.00,0.05)",22.770833,0.0,1
116,HNSW_HYBRID,"[0.00,0.05)",8.627792,1.0,1
116,IVFFLAT_HYBRID,"[0.00,0.05)",8.266084,1.0,1
116,SQL_FIRST,"[0.00,0.05)",8.597958,1.0,2
116,VECTOR_FIRST_HNSW,"[0.00,0.05)",22.874042,0.0,2
116,HNSW_HYBRID,"[0.00,0.05)",8.823542,1.0,2
116,IVFFLAT_HYBRID,"[0.00,0.05)",8.114792,1.0,2
116,SQL_FIRST,"[0.00,0.05)",8.132083,1.0,3
116,VECTOR_FIRST_HNSW,"[0.00,0.05)",22.969416,0.0,3
116,HNSW_HYBRID,"[0.00,0.05)",9.034875,1.0,3
116,IVFFLAT_HYBRID,"[0.00,0.05)",8.608291,1.0,3
116,SQL_FIRST,"[0.00,0.05)",8.556,1.0,4
116,VECTOR_FIRST_HNSW,"[0.00,0.05)",22.901875,0.0,4
116,HNSW_HYBRID,"[0.00,0.05)",8.9795,1.0,4
116,IVFFLAT_HYBRID,"[0.00,0.05)",8.342583,1.0,4
119,SQL_FIRST,"[0.00,0.05)",9.128083,1.0,0
119,VECTOR_FIRST_HNSW,"[0.00,0.05)",23.143667,0.8,0
119,HNSW_HYBRID,"[0.00,0.05)",9.302958,1.0,0
119,IVFFLAT_HYBRID,"[0.00,0.05)",9.073958,1.0,0
119,SQL_FIRST,"[0.00,0.05)",9.0785,1.0,1
119,VECTOR_FIRST_HNSW,"[0.00,0.05)",23.476708,0.8,1
119,HNSW_HYBRID,"[0.00,0.05)",9.376,1.0,1
119,IVFFLAT_HYBRID,"[0.00,0.05)",9.503083,1.0,1
119,SQL_FIRST,"[0.00,0.05)",8.667041,1.0,2
119,VECTOR_FIRST_HNSW,"[0.00,0.05)",24.339542,0.8,2
119,HNSW_HYBRID,"[0.00,0.05)",9.860417,1.0,2
119,IVFFLAT_HYBRID,"[0.00,0.05)",9.293042,1.0,2
119,SQL_FIRST,"[0.00,0.05)",9.199833,1.0,3
119,VECTOR_FIRST_HNSW,"[0.00,0.05)",22.870125,0.8,3
119,HNSW_HYBRID,"[0.00,0.05)",9.75375,1.0,3
119,IVFFLAT_HYBRID,"[0.00,0.05)",9.179625,1.0,3
119,SQL_FIRST,"[0.00,0.05)",9.088083,1.0,4
119,VECTOR_FIRST_HNSW,"[0.00,0.05)",23.020916,0.8,4
119,HNSW_HYBRID,"[0.00,0.05)",9.5685,1.0,4
119,IVFFLAT_HYBRID,"[0.00,0.05)",8.956625,1.0,4
121,SQL_FIRST,"[0.00,0.05)",5.620667,1.0,0
121,VECTOR_FIRST_HNSW,"[0.00,0.05)",22.973042,0.0,0
121,HNSW_HYBRID,"[0.00,0.05)",6.253583,1.0,0
121,IVFFLAT_HYBRID,"[0.00,0.05)",5.715333,1.0,0
121,SQL_FIRST,"[0.00,0.05)",5.629166,1.0,1
121,VECTOR_FIRST_HNSW,"[0.00,0.05)",22.871625,0.0,1
121,HNSW_HYBRID,"[0.00,0.05)",6.286125,1.0,1
121,IVFFLAT_HYBRID,"[0.00,0.05)",5.631125,1.0,1
121,SQL_FIRST,"[0.00,0.05)",5.760833,1.0,2
121,VECTOR_FIRST_HNSW,"[0.00,0.05)",23.442042,0.0,2
121,HNSW_HYBRID,"[0.00,0.05)",6.1395,1.0,2
121,IVFFLAT_HYBRID,"[0.00,0.05)",5.703459,1.0,2
121,SQL_FIRST,"[0.00,0.05)",5.586791,1.0,3
121,VECTOR_FIRST_HNSW,"[0.00,0.05)",23.702542,0.0,3
121,HNSW_HYBRID,"[0.00,0.05)",6.193958,1.0,3
121,IVFFLAT_HYBRID,"[0.00,0.05)",5.666916,1.0,3
121,SQL_FIRST,"[0.00,0.05)",5.626459,1.0,4
121,VECTOR_FIRST_HNSW,"[0.00,0.05)",22.925167,0.0,4
121,HNSW_HYBRID,"[0.00,0.05)",6.286167,1.0,4
121,IVFFLAT_HYBRID,"[0.00,0.05)",5.706042,1.0,4
124,SQL_FIRST,"[0.00,0.05)",10.655875,1.0,0
124,VECTOR_FIRST_HNSW,"[0.00,0.05)",22.962125,0.2,0
124,HNSW_HYBRID,"[0.00,0.05)",11.155958,1.0,0
124,IVFFLAT_HYBRID,"[0.00,0.05)",10.88725,1.0,0
124,SQL_FIRST,"[0.00,0.05)",10.678083,1.0,1
124,VECTOR_FIRST_HNSW,"[0.00,0.05)",23.403833,0.2,1
124,HNSW_HYBRID,"[0.00,0.05)",11.511458,1.0,1
124,IVFFLAT_HYBRID,"[0.00,0.05)",11.011958,1.0,1
124,SQL_FIRST,"[0.00,0.05)",10.628375,1.0,2
124,VECTOR_FIRST_HNSW,"[0.00,0.05)",23.227542,0.2,2
124,HNSW_HYBRID,"[0.00,0.05)",11.130459,1.0,2
124,IVFFLAT_HYBRID,"[0.00,0.05)",10.691625,1.0,2
124,SQL_FIRST,"[0.00,0.05)",10.600333,1.0,3
124,VECTOR_FIRST_HNSW,"[0.00,0.05)",22.84225,0.2,3
124,HNSW_HYBRID,"[0.00,0.05)",11.29075,1.0,3
124,IVFFLAT_HYBRID,"[0.00,0.05)",10.7085,1.0,3
124,SQL_FIRST,"[0.00,0.05)",10.88325,1.0,4
124,VECTOR_FIRST_HNSW,"[0.00,0.05)",23.009834,0.2,4
124,HNSW_HYBRID,"[0.00,0.05)",11.201334,1.0,4
124,IVFFLAT_HYBRID,"[0.00,0.05)",11.056167,1.0,4
128,SQL_FIRST,"[0.00,0.05)",7.27675,1.0,0
128,VECTOR_FIRST_HNSW,"[0.00,0.05)",23.428625,0.0,0
128,HNSW_HYBRID,"[0.00,0.05)",7.985,1.0,0
128,IVFFLAT_HYBRID,"[0.00,0.05)",7.323125,1.0,0
128,SQL_FIRST,"[0.00,0.05)",7.154667,1.0,1
128,VECTOR_FIRST_HNSW,"[0.00,0.05)",22.745958,0.0,1
128,HNSW_HYBRID,"[0.00,0.05)",8.136083,1.0,1
128,IVFFLAT_HYBRID,"[0.00,0.05)",8.373084,1.0,1
128,SQL_FIRST,"[0.00,0.05)",8.314875,1.0,2
128,VECTOR_FIRST_HNSW,"[0.00,0.05)",23.658875,0.0,2
128,HNSW_HYBRID,"[0.00,0.05)",8.140416,1.0,2
128,IVFFLAT_HYBRID,"[0.00,0.05)",7.387875,1.0,2
128,SQL_FIRST,"[0.00,0.05)",7.732791,1.0,3
128,VECTOR_FIRST_HNSW,"[0.00,0.05)",23.110292,0.0,3
128,HNSW_HYBRID,"[0.00,0.05)",8.100375,1.0,3
128,IVFFLAT_HYBRID,"[0.00,0.05)",7.472834,1.0,3
128,SQL_FIRST,"[0.00,0.05)",7.3465,1.0,4
128,VECTOR_FIRST_HNSW,"[0.00,0.05)",23.001292,0.0,4
128,HNSW_HYBRID,"[0.00,0.05)",8.070167,1.0,4
128,IVFFLAT_HYBRID,"[0.00,0.05)",7.253333,1.0,4
129,SQL_FIRST,"[0.00,0.05)",9.513583,1.0,0
129,VECTOR_FIRST_HNSW,"[0.00,0.05)",22.973708,0.6,0
129,HNSW_HYBRID,"[0.00,0.05)",9.48375,1.0,0
129,IVFFLAT_HYBRID,"[0.00,0.05)",9.305875,1.0,0
129,SQL_FIRST,"[0.00,0.05)",9.840667,1.0,1
129,VECTOR_FIRST_HNSW,"[0.00,0.05)",24.334791,0.6,1
129,HNSW_HYBRID,"[0.00,0.05)",9.355875,1.0,1
129,IVFFLAT_HYBRID,"[0.00,0.05)",9.089083,1.0,1
129,SQL_FIRST,"[0.00,0.05)",8.845458,1.0,2
129,VECTOR_FIRST_HNSW,"[0.00,0.05)",22.899667,0.6,2
129,HNSW_HYBRID,"[0.00,0.05)",9.601792,1.0,2
129,IVFFLAT_HYBRID,"[0.00,0.05)",9.295667,1.0,2
129,SQL_FIRST,"[0.00,0.05)",8.821083,1.0,3
129,VECTOR_FIRST_HNSW,"[0.00,0.05)",23.065583,0.6,3
129,HNSW_HYBRID,"[0.00,0.05)",9.543416,1.0,3
129,IVFFLAT_HYBRID,"[0.00,0.05)",9.061375,1.0,3
129,SQL_FIRST,"[0.00,0.05)",9.304875,1.0,4
129,VECTOR_FIRST_HNSW,"[0.00,0.05)",22.766042,0.6,4
129,HNSW_HYBRID,"[0.00,0.05)",9.870417,1.0,4
129,IVFFLAT_HYBRID,"[0.00,0.05)",9.190917,1.0,4
130,SQL_FIRST,"[0.00,0.05)",10.928125,1.0,0
130,VECTOR_FIRST_HNSW,"[0.00,0.05)",22.921875,0.3,0
130,HNSW_HYBRID,"[0.00,0.05)",11.405208,1.0,0
130,IVFFLAT_HYBRID,"[0.00,0.05)",10.733667,1.0,0
130,SQL_FIRST,"[0.00,0.05)",11.010459,1.0,1
130,VECTOR_FIRST_HNSW,"[0.00,0.05)",22.912834,0.3,1
130,HNSW_HYBRID,"[0.00,0.05)",11.248334,1.0,1
130,IVFFLAT_HYBRID,"[0.00,0.05)",10.839916,1.0,1
130,SQL_FIRST,"[0.00,0.05)",10.987,1.0,2
130,VECTOR_FIRST_HNSW,"[0.00,0.05)",22.922459,0.3,2
130,HNSW_HYBRID,"[0.00,0.05)",11.550958,1.0,2
130,IVFFLAT_HYBRID,"[0.00,0.05)",10.702542,1.0,2
130,SQL_FIRST,"[0.00,0.05)",10.812291,1.0,3
130,VECTOR_FIRST_HNSW,"[0.00,0.05)",23.792416,0.3,3
130,HNSW_HYBRID,"[0.00,0.05)",11.481833,1.0,3
130,IVFFLAT_HYBRID,"[0.00,0.05)",10.866417,1.0,3
130,SQL_FIRST,"[0.00,0.05)",10.755708,1.0,4
130,VECTOR_FIRST_HNSW,"[0.00,0.05)",23.187708,0.3,4
130,HNSW_HYBRID,"[0.00,0.05)",11.416209,1.0,4
130,IVFFLAT_HYBRID,"[0.00,0.05)",10.77525,1.0,4
131,SQL_FIRST,"[0.00,0.05)",6.943333,1.0,0
131,VECTOR_FIRST_HNSW,"[0.00,0.05)",22.907167,0.0,0
131,HNSW_HYBRID,"[0.00,0.05)",7.584292,1.0,0
131,IVFFLAT_HYBRID,"[0.00,0.05)",6.964958,1.0,0
131,SQL_FIRST,"[0.00,0.05)",6.858458,1.0,1
131,VECTOR_FIRST_HNSW,"[0.00,0.05)",22.831875,0.0,1
131,HNSW_HYBRID,"[0.00,0.05)",7.641417,1.0,1
131,IVFFLAT_HYBRID,"[0.00,0.05)",7.365541,1.0,1
131,SQL_FIRST,"[0.00,0.05)",6.876833,1.0,2
131,VECTOR_FIRST_HNSW,"[0.00,0.05)",22.899583,0.0,2
131,HNSW_HYBRID,"[0.00,0.05)",7.7175,1.0,2
131,IVFFLAT_HYBRID,"[0.00,0.05)",6.970583,1.0,2
131,SQL_FIRST,"[0.00,0.05)",7.294791,1.0,3
131,VECTOR_FIRST_HNSW,"[0.00,0.05)",22.889417,0.0,3
131,HNSW_HYBRID,"[0.00,0.05)",7.66125,1.0,3
131,IVFFLAT_HYBRID,"[0.00,0.05)",6.860916,1.0,3
131,SQL_FIRST,"[0.00,0.05)",7.246,1.0,4
131,VECTOR_FIRST_HNSW,"[0.00,0.05)",22.977208,0.0,4
131,HNSW_HYBRID,"[0.00,0.05)",7.741833,1.0,4
131,IVFFLAT_HYBRID,"[0.00,0.05)",6.988458,1.0,4
133,SQL_FIRST,"[0.00,0.05)",5.400375,1.0,0
133,VECTOR_FIRST_HNSW,"[0.00,0.05)",22.997292,0.0,0
133,HNSW_HYBRID,"[0.00,0.05)",5.981209,1.0,0
133,IVFFLAT_HYBRID,"[0.00,0.05)",5.383792,1.0,0
133,SQL_FIRST,"[0.00,0.05)",5.465375,1.0,1
133,VECTOR_FIRST_HNSW,"[0.00,0.05)",22.911,0.0,1
133,HNSW_HYBRID,"[0.00,0.05)",5.975291,1.0,1
133,IVFFLAT_HYBRID,"[0.00,0.05)",5.643291,1.0,1
133,SQL_FIRST,"[0.00,0.05)",5.4675,1.0,2
133,VECTOR_FIRST_HNSW,"[0.00,0.05)",22.998167,0.0,2
133,HNSW_HYBRID,"[0.00,0.05)",5.806542,1.0,2
133,IVFFLAT_HYBRID,"[0.00,0.05)",5.272167,1.0,2
133,SQL_FIRST,"[0.00,0.05)",5.63525,1.0,3
133,VECTOR_FIRST_HNSW,"[0.00,0.05)",23.150959,0.0,3
133,HNSW_HYBRID,"[0.00,0.05)",5.894375,1.0,3
133,IVFFLAT_HYBRID,"[0.00,0.05)",5.362875,1.0,3
133,SQL_FIRST,"[0.00,0.05)",5.245375,1.0,4
133,VECTOR_FIRST_HNSW,"[0.00,0.05)",23.738125,0.0,4
133,HNSW_HYBRID,"[0.00,0.05)",5.885542,1.0,4
133,IVFFLAT_HYBRID,"[0.00,0.05)",5.272541,1.0,4
134,SQL_FIRST,"[0.00,0.05)",9.002041,1.0,0
134,VECTOR_FIRST_HNSW,"[0.00,0.05)",23.378959,0.3,0
134,HNSW_HYBRID,"[0.00,0.05)",9.452792,1.0,0
134,IVFFLAT_HYBRID,"[0.00,0.05)",9.113167,1.0,0
134,SQL_FIRST,"[0.00,0.05)",9.033833,1.0,1
134,VECTOR_FIRST_HNSW,"[0.00,0.05)",23.009541,0.3,1
134,HNSW_HYBRID,"[0.00,0.05)",9.472084,1.0,1
134,IVFFLAT_HYBRID,"[0.00,0.05)",8.669041,1.0,1
134,SQL_FIRST,"[0.00,0.05)",8.875458,1.0,2
134,VECTOR_FIRST_HNSW,"[0.00,0.05)",23.427708,0.3,2
134,HNSW_HYBRID,"[0.00,0.05)",9.422125,1.0,2
134,IVFFLAT_HYBRID,"[0.00,0.05)",9.0125,1.0,2
134,SQL_FIRST,"[0.00,0.05)",8.934167,1.0,3
134,VECTOR_FIRST_HNSW,"[0.00,0.05)",22.897208,0.3,3
134,HNSW_HYBRID,"[0.00,0.05)",9.653125,1.0,3
134,IVFFLAT_HYBRID,"[0.00,0.05)",8.883167,1.0,3
134,SQL_FIRST,"[0.00,0.05)",8.824292,1.0,4
134,VECTOR_FIRST_HNSW,"[0.00,0.05)",22.901208,0.3,4
134,HNSW_HYBRID,"[0.00,0.05)",9.652458,1.0,4
134,IVFFLAT_HYBRID,"[0.00,0.05)",9.012083,1.0,4
136,SQL_FIRST,"[0.00,0.05)",9.383708,1.0,0
136,VECTOR_FIRST_HNSW,"[0.00,0.05)",22.909,0.2,0
136,HNSW_HYBRID,"[0.00,0.05)",9.439458,1.0,0
136,IVFFLAT_HYBRID,"[0.00,0.05)",8.835334,1.0,0
136,SQL_FIRST,"[0.00,0.05)",8.738167,1.0,1
136,VECTOR_FIRST_HNSW,"[0.00,0.05)",23.29025,0.2,1
136,HNSW_HYBRID,"[0.00,0.05)",9.237667,1.0,1
136,IVFFLAT_HYBRID,"[0.00,0.05)",8.86325,1.0,1
136,SQL_FIRST,"[0.00,0.05)",8.441625,1.0,2
136,VECTOR_FIRST_HNSW,"[0.00,0.05)",22.909334,0.2,2
136,HNSW_HYBRID,"[0.00,0.05)",9.45,1.0,2
136,IVFFLAT_HYBRID,"[0.00,0.05)",8.944209,1.0,2
136,SQL_FIRST,"[0.00,0.05)",8.643292,1.0,3
136,VECTOR_FIRST_HNSW,"[0.00,0.05)",22.862125,0.2,3
136,HNSW_HYBRID,"[0.00,0.05)",9.059292,1.0,3
136,IVFFLAT_HYBRID,"[0.00,0.05)",9.086833,1.0,3
136,SQL_FIRST,"[0.00,0.05)",8.685583,1.0,4
136,VECTOR_FIRST_HNSW,"[0.00,0.05)",22.993417,0.2,4
136,HNSW_HYBRID,"[0.00,0.05)",8.88825,1.0,4
136,IVFFLAT_HYBRID,"[0.00,0.05)",8.51875,1.0,4
137,SQL_FIRST,"[0.00,0.05)",8.1535,1.0,0
137,VECTOR_FIRST_HNSW,"[0.00,0.05)",22.941667,0.2,0
137,HNSW_HYBRID,"[0.00,0.05)",8.860292,1.0,0
137,IVFFLAT_HYBRID,"[0.00,0.05)",8.767917,1.0,0
137,SQL_FIRST,"[0.00,0.05)",8.236333,1.0,1
137,VECTOR_FIRST_HNSW,"[0.00,0.05)",22.931625,0.2,1
137,HNSW_HYBRID,"[0.00,0.05)",8.892041,1.0,1
137,IVFFLAT_HYBRID,"[0.00,0.05)",8.451042,1.0,1
137,SQL_FIRST,"[0.00,0.05)",8.333667,1.0,2
137,VECTOR_FIRST_HNSW,"[0.00,0.05)",22.9555,0.2,2
137,HNSW_HYBRID,"[0.00,0.05)",8.826625,1.0,2
137,IVFFLAT_HYBRID,"[0.00,0.05)",8.083167,1.0,2
137,SQL_FIRST,"[0.00,0.05)",9.202917,1.0,3
137,VECTOR_FIRST_HNSW,"[0.00,0.05)",23.173375,0.2,3
137,HNSW_HYBRID,"[0.00,0.05)",9.003125,1.0,3
137,IVFFLAT_HYBRID,"[0.00,0.05)",8.148542,1.0,3
137,SQL_FIRST,"[0.00,0.05)",7.88825,1.0,4
137,VECTOR_FIRST_HNSW,"[0.00,0.05)",22.913167,0.2,4
137,HNSW_HYBRID,"[0.00,0.05)",9.012209,1.0,4
137,IVFFLAT_HYBRID,"[0.00,0.05)",8.22425,1.0,4
138,SQL_FIRST,"[0.00,0.05)",9.17775,1.0,0
138,VECTOR_FIRST_HNSW,"[0.00,0.05)",22.87925,0.2,0
138,HNSW_HYBRID,"[0.00,0.05)",9.1275,1.0,0
138,IVFFLAT_HYBRID,"[0.00,0.05)",8.319167,1.0,0
138,SQL_FIRST,"[0.00,0.05)",9.318292,1.0,1
138,VECTOR_FIRST_HNSW,"[0.00,0.05)",24.026042,0.2,1
138,HNSW_HYBRID,"[0.00,0.05)",9.209917,1.0,1
138,IVFFLAT_HYBRID,"[0.00,0.05)",8.220625,1.0,1
138,SQL_FIRST,"[0.00,0.05)",8.443,1.0,2
138,VECTOR_FIRST_HNSW,"[0.00,0.05)",23.179875,0.2,2
138,HNSW_HYBRID,"[0.00,0.05)",9.615042,1.0,2
138,IVFFLAT_HYBRID,"[0.00,0.05)",9.060583,1.0,2
138,SQL_FIRST,"[0.00,0.05)",8.4885,1.0,3
138,VECTOR_FIRST_HNSW,"[0.00,0.05)",24.662875,0.2,3
138,HNSW_HYBRID,"[0.00,0.05)",9.195917,1.0,3
138,IVFFLAT_HYBRID,"[0.00,0.05)",8.668041,1.0,3
138,SQL_FIRST,"[0.00,0.05)",8.454667,1.0,4
138,VECTOR_FIRST_HNSW,"[0.00,0.05)",22.959209,0.2,4
138,HNSW_HYBRID,"[0.00,0.05)",9.032417,1.0,4
138,IVFFLAT_HYBRID,"[0.00,0.05)",9.104292,1.0,4
139,SQL_FIRST,"[0.00,0.05)",10.429125,1.0,0
139,VECTOR_FIRST_HNSW,"[0.00,0.05)",22.88925,0.3,0
139,HNSW_HYBRID,"[0.00,0.05)",10.676916,1.0,0
139,IVFFLAT_HYBRID,"[0.00,0.05)",10.426417,1.0,0
139,SQL_FIRST,"[0.00,0.05)",10.209542,1.0,1
139,VECTOR_FIRST_HNSW,"[0.00,0.05)",23.005,0.3,1
139,HNSW_HYBRID,"[0.00,0.05)",10.7025,1.0,1
139,IVFFLAT_HYBRID,"[0.00,0.05)",10.410292,1.0,1
139,SQL_FIRST,"[0.00,0.05)",10.416459,1.0,2
139,VECTOR_FIRST_HNSW,"[0.00,0.05)",22.865583,0.3,2
139,HNSW_HYBRID,"[0.00,0.05)",10.887417,1.0,2
139,IVFFLAT_HYBRID,"[0.00,0.05)",10.342292,1.0,2
139,SQL_FIRST,"[0.00,0.05)",10.454833,1.0,3
139,VECTOR_FIRST_HNSW,"[0.00,0.05)",24.279333,0.3,3
139,HNSW_HYBRID,"[0.00,0.05)",10.922792,1.0,3
139,IVFFLAT_HYBRID,"[0.00,0.05)",10.919959,1.0,3
139,SQL_FIRST,"[0.00,0.05)",10.792625,1.0,4
139,VECTOR_FIRST_HNSW,"[0.00,0.05)",24.454125,0.3,4
139,HNSW_HYBRID,"[0.00,0.05)",11.306708,1.0,4
139,IVFFLAT_HYBRID,"[0.00,0.05)",10.531166,1.0,4
142,SQL_FIRST,"[0.00,0.05)",11.1775,1.0,0
142,VECTOR_FIRST_HNSW,"[0.00,0.05)",22.906875,0.6,0
142,HNSW_HYBRID,"[0.00,0.05)",11.51025,1.0,0
142,IVFFLAT_HYBRID,"[0.00,0.05)",11.154542,1.0,0
142,SQL_FIRST,"[0.00,0.05)",11.38575,1.0,1
142,VECTOR_FIRST_HNSW,"[0.00,0.05)",22.928417,0.6,1
142,HNSW_HYBRID,"[0.00,0.05)",11.549667,1.0,1
142,IVFFLAT_HYBRID,"[0.00,0.05)",11.084,1.0,1
142,SQL_FIRST,"[0.00,0.05)",11.135167,1.0,2
142,VECTOR_FIRST_HNSW,"[0.00,0.05)",23.588375,0.6,2
142,HNSW_HYBRID,"[0.00,0.05)",11.690584,1.0,2
142,IVFFLAT_HYBRID,"[0.00,0.05)",11.113459,1.0,2
142,SQL_FIRST,"[0.00,0.05)",10.825542,1.0,3
142,VECTOR_FIRST_HNSW,"[0.00,0.05)",23.013666,0.6,3
142,HNSW_HYBRID,"[0.00,0.05)",11.517459,1.0,3
142,IVFFLAT_HYBRID,"[0.00,0.05)",11.146458,1.0,3
142,SQL_FIRST,"[0.00,0.05)",11.204834,1.0,4
142,VECTOR_FIRST_HNSW,"[0.00,0.05)",23.076667,0.6,4
142,HNSW_HYBRID,"[0.00,0.05)",11.596333,1.0,4
142,IVFFLAT_HYBRID,"[0.00,0.05)",11.292542,1.0,4
146,SQL_FIRST,"[0.00,0.05)",7.887917,1.0,0
146,VECTOR_FIRST_HNSW,"[0.00,0.05)",22.90575,0.2,0
146,HNSW_HYBRID,"[0.00,0.05)",8.545875,1.0,0
146,IVFFLAT_HYBRID,"[0.00,0.05)",8.254708,1.0,0
146,SQL_FIRST,"[0.00,0.05)",8.024,1.0,1
146,VECTOR_FIRST_HNSW,"[0.00,0.05)",23.680542,0.2,1
146,HNSW_HYBRID,"[0.00,0.05)",8.479625,1.0,1
146,IVFFLAT_HYBRID,"[0.00,0.05)",8.112208,1.0,1
146,SQL_FIRST,"[0.00,0.05)",7.9,1.0,2
146,VECTOR_FIRST_HNSW,"[0.00,0.05)",23.596834,0.2,2
146,HNSW_HYBRID,"[0.00,0.05)",8.550584,1.0,2
146,IVFFLAT_HYBRID,"[0.00,0.05)",7.865875,1.0,2
146,SQL_FIRST,"[0.00,0.05)",8.008875,1.0,3
146,VECTOR_FIRST_HNSW,"[0.00,0.05)",22.868417,0.2,3
146,HNSW_HYBRID,"[0.00,0.05)",8.662833,1.0,3
146,IVFFLAT_HYBRID,"[0.00,0.05)",7.832667,1.0,3
146,SQL_FIRST,"[0.00,0.05)",7.810792,1.0,4
146,VECTOR_FIRST_HNSW,"[0.00,0.05)",22.932792,0.2,4
146,HNSW_HYBRID,"[0.00,0.05)",8.594958,1.0,4
146,IVFFLAT_HYBRID,"[0.00,0.05)",7.996,1.0,4
149,SQL_FIRST,"[0.00,0.05)",8.429167,1.0,0
149,VECTOR_FIRST_HNSW,"[0.00,0.05)",22.84475,0.5,0
149,HNSW_HYBRID,"[0.00,0.05)",9.218708,1.0,0
149,IVFFLAT_HYBRID,"[0.00,0.05)",9.43725,1.0,0
149,SQL_FIRST,"[0.00,0.05)",9.134375,1.0,1
149,VECTOR_FIRST_HNSW,"[0.00,0.05)",22.885791,0.5,1
149,HNSW_HYBRID,"[0.00,0.05)",9.0805,1.0,1
149,IVFFLAT_HYBRID,"[0.00,0.05)",9.084375,1.0,1
149,SQL_FIRST,"[0.00,0.05)",8.613542,1.0,2
149,VECTOR_FIRST_HNSW,"[0.00,0.05)",22.960083,0.5,2
149,HNSW_HYBRID,"[0.00,0.05)",8.991875,1.0,2
149,IVFFLAT_HYBRID,"[0.00,0.05)",8.998792,1.0,2
149,SQL_FIRST,"[0.00,0.05)",8.519042,1.0,3
149,VECTOR_FIRST_HNSW,"[0.00,0.05)",23.017875,0.5,3
149,HNSW_HYBRID,"[0.00,0.05)",8.915541,1.0,3
149,IVFFLAT_HYBRID,"[0.00,0.05)",8.628875,1.0,3
149,SQL_FIRST,"[0.00,0.05)",8.454791,1.0,4
149,VECTOR_FIRST_HNSW,"[0.00,0.05)",22.9725,0.5,4
149,HNSW_HYBRID,"[0.00,0.05)",9.18425,1.0,4
149,IVFFLAT_HYBRID,"[0.00,0.05)",8.753167,1.0,4
150,SQL_FIRST,"[0.00,0.05)",4.945167,1.0,0
150,VECTOR_FIRST_HNSW,"[0.00,0.05)",22.879791,0.1,0
150,HNSW_HYBRID,"[0.00,0.05)",5.26575,1.0,0
150,IVFFLAT_HYBRID,"[0.00,0.05)",4.713708,1.0,0
150,SQL_FIRST,"[0.00,0.05)",4.665,1.0,1
150,VECTOR_FIRST_HNSW,"[0.00,0.05)",23.135625,0.1,1
150,HNSW_HYBRID,"[0.00,0.05)",5.100292,1.0,1
150,IVFFLAT_HYBRID,"[0.00,0.05)",4.638958,1.0,1
150,SQL_FIRST,"[0.00,0.05)",4.601417,1.0,2
150,VECTOR_FIRST_HNSW,"[0.00,0.05)",22.841708,0.1,2
150,HNSW_HYBRID,"[0.00,0.05)",5.222583,1.0,2
150,IVFFLAT_HYBRID,"[0.00,0.05)",4.801375,1.0,2
150,SQL_FIRST,"[0.00,0.05)",4.797209,1.0,3
150,VECTOR_FIRST_HNSW,"[0.00,0.05)",23.145917,0.1,3
150,HNSW_HYBRID,"[0.00,0.05)",5.234041,1.0,3
150,IVFFLAT_HYBRID,"[0.00,0.05)",4.669083,1.0,3
150,SQL_FIRST,"[0.00,0.05)",4.519792,1.0,4
150,VECTOR_FIRST_HNSW,"[0.00,0.05)",22.838625,0.1,4
150,HNSW_HYBRID,"[0.00,0.05)",5.85175,1.0,4
150,IVFFLAT_HYBRID,"[0.00,0.05)",4.695,1.0,4
151,SQL_FIRST,"[0.00,0.05)",9.301291,1.0,0
151,VECTOR_FIRST_HNSW,"[0.00,0.05)",23.278125,0.5,0
151,HNSW_HYBRID,"[0.00,0.05)",9.532542,1.0,0
151,IVFFLAT_HYBRID,"[0.00,0.05)",9.27175,1.0,0
151,SQL_FIRST,"[0.00,0.05)",8.994167,1.0,1
151,VECTOR_FIRST_HNSW,"[0.00,0.05)",22.949875,0.5,1
151,HNSW_HYBRID,"[0.00,0.05)",9.738,1.0,1
151,IVFFLAT_HYBRID,"[0.00,0.05)",9.7405,1.0,1
151,SQL_FIRST,"[0.00,0.05)",8.85825,1.0,2
151,VECTOR_FIRST_HNSW,"[0.00,0.05)",22.894416,0.5,2
151,HNSW_HYBRID,"[0.00,0.05)",9.839458,1.0,2
151,IVFFLAT_HYBRID,"[0.00,0.05)",9.245584,1.0,2
151,SQL_FIRST,"[0.00,0.05)",9.361417,1.0,3
151,VECTOR_FIRST_HNSW,"[0.00,0.05)",22.8725,0.5,3
151,HNSW_HYBRID,"[0.00,0.05)",9.864208,1.0,3
151,IVFFLAT_HYBRID,"[0.00,0.05)",9.405542,1.0,3
151,SQL_FIRST,"[0.00,0.05)",9.24575,1.0,4
151,VECTOR_FIRST_HNSW,"[0.00,0.05)",23.081292,0.5,4
151,HNSW_HYBRID,"[0.00,0.05)",9.766459,1.0,4
151,IVFFLAT_HYBRID,"[0.00,0.05)",9.605333,1.0,4
153,SQL_FIRST,"[0.00,0.05)",7.285417,1.0,0
153,VECTOR_FIRST_HNSW,"[0.00,0.05)",23.322583,0.3,0
153,HNSW_HYBRID,"[0.00,0.05)",8.676208,1.0,0
153,IVFFLAT_HYBRID,"[0.00,0.05)",8.573708,1.0,0
153,SQL_FIRST,"[0.00,0.05)",7.441,1.0,1
153,VECTOR_FIRST_HNSW,"[0.00,0.05)",22.814542,0.3,1
153,HNSW_HYBRID,"[0.00,0.05)",8.344083,1.0,1
153,IVFFLAT_HYBRID,"[0.00,0.05)",7.407833,1.0,1
153,SQL_FIRST,"[0.00,0.05)",7.326,1.0,2
153,VECTOR_FIRST_HNSW,"[0.00,0.05)",23.379459,0.3,2
153,HNSW_HYBRID,"[0.00,0.05)",8.014625,1.0,2
153,IVFFLAT_HYBRID,"[0.00,0.05)",7.43225,1.0,2
153,SQL_FIRST,"[0.00,0.05)",7.516167,1.0,3
153,VECTOR_FIRST_HNSW,"[0.00,0.05)",22.983042,0.3,3
153,HNSW_HYBRID,"[0.00,0.05)",8.040459,1.0,3
153,IVFFLAT_HYBRID,"[0.00,0.05)",7.57775,1.0,3
153,SQL_FIRST,"[0.00,0.05)",7.200875,1.0,4
153,VECTOR_FIRST_HNSW,"[0.00,0.05)",22.84925,0.3,4
153,HNSW_HYBRID,"[0.00,0.05)",7.920125,1.0,4
153,IVFFLAT_HYBRID,"[0.00,0.05)",7.53975,1.0,4
154,SQL_FIRST,"[0.00,0.05)",8.717042,1.0,0
154,VECTOR_FIRST_HNSW,"[0.00,0.05)",23.006084,0.3,0
154,HNSW_HYBRID,"[0.00,0.05)",9.290417,1.0,0
154,IVFFLAT_HYBRID,"[0.00,0.05)",8.813291,1.0,0
154,SQL_FIRST,"[0.00,0.05)",8.906459,1.0,1
154,VECTOR_FIRST_HNSW,"[0.00,0.05)",22.981792,0.3,1
154,HNSW_HYBRID,"[0.00,0.05)",9.469917,1.0,1
154,IVFFLAT_HYBRID,"[0.00,0.05)",8.69625,1.0,1
154,SQL_FIRST,"[0.00,0.05)",8.796333,1.0,2
154,VECTOR_FIRST_HNSW,"[0.00,0.05)",23.009542,0.3,2
154,HNSW_HYBRID,"[0.00,0.05)",9.522458,1.0,2
154,IVFFLAT_HYBRID,"[0.00,0.05)",8.927167,1.0,2
154,SQL_FIRST,"[0.00,0.05)",9.235625,1.0,3
154,VECTOR_FIRST_HNSW,"[0.00,0.05)",23.309209,0.3,3
154,HNSW_HYBRID,"[0.00,0.05)",9.567625,1.0,3
154,IVFFLAT_HYBRID,"[0.00,0.05)",8.831583,1.0,3
154,SQL_FIRST,"[0.00,0.05)",9.447667,1.0,4
154,VECTOR_FIRST_HNSW,"[0.00,0.05)",22.966583,0.3,4
154,HNSW_HYBRID,"[0.00,0.05)",9.329541,1.0,4
154,IVFFLAT_HYBRID,"[0.00,0.05)",8.870375,1.0,4
155,SQL_FIRST,"[0.00,0.05)",7.221459,1.0,0
155,VECTOR_FIRST_HNSW,"[0.00,0.05)",22.866458,0.1,0
155,HNSW_HYBRID,"[0.00,0.05)",8.128042,1.0,0
155,IVFFLAT_HYBRID,"[0.00,0.05)",7.302833,1.0,0
155,SQL_FIRST,"[0.00,0.05)",7.555791,1.0,1
155,VECTOR_FIRST_HNSW,"[0.00,0.05)",22.845667,0.1,1
155,HNSW_HYBRID,"[0.00,0.05)",8.22325,1.0,1
155,IVFFLAT_HYBRID,"[0.00,0.05)",7.410292,1.0,1
155,SQL_FIRST,"[0.00,0.05)",7.347417,1.0,2
155,VECTOR_FIRST_HNSW,"[0.00,0.05)",22.855084,0.1,2
155,HNSW_HYBRID,"[0.00,0.05)",7.98375,1.0,2
155,IVFFLAT_HYBRID,"[0.00,0.05)",7.258541,1.0,2
155,SQL_FIRST,"[0.00,0.05)",7.385541,1.0,3
155,VECTOR_FIRST_HNSW,"[0.00,0.05)",23.217375,0.1,3
155,HNSW_HYBRID,"[0.00,0.05)",8.137458,1.0,3
155,IVFFLAT_HYBRID,"[0.00,0.05)",7.600292,1.0,3
155,SQL_FIRST,"[0.00,0.05)",7.36575,1.0,4
155,VECTOR_FIRST_HNSW,"[0.00,0.05)",22.939333,0.1,4
155,HNSW_HYBRID,"[0.00,0.05)",8.016667,1.0,4
155,IVFFLAT_HYBRID,"[0.00,0.05)",7.5915,1.0,4
156,SQL_FIRST,"[0.00,0.05)",1.361916,1.0,0
156,VECTOR_FIRST_HNSW,"[0.00,0.05)",22.836333,0.0,0
156,HNSW_HYBRID,"[0.00,0.05)",1.604542,1.0,0
156,IVFFLAT_HYBRID,"[0.00,0.05)",1.334834,1.0,0
156,SQL_FIRST,"[0.00,0.05)",1.303667,1.0,1
156,VECTOR_FIRST_HNSW,"[0.00,0.05)",22.749333,0.0,1
156,HNSW_HYBRID,"[0.00,0.05)",1.622916,1.0,1
156,IVFFLAT_HYBRID,"[0.00,0.05)",1.333625,1.0,1
156,SQL_FIRST,"[0.00,0.05)",1.327292,1.0,2
156,VECTOR_FIRST_HNSW,"[0.00,0.05)",22.934792,0.0,2
156,HNSW_HYBRID,"[0.00,0.05)",1.700167,1.0,2
156,IVFFLAT_HYBRID,"[0.00,0.05)",1.375375,1.0,2
156,SQL_FIRST,"[0.00,0.05)",2.018584,1.0,3
156,VECTOR_FIRST_HNSW,"[0.00,0.05)",22.895708,0.0,3
156,HNSW_HYBRID,"[0.00,0.05)",1.683667,1.0,3
156,IVFFLAT_HYBRID,"[0.00,0.05)",1.34825,1.0,3
156,SQL_FIRST,"[0.00,0.05)",1.32625,1.0,4
156,VECTOR_FIRST_HNSW,"[0.00,0.05)",23.223834,0.0,4
156,HNSW_HYBRID,"[0.00,0.05)",1.5365,1.0,4
156,IVFFLAT_HYBRID,"[0.00,0.05)",1.2765,1.0,4
157,SQL_FIRST,"[0.00,0.05)",8.959459,1.0,0
157,VECTOR_FIRST_HNSW,"[0.00,0.05)",23.521166,0.3,0
157,HNSW_HYBRID,"[0.00,0.05)",9.622166,1.0,0
157,IVFFLAT_HYBRID,"[0.00,0.05)",9.586166,1.0,0
157,SQL_FIRST,"[0.00,0.05)",8.774584,1.0,1
157,VECTOR_FIRST_HNSW,"[0.00,0.05)",23.375375,0.3,1
157,HNSW_HYBRID,"[0.00,0.05)",9.717167,1.0,1
157,IVFFLAT_HYBRID,"[0.00,0.05)",9.135041,1.0,1
157,SQL_FIRST,"[0.00,0.05)",9.122708,1.0,2
157,VECTOR_FIRST_HNSW,"[0.00,0.05)",22.963542,0.3,2
157,HNSW_HYBRID,"[0.00,0.05)",9.661042,1.0,2
157,IVFFLAT_HYBRID,"[0.00,0.05)",9.185625,1.0,2
157,SQL_FIRST,"[0.00,0.05)",9.087083,1.0,3
157,VECTOR_FIRST_HNSW,"[0.00,0.05)",22.847916,0.3,3
157,HNSW_HYBRID,"[0.00,0.05)",9.590167,1.0,3
157,IVFFLAT_HYBRID,"[0.00,0.05)",8.917458,1.0,3
157,SQL_FIRST,"[0.00,0.05)",9.422625,1.0,4
157,VECTOR_FIRST_HNSW,"[0.00,0.05)",23.272875,0.3,4
157,HNSW_HYBRID,"[0.00,0.05)",9.469334,1.0,4
157,IVFFLAT_HYBRID,"[0.00,0.05)",8.990833,1.0,4
161,SQL_FIRST,"[0.00,0.05)",8.645791,1.0,0
161,VECTOR_FIRST_HNSW,"[0.00,0.05)",23.034458,0.3,0
161,HNSW_HYBRID,"[0.00,0.05)",9.445666,1.0,0
161,IVFFLAT_HYBRID,"[0.00,0.05)",9.030792,1.0,0
161,SQL_FIRST,"[0.00,0.05)",8.918834,1.0,1
161,VECTOR_FIRST_HNSW,"[0.00,0.05)",23.554208,0.3,1
161,HNSW_HYBRID,"[0.00,0.05)",9.566625,1.0,1
161,IVFFLAT_HYBRID,"[0.00,0.05)",9.094,1.0,1
161,SQL_FIRST,"[0.00,0.05)",9.007833,1.0,2
161,VECTOR_FIRST_HNSW,"[0.00,0.05)",22.889167,0.3,2
161,HNSW_HYBRID,"[0.00,0.05)",9.442625,1.0,2
161,IVFFLAT_HYBRID,"[0.00,0.05)",9.386833,1.0,2
161,SQL_FIRST,"[0.00,0.05)",9.4975,1.0,3
161,VECTOR_FIRST_HNSW,"[0.00,0.05)",23.57575,0.3,3
161,HNSW_HYBRID,"[0.00,0.05)",9.419917,1.0,3
161,IVFFLAT_HYBRID,"[0.00,0.05)",8.779542,1.0,3
161,SQL_FIRST,"[0.00,0.05)",8.810375,1.0,4
161,VECTOR_FIRST_HNSW,"[0.00,0.05)",23.551291,0.3,4
161,HNSW_HYBRID,"[0.00,0.05)",9.617334,1.0,4
161,IVFFLAT_HYBRID,"[0.00,0.05)",9.207833,1.0,4
162,SQL_FIRST,"[0.00,0.05)",8.805375,1.0,0
162,VECTOR_FIRST_HNSW,"[0.00,0.05)",22.954208,0.9,0
162,HNSW_HYBRID,"[0.00,0.05)",9.319042,1.0,0
162,IVFFLAT_HYBRID,"[0.00,0.05)",9.28725,1.0,0
162,SQL_FIRST,"[0.00,0.05)",8.890167,1.0,1
162,VECTOR_FIRST_HNSW,"[0.00,0.05)",23.189,0.9,1
162,HNSW_HYBRID,"[0.00,0.05)",9.448875,1.0,1
162,IVFFLAT_HYBRID,"[0.00,0.05)",8.621792,1.0,1
162,SQL_FIRST,"[0.00,0.05)",9.06225,1.0,2
162,VECTOR_FIRST_HNSW,"[0.00,0.05)",22.923083,0.9,2
162,HNSW_HYBRID,"[0.00,0.05)",9.441125,1.0,2
162,IVFFLAT_HYBRID,"[0.00,0.05)",8.545584,1.0,2
162,SQL_FIRST,"[0.00,0.05)",8.884583,1.0,3
162,VECTOR_FIRST_HNSW,"[0.00,0.05)",22.948625,0.9,3
162,HNSW_HYBRID,"[0.00,0.05)",9.400083,1.0,3
162,IVFFLAT_HYBRID,"[0.00,0.05)",8.602333,1.0,3
162,SQL_FIRST,"[0.00,0.05)",9.190625,1.0,4
162,VECTOR_FIRST_HNSW,"[0.00,0.05)",23.12425,0.9,4
162,HNSW_HYBRID,"[0.00,0.05)",9.641958,1.0,4
162,IVFFLAT_HYBRID,"[0.00,0.05)",9.083625,1.0,4
164,SQL_FIRST,"[0.00,0.05)",9.113916,1.0,0
164,VECTOR_FIRST_HNSW,"[0.00,0.05)",23.011083,1.0,0
164,HNSW_HYBRID,"[0.00,0.05)",9.458417,1.0,0
164,IVFFLAT_HYBRID,"[0.00,0.05)",9.136958,1.0,0
164,SQL_FIRST,"[0.00,0.05)",9.252667,1.0,1
164,VECTOR_FIRST_HNSW,"[0.00,0.05)",23.260459,1.0,1
164,HNSW_HYBRID,"[0.00,0.05)",9.795583,1.0,1
164,IVFFLAT_HYBRID,"[0.00,0.05)",9.076667,1.0,1
164,SQL_FIRST,"[0.00,0.05)",9.040791,1.0,2
164,VECTOR_FIRST_HNSW,"[0.00,0.05)",23.318917,1.0,2
164,HNSW_HYBRID,"[0.00,0.05)",11.171375,1.0,2
164,IVFFLAT_HYBRID,"[0.00,0.05)",9.520875,1.0,2
164,SQL_FIRST,"[0.00,0.05)",9.302334,1.0,3
164,VECTOR_FIRST_HNSW,"[0.00,0.05)",23.321959,1.0,3
164,HNSW_HYBRID,"[0.00,0.05)",9.901917,1.0,3
164,IVFFLAT_HYBRID,"[0.00,0.05)",9.160542,1.0,3
164,SQL_FIRST,"[0.00,0.05)",9.027166,1.0,4
164,VECTOR_FIRST_HNSW,"[0.00,0.05)",22.977583,1.0,4
164,HNSW_HYBRID,"[0.00,0.05)",9.50425,1.0,4
164,IVFFLAT_HYBRID,"[0.00,0.05)",9.373375,1.0,4
165,SQL_FIRST,"[0.00,0.05)",10.788042,1.0,0
165,VECTOR_FIRST_HNSW,"[0.00,0.05)",23.056666,0.2,0
165,HNSW_HYBRID,"[0.00,0.05)",10.796958,1.0,0
165,IVFFLAT_HYBRID,"[0.00,0.05)",10.369875,1.0,0
165,SQL_FIRST,"[0.00,0.05)",10.66875,1.0,1
165,VECTOR_FIRST_HNSW,"[0.00,0.05)",22.9895,0.2,1
165,HNSW_HYBRID,"[0.00,0.05)",10.868542,1.0,1
165,IVFFLAT_HYBRID,"[0.00,0.05)",10.570209,1.0,1
165,SQL_FIRST,"[0.00,0.05)",10.412792,1.0,2
165,VECTOR_FIRST_HNSW,"[0.00,0.05)",23.021333,0.2,2
165,HNSW_HYBRID,"[0.00,0.05)",10.937334,1.0,2
165,IVFFLAT_HYBRID,"[0.00,0.05)",10.511958,1.0,2
165,SQL_FIRST,"[0.00,0.05)",10.418125,1.0,3
165,VECTOR_FIRST_HNSW,"[0.00,0.05)",22.860084,0.2,3
165,HNSW_HYBRID,"[0.00,0.05)",10.9855,1.0,3
165,IVFFLAT_HYBRID,"[0.00,0.05)",10.951875,1.0,3
165,SQL_FIRST,"[0.00,0.05)",10.347042,1.0,4
165,VECTOR_FIRST_HNSW,"[0.00,0.05)",22.946417,0.2,4
165,HNSW_HYBRID,"[0.00,0.05)",11.053709,1.0,4
165,IVFFLAT_HYBRID,"[0.00,0.05)",10.539084,1.0,4
167,SQL_FIRST,"[0.00,0.05)",10.611167,1.0,0
167,VECTOR_FIRST_HNSW,"[0.00,0.05)",23.263167,0.4,0
167,HNSW_HYBRID,"[0.00,0.05)",10.568208,1.0,0
167,IVFFLAT_HYBRID,"[0.00,0.05)",10.197916,1.0,0
167,SQL_FIRST,"[0.00,0.05)",11.920625,1.0,1
167,VECTOR_FIRST_HNSW,"[0.00,0.05)",22.927292,0.4,1
167,HNSW_HYBRID,"[0.00,0.05)",10.786958,1.0,1
167,IVFFLAT_HYBRID,"[0.00,0.05)",10.219333,1.0,1
167,SQL_FIRST,"[0.00,0.05)",10.118166,1.0,2
167,VECTOR_FIRST_HNSW,"[0.00,0.05)",22.963667,0.4,2
167,HNSW_HYBRID,"[0.00,0.05)",10.641167,1.0,2
167,IVFFLAT_HYBRID,"[0.00,0.05)",10.2475,1.0,2
167,SQL_FIRST,"[0.00,0.05)",10.302167,1.0,3
167,VECTOR_FIRST_HNSW,"[0.00,0.05)",22.847625,0.4,3
167,HNSW_HYBRID,"[0.00,0.05)",10.692292,1.0,3
167,IVFFLAT_HYBRID,"[0.00,0.05)",10.656541,1.0,3
167,SQL_FIRST,"[0.00,0.05)",10.192917,1.0,4
167,VECTOR_FIRST_HNSW,"[0.00,0.05)",22.853583,0.4,4
167,HNSW_HYBRID,"[0.00,0.05)",10.752083,1.0,4
167,IVFFLAT_HYBRID,"[0.00,0.05)",10.419667,1.0,4
169,SQL_FIRST,"[0.00,0.05)",7.97325,1.0,0
169,VECTOR_FIRST_HNSW,"[0.00,0.05)",23.011375,0.1,0
169,HNSW_HYBRID,"[0.00,0.05)",8.637083,1.0,0
169,IVFFLAT_HYBRID,"[0.00,0.05)",7.958292,1.0,0
169,SQL_FIRST,"[0.00,0.05)",7.86825,1.0,1
169,VECTOR_FIRST_HNSW,"[0.00,0.05)",22.896458,0.1,1
169,HNSW_HYBRID,"[0.00,0.05)",8.650167,1.0,1
169,IVFFLAT_HYBRID,"[0.00,0.05)",8.327875,1.0,1
169,SQL_FIRST,"[0.00,0.05)",7.896834,1.0,2
169,VECTOR_FIRST_HNSW,"[0.00,0.05)",23.172291,0.1,2
169,HNSW_HYBRID,"[0.00,0.05)",8.327375,1.0,2
169,IVFFLAT_HYBRID,"[0.00,0.05)",8.301375,1.0,2
169,SQL_FIRST,"[0.00,0.05)",8.264333,1.0,3
169,VECTOR_FIRST_HNSW,"[0.00,0.05)",22.907375,0.1,3
169,HNSW_HYBRID,"[0.00,0.05)",8.642208,1.0,3
169,IVFFLAT_HYBRID,"[0.00,0.05)",8.293291,1.0,3
169,SQL_FIRST,"[0.00,0.05)",8.420542,1.0,4
169,VECTOR_FIRST_HNSW,"[0.00,0.05)",22.942792,0.1,4
169,HNSW_HYBRID,"[0.00,0.05)",8.530875,1.0,4
169,IVFFLAT_HYBRID,"[0.00,0.05)",7.9305,1.0,4
170,SQL_FIRST,"[0.00,0.05)",9.515708,1.0,0
170,VECTOR_FIRST_HNSW,"[0.00,0.05)",22.869417,0.2,0
170,HNSW_HYBRID,"[0.00,0.05)",10.1565,1.0,0
170,IVFFLAT_HYBRID,"[0.00,0.05)",9.384458,1.0,0
170,SQL_FIRST,"[0.00,0.05)",9.83725,1.0,1
170,VECTOR_FIRST_HNSW,"[0.00,0.05)",22.852875,0.2,1
170,HNSW_HYBRID,"[0.00,0.05)",10.162167,1.0,1
170,IVFFLAT_HYBRID,"[0.00,0.05)",9.537292,1.0,1
170,SQL_FIRST,"[0.00,0.05)",10.060416,1.0,2
170,VECTOR_FIRST_HNSW,"[0.00,0.05)",22.92775,0.2,2
170,HNSW_HYBRID,"[0.00,0.05)",10.061167,1.0,2
170,IVFFLAT_HYBRID,"[0.00,0.05)",10.00775,1.0,2
170,SQL_FIRST,"[0.00,0.05)",9.522375,1.0,3
170,VECTOR_FIRST_HNSW,"[0.00,0.05)",22.986833,0.2,3
170,HNSW_HYBRID,"[0.00,0.05)",10.02075,1.0,3
170,IVFFLAT_HYBRID,"[0.00,0.05)",9.477375,1.0,3
170,SQL_FIRST,"[0.00,0.05)",9.597375,1.0,4
170,VECTOR_FIRST_HNSW,"[0.00,0.05)",22.976333,0.2,4
170,HNSW_HYBRID,"[0.00,0.05)",10.28275,1.0,4
170,IVFFLAT_HYBRID,"[0.00,0.05)",9.524792,1.0,4
171,SQL_FIRST,"[0.00,0.05)",7.902584,1.0,0
171,VECTOR_FIRST_HNSW,"[0.00,0.05)",23.134584,0.0,0
171,HNSW_HYBRID,"[0.00,0.05)",8.451375,1.0,0
171,IVFFLAT_HYBRID,"[0.00,0.05)",7.58625,1.0,0
171,SQL_FIRST,"[0.00,0.05)",7.666709,1.0,1
171,VECTOR_FIRST_HNSW,"[0.00,0.05)",23.133583,0.0,1
171,HNSW_HYBRID,"[0.00,0.05)",8.299875,1.0,1
171,IVFFLAT_HYBRID,"[0.00,0.05)",7.578375,1.0,1
171,SQL_FIRST,"[0.00,0.05)",7.645417,1.0,2
171,VECTOR_FIRST_HNSW,"[0.00,0.05)",23.200084,0.0,2
171,HNSW_HYBRID,"[0.00,0.05)",8.352833,1.0,2
171,IVFFLAT_HYBRID,"[0.00,0.05)",7.702,1.0,2
171,SQL_FIRST,"[0.00,0.05)",7.41575,1.0,3
171,VECTOR_FIRST_HNSW,"[0.00,0.05)",22.88275,0.0,3
171,HNSW_HYBRID,"[0.00,0.05)",8.262833,1.0,3
171,IVFFLAT_HYBRID,"[0.00,0.05)",7.656916,1.0,3
171,SQL_FIRST,"[0.00,0.05)",7.460584,1.0,4
171,VECTOR_FIRST_HNSW,"[0.00,0.05)",23.678834,0.0,4
171,HNSW_HYBRID,"[0.00,0.05)",8.330042,1.0,4
171,IVFFLAT_HYBRID,"[0.00,0.05)",7.884834,1.0,4
173,SQL_FIRST,"[0.00,0.05)",9.237666,1.0,0
173,VECTOR_FIRST_HNSW,"[0.00,0.05)",23.374084,0.2,0
173,HNSW_HYBRID,"[0.00,0.05)",9.983875,1.0,0
173,IVFFLAT_HYBRID,"[0.00,0.05)",9.096,1.0,0
173,SQL_FIRST,"[0.00,0.05)",9.130708,1.0,1
173,VECTOR_FIRST_HNSW,"[0.00,0.05)",22.94075,0.2,1
173,HNSW_HYBRID,"[0.00,0.05)",9.782458,1.0,1
173,IVFFLAT_HYBRID,"[0.00,0.05)",9.034292,1.0,1
173,SQL_FIRST,"[0.00,0.05)",9.239334,1.0,2
173,VECTOR_FIRST_HNSW,"[0.00,0.05)",22.889375,0.2,2
173,HNSW_HYBRID,"[0.00,0.05)",9.791125,1.0,2
173,IVFFLAT_HYBRID,"[0.00,0.05)",9.208916,1.0,2
173,SQL_FIRST,"[0.00,0.05)",9.19375,1.0,3
173,VECTOR_FIRST_HNSW,"[0.00,0.05)",22.956959,0.2,3
173,HNSW_HYBRID,"[0.00,0.05)",9.673375,1.0,3
173,IVFFLAT_HYBRID,"[0.00,0.05)",9.590083,1.0,3
173,SQL_FIRST,"[0.00,0.05)",9.092708,1.0,4
173,VECTOR_FIRST_HNSW,"[0.00,0.05)",22.973208,0.2,4
173,HNSW_HYBRID,"[0.00,0.05)",9.765875,1.0,4
173,IVFFLAT_HYBRID,"[0.00,0.05)",9.374375,1.0,4
175,SQL_FIRST,"[0.00,0.05)",8.736041,1.0,0
175,VECTOR_FIRST_HNSW,"[0.00,0.05)",23.674125,0.3,0
175,HNSW_HYBRID,"[0.00,0.05)",10.49125,1.0,0
175,IVFFLAT_HYBRID,"[0.00,0.05)",8.817042,1.0,0
175,SQL_FIRST,"[0.00,0.05)",8.862459,1.0,1
175,VECTOR_FIRST_HNSW,"[0.00,0.05)",23.027958,0.3,1
175,HNSW_HYBRID,"[0.00,0.05)",9.426292,1.0,1
175,IVFFLAT_HYBRID,"[0.00,0.05)",8.754417,1.0,1
175,SQL_FIRST,"[0.00,0.05)",8.668041,1.0,2
175,VECTOR_FIRST_HNSW,"[0.00,0.05)",22.912666,0.3,2
175,HNSW_HYBRID,"[0.00,0.05)",9.310167,1.0,2
175,IVFFLAT_HYBRID,"[0.00,0.05)",8.87975,1.0,2
175,SQL_FIRST,"[0.00,0.05)",9.0,1.0,3
175,VECTOR_FIRST_HNSW,"[0.00,0.05)",22.985792,0.3,3
175,HNSW_HYBRID,"[0.00,0.05)",9.3305,1.0,3
175,IVFFLAT_HYBRID,"[0.00,0.05)",8.812375,1.0,3
175,SQL_FIRST,"[0.00,0.05)",8.672125,1.0,4
175,VECTOR_FIRST_HNSW,"[0.00,0.05)",22.876042,0.3,4
175,HNSW_HYBRID,"[0.00,0.05)",9.526625,1.0,4
175,IVFFLAT_HYBRID,"[0.00,0.05)",9.1955,1.0,4
178,SQL_FIRST,"[0.00,0.05)",9.949791,1.0,0
178,VECTOR_FIRST_HNSW,"[0.00,0.05)",22.768625,0.5,0
178,HNSW_HYBRID,"[0.00,0.05)",10.47275,1.0,0
178,IVFFLAT_HYBRID,"[0.00,0.05)",9.659375,1.0,0
178,SQL_FIRST,"[0.00,0.05)",9.566375,1.0,1
178,VECTOR_FIRST_HNSW,"[0.00,0.05)",22.899833,0.5,1
178,HNSW_HYBRID,"[0.00,0.05)",10.032,1.0,1
178,IVFFLAT_HYBRID,"[0.00,0.05)",9.874542,1.0,1
178,SQL_FIRST,"[0.00,0.05)",9.569208,1.0,2
178,VECTOR_FIRST_HNSW,"[0.00,0.05)",22.957125,0.5,2
178,HNSW_HYBRID,"[0.00,0.05)",9.990292,1.0,2
178,IVFFLAT_HYBRID,"[0.00,0.05)",9.957375,1.0,2
178,SQL_FIRST,"[0.00,0.05)",9.591042,1.0,3
178,VECTOR_FIRST_HNSW,"[0.00,0.05)",23.40775,0.5,3
178,HNSW_HYBRID,"[0.00,0.05)",10.147792,1.0,3
178,IVFFLAT_HYBRID,"[0.00,0.05)",9.438209,1.0,3
178,SQL_FIRST,"[0.00,0.05)",9.4845,1.0,4
178,VECTOR_FIRST_HNSW,"[0.00,0.05)",23.182666,0.5,4
178,HNSW_HYBRID,"[0.00,0.05)",10.263459,1.0,4
178,IVFFLAT_HYBRID,"[0.00,0.05)",9.602791,1.0,4
179,SQL_FIRST,"[0.00,0.05)",10.404208,1.0,0
179,VECTOR_FIRST_HNSW,"[0.00,0.05)",22.8295,0.2,0
179,HNSW_HYBRID,"[0.00,0.05)",11.028584,1.0,0
179,IVFFLAT_HYBRID,"[0.00,0.05)",10.534708,1.0,0
179,SQL_FIRST,"[0.00,0.05)",10.444375,1.0,1
179,VECTOR_FIRST_HNSW,"[0.00,0.05)",22.963791,0.2,1
179,HNSW_HYBRID,"[0.00,0.05)",10.864166,1.0,1
179,IVFFLAT_HYBRID,"[0.00,0.05)",10.341917,1.0,1
179,SQL_FIRST,"[0.00,0.05)",10.142958,1.0,2
179,VECTOR_FIRST_HNSW,"[0.00,0.05)",22.846584,0.2,2
179,HNSW_HYBRID,"[0.00,0.05)",10.846959,1.0,2
179,IVFFLAT_HYBRID,"[0.00,0.05)",10.483041,1.0,2
179,SQL_FIRST,"[0.00,0.05)",10.330875,1.0,3
179,VECTOR_FIRST_HNSW,"[0.00,0.05)",22.952375,0.2,3
179,HNSW_HYBRID,"[0.00,0.05)",10.855958,1.0,3
179,IVFFLAT_HYBRID,"[0.00,0.05)",10.313084,1.0,3
179,SQL_FIRST,"[0.00,0.05)",10.500458,1.0,4
179,VECTOR_FIRST_HNSW,"[0.00,0.05)",22.943875,0.2,4
179,HNSW_HYBRID,"[0.00,0.05)",10.911958,1.0,4
179,IVFFLAT_HYBRID,"[0.00,0.05)",10.23775,1.0,4
182,SQL_FIRST,"[0.00,0.05)",6.66425,1.0,0
182,VECTOR_FIRST_HNSW,"[0.00,0.05)",22.793875,0.1,0
182,HNSW_HYBRID,"[0.00,0.05)",7.08775,1.0,0
182,IVFFLAT_HYBRID,"[0.00,0.05)",6.651666,1.0,0
182,SQL_FIRST,"[0.00,0.05)",6.396875,1.0,1
182,VECTOR_FIRST_HNSW,"[0.00,0.05)",24.018209,0.1,1
182,HNSW_HYBRID,"[0.00,0.05)",7.292584,1.0,1
182,IVFFLAT_HYBRID,"[0.00,0.05)",6.362875,1.0,1
182,SQL_FIRST,"[0.00,0.05)",6.429333,1.0,2
182,VECTOR_FIRST_HNSW,"[0.00,0.05)",24.403416,0.1,2
182,HNSW_HYBRID,"[0.00,0.05)",7.055083,1.0,2
182,IVFFLAT_HYBRID,"[0.00,0.05)",6.591458,1.0,2
182,SQL_FIRST,"[0.00,0.05)",6.326417,1.0,3
182,VECTOR_FIRST_HNSW,"[0.00,0.05)",22.793166,0.1,3
182,HNSW_HYBRID,"[0.00,0.05)",7.05075,1.0,3
182,IVFFLAT_HYBRID,"[0.00,0.05)",6.47075,1.0,3
182,SQL_FIRST,"[0.00,0.05)",6.420542,1.0,4
182,VECTOR_FIRST_HNSW,"[0.00,0.05)",23.0365,0.1,4
182,HNSW_HYBRID,"[0.00,0.05)",7.216125,1.0,4
182,IVFFLAT_HYBRID,"[0.00,0.05)",6.458292,1.0,4
183,SQL_FIRST,"[0.00,0.05)",8.962584,1.0,0
183,VECTOR_FIRST_HNSW,"[0.00,0.05)",22.872542,0.4,0
183,HNSW_HYBRID,"[0.00,0.05)",9.591584,1.0,0
183,IVFFLAT_HYBRID,"[0.00,0.05)",9.995625,1.0,0
183,SQL_FIRST,"[0.00,0.05)",9.355917,1.0,1
183,VECTOR_FIRST_HNSW,"[0.00,0.05)",23.065583,0.4,1
183,HNSW_HYBRID,"[0.00,0.05)",9.492334,1.0,1
183,IVFFLAT_HYBRID,"[0.00,0.05)",9.191,1.0,1
183,SQL_FIRST,"[0.00,0.05)",9.023125,1.0,2
183,VECTOR_FIRST_HNSW,"[0.00,0.05)",23.138792,0.4,2
183,HNSW_HYBRID,"[0.00,0.05)",9.4535,1.0,2
183,IVFFLAT_HYBRID,"[0.00,0.05)",9.243625,1.0,2
183,SQL_FIRST,"[0.00,0.05)",9.095208,1.0,3
183,VECTOR_FIRST_HNSW,"[0.00,0.05)",22.938458,0.4,3
183,HNSW_HYBRID,"[0.00,0.05)",9.658209,1.0,3
183,IVFFLAT_HYBRID,"[0.00,0.05)",8.970625,1.0,3
183,SQL_FIRST,"[0.00,0.05)",9.475334,1.0,4
183,VECTOR_FIRST_HNSW,"[0.00,0.05)",22.875792,0.4,4
183,HNSW_HYBRID,"[0.00,0.05)",9.919209,1.0,4
183,IVFFLAT_HYBRID,"[0.00,0.05)",9.161625,1.0,4
186,SQL_FIRST,"[0.00,0.05)",9.051167,1.0,0
186,VECTOR_FIRST_HNSW,"[0.00,0.05)",22.974833,0.5,0
186,HNSW_HYBRID,"[0.00,0.05)",9.488875,1.0,0
186,IVFFLAT_HYBRID,"[0.00,0.05)",9.301084,1.0,0
186,SQL_FIRST,"[0.00,0.05)",9.089125,1.0,1
186,VECTOR_FIRST_HNSW,"[0.00,0.05)",22.951958,0.5,1
186,HNSW_HYBRID,"[0.00,0.05)",9.321875,1.0,1
186,IVFFLAT_HYBRID,"[0.00,0.05)",9.2465,1.0,1
186,SQL_FIRST,"[0.00,0.05)",9.052584,1.0,2
186,VECTOR_FIRST_HNSW,"[0.00,0.05)",23.027708,0.5,2
186,HNSW_HYBRID,"[0.00,0.05)",9.584458,1.0,2
186,IVFFLAT_HYBRID,"[0.00,0.05)",8.94575,1.0,2
186,SQL_FIRST,"[0.00,0.05)",9.431125,1.0,3
186,VECTOR_FIRST_HNSW,"[0.00,0.05)",22.844167,0.5,3
186,HNSW_HYBRID,"[0.00,0.05)",9.834667,1.0,3
186,IVFFLAT_HYBRID,"[0.00,0.05)",9.037291,1.0,3
186,SQL_FIRST,"[0.00,0.05)",8.951417,1.0,4
186,VECTOR_FIRST_HNSW,"[0.00,0.05)",22.952583,0.5,4
186,HNSW_HYBRID,"[0.00,0.05)",9.490583,1.0,4
186,IVFFLAT_HYBRID,"[0.00,0.05)",9.171584,1.0,4
187,SQL_FIRST,"[0.00,0.05)",5.427791,1.0,0
187,VECTOR_FIRST_HNSW,"[0.00,0.05)",22.907917,0.0,0
187,HNSW_HYBRID,"[0.00,0.05)",6.072167,1.0,0
187,IVFFLAT_HYBRID,"[0.00,0.05)",5.533791,1.0,0
187,SQL_FIRST,"[0.00,0.05)",5.410958,1.0,1
187,VECTOR_FIRST_HNSW,"[0.00,0.05)",22.847959,0.0,1
187,HNSW_HYBRID,"[0.00,0.05)",6.095459,1.0,1
187,IVFFLAT_HYBRID,"[0.00,0.05)",5.457125,1.0,1
187,SQL_FIRST,"[0.00,0.05)",5.565125,1.0,2
187,VECTOR_FIRST_HNSW,"[0.00,0.05)",22.921666,0.0,2
187,HNSW_HYBRID,"[0.00,0.05)",5.957666,1.0,2
187,IVFFLAT_HYBRID,"[0.00,0.05)",5.634667,1.0,2
187,SQL_FIRST,"[0.00,0.05)",5.573542,1.0,3
187,VECTOR_FIRST_HNSW,"[0.00,0.05)",22.828375,0.0,3
187,HNSW_HYBRID,"[0.00,0.05)",6.162083,1.0,3
187,IVFFLAT_HYBRID,"[0.00,0.05)",5.465,1.0,3
187,SQL_FIRST,"[0.00,0.05)",5.444625,1.0,4
187,VECTOR_FIRST_HNSW,"[0.00,0.05)",23.044292,0.0,4
187,HNSW_HYBRID,"[0.00,0.05)",6.063792,1.0,4
187,IVFFLAT_HYBRID,"[0.00,0.05)",5.822875,1.0,4
188,SQL_FIRST,"[0.00,0.05)",7.520125,1.0,0
188,VECTOR_FIRST_HNSW,"[0.00,0.05)",25.126333,0.3,0
188,HNSW_HYBRID,"[0.00,0.05)",8.057708,1.0,0
188,IVFFLAT_HYBRID,"[0.00,0.05)",7.286958,1.0,0
188,SQL_FIRST,"[0.00,0.05)",7.105125,1.0,1
188,VECTOR_FIRST_HNSW,"[0.00,0.05)",22.873209,0.3,1
188,HNSW_HYBRID,"[0.00,0.05)",8.086833,1.0,1
188,IVFFLAT_HYBRID,"[0.00,0.05)",7.342208,1.0,1
188,SQL_FIRST,"[0.00,0.05)",7.640667,1.0,2
188,VECTOR_FIRST_HNSW,"[0.00,0.05)",22.826042,0.3,2
188,HNSW_HYBRID,"[0.00,0.05)",8.180334,1.0,2
188,IVFFLAT_HYBRID,"[0.00,0.05)",7.485583,1.0,2
188,SQL_FIRST,"[0.00,0.05)",7.513125,1.0,3
188,VECTOR_FIRST_HNSW,"[0.00,0.05)",22.982916,0.3,3
188,HNSW_HYBRID,"[0.00,0.05)",8.107917,1.0,3
188,IVFFLAT_HYBRID,"[0.00,0.05)",7.393042,1.0,3
188,SQL_FIRST,"[0.00,0.05)",7.622667,1.0,4
188,VECTOR_FIRST_HNSW,"[0.00,0.05)",22.908041,0.3,4
188,HNSW_HYBRID,"[0.00,0.05)",8.24075,1.0,4
188,IVFFLAT_HYBRID,"[0.00,0.05)",7.697208,1.0,4
189,SQL_FIRST,"[0.00,0.05)",8.70275,1.0,0
189,VECTOR_FIRST_HNSW,"[0.00,0.05)",22.899833,0.1,0
189,HNSW_HYBRID,"[0.00,0.05)",9.208792,1.0,0
189,IVFFLAT_HYBRID,"[0.00,0.05)",8.480584,1.0,0
189,SQL_FIRST,"[0.00,0.05)",8.451666,1.0,1
189,VECTOR_FIRST_HNSW,"[0.00,0.05)",22.970791,0.1,1
189,HNSW_HYBRID,"[0.00,0.05)",8.939166,1.0,1
189,IVFFLAT_HYBRID,"[0.00,0.05)",8.138333,1.0,1
189,SQL_FIRST,"[0.00,0.05)",8.627125,1.0,2
189,VECTOR_FIRST_HNSW,"[0.00,0.05)",23.004084,0.1,2
189,HNSW_HYBRID,"[0.00,0.05)",9.150875,1.0,2
189,IVFFLAT_HYBRID,"[0.00,0.05)",8.413375,1.0,2
189,SQL_FIRST,"[0.00,0.05)",8.416417,1.0,3
189,VECTOR_FIRST_HNSW,"[0.00,0.05)",23.642709,0.1,3
189,HNSW_HYBRID,"[0.00,0.05)",8.962375,1.0,3
189,IVFFLAT_HYBRID,"[0.00,0.05)",8.408959,1.0,3
189,SQL_FIRST,"[0.00,0.05)",8.935709,1.0,4
189,VECTOR_FIRST_HNSW,"[0.00,0.05)",22.814584,0.1,4
189,HNSW_HYBRID,"[0.00,0.05)",9.033333,1.0,4
189,IVFFLAT_HYBRID,"[0.00,0.05)",8.478416,1.0,4
195,SQL_FIRST,"[0.00,0.05)",8.6215,1.0,0
195,VECTOR_FIRST_HNSW,"[0.00,0.05)",23.041,0.5,0
195,HNSW_HYBRID,"[0.00,0.05)",9.354458,1.0,0
195,IVFFLAT_HYBRID,"[0.00,0.05)",8.750042,1.0,0
195,SQL_FIRST,"[0.00,0.05)",8.309833,1.0,1
195,VECTOR_FIRST_HNSW,"[0.00,0.05)",22.856958,0.5,1
195,HNSW_HYBRID,"[0.00,0.05)",9.260417,1.0,1
195,IVFFLAT_HYBRID,"[0.00,0.05)",9.068416,1.0,1
195,SQL_FIRST,"[0.00,0.05)",8.656916,1.0,2
195,VECTOR_FIRST_HNSW,"[0.00,0.05)",22.920917,0.5,2
195,HNSW_HYBRID,"[0.00,0.05)",9.271042,1.0,2
195,IVFFLAT_HYBRID,"[0.00,0.05)",8.697667,1.0,2
195,SQL_FIRST,"[0.00,0.05)",8.690834,1.0,3
195,VECTOR_FIRST_HNSW,"[0.00,0.05)",23.17975,0.5,3
195,HNSW_HYBRID,"[0.00,0.05)",9.4475,1.0,3
195,IVFFLAT_HYBRID,"[0.00,0.05)",8.725584,1.0,3
195,SQL_FIRST,"[0.00,0.05)",8.610625,1.0,4
195,VECTOR_FIRST_HNSW,"[0.00,0.05)",22.895958,0.5,4
195,HNSW_HYBRID,"[0.00,0.05)",9.361,1.0,4
195,IVFFLAT_HYBRID,"[0.00,0.05)",8.945666,1.0,4
196,SQL_FIRST,"[0.00,0.05)",7.545584,1.0,0
196,VECTOR_FIRST_HNSW,"[0.00,0.05)",22.730709,0.2,0
196,HNSW_HYBRID,"[0.00,0.05)",8.258334,1.0,0
196,IVFFLAT_HYBRID,"[0.00,0.05)",7.64775,1.0,0
196,SQL_FIRST,"[0.00,0.05)",7.660166,1.0,1
196,VECTOR_FIRST_HNSW,"[0.00,0.05)",23.410458,0.2,1
196,HNSW_HYBRID,"[0.00,0.05)",8.5475,1.0,1
196,IVFFLAT_HYBRID,"[0.00,0.05)",8.223458,1.0,1
196,SQL_FIRST,"[0.00,0.05)",7.64875,1.0,2
196,VECTOR_FIRST_HNSW,"[0.00,0.05)",22.922083,0.2,2
196,HNSW_HYBRID,"[0.00,0.05)",8.370334,1.0,2
196,IVFFLAT_HYBRID,"[0.00,0.05)",7.607959,1.0,2
196,SQL_FIRST,"[0.00,0.05)",7.617875,1.0,3
196,VECTOR_FIRST_HNSW,"[0.00,0.05)",23.09325,0.2,3
196,HNSW_HYBRID,"[0.00,0.05)",8.221375,1.0,3
196,IVFFLAT_HYBRID,"[0.00,0.05)",7.915833,1.0,3
196,SQL_FIRST,"[0.00,0.05)",7.415666,1.0,4
196,VECTOR_FIRST_HNSW,"[0.00,0.05)",22.901292,0.2,4
196,HNSW_HYBRID,"[0.00,0.05)",8.270542,1.0,4
196,IVFFLAT_HYBRID,"[0.00,0.05)",7.703125,1.0,4
197,SQL_FIRST,"[0.00,0.05)",7.260833,1.0,0
197,VECTOR_FIRST_HNSW,"[0.00,0.05)",22.849792,0.1,0
197,HNSW_HYBRID,"[0.00,0.05)",7.939292,1.0,0
197,IVFFLAT_HYBRID,"[0.00,0.05)",7.318,1.0,0
197,SQL_FIRST,"[0.00,0.05)",7.015,1.0,1
197,VECTOR_FIRST_HNSW,"[0.00,0.05)",22.92575,0.1,1
197,HNSW_HYBRID,"[0.00,0.05)",7.878,1.0,1
197,IVFFLAT_HYBRID,"[0.00,0.05)",7.175417,1.0,1
197,SQL_FIRST,"[0.00,0.05)",7.452,1.0,2
197,VECTOR_FIRST_HNSW,"[0.00,0.05)",23.150041,0.1,2
197,HNSW_HYBRID,"[0.00,0.05)",7.938375,1.0,2
197,IVFFLAT_HYBRID,"[0.00,0.05)",7.116791,1.0,2
197,SQL_FIRST,"[0.00,0.05)",7.206958,1.0,3
197,VECTOR_FIRST_HNSW,"[0.00,0.05)",22.792583,0.1,3
197,HNSW_HYBRID,"[0.00,0.05)",7.8285,1.0,3
197,IVFFLAT_HYBRID,"[0.00,0.05)",7.206625,1.0,3
197,SQL_FIRST,"[0.00,0.05)",7.190458,1.0,4
197,VECTOR_FIRST_HNSW,"[0.00,0.05)",23.163292,0.1,4
197,HNSW_HYBRID,"[0.00,0.05)",7.842417,1.0,4
197,IVFFLAT_HYBRID,"[0.00,0.05)",7.443417,1.0,4
198,SQL_FIRST,"[0.00,0.05)",6.072625,1.0,0
198,VECTOR_FIRST_HNSW,"[0.00,0.05)",22.957333,0.1,0
198,HNSW_HYBRID,"[0.00,0.05)",6.77375,1.0,0
198,IVFFLAT_HYBRID,"[0.00,0.05)",5.986083,1.0,0
198,SQL_FIRST,"[0.00,0.05)",6.457416,1.0,1
198,VECTOR_FIRST_HNSW,"[0.00,0.05)",22.834917,0.1,1
198,HNSW_HYBRID,"[0.00,0.05)",6.75,1.0,1
198,IVFFLAT_HYBRID,"[0.00,0.05)",6.714584,1.0,1
198,SQL_FIRST,"[0.00,0.05)",6.103417,1.0,2
198,VECTOR_FIRST_HNSW,"[0.00,0.05)",23.119583,0.1,2
198,HNSW_HYBRID,"[0.00,0.05)",6.663,1.0,2
198,IVFFLAT_HYBRID,"[0.00,0.05)",6.090792,1.0,2
198,SQL_FIRST,"[0.00,0.05)",6.359791,1.0,3
198,VECTOR_FIRST_HNSW,"[0.00,0.05)",22.972209,0.1,3
198,HNSW_HYBRID,"[0.00,0.05)",6.708958,1.0,3
198,IVFFLAT_HYBRID,"[0.00,0.05)",5.98025,1.0,3
198,SQL_FIRST,"[0.00,0.05)",5.923667,1.0,4
198,VECTOR_FIRST_HNSW,"[0.00,0.05)",22.8735,0.1,4
198,HNSW_HYBRID,"[0.00,0.05)",6.711834,1.0,4
198,IVFFLAT_HYBRID,"[0.00,0.05)",6.252583,1.0,4
205,SQL_FIRST,"[0.00,0.05)",1.647333,1.0,0
205,VECTOR_FIRST_HNSW,"[0.00,0.05)",22.793417,0.0,0
205,HNSW_HYBRID,"[0.00,0.05)",1.986,1.0,0
205,IVFFLAT_HYBRID,"[0.00,0.05)",1.640666,1.0,0
205,SQL_FIRST,"[0.00,0.05)",1.634125,1.0,1
205,VECTOR_FIRST_HNSW,"[0.00,0.05)",22.866042,0.0,1
205,HNSW_HYBRID,"[0.00,0.05)",2.008875,1.0,1
205,IVFFLAT_HYBRID,"[0.00,0.05)",1.662333,1.0,1
205,SQL_FIRST,"[0.00,0.05)",1.641875,1.0,2
205,VECTOR_FIRST_HNSW,"[0.00,0.05)",22.718834,0.0,2
205,HNSW_HYBRID,"[0.00,0.05)",1.961,1.0,2
205,IVFFLAT_HYBRID,"[0.00,0.05)",1.610417,1.0,2
205,SQL_FIRST,"[0.00,0.05)",1.605917,1.0,3
205,VECTOR_FIRST_HNSW,"[0.00,0.05)",22.756708,0.0,3
205,HNSW_HYBRID,"[0.00,0.05)",1.934375,1.0,3
205,IVFFLAT_HYBRID,"[0.00,0.05)",1.766791,1.0,3
205,SQL_FIRST,"[0.00,0.05)",1.579792,1.0,4
205,VECTOR_FIRST_HNSW,"[0.00,0.05)",23.037917,0.0,4
205,HNSW_HYBRID,"[0.00,0.05)",1.939083,1.0,4
205,IVFFLAT_HYBRID,"[0.00,0.05)",1.716542,1.0,4
207,SQL_FIRST,"[0.00,0.05)",4.267333,1.0,0
207,VECTOR_FIRST_HNSW,"[0.00,0.05)",22.796625,0.2,0
207,HNSW_HYBRID,"[0.00,0.05)",4.876458,1.0,0
207,IVFFLAT_HYBRID,"[0.00,0.05)",4.3565,1.0,0
207,SQL_FIRST,"[0.00,0.05)",4.32975,1.0,1
207,VECTOR_FIRST_HNSW,"[0.00,0.05)",22.923916,0.2,1
207,HNSW_HYBRID,"[0.00,0.05)",4.826166,1.0,1
207,IVFFLAT_HYBRID,"[0.00,0.05)",4.376375,1.0,1
207,SQL_FIRST,"[0.00,0.05)",4.436292,1.0,2
207,VECTOR_FIRST_HNSW,"[0.00,0.05)",22.829833,0.2,2
207,HNSW_HYBRID,"[0.00,0.05)",4.721209,1.0,2
207,IVFFLAT_HYBRID,"[0.00,0.05)",4.397333,1.0,2
207,SQL_FIRST,"[0.00,0.05)",4.556292,1.0,3
207,VECTOR_FIRST_HNSW,"[0.00,0.05)",23.034292,0.2,3
207,HNSW_HYBRID,"[0.00,0.05)",5.092667,1.0,3
207,IVFFLAT_HYBRID,"[0.00,0.05)",4.442833,1.0,3
207,SQL_FIRST,"[0.00,0.05)",4.411333,1.0,4
207,VECTOR_FIRST_HNSW,"[0.00,0.05)",22.931625,0.2,4
207,HNSW_HYBRID,"[0.00,0.05)",4.753042,1.0,4
207,IVFFLAT_HYBRID,"[0.00,0.05)",4.306666,1.0,4
209,SQL_FIRST,"[0.00,0.05)",9.492042,1.0,0
209,VECTOR_FIRST_HNSW,"[0.00,0.05)",22.865916,0.6,0
209,HNSW_HYBRID,"[0.00,0.05)",9.470458,1.0,0
209,IVFFLAT_HYBRID,"[0.00,0.05)",9.145291,1.0,0
209,SQL_FIRST,"[0.00,0.05)",9.081084,1.0,1
209,VECTOR_FIRST_HNSW,"[0.00,0.05)",22.993125,0.6,1
209,HNSW_HYBRID,"[0.00,0.05)",9.517042,1.0,1
209,IVFFLAT_HYBRID,"[0.00,0.05)",9.526,1.0,1
209,SQL_FIRST,"[0.00,0.05)",9.096542,1.0,2
209,VECTOR_FIRST_HNSW,"[0.00,0.05)",22.998334,0.6,2
209,HNSW_HYBRID,"[0.00,0.05)",9.723125,1.0,2
209,IVFFLAT_HYBRID,"[0.00,0.05)",9.175875,1.0,2
209,SQL_FIRST,"[0.00,0.05)",9.468166,1.0,3
209,VECTOR_FIRST_HNSW,"[0.00,0.05)",22.897375,0.6,3
209,HNSW_HYBRID,"[0.00,0.05)",9.840542,1.0,3
209,IVFFLAT_HYBRID,"[0.00,0.05)",9.253834,1.0,3
209,SQL_FIRST,"[0.00,0.05)",9.090583,1.0,4
209,VECTOR_FIRST_HNSW,"[0.00,0.05)",22.993458,0.6,4
209,HNSW_HYBRID,"[0.00,0.05)",9.5,1.0,4
209,IVFFLAT_HYBRID,"[0.00,0.05)",9.027834,1.0,4
210,SQL_FIRST,"[0.00,0.05)",8.929,1.0,0
210,VECTOR_FIRST_HNSW,"[0.00,0.05)",23.030625,0.5,0
210,HNSW_HYBRID,"[0.00,0.05)",9.456917,1.0,0
210,IVFFLAT_HYBRID,"[0.00,0.05)",9.41,1.0,0
210,SQL_FIRST,"[0.00,0.05)",8.926583,1.0,1
210,VECTOR_FIRST_HNSW,"[0.00,0.05)",22.9275,0.5,1
210,HNSW_HYBRID,"[0.00,0.05)",9.535542,1.0,1
210,IVFFLAT_HYBRID,"[0.00,0.05)",8.944542,1.0,1
210,SQL_FIRST,"[0.00,0.05)",9.600542,1.0,2
210,VECTOR_FIRST_HNSW,"[0.00,0.05)",22.862708,0.5,2
210,HNSW_HYBRID,"[0.00,0.05)",10.1175,1.0,2
210,IVFFLAT_HYBRID,"[0.00,0.05)",9.102708,1.0,2
210,SQL_FIRST,"[0.00,0.05)",9.101792,1.0,3
210,VECTOR_FIRST_HNSW,"[0.00,0.05)",22.959959,0.5,3
210,HNSW_HYBRID,"[0.00,0.05)",9.441792,1.0,3
210,IVFFLAT_HYBRID,"[0.00,0.05)",9.371458,1.0,3
210,SQL_FIRST,"[0.00,0.05)",9.295292,1.0,4
210,VECTOR_FIRST_HNSW,"[0.00,0.05)",22.88625,0.5,4
210,HNSW_HYBRID,"[0.00,0.05)",9.656625,1.0,4
210,IVFFLAT_HYBRID,"[0.00,0.05)",9.230958,1.0,4
212,SQL_FIRST,"[0.00,0.05)",9.203625,1.0,0
212,VECTOR_FIRST_HNSW,"[0.00,0.05)",22.872625,0.4,0
212,HNSW_HYBRID,"[0.00,0.05)",9.978959,1.0,0
212,IVFFLAT_HYBRID,"[0.00,0.05)",9.149792,1.0,0
212,SQL_FIRST,"[0.00,0.05)",9.910541,1.0,1
212,VECTOR_FIRST_HNSW,"[0.00,0.05)",22.894417,0.4,1
212,HNSW_HYBRID,"[0.00,0.05)",10.129,1.0,1
212,IVFFLAT_HYBRID,"[0.00,0.05)",9.222041,1.0,1
212,SQL_FIRST,"[0.00,0.05)",9.458708,1.0,2
212,VECTOR_FIRST_HNSW,"[0.00,0.05)",23.02125,0.4,2
212,HNSW_HYBRID,"[0.00,0.05)",9.915,1.0,2
212,IVFFLAT_HYBRID,"[0.00,0.05)",9.487,1.0,2
212,SQL_FIRST,"[0.00,0.05)",9.552167,1.0,3
212,VECTOR_FIRST_HNSW,"[0.00,0.05)",22.903542,0.4,3
212,HNSW_HYBRID,"[0.00,0.05)",9.92275,1.0,3
212,IVFFLAT_HYBRID,"[0.00,0.05)",9.455625,1.0,3
212,SQL_FIRST,"[0.00,0.05)",9.168792,1.0,4
212,VECTOR_FIRST_HNSW,"[0.00,0.05)",22.894792,0.4,4
212,HNSW_HYBRID,"[0.00,0.05)",9.817167,1.0,4
212,IVFFLAT_HYBRID,"[0.00,0.05)",9.473,1.0,4
213,SQL_FIRST,"[0.00,0.05)",8.942334,1.0,0
213,VECTOR_FIRST_HNSW,"[0.00,0.05)",22.965917,0.3,0
213,HNSW_HYBRID,"[0.00,0.05)",9.625833,1.0,0
213,IVFFLAT_HYBRID,"[0.00,0.05)",9.069916,1.0,0
213,SQL_FIRST,"[0.00,0.05)",8.794,1.0,1
213,VECTOR_FIRST_HNSW,"[0.00,0.05)",22.988875,0.3,1
213,HNSW_HYBRID,"[0.00,0.05)",9.040209,1.0,1
213,IVFFLAT_HYBRID,"[0.00,0.05)",8.857209,1.0,1
213,SQL_FIRST,"[0.00,0.05)",9.203084,1.0,2
213,VECTOR_FIRST_HNSW,"[0.00,0.05)",22.890333,0.3,2
213,HNSW_HYBRID,"[0.00,0.05)",9.266333,1.0,2
213,IVFFLAT_HYBRID,"[0.00,0.05)",8.706208,1.0,2
213,SQL_FIRST,"[0.00,0.05)",8.510583,1.0,3
213,VECTOR_FIRST_HNSW,"[0.00,0.05)",22.903333,0.3,3
213,HNSW_HYBRID,"[0.00,0.05)",8.968792,1.0,3
213,IVFFLAT_HYBRID,"[0.00,0.05)",8.713417,1.0,3
213,SQL_FIRST,"[0.00,0.05)",8.7205,1.0,4
213,VECTOR_FIRST_HNSW,"[0.00,0.05)",22.990291,0.3,4
213,HNSW_HYBRID,"[0.00,0.05)",9.072334,1.0,4
213,IVFFLAT_HYBRID,"[0.00,0.05)",8.782708,1.0,4
219,SQL_FIRST,"[0.00,0.05)",8.79525,1.0,0
219,VECTOR_FIRST_HNSW,"[0.00,0.05)",23.406625,0.2,0
219,HNSW_HYBRID,"[0.00,0.05)",9.150083,1.0,0
219,IVFFLAT_HYBRID,"[0.00,0.05)",8.713416,1.0,0
219,SQL_FIRST,"[0.00,0.05)",8.901166,1.0,1
219,VECTOR_FIRST_HNSW,"[0.00,0.05)",22.996542,0.2,1
219,HNSW_HYBRID,"[0.00,0.05)",9.244125,1.0,1
219,IVFFLAT_HYBRID,"[0.00,0.05)",8.889834,1.0,1
219,SQL_FIRST,"[0.00,0.05)",8.866041,1.0,2
219,VECTOR_FIRST_HNSW,"[0.00,0.05)",22.945542,0.2,2
219,HNSW_HYBRID,"[0.00,0.05)",9.3895,1.0,2
219,IVFFLAT_HYBRID,"[0.00,0.05)",8.680708,1.0,2
219,SQL_FIRST,"[0.00,0.05)",9.190042,1.0,3
219,VECTOR_FIRST_HNSW,"[0.00,0.05)",22.790458,0.2,3
219,HNSW_HYBRID,"[0.00,0.05)",9.469542,1.0,3
219,IVFFLAT_HYBRID,"[0.00,0.05)",8.752959,1.0,3
219,SQL_FIRST,"[0.00,0.05)",8.744125,1.0,4
219,VECTOR_FIRST_HNSW,"[0.00,0.05)",23.1725,0.2,4
219,HNSW_HYBRID,"[0.00,0.05)",9.193916,1.0,4
219,IVFFLAT_HYBRID,"[0.00,0.05)",8.64775,1.0,4
221,SQL_FIRST,"[0.00,0.05)",6.331208,1.0,0
221,VECTOR_FIRST_HNSW,"[0.00,0.05)",23.4985,0.2,0
221,HNSW_HYBRID,"[0.00,0.05)",7.04925,1.0,0
221,IVFFLAT_HYBRID,"[0.00,0.05)",6.183875,1.0,0
221,SQL_FIRST,"[0.00,0.05)",6.163792,1.0,1
221,VECTOR_FIRST_HNSW,"[0.00,0.05)",22.802,0.2,1
221,HNSW_HYBRID,"[0.00,0.05)",6.910292,1.0,1
221,IVFFLAT_HYBRID,"[0.00,0.05)",6.375625,1.0,1
221,SQL_FIRST,"[0.00,0.05)",6.469,1.0,2
221,VECTOR_FIRST_HNSW,"[0.00,0.05)",22.808458,0.2,2
221,HNSW_HYBRID,"[0.00,0.05)",7.2405,1.0,2
221,IVFFLAT_HYBRID,"[0.00,0.05)",6.627166,1.0,2
221,SQL_FIRST,"[0.00,0.05)",6.450709,1.0,3
221,VECTOR_FIRST_HNSW,"[0.00,0.05)",22.902458,0.2,3
221,HNSW_HYBRID,"[0.00,0.05)",7.081542,1.0,3
221,IVFFLAT_HYBRID,"[0.00,0.05)",6.316,1.0,3
221,SQL_FIRST,"[0.00,0.05)",6.240208,1.0,4
221,VECTOR_FIRST_HNSW,"[0.00,0.05)",22.824125,0.2,4
221,HNSW_HYBRID,"[0.00,0.05)",7.028875,1.0,4
221,IVFFLAT_HYBRID,"[0.00,0.05)",6.523625,1.0,4
223,SQL_FIRST,"[0.00,0.05)",8.79125,1.0,0
223,VECTOR_FIRST_HNSW,"[0.00,0.05)",22.906875,0.5,0
223,HNSW_HYBRID,"[0.00,0.05)",9.186459,1.0,0
223,IVFFLAT_HYBRID,"[0.00,0.05)",9.428875,1.0,0
223,SQL_FIRST,"[0.00,0.05)",8.973,1.0,1
223,VECTOR_FIRST_HNSW,"[0.00,0.05)",22.827083,0.5,1
223,HNSW_HYBRID,"[0.00,0.05)",9.445833,1.0,1
223,IVFFLAT_HYBRID,"[0.00,0.05)",8.918292,1.0,1
223,SQL_FIRST,"[0.00,0.05)",9.00975,1.0,2
223,VECTOR_FIRST_HNSW,"[0.00,0.05)",22.896916,0.5,2
223,HNSW_HYBRID,"[0.00,0.05)",9.410833,1.0,2
223,IVFFLAT_HYBRID,"[0.00,0.05)",9.587083,1.0,2
223,SQL_FIRST,"[0.00,0.05)",9.215125,1.0,3
223,VECTOR_FIRST_HNSW,"[0.00,0.05)",23.015542,0.5,3
223,HNSW_HYBRID,"[0.00,0.05)",9.422542,1.0,3
223,IVFFLAT_HYBRID,"[0.00,0.05)",8.649083,1.0,3
223,SQL_FIRST,"[0.00,0.05)",9.696375,1.0,4
223,VECTOR_FIRST_HNSW,"[0.00,0.05)",23.126166,0.5,4
223,HNSW_HYBRID,"[0.00,0.05)",9.391417,1.0,4
223,IVFFLAT_HYBRID,"[0.00,0.05)",9.965666,1.0,4
227,SQL_FIRST,"[0.00,0.05)",4.23825,1.0,0
227,VECTOR_FIRST_HNSW,"[0.00,0.05)",22.876125,0.1,0
227,HNSW_HYBRID,"[0.00,0.05)",4.73525,1.0,0
227,IVFFLAT_HYBRID,"[0.00,0.05)",4.298583,1.0,0
227,SQL_FIRST,"[0.00,0.05)",4.326917,1.0,1
227,VECTOR_FIRST_HNSW,"[0.00,0.05)",22.9015,0.1,1
227,HNSW_HYBRID,"[0.00,0.05)",4.763583,1.0,1
227,IVFFLAT_HYBRID,"[0.00,0.05)",4.349417,1.0,1
227,SQL_FIRST,"[0.00,0.05)",4.378042,1.0,2
227,VECTOR_FIRST_HNSW,"[0.00,0.05)",22.784084,0.1,2
227,HNSW_HYBRID,"[0.00,0.05)",4.708667,1.0,2
227,IVFFLAT_HYBRID,"[0.00,0.05)",4.433459,1.0,2
227,SQL_FIRST,"[0.00,0.05)",4.29975,1.0,3
227,VECTOR_FIRST_HNSW,"[0.00,0.05)",22.832541,0.1,3
227,HNSW_HYBRID,"[0.00,0.05)",4.93,1.0,3
227,IVFFLAT_HYBRID,"[0.00,0.05)",4.304875,1.0,3
227,SQL_FIRST,"[0.00,0.05)",4.344917,1.0,4
227,VECTOR_FIRST_HNSW,"[0.00,0.05)",22.947458,0.1,4
227,HNSW_HYBRID,"[0.00,0.05)",4.791666,1.0,4
227,IVFFLAT_HYBRID,"[0.00,0.05)",4.239167,1.0,4
228,SQL_FIRST,"[0.00,0.05)",9.005084,1.0,0
228,VECTOR_FIRST_HNSW,"[0.00,0.05)",22.883208,0.6,0
228,HNSW_HYBRID,"[0.00,0.05)",9.38725,1.0,0
228,IVFFLAT_HYBRID,"[0.00,0.05)",8.9835,1.0,0
228,SQL_FIRST,"[0.00,0.05)",8.800875,1.0,1
228,VECTOR_FIRST_HNSW,"[0.00,0.05)",23.020833,0.6,1
228,HNSW_HYBRID,"[0.00,0.05)",9.302625,1.0,1
228,IVFFLAT_HYBRID,"[0.00,0.05)",9.450916,1.0,1
228,SQL_FIRST,"[0.00,0.05)",8.869041,1.0,2
228,VECTOR_FIRST_HNSW,"[0.00,0.05)",22.86325,0.6,2
228,HNSW_HYBRID,"[0.00,0.05)",9.3685,1.0,2
228,IVFFLAT_HYBRID,"[0.00,0.05)",8.83175,1.0,2
228,SQL_FIRST,"[0.00,0.05)",8.832333,1.0,3
228,VECTOR_FIRST_HNSW,"[0.00,0.05)",23.346084,0.6,3
228,HNSW_HYBRID,"[0.00,0.05)",9.279667,1.0,3
228,IVFFLAT_HYBRID,"[0.00,0.05)",9.370667,1.0,3
228,SQL_FIRST,"[0.00,0.05)",8.926292,1.0,4
228,VECTOR_FIRST_HNSW,"[0.00,0.05)",22.926792,0.6,4
228,HNSW_HYBRID,"[0.00,0.05)",9.254708,1.0,4
228,IVFFLAT_HYBRID,"[0.00,0.05)",8.958583,1.0,4
229,SQL_FIRST,"[0.00,0.05)",6.094833,1.0,0
229,VECTOR_FIRST_HNSW,"[0.00,0.05)",22.81275,0.2,0
229,HNSW_HYBRID,"[0.00,0.05)",6.197708,1.0,0
229,IVFFLAT_HYBRID,"[0.00,0.05)",5.561167,1.0,0
229,SQL_FIRST,"[0.00,0.05)",5.540167,1.0,1
229,VECTOR_FIRST_HNSW,"[0.00,0.05)",22.743667,0.2,1
229,HNSW_HYBRID,"[0.00,0.05)",6.127208,1.0,1
229,IVFFLAT_HYBRID,"[0.00,0.05)",5.571792,1.0,1
229,SQL_FIRST,"[0.00,0.05)",5.599375,1.0,2
229,VECTOR_FIRST_HNSW,"[0.00,0.05)",22.888333,0.2,2
229,HNSW_HYBRID,"[0.00,0.05)",6.160834,1.0,2
229,IVFFLAT_HYBRID,"[0.00,0.05)",5.510834,1.0,2
229,SQL_FIRST,"[0.00,0.05)",5.765584,1.0,3
229,VECTOR_FIRST_HNSW,"[0.00,0.05)",22.783708,0.2,3
229,HNSW_HYBRID,"[0.00,0.05)",6.245708,1.0,3
229,IVFFLAT_HYBRID,"[0.00,0.05)",5.719584,1.0,3
229,SQL_FIRST,"[0.00,0.05)",5.46875,1.0,4
229,VECTOR_FIRST_HNSW,"[0.00,0.05)",23.259208,0.2,4
229,HNSW_HYBRID,"[0.00,0.05)",6.262542,1.0,4
229,IVFFLAT_HYBRID,"[0.00,0.05)",5.522875,1.0,4
230,SQL_FIRST,"[0.00,0.05)",9.265583,1.0,0
230,VECTOR_FIRST_HNSW,"[0.00,0.05)",22.835291,0.4,0
230,HNSW_HYBRID,"[0.00,0.05)",10.004833,1.0,0
230,IVFFLAT_HYBRID,"[0.00,0.05)",9.413375,1.0,0
230,SQL_FIRST,"[0.00,0.05)",9.226708,1.0,1
230,VECTOR_FIRST_HNSW,"[0.00,0.05)",23.015916,0.4,1
230,HNSW_HYBRID,"[0.00,0.05)",9.626291,1.0,1
230,IVFFLAT_HYBRID,"[0.00,0.05)",9.396,1.0,1
230,SQL_FIRST,"[0.00,0.05)",9.321833,1.0,2
230,VECTOR_FIRST_HNSW,"[0.00,0.05)",23.228958,0.4,2
230,HNSW_HYBRID,"[0.00,0.05)",9.714333,1.0,2
230,IVFFLAT_HYBRID,"[0.00,0.05)",9.035917,1.0,2
230,SQL_FIRST,"[0.00,0.05)",10.054583,1.0,3
230,VECTOR_FIRST_HNSW,"[0.00,0.05)",22.902708,0.4,3
230,HNSW_HYBRID,"[0.00,0.05)",9.956042,1.0,3
230,IVFFLAT_HYBRID,"[0.00,0.05)",9.256792,1.0,3
230,SQL_FIRST,"[0.00,0.05)",9.469916,1.0,4
230,VECTOR_FIRST_HNSW,"[0.00,0.05)",23.220875,0.4,4
230,HNSW_HYBRID,"[0.00,0.05)",9.448708,1.0,4
230,IVFFLAT_HYBRID,"[0.00,0.05)",9.095125,1.0,4
232,SQL_FIRST,"[0.00,0.05)",10.95625,1.0,0
232,VECTOR_FIRST_HNSW,"[0.00,0.05)",22.751417,0.2,0
232,HNSW_HYBRID,"[0.00,0.05)",11.1025,1.0,0
232,IVFFLAT_HYBRID,"[0.00,0.05)",10.646167,1.0,0
232,SQL_FIRST,"[0.00,0.05)",10.428167,1.0,1
232,VECTOR_FIRST_HNSW,"[0.00,0.05)",22.862084,0.2,1
232,HNSW_HYBRID,"[0.00,0.05)",11.036833,1.0,1
232,IVFFLAT_HYBRID,"[0.00,0.05)",10.691458,1.0,1
232,SQL_FIRST,"[0.00,0.05)",10.637875,1.0,2
232,VECTOR_FIRST_HNSW,"[0.00,0.05)",23.18725,0.2,2
232,HNSW_HYBRID,"[0.00,0.05)",11.018791,1.0,2
232,IVFFLAT_HYBRID,"[0.00,0.05)",10.652292,1.0,2
232,SQL_FIRST,"[0.00,0.05)",10.669,1.0,3
232,VECTOR_FIRST_HNSW,"[0.00,0.05)",22.856917,0.2,3
232,HNSW_HYBRID,"[0.00,0.05)",11.115958,1.0,3
232,IVFFLAT_HYBRID,"[0.00,0.05)",10.663166,1.0,3
232,SQL_FIRST,"[0.00,0.05)",10.632292,1.0,4
232,VECTOR_FIRST_HNSW,"[0.00,0.05)",22.978708,0.2,4
232,HNSW_HYBRID,"[0.00,0.05)",11.33825,1.0,4
232,IVFFLAT_HYBRID,"[0.00,0.05)",10.695666,1.0,4
233,SQL_FIRST,"[0.00,0.05)",9.422417,1.0,0
233,VECTOR_FIRST_HNSW,"[0.00,0.05)",23.014458,0.4,0
233,HNSW_HYBRID,"[0.00,0.05)",9.686625,1.0,0
233,IVFFLAT_HYBRID,"[0.00,0.05)",9.684292,1.0,0
233,SQL_FIRST,"[0.00,0.05)",9.124042,1.0,1
233,VECTOR_FIRST_HNSW,"[0.00,0.05)",22.959458,0.4,1
233,HNSW_HYBRID,"[0.00,0.05)",9.994333,1.0,1
233,IVFFLAT_HYBRID,"[0.00,0.05)",10.003667,1.0,1
233,SQL_FIRST,"[0.00,0.05)",10.200583,1.0,2
233,VECTOR_FIRST_HNSW,"[0.00,0.05)",23.015042,0.4,2
233,HNSW_HYBRID,"[0.00,0.05)",9.787584,1.0,2
233,IVFFLAT_HYBRID,"[0.00,0.05)",9.246958,1.0,2
233,SQL_FIRST,"[0.00,0.05)",9.488833,1.0,3
233,VECTOR_FIRST_HNSW,"[0.00,0.05)",22.948458,0.4,3
233,HNSW_HYBRID,"[0.00,0.05)",9.720459,1.0,3
233,IVFFLAT_HYBRID,"[0.00,0.05)",9.338333,1.0,3
233,SQL_FIRST,"[0.00,0.05)",9.153083,1.0,4
233,VECTOR_FIRST_HNSW,"[0.00,0.05)",22.920667,0.4,4
233,HNSW_HYBRID,"[0.00,0.05)",9.594208,1.0,4
233,IVFFLAT_HYBRID,"[0.00,0.05)",9.667625,1.0,4
234,SQL_FIRST,"[0.00,0.05)",9.388417,1.0,0
234,VECTOR_FIRST_HNSW,"[0.00,0.05)",22.938416,0.6,0
234,HNSW_HYBRID,"[0.00,0.05)",9.360917,1.0,0
234,IVFFLAT_HYBRID,"[0.00,0.05)",9.214333,1.0,0
234,SQL_FIRST,"[0.00,0.05)",9.026333,1.0,1
234,VECTOR_FIRST_HNSW,"[0.00,0.05)",22.866417,0.6,1
234,HNSW_HYBRID,"[0.00,0.05)",9.24225,1.0,1
234,IVFFLAT_HYBRID,"[0.00,0.05)",8.528292,1.0,1
234,SQL_FIRST,"[0.00,0.05)",9.009667,1.0,2
234,VECTOR_FIRST_HNSW,"[0.00,0.05)",22.928333,0.6,2
234,HNSW_HYBRID,"[0.00,0.05)",9.475916,1.0,2
234,IVFFLAT_HYBRID,"[0.00,0.05)",8.809208,1.0,2
234,SQL_FIRST,"[0.00,0.05)",8.784875,1.0,3
234,VECTOR_FIRST_HNSW,"[0.00,0.05)",23.005417,0.6,3
234,HNSW_HYBRID,"[0.00,0.05)",9.437084,1.0,3
234,IVFFLAT_HYBRID,"[0.00,0.05)",9.248208,1.0,3
234,SQL_FIRST,"[0.00,0.05)",9.784208,1.0,4
234,VECTOR_FIRST_HNSW,"[0.00,0.05)",23.255125,0.6,4
234,HNSW_HYBRID,"[0.00,0.05)",9.720375,1.0,4
234,IVFFLAT_HYBRID,"[0.00,0.05)",9.3005,1.0,4
236,SQL_FIRST,"[0.00,0.05)",8.290792,1.0,0
236,VECTOR_FIRST_HNSW,"[0.00,0.05)",22.997667,0.3,0
236,HNSW_HYBRID,"[0.00,0.05)",8.452583,1.0,0
236,IVFFLAT_HYBRID,"[0.00,0.05)",7.993083,1.0,0
236,SQL_FIRST,"[0.00,0.05)",8.176417,1.0,1
236,VECTOR_FIRST_HNSW,"[0.00,0.05)",23.120667,0.3,1
236,HNSW_HYBRID,"[0.00,0.05)",8.617458,1.0,1
236,IVFFLAT_HYBRID,"[0.00,0.05)",8.234958,1.0,1
236,SQL_FIRST,"[0.00,0.05)",8.323083,1.0,2
236,VECTOR_FIRST_HNSW,"[0.00,0.05)",23.007334,0.3,2
236,HNSW_HYBRID,"[0.00,0.05)",8.549333,1.0,2
236,IVFFLAT_HYBRID,"[0.00,0.05)",8.222917,1.0,2
236,SQL_FIRST,"[0.00,0.05)",8.186417,1.0,3
236,VECTOR_FIRST_HNSW,"[0.00,0.05)",23.038042,0.3,3
236,HNSW_HYBRID,"[0.00,0.05)",8.743167,1.0,3
236,IVFFLAT_HYBRID,"[0.00,0.05)",8.506708,1.0,3
236,SQL_FIRST,"[0.00,0.05)",8.593708,1.0,4
236,VECTOR_FIRST_HNSW,"[0.00,0.05)",22.965833,0.3,4
236,HNSW_HYBRID,"[0.00,0.05)",8.586792,1.0,4
236,IVFFLAT_HYBRID,"[0.00,0.05)",8.529917,1.0,4
237,SQL_FIRST,"[0.00,0.05)",3.697958,1.0,0
237,VECTOR_FIRST_HNSW,"[0.00,0.05)",22.758667,0.0,0
237,HNSW_HYBRID,"[0.00,0.05)",3.990417,1.0,0
237,IVFFLAT_HYBRID,"[0.00,0.05)",3.755459,1.0,0
237,SQL_FIRST,"[0.00,0.05)",3.647625,1.0,1
237,VECTOR_FIRST_HNSW,"[0.00,0.05)",22.810584,0.0,1
237,HNSW_HYBRID,"[0.00,0.05)",4.034,1.0,1
237,IVFFLAT_HYBRID,"[0.00,0.05)",3.732958,1.0,1
237,SQL_FIRST,"[0.00,0.05)",3.667959,1.0,2
237,VECTOR_FIRST_HNSW,"[0.00,0.05)",22.756292,0.0,2
237,HNSW_HYBRID,"[0.00,0.05)",4.131042,1.0,2
237,IVFFLAT_HYBRID,"[0.00,0.05)",3.69575,1.0,2
237,SQL_FIRST,"[0.00,0.05)",3.642167,1.0,3
237,VECTOR_FIRST_HNSW,"[0.00,0.05)",22.8285,0.0,3
237,HNSW_HYBRID,"[0.00,0.05)",3.966959,1.0,3
237,IVFFLAT_HYBRID,"[0.00,0.05)",3.671792,1.0,3
237,SQL_FIRST,"[0.00,0.05)",3.645791,1.0,4
237,VECTOR_FIRST_HNSW,"[0.00,0.05)",23.153667,0.0,4
237,HNSW_HYBRID,"[0.00,0.05)",4.261959,1.0,4
237,IVFFLAT_HYBRID,"[0.00,0.05)",3.818125,1.0,4
238,SQL_FIRST,"[0.00,0.05)",9.379542,1.0,0
238,VECTOR_FIRST_HNSW,"[0.00,0.05)",22.887708,0.5,0
238,HNSW_HYBRID,"[0.00,0.05)",9.599709,1.0,0
238,IVFFLAT_HYBRID,"[0.00,0.05)",9.242291,1.0,0
238,SQL_FIRST,"[0.00,0.05)",9.105833,1.0,1
238,VECTOR_FIRST_HNSW,"[0.00,0.05)",22.993416,0.5,1
238,HNSW_HYBRID,"[0.00,0.05)",9.463875,1.0,1
238,IVFFLAT_HYBRID,"[0.00,0.05)",9.575333,1.0,1
238,SQL_FIRST,"[0.00,0.05)",9.208583,1.0,2
238,VECTOR_FIRST_HNSW,"[0.00,0.05)",22.842917,0.5,2
238,HNSW_HYBRID,"[0.00,0.05)",9.519292,1.0,2
238,IVFFLAT_HYBRID,"[0.00,0.05)",9.133083,1.0,2
238,SQL_FIRST,"[0.00,0.05)",9.149292,1.0,3
238,VECTOR_FIRST_HNSW,"[0.00,0.05)",22.927167,0.5,3
238,HNSW_HYBRID,"[0.00,0.05)",9.919583,1.0,3
238,IVFFLAT_HYBRID,"[0.00,0.05)",10.162333,1.0,3
238,SQL_FIRST,"[0.00,0.05)",9.793125,1.0,4
238,VECTOR_FIRST_HNSW,"[0.00,0.05)",22.913334,0.5,4
238,HNSW_HYBRID,"[0.00,0.05)",9.531875,1.0,4
238,IVFFLAT_HYBRID,"[0.00,0.05)",9.159625,1.0,4
240,SQL_FIRST,"[0.00,0.05)",1.27475,1.0,0
240,VECTOR_FIRST_HNSW,"[0.00,0.05)",22.783667,0.0,0
240,HNSW_HYBRID,"[0.00,0.05)",1.51475,1.0,0
240,IVFFLAT_HYBRID,"[0.00,0.05)",1.270625,1.0,0
240,SQL_FIRST,"[0.00,0.05)",1.270125,1.0,1
240,VECTOR_FIRST_HNSW,"[0.00,0.05)",22.823,0.0,1
240,HNSW_HYBRID,"[0.00,0.05)",1.562458,1.0,1
240,IVFFLAT_HYBRID,"[0.00,0.05)",1.285333,1.0,1
240,SQL_FIRST,"[0.00,0.05)",1.258958,1.0,2
240,VECTOR_FIRST_HNSW,"[0.00,0.05)",22.766083,0.0,2
240,HNSW_HYBRID,"[0.00,0.05)",1.52175,1.0,2
240,IVFFLAT_HYBRID,"[0.00,0.05)",1.292834,1.0,2
240,SQL_FIRST,"[0.00,0.05)",1.264125,1.0,3
240,VECTOR_FIRST_HNSW,"[0.00,0.05)",22.759125,0.0,3
240,HNSW_HYBRID,"[0.00,0.05)",1.463333,1.0,3
240,IVFFLAT_HYBRID,"[0.00,0.05)",1.229291,1.0,3
240,SQL_FIRST,"[0.00,0.05)",1.255,1.0,4
240,VECTOR_FIRST_HNSW,"[0.00,0.05)",22.704541,0.0,4
240,HNSW_HYBRID,"[0.00,0.05)",1.481958,1.0,4
240,IVFFLAT_HYBRID,"[0.00,0.05)",1.2795,1.0,4
243,SQL_FIRST,"[0.00,0.05)",11.697833,1.0,0
243,VECTOR_FIRST_HNSW,"[0.00,0.05)",22.924291,0.3,0
243,HNSW_HYBRID,"[0.00,0.05)",10.232166,1.0,0
243,IVFFLAT_HYBRID,"[0.00,0.05)",9.63375,1.0,0
243,SQL_FIRST,"[0.00,0.05)",9.187542,1.0,1
243,VECTOR_FIRST_HNSW,"[0.00,0.05)",23.042708,0.3,1
243,HNSW_HYBRID,"[0.00,0.05)",9.617666,1.0,1
243,IVFFLAT_HYBRID,"[0.00,0.05)",9.541292,1.0,1
243,SQL_FIRST,"[0.00,0.05)",9.358583,1.0,2
243,VECTOR_FIRST_HNSW,"[0.00,0.05)",22.991125,0.3,2
243,HNSW_HYBRID,"[0.00,0.05)",9.593,1.0,2
243,IVFFLAT_HYBRID,"[0.00,0.05)",9.388917,1.0,2
243,SQL_FIRST,"[0.00,0.05)",9.196458,1.0,3
243,VECTOR_FIRST_HNSW,"[0.00,0.05)",22.887584,0.3,3
243,HNSW_HYBRID,"[0.00,0.05)",9.541792,1.0,3
243,IVFFLAT_HYBRID,"[0.00,0.05)",9.58775,1.0,3
243,SQL_FIRST,"[0.00,0.05)",9.245792,1.0,4
243,VECTOR_FIRST_HNSW,"[0.00,0.05)",23.322042,0.3,4
243,HNSW_HYBRID,"[0.00,0.05)",9.824583,1.0,4
243,IVFFLAT_HYBRID,"[0.00,0.05)",9.343292,1.0,4
254,SQL_FIRST,"[0.00,0.05)",6.543291,1.0,0
254,VECTOR_FIRST_HNSW,"[0.00,0.05)",24.129875,0.1,0
254,HNSW_HYBRID,"[0.00,0.05)",6.343583,1.0,0
254,IVFFLAT_HYBRID,"[0.00,0.05)",5.814,1.0,0
254,SQL_FIRST,"[0.00,0.05)",5.700334,1.0,1
254,VECTOR_FIRST_HNSW,"[0.00,0.05)",22.979083,0.1,1
254,HNSW_HYBRID,"[0.00,0.05)",6.340291,1.0,1
254,IVFFLAT_HYBRID,"[0.00,0.05)",5.652708,1.0,1
254,SQL_FIRST,"[0.00,0.05)",5.756542,1.0,2
254,VECTOR_FIRST_HNSW,"[0.00,0.05)",23.03175,0.1,2
254,HNSW_HYBRID,"[0.00,0.05)",6.534333,1.0,2
254,IVFFLAT_HYBRID,"[0.00,0.05)",5.915125,1.0,2
254,SQL_FIRST,"[0.00,0.05)",5.696125,1.0,3
254,VECTOR_FIRST_HNSW,"[0.00,0.05)",22.784667,0.1,3
254,HNSW_HYBRID,"[0.00,0.05)",6.492709,1.0,3
254,IVFFLAT_HYBRID,"[0.00,0.05)",5.805167,1.0,3
254,SQL_FIRST,"[0.00,0.05)",5.709625,1.0,4
254,VECTOR_FIRST_HNSW,"[0.00,0.05)",23.317084,0.1,4
254,HNSW_HYBRID,"[0.00,0.05)",6.500166,1.0,4
254,IVFFLAT_HYBRID,"[0.00,0.05)",5.853792,1.0,4
255,SQL_FIRST,"[0.00,0.05)",8.191208,1.0,0
255,VECTOR_FIRST_HNSW,"[0.00,0.05)",22.916875,0.2,0
255,HNSW_HYBRID,"[0.00,0.05)",8.791458,1.0,0
255,IVFFLAT_HYBRID,"[0.00,0.05)",8.098375,1.0,0
255,SQL_FIRST,"[0.00,0.05)",8.32175,1.0,1
255,VECTOR_FIRST_HNSW,"[0.00,0.05)",23.021792,0.2,1
255,HNSW_HYBRID,"[0.00,0.05)",8.916042,1.0,1
255,IVFFLAT_HYBRID,"[0.00,0.05)",8.325875,1.0,1
255,SQL_FIRST,"[0.00,0.05)",8.169166,1.0,2
255,VECTOR_FIRST_HNSW,"[0.00,0.05)",22.883917,0.2,2
255,HNSW_HYBRID,"[0.00,0.05)",9.15175,1.0,2
255,IVFFLAT_HYBRID,"[0.00,0.05)",8.473458,1.0,2
255,SQL_FIRST,"[0.00,0.05)",8.258792,1.0,3
255,VECTOR_FIRST_HNSW,"[0.00,0.05)",22.975916,0.2,3
255,HNSW_HYBRID,"[0.00,0.05)",8.986917,1.0,3
255,IVFFLAT_HYBRID,"[0.00,0.05)",8.505167,1.0,3
255,SQL_FIRST,"[0.00,0.05)",8.728041,1.0,4
255,VECTOR_FIRST_HNSW,"[0.00,0.05)",22.972708,0.2,4
255,HNSW_HYBRID,"[0.00,0.05)",8.835,1.0,4
255,IVFFLAT_HYBRID,"[0.00,0.05)",8.04675,1.0,4
257,SQL_FIRST,"[0.00,0.05)",8.78175,1.0,0
257,VECTOR_FIRST_HNSW,"[0.00,0.05)",23.061042,0.5,0
257,HNSW_HYBRID,"[0.00,0.05)",9.40375,1.0,0
257,IVFFLAT_HYBRID,"[0.00,0.05)",8.936542,1.0,0
257,SQL_FIRST,"[0.00,0.05)",8.93825,1.0,1
257,VECTOR_FIRST_HNSW,"[0.00,0.05)",22.842833,0.5,1
257,HNSW_HYBRID,"[0.00,0.05)",9.246083,1.0,1
257,IVFFLAT_HYBRID,"[0.00,0.05)",8.919083,1.0,1
257,SQL_FIRST,"[0.00,0.05)",8.768875,1.0,2
257,VECTOR_FIRST_HNSW,"[0.00,0.05)",23.064333,0.5,2
257,HNSW_HYBRID,"[0.00,0.05)",9.129834,1.0,2
257,IVFFLAT_HYBRID,"[0.00,0.05)",9.1685,1.0,2
257,SQL_FIRST,"[0.00,0.05)",9.502375,1.0,3
257,VECTOR_FIRST_HNSW,"[0.00,0.05)",23.268875,0.5,3
257,HNSW_HYBRID,"[0.00,0.05)",10.024333,1.0,3
257,IVFFLAT_HYBRID,"[0.00,0.05)",9.259166,1.0,3
257,SQL_FIRST,"[0.00,0.05)",8.935083,1.0,4
257,VECTOR_FIRST_HNSW,"[0.00,0.05)",22.99375,0.5,4
257,HNSW_HYBRID,"[0.00,0.05)",9.289917,1.0,4
257,IVFFLAT_HYBRID,"[0.00,0.05)",8.862916,1.0,4
258,SQL_FIRST,"[0.00,0.05)",10.03025,1.0,0
258,VECTOR_FIRST_HNSW,"[0.00,0.05)",22.845083,0.2,0
258,HNSW_HYBRID,"[0.00,0.05)",10.536875,1.0,0
258,IVFFLAT_HYBRID,"[0.00,0.05)",9.987542,1.0,0
258,SQL_FIRST,"[0.00,0.05)",9.89475,1.0,1
258,VECTOR_FIRST_HNSW,"[0.00,0.05)",22.938125,0.2,1
258,HNSW_HYBRID,"[0.00,0.05)",10.592958,1.0,1
258,IVFFLAT_HYBRID,"[0.00,0.05)",10.040583,1.0,1
258,SQL_FIRST,"[0.00,0.05)",10.56425,1.0,2
258,VECTOR_FIRST_HNSW,"[0.00,0.05)",22.91225,0.2,2
258,HNSW_HYBRID,"[0.00,0.05)",10.471083,1.0,2
258,IVFFLAT_HYBRID,"[0.00,0.05)",10.062583,1.0,2
258,SQL_FIRST,"[0.00,0.05)",10.051042,1.0,3
258,VECTOR_FIRST_HNSW,"[0.00,0.05)",22.897416,0.2,3
258,HNSW_HYBRID,"[0.00,0.05)",10.460792,1.0,3
258,IVFFLAT_HYBRID,"[0.00,0.05)",9.991875,1.0,3
258,SQL_FIRST,"[0.00,0.05)",10.37625,1.0,4
258,VECTOR_FIRST_HNSW,"[0.00,0.05)",22.928667,0.2,4
258,HNSW_HYBRID,"[0.00,0.05)",10.684667,1.0,4
258,IVFFLAT_HYBRID,"[0.00,0.05)",9.971875,1.0,4
259,SQL_FIRST,"[0.00,0.05)",10.123208,1.0,0
259,VECTOR_FIRST_HNSW,"[0.00,0.05)",23.423125,0.3,0
259,HNSW_HYBRID,"[0.00,0.05)",10.21625,1.0,0
259,IVFFLAT_HYBRID,"[0.00,0.05)",9.62125,1.0,0
259,SQL_FIRST,"[0.00,0.05)",9.548208,1.0,1
259,VECTOR_FIRST_HNSW,"[0.00,0.05)",23.383666,0.3,1
259,HNSW_HYBRID,"[0.00,0.05)",10.32225,1.0,1
259,IVFFLAT_HYBRID,"[0.00,0.05)",9.739042,1.0,1
259,SQL_FIRST,"[0.00,0.05)",9.541291,1.0,2
259,VECTOR_FIRST_HNSW,"[0.00,0.05)",22.955166,0.3,2
259,HNSW_HYBRID,"[0.00,0.05)",10.244625,1.0,2
259,IVFFLAT_HYBRID,"[0.00,0.05)",9.692209,1.0,2
259,SQL_FIRST,"[0.00,0.05)",9.966458,1.0,3
259,VECTOR_FIRST_HNSW,"[0.00,0.05)",23.022,0.3,3
259,HNSW_HYBRID,"[0.00,0.05)",10.1785,1.0,3
259,IVFFLAT_HYBRID,"[0.00,0.05)",9.755042,1.0,3
259,SQL_FIRST,"[0.00,0.05)",9.518584,1.0,4
259,VECTOR_FIRST_HNSW,"[0.00,0.05)",22.949292,0.3,4
259,HNSW_HYBRID,"[0.00,0.05)",10.238042,1.0,4
259,IVFFLAT_HYBRID,"[0.00,0.05)",9.915584,1.0,4
260,SQL_FIRST,"[0.00,0.05)",8.950791,1.0,0
260,VECTOR_FIRST_HNSW,"[0.00,0.05)",22.917,0.2,0
260,HNSW_HYBRID,"[0.00,0.05)",9.446084,1.0,0
260,IVFFLAT_HYBRID,"[0.00,0.05)",8.780667,1.0,0
260,SQL_FIRST,"[0.00,0.05)",8.744125,1.0,1
260,VECTOR_FIRST_HNSW,"[0.00,0.05)",22.921458,0.2,1
260,HNSW_HYBRID,"[0.00,0.05)",9.225167,1.0,1
260,IVFFLAT_HYBRID,"[0.00,0.05)",8.670083,1.0,1
260,SQL_FIRST,"[0.00,0.05)",9.004333,1.0,2
260,VECTOR_FIRST_HNSW,"[0.00,0.05)",22.8115,0.2,2
260,HNSW_HYBRID,"[0.00,0.05)",9.260459,1.0,2
260,IVFFLAT_HYBRID,"[0.00,0.05)",8.761667,1.0,2
260,SQL_FIRST,"[0.00,0.05)",8.819167,1.0,3
260,VECTOR_FIRST_HNSW,"[0.00,0.05)",23.058125,0.2,3
260,HNSW_HYBRID,"[0.00,0.05)",9.02975,1.0,3
260,IVFFLAT_HYBRID,"[0.00,0.05)",8.732958,1.0,3
260,SQL_FIRST,"[0.00,0.05)",8.880417,1.0,4
260,VECTOR_FIRST_HNSW,"[0.00,0.05)",23.834459,0.2,4
260,HNSW_HYBRID,"[0.00,0.05)",9.425167,1.0,4
260,IVFFLAT_HYBRID,"[0.00,0.05)",8.796583,1.0,4
262,SQL_FIRST,"[0.00,0.05)",7.197083,1.0,0
262,VECTOR_FIRST_HNSW,"[0.00,0.05)",22.87075,0.1,0
262,HNSW_HYBRID,"[0.00,0.05)",7.8865,1.0,0
262,IVFFLAT_HYBRID,"[0.00,0.05)",7.31525,1.0,0
262,SQL_FIRST,"[0.00,0.05)",7.175875,1.0,1
262,VECTOR_FIRST_HNSW,"[0.00,0.05)",22.891416,0.1,1
262,HNSW_HYBRID,"[0.00,0.05)",7.987709,1.0,1
262,IVFFLAT_HYBRID,"[0.00,0.05)",7.277708,1.0,1
262,SQL_FIRST,"[0.00,0.05)",7.565667,1.0,2
262,VECTOR_FIRST_HNSW,"[0.00,0.05)",22.981583,0.1,2
262,HNSW_HYBRID,"[0.00,0.05)",8.076625,1.0,2
262,IVFFLAT_HYBRID,"[0.00,0.05)",7.237541,1.0,2
262,SQL_FIRST,"[0.00,0.05)",7.185916,1.0,3
262,VECTOR_FIRST_HNSW,"[0.00,0.05)",22.779875,0.1,3
262,HNSW_HYBRID,"[0.00,0.05)",7.9785,1.0,3
262,IVFFLAT_HYBRID,"[0.00,0.05)",7.299791,1.0,3
262,SQL_FIRST,"[0.00,0.05)",7.286708,1.0,4
262,VECTOR_FIRST_HNSW,"[0.00,0.05)",23.481167,0.1,4
262,HNSW_HYBRID,"[0.00,0.05)",7.941291,1.0,4
262,IVFFLAT_HYBRID,"[0.00,0.05)",7.379,1.0,4
265,SQL_FIRST,"[0.00,0.05)",8.758417,1.0,0
265,VECTOR_FIRST_HNSW,"[0.00,0.05)",23.004,0.2,0
265,HNSW_HYBRID,"[0.00,0.05)",9.389208,1.0,0
265,IVFFLAT_HYBRID,"[0.00,0.05)",8.678292,1.0,0
265,SQL_FIRST,"[0.00,0.05)",8.728125,1.0,1
265,VECTOR_FIRST_HNSW,"[0.00,0.05)",23.073667,0.2,1
265,HNSW_HYBRID,"[0.00,0.05)",9.2425,1.0,1
265,IVFFLAT_HYBRID,"[0.00,0.05)",8.671292,1.0,1
265,SQL_FIRST,"[0.00,0.05)",9.287167,1.0,2
265,VECTOR_FIRST_HNSW,"[0.00,0.05)",22.91975,0.2,2
265,HNSW_HYBRID,"[0.00,0.05)",9.432125,1.0,2
265,IVFFLAT_HYBRID,"[0.00,0.05)",8.895333,1.0,2
265,SQL_FIRST,"[0.00,0.05)",9.359875,1.0,3
265,VECTOR_FIRST_HNSW,"[0.00,0.05)",22.879583,0.2,3
265,HNSW_HYBRID,"[0.00,0.05)",9.093292,1.0,3
265,IVFFLAT_HYBRID,"[0.00,0.05)",8.796917,1.0,3
265,SQL_FIRST,"[0.00,0.05)",8.724167,1.0,4
265,VECTOR_FIRST_HNSW,"[0.00,0.05)",23.080208,0.2,4
265,HNSW_HYBRID,"[0.00,0.05)",9.046333,1.0,4
265,IVFFLAT_HYBRID,"[0.00,0.05)",8.768292,1.0,4
266,SQL_FIRST,"[0.00,0.05)",8.904042,1.0,0
266,VECTOR_FIRST_HNSW,"[0.00,0.05)",22.864083,0.3,0
266,HNSW_HYBRID,"[0.00,0.05)",9.600084,1.0,0
266,IVFFLAT_HYBRID,"[0.00,0.05)",9.0425,1.0,0
266,SQL_FIRST,"[0.00,0.05)",9.309541,1.0,1
266,VECTOR_FIRST_HNSW,"[0.00,0.05)",22.962666,0.3,1
266,HNSW_HYBRID,"[0.00,0.05)",9.680167,1.0,1
266,IVFFLAT_HYBRID,"[0.00,0.05)",9.235333,1.0,1
266,SQL_FIRST,"[0.00,0.05)",9.006459,1.0,2
266,VECTOR_FIRST_HNSW,"[0.00,0.05)",22.823875,0.3,2
266,HNSW_HYBRID,"[0.00,0.05)",9.580583,1.0,2
266,IVFFLAT_HYBRID,"[0.00,0.05)",9.081792,1.0,2
266,SQL_FIRST,"[0.00,0.05)",9.284167,1.0,3
266,VECTOR_FIRST_HNSW,"[0.00,0.05)",22.96475,0.3,3
266,HNSW_HYBRID,"[0.00,0.05)",9.756333,1.0,3
266,IVFFLAT_HYBRID,"[0.00,0.05)",9.189958,1.0,3
266,SQL_FIRST,"[0.00,0.05)",8.840125,1.0,4
266,VECTOR_FIRST_HNSW,"[0.00,0.05)",23.042,0.3,4
266,HNSW_HYBRID,"[0.00,0.05)",9.5135,1.0,4
266,IVFFLAT_HYBRID,"[0.00,0.05)",9.483458,1.0,4
267,SQL_FIRST,"[0.00,0.05)",6.22975,1.0,0
267,VECTOR_FIRST_HNSW,"[0.00,0.05)",22.861208,0.0,0
267,HNSW_HYBRID,"[0.00,0.05)",7.035333,1.0,0
267,IVFFLAT_HYBRID,"[0.00,0.05)",6.258459,1.0,0
267,SQL_FIRST,"[0.00,0.05)",6.306875,1.0,1
267,VECTOR_FIRST_HNSW,"[0.00,0.05)",23.291375,0.0,1
267,HNSW_HYBRID,"[0.00,0.05)",7.164125,1.0,1
267,IVFFLAT_HYBRID,"[0.00,0.05)",6.930333,1.0,1
267,SQL_FIRST,"[0.00,0.05)",6.186875,1.0,2
267,VECTOR_FIRST_HNSW,"[0.00,0.05)",23.584666,0.0,2
267,HNSW_HYBRID,"[0.00,0.05)",7.4285,1.0,2
267,IVFFLAT_HYBRID,"[0.00,0.05)",6.877208,1.0,2
267,SQL_FIRST,"[0.00,0.05)",6.283584,1.0,3
267,VECTOR_FIRST_HNSW,"[0.00,0.05)",23.497583,0.0,3
267,HNSW_HYBRID,"[0.00,0.05)",6.98525,1.0,3
267,IVFFLAT_HYBRID,"[0.00,0.05)",6.307125,1.0,3
267,SQL_FIRST,"[0.00,0.05)",6.498083,1.0,4
267,VECTOR_FIRST_HNSW,"[0.00,0.05)",22.915875,0.0,4
267,HNSW_HYBRID,"[0.00,0.05)",7.108333,1.0,4
267,IVFFLAT_HYBRID,"[0.00,0.05)",6.492208,1.0,4
268,SQL_FIRST,"[0.00,0.05)",6.338292,1.0,0
268,VECTOR_FIRST_HNSW,"[0.00,0.05)",22.944458,0.0,0
268,HNSW_HYBRID,"[0.00,0.05)",6.99625,1.0,0
268,IVFFLAT_HYBRID,"[0.00,0.05)",6.314334,1.0,0
268,SQL_FIRST,"[0.00,0.05)",6.657208,1.0,1
268,VECTOR_FIRST_HNSW,"[0.00,0.05)",22.836666,0.0,1
268,HNSW_HYBRID,"[0.00,0.05)",7.249417,1.0,1
268,IVFFLAT_HYBRID,"[0.00,0.05)",6.673458,1.0,1
268,SQL_FIRST,"[0.00,0.05)",7.009208,1.0,2
268,VECTOR_FIRST_HNSW,"[0.00,0.05)",22.913916,0.0,2
268,HNSW_HYBRID,"[0.00,0.05)",7.127958,1.0,2
268,IVFFLAT_HYBRID,"[0.00,0.05)",6.576667,1.0,2
268,SQL_FIRST,"[0.00,0.05)",6.500042,1.0,3
268,VECTOR_FIRST_HNSW,"[0.00,0.05)",22.8105,0.0,3
268,HNSW_HYBRID,"[0.00,0.05)",6.950833,1.0,3
268,IVFFLAT_HYBRID,"[0.00,0.05)",6.512708,1.0,3
268,SQL_FIRST,"[0.00,0.05)",6.781875,1.0,4
268,VECTOR_FIRST_HNSW,"[0.00,0.05)",23.052,0.0,4
268,HNSW_HYBRID,"[0.00,0.05)",7.172042,1.0,4
268,IVFFLAT_HYBRID,"[0.00,0.05)",6.485042,1.0,4
272,SQL_FIRST,"[0.00,0.05)",6.263292,1.0,0
272,VECTOR_FIRST_HNSW,"[0.00,0.05)",23.063834,0.2,0
272,HNSW_HYBRID,"[0.00,0.05)",6.822917,1.0,0
272,IVFFLAT_HYBRID,"[0.00,0.05)",6.151959,1.0,0
272,SQL_FIRST,"[0.00,0.05)",6.257334,1.0,1
272,VECTOR_FIRST_HNSW,"[0.00,0.05)",23.764667,0.2,1
272,HNSW_HYBRID,"[0.00,0.05)",6.8905,1.0,1
272,IVFFLAT_HYBRID,"[0.00,0.05)",6.257375,1.0,1
272,SQL_FIRST,"[0.00,0.05)",6.21525,1.0,2
272,VECTOR_FIRST_HNSW,"[0.00,0.05)",25.509791,0.2,2
272,HNSW_HYBRID,"[0.00,0.05)",6.822,1.0,2
272,IVFFLAT_HYBRID,"[0.00,0.05)",6.648625,1.0,2
272,SQL_FIRST,"[0.00,0.05)",6.404875,1.0,3
272,VECTOR_FIRST_HNSW,"[0.00,0.05)",23.295458,0.2,3
272,HNSW_HYBRID,"[0.00,0.05)",6.814834,1.0,3
272,IVFFLAT_HYBRID,"[0.00,0.05)",6.422458,1.0,3
272,SQL_FIRST,"[0.00,0.05)",6.247084,1.0,4
272,VECTOR_FIRST_HNSW,"[0.00,0.05)",22.976042,0.2,4
272,HNSW_HYBRID,"[0.00,0.05)",6.858375,1.0,4
272,IVFFLAT_HYBRID,"[0.00,0.05)",6.305958,1.0,4
275,SQL_FIRST,"[0.00,0.05)",9.95625,1.0,0
275,VECTOR_FIRST_HNSW,"[0.00,0.05)",24.035,0.3,0
275,HNSW_HYBRID,"[0.00,0.05)",10.1955,1.0,0
275,IVFFLAT_HYBRID,"[0.00,0.05)",10.460625,1.0,0
275,SQL_FIRST,"[0.00,0.05)",10.812666,1.0,1
275,VECTOR_FIRST_HNSW,"[0.00,0.05)",23.4225,0.3,1
275,HNSW_HYBRID,"[0.00,0.05)",9.950167,1.0,1
275,IVFFLAT_HYBRID,"[0.00,0.05)",9.33,1.0,1
275,SQL_FIRST,"[0.00,0.05)",9.324875,1.0,2
275,VECTOR_FIRST_HNSW,"[0.00,0.05)",23.309625,0.3,2
275,HNSW_HYBRID,"[0.00,0.05)",9.52575,1.0,2
275,IVFFLAT_HYBRID,"[0.00,0.05)",9.401083,1.0,2
275,SQL_FIRST,"[0.00,0.05)",9.355708,1.0,3
275,VECTOR_FIRST_HNSW,"[0.00,0.05)",22.918042,0.3,3
275,HNSW_HYBRID,"[0.00,0.05)",9.59825,1.0,3
275,IVFFLAT_HYBRID,"[0.00,0.05)",9.51775,1.0,3
275,SQL_FIRST,"[0.00,0.05)",9.199958,1.0,4
275,VECTOR_FIRST_HNSW,"[0.00,0.05)",22.891542,0.3,4
275,HNSW_HYBRID,"[0.00,0.05)",9.646333,1.0,4
275,IVFFLAT_HYBRID,"[0.00,0.05)",9.523833,1.0,4
277,SQL_FIRST,"[0.00,0.05)",3.748333,1.0,0
277,VECTOR_FIRST_HNSW,"[0.00,0.05)",23.637666,0.0,0
277,HNSW_HYBRID,"[0.00,0.05)",4.139666,1.0,0
277,IVFFLAT_HYBRID,"[0.00,0.05)",3.788084,1.0,0
277,SQL_FIRST,"[0.00,0.05)",3.768459,1.0,1
277,VECTOR_FIRST_HNSW,"[0.00,0.05)",22.730375,0.0,1
277,HNSW_HYBRID,"[0.00,0.05)",4.141083,1.0,1
277,IVFFLAT_HYBRID,"[0.00,0.05)",3.904791,1.0,1
277,SQL_FIRST,"[0.00,0.05)",3.949042,1.0,2
277,VECTOR_FIRST_HNSW,"[0.00,0.05)",22.986084,0.0,2
277,HNSW_HYBRID,"[0.00,0.05)",4.125291,1.0,2
277,IVFFLAT_HYBRID,"[0.00,0.05)",3.813292,1.0,2
277,SQL_FIRST,"[0.00,0.05)",3.816334,1.0,3
277,VECTOR_FIRST_HNSW,"[0.00,0.05)",22.833375,0.0,3
277,HNSW_HYBRID,"[0.00,0.05)",4.065209,1.0,3
277,IVFFLAT_HYBRID,"[0.00,0.05)",3.820791,1.0,3
277,SQL_FIRST,"[0.00,0.05)",3.827167,1.0,4
277,VECTOR_FIRST_HNSW,"[0.00,0.05)",22.873875,0.0,4
277,HNSW_HYBRID,"[0.00,0.05)",4.098958,1.0,4
277,IVFFLAT_HYBRID,"[0.00,0.05)",3.864584,1.0,4
281,SQL_FIRST,"[0.00,0.05)",9.448542,1.0,0
281,VECTOR_FIRST_HNSW,"[0.00,0.05)",23.228667,0.2,0
281,HNSW_HYBRID,"[0.00,0.05)",10.361625,1.0,0
281,IVFFLAT_HYBRID,"[0.00,0.05)",10.359625,1.0,0
281,SQL_FIRST,"[0.00,0.05)",10.535,1.0,1
281,VECTOR_FIRST_HNSW,"[0.00,0.05)",24.710708,0.2,1
281,HNSW_HYBRID,"[0.00,0.05)",10.181583,1.0,1
281,IVFFLAT_HYBRID,"[0.00,0.05)",10.143292,1.0,1
281,SQL_FIRST,"[0.00,0.05)",11.424292,1.0,2
281,VECTOR_FIRST_HNSW,"[0.00,0.05)",23.363625,0.2,2
281,HNSW_HYBRID,"[0.00,0.05)",10.071583,1.0,2
281,IVFFLAT_HYBRID,"[0.00,0.05)",10.150584,1.0,2
281,SQL_FIRST,"[0.00,0.05)",10.212625,1.0,3
281,VECTOR_FIRST_HNSW,"[0.00,0.05)",26.197125,0.2,3
281,HNSW_HYBRID,"[0.00,0.05)",10.398584,1.0,3
281,IVFFLAT_HYBRID,"[0.00,0.05)",10.225667,1.0,3
281,SQL_FIRST,"[0.00,0.05)",10.493791,1.0,4
281,VECTOR_FIRST_HNSW,"[0.00,0.05)",26.3585,0.2,4
281,HNSW_HYBRID,"[0.00,0.05)",10.259875,1.0,4
281,IVFFLAT_HYBRID,"[0.00,0.05)",10.202333,1.0,4
282,SQL_FIRST,"[0.00,0.05)",9.60325,1.0,0
282,VECTOR_FIRST_HNSW,"[0.00,0.05)",23.354959,0.4,0
282,HNSW_HYBRID,"[0.00,0.05)",9.759333,1.0,0
282,IVFFLAT_HYBRID,"[0.00,0.05)",9.125333,1.0,0
282,SQL_FIRST,"[0.00,0.05)",9.092208,1.0,1
282,VECTOR_FIRST_HNSW,"[0.00,0.05)",23.037417,0.4,1
282,HNSW_HYBRID,"[0.00,0.05)",9.546209,1.0,1
282,IVFFLAT_HYBRID,"[0.00,0.05)",9.198959,1.0,1
282,SQL_FIRST,"[0.00,0.05)",9.137833,1.0,2
282,VECTOR_FIRST_HNSW,"[0.00,0.05)",22.97975,0.4,2
282,HNSW_HYBRID,"[0.00,0.05)",9.573792,1.0,2
282,IVFFLAT_HYBRID,"[0.00,0.05)",9.269125,1.0,2
282,SQL_FIRST,"[0.00,0.05)",9.105334,1.0,3
282,VECTOR_FIRST_HNSW,"[0.00,0.05)",22.970375,0.4,3
282,HNSW_HYBRID,"[0.00,0.05)",9.314625,1.0,3
282,IVFFLAT_HYBRID,"[0.00,0.05)",9.452,1.0,3
282,SQL_FIRST,"[0.00,0.05)",9.1735,1.0,4
282,VECTOR_FIRST_HNSW,"[0.00,0.05)",22.971875,0.4,4
282,HNSW_HYBRID,"[0.00,0.05)",9.873875,1.0,4
282,IVFFLAT_HYBRID,"[0.00,0.05)",9.148209,1.0,4
284,SQL_FIRST,"[0.00,0.05)",8.783375,1.0,0
284,VECTOR_FIRST_HNSW,"[0.00,0.05)",22.903666,0.5,0
284,HNSW_HYBRID,"[0.00,0.05)",9.110333,1.0,0
284,IVFFLAT_HYBRID,"[0.00,0.05)",8.609125,1.0,0
284,SQL_FIRST,"[0.00,0.05)",9.031042,1.0,1
284,VECTOR_FIRST_HNSW,"[0.00,0.05)",22.865292,0.5,1
284,HNSW_HYBRID,"[0.00,0.05)",9.366417,1.0,1
284,IVFFLAT_HYBRID,"[0.00,0.05)",8.717,1.0,1
284,SQL_FIRST,"[0.00,0.05)",8.6115,1.0,2
284,VECTOR_FIRST_HNSW,"[0.00,0.05)",23.01575,0.5,2
284,HNSW_HYBRID,"[0.00,0.05)",9.133417,1.0,2
284,IVFFLAT_HYBRID,"[0.00,0.05)",8.667167,1.0,2
284,SQL_FIRST,"[0.00,0.05)",8.880042,1.0,3
284,VECTOR_FIRST_HNSW,"[0.00,0.05)",27.681,0.5,3
284,HNSW_HYBRID,"[0.00,0.05)",9.275417,1.0,3
284,IVFFLAT_HYBRID,"[0.00,0.05)",9.503542,1.0,3
284,SQL_FIRST,"[0.00,0.05)",10.253667,1.0,4
284,VECTOR_FIRST_HNSW,"[0.00,0.05)",23.1205,0.5,4
284,HNSW_HYBRID,"[0.00,0.05)",9.201667,1.0,4
284,IVFFLAT_HYBRID,"[0.00,0.05)",8.81075,1.0,4
287,SQL_FIRST,"[0.00,0.05)",1.617125,1.0,0
287,VECTOR_FIRST_HNSW,"[0.00,0.05)",22.869583,0.0,0
287,HNSW_HYBRID,"[0.00,0.05)",2.067958,1.0,0
287,IVFFLAT_HYBRID,"[0.00,0.05)",1.645375,1.0,0
287,SQL_FIRST,"[0.00,0.05)",1.581,1.0,1
287,VECTOR_FIRST_HNSW,"[0.00,0.05)",22.815542,0.0,1
287,HNSW_HYBRID,"[0.00,0.05)",2.066333,1.0,1
287,IVFFLAT_HYBRID,"[0.00,0.05)",1.69275,1.0,1
287,SQL_FIRST,"[0.00,0.05)",1.587542,1.0,2
287,VECTOR_FIRST_HNSW,"[0.00,0.05)",22.754666,0.0,2
287,HNSW_HYBRID,"[0.00,0.05)",1.952375,1.0,2
287,IVFFLAT_HYBRID,"[0.00,0.05)",1.689583,1.0,2
287,SQL_FIRST,"[0.00,0.05)",1.631042,1.0,3
287,VECTOR_FIRST_HNSW,"[0.00,0.05)",22.8995,0.0,3
287,HNSW_HYBRID,"[0.00,0.05)",1.955375,1.0,3
287,IVFFLAT_HYBRID,"[0.00,0.05)",1.600958,1.0,3
287,SQL_FIRST,"[0.00,0.05)",1.5825,1.0,4
287,VECTOR_FIRST_HNSW,"[0.00,0.05)",22.825792,0.0,4
287,HNSW_HYBRID,"[0.00,0.05)",1.9295,1.0,4
287,IVFFLAT_HYBRID,"[0.00,0.05)",1.559833,1.0,4
294,SQL_FIRST,"[0.00,0.05)",8.697167,1.0,0
294,VECTOR_FIRST_HNSW,"[0.00,0.05)",22.851833,0.3,0
294,HNSW_HYBRID,"[0.00,0.05)",9.202917,1.0,0
294,IVFFLAT_HYBRID,"[0.00,0.05)",8.430084,1.0,0
294,SQL_FIRST,"[0.00,0.05)",9.100875,1.0,1
294,VECTOR_FIRST_HNSW,"[0.00,0.05)",22.840959,0.3,1
294,HNSW_HYBRID,"[0.00,0.05)",9.468,1.0,1
294,IVFFLAT_HYBRID,"[0.00,0.05)",8.677708,1.0,1
294,SQL_FIRST,"[0.00,0.05)",8.900958,1.0,2
294,VECTOR_FIRST_HNSW,"[0.00,0.05)",23.51425,0.3,2
294,HNSW_HYBRID,"[0.00,0.05)",9.1065,1.0,2
294,IVFFLAT_HYBRID,"[0.00,0.05)",8.68425,1.0,2
294,SQL_FIRST,"[0.00,0.05)",8.928833,1.0,3
294,VECTOR_FIRST_HNSW,"[0.00,0.05)",22.891125,0.3,3
294,HNSW_HYBRID,"[0.00,0.05)",9.12225,1.0,3
294,IVFFLAT_HYBRID,"[0.00,0.05)",9.149875,1.0,3
294,SQL_FIRST,"[0.00,0.05)",9.2335,1.0,4
294,VECTOR_FIRST_HNSW,"[0.00,0.05)",23.164958,0.3,4
294,HNSW_HYBRID,"[0.00,0.05)",9.070542,1.0,4
294,IVFFLAT_HYBRID,"[0.00,0.05)",9.157334,1.0,4
295,SQL_FIRST,"[0.00,0.05)",9.40375,1.0,0
295,VECTOR_FIRST_HNSW,"[0.00,0.05)",23.022042,0.4,0
295,HNSW_HYBRID,"[0.00,0.05)",9.711542,1.0,0
295,IVFFLAT_HYBRID,"[0.00,0.05)",9.204292,1.0,0
295,SQL_FIRST,"[0.00,0.05)",9.407125,1.0,1
295,VECTOR_FIRST_HNSW,"[0.00,0.05)",22.923083,0.4,1
295,HNSW_HYBRID,"[0.00,0.05)",9.674291,1.0,1
295,IVFFLAT_HYBRID,"[0.00,0.05)",9.211584,1.0,1
295,SQL_FIRST,"[0.00,0.05)",9.663791,1.0,2
295,VECTOR_FIRST_HNSW,"[0.00,0.05)",22.877666,0.4,2
295,HNSW_HYBRID,"[0.00,0.05)",9.777333,1.0,2
295,IVFFLAT_HYBRID,"[0.00,0.05)",9.421125,1.0,2
295,SQL_FIRST,"[0.00,0.05)",9.265625,1.0,3
295,VECTOR_FIRST_HNSW,"[0.00,0.05)",23.275209,0.4,3
295,HNSW_HYBRID,"[0.00,0.05)",9.691084,1.0,3
295,IVFFLAT_HYBRID,"[0.00,0.05)",9.624958,1.0,3
295,SQL_FIRST,"[0.00,0.05)",9.296667,1.0,4
295,VECTOR_FIRST_HNSW,"[0.00,0.05)",22.908458,0.4,4
295,HNSW_HYBRID,"[0.00,0.05)",9.760667,1.0,4
295,IVFFLAT_HYBRID,"[0.00,0.05)",9.165958,1.0,4
296,SQL_FIRST,"[0.00,0.05)",9.479958,1.0,0
296,VECTOR_FIRST_HNSW,"[0.00,0.05)",23.00875,0.2,0
296,HNSW_HYBRID,"[0.00,0.05)",9.7825,1.0,0
296,IVFFLAT_HYBRID,"[0.00,0.05)",9.502542,1.0,0
296,SQL_FIRST,"[0.00,0.05)",9.475041,1.0,1
296,VECTOR_FIRST_HNSW,"[0.00,0.05)",22.797625,0.2,1
296,HNSW_HYBRID,"[0.00,0.05)",9.863333,1.0,1
296,IVFFLAT_HYBRID,"[0.00,0.05)",9.995875,1.0,1
296,SQL_FIRST,"[0.00,0.05)",9.933875,1.0,2
296,VECTOR_FIRST_HNSW,"[0.00,0.05)",22.987917,0.2,2
296,HNSW_HYBRID,"[0.00,0.05)",9.78025,1.0,2
296,IVFFLAT_HYBRID,"[0.00,0.05)",9.421875,1.0,2
296,SQL_FIRST,"[0.00,0.05)",9.833583,1.0,3
296,VECTOR_FIRST_HNSW,"[0.00,0.05)",26.395917,0.2,3
296,HNSW_HYBRID,"[0.00,0.05)",9.906667,1.0,3
296,IVFFLAT_HYBRID,"[0.00,0.05)",9.397875,1.0,3
296,SQL_FIRST,"[0.00,0.05)",9.446083,1.0,4
296,VECTOR_FIRST_HNSW,"[0.00,0.05)",22.821958,0.2,4
296,HNSW_HYBRID,"[0.00,0.05)",9.7285,1.0,4
296,IVFFLAT_HYBRID,"[0.00,0.05)",9.541959,1.0,4
298,SQL_FIRST,"[0.00,0.05)",8.6,1.0,0
298,VECTOR_FIRST_HNSW,"[0.00,0.05)",22.922875,0.2,0
298,HNSW_HYBRID,"[0.00,0.05)",9.2025,1.0,0
298,IVFFLAT_HYBRID,"[0.00,0.05)",8.587375,1.0,0
298,SQL_FIRST,"[0.00,0.05)",8.380875,1.0,1
298,VECTOR_FIRST_HNSW,"[0.00,0.05)",23.3265,0.2,1
298,HNSW_HYBRID,"[0.00,0.05)",9.125875,1.0,1
298,IVFFLAT_HYBRID,"[0.00,0.05)",8.612833,1.0,1
298,SQL_FIRST,"[0.00,0.05)",8.501084,1.0,2
298,VECTOR_FIRST_HNSW,"[0.00,0.05)",22.921041,0.2,2
298,HNSW_HYBRID,"[0.00,0.05)",9.174,1.0,2
298,IVFFLAT_HYBRID,"[0.00,0.05)",8.658041,1.0,2
298,SQL_FIRST,"[0.00,0.05)",9.163959,1.0,3
298,VECTOR_FIRST_HNSW,"[0.00,0.05)",22.929542,0.2,3
298,HNSW_HYBRID,"[0.00,0.05)",9.314125,1.0,3
298,IVFFLAT_HYBRID,"[0.00,0.05)",8.581792,1.0,3
298,SQL_FIRST,"[0.00,0.05)",8.549209,1.0,4
298,VECTOR_FIRST_HNSW,"[0.00,0.05)",22.914583,0.2,4
298,HNSW_HYBRID,"[0.00,0.05)",9.341625,1.0,4
298,IVFFLAT_HYBRID,"[0.00,0.05)",8.443625,1.0,4
301,SQL_FIRST,"[0.00,0.05)",11.319083,1.0,0
301,VECTOR_FIRST_HNSW,"[0.00,0.05)",23.244542,0.3,0
301,HNSW_HYBRID,"[0.00,0.05)",11.278417,1.0,0
301,IVFFLAT_HYBRID,"[0.00,0.05)",11.154083,1.0,0
301,SQL_FIRST,"[0.00,0.05)",11.001666,1.0,1
301,VECTOR_FIRST_HNSW,"[0.00,0.05)",23.005834,0.3,1
301,HNSW_HYBRID,"[0.00,0.05)",10.990209,1.0,1
301,IVFFLAT_HYBRID,"[0.00,0.05)",11.041667,1.0,1
301,SQL_FIRST,"[0.00,0.05)",10.800666,1.0,2
301,VECTOR_FIRST_HNSW,"[0.00,0.05)",22.878958,0.3,2
301,HNSW_HYBRID,"[0.00,0.05)",11.304791,1.0,2
301,IVFFLAT_HYBRID,"[0.00,0.05)",10.726417,1.0,2
301,SQL_FIRST,"[0.00,0.05)",10.890833,1.0,3
301,VECTOR_FIRST_HNSW,"[0.00,0.05)",22.862333,0.3,3
301,HNSW_HYBRID,"[0.00,0.05)",11.22025,1.0,3
301,IVFFLAT_HYBRID,"[0.00,0.05)",10.868709,1.0,3
301,SQL_FIRST,"[0.00,0.05)",10.5295,1.0,4
301,VECTOR_FIRST_HNSW,"[0.00,0.05)",22.872458,0.3,4
301,HNSW_HYBRID,"[0.00,0.05)",11.27,1.0,4
301,IVFFLAT_HYBRID,"[0.00,0.05)",10.859125,1.0,4
302,SQL_FIRST,"[0.00,0.05)",4.119375,1.0,0
302,VECTOR_FIRST_HNSW,"[0.00,0.05)",22.75975,0.0,0
302,HNSW_HYBRID,"[0.00,0.05)",4.601708,1.0,0
302,IVFFLAT_HYBRID,"[0.00,0.05)",4.194792,1.0,0
302,SQL_FIRST,"[0.00,0.05)",4.139042,1.0,1
302,VECTOR_FIRST_HNSW,"[0.00,0.05)",22.90025,0.0,1
302,HNSW_HYBRID,"[0.00,0.05)",4.536583,1.0,1
302,IVFFLAT_HYBRID,"[0.00,0.05)",4.151709,1.0,1
302,SQL_FIRST,"[0.00,0.05)",4.106,1.0,2
302,VECTOR_FIRST_HNSW,"[0.00,0.05)",22.859375,0.0,2
302,HNSW_HYBRID,"[0.00,0.05)",4.578542,1.0,2
302,IVFFLAT_HYBRID,"[0.00,0.05)",4.151875,1.0,2
302,SQL_FIRST,"[0.00,0.05)",4.29225,1.0,3
302,VECTOR_FIRST_HNSW,"[0.00,0.05)",22.886125,0.0,3
302,HNSW_HYBRID,"[0.00,0.05)",4.577541,1.0,3
302,IVFFLAT_HYBRID,"[0.00,0.05)",4.220709,1.0,3
302,SQL_FIRST,"[0.00,0.05)",4.239375,1.0,4
302,VECTOR_FIRST_HNSW,"[0.00,0.05)",22.790958,0.0,4
302,HNSW_HYBRID,"[0.00,0.05)",4.5795,1.0,4
302,IVFFLAT_HYBRID,"[0.00,0.05)",4.244625,1.0,4
303,SQL_FIRST,"[0.00,0.05)",9.816959,1.0,0
303,VECTOR_FIRST_HNSW,"[0.00,0.05)",24.167708,0.5,0
303,HNSW_HYBRID,"[0.00,0.05)",9.866708,1.0,0
303,IVFFLAT_HYBRID,"[0.00,0.05)",9.367875,1.0,0
303,SQL_FIRST,"[0.00,0.05)",9.217208,1.0,1
303,VECTOR_FIRST_HNSW,"[0.00,0.05)",22.980625,0.5,1
303,HNSW_HYBRID,"[0.00,0.05)",9.587625,1.0,1
303,IVFFLAT_HYBRID,"[0.00,0.05)",9.534167,1.0,1
303,SQL_FIRST,"[0.00,0.05)",9.301875,1.0,2
303,VECTOR_FIRST_HNSW,"[0.00,0.05)",22.911875,0.5,2
303,HNSW_HYBRID,"[0.00,0.05)",9.612458,1.0,2
303,IVFFLAT_HYBRID,"[0.00,0.05)",9.379542,1.0,2
303,SQL_FIRST,"[0.00,0.05)",9.31325,1.0,3
303,VECTOR_FIRST_HNSW,"[0.00,0.05)",23.335875,0.5,3
303,HNSW_HYBRID,"[0.00,0.05)",9.49275,1.0,3
303,IVFFLAT_HYBRID,"[0.00,0.05)",9.450167,1.0,3
303,SQL_FIRST,"[0.00,0.05)",9.359,1.0,4
303,VECTOR_FIRST_HNSW,"[0.00,0.05)",22.861209,0.5,4
303,HNSW_HYBRID,"[0.00,0.05)",9.500792,1.0,4
303,IVFFLAT_HYBRID,"[0.00,0.05)",9.344375,1.0,4
304,SQL_FIRST,"[0.00,0.05)",9.70275,1.0,0
304,VECTOR_FIRST_HNSW,"[0.00,0.05)",22.864083,0.3,0
304,HNSW_HYBRID,"[0.00,0.05)",10.364875,1.0,0
304,IVFFLAT_HYBRID,"[0.00,0.05)",10.073125,1.0,0
304,SQL_FIRST,"[0.00,0.05)",9.795584,1.0,1
304,VECTOR_FIRST_HNSW,"[0.00,0.05)",23.008375,0.3,1
304,HNSW_HYBRID,"[0.00,0.05)",10.365583,1.0,1
304,IVFFLAT_HYBRID,"[0.00,0.05)",9.849083,1.0,1
304,SQL_FIRST,"[0.00,0.05)",10.099958,1.0,2
304,VECTOR_FIRST_HNSW,"[0.00,0.05)",22.811,0.3,2
304,HNSW_HYBRID,"[0.00,0.05)",10.40325,1.0,2
304,IVFFLAT_HYBRID,"[0.00,0.05)",10.174167,1.0,2
304,SQL_FIRST,"[0.00,0.05)",10.642792,1.0,3
304,VECTOR_FIRST_HNSW,"[0.00,0.05)",23.049917,0.3,3
304,HNSW_HYBRID,"[0.00,0.05)",10.354542,1.0,3
304,IVFFLAT_HYBRID,"[0.00,0.05)",9.998542,1.0,3
304,SQL_FIRST,"[0.00,0.05)",9.865375,1.0,4
304,VECTOR_FIRST_HNSW,"[0.00,0.05)",23.004833,0.3,4
304,HNSW_HYBRID,"[0.00,0.05)",10.487042,1.0,4
304,IVFFLAT_HYBRID,"[0.00,0.05)",9.76825,1.0,4
310,SQL_FIRST,"[0.00,0.05)",9.395792,1.0,0
310,VECTOR_FIRST_HNSW,"[0.00,0.05)",22.879167,0.6,0
310,HNSW_HYBRID,"[0.00,0.05)",9.777458,1.0,0
310,IVFFLAT_HYBRID,"[0.00,0.05)",9.370375,1.0,0
310,SQL_FIRST,"[0.00,0.05)",9.316709,1.0,1
310,VECTOR_FIRST_HNSW,"[0.00,0.05)",22.943166,0.6,1
310,HNSW_HYBRID,"[0.00,0.05)",9.783959,1.0,1
310,IVFFLAT_HYBRID,"[0.00,0.05)",9.825625,1.0,1
310,SQL_FIRST,"[0.00,0.05)",9.356917,1.0,2
310,VECTOR_FIRST_HNSW,"[0.00,0.05)",22.973583,0.6,2
310,HNSW_HYBRID,"[0.00,0.05)",9.98725,1.0,2
310,IVFFLAT_HYBRID,"[0.00,0.05)",9.987833,1.0,2
310,SQL_FIRST,"[0.00,0.05)",9.902958,1.0,3
310,VECTOR_FIRST_HNSW,"[0.00,0.05)",22.826542,0.6,3
310,HNSW_HYBRID,"[0.00,0.05)",9.978916,1.0,3
310,IVFFLAT_HYBRID,"[0.00,0.05)",9.573292,1.0,3
310,SQL_FIRST,"[0.00,0.05)",9.459625,1.0,4
310,VECTOR_FIRST_HNSW,"[0.00,0.05)",22.948375,0.6,4
310,HNSW_HYBRID,"[0.00,0.05)",9.72475,1.0,4
310,IVFFLAT_HYBRID,"[0.00,0.05)",9.502791,1.0,4
312,SQL_FIRST,"[0.00,0.05)",4.018791,1.0,0
312,VECTOR_FIRST_HNSW,"[0.00,0.05)",22.854583,0.0,0
312,HNSW_HYBRID,"[0.00,0.05)",4.518,1.0,0
312,IVFFLAT_HYBRID,"[0.00,0.05)",4.095834,1.0,0
312,SQL_FIRST,"[0.00,0.05)",4.033084,1.0,1
312,VECTOR_FIRST_HNSW,"[0.00,0.05)",23.883125,0.0,1
312,HNSW_HYBRID,"[0.00,0.05)",4.486958,1.0,1
312,IVFFLAT_HYBRID,"[0.00,0.05)",4.286167,1.0,1
312,SQL_FIRST,"[0.00,0.05)",4.0615,1.0,2
312,VECTOR_FIRST_HNSW,"[0.00,0.05)",23.272458,0.0,2
312,HNSW_HYBRID,"[0.00,0.05)",4.454958,1.0,2
312,IVFFLAT_HYBRID,"[0.00,0.05)",4.086084,1.0,2
312,SQL_FIRST,"[0.00,0.05)",4.025625,1.0,3
312,VECTOR_FIRST_HNSW,"[0.00,0.05)",24.506292,0.0,3
312,HNSW_HYBRID,"[0.00,0.05)",4.334334,1.0,3
312,IVFFLAT_HYBRID,"[0.00,0.05)",3.959708,1.0,3
312,SQL_FIRST,"[0.00,0.05)",3.925292,1.0,4
312,VECTOR_FIRST_HNSW,"[0.00,0.05)",22.817666,0.0,4
312,HNSW_HYBRID,"[0.00,0.05)",4.4335,1.0,4
312,IVFFLAT_HYBRID,"[0.00,0.05)",4.046209,1.0,4
313,SQL_FIRST,"[0.00,0.05)",7.233083,1.0,0
313,VECTOR_FIRST_HNSW,"[0.00,0.05)",23.047625,0.2,0
313,HNSW_HYBRID,"[0.00,0.05)",7.921708,1.0,0
313,IVFFLAT_HYBRID,"[0.00,0.05)",7.259292,1.0,0
313,SQL_FIRST,"[0.00,0.05)",7.148125,1.0,1
313,VECTOR_FIRST_HNSW,"[0.00,0.05)",22.8975,0.2,1
313,HNSW_HYBRID,"[0.00,0.05)",7.792542,1.0,1
313,IVFFLAT_HYBRID,"[0.00,0.05)",7.422333,1.0,1
313,SQL_FIRST,"[0.00,0.05)",7.04475,1.0,2
313,VECTOR_FIRST_HNSW,"[0.00,0.05)",22.836875,0.2,2
313,HNSW_HYBRID,"[0.00,0.05)",7.921792,1.0,2
313,IVFFLAT_HYBRID,"[0.00,0.05)",7.776958,1.0,2
313,SQL_FIRST,"[0.00,0.05)",7.4875,1.0,3
313,VECTOR_FIRST_HNSW,"[0.00,0.05)",22.891333,0.2,3
313,HNSW_HYBRID,"[0.00,0.05)",7.704041,1.0,3
313,IVFFLAT_HYBRID,"[0.00,0.05)",6.989208,1.0,3
313,SQL_FIRST,"[0.00,0.05)",7.318292,1.0,4
313,VECTOR_FIRST_HNSW,"[0.00,0.05)",22.989125,0.2,4
313,HNSW_HYBRID,"[0.00,0.05)",7.95975,1.0,4
313,IVFFLAT_HYBRID,"[0.00,0.05)",7.190458,1.0,4
314,SQL_FIRST,"[0.00,0.05)",1.467583,1.0,0
314,VECTOR_FIRST_HNSW,"[0.00,0.05)",23.020417,0.0,0
314,HNSW_HYBRID,"[0.00,0.05)",1.847583,1.0,0
314,IVFFLAT_HYBRID,"[0.00,0.05)",1.52775,1.0,0
314,SQL_FIRST,"[0.00,0.05)",1.499125,1.0,1
314,VECTOR_FIRST_HNSW,"[0.00,0.05)",22.790292,0.0,1
314,HNSW_HYBRID,"[0.00,0.05)",1.838167,1.0,1
314,IVFFLAT_HYBRID,"[0.00,0.05)",1.49175,1.0,1
314,SQL_FIRST,"[0.00,0.05)",1.514709,1.0,2
314,VECTOR_FIRST_HNSW,"[0.00,0.05)",23.104833,0.0,2
314,HNSW_HYBRID,"[0.00,0.05)",1.7735,1.0,2
314,IVFFLAT_HYBRID,"[0.00,0.05)",1.462583,1.0,2
314,SQL_FIRST,"[0.00,0.05)",1.451833,1.0,3
314,VECTOR_FIRST_HNSW,"[0.00,0.05)",23.021625,0.0,3
314,HNSW_HYBRID,"[0.00,0.05)",1.763875,1.0,3
314,IVFFLAT_HYBRID,"[0.00,0.05)",1.441459,1.0,3
314,SQL_FIRST,"[0.00,0.05)",1.465958,1.0,4
314,VECTOR_FIRST_HNSW,"[0.00,0.05)",22.87425,0.0,4
314,HNSW_HYBRID,"[0.00,0.05)",1.796875,1.0,4
314,IVFFLAT_HYBRID,"[0.00,0.05)",1.467458,1.0,4
315,SQL_FIRST,"[0.00,0.05)",8.374875,1.0,0
315,VECTOR_FIRST_HNSW,"[0.00,0.05)",22.881833,0.2,0
315,HNSW_HYBRID,"[0.00,0.05)",8.94625,1.0,0
315,IVFFLAT_HYBRID,"[0.00,0.05)",8.322667,1.0,0
315,SQL_FIRST,"[0.00,0.05)",8.307125,1.0,1
315,VECTOR_FIRST_HNSW,"[0.00,0.05)",22.924375,0.2,1
315,HNSW_HYBRID,"[0.00,0.05)",9.177833,1.0,1
315,IVFFLAT_HYBRID,"[0.00,0.05)",8.385709,1.0,1
315,SQL_FIRST,"[0.00,0.05)",8.355875,1.0,2
315,VECTOR_FIRST_HNSW,"[0.00,0.05)",24.538875,0.2,2
315,HNSW_HYBRID,"[0.00,0.05)",9.0675,1.0,2
315,IVFFLAT_HYBRID,"[0.00,0.05)",8.411875,1.0,2
315,SQL_FIRST,"[0.00,0.05)",8.615542,1.0,3
315,VECTOR_FIRST_HNSW,"[0.00,0.05)",22.888583,0.2,3
315,HNSW_HYBRID,"[0.00,0.05)",9.097833,1.0,3
315,IVFFLAT_HYBRID,"[0.00,0.05)",8.407209,1.0,3
315,SQL_FIRST,"[0.00,0.05)",8.870416,1.0,4
315,VECTOR_FIRST_HNSW,"[0.00,0.05)",23.032334,0.2,4
315,HNSW_HYBRID,"[0.00,0.05)",8.986583,1.0,4
315,IVFFLAT_HYBRID,"[0.00,0.05)",8.22075,1.0,4
316,SQL_FIRST,"[0.00,0.05)",6.68825,1.0,0
316,VECTOR_FIRST_HNSW,"[0.00,0.05)",22.861416,0.1,0
316,HNSW_HYBRID,"[0.00,0.05)",7.553084,1.0,0
316,IVFFLAT_HYBRID,"[0.00,0.05)",6.700709,1.0,0
316,SQL_FIRST,"[0.00,0.05)",6.660334,1.0,1
316,VECTOR_FIRST_HNSW,"[0.00,0.05)",23.018959,0.1,1
316,HNSW_HYBRID,"[0.00,0.05)",7.253292,1.0,1
316,IVFFLAT_HYBRID,"[0.00,0.05)",7.157292,1.0,1
316,SQL_FIRST,"[0.00,0.05)",6.644083,1.0,2
316,VECTOR_FIRST_HNSW,"[0.00,0.05)",23.241792,0.1,2
316,HNSW_HYBRID,"[0.00,0.05)",7.602042,1.0,2
316,IVFFLAT_HYBRID,"[0.00,0.05)",7.153417,1.0,2
316,SQL_FIRST,"[0.00,0.05)",6.79675,1.0,3
316,VECTOR_FIRST_HNSW,"[0.00,0.05)",24.120167,0.1,3
316,HNSW_HYBRID,"[0.00,0.05)",7.306416,1.0,3
316,IVFFLAT_HYBRID,"[0.00,0.05)",6.656959,1.0,3
316,SQL_FIRST,"[0.00,0.05)",7.315916,1.0,4
316,VECTOR_FIRST_HNSW,"[0.00,0.05)",22.903125,0.1,4
316,HNSW_HYBRID,"[0.00,0.05)",7.4425,1.0,4
316,IVFFLAT_HYBRID,"[0.00,0.05)",6.752667,1.0,4
318,SQL_FIRST,"[0.00,0.05)",9.367833,1.0,0
318,VECTOR_FIRST_HNSW,"[0.00,0.05)",22.970083,0.2,0
318,HNSW_HYBRID,"[0.00,0.05)",9.773792,1.0,0
318,IVFFLAT_HYBRID,"[0.00,0.05)",9.031708,1.0,0
318,SQL_FIRST,"[0.00,0.05)",8.977166,1.0,1
318,VECTOR_FIRST_HNSW,"[0.00,0.05)",22.935208,0.2,1
318,HNSW_HYBRID,"[0.00,0.05)",9.474084,1.0,1
318,IVFFLAT_HYBRID,"[0.00,0.05)",9.188917,1.0,1
318,SQL_FIRST,"[0.00,0.05)",9.100208,1.0,2
318,VECTOR_FIRST_HNSW,"[0.00,0.05)",22.897125,0.2,2
318,HNSW_HYBRID,"[0.00,0.05)",9.481417,1.0,2
318,IVFFLAT_HYBRID,"[0.00,0.05)",9.622542,1.0,2
318,SQL_FIRST,"[0.00,0.05)",9.320125,1.0,3
318,VECTOR_FIRST_HNSW,"[0.00,0.05)",22.918166,0.2,3
318,HNSW_HYBRID,"[0.00,0.05)",9.227791,1.0,3
318,IVFFLAT_HYBRID,"[0.00,0.05)",9.272416,1.0,3
318,SQL_FIRST,"[0.00,0.05)",9.1905,1.0,4
318,VECTOR_FIRST_HNSW,"[0.00,0.05)",23.244041,0.2,4
318,HNSW_HYBRID,"[0.00,0.05)",9.543584,1.0,4
318,IVFFLAT_HYBRID,"[0.00,0.05)",9.27275,1.0,4
320,SQL_FIRST,"[0.00,0.05)",9.505959,1.0,0
320,VECTOR_FIRST_HNSW,"[0.00,0.05)",23.95525,0.1,0
320,HNSW_HYBRID,"[0.00,0.05)",10.240917,1.0,0
320,IVFFLAT_HYBRID,"[0.00,0.05)",10.238125,1.0,0
320,SQL_FIRST,"[0.00,0.05)",9.700167,1.0,1
320,VECTOR_FIRST_HNSW,"[0.00,0.05)",22.927083,0.1,1
320,HNSW_HYBRID,"[0.00,0.05)",10.23475,1.0,1
320,IVFFLAT_HYBRID,"[0.00,0.05)",9.555042,1.0,1
320,SQL_FIRST,"[0.00,0.05)",10.261625,1.0,2
320,VECTOR_FIRST_HNSW,"[0.00,0.05)",22.798916,0.1,2
320,HNSW_HYBRID,"[0.00,0.05)",10.49675,1.0,2
320,IVFFLAT_HYBRID,"[0.00,0.05)",10.776125,1.0,2
320,SQL_FIRST,"[0.00,0.05)",9.775292,1.0,3
320,VECTOR_FIRST_HNSW,"[0.00,0.05)",22.861833,0.1,3
320,HNSW_HYBRID,"[0.00,0.05)",9.896708,1.0,3
320,IVFFLAT_HYBRID,"[0.00,0.05)",9.958,1.0,3
320,SQL_FIRST,"[0.00,0.05)",9.607125,1.0,4
320,VECTOR_FIRST_HNSW,"[0.00,0.05)",22.938417,0.1,4
320,HNSW_HYBRID,"[0.00,0.05)",10.515833,1.0,4
320,IVFFLAT_HYBRID,"[0.00,0.05)",9.517,1.0,4
322,SQL_FIRST,"[0.00,0.05)",6.895166,1.0,0
322,VECTOR_FIRST_HNSW,"[0.00,0.05)",22.821542,0.3,0
322,HNSW_HYBRID,"[0.00,0.05)",7.590959,1.0,0
322,IVFFLAT_HYBRID,"[0.00,0.05)",6.967291,1.0,0
322,SQL_FIRST,"[0.00,0.05)",7.491875,1.0,1
322,VECTOR_FIRST_HNSW,"[0.00,0.05)",22.91475,0.3,1
322,HNSW_HYBRID,"[0.00,0.05)",7.562292,1.0,1
322,IVFFLAT_HYBRID,"[0.00,0.05)",6.826708,1.0,1
322,SQL_FIRST,"[0.00,0.05)",7.060625,1.0,2
322,VECTOR_FIRST_HNSW,"[0.00,0.05)",23.019833,0.3,2
322,HNSW_HYBRID,"[0.00,0.05)",7.681583,1.0,2
322,IVFFLAT_HYBRID,"[0.00,0.05)",6.953042,1.0,2
322,SQL_FIRST,"[0.00,0.05)",6.912333,1.0,3
322,VECTOR_FIRST_HNSW,"[0.00,0.05)",22.866833,0.3,3
322,HNSW_HYBRID,"[0.00,0.05)",7.633209,1.0,3
322,IVFFLAT_HYBRID,"[0.00,0.05)",6.883666,1.0,3
322,SQL_FIRST,"[0.00,0.05)",6.897542,1.0,4
322,VECTOR_FIRST_HNSW,"[0.00,0.05)",22.927333,0.3,4
322,HNSW_HYBRID,"[0.00,0.05)",7.662333,1.0,4
322,IVFFLAT_HYBRID,"[0.00,0.05)",7.174125,1.0,4
324,SQL_FIRST,"[0.00,0.05)",5.815916,1.0,0
324,VECTOR_FIRST_HNSW,"[0.00,0.05)",22.876084,0.1,0
324,HNSW_HYBRID,"[0.00,0.05)",6.503916,1.0,0
324,IVFFLAT_HYBRID,"[0.00,0.05)",5.895917,1.0,0
324,SQL_FIRST,"[0.00,0.05)",5.806333,1.0,1
324,VECTOR_FIRST_HNSW,"[0.00,0.05)",23.47825,0.1,1
324,HNSW_HYBRID,"[0.00,0.05)",6.305833,1.0,1
324,IVFFLAT_HYBRID,"[0.00,0.05)",5.992541,1.0,1
324,SQL_FIRST,"[0.00,0.05)",6.168917,1.0,2
324,VECTOR_FIRST_HNSW,"[0.00,0.05)",23.103709,0.1,2
324,HNSW_HYBRID,"[0.00,0.05)",6.464042,1.0,2
324,IVFFLAT_HYBRID,"[0.00,0.05)",5.790583,1.0,2
324,SQL_FIRST,"[0.00,0.05)",5.775042,1.0,3
324,VECTOR_FIRST_HNSW,"[0.00,0.05)",22.913375,0.1,3
324,HNSW_HYBRID,"[0.00,0.05)",6.401959,1.0,3
324,IVFFLAT_HYBRID,"[0.00,0.05)",5.817458,1.0,3
324,SQL_FIRST,"[0.00,0.05)",5.752625,1.0,4
324,VECTOR_FIRST_HNSW,"[0.00,0.05)",22.977791,0.1,4
324,HNSW_HYBRID,"[0.00,0.05)",6.407083,1.0,4
324,IVFFLAT_HYBRID,"[0.00,0.05)",5.70075,1.0,4
326,SQL_FIRST,"[0.00,0.05)",4.930041,1.0,0
326,VECTOR_FIRST_HNSW,"[0.00,0.05)",22.714042,0.0,0
326,HNSW_HYBRID,"[0.00,0.05)",5.383542,1.0,0
326,IVFFLAT_HYBRID,"[0.00,0.05)",4.903458,1.0,0
326,SQL_FIRST,"[0.00,0.05)",4.854416,1.0,1
326,VECTOR_FIRST_HNSW,"[0.00,0.05)",23.318625,0.0,1
326,HNSW_HYBRID,"[0.00,0.05)",5.411458,1.0,1
326,IVFFLAT_HYBRID,"[0.00,0.05)",4.923292,1.0,1
326,SQL_FIRST,"[0.00,0.05)",4.872208,1.0,2
326,VECTOR_FIRST_HNSW,"[0.00,0.05)",24.383709,0.0,2
326,HNSW_HYBRID,"[0.00,0.05)",5.428458,1.0,2
326,IVFFLAT_HYBRID,"[0.00,0.05)",4.896,1.0,2
326,SQL_FIRST,"[0.00,0.05)",4.983416,1.0,3
326,VECTOR_FIRST_HNSW,"[0.00,0.05)",22.906791,0.0,3
326,HNSW_HYBRID,"[0.00,0.05)",5.4235,1.0,3
326,IVFFLAT_HYBRID,"[0.00,0.05)",5.004709,1.0,3
326,SQL_FIRST,"[0.00,0.05)",4.982667,1.0,4
326,VECTOR_FIRST_HNSW,"[0.00,0.05)",22.795458,0.0,4
326,HNSW_HYBRID,"[0.00,0.05)",5.533417,1.0,4
326,IVFFLAT_HYBRID,"[0.00,0.05)",4.962667,1.0,4
327,SQL_FIRST,"[0.00,0.05)",9.461333,1.0,0
327,VECTOR_FIRST_HNSW,"[0.00,0.05)",22.887583,0.2,0
327,HNSW_HYBRID,"[0.00,0.05)",9.59675,1.0,0
327,IVFFLAT_HYBRID,"[0.00,0.05)",8.957709,1.0,0
327,SQL_FIRST,"[0.00,0.05)",8.986667,1.0,1
327,VECTOR_FIRST_HNSW,"[0.00,0.05)",23.176625,0.2,1
327,HNSW_HYBRID,"[0.00,0.05)",9.303875,1.0,1
327,IVFFLAT_HYBRID,"[0.00,0.05)",8.698041,1.0,1
327,SQL_FIRST,"[0.00,0.05)",8.823334,1.0,2
327,VECTOR_FIRST_HNSW,"[0.00,0.05)",22.974416,0.2,2
327,HNSW_HYBRID,"[0.00,0.05)",9.457166,1.0,2
327,IVFFLAT_HYBRID,"[0.00,0.05)",9.070375,1.0,2
327,SQL_FIRST,"[0.00,0.05)",8.842583,1.0,3
327,VECTOR_FIRST_HNSW,"[0.00,0.05)",23.019958,0.2,3
327,HNSW_HYBRID,"[0.00,0.05)",9.418209,1.0,3
327,IVFFLAT_HYBRID,"[0.00,0.05)",9.431917,1.0,3
327,SQL_FIRST,"[0.00,0.05)",8.871292,1.0,4
327,VECTOR_FIRST_HNSW,"[0.00,0.05)",22.960041,0.2,4
327,HNSW_HYBRID,"[0.00,0.05)",9.453208,1.0,4
327,IVFFLAT_HYBRID,"[0.00,0.05)",9.012375,1.0,4
329,SQL_FIRST,"[0.00,0.05)",6.101792,1.0,0
329,VECTOR_FIRST_HNSW,"[0.00,0.05)",23.3905,0.2,0
329,HNSW_HYBRID,"[0.00,0.05)",6.777125,1.0,0
329,IVFFLAT_HYBRID,"[0.00,0.05)",6.133208,1.0,0
329,SQL_FIRST,"[0.00,0.05)",6.092375,1.0,1
329,VECTOR_FIRST_HNSW,"[0.00,0.05)",22.86675,0.2,1
329,HNSW_HYBRID,"[0.00,0.05)",7.029791,1.0,1
329,IVFFLAT_HYBRID,"[0.00,0.05)",6.203208,1.0,1
329,SQL_FIRST,"[0.00,0.05)",6.159125,1.0,2
329,VECTOR_FIRST_HNSW,"[0.00,0.05)",22.912458,0.2,2
329,HNSW_HYBRID,"[0.00,0.05)",6.8105,1.0,2
329,IVFFLAT_HYBRID,"[0.00,0.05)",6.417292,1.0,2
329,SQL_FIRST,"[0.00,0.05)",6.186458,1.0,3
329,VECTOR_FIRST_HNSW,"[0.00,0.05)",22.901125,0.2,3
329,HNSW_HYBRID,"[0.00,0.05)",6.920416,1.0,3
329,IVFFLAT_HYBRID,"[0.00,0.05)",6.14375,1.0,3
329,SQL_FIRST,"[0.00,0.05)",6.205708,1.0,4
329,VECTOR_FIRST_HNSW,"[0.00,0.05)",22.789,0.2,4
329,HNSW_HYBRID,"[0.00,0.05)",7.191958,1.0,4
329,IVFFLAT_HYBRID,"[0.00,0.05)",6.466667,1.0,4
331,SQL_FIRST,"[0.00,0.05)",10.427042,1.0,0
331,VECTOR_FIRST_HNSW,"[0.00,0.05)",23.379375,0.5,0
331,HNSW_HYBRID,"[0.00,0.05)",10.714583,1.0,0
331,IVFFLAT_HYBRID,"[0.00,0.05)",10.36675,1.0,0
331,SQL_FIRST,"[0.00,0.05)",10.41125,1.0,1
331,VECTOR_FIRST_HNSW,"[0.00,0.05)",23.128958,0.5,1
331,HNSW_HYBRID,"[0.00,0.05)",10.959666,1.0,1
331,IVFFLAT_HYBRID,"[0.00,0.05)",10.355375,1.0,1
331,SQL_FIRST,"[0.00,0.05)",10.427208,1.0,2
331,VECTOR_FIRST_HNSW,"[0.00,0.05)",23.02325,0.5,2
331,HNSW_HYBRID,"[0.00,0.05)",10.855,1.0,2
331,IVFFLAT_HYBRID,"[0.00,0.05)",10.388958,1.0,2
331,SQL_FIRST,"[0.00,0.05)",10.303167,1.0,3
331,VECTOR_FIRST_HNSW,"[0.00,0.05)",23.169333,0.5,3
331,HNSW_HYBRID,"[0.00,0.05)",11.018375,1.0,3
331,IVFFLAT_HYBRID,"[0.00,0.05)",10.398625,1.0,3
331,SQL_FIRST,"[0.00,0.05)",10.358625,1.0,4
331,VECTOR_FIRST_HNSW,"[0.00,0.05)",22.89175,0.5,4
331,HNSW_HYBRID,"[0.00,0.05)",11.082625,1.0,4
331,IVFFLAT_HYBRID,"[0.00,0.05)",11.192583,1.0,4
332,SQL_FIRST,"[0.00,0.05)",9.417834,1.0,0
332,VECTOR_FIRST_HNSW,"[0.00,0.05)",23.039125,0.6,0
332,HNSW_HYBRID,"[0.00,0.05)",9.580084,1.0,0
332,IVFFLAT_HYBRID,"[0.00,0.05)",9.052625,1.0,0
332,SQL_FIRST,"[0.00,0.05)",9.01275,1.0,1
332,VECTOR_FIRST_HNSW,"[0.00,0.05)",22.879875,0.6,1
332,HNSW_HYBRID,"[0.00,0.05)",9.250667,1.0,1
332,IVFFLAT_HYBRID,"[0.00,0.05)",8.6655,1.0,1
332,SQL_FIRST,"[0.00,0.05)",9.299292,1.0,2
332,VECTOR_FIRST_HNSW,"[0.00,0.05)",23.300667,0.6,2
332,HNSW_HYBRID,"[0.00,0.05)",9.535375,1.0,2
332,IVFFLAT_HYBRID,"[0.00,0.05)",9.260042,1.0,2
332,SQL_FIRST,"[0.00,0.05)",9.191666,1.0,3
332,VECTOR_FIRST_HNSW,"[0.00,0.05)",22.866875,0.6,3
332,HNSW_HYBRID,"[0.00,0.05)",9.489708,1.0,3
332,IVFFLAT_HYBRID,"[0.00,0.05)",9.314708,1.0,3
332,SQL_FIRST,"[0.00,0.05)",9.346042,1.0,4
332,VECTOR_FIRST_HNSW,"[0.00,0.05)",22.840084,0.6,4
332,HNSW_HYBRID,"[0.00,0.05)",9.490541,1.0,4
332,IVFFLAT_HYBRID,"[0.00,0.05)",9.044292,1.0,4
333,SQL_FIRST,"[0.00,0.05)",9.085416,1.0,0
333,VECTOR_FIRST_HNSW,"[0.00,0.05)",22.912834,0.2,0
333,HNSW_HYBRID,"[0.00,0.05)",9.367333,1.0,0
333,IVFFLAT_HYBRID,"[0.00,0.05)",8.709417,1.0,0
333,SQL_FIRST,"[0.00,0.05)",9.083292,1.0,1
333,VECTOR_FIRST_HNSW,"[0.00,0.05)",22.97225,0.2,1
333,HNSW_HYBRID,"[0.00,0.05)",9.707375,1.0,1
333,IVFFLAT_HYBRID,"[0.00,0.05)",8.922042,1.0,1
333,SQL_FIRST,"[0.00,0.05)",8.924125,1.0,2
333,VECTOR_FIRST_HNSW,"[0.00,0.05)",22.945292,0.2,2
333,HNSW_HYBRID,"[0.00,0.05)",9.552667,1.0,2
333,IVFFLAT_HYBRID,"[0.00,0.05)",9.540708,1.0,2
333,SQL_FIRST,"[0.00,0.05)",9.156,1.0,3
333,VECTOR_FIRST_HNSW,"[0.00,0.05)",22.855208,0.2,3
333,HNSW_HYBRID,"[0.00,0.05)",9.212,1.0,3
333,IVFFLAT_HYBRID,"[0.00,0.05)",8.949625,1.0,3
333,SQL_FIRST,"[0.00,0.05)",8.947875,1.0,4
333,VECTOR_FIRST_HNSW,"[0.00,0.05)",22.841541,0.2,4
333,HNSW_HYBRID,"[0.00,0.05)",9.333833,1.0,4
333,IVFFLAT_HYBRID,"[0.00,0.05)",9.198958,1.0,4
334,SQL_FIRST,"[0.00,0.05)",4.894042,1.0,0
334,VECTOR_FIRST_HNSW,"[0.00,0.05)",22.707,0.1,0
334,HNSW_HYBRID,"[0.00,0.05)",5.346917,1.0,0
334,IVFFLAT_HYBRID,"[0.00,0.05)",5.011292,1.0,0
334,SQL_FIRST,"[0.00,0.05)",5.238375,1.0,1
334,VECTOR_FIRST_HNSW,"[0.00,0.05)",23.128584,0.1,1
334,HNSW_HYBRID,"[0.00,0.05)",5.489958,1.0,1
334,IVFFLAT_HYBRID,"[0.00,0.05)",4.95475,1.0,1
334,SQL_FIRST,"[0.00,0.05)",4.860958,1.0,2
334,VECTOR_FIRST_HNSW,"[0.00,0.05)",22.848708,0.1,2
334,HNSW_HYBRID,"[0.00,0.05)",5.340291,1.0,2
334,IVFFLAT_HYBRID,"[0.00,0.05)",4.8085,1.0,2
334,SQL_FIRST,"[0.00,0.05)",5.25725,1.0,3
334,VECTOR_FIRST_HNSW,"[0.00,0.05)",22.971583,0.1,3
334,HNSW_HYBRID,"[0.00,0.05)",5.294,1.0,3
334,IVFFLAT_HYBRID,"[0.00,0.05)",4.984375,1.0,3
334,SQL_FIRST,"[0.00,0.05)",4.87225,1.0,4
334,VECTOR_FIRST_HNSW,"[0.00,0.05)",22.79575,0.1,4
334,HNSW_HYBRID,"[0.00,0.05)",5.429666,1.0,4
334,IVFFLAT_HYBRID,"[0.00,0.05)",4.870208,1.0,4
336,SQL_FIRST,"[0.00,0.05)",1.494,1.0,0
336,VECTOR_FIRST_HNSW,"[0.00,0.05)",22.77575,0.0,0
336,HNSW_HYBRID,"[0.00,0.05)",1.907417,1.0,0
336,IVFFLAT_HYBRID,"[0.00,0.05)",1.525542,1.0,0
336,SQL_FIRST,"[0.00,0.05)",1.484875,1.0,1
336,VECTOR_FIRST_HNSW,"[0.00,0.05)",22.605333,0.0,1
336,HNSW_HYBRID,"[0.00,0.05)",1.816709,1.0,1
336,IVFFLAT_HYBRID,"[0.00,0.05)",1.531459,1.0,1
336,SQL_FIRST,"[0.00,0.05)",1.605125,1.0,2
336,VECTOR_FIRST_HNSW,"[0.00,0.05)",22.920291,0.0,2
336,HNSW_HYBRID,"[0.00,0.05)",1.91275,1.0,2
336,IVFFLAT_HYBRID,"[0.00,0.05)",1.487541,1.0,2
336,SQL_FIRST,"[0.00,0.05)",1.472334,1.0,3
336,VECTOR_FIRST_HNSW,"[0.00,0.05)",22.792875,0.0,3
336,HNSW_HYBRID,"[0.00,0.05)",1.816792,1.0,3
336,IVFFLAT_HYBRID,"[0.00,0.05)",1.51525,1.0,3
336,SQL_FIRST,"[0.00,0.05)",1.524958,1.0,4
336,VECTOR_FIRST_HNSW,"[0.00,0.05)",22.675708,0.0,4
336,HNSW_HYBRID,"[0.00,0.05)",1.805458,1.0,4
336,IVFFLAT_HYBRID,"[0.00,0.05)",1.465916,1.0,4
338,SQL_FIRST,"[0.00,0.05)",9.396292,1.0,0
338,VECTOR_FIRST_HNSW,"[0.00,0.05)",22.959375,0.5,0
338,HNSW_HYBRID,"[0.00,0.05)",9.771333,1.0,0
338,IVFFLAT_HYBRID,"[0.00,0.05)",9.274958,1.0,0
338,SQL_FIRST,"[0.00,0.05)",9.67,1.0,1
338,VECTOR_FIRST_HNSW,"[0.00,0.05)",23.998,0.5,1
338,HNSW_HYBRID,"[0.00,0.05)",10.024458,1.0,1
338,IVFFLAT_HYBRID,"[0.00,0.05)",9.226833,1.0,1
338,SQL_FIRST,"[0.00,0.05)",9.021875,1.0,2
338,VECTOR_FIRST_HNSW,"[0.00,0.05)",24.266583,0.5,2
338,HNSW_HYBRID,"[0.00,0.05)",10.036459,1.0,2
338,IVFFLAT_HYBRID,"[0.00,0.05)",9.82525,1.0,2
338,SQL_FIRST,"[0.00,0.05)",9.294583,1.0,3
338,VECTOR_FIRST_HNSW,"[0.00,0.05)",23.305667,0.5,3
338,HNSW_HYBRID,"[0.00,0.05)",9.685459,1.0,3
338,IVFFLAT_HYBRID,"[0.00,0.05)",9.44125,1.0,3
338,SQL_FIRST,"[0.00,0.05)",9.495875,1.0,4
338,VECTOR_FIRST_HNSW,"[0.00,0.05)",23.434792,0.5,4
338,HNSW_HYBRID,"[0.00,0.05)",9.746208,1.0,4
338,IVFFLAT_HYBRID,"[0.00,0.05)",9.439667,1.0,4
343,SQL_FIRST,"[0.00,0.05)",9.520041,1.0,0
343,VECTOR_FIRST_HNSW,"[0.00,0.05)",22.996833,0.7,0
343,HNSW_HYBRID,"[0.00,0.05)",9.780292,1.0,0
343,IVFFLAT_HYBRID,"[0.00,0.05)",9.277458,1.0,0
343,SQL_FIRST,"[0.00,0.05)",9.081042,1.0,1
343,VECTOR_FIRST_HNSW,"[0.00,0.05)",22.928542,0.7,1
343,HNSW_HYBRID,"[0.00,0.05)",9.797625,1.0,1
343,IVFFLAT_HYBRID,"[0.00,0.05)",9.7285,1.0,1
343,SQL_FIRST,"[0.00,0.05)",9.355166,1.0,2
343,VECTOR_FIRST_HNSW,"[0.00,0.05)",24.004208,0.7,2
343,HNSW_HYBRID,"[0.00,0.05)",9.699625,1.0,2
343,IVFFLAT_HYBRID,"[0.00,0.05)",9.750167,1.0,2
343,SQL_FIRST,"[0.00,0.05)",9.899416,1.0,3
343,VECTOR_FIRST_HNSW,"[0.00,0.05)",22.83325,0.7,3
343,HNSW_HYBRID,"[0.00,0.05)",9.981125,1.0,3
343,IVFFLAT_HYBRID,"[0.00,0.05)",9.349708,1.0,3
343,SQL_FIRST,"[0.00,0.05)",9.215959,1.0,4
343,VECTOR_FIRST_HNSW,"[0.00,0.05)",22.825542,0.7,4
343,HNSW_HYBRID,"[0.00,0.05)",9.667916,1.0,4
343,IVFFLAT_HYBRID,"[0.00,0.05)",9.221542,1.0,4
344,SQL_FIRST,"[0.00,0.05)",8.923208,1.0,0
344,VECTOR_FIRST_HNSW,"[0.00,0.05)",22.969875,0.6,0
344,HNSW_HYBRID,"[0.00,0.05)",9.901334,1.0,0
344,IVFFLAT_HYBRID,"[0.00,0.05)",9.528916,1.0,0
344,SQL_FIRST,"[0.00,0.05)",9.566833,1.0,1
344,VECTOR_FIRST_HNSW,"[0.00,0.05)",26.297,0.6,1
344,HNSW_HYBRID,"[0.00,0.05)",9.510375,1.0,1
344,IVFFLAT_HYBRID,"[0.00,0.05)",9.163583,1.0,1
344,SQL_FIRST,"[0.00,0.05)",9.820875,1.0,2
344,VECTOR_FIRST_HNSW,"[0.00,0.05)",23.054542,0.6,2
344,HNSW_HYBRID,"[0.00,0.05)",9.828041,1.0,2
344,IVFFLAT_HYBRID,"[0.00,0.05)",9.07875,1.0,2
344,SQL_FIRST,"[0.00,0.05)",9.086,1.0,3
344,VECTOR_FIRST_HNSW,"[0.00,0.05)",23.015,0.6,3
344,HNSW_HYBRID,"[0.00,0.05)",9.494541,1.0,3
344,IVFFLAT_HYBRID,"[0.00,0.05)",9.354292,1.0,3
344,SQL_FIRST,"[0.00,0.05)",9.174541,1.0,4
344,VECTOR_FIRST_HNSW,"[0.00,0.05)",23.00775,0.6,4
344,HNSW_HYBRID,"[0.00,0.05)",9.604334,1.0,4
344,IVFFLAT_HYBRID,"[0.00,0.05)",9.22975,1.0,4
345,SQL_FIRST,"[0.00,0.05)",9.158583,1.0,0
345,VECTOR_FIRST_HNSW,"[0.00,0.05)",22.865041,0.8,0
345,HNSW_HYBRID,"[0.00,0.05)",9.67525,1.0,0
345,IVFFLAT_HYBRID,"[0.00,0.05)",9.672917,1.0,0
345,SQL_FIRST,"[0.00,0.05)",9.64775,1.0,1
345,VECTOR_FIRST_HNSW,"[0.00,0.05)",22.82175,0.8,1
345,HNSW_HYBRID,"[0.00,0.05)",9.861875,1.0,1
345,IVFFLAT_HYBRID,"[0.00,0.05)",9.2345,1.0,1
345,SQL_FIRST,"[0.00,0.05)",9.058333,1.0,2
345,VECTOR_FIRST_HNSW,"[0.00,0.05)",22.898417,0.8,2
345,HNSW_HYBRID,"[0.00,0.05)",9.331875,1.0,2
345,IVFFLAT_HYBRID,"[0.00,0.05)",9.452375,1.0,2
345,SQL_FIRST,"[0.00,0.05)",9.454875,1.0,3
345,VECTOR_FIRST_HNSW,"[0.00,0.05)",22.957083,0.8,3
345,HNSW_HYBRID,"[0.00,0.05)",9.642292,1.0,3
345,IVFFLAT_HYBRID,"[0.00,0.05)",9.39175,1.0,3
345,SQL_FIRST,"[0.00,0.05)",9.305375,1.0,4
345,VECTOR_FIRST_HNSW,"[0.00,0.05)",23.3905,0.8,4
345,HNSW_HYBRID,"[0.00,0.05)",9.754667,1.0,4
345,IVFFLAT_HYBRID,"[0.00,0.05)",9.165083,1.0,4
348,SQL_FIRST,"[0.00,0.05)",10.033833,1.0,0
348,VECTOR_FIRST_HNSW,"[0.00,0.05)",22.90675,0.0,0
348,HNSW_HYBRID,"[0.00,0.05)",10.063667,1.0,0
348,IVFFLAT_HYBRID,"[0.00,0.05)",9.426917,1.0,0
348,SQL_FIRST,"[0.00,0.05)",9.58975,1.0,1
348,VECTOR_FIRST_HNSW,"[0.00,0.05)",22.886083,0.0,1
348,HNSW_HYBRID,"[0.00,0.05)",9.889083,1.0,1
348,IVFFLAT_HYBRID,"[0.00,0.05)",9.595292,1.0,1
348,SQL_FIRST,"[0.00,0.05)",9.405167,1.0,2
348,VECTOR_FIRST_HNSW,"[0.00,0.05)",22.924709,0.0,2
348,HNSW_HYBRID,"[0.00,0.05)",9.919792,1.0,2
348,IVFFLAT_HYBRID,"[0.00,0.05)",9.272542,1.0,2
348,SQL_FIRST,"[0.00,0.05)",9.635125,1.0,3
348,VECTOR_FIRST_HNSW,"[0.00,0.05)",22.889,0.0,3
348,HNSW_HYBRID,"[0.00,0.05)",10.010209,1.0,3
348,IVFFLAT_HYBRID,"[0.00,0.05)",9.577042,1.0,3
348,SQL_FIRST,"[0.00,0.05)",9.350458,1.0,4
348,VECTOR_FIRST_HNSW,"[0.00,0.05)",22.869875,0.0,4
348,HNSW_HYBRID,"[0.00,0.05)",10.143792,1.0,4
348,IVFFLAT_HYBRID,"[0.00,0.05)",10.226167,1.0,4
349,SQL_FIRST,"[0.00,0.05)",11.211958,1.0,0
349,VECTOR_FIRST_HNSW,"[0.00,0.05)",22.791375,0.1,0
349,HNSW_HYBRID,"[0.00,0.05)",11.668709,1.0,0
349,IVFFLAT_HYBRID,"[0.00,0.05)",11.375708,1.0,0
349,SQL_FIRST,"[0.00,0.05)",11.071,1.0,1
349,VECTOR_FIRST_HNSW,"[0.00,0.05)",22.897167,0.1,1
349,HNSW_HYBRID,"[0.00,0.05)",12.061916,1.0,1
349,IVFFLAT_HYBRID,"[0.00,0.05)",11.239208,1.0,1
349,SQL_FIRST,"[0.00,0.05)",11.693334,1.0,2
349,VECTOR_FIRST_HNSW,"[0.00,0.05)",23.070708,0.1,2
349,HNSW_HYBRID,"[0.00,0.05)",11.399416,1.0,2
349,IVFFLAT_HYBRID,"[0.00,0.05)",11.166042,1.0,2
349,SQL_FIRST,"[0.00,0.05)",11.22175,1.0,3
349,VECTOR_FIRST_HNSW,"[0.00,0.05)",23.393958,0.1,3
349,HNSW_HYBRID,"[0.00,0.05)",11.521,1.0,3
349,IVFFLAT_HYBRID,"[0.00,0.05)",11.041458,1.0,3
349,SQL_FIRST,"[0.00,0.05)",11.134375,1.0,4
349,VECTOR_FIRST_HNSW,"[0.00,0.05)",22.769083,0.1,4
349,HNSW_HYBRID,"[0.00,0.05)",11.532833,1.0,4
349,IVFFLAT_HYBRID,"[0.00,0.05)",11.090791,1.0,4
351,SQL_FIRST,"[0.00,0.05)",6.820167,1.0,0
351,VECTOR_FIRST_HNSW,"[0.00,0.05)",22.883,0.0,0
351,HNSW_HYBRID,"[0.00,0.05)",7.573708,1.0,0
351,IVFFLAT_HYBRID,"[0.00,0.05)",6.859959,1.0,0
351,SQL_FIRST,"[0.00,0.05)",6.677833,1.0,1
351,VECTOR_FIRST_HNSW,"[0.00,0.05)",22.841084,0.0,1
351,HNSW_HYBRID,"[0.00,0.05)",7.45075,1.0,1
351,IVFFLAT_HYBRID,"[0.00,0.05)",6.661583,1.0,1
351,SQL_FIRST,"[0.00,0.05)",6.96075,1.0,2
351,VECTOR_FIRST_HNSW,"[0.00,0.05)",23.259166,0.0,2
351,HNSW_HYBRID,"[0.00,0.05)",7.617167,1.0,2
351,IVFFLAT_HYBRID,"[0.00,0.05)",6.764625,1.0,2
351,SQL_FIRST,"[0.00,0.05)",6.784209,1.0,3
351,VECTOR_FIRST_HNSW,"[0.00,0.05)",22.856709,0.0,3
351,HNSW_HYBRID,"[0.00,0.05)",7.4515,1.0,3
351,IVFFLAT_HYBRID,"[0.00,0.05)",6.722041,1.0,3
351,SQL_FIRST,"[0.00,0.05)",6.736458,1.0,4
351,VECTOR_FIRST_HNSW,"[0.00,0.05)",22.880583,0.0,4
351,HNSW_HYBRID,"[0.00,0.05)",7.357791,1.0,4
351,IVFFLAT_HYBRID,"[0.00,0.05)",7.028917,1.0,4
352,SQL_FIRST,"[0.00,0.05)",7.614417,1.0,0
352,VECTOR_FIRST_HNSW,"[0.00,0.05)",22.953958,0.2,0
352,HNSW_HYBRID,"[0.00,0.05)",8.546667,1.0,0
352,IVFFLAT_HYBRID,"[0.00,0.05)",7.982,1.0,0
352,SQL_FIRST,"[0.00,0.05)",7.752959,1.0,1
352,VECTOR_FIRST_HNSW,"[0.00,0.05)",23.496,0.2,1
352,HNSW_HYBRID,"[0.00,0.05)",8.303209,1.0,1
352,IVFFLAT_HYBRID,"[0.00,0.05)",7.814167,1.0,1
352,SQL_FIRST,"[0.00,0.05)",7.715959,1.0,2
352,VECTOR_FIRST_HNSW,"[0.00,0.05)",23.653292,0.2,2
352,HNSW_HYBRID,"[0.00,0.05)",8.283625,1.0,2
352,IVFFLAT_HYBRID,"[0.00,0.05)",7.609625,1.0,2
352,SQL_FIRST,"[0.00,0.05)",7.830375,1.0,3
352,VECTOR_FIRST_HNSW,"[0.00,0.05)",22.938208,0.2,3
352,HNSW_HYBRID,"[0.00,0.05)",8.468666,1.0,3
352,IVFFLAT_HYBRID,"[0.00,0.05)",7.683709,1.0,3
352,SQL_FIRST,"[0.00,0.05)",7.632625,1.0,4
352,VECTOR_FIRST_HNSW,"[0.00,0.05)",22.785834,0.2,4
352,HNSW_HYBRID,"[0.00,0.05)",8.350625,1.0,4
352,IVFFLAT_HYBRID,"[0.00,0.05)",7.68825,1.0,4
353,SQL_FIRST,"[0.00,0.05)",9.14325,1.0,0
353,VECTOR_FIRST_HNSW,"[0.00,0.05)",22.942875,0.4,0
353,HNSW_HYBRID,"[0.00,0.05)",9.516417,1.0,0
353,IVFFLAT_HYBRID,"[0.00,0.05)",9.434084,1.0,0
353,SQL_FIRST,"[0.00,0.05)",8.824084,1.0,1
353,VECTOR_FIRST_HNSW,"[0.00,0.05)",23.886583,0.4,1
353,HNSW_HYBRID,"[0.00,0.05)",9.517542,1.0,1
353,IVFFLAT_HYBRID,"[0.00,0.05)",8.946542,1.0,1
353,SQL_FIRST,"[0.00,0.05)",9.022208,1.0,2
353,VECTOR_FIRST_HNSW,"[0.00,0.05)",23.045875,0.4,2
353,HNSW_HYBRID,"[0.00,0.05)",9.560167,1.0,2
353,IVFFLAT_HYBRID,"[0.00,0.05)",9.070666,1.0,2
353,SQL_FIRST,"[0.00,0.05)",9.162583,1.0,3
353,VECTOR_FIRST_HNSW,"[0.00,0.05)",22.937667,0.4,3
353,HNSW_HYBRID,"[0.00,0.05)",9.625459,1.0,3
353,IVFFLAT_HYBRID,"[0.00,0.05)",8.971041,1.0,3
353,SQL_FIRST,"[0.00,0.05)",9.467292,1.0,4
353,VECTOR_FIRST_HNSW,"[0.00,0.05)",22.812583,0.4,4
353,HNSW_HYBRID,"[0.00,0.05)",9.614084,1.0,4
353,IVFFLAT_HYBRID,"[0.00,0.05)",9.255583,1.0,4
354,SQL_FIRST,"[0.00,0.05)",10.483625,1.0,0
354,VECTOR_FIRST_HNSW,"[0.00,0.05)",25.861917,0.5,0
354,HNSW_HYBRID,"[0.00,0.05)",10.852292,1.0,0
354,IVFFLAT_HYBRID,"[0.00,0.05)",10.832375,1.0,0
354,SQL_FIRST,"[0.00,0.05)",10.430208,1.0,1
354,VECTOR_FIRST_HNSW,"[0.00,0.05)",23.050917,0.5,1
354,HNSW_HYBRID,"[0.00,0.05)",10.951083,1.0,1
354,IVFFLAT_HYBRID,"[0.00,0.05)",10.333333,1.0,1
354,SQL_FIRST,"[0.00,0.05)",10.738917,1.0,2
354,VECTOR_FIRST_HNSW,"[0.00,0.05)",23.093667,0.5,2
354,HNSW_HYBRID,"[0.00,0.05)",10.996584,1.0,2
354,IVFFLAT_HYBRID,"[0.00,0.05)",10.419583,1.0,2
354,SQL_FIRST,"[0.00,0.05)",10.187834,1.0,3
354,VECTOR_FIRST_HNSW,"[0.00,0.05)",22.89225,0.5,3
354,HNSW_HYBRID,"[0.00,0.05)",11.042458,1.0,3
354,IVFFLAT_HYBRID,"[0.00,0.05)",10.643916,1.0,3
354,SQL_FIRST,"[0.00,0.05)",10.441083,1.0,4
354,VECTOR_FIRST_HNSW,"[0.00,0.05)",22.998208,0.5,4
354,HNSW_HYBRID,"[0.00,0.05)",11.087583,1.0,4
354,IVFFLAT_HYBRID,"[0.00,0.05)",10.952125,1.0,4
355,SQL_FIRST,"[0.00,0.05)",8.884292,1.0,0
355,VECTOR_FIRST_HNSW,"[0.00,0.05)",22.964958,0.8,0
355,HNSW_HYBRID,"[0.00,0.05)",9.281875,1.0,0
355,IVFFLAT_HYBRID,"[0.00,0.05)",9.204709,1.0,0
355,SQL_FIRST,"[0.00,0.05)",8.944917,1.0,1
355,VECTOR_FIRST_HNSW,"[0.00,0.05)",22.97525,0.8,1
355,HNSW_HYBRID,"[0.00,0.05)",9.284667,1.0,1
355,IVFFLAT_HYBRID,"[0.00,0.05)",8.897083,1.0,1
355,SQL_FIRST,"[0.00,0.05)",8.545166,1.0,2
355,VECTOR_FIRST_HNSW,"[0.00,0.05)",22.958625,0.8,2
355,HNSW_HYBRID,"[0.00,0.05)",9.6175,1.0,2
355,IVFFLAT_HYBRID,"[0.00,0.05)",9.351625,1.0,2
355,SQL_FIRST,"[0.00,0.05)",9.042834,1.0,3
355,VECTOR_FIRST_HNSW,"[0.00,0.05)",23.167416,0.8,3
355,HNSW_HYBRID,"[0.00,0.05)",9.404917,1.0,3
355,IVFFLAT_HYBRID,"[0.00,0.05)",8.95475,1.0,3
355,SQL_FIRST,"[0.00,0.05)",9.312959,1.0,4
355,VECTOR_FIRST_HNSW,"[0.00,0.05)",23.041792,0.8,4
355,HNSW_HYBRID,"[0.00,0.05)",9.704625,1.0,4
355,IVFFLAT_HYBRID,"[0.00,0.05)",8.909625,1.0,4
356,SQL_FIRST,"[0.00,0.05)",9.109334,1.0,0
356,VECTOR_FIRST_HNSW,"[0.00,0.05)",22.897917,0.7,0
356,HNSW_HYBRID,"[0.00,0.05)",9.486167,1.0,0
356,IVFFLAT_HYBRID,"[0.00,0.05)",9.023916,1.0,0
356,SQL_FIRST,"[0.00,0.05)",8.872875,1.0,1
356,VECTOR_FIRST_HNSW,"[0.00,0.05)",22.94925,0.7,1
356,HNSW_HYBRID,"[0.00,0.05)",9.737834,1.0,1
356,IVFFLAT_HYBRID,"[0.00,0.05)",9.528625,1.0,1
356,SQL_FIRST,"[0.00,0.05)",9.111917,1.0,2
356,VECTOR_FIRST_HNSW,"[0.00,0.05)",22.871375,0.7,2
356,HNSW_HYBRID,"[0.00,0.05)",9.3755,1.0,2
356,IVFFLAT_HYBRID,"[0.00,0.05)",9.187334,1.0,2
356,SQL_FIRST,"[0.00,0.05)",9.953792,1.0,3
356,VECTOR_FIRST_HNSW,"[0.00,0.05)",22.909375,0.7,3
356,HNSW_HYBRID,"[0.00,0.05)",9.57125,1.0,3
356,IVFFLAT_HYBRID,"[0.00,0.05)",9.134291,1.0,3
356,SQL_FIRST,"[0.00,0.05)",9.0015,1.0,4
356,VECTOR_FIRST_HNSW,"[0.00,0.05)",22.907042,0.7,4
356,HNSW_HYBRID,"[0.00,0.05)",9.396625,1.0,4
356,IVFFLAT_HYBRID,"[0.00,0.05)",8.669125,1.0,4
360,SQL_FIRST,"[0.00,0.05)",5.256042,1.0,0
360,VECTOR_FIRST_HNSW,"[0.00,0.05)",22.7475,0.0,0
360,HNSW_HYBRID,"[0.00,0.05)",6.119292,1.0,0
360,IVFFLAT_HYBRID,"[0.00,0.05)",5.402875,1.0,0
360,SQL_FIRST,"[0.00,0.05)",5.35775,1.0,1
360,VECTOR_FIRST_HNSW,"[0.00,0.05)",23.206667,0.0,1
360,HNSW_HYBRID,"[0.00,0.05)",5.965625,1.0,1
360,IVFFLAT_HYBRID,"[0.00,0.05)",5.555583,1.0,1
360,SQL_FIRST,"[0.00,0.05)",5.348875,1.0,2
360,VECTOR_FIRST_HNSW,"[0.00,0.05)",22.854833,0.0,2
360,HNSW_HYBRID,"[0.00,0.05)",5.882459,1.0,2
360,IVFFLAT_HYBRID,"[0.00,0.05)",5.418584,1.0,2
360,SQL_FIRST,"[0.00,0.05)",5.790167,1.0,3
360,VECTOR_FIRST_HNSW,"[0.00,0.05)",23.026792,0.0,3
360,HNSW_HYBRID,"[0.00,0.05)",5.991625,1.0,3
360,IVFFLAT_HYBRID,"[0.00,0.05)",5.47725,1.0,3
360,SQL_FIRST,"[0.00,0.05)",5.225625,1.0,4
360,VECTOR_FIRST_HNSW,"[0.00,0.05)",22.772875,0.0,4
360,HNSW_HYBRID,"[0.00,0.05)",5.837584,1.0,4
360,IVFFLAT_HYBRID,"[0.00,0.05)",5.349167,1.0,4
362,SQL_FIRST,"[0.00,0.05)",6.20275,1.0,0
362,VECTOR_FIRST_HNSW,"[0.00,0.05)",22.885791,0.0,0
362,HNSW_HYBRID,"[0.00,0.05)",6.779,1.0,0
362,IVFFLAT_HYBRID,"[0.00,0.05)",6.438417,1.0,0
362,SQL_FIRST,"[0.00,0.05)",6.191083,1.0,1
362,VECTOR_FIRST_HNSW,"[0.00,0.05)",22.917,0.0,1
362,HNSW_HYBRID,"[0.00,0.05)",6.854333,1.0,1
362,IVFFLAT_HYBRID,"[0.00,0.05)",6.153459,1.0,1
362,SQL_FIRST,"[0.00,0.05)",6.06475,1.0,2
362,VECTOR_FIRST_HNSW,"[0.00,0.05)",22.819375,0.0,2
362,HNSW_HYBRID,"[0.00,0.05)",6.820875,1.0,2
362,IVFFLAT_HYBRID,"[0.00,0.05)",6.667417,1.0,2
362,SQL_FIRST,"[0.00,0.05)",6.549291,1.0,3
362,VECTOR_FIRST_HNSW,"[0.00,0.05)",22.936834,0.0,3
362,HNSW_HYBRID,"[0.00,0.05)",6.789583,1.0,3
362,IVFFLAT_HYBRID,"[0.00,0.05)",6.424333,1.0,3
362,SQL_FIRST,"[0.00,0.05)",6.200333,1.0,4
362,VECTOR_FIRST_HNSW,"[0.00,0.05)",22.880083,0.0,4
362,HNSW_HYBRID,"[0.00,0.05)",6.900083,1.0,4
362,IVFFLAT_HYBRID,"[0.00,0.05)",6.126375,1.0,4
365,SQL_FIRST,"[0.00,0.05)",6.496166,1.0,0
365,VECTOR_FIRST_HNSW,"[0.00,0.05)",22.940458,0.0,0
365,HNSW_HYBRID,"[0.00,0.05)",7.072125,1.0,0
365,IVFFLAT_HYBRID,"[0.00,0.05)",6.641042,1.0,0
365,SQL_FIRST,"[0.00,0.05)",6.574583,1.0,1
365,VECTOR_FIRST_HNSW,"[0.00,0.05)",23.68475,0.0,1
365,HNSW_HYBRID,"[0.00,0.05)",7.081417,1.0,1
365,IVFFLAT_HYBRID,"[0.00,0.05)",6.946125,1.0,1
365,SQL_FIRST,"[0.00,0.05)",6.630917,1.0,2
365,VECTOR_FIRST_HNSW,"[0.00,0.05)",22.874708,0.0,2
365,HNSW_HYBRID,"[0.00,0.05)",7.089,1.0,2
365,IVFFLAT_HYBRID,"[0.00,0.05)",6.48125,1.0,2
365,SQL_FIRST,"[0.00,0.05)",6.811208,1.0,3
365,VECTOR_FIRST_HNSW,"[0.00,0.05)",25.112333,0.0,3
365,HNSW_HYBRID,"[0.00,0.05)",7.545458,1.0,3
365,IVFFLAT_HYBRID,"[0.00,0.05)",6.748459,1.0,3
365,SQL_FIRST,"[0.00,0.05)",6.556125,1.0,4
365,VECTOR_FIRST_HNSW,"[0.00,0.05)",23.024875,0.0,4
365,HNSW_HYBRID,"[0.00,0.05)",7.164917,1.0,4
365,IVFFLAT_HYBRID,"[0.00,0.05)",6.410875,1.0,4
366,SQL_FIRST,"[0.00,0.05)",9.399042,1.0,0
366,VECTOR_FIRST_HNSW,"[0.00,0.05)",27.466958,0.7,0
366,HNSW_HYBRID,"[0.00,0.05)",10.305708,1.0,0
366,IVFFLAT_HYBRID,"[0.00,0.05)",9.663625,1.0,0
366,SQL_FIRST,"[0.00,0.05)",9.370667,1.0,1
366,VECTOR_FIRST_HNSW,"[0.00,0.05)",22.854625,0.7,1
366,HNSW_HYBRID,"[0.00,0.05)",9.7915,1.0,1
366,IVFFLAT_HYBRID,"[0.00,0.05)",9.791333,1.0,1
366,SQL_FIRST,"[0.00,0.05)",9.758833,1.0,2
366,VECTOR_FIRST_HNSW,"[0.00,0.05)",22.871041,0.7,2
366,HNSW_HYBRID,"[0.00,0.05)",9.641458,1.0,2
366,IVFFLAT_HYBRID,"[0.00,0.05)",9.417375,1.0,2
366,SQL_FIRST,"[0.00,0.05)",9.249,1.0,3
366,VECTOR_FIRST_HNSW,"[0.00,0.05)",22.958167,0.7,3
366,HNSW_HYBRID,"[0.00,0.05)",9.781875,1.0,3
366,IVFFLAT_HYBRID,"[0.00,0.05)",9.138084,1.0,3
366,SQL_FIRST,"[0.00,0.05)",9.742375,1.0,4
366,VECTOR_FIRST_HNSW,"[0.00,0.05)",22.86025,0.7,4
366,HNSW_HYBRID,"[0.00,0.05)",10.059708,1.0,4
366,IVFFLAT_HYBRID,"[0.00,0.05)",9.379916,1.0,4
368,SQL_FIRST,"[0.00,0.05)",10.326208,1.0,0
368,VECTOR_FIRST_HNSW,"[0.00,0.05)",24.118208,0.4,0
368,HNSW_HYBRID,"[0.00,0.05)",9.701958,1.0,0
368,IVFFLAT_HYBRID,"[0.00,0.05)",9.327833,1.0,0
368,SQL_FIRST,"[0.00,0.05)",9.75525,1.0,1
368,VECTOR_FIRST_HNSW,"[0.00,0.05)",23.124042,0.4,1
368,HNSW_HYBRID,"[0.00,0.05)",9.997958,1.0,1
368,IVFFLAT_HYBRID,"[0.00,0.05)",9.278167,1.0,1
368,SQL_FIRST,"[0.00,0.05)",9.391292,1.0,2
368,VECTOR_FIRST_HNSW,"[0.00,0.05)",22.989416,0.4,2
368,HNSW_HYBRID,"[0.00,0.05)",9.716375,1.0,2
368,IVFFLAT_HYBRID,"[0.00,0.05)",9.300958,1.0,2
368,SQL_FIRST,"[0.00,0.05)",9.39075,1.0,3
368,VECTOR_FIRST_HNSW,"[0.00,0.05)",22.880333,0.4,3
368,HNSW_HYBRID,"[0.00,0.05)",9.689583,1.0,3
368,IVFFLAT_HYBRID,"[0.00,0.05)",9.298167,1.0,3
368,SQL_FIRST,"[0.00,0.05)",9.119917,1.0,4
368,VECTOR_FIRST_HNSW,"[0.00,0.05)",22.91275,0.4,4
368,HNSW_HYBRID,"[0.00,0.05)",9.789583,1.0,4
368,IVFFLAT_HYBRID,"[0.00,0.05)",9.551333,1.0,4
369,SQL_FIRST,"[0.00,0.05)",10.046583,1.0,0
369,VECTOR_FIRST_HNSW,"[0.00,0.05)",22.918084,0.4,0
369,HNSW_HYBRID,"[0.00,0.05)",9.969209,1.0,0
369,IVFFLAT_HYBRID,"[0.00,0.05)",9.316625,1.0,0
369,SQL_FIRST,"[0.00,0.05)",9.221708,1.0,1
369,VECTOR_FIRST_HNSW,"[0.00,0.05)",22.928125,0.4,1
369,HNSW_HYBRID,"[0.00,0.05)",9.552208,1.0,1
369,IVFFLAT_HYBRID,"[0.00,0.05)",9.306458,1.0,1
369,SQL_FIRST,"[0.00,0.05)",9.416375,1.0,2
369,VECTOR_FIRST_HNSW,"[0.00,0.05)",22.921333,0.4,2
369,HNSW_HYBRID,"[0.00,0.05)",9.656167,1.0,2
369,IVFFLAT_HYBRID,"[0.00,0.05)",9.271,1.0,2
369,SQL_FIRST,"[0.00,0.05)",9.13675,1.0,3
369,VECTOR_FIRST_HNSW,"[0.00,0.05)",22.814125,0.4,3
369,HNSW_HYBRID,"[0.00,0.05)",9.910667,1.0,3
369,IVFFLAT_HYBRID,"[0.00,0.05)",9.568833,1.0,3
369,SQL_FIRST,"[0.00,0.05)",9.682458,1.0,4
369,VECTOR_FIRST_HNSW,"[0.00,0.05)",22.923792,0.4,4
369,HNSW_HYBRID,"[0.00,0.05)",9.733083,1.0,4
369,IVFFLAT_HYBRID,"[0.00,0.05)",9.329458,1.0,4
371,SQL_FIRST,"[0.00,0.05)",9.050708,1.0,0
371,VECTOR_FIRST_HNSW,"[0.00,0.05)",22.969292,0.5,0
371,HNSW_HYBRID,"[0.00,0.05)",9.253791,1.0,0
371,IVFFLAT_HYBRID,"[0.00,0.05)",8.791708,1.0,0
371,SQL_FIRST,"[0.00,0.05)",9.033167,1.0,1
371,VECTOR_FIRST_HNSW,"[0.00,0.05)",22.971917,0.5,1
371,HNSW_HYBRID,"[0.00,0.05)",9.332792,1.0,1
371,IVFFLAT_HYBRID,"[0.00,0.05)",8.865667,1.0,1
371,SQL_FIRST,"[0.00,0.05)",8.507375,1.0,2
371,VECTOR_FIRST_HNSW,"[0.00,0.05)",22.975125,0.5,2
371,HNSW_HYBRID,"[0.00,0.05)",9.346417,1.0,2
371,IVFFLAT_HYBRID,"[0.00,0.05)",9.305792,1.0,2
371,SQL_FIRST,"[0.00,0.05)",8.910583,1.0,3
371,VECTOR_FIRST_HNSW,"[0.00,0.05)",23.063375,0.5,3
371,HNSW_HYBRID,"[0.00,0.05)",9.237208,1.0,3
371,IVFFLAT_HYBRID,"[0.00,0.05)",8.86875,1.0,3
371,SQL_FIRST,"[0.00,0.05)",9.681417,1.0,4
371,VECTOR_FIRST_HNSW,"[0.00,0.05)",22.949166,0.5,4
371,HNSW_HYBRID,"[0.00,0.05)",9.383791,1.0,4
371,IVFFLAT_HYBRID,"[0.00,0.05)",8.878875,1.0,4
373,SQL_FIRST,"[0.00,0.05)",1.54975,1.0,0
373,VECTOR_FIRST_HNSW,"[0.00,0.05)",22.7405,0.0,0
373,HNSW_HYBRID,"[0.00,0.05)",1.983917,1.0,0
373,IVFFLAT_HYBRID,"[0.00,0.05)",1.616,1.0,0
373,SQL_FIRST,"[0.00,0.05)",1.631834,1.0,1
373,VECTOR_FIRST_HNSW,"[0.00,0.05)",22.791958,0.0,1
373,HNSW_HYBRID,"[0.00,0.05)",2.085666,1.0,1
373,IVFFLAT_HYBRID,"[0.00,0.05)",1.626417,1.0,1
373,SQL_FIRST,"[0.00,0.05)",1.602708,1.0,2
373,VECTOR_FIRST_HNSW,"[0.00,0.05)",22.881458,0.0,2
373,HNSW_HYBRID,"[0.00,0.05)",1.956916,1.0,2
373,IVFFLAT_HYBRID,"[0.00,0.05)",1.580125,1.0,2
373,SQL_FIRST,"[0.00,0.05)",1.578417,1.0,3
373,VECTOR_FIRST_HNSW,"[0.00,0.05)",25.390292,0.0,3
373,HNSW_HYBRID,"[0.00,0.05)",1.909334,1.0,3
373,IVFFLAT_HYBRID,"[0.00,0.05)",1.630292,1.0,3
373,SQL_FIRST,"[0.00,0.05)",1.564459,1.0,4
373,VECTOR_FIRST_HNSW,"[0.00,0.05)",23.224583,0.0,4
373,HNSW_HYBRID,"[0.00,0.05)",1.955125,1.0,4
373,IVFFLAT_HYBRID,"[0.00,0.05)",1.64825,1.0,4
380,SQL_FIRST,"[0.00,0.05)",9.397709,1.0,0
380,VECTOR_FIRST_HNSW,"[0.00,0.05)",23.045375,0.6,0
380,HNSW_HYBRID,"[0.00,0.05)",9.58625,1.0,0
380,IVFFLAT_HYBRID,"[0.00,0.05)",9.462083,1.0,0
380,SQL_FIRST,"[0.00,0.05)",9.176417,1.0,1
380,VECTOR_FIRST_HNSW,"[0.00,0.05)",22.956917,0.6,1
380,HNSW_HYBRID,"[0.00,0.05)",9.645792,1.0,1
380,IVFFLAT_HYBRID,"[0.00,0.05)",9.338292,1.0,1
380,SQL_FIRST,"[0.00,0.05)",9.213042,1.0,2
380,VECTOR_FIRST_HNSW,"[0.00,0.05)",24.160417,0.6,2
380,HNSW_HYBRID,"[0.00,0.05)",9.954,1.0,2
380,IVFFLAT_HYBRID,"[0.00,0.05)",9.019375,1.0,2
380,SQL_FIRST,"[0.00,0.05)",9.480084,1.0,3
380,VECTOR_FIRST_HNSW,"[0.00,0.05)",23.301541,0.6,3
380,HNSW_HYBRID,"[0.00,0.05)",9.944833,1.0,3
380,IVFFLAT_HYBRID,"[0.00,0.05)",9.76,1.0,3
380,SQL_FIRST,"[0.00,0.05)",10.989,1.0,4
380,VECTOR_FIRST_HNSW,"[0.00,0.05)",23.369083,0.6,4
380,HNSW_HYBRID,"[0.00,0.05)",9.691875,1.0,4
380,IVFFLAT_HYBRID,"[0.00,0.05)",9.754417,1.0,4
382,SQL_FIRST,"[0.00,0.05)",8.619667,1.0,0
382,VECTOR_FIRST_HNSW,"[0.00,0.05)",23.102208,0.1,0
382,HNSW_HYBRID,"[0.00,0.05)",9.315708,1.0,0
382,IVFFLAT_HYBRID,"[0.00,0.05)",8.660959,1.0,0
382,SQL_FIRST,"[0.00,0.05)",8.857667,1.0,1
382,VECTOR_FIRST_HNSW,"[0.00,0.05)",22.860541,0.1,1
382,HNSW_HYBRID,"[0.00,0.05)",9.385375,1.0,1
382,IVFFLAT_HYBRID,"[0.00,0.05)",8.666542,1.0,1
382,SQL_FIRST,"[0.00,0.05)",9.020166,1.0,2
382,VECTOR_FIRST_HNSW,"[0.00,0.05)",23.143375,0.1,2
382,HNSW_HYBRID,"[0.00,0.05)",9.438625,1.0,2
382,IVFFLAT_HYBRID,"[0.00,0.05)",8.839958,1.0,2
382,SQL_FIRST,"[0.00,0.05)",8.796292,1.0,3
382,VECTOR_FIRST_HNSW,"[0.00,0.05)",22.972584,0.1,3
382,HNSW_HYBRID,"[0.00,0.05)",9.416417,1.0,3
382,IVFFLAT_HYBRID,"[0.00,0.05)",9.11725,1.0,3
382,SQL_FIRST,"[0.00,0.05)",8.563792,1.0,4
382,VECTOR_FIRST_HNSW,"[0.00,0.05)",23.03375,0.1,4
382,HNSW_HYBRID,"[0.00,0.05)",9.286791,1.0,4
382,IVFFLAT_HYBRID,"[0.00,0.05)",8.778333,1.0,4
385,SQL_FIRST,"[0.00,0.05)",4.604917,1.0,0
385,VECTOR_FIRST_HNSW,"[0.00,0.05)",22.874834,0.2,0
385,HNSW_HYBRID,"[0.00,0.05)",5.358,1.0,0
385,IVFFLAT_HYBRID,"[0.00,0.05)",4.599334,1.0,0
385,SQL_FIRST,"[0.00,0.05)",4.630458,1.0,1
385,VECTOR_FIRST_HNSW,"[0.00,0.05)",22.86125,0.2,1
385,HNSW_HYBRID,"[0.00,0.05)",5.21025,1.0,1
385,IVFFLAT_HYBRID,"[0.00,0.05)",4.621167,1.0,1
385,SQL_FIRST,"[0.00,0.05)",4.595,1.0,2
385,VECTOR_FIRST_HNSW,"[0.00,0.05)",22.875417,0.2,2
385,HNSW_HYBRID,"[0.00,0.05)",5.026042,1.0,2
385,IVFFLAT_HYBRID,"[0.00,0.05)",4.608917,1.0,2
385,SQL_FIRST,"[0.00,0.05)",4.621458,1.0,3
385,VECTOR_FIRST_HNSW,"[0.00,0.05)",22.842458,0.2,3
385,HNSW_HYBRID,"[0.00,0.05)",5.125916,1.0,3
385,IVFFLAT_HYBRID,"[0.00,0.05)",4.759792,1.0,3
385,SQL_FIRST,"[0.00,0.05)",5.004958,1.0,4
385,VECTOR_FIRST_HNSW,"[0.00,0.05)",23.636709,0.2,4
385,HNSW_HYBRID,"[0.00,0.05)",5.216583,1.0,4
385,IVFFLAT_HYBRID,"[0.00,0.05)",4.814917,1.0,4
388,SQL_FIRST,"[0.00,0.05)",5.972875,1.0,0
388,VECTOR_FIRST_HNSW,"[0.00,0.05)",22.869958,0.1,0
388,HNSW_HYBRID,"[0.00,0.05)",6.812417,1.0,0
388,IVFFLAT_HYBRID,"[0.00,0.05)",6.11275,1.0,0
388,SQL_FIRST,"[0.00,0.05)",5.99975,1.0,1
388,VECTOR_FIRST_HNSW,"[0.00,0.05)",22.891458,0.1,1
388,HNSW_HYBRID,"[0.00,0.05)",6.638167,1.0,1
388,IVFFLAT_HYBRID,"[0.00,0.05)",6.310375,1.0,1
388,SQL_FIRST,"[0.00,0.05)",6.072917,1.0,2
388,VECTOR_FIRST_HNSW,"[0.00,0.05)",23.372208,0.1,2
388,HNSW_HYBRID,"[0.00,0.05)",7.084208,1.0,2
388,IVFFLAT_HYBRID,"[0.00,0.05)",7.505375,1.0,2
388,SQL_FIRST,"[0.00,0.05)",6.858208,1.0,3
388,VECTOR_FIRST_HNSW,"[0.00,0.05)",23.085625,0.1,3
388,HNSW_HYBRID,"[0.00,0.05)",6.698834,1.0,3
388,IVFFLAT_HYBRID,"[0.00,0.05)",6.014083,1.0,3
388,SQL_FIRST,"[0.00,0.05)",6.015,1.0,4
388,VECTOR_FIRST_HNSW,"[0.00,0.05)",23.588541,0.1,4
388,HNSW_HYBRID,"[0.00,0.05)",6.610292,1.0,4
388,IVFFLAT_HYBRID,"[0.00,0.05)",6.299709,1.0,4
389,SQL_FIRST,"[0.00,0.05)",9.098958,1.0,0
389,VECTOR_FIRST_HNSW,"[0.00,0.05)",22.985334,0.5,0
389,HNSW_HYBRID,"[0.00,0.05)",9.643459,1.0,0
389,IVFFLAT_HYBRID,"[0.00,0.05)",9.298083,1.0,0
389,SQL_FIRST,"[0.00,0.05)",9.015917,1.0,1
389,VECTOR_FIRST_HNSW,"[0.00,0.05)",22.826333,0.5,1
389,HNSW_HYBRID,"[0.00,0.05)",9.673667,1.0,1
389,IVFFLAT_HYBRID,"[0.00,0.05)",9.238083,1.0,1
389,SQL_FIRST,"[0.00,0.05)",9.663333,1.0,2
389,VECTOR_FIRST_HNSW,"[0.00,0.05)",22.863292,0.5,2
389,HNSW_HYBRID,"[0.00,0.05)",9.822875,1.0,2
389,IVFFLAT_HYBRID,"[0.00,0.05)",9.409792,1.0,2
389,SQL_FIRST,"[0.00,0.05)",9.354416,1.0,3
389,VECTOR_FIRST_HNSW,"[0.00,0.05)",23.046875,0.5,3
389,HNSW_HYBRID,"[0.00,0.05)",9.501917,1.0,3
389,IVFFLAT_HYBRID,"[0.00,0.05)",9.376209,1.0,3
389,SQL_FIRST,"[0.00,0.05)",9.222958,1.0,4
389,VECTOR_FIRST_HNSW,"[0.00,0.05)",23.418917,0.5,4
389,HNSW_HYBRID,"[0.00,0.05)",9.833666,1.0,4
389,IVFFLAT_HYBRID,"[0.00,0.05)",10.105792,1.0,4
390,SQL_FIRST,"[0.00,0.05)",6.492458,1.0,0
390,VECTOR_FIRST_HNSW,"[0.00,0.05)",22.828958,0.1,0
390,HNSW_HYBRID,"[0.00,0.05)",7.167958,1.0,0
390,IVFFLAT_HYBRID,"[0.00,0.05)",6.669542,1.0,0
390,SQL_FIRST,"[0.00,0.05)",7.276,1.0,1
390,VECTOR_FIRST_HNSW,"[0.00,0.05)",23.240083,0.1,1
390,HNSW_HYBRID,"[0.00,0.05)",7.3955,1.0,1
390,IVFFLAT_HYBRID,"[0.00,0.05)",6.663125,1.0,1
390,SQL_FIRST,"[0.00,0.05)",6.800083,1.0,2
390,VECTOR_FIRST_HNSW,"[0.00,0.05)",22.870375,0.1,2
390,HNSW_HYBRID,"[0.00,0.05)",7.344833,1.0,2
390,IVFFLAT_HYBRID,"[0.00,0.05)",6.883083,1.0,2
390,SQL_FIRST,"[0.00,0.05)",6.651292,1.0,3
390,VECTOR_FIRST_HNSW,"[0.00,0.05)",22.766125,0.1,3
390,HNSW_HYBRID,"[0.00,0.05)",7.324334,1.0,3
390,IVFFLAT_HYBRID,"[0.00,0.05)",6.787583,1.0,3
390,SQL_FIRST,"[0.00,0.05)",6.481042,1.0,4
390,VECTOR_FIRST_HNSW,"[0.00,0.05)",22.8055,0.1,4
390,HNSW_HYBRID,"[0.00,0.05)",7.138666,1.0,4
390,IVFFLAT_HYBRID,"[0.00,0.05)",6.457667,1.0,4
393,SQL_FIRST,"[0.00,0.05)",8.806416,1.0,0
393,VECTOR_FIRST_HNSW,"[0.00,0.05)",22.991291,0.2,0
393,HNSW_HYBRID,"[0.00,0.05)",9.344,1.0,0
393,IVFFLAT_HYBRID,"[0.00,0.05)",9.402583,1.0,0
393,SQL_FIRST,"[0.00,0.05)",9.196292,1.0,1
393,VECTOR_FIRST_HNSW,"[0.00,0.05)",22.867542,0.2,1
393,HNSW_HYBRID,"[0.00,0.05)",9.127416,1.0,1
393,IVFFLAT_HYBRID,"[0.00,0.05)",8.842667,1.0,1
393,SQL_FIRST,"[0.00,0.05)",9.657333,1.0,2
393,VECTOR_FIRST_HNSW,"[0.00,0.05)",23.042708,0.2,2
393,HNSW_HYBRID,"[0.00,0.05)",9.302375,1.0,2
393,IVFFLAT_HYBRID,"[0.00,0.05)",8.901958,1.0,2
393,SQL_FIRST,"[0.00,0.05)",8.843958,1.0,3
393,VECTOR_FIRST_HNSW,"[0.00,0.05)",22.933167,0.2,3
393,HNSW_HYBRID,"[0.00,0.05)",9.275334,1.0,3
393,IVFFLAT_HYBRID,"[0.00,0.05)",8.563916,1.0,3
393,SQL_FIRST,"[0.00,0.05)",9.196208,1.0,4
393,VECTOR_FIRST_HNSW,"[0.00,0.05)",22.925958,0.2,4
393,HNSW_HYBRID,"[0.00,0.05)",9.615208,1.0,4
393,IVFFLAT_HYBRID,"[0.00,0.05)",8.892042,1.0,4
395,SQL_FIRST,"[0.00,0.05)",9.914292,1.0,0
395,VECTOR_FIRST_HNSW,"[0.00,0.05)",23.363458,0.1,0
395,HNSW_HYBRID,"[0.00,0.05)",10.433584,1.0,0
395,IVFFLAT_HYBRID,"[0.00,0.05)",9.883334,1.0,0
395,SQL_FIRST,"[0.00,0.05)",10.349208,1.0,1
395,VECTOR_FIRST_HNSW,"[0.00,0.05)",23.570125,0.1,1
395,HNSW_HYBRID,"[0.00,0.05)",10.644875,1.0,1
395,IVFFLAT_HYBRID,"[0.00,0.05)",9.999,1.0,1
395,SQL_FIRST,"[0.00,0.05)",9.989709,1.0,2
395,VECTOR_FIRST_HNSW,"[0.00,0.05)",22.905167,0.1,2
395,HNSW_HYBRID,"[0.00,0.05)",10.430208,1.0,2
395,IVFFLAT_HYBRID,"[0.00,0.05)",10.319958,1.0,2
395,SQL_FIRST,"[0.00,0.05)",9.995708,1.0,3
395,VECTOR_FIRST_HNSW,"[0.00,0.05)",22.951334,0.1,3
395,HNSW_HYBRID,"[0.00,0.05)",10.445666,1.0,3
395,IVFFLAT_HYBRID,"[0.00,0.05)",9.691625,1.0,3
395,SQL_FIRST,"[0.00,0.05)",10.377083,1.0,4
395,VECTOR_FIRST_HNSW,"[0.00,0.05)",22.919666,0.1,4
395,HNSW_HYBRID,"[0.00,0.05)",10.637375,1.0,4
395,IVFFLAT_HYBRID,"[0.00,0.05)",9.994334,1.0,4
398,SQL_FIRST,"[0.00,0.05)",4.862333,1.0,0
398,VECTOR_FIRST_HNSW,"[0.00,0.05)",22.818209,0.1,0
398,HNSW_HYBRID,"[0.00,0.05)",5.458167,1.0,0
398,IVFFLAT_HYBRID,"[0.00,0.05)",4.91175,1.0,0
398,SQL_FIRST,"[0.00,0.05)",5.085417,1.0,1
398,VECTOR_FIRST_HNSW,"[0.00,0.05)",22.87325,0.1,1
398,HNSW_HYBRID,"[0.00,0.05)",5.58775,1.0,1
398,IVFFLAT_HYBRID,"[0.00,0.05)",5.162458,1.0,1
398,SQL_FIRST,"[0.00,0.05)",4.986583,1.0,2
398,VECTOR_FIRST_HNSW,"[0.00,0.05)",22.67175,0.1,2
398,HNSW_HYBRID,"[0.00,0.05)",5.559125,1.0,2
398,IVFFLAT_HYBRID,"[0.00,0.05)",5.021709,1.0,2
398,SQL_FIRST,"[0.00,0.05)",4.985042,1.0,3
398,VECTOR_FIRST_HNSW,"[0.00,0.05)",22.945166,0.1,3
398,HNSW_HYBRID,"[0.00,0.05)",5.506208,1.0,3
398,IVFFLAT_HYBRID,"[0.00,0.05)",5.013708,1.0,3
398,SQL_FIRST,"[0.00,0.05)",4.897375,1.0,4
398,VECTOR_FIRST_HNSW,"[0.00,0.05)",22.752084,0.1,4
398,HNSW_HYBRID,"[0.00,0.05)",5.624,1.0,4
398,IVFFLAT_HYBRID,"[0.00,0.05)",5.04325,1.0,4
399,SQL_FIRST,"[0.00,0.05)",9.070625,1.0,0
399,VECTOR_FIRST_HNSW,"[0.00,0.05)",23.196917,0.2,0
399,HNSW_HYBRID,"[0.00,0.05)",9.527625,1.0,0
399,IVFFLAT_HYBRID,"[0.00,0.05)",8.859916,1.0,0
399,SQL_FIRST,"[0.00,0.05)",9.42625,1.0,1
399,VECTOR_FIRST_HNSW,"[0.00,0.05)",22.91175,0.2,1
399,HNSW_HYBRID,"[0.00,0.05)",9.712834,1.0,1
399,IVFFLAT_HYBRID,"[0.00,0.05)",8.916541,1.0,1
399,SQL_FIRST,"[0.00,0.05)",8.892083,1.0,2
399,VECTOR_FIRST_HNSW,"[0.00,0.05)",22.903792,0.2,2
399,HNSW_HYBRID,"[0.00,0.05)",9.454833,1.0,2
399,IVFFLAT_HYBRID,"[0.00,0.05)",9.172875,1.0,2
399,SQL_FIRST,"[0.00,0.05)",9.023416,1.0,3
399,VECTOR_FIRST_HNSW,"[0.00,0.05)",22.83575,0.2,3
399,HNSW_HYBRID,"[0.00,0.05)",9.2085,1.0,3
399,IVFFLAT_HYBRID,"[0.00,0.05)",9.053125,1.0,3
399,SQL_FIRST,"[0.00,0.05)",9.076208,1.0,4
399,VECTOR_FIRST_HNSW,"[0.00,0.05)",22.97925,0.2,4
399,HNSW_HYBRID,"[0.00,0.05)",9.433292,1.0,4
399,IVFFLAT_HYBRID,"[0.00,0.05)",9.707708,1.0,4
400,SQL_FIRST,"[0.00,0.05)",9.377666,1.0,0
400,VECTOR_FIRST_HNSW,"[0.00,0.05)",22.880458,0.1,0
400,HNSW_HYBRID,"[0.00,0.05)",9.839916,1.0,0
400,IVFFLAT_HYBRID,"[0.00,0.05)",9.062917,1.0,0
400,SQL_FIRST,"[0.00,0.05)",9.010583,1.0,1
400,VECTOR_FIRST_HNSW,"[0.00,0.05)",22.840875,0.1,1
400,HNSW_HYBRID,"[0.00,0.05)",9.699125,1.0,1
400,IVFFLAT_HYBRID,"[0.00,0.05)",9.153375,1.0,1
400,SQL_FIRST,"[0.00,0.05)",9.055,1.0,2
400,VECTOR_FIRST_HNSW,"[0.00,0.05)",22.915458,0.1,2
400,HNSW_HYBRID,"[0.00,0.05)",9.5215,1.0,2
400,IVFFLAT_HYBRID,"[0.00,0.05)",9.165125,1.0,2
400,SQL_FIRST,"[0.00,0.05)",10.271791,1.0,3
400,VECTOR_FIRST_HNSW,"[0.00,0.05)",25.628667,0.1,3
400,HNSW_HYBRID,"[0.00,0.05)",9.676458,1.0,3
400,IVFFLAT_HYBRID,"[0.00,0.05)",9.014708,1.0,3
400,SQL_FIRST,"[0.00,0.05)",8.967708,1.0,4
400,VECTOR_FIRST_HNSW,"[0.00,0.05)",22.936375,0.1,4
400,HNSW_HYBRID,"[0.00,0.05)",9.782292,1.0,4
400,IVFFLAT_HYBRID,"[0.00,0.05)",9.054416,1.0,4
401,SQL_FIRST,"[0.00,0.05)",8.327125,1.0,0
401,VECTOR_FIRST_HNSW,"[0.00,0.05)",23.016292,0.3,0
401,HNSW_HYBRID,"[0.00,0.05)",9.165833,1.0,0
401,IVFFLAT_HYBRID,"[0.00,0.05)",8.811833,1.0,0
401,SQL_FIRST,"[0.00,0.05)",9.02725,1.0,1
401,VECTOR_FIRST_HNSW,"[0.00,0.05)",22.773416,0.3,1
401,HNSW_HYBRID,"[0.00,0.05)",9.187834,1.0,1
401,IVFFLAT_HYBRID,"[0.00,0.05)",8.9345,1.0,1
401,SQL_FIRST,"[0.00,0.05)",8.5265,1.0,2
401,VECTOR_FIRST_HNSW,"[0.00,0.05)",23.245583,0.3,2
401,HNSW_HYBRID,"[0.00,0.05)",8.978375,1.0,2
401,IVFFLAT_HYBRID,"[0.00,0.05)",8.668209,1.0,2
401,SQL_FIRST,"[0.00,0.05)",8.328542,1.0,3
401,VECTOR_FIRST_HNSW,"[0.00,0.05)",23.001833,0.3,3
401,HNSW_HYBRID,"[0.00,0.05)",9.294041,1.0,3
401,IVFFLAT_HYBRID,"[0.00,0.05)",8.917375,1.0,3
401,SQL_FIRST,"[0.00,0.05)",8.867666,1.0,4
401,VECTOR_FIRST_HNSW,"[0.00,0.05)",23.080333,0.3,4
401,HNSW_HYBRID,"[0.00,0.05)",9.163708,1.0,4
401,IVFFLAT_HYBRID,"[0.00,0.05)",9.490292,1.0,4
403,SQL_FIRST,"[0.00,0.05)",6.235542,1.0,0
403,VECTOR_FIRST_HNSW,"[0.00,0.05)",22.832167,0.2,0
403,HNSW_HYBRID,"[0.00,0.05)",6.882833,1.0,0
403,IVFFLAT_HYBRID,"[0.00,0.05)",6.14,1.0,0
403,SQL_FIRST,"[0.00,0.05)",6.086792,1.0,1
403,VECTOR_FIRST_HNSW,"[0.00,0.05)",23.006083,0.2,1
403,HNSW_HYBRID,"[0.00,0.05)",7.226792,1.0,1
403,IVFFLAT_HYBRID,"[0.00,0.05)",6.482541,1.0,1
403,SQL_FIRST,"[0.00,0.05)",6.337792,1.0,2
403,VECTOR_FIRST_HNSW,"[0.00,0.05)",23.454541,0.2,2
403,HNSW_HYBRID,"[0.00,0.05)",6.826958,1.0,2
403,IVFFLAT_HYBRID,"[0.00,0.05)",6.162625,1.0,2
403,SQL_FIRST,"[0.00,0.05)",6.27325,1.0,3
403,VECTOR_FIRST_HNSW,"[0.00,0.05)",23.380125,0.2,3
403,HNSW_HYBRID,"[0.00,0.05)",6.936084,1.0,3
403,IVFFLAT_HYBRID,"[0.00,0.05)",6.39025,1.0,3
403,SQL_FIRST,"[0.00,0.05)",6.113458,1.0,4
403,VECTOR_FIRST_HNSW,"[0.00,0.05)",22.876583,0.2,4
403,HNSW_HYBRID,"[0.00,0.05)",6.808583,1.0,4
403,IVFFLAT_HYBRID,"[0.00,0.05)",6.415916,1.0,4
404,SQL_FIRST,"[0.00,0.05)",6.816458,1.0,0
404,VECTOR_FIRST_HNSW,"[0.00,0.05)",22.940375,0.1,0
404,HNSW_HYBRID,"[0.00,0.05)",7.576792,1.0,0
404,IVFFLAT_HYBRID,"[0.00,0.05)",7.9665,1.0,0
404,SQL_FIRST,"[0.00,0.05)",7.997291,1.0,1
404,VECTOR_FIRST_HNSW,"[0.00,0.05)",24.161459,0.1,1
404,HNSW_HYBRID,"[0.00,0.05)",7.751209,1.0,1
404,IVFFLAT_HYBRID,"[0.00,0.05)",6.92625,1.0,1
404,SQL_FIRST,"[0.00,0.05)",6.821875,1.0,2
404,VECTOR_FIRST_HNSW,"[0.00,0.05)",22.769958,0.1,2
404,HNSW_HYBRID,"[0.00,0.05)",7.609625,1.0,2
404,IVFFLAT_HYBRID,"[0.00,0.05)",7.155875,1.0,2
404,SQL_FIRST,"[0.00,0.05)",7.186208,1.0,3
404,VECTOR_FIRST_HNSW,"[0.00,0.05)",22.906458,0.1,3
404,HNSW_HYBRID,"[0.00,0.05)",7.594542,1.0,3
404,IVFFLAT_HYBRID,"[0.00,0.05)",7.212167,1.0,3
404,SQL_FIRST,"[0.00,0.05)",6.924959,1.0,4
404,VECTOR_FIRST_HNSW,"[0.00,0.05)",22.899208,0.1,4
404,HNSW_HYBRID,"[0.00,0.05)",7.641542,1.0,4
404,IVFFLAT_HYBRID,"[0.00,0.05)",6.935,1.0,4
408,SQL_FIRST,"[0.00,0.05)",9.3165,1.0,0
408,VECTOR_FIRST_HNSW,"[0.00,0.05)",22.883625,0.4,0
408,HNSW_HYBRID,"[0.00,0.05)",9.788,1.0,0
408,IVFFLAT_HYBRID,"[0.00,0.05)",10.069791,1.0,0
408,SQL_FIRST,"[0.00,0.05)",9.759666,1.0,1
408,VECTOR_FIRST_HNSW,"[0.00,0.05)",23.36675,0.4,1
408,HNSW_HYBRID,"[0.00,0.05)",9.814125,1.0,1
408,IVFFLAT_HYBRID,"[0.00,0.05)",9.209291,1.0,1
408,SQL_FIRST,"[0.00,0.05)",9.493166,1.0,2
408,VECTOR_FIRST_HNSW,"[0.00,0.05)",23.614,0.4,2
408,HNSW_HYBRID,"[0.00,0.05)",10.076292,1.0,2
408,IVFFLAT_HYBRID,"[0.00,0.05)",9.514,1.0,2
408,SQL_FIRST,"[0.00,0.05)",9.754625,1.0,3
408,VECTOR_FIRST_HNSW,"[0.00,0.05)",22.853416,0.4,3
408,HNSW_HYBRID,"[0.00,0.05)",9.761041,1.0,3
408,IVFFLAT_HYBRID,"[0.00,0.05)",9.435292,1.0,3
408,SQL_FIRST,"[0.00,0.05)",9.072416,1.0,4
408,VECTOR_FIRST_HNSW,"[0.00,0.05)",22.937084,0.4,4
408,HNSW_HYBRID,"[0.00,0.05)",9.730333,1.0,4
408,IVFFLAT_HYBRID,"[0.00,0.05)",9.757458,1.0,4
409,SQL_FIRST,"[0.00,0.05)",8.238584,1.0,0
409,VECTOR_FIRST_HNSW,"[0.00,0.05)",22.894666,0.3,0
409,HNSW_HYBRID,"[0.00,0.05)",8.809375,1.0,0
409,IVFFLAT_HYBRID,"[0.00,0.05)",8.321791,1.0,0
409,SQL_FIRST,"[0.00,0.05)",8.263542,1.0,1
409,VECTOR_FIRST_HNSW,"[0.00,0.05)",23.522875,0.3,1
409,HNSW_HYBRID,"[0.00,0.05)",8.677167,1.0,1
409,IVFFLAT_HYBRID,"[0.00,0.05)",8.160208,1.0,1
409,SQL_FIRST,"[0.00,0.05)",8.242958,1.0,2
409,VECTOR_FIRST_HNSW,"[0.00,0.05)",23.041125,0.3,2
409,HNSW_HYBRID,"[0.00,0.05)",8.953292,1.0,2
409,IVFFLAT_HYBRID,"[0.00,0.05)",8.383042,1.0,2
409,SQL_FIRST,"[0.00,0.05)",8.290458,1.0,3
409,VECTOR_FIRST_HNSW,"[0.00,0.05)",22.847791,0.3,3
409,HNSW_HYBRID,"[0.00,0.05)",8.888708,1.0,3
409,IVFFLAT_HYBRID,"[0.00,0.05)",8.351458,1.0,3
409,SQL_FIRST,"[0.00,0.05)",8.310375,1.0,4
409,VECTOR_FIRST_HNSW,"[0.00,0.05)",22.8335,0.3,4
409,HNSW_HYBRID,"[0.00,0.05)",8.834333,1.0,4
409,IVFFLAT_HYBRID,"[0.00,0.05)",8.423792,1.0,4
411,SQL_FIRST,"[0.00,0.05)",8.6395,1.0,0
411,VECTOR_FIRST_HNSW,"[0.00,0.05)",23.016375,0.2,0
411,HNSW_HYBRID,"[0.00,0.05)",9.559542,1.0,0
411,IVFFLAT_HYBRID,"[0.00,0.05)",8.915584,1.0,0
411,SQL_FIRST,"[0.00,0.05)",8.4545,1.0,1
411,VECTOR_FIRST_HNSW,"[0.00,0.05)",23.571834,0.2,1
411,HNSW_HYBRID,"[0.00,0.05)",9.087,1.0,1
411,IVFFLAT_HYBRID,"[0.00,0.05)",8.853958,1.0,1
411,SQL_FIRST,"[0.00,0.05)",8.648208,1.0,2
411,VECTOR_FIRST_HNSW,"[0.00,0.05)",22.877875,0.2,2
411,HNSW_HYBRID,"[0.00,0.05)",9.198166,1.0,2
411,IVFFLAT_HYBRID,"[0.00,0.05)",8.577958,1.0,2
411,SQL_FIRST,"[0.00,0.05)",8.51225,1.0,3
411,VECTOR_FIRST_HNSW,"[0.00,0.05)",22.896875,0.2,3
411,HNSW_HYBRID,"[0.00,0.05)",9.061791,1.0,3
411,IVFFLAT_HYBRID,"[0.00,0.05)",8.868292,1.0,3
411,SQL_FIRST,"[0.00,0.05)",8.667708,1.0,4
411,VECTOR_FIRST_HNSW,"[0.00,0.05)",22.847583,0.2,4
411,HNSW_HYBRID,"[0.00,0.05)",9.088875,1.0,4
411,IVFFLAT_HYBRID,"[0.00,0.05)",8.594375,1.0,4
422,SQL_FIRST,"[0.00,0.05)",9.011875,1.0,0
422,VECTOR_FIRST_HNSW,"[0.00,0.05)",22.973458,0.4,0
422,HNSW_HYBRID,"[0.00,0.05)",9.400917,1.0,0
422,IVFFLAT_HYBRID,"[0.00,0.05)",8.99025,1.0,0
422,SQL_FIRST,"[0.00,0.05)",9.551292,1.0,1
422,VECTOR_FIRST_HNSW,"[0.00,0.05)",22.894542,0.4,1
422,HNSW_HYBRID,"[0.00,0.05)",9.624875,1.0,1
422,IVFFLAT_HYBRID,"[0.00,0.05)",8.991458,1.0,1
422,SQL_FIRST,"[0.00,0.05)",8.936917,1.0,2
422,VECTOR_FIRST_HNSW,"[0.00,0.05)",23.029875,0.4,2
422,HNSW_HYBRID,"[0.00,0.05)",9.354584,1.0,2
422,IVFFLAT_HYBRID,"[0.00,0.05)",8.895167,1.0,2
422,SQL_FIRST,"[0.00,0.05)",8.886916,1.0,3
422,VECTOR_FIRST_HNSW,"[0.00,0.05)",23.925125,0.4,3
422,HNSW_HYBRID,"[0.00,0.05)",9.83275,1.0,3
422,IVFFLAT_HYBRID,"[0.00,0.05)",9.434375,1.0,3
422,SQL_FIRST,"[0.00,0.05)",9.284792,1.0,4
422,VECTOR_FIRST_HNSW,"[0.00,0.05)",23.061083,0.4,4
422,HNSW_HYBRID,"[0.00,0.05)",9.48775,1.0,4
422,IVFFLAT_HYBRID,"[0.00,0.05)",9.497458,1.0,4
426,SQL_FIRST,"[0.00,0.05)",9.720792,1.0,0
426,VECTOR_FIRST_HNSW,"[0.00,0.05)",22.908042,0.6,0
426,HNSW_HYBRID,"[0.00,0.05)",9.980708,1.0,0
426,IVFFLAT_HYBRID,"[0.00,0.05)",9.409584,1.0,0
426,SQL_FIRST,"[0.00,0.05)",9.307167,1.0,1
426,VECTOR_FIRST_HNSW,"[0.00,0.05)",23.019833,0.6,1
426,HNSW_HYBRID,"[0.00,0.05)",9.690875,1.0,1
426,IVFFLAT_HYBRID,"[0.00,0.05)",9.360292,1.0,1
426,SQL_FIRST,"[0.00,0.05)",9.491334,1.0,2
426,VECTOR_FIRST_HNSW,"[0.00,0.05)",23.045334,0.6,2
426,HNSW_HYBRID,"[0.00,0.05)",9.85975,1.0,2
426,IVFFLAT_HYBRID,"[0.00,0.05)",9.442333,1.0,2
426,SQL_FIRST,"[0.00,0.05)",9.082708,1.0,3
426,VECTOR_FIRST_HNSW,"[0.00,0.05)",22.738833,0.6,3
426,HNSW_HYBRID,"[0.00,0.05)",10.050417,1.0,3
426,IVFFLAT_HYBRID,"[0.00,0.05)",9.826875,1.0,3
426,SQL_FIRST,"[0.00,0.05)",9.562459,1.0,4
426,VECTOR_FIRST_HNSW,"[0.00,0.05)",22.869583,0.6,4
426,HNSW_HYBRID,"[0.00,0.05)",9.683042,1.0,4
426,IVFFLAT_HYBRID,"[0.00,0.05)",9.26725,1.0,4
427,SQL_FIRST,"[0.00,0.05)",6.755625,1.0,0
427,VECTOR_FIRST_HNSW,"[0.00,0.05)",23.087375,0.4,0
427,HNSW_HYBRID,"[0.00,0.05)",7.367458,1.0,0
427,IVFFLAT_HYBRID,"[0.00,0.05)",6.756959,1.0,0
427,SQL_FIRST,"[0.00,0.05)",6.536625,1.0,1
427,VECTOR_FIRST_HNSW,"[0.00,0.05)",22.834667,0.4,1
427,HNSW_HYBRID,"[0.00,0.05)",7.456542,1.0,1
427,IVFFLAT_HYBRID,"[0.00,0.05)",6.7875,1.0,1
427,SQL_FIRST,"[0.00,0.05)",6.766292,1.0,2
427,VECTOR_FIRST_HNSW,"[0.00,0.05)",23.538792,0.4,2
427,HNSW_HYBRID,"[0.00,0.05)",7.356375,1.0,2
427,IVFFLAT_HYBRID,"[0.00,0.05)",6.591334,1.0,2
427,SQL_FIRST,"[0.00,0.05)",6.806625,1.0,3
427,VECTOR_FIRST_HNSW,"[0.00,0.05)",23.169458,0.4,3
427,HNSW_HYBRID,"[0.00,0.05)",7.492417,1.0,3
427,IVFFLAT_HYBRID,"[0.00,0.05)",6.970708,1.0,3
427,SQL_FIRST,"[0.00,0.05)",6.649375,1.0,4
427,VECTOR_FIRST_HNSW,"[0.00,0.05)",22.923041,0.4,4
427,HNSW_HYBRID,"[0.00,0.05)",7.38225,1.0,4
427,IVFFLAT_HYBRID,"[0.00,0.05)",6.881584,1.0,4
428,SQL_FIRST,"[0.00,0.05)",8.797334,1.0,0
428,VECTOR_FIRST_HNSW,"[0.00,0.05)",22.892208,0.2,0
428,HNSW_HYBRID,"[0.00,0.05)",9.116459,1.0,0
428,IVFFLAT_HYBRID,"[0.00,0.05)",8.429959,1.0,0
428,SQL_FIRST,"[0.00,0.05)",8.805792,1.0,1
428,VECTOR_FIRST_HNSW,"[0.00,0.05)",22.935709,0.2,1
428,HNSW_HYBRID,"[0.00,0.05)",9.423625,1.0,1
428,IVFFLAT_HYBRID,"[0.00,0.05)",8.949041,1.0,1
428,SQL_FIRST,"[0.00,0.05)",8.679416,1.0,2
428,VECTOR_FIRST_HNSW,"[0.00,0.05)",23.046125,0.2,2
428,HNSW_HYBRID,"[0.00,0.05)",9.261042,1.0,2
428,IVFFLAT_HYBRID,"[0.00,0.05)",9.464958,1.0,2
428,SQL_FIRST,"[0.00,0.05)",9.556542,1.0,3
428,VECTOR_FIRST_HNSW,"[0.00,0.05)",23.785958,0.2,3
428,HNSW_HYBRID,"[0.00,0.05)",9.516167,1.0,3
428,IVFFLAT_HYBRID,"[0.00,0.05)",8.962292,1.0,3
428,SQL_FIRST,"[0.00,0.05)",8.782459,1.0,4
428,VECTOR_FIRST_HNSW,"[0.00,0.05)",23.162292,0.2,4
428,HNSW_HYBRID,"[0.00,0.05)",9.107917,1.0,4
428,IVFFLAT_HYBRID,"[0.00,0.05)",9.041583,1.0,4
431,SQL_FIRST,"[0.00,0.05)",6.551916,1.0,0
431,VECTOR_FIRST_HNSW,"[0.00,0.05)",23.636333,0.2,0
431,HNSW_HYBRID,"[0.00,0.05)",7.573375,1.0,0
431,IVFFLAT_HYBRID,"[0.00,0.05)",7.035417,1.0,0
431,SQL_FIRST,"[0.00,0.05)",6.999459,1.0,1
431,VECTOR_FIRST_HNSW,"[0.00,0.05)",22.877083,0.2,1
431,HNSW_HYBRID,"[0.00,0.05)",7.477375,1.0,1
431,IVFFLAT_HYBRID,"[0.00,0.05)",6.827916,1.0,1
431,SQL_FIRST,"[0.00,0.05)",6.578958,1.0,2
431,VECTOR_FIRST_HNSW,"[0.00,0.05)",23.5485,0.2,2
431,HNSW_HYBRID,"[0.00,0.05)",7.24375,1.0,2
431,IVFFLAT_HYBRID,"[0.00,0.05)",6.639708,1.0,2
431,SQL_FIRST,"[0.00,0.05)",6.487791,1.0,3
431,VECTOR_FIRST_HNSW,"[0.00,0.05)",22.974792,0.2,3
431,HNSW_HYBRID,"[0.00,0.05)",7.373083,1.0,3
431,IVFFLAT_HYBRID,"[0.00,0.05)",6.747041,1.0,3
431,SQL_FIRST,"[0.00,0.05)",6.921625,1.0,4
431,VECTOR_FIRST_HNSW,"[0.00,0.05)",22.76525,0.2,4
431,HNSW_HYBRID,"[0.00,0.05)",7.493667,1.0,4
431,IVFFLAT_HYBRID,"[0.00,0.05)",6.708875,1.0,4
433,SQL_FIRST,"[0.00,0.05)",5.936833,1.0,0
433,VECTOR_FIRST_HNSW,"[0.00,0.05)",22.888166,0.0,0
433,HNSW_HYBRID,"[0.00,0.05)",6.598584,1.0,0
433,IVFFLAT_HYBRID,"[0.00,0.05)",6.156166,1.0,0
433,SQL_FIRST,"[0.00,0.05)",6.1325,1.0,1
433,VECTOR_FIRST_HNSW,"[0.00,0.05)",22.742042,0.0,1
433,HNSW_HYBRID,"[0.00,0.05)",6.869,1.0,1
433,IVFFLAT_HYBRID,"[0.00,0.05)",6.051625,1.0,1
433,SQL_FIRST,"[0.00,0.05)",6.041375,1.0,2
433,VECTOR_FIRST_HNSW,"[0.00,0.05)",23.574458,0.0,2
433,HNSW_HYBRID,"[0.00,0.05)",6.616458,1.0,2
433,IVFFLAT_HYBRID,"[0.00,0.05)",5.908167,1.0,2
433,SQL_FIRST,"[0.00,0.05)",5.842958,1.0,3
433,VECTOR_FIRST_HNSW,"[0.00,0.05)",22.95375,0.0,3
433,HNSW_HYBRID,"[0.00,0.05)",6.7325,1.0,3
433,IVFFLAT_HYBRID,"[0.00,0.05)",6.1145,1.0,3
433,SQL_FIRST,"[0.00,0.05)",6.233417,1.0,4
433,VECTOR_FIRST_HNSW,"[0.00,0.05)",22.823417,0.0,4
433,HNSW_HYBRID,"[0.00,0.05)",6.790583,1.0,4
433,IVFFLAT_HYBRID,"[0.00,0.05)",6.183458,1.0,4
434,SQL_FIRST,"[0.00,0.05)",7.784417,1.0,0
434,VECTOR_FIRST_HNSW,"[0.00,0.05)",23.313292,0.3,0
434,HNSW_HYBRID,"[0.00,0.05)",8.42025,1.0,0
434,IVFFLAT_HYBRID,"[0.00,0.05)",8.45825,1.0,0
434,SQL_FIRST,"[0.00,0.05)",7.825792,1.0,1
434,VECTOR_FIRST_HNSW,"[0.00,0.05)",22.772541,0.3,1
434,HNSW_HYBRID,"[0.00,0.05)",9.142834,1.0,1
434,IVFFLAT_HYBRID,"[0.00,0.05)",7.919666,1.0,1
434,SQL_FIRST,"[0.00,0.05)",8.2175,1.0,2
434,VECTOR_FIRST_HNSW,"[0.00,0.05)",22.892333,0.3,2
434,HNSW_HYBRID,"[0.00,0.05)",8.3345,1.0,2
434,IVFFLAT_HYBRID,"[0.00,0.05)",8.013625,1.0,2
434,SQL_FIRST,"[0.00,0.05)",7.782125,1.0,3
434,VECTOR_FIRST_HNSW,"[0.00,0.05)",22.921583,0.3,3
434,HNSW_HYBRID,"[0.00,0.05)",8.341083,1.0,3
434,IVFFLAT_HYBRID,"[0.00,0.05)",7.717625,1.0,3
434,SQL_FIRST,"[0.00,0.05)",7.68,1.0,4
434,VECTOR_FIRST_HNSW,"[0.00,0.05)",22.979666,0.3,4
434,HNSW_HYBRID,"[0.00,0.05)",8.436959,1.0,4
434,IVFFLAT_HYBRID,"[0.00,0.05)",8.191916,1.0,4
439,SQL_FIRST,"[0.00,0.05)",5.361917,1.0,0
439,VECTOR_FIRST_HNSW,"[0.00,0.05)",22.842208,0.1,0
439,HNSW_HYBRID,"[0.00,0.05)",5.615042,1.0,0
439,IVFFLAT_HYBRID,"[0.00,0.05)",5.153541,1.0,0
439,SQL_FIRST,"[0.00,0.05)",5.10525,1.0,1
439,VECTOR_FIRST_HNSW,"[0.00,0.05)",23.56025,0.1,1
439,HNSW_HYBRID,"[0.00,0.05)",5.702458,1.0,1
439,IVFFLAT_HYBRID,"[0.00,0.05)",5.436875,1.0,1
439,SQL_FIRST,"[0.00,0.05)",5.473708,1.0,2
439,VECTOR_FIRST_HNSW,"[0.00,0.05)",22.901916,0.1,2
439,HNSW_HYBRID,"[0.00,0.05)",5.650292,1.0,2
439,IVFFLAT_HYBRID,"[0.00,0.05)",5.324,1.0,2
439,SQL_FIRST,"[0.00,0.05)",5.214875,1.0,3
439,VECTOR_FIRST_HNSW,"[0.00,0.05)",23.023583,0.1,3
439,HNSW_HYBRID,"[0.00,0.05)",5.8165,1.0,3
439,IVFFLAT_HYBRID,"[0.00,0.05)",5.149083,1.0,3
439,SQL_FIRST,"[0.00,0.05)",5.192125,1.0,4
439,VECTOR_FIRST_HNSW,"[0.00,0.05)",23.037708,0.1,4
439,HNSW_HYBRID,"[0.00,0.05)",5.663459,1.0,4
439,IVFFLAT_HYBRID,"[0.00,0.05)",5.216834,1.0,4
441,SQL_FIRST,"[0.00,0.05)",11.991917,1.0,0
441,VECTOR_FIRST_HNSW,"[0.00,0.05)",25.376125,0.2,0
441,HNSW_HYBRID,"[0.00,0.05)",9.415083,1.0,0
441,IVFFLAT_HYBRID,"[0.00,0.05)",8.734666,1.0,0
441,SQL_FIRST,"[0.00,0.05)",9.477458,1.0,1
441,VECTOR_FIRST_HNSW,"[0.00,0.05)",23.294042,0.2,1
441,HNSW_HYBRID,"[0.00,0.05)",9.849166,1.0,1
441,IVFFLAT_HYBRID,"[0.00,0.05)",9.036417,1.0,1
441,SQL_FIRST,"[0.00,0.05)",8.898292,1.0,2
441,VECTOR_FIRST_HNSW,"[0.00,0.05)",23.16775,0.2,2
441,HNSW_HYBRID,"[0.00,0.05)",9.7675,1.0,2
441,IVFFLAT_HYBRID,"[0.00,0.05)",9.4185,1.0,2
441,SQL_FIRST,"[0.00,0.05)",9.012333,1.0,3
441,VECTOR_FIRST_HNSW,"[0.00,0.05)",22.882792,0.2,3
441,HNSW_HYBRID,"[0.00,0.05)",9.54025,1.0,3
441,IVFFLAT_HYBRID,"[0.00,0.05)",9.193792,1.0,3
441,SQL_FIRST,"[0.00,0.05)",8.993,1.0,4
441,VECTOR_FIRST_HNSW,"[0.00,0.05)",22.939167,0.2,4
441,HNSW_HYBRID,"[0.00,0.05)",9.434708,1.0,4
441,IVFFLAT_HYBRID,"[0.00,0.05)",9.466625,1.0,4
443,SQL_FIRST,"[0.00,0.05)",10.726542,1.0,0
443,VECTOR_FIRST_HNSW,"[0.00,0.05)",23.629875,0.3,0
443,HNSW_HYBRID,"[0.00,0.05)",11.067833,1.0,0
443,IVFFLAT_HYBRID,"[0.00,0.05)",10.519167,1.0,0
443,SQL_FIRST,"[0.00,0.05)",10.600875,1.0,1
443,VECTOR_FIRST_HNSW,"[0.00,0.05)",22.997084,0.3,1
443,HNSW_HYBRID,"[0.00,0.05)",11.277958,1.0,1
443,IVFFLAT_HYBRID,"[0.00,0.05)",10.504208,1.0,1
443,SQL_FIRST,"[0.00,0.05)",10.414,1.0,2
443,VECTOR_FIRST_HNSW,"[0.00,0.05)",23.0965,0.3,2
443,HNSW_HYBRID,"[0.00,0.05)",11.027333,1.0,2
443,IVFFLAT_HYBRID,"[0.00,0.05)",11.003084,1.0,2
443,SQL_FIRST,"[0.00,0.05)",10.442541,1.0,3
443,VECTOR_FIRST_HNSW,"[0.00,0.05)",23.120292,0.3,3
443,HNSW_HYBRID,"[0.00,0.05)",11.192125,1.0,3
443,IVFFLAT_HYBRID,"[0.00,0.05)",10.543625,1.0,3
443,SQL_FIRST,"[0.00,0.05)",11.085584,1.0,4
443,VECTOR_FIRST_HNSW,"[0.00,0.05)",22.741208,0.3,4
443,HNSW_HYBRID,"[0.00,0.05)",11.055958,1.0,4
443,IVFFLAT_HYBRID,"[0.00,0.05)",10.707917,1.0,4
448,SQL_FIRST,"[0.00,0.05)",4.634458,1.0,0
448,VECTOR_FIRST_HNSW,"[0.00,0.05)",22.89375,0.0,0
448,HNSW_HYBRID,"[0.00,0.05)",5.152959,1.0,0
448,IVFFLAT_HYBRID,"[0.00,0.05)",4.669458,1.0,0
448,SQL_FIRST,"[0.00,0.05)",4.723375,1.0,1
448,VECTOR_FIRST_HNSW,"[0.00,0.05)",22.738834,0.0,1
448,HNSW_HYBRID,"[0.00,0.05)",5.113917,1.0,1
448,IVFFLAT_HYBRID,"[0.00,0.05)",4.843792,1.0,1
448,SQL_FIRST,"[0.00,0.05)",4.63375,1.0,2
448,VECTOR_FIRST_HNSW,"[0.00,0.05)",22.826417,0.0,2
448,HNSW_HYBRID,"[0.00,0.05)",5.273,1.0,2
448,IVFFLAT_HYBRID,"[0.00,0.05)",4.707833,1.0,2
448,SQL_FIRST,"[0.00,0.05)",4.656458,1.0,3
448,VECTOR_FIRST_HNSW,"[0.00,0.05)",22.811333,0.0,3
448,HNSW_HYBRID,"[0.00,0.05)",5.150792,1.0,3
448,IVFFLAT_HYBRID,"[0.00,0.05)",4.657042,1.0,3
448,SQL_FIRST,"[0.00,0.05)",4.65625,1.0,4
448,VECTOR_FIRST_HNSW,"[0.00,0.05)",22.971791,0.0,4
448,HNSW_HYBRID,"[0.00,0.05)",5.172125,1.0,4
448,IVFFLAT_HYBRID,"[0.00,0.05)",4.627959,1.0,4
449,SQL_FIRST,"[0.00,0.05)",7.789625,1.0,0
449,VECTOR_FIRST_HNSW,"[0.00,0.05)",23.01425,0.2,0
449,HNSW_HYBRID,"[0.00,0.05)",8.638792,1.0,0
449,IVFFLAT_HYBRID,"[0.00,0.05)",8.0175,1.0,0
449,SQL_FIRST,"[0.00,0.05)",7.782083,1.0,1
449,VECTOR_FIRST_HNSW,"[0.00,0.05)",22.953375,0.2,1
449,HNSW_HYBRID,"[0.00,0.05)",8.412084,1.0,1
449,IVFFLAT_HYBRID,"[0.00,0.05)",8.236,1.0,1
449,SQL_FIRST,"[0.00,0.05)",7.9335,1.0,2
449,VECTOR_FIRST_HNSW,"[0.00,0.05)",22.983958,0.2,2
449,HNSW_HYBRID,"[0.00,0.05)",8.670167,1.0,2
449,IVFFLAT_HYBRID,"[0.00,0.05)",15.63675,1.0,2
449,SQL_FIRST,"[0.00,0.05)",9.834166,1.0,3
449,VECTOR_FIRST_HNSW,"[0.00,0.05)",26.767833,0.2,3
449,HNSW_HYBRID,"[0.00,0.05)",9.227875,1.0,3
449,IVFFLAT_HYBRID,"[0.00,0.05)",8.663,1.0,3
449,SQL_FIRST,"[0.00,0.05)",8.868583,1.0,4
449,VECTOR_FIRST_HNSW,"[0.00,0.05)",24.078333,0.2,4
449,HNSW_HYBRID,"[0.00,0.05)",9.295375,1.0,4
449,IVFFLAT_HYBRID,"[0.00,0.05)",8.595667,1.0,4
451,SQL_FIRST,"[0.00,0.05)",10.528083,1.0,0
451,VECTOR_FIRST_HNSW,"[0.00,0.05)",23.180625,0.2,0
451,HNSW_HYBRID,"[0.00,0.05)",10.605666,1.0,0
451,IVFFLAT_HYBRID,"[0.00,0.05)",10.420375,1.0,0
451,SQL_FIRST,"[0.00,0.05)",10.094417,1.0,1
451,VECTOR_FIRST_HNSW,"[0.00,0.05)",23.363542,0.2,1
451,HNSW_HYBRID,"[0.00,0.05)",10.700333,1.0,1
451,IVFFLAT_HYBRID,"[0.00,0.05)",11.1095,1.0,1
451,SQL_FIRST,"[0.00,0.05)",11.422042,1.0,2
451,VECTOR_FIRST_HNSW,"[0.00,0.05)",29.335583,0.2,2
451,HNSW_HYBRID,"[0.00,0.05)",11.10575,1.0,2
451,IVFFLAT_HYBRID,"[0.00,0.05)",10.610875,1.0,2
451,SQL_FIRST,"[0.00,0.05)",10.577708,1.0,3
451,VECTOR_FIRST_HNSW,"[0.00,0.05)",24.845375,0.2,3
451,HNSW_HYBRID,"[0.00,0.05)",11.043542,1.0,3
451,IVFFLAT_HYBRID,"[0.00,0.05)",10.521125,1.0,3
451,SQL_FIRST,"[0.00,0.05)",10.212334,1.0,4
451,VECTOR_FIRST_HNSW,"[0.00,0.05)",22.991542,0.2,4
451,HNSW_HYBRID,"[0.00,0.05)",10.418917,1.0,4
451,IVFFLAT_HYBRID,"[0.00,0.05)",9.949167,1.0,4
453,SQL_FIRST,"[0.00,0.05)",6.23075,1.0,0
453,VECTOR_FIRST_HNSW,"[0.00,0.05)",23.102333,0.3,0
453,HNSW_HYBRID,"[0.00,0.05)",6.909666,1.0,0
453,IVFFLAT_HYBRID,"[0.00,0.05)",6.531333,1.0,0
453,SQL_FIRST,"[0.00,0.05)",6.132125,1.0,1
453,VECTOR_FIRST_HNSW,"[0.00,0.05)",23.492666,0.3,1
453,HNSW_HYBRID,"[0.00,0.05)",6.771708,1.0,1
453,IVFFLAT_HYBRID,"[0.00,0.05)",6.019875,1.0,1
453,SQL_FIRST,"[0.00,0.05)",6.070333,1.0,2
453,VECTOR_FIRST_HNSW,"[0.00,0.05)",23.311167,0.3,2
453,HNSW_HYBRID,"[0.00,0.05)",6.90975,1.0,2
453,IVFFLAT_HYBRID,"[0.00,0.05)",6.484667,1.0,2
453,SQL_FIRST,"[0.00,0.05)",6.313084,1.0,3
453,VECTOR_FIRST_HNSW,"[0.00,0.05)",22.828875,0.3,3
453,HNSW_HYBRID,"[0.00,0.05)",7.096375,1.0,3
453,IVFFLAT_HYBRID,"[0.00,0.05)",6.284833,1.0,3
453,SQL_FIRST,"[0.00,0.05)",6.6255,1.0,4
453,VECTOR_FIRST_HNSW,"[0.00,0.05)",23.091375,0.3,4
453,HNSW_HYBRID,"[0.00,0.05)",6.773833,1.0,4
453,IVFFLAT_HYBRID,"[0.00,0.05)",6.079667,1.0,4
454,SQL_FIRST,"[0.00,0.05)",7.633292,1.0,0
454,VECTOR_FIRST_HNSW,"[0.00,0.05)",22.82875,0.1,0
454,HNSW_HYBRID,"[0.00,0.05)",8.528417,1.0,0
454,IVFFLAT_HYBRID,"[0.00,0.05)",7.818167,1.0,0
454,SQL_FIRST,"[0.00,0.05)",7.823041,1.0,1
454,VECTOR_FIRST_HNSW,"[0.00,0.05)",22.86325,0.1,1
454,HNSW_HYBRID,"[0.00,0.05)",8.302875,1.0,1
454,IVFFLAT_HYBRID,"[0.00,0.05)",7.919125,1.0,1
454,SQL_FIRST,"[0.00,0.05)",8.787833,1.0,2
454,VECTOR_FIRST_HNSW,"[0.00,0.05)",23.530959,0.1,2
454,HNSW_HYBRID,"[0.00,0.05)",8.382791,1.0,2
454,IVFFLAT_HYBRID,"[0.00,0.05)",7.706375,1.0,2
454,SQL_FIRST,"[0.00,0.05)",7.529416,1.0,3
454,VECTOR_FIRST_HNSW,"[0.00,0.05)",23.052208,0.1,3
454,HNSW_HYBRID,"[0.00,0.05)",8.471,1.0,3
454,IVFFLAT_HYBRID,"[0.00,0.05)",7.870083,1.0,3
454,SQL_FIRST,"[0.00,0.05)",7.808667,1.0,4
454,VECTOR_FIRST_HNSW,"[0.00,0.05)",22.751458,0.1,4
454,HNSW_HYBRID,"[0.00,0.05)",8.49775,1.0,4
454,IVFFLAT_HYBRID,"[0.00,0.05)",7.857791,1.0,4
457,SQL_FIRST,"[0.00,0.05)",10.004916,1.0,0
457,VECTOR_FIRST_HNSW,"[0.00,0.05)",24.06875,0.7,0
457,HNSW_HYBRID,"[0.00,0.05)",9.247791,1.0,0
457,IVFFLAT_HYBRID,"[0.00,0.05)",8.913833,1.0,0
457,SQL_FIRST,"[0.00,0.05)",9.115833,1.0,1
457,VECTOR_FIRST_HNSW,"[0.00,0.05)",22.991,0.7,1
457,HNSW_HYBRID,"[0.00,0.05)",10.046959,1.0,1
457,IVFFLAT_HYBRID,"[0.00,0.05)",9.475667,1.0,1
457,SQL_FIRST,"[0.00,0.05)",9.420667,1.0,2
457,VECTOR_FIRST_HNSW,"[0.00,0.05)",23.120333,0.7,2
457,HNSW_HYBRID,"[0.00,0.05)",9.603667,1.0,2
457,IVFFLAT_HYBRID,"[0.00,0.05)",9.413,1.0,2
457,SQL_FIRST,"[0.00,0.05)",9.820042,1.0,3
457,VECTOR_FIRST_HNSW,"[0.00,0.05)",23.026875,0.7,3
457,HNSW_HYBRID,"[0.00,0.05)",9.744459,1.0,3
457,IVFFLAT_HYBRID,"[0.00,0.05)",9.610375,1.0,3
457,SQL_FIRST,"[0.00,0.05)",9.449833,1.0,4
457,VECTOR_FIRST_HNSW,"[0.00,0.05)",23.1445,0.7,4
457,HNSW_HYBRID,"[0.00,0.05)",9.508167,1.0,4
457,IVFFLAT_HYBRID,"[0.00,0.05)",9.799041,1.0,4
461,SQL_FIRST,"[0.00,0.05)",10.299458,1.0,0
461,VECTOR_FIRST_HNSW,"[0.00,0.05)",24.283958,0.1,0
461,HNSW_HYBRID,"[0.00,0.05)",10.348792,1.0,0
461,IVFFLAT_HYBRID,"[0.00,0.05)",10.03925,1.0,0
461,SQL_FIRST,"[0.00,0.05)",9.797167,1.0,1
461,VECTOR_FIRST_HNSW,"[0.00,0.05)",23.148167,0.1,1
461,HNSW_HYBRID,"[0.00,0.05)",10.112625,1.0,1
461,IVFFLAT_HYBRID,"[0.00,0.05)",10.241083,1.0,1
461,SQL_FIRST,"[0.00,0.05)",10.09925,1.0,2
461,VECTOR_FIRST_HNSW,"[0.00,0.05)",23.027209,0.1,2
461,HNSW_HYBRID,"[0.00,0.05)",10.420209,1.0,2
461,IVFFLAT_HYBRID,"[0.00,0.05)",10.267791,1.0,2
461,SQL_FIRST,"[0.00,0.05)",9.885042,1.0,3
461,VECTOR_FIRST_HNSW,"[0.00,0.05)",22.73525,0.1,3
461,HNSW_HYBRID,"[0.00,0.05)",10.338292,1.0,3
461,IVFFLAT_HYBRID,"[0.00,0.05)",9.741375,1.0,3
461,SQL_FIRST,"[0.00,0.05)",9.451417,1.0,4
461,VECTOR_FIRST_HNSW,"[0.00,0.05)",23.578667,0.1,4
461,HNSW_HYBRID,"[0.00,0.05)",10.023083,1.0,4
461,IVFFLAT_HYBRID,"[0.00,0.05)",9.930584,1.0,4
463,SQL_FIRST,"[0.00,0.05)",9.062333,1.0,0
463,VECTOR_FIRST_HNSW,"[0.00,0.05)",23.010167,0.1,0
463,HNSW_HYBRID,"[0.00,0.05)",9.22025,1.0,0
463,IVFFLAT_HYBRID,"[0.00,0.05)",8.704042,1.0,0
463,SQL_FIRST,"[0.00,0.05)",8.449292,1.0,1
463,VECTOR_FIRST_HNSW,"[0.00,0.05)",22.912459,0.1,1
463,HNSW_HYBRID,"[0.00,0.05)",9.19125,1.0,1
463,IVFFLAT_HYBRID,"[0.00,0.05)",8.731042,1.0,1
463,SQL_FIRST,"[0.00,0.05)",8.997333,1.0,2
463,VECTOR_FIRST_HNSW,"[0.00,0.05)",22.807417,0.1,2
463,HNSW_HYBRID,"[0.00,0.05)",9.416,1.0,2
463,IVFFLAT_HYBRID,"[0.00,0.05)",8.856125,1.0,2
463,SQL_FIRST,"[0.00,0.05)",8.865,1.0,3
463,VECTOR_FIRST_HNSW,"[0.00,0.05)",22.910084,0.1,3
463,HNSW_HYBRID,"[0.00,0.05)",9.002416,1.0,3
463,IVFFLAT_HYBRID,"[0.00,0.05)",8.471292,1.0,3
463,SQL_FIRST,"[0.00,0.05)",9.013041,1.0,4
463,VECTOR_FIRST_HNSW,"[0.00,0.05)",23.448875,0.1,4
463,HNSW_HYBRID,"[0.00,0.05)",9.295375,1.0,4
463,IVFFLAT_HYBRID,"[0.00,0.05)",8.681333,1.0,4
465,SQL_FIRST,"[0.00,0.05)",8.582125,1.0,0
465,VECTOR_FIRST_HNSW,"[0.00,0.05)",22.794208,0.5,0
465,HNSW_HYBRID,"[0.00,0.05)",9.159209,1.0,0
465,IVFFLAT_HYBRID,"[0.00,0.05)",8.696542,1.0,0
465,SQL_FIRST,"[0.00,0.05)",9.203416,1.0,1
465,VECTOR_FIRST_HNSW,"[0.00,0.05)",22.853833,0.5,1
465,HNSW_HYBRID,"[0.00,0.05)",8.910041,1.0,1
465,IVFFLAT_HYBRID,"[0.00,0.05)",9.411042,1.0,1
465,SQL_FIRST,"[0.00,0.05)",8.607,1.0,2
465,VECTOR_FIRST_HNSW,"[0.00,0.05)",23.336292,0.5,2
465,HNSW_HYBRID,"[0.00,0.05)",8.827,1.0,2
465,IVFFLAT_HYBRID,"[0.00,0.05)",8.287542,1.0,2
465,SQL_FIRST,"[0.00,0.05)",8.155208,1.0,3
465,VECTOR_FIRST_HNSW,"[0.00,0.05)",23.054,0.5,3
465,HNSW_HYBRID,"[0.00,0.05)",9.217542,1.0,3
465,IVFFLAT_HYBRID,"[0.00,0.05)",9.160916,1.0,3
465,SQL_FIRST,"[0.00,0.05)",8.493709,1.0,4
465,VECTOR_FIRST_HNSW,"[0.00,0.05)",22.903,0.5,4
465,HNSW_HYBRID,"[0.00,0.05)",9.152833,1.0,4
465,IVFFLAT_HYBRID,"[0.00,0.05)",8.706,1.0,4
466,SQL_FIRST,"[0.00,0.05)",8.451458,1.0,0
466,VECTOR_FIRST_HNSW,"[0.00,0.05)",23.069542,0.3,0
466,HNSW_HYBRID,"[0.00,0.05)",8.915625,1.0,0
466,IVFFLAT_HYBRID,"[0.00,0.05)",8.261875,1.0,0
466,SQL_FIRST,"[0.00,0.05)",8.307708,1.0,1
466,VECTOR_FIRST_HNSW,"[0.00,0.05)",23.037125,0.3,1
466,HNSW_HYBRID,"[0.00,0.05)",9.030959,1.0,1
466,IVFFLAT_HYBRID,"[0.00,0.05)",8.318,1.0,1
466,SQL_FIRST,"[0.00,0.05)",8.063292,1.0,2
466,VECTOR_FIRST_HNSW,"[0.00,0.05)",22.876,0.3,2
466,HNSW_HYBRID,"[0.00,0.05)",8.906542,1.0,2
466,IVFFLAT_HYBRID,"[0.00,0.05)",9.147084,1.0,2
466,SQL_FIRST,"[0.00,0.05)",8.928583,1.0,3
466,VECTOR_FIRST_HNSW,"[0.00,0.05)",22.882833,0.3,3
466,HNSW_HYBRID,"[0.00,0.05)",9.181542,1.0,3
466,IVFFLAT_HYBRID,"[0.00,0.05)",8.401958,1.0,3
466,SQL_FIRST,"[0.00,0.05)",8.417125,1.0,4
466,VECTOR_FIRST_HNSW,"[0.00,0.05)",22.94525,0.3,4
466,HNSW_HYBRID,"[0.00,0.05)",8.870292,1.0,4
466,IVFFLAT_HYBRID,"[0.00,0.05)",9.008416,1.0,4
468,SQL_FIRST,"[0.00,0.05)",9.191667,1.0,0
468,VECTOR_FIRST_HNSW,"[0.00,0.05)",23.571,0.6,0
468,HNSW_HYBRID,"[0.00,0.05)",9.289541,1.0,0
468,IVFFLAT_HYBRID,"[0.00,0.05)",9.499375,1.0,0
468,SQL_FIRST,"[0.00,0.05)",8.583083,1.0,1
468,VECTOR_FIRST_HNSW,"[0.00,0.05)",22.918209,0.6,1
468,HNSW_HYBRID,"[0.00,0.05)",9.032417,1.0,1
468,IVFFLAT_HYBRID,"[0.00,0.05)",9.119208,1.0,1
468,SQL_FIRST,"[0.00,0.05)",9.217417,1.0,2
468,VECTOR_FIRST_HNSW,"[0.00,0.05)",23.002375,0.6,2
468,HNSW_HYBRID,"[0.00,0.05)",8.933208,1.0,2
468,IVFFLAT_HYBRID,"[0.00,0.05)",8.870125,1.0,2
468,SQL_FIRST,"[0.00,0.05)",8.879375,1.0,3
468,VECTOR_FIRST_HNSW,"[0.00,0.05)",23.042458,0.6,3
468,HNSW_HYBRID,"[0.00,0.05)",9.05475,1.0,3
468,IVFFLAT_HYBRID,"[0.00,0.05)",8.389583,1.0,3
468,SQL_FIRST,"[0.00,0.05)",8.711708,1.0,4
468,VECTOR_FIRST_HNSW,"[0.00,0.05)",23.026625,0.6,4
468,HNSW_HYBRID,"[0.00,0.05)",9.343291,1.0,4
468,IVFFLAT_HYBRID,"[0.00,0.05)",8.703917,1.0,4
469,SQL_FIRST,"[0.00,0.05)",9.175334,1.0,0
469,VECTOR_FIRST_HNSW,"[0.00,0.05)",22.833041,0.2,0
469,HNSW_HYBRID,"[0.00,0.05)",9.532084,1.0,0
469,IVFFLAT_HYBRID,"[0.00,0.05)",9.098333,1.0,0
469,SQL_FIRST,"[0.00,0.05)",9.489958,1.0,1
469,VECTOR_FIRST_HNSW,"[0.00,0.05)",23.067,0.2,1
469,HNSW_HYBRID,"[0.00,0.05)",9.09775,1.0,1
469,IVFFLAT_HYBRID,"[0.00,0.05)",9.221834,1.0,1
469,SQL_FIRST,"[0.00,0.05)",9.082292,1.0,2
469,VECTOR_FIRST_HNSW,"[0.00,0.05)",23.053167,0.2,2
469,HNSW_HYBRID,"[0.00,0.05)",9.282167,1.0,2
469,IVFFLAT_HYBRID,"[0.00,0.05)",8.644084,1.0,2
469,SQL_FIRST,"[0.00,0.05)",8.492917,1.0,3
469,VECTOR_FIRST_HNSW,"[0.00,0.05)",22.921875,0.2,3
469,HNSW_HYBRID,"[0.00,0.05)",9.405667,1.0,3
469,IVFFLAT_HYBRID,"[0.00,0.05)",9.352625,1.0,3
469,SQL_FIRST,"[0.00,0.05)",8.876416,1.0,4
469,VECTOR_FIRST_HNSW,"[0.00,0.05)",24.523209,0.2,4
469,HNSW_HYBRID,"[0.00,0.05)",9.369917,1.0,4
469,IVFFLAT_HYBRID,"[0.00,0.05)",8.944333,1.0,4
470,SQL_FIRST,"[0.00,0.05)",1.531584,1.0,0
470,VECTOR_FIRST_HNSW,"[0.00,0.05)",22.791208,0.0,0
470,HNSW_HYBRID,"[0.00,0.05)",1.951333,1.0,0
470,IVFFLAT_HYBRID,"[0.00,0.05)",1.569625,1.0,0
470,SQL_FIRST,"[0.00,0.05)",1.637458,1.0,1
470,VECTOR_FIRST_HNSW,"[0.00,0.05)",23.420375,0.0,1
470,HNSW_HYBRID,"[0.00,0.05)",1.928125,1.0,1
470,IVFFLAT_HYBRID,"[0.00,0.05)",1.609958,1.0,1
470,SQL_FIRST,"[0.00,0.05)",1.540291,1.0,2
470,VECTOR_FIRST_HNSW,"[0.00,0.05)",22.759584,0.0,2
470,HNSW_HYBRID,"[0.00,0.05)",1.96625,1.0,2
470,IVFFLAT_HYBRID,"[0.00,0.05)",1.571958,1.0,2
470,SQL_FIRST,"[0.00,0.05)",1.571125,1.0,3
470,VECTOR_FIRST_HNSW,"[0.00,0.05)",22.90425,0.0,3
470,HNSW_HYBRID,"[0.00,0.05)",2.02675,1.0,3
470,IVFFLAT_HYBRID,"[0.00,0.05)",1.601291,1.0,3
470,SQL_FIRST,"[0.00,0.05)",1.558917,1.0,4
470,VECTOR_FIRST_HNSW,"[0.00,0.05)",22.68,0.0,4
470,HNSW_HYBRID,"[0.00,0.05)",2.073875,1.0,4
470,IVFFLAT_HYBRID,"[0.00,0.05)",1.596125,1.0,4
471,SQL_FIRST,"[0.00,0.05)",7.498542,1.0,0
471,VECTOR_FIRST_HNSW,"[0.00,0.05)",22.847875,0.4,0
471,HNSW_HYBRID,"[0.00,0.05)",8.411709,1.0,0
471,IVFFLAT_HYBRID,"[0.00,0.05)",7.733125,1.0,0
471,SQL_FIRST,"[0.00,0.05)",7.662625,1.0,1
471,VECTOR_FIRST_HNSW,"[0.00,0.05)",22.751042,0.4,1
471,HNSW_HYBRID,"[0.00,0.05)",8.4245,1.0,1
471,IVFFLAT_HYBRID,"[0.00,0.05)",7.676958,1.0,1
471,SQL_FIRST,"[0.00,0.05)",8.207458,1.0,2
471,VECTOR_FIRST_HNSW,"[0.00,0.05)",22.961708,0.4,2
471,HNSW_HYBRID,"[0.00,0.05)",8.189667,1.0,2
471,IVFFLAT_HYBRID,"[0.00,0.05)",7.499167,1.0,2
471,SQL_FIRST,"[0.00,0.05)",7.832875,1.0,3
471,VECTOR_FIRST_HNSW,"[0.00,0.05)",22.869125,0.4,3
471,HNSW_HYBRID,"[0.00,0.05)",8.328042,1.0,3
471,IVFFLAT_HYBRID,"[0.00,0.05)",7.520083,1.0,3
471,SQL_FIRST,"[0.00,0.05)",7.47425,1.0,4
471,VECTOR_FIRST_HNSW,"[0.00,0.05)",22.868416,0.4,4
471,HNSW_HYBRID,"[0.00,0.05)",8.357083,1.0,4
471,IVFFLAT_HYBRID,"[0.00,0.05)",8.01275,1.0,4
476,SQL_FIRST,"[0.00,0.05)",9.492042,1.0,0
476,VECTOR_FIRST_HNSW,"[0.00,0.05)",23.47375,0.2,0
476,HNSW_HYBRID,"[0.00,0.05)",10.095125,1.0,0
476,IVFFLAT_HYBRID,"[0.00,0.05)",10.032792,1.0,0
476,SQL_FIRST,"[0.00,0.05)",9.739792,1.0,1
476,VECTOR_FIRST_HNSW,"[0.00,0.05)",23.66975,0.2,1
476,HNSW_HYBRID,"[0.00,0.05)",10.114,1.0,1
476,IVFFLAT_HYBRID,"[0.00,0.05)",9.421292,1.0,1
476,SQL_FIRST,"[0.00,0.05)",9.872125,1.0,2
476,VECTOR_FIRST_HNSW,"[0.00,0.05)",23.110125,0.2,2
476,HNSW_HYBRID,"[0.00,0.05)",11.36225,1.0,2
476,IVFFLAT_HYBRID,"[0.00,0.05)",9.879792,1.0,2
476,SQL_FIRST,"[0.00,0.05)",9.770292,1.0,3
476,VECTOR_FIRST_HNSW,"[0.00,0.05)",24.593375,0.2,3
476,HNSW_HYBRID,"[0.00,0.05)",10.162166,1.0,3
476,IVFFLAT_HYBRID,"[0.00,0.05)",9.831833,1.0,3
476,SQL_FIRST,"[0.00,0.05)",9.68225,1.0,4
476,VECTOR_FIRST_HNSW,"[0.00,0.05)",22.836209,0.2,4
476,HNSW_HYBRID,"[0.00,0.05)",10.267625,1.0,4
476,IVFFLAT_HYBRID,"[0.00,0.05)",9.740959,1.0,4
477,SQL_FIRST,"[0.00,0.05)",7.850625,1.0,0
477,VECTOR_FIRST_HNSW,"[0.00,0.05)",23.489333,0.1,0
477,HNSW_HYBRID,"[0.00,0.05)",8.363959,1.0,0
477,IVFFLAT_HYBRID,"[0.00,0.05)",7.530667,1.0,0
477,SQL_FIRST,"[0.00,0.05)",7.832834,1.0,1
477,VECTOR_FIRST_HNSW,"[0.00,0.05)",22.941875,0.1,1
477,HNSW_HYBRID,"[0.00,0.05)",8.567375,1.0,1
477,IVFFLAT_HYBRID,"[0.00,0.05)",8.047834,1.0,1
477,SQL_FIRST,"[0.00,0.05)",7.814375,1.0,2
477,VECTOR_FIRST_HNSW,"[0.00,0.05)",22.807333,0.1,2
477,HNSW_HYBRID,"[0.00,0.05)",8.51775,1.0,2
477,IVFFLAT_HYBRID,"[0.00,0.05)",7.866917,1.0,2
477,SQL_FIRST,"[0.00,0.05)",7.677042,1.0,3
477,VECTOR_FIRST_HNSW,"[0.00,0.05)",23.051375,0.1,3
477,HNSW_HYBRID,"[0.00,0.05)",8.585042,1.0,3
477,IVFFLAT_HYBRID,"[0.00,0.05)",8.252458,1.0,3
477,SQL_FIRST,"[0.00,0.05)",7.799792,1.0,4
477,VECTOR_FIRST_HNSW,"[0.00,0.05)",23.460916,0.1,4
477,HNSW_HYBRID,"[0.00,0.05)",8.443375,1.0,4
477,IVFFLAT_HYBRID,"[0.00,0.05)",7.662042,1.0,4
480,SQL_FIRST,"[0.00,0.05)",6.649916,1.0,0
480,VECTOR_FIRST_HNSW,"[0.00,0.05)",22.848083,0.2,0
480,HNSW_HYBRID,"[0.00,0.05)",7.350208,1.0,0
480,IVFFLAT_HYBRID,"[0.00,0.05)",7.348542,1.0,0
480,SQL_FIRST,"[0.00,0.05)",6.764083,1.0,1
480,VECTOR_FIRST_HNSW,"[0.00,0.05)",23.208375,0.2,1
480,HNSW_HYBRID,"[0.00,0.05)",7.303709,1.0,1
480,IVFFLAT_HYBRID,"[0.00,0.05)",6.56825,1.0,1
480,SQL_FIRST,"[0.00,0.05)",6.84975,1.0,2
480,VECTOR_FIRST_HNSW,"[0.00,0.05)",22.858834,0.2,2
480,HNSW_HYBRID,"[0.00,0.05)",7.421417,1.0,2
480,IVFFLAT_HYBRID,"[0.00,0.05)",6.718375,1.0,2
480,SQL_FIRST,"[0.00,0.05)",6.473,1.0,3
480,VECTOR_FIRST_HNSW,"[0.00,0.05)",22.855167,0.2,3
480,HNSW_HYBRID,"[0.00,0.05)",7.337417,1.0,3
480,IVFFLAT_HYBRID,"[0.00,0.05)",6.675375,1.0,3
480,SQL_FIRST,"[0.00,0.05)",6.568334,1.0,4
480,VECTOR_FIRST_HNSW,"[0.00,0.05)",22.827958,0.2,4
480,HNSW_HYBRID,"[0.00,0.05)",7.2055,1.0,4
480,IVFFLAT_HYBRID,"[0.00,0.05)",6.638,1.0,4
482,SQL_FIRST,"[0.00,0.05)",8.530292,1.0,0
482,VECTOR_FIRST_HNSW,"[0.00,0.05)",23.015667,0.4,0
482,HNSW_HYBRID,"[0.00,0.05)",9.372167,1.0,0
482,IVFFLAT_HYBRID,"[0.00,0.05)",9.4065,1.0,0
482,SQL_FIRST,"[0.00,0.05)",8.799541,1.0,1
482,VECTOR_FIRST_HNSW,"[0.00,0.05)",22.913459,0.4,1
482,HNSW_HYBRID,"[0.00,0.05)",9.331958,1.0,1
482,IVFFLAT_HYBRID,"[0.00,0.05)",8.997,1.0,1
482,SQL_FIRST,"[0.00,0.05)",8.860959,1.0,2
482,VECTOR_FIRST_HNSW,"[0.00,0.05)",22.89275,0.4,2
482,HNSW_HYBRID,"[0.00,0.05)",9.35275,1.0,2
482,IVFFLAT_HYBRID,"[0.00,0.05)",9.599209,1.0,2
482,SQL_FIRST,"[0.00,0.05)",9.1655,1.0,3
482,VECTOR_FIRST_HNSW,"[0.00,0.05)",23.586125,0.4,3
482,HNSW_HYBRID,"[0.00,0.05)",9.295708,1.0,3
482,IVFFLAT_HYBRID,"[0.00,0.05)",8.600125,1.0,3
482,SQL_FIRST,"[0.00,0.05)",9.179542,1.0,4
482,VECTOR_FIRST_HNSW,"[0.00,0.05)",23.474667,0.4,4
482,HNSW_HYBRID,"[0.00,0.05)",9.978541,1.0,4
482,IVFFLAT_HYBRID,"[0.00,0.05)",8.961125,1.0,4
484,SQL_FIRST,"[0.00,0.05)",9.290791,1.0,0
484,VECTOR_FIRST_HNSW,"[0.00,0.05)",23.044166,0.6,0
484,HNSW_HYBRID,"[0.00,0.05)",9.7315,1.0,0
484,IVFFLAT_HYBRID,"[0.00,0.05)",9.664167,1.0,0
484,SQL_FIRST,"[0.00,0.05)",9.490125,1.0,1
484,VECTOR_FIRST_HNSW,"[0.00,0.05)",22.960667,0.6,1
484,HNSW_HYBRID,"[0.00,0.05)",9.6775,1.0,1
484,IVFFLAT_HYBRID,"[0.00,0.05)",9.311958,1.0,1
484,SQL_FIRST,"[0.00,0.05)",9.752083,1.0,2
484,VECTOR_FIRST_HNSW,"[0.00,0.05)",22.993625,0.6,2
484,HNSW_HYBRID,"[0.00,0.05)",9.500709,1.0,2
484,IVFFLAT_HYBRID,"[0.00,0.05)",9.061917,1.0,2
484,SQL_FIRST,"[0.00,0.05)",9.653041,1.0,3
484,VECTOR_FIRST_HNSW,"[0.00,0.05)",23.239792,0.6,3
484,HNSW_HYBRID,"[0.00,0.05)",9.835375,1.0,3
484,IVFFLAT_HYBRID,"[0.00,0.05)",9.178709,1.0,3
484,SQL_FIRST,"[0.00,0.05)",8.915792,1.0,4
484,VECTOR_FIRST_HNSW,"[0.00,0.05)",22.922417,0.6,4
484,HNSW_HYBRID,"[0.00,0.05)",9.747667,1.0,4
484,IVFFLAT_HYBRID,"[0.00,0.05)",9.762208,1.0,4
485,SQL_FIRST,"[0.00,0.05)",7.614917,1.0,0
485,VECTOR_FIRST_HNSW,"[0.00,0.05)",22.887209,0.4,0
485,HNSW_HYBRID,"[0.00,0.05)",8.683417,1.0,0
485,IVFFLAT_HYBRID,"[0.00,0.05)",9.004042,1.0,0
485,SQL_FIRST,"[0.00,0.05)",7.883084,1.0,1
485,VECTOR_FIRST_HNSW,"[0.00,0.05)",23.8995,0.4,1
485,HNSW_HYBRID,"[0.00,0.05)",8.554708,1.0,1
485,IVFFLAT_HYBRID,"[0.00,0.05)",7.879083,1.0,1
485,SQL_FIRST,"[0.00,0.05)",7.584541,1.0,2
485,VECTOR_FIRST_HNSW,"[0.00,0.05)",23.23825,0.4,2
485,HNSW_HYBRID,"[0.00,0.05)",8.70225,1.0,2
485,IVFFLAT_HYBRID,"[0.00,0.05)",8.320625,1.0,2
485,SQL_FIRST,"[0.00,0.05)",7.841833,1.0,3
485,VECTOR_FIRST_HNSW,"[0.00,0.05)",22.846042,0.4,3
485,HNSW_HYBRID,"[0.00,0.05)",8.415875,1.0,3
485,IVFFLAT_HYBRID,"[0.00,0.05)",7.809875,1.0,3
485,SQL_FIRST,"[0.00,0.05)",7.687417,1.0,4
485,VECTOR_FIRST_HNSW,"[0.00,0.05)",22.869792,0.4,4
485,HNSW_HYBRID,"[0.00,0.05)",8.302,1.0,4
485,IVFFLAT_HYBRID,"[0.00,0.05)",7.512167,1.0,4
489,SQL_FIRST,"[0.00,0.05)",10.809209,1.0,0
489,VECTOR_FIRST_HNSW,"[0.00,0.05)",22.9525,0.4,0
489,HNSW_HYBRID,"[0.00,0.05)",11.477291,1.0,0
489,IVFFLAT_HYBRID,"[0.00,0.05)",10.7695,1.0,0
489,SQL_FIRST,"[0.00,0.05)",10.658041,1.0,1
489,VECTOR_FIRST_HNSW,"[0.00,0.05)",22.891375,0.4,1
489,HNSW_HYBRID,"[0.00,0.05)",11.462916,1.0,1
489,IVFFLAT_HYBRID,"[0.00,0.05)",10.998333,1.0,1
489,SQL_FIRST,"[0.00,0.05)",10.672333,1.0,2
489,VECTOR_FIRST_HNSW,"[0.00,0.05)",22.936167,0.4,2
489,HNSW_HYBRID,"[0.00,0.05)",11.234208,1.0,2
489,IVFFLAT_HYBRID,"[0.00,0.05)",10.782417,1.0,2
489,SQL_FIRST,"[0.00,0.05)",10.905542,1.0,3
489,VECTOR_FIRST_HNSW,"[0.00,0.05)",22.781875,0.4,3
489,HNSW_HYBRID,"[0.00,0.05)",11.331167,1.0,3
489,IVFFLAT_HYBRID,"[0.00,0.05)",10.962459,1.0,3
489,SQL_FIRST,"[0.00,0.05)",10.917166,1.0,4
489,VECTOR_FIRST_HNSW,"[0.00,0.05)",22.848791,0.4,4
489,HNSW_HYBRID,"[0.00,0.05)",11.399375,1.0,4
489,IVFFLAT_HYBRID,"[0.00,0.05)",10.925125,1.0,4
490,SQL_FIRST,"[0.00,0.05)",4.057875,1.0,0
490,VECTOR_FIRST_HNSW,"[0.00,0.05)",22.779291,0.0,0
490,HNSW_HYBRID,"[0.00,0.05)",4.754208,1.0,0
490,IVFFLAT_HYBRID,"[0.00,0.05)",4.11925,1.0,0
490,SQL_FIRST,"[0.00,0.05)",4.057167,1.0,1
490,VECTOR_FIRST_HNSW,"[0.00,0.05)",22.864583,0.0,1
490,HNSW_HYBRID,"[0.00,0.05)",4.453209,1.0,1
490,IVFFLAT_HYBRID,"[0.00,0.05)",4.084792,1.0,1
490,SQL_FIRST,"[0.00,0.05)",4.117208,1.0,2
490,VECTOR_FIRST_HNSW,"[0.00,0.05)",22.782917,0.0,2
490,HNSW_HYBRID,"[0.00,0.05)",4.535708,1.0,2
490,IVFFLAT_HYBRID,"[0.00,0.05)",4.079125,1.0,2
490,SQL_FIRST,"[0.00,0.05)",4.19825,1.0,3
490,VECTOR_FIRST_HNSW,"[0.00,0.05)",22.782542,0.0,3
490,HNSW_HYBRID,"[0.00,0.05)",4.469958,1.0,3
490,IVFFLAT_HYBRID,"[0.00,0.05)",4.352334,1.0,3
490,SQL_FIRST,"[0.00,0.05)",4.10625,1.0,4
490,VECTOR_FIRST_HNSW,"[0.00,0.05)",22.783958,0.0,4
490,HNSW_HYBRID,"[0.00,0.05)",4.534625,1.0,4
490,IVFFLAT_HYBRID,"[0.00,0.05)",4.181333,1.0,4
491,SQL_FIRST,"[0.00,0.05)",9.148417,1.0,0
491,VECTOR_FIRST_HNSW,"[0.00,0.05)",22.844625,0.7,0
491,HNSW_HYBRID,"[0.00,0.05)",9.550584,1.0,0
491,IVFFLAT_HYBRID,"[0.00,0.05)",9.083875,1.0,0
491,SQL_FIRST,"[0.00,0.05)",9.65375,1.0,1
491,VECTOR_FIRST_HNSW,"[0.00,0.05)",22.835583,0.7,1
491,HNSW_HYBRID,"[0.00,0.05)",9.500917,1.0,1
491,IVFFLAT_HYBRID,"[0.00,0.05)",8.859208,1.0,1
491,SQL_FIRST,"[0.00,0.05)",9.445541,1.0,2
491,VECTOR_FIRST_HNSW,"[0.00,0.05)",22.879208,0.7,2
491,HNSW_HYBRID,"[0.00,0.05)",9.691958,1.0,2
491,IVFFLAT_HYBRID,"[0.00,0.05)",9.11175,1.0,2
491,SQL_FIRST,"[0.00,0.05)",9.07525,1.0,3
491,VECTOR_FIRST_HNSW,"[0.00,0.05)",22.860541,0.7,3
491,HNSW_HYBRID,"[0.00,0.05)",9.488959,1.0,3
491,IVFFLAT_HYBRID,"[0.00,0.05)",9.365875,1.0,3
491,SQL_FIRST,"[0.00,0.05)",9.007709,1.0,4
491,VECTOR_FIRST_HNSW,"[0.00,0.05)",22.874042,0.7,4
491,HNSW_HYBRID,"[0.00,0.05)",9.575584,1.0,4
491,IVFFLAT_HYBRID,"[0.00,0.05)",9.757458,1.0,4
492,SQL_FIRST,"[0.00,0.05)",8.798208,1.0,0
492,VECTOR_FIRST_HNSW,"[0.00,0.05)",23.193292,0.3,0
492,HNSW_HYBRID,"[0.00,0.05)",8.750167,1.0,0
492,IVFFLAT_HYBRID,"[0.00,0.05)",7.940209,1.0,0
492,SQL_FIRST,"[0.00,0.05)",8.101542,1.0,1
492,VECTOR_FIRST_HNSW,"[0.00,0.05)",22.914083,0.3,1
492,HNSW_HYBRID,"[0.00,0.05)",8.787,1.0,1
492,IVFFLAT_HYBRID,"[0.00,0.05)",8.316666,1.0,1
492,SQL_FIRST,"[0.00,0.05)",7.927125,1.0,2
492,VECTOR_FIRST_HNSW,"[0.00,0.05)",22.942167,0.3,2
492,HNSW_HYBRID,"[0.00,0.05)",8.741916,1.0,2
492,IVFFLAT_HYBRID,"[0.00,0.05)",8.115042,1.0,2
492,SQL_FIRST,"[0.00,0.05)",8.124708,1.0,3
492,VECTOR_FIRST_HNSW,"[0.00,0.05)",22.830958,0.3,3
492,HNSW_HYBRID,"[0.00,0.05)",8.683,1.0,3
492,IVFFLAT_HYBRID,"[0.00,0.05)",8.2715,1.0,3
492,SQL_FIRST,"[0.00,0.05)",8.100708,1.0,4
492,VECTOR_FIRST_HNSW,"[0.00,0.05)",22.973583,0.3,4
492,HNSW_HYBRID,"[0.00,0.05)",8.664375,1.0,4
492,IVFFLAT_HYBRID,"[0.00,0.05)",7.933166,1.0,4
493,SQL_FIRST,"[0.00,0.05)",6.813875,1.0,0
493,VECTOR_FIRST_HNSW,"[0.00,0.05)",22.823625,0.2,0
493,HNSW_HYBRID,"[0.00,0.05)",7.68675,1.0,0
493,IVFFLAT_HYBRID,"[0.00,0.05)",7.274042,1.0,0
493,SQL_FIRST,"[0.00,0.05)",7.059958,1.0,1
493,VECTOR_FIRST_HNSW,"[0.00,0.05)",22.829125,0.2,1
493,HNSW_HYBRID,"[0.00,0.05)",7.617375,1.0,1
493,IVFFLAT_HYBRID,"[0.00,0.05)",6.886792,1.0,1
493,SQL_FIRST,"[0.00,0.05)",7.221334,1.0,2
493,VECTOR_FIRST_HNSW,"[0.00,0.05)",22.810834,0.2,2
493,HNSW_HYBRID,"[0.00,0.05)",7.850375,1.0,2
493,IVFFLAT_HYBRID,"[0.00,0.05)",6.98525,1.0,2
493,SQL_FIRST,"[0.00,0.05)",6.987875,1.0,3
493,VECTOR_FIRST_HNSW,"[0.00,0.05)",22.759042,0.2,3
493,HNSW_HYBRID,"[0.00,0.05)",8.044167,1.0,3
493,IVFFLAT_HYBRID,"[0.00,0.05)",7.441375,1.0,3
493,SQL_FIRST,"[0.00,0.05)",7.425583,1.0,4
493,VECTOR_FIRST_HNSW,"[0.00,0.05)",23.034625,0.2,4
493,HNSW_HYBRID,"[0.00,0.05)",7.632542,1.0,4
493,IVFFLAT_HYBRID,"[0.00,0.05)",7.292417,1.0,4
495,SQL_FIRST,"[0.00,0.05)",10.795791,1.0,0
495,VECTOR_FIRST_HNSW,"[0.00,0.05)",22.834208,0.3,0
495,HNSW_HYBRID,"[0.00,0.05)",11.379375,1.0,0
495,IVFFLAT_HYBRID,"[0.00,0.05)",10.895875,1.0,0
495,SQL_FIRST,"[0.00,0.05)",10.714667,1.0,1
495,VECTOR_FIRST_HNSW,"[0.00,0.05)",22.986542,0.3,1
495,HNSW_HYBRID,"[0.00,0.05)",11.272208,1.0,1
495,IVFFLAT_HYBRID,"[0.00,0.05)",10.588459,1.0,1
495,SQL_FIRST,"[0.00,0.05)",10.513458,1.0,2
495,VECTOR_FIRST_HNSW,"[0.00,0.05)",22.944667,0.3,2
495,HNSW_HYBRID,"[0.00,0.05)",11.206209,1.0,2
495,IVFFLAT_HYBRID,"[0.00,0.05)",11.086042,1.0,2
495,SQL_FIRST,"[0.00,0.05)",10.674792,1.0,3
495,VECTOR_FIRST_HNSW,"[0.00,0.05)",22.941917,0.3,3
495,HNSW_HYBRID,"[0.00,0.05)",11.561792,1.0,3
495,IVFFLAT_HYBRID,"[0.00,0.05)",11.4645,1.0,3
495,SQL_FIRST,"[0.00,0.05)",10.971333,1.0,4
495,VECTOR_FIRST_HNSW,"[0.00,0.05)",22.848166,0.3,4
495,HNSW_HYBRID,"[0.00,0.05)",11.194125,1.0,4
495,IVFFLAT_HYBRID,"[0.00,0.05)",10.83075,1.0,4
496,SQL_FIRST,"[0.00,0.05)",8.141417,1.0,0
496,VECTOR_FIRST_HNSW,"[0.00,0.05)",22.891417,0.2,0
496,HNSW_HYBRID,"[0.00,0.05)",9.009083,1.0,0
496,IVFFLAT_HYBRID,"[0.00,0.05)",9.506834,1.0,0
496,SQL_FIRST,"[0.00,0.05)",8.442959,1.0,1
496,VECTOR_FIRST_HNSW,"[0.00,0.05)",23.577542,0.2,1
496,HNSW_HYBRID,"[0.00,0.05)",9.153333,1.0,1
496,IVFFLAT_HYBRID,"[0.00,0.05)",8.521,1.0,1
496,SQL_FIRST,"[0.00,0.05)",8.195166,1.0,2
496,VECTOR_FIRST_HNSW,"[0.00,0.05)",22.851583,0.2,2
496,HNSW_HYBRID,"[0.00,0.05)",9.102916,1.0,2
496,IVFFLAT_HYBRID,"[0.00,0.05)",8.673125,1.0,2
496,SQL_FIRST,"[0.00,0.05)",8.495583,1.0,3
496,VECTOR_FIRST_HNSW,"[0.00,0.05)",22.790291,0.2,3
496,HNSW_HYBRID,"[0.00,0.05)",8.872458,1.0,3
496,IVFFLAT_HYBRID,"[0.00,0.05)",8.400958,1.0,3
496,SQL_FIRST,"[0.00,0.05)",8.238459,1.0,4
496,VECTOR_FIRST_HNSW,"[0.00,0.05)",22.969542,0.2,4
496,HNSW_HYBRID,"[0.00,0.05)",8.767958,1.0,4
496,IVFFLAT_HYBRID,"[0.00,0.05)",8.0145,1.0,4
497,SQL_FIRST,"[0.00,0.05)",9.152416,1.0,0
497,VECTOR_FIRST_HNSW,"[0.00,0.05)",22.880042,0.2,0
497,HNSW_HYBRID,"[0.00,0.05)",9.72225,1.0,0
497,IVFFLAT_HYBRID,"[0.00,0.05)",9.440541,1.0,0
497,SQL_FIRST,"[0.00,0.05)",9.539791,1.0,1
497,VECTOR_FIRST_HNSW,"[0.00,0.05)",22.854667,0.2,1
497,HNSW_HYBRID,"[0.00,0.05)",9.76775,1.0,1
497,IVFFLAT_HYBRID,"[0.00,0.05)",9.941167,1.0,1
497,SQL_FIRST,"[0.00,0.05)",9.671666,1.0,2
497,VECTOR_FIRST_HNSW,"[0.00,0.05)",22.854584,0.2,2
497,HNSW_HYBRID,"[0.00,0.05)",9.564459,1.0,2
497,IVFFLAT_HYBRID,"[0.00,0.05)",9.641,1.0,2
497,SQL_FIRST,"[0.00,0.05)",9.494625,1.0,3
497,VECTOR_FIRST_HNSW,"[0.00,0.05)",23.087458,0.2,3
497,HNSW_HYBRID,"[0.00,0.05)",9.7755,1.0,3
497,IVFFLAT_HYBRID,"[0.00,0.05)",8.995458,1.0,3
497,SQL_FIRST,"[0.00,0.05)",9.582417,1.0,4
497,VECTOR_FIRST_HNSW,"[0.00,0.05)",22.94725,0.2,4
497,HNSW_HYBRID,"[0.00,0.05)",10.08325,1.0,4
497,IVFFLAT_HYBRID,"[0.00,0.05)",9.199459,1.0,4
498,SQL_FIRST,"[0.00,0.05)",8.784959,1.0,0
498,VECTOR_FIRST_HNSW,"[0.00,0.05)",22.768625,0.2,0
498,HNSW_HYBRID,"[0.00,0.05)",9.107917,1.0,0
498,IVFFLAT_HYBRID,"[0.00,0.05)",9.154,1.0,0
498,SQL_FIRST,"[0.00,0.05)",9.147625,1.0,1
498,VECTOR_FIRST_HNSW,"[0.00,0.05)",23.148,0.2,1
498,HNSW_HYBRID,"[0.00,0.05)",8.992334,1.0,1
498,IVFFLAT_HYBRID,"[0.00,0.05)",8.916083,1.0,1
498,SQL_FIRST,"[0.00,0.05)",8.487417,1.0,2
498,VECTOR_FIRST_HNSW,"[0.00,0.05)",23.001708,0.2,2
498,HNSW_HYBRID,"[0.00,0.05)",9.154084,1.0,2
498,IVFFLAT_HYBRID,"[0.00,0.05)",8.518125,1.0,2
498,SQL_FIRST,"[0.00,0.05)",8.282,1.0,3
498,VECTOR_FIRST_HNSW,"[0.00,0.05)",22.947792,0.2,3
498,HNSW_HYBRID,"[0.00,0.05)",9.075875,1.0,3
498,IVFFLAT_HYBRID,"[0.00,0.05)",8.828042,1.0,3
498,SQL_FIRST,"[0.00,0.05)",8.349333,1.0,4
498,VECTOR_FIRST_HNSW,"[0.00,0.05)",22.844,0.2,4
498,HNSW_HYBRID,"[0.00,0.05)",9.230834,1.0,4
498,IVFFLAT_HYBRID,"[0.00,0.05)",8.696209,1.0,4
499,SQL_FIRST,"[0.00,0.05)",11.069042,1.0,0
499,VECTOR_FIRST_HNSW,"[0.00,0.05)",22.905542,0.3,0
499,HNSW_HYBRID,"[0.00,0.05)",10.863167,1.0,0
499,IVFFLAT_HYBRID,"[0.00,0.05)",10.695625,1.0,0
499,SQL_FIRST,"[0.00,0.05)",10.673,1.0,1
499,VECTOR_FIRST_HNSW,"[0.00,0.05)",22.867,0.3,1
499,HNSW_HYBRID,"[0.00,0.05)",10.903208,1.0,1
499,IVFFLAT_HYBRID,"[0.00,0.05)",10.247041,1.0,1
499,SQL_FIRST,"[0.00,0.05)",10.715708,1.0,2
499,VECTOR_FIRST_HNSW,"[0.00,0.05)",22.909667,0.3,2
499,HNSW_HYBRID,"[0.00,0.05)",11.069292,1.0,2
499,IVFFLAT_HYBRID,"[0.00,0.05)",10.434042,1.0,2
499,SQL_FIRST,"[0.00,0.05)",10.221292,1.0,3
499,VECTOR_FIRST_HNSW,"[0.00,0.05)",23.658125,0.3,3
499,HNSW_HYBRID,"[0.00,0.05)",11.327875,1.0,3
499,IVFFLAT_HYBRID,"[0.00,0.05)",10.525125,1.0,3
499,SQL_FIRST,"[0.00,0.05)",10.528375,1.0,4
499,VECTOR_FIRST_HNSW,"[0.00,0.05)",22.930209,0.3,4
499,HNSW_HYBRID,"[0.00,0.05)",11.190541,1.0,4
499,IVFFLAT_HYBRID,"[0.00,0.05)",10.977667,1.0,4
