ts_utc,phase,repetition,query_id,strategy,template,category,price_limit,in_stock,target_bucket_idx,estimated_selectivity,bucket,latency_ms,recall_at_10,plan_verified,access_path,adaptive_selected,is_adaptive_selection
2026-08-30T19:41:10.850+00:00,calibration,0,138,SQL_FIRST,two_categories,category_05,34,False,2,0.199565,"[0.10,0.25)",18.969125,1.0,True,exact_bitmap,,False
2026-08-30T19:41:10.876+00:00,calibration,0,138,VECTOR_FIRST_HNSW,two_categories,category_05,34,False,2,0.199565,"[0.10,0.25)",25.07425,1.0,False,exact_bitmap,,False
2026-08-30T19:41:10.895+00:00,calibration,0,138,HNSW_HYBRID,two_categories,category_05,34,False,2,0.199565,"[0.10,0.25)",18.200084,1.0,False,exact_bitmap,,False
2026-08-30T19:41:10.915+00:00,calibration,0,138,IVFFLAT_HYBRID,two_categories,category_05,34,False,2,0.199565,"[0.10,0.25)",18.667208,1.0,False,exact_bitmap,,False
2026-08-30T19:41:11.033+00:00,calibration,0,164,SQL_FIRST,category_or_price,category_01,425,False,3,0.47886,"[0.25,0.50)",20.221458,1.0,True,exact_seq,,False
2026-08-30T19:41:11.058+00:00,calibration,0,164,VECTOR_FIRST_HNSW,category_or_price,category_01,425,False,3,0.47886,"[0.25,0.50)",23.63675,1.0,False,exact_bitmap,,False
2026-08-30T19:41:11.079+00:00,calibration,0,164,HNSW_HYBRID,category_or_price,category_01,425,False,3,0.47886,"[0.25,0.50)",20.586542,1.0,False,exact_seq,,False
2026-08-30T19:41:11.101+00:00,calibration,0,164,IVFFLAT_HYBRID,category_or_price,category_01,425,False,3,0.47886,"[0.25,0.50)",20.633375,1.0,False,exact_seq,,False
2026-08-30T19:41:11.137+00:00,calibration,0,41,SQL_FIRST,category_narrow_price,category_03,806,True,0,0.00526,"[0.00,0.05)",2.479792,1.0,True,exact_bitmap,,False
2026-08-30T19:41:11.162+00:00,calibration,0,41,VECTOR_FIRST_HNSW,category_narrow_price,category_03,806,True,0,0.00526,"[0.00,0.05)",23.878084,0.0,False,exact_bitmap,,False
2026-08-30T19:41:11.165+00:00,calibration,0,41,HNSW_HYBRID,category_narrow_price,category_03,806,True,0,0.00526,"[0.00,0.05)",2.709916,1.0,False,exact_bitmap,,False
2026-08-30T19:41:11.168+00:00,calibration,0,41,IVFFLAT_HYBRID,category_narrow_price,category_03,806,True,0,0.00526,"[0.00,0.05)",2.283291,1.0,False,exact_bitmap,,False
2026-08-30T19:41:11.271+00:00,calibration,0,208,SQL_FIRST,stock_alone,category_07,492,True,4,0.500835,"[0.50,1.00)",18.609917,1.0,True,exact_seq,,False
2026-08-30T19:41:11.309+00:00,calibration,0,208,VECTOR_FIRST_HNSW,stock_alone,category_07,492,True,4,0.500835,"[0.50,1.00)",36.721125,1.0,False,exact_bitmap,,False
2026-08-30T19:41:11.343+00:00,calibration,0,208,HNSW_HYBRID,stock_alone,category_07,492,True,4,0.500835,"[0.50,1.00)",32.411334,1.0,False,exact_seq,,False
2026-08-30T19:41:11.408+00:00,calibration,0,208,IVFFLAT_HYBRID,stock_alone,category_07,492,True,4,0.500835,"[0.50,1.00)",63.78375,1.0,False,exact_seq,,False
2026-08-30T19:41:11.489+00:00,calibration,0,132,SQL_FIRST,single_category_alone,category_03,14,False,2,0.1037,"[0.10,0.25)",11.089083,1.0,True,exact_bitmap,,False
2026-08-30T19:41:11.517+00:00,calibration,0,132,VECTOR_FIRST_HNSW,single_category_alone,category_03,14,False,2,0.1037,"[0.10,0.25)",27.394792,0.5,False,exact_bitmap,,False
2026-08-30T19:41:11.530+00:00,calibration,0,132,HNSW_HYBRID,single_category_alone,category_03,14,False,2,0.1037,"[0.10,0.25)",11.206333,1.0,False,exact_bitmap,,False
2026-08-30T19:41:11.543+00:00,calibration,0,132,IVFFLAT_HYBRID,single_category_alone,category_03,14,False,2,0.1037,"[0.10,0.25)",12.119167,1.0,False,exact_bitmap,,False
2026-08-30T19:41:11.666+00:00,calibration,0,227,SQL_FIRST,wide_or,category_01,390,False,4,0.723345,"[0.50,1.00)",25.093208,1.0,True,exact_seq,,False
2026-08-30T19:41:11.691+00:00,calibration,0,227,VECTOR_FIRST_HNSW,wide_or,category_01,390,False,4,0.723345,"[0.50,1.00)",23.774666,1.0,False,exact_bitmap,,False
2026-08-30T19:41:11.717+00:00,calibration,0,227,HNSW_HYBRID,wide_or,category_01,390,False,4,0.723345,"[0.50,1.00)",24.906417,1.0,False,exact_seq,,False
2026-08-30T19:41:11.742+00:00,calibration,0,227,IVFFLAT_HYBRID,wide_or,category_01,390,False,4,0.723345,"[0.50,1.00)",23.5755,1.0,False,exact_seq,,False
2026-08-30T19:41:11.817+00:00,calibration,0,126,SQL_FIRST,price_range_mid,category_02,412,True,2,0.101065,"[0.10,0.25)",11.654417,1.0,True,exact_bitmap,,False
2026-08-30T19:41:11.842+00:00,calibration,0,126,VECTOR_FIRST_HNSW,price_range_mid,category_02,412,True,2,0.101065,"[0.10,0.25)",23.431042,0.2,False,exact_bitmap,,False
2026-08-30T19:41:11.856+00:00,calibration,0,126,HNSW_HYBRID,price_range_mid,category_02,412,True,2,0.101065,"[0.10,0.25)",12.212875,1.0,False,exact_bitmap,,False
2026-08-30T19:41:11.870+00:00,calibration,0,126,IVFFLAT_HYBRID,price_range_mid,category_02,412,True,2,0.101065,"[0.10,0.25)",12.17725,1.0,False,exact_bitmap,,False
2026-08-30T19:41:11.978+00:00,calibration,0,240,SQL_FIRST,stock_alone,category_04,912,True,4,0.500835,"[0.50,1.00)",20.714792,1.0,True,exact_seq,,False
2026-08-30T19:41:12.004+00:00,calibration,0,240,VECTOR_FIRST_HNSW,stock_alone,category_04,912,True,4,0.500835,"[0.50,1.00)",25.445417,1.0,False,exact_bitmap,,False
2026-08-30T19:41:12.025+00:00,calibration,0,240,HNSW_HYBRID,stock_alone,category_04,912,True,4,0.500835,"[0.50,1.00)",20.067958,1.0,False,exact_seq,,False
2026-08-30T19:41:12.046+00:00,calibration,0,240,IVFFLAT_HYBRID,stock_alone,category_04,912,True,4,0.500835,"[0.50,1.00)",19.826167,1.0,False,exact_seq,,False
2026-08-30T19:41:12.167+00:00,calibration,0,243,SQL_FIRST,wide_or,category_01,108,True,4,0.59524,"[0.50,1.00)",23.181708,1.0,True,exact_seq,,False
2026-08-30T19:41:12.193+00:00,calibration,0,243,VECTOR_FIRST_HNSW,wide_or,category_01,108,True,4,0.59524,"[0.50,1.00)",24.352208,1.0,False,exact_bitmap,,False
2026-08-30T19:41:12.217+00:00,calibration,0,243,HNSW_HYBRID,wide_or,category_01,108,True,4,0.59524,"[0.50,1.00)",22.745916,1.0,False,exact_seq,,False
2026-08-30T19:41:12.242+00:00,calibration,0,243,IVFFLAT_HYBRID,wide_or,category_01,108,True,4,0.59524,"[0.50,1.00)",23.726458,1.0,False,exact_seq,,False
2026-08-30T19:41:12.318+00:00,calibration,0,92,SQL_FIRST,single_category,category_04,474,True,1,0.0967,"[0.05,0.10)",11.725958,1.0,True,exact_bitmap,,False
2026-08-30T19:41:12.344+00:00,calibration,0,92,VECTOR_FIRST_HNSW,single_category,category_04,474,True,1,0.0967,"[0.05,0.10)",24.330708,0.5,False,exact_bitmap,,False
2026-08-30T19:41:12.356+00:00,calibration,0,92,HNSW_HYBRID,single_category,category_04,474,True,1,0.0967,"[0.05,0.10)",11.398416,1.0,False,exact_bitmap,,False
2026-08-30T19:41:12.372+00:00,calibration,0,92,IVFFLAT_HYBRID,single_category,category_04,474,True,1,0.0967,"[0.05,0.10)",12.341208,1.0,False,exact_bitmap,,False
2026-08-30T19:41:12.456+00:00,calibration,0,66,SQL_FIRST,single_category,category_02,762,True,1,0.098965,"[0.05,0.10)",12.160791,1.0,True,exact_bitmap,,False
2026-08-30T19:41:12.483+00:00,calibration,0,66,VECTOR_FIRST_HNSW,single_category,category_02,762,True,1,0.098965,"[0.05,0.10)",26.202708,0.6,False,exact_bitmap,,False
2026-08-30T19:41:12.496+00:00,calibration,0,66,HNSW_HYBRID,single_category,category_02,762,True,1,0.098965,"[0.05,0.10)",11.603833,1.0,False,exact_bitmap,,False
2026-08-30T19:41:12.509+00:00,calibration,0,66,IVFFLAT_HYBRID,single_category,category_02,762,True,1,0.098965,"[0.05,0.10)",12.310417,1.0,False,exact_bitmap,,False
2026-08-30T19:41:12.608+00:00,calibration,0,166,SQL_FIRST,three_categories,category_08,184,False,3,0.272595,"[0.25,0.50)",17.573917,1.0,True,exact_bitmap,,False
2026-08-30T19:41:12.633+00:00,calibration,0,166,VECTOR_FIRST_HNSW,three_categories,category_08,184,False,3,0.272595,"[0.25,0.50)",24.12675,1.0,False,exact_bitmap,,False
2026-08-30T19:41:12.651+00:00,calibration,0,166,HNSW_HYBRID,three_categories,category_08,184,False,3,0.272595,"[0.25,0.50)",17.160333,1.0,False,exact_bitmap,,False
2026-08-30T19:41:12.672+00:00,calibration,0,166,IVFFLAT_HYBRID,three_categories,category_08,184,False,3,0.272595,"[0.25,0.50)",18.802875,1.0,False,exact_bitmap,,False
2026-08-30T19:41:12.766+00:00,calibration,0,191,SQL_FIRST,category_or_price,category_03,170,True,3,0.250905,"[0.25,0.50)",16.234541,1.0,True,exact_bitmap,,False
2026-08-30T19:41:12.792+00:00,calibration,0,191,VECTOR_FIRST_HNSW,category_or_price,category_03,170,True,3,0.250905,"[0.25,0.50)",25.374125,1.0,False,exact_bitmap,,False
2026-08-30T19:41:12.810+00:00,calibration,0,191,HNSW_HYBRID,category_or_price,category_03,170,True,3,0.250905,"[0.25,0.50)",16.337209,1.0,False,exact_bitmap,,False
2026-08-30T19:41:12.828+00:00,calibration,0,191,IVFFLAT_HYBRID,category_or_price,category_03,170,True,3,0.250905,"[0.25,0.50)",16.858,1.0,False,exact_bitmap,,False
2026-08-30T19:41:12.926+00:00,calibration,0,186,SQL_FIRST,three_categories,category_07,49,False,3,0.27019,"[0.25,0.50)",17.195625,1.0,True,exact_bitmap,,False
2026-08-30T19:41:12.951+00:00,calibration,0,186,VECTOR_FIRST_HNSW,three_categories,category_07,49,False,3,0.27019,"[0.25,0.50)",24.647333,1.0,False,exact_bitmap,,False
2026-08-30T19:41:12.971+00:00,calibration,0,186,HNSW_HYBRID,three_categories,category_07,49,False,3,0.27019,"[0.25,0.50)",18.516666,1.0,False,exact_bitmap,,False
2026-08-30T19:41:12.994+00:00,calibration,0,186,IVFFLAT_HYBRID,three_categories,category_07,49,False,3,0.27019,"[0.25,0.50)",21.67175,1.0,False,exact_bitmap,,False
2026-08-30T19:41:13.073+00:00,calibration,0,128,SQL_FIRST,price_range_mid,category_07,988,False,2,0.101035,"[0.10,0.25)",12.554084,1.0,True,exact_bitmap,,False
2026-08-30T19:41:13.098+00:00,calibration,0,128,VECTOR_FIRST_HNSW,price_range_mid,category_07,988,False,2,0.101035,"[0.10,0.25)",24.472959,0.3,False,exact_bitmap,,False
2026-08-30T19:41:13.112+00:00,calibration,0,128,HNSW_HYBRID,price_range_mid,category_07,988,False,2,0.101035,"[0.10,0.25)",11.92,1.0,False,exact_bitmap,,False
2026-08-30T19:41:13.125+00:00,calibration,0,128,IVFFLAT_HYBRID,price_range_mid,category_07,988,False,2,0.101035,"[0.10,0.25)",12.103292,1.0,False,exact_bitmap,,False
2026-08-30T19:41:13.223+00:00,calibration,0,171,SQL_FIRST,three_categories,category_01,367,True,3,0.272085,"[0.25,0.50)",17.085708,1.0,True,exact_bitmap,,False
2026-08-30T19:41:13.249+00:00,calibration,0,171,VECTOR_FIRST_HNSW,three_categories,category_01,367,True,3,0.272085,"[0.25,0.50)",24.577834,1.0,False,exact_bitmap,,False
2026-08-30T19:41:13.273+00:00,calibration,0,171,HNSW_HYBRID,three_categories,category_01,367,True,3,0.272085,"[0.25,0.50)",22.771333,1.0,False,exact_bitmap,,False
2026-08-30T19:41:13.293+00:00,calibration,0,171,IVFFLAT_HYBRID,three_categories,category_01,367,True,3,0.272085,"[0.25,0.50)",19.471084,1.0,False,exact_bitmap,,False
2026-08-30T19:41:13.334+00:00,calibration,0,36,SQL_FIRST,category_narrow_price,category_01,378,True,0,0.005045,"[0.00,0.05)",2.475458,1.0,True,exact_bitmap,,False
2026-08-30T19:41:13.362+00:00,calibration,0,36,VECTOR_FIRST_HNSW,category_narrow_price,category_01,378,True,0,0.005045,"[0.00,0.05)",26.127166,0.0,False,exact_bitmap,,False
2026-08-30T19:41:13.365+00:00,calibration,0,36,HNSW_HYBRID,category_narrow_price,category_01,378,True,0,0.005045,"[0.00,0.05)",2.784625,1.0,False,exact_bitmap,,False
2026-08-30T19:41:13.369+00:00,calibration,0,36,IVFFLAT_HYBRID,category_narrow_price,category_01,378,True,0,0.005045,"[0.00,0.05)",2.394708,1.0,False,exact_bitmap,,False
2026-08-30T19:41:13.410+00:00,calibration,0,50,SQL_FIRST,category_narrow_price,category_06,458,True,0,0.00482,"[0.00,0.05)",2.512375,1.0,True,exact_bitmap,,False
2026-08-30T19:41:13.449+00:00,calibration,0,50,VECTOR_FIRST_HNSW,category_narrow_price,category_06,458,True,0,0.00482,"[0.00,0.05)",37.346708,0.0,False,exact_bitmap,,False
2026-08-30T19:41:13.453+00:00,calibration,0,50,HNSW_HYBRID,category_narrow_price,category_06,458,True,0,0.00482,"[0.00,0.05)",3.141167,1.0,False,exact_bitmap,,False
2026-08-30T19:41:13.457+00:00,calibration,0,50,IVFFLAT_HYBRID,category_narrow_price,category_06,458,True,0,0.00482,"[0.00,0.05)",2.804917,1.0,False,exact_bitmap,,False
2026-08-30T19:41:13.490+00:00,calibration,0,31,SQL_FIRST,category_narrow_price,category_01,11,False,0,9.5e-05,"[0.00,0.05)",0.890375,1.0,True,exact_bitmap,,False
2026-08-30T19:41:13.518+00:00,calibration,0,31,VECTOR_FIRST_HNSW,category_narrow_price,category_01,11,False,0,9.5e-05,"[0.00,0.05)",26.583917,0.0,False,exact_bitmap,,False
2026-08-30T19:41:13.520+00:00,calibration,0,31,HNSW_HYBRID,category_narrow_price,category_01,11,False,0,9.5e-05,"[0.00,0.05)",0.973541,1.0,False,exact_bitmap,,False
2026-08-30T19:41:13.521+00:00,calibration,0,31,IVFFLAT_HYBRID,category_narrow_price,category_01,11,False,0,9.5e-05,"[0.00,0.05)",0.882209,1.0,False,exact_bitmap,,False
2026-08-30T19:41:13.562+00:00,calibration,0,27,SQL_FIRST,category_narrow_price,category_04,833,False,0,0.005045,"[0.00,0.05)",2.639958,1.0,True,exact_bitmap,,False
2026-08-30T19:41:13.589+00:00,calibration,0,27,VECTOR_FIRST_HNSW,category_narrow_price,category_04,833,False,0,0.005045,"[0.00,0.05)",25.884792,0.0,False,exact_bitmap,,False
2026-08-30T19:41:13.592+00:00,calibration,0,27,HNSW_HYBRID,category_narrow_price,category_04,833,False,0,0.005045,"[0.00,0.05)",2.623666,1.0,False,exact_bitmap,,False
2026-08-30T19:41:13.596+00:00,calibration,0,27,IVFFLAT_HYBRID,category_narrow_price,category_04,833,False,0,0.005045,"[0.00,0.05)",2.715833,1.0,False,exact_bitmap,,False
2026-08-30T19:41:13.697+00:00,calibration,0,196,SQL_FIRST,three_categories,category_00,953,True,3,0.271845,"[0.25,0.50)",17.612709,1.0,True,exact_bitmap,,False
2026-08-30T19:41:13.740+00:00,calibration,0,196,VECTOR_FIRST_HNSW,three_categories,category_00,953,True,3,0.271845,"[0.25,0.50)",42.177167,1.0,False,exact_bitmap,,False
2026-08-30T19:41:13.784+00:00,calibration,0,196,HNSW_HYBRID,three_categories,category_00,953,True,3,0.271845,"[0.25,0.50)",41.815916,1.0,False,exact_bitmap,,False
2026-08-30T19:41:13.812+00:00,calibration,0,196,IVFFLAT_HYBRID,three_categories,category_00,953,True,3,0.271845,"[0.25,0.50)",26.954833,1.0,False,exact_bitmap,,False
2026-08-30T19:41:13.938+00:00,calibration,0,169,SQL_FIRST,three_categories,category_05,245,True,3,0.271,"[0.25,0.50)",21.695292,1.0,True,exact_bitmap,,False
2026-08-30T19:41:13.967+00:00,calibration,0,169,VECTOR_FIRST_HNSW,three_categories,category_05,245,True,3,0.271,"[0.25,0.50)",27.166292,1.0,False,exact_bitmap,,False
2026-08-30T19:41:13.989+00:00,calibration,0,169,HNSW_HYBRID,three_categories,category_05,245,True,3,0.271,"[0.25,0.50)",21.346084,1.0,False,exact_bitmap,,False
2026-08-30T19:41:14.054+00:00,calibration,0,169,IVFFLAT_HYBRID,three_categories,category_05,245,True,3,0.271,"[0.25,0.50)",63.8435,1.0,False,exact_bitmap,,False
2026-08-30T19:41:14.170+00:00,calibration,0,184,SQL_FIRST,three_categories,category_00,281,False,3,0.271845,"[0.25,0.50)",19.872,1.0,True,exact_bitmap,,False
2026-08-30T19:41:14.197+00:00,calibration,0,184,VECTOR_FIRST_HNSW,three_categories,category_00,281,False,3,0.271845,"[0.25,0.50)",26.172666,1.0,False,exact_bitmap,,False
2026-08-30T19:41:14.217+00:00,calibration,0,184,HNSW_HYBRID,three_categories,category_00,281,False,3,0.271845,"[0.25,0.50)",18.648834,1.0,False,exact_bitmap,,False
2026-08-30T19:41:14.237+00:00,calibration,0,184,IVFFLAT_HYBRID,three_categories,category_00,281,False,3,0.271845,"[0.25,0.50)",17.655416,1.0,False,exact_bitmap,,False
2026-08-30T19:41:14.382+00:00,calibration,0,204,SQL_FIRST,wide_or,category_09,659,False,4,0.844195,"[0.50,1.00)",29.955584,1.0,True,exact_seq,,False
2026-08-30T19:41:14.411+00:00,calibration,0,204,VECTOR_FIRST_HNSW,wide_or,category_09,659,False,4,0.844195,"[0.50,1.00)",27.470416,1.0,False,exact_bitmap,,False
2026-08-30T19:41:14.443+00:00,calibration,0,204,HNSW_HYBRID,wide_or,category_09,659,False,4,0.844195,"[0.50,1.00)",31.257084,1.0,False,exact_seq,,False
2026-08-30T19:41:14.473+00:00,calibration,0,204,IVFFLAT_HYBRID,wide_or,category_09,659,False,4,0.844195,"[0.50,1.00)",28.792083,1.0,False,exact_seq,,False
2026-08-30T19:41:14.584+00:00,calibration,0,189,SQL_FIRST,category_or_price,category_03,255,False,3,0.328055,"[0.25,0.50)",20.270583,1.0,True,exact_seq,,False
2026-08-30T19:41:14.612+00:00,calibration,0,189,VECTOR_FIRST_HNSW,category_or_price,category_03,255,False,3,0.328055,"[0.25,0.50)",26.876375,1.0,False,exact_bitmap,,False
2026-08-30T19:41:14.635+00:00,calibration,0,189,HNSW_HYBRID,category_or_price,category_03,255,False,3,0.328055,"[0.25,0.50)",22.408,1.0,False,exact_seq,,False
2026-08-30T19:41:14.660+00:00,calibration,0,189,IVFFLAT_HYBRID,category_or_price,category_03,255,False,3,0.328055,"[0.25,0.50)",24.17875,1.0,False,exact_seq,,False
2026-08-30T19:41:14.795+00:00,calibration,0,245,SQL_FIRST,wide_or,category_01,394,False,4,0.725165,"[0.50,1.00)",25.815292,1.0,True,exact_seq,,False
2026-08-30T19:41:14.823+00:00,calibration,0,245,VECTOR_FIRST_HNSW,wide_or,category_01,394,False,4,0.725165,"[0.50,1.00)",26.573875,1.0,False,exact_bitmap,,False
2026-08-30T19:41:14.850+00:00,calibration,0,245,HNSW_HYBRID,wide_or,category_01,394,False,4,0.725165,"[0.50,1.00)",26.013708,1.0,False,exact_seq,,False
2026-08-30T19:41:14.877+00:00,calibration,0,245,IVFFLAT_HYBRID,wide_or,category_01,394,False,4,0.725165,"[0.50,1.00)",26.135042,1.0,False,exact_seq,,False
2026-08-30T19:41:14.956+00:00,calibration,0,54,SQL_FIRST,single_category,category_04,565,True,1,0.0967,"[0.05,0.10)",13.439375,1.0,True,exact_bitmap,,False
2026-08-30T19:41:14.984+00:00,calibration,0,54,VECTOR_FIRST_HNSW,single_category,category_04,565,True,1,0.0967,"[0.05,0.10)",27.006417,0.8,False,exact_bitmap,,False
2026-08-30T19:41:14.998+00:00,calibration,0,54,HNSW_HYBRID,single_category,category_04,565,True,1,0.0967,"[0.05,0.10)",12.998833,1.0,False,exact_bitmap,,False
2026-08-30T19:41:15.012+00:00,calibration,0,54,IVFFLAT_HYBRID,single_category,category_04,565,True,1,0.0967,"[0.05,0.10)",13.284209,1.0,False,exact_bitmap,,False
2026-08-30T19:41:15.090+00:00,calibration,0,56,SQL_FIRST,single_category,category_04,519,False,1,0.0967,"[0.05,0.10)",12.326708,1.0,True,exact_bitmap,,False
2026-08-30T19:41:15.117+00:00,calibration,0,56,VECTOR_FIRST_HNSW,single_category,category_04,519,False,1,0.0967,"[0.05,0.10)",25.877834,0.3,False,exact_bitmap,,False
2026-08-30T19:41:15.130+00:00,calibration,0,56,HNSW_HYBRID,single_category,category_04,519,False,1,0.0967,"[0.05,0.10)",11.837042,1.0,False,exact_bitmap,,False
2026-08-30T19:41:15.145+00:00,calibration,0,56,IVFFLAT_HYBRID,single_category,category_04,519,False,1,0.0967,"[0.05,0.10)",14.877083,1.0,False,exact_bitmap,,False
2026-08-30T19:41:15.225+00:00,calibration,0,122,SQL_FIRST,single_category_alone,category_05,890,False,2,0.100035,"[0.10,0.25)",12.261084,1.0,True,exact_bitmap,,False
2026-08-30T19:41:15.252+00:00,calibration,0,122,VECTOR_FIRST_HNSW,single_category_alone,category_05,890,False,2,0.100035,"[0.10,0.25)",25.97225,0.2,False,exact_bitmap,,False
2026-08-30T19:41:15.266+00:00,calibration,0,122,HNSW_HYBRID,single_category_alone,category_05,890,False,2,0.100035,"[0.10,0.25)",11.92125,1.0,False,exact_bitmap,,False
2026-08-30T19:41:15.279+00:00,calibration,0,122,IVFFLAT_HYBRID,single_category_alone,category_05,890,False,2,0.100035,"[0.10,0.25)",12.359791,1.0,False,exact_bitmap,,False
2026-08-30T19:41:15.393+00:00,calibration,0,148,SQL_FIRST,two_categories,category_04,921,False,2,0.196735,"[0.10,0.25)",20.654666,1.0,True,exact_bitmap,,False
2026-08-30T19:41:15.421+00:00,calibration,0,148,VECTOR_FIRST_HNSW,two_categories,category_04,921,False,2,0.196735,"[0.10,0.25)",26.277459,0.4,False,exact_bitmap,,False
2026-08-30T19:41:15.444+00:00,calibration,0,148,HNSW_HYBRID,two_categories,category_04,921,False,2,0.196735,"[0.10,0.25)",21.358,1.0,False,exact_bitmap,,False
2026-08-30T19:41:15.465+00:00,calibration,0,148,IVFFLAT_HYBRID,two_categories,category_04,921,False,2,0.196735,"[0.10,0.25)",20.727125,1.0,False,exact_bitmap,,False
2026-08-30T19:41:15.507+00:00,calibration,0,24,SQL_FIRST,category_narrow_price,category_02,216,True,0,0.004975,"[0.00,0.05)",2.609792,1.0,True,exact_bitmap,,False
2026-08-30T19:41:15.535+00:00,calibration,0,24,VECTOR_FIRST_HNSW,category_narrow_price,category_02,216,True,0,0.004975,"[0.00,0.05)",25.833041,0.1,False,exact_bitmap,,False
2026-08-30T19:41:15.541+00:00,calibration,0,24,HNSW_HYBRID,category_narrow_price,category_02,216,True,0,0.004975,"[0.00,0.05)",3.396459,1.0,False,exact_bitmap,,False
2026-08-30T19:41:15.544+00:00,calibration,0,24,IVFFLAT_HYBRID,category_narrow_price,category_02,216,True,0,0.004975,"[0.00,0.05)",2.631083,1.0,False,exact_bitmap,,False
2026-08-30T19:41:15.623+00:00,calibration,0,73,SQL_FIRST,single_category,category_02,340,False,1,0.098965,"[0.05,0.10)",12.377916,1.0,True,exact_bitmap,,False
2026-08-30T19:41:15.651+00:00,calibration,0,73,VECTOR_FIRST_HNSW,single_category,category_02,340,False,1,0.098965,"[0.05,0.10)",26.386417,0.4,False,exact_bitmap,,False
2026-08-30T19:41:15.665+00:00,calibration,0,73,HNSW_HYBRID,single_category,category_02,340,False,1,0.098965,"[0.05,0.10)",13.035333,1.0,False,exact_bitmap,,False
2026-08-30T19:41:15.679+00:00,calibration,0,73,IVFFLAT_HYBRID,single_category,category_02,340,False,1,0.098965,"[0.05,0.10)",12.971958,1.0,False,exact_bitmap,,False
2026-08-30T19:41:15.760+00:00,calibration,0,124,SQL_FIRST,price_range_mid,category_03,935,False,2,0.10056,"[0.10,0.25)",13.622833,1.0,True,exact_bitmap,,False
2026-08-30T19:41:15.787+00:00,calibration,0,124,VECTOR_FIRST_HNSW,price_range_mid,category_03,935,False,2,0.10056,"[0.10,0.25)",25.9465,0.3,False,exact_bitmap,,False
2026-08-30T19:41:15.800+00:00,calibration,0,124,HNSW_HYBRID,price_range_mid,category_03,935,False,2,0.10056,"[0.10,0.25)",12.128708,1.0,False,exact_bitmap,,False
2026-08-30T19:41:15.814+00:00,calibration,0,124,IVFFLAT_HYBRID,price_range_mid,category_03,935,False,2,0.10056,"[0.10,0.25)",12.760917,1.0,False,exact_bitmap,,False
2026-08-30T19:41:15.893+00:00,calibration,0,145,SQL_FIRST,price_range_mid,category_07,173,False,2,0.102435,"[0.10,0.25)",12.718375,1.0,True,exact_bitmap,,False
2026-08-30T19:41:15.921+00:00,calibration,0,145,VECTOR_FIRST_HNSW,price_range_mid,category_07,173,False,2,0.102435,"[0.10,0.25)",25.9085,0.2,False,exact_bitmap,,False
2026-08-30T19:41:15.934+00:00,calibration,0,145,HNSW_HYBRID,price_range_mid,category_07,173,False,2,0.102435,"[0.10,0.25)",12.128167,1.0,False,exact_bitmap,,False
2026-08-30T19:41:15.948+00:00,calibration,0,145,IVFFLAT_HYBRID,price_range_mid,category_07,173,False,2,0.102435,"[0.10,0.25)",13.103334,1.0,False,exact_bitmap,,False
2026-08-30T19:41:16.019+00:00,calibration,0,32,SQL_FIRST,category_and_stock,category_08,871,True,0,0.049415,"[0.00,0.05)",10.205291,1.0,True,exact_bitmap,,False
2026-08-30T19:41:16.046+00:00,calibration,0,32,VECTOR_FIRST_HNSW,category_and_stock,category_08,871,True,0,0.049415,"[0.00,0.05)",26.056875,0.2,False,exact_bitmap,,False
2026-08-30T19:41:16.056+00:00,calibration,0,32,HNSW_HYBRID,category_and_stock,category_08,871,True,0,0.049415,"[0.00,0.05)",9.584375,1.0,False,exact_bitmap,,False
2026-08-30T19:41:16.068+00:00,calibration,0,32,IVFFLAT_HYBRID,category_and_stock,category_08,871,True,0,0.049415,"[0.00,0.05)",10.176708,1.0,False,exact_bitmap,,False
2026-08-30T19:41:16.108+00:00,calibration,0,35,SQL_FIRST,category_narrow_price,category_00,510,True,0,0.005215,"[0.00,0.05)",2.607125,1.0,True,exact_bitmap,,False
2026-08-30T19:41:16.135+00:00,calibration,0,35,VECTOR_FIRST_HNSW,category_narrow_price,category_00,510,True,0,0.005215,"[0.00,0.05)",25.891333,0.0,False,exact_bitmap,,False
2026-08-30T19:41:16.138+00:00,calibration,0,35,HNSW_HYBRID,category_narrow_price,category_00,510,True,0,0.005215,"[0.00,0.05)",2.848125,1.0,False,exact_bitmap,,False
2026-08-30T19:41:16.142+00:00,calibration,0,35,IVFFLAT_HYBRID,category_narrow_price,category_00,510,True,0,0.005215,"[0.00,0.05)",2.664292,1.0,False,exact_bitmap,,False
2026-08-30T19:41:16.254+00:00,calibration,0,214,SQL_FIRST,stock_alone,category_01,778,True,4,0.500835,"[0.50,1.00)",20.461416,1.0,True,exact_seq,,False
2026-08-30T19:41:16.281+00:00,calibration,0,214,VECTOR_FIRST_HNSW,stock_alone,category_01,778,True,4,0.500835,"[0.50,1.00)",25.353958,1.0,False,exact_bitmap,,False
2026-08-30T19:41:16.303+00:00,calibration,0,214,HNSW_HYBRID,stock_alone,category_01,778,True,4,0.500835,"[0.50,1.00)",20.361292,1.0,False,exact_seq,,False
2026-08-30T19:41:16.326+00:00,calibration,0,214,IVFFLAT_HYBRID,stock_alone,category_01,778,True,4,0.500835,"[0.50,1.00)",20.308959,1.0,False,exact_seq,,False
2026-08-30T19:41:16.450+00:00,calibration,0,219,SQL_FIRST,wide_or,category_08,66,False,4,0.574485,"[0.50,1.00)",24.490875,1.0,True,exact_seq,,False
2026-08-30T19:41:16.477+00:00,calibration,0,219,VECTOR_FIRST_HNSW,wide_or,category_08,66,False,4,0.574485,"[0.50,1.00)",25.41075,1.0,False,exact_bitmap,,False
2026-08-30T19:41:16.501+00:00,calibration,0,219,HNSW_HYBRID,wide_or,category_08,66,False,4,0.574485,"[0.50,1.00)",23.535791,1.0,False,exact_seq,,False
2026-08-30T19:41:16.562+00:00,calibration,0,219,IVFFLAT_HYBRID,wide_or,category_08,66,False,4,0.574485,"[0.50,1.00)",59.547125,1.0,False,exact_seq,,False
2026-08-30T19:41:16.672+00:00,calibration,0,121,SQL_FIRST,two_categories,category_06,403,False,2,0.199965,"[0.10,0.25)",21.323459,1.0,True,exact_bitmap,,False
2026-08-30T19:41:16.699+00:00,calibration,0,121,VECTOR_FIRST_HNSW,two_categories,category_06,403,False,2,0.199965,"[0.10,0.25)",26.710667,0.6,False,exact_bitmap,,False
2026-08-30T19:41:16.722+00:00,calibration,0,121,HNSW_HYBRID,two_categories,category_06,403,False,2,0.199965,"[0.10,0.25)",21.779083,1.0,False,exact_bitmap,,False
2026-08-30T19:41:16.744+00:00,calibration,0,121,IVFFLAT_HYBRID,two_categories,category_06,403,False,2,0.199965,"[0.10,0.25)",21.418916,1.0,False,exact_bitmap,,False
2026-08-30T19:41:16.846+00:00,calibration,0,198,SQL_FIRST,three_categories,category_03,482,True,3,0.27136,"[0.25,0.50)",17.692625,1.0,True,exact_bitmap,,False
2026-08-30T19:41:16.873+00:00,calibration,0,198,VECTOR_FIRST_HNSW,three_categories,category_03,482,True,3,0.27136,"[0.25,0.50)",25.461875,1.0,False,exact_bitmap,,False
2026-08-30T19:41:16.892+00:00,calibration,0,198,HNSW_HYBRID,three_categories,category_03,482,True,3,0.27136,"[0.25,0.50)",17.7905,1.0,False,exact_bitmap,,False
2026-08-30T19:41:16.911+00:00,calibration,0,198,IVFFLAT_HYBRID,three_categories,category_03,482,True,3,0.27136,"[0.25,0.50)",17.505,1.0,False,exact_bitmap,,False
2026-08-30T19:41:17.053+00:00,calibration,0,234,SQL_FIRST,wide_or,category_06,645,True,4,0.838955,"[0.50,1.00)",29.749334,1.0,True,exact_seq,,False
2026-08-30T19:41:17.082+00:00,calibration,0,234,VECTOR_FIRST_HNSW,wide_or,category_06,645,True,4,0.838955,"[0.50,1.00)",26.891292,1.0,False,exact_bitmap,,False
2026-08-30T19:41:17.111+00:00,calibration,0,234,HNSW_HYBRID,wide_or,category_06,645,True,4,0.838955,"[0.50,1.00)",28.714083,1.0,False,exact_seq,,False
2026-08-30T19:41:17.141+00:00,calibration,0,234,IVFFLAT_HYBRID,wide_or,category_06,645,True,4,0.838955,"[0.50,1.00)",29.008709,1.0,False,exact_seq,,False
2026-08-30T19:41:17.245+00:00,calibration,0,81,SQL_FIRST,single_category,category_02,688,True,1,0.098965,"[0.05,0.10)",14.092708,1.0,True,exact_bitmap,,False
2026-08-30T19:41:17.275+00:00,calibration,0,81,VECTOR_FIRST_HNSW,single_category,category_02,688,True,1,0.098965,"[0.05,0.10)",28.313,0.6,False,exact_bitmap,,False
2026-08-30T19:41:17.288+00:00,calibration,0,81,HNSW_HYBRID,single_category,category_02,688,True,1,0.098965,"[0.05,0.10)",12.215209,1.0,False,exact_bitmap,,False
2026-08-30T19:41:17.302+00:00,calibration,0,81,IVFFLAT_HYBRID,single_category,category_02,688,True,1,0.098965,"[0.05,0.10)",13.050459,1.0,False,exact_bitmap,,False
2026-08-30T19:41:17.410+00:00,calibration,0,193,SQL_FIRST,three_categories,category_03,882,False,3,0.27136,"[0.25,0.50)",18.795333,1.0,True,exact_bitmap,,False
2026-08-30T19:41:17.441+00:00,calibration,0,193,VECTOR_FIRST_HNSW,three_categories,category_03,882,False,3,0.27136,"[0.25,0.50)",29.81125,1.0,False,exact_bitmap,,False
2026-08-30T19:41:17.462+00:00,calibration,0,193,HNSW_HYBRID,three_categories,category_03,882,False,3,0.27136,"[0.25,0.50)",19.468833,1.0,False,exact_bitmap,,False
2026-08-30T19:41:17.484+00:00,calibration,0,193,IVFFLAT_HYBRID,three_categories,category_03,882,False,3,0.27136,"[0.25,0.50)",20.404708,1.0,False,exact_bitmap,,False
2026-08-30T19:41:17.590+00:00,calibration,0,182,SQL_FIRST,three_categories,category_06,457,False,3,0.269895,"[0.25,0.50)",18.35575,1.0,True,exact_bitmap,,False
2026-08-30T19:41:17.618+00:00,calibration,0,182,VECTOR_FIRST_HNSW,three_categories,category_06,457,False,3,0.269895,"[0.25,0.50)",26.936,1.0,False,exact_bitmap,,False
2026-08-30T19:41:17.639+00:00,calibration,0,182,HNSW_HYBRID,three_categories,category_06,457,False,3,0.269895,"[0.25,0.50)",18.795375,1.0,False,exact_bitmap,,False
2026-08-30T19:41:17.661+00:00,calibration,0,182,IVFFLAT_HYBRID,three_categories,category_06,457,False,3,0.269895,"[0.25,0.50)",19.526541,1.0,False,exact_bitmap,,False
2026-08-30T19:41:17.744+00:00,calibration,0,108,SQL_FIRST,price_range_mid,category_04,844,False,2,0.102255,"[0.10,0.25)",13.83675,1.0,True,exact_bitmap,,False
2026-08-30T19:41:17.774+00:00,calibration,0,108,VECTOR_FIRST_HNSW,price_range_mid,category_04,844,False,2,0.102255,"[0.10,0.25)",28.464416,0.5,False,exact_bitmap,,False
2026-08-30T19:41:17.788+00:00,calibration,0,108,HNSW_HYBRID,price_range_mid,category_04,844,False,2,0.102255,"[0.10,0.25)",12.326542,1.0,False,exact_bitmap,,False
2026-08-30T19:41:17.802+00:00,calibration,0,108,IVFFLAT_HYBRID,price_range_mid,category_04,844,False,2,0.102255,"[0.10,0.25)",13.533208,1.0,False,exact_bitmap,,False
2026-08-30T19:41:17.886+00:00,calibration,0,75,SQL_FIRST,single_category,category_09,503,False,1,0.0999,"[0.05,0.10)",13.177,1.0,True,exact_bitmap,,False
2026-08-30T19:41:17.915+00:00,calibration,0,75,VECTOR_FIRST_HNSW,single_category,category_09,503,False,1,0.0999,"[0.05,0.10)",27.618375,0.4,False,exact_bitmap,,False
2026-08-30T19:41:17.929+00:00,calibration,0,75,HNSW_HYBRID,single_category,category_09,503,False,1,0.0999,"[0.05,0.10)",12.27125,1.0,False,exact_bitmap,,False
2026-08-30T19:41:17.943+00:00,calibration,0,75,IVFFLAT_HYBRID,single_category,category_09,503,False,1,0.0999,"[0.05,0.10)",13.321875,1.0,False,exact_bitmap,,False
2026-08-30T19:41:18.027+00:00,calibration,0,86,SQL_FIRST,single_category,category_08,973,True,1,0.098665,"[0.05,0.10)",13.0185,1.0,True,exact_bitmap,,False
2026-08-30T19:41:18.056+00:00,calibration,0,86,VECTOR_FIRST_HNSW,single_category,category_08,973,True,1,0.098665,"[0.05,0.10)",27.703625,0.5,False,exact_bitmap,,False
2026-08-30T19:41:18.069+00:00,calibration,0,86,HNSW_HYBRID,single_category,category_08,973,True,1,0.098665,"[0.05,0.10)",12.250959,1.0,False,exact_bitmap,,False
2026-08-30T19:41:18.084+00:00,calibration,0,86,IVFFLAT_HYBRID,single_category,category_08,973,True,1,0.098665,"[0.05,0.10)",13.417542,1.0,False,exact_bitmap,,False
2026-08-30T19:41:18.168+00:00,calibration,0,131,SQL_FIRST,price_range_mid,category_09,865,False,2,0.100935,"[0.10,0.25)",13.705459,1.0,True,exact_bitmap,,False
2026-08-30T19:41:18.197+00:00,calibration,0,131,VECTOR_FIRST_HNSW,price_range_mid,category_09,865,False,2,0.100935,"[0.10,0.25)",27.748625,0.7,False,exact_bitmap,,False
2026-08-30T19:41:18.211+00:00,calibration,0,131,HNSW_HYBRID,price_range_mid,category_09,865,False,2,0.100935,"[0.10,0.25)",13.036916,1.0,False,exact_bitmap,,False
2026-08-30T19:41:18.226+00:00,calibration,0,131,IVFFLAT_HYBRID,price_range_mid,category_09,865,False,2,0.100935,"[0.10,0.25)",13.713083,1.0,False,exact_bitmap,,False
2026-08-30T19:41:18.366+00:00,calibration,0,210,SQL_FIRST,wide_or,category_02,355,False,4,0.70661,"[0.50,1.00)",26.92575,1.0,True,exact_seq,,False
2026-08-30T19:41:18.395+00:00,calibration,0,210,VECTOR_FIRST_HNSW,wide_or,category_02,355,False,4,0.70661,"[0.50,1.00)",26.930584,1.0,False,exact_bitmap,,False
2026-08-30T19:41:18.423+00:00,calibration,0,210,HNSW_HYBRID,wide_or,category_02,355,False,4,0.70661,"[0.50,1.00)",27.480708,1.0,False,exact_seq,,False
2026-08-30T19:41:18.453+00:00,calibration,0,210,IVFFLAT_HYBRID,wide_or,category_02,355,False,4,0.70661,"[0.50,1.00)",28.061583,1.0,False,exact_seq,,False
2026-08-30T19:41:18.573+00:00,calibration,0,127,SQL_FIRST,two_categories,category_08,19,True,2,0.198565,"[0.10,0.25)",22.372083,1.0,True,exact_bitmap,,False
2026-08-30T19:41:18.602+00:00,calibration,0,127,VECTOR_FIRST_HNSW,two_categories,category_08,19,True,2,0.198565,"[0.10,0.25)",27.804375,1.0,False,exact_bitmap,,False
2026-08-30T19:41:18.627+00:00,calibration,0,127,HNSW_HYBRID,two_categories,category_08,19,True,2,0.198565,"[0.10,0.25)",22.882583,1.0,False,exact_bitmap,,False
2026-08-30T19:41:18.651+00:00,calibration,0,127,IVFFLAT_HYBRID,two_categories,category_08,19,True,2,0.198565,"[0.10,0.25)",23.113709,1.0,False,exact_bitmap,,False
2026-08-30T19:41:18.691+00:00,calibration,0,18,SQL_FIRST,category_narrow_price,category_02,943,False,0,0.004885,"[0.00,0.05)",2.70475,1.0,True,exact_bitmap,,False
2026-08-30T19:41:18.720+00:00,calibration,0,18,VECTOR_FIRST_HNSW,category_narrow_price,category_02,943,False,0,0.004885,"[0.00,0.05)",27.821709,0.3,False,exact_bitmap,,False
2026-08-30T19:41:18.725+00:00,calibration,0,18,HNSW_HYBRID,category_narrow_price,category_02,943,False,0,0.004885,"[0.00,0.05)",2.914666,1.0,False,exact_bitmap,,False
2026-08-30T19:41:18.728+00:00,calibration,0,18,IVFFLAT_HYBRID,category_narrow_price,category_02,943,False,0,0.004885,"[0.00,0.05)",2.151167,1.0,False,exact_bitmap,,False
2026-08-30T19:41:18.848+00:00,calibration,0,236,SQL_FIRST,stock_alone,category_09,796,True,4,0.500835,"[0.50,1.00)",22.197,1.0,True,exact_seq,,False
2026-08-30T19:41:18.876+00:00,calibration,0,236,VECTOR_FIRST_HNSW,stock_alone,category_09,796,True,4,0.500835,"[0.50,1.00)",26.988625,1.0,False,exact_bitmap,,False
2026-08-30T19:41:18.899+00:00,calibration,0,236,HNSW_HYBRID,stock_alone,category_09,796,True,4,0.500835,"[0.50,1.00)",21.560541,1.0,False,exact_seq,,False
2026-08-30T19:41:18.922+00:00,calibration,0,236,IVFFLAT_HYBRID,stock_alone,category_09,796,True,4,0.500835,"[0.50,1.00)",21.377834,1.0,False,exact_seq,,False
2026-08-30T19:41:19.060+00:00,calibration,0,202,SQL_FIRST,wide_or,category_01,278,True,4,0.67306,"[0.50,1.00)",26.633833,1.0,True,exact_seq,,False
2026-08-30T19:41:19.088+00:00,calibration,0,202,VECTOR_FIRST_HNSW,wide_or,category_01,278,True,4,0.67306,"[0.50,1.00)",26.734125,1.0,False,exact_bitmap,,False
2026-08-30T19:41:19.115+00:00,calibration,0,202,HNSW_HYBRID,wide_or,category_01,278,True,4,0.67306,"[0.50,1.00)",26.224584,1.0,False,exact_seq,,False
2026-08-30T19:41:19.143+00:00,calibration,0,202,IVFFLAT_HYBRID,wide_or,category_01,278,True,4,0.67306,"[0.50,1.00)",26.93875,1.0,False,exact_seq,,False
2026-08-30T19:41:19.216+00:00,calibration,0,49,SQL_FIRST,category_and_stock,category_04,765,True,0,0.04843,"[0.00,0.05)",11.001917,1.0,True,exact_bitmap,,False
2026-08-30T19:41:19.245+00:00,calibration,0,49,VECTOR_FIRST_HNSW,category_and_stock,category_04,765,True,0,0.04843,"[0.00,0.05)",28.019417,0.1,False,exact_bitmap,,False
2026-08-30T19:41:19.257+00:00,calibration,0,49,HNSW_HYBRID,category_and_stock,category_04,765,True,0,0.04843,"[0.00,0.05)",9.908625,1.0,False,exact_bitmap,,False
2026-08-30T19:41:19.269+00:00,calibration,0,49,IVFFLAT_HYBRID,category_and_stock,category_04,765,True,0,0.04843,"[0.00,0.05)",10.739167,1.0,False,exact_bitmap,,False
2026-08-30T19:41:19.386+00:00,calibration,0,223,SQL_FIRST,stock_alone,category_02,427,True,4,0.500835,"[0.50,1.00)",22.109625,1.0,True,exact_seq,,False
2026-08-30T19:41:19.415+00:00,calibration,0,223,VECTOR_FIRST_HNSW,stock_alone,category_02,427,True,4,0.500835,"[0.50,1.00)",27.058375,1.0,False,exact_bitmap,,False
2026-08-30T19:41:19.439+00:00,calibration,0,223,HNSW_HYBRID,stock_alone,category_02,427,True,4,0.500835,"[0.50,1.00)",22.691041,1.0,False,exact_seq,,False
2026-08-30T19:41:19.461+00:00,calibration,0,223,IVFFLAT_HYBRID,stock_alone,category_02,427,True,4,0.500835,"[0.50,1.00)",21.541417,1.0,False,exact_seq,,False
2026-08-30T19:41:19.545+00:00,calibration,0,70,SQL_FIRST,single_category,category_06,73,True,1,0.099535,"[0.05,0.10)",13.212042,1.0,True,exact_bitmap,,False
2026-08-30T19:41:19.574+00:00,calibration,0,70,VECTOR_FIRST_HNSW,single_category,category_06,73,True,1,0.099535,"[0.05,0.10)",27.703542,0.3,False,exact_bitmap,,False
2026-08-30T19:41:19.588+00:00,calibration,0,70,HNSW_HYBRID,single_category,category_06,73,True,1,0.099535,"[0.05,0.10)",12.257875,1.0,False,exact_bitmap,,False
2026-08-30T19:41:19.602+00:00,calibration,0,70,IVFFLAT_HYBRID,single_category,category_06,73,True,1,0.099535,"[0.05,0.10)",13.144208,1.0,False,exact_bitmap,,False
2026-08-30T19:41:19.684+00:00,calibration,0,95,SQL_FIRST,single_category,category_08,718,True,1,0.098665,"[0.05,0.10)",13.1565,1.0,True,exact_bitmap,,False
2026-08-30T19:41:19.713+00:00,calibration,0,95,VECTOR_FIRST_HNSW,single_category,category_08,718,True,1,0.098665,"[0.05,0.10)",28.04325,0.5,False,exact_bitmap,,False
2026-08-30T19:41:19.727+00:00,calibration,0,95,HNSW_HYBRID,single_category,category_08,718,True,1,0.098665,"[0.05,0.10)",12.1965,1.0,False,exact_bitmap,,False
2026-08-30T19:41:19.741+00:00,calibration,0,95,IVFFLAT_HYBRID,single_category,category_08,718,True,1,0.098665,"[0.05,0.10)",13.504458,1.0,False,exact_bitmap,,False
2026-08-30T19:41:19.858+00:00,calibration,0,201,SQL_FIRST,stock_alone,category_02,530,True,4,0.500835,"[0.50,1.00)",22.379916,1.0,True,exact_seq,,False
2026-08-30T19:41:19.888+00:00,calibration,0,201,VECTOR_FIRST_HNSW,stock_alone,category_02,530,True,4,0.500835,"[0.50,1.00)",27.779541,1.0,False,exact_bitmap,,False
2026-08-30T19:41:19.910+00:00,calibration,0,201,HNSW_HYBRID,stock_alone,category_02,530,True,4,0.500835,"[0.50,1.00)",21.297834,1.0,False,exact_seq,,False
2026-08-30T19:41:19.933+00:00,calibration,0,201,IVFFLAT_HYBRID,stock_alone,category_02,530,True,4,0.500835,"[0.50,1.00)",21.297542,1.0,False,exact_seq,,False
2026-08-30T19:41:20.042+00:00,calibration,0,163,SQL_FIRST,three_categories,category_04,503,True,3,0.267975,"[0.25,0.50)",18.859417,1.0,True,exact_bitmap,,False
2026-08-30T19:41:20.071+00:00,calibration,0,163,VECTOR_FIRST_HNSW,three_categories,category_04,503,True,3,0.267975,"[0.25,0.50)",26.965583,1.0,False,exact_bitmap,,False
2026-08-30T19:41:20.091+00:00,calibration,0,163,HNSW_HYBRID,three_categories,category_04,503,True,3,0.267975,"[0.25,0.50)",18.536833,1.0,False,exact_bitmap,,False
2026-08-30T19:41:20.110+00:00,calibration,0,163,IVFFLAT_HYBRID,three_categories,category_04,503,True,3,0.267975,"[0.25,0.50)",18.461542,1.0,False,exact_bitmap,,False
2026-08-30T19:41:20.192+00:00,calibration,0,64,SQL_FIRST,single_category,category_04,603,False,1,0.0967,"[0.05,0.10)",13.017541,1.0,True,exact_bitmap,,False
2026-08-30T19:41:20.221+00:00,calibration,0,64,VECTOR_FIRST_HNSW,single_category,category_04,603,False,1,0.0967,"[0.05,0.10)",27.687333,0.6,False,exact_bitmap,,False
2026-08-30T19:41:20.235+00:00,calibration,0,64,HNSW_HYBRID,single_category,category_04,603,False,1,0.0967,"[0.05,0.10)",12.14575,1.0,False,exact_bitmap,,False
2026-08-30T19:41:20.249+00:00,calibration,0,64,IVFFLAT_HYBRID,single_category,category_04,603,False,1,0.0967,"[0.05,0.10)",13.09875,1.0,False,exact_bitmap,,False
2026-08-30T19:41:20.333+00:00,calibration,0,119,SQL_FIRST,price_range_mid,category_04,413,True,2,0.101075,"[0.10,0.25)",13.501333,1.0,True,exact_bitmap,,False
2026-08-30T19:41:20.362+00:00,calibration,0,119,VECTOR_FIRST_HNSW,price_range_mid,category_04,413,True,2,0.101075,"[0.10,0.25)",27.554292,0.4,False,exact_bitmap,,False
2026-08-30T19:41:20.376+00:00,calibration,0,119,HNSW_HYBRID,price_range_mid,category_04,413,True,2,0.101075,"[0.10,0.25)",12.799375,1.0,False,exact_bitmap,,False
2026-08-30T19:41:20.392+00:00,calibration,0,119,IVFFLAT_HYBRID,price_range_mid,category_04,413,True,2,0.101075,"[0.10,0.25)",14.215542,1.0,False,exact_bitmap,,False
2026-08-30T19:41:20.477+00:00,calibration,0,93,SQL_FIRST,single_category,category_08,148,True,1,0.098665,"[0.05,0.10)",13.78875,1.0,True,exact_bitmap,,False
2026-08-30T19:41:20.506+00:00,calibration,0,93,VECTOR_FIRST_HNSW,single_category,category_08,148,True,1,0.098665,"[0.05,0.10)",27.806041,0.6,False,exact_bitmap,,False
2026-08-30T19:41:20.520+00:00,calibration,0,93,HNSW_HYBRID,single_category,category_08,148,True,1,0.098665,"[0.05,0.10)",12.563791,1.0,False,exact_bitmap,,False
2026-08-30T19:41:20.534+00:00,calibration,0,93,IVFFLAT_HYBRID,single_category,category_08,148,True,1,0.098665,"[0.05,0.10)",12.904416,1.0,False,exact_bitmap,,False
2026-08-30T19:41:20.620+00:00,calibration,0,149,SQL_FIRST,price_range_mid,category_09,850,True,2,0.101735,"[0.10,0.25)",13.616708,1.0,True,exact_bitmap,,False
2026-08-30T19:41:20.649+00:00,calibration,0,149,VECTOR_FIRST_HNSW,price_range_mid,category_09,850,True,2,0.101735,"[0.10,0.25)",27.787917,0.4,False,exact_bitmap,,False
2026-08-30T19:41:20.663+00:00,calibration,0,149,HNSW_HYBRID,price_range_mid,category_09,850,True,2,0.101735,"[0.10,0.25)",12.622833,1.0,False,exact_bitmap,,False
2026-08-30T19:41:20.678+00:00,calibration,0,149,IVFFLAT_HYBRID,price_range_mid,category_09,850,True,2,0.101735,"[0.10,0.25)",13.650208,1.0,False,exact_bitmap,,False
2026-08-30T19:41:20.720+00:00,calibration,0,21,SQL_FIRST,category_narrow_price,category_06,933,False,0,0.005,"[0.00,0.05)",2.82525,1.0,True,exact_bitmap,,False
2026-08-30T19:41:20.749+00:00,calibration,0,21,VECTOR_FIRST_HNSW,category_narrow_price,category_06,933,False,0,0.005,"[0.00,0.05)",27.633125,0.0,False,exact_bitmap,,False
2026-08-30T19:41:20.753+00:00,calibration,0,21,HNSW_HYBRID,category_narrow_price,category_06,933,False,0,0.005,"[0.00,0.05)",2.625209,1.0,False,exact_bitmap,,False
2026-08-30T19:41:20.757+00:00,calibration,0,21,IVFFLAT_HYBRID,category_narrow_price,category_06,933,False,0,0.005,"[0.00,0.05)",2.771958,1.0,False,exact_bitmap,,False
2026-08-30T19:41:20.874+00:00,calibration,0,238,SQL_FIRST,stock_alone,category_06,200,True,4,0.500835,"[0.50,1.00)",21.355666,1.0,True,exact_seq,,False
2026-08-30T19:41:20.903+00:00,calibration,0,238,VECTOR_FIRST_HNSW,stock_alone,category_06,200,True,4,0.500835,"[0.50,1.00)",26.796084,1.0,False,exact_bitmap,,False
2026-08-30T19:41:20.926+00:00,calibration,0,238,HNSW_HYBRID,stock_alone,category_06,200,True,4,0.500835,"[0.50,1.00)",22.800208,1.0,False,exact_seq,,False
2026-08-30T19:41:20.952+00:00,calibration,0,238,IVFFLAT_HYBRID,stock_alone,category_06,200,True,4,0.500835,"[0.50,1.00)",24.557458,1.0,False,exact_seq,,False
2026-08-30T19:41:21.036+00:00,calibration,0,62,SQL_FIRST,single_category,category_01,795,True,1,0.098665,"[0.05,0.10)",13.049375,1.0,True,exact_bitmap,,False
2026-08-30T19:41:21.065+00:00,calibration,0,62,VECTOR_FIRST_HNSW,single_category,category_01,795,True,1,0.098665,"[0.05,0.10)",28.082917,0.4,False,exact_bitmap,,False
2026-08-30T19:41:21.078+00:00,calibration,0,62,HNSW_HYBRID,single_category,category_01,795,True,1,0.098665,"[0.05,0.10)",12.379375,1.0,False,exact_bitmap,,False
2026-08-30T19:41:21.091+00:00,calibration,0,62,IVFFLAT_HYBRID,single_category,category_01,795,True,1,0.098665,"[0.05,0.10)",13.006542,1.0,False,exact_bitmap,,False
2026-08-30T19:41:21.211+00:00,calibration,0,104,SQL_FIRST,two_categories,category_07,804,True,2,0.1991,"[0.10,0.25)",22.421,1.0,True,exact_bitmap,,False
2026-08-30T19:41:21.240+00:00,calibration,0,104,VECTOR_FIRST_HNSW,two_categories,category_07,804,True,2,0.1991,"[0.10,0.25)",27.777333,0.9,False,exact_bitmap,,False
2026-08-30T19:41:21.263+00:00,calibration,0,104,HNSW_HYBRID,two_categories,category_07,804,True,2,0.1991,"[0.10,0.25)",21.263042,1.0,False,exact_bitmap,,False
2026-08-30T19:41:21.287+00:00,calibration,0,104,IVFFLAT_HYBRID,two_categories,category_07,804,True,2,0.1991,"[0.10,0.25)",22.417666,1.0,False,exact_bitmap,,False
2026-08-30T19:41:21.429+00:00,calibration,0,218,SQL_FIRST,wide_or,category_09,248,True,4,0.659905,"[0.50,1.00)",27.74875,1.0,True,exact_seq,,False
2026-08-30T19:41:21.459+00:00,calibration,0,218,VECTOR_FIRST_HNSW,wide_or,category_09,248,True,4,0.659905,"[0.50,1.00)",28.767833,1.0,False,exact_bitmap,,False
2026-08-30T19:41:21.487+00:00,calibration,0,218,HNSW_HYBRID,wide_or,category_09,248,True,4,0.659905,"[0.50,1.00)",27.299916,1.0,False,exact_seq,,False
2026-08-30T19:41:21.516+00:00,calibration,0,218,IVFFLAT_HYBRID,wide_or,category_09,248,True,4,0.659905,"[0.50,1.00)",26.482541,1.0,False,exact_seq,,False
2026-08-30T19:41:21.624+00:00,calibration,0,160,SQL_FIRST,three_categories,category_02,659,True,3,0.2705,"[0.25,0.50)",18.938625,1.0,True,exact_bitmap,,False
2026-08-30T19:41:21.653+00:00,calibration,0,160,VECTOR_FIRST_HNSW,three_categories,category_02,659,True,3,0.2705,"[0.25,0.50)",27.750375,1.0,False,exact_bitmap,,False
2026-08-30T19:41:21.683+00:00,calibration,0,160,HNSW_HYBRID,three_categories,category_02,659,True,3,0.2705,"[0.25,0.50)",27.763541,1.0,False,exact_bitmap,,False
2026-08-30T19:41:21.713+00:00,calibration,0,160,IVFFLAT_HYBRID,three_categories,category_02,659,True,3,0.2705,"[0.25,0.50)",29.112125,1.0,False,exact_bitmap,,False
2026-08-30T19:41:21.757+00:00,calibration,0,20,SQL_FIRST,category_narrow_price,category_08,151,True,0,0.00512,"[0.00,0.05)",3.005125,1.0,True,exact_bitmap,,False
2026-08-30T19:41:21.788+00:00,calibration,0,20,VECTOR_FIRST_HNSW,category_narrow_price,category_08,151,True,0,0.00512,"[0.00,0.05)",29.752417,0.0,False,exact_bitmap,,False
2026-08-30T19:41:21.791+00:00,calibration,0,20,HNSW_HYBRID,category_narrow_price,category_08,151,True,0,0.00512,"[0.00,0.05)",2.569834,1.0,False,exact_bitmap,,False
2026-08-30T19:41:21.795+00:00,calibration,0,20,IVFFLAT_HYBRID,category_narrow_price,category_08,151,True,0,0.00512,"[0.00,0.05)",2.925917,1.0,False,exact_bitmap,,False
2026-08-30T19:41:21.840+00:00,calibration,0,15,SQL_FIRST,category_narrow_price,category_04,858,True,0,0.004875,"[0.00,0.05)",4.005292,1.0,True,exact_bitmap,,False
2026-08-30T19:41:21.870+00:00,calibration,0,15,VECTOR_FIRST_HNSW,category_narrow_price,category_04,858,True,0,0.004875,"[0.00,0.05)",29.584083,0.0,False,exact_bitmap,,False
2026-08-30T19:41:21.874+00:00,calibration,0,15,HNSW_HYBRID,category_narrow_price,category_04,858,True,0,0.004875,"[0.00,0.05)",2.595125,1.0,False,exact_bitmap,,False
2026-08-30T19:41:21.878+00:00,calibration,0,15,IVFFLAT_HYBRID,category_narrow_price,category_04,858,True,0,0.004875,"[0.00,0.05)",2.822333,1.0,False,exact_bitmap,,False
2026-08-30T19:41:21.965+00:00,calibration,0,123,SQL_FIRST,single_category_alone,category_05,955,False,2,0.100035,"[0.10,0.25)",14.864875,1.0,True,exact_bitmap,,False
2026-08-30T19:41:22.000+00:00,calibration,0,123,VECTOR_FIRST_HNSW,single_category_alone,category_05,955,False,2,0.100035,"[0.10,0.25)",33.731,0.5,False,exact_bitmap,,False
2026-08-30T19:41:22.017+00:00,calibration,0,123,HNSW_HYBRID,single_category_alone,category_05,955,False,2,0.100035,"[0.10,0.25)",16.288084,1.0,False,exact_bitmap,,False
2026-08-30T19:41:22.032+00:00,calibration,0,123,IVFFLAT_HYBRID,single_category_alone,category_05,955,False,2,0.100035,"[0.10,0.25)",13.662375,1.0,False,exact_bitmap,,False
2026-08-30T19:41:22.108+00:00,calibration,0,14,SQL_FIRST,category_and_stock,category_05,593,False,0,0.049935,"[0.00,0.05)",11.018833,1.0,True,exact_bitmap,,False
2026-08-30T19:41:22.137+00:00,calibration,0,14,VECTOR_FIRST_HNSW,category_and_stock,category_05,593,False,0,0.049935,"[0.00,0.05)",27.88825,0.3,False,exact_bitmap,,False
2026-08-30T19:41:22.148+00:00,calibration,0,14,HNSW_HYBRID,category_and_stock,category_05,593,False,0,0.049935,"[0.00,0.05)",9.967667,1.0,False,exact_bitmap,,False
2026-08-30T19:41:22.161+00:00,calibration,0,14,IVFFLAT_HYBRID,category_and_stock,category_05,593,False,0,0.049935,"[0.00,0.05)",11.643792,1.0,False,exact_bitmap,,False
2026-08-30T19:41:22.353+00:00,calibration,0,230,SQL_FIRST,wide_or,category_04,599,False,4,0.817115,"[0.50,1.00)",29.173416,1.0,True,exact_seq,,False
2026-08-30T19:41:22.382+00:00,calibration,0,230,VECTOR_FIRST_HNSW,wide_or,category_04,599,False,4,0.817115,"[0.50,1.00)",27.705542,1.0,False,exact_bitmap,,False
2026-08-30T19:41:22.414+00:00,calibration,0,230,HNSW_HYBRID,wide_or,category_04,599,False,4,0.817115,"[0.50,1.00)",30.519833,1.0,False,exact_seq,,False
2026-08-30T19:41:22.449+00:00,calibration,0,230,IVFFLAT_HYBRID,wide_or,category_04,599,False,4,0.817115,"[0.50,1.00)",33.035417,1.0,False,exact_seq,,False
2026-08-30T19:41:22.529+00:00,calibration,0,38,SQL_FIRST,category_and_stock,category_04,44,True,0,0.04843,"[0.00,0.05)",11.821292,1.0,True,exact_bitmap,,False
2026-08-30T19:41:22.562+00:00,calibration,0,38,VECTOR_FIRST_HNSW,category_and_stock,category_04,44,True,0,0.04843,"[0.00,0.05)",32.191667,0.4,False,exact_bitmap,,False
2026-08-30T19:41:22.577+00:00,calibration,0,38,HNSW_HYBRID,category_and_stock,category_04,44,True,0,0.04843,"[0.00,0.05)",13.001125,1.0,False,exact_bitmap,,False
2026-08-30T19:41:22.590+00:00,calibration,0,38,IVFFLAT_HYBRID,category_and_stock,category_04,44,True,0,0.04843,"[0.00,0.05)",12.055208,1.0,False,exact_bitmap,,False
2026-08-30T19:41:22.761+00:00,calibration,0,247,SQL_FIRST,wide_or,category_07,952,False,4,0.9776,"[0.50,1.00)",34.004209,1.0,True,exact_seq,,False
2026-08-30T19:41:22.793+00:00,calibration,0,247,VECTOR_FIRST_HNSW,wide_or,category_07,952,False,4,0.9776,"[0.50,1.00)",30.337166,1.0,False,exact_bitmap,,False
2026-08-30T19:41:22.865+00:00,calibration,0,247,HNSW_HYBRID,wide_or,category_07,952,False,4,0.9776,"[0.50,1.00)",67.301166,1.0,False,exact_seq,,False
2026-08-30T19:41:22.900+00:00,calibration,0,247,IVFFLAT_HYBRID,wide_or,category_07,952,False,4,0.9776,"[0.50,1.00)",34.078833,1.0,False,exact_seq,,False
2026-08-30T19:41:23.028+00:00,calibration,0,194,SQL_FIRST,category_or_price,category_05,237,False,3,0.30864,"[0.25,0.50)",23.625458,1.0,True,exact_seq,,False
2026-08-30T19:41:23.061+00:00,calibration,0,194,VECTOR_FIRST_HNSW,category_or_price,category_05,237,False,3,0.30864,"[0.25,0.50)",31.851083,1.0,False,exact_bitmap,,False
2026-08-30T19:41:23.084+00:00,calibration,0,194,HNSW_HYBRID,category_or_price,category_05,237,False,3,0.30864,"[0.25,0.50)",22.527916,1.0,False,exact_seq,,False
2026-08-30T19:41:23.110+00:00,calibration,0,194,IVFFLAT_HYBRID,category_or_price,category_05,237,False,3,0.30864,"[0.25,0.50)",25.522375,1.0,False,exact_seq,,False
2026-08-30T19:41:23.199+00:00,calibration,0,106,SQL_FIRST,single_category_alone,category_03,663,True,2,0.1037,"[0.10,0.25)",14.194292,1.0,True,exact_bitmap,,False
2026-08-30T19:41:23.231+00:00,calibration,0,106,VECTOR_FIRST_HNSW,single_category_alone,category_03,663,True,2,0.1037,"[0.10,0.25)",29.930083,0.3,False,exact_bitmap,,False
2026-08-30T19:41:23.245+00:00,calibration,0,106,HNSW_HYBRID,single_category_alone,category_03,663,True,2,0.1037,"[0.10,0.25)",13.459166,1.0,False,exact_bitmap,,False
2026-08-30T19:41:23.260+00:00,calibration,0,106,IVFFLAT_HYBRID,single_category_alone,category_03,663,True,2,0.1037,"[0.10,0.25)",14.074209,1.0,False,exact_bitmap,,False
2026-08-30T19:41:23.349+00:00,calibration,0,142,SQL_FIRST,single_category_alone,category_00,223,True,2,0.1034,"[0.10,0.25)",14.239875,1.0,True,exact_bitmap,,False
2026-08-30T19:41:23.381+00:00,calibration,0,142,VECTOR_FIRST_HNSW,single_category_alone,category_00,223,True,2,0.1034,"[0.10,0.25)",29.990625,0.5,False,exact_bitmap,,False
2026-08-30T19:41:23.395+00:00,calibration,0,142,HNSW_HYBRID,single_category_alone,category_00,223,True,2,0.1034,"[0.10,0.25)",12.952584,1.0,False,exact_bitmap,,False
2026-08-30T19:41:23.410+00:00,calibration,0,142,IVFFLAT_HYBRID,single_category_alone,category_00,223,True,2,0.1034,"[0.10,0.25)",14.197208,1.0,False,exact_bitmap,,False
2026-08-30T19:41:23.458+00:00,calibration,0,44,SQL_FIRST,category_narrow_price,category_04,102,True,0,0.00508,"[0.00,0.05)",3.427375,1.0,True,exact_bitmap,,False
2026-08-30T19:41:23.490+00:00,calibration,0,44,VECTOR_FIRST_HNSW,category_narrow_price,category_04,102,True,0,0.00508,"[0.00,0.05)",30.826792,0.0,False,exact_bitmap,,False
2026-08-30T19:41:23.493+00:00,calibration,0,44,HNSW_HYBRID,category_narrow_price,category_04,102,True,0,0.00508,"[0.00,0.05)",2.75475,1.0,False,exact_bitmap,,False
2026-08-30T19:41:23.498+00:00,calibration,0,44,IVFFLAT_HYBRID,category_narrow_price,category_04,102,True,0,0.00508,"[0.00,0.05)",3.41625,1.0,False,exact_bitmap,,False
2026-08-30T19:41:23.542+00:00,calibration,0,3,SQL_FIRST,category_narrow_price,category_01,626,False,0,0.00491,"[0.00,0.05)",3.527584,1.0,True,exact_bitmap,,False
2026-08-30T19:41:23.574+00:00,calibration,0,3,VECTOR_FIRST_HNSW,category_narrow_price,category_01,626,False,0,0.00491,"[0.00,0.05)",30.972083,0.1,False,exact_bitmap,,False
2026-08-30T19:41:23.578+00:00,calibration,0,3,HNSW_HYBRID,category_narrow_price,category_01,626,False,0,0.00491,"[0.00,0.05)",2.877458,1.0,False,exact_bitmap,,False
2026-08-30T19:41:23.582+00:00,calibration,0,3,IVFFLAT_HYBRID,category_narrow_price,category_01,626,False,0,0.00491,"[0.00,0.05)",2.771083,1.0,False,exact_bitmap,,False
2026-08-30T19:41:23.626+00:00,calibration,0,43,SQL_FIRST,category_narrow_price,category_02,713,True,0,0.004955,"[0.00,0.05)",2.820208,1.0,True,exact_bitmap,,False
2026-08-30T19:41:23.659+00:00,calibration,0,43,VECTOR_FIRST_HNSW,category_narrow_price,category_02,713,True,0,0.004955,"[0.00,0.05)",31.502,0.0,False,exact_bitmap,,False
2026-08-30T19:41:23.662+00:00,calibration,0,43,HNSW_HYBRID,category_narrow_price,category_02,713,True,0,0.004955,"[0.00,0.05)",2.609584,1.0,False,exact_bitmap,,False
2026-08-30T19:41:23.667+00:00,calibration,0,43,IVFFLAT_HYBRID,category_narrow_price,category_02,713,True,0,0.004955,"[0.00,0.05)",3.019458,1.0,False,exact_bitmap,,False
2026-08-30T19:41:23.756+00:00,calibration,0,110,SQL_FIRST,price_range_mid,category_01,325,True,2,0.10188,"[0.10,0.25)",14.519833,1.0,True,exact_bitmap,,False
2026-08-30T19:41:23.788+00:00,calibration,0,110,VECTOR_FIRST_HNSW,price_range_mid,category_01,325,True,2,0.10188,"[0.10,0.25)",29.939833,0.5,False,exact_bitmap,,False
2026-08-30T19:41:23.803+00:00,calibration,0,110,HNSW_HYBRID,price_range_mid,category_01,325,True,2,0.10188,"[0.10,0.25)",13.17975,1.0,False,exact_bitmap,,False
2026-08-30T19:41:23.820+00:00,calibration,0,110,IVFFLAT_HYBRID,price_range_mid,category_01,325,True,2,0.10188,"[0.10,0.25)",14.47975,1.0,False,exact_bitmap,,False
2026-08-30T19:41:23.909+00:00,calibration,0,115,SQL_FIRST,single_category_alone,category_00,89,False,2,0.1034,"[0.10,0.25)",14.270625,1.0,True,exact_bitmap,,False
2026-08-30T19:41:23.940+00:00,calibration,0,115,VECTOR_FIRST_HNSW,single_category_alone,category_00,89,False,2,0.1034,"[0.10,0.25)",29.84925,0.5,False,exact_bitmap,,False
2026-08-30T19:41:23.955+00:00,calibration,0,115,HNSW_HYBRID,single_category_alone,category_00,89,False,2,0.1034,"[0.10,0.25)",13.629833,1.0,False,exact_bitmap,,False
2026-08-30T19:41:23.970+00:00,calibration,0,115,IVFFLAT_HYBRID,single_category_alone,category_00,89,False,2,0.1034,"[0.10,0.25)",14.538792,1.0,False,exact_bitmap,,False
2026-08-30T19:41:24.104+00:00,calibration,0,175,SQL_FIRST,category_or_price,category_07,420,False,3,0.475515,"[0.25,0.50)",24.814083,1.0,True,exact_seq,,False
2026-08-30T19:41:24.135+00:00,calibration,0,175,VECTOR_FIRST_HNSW,category_or_price,category_07,420,False,3,0.475515,"[0.25,0.50)",28.832333,1.0,False,exact_bitmap,,False
2026-08-30T19:41:24.161+00:00,calibration,0,175,HNSW_HYBRID,category_or_price,category_07,420,False,3,0.475515,"[0.25,0.50)",25.782,1.0,False,exact_seq,,False
2026-08-30T19:41:24.187+00:00,calibration,0,175,IVFFLAT_HYBRID,category_or_price,category_07,420,False,3,0.475515,"[0.25,0.50)",24.436125,1.0,False,exact_seq,,False
2026-08-30T19:41:24.334+00:00,calibration,0,207,SQL_FIRST,wide_or,category_03,292,False,4,0.680295,"[0.50,1.00)",29.33075,1.0,True,exact_seq,,False
2026-08-30T19:41:24.365+00:00,calibration,0,207,VECTOR_FIRST_HNSW,wide_or,category_03,292,False,4,0.680295,"[0.50,1.00)",29.288458,1.0,False,exact_bitmap,,False
2026-08-30T19:41:24.394+00:00,calibration,0,207,HNSW_HYBRID,wide_or,category_03,292,False,4,0.680295,"[0.50,1.00)",28.379625,1.0,False,exact_seq,,False
2026-08-30T19:41:24.424+00:00,calibration,0,207,IVFFLAT_HYBRID,wide_or,category_03,292,False,4,0.680295,"[0.50,1.00)",28.614167,1.0,False,exact_seq,,False
2026-08-30T19:41:24.513+00:00,calibration,0,57,SQL_FIRST,single_category,category_02,947,False,1,0.098965,"[0.05,0.10)",14.105542,1.0,True,exact_bitmap,,False
2026-08-30T19:41:24.545+00:00,calibration,0,57,VECTOR_FIRST_HNSW,single_category,category_02,947,False,1,0.098965,"[0.05,0.10)",30.212792,0.3,False,exact_bitmap,,False
2026-08-30T19:41:24.559+00:00,calibration,0,57,HNSW_HYBRID,single_category,category_02,947,False,1,0.098965,"[0.05,0.10)",12.896375,1.0,False,exact_bitmap,,False
2026-08-30T19:41:24.575+00:00,calibration,0,57,IVFFLAT_HYBRID,single_category,category_02,947,False,1,0.098965,"[0.05,0.10)",14.160209,1.0,False,exact_bitmap,,False
2026-08-30T19:41:24.663+00:00,calibration,0,78,SQL_FIRST,single_category,category_04,323,True,1,0.0967,"[0.05,0.10)",14.202166,1.0,True,exact_bitmap,,False
2026-08-30T19:41:24.695+00:00,calibration,0,78,VECTOR_FIRST_HNSW,single_category,category_04,323,True,1,0.0967,"[0.05,0.10)",30.940042,0.4,False,exact_bitmap,,False
2026-08-30T19:41:24.709+00:00,calibration,0,78,HNSW_HYBRID,single_category,category_04,323,True,1,0.0967,"[0.05,0.10)",13.0105,1.0,False,exact_bitmap,,False
2026-08-30T19:41:24.724+00:00,calibration,0,78,IVFFLAT_HYBRID,single_category,category_04,323,True,1,0.0967,"[0.05,0.10)",13.985542,1.0,False,exact_bitmap,,False
2026-08-30T19:41:24.813+00:00,calibration,0,63,SQL_FIRST,single_category,category_01,465,False,1,0.098665,"[0.05,0.10)",14.182959,1.0,True,exact_bitmap,,False
2026-08-30T19:41:24.845+00:00,calibration,0,63,VECTOR_FIRST_HNSW,single_category,category_01,465,False,1,0.098665,"[0.05,0.10)",30.790083,0.3,False,exact_bitmap,,False
2026-08-30T19:41:24.859+00:00,calibration,0,63,HNSW_HYBRID,single_category,category_01,465,False,1,0.098665,"[0.05,0.10)",12.964708,1.0,False,exact_bitmap,,False
2026-08-30T19:41:24.874+00:00,calibration,0,63,IVFFLAT_HYBRID,single_category,category_01,465,False,1,0.098665,"[0.05,0.10)",14.042,1.0,False,exact_bitmap,,False
2026-08-30T19:41:24.963+00:00,calibration,0,87,SQL_FIRST,single_category,category_02,618,False,1,0.098965,"[0.05,0.10)",15.196709,1.0,True,exact_bitmap,,False
2026-08-30T19:41:25.009+00:00,calibration,0,87,VECTOR_FIRST_HNSW,single_category,category_02,618,False,1,0.098965,"[0.05,0.10)",44.311542,0.9,False,exact_bitmap,,False
2026-08-30T19:41:25.023+00:00,calibration,0,87,HNSW_HYBRID,single_category,category_02,618,False,1,0.098965,"[0.05,0.10)",13.841834,1.0,False,exact_bitmap,,False
2026-08-30T19:41:25.036+00:00,calibration,0,87,IVFFLAT_HYBRID,single_category,category_02,618,False,1,0.098965,"[0.05,0.10)",12.1295,1.0,False,exact_bitmap,,False
2026-08-30T19:41:25.108+00:00,calibration,0,83,SQL_FIRST,single_category,category_04,203,False,1,0.0967,"[0.05,0.10)",12.80175,1.0,True,exact_bitmap,,False
2026-08-30T19:41:25.133+00:00,calibration,0,83,VECTOR_FIRST_HNSW,single_category,category_04,203,False,1,0.0967,"[0.05,0.10)",24.216042,0.3,False,exact_bitmap,,False
2026-08-30T19:41:25.146+00:00,calibration,0,83,HNSW_HYBRID,single_category,category_04,203,False,1,0.0967,"[0.05,0.10)",12.0815,1.0,False,exact_bitmap,,False
2026-08-30T19:41:25.159+00:00,calibration,0,83,IVFFLAT_HYBRID,single_category,category_04,203,False,1,0.0967,"[0.05,0.10)",12.125792,1.0,False,exact_bitmap,,False
2026-08-30T19:41:25.228+00:00,calibration,0,42,SQL_FIRST,category_and_stock,category_05,183,False,0,0.049935,"[0.00,0.05)",9.104291,1.0,True,exact_bitmap,,False
2026-08-30T19:41:25.254+00:00,calibration,0,42,VECTOR_FIRST_HNSW,category_and_stock,category_05,183,False,0,0.049935,"[0.00,0.05)",23.859,0.1,False,exact_bitmap,,False
2026-08-30T19:41:25.264+00:00,calibration,0,42,HNSW_HYBRID,category_and_stock,category_05,183,False,0,0.049935,"[0.00,0.05)",9.037,1.0,False,exact_bitmap,,False
2026-08-30T19:41:25.274+00:00,calibration,0,42,IVFFLAT_HYBRID,category_and_stock,category_05,183,False,0,0.049935,"[0.00,0.05)",9.129708,1.0,False,exact_bitmap,,False
2026-08-30T19:41:25.376+00:00,calibration,0,226,SQL_FIRST,stock_alone,category_00,335,True,4,0.500835,"[0.50,1.00)",19.095792,1.0,True,exact_seq,,False
2026-08-30T19:41:25.401+00:00,calibration,0,226,VECTOR_FIRST_HNSW,stock_alone,category_00,335,True,4,0.500835,"[0.50,1.00)",22.961125,1.0,False,exact_bitmap,,False
2026-08-30T19:41:25.427+00:00,calibration,0,226,HNSW_HYBRID,stock_alone,category_00,335,True,4,0.500835,"[0.50,1.00)",24.148,1.0,False,exact_seq,,False
2026-08-30T19:41:25.450+00:00,calibration,0,226,IVFFLAT_HYBRID,stock_alone,category_00,335,True,4,0.500835,"[0.50,1.00)",22.675292,1.0,False,exact_seq,,False
2026-08-30T19:41:25.489+00:00,calibration,0,6,SQL_FIRST,category_narrow_price,category_00,373,True,0,0.00525,"[0.00,0.05)",2.274875,1.0,True,exact_bitmap,,False
2026-08-30T19:41:25.518+00:00,calibration,0,6,VECTOR_FIRST_HNSW,category_narrow_price,category_00,373,True,0,0.00525,"[0.00,0.05)",27.7595,0.0,False,exact_bitmap,,False
2026-08-30T19:41:25.522+00:00,calibration,0,6,HNSW_HYBRID,category_narrow_price,category_00,373,True,0,0.00525,"[0.00,0.05)",2.681292,1.0,False,exact_bitmap,,False
2026-08-30T19:41:25.526+00:00,calibration,0,6,IVFFLAT_HYBRID,category_narrow_price,category_00,373,True,0,0.00525,"[0.00,0.05)",2.987,1.0,False,exact_bitmap,,False
2026-08-30T19:41:25.643+00:00,calibration,0,158,SQL_FIRST,three_categories,category_06,346,False,3,0.269895,"[0.25,0.50)",21.557708,1.0,True,exact_bitmap,,False
2026-08-30T19:41:25.674+00:00,calibration,0,158,VECTOR_FIRST_HNSW,three_categories,category_06,346,False,3,0.269895,"[0.25,0.50)",29.321666,1.0,False,exact_bitmap,,False
2026-08-30T19:41:25.694+00:00,calibration,0,158,HNSW_HYBRID,three_categories,category_06,346,False,3,0.269895,"[0.25,0.50)",19.441375,1.0,False,exact_bitmap,,False
2026-08-30T19:41:25.715+00:00,calibration,0,158,IVFFLAT_HYBRID,three_categories,category_06,346,False,3,0.269895,"[0.25,0.50)",19.4155,1.0,False,exact_bitmap,,False
2026-08-30T19:41:25.843+00:00,calibration,0,139,SQL_FIRST,two_categories,category_08,645,True,2,0.198565,"[0.10,0.25)",24.004708,1.0,True,exact_bitmap,,False
2026-08-30T19:41:25.874+00:00,calibration,0,139,VECTOR_FIRST_HNSW,two_categories,category_08,645,True,2,0.198565,"[0.10,0.25)",30.070208,0.6,False,exact_bitmap,,False
2026-08-30T19:41:25.898+00:00,calibration,0,139,HNSW_HYBRID,two_categories,category_08,645,True,2,0.198565,"[0.10,0.25)",22.466416,1.0,False,exact_bitmap,,False
2026-08-30T19:41:25.923+00:00,calibration,0,139,IVFFLAT_HYBRID,two_categories,category_08,645,True,2,0.198565,"[0.10,0.25)",23.995417,1.0,False,exact_bitmap,,False
2026-08-30T19:41:26.039+00:00,calibration,0,192,SQL_FIRST,three_categories,category_04,583,False,3,0.267975,"[0.25,0.50)",19.687125,1.0,True,exact_bitmap,,False
2026-08-30T19:41:26.070+00:00,calibration,0,192,VECTOR_FIRST_HNSW,three_categories,category_04,583,False,3,0.267975,"[0.25,0.50)",28.732417,1.0,False,exact_bitmap,,False
2026-08-30T19:41:26.091+00:00,calibration,0,192,HNSW_HYBRID,three_categories,category_04,583,False,3,0.267975,"[0.25,0.50)",19.88025,1.0,False,exact_bitmap,,False
2026-08-30T19:41:26.112+00:00,calibration,0,192,IVFFLAT_HYBRID,three_categories,category_04,583,False,3,0.267975,"[0.25,0.50)",19.376292,1.0,False,exact_bitmap,,False
2026-08-30T19:41:26.273+00:00,calibration,0,250,SQL_FIRST,wide_or,category_09,634,True,4,0.83355,"[0.50,1.00)",30.798208,1.0,True,exact_seq,,False
2026-08-30T19:41:26.307+00:00,calibration,0,250,VECTOR_FIRST_HNSW,wide_or,category_09,634,True,4,0.83355,"[0.50,1.00)",29.207042,1.0,False,exact_bitmap,,False
2026-08-30T19:41:26.341+00:00,calibration,0,250,HNSW_HYBRID,wide_or,category_09,634,True,4,0.83355,"[0.50,1.00)",31.77725,1.0,False,exact_seq,,False
2026-08-30T19:41:26.373+00:00,calibration,0,250,IVFFLAT_HYBRID,wide_or,category_09,634,True,4,0.83355,"[0.50,1.00)",31.067334,1.0,False,exact_seq,,False
2026-08-30T19:41:26.418+00:00,calibration,0,1,SQL_FIRST,category_narrow_price,category_07,105,True,0,0.00525,"[0.00,0.05)",3.580209,1.0,True,exact_bitmap,,False
2026-08-30T19:41:26.452+00:00,calibration,0,1,VECTOR_FIRST_HNSW,category_narrow_price,category_07,105,True,0,0.00525,"[0.00,0.05)",31.406167,0.1,False,exact_bitmap,,False
2026-08-30T19:41:26.456+00:00,calibration,0,1,HNSW_HYBRID,category_narrow_price,category_07,105,True,0,0.00525,"[0.00,0.05)",2.733708,1.0,False,exact_bitmap,,False
2026-08-30T19:41:26.460+00:00,calibration,0,1,IVFFLAT_HYBRID,category_narrow_price,category_07,105,True,0,0.00525,"[0.00,0.05)",3.073917,1.0,False,exact_bitmap,,False
2026-08-30T19:41:26.553+00:00,calibration,0,96,SQL_FIRST,single_category,category_04,186,True,1,0.0967,"[0.05,0.10)",16.494791,1.0,True,exact_bitmap,,False
2026-08-30T19:41:26.598+00:00,calibration,0,96,VECTOR_FIRST_HNSW,single_category,category_04,186,True,1,0.0967,"[0.05,0.10)",40.988292,0.6,False,exact_bitmap,,False
2026-08-30T19:41:26.793+00:00,calibration,0,96,HNSW_HYBRID,single_category,category_04,186,True,1,0.0967,"[0.05,0.10)",192.762917,1.0,False,exact_bitmap,,False
2026-08-30T19:41:26.924+00:00,calibration,0,96,IVFFLAT_HYBRID,single_category,category_04,186,True,1,0.0967,"[0.05,0.10)",125.207875,1.0,False,exact_bitmap,,False
2026-08-30T19:41:27.074+00:00,calibration,0,146,SQL_FIRST,two_categories,category_04,747,False,2,0.196735,"[0.10,0.25)",24.115708,1.0,True,exact_bitmap,,False
2026-08-30T19:41:27.105+00:00,calibration,0,146,VECTOR_FIRST_HNSW,two_categories,category_04,747,False,2,0.196735,"[0.10,0.25)",29.166041,1.0,False,exact_bitmap,,False
2026-08-30T19:41:27.129+00:00,calibration,0,146,HNSW_HYBRID,two_categories,category_04,747,False,2,0.196735,"[0.10,0.25)",22.921084,1.0,False,exact_bitmap,,False
2026-08-30T19:41:27.156+00:00,calibration,0,146,IVFFLAT_HYBRID,two_categories,category_04,747,False,2,0.196735,"[0.10,0.25)",26.013041,1.0,False,exact_bitmap,,False
2026-08-30T19:41:27.206+00:00,calibration,0,16,SQL_FIRST,category_narrow_price,category_04,802,False,0,0.0049,"[0.00,0.05)",3.685875,1.0,True,exact_bitmap,,False
2026-08-30T19:41:27.241+00:00,calibration,0,16,VECTOR_FIRST_HNSW,category_narrow_price,category_04,802,False,0,0.0049,"[0.00,0.05)",33.772667,0.1,False,exact_bitmap,,False
2026-08-30T19:41:27.246+00:00,calibration,0,16,HNSW_HYBRID,category_narrow_price,category_04,802,False,0,0.0049,"[0.00,0.05)",3.224625,1.0,False,exact_bitmap,,False
2026-08-30T19:41:27.250+00:00,calibration,0,16,IVFFLAT_HYBRID,category_narrow_price,category_04,802,False,0,0.0049,"[0.00,0.05)",2.933541,1.0,False,exact_bitmap,,False
2026-08-30T19:41:27.377+00:00,calibration,0,136,SQL_FIRST,two_categories,category_01,898,True,2,0.197635,"[0.10,0.25)",24.446125,1.0,True,exact_bitmap,,False
2026-08-30T19:41:27.409+00:00,calibration,0,136,VECTOR_FIRST_HNSW,two_categories,category_01,898,True,2,0.197635,"[0.10,0.25)",31.280541,0.6,False,exact_bitmap,,False
2026-08-30T19:41:27.435+00:00,calibration,0,136,HNSW_HYBRID,two_categories,category_01,898,True,2,0.197635,"[0.10,0.25)",24.306375,1.0,False,exact_bitmap,,False
2026-08-30T19:41:27.458+00:00,calibration,0,136,IVFFLAT_HYBRID,two_categories,category_01,898,True,2,0.197635,"[0.10,0.25)",22.082125,1.0,False,exact_bitmap,,False
2026-08-30T19:41:27.577+00:00,calibration,0,162,SQL_FIRST,three_categories,category_02,128,True,3,0.2705,"[0.25,0.50)",22.881417,1.0,True,exact_bitmap,,False
2026-08-30T19:41:27.607+00:00,calibration,0,162,VECTOR_FIRST_HNSW,three_categories,category_02,128,True,3,0.2705,"[0.25,0.50)",28.416959,1.0,False,exact_bitmap,,False
2026-08-30T19:41:27.629+00:00,calibration,0,162,HNSW_HYBRID,three_categories,category_02,128,True,3,0.2705,"[0.25,0.50)",21.276333,1.0,False,exact_bitmap,,False
2026-08-30T19:41:27.651+00:00,calibration,0,162,IVFFLAT_HYBRID,three_categories,category_02,128,True,3,0.2705,"[0.25,0.50)",20.8175,1.0,False,exact_bitmap,,False
2026-08-30T19:41:27.785+00:00,calibration,0,209,SQL_FIRST,stock_alone,category_04,462,True,4,0.500835,"[0.50,1.00)",24.717542,1.0,True,exact_seq,,False
2026-08-30T19:41:27.818+00:00,calibration,0,209,VECTOR_FIRST_HNSW,stock_alone,category_04,462,True,4,0.500835,"[0.50,1.00)",31.017459,1.0,False,exact_bitmap,,False
2026-08-30T19:41:27.847+00:00,calibration,0,209,HNSW_HYBRID,stock_alone,category_04,462,True,4,0.500835,"[0.50,1.00)",26.937417,1.0,False,exact_seq,,False
2026-08-30T19:41:27.872+00:00,calibration,0,209,IVFFLAT_HYBRID,stock_alone,category_04,462,True,4,0.500835,"[0.50,1.00)",23.925958,1.0,False,exact_seq,,False
2026-08-30T19:41:28.056+00:00,calibration,0,59,SQL_FIRST,single_category,category_02,440,False,1,0.098965,"[0.05,0.10)",24.062916,1.0,True,exact_bitmap,,False
2026-08-30T19:41:28.091+00:00,calibration,0,59,VECTOR_FIRST_HNSW,single_category,category_02,440,False,1,0.098965,"[0.05,0.10)",33.408458,0.5,False,exact_bitmap,,False
2026-08-30T19:41:28.106+00:00,calibration,0,59,HNSW_HYBRID,single_category,category_02,440,False,1,0.098965,"[0.05,0.10)",14.526542,1.0,False,exact_bitmap,,False
2026-08-30T19:41:28.125+00:00,calibration,0,59,IVFFLAT_HYBRID,single_category,category_02,440,False,1,0.098965,"[0.05,0.10)",18.003209,1.0,False,exact_bitmap,,False
2026-08-30T19:41:28.259+00:00,calibration,0,141,SQL_FIRST,two_categories,category_02,989,True,2,0.202665,"[0.10,0.25)",25.161958,1.0,True,exact_bitmap,,False
2026-08-30T19:41:28.297+00:00,calibration,0,141,VECTOR_FIRST_HNSW,two_categories,category_02,989,True,2,0.202665,"[0.10,0.25)",36.078542,0.6,False,exact_bitmap,,False
2026-08-30T19:41:28.323+00:00,calibration,0,141,HNSW_HYBRID,two_categories,category_02,989,True,2,0.202665,"[0.10,0.25)",24.50225,1.0,False,exact_bitmap,,False
2026-08-30T19:41:28.348+00:00,calibration,0,141,IVFFLAT_HYBRID,two_categories,category_02,989,True,2,0.202665,"[0.10,0.25)",24.234916,1.0,False,exact_bitmap,,False
2026-08-30T19:41:28.450+00:00,calibration,0,103,SQL_FIRST,price_range_mid,category_01,210,True,2,0.10253,"[0.10,0.25)",16.9625,1.0,True,exact_bitmap,,False
2026-08-30T19:41:28.487+00:00,calibration,0,103,VECTOR_FIRST_HNSW,price_range_mid,category_01,210,True,2,0.10253,"[0.10,0.25)",35.296458,0.6,False,exact_bitmap,,False
2026-08-30T19:41:28.502+00:00,calibration,0,103,HNSW_HYBRID,price_range_mid,category_01,210,True,2,0.10253,"[0.10,0.25)",13.845,1.0,False,exact_bitmap,,False
2026-08-30T19:41:28.519+00:00,calibration,0,103,IVFFLAT_HYBRID,price_range_mid,category_01,210,True,2,0.10253,"[0.10,0.25)",14.968625,1.0,False,exact_bitmap,,False
2026-08-30T19:41:28.567+00:00,calibration,0,28,SQL_FIRST,category_narrow_price,category_09,301,False,0,0.00509,"[0.00,0.05)",3.109167,1.0,True,exact_bitmap,,False
2026-08-30T19:41:28.601+00:00,calibration,0,28,VECTOR_FIRST_HNSW,category_narrow_price,category_09,301,False,0,0.00509,"[0.00,0.05)",32.089417,0.0,False,exact_bitmap,,False
2026-08-30T19:41:28.605+00:00,calibration,0,28,HNSW_HYBRID,category_narrow_price,category_09,301,False,0,0.00509,"[0.00,0.05)",3.282625,1.0,False,exact_bitmap,,False
2026-08-30T19:41:28.609+00:00,calibration,0,28,IVFFLAT_HYBRID,category_narrow_price,category_09,301,False,0,0.00509,"[0.00,0.05)",2.647333,1.0,False,exact_bitmap,,False
2026-08-30T19:41:28.700+00:00,calibration,0,52,SQL_FIRST,single_category,category_08,370,False,1,0.098665,"[0.05,0.10)",14.60825,1.0,True,exact_bitmap,,False
2026-08-30T19:41:28.739+00:00,calibration,0,52,VECTOR_FIRST_HNSW,single_category,category_08,370,False,1,0.098665,"[0.05,0.10)",37.087042,0.5,False,exact_bitmap,,False
2026-08-30T19:41:28.756+00:00,calibration,0,52,HNSW_HYBRID,single_category,category_08,370,False,1,0.098665,"[0.05,0.10)",16.61225,1.0,False,exact_bitmap,,False
2026-08-30T19:41:28.776+00:00,calibration,0,52,IVFFLAT_HYBRID,single_category,category_08,370,False,1,0.098665,"[0.05,0.10)",17.640417,1.0,False,exact_bitmap,,False
2026-08-30T19:41:28.928+00:00,calibration,0,233,SQL_FIRST,stock_alone,category_09,622,True,4,0.500835,"[0.50,1.00)",29.394333,1.0,True,exact_seq,,False
2026-08-30T19:41:28.959+00:00,calibration,0,233,VECTOR_FIRST_HNSW,stock_alone,category_09,622,True,4,0.500835,"[0.50,1.00)",30.26875,1.0,False,exact_bitmap,,False
2026-08-30T19:41:28.985+00:00,calibration,0,233,HNSW_HYBRID,stock_alone,category_09,622,True,4,0.500835,"[0.50,1.00)",24.912833,1.0,False,exact_seq,,False
2026-08-30T19:41:29.014+00:00,calibration,0,233,IVFFLAT_HYBRID,stock_alone,category_09,622,True,4,0.500835,"[0.50,1.00)",27.698417,1.0,False,exact_seq,,False
2026-08-30T19:41:29.105+00:00,calibration,0,53,SQL_FIRST,single_category,category_01,926,False,1,0.098665,"[0.05,0.10)",16.058459,1.0,True,exact_bitmap,,False
2026-08-30T19:41:29.142+00:00,calibration,0,53,VECTOR_FIRST_HNSW,single_category,category_01,926,False,1,0.098665,"[0.05,0.10)",35.784875,0.5,False,exact_bitmap,,False
2026-08-30T19:41:29.158+00:00,calibration,0,53,HNSW_HYBRID,single_category,category_01,926,False,1,0.098665,"[0.05,0.10)",15.13775,1.0,False,exact_bitmap,,False
2026-08-30T19:41:29.174+00:00,calibration,0,53,IVFFLAT_HYBRID,single_category,category_01,926,False,1,0.098665,"[0.05,0.10)",15.112083,1.0,False,exact_bitmap,,False
2026-08-30T19:41:29.350+00:00,calibration,0,246,SQL_FIRST,stock_alone,category_02,387,True,4,0.500835,"[0.50,1.00)",28.002209,1.0,True,exact_seq,,False
2026-08-30T19:41:29.382+00:00,calibration,0,246,VECTOR_FIRST_HNSW,stock_alone,category_02,387,True,4,0.500835,"[0.50,1.00)",31.222,1.0,False,exact_bitmap,,False
2026-08-30T19:41:29.410+00:00,calibration,0,246,HNSW_HYBRID,stock_alone,category_02,387,True,4,0.500835,"[0.50,1.00)",26.8455,1.0,False,exact_seq,,False
2026-08-30T19:41:29.442+00:00,calibration,0,246,IVFFLAT_HYBRID,stock_alone,category_02,387,True,4,0.500835,"[0.50,1.00)",30.776375,1.0,False,exact_seq,,False
2026-08-30T19:41:29.538+00:00,calibration,0,60,SQL_FIRST,single_category,category_06,38,False,1,0.099535,"[0.05,0.10)",15.401958,1.0,True,exact_bitmap,,False
2026-08-30T19:41:29.573+00:00,calibration,0,60,VECTOR_FIRST_HNSW,single_category,category_06,38,False,1,0.099535,"[0.05,0.10)",33.506458,0.4,False,exact_bitmap,,False
2026-08-30T19:41:29.589+00:00,calibration,0,60,HNSW_HYBRID,single_category,category_06,38,False,1,0.099535,"[0.05,0.10)",15.142292,1.0,False,exact_bitmap,,False
2026-08-30T19:41:29.606+00:00,calibration,0,60,IVFFLAT_HYBRID,single_category,category_06,38,False,1,0.099535,"[0.05,0.10)",16.139125,1.0,False,exact_bitmap,,False
2026-08-30T19:41:29.764+00:00,calibration,0,211,SQL_FIRST,wide_or,category_05,433,True,4,0.74369,"[0.50,1.00)",29.588625,1.0,True,exact_seq,,False
2026-08-30T19:41:29.795+00:00,calibration,0,211,VECTOR_FIRST_HNSW,wide_or,category_05,433,True,4,0.74369,"[0.50,1.00)",28.860375,1.0,False,exact_bitmap,,False
2026-08-30T19:41:29.826+00:00,calibration,0,211,HNSW_HYBRID,wide_or,category_05,433,True,4,0.74369,"[0.50,1.00)",29.582083,1.0,False,exact_seq,,False
2026-08-30T19:41:29.859+00:00,calibration,0,211,IVFFLAT_HYBRID,wide_or,category_05,433,True,4,0.74369,"[0.50,1.00)",32.646916,1.0,False,exact_seq,,False
2026-08-30T19:41:29.992+00:00,calibration,0,181,SQL_FIRST,category_or_price,category_03,278,False,3,0.34869,"[0.25,0.50)",24.358041,1.0,True,exact_seq,,False
2026-08-30T19:41:30.026+00:00,calibration,0,181,VECTOR_FIRST_HNSW,category_or_price,category_03,278,False,3,0.34869,"[0.25,0.50)",32.10525,1.0,False,exact_bitmap,,False
2026-08-30T19:41:30.050+00:00,calibration,0,181,HNSW_HYBRID,category_or_price,category_03,278,False,3,0.34869,"[0.25,0.50)",23.758667,1.0,False,exact_seq,,False
2026-08-30T19:41:30.074+00:00,calibration,0,181,IVFFLAT_HYBRID,category_or_price,category_03,278,False,3,0.34869,"[0.25,0.50)",23.326125,1.0,False,exact_seq,,False
2026-08-30T19:41:30.165+00:00,calibration,0,65,SQL_FIRST,single_category,category_09,614,True,1,0.0999,"[0.05,0.10)",14.481125,1.0,True,exact_bitmap,,False
2026-08-30T19:41:30.197+00:00,calibration,0,65,VECTOR_FIRST_HNSW,single_category,category_09,614,True,1,0.0999,"[0.05,0.10)",30.328625,0.1,False,exact_bitmap,,False
2026-08-30T19:41:30.213+00:00,calibration,0,65,HNSW_HYBRID,single_category,category_09,614,True,1,0.0999,"[0.05,0.10)",15.172083,1.0,False,exact_bitmap,,False
2026-08-30T19:41:30.229+00:00,calibration,0,65,IVFFLAT_HYBRID,single_category,category_09,614,True,1,0.0999,"[0.05,0.10)",14.305708,1.0,False,exact_bitmap,,False
2026-08-30T19:41:30.274+00:00,calibration,0,40,SQL_FIRST,category_narrow_price,category_05,416,True,0,0.00512,"[0.00,0.05)",3.05775,1.0,True,exact_bitmap,,False
2026-08-30T19:41:30.305+00:00,calibration,0,40,VECTOR_FIRST_HNSW,category_narrow_price,category_05,416,True,0,0.00512,"[0.00,0.05)",30.087084,0.0,False,exact_bitmap,,False
2026-08-30T19:41:30.309+00:00,calibration,0,40,HNSW_HYBRID,category_narrow_price,category_05,416,True,0,0.00512,"[0.00,0.05)",2.597875,1.0,False,exact_bitmap,,False
2026-08-30T19:41:30.312+00:00,calibration,0,40,IVFFLAT_HYBRID,category_narrow_price,category_05,416,True,0,0.00512,"[0.00,0.05)",2.633125,1.0,False,exact_bitmap,,False
2026-08-30T19:41:30.484+00:00,calibration,0,213,SQL_FIRST,wide_or,category_07,827,False,4,0.921025,"[0.50,1.00)",35.008917,1.0,True,exact_seq,,False
2026-08-30T19:41:30.517+00:00,calibration,0,213,VECTOR_FIRST_HNSW,wide_or,category_07,827,False,4,0.921025,"[0.50,1.00)",31.136708,1.0,False,exact_bitmap,,False
2026-08-30T19:41:30.551+00:00,calibration,0,213,HNSW_HYBRID,wide_or,category_07,827,False,4,0.921025,"[0.50,1.00)",32.71975,1.0,False,exact_seq,,False
2026-08-30T19:41:30.584+00:00,calibration,0,213,IVFFLAT_HYBRID,wide_or,category_07,827,False,4,0.921025,"[0.50,1.00)",32.578,1.0,False,exact_seq,,False
2026-08-30T19:41:30.671+00:00,calibration,0,90,SQL_FIRST,single_category,category_04,577,True,1,0.0967,"[0.05,0.10)",14.111916,1.0,True,exact_bitmap,,False
2026-08-30T19:41:30.703+00:00,calibration,0,90,VECTOR_FIRST_HNSW,single_category,category_04,577,True,1,0.0967,"[0.05,0.10)",30.018166,0.6,False,exact_bitmap,,False
2026-08-30T19:41:30.717+00:00,calibration,0,90,HNSW_HYBRID,single_category,category_04,577,True,1,0.0967,"[0.05,0.10)",12.797875,1.0,False,exact_bitmap,,False
2026-08-30T19:41:30.733+00:00,calibration,0,90,IVFFLAT_HYBRID,single_category,category_04,577,True,1,0.0967,"[0.05,0.10)",14.009709,1.0,False,exact_bitmap,,False
2026-08-30T19:41:30.823+00:00,calibration,0,120,SQL_FIRST,price_range_mid,category_07,808,True,2,0.10114,"[0.10,0.25)",14.71825,1.0,True,exact_bitmap,,False
2026-08-30T19:41:30.855+00:00,calibration,0,120,VECTOR_FIRST_HNSW,price_range_mid,category_07,808,True,2,0.10114,"[0.10,0.25)",30.106417,0.4,False,exact_bitmap,,False
2026-08-30T19:41:30.870+00:00,calibration,0,120,HNSW_HYBRID,price_range_mid,category_07,808,True,2,0.10114,"[0.10,0.25)",13.695875,1.0,False,exact_bitmap,,False
2026-08-30T19:41:30.887+00:00,calibration,0,120,IVFFLAT_HYBRID,price_range_mid,category_07,808,True,2,0.10114,"[0.10,0.25)",15.72475,1.0,False,exact_bitmap,,False
2026-08-30T19:41:31.102+00:00,calibration,0,102,SQL_FIRST,two_categories,category_09,918,True,2,0.2033,"[0.10,0.25)",22.51925,1.0,True,exact_bitmap,,False
2026-08-30T19:41:31.140+00:00,calibration,0,102,VECTOR_FIRST_HNSW,two_categories,category_09,918,True,2,0.2033,"[0.10,0.25)",36.197833,1.0,False,exact_bitmap,,False
2026-08-30T19:41:31.161+00:00,calibration,0,102,HNSW_HYBRID,two_categories,category_09,918,True,2,0.2033,"[0.10,0.25)",19.848583,1.0,False,exact_bitmap,,False
2026-08-30T19:41:31.184+00:00,calibration,0,102,IVFFLAT_HYBRID,two_categories,category_09,918,True,2,0.2033,"[0.10,0.25)",22.234541,1.0,False,exact_bitmap,,False
2026-08-30T19:41:31.310+00:00,calibration,0,176,SQL_FIRST,category_or_price,category_00,350,True,3,0.4127,"[0.25,0.50)",23.147875,1.0,True,exact_seq,,False
2026-08-30T19:41:31.338+00:00,calibration,0,176,VECTOR_FIRST_HNSW,category_or_price,category_00,350,True,3,0.4127,"[0.25,0.50)",27.085208,1.0,False,exact_bitmap,,False
2026-08-30T19:41:31.362+00:00,calibration,0,176,HNSW_HYBRID,category_or_price,category_00,350,True,3,0.4127,"[0.25,0.50)",23.441167,1.0,False,exact_seq,,False
2026-08-30T19:41:31.386+00:00,calibration,0,176,IVFFLAT_HYBRID,category_or_price,category_00,350,True,3,0.4127,"[0.25,0.50)",23.550541,1.0,False,exact_seq,,False
2026-08-30T19:41:31.470+00:00,calibration,0,23,SQL_FIRST,category_and_stock,category_08,78,True,0,0.049415,"[0.00,0.05)",12.746584,1.0,True,exact_bitmap,,False
2026-08-30T19:41:31.508+00:00,calibration,0,23,VECTOR_FIRST_HNSW,category_and_stock,category_08,78,True,0,0.049415,"[0.00,0.05)",37.005833,0.0,False,exact_bitmap,,False
2026-08-30T19:41:31.589+00:00,calibration,0,23,HNSW_HYBRID,category_and_stock,category_08,78,True,0,0.049415,"[0.00,0.05)",69.84425,1.0,False,exact_bitmap,,False
2026-08-30T19:41:31.600+00:00,calibration,0,23,IVFFLAT_HYBRID,category_and_stock,category_08,78,True,0,0.049415,"[0.00,0.05)",10.227792,1.0,False,exact_bitmap,,False
2026-08-30T19:41:31.674+00:00,calibration,0,34,SQL_FIRST,category_and_stock,category_05,575,False,0,0.049935,"[0.00,0.05)",10.361875,1.0,True,exact_bitmap,,False
2026-08-30T19:41:31.707+00:00,calibration,0,34,VECTOR_FIRST_HNSW,category_and_stock,category_05,575,False,0,0.049935,"[0.00,0.05)",32.863333,0.3,False,exact_bitmap,,False
2026-08-30T19:41:31.719+00:00,calibration,0,34,HNSW_HYBRID,category_and_stock,category_05,575,False,0,0.049935,"[0.00,0.05)",10.648375,1.0,False,exact_bitmap,,False
2026-08-30T19:41:31.732+00:00,calibration,0,34,IVFFLAT_HYBRID,category_and_stock,category_05,575,False,0,0.049935,"[0.00,0.05)",11.696291,1.0,False,exact_bitmap,,False
2026-08-30T19:41:31.752+00:00,heldout,0,68,SQL_FIRST,single_category,category_08,938,False,1,0.098665,"[0.05,0.10)",14.241375,1.0,True,exact_bitmap,HNSW_HYBRID,False
2026-08-30T19:41:31.783+00:00,heldout,0,68,VECTOR_FIRST_HNSW,single_category,category_08,938,False,1,0.098665,"[0.05,0.10)",30.132833,0.6,False,exact_bitmap,HNSW_HYBRID,False
2026-08-30T19:41:31.797+00:00,heldout,0,68,HNSW_HYBRID,single_category,category_08,938,False,1,0.098665,"[0.05,0.10)",12.965625,1.0,False,exact_bitmap,HNSW_HYBRID,True
2026-08-30T19:41:31.812+00:00,heldout,0,68,IVFFLAT_HYBRID,single_category,category_08,938,False,1,0.098665,"[0.05,0.10)",14.244792,1.0,False,exact_bitmap,HNSW_HYBRID,False
2026-08-30T19:41:31.826+00:00,heldout,1,68,SQL_FIRST,single_category,category_08,938,False,1,0.098665,"[0.05,0.10)",13.924291,1.0,True,exact_bitmap,HNSW_HYBRID,False
2026-08-30T19:41:31.860+00:00,heldout,1,68,VECTOR_FIRST_HNSW,single_category,category_08,938,False,1,0.098665,"[0.05,0.10)",33.878458,0.6,False,exact_bitmap,HNSW_HYBRID,False
2026-08-30T19:41:31.874+00:00,heldout,1,68,HNSW_HYBRID,single_category,category_08,938,False,1,0.098665,"[0.05,0.10)",13.281917,1.0,False,exact_bitmap,HNSW_HYBRID,True
2026-08-30T19:41:31.889+00:00,heldout,1,68,IVFFLAT_HYBRID,single_category,category_08,938,False,1,0.098665,"[0.05,0.10)",14.122458,1.0,False,exact_bitmap,HNSW_HYBRID,False
2026-08-30T19:41:31.914+00:00,heldout,0,173,SQL_FIRST,category_or_price,category_03,189,False,3,0.268215,"[0.25,0.50)",22.584458,1.0,True,exact_seq,SQL_FIRST,True
2026-08-30T19:41:31.945+00:00,heldout,0,173,VECTOR_FIRST_HNSW,category_or_price,category_03,189,False,3,0.268215,"[0.25,0.50)",29.3585,1.0,False,exact_bitmap,SQL_FIRST,False
2026-08-30T19:41:31.970+00:00,heldout,0,173,HNSW_HYBRID,category_or_price,category_03,189,False,3,0.268215,"[0.25,0.50)",24.047625,1.0,False,exact_seq,SQL_FIRST,False
2026-08-30T19:41:31.996+00:00,heldout,0,173,IVFFLAT_HYBRID,category_or_price,category_03,189,False,3,0.268215,"[0.25,0.50)",24.835875,1.0,False,exact_seq,SQL_FIRST,False
2026-08-30T19:41:32.020+00:00,heldout,1,173,SQL_FIRST,category_or_price,category_03,189,False,3,0.268215,"[0.25,0.50)",23.798666,1.0,True,exact_seq,SQL_FIRST,True
2026-08-30T19:41:32.050+00:00,heldout,1,173,VECTOR_FIRST_HNSW,category_or_price,category_03,189,False,3,0.268215,"[0.25,0.50)",29.386667,1.0,False,exact_bitmap,SQL_FIRST,False
2026-08-30T19:41:32.073+00:00,heldout,1,173,HNSW_HYBRID,category_or_price,category_03,189,False,3,0.268215,"[0.25,0.50)",22.197167,1.0,False,exact_seq,SQL_FIRST,False
2026-08-30T19:41:32.095+00:00,heldout,1,173,IVFFLAT_HYBRID,category_or_price,category_03,189,False,3,0.268215,"[0.25,0.50)",21.774333,1.0,False,exact_seq,SQL_FIRST,False
2026-08-30T19:41:32.100+00:00,heldout,0,19,SQL_FIRST,category_narrow_price,category_01,273,True,0,0.00502,"[0.00,0.05)",2.875334,1.0,True,exact_bitmap,HNSW_HYBRID,False
2026-08-30T19:41:32.132+00:00,heldout,0,19,VECTOR_FIRST_HNSW,category_narrow_price,category_01,273,True,0,0.00502,"[0.00,0.05)",30.036791,0.2,False,exact_bitmap,HNSW_HYBRID,False
2026-08-30T19:41:32.137+00:00,heldout,0,19,HNSW_HYBRID,category_narrow_price,category_01,273,True,0,0.00502,"[0.00,0.05)",2.861166,1.0,False,exact_bitmap,HNSW_HYBRID,True
2026-08-30T19:41:32.141+00:00,heldout,0,19,IVFFLAT_HYBRID,category_narrow_price,category_01,273,True,0,0.00502,"[0.00,0.05)",3.598916,1.0,False,exact_bitmap,HNSW_HYBRID,False
2026-08-30T19:41:32.145+00:00,heldout,1,19,SQL_FIRST,category_narrow_price,category_01,273,True,0,0.00502,"[0.00,0.05)",3.225417,1.0,True,exact_bitmap,HNSW_HYBRID,False
2026-08-30T19:41:32.175+00:00,heldout,1,19,VECTOR_FIRST_HNSW,category_narrow_price,category_01,273,True,0,0.00502,"[0.00,0.05)",30.315959,0.2,False,exact_bitmap,HNSW_HYBRID,False
2026-08-30T19:41:32.179+00:00,heldout,1,19,HNSW_HYBRID,category_narrow_price,category_01,273,True,0,0.00502,"[0.00,0.05)",3.135875,1.0,False,exact_bitmap,HNSW_HYBRID,True
2026-08-30T19:41:32.181+00:00,heldout,1,19,IVFFLAT_HYBRID,category_narrow_price,category_01,273,True,0,0.00502,"[0.00,0.05)",2.155625,1.0,False,exact_bitmap,HNSW_HYBRID,False
2026-08-30T19:41:32.187+00:00,heldout,0,11,SQL_FIRST,category_narrow_price,category_06,145,True,0,0.005145,"[0.00,0.05)",3.83325,1.0,True,exact_bitmap,HNSW_HYBRID,False
2026-08-30T19:41:32.220+00:00,heldout,0,11,VECTOR_FIRST_HNSW,category_narrow_price,category_06,145,True,0,0.005145,"[0.00,0.05)",30.051209,0.1,False,exact_bitmap,HNSW_HYBRID,False
2026-08-30T19:41:32.224+00:00,heldout,0,11,HNSW_HYBRID,category_narrow_price,category_06,145,True,0,0.005145,"[0.00,0.05)",2.889959,1.0,False,exact_bitmap,HNSW_HYBRID,True
2026-08-30T19:41:32.228+00:00,heldout,0,11,IVFFLAT_HYBRID,category_narrow_price,category_06,145,True,0,0.005145,"[0.00,0.05)",2.724333,1.0,False,exact_bitmap,HNSW_HYBRID,False
2026-08-30T19:41:32.231+00:00,heldout,1,11,SQL_FIRST,category_narrow_price,category_06,145,True,0,0.005145,"[0.00,0.05)",3.097709,1.0,True,exact_bitmap,HNSW_HYBRID,False
2026-08-30T19:41:32.262+00:00,heldout,1,11,VECTOR_FIRST_HNSW,category_narrow_price,category_06,145,True,0,0.005145,"[0.00,0.05)",30.665083,0.1,False,exact_bitmap,HNSW_HYBRID,False
2026-08-30T19:41:32.266+00:00,heldout,1,11,HNSW_HYBRID,category_narrow_price,category_06,145,True,0,0.005145,"[0.00,0.05)",3.105583,1.0,False,exact_bitmap,HNSW_HYBRID,True
2026-08-30T19:41:32.270+00:00,heldout,1,11,IVFFLAT_HYBRID,category_narrow_price,category_06,145,True,0,0.005145,"[0.00,0.05)",2.604667,1.0,False,exact_bitmap,HNSW_HYBRID,False
2026-08-30T19:41:32.293+00:00,heldout,0,195,SQL_FIRST,three_categories,category_01,806,True,3,0.272085,"[0.25,0.50)",21.065083,1.0,True,exact_bitmap,SQL_FIRST,True
2026-08-30T19:41:32.325+00:00,heldout,0,195,VECTOR_FIRST_HNSW,three_categories,category_01,806,True,3,0.272085,"[0.25,0.50)",29.911333,1.0,False,exact_bitmap,SQL_FIRST,False
2026-08-30T19:41:32.346+00:00,heldout,0,195,HNSW_HYBRID,three_categories,category_01,806,True,3,0.272085,"[0.25,0.50)",20.254583,1.0,False,exact_bitmap,SQL_FIRST,False
2026-08-30T19:41:32.367+00:00,heldout,0,195,IVFFLAT_HYBRID,three_categories,category_01,806,True,3,0.272085,"[0.25,0.50)",19.5295,1.0,False,exact_bitmap,SQL_FIRST,False
2026-08-30T19:41:32.388+00:00,heldout,1,195,SQL_FIRST,three_categories,category_01,806,True,3,0.272085,"[0.25,0.50)",19.809458,1.0,True,exact_bitmap,SQL_FIRST,True
2026-08-30T19:41:32.417+00:00,heldout,1,195,VECTOR_FIRST_HNSW,three_categories,category_01,806,True,3,0.272085,"[0.25,0.50)",29.072375,1.0,False,exact_bitmap,SQL_FIRST,False
2026-08-30T19:41:32.444+00:00,heldout,1,195,HNSW_HYBRID,three_categories,category_01,806,True,3,0.272085,"[0.25,0.50)",25.654208,1.0,False,exact_bitmap,SQL_FIRST,False
2026-08-30T19:41:32.465+00:00,heldout,1,195,IVFFLAT_HYBRID,three_categories,category_01,806,True,3,0.272085,"[0.25,0.50)",20.39775,1.0,False,exact_bitmap,SQL_FIRST,False
2026-08-30T19:41:32.482+00:00,heldout,0,82,SQL_FIRST,single_category,category_01,405,True,1,0.098665,"[0.05,0.10)",14.528333,1.0,True,exact_bitmap,HNSW_HYBRID,False
2026-08-30T19:41:32.516+00:00,heldout,0,82,VECTOR_FIRST_HNSW,single_category,category_01,405,True,1,0.098665,"[0.05,0.10)",31.595083,0.8,False,exact_bitmap,HNSW_HYBRID,False
2026-08-30T19:41:32.531+00:00,heldout,0,82,HNSW_HYBRID,single_category,category_01,405,True,1,0.098665,"[0.05,0.10)",13.514833,1.0,False,exact_bitmap,HNSW_HYBRID,True
2026-08-30T19:41:32.548+00:00,heldout,0,82,IVFFLAT_HYBRID,single_category,category_01,405,True,1,0.098665,"[0.05,0.10)",15.050084,1.0,False,exact_bitmap,HNSW_HYBRID,False
2026-08-30T19:41:32.562+00:00,heldout,1,82,SQL_FIRST,single_category,category_01,405,True,1,0.098665,"[0.05,0.10)",14.066667,1.0,True,exact_bitmap,HNSW_HYBRID,False
2026-08-30T19:41:32.594+00:00,heldout,1,82,VECTOR_FIRST_HNSW,single_category,category_01,405,True,1,0.098665,"[0.05,0.10)",30.787625,0.8,False,exact_bitmap,HNSW_HYBRID,False
2026-08-30T19:41:32.608+00:00,heldout,1,82,HNSW_HYBRID,single_category,category_01,405,True,1,0.098665,"[0.05,0.10)",13.94475,1.0,False,exact_bitmap,HNSW_HYBRID,True
2026-08-30T19:41:32.623+00:00,heldout,1,82,IVFFLAT_HYBRID,single_category,category_01,405,True,1,0.098665,"[0.05,0.10)",14.461625,1.0,False,exact_bitmap,HNSW_HYBRID,False
2026-08-30T19:41:32.650+00:00,heldout,0,135,SQL_FIRST,two_categories,category_09,248,True,2,0.2033,"[0.10,0.25)",24.247167,1.0,True,exact_bitmap,HNSW_HYBRID,False
2026-08-30T19:41:32.679+00:00,heldout,0,135,VECTOR_FIRST_HNSW,two_categories,category_09,248,True,2,0.2033,"[0.10,0.25)",27.05875,1.0,False,exact_bitmap,HNSW_HYBRID,False
2026-08-30T19:41:32.703+00:00,heldout,0,135,HNSW_HYBRID,two_categories,category_09,248,True,2,0.2033,"[0.10,0.25)",22.676542,1.0,False,exact_bitmap,HNSW_HYBRID,True
2026-08-30T19:41:32.729+00:00,heldout,0,135,IVFFLAT_HYBRID,two_categories,category_09,248,True,2,0.2033,"[0.10,0.25)",23.870917,1.0,False,exact_bitmap,HNSW_HYBRID,False
2026-08-30T19:41:32.753+00:00,heldout,1,135,SQL_FIRST,two_categories,category_09,248,True,2,0.2033,"[0.10,0.25)",23.947208,1.0,True,exact_bitmap,HNSW_HYBRID,False
2026-08-30T19:41:32.784+00:00,heldout,1,135,VECTOR_FIRST_HNSW,two_categories,category_09,248,True,2,0.2033,"[0.10,0.25)",30.427875,1.0,False,exact_bitmap,HNSW_HYBRID,False
2026-08-30T19:41:32.808+00:00,heldout,1,135,HNSW_HYBRID,two_categories,category_09,248,True,2,0.2033,"[0.10,0.25)",22.792916,1.0,False,exact_bitmap,HNSW_HYBRID,True
2026-08-30T19:41:32.833+00:00,heldout,1,135,IVFFLAT_HYBRID,two_categories,category_09,248,True,2,0.2033,"[0.10,0.25)",23.854208,1.0,False,exact_bitmap,HNSW_HYBRID,False
2026-08-30T19:41:32.849+00:00,heldout,0,84,SQL_FIRST,single_category,category_01,331,False,1,0.098665,"[0.05,0.10)",14.22375,1.0,True,exact_bitmap,HNSW_HYBRID,False
2026-08-30T19:41:32.891+00:00,heldout,0,84,VECTOR_FIRST_HNSW,single_category,category_01,331,False,1,0.098665,"[0.05,0.10)",40.012625,0.5,False,exact_bitmap,HNSW_HYBRID,False
2026-08-30T19:41:32.937+00:00,heldout,0,84,HNSW_HYBRID,single_category,category_01,331,False,1,0.098665,"[0.05,0.10)",42.447666,1.0,False,exact_bitmap,HNSW_HYBRID,True
2026-08-30T19:41:32.971+00:00,heldout,0,84,IVFFLAT_HYBRID,single_category,category_01,331,False,1,0.098665,"[0.05,0.10)",31.015625,1.0,False,exact_bitmap,HNSW_HYBRID,False
2026-08-30T19:41:32.992+00:00,heldout,1,84,SQL_FIRST,single_category,category_01,331,False,1,0.098665,"[0.05,0.10)",20.186458,1.0,True,exact_bitmap,HNSW_HYBRID,False
2026-08-30T19:41:33.058+00:00,heldout,1,84,VECTOR_FIRST_HNSW,single_category,category_01,331,False,1,0.098665,"[0.05,0.10)",66.391875,0.5,False,exact_bitmap,HNSW_HYBRID,False
2026-08-30T19:41:33.076+00:00,heldout,1,84,HNSW_HYBRID,single_category,category_01,331,False,1,0.098665,"[0.05,0.10)",17.1255,1.0,False,exact_bitmap,HNSW_HYBRID,True
2026-08-30T19:41:33.095+00:00,heldout,1,84,IVFFLAT_HYBRID,single_category,category_01,331,False,1,0.098665,"[0.05,0.10)",18.175875,1.0,False,exact_bitmap,HNSW_HYBRID,False
2026-08-30T19:41:33.123+00:00,heldout,0,180,SQL_FIRST,three_categories,category_08,740,False,3,0.272595,"[0.25,0.50)",26.180125,1.0,True,exact_bitmap,SQL_FIRST,True
2026-08-30T19:41:33.158+00:00,heldout,0,180,VECTOR_FIRST_HNSW,three_categories,category_08,740,False,3,0.272595,"[0.25,0.50)",34.582125,1.0,False,exact_bitmap,SQL_FIRST,False
2026-08-30T19:41:33.183+00:00,heldout,0,180,HNSW_HYBRID,three_categories,category_08,740,False,3,0.272595,"[0.25,0.50)",23.427958,1.0,False,exact_bitmap,SQL_FIRST,False
2026-08-30T19:41:33.207+00:00,heldout,0,180,IVFFLAT_HYBRID,three_categories,category_08,740,False,3,0.272595,"[0.25,0.50)",23.041375,1.0,False,exact_bitmap,SQL_FIRST,False
2026-08-30T19:41:33.230+00:00,heldout,1,180,SQL_FIRST,three_categories,category_08,740,False,3,0.272595,"[0.25,0.50)",23.136625,1.0,True,exact_bitmap,SQL_FIRST,True
2026-08-30T19:41:33.263+00:00,heldout,1,180,VECTOR_FIRST_HNSW,three_categories,category_08,740,False,3,0.272595,"[0.25,0.50)",32.611625,1.0,False,exact_bitmap,SQL_FIRST,False
2026-08-30T19:41:33.289+00:00,heldout,1,180,HNSW_HYBRID,three_categories,category_08,740,False,3,0.272595,"[0.25,0.50)",24.891417,1.0,False,exact_bitmap,SQL_FIRST,False
2026-08-30T19:41:33.314+00:00,heldout,1,180,IVFFLAT_HYBRID,three_categories,category_08,740,False,3,0.272595,"[0.25,0.50)",24.754583,1.0,False,exact_bitmap,SQL_FIRST,False
2026-08-30T19:41:33.342+00:00,heldout,0,107,SQL_FIRST,two_categories,category_02,13,True,2,0.202665,"[0.10,0.25)",25.201792,1.0,True,exact_bitmap,HNSW_HYBRID,False
2026-08-30T19:41:33.384+00:00,heldout,0,107,VECTOR_FIRST_HNSW,two_categories,category_02,13,True,2,0.202665,"[0.10,0.25)",40.859,1.0,False,exact_bitmap,HNSW_HYBRID,False
2026-08-30T19:41:33.415+00:00,heldout,0,107,HNSW_HYBRID,two_categories,category_02,13,True,2,0.202665,"[0.10,0.25)",30.382583,1.0,False,exact_bitmap,HNSW_HYBRID,True
2026-08-30T19:41:33.445+00:00,heldout,0,107,IVFFLAT_HYBRID,two_categories,category_02,13,True,2,0.202665,"[0.10,0.25)",28.905875,1.0,False,exact_bitmap,HNSW_HYBRID,False
2026-08-30T19:41:33.474+00:00,heldout,1,107,SQL_FIRST,two_categories,category_02,13,True,2,0.202665,"[0.10,0.25)",28.381167,1.0,True,exact_bitmap,HNSW_HYBRID,False
2026-08-30T19:41:33.507+00:00,heldout,1,107,VECTOR_FIRST_HNSW,two_categories,category_02,13,True,2,0.202665,"[0.10,0.25)",32.67875,1.0,False,exact_bitmap,HNSW_HYBRID,False
2026-08-30T19:41:33.533+00:00,heldout,1,107,HNSW_HYBRID,two_categories,category_02,13,True,2,0.202665,"[0.10,0.25)",25.742666,1.0,False,exact_bitmap,HNSW_HYBRID,True
2026-08-30T19:41:33.557+00:00,heldout,1,107,IVFFLAT_HYBRID,two_categories,category_02,13,True,2,0.202665,"[0.10,0.25)",23.780791,1.0,False,exact_bitmap,HNSW_HYBRID,False
2026-08-30T19:41:33.592+00:00,heldout,0,217,SQL_FIRST,wide_or,category_00,324,True,4,0.695705,"[0.50,1.00)",33.28175,1.0,True,exact_seq,SQL_FIRST,True
2026-08-30T19:41:33.625+00:00,heldout,0,217,VECTOR_FIRST_HNSW,wide_or,category_00,324,True,4,0.695705,"[0.50,1.00)",32.063042,1.0,False,exact_bitmap,SQL_FIRST,False
2026-08-30T19:41:33.660+00:00,heldout,0,217,HNSW_HYBRID,wide_or,category_00,324,True,4,0.695705,"[0.50,1.00)",34.778083,1.0,False,exact_seq,SQL_FIRST,False
2026-08-30T19:41:33.694+00:00,heldout,0,217,IVFFLAT_HYBRID,wide_or,category_00,324,True,4,0.695705,"[0.50,1.00)",33.175416,1.0,False,exact_seq,SQL_FIRST,False
2026-08-30T19:41:33.730+00:00,heldout,1,217,SQL_FIRST,wide_or,category_00,324,True,4,0.695705,"[0.50,1.00)",34.951625,1.0,True,exact_seq,SQL_FIRST,True
2026-08-30T19:41:33.760+00:00,heldout,1,217,VECTOR_FIRST_HNSW,wide_or,category_00,324,True,4,0.695705,"[0.50,1.00)",30.268333,1.0,False,exact_bitmap,SQL_FIRST,False
2026-08-30T19:41:33.790+00:00,heldout,1,217,HNSW_HYBRID,wide_or,category_00,324,True,4,0.695705,"[0.50,1.00)",29.953333,1.0,False,exact_seq,SQL_FIRST,False
2026-08-30T19:41:33.820+00:00,heldout,1,217,IVFFLAT_HYBRID,wide_or,category_00,324,True,4,0.695705,"[0.50,1.00)",29.351208,1.0,False,exact_seq,SQL_FIRST,False
2026-08-30T19:41:33.848+00:00,heldout,0,205,SQL_FIRST,stock_alone,category_00,752,True,4,0.500835,"[0.50,1.00)",26.779209,1.0,True,exact_seq,SQL_FIRST,True
2026-08-30T19:41:33.885+00:00,heldout,0,205,VECTOR_FIRST_HNSW,stock_alone,category_00,752,True,4,0.500835,"[0.50,1.00)",35.48775,1.0,False,exact_bitmap,SQL_FIRST,False
2026-08-30T19:41:33.917+00:00,heldout,0,205,HNSW_HYBRID,stock_alone,category_00,752,True,4,0.500835,"[0.50,1.00)",31.172916,1.0,False,exact_seq,SQL_FIRST,False
2026-08-30T19:41:33.964+00:00,heldout,0,205,IVFFLAT_HYBRID,stock_alone,category_00,752,True,4,0.500835,"[0.50,1.00)",46.432875,1.0,False,exact_seq,SQL_FIRST,False
2026-08-30T19:41:34.004+00:00,heldout,1,205,SQL_FIRST,stock_alone,category_00,752,True,4,0.500835,"[0.50,1.00)",39.535125,1.0,True,exact_seq,SQL_FIRST,True
2026-08-30T19:41:34.104+00:00,heldout,1,205,VECTOR_FIRST_HNSW,stock_alone,category_00,752,True,4,0.500835,"[0.50,1.00)",99.631916,1.0,False,exact_bitmap,SQL_FIRST,False
2026-08-30T19:41:34.129+00:00,heldout,1,205,HNSW_HYBRID,stock_alone,category_00,752,True,4,0.500835,"[0.50,1.00)",24.523417,1.0,False,exact_seq,SQL_FIRST,False
2026-08-30T19:41:34.155+00:00,heldout,1,205,IVFFLAT_HYBRID,stock_alone,category_00,752,True,4,0.500835,"[0.50,1.00)",25.1305,1.0,False,exact_seq,SQL_FIRST,False
2026-08-30T19:41:34.173+00:00,heldout,0,150,SQL_FIRST,price_range_mid,category_07,210,False,2,0.10253,"[0.10,0.25)",17.161125,1.0,True,exact_bitmap,HNSW_HYBRID,False
2026-08-30T19:41:34.206+00:00,heldout,0,150,VECTOR_FIRST_HNSW,price_range_mid,category_07,210,False,2,0.10253,"[0.10,0.25)",31.834666,0.5,False,exact_bitmap,HNSW_HYBRID,False
2026-08-30T19:41:34.221+00:00,heldout,0,150,HNSW_HYBRID,price_range_mid,category_07,210,False,2,0.10253,"[0.10,0.25)",13.838125,1.0,False,exact_bitmap,HNSW_HYBRID,True
2026-08-30T19:41:34.236+00:00,heldout,0,150,IVFFLAT_HYBRID,price_range_mid,category_07,210,False,2,0.10253,"[0.10,0.25)",13.782541,1.0,False,exact_bitmap,HNSW_HYBRID,False
2026-08-30T19:41:34.251+00:00,heldout,1,150,SQL_FIRST,price_range_mid,category_07,210,False,2,0.10253,"[0.10,0.25)",14.333625,1.0,True,exact_bitmap,HNSW_HYBRID,False
2026-08-30T19:41:34.283+00:00,heldout,1,150,VECTOR_FIRST_HNSW,price_range_mid,category_07,210,False,2,0.10253,"[0.10,0.25)",31.782333,0.5,False,exact_bitmap,HNSW_HYBRID,False
2026-08-30T19:41:34.297+00:00,heldout,1,150,HNSW_HYBRID,price_range_mid,category_07,210,False,2,0.10253,"[0.10,0.25)",13.997083,1.0,False,exact_bitmap,HNSW_HYBRID,True
2026-08-30T19:41:34.312+00:00,heldout,1,150,IVFFLAT_HYBRID,price_range_mid,category_07,210,False,2,0.10253,"[0.10,0.25)",14.559375,1.0,False,exact_bitmap,HNSW_HYBRID,False
2026-08-30T19:41:34.337+00:00,heldout,0,183,SQL_FIRST,category_or_price,category_00,274,True,3,0.344765,"[0.25,0.50)",23.737209,1.0,True,exact_seq,SQL_FIRST,True
2026-08-30T19:41:34.367+00:00,heldout,0,183,VECTOR_FIRST_HNSW,category_or_price,category_00,274,True,3,0.344765,"[0.25,0.50)",29.069167,1.0,False,exact_bitmap,SQL_FIRST,False
2026-08-30T19:41:34.391+00:00,heldout,0,183,HNSW_HYBRID,category_or_price,category_00,274,True,3,0.344765,"[0.25,0.50)",23.037958,1.0,False,exact_seq,SQL_FIRST,False
2026-08-30T19:41:34.420+00:00,heldout,0,183,IVFFLAT_HYBRID,category_or_price,category_00,274,True,3,0.344765,"[0.25,0.50)",26.650375,1.0,False,exact_seq,SQL_FIRST,False
2026-08-30T19:41:34.449+00:00,heldout,1,183,SQL_FIRST,category_or_price,category_00,274,True,3,0.344765,"[0.25,0.50)",28.349542,1.0,True,exact_seq,SQL_FIRST,True
2026-08-30T19:41:34.488+00:00,heldout,1,183,VECTOR_FIRST_HNSW,category_or_price,category_00,274,True,3,0.344765,"[0.25,0.50)",39.10475,1.0,False,exact_bitmap,SQL_FIRST,False
2026-08-30T19:41:34.533+00:00,heldout,1,183,HNSW_HYBRID,category_or_price,category_00,274,True,3,0.344765,"[0.25,0.50)",44.504,1.0,False,exact_seq,SQL_FIRST,False
2026-08-30T19:41:34.576+00:00,heldout,1,183,IVFFLAT_HYBRID,category_or_price,category_00,274,True,3,0.344765,"[0.25,0.50)",41.858625,1.0,False,exact_seq,SQL_FIRST,False
2026-08-30T19:41:34.621+00:00,heldout,0,187,SQL_FIRST,category_or_price,category_02,238,True,3,0.308735,"[0.25,0.50)",43.196875,1.0,True,exact_seq,SQL_FIRST,True
2026-08-30T19:41:34.657+00:00,heldout,0,187,VECTOR_FIRST_HNSW,category_or_price,category_02,238,True,3,0.308735,"[0.25,0.50)",35.074458,1.0,False,exact_bitmap,SQL_FIRST,False
2026-08-30T19:41:34.691+00:00,heldout,0,187,HNSW_HYBRID,category_or_price,category_02,238,True,3,0.308735,"[0.25,0.50)",32.838958,1.0,False,exact_seq,SQL_FIRST,False
2026-08-30T19:41:34.730+00:00,heldout,0,187,IVFFLAT_HYBRID,category_or_price,category_02,238,True,3,0.308735,"[0.25,0.50)",38.267666,1.0,False,exact_seq,SQL_FIRST,False
2026-08-30T19:41:34.755+00:00,heldout,1,187,SQL_FIRST,category_or_price,category_02,238,True,3,0.308735,"[0.25,0.50)",24.847875,1.0,True,exact_seq,SQL_FIRST,True
2026-08-30T19:41:34.784+00:00,heldout,1,187,VECTOR_FIRST_HNSW,category_or_price,category_02,238,True,3,0.308735,"[0.25,0.50)",27.596667,1.0,False,exact_bitmap,SQL_FIRST,False
2026-08-30T19:41:34.807+00:00,heldout,1,187,HNSW_HYBRID,category_or_price,category_02,238,True,3,0.308735,"[0.25,0.50)",22.922666,1.0,False,exact_seq,SQL_FIRST,False
2026-08-30T19:41:34.830+00:00,heldout,1,187,IVFFLAT_HYBRID,category_or_price,category_02,238,True,3,0.308735,"[0.25,0.50)",23.060583,1.0,False,exact_seq,SQL_FIRST,False
2026-08-30T19:41:34.845+00:00,heldout,0,61,SQL_FIRST,single_category,category_08,698,True,1,0.098665,"[0.05,0.10)",14.086375,1.0,True,exact_bitmap,HNSW_HYBRID,False
2026-08-30T19:41:34.877+00:00,heldout,0,61,VECTOR_FIRST_HNSW,single_category,category_08,698,True,1,0.098665,"[0.05,0.10)",30.793125,0.3,False,exact_bitmap,HNSW_HYBRID,False
2026-08-30T19:41:34.892+00:00,heldout,0,61,HNSW_HYBRID,single_category,category_08,698,True,1,0.098665,"[0.05,0.10)",13.887125,1.0,False,exact_bitmap,HNSW_HYBRID,True
2026-08-30T19:41:34.908+00:00,heldout,0,61,IVFFLAT_HYBRID,single_category,category_08,698,True,1,0.098665,"[0.05,0.10)",15.025542,1.0,False,exact_bitmap,HNSW_HYBRID,False
2026-08-30T19:41:34.923+00:00,heldout,1,61,SQL_FIRST,single_category,category_08,698,True,1,0.098665,"[0.05,0.10)",14.759708,1.0,True,exact_bitmap,HNSW_HYBRID,False
2026-08-30T19:41:34.955+00:00,heldout,1,61,VECTOR_FIRST_HNSW,single_category,category_08,698,True,1,0.098665,"[0.05,0.10)",31.255458,0.3,False,exact_bitmap,HNSW_HYBRID,False
2026-08-30T19:41:34.969+00:00,heldout,1,61,HNSW_HYBRID,single_category,category_08,698,True,1,0.098665,"[0.05,0.10)",14.303792,1.0,False,exact_bitmap,HNSW_HYBRID,True
2026-08-30T19:41:34.987+00:00,heldout,1,61,IVFFLAT_HYBRID,single_category,category_08,698,True,1,0.098665,"[0.05,0.10)",17.307458,1.0,False,exact_bitmap,HNSW_HYBRID,False
2026-08-30T19:41:34.992+00:00,heldout,0,4,SQL_FIRST,category_narrow_price,category_01,435,True,0,0.00487,"[0.00,0.05)",3.779666,1.0,True,exact_bitmap,HNSW_HYBRID,False
2026-08-30T19:41:35.032+00:00,heldout,0,4,VECTOR_FIRST_HNSW,category_narrow_price,category_01,435,True,0,0.00487,"[0.00,0.05)",38.936834,0.0,False,exact_bitmap,HNSW_HYBRID,False
2026-08-30T19:41:35.037+00:00,heldout,0,4,HNSW_HYBRID,category_narrow_price,category_01,435,True,0,0.00487,"[0.00,0.05)",3.149417,1.0,False,exact_bitmap,HNSW_HYBRID,True
2026-08-30T19:41:35.042+00:00,heldout,0,4,IVFFLAT_HYBRID,category_narrow_price,category_01,435,True,0,0.00487,"[0.00,0.05)",3.465166,1.0,False,exact_bitmap,HNSW_HYBRID,False
2026-08-30T19:41:35.045+00:00,heldout,1,4,SQL_FIRST,category_narrow_price,category_01,435,True,0,0.00487,"[0.00,0.05)",3.495167,1.0,True,exact_bitmap,HNSW_HYBRID,False
2026-08-30T19:41:35.090+00:00,heldout,1,4,VECTOR_FIRST_HNSW,category_narrow_price,category_01,435,True,0,0.00487,"[0.00,0.05)",44.489708,0.0,False,exact_bitmap,HNSW_HYBRID,False
2026-08-30T19:41:35.094+00:00,heldout,1,4,HNSW_HYBRID,category_narrow_price,category_01,435,True,0,0.00487,"[0.00,0.05)",2.925292,1.0,False,exact_bitmap,HNSW_HYBRID,True
2026-08-30T19:41:35.097+00:00,heldout,1,4,IVFFLAT_HYBRID,category_narrow_price,category_01,435,True,0,0.00487,"[0.00,0.05)",3.397291,1.0,False,exact_bitmap,HNSW_HYBRID,False
2026-08-30T19:41:35.140+00:00,heldout,0,225,SQL_FIRST,wide_or,category_07,520,True,4,0.7826,"[0.50,1.00)",40.964459,1.0,True,exact_seq,SQL_FIRST,True
2026-08-30T19:41:35.181+00:00,heldout,0,225,VECTOR_FIRST_HNSW,wide_or,category_07,520,True,4,0.7826,"[0.50,1.00)",40.3395,1.0,False,exact_bitmap,SQL_FIRST,False
2026-08-30T19:41:35.216+00:00,heldout,0,225,HNSW_HYBRID,wide_or,category_07,520,True,4,0.7826,"[0.50,1.00)",34.304625,1.0,False,exact_seq,SQL_FIRST,False
2026-08-30T19:41:35.253+00:00,heldout,0,225,IVFFLAT_HYBRID,wide_or,category_07,520,True,4,0.7826,"[0.50,1.00)",35.367,1.0,False,exact_seq,SQL_FIRST,False
2026-08-30T19:41:35.288+00:00,heldout,1,225,SQL_FIRST,wide_or,category_07,520,True,4,0.7826,"[0.50,1.00)",35.05925,1.0,True,exact_seq,SQL_FIRST,True
2026-08-30T19:41:35.322+00:00,heldout,1,225,VECTOR_FIRST_HNSW,wide_or,category_07,520,True,4,0.7826,"[0.50,1.00)",33.440458,1.0,False,exact_bitmap,SQL_FIRST,False
2026-08-30T19:41:35.357+00:00,heldout,1,225,HNSW_HYBRID,wide_or,category_07,520,True,4,0.7826,"[0.50,1.00)",34.054334,1.0,False,exact_seq,SQL_FIRST,False
2026-08-30T19:41:35.390+00:00,heldout,1,225,IVFFLAT_HYBRID,wide_or,category_07,520,True,4,0.7826,"[0.50,1.00)",33.052042,1.0,False,exact_seq,SQL_FIRST,False
2026-08-30T19:41:35.416+00:00,heldout,0,241,SQL_FIRST,stock_alone,category_02,912,True,4,0.500835,"[0.50,1.00)",24.7445,1.0,True,exact_seq,SQL_FIRST,True
2026-08-30T19:41:35.449+00:00,heldout,0,241,VECTOR_FIRST_HNSW,stock_alone,category_02,912,True,4,0.500835,"[0.50,1.00)",31.835083,1.0,False,exact_bitmap,SQL_FIRST,False
2026-08-30T19:41:35.478+00:00,heldout,0,241,HNSW_HYBRID,stock_alone,category_02,912,True,4,0.500835,"[0.50,1.00)",27.586792,1.0,False,exact_seq,SQL_FIRST,False
2026-08-30T19:41:35.503+00:00,heldout,0,241,IVFFLAT_HYBRID,stock_alone,category_02,912,True,4,0.500835,"[0.50,1.00)",24.139458,1.0,False,exact_seq,SQL_FIRST,False
2026-08-30T19:41:35.527+00:00,heldout,1,241,SQL_FIRST,stock_alone,category_02,912,True,4,0.500835,"[0.50,1.00)",23.559125,1.0,True,exact_seq,SQL_FIRST,True
2026-08-30T19:41:35.558+00:00,heldout,1,241,VECTOR_FIRST_HNSW,stock_alone,category_02,912,True,4,0.500835,"[0.50,1.00)",30.16375,1.0,False,exact_bitmap,SQL_FIRST,False
2026-08-30T19:41:35.582+00:00,heldout,1,241,HNSW_HYBRID,stock_alone,category_02,912,True,4,0.500835,"[0.50,1.00)",23.294708,1.0,False,exact_seq,SQL_FIRST,False
2026-08-30T19:41:35.608+00:00,heldout,1,241,IVFFLAT_HYBRID,stock_alone,category_02,912,True,4,0.500835,"[0.50,1.00)",25.827667,1.0,False,exact_seq,SQL_FIRST,False
2026-08-30T19:41:35.625+00:00,heldout,0,130,SQL_FIRST,price_range_mid,category_02,140,False,2,0.104585,"[0.10,0.25)",15.722333,1.0,True,exact_bitmap,HNSW_HYBRID,False
2026-08-30T19:41:35.667+00:00,heldout,0,130,VECTOR_FIRST_HNSW,price_range_mid,category_02,140,False,2,0.104585,"[0.10,0.25)",40.870416,0.9,False,exact_bitmap,HNSW_HYBRID,False
2026-08-30T19:41:35.684+00:00,heldout,0,130,HNSW_HYBRID,price_range_mid,category_02,140,False,2,0.104585,"[0.10,0.25)",15.972875,1.0,False,exact_bitmap,HNSW_HYBRID,True
2026-08-30T19:41:35.712+00:00,heldout,0,130,IVFFLAT_HYBRID,price_range_mid,category_02,140,False,2,0.104585,"[0.10,0.25)",27.265125,1.0,False,exact_bitmap,HNSW_HYBRID,False
2026-08-30T19:41:35.741+00:00,heldout,1,130,SQL_FIRST,price_range_mid,category_02,140,False,2,0.104585,"[0.10,0.25)",28.455042,1.0,True,exact_bitmap,HNSW_HYBRID,False
2026-08-30T19:41:35.780+00:00,heldout,1,130,VECTOR_FIRST_HNSW,price_range_mid,category_02,140,False,2,0.104585,"[0.10,0.25)",38.73225,0.9,False,exact_bitmap,HNSW_HYBRID,False
2026-08-30T19:41:35.799+00:00,heldout,1,130,HNSW_HYBRID,price_range_mid,category_02,140,False,2,0.104585,"[0.10,0.25)",18.937542,1.0,False,exact_bitmap,HNSW_HYBRID,True
2026-08-30T19:41:35.818+00:00,heldout,1,130,IVFFLAT_HYBRID,price_range_mid,category_02,140,False,2,0.104585,"[0.10,0.25)",18.552958,1.0,False,exact_bitmap,HNSW_HYBRID,False
2026-08-30T19:41:35.867+00:00,heldout,0,212,SQL_FIRST,wide_or,category_00,550,False,4,0.79608,"[0.50,1.00)",46.55025,1.0,True,exact_seq,SQL_FIRST,True
2026-08-30T19:41:35.913+00:00,heldout,0,212,VECTOR_FIRST_HNSW,wide_or,category_00,550,False,4,0.79608,"[0.50,1.00)",44.860958,1.0,False,exact_bitmap,SQL_FIRST,False
2026-08-30T19:41:35.954+00:00,heldout,0,212,HNSW_HYBRID,wide_or,category_00,550,False,4,0.79608,"[0.50,1.00)",39.823208,1.0,False,exact_seq,SQL_FIRST,False
2026-08-30T19:41:36.046+00:00,heldout,0,212,IVFFLAT_HYBRID,wide_or,category_00,550,False,4,0.79608,"[0.50,1.00)",90.943541,1.0,False,exact_seq,SQL_FIRST,False
2026-08-30T19:41:36.077+00:00,heldout,1,212,SQL_FIRST,wide_or,category_00,550,False,4,0.79608,"[0.50,1.00)",30.223875,1.0,True,exact_seq,SQL_FIRST,True
2026-08-30T19:41:36.110+00:00,heldout,1,212,VECTOR_FIRST_HNSW,wide_or,category_00,550,False,4,0.79608,"[0.50,1.00)",32.541208,1.0,False,exact_bitmap,SQL_FIRST,False
2026-08-30T19:41:36.146+00:00,heldout,1,212,HNSW_HYBRID,wide_or,category_00,550,False,4,0.79608,"[0.50,1.00)",35.840542,1.0,False,exact_seq,SQL_FIRST,False
2026-08-30T19:41:36.182+00:00,heldout,1,212,IVFFLAT_HYBRID,wide_or,category_00,550,False,4,0.79608,"[0.50,1.00)",35.24,1.0,False,exact_seq,SQL_FIRST,False
2026-08-30T19:41:36.200+00:00,heldout,0,100,SQL_FIRST,single_category,category_06,339,True,1,0.099535,"[0.05,0.10)",17.147958,1.0,True,exact_bitmap,HNSW_HYBRID,False
2026-08-30T19:41:36.238+00:00,heldout,0,100,VECTOR_FIRST_HNSW,single_category,category_06,339,True,1,0.099535,"[0.05,0.10)",36.124917,0.7,False,exact_bitmap,HNSW_HYBRID,False
2026-08-30T19:41:36.253+00:00,heldout,0,100,HNSW_HYBRID,single_category,category_06,339,True,1,0.099535,"[0.05,0.10)",12.981375,1.0,False,exact_bitmap,HNSW_HYBRID,True
2026-08-30T19:41:36.268+00:00,heldout,0,100,IVFFLAT_HYBRID,single_category,category_06,339,True,1,0.099535,"[0.05,0.10)",13.569917,1.0,False,exact_bitmap,HNSW_HYBRID,False
2026-08-30T19:41:36.283+00:00,heldout,1,100,SQL_FIRST,single_category,category_06,339,True,1,0.099535,"[0.05,0.10)",14.726042,1.0,True,exact_bitmap,HNSW_HYBRID,False
2026-08-30T19:41:36.316+00:00,heldout,1,100,VECTOR_FIRST_HNSW,single_category,category_06,339,True,1,0.099535,"[0.05,0.10)",31.869916,0.7,False,exact_bitmap,HNSW_HYBRID,False
2026-08-30T19:41:36.330+00:00,heldout,1,100,HNSW_HYBRID,single_category,category_06,339,True,1,0.099535,"[0.05,0.10)",13.793458,1.0,False,exact_bitmap,HNSW_HYBRID,True
2026-08-30T19:41:36.344+00:00,heldout,1,100,IVFFLAT_HYBRID,single_category,category_06,339,True,1,0.099535,"[0.05,0.10)",13.559,1.0,False,exact_bitmap,HNSW_HYBRID,False
2026-08-30T19:41:36.368+00:00,heldout,0,154,SQL_FIRST,three_categories,category_03,805,True,3,0.27136,"[0.25,0.50)",21.388458,1.0,True,exact_bitmap,SQL_FIRST,True
2026-08-30T19:41:36.399+00:00,heldout,0,154,VECTOR_FIRST_HNSW,three_categories,category_03,805,True,3,0.27136,"[0.25,0.50)",29.488792,1.0,False,exact_bitmap,SQL_FIRST,False
2026-08-30T19:41:36.426+00:00,heldout,0,154,HNSW_HYBRID,three_categories,category_03,805,True,3,0.27136,"[0.25,0.50)",25.162042,1.0,False,exact_bitmap,SQL_FIRST,False
2026-08-30T19:41:36.447+00:00,heldout,0,154,IVFFLAT_HYBRID,three_categories,category_03,805,True,3,0.27136,"[0.25,0.50)",20.217875,1.0,False,exact_bitmap,SQL_FIRST,False
2026-08-30T19:41:36.468+00:00,heldout,1,154,SQL_FIRST,three_categories,category_03,805,True,3,0.27136,"[0.25,0.50)",20.422042,1.0,True,exact_bitmap,SQL_FIRST,True
2026-08-30T19:41:36.499+00:00,heldout,1,154,VECTOR_FIRST_HNSW,three_categories,category_03,805,True,3,0.27136,"[0.25,0.50)",30.40375,1.0,False,exact_bitmap,SQL_FIRST,False
2026-08-30T19:41:36.523+00:00,heldout,1,154,HNSW_HYBRID,three_categories,category_03,805,True,3,0.27136,"[0.25,0.50)",23.438875,1.0,False,exact_bitmap,SQL_FIRST,False
2026-08-30T19:41:36.545+00:00,heldout,1,154,IVFFLAT_HYBRID,three_categories,category_03,805,True,3,0.27136,"[0.25,0.50)",21.51225,1.0,False,exact_bitmap,SQL_FIRST,False
2026-08-30T19:41:36.559+00:00,heldout,0,91,SQL_FIRST,single_category,category_06,545,False,1,0.099535,"[0.05,0.10)",12.691125,1.0,True,exact_bitmap,HNSW_HYBRID,False
2026-08-30T19:41:36.595+00:00,heldout,0,91,VECTOR_FIRST_HNSW,single_category,category_06,545,False,1,0.099535,"[0.05,0.10)",35.096333,0.4,False,exact_bitmap,HNSW_HYBRID,False
2026-08-30T19:41:36.610+00:00,heldout,0,91,HNSW_HYBRID,single_category,category_06,545,False,1,0.099535,"[0.05,0.10)",13.008,1.0,False,exact_bitmap,HNSW_HYBRID,True
2026-08-30T19:41:36.624+00:00,heldout,0,91,IVFFLAT_HYBRID,single_category,category_06,545,False,1,0.099535,"[0.05,0.10)",13.370334,1.0,False,exact_bitmap,HNSW_HYBRID,False
2026-08-30T19:41:36.637+00:00,heldout,1,91,SQL_FIRST,single_category,category_06,545,False,1,0.099535,"[0.05,0.10)",12.69725,1.0,True,exact_bitmap,HNSW_HYBRID,False
2026-08-30T19:41:36.666+00:00,heldout,1,91,VECTOR_FIRST_HNSW,single_category,category_06,545,False,1,0.099535,"[0.05,0.10)",28.082083,0.4,False,exact_bitmap,HNSW_HYBRID,False
2026-08-30T19:41:36.679+00:00,heldout,1,91,HNSW_HYBRID,single_category,category_06,545,False,1,0.099535,"[0.05,0.10)",13.085583,1.0,False,exact_bitmap,HNSW_HYBRID,True
2026-08-30T19:41:36.692+00:00,heldout,1,91,IVFFLAT_HYBRID,single_category,category_06,545,False,1,0.099535,"[0.05,0.10)",12.131042,1.0,False,exact_bitmap,HNSW_HYBRID,False
2026-08-30T19:41:36.709+00:00,heldout,0,109,SQL_FIRST,single_category_alone,category_03,64,False,2,0.1037,"[0.10,0.25)",13.044667,1.0,True,exact_bitmap,HNSW_HYBRID,False
2026-08-30T19:41:36.739+00:00,heldout,0,109,VECTOR_FIRST_HNSW,single_category_alone,category_03,64,False,2,0.1037,"[0.10,0.25)",29.509292,0.8,False,exact_bitmap,HNSW_HYBRID,False
2026-08-30T19:41:36.755+00:00,heldout,0,109,HNSW_HYBRID,single_category_alone,category_03,64,False,2,0.1037,"[0.10,0.25)",14.359292,1.0,False,exact_bitmap,HNSW_HYBRID,True
2026-08-30T19:41:36.826+00:00,heldout,0,109,IVFFLAT_HYBRID,single_category_alone,category_03,64,False,2,0.1037,"[0.10,0.25)",67.774208,1.0,False,exact_bitmap,HNSW_HYBRID,False
2026-08-30T19:41:36.857+00:00,heldout,1,109,SQL_FIRST,single_category_alone,category_03,64,False,2,0.1037,"[0.10,0.25)",30.070667,1.0,True,exact_bitmap,HNSW_HYBRID,False
2026-08-30T19:41:36.890+00:00,heldout,1,109,VECTOR_FIRST_HNSW,single_category_alone,category_03,64,False,2,0.1037,"[0.10,0.25)",32.708959,0.8,False,exact_bitmap,HNSW_HYBRID,False
2026-08-30T19:41:36.904+00:00,heldout,1,109,HNSW_HYBRID,single_category_alone,category_03,64,False,2,0.1037,"[0.10,0.25)",14.0185,1.0,False,exact_bitmap,HNSW_HYBRID,True
2026-08-30T19:41:36.917+00:00,heldout,1,109,IVFFLAT_HYBRID,single_category_alone,category_03,64,False,2,0.1037,"[0.10,0.25)",12.447959,1.0,False,exact_bitmap,HNSW_HYBRID,False
2026-08-30T19:41:36.955+00:00,heldout,0,237,SQL_FIRST,wide_or,category_06,723,True,4,0.87333,"[0.50,1.00)",34.447292,1.0,True,exact_seq,SQL_FIRST,True
2026-08-30T19:41:36.985+00:00,heldout,0,237,VECTOR_FIRST_HNSW,wide_or,category_06,723,True,4,0.87333,"[0.50,1.00)",28.661,1.0,False,exact_bitmap,SQL_FIRST,False
2026-08-30T19:41:37.019+00:00,heldout,0,237,HNSW_HYBRID,wide_or,category_06,723,True,4,0.87333,"[0.50,1.00)",33.549916,1.0,False,exact_seq,SQL_FIRST,False
2026-08-30T19:41:37.065+00:00,heldout,0,237,IVFFLAT_HYBRID,wide_or,category_06,723,True,4,0.87333,"[0.50,1.00)",44.278459,1.0,False,exact_seq,SQL_FIRST,False
2026-08-30T19:41:37.094+00:00,heldout,1,237,SQL_FIRST,wide_or,category_06,723,True,4,0.87333,"[0.50,1.00)",28.148833,1.0,True,exact_seq,SQL_FIRST,True
2026-08-30T19:41:37.120+00:00,heldout,1,237,VECTOR_FIRST_HNSW,wide_or,category_06,723,True,4,0.87333,"[0.50,1.00)",25.998042,1.0,False,exact_bitmap,SQL_FIRST,False
2026-08-30T19:41:37.150+00:00,heldout,1,237,HNSW_HYBRID,wide_or,category_06,723,True,4,0.87333,"[0.50,1.00)",29.19425,1.0,False,exact_seq,SQL_FIRST,False
2026-08-30T19:41:37.179+00:00,heldout,1,237,IVFFLAT_HYBRID,wide_or,category_06,723,True,4,0.87333,"[0.50,1.00)",29.057208,1.0,False,exact_seq,SQL_FIRST,False
2026-08-30T19:41:37.210+00:00,heldout,0,224,SQL_FIRST,wide_or,category_01,591,False,4,0.81378,"[0.50,1.00)",28.271875,1.0,True,exact_seq,SQL_FIRST,True
2026-08-30T19:41:37.238+00:00,heldout,0,224,VECTOR_FIRST_HNSW,wide_or,category_01,591,False,4,0.81378,"[0.50,1.00)",26.953208,1.0,False,exact_bitmap,SQL_FIRST,False
2026-08-30T19:41:37.269+00:00,heldout,0,224,HNSW_HYBRID,wide_or,category_01,591,False,4,0.81378,"[0.50,1.00)",30.498125,1.0,False,exact_seq,SQL_FIRST,False
2026-08-30T19:41:37.303+00:00,heldout,0,224,IVFFLAT_HYBRID,wide_or,category_01,591,False,4,0.81378,"[0.50,1.00)",32.149667,1.0,False,exact_seq,SQL_FIRST,False
2026-08-30T19:41:37.339+00:00,heldout,1,224,SQL_FIRST,wide_or,category_01,591,False,4,0.81378,"[0.50,1.00)",35.793958,1.0,True,exact_seq,SQL_FIRST,True
2026-08-30T19:41:37.372+00:00,heldout,1,224,VECTOR_FIRST_HNSW,wide_or,category_01,591,False,4,0.81378,"[0.50,1.00)",32.851792,1.0,False,exact_bitmap,SQL_FIRST,False
2026-08-30T19:41:37.408+00:00,heldout,1,224,HNSW_HYBRID,wide_or,category_01,591,False,4,0.81378,"[0.50,1.00)",35.249708,1.0,False,exact_seq,SQL_FIRST,False
2026-08-30T19:41:37.450+00:00,heldout,1,224,IVFFLAT_HYBRID,wide_or,category_01,591,False,4,0.81378,"[0.50,1.00)",41.284875,1.0,False,exact_seq,SQL_FIRST,False
2026-08-30T19:41:37.480+00:00,heldout,0,232,SQL_FIRST,stock_alone,category_00,876,True,4,0.500835,"[0.50,1.00)",28.386792,1.0,True,exact_seq,SQL_FIRST,True
2026-08-30T19:41:37.516+00:00,heldout,0,232,VECTOR_FIRST_HNSW,stock_alone,category_00,876,True,4,0.500835,"[0.50,1.00)",34.417416,1.0,False,exact_bitmap,SQL_FIRST,False
2026-08-30T19:41:37.544+00:00,heldout,0,232,HNSW_HYBRID,stock_alone,category_00,876,True,4,0.500835,"[0.50,1.00)",26.446583,1.0,False,exact_seq,SQL_FIRST,False
2026-08-30T19:41:37.572+00:00,heldout,0,232,IVFFLAT_HYBRID,stock_alone,category_00,876,True,4,0.500835,"[0.50,1.00)",26.727125,1.0,False,exact_seq,SQL_FIRST,False
2026-08-30T19:41:37.599+00:00,heldout,1,232,SQL_FIRST,stock_alone,category_00,876,True,4,0.500835,"[0.50,1.00)",26.342708,1.0,True,exact_seq,SQL_FIRST,True
2026-08-30T19:41:37.637+00:00,heldout,1,232,VECTOR_FIRST_HNSW,stock_alone,category_00,876,True,4,0.500835,"[0.50,1.00)",38.186792,1.0,False,exact_bitmap,SQL_FIRST,False
2026-08-30T19:41:37.667+00:00,heldout,1,232,HNSW_HYBRID,stock_alone,category_00,876,True,4,0.500835,"[0.50,1.00)",28.952125,1.0,False,exact_seq,SQL_FIRST,False
2026-08-30T19:41:37.698+00:00,heldout,1,232,IVFFLAT_HYBRID,stock_alone,category_00,876,True,4,0.500835,"[0.50,1.00)",30.850792,1.0,False,exact_seq,SQL_FIRST,False
2026-08-30T19:41:37.727+00:00,heldout,0,159,SQL_FIRST,three_categories,category_03,782,True,3,0.27136,"[0.25,0.50)",26.744917,1.0,True,exact_bitmap,SQL_FIRST,True
2026-08-30T19:41:37.766+00:00,heldout,0,159,VECTOR_FIRST_HNSW,three_categories,category_03,782,True,3,0.27136,"[0.25,0.50)",36.984416,1.0,False,exact_bitmap,SQL_FIRST,False
2026-08-30T19:41:37.793+00:00,heldout,0,159,HNSW_HYBRID,three_categories,category_03,782,True,3,0.27136,"[0.25,0.50)",26.36225,1.0,False,exact_bitmap,SQL_FIRST,False
2026-08-30T19:41:37.822+00:00,heldout,0,159,IVFFLAT_HYBRID,three_categories,category_03,782,True,3,0.27136,"[0.25,0.50)",26.838917,1.0,False,exact_bitmap,SQL_FIRST,False
2026-08-30T19:41:37.847+00:00,heldout,1,159,SQL_FIRST,three_categories,category_03,782,True,3,0.27136,"[0.25,0.50)",24.88525,1.0,True,exact_bitmap,SQL_FIRST,True
2026-08-30T19:41:37.889+00:00,heldout,1,159,VECTOR_FIRST_HNSW,three_categories,category_03,782,True,3,0.27136,"[0.25,0.50)",41.97425,1.0,False,exact_bitmap,SQL_FIRST,False
2026-08-30T19:41:37.914+00:00,heldout,1,159,HNSW_HYBRID,three_categories,category_03,782,True,3,0.27136,"[0.25,0.50)",24.036875,1.0,False,exact_bitmap,SQL_FIRST,False
2026-08-30T19:41:37.938+00:00,heldout,1,159,IVFFLAT_HYBRID,three_categories,category_03,782,True,3,0.27136,"[0.25,0.50)",23.640625,1.0,False,exact_bitmap,SQL_FIRST,False
2026-08-30T19:41:37.944+00:00,heldout,0,46,SQL_FIRST,category_narrow_price,category_03,448,True,0,0.005075,"[0.00,0.05)",3.270416,1.0,True,exact_bitmap,HNSW_HYBRID,False
2026-08-30T19:41:37.984+00:00,heldout,0,46,VECTOR_FIRST_HNSW,category_narrow_price,category_03,448,True,0,0.005075,"[0.00,0.05)",39.255292,0.0,False,exact_bitmap,HNSW_HYBRID,False
2026-08-30T19:41:37.989+00:00,heldout,0,46,HNSW_HYBRID,category_narrow_price,category_03,448,True,0,0.005075,"[0.00,0.05)",3.251083,1.0,False,exact_bitmap,HNSW_HYBRID,True
2026-08-30T19:41:37.993+00:00,heldout,0,46,IVFFLAT_HYBRID,category_narrow_price,category_03,448,True,0,0.005075,"[0.00,0.05)",3.588292,1.0,False,exact_bitmap,HNSW_HYBRID,False
2026-08-30T19:41:37.997+00:00,heldout,1,46,SQL_FIRST,category_narrow_price,category_03,448,True,0,0.005075,"[0.00,0.05)",3.72375,1.0,True,exact_bitmap,HNSW_HYBRID,False
2026-08-30T19:41:38.033+00:00,heldout,1,46,VECTOR_FIRST_HNSW,category_narrow_price,category_03,448,True,0,0.005075,"[0.00,0.05)",35.416,0.0,False,exact_bitmap,HNSW_HYBRID,False
2026-08-30T19:41:38.037+00:00,heldout,1,46,HNSW_HYBRID,category_narrow_price,category_03,448,True,0,0.005075,"[0.00,0.05)",3.522416,1.0,False,exact_bitmap,HNSW_HYBRID,True
2026-08-30T19:41:38.040+00:00,heldout,1,46,IVFFLAT_HYBRID,category_narrow_price,category_03,448,True,0,0.005075,"[0.00,0.05)",2.847792,1.0,False,exact_bitmap,HNSW_HYBRID,False
2026-08-30T19:41:38.066+00:00,heldout,0,242,SQL_FIRST,stock_alone,category_06,357,True,4,0.500835,"[0.50,1.00)",24.74875,1.0,True,exact_seq,SQL_FIRST,True
2026-08-30T19:41:38.099+00:00,heldout,0,242,VECTOR_FIRST_HNSW,stock_alone,category_06,357,True,4,0.500835,"[0.50,1.00)",31.579125,1.0,False,exact_bitmap,SQL_FIRST,False
2026-08-30T19:41:38.124+00:00,heldout,0,242,HNSW_HYBRID,stock_alone,category_06,357,True,4,0.500835,"[0.50,1.00)",24.769959,1.0,False,exact_seq,SQL_FIRST,False
2026-08-30T19:41:38.150+00:00,heldout,0,242,IVFFLAT_HYBRID,stock_alone,category_06,357,True,4,0.500835,"[0.50,1.00)",24.93675,1.0,False,exact_seq,SQL_FIRST,False
2026-08-30T19:41:38.175+00:00,heldout,1,242,SQL_FIRST,stock_alone,category_06,357,True,4,0.500835,"[0.50,1.00)",24.796625,1.0,True,exact_seq,SQL_FIRST,True
2026-08-30T19:41:38.205+00:00,heldout,1,242,VECTOR_FIRST_HNSW,stock_alone,category_06,357,True,4,0.500835,"[0.50,1.00)",30.23975,1.0,False,exact_bitmap,SQL_FIRST,False
2026-08-30T19:41:38.232+00:00,heldout,1,242,HNSW_HYBRID,stock_alone,category_06,357,True,4,0.500835,"[0.50,1.00)",25.793417,1.0,False,exact_seq,SQL_FIRST,False
2026-08-30T19:41:38.257+00:00,heldout,1,242,IVFFLAT_HYBRID,stock_alone,category_06,357,True,4,0.500835,"[0.50,1.00)",24.88325,1.0,False,exact_seq,SQL_FIRST,False
2026-08-30T19:41:38.280+00:00,heldout,0,161,SQL_FIRST,three_categories,category_09,335,False,3,0.272595,"[0.25,0.50)",20.493542,1.0,True,exact_bitmap,SQL_FIRST,True
2026-08-30T19:41:38.310+00:00,heldout,0,161,VECTOR_FIRST_HNSW,three_categories,category_09,335,False,3,0.272595,"[0.25,0.50)",28.409666,1.0,False,exact_bitmap,SQL_FIRST,False
2026-08-30T19:41:38.331+00:00,heldout,0,161,HNSW_HYBRID,three_categories,category_09,335,False,3,0.272595,"[0.25,0.50)",20.590875,1.0,False,exact_bitmap,SQL_FIRST,False
2026-08-30T19:41:38.356+00:00,heldout,0,161,IVFFLAT_HYBRID,three_categories,category_09,335,False,3,0.272595,"[0.25,0.50)",23.182958,1.0,False,exact_bitmap,SQL_FIRST,False
2026-08-30T19:41:38.378+00:00,heldout,1,161,SQL_FIRST,three_categories,category_09,335,False,3,0.272595,"[0.25,0.50)",21.492042,1.0,True,exact_bitmap,SQL_FIRST,True
2026-08-30T19:41:38.416+00:00,heldout,1,161,VECTOR_FIRST_HNSW,three_categories,category_09,335,False,3,0.272595,"[0.25,0.50)",37.229208,1.0,False,exact_bitmap,SQL_FIRST,False
2026-08-30T19:41:38.443+00:00,heldout,1,161,HNSW_HYBRID,three_categories,category_09,335,False,3,0.272595,"[0.25,0.50)",26.812959,1.0,False,exact_bitmap,SQL_FIRST,False
2026-08-30T19:41:38.466+00:00,heldout,1,161,IVFFLAT_HYBRID,three_categories,category_09,335,False,3,0.272595,"[0.25,0.50)",21.800166,1.0,False,exact_bitmap,SQL_FIRST,False
2026-08-30T19:41:38.490+00:00,heldout,0,167,SQL_FIRST,three_categories,category_03,310,True,3,0.27136,"[0.25,0.50)",22.423541,1.0,True,exact_bitmap,SQL_FIRST,True
2026-08-30T19:41:38.523+00:00,heldout,0,167,VECTOR_FIRST_HNSW,three_categories,category_03,310,True,3,0.27136,"[0.25,0.50)",31.991875,1.0,False,exact_bitmap,SQL_FIRST,False
2026-08-30T19:41:38.548+00:00,heldout,0,167,HNSW_HYBRID,three_categories,category_03,310,True,3,0.27136,"[0.25,0.50)",23.53325,1.0,False,exact_bitmap,SQL_FIRST,False
2026-08-30T19:41:38.572+00:00,heldout,0,167,IVFFLAT_HYBRID,three_categories,category_03,310,True,3,0.27136,"[0.25,0.50)",23.131416,1.0,False,exact_bitmap,SQL_FIRST,False
2026-08-30T19:41:38.594+00:00,heldout,1,167,SQL_FIRST,three_categories,category_03,310,True,3,0.27136,"[0.25,0.50)",21.464167,1.0,True,exact_bitmap,SQL_FIRST,True
2026-08-30T19:41:38.624+00:00,heldout,1,167,VECTOR_FIRST_HNSW,three_categories,category_03,310,True,3,0.27136,"[0.25,0.50)",29.682208,1.0,False,exact_bitmap,SQL_FIRST,False
2026-08-30T19:41:38.645+00:00,heldout,1,167,HNSW_HYBRID,three_categories,category_03,310,True,3,0.27136,"[0.25,0.50)",20.711417,1.0,False,exact_bitmap,SQL_FIRST,False
2026-08-30T19:41:38.668+00:00,heldout,1,167,IVFFLAT_HYBRID,three_categories,category_03,310,True,3,0.27136,"[0.25,0.50)",22.790458,1.0,False,exact_bitmap,SQL_FIRST,False
2026-08-30T19:41:38.694+00:00,heldout,0,151,SQL_FIRST,three_categories,category_00,524,False,3,0.271845,"[0.25,0.50)",23.880833,1.0,True,exact_bitmap,SQL_FIRST,True
2026-08-30T19:41:38.725+00:00,heldout,0,151,VECTOR_FIRST_HNSW,three_categories,category_00,524,False,3,0.271845,"[0.25,0.50)",29.720875,1.0,False,exact_bitmap,SQL_FIRST,False
2026-08-30T19:41:38.746+00:00,heldout,0,151,HNSW_HYBRID,three_categories,category_00,524,False,3,0.271845,"[0.25,0.50)",20.039833,1.0,False,exact_bitmap,SQL_FIRST,False
2026-08-30T19:41:38.769+00:00,heldout,0,151,IVFFLAT_HYBRID,three_categories,category_00,524,False,3,0.271845,"[0.25,0.50)",21.66625,1.0,False,exact_bitmap,SQL_FIRST,False
2026-08-30T19:41:38.792+00:00,heldout,1,151,SQL_FIRST,three_categories,category_00,524,False,3,0.271845,"[0.25,0.50)",22.151042,1.0,True,exact_bitmap,SQL_FIRST,True
2026-08-30T19:41:38.827+00:00,heldout,1,151,VECTOR_FIRST_HNSW,three_categories,category_00,524,False,3,0.271845,"[0.25,0.50)",34.142834,1.0,False,exact_bitmap,SQL_FIRST,False
2026-08-30T19:41:38.849+00:00,heldout,1,151,HNSW_HYBRID,three_categories,category_00,524,False,3,0.271845,"[0.25,0.50)",21.808125,1.0,False,exact_bitmap,SQL_FIRST,False
2026-08-30T19:41:38.873+00:00,heldout,1,151,IVFFLAT_HYBRID,three_categories,category_00,524,False,3,0.271845,"[0.25,0.50)",22.923916,1.0,False,exact_bitmap,SQL_FIRST,False
2026-08-30T19:41:38.889+00:00,heldout,0,55,SQL_FIRST,single_category,category_04,518,True,1,0.0967,"[0.05,0.10)",14.390792,1.0,True,exact_bitmap,HNSW_HYBRID,False
2026-08-30T19:41:38.925+00:00,heldout,0,55,VECTOR_FIRST_HNSW,single_category,category_04,518,True,1,0.0967,"[0.05,0.10)",34.9205,0.8,False,exact_bitmap,HNSW_HYBRID,False
2026-08-30T19:41:38.943+00:00,heldout,0,55,HNSW_HYBRID,single_category,category_04,518,True,1,0.0967,"[0.05,0.10)",16.334,1.0,False,exact_bitmap,HNSW_HYBRID,True
2026-08-30T19:41:38.961+00:00,heldout,0,55,IVFFLAT_HYBRID,single_category,category_04,518,True,1,0.0967,"[0.05,0.10)",17.353416,1.0,False,exact_bitmap,HNSW_HYBRID,False
2026-08-30T19:41:38.978+00:00,heldout,1,55,SQL_FIRST,single_category,category_04,518,True,1,0.0967,"[0.05,0.10)",16.486333,1.0,True,exact_bitmap,HNSW_HYBRID,False
2026-08-30T19:41:39.012+00:00,heldout,1,55,VECTOR_FIRST_HNSW,single_category,category_04,518,True,1,0.0967,"[0.05,0.10)",33.481875,0.8,False,exact_bitmap,HNSW_HYBRID,False
2026-08-30T19:41:39.029+00:00,heldout,1,55,HNSW_HYBRID,single_category,category_04,518,True,1,0.0967,"[0.05,0.10)",16.684917,1.0,False,exact_bitmap,HNSW_HYBRID,True
2026-08-30T19:41:39.044+00:00,heldout,1,55,IVFFLAT_HYBRID,single_category,category_04,518,True,1,0.0967,"[0.05,0.10)",15.3815,1.0,False,exact_bitmap,HNSW_HYBRID,False
2026-08-30T19:41:39.071+00:00,heldout,0,101,SQL_FIRST,two_categories,category_02,683,False,2,0.202665,"[0.10,0.25)",24.245,1.0,True,exact_bitmap,HNSW_HYBRID,False
2026-08-30T19:41:39.108+00:00,heldout,0,101,VECTOR_FIRST_HNSW,two_categories,category_02,683,False,2,0.202665,"[0.10,0.25)",35.725792,0.6,False,exact_bitmap,HNSW_HYBRID,False
2026-08-30T19:41:39.132+00:00,heldout,0,101,HNSW_HYBRID,two_categories,category_02,683,False,2,0.202665,"[0.10,0.25)",23.580542,1.0,False,exact_bitmap,HNSW_HYBRID,True
2026-08-30T19:41:39.166+00:00,heldout,0,101,IVFFLAT_HYBRID,two_categories,category_02,683,False,2,0.202665,"[0.10,0.25)",32.442916,1.0,False,exact_bitmap,HNSW_HYBRID,False
2026-08-30T19:41:39.297+00:00,heldout,1,101,SQL_FIRST,two_categories,category_02,683,False,2,0.202665,"[0.10,0.25)",130.606792,1.0,True,exact_bitmap,HNSW_HYBRID,False
2026-08-30T19:41:39.328+00:00,heldout,1,101,VECTOR_FIRST_HNSW,two_categories,category_02,683,False,2,0.202665,"[0.10,0.25)",30.583875,0.6,False,exact_bitmap,HNSW_HYBRID,False
2026-08-30T19:41:39.351+00:00,heldout,1,101,HNSW_HYBRID,two_categories,category_02,683,False,2,0.202665,"[0.10,0.25)",22.443375,1.0,False,exact_bitmap,HNSW_HYBRID,True
2026-08-30T19:41:39.375+00:00,heldout,1,101,IVFFLAT_HYBRID,two_categories,category_02,683,False,2,0.202665,"[0.10,0.25)",23.593125,1.0,False,exact_bitmap,HNSW_HYBRID,False
2026-08-30T19:41:39.401+00:00,heldout,0,118,SQL_FIRST,two_categories,category_03,975,False,2,0.2004,"[0.10,0.25)",25.620541,1.0,True,exact_bitmap,HNSW_HYBRID,False
2026-08-30T19:41:39.435+00:00,heldout,0,118,VECTOR_FIRST_HNSW,two_categories,category_03,975,False,2,0.2004,"[0.10,0.25)",32.555583,0.6,False,exact_bitmap,HNSW_HYBRID,False
2026-08-30T19:41:39.464+00:00,heldout,0,118,HNSW_HYBRID,two_categories,category_03,975,False,2,0.2004,"[0.10,0.25)",27.811291,1.0,False,exact_bitmap,HNSW_HYBRID,True
2026-08-30T19:41:39.488+00:00,heldout,0,118,IVFFLAT_HYBRID,two_categories,category_03,975,False,2,0.2004,"[0.10,0.25)",22.58825,1.0,False,exact_bitmap,HNSW_HYBRID,False
2026-08-30T19:41:39.511+00:00,heldout,1,118,SQL_FIRST,two_categories,category_03,975,False,2,0.2004,"[0.10,0.25)",23.1645,1.0,True,exact_bitmap,HNSW_HYBRID,False
2026-08-30T19:41:39.544+00:00,heldout,1,118,VECTOR_FIRST_HNSW,two_categories,category_03,975,False,2,0.2004,"[0.10,0.25)",31.521959,0.6,False,exact_bitmap,HNSW_HYBRID,False
2026-08-30T19:41:39.567+00:00,heldout,1,118,HNSW_HYBRID,two_categories,category_03,975,False,2,0.2004,"[0.10,0.25)",23.379208,1.0,False,exact_bitmap,HNSW_HYBRID,True
2026-08-30T19:41:39.595+00:00,heldout,1,118,IVFFLAT_HYBRID,two_categories,category_03,975,False,2,0.2004,"[0.10,0.25)",27.403292,1.0,False,exact_bitmap,HNSW_HYBRID,False
2026-08-30T19:41:39.600+00:00,heldout,0,2,SQL_FIRST,category_narrow_price,category_03,41,True,0,0.00319,"[0.00,0.05)",2.61925,1.0,True,exact_bitmap,HNSW_HYBRID,False
2026-08-30T19:41:39.634+00:00,heldout,0,2,VECTOR_FIRST_HNSW,category_narrow_price,category_03,41,True,0,0.00319,"[0.00,0.05)",33.198417,0.0,False,exact_bitmap,HNSW_HYBRID,False
2026-08-30T19:41:39.639+00:00,heldout,0,2,HNSW_HYBRID,category_narrow_price,category_03,41,True,0,0.00319,"[0.00,0.05)",3.004166,1.0,False,exact_bitmap,HNSW_HYBRID,True
2026-08-30T19:41:39.643+00:00,heldout,0,2,IVFFLAT_HYBRID,category_narrow_price,category_03,41,True,0,0.00319,"[0.00,0.05)",2.797333,1.0,False,exact_bitmap,HNSW_HYBRID,False
2026-08-30T19:41:39.646+00:00,heldout,1,2,SQL_FIRST,category_narrow_price,category_03,41,True,0,0.00319,"[0.00,0.05)",3.120875,1.0,True,exact_bitmap,HNSW_HYBRID,False
2026-08-30T19:41:39.683+00:00,heldout,1,2,VECTOR_FIRST_HNSW,category_narrow_price,category_03,41,True,0,0.00319,"[0.00,0.05)",36.42925,0.0,False,exact_bitmap,HNSW_HYBRID,False
2026-08-30T19:41:39.686+00:00,heldout,1,2,HNSW_HYBRID,category_narrow_price,category_03,41,True,0,0.00319,"[0.00,0.05)",2.716,1.0,False,exact_bitmap,HNSW_HYBRID,True
2026-08-30T19:41:39.690+00:00,heldout,1,2,IVFFLAT_HYBRID,category_narrow_price,category_03,41,True,0,0.00319,"[0.00,0.05)",2.949666,1.0,False,exact_bitmap,HNSW_HYBRID,False
2026-08-30T19:41:39.697+00:00,heldout,0,29,SQL_FIRST,category_narrow_price,category_06,903,True,0,0.004995,"[0.00,0.05)",4.308084,1.0,True,exact_bitmap,HNSW_HYBRID,False
2026-08-30T19:41:39.745+00:00,heldout,0,29,VECTOR_FIRST_HNSW,category_narrow_price,category_06,903,True,0,0.004995,"[0.00,0.05)",46.267167,0.1,False,exact_bitmap,HNSW_HYBRID,False
2026-08-30T19:41:39.749+00:00,heldout,0,29,HNSW_HYBRID,category_narrow_price,category_06,903,True,0,0.004995,"[0.00,0.05)",3.047792,1.0,False,exact_bitmap,HNSW_HYBRID,True
2026-08-30T19:41:39.755+00:00,heldout,0,29,IVFFLAT_HYBRID,category_narrow_price,category_06,903,True,0,0.004995,"[0.00,0.05)",4.9175,1.0,False,exact_bitmap,HNSW_HYBRID,False
2026-08-30T19:41:39.799+00:00,heldout,1,29,SQL_FIRST,category_narrow_price,category_06,903,True,0,0.004995,"[0.00,0.05)",43.841916,1.0,True,exact_bitmap,HNSW_HYBRID,False
2026-08-30T19:41:39.859+00:00,heldout,1,29,VECTOR_FIRST_HNSW,category_narrow_price,category_06,903,True,0,0.004995,"[0.00,0.05)",59.201583,0.1,False,exact_bitmap,HNSW_HYBRID,False
2026-08-30T19:41:39.864+00:00,heldout,1,29,HNSW_HYBRID,category_narrow_price,category_06,903,True,0,0.004995,"[0.00,0.05)",4.064084,1.0,False,exact_bitmap,HNSW_HYBRID,True
2026-08-30T19:41:39.868+00:00,heldout,1,29,IVFFLAT_HYBRID,category_narrow_price,category_06,903,True,0,0.004995,"[0.00,0.05)",3.130584,1.0,False,exact_bitmap,HNSW_HYBRID,False
2026-08-30T19:41:39.884+00:00,heldout,0,51,SQL_FIRST,single_category,category_01,203,False,1,0.098665,"[0.05,0.10)",14.474667,1.0,True,exact_bitmap,HNSW_HYBRID,False
2026-08-30T19:41:39.934+00:00,heldout,0,51,VECTOR_FIRST_HNSW,single_category,category_01,203,False,1,0.098665,"[0.05,0.10)",48.173709,0.6,False,exact_bitmap,HNSW_HYBRID,False
2026-08-30T19:41:39.958+00:00,heldout,0,51,HNSW_HYBRID,single_category,category_01,203,False,1,0.098665,"[0.05,0.10)",22.916708,1.0,False,exact_bitmap,HNSW_HYBRID,True
2026-08-30T19:41:39.975+00:00,heldout,0,51,IVFFLAT_HYBRID,single_category,category_01,203,False,1,0.098665,"[0.05,0.10)",16.077542,1.0,False,exact_bitmap,HNSW_HYBRID,False
2026-08-30T19:41:39.995+00:00,heldout,1,51,SQL_FIRST,single_category,category_01,203,False,1,0.098665,"[0.05,0.10)",19.416291,1.0,True,exact_bitmap,HNSW_HYBRID,False
2026-08-30T19:41:40.033+00:00,heldout,1,51,VECTOR_FIRST_HNSW,single_category,category_01,203,False,1,0.098665,"[0.05,0.10)",37.232625,0.6,False,exact_bitmap,HNSW_HYBRID,False
2026-08-30T19:41:40.048+00:00,heldout,1,51,HNSW_HYBRID,single_category,category_01,203,False,1,0.098665,"[0.05,0.10)",14.879666,1.0,False,exact_bitmap,HNSW_HYBRID,True
2026-08-30T19:41:40.062+00:00,heldout,1,51,IVFFLAT_HYBRID,single_category,category_01,203,False,1,0.098665,"[0.05,0.10)",13.803708,1.0,False,exact_bitmap,HNSW_HYBRID,False
2026-08-30T19:41:40.076+00:00,heldout,0,5,SQL_FIRST,category_and_stock,category_09,317,False,0,0.049865,"[0.00,0.05)",12.108416,1.0,True,exact_bitmap,HNSW_HYBRID,False
2026-08-30T19:41:40.109+00:00,heldout,0,5,VECTOR_FIRST_HNSW,category_and_stock,category_09,317,False,0,0.049865,"[0.00,0.05)",32.280208,0.2,False,exact_bitmap,HNSW_HYBRID,False
2026-08-30T19:41:40.121+00:00,heldout,0,5,HNSW_HYBRID,category_and_stock,category_09,317,False,0,0.049865,"[0.00,0.05)",11.573417,1.0,False,exact_bitmap,HNSW_HYBRID,True
2026-08-30T19:41:40.135+00:00,heldout,0,5,IVFFLAT_HYBRID,category_and_stock,category_09,317,False,0,0.049865,"[0.00,0.05)",12.065708,1.0,False,exact_bitmap,HNSW_HYBRID,False
2026-08-30T19:41:40.148+00:00,heldout,1,5,SQL_FIRST,category_and_stock,category_09,317,False,0,0.049865,"[0.00,0.05)",13.16875,1.0,True,exact_bitmap,HNSW_HYBRID,False
2026-08-30T19:41:40.184+00:00,heldout,1,5,VECTOR_FIRST_HNSW,category_and_stock,category_09,317,False,0,0.049865,"[0.00,0.05)",36.099,0.2,False,exact_bitmap,HNSW_HYBRID,False
2026-08-30T19:41:40.197+00:00,heldout,1,5,HNSW_HYBRID,category_and_stock,category_09,317,False,0,0.049865,"[0.00,0.05)",12.5335,1.0,False,exact_bitmap,HNSW_HYBRID,True
2026-08-30T19:41:40.211+00:00,heldout,1,5,IVFFLAT_HYBRID,category_and_stock,category_09,317,False,0,0.049865,"[0.00,0.05)",13.222833,1.0,False,exact_bitmap,HNSW_HYBRID,False
2026-08-30T19:41:40.240+00:00,heldout,0,203,SQL_FIRST,stock_alone,category_07,382,True,4,0.500835,"[0.50,1.00)",28.157459,1.0,True,exact_seq,SQL_FIRST,True
2026-08-30T19:41:40.274+00:00,heldout,0,203,VECTOR_FIRST_HNSW,stock_alone,category_07,382,True,4,0.500835,"[0.50,1.00)",32.473416,1.0,False,exact_bitmap,SQL_FIRST,False
2026-08-30T19:41:40.301+00:00,heldout,0,203,HNSW_HYBRID,stock_alone,category_07,382,True,4,0.500835,"[0.50,1.00)",25.928209,1.0,False,exact_seq,SQL_FIRST,False
2026-08-30T19:41:40.328+00:00,heldout,0,203,IVFFLAT_HYBRID,stock_alone,category_07,382,True,4,0.500835,"[0.50,1.00)",26.405667,1.0,False,exact_seq,SQL_FIRST,False
2026-08-30T19:41:40.353+00:00,heldout,1,203,SQL_FIRST,stock_alone,category_07,382,True,4,0.500835,"[0.50,1.00)",24.469291,1.0,True,exact_seq,SQL_FIRST,True
2026-08-30T19:41:40.384+00:00,heldout,1,203,VECTOR_FIRST_HNSW,stock_alone,category_07,382,True,4,0.500835,"[0.50,1.00)",30.3995,1.0,False,exact_bitmap,SQL_FIRST,False
2026-08-30T19:41:40.407+00:00,heldout,1,203,HNSW_HYBRID,stock_alone,category_07,382,True,4,0.500835,"[0.50,1.00)",23.134083,1.0,False,exact_seq,SQL_FIRST,False
2026-08-30T19:41:40.434+00:00,heldout,1,203,IVFFLAT_HYBRID,stock_alone,category_07,382,True,4,0.500835,"[0.50,1.00)",25.772459,1.0,False,exact_seq,SQL_FIRST,False
2026-08-30T19:41:40.447+00:00,heldout,0,30,SQL_FIRST,category_and_stock,category_09,770,False,0,0.049865,"[0.00,0.05)",10.908916,1.0,True,exact_bitmap,HNSW_HYBRID,False
2026-08-30T19:41:40.479+00:00,heldout,0,30,VECTOR_FIRST_HNSW,category_and_stock,category_09,770,False,0,0.049865,"[0.00,0.05)",30.806417,0.5,False,exact_bitmap,HNSW_HYBRID,False
2026-08-30T19:41:40.492+00:00,heldout,0,30,HNSW_HYBRID,category_and_stock,category_09,770,False,0,0.049865,"[0.00,0.05)",10.980917,1.0,False,exact_bitmap,HNSW_HYBRID,True
2026-08-30T19:41:40.506+00:00,heldout,0,30,IVFFLAT_HYBRID,category_and_stock,category_09,770,False,0,0.049865,"[0.00,0.05)",12.801583,1.0,False,exact_bitmap,HNSW_HYBRID,False
2026-08-30T19:41:40.518+00:00,heldout,1,30,SQL_FIRST,category_and_stock,category_09,770,False,0,0.049865,"[0.00,0.05)",12.006625,1.0,True,exact_bitmap,HNSW_HYBRID,False
2026-08-30T19:41:40.549+00:00,heldout,1,30,VECTOR_FIRST_HNSW,category_and_stock,category_09,770,False,0,0.049865,"[0.00,0.05)",30.905709,0.5,False,exact_bitmap,HNSW_HYBRID,False
2026-08-30T19:41:40.561+00:00,heldout,1,30,HNSW_HYBRID,category_and_stock,category_09,770,False,0,0.049865,"[0.00,0.05)",10.955791,1.0,False,exact_bitmap,HNSW_HYBRID,True
2026-08-30T19:41:40.574+00:00,heldout,1,30,IVFFLAT_HYBRID,category_and_stock,category_09,770,False,0,0.049865,"[0.00,0.05)",12.219792,1.0,False,exact_bitmap,HNSW_HYBRID,False
2026-08-30T19:41:40.601+00:00,heldout,0,177,SQL_FIRST,category_or_price,category_07,368,False,3,0.428,"[0.25,0.50)",25.392708,1.0,True,exact_seq,SQL_FIRST,True
2026-08-30T19:41:40.633+00:00,heldout,0,177,VECTOR_FIRST_HNSW,category_or_price,category_07,368,False,3,0.428,"[0.25,0.50)",30.174958,1.0,False,exact_bitmap,SQL_FIRST,False
2026-08-30T19:41:40.662+00:00,heldout,0,177,HNSW_HYBRID,category_or_price,category_07,368,False,3,0.428,"[0.25,0.50)",27.707,1.0,False,exact_seq,SQL_FIRST,False
2026-08-30T19:41:40.693+00:00,heldout,0,177,IVFFLAT_HYBRID,category_or_price,category_07,368,False,3,0.428,"[0.25,0.50)",30.149625,1.0,False,exact_seq,SQL_FIRST,False
2026-08-30T19:41:40.725+00:00,heldout,1,177,SQL_FIRST,category_or_price,category_07,368,False,3,0.428,"[0.25,0.50)",31.9275,1.0,True,exact_seq,SQL_FIRST,True
2026-08-30T19:41:40.765+00:00,heldout,1,177,VECTOR_FIRST_HNSW,category_or_price,category_07,368,False,3,0.428,"[0.25,0.50)",39.69,1.0,False,exact_bitmap,SQL_FIRST,False
2026-08-30T19:41:40.798+00:00,heldout,1,177,HNSW_HYBRID,category_or_price,category_07,368,False,3,0.428,"[0.25,0.50)",32.43325,1.0,False,exact_seq,SQL_FIRST,False
2026-08-30T19:41:40.829+00:00,heldout,1,177,IVFFLAT_HYBRID,category_or_price,category_07,368,False,3,0.428,"[0.25,0.50)",29.938459,1.0,False,exact_seq,SQL_FIRST,False
2026-08-30T19:41:40.855+00:00,heldout,0,153,SQL_FIRST,three_categories,category_04,615,True,3,0.267975,"[0.25,0.50)",23.849875,1.0,True,exact_bitmap,SQL_FIRST,True
2026-08-30T19:41:40.890+00:00,heldout,0,153,VECTOR_FIRST_HNSW,three_categories,category_04,615,True,3,0.267975,"[0.25,0.50)",33.832833,1.0,False,exact_bitmap,SQL_FIRST,False
2026-08-30T19:41:40.915+00:00,heldout,0,153,HNSW_HYBRID,three_categories,category_04,615,True,3,0.267975,"[0.25,0.50)",23.515958,1.0,False,exact_bitmap,SQL_FIRST,False
2026-08-30T19:41:40.940+00:00,heldout,0,153,IVFFLAT_HYBRID,three_categories,category_04,615,True,3,0.267975,"[0.25,0.50)",23.060875,1.0,False,exact_bitmap,SQL_FIRST,False
2026-08-30T19:41:40.974+00:00,heldout,1,153,SQL_FIRST,three_categories,category_04,615,True,3,0.267975,"[0.25,0.50)",33.948833,1.0,True,exact_bitmap,SQL_FIRST,True
2026-08-30T19:41:41.015+00:00,heldout,1,153,VECTOR_FIRST_HNSW,three_categories,category_04,615,True,3,0.267975,"[0.25,0.50)",39.857583,1.0,False,exact_bitmap,SQL_FIRST,False
2026-08-30T19:41:41.048+00:00,heldout,1,153,HNSW_HYBRID,three_categories,category_04,615,True,3,0.267975,"[0.25,0.50)",32.676833,1.0,False,exact_bitmap,SQL_FIRST,False
2026-08-30T19:41:41.074+00:00,heldout,1,153,IVFFLAT_HYBRID,three_categories,category_04,615,True,3,0.267975,"[0.25,0.50)",25.802083,1.0,False,exact_bitmap,SQL_FIRST,False
2026-08-30T19:41:41.111+00:00,heldout,0,185,SQL_FIRST,category_or_price,category_08,319,True,3,0.382635,"[0.25,0.50)",34.749459,1.0,True,exact_seq,SQL_FIRST,True
2026-08-30T19:41:41.144+00:00,heldout,0,185,VECTOR_FIRST_HNSW,category_or_price,category_08,319,True,3,0.382635,"[0.25,0.50)",32.3595,1.0,False,exact_bitmap,SQL_FIRST,False
2026-08-30T19:41:41.172+00:00,heldout,0,185,HNSW_HYBRID,category_or_price,category_08,319,True,3,0.382635,"[0.25,0.50)",26.082916,1.0,False,exact_seq,SQL_FIRST,False
2026-08-30T19:41:41.199+00:00,heldout,0,185,IVFFLAT_HYBRID,category_or_price,category_08,319,True,3,0.382635,"[0.25,0.50)",25.994125,1.0,False,exact_seq,SQL_FIRST,False
2026-08-30T19:41:41.226+00:00,heldout,1,185,SQL_FIRST,category_or_price,category_08,319,True,3,0.382635,"[0.25,0.50)",26.799875,1.0,True,exact_seq,SQL_FIRST,True
2026-08-30T19:41:41.260+00:00,heldout,1,185,VECTOR_FIRST_HNSW,category_or_price,category_08,319,True,3,0.382635,"[0.25,0.50)",34.117167,1.0,False,exact_bitmap,SQL_FIRST,False
2026-08-30T19:41:41.291+00:00,heldout,1,185,HNSW_HYBRID,category_or_price,category_08,319,True,3,0.382635,"[0.25,0.50)",30.182459,1.0,False,exact_seq,SQL_FIRST,False
2026-08-30T19:41:41.322+00:00,heldout,1,185,IVFFLAT_HYBRID,category_or_price,category_08,319,True,3,0.382635,"[0.25,0.50)",30.054667,1.0,False,exact_seq,SQL_FIRST,False
2026-08-30T19:41:41.339+00:00,heldout,0,77,SQL_FIRST,single_category,category_01,458,True,1,0.098665,"[0.05,0.10)",15.584708,1.0,True,exact_bitmap,HNSW_HYBRID,False
2026-08-30T19:41:41.379+00:00,heldout,0,77,VECTOR_FIRST_HNSW,single_category,category_01,458,True,1,0.098665,"[0.05,0.10)",38.709417,1.0,False,exact_bitmap,HNSW_HYBRID,False
2026-08-30T19:41:41.395+00:00,heldout,0,77,HNSW_HYBRID,single_category,category_01,458,True,1,0.098665,"[0.05,0.10)",14.71325,1.0,False,exact_bitmap,HNSW_HYBRID,True
2026-08-30T19:41:41.413+00:00,heldout,0,77,IVFFLAT_HYBRID,single_category,category_01,458,True,1,0.098665,"[0.05,0.10)",16.67275,1.0,False,exact_bitmap,HNSW_HYBRID,False
2026-08-30T19:41:41.432+00:00,heldout,1,77,SQL_FIRST,single_category,category_01,458,True,1,0.098665,"[0.05,0.10)",18.249875,1.0,True,exact_bitmap,HNSW_HYBRID,False
2026-08-30T19:41:41.465+00:00,heldout,1,77,VECTOR_FIRST_HNSW,single_category,category_01,458,True,1,0.098665,"[0.05,0.10)",33.025667,1.0,False,exact_bitmap,HNSW_HYBRID,False
2026-08-30T19:41:41.480+00:00,heldout,1,77,HNSW_HYBRID,single_category,category_01,458,True,1,0.098665,"[0.05,0.10)",14.123792,1.0,False,exact_bitmap,HNSW_HYBRID,True
2026-08-30T19:41:41.497+00:00,heldout,1,77,IVFFLAT_HYBRID,single_category,category_01,458,True,1,0.098665,"[0.05,0.10)",16.471875,1.0,False,exact_bitmap,HNSW_HYBRID,False
2026-08-30T19:41:41.515+00:00,heldout,0,26,SQL_FIRST,category_and_stock,category_06,533,True,0,0.04985,"[0.00,0.05)",14.039042,1.0,True,exact_bitmap,HNSW_HYBRID,False
2026-08-30T19:41:41.552+00:00,heldout,0,26,VECTOR_FIRST_HNSW,category_and_stock,category_06,533,True,0,0.04985,"[0.00,0.05)",34.696334,0.0,False,exact_bitmap,HNSW_HYBRID,False
2026-08-30T19:41:41.566+00:00,heldout,0,26,HNSW_HYBRID,category_and_stock,category_06,533,True,0,0.04985,"[0.00,0.05)",12.39575,1.0,False,exact_bitmap,HNSW_HYBRID,True
2026-08-30T19:41:41.582+00:00,heldout,0,26,IVFFLAT_HYBRID,category_and_stock,category_06,533,True,0,0.04985,"[0.00,0.05)",14.041958,1.0,False,exact_bitmap,HNSW_HYBRID,False
2026-08-30T19:41:41.594+00:00,heldout,1,26,SQL_FIRST,category_and_stock,category_06,533,True,0,0.04985,"[0.00,0.05)",12.167917,1.0,True,exact_bitmap,HNSW_HYBRID,False
2026-08-30T19:41:41.627+00:00,heldout,1,26,VECTOR_FIRST_HNSW,category_and_stock,category_06,533,True,0,0.04985,"[0.00,0.05)",31.960125,0.0,False,exact_bitmap,HNSW_HYBRID,False
2026-08-30T19:41:41.639+00:00,heldout,1,26,HNSW_HYBRID,category_and_stock,category_06,533,True,0,0.04985,"[0.00,0.05)",10.871666,1.0,False,exact_bitmap,HNSW_HYBRID,True
2026-08-30T19:41:41.651+00:00,heldout,1,26,IVFFLAT_HYBRID,category_and_stock,category_06,533,True,0,0.04985,"[0.00,0.05)",11.882,1.0,False,exact_bitmap,HNSW_HYBRID,False
2026-08-30T19:41:41.655+00:00,heldout,0,37,SQL_FIRST,category_narrow_price,category_03,22,False,0,0.0012,"[0.00,0.05)",2.01225,1.0,True,exact_bitmap,HNSW_HYBRID,False
2026-08-30T19:41:41.688+00:00,heldout,0,37,VECTOR_FIRST_HNSW,category_narrow_price,category_03,22,False,0,0.0012,"[0.00,0.05)",30.870959,0.0,False,exact_bitmap,HNSW_HYBRID,False
2026-08-30T19:41:41.691+00:00,heldout,0,37,HNSW_HYBRID,category_narrow_price,category_03,22,False,0,0.0012,"[0.00,0.05)",1.470542,1.0,False,exact_bitmap,HNSW_HYBRID,True
2026-08-30T19:41:41.693+00:00,heldout,0,37,IVFFLAT_HYBRID,category_narrow_price,category_03,22,False,0,0.0012,"[0.00,0.05)",1.238208,1.0,False,exact_bitmap,HNSW_HYBRID,False
2026-08-30T19:41:41.695+00:00,heldout,1,37,SQL_FIRST,category_narrow_price,category_03,22,False,0,0.0012,"[0.00,0.05)",1.807791,1.0,True,exact_bitmap,HNSW_HYBRID,False
2026-08-30T19:41:41.727+00:00,heldout,1,37,VECTOR_FIRST_HNSW,category_narrow_price,category_03,22,False,0,0.0012,"[0.00,0.05)",31.012084,0.0,False,exact_bitmap,HNSW_HYBRID,False
2026-08-30T19:41:41.729+00:00,heldout,1,37,HNSW_HYBRID,category_narrow_price,category_03,22,False,0,0.0012,"[0.00,0.05)",1.912167,1.0,False,exact_bitmap,HNSW_HYBRID,True
2026-08-30T19:41:41.731+00:00,heldout,1,37,IVFFLAT_HYBRID,category_narrow_price,category_03,22,False,0,0.0012,"[0.00,0.05)",1.318667,1.0,False,exact_bitmap,HNSW_HYBRID,False
2026-08-30T19:41:41.765+00:00,heldout,0,220,SQL_FIRST,wide_or,category_01,866,False,4,0.93802,"[0.50,1.00)",32.349709,1.0,True,exact_seq,SQL_FIRST,True
2026-08-30T19:41:41.796+00:00,heldout,0,220,VECTOR_FIRST_HNSW,wide_or,category_01,866,False,4,0.93802,"[0.50,1.00)",29.182875,1.0,False,exact_bitmap,SQL_FIRST,False
2026-08-30T19:41:41.834+00:00,heldout,0,220,HNSW_HYBRID,wide_or,category_01,866,False,4,0.93802,"[0.50,1.00)",36.086708,1.0,False,exact_seq,SQL_FIRST,False
2026-08-30T19:41:41.871+00:00,heldout,0,220,IVFFLAT_HYBRID,wide_or,category_01,866,False,4,0.93802,"[0.50,1.00)",35.900583,1.0,False,exact_seq,SQL_FIRST,False
2026-08-30T19:41:41.907+00:00,heldout,1,220,SQL_FIRST,wide_or,category_01,866,False,4,0.93802,"[0.50,1.00)",35.817917,1.0,True,exact_seq,SQL_FIRST,True
2026-08-30T19:41:41.939+00:00,heldout,1,220,VECTOR_FIRST_HNSW,wide_or,category_01,866,False,4,0.93802,"[0.50,1.00)",31.51225,1.0,False,exact_bitmap,SQL_FIRST,False
2026-08-30T19:41:41.977+00:00,heldout,1,220,HNSW_HYBRID,wide_or,category_01,866,False,4,0.93802,"[0.50,1.00)",36.877791,1.0,False,exact_seq,SQL_FIRST,False
2026-08-30T19:41:42.014+00:00,heldout,1,220,IVFFLAT_HYBRID,wide_or,category_01,866,False,4,0.93802,"[0.50,1.00)",37.110584,1.0,False,exact_seq,SQL_FIRST,False
2026-08-30T19:41:42.030+00:00,heldout,0,129,SQL_FIRST,price_range_mid,category_08,975,False,2,0.10135,"[0.10,0.25)",14.736541,1.0,True,exact_bitmap,HNSW_HYBRID,False
2026-08-30T19:41:42.065+00:00,heldout,0,129,VECTOR_FIRST_HNSW,price_range_mid,category_08,975,False,2,0.10135,"[0.10,0.25)",33.765708,0.6,False,exact_bitmap,HNSW_HYBRID,False
2026-08-30T19:41:42.081+00:00,heldout,0,129,HNSW_HYBRID,price_range_mid,category_08,975,False,2,0.10135,"[0.10,0.25)",15.061917,1.0,False,exact_bitmap,HNSW_HYBRID,True
2026-08-30T19:41:42.100+00:00,heldout,0,129,IVFFLAT_HYBRID,price_range_mid,category_08,975,False,2,0.10135,"[0.10,0.25)",17.0055,1.0,False,exact_bitmap,HNSW_HYBRID,False
2026-08-30T19:41:42.117+00:00,heldout,1,129,SQL_FIRST,price_range_mid,category_08,975,False,2,0.10135,"[0.10,0.25)",17.162458,1.0,True,exact_bitmap,HNSW_HYBRID,False
2026-08-30T19:41:42.153+00:00,heldout,1,129,VECTOR_FIRST_HNSW,price_range_mid,category_08,975,False,2,0.10135,"[0.10,0.25)",34.653042,0.6,False,exact_bitmap,HNSW_HYBRID,False
2026-08-30T19:41:42.168+00:00,heldout,1,129,HNSW_HYBRID,price_range_mid,category_08,975,False,2,0.10135,"[0.10,0.25)",14.544625,1.0,False,exact_bitmap,HNSW_HYBRID,True
2026-08-30T19:41:42.184+00:00,heldout,1,129,IVFFLAT_HYBRID,price_range_mid,category_08,975,False,2,0.10135,"[0.10,0.25)",16.28475,1.0,False,exact_bitmap,HNSW_HYBRID,False
2026-08-30T19:41:42.260+00:00,heldout,0,74,SQL_FIRST,single_category,category_02,465,True,1,0.098965,"[0.05,0.10)",73.913083,1.0,True,exact_bitmap,HNSW_HYBRID,False
2026-08-30T19:41:42.306+00:00,heldout,0,74,VECTOR_FIRST_HNSW,single_category,category_02,465,True,1,0.098965,"[0.05,0.10)",44.936709,0.4,False,exact_bitmap,HNSW_HYBRID,False
2026-08-30T19:41:42.319+00:00,heldout,0,74,HNSW_HYBRID,single_category,category_02,465,True,1,0.098965,"[0.05,0.10)",12.558541,1.0,False,exact_bitmap,HNSW_HYBRID,True
2026-08-30T19:41:42.334+00:00,heldout,0,74,IVFFLAT_HYBRID,single_category,category_02,465,True,1,0.098965,"[0.05,0.10)",13.705083,1.0,False,exact_bitmap,HNSW_HYBRID,False
2026-08-30T19:41:42.348+00:00,heldout,1,74,SQL_FIRST,single_category,category_02,465,True,1,0.098965,"[0.05,0.10)",13.904625,1.0,True,exact_bitmap,HNSW_HYBRID,False
2026-08-30T19:41:42.379+00:00,heldout,1,74,VECTOR_FIRST_HNSW,single_category,category_02,465,True,1,0.098965,"[0.05,0.10)",30.338666,0.4,False,exact_bitmap,HNSW_HYBRID,False
2026-08-30T19:41:42.392+00:00,heldout,1,74,HNSW_HYBRID,single_category,category_02,465,True,1,0.098965,"[0.05,0.10)",12.860167,1.0,False,exact_bitmap,HNSW_HYBRID,True
2026-08-30T19:41:42.407+00:00,heldout,1,74,IVFFLAT_HYBRID,single_category,category_02,465,True,1,0.098965,"[0.05,0.10)",14.317166,1.0,False,exact_bitmap,HNSW_HYBRID,False
2026-08-30T19:41:42.433+00:00,heldout,0,114,SQL_FIRST,two_categories,category_02,385,False,2,0.202665,"[0.10,0.25)",25.192292,1.0,True,exact_bitmap,HNSW_HYBRID,False
2026-08-30T19:41:42.465+00:00,heldout,0,114,VECTOR_FIRST_HNSW,two_categories,category_02,385,False,2,0.202665,"[0.10,0.25)",31.133917,0.8,False,exact_bitmap,HNSW_HYBRID,False
2026-08-30T19:41:42.489+00:00,heldout,0,114,HNSW_HYBRID,two_categories,category_02,385,False,2,0.202665,"[0.10,0.25)",22.5835,1.0,False,exact_bitmap,HNSW_HYBRID,True
2026-08-30T19:41:42.514+00:00,heldout,0,114,IVFFLAT_HYBRID,two_categories,category_02,385,False,2,0.202665,"[0.10,0.25)",24.047333,1.0,False,exact_bitmap,HNSW_HYBRID,False
2026-08-30T19:41:42.538+00:00,heldout,1,114,SQL_FIRST,two_categories,category_02,385,False,2,0.202665,"[0.10,0.25)",23.834667,1.0,True,exact_bitmap,HNSW_HYBRID,False
2026-08-30T19:41:42.569+00:00,heldout,1,114,VECTOR_FIRST_HNSW,two_categories,category_02,385,False,2,0.202665,"[0.10,0.25)",30.131875,0.8,False,exact_bitmap,HNSW_HYBRID,False
2026-08-30T19:41:42.593+00:00,heldout,1,114,HNSW_HYBRID,two_categories,category_02,385,False,2,0.202665,"[0.10,0.25)",23.785167,1.0,False,exact_bitmap,HNSW_HYBRID,True
2026-08-30T19:41:42.619+00:00,heldout,1,114,IVFFLAT_HYBRID,two_categories,category_02,385,False,2,0.202665,"[0.10,0.25)",25.398375,1.0,False,exact_bitmap,HNSW_HYBRID,False
2026-08-30T19:41:42.636+00:00,heldout,0,89,SQL_FIRST,single_category,category_09,746,True,1,0.0999,"[0.05,0.10)",14.347917,1.0,True,exact_bitmap,HNSW_HYBRID,False
2026-08-30T19:41:42.667+00:00,heldout,0,89,VECTOR_FIRST_HNSW,single_category,category_09,746,True,1,0.0999,"[0.05,0.10)",30.008166,0.8,False,exact_bitmap,HNSW_HYBRID,False
2026-08-30T19:41:42.682+00:00,heldout,0,89,HNSW_HYBRID,single_category,category_09,746,True,1,0.0999,"[0.05,0.10)",13.089709,1.0,False,exact_bitmap,HNSW_HYBRID,True
2026-08-30T19:41:42.698+00:00,heldout,0,89,IVFFLAT_HYBRID,single_category,category_09,746,True,1,0.0999,"[0.05,0.10)",14.161166,1.0,False,exact_bitmap,HNSW_HYBRID,False
2026-08-30T19:41:42.713+00:00,heldout,1,89,SQL_FIRST,single_category,category_09,746,True,1,0.0999,"[0.05,0.10)",14.1895,1.0,True,exact_bitmap,HNSW_HYBRID,False
2026-08-30T19:41:42.743+00:00,heldout,1,89,VECTOR_FIRST_HNSW,single_category,category_09,746,True,1,0.0999,"[0.05,0.10)",30.171125,0.8,False,exact_bitmap,HNSW_HYBRID,False
2026-08-30T19:41:42.757+00:00,heldout,1,89,HNSW_HYBRID,single_category,category_09,746,True,1,0.0999,"[0.05,0.10)",13.143833,1.0,False,exact_bitmap,HNSW_HYBRID,True
2026-08-30T19:41:42.772+00:00,heldout,1,89,IVFFLAT_HYBRID,single_category,category_09,746,True,1,0.0999,"[0.05,0.10)",14.461667,1.0,False,exact_bitmap,HNSW_HYBRID,False
2026-08-30T19:41:42.789+00:00,heldout,0,140,SQL_FIRST,price_range_mid,category_01,758,True,2,0.100395,"[0.10,0.25)",15.187917,1.0,True,exact_bitmap,HNSW_HYBRID,False
2026-08-30T19:41:42.821+00:00,heldout,0,140,VECTOR_FIRST_HNSW,price_range_mid,category_01,758,True,2,0.100395,"[0.10,0.25)",30.125,0.5,False,exact_bitmap,HNSW_HYBRID,False
2026-08-30T19:41:42.836+00:00,heldout,0,140,HNSW_HYBRID,price_range_mid,category_01,758,True,2,0.100395,"[0.10,0.25)",13.465041,1.0,False,exact_bitmap,HNSW_HYBRID,True
2026-08-30T19:41:42.853+00:00,heldout,0,140,IVFFLAT_HYBRID,price_range_mid,category_01,758,True,2,0.100395,"[0.10,0.25)",14.580791,1.0,False,exact_bitmap,HNSW_HYBRID,False
2026-08-30T19:41:42.868+00:00,heldout,1,140,SQL_FIRST,price_range_mid,category_01,758,True,2,0.100395,"[0.10,0.25)",14.576125,1.0,True,exact_bitmap,HNSW_HYBRID,False
2026-08-30T19:41:42.937+00:00,heldout,1,140,VECTOR_FIRST_HNSW,price_range_mid,category_01,758,True,2,0.100395,"[0.10,0.25)",66.185917,0.5,False,exact_bitmap,HNSW_HYBRID,False
2026-08-30T19:41:42.954+00:00,heldout,1,140,HNSW_HYBRID,price_range_mid,category_01,758,True,2,0.100395,"[0.10,0.25)",16.113875,1.0,False,exact_bitmap,HNSW_HYBRID,True
2026-08-30T19:41:42.969+00:00,heldout,1,140,IVFFLAT_HYBRID,price_range_mid,category_01,758,True,2,0.100395,"[0.10,0.25)",15.369792,1.0,False,exact_bitmap,HNSW_HYBRID,False
2026-08-30T19:41:42.985+00:00,heldout,0,98,SQL_FIRST,single_category,category_02,986,True,1,0.098965,"[0.05,0.10)",14.094125,1.0,True,exact_bitmap,HNSW_HYBRID,False
2026-08-30T19:41:43.017+00:00,heldout,0,98,VECTOR_FIRST_HNSW,single_category,category_02,986,True,1,0.098965,"[0.05,0.10)",30.945875,0.5,False,exact_bitmap,HNSW_HYBRID,False
2026-08-30T19:41:43.030+00:00,heldout,0,98,HNSW_HYBRID,single_category,category_02,986,True,1,0.098965,"[0.05,0.10)",12.519166,1.0,False,exact_bitmap,HNSW_HYBRID,True
2026-08-30T19:41:43.045+00:00,heldout,0,98,IVFFLAT_HYBRID,single_category,category_02,986,True,1,0.098965,"[0.05,0.10)",14.187625,1.0,False,exact_bitmap,HNSW_HYBRID,False
2026-08-30T19:41:43.059+00:00,heldout,1,98,SQL_FIRST,single_category,category_02,986,True,1,0.098965,"[0.05,0.10)",13.955958,1.0,True,exact_bitmap,HNSW_HYBRID,False
2026-08-30T19:41:43.090+00:00,heldout,1,98,VECTOR_FIRST_HNSW,single_category,category_02,986,True,1,0.098965,"[0.05,0.10)",30.27375,0.5,False,exact_bitmap,HNSW_HYBRID,False
2026-08-30T19:41:43.103+00:00,heldout,1,98,HNSW_HYBRID,single_category,category_02,986,True,1,0.098965,"[0.05,0.10)",13.046125,1.0,False,exact_bitmap,HNSW_HYBRID,True
2026-08-30T19:41:43.117+00:00,heldout,1,98,IVFFLAT_HYBRID,single_category,category_02,986,True,1,0.098965,"[0.05,0.10)",13.976958,1.0,False,exact_bitmap,HNSW_HYBRID,False
2026-08-30T19:41:43.145+00:00,heldout,0,229,SQL_FIRST,stock_alone,category_00,327,True,4,0.500835,"[0.50,1.00)",26.389291,1.0,True,exact_seq,SQL_FIRST,True
2026-08-30T19:41:43.178+00:00,heldout,0,229,VECTOR_FIRST_HNSW,stock_alone,category_00,327,True,4,0.500835,"[0.50,1.00)",31.753458,1.0,False,exact_bitmap,SQL_FIRST,False
2026-08-30T19:41:43.201+00:00,heldout,0,229,HNSW_HYBRID,stock_alone,category_00,327,True,4,0.500835,"[0.50,1.00)",22.391458,1.0,False,exact_seq,SQL_FIRST,False
2026-08-30T19:41:43.226+00:00,heldout,0,229,IVFFLAT_HYBRID,stock_alone,category_00,327,True,4,0.500835,"[0.50,1.00)",24.187417,1.0,False,exact_seq,SQL_FIRST,False
2026-08-30T19:41:43.249+00:00,heldout,1,229,SQL_FIRST,stock_alone,category_00,327,True,4,0.500835,"[0.50,1.00)",22.829625,1.0,True,exact_seq,SQL_FIRST,True
2026-08-30T19:41:43.279+00:00,heldout,1,229,VECTOR_FIRST_HNSW,stock_alone,category_00,327,True,4,0.500835,"[0.50,1.00)",28.677041,1.0,False,exact_bitmap,SQL_FIRST,False
2026-08-30T19:41:43.302+00:00,heldout,1,229,HNSW_HYBRID,stock_alone,category_00,327,True,4,0.500835,"[0.50,1.00)",22.895792,1.0,False,exact_seq,SQL_FIRST,False
2026-08-30T19:41:43.328+00:00,heldout,1,229,IVFFLAT_HYBRID,stock_alone,category_00,327,True,4,0.500835,"[0.50,1.00)",25.433334,1.0,False,exact_seq,SQL_FIRST,False
2026-08-30T19:41:43.333+00:00,heldout,0,13,SQL_FIRST,category_narrow_price,category_04,299,True,0,0.00493,"[0.00,0.05)",3.030042,1.0,True,exact_bitmap,HNSW_HYBRID,False
2026-08-30T19:41:43.365+00:00,heldout,0,13,VECTOR_FIRST_HNSW,category_narrow_price,category_04,299,True,0,0.00493,"[0.00,0.05)",29.748167,0.0,False,exact_bitmap,HNSW_HYBRID,False
2026-08-30T19:41:43.371+00:00,heldout,0,13,HNSW_HYBRID,category_narrow_price,category_04,299,True,0,0.00493,"[0.00,0.05)",5.211792,1.0,False,exact_bitmap,HNSW_HYBRID,True
2026-08-30T19:41:43.376+00:00,heldout,0,13,IVFFLAT_HYBRID,category_narrow_price,category_04,299,True,0,0.00493,"[0.00,0.05)",3.249833,1.0,False,exact_bitmap,HNSW_HYBRID,False
2026-08-30T19:41:43.380+00:00,heldout,1,13,SQL_FIRST,category_narrow_price,category_04,299,True,0,0.00493,"[0.00,0.05)",3.778292,1.0,True,exact_bitmap,HNSW_HYBRID,False
2026-08-30T19:41:43.414+00:00,heldout,1,13,VECTOR_FIRST_HNSW,category_narrow_price,category_04,299,True,0,0.00493,"[0.00,0.05)",33.099666,0.0,False,exact_bitmap,HNSW_HYBRID,False
2026-08-30T19:41:43.417+00:00,heldout,1,13,HNSW_HYBRID,category_narrow_price,category_04,299,True,0,0.00493,"[0.00,0.05)",2.8025,1.0,False,exact_bitmap,HNSW_HYBRID,True
2026-08-30T19:41:43.422+00:00,heldout,1,13,IVFFLAT_HYBRID,category_narrow_price,category_04,299,True,0,0.00493,"[0.00,0.05)",4.657042,1.0,False,exact_bitmap,HNSW_HYBRID,False
2026-08-30T19:41:43.458+00:00,heldout,0,228,SQL_FIRST,wide_or,category_00,576,True,4,0.808535,"[0.50,1.00)",34.179792,1.0,True,exact_seq,SQL_FIRST,True
2026-08-30T19:41:43.490+00:00,heldout,0,228,VECTOR_FIRST_HNSW,wide_or,category_00,576,True,4,0.808535,"[0.50,1.00)",30.3125,1.0,False,exact_bitmap,SQL_FIRST,False
2026-08-30T19:41:43.523+00:00,heldout,0,228,HNSW_HYBRID,wide_or,category_00,576,True,4,0.808535,"[0.50,1.00)",32.32775,1.0,False,exact_seq,SQL_FIRST,False
2026-08-30T19:41:43.557+00:00,heldout,0,228,IVFFLAT_HYBRID,wide_or,category_00,576,True,4,0.808535,"[0.50,1.00)",32.374375,1.0,False,exact_seq,SQL_FIRST,False
2026-08-30T19:41:43.590+00:00,heldout,1,228,SQL_FIRST,wide_or,category_00,576,True,4,0.808535,"[0.50,1.00)",33.275709,1.0,True,exact_seq,SQL_FIRST,True
2026-08-30T19:41:43.626+00:00,heldout,1,228,VECTOR_FIRST_HNSW,wide_or,category_00,576,True,4,0.808535,"[0.50,1.00)",35.269625,1.0,False,exact_bitmap,SQL_FIRST,False
2026-08-30T19:41:43.666+00:00,heldout,1,228,HNSW_HYBRID,wide_or,category_00,576,True,4,0.808535,"[0.50,1.00)",39.671541,1.0,False,exact_seq,SQL_FIRST,False
2026-08-30T19:41:43.700+00:00,heldout,1,228,IVFFLAT_HYBRID,wide_or,category_00,576,True,4,0.808535,"[0.50,1.00)",32.932542,1.0,False,exact_seq,SQL_FIRST,False
2026-08-30T19:41:43.726+00:00,heldout,0,168,SQL_FIRST,three_categories,category_08,375,False,3,0.272595,"[0.25,0.50)",23.828958,1.0,True,exact_bitmap,SQL_FIRST,True
2026-08-30T19:41:43.760+00:00,heldout,0,168,VECTOR_FIRST_HNSW,three_categories,category_08,375,False,3,0.272595,"[0.25,0.50)",32.174083,1.0,False,exact_bitmap,SQL_FIRST,False
2026-08-30T19:41:43.783+00:00,heldout,0,168,HNSW_HYBRID,three_categories,category_08,375,False,3,0.272595,"[0.25,0.50)",22.640041,1.0,False,exact_bitmap,SQL_FIRST,False
2026-08-30T19:41:43.810+00:00,heldout,0,168,IVFFLAT_HYBRID,three_categories,category_08,375,False,3,0.272595,"[0.25,0.50)",25.773583,1.0,False,exact_bitmap,SQL_FIRST,False
2026-08-30T19:41:43.833+00:00,heldout,1,168,SQL_FIRST,three_categories,category_08,375,False,3,0.272595,"[0.25,0.50)",22.351167,1.0,True,exact_bitmap,SQL_FIRST,True
2026-08-30T19:41:43.868+00:00,heldout,1,168,VECTOR_FIRST_HNSW,three_categories,category_08,375,False,3,0.272595,"[0.25,0.50)",34.199792,1.0,False,exact_bitmap,SQL_FIRST,False
2026-08-30T19:41:43.891+00:00,heldout,1,168,HNSW_HYBRID,three_categories,category_08,375,False,3,0.272595,"[0.25,0.50)",22.674458,1.0,False,exact_bitmap,SQL_FIRST,False
2026-08-30T19:41:43.913+00:00,heldout,1,168,IVFFLAT_HYBRID,three_categories,category_08,375,False,3,0.272595,"[0.25,0.50)",21.361875,1.0,False,exact_bitmap,SQL_FIRST,False
2026-08-30T19:41:43.926+00:00,heldout,0,8,SQL_FIRST,category_and_stock,category_01,295,False,0,0.04925,"[0.00,0.05)",11.107667,1.0,True,exact_bitmap,HNSW_HYBRID,False
2026-08-30T19:41:43.961+00:00,heldout,0,8,VECTOR_FIRST_HNSW,category_and_stock,category_01,295,False,0,0.04925,"[0.00,0.05)",33.810208,0.0,False,exact_bitmap,HNSW_HYBRID,False
2026-08-30T19:41:43.974+00:00,heldout,0,8,HNSW_HYBRID,category_and_stock,category_01,295,False,0,0.04925,"[0.00,0.05)",11.8465,1.0,False,exact_bitmap,HNSW_HYBRID,True
2026-08-30T19:41:43.988+00:00,heldout,0,8,IVFFLAT_HYBRID,category_and_stock,category_01,295,False,0,0.04925,"[0.00,0.05)",12.55825,1.0,False,exact_bitmap,HNSW_HYBRID,False
2026-08-30T19:41:44.001+00:00,heldout,1,8,SQL_FIRST,category_and_stock,category_01,295,False,0,0.04925,"[0.00,0.05)",13.501583,1.0,True,exact_bitmap,HNSW_HYBRID,False
2026-08-30T19:41:44.036+00:00,heldout,1,8,VECTOR_FIRST_HNSW,category_and_stock,category_01,295,False,0,0.04925,"[0.00,0.05)",33.996666,0.0,False,exact_bitmap,HNSW_HYBRID,False
2026-08-30T19:41:44.047+00:00,heldout,1,8,HNSW_HYBRID,category_and_stock,category_01,295,False,0,0.04925,"[0.00,0.05)",10.319334,1.0,False,exact_bitmap,HNSW_HYBRID,True
2026-08-30T19:41:44.060+00:00,heldout,1,8,IVFFLAT_HYBRID,category_and_stock,category_01,295,False,0,0.04925,"[0.00,0.05)",12.599875,1.0,False,exact_bitmap,HNSW_HYBRID,False
2026-08-30T19:41:44.086+00:00,heldout,0,197,SQL_FIRST,category_or_price,category_03,297,True,3,0.3663,"[0.25,0.50)",24.605208,1.0,True,exact_seq,SQL_FIRST,True
2026-08-30T19:41:44.118+00:00,heldout,0,197,VECTOR_FIRST_HNSW,category_or_price,category_03,297,True,3,0.3663,"[0.25,0.50)",30.591041,1.0,False,exact_bitmap,SQL_FIRST,False
2026-08-30T19:41:44.143+00:00,heldout,0,197,HNSW_HYBRID,category_or_price,category_03,297,True,3,0.3663,"[0.25,0.50)",24.034334,1.0,False,exact_seq,SQL_FIRST,False
2026-08-30T19:41:44.168+00:00,heldout,0,197,IVFFLAT_HYBRID,category_or_price,category_03,297,True,3,0.3663,"[0.25,0.50)",23.845291,1.0,False,exact_seq,SQL_FIRST,False
2026-08-30T19:41:44.192+00:00,heldout,1,197,SQL_FIRST,category_or_price,category_03,297,True,3,0.3663,"[0.25,0.50)",23.855917,1.0,True,exact_seq,SQL_FIRST,True
2026-08-30T19:41:44.225+00:00,heldout,1,197,VECTOR_FIRST_HNSW,category_or_price,category_03,297,True,3,0.3663,"[0.25,0.50)",32.520042,1.0,False,exact_bitmap,SQL_FIRST,False
2026-08-30T19:41:44.251+00:00,heldout,1,197,HNSW_HYBRID,category_or_price,category_03,297,True,3,0.3663,"[0.25,0.50)",24.920958,1.0,False,exact_seq,SQL_FIRST,False
2026-08-30T19:41:44.277+00:00,heldout,1,197,IVFFLAT_HYBRID,category_or_price,category_03,297,True,3,0.3663,"[0.25,0.50)",24.979,1.0,False,exact_seq,SQL_FIRST,False
2026-08-30T19:41:44.300+00:00,heldout,0,199,SQL_FIRST,three_categories,category_02,322,True,3,0.2705,"[0.25,0.50)",21.308416,1.0,True,exact_bitmap,SQL_FIRST,True
2026-08-30T19:41:44.334+00:00,heldout,0,199,VECTOR_FIRST_HNSW,three_categories,category_02,322,True,3,0.2705,"[0.25,0.50)",32.369334,1.0,False,exact_bitmap,SQL_FIRST,False
2026-08-30T19:41:44.360+00:00,heldout,0,199,HNSW_HYBRID,three_categories,category_02,322,True,3,0.2705,"[0.25,0.50)",22.52675,1.0,False,exact_bitmap,SQL_FIRST,False
2026-08-30T19:41:44.383+00:00,heldout,0,199,IVFFLAT_HYBRID,three_categories,category_02,322,True,3,0.2705,"[0.25,0.50)",21.601917,1.0,False,exact_bitmap,SQL_FIRST,False
2026-08-30T19:41:44.408+00:00,heldout,1,199,SQL_FIRST,three_categories,category_02,322,True,3,0.2705,"[0.25,0.50)",25.414208,1.0,True,exact_bitmap,SQL_FIRST,True
2026-08-30T19:41:44.444+00:00,heldout,1,199,VECTOR_FIRST_HNSW,three_categories,category_02,322,True,3,0.2705,"[0.25,0.50)",35.590916,1.0,False,exact_bitmap,SQL_FIRST,False
2026-08-30T19:41:44.471+00:00,heldout,1,199,HNSW_HYBRID,three_categories,category_02,322,True,3,0.2705,"[0.25,0.50)",26.774916,1.0,False,exact_bitmap,SQL_FIRST,False
2026-08-30T19:41:44.493+00:00,heldout,1,199,IVFFLAT_HYBRID,three_categories,category_02,322,True,3,0.2705,"[0.25,0.50)",21.505917,1.0,False,exact_bitmap,SQL_FIRST,False
2026-08-30T19:41:44.517+00:00,heldout,0,174,SQL_FIRST,three_categories,category_00,926,False,3,0.271845,"[0.25,0.50)",21.132667,1.0,True,exact_bitmap,SQL_FIRST,True
2026-08-30T19:41:44.550+00:00,heldout,0,174,VECTOR_FIRST_HNSW,three_categories,category_00,926,False,3,0.271845,"[0.25,0.50)",31.564,1.0,False,exact_bitmap,SQL_FIRST,False
2026-08-30T19:41:44.573+00:00,heldout,0,174,HNSW_HYBRID,three_categories,category_00,926,False,3,0.271845,"[0.25,0.50)",21.064083,1.0,False,exact_bitmap,SQL_FIRST,False
2026-08-30T19:41:44.595+00:00,heldout,0,174,IVFFLAT_HYBRID,three_categories,category_00,926,False,3,0.271845,"[0.25,0.50)",21.231291,1.0,False,exact_bitmap,SQL_FIRST,False
2026-08-30T19:41:44.617+00:00,heldout,1,174,SQL_FIRST,three_categories,category_00,926,False,3,0.271845,"[0.25,0.50)",21.626958,1.0,True,exact_bitmap,SQL_FIRST,True
2026-08-30T19:41:44.649+00:00,heldout,1,174,VECTOR_FIRST_HNSW,three_categories,category_00,926,False,3,0.271845,"[0.25,0.50)",31.7015,1.0,False,exact_bitmap,SQL_FIRST,False
2026-08-30T19:41:44.672+00:00,heldout,1,174,HNSW_HYBRID,three_categories,category_00,926,False,3,0.271845,"[0.25,0.50)",22.120666,1.0,False,exact_bitmap,SQL_FIRST,False
2026-08-30T19:41:44.694+00:00,heldout,1,174,IVFFLAT_HYBRID,three_categories,category_00,926,False,3,0.271845,"[0.25,0.50)",21.64575,1.0,False,exact_bitmap,SQL_FIRST,False
2026-08-30T19:41:44.713+00:00,heldout,0,125,SQL_FIRST,single_category_alone,category_07,583,False,2,0.100435,"[0.10,0.25)",17.339375,1.0,True,exact_bitmap,HNSW_HYBRID,False
2026-08-30T19:41:44.753+00:00,heldout,0,125,VECTOR_FIRST_HNSW,single_category_alone,category_07,583,False,2,0.100435,"[0.10,0.25)",38.108708,0.7,False,exact_bitmap,HNSW_HYBRID,False
2026-08-30T19:41:44.766+00:00,heldout,0,125,HNSW_HYBRID,single_category_alone,category_07,583,False,2,0.100435,"[0.10,0.25)",12.538083,1.0,False,exact_bitmap,HNSW_HYBRID,True
2026-08-30T19:41:44.782+00:00,heldout,0,125,IVFFLAT_HYBRID,single_category_alone,category_07,583,False,2,0.100435,"[0.10,0.25)",14.591541,1.0,False,exact_bitmap,HNSW_HYBRID,False
2026-08-30T19:41:44.795+00:00,heldout,1,125,SQL_FIRST,single_category_alone,category_07,583,False,2,0.100435,"[0.10,0.25)",13.209625,1.0,True,exact_bitmap,HNSW_HYBRID,False
2026-08-30T19:41:44.826+00:00,heldout,1,125,VECTOR_FIRST_HNSW,single_category_alone,category_07,583,False,2,0.100435,"[0.10,0.25)",29.81575,0.7,False,exact_bitmap,HNSW_HYBRID,False
2026-08-30T19:41:44.840+00:00,heldout,1,125,HNSW_HYBRID,single_category_alone,category_07,583,False,2,0.100435,"[0.10,0.25)",14.1365,1.0,False,exact_bitmap,HNSW_HYBRID,True
2026-08-30T19:41:44.857+00:00,heldout,1,125,IVFFLAT_HYBRID,single_category_alone,category_07,583,False,2,0.100435,"[0.10,0.25)",15.845167,1.0,False,exact_bitmap,HNSW_HYBRID,False
2026-08-30T19:41:44.883+00:00,heldout,0,172,SQL_FIRST,category_or_price,category_06,182,False,3,0.25821,"[0.25,0.50)",23.927916,1.0,True,exact_bitmap,SQL_FIRST,True
2026-08-30T19:41:44.917+00:00,heldout,0,172,VECTOR_FIRST_HNSW,category_or_price,category_06,182,False,3,0.25821,"[0.25,0.50)",32.422667,1.0,False,exact_bitmap,SQL_FIRST,False
2026-08-30T19:41:44.939+00:00,heldout,0,172,HNSW_HYBRID,category_or_price,category_06,182,False,3,0.25821,"[0.25,0.50)",20.876833,1.0,False,exact_bitmap,SQL_FIRST,False
2026-08-30T19:41:44.962+00:00,heldout,0,172,IVFFLAT_HYBRID,category_or_price,category_06,182,False,3,0.25821,"[0.25,0.50)",21.932417,1.0,False,exact_bitmap,SQL_FIRST,False
2026-08-30T19:41:44.984+00:00,heldout,1,172,SQL_FIRST,category_or_price,category_06,182,False,3,0.25821,"[0.25,0.50)",21.936834,1.0,True,exact_bitmap,SQL_FIRST,True
2026-08-30T19:41:45.018+00:00,heldout,1,172,VECTOR_FIRST_HNSW,category_or_price,category_06,182,False,3,0.25821,"[0.25,0.50)",33.705083,1.0,False,exact_bitmap,SQL_FIRST,False
2026-08-30T19:41:45.040+00:00,heldout,1,172,HNSW_HYBRID,category_or_price,category_06,182,False,3,0.25821,"[0.25,0.50)",21.247167,1.0,False,exact_bitmap,SQL_FIRST,False
2026-08-30T19:41:45.059+00:00,heldout,1,172,IVFFLAT_HYBRID,category_or_price,category_06,182,False,3,0.25821,"[0.25,0.50)",19.44675,1.0,False,exact_bitmap,SQL_FIRST,False
2026-08-30T19:41:45.075+00:00,heldout,0,71,SQL_FIRST,single_category,category_04,323,True,1,0.0967,"[0.05,0.10)",14.00025,1.0,True,exact_bitmap,HNSW_HYBRID,False
2026-08-30T19:41:45.109+00:00,heldout,0,71,VECTOR_FIRST_HNSW,single_category,category_04,323,True,1,0.0967,"[0.05,0.10)",33.411708,0.3,False,exact_bitmap,HNSW_HYBRID,False
2026-08-30T19:41:45.125+00:00,heldout,0,71,HNSW_HYBRID,single_category,category_04,323,True,1,0.0967,"[0.05,0.10)",14.034125,1.0,False,exact_bitmap,HNSW_HYBRID,True
2026-08-30T19:41:45.142+00:00,heldout,0,71,IVFFLAT_HYBRID,single_category,category_04,323,True,1,0.0967,"[0.05,0.10)",16.4795,1.0,False,exact_bitmap,HNSW_HYBRID,False
2026-08-30T19:41:45.159+00:00,heldout,1,71,SQL_FIRST,single_category,category_04,323,True,1,0.0967,"[0.05,0.10)",16.569625,1.0,True,exact_bitmap,HNSW_HYBRID,False
2026-08-30T19:41:45.193+00:00,heldout,1,71,VECTOR_FIRST_HNSW,single_category,category_04,323,True,1,0.0967,"[0.05,0.10)",33.4945,0.3,False,exact_bitmap,HNSW_HYBRID,False
2026-08-30T19:41:45.207+00:00,heldout,1,71,HNSW_HYBRID,single_category,category_04,323,True,1,0.0967,"[0.05,0.10)",13.983834,1.0,False,exact_bitmap,HNSW_HYBRID,True
2026-08-30T19:41:45.223+00:00,heldout,1,71,IVFFLAT_HYBRID,single_category,category_04,323,True,1,0.0967,"[0.05,0.10)",15.649583,1.0,False,exact_bitmap,HNSW_HYBRID,False
2026-08-30T19:41:45.254+00:00,heldout,0,134,SQL_FIRST,two_categories,category_06,495,False,2,0.199965,"[0.10,0.25)",28.714292,1.0,True,exact_bitmap,HNSW_HYBRID,False
2026-08-30T19:41:45.289+00:00,heldout,0,134,VECTOR_FIRST_HNSW,two_categories,category_06,495,False,2,0.199965,"[0.10,0.25)",33.74225,0.7,False,exact_bitmap,HNSW_HYBRID,False
2026-08-30T19:41:45.315+00:00,heldout,0,134,HNSW_HYBRID,two_categories,category_06,495,False,2,0.199965,"[0.10,0.25)",25.050917,1.0,False,exact_bitmap,HNSW_HYBRID,True
2026-08-30T19:41:45.343+00:00,heldout,0,134,IVFFLAT_HYBRID,two_categories,category_06,495,False,2,0.199965,"[0.10,0.25)",26.61625,1.0,False,exact_bitmap,HNSW_HYBRID,False
2026-08-30T19:41:45.370+00:00,heldout,1,134,SQL_FIRST,two_categories,category_06,495,False,2,0.199965,"[0.10,0.25)",26.381167,1.0,True,exact_bitmap,HNSW_HYBRID,False
2026-08-30T19:41:45.400+00:00,heldout,1,134,VECTOR_FIRST_HNSW,two_categories,category_06,495,False,2,0.199965,"[0.10,0.25)",30.001584,0.7,False,exact_bitmap,HNSW_HYBRID,False
2026-08-30T19:41:45.424+00:00,heldout,1,134,HNSW_HYBRID,two_categories,category_06,495,False,2,0.199965,"[0.10,0.25)",23.246709,1.0,False,exact_bitmap,HNSW_HYBRID,True
2026-08-30T19:41:45.450+00:00,heldout,1,134,IVFFLAT_HYBRID,two_categories,category_06,495,False,2,0.199965,"[0.10,0.25)",24.977334,1.0,False,exact_bitmap,HNSW_HYBRID,False
2026-08-30T19:41:45.456+00:00,heldout,0,39,SQL_FIRST,category_narrow_price,category_07,779,False,0,0.005025,"[0.00,0.05)",4.070583,1.0,True,exact_bitmap,HNSW_HYBRID,False
2026-08-30T19:41:45.488+00:00,heldout,0,39,VECTOR_FIRST_HNSW,category_narrow_price,category_07,779,False,0,0.005025,"[0.00,0.05)",30.249916,0.0,False,exact_bitmap,HNSW_HYBRID,False
2026-08-30T19:41:45.492+00:00,heldout,0,39,HNSW_HYBRID,category_narrow_price,category_07,779,False,0,0.005025,"[0.00,0.05)",2.832917,1.0,False,exact_bitmap,HNSW_HYBRID,True
2026-08-30T19:41:45.495+00:00,heldout,0,39,IVFFLAT_HYBRID,category_narrow_price,category_07,779,False,0,0.005025,"[0.00,0.05)",2.595584,1.0,False,exact_bitmap,HNSW_HYBRID,False
2026-08-30T19:41:45.499+00:00,heldout,1,39,SQL_FIRST,category_narrow_price,category_07,779,False,0,0.005025,"[0.00,0.05)",3.007416,1.0,True,exact_bitmap,HNSW_HYBRID,False
2026-08-30T19:41:45.529+00:00,heldout,1,39,VECTOR_FIRST_HNSW,category_narrow_price,category_07,779,False,0,0.005025,"[0.00,0.05)",29.897083,0.0,False,exact_bitmap,HNSW_HYBRID,False
2026-08-30T19:41:45.533+00:00,heldout,1,39,HNSW_HYBRID,category_narrow_price,category_07,779,False,0,0.005025,"[0.00,0.05)",3.522333,1.0,False,exact_bitmap,HNSW_HYBRID,True
2026-08-30T19:41:45.537+00:00,heldout,1,39,IVFFLAT_HYBRID,category_narrow_price,category_07,779,False,0,0.005025,"[0.00,0.05)",3.077042,1.0,False,exact_bitmap,HNSW_HYBRID,False
2026-08-30T19:41:45.553+00:00,heldout,0,72,SQL_FIRST,single_category,category_06,567,False,1,0.099535,"[0.05,0.10)",14.32025,1.0,True,exact_bitmap,HNSW_HYBRID,False
2026-08-30T19:41:45.585+00:00,heldout,0,72,VECTOR_FIRST_HNSW,single_category,category_06,567,False,1,0.099535,"[0.05,0.10)",30.451458,0.6,False,exact_bitmap,HNSW_HYBRID,False
2026-08-30T19:41:45.600+00:00,heldout,0,72,HNSW_HYBRID,single_category,category_06,567,False,1,0.099535,"[0.05,0.10)",13.363041,1.0,False,exact_bitmap,HNSW_HYBRID,True
2026-08-30T19:41:45.615+00:00,heldout,0,72,IVFFLAT_HYBRID,single_category,category_06,567,False,1,0.099535,"[0.05,0.10)",14.151459,1.0,False,exact_bitmap,HNSW_HYBRID,False
2026-08-30T19:41:45.630+00:00,heldout,1,72,SQL_FIRST,single_category,category_06,567,False,1,0.099535,"[0.05,0.10)",14.687667,1.0,True,exact_bitmap,HNSW_HYBRID,False
2026-08-30T19:41:45.661+00:00,heldout,1,72,VECTOR_FIRST_HNSW,single_category,category_06,567,False,1,0.099535,"[0.05,0.10)",30.0915,0.6,False,exact_bitmap,HNSW_HYBRID,False
2026-08-30T19:41:45.674+00:00,heldout,1,72,HNSW_HYBRID,single_category,category_06,567,False,1,0.099535,"[0.05,0.10)",13.0125,1.0,False,exact_bitmap,HNSW_HYBRID,True
2026-08-30T19:41:45.689+00:00,heldout,1,72,IVFFLAT_HYBRID,single_category,category_06,567,False,1,0.099535,"[0.05,0.10)",14.088916,1.0,False,exact_bitmap,HNSW_HYBRID,False
2026-08-30T19:41:45.715+00:00,heldout,0,112,SQL_FIRST,two_categories,category_07,596,True,2,0.1991,"[0.10,0.25)",24.613459,1.0,True,exact_bitmap,HNSW_HYBRID,False
2026-08-30T19:41:45.747+00:00,heldout,0,112,VECTOR_FIRST_HNSW,two_categories,category_07,596,True,2,0.1991,"[0.10,0.25)",29.962125,0.5,False,exact_bitmap,HNSW_HYBRID,False
2026-08-30T19:41:45.776+00:00,heldout,0,112,HNSW_HYBRID,two_categories,category_07,596,True,2,0.1991,"[0.10,0.25)",26.845375,1.0,False,exact_bitmap,HNSW_HYBRID,True
2026-08-30T19:41:45.802+00:00,heldout,0,112,IVFFLAT_HYBRID,two_categories,category_07,596,True,2,0.1991,"[0.10,0.25)",25.368041,1.0,False,exact_bitmap,HNSW_HYBRID,False
2026-08-30T19:41:45.827+00:00,heldout,1,112,SQL_FIRST,two_categories,category_07,596,True,2,0.1991,"[0.10,0.25)",24.120583,1.0,True,exact_bitmap,HNSW_HYBRID,False
2026-08-30T19:41:45.858+00:00,heldout,1,112,VECTOR_FIRST_HNSW,two_categories,category_07,596,True,2,0.1991,"[0.10,0.25)",30.167792,0.5,False,exact_bitmap,HNSW_HYBRID,False
2026-08-30T19:41:45.881+00:00,heldout,1,112,HNSW_HYBRID,two_categories,category_07,596,True,2,0.1991,"[0.10,0.25)",22.881459,1.0,False,exact_bitmap,HNSW_HYBRID,True
2026-08-30T19:41:45.906+00:00,heldout,1,112,IVFFLAT_HYBRID,two_categories,category_07,596,True,2,0.1991,"[0.10,0.25)",24.115584,1.0,False,exact_bitmap,HNSW_HYBRID,False
2026-08-30T19:41:45.922+00:00,heldout,0,79,SQL_FIRST,single_category,category_01,403,True,1,0.098665,"[0.05,0.10)",14.298916,1.0,True,exact_bitmap,HNSW_HYBRID,False
2026-08-30T19:41:45.954+00:00,heldout,0,79,VECTOR_FIRST_HNSW,single_category,category_01,403,True,1,0.098665,"[0.05,0.10)",31.026333,1.0,False,exact_bitmap,HNSW_HYBRID,False
2026-08-30T19:41:45.968+00:00,heldout,0,79,HNSW_HYBRID,single_category,category_01,403,True,1,0.098665,"[0.05,0.10)",13.157042,1.0,False,exact_bitmap,HNSW_HYBRID,True
2026-08-30T19:41:45.983+00:00,heldout,0,79,IVFFLAT_HYBRID,single_category,category_01,403,True,1,0.098665,"[0.05,0.10)",14.2005,1.0,False,exact_bitmap,HNSW_HYBRID,False
2026-08-30T19:41:45.999+00:00,heldout,1,79,SQL_FIRST,single_category,category_01,403,True,1,0.098665,"[0.05,0.10)",14.972625,1.0,True,exact_bitmap,HNSW_HYBRID,False
2026-08-30T19:41:46.030+00:00,heldout,1,79,VECTOR_FIRST_HNSW,single_category,category_01,403,True,1,0.098665,"[0.05,0.10)",31.063083,1.0,False,exact_bitmap,HNSW_HYBRID,False
2026-08-30T19:41:46.044+00:00,heldout,1,79,HNSW_HYBRID,single_category,category_01,403,True,1,0.098665,"[0.05,0.10)",14.200875,1.0,False,exact_bitmap,HNSW_HYBRID,True
2026-08-30T19:41:46.059+00:00,heldout,1,79,IVFFLAT_HYBRID,single_category,category_01,403,True,1,0.098665,"[0.05,0.10)",14.261334,1.0,False,exact_bitmap,HNSW_HYBRID,False
2026-08-30T19:41:46.082+00:00,heldout,0,190,SQL_FIRST,three_categories,category_02,187,False,3,0.2705,"[0.25,0.50)",21.115208,1.0,True,exact_bitmap,SQL_FIRST,True
2026-08-30T19:41:46.112+00:00,heldout,0,190,VECTOR_FIRST_HNSW,three_categories,category_02,187,False,3,0.2705,"[0.25,0.50)",28.661833,1.0,False,exact_bitmap,SQL_FIRST,False
2026-08-30T19:41:46.133+00:00,heldout,0,190,HNSW_HYBRID,three_categories,category_02,187,False,3,0.2705,"[0.25,0.50)",19.520542,1.0,False,exact_bitmap,SQL_FIRST,False
2026-08-30T19:41:46.157+00:00,heldout,0,190,IVFFLAT_HYBRID,three_categories,category_02,187,False,3,0.2705,"[0.25,0.50)",22.564375,1.0,False,exact_bitmap,SQL_FIRST,False
2026-08-30T19:41:46.177+00:00,heldout,1,190,SQL_FIRST,three_categories,category_02,187,False,3,0.2705,"[0.25,0.50)",20.114625,1.0,True,exact_bitmap,SQL_FIRST,True
2026-08-30T19:41:46.206+00:00,heldout,1,190,VECTOR_FIRST_HNSW,three_categories,category_02,187,False,3,0.2705,"[0.25,0.50)",28.682542,1.0,False,exact_bitmap,SQL_FIRST,False
2026-08-30T19:41:46.226+00:00,heldout,1,190,HNSW_HYBRID,three_categories,category_02,187,False,3,0.2705,"[0.25,0.50)",19.526667,1.0,False,exact_bitmap,SQL_FIRST,False
2026-08-30T19:41:46.246+00:00,heldout,1,190,IVFFLAT_HYBRID,three_categories,category_02,187,False,3,0.2705,"[0.25,0.50)",19.4905,1.0,False,exact_bitmap,SQL_FIRST,False
2026-08-30T19:41:46.262+00:00,heldout,0,97,SQL_FIRST,single_category,category_04,932,False,1,0.0967,"[0.05,0.10)",13.225792,1.0,True,exact_bitmap,HNSW_HYBRID,False
2026-08-30T19:41:46.294+00:00,heldout,0,97,VECTOR_FIRST_HNSW,single_category,category_04,932,False,1,0.0967,"[0.05,0.10)",30.493334,0.3,False,exact_bitmap,HNSW_HYBRID,False
2026-08-30T19:41:46.308+00:00,heldout,0,97,HNSW_HYBRID,single_category,category_04,932,False,1,0.0967,"[0.05,0.10)",13.436042,1.0,False,exact_bitmap,HNSW_HYBRID,True
2026-08-30T19:41:46.324+00:00,heldout,0,97,IVFFLAT_HYBRID,single_category,category_04,932,False,1,0.0967,"[0.05,0.10)",14.525875,1.0,False,exact_bitmap,HNSW_HYBRID,False
2026-08-30T19:41:46.338+00:00,heldout,1,97,SQL_FIRST,single_category,category_04,932,False,1,0.0967,"[0.05,0.10)",14.116625,1.0,True,exact_bitmap,HNSW_HYBRID,False
2026-08-30T19:41:46.369+00:00,heldout,1,97,VECTOR_FIRST_HNSW,single_category,category_04,932,False,1,0.0967,"[0.05,0.10)",30.780292,0.3,False,exact_bitmap,HNSW_HYBRID,False
2026-08-30T19:41:46.384+00:00,heldout,1,97,HNSW_HYBRID,single_category,category_04,932,False,1,0.0967,"[0.05,0.10)",13.353417,1.0,False,exact_bitmap,HNSW_HYBRID,True
2026-08-30T19:41:46.399+00:00,heldout,1,97,IVFFLAT_HYBRID,single_category,category_04,932,False,1,0.0967,"[0.05,0.10)",14.119792,1.0,False,exact_bitmap,HNSW_HYBRID,False
2026-08-30T19:41:46.422+00:00,heldout,0,157,SQL_FIRST,three_categories,category_09,915,False,3,0.272595,"[0.25,0.50)",21.086708,1.0,True,exact_bitmap,SQL_FIRST,True
2026-08-30T19:41:46.453+00:00,heldout,0,157,VECTOR_FIRST_HNSW,three_categories,category_09,915,False,3,0.272595,"[0.25,0.50)",29.610541,1.0,False,exact_bitmap,SQL_FIRST,False
2026-08-30T19:41:46.475+00:00,heldout,0,157,HNSW_HYBRID,three_categories,category_09,915,False,3,0.272595,"[0.25,0.50)",20.514042,1.0,False,exact_bitmap,SQL_FIRST,False
2026-08-30T19:41:46.495+00:00,heldout,0,157,IVFFLAT_HYBRID,three_categories,category_09,915,False,3,0.272595,"[0.25,0.50)",19.255459,1.0,False,exact_bitmap,SQL_FIRST,False
2026-08-30T19:41:46.516+00:00,heldout,1,157,SQL_FIRST,three_categories,category_09,915,False,3,0.272595,"[0.25,0.50)",19.94425,1.0,True,exact_bitmap,SQL_FIRST,True
2026-08-30T19:41:46.547+00:00,heldout,1,157,VECTOR_FIRST_HNSW,three_categories,category_09,915,False,3,0.272595,"[0.25,0.50)",30.765625,1.0,False,exact_bitmap,SQL_FIRST,False
2026-08-30T19:41:46.567+00:00,heldout,1,157,HNSW_HYBRID,three_categories,category_09,915,False,3,0.272595,"[0.25,0.50)",19.875209,1.0,False,exact_bitmap,SQL_FIRST,False
2026-08-30T19:41:46.587+00:00,heldout,1,157,IVFFLAT_HYBRID,three_categories,category_09,915,False,3,0.272595,"[0.25,0.50)",19.83475,1.0,False,exact_bitmap,SQL_FIRST,False
2026-08-30T19:41:46.592+00:00,heldout,0,45,SQL_FIRST,category_narrow_price,category_07,904,True,0,0.005055,"[0.00,0.05)",3.019583,1.0,True,exact_bitmap,HNSW_HYBRID,False
2026-08-30T19:41:46.622+00:00,heldout,0,45,VECTOR_FIRST_HNSW,category_narrow_price,category_07,904,True,0,0.005055,"[0.00,0.05)",29.535083,0.0,False,exact_bitmap,HNSW_HYBRID,False
2026-08-30T19:41:46.626+00:00,heldout,0,45,HNSW_HYBRID,category_narrow_price,category_07,904,True,0,0.005055,"[0.00,0.05)",2.554834,1.0,False,exact_bitmap,HNSW_HYBRID,True
2026-08-30T19:41:46.630+00:00,heldout,0,45,IVFFLAT_HYBRID,category_narrow_price,category_07,904,True,0,0.005055,"[0.00,0.05)",3.080416,1.0,False,exact_bitmap,HNSW_HYBRID,False
2026-08-30T19:41:46.633+00:00,heldout,1,45,SQL_FIRST,category_narrow_price,category_07,904,True,0,0.005055,"[0.00,0.05)",3.083625,1.0,True,exact_bitmap,HNSW_HYBRID,False
2026-08-30T19:41:46.664+00:00,heldout,1,45,VECTOR_FIRST_HNSW,category_narrow_price,category_07,904,True,0,0.005055,"[0.00,0.05)",29.949208,0.0,False,exact_bitmap,HNSW_HYBRID,False
2026-08-30T19:41:46.667+00:00,heldout,1,45,HNSW_HYBRID,category_narrow_price,category_07,904,True,0,0.005055,"[0.00,0.05)",2.935125,1.0,False,exact_bitmap,HNSW_HYBRID,True
2026-08-30T19:41:46.671+00:00,heldout,1,45,IVFFLAT_HYBRID,category_narrow_price,category_07,904,True,0,0.005055,"[0.00,0.05)",2.916834,1.0,False,exact_bitmap,HNSW_HYBRID,False
2026-08-30T19:41:46.697+00:00,heldout,0,133,SQL_FIRST,two_categories,category_02,718,False,2,0.202665,"[0.10,0.25)",23.72025,1.0,True,exact_bitmap,HNSW_HYBRID,False
2026-08-30T19:41:46.729+00:00,heldout,0,133,VECTOR_FIRST_HNSW,two_categories,category_02,718,False,2,0.202665,"[0.10,0.25)",29.932333,1.0,False,exact_bitmap,HNSW_HYBRID,False
2026-08-30T19:41:46.754+00:00,heldout,0,133,HNSW_HYBRID,two_categories,category_02,718,False,2,0.202665,"[0.10,0.25)",24.323875,1.0,False,exact_bitmap,HNSW_HYBRID,True
2026-08-30T19:41:46.780+00:00,heldout,0,133,IVFFLAT_HYBRID,two_categories,category_02,718,False,2,0.202665,"[0.10,0.25)",23.872958,1.0,False,exact_bitmap,HNSW_HYBRID,False
2026-08-30T19:41:46.805+00:00,heldout,1,133,SQL_FIRST,two_categories,category_02,718,False,2,0.202665,"[0.10,0.25)",24.8605,1.0,True,exact_bitmap,HNSW_HYBRID,False
2026-08-30T19:41:46.836+00:00,heldout,1,133,VECTOR_FIRST_HNSW,two_categories,category_02,718,False,2,0.202665,"[0.10,0.25)",30.620666,1.0,False,exact_bitmap,HNSW_HYBRID,False
2026-08-30T19:41:46.859+00:00,heldout,1,133,HNSW_HYBRID,two_categories,category_02,718,False,2,0.202665,"[0.10,0.25)",22.646708,1.0,False,exact_bitmap,HNSW_HYBRID,True
2026-08-30T19:41:46.883+00:00,heldout,1,133,IVFFLAT_HYBRID,two_categories,category_02,718,False,2,0.202665,"[0.10,0.25)",23.919292,1.0,False,exact_bitmap,HNSW_HYBRID,False
2026-08-30T19:41:46.921+00:00,heldout,0,235,SQL_FIRST,wide_or,category_00,993,False,4,0.99667,"[0.50,1.00)",34.763875,1.0,True,exact_seq,SQL_FIRST,True
2026-08-30T19:41:46.952+00:00,heldout,0,235,VECTOR_FIRST_HNSW,wide_or,category_00,993,False,4,0.99667,"[0.50,1.00)",29.963958,1.0,False,exact_bitmap,SQL_FIRST,False
2026-08-30T19:41:46.991+00:00,heldout,0,235,HNSW_HYBRID,wide_or,category_00,993,False,4,0.99667,"[0.50,1.00)",37.4605,1.0,False,exact_seq,SQL_FIRST,False
2026-08-30T19:41:47.033+00:00,heldout,0,235,IVFFLAT_HYBRID,wide_or,category_00,993,False,4,0.99667,"[0.50,1.00)",40.886541,1.0,False,exact_seq,SQL_FIRST,False
2026-08-30T19:41:47.077+00:00,heldout,1,235,SQL_FIRST,wide_or,category_00,993,False,4,0.99667,"[0.50,1.00)",43.694125,1.0,True,exact_seq,SQL_FIRST,True
2026-08-30T19:41:47.113+00:00,heldout,1,235,VECTOR_FIRST_HNSW,wide_or,category_00,993,False,4,0.99667,"[0.50,1.00)",35.445166,1.0,False,exact_bitmap,SQL_FIRST,False
2026-08-30T19:41:47.152+00:00,heldout,1,235,HNSW_HYBRID,wide_or,category_00,993,False,4,0.99667,"[0.50,1.00)",38.4465,1.0,False,exact_seq,SQL_FIRST,False
2026-08-30T19:41:47.190+00:00,heldout,1,235,IVFFLAT_HYBRID,wide_or,category_00,993,False,4,0.99667,"[0.50,1.00)",38.016208,1.0,False,exact_seq,SQL_FIRST,False
2026-08-30T19:41:47.204+00:00,heldout,0,33,SQL_FIRST,category_and_stock,category_02,922,True,0,0.049565,"[0.00,0.05)",12.124709,1.0,True,exact_bitmap,HNSW_HYBRID,False
2026-08-30T19:41:47.237+00:00,heldout,0,33,VECTOR_FIRST_HNSW,category_and_stock,category_02,922,True,0,0.049565,"[0.00,0.05)",31.3765,0.1,False,exact_bitmap,HNSW_HYBRID,False
2026-08-30T19:41:47.249+00:00,heldout,0,33,HNSW_HYBRID,category_and_stock,category_02,922,True,0,0.049565,"[0.00,0.05)",10.556125,1.0,False,exact_bitmap,HNSW_HYBRID,True
2026-08-30T19:41:47.263+00:00,heldout,0,33,IVFFLAT_HYBRID,category_and_stock,category_02,922,True,0,0.049565,"[0.00,0.05)",12.618875,1.0,False,exact_bitmap,HNSW_HYBRID,False
2026-08-30T19:41:47.276+00:00,heldout,1,33,SQL_FIRST,category_and_stock,category_02,922,True,0,0.049565,"[0.00,0.05)",12.129333,1.0,True,exact_bitmap,HNSW_HYBRID,False
2026-08-30T19:41:47.307+00:00,heldout,1,33,VECTOR_FIRST_HNSW,category_and_stock,category_02,922,True,0,0.049565,"[0.00,0.05)",30.462458,0.1,False,exact_bitmap,HNSW_HYBRID,False
2026-08-30T19:41:47.317+00:00,heldout,1,33,HNSW_HYBRID,category_and_stock,category_02,922,True,0,0.049565,"[0.00,0.05)",9.435458,1.0,False,exact_bitmap,HNSW_HYBRID,True
2026-08-30T19:41:47.330+00:00,heldout,1,33,IVFFLAT_HYBRID,category_and_stock,category_02,922,True,0,0.049565,"[0.00,0.05)",11.846875,1.0,False,exact_bitmap,HNSW_HYBRID,False
2026-08-30T19:41:47.354+00:00,heldout,0,200,SQL_FIRST,three_categories,category_04,914,True,3,0.267975,"[0.25,0.50)",22.432125,1.0,True,exact_bitmap,SQL_FIRST,True
2026-08-30T19:41:47.386+00:00,heldout,0,200,VECTOR_FIRST_HNSW,three_categories,category_04,914,True,3,0.267975,"[0.25,0.50)",29.629416,1.0,False,exact_bitmap,SQL_FIRST,False
2026-08-30T19:41:47.407+00:00,heldout,0,200,HNSW_HYBRID,three_categories,category_04,914,True,3,0.267975,"[0.25,0.50)",19.872417,1.0,False,exact_bitmap,SQL_FIRST,False
2026-08-30T19:41:47.430+00:00,heldout,0,200,IVFFLAT_HYBRID,three_categories,category_04,914,True,3,0.267975,"[0.25,0.50)",21.398625,1.0,False,exact_bitmap,SQL_FIRST,False
2026-08-30T19:41:47.454+00:00,heldout,1,200,SQL_FIRST,three_categories,category_04,914,True,3,0.267975,"[0.25,0.50)",23.282625,1.0,True,exact_bitmap,SQL_FIRST,True
2026-08-30T19:41:47.485+00:00,heldout,1,200,VECTOR_FIRST_HNSW,three_categories,category_04,914,True,3,0.267975,"[0.25,0.50)",30.470625,1.0,False,exact_bitmap,SQL_FIRST,False
2026-08-30T19:41:47.505+00:00,heldout,1,200,HNSW_HYBRID,three_categories,category_04,914,True,3,0.267975,"[0.25,0.50)",19.77425,1.0,False,exact_bitmap,SQL_FIRST,False
2026-08-30T19:41:47.525+00:00,heldout,1,200,IVFFLAT_HYBRID,three_categories,category_04,914,True,3,0.267975,"[0.25,0.50)",19.739583,1.0,False,exact_bitmap,SQL_FIRST,False
2026-08-30T19:41:47.538+00:00,heldout,0,25,SQL_FIRST,category_and_stock,category_02,444,True,0,0.049565,"[0.00,0.05)",10.605167,1.0,True,exact_bitmap,HNSW_HYBRID,False
2026-08-30T19:41:47.571+00:00,heldout,0,25,VECTOR_FIRST_HNSW,category_and_stock,category_02,444,True,0,0.049565,"[0.00,0.05)",30.386,0.2,False,exact_bitmap,HNSW_HYBRID,False
2026-08-30T19:41:47.582+00:00,heldout,0,25,HNSW_HYBRID,category_and_stock,category_02,444,True,0,0.049565,"[0.00,0.05)",10.237083,1.0,False,exact_bitmap,HNSW_HYBRID,True
2026-08-30T19:41:47.594+00:00,heldout,0,25,IVFFLAT_HYBRID,category_and_stock,category_02,444,True,0,0.049565,"[0.00,0.05)",11.28925,1.0,False,exact_bitmap,HNSW_HYBRID,False
2026-08-30T19:41:47.606+00:00,heldout,1,25,SQL_FIRST,category_and_stock,category_02,444,True,0,0.049565,"[0.00,0.05)",11.58975,1.0,True,exact_bitmap,HNSW_HYBRID,False
2026-08-30T19:41:47.637+00:00,heldout,1,25,VECTOR_FIRST_HNSW,category_and_stock,category_02,444,True,0,0.049565,"[0.00,0.05)",30.267709,0.2,False,exact_bitmap,HNSW_HYBRID,False
2026-08-30T19:41:47.649+00:00,heldout,1,25,HNSW_HYBRID,category_and_stock,category_02,444,True,0,0.049565,"[0.00,0.05)",10.546916,1.0,False,exact_bitmap,HNSW_HYBRID,True
2026-08-30T19:41:47.664+00:00,heldout,1,25,IVFFLAT_HYBRID,category_and_stock,category_02,444,True,0,0.049565,"[0.00,0.05)",14.616667,1.0,False,exact_bitmap,HNSW_HYBRID,False
2026-08-30T19:41:47.681+00:00,heldout,0,69,SQL_FIRST,single_category,category_02,30,False,1,0.098965,"[0.05,0.10)",14.518625,1.0,True,exact_bitmap,HNSW_HYBRID,False
2026-08-30T19:41:47.713+00:00,heldout,0,69,VECTOR_FIRST_HNSW,single_category,category_02,30,False,1,0.098965,"[0.05,0.10)",30.38975,0.5,False,exact_bitmap,HNSW_HYBRID,False
2026-08-30T19:41:47.726+00:00,heldout,0,69,HNSW_HYBRID,single_category,category_02,30,False,1,0.098965,"[0.05,0.10)",12.734083,1.0,False,exact_bitmap,HNSW_HYBRID,True
2026-08-30T19:41:47.743+00:00,heldout,0,69,IVFFLAT_HYBRID,single_category,category_02,30,False,1,0.098965,"[0.05,0.10)",15.108667,1.0,False,exact_bitmap,HNSW_HYBRID,False
2026-08-30T19:41:47.757+00:00,heldout,1,69,SQL_FIRST,single_category,category_02,30,False,1,0.098965,"[0.05,0.10)",14.082125,1.0,True,exact_bitmap,HNSW_HYBRID,False
2026-08-30T19:41:47.788+00:00,heldout,1,69,VECTOR_FIRST_HNSW,single_category,category_02,30,False,1,0.098965,"[0.05,0.10)",30.946167,0.5,False,exact_bitmap,HNSW_HYBRID,False
2026-08-30T19:41:47.803+00:00,heldout,1,69,HNSW_HYBRID,single_category,category_02,30,False,1,0.098965,"[0.05,0.10)",13.729375,1.0,False,exact_bitmap,HNSW_HYBRID,True
2026-08-30T19:41:47.818+00:00,heldout,1,69,IVFFLAT_HYBRID,single_category,category_02,30,False,1,0.098965,"[0.05,0.10)",14.539834,1.0,False,exact_bitmap,HNSW_HYBRID,False
2026-08-30T19:41:47.838+00:00,heldout,0,113,SQL_FIRST,price_range_mid,category_00,227,True,2,0.10058,"[0.10,0.25)",16.089875,1.0,True,exact_bitmap,HNSW_HYBRID,False
2026-08-30T19:41:47.870+00:00,heldout,0,113,VECTOR_FIRST_HNSW,price_range_mid,category_00,227,True,2,0.10058,"[0.10,0.25)",30.165792,0.6,False,exact_bitmap,HNSW_HYBRID,False
2026-08-30T19:41:47.884+00:00,heldout,0,113,HNSW_HYBRID,price_range_mid,category_00,227,True,2,0.10058,"[0.10,0.25)",12.579166,1.0,False,exact_bitmap,HNSW_HYBRID,True
2026-08-30T19:41:47.900+00:00,heldout,0,113,IVFFLAT_HYBRID,price_range_mid,category_00,227,True,2,0.10058,"[0.10,0.25)",14.772208,1.0,False,exact_bitmap,HNSW_HYBRID,False
2026-08-30T19:41:47.915+00:00,heldout,1,113,SQL_FIRST,price_range_mid,category_00,227,True,2,0.10058,"[0.10,0.25)",15.105458,1.0,True,exact_bitmap,HNSW_HYBRID,False
2026-08-30T19:41:48.062+00:00,heldout,1,113,VECTOR_FIRST_HNSW,price_range_mid,category_00,227,True,2,0.10058,"[0.10,0.25)",146.166583,0.6,False,exact_bitmap,HNSW_HYBRID,False
2026-08-30T19:41:48.078+00:00,heldout,1,113,HNSW_HYBRID,price_range_mid,category_00,227,True,2,0.10058,"[0.10,0.25)",15.800333,1.0,False,exact_bitmap,HNSW_HYBRID,True
2026-08-30T19:41:48.093+00:00,heldout,1,113,IVFFLAT_HYBRID,price_range_mid,category_00,227,True,2,0.10058,"[0.10,0.25)",14.099166,1.0,False,exact_bitmap,HNSW_HYBRID,False
2026-08-30T19:41:48.120+00:00,heldout,0,117,SQL_FIRST,two_categories,category_02,197,True,2,0.202665,"[0.10,0.25)",25.301542,1.0,True,exact_bitmap,HNSW_HYBRID,False
2026-08-30T19:41:48.152+00:00,heldout,0,117,VECTOR_FIRST_HNSW,two_categories,category_02,197,True,2,0.202665,"[0.10,0.25)",31.19875,1.0,False,exact_bitmap,HNSW_HYBRID,False
2026-08-30T19:41:48.177+00:00,heldout,0,117,HNSW_HYBRID,two_categories,category_02,197,True,2,0.202665,"[0.10,0.25)",24.1315,1.0,False,exact_bitmap,HNSW_HYBRID,True
2026-08-30T19:41:48.205+00:00,heldout,0,117,IVFFLAT_HYBRID,two_categories,category_02,197,True,2,0.202665,"[0.10,0.25)",26.373042,1.0,False,exact_bitmap,HNSW_HYBRID,False
2026-08-30T19:41:48.229+00:00,heldout,1,117,SQL_FIRST,two_categories,category_02,197,True,2,0.202665,"[0.10,0.25)",24.201042,1.0,True,exact_bitmap,HNSW_HYBRID,False
2026-08-30T19:41:48.262+00:00,heldout,1,117,VECTOR_FIRST_HNSW,two_categories,category_02,197,True,2,0.202665,"[0.10,0.25)",32.182292,1.0,False,exact_bitmap,HNSW_HYBRID,False
2026-08-30T19:41:48.286+00:00,heldout,1,117,HNSW_HYBRID,two_categories,category_02,197,True,2,0.202665,"[0.10,0.25)",24.324292,1.0,False,exact_bitmap,HNSW_HYBRID,True
2026-08-30T19:41:48.311+00:00,heldout,1,117,IVFFLAT_HYBRID,two_categories,category_02,197,True,2,0.202665,"[0.10,0.25)",23.945625,1.0,False,exact_bitmap,HNSW_HYBRID,False
2026-08-30T19:41:48.325+00:00,heldout,0,47,SQL_FIRST,category_and_stock,category_04,997,True,0,0.04843,"[0.00,0.05)",11.857834,1.0,True,exact_bitmap,HNSW_HYBRID,False
2026-08-30T19:41:48.356+00:00,heldout,0,47,VECTOR_FIRST_HNSW,category_and_stock,category_04,997,True,0,0.04843,"[0.00,0.05)",30.141292,0.3,False,exact_bitmap,HNSW_HYBRID,False
2026-08-30T19:41:48.370+00:00,heldout,0,47,HNSW_HYBRID,category_and_stock,category_04,997,True,0,0.04843,"[0.00,0.05)",11.296625,1.0,False,exact_bitmap,HNSW_HYBRID,True
2026-08-30T19:41:48.384+00:00,heldout,0,47,IVFFLAT_HYBRID,category_and_stock,category_04,997,True,0,0.04843,"[0.00,0.05)",12.105833,1.0,False,exact_bitmap,HNSW_HYBRID,False
2026-08-30T19:41:48.397+00:00,heldout,1,47,SQL_FIRST,category_and_stock,category_04,997,True,0,0.04843,"[0.00,0.05)",12.454792,1.0,True,exact_bitmap,HNSW_HYBRID,False
2026-08-30T19:41:48.429+00:00,heldout,1,47,VECTOR_FIRST_HNSW,category_and_stock,category_04,997,True,0,0.04843,"[0.00,0.05)",31.747208,0.3,False,exact_bitmap,HNSW_HYBRID,False
2026-08-30T19:41:48.441+00:00,heldout,1,47,HNSW_HYBRID,category_and_stock,category_04,997,True,0,0.04843,"[0.00,0.05)",11.095083,1.0,False,exact_bitmap,HNSW_HYBRID,True
2026-08-30T19:41:48.455+00:00,heldout,1,47,IVFFLAT_HYBRID,category_and_stock,category_04,997,True,0,0.04843,"[0.00,0.05)",13.263208,1.0,False,exact_bitmap,HNSW_HYBRID,False
2026-08-30T19:41:48.472+00:00,heldout,0,88,SQL_FIRST,single_category,category_08,170,False,1,0.098665,"[0.05,0.10)",15.138875,1.0,True,exact_bitmap,HNSW_HYBRID,False
2026-08-30T19:41:48.503+00:00,heldout,0,88,VECTOR_FIRST_HNSW,single_category,category_08,170,False,1,0.098665,"[0.05,0.10)",30.648959,0.2,False,exact_bitmap,HNSW_HYBRID,False
2026-08-30T19:41:48.517+00:00,heldout,0,88,HNSW_HYBRID,single_category,category_08,170,False,1,0.098665,"[0.05,0.10)",12.186916,1.0,False,exact_bitmap,HNSW_HYBRID,True
2026-08-30T19:41:48.532+00:00,heldout,0,88,IVFFLAT_HYBRID,single_category,category_08,170,False,1,0.098665,"[0.05,0.10)",14.084833,1.0,False,exact_bitmap,HNSW_HYBRID,False
2026-08-30T19:41:48.548+00:00,heldout,1,88,SQL_FIRST,single_category,category_08,170,False,1,0.098665,"[0.05,0.10)",15.324833,1.0,True,exact_bitmap,HNSW_HYBRID,False
2026-08-30T19:41:48.578+00:00,heldout,1,88,VECTOR_FIRST_HNSW,single_category,category_08,170,False,1,0.098665,"[0.05,0.10)",30.170209,0.2,False,exact_bitmap,HNSW_HYBRID,False
2026-08-30T19:41:48.592+00:00,heldout,1,88,HNSW_HYBRID,single_category,category_08,170,False,1,0.098665,"[0.05,0.10)",12.878709,1.0,False,exact_bitmap,HNSW_HYBRID,True
2026-08-30T19:41:48.607+00:00,heldout,1,88,IVFFLAT_HYBRID,single_category,category_08,170,False,1,0.098665,"[0.05,0.10)",14.184791,1.0,False,exact_bitmap,HNSW_HYBRID,False
2026-08-30T19:41:48.623+00:00,heldout,0,85,SQL_FIRST,single_category,category_04,839,False,1,0.0967,"[0.05,0.10)",14.125958,1.0,True,exact_bitmap,HNSW_HYBRID,False
2026-08-30T19:41:48.655+00:00,heldout,0,85,VECTOR_FIRST_HNSW,single_category,category_04,839,False,1,0.0967,"[0.05,0.10)",30.682458,0.7,False,exact_bitmap,HNSW_HYBRID,False
2026-08-30T19:41:48.670+00:00,heldout,0,85,HNSW_HYBRID,single_category,category_04,839,False,1,0.0967,"[0.05,0.10)",13.69075,1.0,False,exact_bitmap,HNSW_HYBRID,True
2026-08-30T19:41:48.685+00:00,heldout,0,85,IVFFLAT_HYBRID,single_category,category_04,839,False,1,0.0967,"[0.05,0.10)",13.97375,1.0,False,exact_bitmap,HNSW_HYBRID,False
2026-08-30T19:41:48.699+00:00,heldout,1,85,SQL_FIRST,single_category,category_04,839,False,1,0.0967,"[0.05,0.10)",13.909958,1.0,True,exact_bitmap,HNSW_HYBRID,False
2026-08-30T19:41:48.729+00:00,heldout,1,85,VECTOR_FIRST_HNSW,single_category,category_04,839,False,1,0.0967,"[0.05,0.10)",30.162333,0.7,False,exact_bitmap,HNSW_HYBRID,False
2026-08-30T19:41:48.743+00:00,heldout,1,85,HNSW_HYBRID,single_category,category_04,839,False,1,0.0967,"[0.05,0.10)",12.941,1.0,False,exact_bitmap,HNSW_HYBRID,True
2026-08-30T19:41:48.757+00:00,heldout,1,85,IVFFLAT_HYBRID,single_category,category_04,839,False,1,0.0967,"[0.05,0.10)",13.993541,1.0,False,exact_bitmap,HNSW_HYBRID,False
2026-08-30T19:41:48.774+00:00,heldout,0,99,SQL_FIRST,single_category,category_08,379,False,1,0.098665,"[0.05,0.10)",14.31,1.0,True,exact_bitmap,HNSW_HYBRID,False
2026-08-30T19:41:48.806+00:00,heldout,0,99,VECTOR_FIRST_HNSW,single_category,category_08,379,False,1,0.098665,"[0.05,0.10)",30.176583,0.4,False,exact_bitmap,HNSW_HYBRID,False
2026-08-30T19:41:48.820+00:00,heldout,0,99,HNSW_HYBRID,single_category,category_08,379,False,1,0.098665,"[0.05,0.10)",13.073917,1.0,False,exact_bitmap,HNSW_HYBRID,True
2026-08-30T19:41:48.836+00:00,heldout,0,99,IVFFLAT_HYBRID,single_category,category_08,379,False,1,0.098665,"[0.05,0.10)",14.034833,1.0,False,exact_bitmap,HNSW_HYBRID,False
2026-08-30T19:41:48.851+00:00,heldout,1,99,SQL_FIRST,single_category,category_08,379,False,1,0.098665,"[0.05,0.10)",14.028208,1.0,True,exact_bitmap,HNSW_HYBRID,False
2026-08-30T19:41:48.881+00:00,heldout,1,99,VECTOR_FIRST_HNSW,single_category,category_08,379,False,1,0.098665,"[0.05,0.10)",30.121,0.4,False,exact_bitmap,HNSW_HYBRID,False
2026-08-30T19:41:48.895+00:00,heldout,1,99,HNSW_HYBRID,single_category,category_08,379,False,1,0.098665,"[0.05,0.10)",13.073291,1.0,False,exact_bitmap,HNSW_HYBRID,True
2026-08-30T19:41:48.911+00:00,heldout,1,99,IVFFLAT_HYBRID,single_category,category_08,379,False,1,0.098665,"[0.05,0.10)",15.539416,1.0,False,exact_bitmap,HNSW_HYBRID,False
2026-08-30T19:41:48.929+00:00,heldout,0,80,SQL_FIRST,single_category,category_09,636,True,1,0.0999,"[0.05,0.10)",14.863792,1.0,True,exact_bitmap,HNSW_HYBRID,False
2026-08-30T19:41:48.962+00:00,heldout,0,80,VECTOR_FIRST_HNSW,single_category,category_09,636,True,1,0.0999,"[0.05,0.10)",31.710042,0.7,False,exact_bitmap,HNSW_HYBRID,False
2026-08-30T19:41:48.977+00:00,heldout,0,80,HNSW_HYBRID,single_category,category_09,636,True,1,0.0999,"[0.05,0.10)",14.148375,1.0,False,exact_bitmap,HNSW_HYBRID,True
2026-08-30T19:41:48.993+00:00,heldout,0,80,IVFFLAT_HYBRID,single_category,category_09,636,True,1,0.0999,"[0.05,0.10)",15.017916,1.0,False,exact_bitmap,HNSW_HYBRID,False
2026-08-30T19:41:49.008+00:00,heldout,1,80,SQL_FIRST,single_category,category_09,636,True,1,0.0999,"[0.05,0.10)",15.476542,1.0,True,exact_bitmap,HNSW_HYBRID,False
2026-08-30T19:41:49.039+00:00,heldout,1,80,VECTOR_FIRST_HNSW,single_category,category_09,636,True,1,0.0999,"[0.05,0.10)",30.310875,0.7,False,exact_bitmap,HNSW_HYBRID,False
2026-08-30T19:41:49.052+00:00,heldout,1,80,HNSW_HYBRID,single_category,category_09,636,True,1,0.0999,"[0.05,0.10)",13.107584,1.0,False,exact_bitmap,HNSW_HYBRID,True
2026-08-30T19:41:49.067+00:00,heldout,1,80,IVFFLAT_HYBRID,single_category,category_09,636,True,1,0.0999,"[0.05,0.10)",14.3765,1.0,False,exact_bitmap,HNSW_HYBRID,False
2026-08-30T19:41:49.092+00:00,heldout,0,221,SQL_FIRST,stock_alone,category_03,706,True,4,0.500835,"[0.50,1.00)",23.926,1.0,True,exact_seq,SQL_FIRST,True
2026-08-30T19:41:49.123+00:00,heldout,0,221,VECTOR_FIRST_HNSW,stock_alone,category_03,706,True,4,0.500835,"[0.50,1.00)",28.757708,1.0,False,exact_bitmap,SQL_FIRST,False
2026-08-30T19:41:49.147+00:00,heldout,0,221,HNSW_HYBRID,stock_alone,category_03,706,True,4,0.500835,"[0.50,1.00)",23.835042,1.0,False,exact_seq,SQL_FIRST,False
2026-08-30T19:41:49.171+00:00,heldout,0,221,IVFFLAT_HYBRID,stock_alone,category_03,706,True,4,0.500835,"[0.50,1.00)",23.244208,1.0,False,exact_seq,SQL_FIRST,False
2026-08-30T19:41:49.194+00:00,heldout,1,221,SQL_FIRST,stock_alone,category_03,706,True,4,0.500835,"[0.50,1.00)",22.593708,1.0,True,exact_seq,SQL_FIRST,True
2026-08-30T19:41:49.223+00:00,heldout,1,221,VECTOR_FIRST_HNSW,stock_alone,category_03,706,True,4,0.500835,"[0.50,1.00)",28.697875,1.0,False,exact_bitmap,SQL_FIRST,False
2026-08-30T19:41:49.247+00:00,heldout,1,221,HNSW_HYBRID,stock_alone,category_03,706,True,4,0.500835,"[0.50,1.00)",22.70825,1.0,False,exact_seq,SQL_FIRST,False
2026-08-30T19:41:49.270+00:00,heldout,1,221,IVFFLAT_HYBRID,stock_alone,category_03,706,True,4,0.500835,"[0.50,1.00)",22.832,1.0,False,exact_seq,SQL_FIRST,False
2026-08-30T19:41:49.295+00:00,heldout,0,137,SQL_FIRST,two_categories,category_03,385,False,2,0.2004,"[0.10,0.25)",22.942417,1.0,True,exact_bitmap,HNSW_HYBRID,False
2026-08-30T19:41:49.327+00:00,heldout,0,137,VECTOR_FIRST_HNSW,two_categories,category_03,385,False,2,0.2004,"[0.10,0.25)",29.894542,0.7,False,exact_bitmap,HNSW_HYBRID,False
2026-08-30T19:41:49.352+00:00,heldout,0,137,HNSW_HYBRID,two_categories,category_03,385,False,2,0.2004,"[0.10,0.25)",23.80375,1.0,False,exact_bitmap,HNSW_HYBRID,True
2026-08-30T19:41:49.377+00:00,heldout,0,137,IVFFLAT_HYBRID,two_categories,category_03,385,False,2,0.2004,"[0.10,0.25)",23.894125,1.0,False,exact_bitmap,HNSW_HYBRID,False
2026-08-30T19:41:49.402+00:00,heldout,1,137,SQL_FIRST,two_categories,category_03,385,False,2,0.2004,"[0.10,0.25)",24.217666,1.0,True,exact_bitmap,HNSW_HYBRID,False
2026-08-30T19:41:49.434+00:00,heldout,1,137,VECTOR_FIRST_HNSW,two_categories,category_03,385,False,2,0.2004,"[0.10,0.25)",30.82325,0.7,False,exact_bitmap,HNSW_HYBRID,False
2026-08-30T19:41:49.459+00:00,heldout,1,137,HNSW_HYBRID,two_categories,category_03,385,False,2,0.2004,"[0.10,0.25)",24.512708,1.0,False,exact_bitmap,HNSW_HYBRID,True
2026-08-30T19:41:49.485+00:00,heldout,1,137,IVFFLAT_HYBRID,two_categories,category_03,385,False,2,0.2004,"[0.10,0.25)",25.078417,1.0,False,exact_bitmap,HNSW_HYBRID,False
2026-08-30T19:41:49.502+00:00,heldout,0,67,SQL_FIRST,single_category,category_04,372,True,1,0.0967,"[0.05,0.10)",14.13975,1.0,True,exact_bitmap,HNSW_HYBRID,False
2026-08-30T19:41:49.533+00:00,heldout,0,67,VECTOR_FIRST_HNSW,single_category,category_04,372,True,1,0.0967,"[0.05,0.10)",29.961625,0.4,False,exact_bitmap,HNSW_HYBRID,False
2026-08-30T19:41:49.547+00:00,heldout,0,67,HNSW_HYBRID,single_category,category_04,372,True,1,0.0967,"[0.05,0.10)",12.915709,1.0,False,exact_bitmap,HNSW_HYBRID,True
2026-08-30T19:41:49.563+00:00,heldout,0,67,IVFFLAT_HYBRID,single_category,category_04,372,True,1,0.0967,"[0.05,0.10)",13.918083,1.0,False,exact_bitmap,HNSW_HYBRID,False
2026-08-30T19:41:49.578+00:00,heldout,1,67,SQL_FIRST,single_category,category_04,372,True,1,0.0967,"[0.05,0.10)",14.100333,1.0,True,exact_bitmap,HNSW_HYBRID,False
2026-08-30T19:41:49.608+00:00,heldout,1,67,VECTOR_FIRST_HNSW,single_category,category_04,372,True,1,0.0967,"[0.05,0.10)",29.997708,0.4,False,exact_bitmap,HNSW_HYBRID,False
2026-08-30T19:41:49.622+00:00,heldout,1,67,HNSW_HYBRID,single_category,category_04,372,True,1,0.0967,"[0.05,0.10)",13.006125,1.0,False,exact_bitmap,HNSW_HYBRID,True
2026-08-30T19:41:49.636+00:00,heldout,1,67,IVFFLAT_HYBRID,single_category,category_04,372,True,1,0.0967,"[0.05,0.10)",14.193542,1.0,False,exact_bitmap,HNSW_HYBRID,False
2026-08-30T19:41:49.662+00:00,heldout,0,116,SQL_FIRST,two_categories,category_01,459,True,2,0.197635,"[0.10,0.25)",23.765917,1.0,True,exact_bitmap,HNSW_HYBRID,False
2026-08-30T19:41:49.694+00:00,heldout,0,116,VECTOR_FIRST_HNSW,two_categories,category_01,459,True,2,0.197635,"[0.10,0.25)",30.04825,1.0,False,exact_bitmap,HNSW_HYBRID,False
2026-08-30T19:41:49.718+00:00,heldout,0,116,HNSW_HYBRID,two_categories,category_01,459,True,2,0.197635,"[0.10,0.25)",22.7195,1.0,False,exact_bitmap,HNSW_HYBRID,True
2026-08-30T19:41:49.744+00:00,heldout,0,116,IVFFLAT_HYBRID,two_categories,category_01,459,True,2,0.197635,"[0.10,0.25)",23.831791,1.0,False,exact_bitmap,HNSW_HYBRID,False
2026-08-30T19:41:49.768+00:00,heldout,1,116,SQL_FIRST,two_categories,category_01,459,True,2,0.197635,"[0.10,0.25)",23.823458,1.0,True,exact_bitmap,HNSW_HYBRID,False
2026-08-30T19:41:49.799+00:00,heldout,1,116,VECTOR_FIRST_HNSW,two_categories,category_01,459,True,2,0.197635,"[0.10,0.25)",29.952917,1.0,False,exact_bitmap,HNSW_HYBRID,False
2026-08-30T19:41:49.822+00:00,heldout,1,116,HNSW_HYBRID,two_categories,category_01,459,True,2,0.197635,"[0.10,0.25)",22.341625,1.0,False,exact_bitmap,HNSW_HYBRID,True
2026-08-30T19:41:49.847+00:00,heldout,1,116,IVFFLAT_HYBRID,two_categories,category_01,459,True,2,0.197635,"[0.10,0.25)",23.827417,1.0,False,exact_bitmap,HNSW_HYBRID,False
2026-08-30T19:41:49.878+00:00,heldout,0,239,SQL_FIRST,wide_or,category_05,191,False,4,0.632965,"[0.50,1.00)",28.782792,1.0,True,exact_seq,SQL_FIRST,True
2026-08-30T19:41:49.908+00:00,heldout,0,239,VECTOR_FIRST_HNSW,wide_or,category_05,191,False,4,0.632965,"[0.50,1.00)",28.617292,1.0,False,exact_bitmap,SQL_FIRST,False
2026-08-30T19:41:49.938+00:00,heldout,0,239,HNSW_HYBRID,wide_or,category_05,191,False,4,0.632965,"[0.50,1.00)",28.625,1.0,False,exact_seq,SQL_FIRST,False
2026-08-30T19:41:49.968+00:00,heldout,0,239,IVFFLAT_HYBRID,wide_or,category_05,191,False,4,0.632965,"[0.50,1.00)",29.030125,1.0,False,exact_seq,SQL_FIRST,False
2026-08-30T19:41:50.001+00:00,heldout,1,239,SQL_FIRST,wide_or,category_05,191,False,4,0.632965,"[0.50,1.00)",31.718583,1.0,True,exact_seq,SQL_FIRST,True
2026-08-30T19:41:50.033+00:00,heldout,1,239,VECTOR_FIRST_HNSW,wide_or,category_05,191,False,4,0.632965,"[0.50,1.00)",31.850667,1.0,False,exact_bitmap,SQL_FIRST,False
2026-08-30T19:41:50.061+00:00,heldout,1,239,HNSW_HYBRID,wide_or,category_05,191,False,4,0.632965,"[0.50,1.00)",27.846542,1.0,False,exact_seq,SQL_FIRST,False
2026-08-30T19:41:50.089+00:00,heldout,1,239,IVFFLAT_HYBRID,wide_or,category_05,191,False,4,0.632965,"[0.50,1.00)",27.45575,1.0,False,exact_seq,SQL_FIRST,False
2026-08-30T19:41:50.102+00:00,heldout,0,7,SQL_FIRST,category_and_stock,category_05,610,False,0,0.049935,"[0.00,0.05)",10.683084,1.0,True,exact_bitmap,HNSW_HYBRID,False
2026-08-30T19:41:50.134+00:00,heldout,0,7,VECTOR_FIRST_HNSW,category_and_stock,category_05,610,False,0,0.049935,"[0.00,0.05)",29.970291,0.3,False,exact_bitmap,HNSW_HYBRID,False
2026-08-30T19:41:50.146+00:00,heldout,0,7,HNSW_HYBRID,category_and_stock,category_05,610,False,0,0.049935,"[0.00,0.05)",10.9715,1.0,False,exact_bitmap,HNSW_HYBRID,True
2026-08-30T19:41:50.159+00:00,heldout,0,7,IVFFLAT_HYBRID,category_and_stock,category_05,610,False,0,0.049935,"[0.00,0.05)",12.611042,1.0,False,exact_bitmap,HNSW_HYBRID,False
2026-08-30T19:41:50.172+00:00,heldout,1,7,SQL_FIRST,category_and_stock,category_05,610,False,0,0.049935,"[0.00,0.05)",11.994791,1.0,True,exact_bitmap,HNSW_HYBRID,False
2026-08-30T19:41:50.202+00:00,heldout,1,7,VECTOR_FIRST_HNSW,category_and_stock,category_05,610,False,0,0.049935,"[0.00,0.05)",30.327542,0.3,False,exact_bitmap,HNSW_HYBRID,False
2026-08-30T19:41:50.214+00:00,heldout,1,7,HNSW_HYBRID,category_and_stock,category_05,610,False,0,0.049935,"[0.00,0.05)",10.524292,1.0,False,exact_bitmap,HNSW_HYBRID,True
2026-08-30T19:41:50.226+00:00,heldout,1,7,IVFFLAT_HYBRID,category_and_stock,category_05,610,False,0,0.049935,"[0.00,0.05)",11.683542,1.0,False,exact_bitmap,HNSW_HYBRID,False
2026-08-30T19:41:50.253+00:00,heldout,0,111,SQL_FIRST,two_categories,category_08,166,True,2,0.198565,"[0.10,0.25)",24.09375,1.0,True,exact_bitmap,HNSW_HYBRID,False
2026-08-30T19:41:50.286+00:00,heldout,0,111,VECTOR_FIRST_HNSW,two_categories,category_08,166,True,2,0.198565,"[0.10,0.25)",30.040542,0.9,False,exact_bitmap,HNSW_HYBRID,False
2026-08-30T19:41:50.310+00:00,heldout,0,111,HNSW_HYBRID,two_categories,category_08,166,True,2,0.198565,"[0.10,0.25)",22.734292,1.0,False,exact_bitmap,HNSW_HYBRID,True
2026-08-30T19:41:50.336+00:00,heldout,0,111,IVFFLAT_HYBRID,two_categories,category_08,166,True,2,0.198565,"[0.10,0.25)",24.00825,1.0,False,exact_bitmap,HNSW_HYBRID,False
2026-08-30T19:41:50.361+00:00,heldout,1,111,SQL_FIRST,two_categories,category_08,166,True,2,0.198565,"[0.10,0.25)",23.951375,1.0,True,exact_bitmap,HNSW_HYBRID,False
2026-08-30T19:41:50.392+00:00,heldout,1,111,VECTOR_FIRST_HNSW,two_categories,category_08,166,True,2,0.198565,"[0.10,0.25)",30.077875,0.9,False,exact_bitmap,HNSW_HYBRID,False
2026-08-30T19:41:50.415+00:00,heldout,1,111,HNSW_HYBRID,two_categories,category_08,166,True,2,0.198565,"[0.10,0.25)",22.999708,1.0,False,exact_bitmap,HNSW_HYBRID,True
2026-08-30T19:41:50.441+00:00,heldout,1,111,IVFFLAT_HYBRID,two_categories,category_08,166,True,2,0.198565,"[0.10,0.25)",25.420708,1.0,False,exact_bitmap,HNSW_HYBRID,False
2026-08-30T19:41:50.445+00:00,heldout,0,12,SQL_FIRST,category_narrow_price,category_06,228,True,0,0.00499,"[0.00,0.05)",3.421958,1.0,True,exact_bitmap,HNSW_HYBRID,False
2026-08-30T19:41:50.478+00:00,heldout,0,12,VECTOR_FIRST_HNSW,category_narrow_price,category_06,228,True,0,0.00499,"[0.00,0.05)",31.255583,0.0,False,exact_bitmap,HNSW_HYBRID,False
2026-08-30T19:41:50.482+00:00,heldout,0,12,HNSW_HYBRID,category_narrow_price,category_06,228,True,0,0.00499,"[0.00,0.05)",2.707291,1.0,False,exact_bitmap,HNSW_HYBRID,True
2026-08-30T19:41:50.486+00:00,heldout,0,12,IVFFLAT_HYBRID,category_narrow_price,category_06,228,True,0,0.00499,"[0.00,0.05)",3.907041,1.0,False,exact_bitmap,HNSW_HYBRID,False
2026-08-30T19:41:50.490+00:00,heldout,1,12,SQL_FIRST,category_narrow_price,category_06,228,True,0,0.00499,"[0.00,0.05)",3.23225,1.0,True,exact_bitmap,HNSW_HYBRID,False
2026-08-30T19:41:50.523+00:00,heldout,1,12,VECTOR_FIRST_HNSW,category_narrow_price,category_06,228,True,0,0.00499,"[0.00,0.05)",32.375833,0.0,False,exact_bitmap,HNSW_HYBRID,False
2026-08-30T19:41:50.526+00:00,heldout,1,12,HNSW_HYBRID,category_narrow_price,category_06,228,True,0,0.00499,"[0.00,0.05)",3.058083,1.0,False,exact_bitmap,HNSW_HYBRID,True
2026-08-30T19:41:50.529+00:00,heldout,1,12,IVFFLAT_HYBRID,category_narrow_price,category_06,228,True,0,0.00499,"[0.00,0.05)",2.3385,1.0,False,exact_bitmap,HNSW_HYBRID,False
2026-08-30T19:41:50.546+00:00,heldout,0,76,SQL_FIRST,single_category,category_09,208,True,1,0.0999,"[0.05,0.10)",14.507916,1.0,True,exact_bitmap,HNSW_HYBRID,False
2026-08-30T19:41:50.578+00:00,heldout,0,76,VECTOR_FIRST_HNSW,single_category,category_09,208,True,1,0.0999,"[0.05,0.10)",30.828542,0.4,False,exact_bitmap,HNSW_HYBRID,False
2026-08-30T19:41:50.592+00:00,heldout,0,76,HNSW_HYBRID,single_category,category_09,208,True,1,0.0999,"[0.05,0.10)",12.815792,1.0,False,exact_bitmap,HNSW_HYBRID,True
2026-08-30T19:41:50.608+00:00,heldout,0,76,IVFFLAT_HYBRID,single_category,category_09,208,True,1,0.0999,"[0.05,0.10)",14.20125,1.0,False,exact_bitmap,HNSW_HYBRID,False
2026-08-30T19:41:50.622+00:00,heldout,1,76,SQL_FIRST,single_category,category_09,208,True,1,0.0999,"[0.05,0.10)",14.127125,1.0,True,exact_bitmap,HNSW_HYBRID,False
2026-08-30T19:41:50.653+00:00,heldout,1,76,VECTOR_FIRST_HNSW,single_category,category_09,208,True,1,0.0999,"[0.05,0.10)",30.21425,0.4,False,exact_bitmap,HNSW_HYBRID,False
2026-08-30T19:41:50.666+00:00,heldout,1,76,HNSW_HYBRID,single_category,category_09,208,True,1,0.0999,"[0.05,0.10)",12.852084,1.0,False,exact_bitmap,HNSW_HYBRID,True
2026-08-30T19:41:50.681+00:00,heldout,1,76,IVFFLAT_HYBRID,single_category,category_09,208,True,1,0.0999,"[0.05,0.10)",14.132542,1.0,False,exact_bitmap,HNSW_HYBRID,False
2026-08-30T19:41:50.704+00:00,heldout,0,188,SQL_FIRST,three_categories,category_06,753,False,3,0.269895,"[0.25,0.50)",20.963583,1.0,True,exact_bitmap,SQL_FIRST,True
2026-08-30T19:41:50.735+00:00,heldout,0,188,VECTOR_FIRST_HNSW,three_categories,category_06,753,False,3,0.269895,"[0.25,0.50)",28.762542,1.0,False,exact_bitmap,SQL_FIRST,False
2026-08-30T19:41:50.756+00:00,heldout,0,188,HNSW_HYBRID,three_categories,category_06,753,False,3,0.269895,"[0.25,0.50)",19.485584,1.0,False,exact_bitmap,SQL_FIRST,False
2026-08-30T19:41:50.778+00:00,heldout,0,188,IVFFLAT_HYBRID,three_categories,category_06,753,False,3,0.269895,"[0.25,0.50)",20.435958,1.0,False,exact_bitmap,SQL_FIRST,False
2026-08-30T19:41:50.800+00:00,heldout,1,188,SQL_FIRST,three_categories,category_06,753,False,3,0.269895,"[0.25,0.50)",21.8695,1.0,True,exact_bitmap,SQL_FIRST,True
2026-08-30T19:41:50.831+00:00,heldout,1,188,VECTOR_FIRST_HNSW,three_categories,category_06,753,False,3,0.269895,"[0.25,0.50)",30.881459,1.0,False,exact_bitmap,SQL_FIRST,False
2026-08-30T19:41:50.852+00:00,heldout,1,188,HNSW_HYBRID,three_categories,category_06,753,False,3,0.269895,"[0.25,0.50)",21.007875,1.0,False,exact_bitmap,SQL_FIRST,False
2026-08-30T19:41:50.873+00:00,heldout,1,188,IVFFLAT_HYBRID,three_categories,category_06,753,False,3,0.269895,"[0.25,0.50)",20.066209,1.0,False,exact_bitmap,SQL_FIRST,False
2026-08-30T19:41:50.898+00:00,heldout,0,215,SQL_FIRST,stock_alone,category_09,492,True,4,0.500835,"[0.50,1.00)",22.892084,1.0,True,exact_seq,SQL_FIRST,True
2026-08-30T19:41:50.928+00:00,heldout,0,215,VECTOR_FIRST_HNSW,stock_alone,category_09,492,True,4,0.500835,"[0.50,1.00)",28.728375,1.0,False,exact_bitmap,SQL_FIRST,False
2026-08-30T19:41:50.952+00:00,heldout,0,215,HNSW_HYBRID,stock_alone,category_09,492,True,4,0.500835,"[0.50,1.00)",22.953583,1.0,False,exact_seq,SQL_FIRST,False
2026-08-30T19:41:50.976+00:00,heldout,0,215,IVFFLAT_HYBRID,stock_alone,category_09,492,True,4,0.500835,"[0.50,1.00)",23.223542,1.0,False,exact_seq,SQL_FIRST,False
2026-08-30T19:41:51.000+00:00,heldout,1,215,SQL_FIRST,stock_alone,category_09,492,True,4,0.500835,"[0.50,1.00)",23.92575,1.0,True,exact_seq,SQL_FIRST,True
2026-08-30T19:41:51.035+00:00,heldout,1,215,VECTOR_FIRST_HNSW,stock_alone,category_09,492,True,4,0.500835,"[0.50,1.00)",34.561416,1.0,False,exact_bitmap,SQL_FIRST,False
2026-08-30T19:41:51.060+00:00,heldout,1,215,HNSW_HYBRID,stock_alone,category_09,492,True,4,0.500835,"[0.50,1.00)",23.900209,1.0,False,exact_seq,SQL_FIRST,False
2026-08-30T19:41:51.083+00:00,heldout,1,215,IVFFLAT_HYBRID,stock_alone,category_09,492,True,4,0.500835,"[0.50,1.00)",23.034709,1.0,False,exact_seq,SQL_FIRST,False
2026-08-30T19:41:51.114+00:00,heldout,0,249,SQL_FIRST,wide_or,category_06,238,True,4,0.65516,"[0.50,1.00)",28.992583,1.0,True,exact_seq,SQL_FIRST,True
2026-08-30T19:41:51.144+00:00,heldout,0,249,VECTOR_FIRST_HNSW,wide_or,category_06,238,True,4,0.65516,"[0.50,1.00)",29.099708,1.0,False,exact_bitmap,SQL_FIRST,False
2026-08-30T19:41:51.174+00:00,heldout,0,249,HNSW_HYBRID,wide_or,category_06,238,True,4,0.65516,"[0.50,1.00)",28.69725,1.0,False,exact_seq,SQL_FIRST,False
2026-08-30T19:41:51.203+00:00,heldout,0,249,IVFFLAT_HYBRID,wide_or,category_06,238,True,4,0.65516,"[0.50,1.00)",28.00325,1.0,False,exact_seq,SQL_FIRST,False
2026-08-30T19:41:51.232+00:00,heldout,1,249,SQL_FIRST,wide_or,category_06,238,True,4,0.65516,"[0.50,1.00)",29.004542,1.0,True,exact_seq,SQL_FIRST,True
2026-08-30T19:41:51.262+00:00,heldout,1,249,VECTOR_FIRST_HNSW,wide_or,category_06,238,True,4,0.65516,"[0.50,1.00)",28.76025,1.0,False,exact_bitmap,SQL_FIRST,False
2026-08-30T19:41:51.291+00:00,heldout,1,249,HNSW_HYBRID,wide_or,category_06,238,True,4,0.65516,"[0.50,1.00)",28.969583,1.0,False,exact_seq,SQL_FIRST,False
2026-08-30T19:41:51.320+00:00,heldout,1,249,IVFFLAT_HYBRID,wide_or,category_06,238,True,4,0.65516,"[0.50,1.00)",27.798834,1.0,False,exact_seq,SQL_FIRST,False
2026-08-30T19:41:51.335+00:00,heldout,0,58,SQL_FIRST,single_category,category_02,789,False,1,0.098965,"[0.05,0.10)",12.971333,1.0,True,exact_bitmap,HNSW_HYBRID,False
2026-08-30T19:41:51.367+00:00,heldout,0,58,VECTOR_FIRST_HNSW,single_category,category_02,789,False,1,0.098965,"[0.05,0.10)",29.852875,0.6,False,exact_bitmap,HNSW_HYBRID,False
2026-08-30T19:41:51.382+00:00,heldout,0,58,HNSW_HYBRID,single_category,category_02,789,False,1,0.098965,"[0.05,0.10)",12.897708,1.0,False,exact_bitmap,HNSW_HYBRID,True
2026-08-30T19:41:51.397+00:00,heldout,0,58,IVFFLAT_HYBRID,single_category,category_02,789,False,1,0.098965,"[0.05,0.10)",13.990583,1.0,False,exact_bitmap,HNSW_HYBRID,False
2026-08-30T19:41:51.411+00:00,heldout,1,58,SQL_FIRST,single_category,category_02,789,False,1,0.098965,"[0.05,0.10)",14.028333,1.0,True,exact_bitmap,HNSW_HYBRID,False
2026-08-30T19:41:51.443+00:00,heldout,1,58,VECTOR_FIRST_HNSW,single_category,category_02,789,False,1,0.098965,"[0.05,0.10)",31.28575,0.6,False,exact_bitmap,HNSW_HYBRID,False
2026-08-30T19:41:51.457+00:00,heldout,1,58,HNSW_HYBRID,single_category,category_02,789,False,1,0.098965,"[0.05,0.10)",13.708,1.0,False,exact_bitmap,HNSW_HYBRID,True
2026-08-30T19:41:51.472+00:00,heldout,1,58,IVFFLAT_HYBRID,single_category,category_02,789,False,1,0.098965,"[0.05,0.10)",14.225875,1.0,False,exact_bitmap,HNSW_HYBRID,False
2026-08-30T19:41:51.498+00:00,heldout,0,248,SQL_FIRST,stock_alone,category_02,392,True,4,0.500835,"[0.50,1.00)",24.096542,1.0,True,exact_seq,SQL_FIRST,True
2026-08-30T19:41:51.528+00:00,heldout,0,248,VECTOR_FIRST_HNSW,stock_alone,category_02,392,True,4,0.500835,"[0.50,1.00)",29.01175,1.0,False,exact_bitmap,SQL_FIRST,False
2026-08-30T19:41:51.555+00:00,heldout,0,248,HNSW_HYBRID,stock_alone,category_02,392,True,4,0.500835,"[0.50,1.00)",26.0075,1.0,False,exact_seq,SQL_FIRST,False
2026-08-30T19:41:51.580+00:00,heldout,0,248,IVFFLAT_HYBRID,stock_alone,category_02,392,True,4,0.500835,"[0.50,1.00)",23.096333,1.0,False,exact_seq,SQL_FIRST,False
2026-08-30T19:41:51.603+00:00,heldout,1,248,SQL_FIRST,stock_alone,category_02,392,True,4,0.500835,"[0.50,1.00)",23.33225,1.0,True,exact_seq,SQL_FIRST,True
2026-08-30T19:41:51.632+00:00,heldout,1,248,VECTOR_FIRST_HNSW,stock_alone,category_02,392,True,4,0.500835,"[0.50,1.00)",28.720417,1.0,False,exact_bitmap,SQL_FIRST,False
2026-08-30T19:41:51.656+00:00,heldout,1,248,HNSW_HYBRID,stock_alone,category_02,392,True,4,0.500835,"[0.50,1.00)",22.803292,1.0,False,exact_seq,SQL_FIRST,False
2026-08-30T19:41:51.679+00:00,heldout,1,248,IVFFLAT_HYBRID,stock_alone,category_02,392,True,4,0.500835,"[0.50,1.00)",22.621458,1.0,False,exact_seq,SQL_FIRST,False
2026-08-30T19:41:51.705+00:00,heldout,0,143,SQL_FIRST,two_categories,category_01,945,False,2,0.197635,"[0.10,0.25)",22.944542,1.0,True,exact_bitmap,HNSW_HYBRID,False
2026-08-30T19:41:51.736+00:00,heldout,0,143,VECTOR_FIRST_HNSW,two_categories,category_01,945,False,2,0.197635,"[0.10,0.25)",30.482375,1.0,False,exact_bitmap,HNSW_HYBRID,False
2026-08-30T19:41:51.760+00:00,heldout,0,143,HNSW_HYBRID,two_categories,category_01,945,False,2,0.197635,"[0.10,0.25)",22.379209,1.0,False,exact_bitmap,HNSW_HYBRID,True
2026-08-30T19:41:51.785+00:00,heldout,0,143,IVFFLAT_HYBRID,two_categories,category_01,945,False,2,0.197635,"[0.10,0.25)",23.702167,1.0,False,exact_bitmap,HNSW_HYBRID,False
2026-08-30T19:41:51.810+00:00,heldout,1,143,SQL_FIRST,two_categories,category_01,945,False,2,0.197635,"[0.10,0.25)",24.462375,1.0,True,exact_bitmap,HNSW_HYBRID,False
2026-08-30T19:41:51.842+00:00,heldout,1,143,VECTOR_FIRST_HNSW,two_categories,category_01,945,False,2,0.197635,"[0.10,0.25)",30.570666,1.0,False,exact_bitmap,HNSW_HYBRID,False
2026-08-30T19:41:51.865+00:00,heldout,1,143,HNSW_HYBRID,two_categories,category_01,945,False,2,0.197635,"[0.10,0.25)",22.518791,1.0,False,exact_bitmap,HNSW_HYBRID,True
2026-08-30T19:41:51.889+00:00,heldout,1,143,IVFFLAT_HYBRID,two_categories,category_01,945,False,2,0.197635,"[0.10,0.25)",23.761458,1.0,False,exact_bitmap,HNSW_HYBRID,False
2026-08-30T19:41:51.904+00:00,heldout,0,22,SQL_FIRST,category_and_stock,category_04,930,False,0,0.04827,"[0.00,0.05)",11.885,1.0,True,exact_bitmap,HNSW_HYBRID,False
2026-08-30T19:41:51.937+00:00,heldout,0,22,VECTOR_FIRST_HNSW,category_and_stock,category_04,930,False,0,0.04827,"[0.00,0.05)",30.876041,0.3,False,exact_bitmap,HNSW_HYBRID,False
2026-08-30T19:41:51.950+00:00,heldout,0,22,HNSW_HYBRID,category_and_stock,category_04,930,False,0,0.04827,"[0.00,0.05)",11.425917,1.0,False,exact_bitmap,HNSW_HYBRID,True
2026-08-30T19:41:51.962+00:00,heldout,0,22,IVFFLAT_HYBRID,category_and_stock,category_04,930,False,0,0.04827,"[0.00,0.05)",11.548542,1.0,False,exact_bitmap,HNSW_HYBRID,False
2026-08-30T19:41:51.975+00:00,heldout,1,22,SQL_FIRST,category_and_stock,category_04,930,False,0,0.04827,"[0.00,0.05)",12.311208,1.0,True,exact_bitmap,HNSW_HYBRID,False
2026-08-30T19:41:52.007+00:00,heldout,1,22,VECTOR_FIRST_HNSW,category_and_stock,category_04,930,False,0,0.04827,"[0.00,0.05)",31.786583,0.3,False,exact_bitmap,HNSW_HYBRID,False
2026-08-30T19:41:52.017+00:00,heldout,1,22,HNSW_HYBRID,category_and_stock,category_04,930,False,0,0.04827,"[0.00,0.05)",10.3795,1.0,False,exact_bitmap,HNSW_HYBRID,True
2026-08-30T19:41:52.029+00:00,heldout,1,22,IVFFLAT_HYBRID,category_and_stock,category_04,930,False,0,0.04827,"[0.00,0.05)",11.54875,1.0,False,exact_bitmap,HNSW_HYBRID,False
2026-08-30T19:41:52.054+00:00,heldout,0,170,SQL_FIRST,three_categories,category_02,642,True,3,0.2705,"[0.25,0.50)",22.623792,1.0,True,exact_bitmap,SQL_FIRST,True
2026-08-30T19:41:52.088+00:00,heldout,0,170,VECTOR_FIRST_HNSW,three_categories,category_02,642,True,3,0.2705,"[0.25,0.50)",31.709125,1.0,False,exact_bitmap,SQL_FIRST,False
2026-08-30T19:41:52.109+00:00,heldout,0,170,HNSW_HYBRID,three_categories,category_02,642,True,3,0.2705,"[0.25,0.50)",20.139,1.0,False,exact_bitmap,SQL_FIRST,False
2026-08-30T19:41:52.130+00:00,heldout,0,170,IVFFLAT_HYBRID,three_categories,category_02,642,True,3,0.2705,"[0.25,0.50)",19.887625,1.0,False,exact_bitmap,SQL_FIRST,False
2026-08-30T19:41:52.152+00:00,heldout,1,170,SQL_FIRST,three_categories,category_02,642,True,3,0.2705,"[0.25,0.50)",21.685583,1.0,True,exact_bitmap,SQL_FIRST,True
2026-08-30T19:41:52.181+00:00,heldout,1,170,VECTOR_FIRST_HNSW,three_categories,category_02,642,True,3,0.2705,"[0.25,0.50)",28.146291,1.0,False,exact_bitmap,SQL_FIRST,False
2026-08-30T19:41:52.201+00:00,heldout,1,170,HNSW_HYBRID,three_categories,category_02,642,True,3,0.2705,"[0.25,0.50)",19.665125,1.0,False,exact_bitmap,SQL_FIRST,False
2026-08-30T19:41:52.221+00:00,heldout,1,170,IVFFLAT_HYBRID,three_categories,category_02,642,True,3,0.2705,"[0.25,0.50)",19.360666,1.0,False,exact_bitmap,SQL_FIRST,False
2026-08-30T19:41:52.233+00:00,heldout,0,9,SQL_FIRST,category_and_stock,category_02,545,False,0,0.0494,"[0.00,0.05)",10.376292,1.0,True,exact_bitmap,HNSW_HYBRID,False
2026-08-30T19:41:52.265+00:00,heldout,0,9,VECTOR_FIRST_HNSW,category_and_stock,category_02,545,False,0,0.0494,"[0.00,0.05)",30.20775,0.3,False,exact_bitmap,HNSW_HYBRID,False
2026-08-30T19:41:52.276+00:00,heldout,0,9,HNSW_HYBRID,category_and_stock,category_02,545,False,0,0.0494,"[0.00,0.05)",10.178625,1.0,False,exact_bitmap,HNSW_HYBRID,True
2026-08-30T19:41:52.289+00:00,heldout,0,9,IVFFLAT_HYBRID,category_and_stock,category_02,545,False,0,0.0494,"[0.00,0.05)",11.634375,1.0,False,exact_bitmap,HNSW_HYBRID,False
2026-08-30T19:41:52.301+00:00,heldout,1,9,SQL_FIRST,category_and_stock,category_02,545,False,0,0.0494,"[0.00,0.05)",11.753417,1.0,True,exact_bitmap,HNSW_HYBRID,False
2026-08-30T19:41:52.332+00:00,heldout,1,9,VECTOR_FIRST_HNSW,category_and_stock,category_02,545,False,0,0.0494,"[0.00,0.05)",29.961084,0.3,False,exact_bitmap,HNSW_HYBRID,False
2026-08-30T19:41:52.343+00:00,heldout,1,9,HNSW_HYBRID,category_and_stock,category_02,545,False,0,0.0494,"[0.00,0.05)",10.266083,1.0,False,exact_bitmap,HNSW_HYBRID,True
2026-08-30T19:41:52.355+00:00,heldout,1,9,IVFFLAT_HYBRID,category_and_stock,category_02,545,False,0,0.0494,"[0.00,0.05)",11.711833,1.0,False,exact_bitmap,HNSW_HYBRID,False
2026-08-30T19:41:52.378+00:00,heldout,0,152,SQL_FIRST,three_categories,category_06,195,True,3,0.269895,"[0.25,0.50)",20.875084,1.0,True,exact_bitmap,SQL_FIRST,True
2026-08-30T19:41:52.408+00:00,heldout,0,152,VECTOR_FIRST_HNSW,three_categories,category_06,195,True,3,0.269895,"[0.25,0.50)",28.681792,1.0,False,exact_bitmap,SQL_FIRST,False
2026-08-30T19:41:52.431+00:00,heldout,0,152,HNSW_HYBRID,three_categories,category_06,195,True,3,0.269895,"[0.25,0.50)",21.266167,1.0,False,exact_bitmap,SQL_FIRST,False
2026-08-30T19:41:52.453+00:00,heldout,0,152,IVFFLAT_HYBRID,three_categories,category_06,195,True,3,0.269895,"[0.25,0.50)",20.871375,1.0,False,exact_bitmap,SQL_FIRST,False
2026-08-30T19:41:52.474+00:00,heldout,1,152,SQL_FIRST,three_categories,category_06,195,True,3,0.269895,"[0.25,0.50)",20.243917,1.0,True,exact_bitmap,SQL_FIRST,True
2026-08-30T19:41:52.504+00:00,heldout,1,152,VECTOR_FIRST_HNSW,three_categories,category_06,195,True,3,0.269895,"[0.25,0.50)",29.45375,1.0,False,exact_bitmap,SQL_FIRST,False
2026-08-30T19:41:52.524+00:00,heldout,1,152,HNSW_HYBRID,three_categories,category_06,195,True,3,0.269895,"[0.25,0.50)",19.44825,1.0,False,exact_bitmap,SQL_FIRST,False
2026-08-30T19:41:52.544+00:00,heldout,1,152,IVFFLAT_HYBRID,three_categories,category_06,195,True,3,0.269895,"[0.25,0.50)",19.434375,1.0,False,exact_bitmap,SQL_FIRST,False
2026-08-30T19:41:52.560+00:00,heldout,0,147,SQL_FIRST,price_range_mid,category_08,871,True,2,0.101725,"[0.10,0.25)",13.614,1.0,True,exact_bitmap,HNSW_HYBRID,False
2026-08-30T19:41:52.594+00:00,heldout,0,147,VECTOR_FIRST_HNSW,price_range_mid,category_08,871,True,2,0.101725,"[0.10,0.25)",32.899875,0.8,False,exact_bitmap,HNSW_HYBRID,False
2026-08-30T19:41:52.609+00:00,heldout,0,147,HNSW_HYBRID,price_range_mid,category_08,871,True,2,0.101725,"[0.10,0.25)",13.823042,1.0,False,exact_bitmap,HNSW_HYBRID,True
2026-08-30T19:41:52.625+00:00,heldout,0,147,IVFFLAT_HYBRID,price_range_mid,category_08,871,True,2,0.101725,"[0.10,0.25)",15.064333,1.0,False,exact_bitmap,HNSW_HYBRID,False
2026-08-30T19:41:52.640+00:00,heldout,1,147,SQL_FIRST,price_range_mid,category_08,871,True,2,0.101725,"[0.10,0.25)",14.762875,1.0,True,exact_bitmap,HNSW_HYBRID,False
2026-08-30T19:41:52.671+00:00,heldout,1,147,VECTOR_FIRST_HNSW,price_range_mid,category_08,871,True,2,0.101725,"[0.10,0.25)",30.147333,0.8,False,exact_bitmap,HNSW_HYBRID,False
2026-08-30T19:41:52.686+00:00,heldout,1,147,HNSW_HYBRID,price_range_mid,category_08,871,True,2,0.101725,"[0.10,0.25)",13.782375,1.0,False,exact_bitmap,HNSW_HYBRID,True
2026-08-30T19:41:52.702+00:00,heldout,1,147,IVFFLAT_HYBRID,price_range_mid,category_08,871,True,2,0.101725,"[0.10,0.25)",14.685209,1.0,False,exact_bitmap,HNSW_HYBRID,False
2026-08-30T19:41:52.720+00:00,heldout,0,94,SQL_FIRST,single_category,category_02,803,True,1,0.098965,"[0.05,0.10)",14.119125,1.0,True,exact_bitmap,HNSW_HYBRID,False
2026-08-30T19:41:52.753+00:00,heldout,0,94,VECTOR_FIRST_HNSW,single_category,category_02,803,True,1,0.098965,"[0.05,0.10)",30.140084,0.5,False,exact_bitmap,HNSW_HYBRID,False
2026-08-30T19:41:52.768+00:00,heldout,0,94,HNSW_HYBRID,single_category,category_02,803,True,1,0.098965,"[0.05,0.10)",13.608541,1.0,False,exact_bitmap,HNSW_HYBRID,True
2026-08-30T19:41:52.783+00:00,heldout,0,94,IVFFLAT_HYBRID,single_category,category_02,803,True,1,0.098965,"[0.05,0.10)",14.048417,1.0,False,exact_bitmap,HNSW_HYBRID,False
2026-08-30T19:41:52.798+00:00,heldout,1,94,SQL_FIRST,single_category,category_02,803,True,1,0.098965,"[0.05,0.10)",13.993416,1.0,True,exact_bitmap,HNSW_HYBRID,False
2026-08-30T19:41:52.828+00:00,heldout,1,94,VECTOR_FIRST_HNSW,single_category,category_02,803,True,1,0.098965,"[0.05,0.10)",29.969166,0.5,False,exact_bitmap,HNSW_HYBRID,False
2026-08-30T19:41:52.842+00:00,heldout,1,94,HNSW_HYBRID,single_category,category_02,803,True,1,0.098965,"[0.05,0.10)",12.902542,1.0,False,exact_bitmap,HNSW_HYBRID,True
2026-08-30T19:41:52.857+00:00,heldout,1,94,IVFFLAT_HYBRID,single_category,category_02,803,True,1,0.098965,"[0.05,0.10)",14.140584,1.0,False,exact_bitmap,HNSW_HYBRID,False
2026-08-30T19:41:52.873+00:00,heldout,0,105,SQL_FIRST,price_range_mid,category_00,121,True,2,0.10331,"[0.10,0.25)",14.961083,1.0,True,exact_bitmap,HNSW_HYBRID,False
2026-08-30T19:41:52.906+00:00,heldout,0,105,VECTOR_FIRST_HNSW,price_range_mid,category_00,121,True,2,0.10331,"[0.10,0.25)",31.871167,0.7,False,exact_bitmap,HNSW_HYBRID,False
2026-08-30T19:41:52.922+00:00,heldout,0,105,HNSW_HYBRID,price_range_mid,category_00,121,True,2,0.10331,"[0.10,0.25)",14.928417,1.0,False,exact_bitmap,HNSW_HYBRID,True
2026-08-30T19:41:52.938+00:00,heldout,0,105,IVFFLAT_HYBRID,price_range_mid,category_00,121,True,2,0.10331,"[0.10,0.25)",14.99125,1.0,False,exact_bitmap,HNSW_HYBRID,False
2026-08-30T19:41:52.954+00:00,heldout,1,105,SQL_FIRST,price_range_mid,category_00,121,True,2,0.10331,"[0.10,0.25)",15.653083,1.0,True,exact_bitmap,HNSW_HYBRID,False
2026-08-30T19:41:52.993+00:00,heldout,1,105,VECTOR_FIRST_HNSW,price_range_mid,category_00,121,True,2,0.10331,"[0.10,0.25)",39.198208,0.7,False,exact_bitmap,HNSW_HYBRID,False
2026-08-30T19:41:53.013+00:00,heldout,1,105,HNSW_HYBRID,price_range_mid,category_00,121,True,2,0.10331,"[0.10,0.25)",18.965625,1.0,False,exact_bitmap,HNSW_HYBRID,True
2026-08-30T19:41:53.028+00:00,heldout,1,105,IVFFLAT_HYBRID,price_range_mid,category_00,121,True,2,0.10331,"[0.10,0.25)",14.9815,1.0,False,exact_bitmap,HNSW_HYBRID,False
2026-08-30T19:41:53.057+00:00,heldout,0,155,SQL_FIRST,three_categories,category_00,233,True,3,0.271845,"[0.25,0.50)",27.780916,1.0,True,exact_bitmap,SQL_FIRST,True
2026-08-30T19:41:53.128+00:00,heldout,0,155,VECTOR_FIRST_HNSW,three_categories,category_00,233,True,3,0.271845,"[0.25,0.50)",69.841792,1.0,False,exact_bitmap,SQL_FIRST,False
2026-08-30T19:41:53.149+00:00,heldout,0,155,HNSW_HYBRID,three_categories,category_00,233,True,3,0.271845,"[0.25,0.50)",20.58475,1.0,False,exact_bitmap,SQL_FIRST,False
2026-08-30T19:41:53.171+00:00,heldout,0,155,IVFFLAT_HYBRID,three_categories,category_00,233,True,3,0.271845,"[0.25,0.50)",20.594917,1.0,False,exact_bitmap,SQL_FIRST,False
2026-08-30T19:41:53.195+00:00,heldout,1,155,SQL_FIRST,three_categories,category_00,233,True,3,0.271845,"[0.25,0.50)",24.186,1.0,True,exact_bitmap,SQL_FIRST,True
2026-08-30T19:41:53.225+00:00,heldout,1,155,VECTOR_FIRST_HNSW,three_categories,category_00,233,True,3,0.271845,"[0.25,0.50)",29.751709,1.0,False,exact_bitmap,SQL_FIRST,False
2026-08-30T19:41:53.246+00:00,heldout,1,155,HNSW_HYBRID,three_categories,category_00,233,True,3,0.271845,"[0.25,0.50)",19.8255,1.0,False,exact_bitmap,SQL_FIRST,False
2026-08-30T19:41:53.265+00:00,heldout,1,155,IVFFLAT_HYBRID,three_categories,category_00,233,True,3,0.271845,"[0.25,0.50)",19.588833,1.0,False,exact_bitmap,SQL_FIRST,False
2026-08-30T19:41:53.295+00:00,heldout,0,222,SQL_FIRST,wide_or,category_03,302,True,4,0.685995,"[0.50,1.00)",28.405667,1.0,True,exact_seq,SQL_FIRST,True
2026-08-30T19:41:53.325+00:00,heldout,0,222,VECTOR_FIRST_HNSW,wide_or,category_03,302,True,4,0.685995,"[0.50,1.00)",28.896584,1.0,False,exact_bitmap,SQL_FIRST,False
2026-08-30T19:41:53.355+00:00,heldout,0,222,HNSW_HYBRID,wide_or,category_03,302,True,4,0.685995,"[0.50,1.00)",28.449958,1.0,False,exact_seq,SQL_FIRST,False
2026-08-30T19:41:53.385+00:00,heldout,0,222,IVFFLAT_HYBRID,wide_or,category_03,302,True,4,0.685995,"[0.50,1.00)",28.356166,1.0,False,exact_seq,SQL_FIRST,False
2026-08-30T19:41:53.415+00:00,heldout,1,222,SQL_FIRST,wide_or,category_03,302,True,4,0.685995,"[0.50,1.00)",28.843542,1.0,True,exact_seq,SQL_FIRST,True
2026-08-30T19:41:53.446+00:00,heldout,1,222,VECTOR_FIRST_HNSW,wide_or,category_03,302,True,4,0.685995,"[0.50,1.00)",30.976084,1.0,False,exact_bitmap,SQL_FIRST,False
2026-08-30T19:41:53.476+00:00,heldout,1,222,HNSW_HYBRID,wide_or,category_03,302,True,4,0.685995,"[0.50,1.00)",28.938708,1.0,False,exact_seq,SQL_FIRST,False
2026-08-30T19:41:53.505+00:00,heldout,1,222,IVFFLAT_HYBRID,wide_or,category_03,302,True,4,0.685995,"[0.50,1.00)",28.385541,1.0,False,exact_seq,SQL_FIRST,False
2026-08-30T19:41:53.518+00:00,heldout,0,17,SQL_FIRST,category_and_stock,category_09,786,False,0,0.049865,"[0.00,0.05)",10.430416,1.0,True,exact_bitmap,HNSW_HYBRID,False
2026-08-30T19:41:53.551+00:00,heldout,0,17,VECTOR_FIRST_HNSW,category_and_stock,category_09,786,False,0,0.049865,"[0.00,0.05)",30.059291,0.2,False,exact_bitmap,HNSW_HYBRID,False
2026-08-30T19:41:53.563+00:00,heldout,0,17,HNSW_HYBRID,category_and_stock,category_09,786,False,0,0.049865,"[0.00,0.05)",10.786542,1.0,False,exact_bitmap,HNSW_HYBRID,True
2026-08-30T19:41:53.576+00:00,heldout,0,17,IVFFLAT_HYBRID,category_and_stock,category_09,786,False,0,0.049865,"[0.00,0.05)",11.732291,1.0,False,exact_bitmap,HNSW_HYBRID,False
2026-08-30T19:41:53.588+00:00,heldout,1,17,SQL_FIRST,category_and_stock,category_09,786,False,0,0.049865,"[0.00,0.05)",11.500375,1.0,True,exact_bitmap,HNSW_HYBRID,False
2026-08-30T19:41:53.620+00:00,heldout,1,17,VECTOR_FIRST_HNSW,category_and_stock,category_09,786,False,0,0.049865,"[0.00,0.05)",31.444208,0.2,False,exact_bitmap,HNSW_HYBRID,False
2026-08-30T19:41:53.631+00:00,heldout,1,17,HNSW_HYBRID,category_and_stock,category_09,786,False,0,0.049865,"[0.00,0.05)",10.569917,1.0,False,exact_bitmap,HNSW_HYBRID,True
2026-08-30T19:41:53.644+00:00,heldout,1,17,IVFFLAT_HYBRID,category_and_stock,category_09,786,False,0,0.049865,"[0.00,0.05)",12.424625,1.0,False,exact_bitmap,HNSW_HYBRID,False
2026-08-30T19:41:53.672+00:00,heldout,0,178,SQL_FIRST,category_or_price,category_06,322,True,3,0.38595,"[0.25,0.50)",25.280167,1.0,True,exact_seq,SQL_FIRST,True
2026-08-30T19:41:53.703+00:00,heldout,0,178,VECTOR_FIRST_HNSW,category_or_price,category_06,322,True,3,0.38595,"[0.25,0.50)",28.937458,1.0,False,exact_bitmap,SQL_FIRST,False
2026-08-30T19:41:53.728+00:00,heldout,0,178,HNSW_HYBRID,category_or_price,category_06,322,True,3,0.38595,"[0.25,0.50)",23.446916,1.0,False,exact_seq,SQL_FIRST,False
2026-08-30T19:41:53.753+00:00,heldout,0,178,IVFFLAT_HYBRID,category_or_price,category_06,322,True,3,0.38595,"[0.25,0.50)",23.363916,1.0,False,exact_seq,SQL_FIRST,False
2026-08-30T19:41:53.776+00:00,heldout,1,178,SQL_FIRST,category_or_price,category_06,322,True,3,0.38595,"[0.25,0.50)",23.006708,1.0,True,exact_seq,SQL_FIRST,True
2026-08-30T19:41:53.806+00:00,heldout,1,178,VECTOR_FIRST_HNSW,category_or_price,category_06,322,True,3,0.38595,"[0.25,0.50)",28.678541,1.0,False,exact_bitmap,SQL_FIRST,False
2026-08-30T19:41:53.829+00:00,heldout,1,178,HNSW_HYBRID,category_or_price,category_06,322,True,3,0.38595,"[0.25,0.50)",23.029709,1.0,False,exact_seq,SQL_FIRST,False
2026-08-30T19:41:53.854+00:00,heldout,1,178,IVFFLAT_HYBRID,category_or_price,category_06,322,True,3,0.38595,"[0.25,0.50)",23.291208,1.0,False,exact_seq,SQL_FIRST,False
2026-08-30T19:41:53.885+00:00,heldout,0,179,SQL_FIRST,three_categories,category_01,418,True,3,0.272085,"[0.25,0.50)",28.384333,1.0,True,exact_bitmap,SQL_FIRST,True
2026-08-30T19:41:53.978+00:00,heldout,0,179,VECTOR_FIRST_HNSW,three_categories,category_01,418,True,3,0.272085,"[0.25,0.50)",89.731125,1.0,False,exact_bitmap,SQL_FIRST,False
2026-08-30T19:41:54.009+00:00,heldout,0,179,HNSW_HYBRID,three_categories,category_01,418,True,3,0.272085,"[0.25,0.50)",29.540041,1.0,False,exact_bitmap,SQL_FIRST,False
2026-08-30T19:41:54.030+00:00,heldout,0,179,IVFFLAT_HYBRID,three_categories,category_01,418,True,3,0.272085,"[0.25,0.50)",20.011167,1.0,False,exact_bitmap,SQL_FIRST,False
2026-08-30T19:41:54.050+00:00,heldout,1,179,SQL_FIRST,three_categories,category_01,418,True,3,0.272085,"[0.25,0.50)",19.791959,1.0,True,exact_bitmap,SQL_FIRST,True
2026-08-30T19:41:54.079+00:00,heldout,1,179,VECTOR_FIRST_HNSW,three_categories,category_01,418,True,3,0.272085,"[0.25,0.50)",29.075875,1.0,False,exact_bitmap,SQL_FIRST,False
2026-08-30T19:41:54.100+00:00,heldout,1,179,HNSW_HYBRID,three_categories,category_01,418,True,3,0.272085,"[0.25,0.50)",19.802792,1.0,False,exact_bitmap,SQL_FIRST,False
2026-08-30T19:41:54.121+00:00,heldout,1,179,IVFFLAT_HYBRID,three_categories,category_01,418,True,3,0.272085,"[0.25,0.50)",20.663834,1.0,False,exact_bitmap,SQL_FIRST,False
2026-08-30T19:41:54.143+00:00,heldout,0,165,SQL_FIRST,three_categories,category_08,102,False,3,0.272595,"[0.25,0.50)",21.368958,1.0,True,exact_bitmap,SQL_FIRST,True
2026-08-30T19:41:54.175+00:00,heldout,0,165,VECTOR_FIRST_HNSW,three_categories,category_08,102,False,3,0.272595,"[0.25,0.50)",30.900208,1.0,False,exact_bitmap,SQL_FIRST,False
2026-08-30T19:41:54.196+00:00,heldout,0,165,HNSW_HYBRID,three_categories,category_08,102,False,3,0.272595,"[0.25,0.50)",20.02825,1.0,False,exact_bitmap,SQL_FIRST,False
2026-08-30T19:41:54.217+00:00,heldout,0,165,IVFFLAT_HYBRID,three_categories,category_08,102,False,3,0.272595,"[0.25,0.50)",20.129625,1.0,False,exact_bitmap,SQL_FIRST,False
2026-08-30T19:41:54.237+00:00,heldout,1,165,SQL_FIRST,three_categories,category_08,102,False,3,0.272595,"[0.25,0.50)",19.540209,1.0,True,exact_bitmap,SQL_FIRST,True
2026-08-30T19:41:54.266+00:00,heldout,1,165,VECTOR_FIRST_HNSW,three_categories,category_08,102,False,3,0.272595,"[0.25,0.50)",28.765666,1.0,False,exact_bitmap,SQL_FIRST,False
2026-08-30T19:41:54.286+00:00,heldout,1,165,HNSW_HYBRID,three_categories,category_08,102,False,3,0.272595,"[0.25,0.50)",19.4315,1.0,False,exact_bitmap,SQL_FIRST,False
2026-08-30T19:41:54.307+00:00,heldout,1,165,IVFFLAT_HYBRID,three_categories,category_08,102,False,3,0.272595,"[0.25,0.50)",19.487334,1.0,False,exact_bitmap,SQL_FIRST,False
2026-08-30T19:41:54.333+00:00,heldout,0,144,SQL_FIRST,two_categories,category_02,216,False,2,0.202665,"[0.10,0.25)",23.084209,1.0,True,exact_bitmap,HNSW_HYBRID,False
2026-08-30T19:41:54.365+00:00,heldout,0,144,VECTOR_FIRST_HNSW,two_categories,category_02,216,False,2,0.202665,"[0.10,0.25)",30.084334,0.9,False,exact_bitmap,HNSW_HYBRID,False
2026-08-30T19:41:54.389+00:00,heldout,0,144,HNSW_HYBRID,two_categories,category_02,216,False,2,0.202665,"[0.10,0.25)",22.607292,1.0,False,exact_bitmap,HNSW_HYBRID,True
2026-08-30T19:41:54.414+00:00,heldout,0,144,IVFFLAT_HYBRID,two_categories,category_02,216,False,2,0.202665,"[0.10,0.25)",23.851541,1.0,False,exact_bitmap,HNSW_HYBRID,False
2026-08-30T19:41:54.440+00:00,heldout,1,144,SQL_FIRST,two_categories,category_02,216,False,2,0.202665,"[0.10,0.25)",25.800583,1.0,True,exact_bitmap,HNSW_HYBRID,False
2026-08-30T19:41:54.472+00:00,heldout,1,144,VECTOR_FIRST_HNSW,two_categories,category_02,216,False,2,0.202665,"[0.10,0.25)",31.510709,0.9,False,exact_bitmap,HNSW_HYBRID,False
2026-08-30T19:41:54.495+00:00,heldout,1,144,HNSW_HYBRID,two_categories,category_02,216,False,2,0.202665,"[0.10,0.25)",22.623125,1.0,False,exact_bitmap,HNSW_HYBRID,True
2026-08-30T19:41:54.520+00:00,heldout,1,144,IVFFLAT_HYBRID,two_categories,category_02,216,False,2,0.202665,"[0.10,0.25)",24.156292,1.0,False,exact_bitmap,HNSW_HYBRID,False
2026-08-30T19:41:54.525+00:00,heldout,0,10,SQL_FIRST,category_narrow_price,category_05,761,True,0,0.00503,"[0.00,0.05)",3.594791,1.0,True,exact_bitmap,HNSW_HYBRID,False
2026-08-30T19:41:54.559+00:00,heldout,0,10,VECTOR_FIRST_HNSW,category_narrow_price,category_05,761,True,0,0.00503,"[0.00,0.05)",32.39025,0.0,False,exact_bitmap,HNSW_HYBRID,False
2026-08-30T19:41:54.563+00:00,heldout,0,10,HNSW_HYBRID,category_narrow_price,category_05,761,True,0,0.00503,"[0.00,0.05)",2.776459,1.0,False,exact_bitmap,HNSW_HYBRID,True
2026-08-30T19:41:54.567+00:00,heldout,0,10,IVFFLAT_HYBRID,category_narrow_price,category_05,761,True,0,0.00503,"[0.00,0.05)",3.19225,1.0,False,exact_bitmap,HNSW_HYBRID,False
2026-08-30T19:41:54.571+00:00,heldout,1,10,SQL_FIRST,category_narrow_price,category_05,761,True,0,0.00503,"[0.00,0.05)",3.401125,1.0,True,exact_bitmap,HNSW_HYBRID,False
2026-08-30T19:41:54.601+00:00,heldout,1,10,VECTOR_FIRST_HNSW,category_narrow_price,category_05,761,True,0,0.00503,"[0.00,0.05)",29.984167,0.0,False,exact_bitmap,HNSW_HYBRID,False
2026-08-30T19:41:54.606+00:00,heldout,1,10,HNSW_HYBRID,category_narrow_price,category_05,761,True,0,0.00503,"[0.00,0.05)",2.828125,1.0,False,exact_bitmap,HNSW_HYBRID,True
2026-08-30T19:41:54.610+00:00,heldout,1,10,IVFFLAT_HYBRID,category_narrow_price,category_05,761,True,0,0.00503,"[0.00,0.05)",3.06075,1.0,False,exact_bitmap,HNSW_HYBRID,False
2026-08-30T19:41:54.640+00:00,heldout,0,216,SQL_FIRST,wide_or,category_01,113,False,4,0.596165,"[0.50,1.00)",28.202708,1.0,True,exact_seq,SQL_FIRST,True
2026-08-30T19:41:54.671+00:00,heldout,0,216,VECTOR_FIRST_HNSW,wide_or,category_01,113,False,4,0.596165,"[0.50,1.00)",29.196042,1.0,False,exact_bitmap,SQL_FIRST,False
2026-08-30T19:41:54.702+00:00,heldout,0,216,HNSW_HYBRID,wide_or,category_01,113,False,4,0.596165,"[0.50,1.00)",29.308792,1.0,False,exact_seq,SQL_FIRST,False
2026-08-30T19:41:54.732+00:00,heldout,0,216,IVFFLAT_HYBRID,wide_or,category_01,113,False,4,0.596165,"[0.50,1.00)",28.857209,1.0,False,exact_seq,SQL_FIRST,False
2026-08-30T19:41:54.759+00:00,heldout,1,216,SQL_FIRST,wide_or,category_01,113,False,4,0.596165,"[0.50,1.00)",27.484666,1.0,True,exact_seq,SQL_FIRST,True
2026-08-30T19:41:54.789+00:00,heldout,1,216,VECTOR_FIRST_HNSW,wide_or,category_01,113,False,4,0.596165,"[0.50,1.00)",28.84775,1.0,False,exact_bitmap,SQL_FIRST,False
2026-08-30T19:41:54.816+00:00,heldout,1,216,HNSW_HYBRID,wide_or,category_01,113,False,4,0.596165,"[0.50,1.00)",27.020833,1.0,False,exact_seq,SQL_FIRST,False
2026-08-30T19:41:54.843+00:00,heldout,1,216,IVFFLAT_HYBRID,wide_or,category_01,113,False,4,0.596165,"[0.50,1.00)",26.258791,1.0,False,exact_seq,SQL_FIRST,False
2026-08-30T19:41:54.875+00:00,heldout,0,231,SQL_FIRST,wide_or,category_03,266,False,4,0.668145,"[0.50,1.00)",29.112917,1.0,True,exact_seq,SQL_FIRST,True
2026-08-30T19:41:54.907+00:00,heldout,0,231,VECTOR_FIRST_HNSW,wide_or,category_03,266,False,4,0.668145,"[0.50,1.00)",30.04125,1.0,False,exact_bitmap,SQL_FIRST,False
2026-08-30T19:41:54.939+00:00,heldout,0,231,HNSW_HYBRID,wide_or,category_03,266,False,4,0.668145,"[0.50,1.00)",31.250083,1.0,False,exact_seq,SQL_FIRST,False
2026-08-30T19:41:54.976+00:00,heldout,0,231,IVFFLAT_HYBRID,wide_or,category_03,266,False,4,0.668145,"[0.50,1.00)",36.097042,1.0,False,exact_seq,SQL_FIRST,False
2026-08-30T19:41:55.011+00:00,heldout,1,231,SQL_FIRST,wide_or,category_03,266,False,4,0.668145,"[0.50,1.00)",35.012875,1.0,True,exact_seq,SQL_FIRST,True
2026-08-30T19:41:55.042+00:00,heldout,1,231,VECTOR_FIRST_HNSW,wide_or,category_03,266,False,4,0.668145,"[0.50,1.00)",30.354917,1.0,False,exact_bitmap,SQL_FIRST,False
2026-08-30T19:41:55.067+00:00,heldout,1,231,HNSW_HYBRID,wide_or,category_03,266,False,4,0.668145,"[0.50,1.00)",24.896041,1.0,False,exact_seq,SQL_FIRST,False
2026-08-30T19:41:55.090+00:00,heldout,1,231,IVFFLAT_HYBRID,wide_or,category_03,266,False,4,0.668145,"[0.50,1.00)",23.283958,1.0,False,exact_seq,SQL_FIRST,False
2026-08-30T19:41:55.112+00:00,heldout,0,156,SQL_FIRST,category_or_price,category_09,394,False,3,0.451995,"[0.25,0.50)",20.494958,1.0,True,exact_seq,SQL_FIRST,True
2026-08-30T19:41:55.139+00:00,heldout,0,156,VECTOR_FIRST_HNSW,category_or_price,category_09,394,False,3,0.451995,"[0.25,0.50)",25.910958,1.0,False,exact_bitmap,SQL_FIRST,False
2026-08-30T19:41:55.162+00:00,heldout,0,156,HNSW_HYBRID,category_or_price,category_09,394,False,3,0.451995,"[0.25,0.50)",22.412333,1.0,False,exact_seq,SQL_FIRST,False
2026-08-30T19:41:55.184+00:00,heldout,0,156,IVFFLAT_HYBRID,category_or_price,category_09,394,False,3,0.451995,"[0.25,0.50)",20.449334,1.0,False,exact_seq,SQL_FIRST,False
2026-08-30T19:41:55.206+00:00,heldout,1,156,SQL_FIRST,category_or_price,category_09,394,False,3,0.451995,"[0.25,0.50)",22.150125,1.0,True,exact_seq,SQL_FIRST,True
2026-08-30T19:41:55.232+00:00,heldout,1,156,VECTOR_FIRST_HNSW,category_or_price,category_09,394,False,3,0.451995,"[0.25,0.50)",25.49825,1.0,False,exact_bitmap,SQL_FIRST,False
2026-08-30T19:41:55.253+00:00,heldout,1,156,HNSW_HYBRID,category_or_price,category_09,394,False,3,0.451995,"[0.25,0.50)",21.021459,1.0,False,exact_seq,SQL_FIRST,False
2026-08-30T19:41:55.274+00:00,heldout,1,156,IVFFLAT_HYBRID,category_or_price,category_09,394,False,3,0.451995,"[0.25,0.50)",20.163583,1.0,False,exact_seq,SQL_FIRST,False
2026-08-30T19:41:55.304+00:00,heldout,0,206,SQL_FIRST,wide_or,category_00,997,True,4,0.998575,"[0.50,1.00)",26.69325,1.0,True,exact_seq,SQL_FIRST,True
2026-08-30T19:41:55.329+00:00,heldout,0,206,VECTOR_FIRST_HNSW,wide_or,category_00,997,True,4,0.998575,"[0.50,1.00)",23.050875,1.0,False,exact_bitmap,SQL_FIRST,False
2026-08-30T19:41:55.357+00:00,heldout,0,206,HNSW_HYBRID,wide_or,category_00,997,True,4,0.998575,"[0.50,1.00)",26.41275,1.0,False,exact_seq,SQL_FIRST,False
2026-08-30T19:41:55.385+00:00,heldout,0,206,IVFFLAT_HYBRID,wide_or,category_00,997,True,4,0.998575,"[0.50,1.00)",26.522833,1.0,False,exact_seq,SQL_FIRST,False
2026-08-30T19:41:55.412+00:00,heldout,1,206,SQL_FIRST,wide_or,category_00,997,True,4,0.998575,"[0.50,1.00)",26.446417,1.0,True,exact_seq,SQL_FIRST,True
2026-08-30T19:41:55.444+00:00,heldout,1,206,VECTOR_FIRST_HNSW,wide_or,category_00,997,True,4,0.998575,"[0.50,1.00)",31.592291,1.0,False,exact_bitmap,SQL_FIRST,False
2026-08-30T19:41:55.473+00:00,heldout,1,206,HNSW_HYBRID,wide_or,category_00,997,True,4,0.998575,"[0.50,1.00)",27.902083,1.0,False,exact_seq,SQL_FIRST,False
2026-08-30T19:41:55.509+00:00,heldout,1,206,IVFFLAT_HYBRID,wide_or,category_00,997,True,4,0.998575,"[0.50,1.00)",35.878375,1.0,False,exact_seq,SQL_FIRST,False
2026-08-30T19:41:55.515+00:00,heldout,0,48,SQL_FIRST,category_narrow_price,category_08,377,True,0,0.005035,"[0.00,0.05)",2.690375,1.0,True,exact_bitmap,HNSW_HYBRID,False
2026-08-30T19:41:55.555+00:00,heldout,0,48,VECTOR_FIRST_HNSW,category_narrow_price,category_08,377,True,0,0.005035,"[0.00,0.05)",39.181375,0.0,False,exact_bitmap,HNSW_HYBRID,False
2026-08-30T19:41:55.558+00:00,heldout,0,48,HNSW_HYBRID,category_narrow_price,category_08,377,True,0,0.005035,"[0.00,0.05)",2.390958,1.0,False,exact_bitmap,HNSW_HYBRID,True
2026-08-30T19:41:55.564+00:00,heldout,0,48,IVFFLAT_HYBRID,category_narrow_price,category_08,377,True,0,0.005035,"[0.00,0.05)",3.866625,1.0,False,exact_bitmap,HNSW_HYBRID,False
2026-08-30T19:41:55.568+00:00,heldout,1,48,SQL_FIRST,category_narrow_price,category_08,377,True,0,0.005035,"[0.00,0.05)",3.832417,1.0,True,exact_bitmap,HNSW_HYBRID,False
2026-08-30T19:41:55.606+00:00,heldout,1,48,VECTOR_FIRST_HNSW,category_narrow_price,category_08,377,True,0,0.005035,"[0.00,0.05)",37.653958,0.0,False,exact_bitmap,HNSW_HYBRID,False
2026-08-30T19:41:55.611+00:00,heldout,1,48,HNSW_HYBRID,category_narrow_price,category_08,377,True,0,0.005035,"[0.00,0.05)",3.57375,1.0,False,exact_bitmap,HNSW_HYBRID,True
2026-08-30T19:41:55.614+00:00,heldout,1,48,IVFFLAT_HYBRID,category_narrow_price,category_08,377,True,0,0.005035,"[0.00,0.05)",2.495042,1.0,False,exact_bitmap,HNSW_HYBRID,False
2026-08-30T19:41:55.657+00:00,heldout,0,244,SQL_FIRST,wide_or,category_02,825,True,4,0.92027,"[0.50,1.00)",40.539542,1.0,True,exact_seq,SQL_FIRST,True
2026-08-30T19:41:55.691+00:00,heldout,0,244,VECTOR_FIRST_HNSW,wide_or,category_02,825,True,4,0.92027,"[0.50,1.00)",32.026584,1.0,False,exact_bitmap,SQL_FIRST,False
2026-08-30T19:41:55.728+00:00,heldout,0,244,HNSW_HYBRID,wide_or,category_02,825,True,4,0.92027,"[0.50,1.00)",35.420791,1.0,False,exact_seq,SQL_FIRST,False
2026-08-30T19:41:55.768+00:00,heldout,0,244,IVFFLAT_HYBRID,wide_or,category_02,825,True,4,0.92027,"[0.50,1.00)",39.453917,1.0,False,exact_seq,SQL_FIRST,False
2026-08-30T19:41:55.810+00:00,heldout,1,244,SQL_FIRST,wide_or,category_02,825,True,4,0.92027,"[0.50,1.00)",41.476,1.0,True,exact_seq,SQL_FIRST,True
2026-08-30T19:41:55.845+00:00,heldout,1,244,VECTOR_FIRST_HNSW,wide_or,category_02,825,True,4,0.92027,"[0.50,1.00)",34.540834,1.0,False,exact_bitmap,SQL_FIRST,False
2026-08-30T19:41:55.882+00:00,heldout,1,244,HNSW_HYBRID,wide_or,category_02,825,True,4,0.92027,"[0.50,1.00)",36.195917,1.0,False,exact_seq,SQL_FIRST,False
2026-08-30T19:41:55.921+00:00,heldout,1,244,IVFFLAT_HYBRID,wide_or,category_02,825,True,4,0.92027,"[0.50,1.00)",38.005,1.0,False,exact_seq,SQL_FIRST,False
